Time,Groundspeed,Cabin Diff PSI,Bld Px PSI,Bleed On,N1 %,N2 %,ITT (F),Oil Temp (F),Oil Px PSI,TLA DEG,TT2 (C),PT2 PSI,CHPV,ECS PRI DUCT T (F),ECS PRI DUCT T2 (F),ECS CKPT T (F),O2 BTL Px PSI,O2 VLV Open,EIPS TMP (F),EIPS PRS PSI
1,0,0.0,0.49,0,0.0,9.3,85,73.7,4.2,-22.36,25.805,14.77,4.2,9.899999762399945e+24,79.7,84.0,1687,0,81.8,0.24
2,0,0.0,0.5,0,0.0,12.8,127,73.7,13.3,-22.37,25.797,14.77,4.2,9.899999762399945e+24,79.7,84.0,1687,0,81.8,0.24
3,0,0.0,0.49,0,0.7000000000000001,15.9,318,73.7,23.0,-22.36,25.781,14.77,4.2,78.0,79.7,129.0,1687,0,81.8,0.24
4,0,0.0,0.49,0,2.0,18.6,550,73.7,30.3,-22.36,25.773,14.77,4.2,78.0,79.7,84.0,1687,0,81.8,0.24
5,0,0.0,0.52,0,3.0,21.0,749,73.7,34.8,-22.36,25.75,14.77,4.2,78.0,79.7,84.0,1687,0,81.8,0.24
6,0,0.0,0.51,0,4.1000000000000005,23.0,883,73.9,39.0,-22.36,25.719,14.77,4.2,78.0,79.7,84.0,1687,0,81.8,0.25
7,0,0.0,0.51,0,5.1,24.6,949,74.0,42.0,-22.37,25.68,14.77,4.2,78.0,79.7,84.0,1687,0,81.8,0.24
8,0,0.0,0.53,0,6.1,25.7,967,74.2,44.3,-22.37,25.617,14.77,4.2,78.0,79.7,84.0,1687,0,81.8,0.22
9,0,0.0,0.54,0,7.000000000000001,26.6,958,74.3,46.3,-22.36,25.547,14.77,4.2,78.0,79.8,84.0,1687,0,81.8,0.22
10,0,0.0,0.55,0,7.8,27.700000000000003,946,74.3,48.8,-22.36,25.461,14.77,4.2,78.0,79.8,84.0,1687,0,81.8,0.23
11,0,0.0,0.55,0,8.7,29.099999999999998,947,74.3,51.8,-22.36,25.367,14.77,4.2,78.0,79.9,84.0,1688,0,81.8,0.26
12,0,0.0,0.56,0,9.6,29.599999999999998,966,74.3,53.3,-22.35,25.25,14.77,4.2,78.0,79.9,84.0,1688,0,81.8,0.26
13,0,0.0,0.53,0,10.5,30.3,1008,74.3,54.7,-22.37,25.133,14.766,4.2,78.0,79.9,84.0,1688,0,81.8,0.25
14,0,0.0,0.54,0,11.5,31.4,1077,74.3,57.1,-22.34,25.0,14.766,4.2,78.0,80.0,84.0,1688,0,81.8,0.24
15,0,0.0,0.53,0,12.6,33.0,1166,74.3,60.1,-22.36,24.867,14.766,4.2,78.0,80.0,84.0,1688,0,81.8,0.25
16,0,0.0,0.58,0,13.900000000000002,35.0,1266,74.3,53.3,-22.37,24.742,14.766,4.2,78.0,80.0,84.0,1688,0,81.8,0.26
17,0,0.0,0.55,0,15.299999999999999,37.4,1357,74.3,47.6,-22.28,24.602,14.762,4.2,78.0,80.0,84.0,1688,0,81.8,0.25
18,0,0.0,0.55,0,16.900000000000002,40.300000000000004,1425,74.4,48.7,-22.27,24.469,14.766,4.2,78.0,80.1,84.0,1688,0,81.8,0.23
19,0,0.0,0.53,0,18.7,44.1,1468,74.5,50.2,-22.29,24.336,14.766,4.2,78.0,80.1,85.0,1688,0,81.8,0.25
20,0,0.0,0.53,0,21.0,49.0,1476,74.6,52.1,-22.29,24.203,14.766,4.2,78.0,80.1,85.0,1688,0,81.8,0.25
21,0,0.0,0.53,0,23.9,54.0,1449,74.7,54.6,-22.34,24.078,14.77,4.2,78.0,80.1,85.0,1688,0,81.8,0.24
22,0,0.0,0.54,0,24.8,53.5,1362,74.8,54.5,-22.31,23.945,14.77,4.2,78.0,80.1,85.0,1688,0,81.8,0.24
23,0,0.0,0.54,0,25.0,53.400000000000006,1262,74.8,54.3,-22.29,23.82,14.77,4.2,78.0,80.1,85.0,1688,0,81.8,0.22
24,6,0.0,0.52,0,25.0,53.400000000000006,1162,74.9,54.3,-22.3,23.695,14.77,4.2,78.0,80.1,85.0,1688,0,81.8,0.23
25,7,0.0,0.53,0,25.0,53.400000000000006,1062,75.0,54.2,-22.3,23.57,14.77,4.2,78.0,80.1,85.0,1688,0,81.8,0.22
26,7,0.0,0.54,0,24.9,53.400000000000006,966,75.1,54.3,-22.32,23.453,14.77,4.2,78.0,80.2,85.0,1688,0,81.8,0.24
27,0,0.0,0.54,0,24.7,53.400000000000006,918,75.2,54.2,-22.3,23.352,14.77,4.2,78.0,80.1,85.0,1688,0,81.8,0.22
28,0,0.0,0.53,0,24.7,53.400000000000006,887,75.3,54.1,-22.29,23.25,14.77,4.2,78.0,80.2,85.0,1688,0,81.8,0.22
29,0,0.0,0.53,0,24.7,53.400000000000006,865,75.5,54.1,-22.3,23.148,14.77,4.2,78.0,80.2,85.0,1688,0,81.8,0.23
30,0,0.0,0.54,0,24.6,53.400000000000006,850,75.6,54.0,-22.29,23.062,14.77,4.2,78.0,80.2,85.0,1688,0,81.8,0.24
31,0,0.0,0.54,0,24.6,53.400000000000006,839,75.8,53.8,-22.29,22.977,14.77,4.2,78.0,80.2,85.0,1688,0,81.8,0.24
32,0,0.0,0.54,0,24.6,53.400000000000006,832,75.9,53.9,-22.32,22.891,14.77,4.2,78.0,80.2,85.0,1688,0,81.8,0.24
33,0,0.0,0.55,0,24.5,53.400000000000006,827,76.1,53.7,-22.31,22.812,14.77,4.2,78.0,80.2,85.0,1688,0,81.8,0.25
34,0,0.0,0.53,0,24.5,53.400000000000006,822,76.2,53.6,-22.3,22.758,14.77,4.2,78.0,80.2,85.0,1688,0,81.8,0.25
35,0,0.0,0.52,0,24.5,53.400000000000006,820,76.4,53.6,-22.3,22.703,14.77,4.2,78.0,80.2,85.0,1688,0,81.8,0.26
36,0,0.0,0.53,0,24.6,53.400000000000006,817,76.6,53.6,-22.3,22.656,14.77,4.2,78.0,80.2,85.0,1688,0,81.8,0.25
37,0,0.0,0.54,0,24.5,53.400000000000006,815,76.8,53.6,-22.28,22.609,14.77,4.2,78.0,80.2,85.0,1688,0,81.8,0.25
38,0,0.0,0.54,0,24.6,53.400000000000006,814,77.1,53.5,-22.29,22.57,14.77,4.2,78.0,80.2,85.0,1688,0,81.8,0.26
39,0,0.0,0.52,0,24.6,53.400000000000006,813,77.3,53.5,-22.31,22.523,14.77,4.2,78.0,80.2,85.0,1688,0,81.8,0.26
40,0,0.0,0.54,0,24.6,53.400000000000006,813,77.6,53.5,-22.31,22.477,14.77,4.2,78.0,80.2,85.0,1688,0,81.8,0.26
41,0,0.0,0.54,0,24.6,53.400000000000006,813,78.0,53.5,-22.3,22.438,14.77,4.2,78.0,80.2,85.0,1688,0,81.8,0.26
42,0,0.0,0.54,0,24.5,53.400000000000006,813,78.3,53.5,-22.32,22.406,14.77,4.2,78.0,80.2,85.0,1688,0,81.8,0.23
43,0,0.0,0.54,0,24.6,53.400000000000006,813,78.6,53.5,-22.31,22.375,14.77,4.2,78.0,80.2,85.0,1688,0,81.8,0.24
44,0,0.0,0.54,0,24.6,53.400000000000006,812,79.0,53.5,-22.31,22.344,14.77,4.2,78.0,80.2,85.0,1688,0,81.8,0.24
45,0,0.0,0.53,0,24.6,53.400000000000006,812,79.4,53.5,-22.32,22.312,14.77,4.2,78.0,80.2,85.0,1688,0,81.8,0.25
46,0,0.0,0.53,0,24.6,53.400000000000006,812,79.7,53.6,-22.29,22.297,14.762,4.2,78.0,80.2,85.0,1688,0,81.8,0.24
47,0,0.0,0.54,0,24.6,53.400000000000006,811,80.1,53.6,-22.29,22.273,14.766,4.2,78.0,80.3,85.0,1688,0,81.8,0.25
48,0,0.0,0.53,0,24.5,53.400000000000006,811,80.5,53.5,-22.32,22.258,14.766,4.2,78.0,80.3,85.0,1688,0,81.8,0.25
49,0,0.0,0.53,0,24.4,53.400000000000006,811,81.0,53.5,-22.32,22.242,14.766,4.2,78.0,80.2,85.0,1688,0,81.8,0.26
50,0,0.0,0.52,0,24.4,53.400000000000006,811,81.4,53.6,-22.31,22.234,14.766,4.2,78.0,80.3,85.0,1685,1,81.8,0.26
51,0,0.0,0.52,0,24.4,53.400000000000006,812,81.7,53.6,-22.31,22.234,14.766,4.2,78.0,80.3,85.0,1680,1,81.8,0.26
52,0,0.0,0.53,0,24.4,53.400000000000006,812,81.9,53.6,-22.3,22.227,14.77,4.2,78.0,80.3,85.0,1678,1,81.8,0.25
53,0,0.0,0.53,0,24.4,53.400000000000006,812,82.1,53.6,-22.32,22.227,14.77,4.2,78.0,80.2,85.0,1677,1,81.8,0.25
54,0,0.0,0.52,0,24.4,53.400000000000006,812,82.3,53.6,-22.32,22.234,14.77,4.2,78.0,80.3,85.0,1676,1,81.8,0.25
55,0,0.0,0.53,0,24.4,53.400000000000006,812,82.5,53.6,-22.32,22.234,14.77,4.2,78.0,80.3,85.0,1676,1,81.8,0.24
56,0,0.0,0.53,0,24.5,53.400000000000006,812,82.6,53.6,-22.3,22.227,14.77,4.2,78.0,80.3,85.0,1676,1,81.8,0.25
57,0,0.0,7.52,1,24.3,53.2,813,82.5,53.5,-22.32,22.234,14.766,4.2,78.0,80.3,85.0,1676,1,81.8,0.25
58,0,0.0,8.51,1,24.3,53.400000000000006,823,82.3,53.7,-22.3,22.234,14.766,4.2,78.0,80.2,85.0,1676,1,81.8,0.26
59,0,0.0,9.58,1,24.3,53.400000000000006,838,82.1,53.7,-22.31,22.234,14.77,4.2,78.0,80.1,85.0,1676,1,81.8,0.25
60,0,0.0,10.69,1,24.3,53.400000000000006,848,82.0,53.7,-22.31,22.227,14.77,4.2,78.0,80.0,85.0,1676,1,81.8,0.25
61,0,0.0,11.76,1,24.3,53.400000000000006,856,81.9,53.8,-22.33,22.227,14.77,4.2,78.0,79.9,85.0,1676,1,81.8,0.26
62,0,0.0,12.95,1,24.3,53.400000000000006,860,82.0,53.8,-22.3,22.227,14.77,4.2,77.0,80.0,85.0,1676,1,81.8,0.26
63,0,0.0,14.23,1,24.3,53.400000000000006,862,82.1,53.8,-22.32,22.234,14.766,4.2,77.0,80.1,85.0,1676,1,81.8,0.25
64,0,0.0,15.28,1,24.3,53.400000000000006,863,82.2,53.8,-22.32,22.242,14.77,4.2,78.0,80.4,85.0,1676,1,81.8,0.25
65,0,0.0,15.63,1,24.3,53.400000000000006,862,82.3,53.8,-22.33,22.242,14.77,4.2,78.0,80.7,85.0,1676,1,81.8,0.25
66,0,0.0,15.9,1,24.4,53.400000000000006,861,82.5,53.9,-22.31,22.234,14.77,4.2,78.0,81.0,85.0,1676,1,81.8,0.24
67,0,0.0,16.08,1,24.4,53.400000000000006,860,82.7,53.9,-22.32,22.227,14.77,4.2,79.0,81.4,85.0,1676,1,81.8,0.24
68,0,0.0,16.33,1,24.4,53.400000000000006,859,82.9,53.9,-22.33,22.211,14.77,4.2,79.0,81.7,85.0,1676,1,81.8,0.25
69,0,0.0,16.51,1,24.4,53.400000000000006,858,83.1,54.0,-22.32,22.188,14.77,4.2,79.0,82.0,85.0,1677,1,81.8,0.24
70,0,0.0,16.73,1,24.4,53.400000000000006,857,83.3,53.9,-22.32,22.18,14.77,4.2,80.0,82.3,85.0,1677,1,81.8,0.22
71,0,0.0,16.88,1,24.4,53.400000000000006,856,83.5,54.0,-22.3,22.164,14.77,4.2,80.0,82.6,85.0,1677,1,81.8,0.22
72,0,0.0,17.12,1,24.4,53.400000000000006,855,83.7,54.0,-22.32,22.156,14.77,4.2,80.0,82.9,85.0,1677,1,81.8,0.21
73,0,0.0,17.27,1,24.4,53.400000000000006,854,83.9,53.9,-22.31,22.148,14.766,4.2,81.0,83.1,85.0,1677,1,81.8,0.21
74,0,0.0,17.25,1,24.3,53.400000000000006,853,84.1,54.0,-22.28,22.133,14.766,4.2,81.0,83.3,85.0,1677,1,81.8,0.21
75,0,0.0,17.29,1,24.3,53.400000000000006,852,84.3,54.0,-22.3,22.133,14.77,4.2,81.0,83.6,85.0,1677,1,81.8,0.21
76,0,0.0,17.27,1,24.3,53.400000000000006,852,84.5,54.0,-22.31,22.133,14.766,4.2,82.0,83.7,85.0,1677,1,81.8,0.21
77,0,0.0,17.3,1,24.4,53.400000000000006,852,84.7,54.1,-22.3,22.133,14.77,4.2,82.0,83.9,85.0,1677,1,81.8,0.22
78,0,0.0,17.34,1,24.4,53.400000000000006,851,84.9,54.1,-22.3,22.133,14.77,4.2,82.0,84.1,85.0,1677,1,81.8,0.22
79,0,0.0,17.31,1,24.4,53.400000000000006,850,85.2,54.0,-22.36,22.133,14.766,4.2,82.0,84.2,86.0,1677,1,81.8,0.2
80,0,0.0,17.35,1,24.5,53.400000000000006,850,85.4,54.0,-22.31,22.133,14.766,4.2,82.0,84.3,86.0,1677,1,81.8,0.23
81,0,0.0,17.3,1,24.4,53.400000000000006,850,85.6,54.0,-22.29,22.133,14.766,4.2,82.0,84.4,86.0,1677,1,81.8,0.24
82,0,0.0,17.31,1,24.3,53.400000000000006,850,85.8,54.1,-22.31,22.133,14.766,4.2,82.0,84.5,86.0,1677,1,81.8,0.24
83,0,0.0,17.34,1,24.3,53.400000000000006,849,86.0,54.1,-22.3,22.133,14.766,4.2,82.0,84.6,86.0,1677,1,81.8,0.22
84,0,0.0,17.26,1,24.2,53.400000000000006,849,86.3,54.1,-22.33,22.141,14.766,4.2,82.0,84.7,86.0,1677,1,81.8,0.21
85,0,0.0,17.31,1,24.3,53.400000000000006,849,86.5,54.2,-22.32,22.141,14.766,4.2,82.0,84.8,86.0,1677,1,81.8,0.25
86,0,0.0,17.28,1,24.3,53.400000000000006,850,86.7,54.2,-22.31,22.148,14.77,4.2,82.0,84.8,86.0,1677,1,81.8,0.26
87,0,0.0,17.31,1,24.3,53.400000000000006,849,87.0,54.3,-22.33,22.148,14.766,4.2,82.0,84.9,86.0,1677,1,81.8,0.23
88,0,0.0,17.31,1,24.4,53.400000000000006,850,87.2,54.3,-22.33,22.141,14.766,4.2,82.0,84.9,86.0,1677,1,81.8,0.22
89,0,0.0,17.35,1,24.3,53.400000000000006,849,87.4,54.3,-22.31,22.133,14.766,4.2,82.0,85.0,86.0,1677,1,81.7,0.22
90,0,0.0,17.31,1,24.5,53.400000000000006,849,87.6,54.4,-22.33,22.133,14.766,4.2,83.0,85.1,86.0,1677,1,81.8,0.21
91,0,0.0,17.36,1,24.5,53.400000000000006,848,87.9,54.4,-22.32,22.125,14.766,4.2,83.0,85.1,86.0,1677,1,81.8,0.23
92,0,0.0,17.31,1,24.4,53.400000000000006,848,88.1,54.4,-22.31,22.125,14.766,4.2,83.0,85.2,86.0,1678,1,81.7,0.24
93,0,0.0,17.31,1,24.3,53.400000000000006,848,88.3,54.5,-22.31,22.125,14.766,4.2,82.0,85.2,86.0,1678,1,81.8,0.24
94,0,0.0,17.23,1,24.3,53.400000000000006,848,88.5,54.5,-22.32,22.125,14.77,4.2,83.0,85.3,86.0,1678,1,81.7,0.24
95,0,0.0,17.33,1,24.3,53.400000000000006,848,88.8,54.5,-22.32,22.117,14.77,4.2,83.0,85.3,86.0,1678,1,81.7,0.23
96,0,0.0,17.31,1,24.4,53.400000000000006,848,89.0,54.5,-22.32,22.117,14.77,4.2,83.0,85.4,86.0,1678,1,81.7,0.22
97,0,0.0,17.28,1,24.3,53.400000000000006,847,89.2,54.6,-22.3,22.117,14.77,4.2,83.0,85.4,86.0,1678,1,81.7,0.23
98,0,0.0,17.28,1,24.3,53.400000000000006,847,89.5,54.6,-22.32,22.109,14.77,4.2,83.0,85.4,86.0,1678,1,81.7,0.22
99,0,0.0,17.24,1,24.3,53.400000000000006,848,89.7,54.6,-22.34,22.117,14.77,4.2,83.0,85.5,86.0,1678,1,81.7,0.22
100,0,0.0,16.45,1,24.4,53.400000000000006,847,89.9,54.6,-22.3,22.117,14.77,4.2,83.0,85.5,86.0,1678,1,81.7,0.21
101,0,0.0,15.83,1,24.4,53.400000000000006,848,90.2,54.7,-22.32,22.125,14.766,4.2,83.0,85.5,86.0,1678,1,81.7,0.22
102,0,0.0,15.61,1,24.4,53.400000000000006,850,90.4,54.6,-22.31,22.133,14.77,4.2,83.0,85.6,86.0,1678,1,81.7,0.22
103,0,0.0,15.64,1,24.4,53.400000000000006,851,90.6,54.8,-22.29,22.133,14.77,4.2,83.0,85.6,86.0,1678,1,81.7,0.22
104,0,0.0,15.91,1,24.5,53.400000000000006,853,90.9,54.7,-22.34,22.133,14.77,4.2,83.0,85.7,86.0,1678,1,81.7,0.22
105,0,0.0,16.15,1,24.5,53.400000000000006,854,91.1,54.7,-22.34,22.133,14.77,4.2,83.0,85.7,86.0,1678,1,81.7,0.24
106,0,0.0,16.37,1,24.5,53.400000000000006,855,91.3,54.8,-22.34,22.133,14.77,4.2,83.0,85.8,86.0,1678,1,81.7,0.22
107,0,0.0,16.62,1,24.5,53.400000000000006,856,91.6,54.8,-22.32,22.125,14.77,4.2,83.0,85.8,86.0,1678,1,81.7,0.23
108,0,0.0,16.81,1,24.6,53.400000000000006,857,91.8,54.8,-22.3,22.125,14.77,4.2,83.0,85.9,86.0,1678,1,81.7,0.23
109,0,0.0,17.09,1,24.6,53.400000000000006,857,92.0,54.9,-22.33,22.109,14.77,4.2,84.0,86.0,86.0,1678,1,81.7,0.23
110,0,0.0,17.23,1,24.6,53.400000000000006,859,92.2,54.9,-22.29,22.102,14.77,4.2,84.0,86.1,86.0,1678,1,81.7,0.22
111,0,0.0,17.43,1,24.6,53.400000000000006,859,92.5,54.9,-22.31,22.094,14.77,4.2,84.0,86.2,86.0,1678,1,81.7,0.23
112,0,0.0,17.47,1,24.6,53.400000000000006,859,92.7,54.9,-22.31,22.078,14.766,4.2,84.0,86.2,86.0,1678,1,81.7,0.23
113,0,0.0,17.51,1,24.6,53.400000000000006,860,92.9,55.0,-22.32,22.062,14.766,4.2,84.0,86.3,86.0,1678,1,81.7,0.22
114,0,0.0,17.53,1,24.7,53.400000000000006,860,93.1,55.0,-22.31,22.047,14.766,4.2,84.0,86.3,86.0,1678,1,81.7,0.23
115,0,0.0,17.5,1,24.7,53.400000000000006,862,93.4,55.0,-22.32,22.039,14.766,4.2,84.0,86.4,86.0,1678,1,81.7,0.23
116,0,0.0,17.6,1,24.7,53.400000000000006,862,93.6,55.0,-22.3,22.039,14.766,4.2,84.0,86.4,86.0,1678,1,81.7,0.22
117,0,0.0,17.59,1,24.7,53.400000000000006,863,93.8,55.1,-22.32,22.039,14.766,4.2,84.0,86.5,86.0,1678,1,81.7,0.24
118,0,0.0,17.63,1,24.8,53.400000000000006,864,94.0,55.0,-22.32,22.031,14.766,4.2,84.0,86.5,86.0,1678,1,81.7,0.22
119,0,0.0,17.65,1,24.8,53.400000000000006,865,94.2,55.0,-22.34,22.023,14.766,4.2,84.0,86.5,86.0,1678,1,81.7,0.23
120,0,0.0,17.61,1,24.7,53.400000000000006,867,94.4,55.0,-22.3,22.016,14.766,4.2,84.0,86.5,86.0,1678,1,81.7,0.23
121,0,0.0,17.64,1,24.7,53.400000000000006,869,94.6,55.0,-22.3,22.016,14.766,4.2,84.0,86.5,86.0,1678,1,81.7,0.24
122,0,0.0,17.62,1,24.6,53.400000000000006,871,94.9,55.1,-22.33,22.008,14.766,4.2,84.0,86.6,86.0,1678,1,81.7,0.22
123,0,0.0,17.67,1,24.7,53.400000000000006,873,95.1,55.1,-22.31,22.008,14.766,4.2,84.0,86.6,86.0,1678,1,81.7,0.23
124,0,0.0,17.67,1,24.8,53.400000000000006,875,95.3,55.1,-22.29,22.008,14.766,4.2,84.0,86.6,86.0,1678,1,81.7,0.24
125,0,0.0,17.65,1,24.8,53.400000000000006,876,95.5,55.2,-22.32,22.008,14.766,4.2,84.0,86.6,86.0,1678,1,81.7,0.24
126,0,0.0,17.68,1,24.9,53.400000000000006,877,95.7,55.1,-22.3,22.008,14.766,4.2,84.0,86.6,86.0,1679,1,81.7,0.22
127,0,0.0,17.6,1,24.8,53.400000000000006,878,95.9,55.1,-22.34,22.0,14.766,4.2,84.0,86.6,86.0,1679,1,81.7,0.22
128,0,0.0,17.68,1,24.8,53.400000000000006,879,96.1,55.2,-22.32,22.008,14.766,4.2,84.0,86.7,86.0,1679,1,81.7,0.23
129,0,0.0,17.67,1,24.8,53.400000000000006,880,96.3,55.2,-22.3,22.016,14.766,4.2,84.0,86.6,86.0,1679,1,81.7,0.24
130,0,0.0,17.65,1,24.8,53.400000000000006,879,96.5,55.2,-22.32,22.016,14.766,4.2,84.0,86.7,86.0,1679,1,81.7,0.24
131,0,0.0,17.67,1,24.8,53.400000000000006,879,96.7,55.2,-22.31,22.008,14.77,4.2,84.0,86.7,86.0,1679,1,81.7,0.25
132,0,0.0,17.67,1,24.8,53.400000000000006,879,96.9,55.3,-22.31,22.0,14.77,4.2,84.0,86.7,86.0,1679,1,81.7,0.25
133,0,0.0,17.61,1,24.8,53.400000000000006,879,97.1,55.3,-22.28,21.992,14.77,4.2,84.0,86.7,86.0,1679,1,81.6,0.24
134,0,0.0,17.61,1,24.7,53.400000000000006,878,97.3,55.3,-22.31,21.992,14.77,4.2,84.0,86.7,86.0,1679,1,81.7,0.24
135,0,0.0,17.62,1,24.7,53.400000000000006,878,97.5,55.3,-22.3,21.984,14.77,4.2,84.0,86.7,86.0,1679,1,81.6,0.23
136,0,0.0,17.6,1,24.6,53.400000000000006,878,97.7,55.3,-22.32,21.984,14.766,4.2,84.0,86.7,86.0,1679,1,81.7,0.24
137,0,0.0,17.58,1,24.6,53.400000000000006,878,97.9,55.3,-22.31,21.992,14.77,4.2,84.0,86.7,86.0,1679,1,81.7,0.24
138,0,0.0,17.62,1,24.7,53.400000000000006,879,98.2,55.4,-22.3,21.992,14.77,4.2,84.0,86.7,86.0,1679,1,81.7,0.26
139,0,0.0,17.61,1,24.7,53.400000000000006,879,98.4,55.4,-22.3,22.0,14.77,4.2,84.0,86.7,86.0,1679,1,81.6,0.25
140,0,0.0,17.58,1,24.7,53.400000000000006,878,98.6,55.3,-22.3,22.0,14.77,4.2,84.0,86.7,86.0,1679,1,81.6,0.24
141,0,0.0,17.6,1,24.7,53.400000000000006,878,98.8,55.4,-22.3,22.0,14.77,4.2,84.0,86.7,86.0,1679,1,81.7,0.22
142,0,0.0,17.59,1,24.7,53.400000000000006,878,99.0,55.4,-22.3,22.0,14.77,4.2,84.0,86.7,86.0,1679,1,81.6,0.21
143,0,0.0,17.63,1,24.7,53.400000000000006,878,99.2,55.4,-22.29,22.0,14.77,4.2,84.0,86.7,86.0,1679,1,81.6,0.22
144,0,0.0,17.63,1,24.7,53.400000000000006,878,99.4,55.4,-22.32,21.992,14.77,4.2,84.0,86.7,86.0,1679,1,81.7,0.23
145,0,0.0,17.59,1,24.7,53.400000000000006,878,99.6,55.4,-22.34,21.992,14.77,4.2,84.0,86.7,86.0,1679,1,81.6,0.22
146,0,0.0,17.62,1,24.7,53.400000000000006,878,99.8,55.5,-22.28,21.992,14.766,4.2,84.0,86.7,86.0,1679,1,81.6,0.22
147,0,0.0,17.6,1,24.7,53.400000000000006,878,100.0,55.4,-22.27,21.984,14.766,4.2,84.0,86.8,86.0,1679,1,81.6,0.22
148,0,0.0,17.59,1,24.7,53.400000000000006,878,100.2,55.3,-22.29,21.992,14.766,4.2,84.0,86.8,86.0,1679,1,81.6,0.23
149,0,0.0,17.63,1,24.7,53.400000000000006,878,100.5,55.5,-22.3,22.0,14.766,4.2,84.0,86.8,86.0,1679,1,81.6,0.22
150,0,0.0,17.61,1,24.7,53.400000000000006,878,100.7,55.4,-22.31,22.008,14.766,4.2,84.0,86.8,86.0,1679,1,81.6,0.22
151,0,0.0,17.61,1,24.7,53.400000000000006,878,100.9,55.4,-22.32,22.008,14.766,4.2,84.0,86.8,86.0,1679,1,81.6,0.23
152,0,0.0,17.59,1,24.7,53.400000000000006,877,101.1,55.5,-22.32,22.023,14.766,4.2,84.0,86.8,86.0,1679,1,81.6,0.23
153,0,0.0,17.59,1,24.7,53.400000000000006,877,101.3,55.4,-22.32,22.023,14.766,4.2,84.0,86.8,86.0,1679,1,81.6,0.23
154,0,0.0,17.58,1,24.7,53.400000000000006,878,101.5,55.4,-22.34,22.031,14.766,4.2,84.0,86.8,86.0,1679,1,81.6,0.24
155,0,0.0,17.59,1,24.7,53.400000000000006,878,101.7,55.4,-22.34,22.039,14.766,4.2,85.0,86.8,86.0,1679,1,81.6,0.22
156,0,0.0,17.62,1,24.7,53.400000000000006,878,101.9,55.3,-22.3,22.047,14.766,4.2,85.0,86.8,86.0,1679,1,81.6,0.24
157,0,0.0,17.62,1,24.7,53.400000000000006,877,102.1,55.4,-22.3,22.047,14.766,4.2,85.0,86.8,86.0,1679,1,81.6,0.22
158,0,0.0,17.64,1,24.7,53.400000000000006,877,102.3,55.4,-22.29,22.055,14.766,4.2,85.0,86.8,86.0,1679,1,81.6,0.21
159,0,0.0,17.62,1,24.7,53.400000000000006,877,102.5,55.4,-22.33,22.055,14.766,4.2,85.0,86.9,86.0,1679,1,81.6,0.22
160,0,0.0,17.62,1,24.7,53.400000000000006,877,102.7,55.4,-22.31,22.055,14.766,4.2,84.0,86.9,86.0,1679,1,81.6,0.22
161,0,0.0,17.62,1,24.8,53.400000000000006,877,103.0,55.4,-22.28,22.062,14.77,4.2,85.0,86.9,86.0,1679,1,81.6,0.21
162,0,0.0,17.64,1,24.7,53.400000000000006,877,103.2,55.3,-22.34,22.07,14.766,4.2,85.0,86.9,86.0,1679,1,81.6,0.21
163,0,0.0,17.61,1,24.7,53.400000000000006,877,103.4,55.3,-22.34,22.078,14.766,4.2,85.0,86.9,86.0,1679,1,81.6,0.22
164,0,0.0,17.61,1,24.7,53.400000000000006,877,103.6,55.4,-22.31,22.078,14.766,4.2,85.0,86.9,86.0,1679,1,81.6,0.22
165,0,0.0,17.6,1,24.7,53.400000000000006,877,103.7,55.3,-22.32,22.086,14.766,4.2,85.0,86.9,86.0,1679,1,81.6,0.22
166,0,0.0,17.63,1,24.7,53.400000000000006,877,103.9,55.4,-22.33,22.102,14.766,4.2,85.0,86.9,86.0,1679,1,81.6,0.22
167,0,0.0,17.6,1,24.7,53.400000000000006,878,104.1,55.5,-22.33,22.102,14.766,4.2,85.0,86.9,86.0,1679,1,81.6,0.22
168,0,0.0,17.59,1,24.7,53.400000000000006,878,104.3,55.6,-22.33,22.117,14.766,4.2,85.0,87.0,86.0,1679,1,81.6,0.22
169,0,0.0,17.63,1,24.7,53.400000000000006,878,104.5,55.5,-22.33,22.125,14.766,4.2,85.0,87.0,86.0,1679,1,81.6,0.22
170,0,0.0,17.62,1,24.7,53.400000000000006,878,104.7,55.5,-22.31,22.133,14.77,4.2,85.0,87.0,86.0,1679,1,81.6,0.22
171,0,0.0,17.56,1,24.7,53.400000000000006,878,104.9,55.6,-22.32,22.141,14.766,4.2,85.0,87.0,86.0,1679,1,81.6,0.23
172,0,0.0,17.63,1,24.7,53.400000000000006,878,105.1,55.6,-22.31,22.141,14.766,4.2,85.0,87.0,86.0,1679,1,81.6,0.23
173,0,0.0,17.61,1,24.7,53.400000000000006,878,105.3,55.5,-22.36,22.156,14.766,4.2,85.0,87.0,86.0,1680,1,81.6,0.24
174,0,0.0,17.6,1,24.7,53.400000000000006,878,105.5,55.6,-22.29,22.164,14.766,4.2,85.0,87.0,86.0,1680,1,81.6,0.23
175,0,0.0,17.66,1,24.7,53.400000000000006,878,105.7,55.6,-22.31,22.172,14.766,4.2,85.0,87.0,86.0,1680,1,81.6,0.22
176,0,0.0,17.65,1,24.7,53.400000000000006,877,105.8,55.6,-22.32,22.164,14.77,4.2,85.0,87.0,86.0,1680,1,81.6,0.23
177,0,0.0,17.71,1,24.7,53.400000000000006,877,106.0,55.5,-22.3,22.164,14.77,4.2,85.0,87.0,86.0,1680,1,81.6,0.23
178,0,0.0,17.65,1,24.8,53.400000000000006,877,106.2,55.5,-22.32,22.148,14.77,4.2,85.0,87.1,86.0,1680,1,81.5,0.22
179,0,0.0,17.68,1,24.8,53.400000000000006,877,106.4,55.5,-22.3,22.133,14.77,4.2,85.0,87.0,86.0,1680,1,81.6,0.23
180,0,0.0,17.69,1,24.8,53.400000000000006,877,106.6,55.5,-22.34,22.102,14.77,4.2,85.0,87.1,86.0,1680,1,81.5,0.23
181,0,0.0,17.68,1,24.8,53.400000000000006,877,106.8,55.6,-22.32,22.078,14.766,4.2,85.0,87.1,86.0,1680,1,81.5,0.22
182,0,0.0,17.7,1,24.8,53.400000000000006,876,106.9,55.6,-22.33,22.055,14.766,4.2,85.0,87.1,85.0,1680,1,81.6,0.23
183,0,0.0,17.64,1,24.7,53.400000000000006,876,107.1,55.6,-22.36,22.031,14.77,4.2,85.0,87.1,85.0,1680,1,81.5,0.23
184,0,0.0,17.62,1,24.7,53.400000000000006,876,107.3,55.6,-22.32,22.008,14.77,4.2,85.0,87.1,85.0,1680,1,81.5,0.22
185,0,0.0,17.64,1,24.6,53.400000000000006,876,107.5,55.6,-22.33,21.992,14.77,4.2,85.0,87.1,85.0,1680,1,81.5,0.23
186,0,0.0,17.59,1,24.7,53.400000000000006,876,107.6,55.6,-22.3,21.977,14.766,4.2,85.0,87.1,85.0,1680,1,81.5,0.24
187,0,0.0,17.67,1,24.7,53.400000000000006,876,107.8,55.6,-22.33,21.977,14.766,4.2,85.0,87.1,85.0,1680,1,81.5,0.23
188,0,0.0,17.62,1,24.7,53.400000000000006,876,108.0,55.7,-22.34,21.961,14.766,4.2,85.0,87.1,85.0,1680,1,81.5,0.23
189,0,0.0,17.68,1,24.8,53.400000000000006,876,108.2,55.6,-22.32,21.953,14.766,4.2,85.0,87.1,85.0,1680,1,81.5,0.24
190,0,0.0,17.64,1,24.8,53.400000000000006,877,108.3,55.7,-22.33,21.953,14.766,4.2,85.0,87.1,85.0,1680,1,81.5,0.24
191,0,0.0,17.61,1,24.7,53.400000000000006,876,108.5,55.7,-22.35,21.953,14.766,4.2,85.0,87.1,85.0,1680,1,81.5,0.24
192,0,0.0,17.66,1,24.7,53.400000000000006,876,108.7,55.7,-22.32,21.945,14.766,4.2,85.0,87.2,85.0,1680,1,81.5,0.24
193,0,0.0,17.62,1,24.7,53.400000000000006,876,108.8,55.7,-22.32,21.953,14.766,4.2,85.0,87.2,85.0,1680,1,81.5,0.24
194,0,0.0,17.62,1,24.7,53.400000000000006,877,109.0,55.6,-22.33,21.961,14.766,4.2,85.0,87.2,85.0,1680,1,81.5,0.24
195,0,0.0,17.61,1,24.6,53.400000000000006,877,109.2,55.7,-22.33,21.961,14.766,4.2,85.0,87.2,85.0,1680,1,81.5,0.24
196,0,0.0,17.64,1,24.6,53.400000000000006,877,109.3,55.7,-22.34,21.969,14.766,4.2,85.0,87.2,85.0,1680,1,81.5,0.24
197,0,0.0,17.6,1,24.6,53.400000000000006,877,109.5,55.7,-22.31,21.969,14.766,4.2,85.0,87.2,85.0,1680,1,81.5,0.25
198,0,0.0,17.63,1,24.7,53.400000000000006,877,109.7,55.8,-22.31,21.977,14.766,4.2,85.0,87.2,85.0,1680,1,81.5,0.25
199,0,0.0,17.67,1,24.7,53.400000000000006,877,109.8,55.8,-22.33,21.977,14.766,4.2,85.0,87.2,85.0,1680,1,81.5,0.25
200,0,0.0,17.62,1,24.7,53.400000000000006,876,110.0,55.7,-22.3,21.977,14.77,4.2,85.0,87.3,85.0,1680,1,81.5,0.25
201,0,0.0,17.65,1,24.7,53.400000000000006,876,110.2,55.7,-22.32,21.977,14.77,4.2,85.0,87.3,85.0,1680,1,81.5,0.24
202,0,0.0,17.64,1,24.8,53.400000000000006,876,110.3,55.7,-22.34,21.984,14.77,4.2,85.0,87.3,85.0,1680,1,81.5,0.23
203,0,0.0,17.66,1,24.8,53.400000000000006,876,110.5,55.7,-22.34,21.977,14.77,4.2,85.0,87.3,85.0,1680,1,81.5,0.22
204,0,0.0,17.67,1,24.8,53.400000000000006,876,110.6,55.6,-22.31,21.984,14.77,4.2,85.0,87.3,85.0,1680,1,81.5,0.23
205,0,0.0,17.67,1,24.8,53.400000000000006,875,110.8,55.7,-22.33,21.984,14.77,4.2,85.0,87.3,85.0,1680,1,81.5,0.24
206,0,0.0,17.67,1,24.8,53.400000000000006,875,110.9,55.7,-22.35,21.977,14.77,4.2,85.0,87.3,85.0,1680,1,81.5,0.23
207,0,0.0,17.69,1,24.8,53.400000000000006,875,111.1,55.7,-22.32,21.969,14.77,4.2,85.0,87.3,85.0,1680,1,81.5,0.22
208,0,0.0,17.66,1,24.8,53.400000000000006,875,111.3,55.6,-22.33,21.969,14.77,4.2,85.0,87.3,85.0,1680,1,81.5,0.22
209,0,0.0,17.66,1,24.8,53.400000000000006,875,111.4,55.7,-22.34,21.969,14.77,4.2,85.0,87.4,85.0,1680,1,81.5,0.23
210,0,0.0,17.66,1,24.8,53.400000000000006,874,111.6,55.7,-22.31,21.961,14.77,4.2,85.0,87.4,85.0,1680,1,81.5,0.23
211,0,0.0,17.71,1,24.8,53.400000000000006,874,111.7,55.7,-22.32,21.953,14.77,4.2,85.0,87.4,85.0,1680,1,81.5,0.22
212,0,0.0,17.68,1,24.8,53.400000000000006,874,111.9,55.8,-22.34,21.945,14.77,4.2,85.0,87.4,85.0,1680,1,81.5,0.23
213,0,0.0,17.62,1,24.7,53.400000000000006,874,112.0,55.8,-22.33,21.938,14.77,4.2,85.0,87.4,85.0,1680,1,81.4,0.22
214,0,0.0,17.61,1,24.6,53.400000000000006,874,112.2,55.8,-22.32,21.922,14.77,4.2,85.0,87.4,85.0,1680,1,81.5,0.22
215,0,0.0,17.62,1,24.6,53.400000000000006,875,112.3,55.7,-22.32,21.914,14.77,4.2,85.0,87.5,85.0,1680,1,81.4,0.22
216,0,0.0,17.62,1,24.6,53.400000000000006,876,112.5,55.7,-22.31,21.914,14.77,4.2,86.0,87.5,85.0,1680,1,81.5,0.22
217,0,0.0,17.66,1,24.6,53.400000000000006,876,112.6,55.7,-22.32,21.906,14.77,4.2,86.0,87.5,85.0,1680,1,81.4,0.21
218,0,0.0,17.64,1,24.7,53.400000000000006,876,112.8,55.7,-22.32,21.898,14.77,4.2,85.0,87.5,85.0,1680,1,81.4,0.22
219,0,0.0,17.66,1,24.7,53.400000000000006,876,112.9,55.7,-22.32,21.883,14.77,4.2,86.0,87.5,85.0,1680,1,81.4,0.22
220,0,0.0,17.68,1,24.7,53.400000000000006,876,113.1,55.7,-22.31,21.875,14.77,4.2,85.0,87.5,85.0,1680,1,81.4,0.23
221,0,0.0,17.69,1,24.8,53.400000000000006,876,113.3,55.8,-22.32,21.867,14.77,4.2,85.0,87.5,85.0,1680,1,81.4,0.22
222,0,0.0,17.67,1,24.7,53.400000000000006,875,113.4,55.7,-22.3,21.859,14.77,4.2,85.0,87.6,85.0,1680,1,81.4,0.23
223,0,0.0,17.67,1,24.8,53.400000000000006,874,113.6,55.8,-22.33,21.852,14.766,4.2,85.0,87.6,85.0,1680,1,81.4,0.24
224,0,0.0,17.66,1,24.8,53.400000000000006,874,113.8,55.8,-22.32,21.836,14.766,4.2,86.0,87.6,85.0,1680,1,81.4,0.24
225,0,0.0,17.68,1,24.9,53.400000000000006,874,114.0,55.8,-22.3,21.828,14.766,4.2,85.0,87.6,85.0,1680,1,81.4,0.23
226,0,0.0,17.67,1,24.9,53.400000000000006,875,114.1,55.8,-22.34,21.828,14.766,4.2,86.0,87.6,85.0,1680,1,81.4,0.24
227,0,0.0,17.68,1,24.9,53.400000000000006,874,114.3,55.8,-22.31,21.82,14.77,4.2,85.0,87.6,85.0,1680,1,81.4,0.23
228,0,0.0,17.7,1,24.9,53.400000000000006,874,114.4,55.8,-22.31,21.82,14.766,4.2,85.0,87.7,85.0,1680,1,81.4,0.23
229,0,0.0,17.76,1,24.9,53.400000000000006,874,114.6,56.0,-22.32,21.812,14.77,4.2,85.0,87.7,85.0,1680,1,81.4,0.21
230,0,0.0,17.66,1,24.9,53.400000000000006,874,114.8,56.0,-22.31,21.812,14.77,4.2,86.0,87.7,85.0,1680,1,81.4,0.21
231,0,0.0,17.72,1,24.8,53.400000000000006,873,114.9,55.9,-22.31,21.812,14.77,4.2,86.0,87.7,85.0,1680,1,81.4,0.22
232,0,0.0,17.65,1,24.7,53.400000000000006,874,115.1,56.0,-22.3,21.812,14.77,4.2,85.0,87.7,85.0,1681,1,81.4,0.24
233,0,0.0,17.69,1,24.7,53.400000000000006,874,115.2,55.9,-22.33,21.82,14.77,4.2,86.0,87.8,85.0,1681,1,81.4,0.24
234,0,0.0,17.66,1,24.8,53.400000000000006,874,115.4,55.9,-22.31,21.82,14.77,4.2,86.0,87.8,85.0,1681,1,81.4,0.23
235,0,0.0,17.67,1,24.8,53.400000000000006,875,115.5,55.8,-22.3,21.82,14.77,4.2,86.0,87.8,85.0,1681,1,81.4,0.23
236,0,0.0,17.68,1,24.9,53.400000000000006,875,115.7,56.0,-22.31,21.82,14.77,4.2,86.0,87.8,85.0,1681,1,81.4,0.22
237,0,0.0,17.66,1,24.9,53.400000000000006,874,115.8,56.0,-22.32,21.82,14.77,4.2,86.0,87.9,85.0,1681,1,81.4,0.23
238,0,0.0,17.65,1,24.9,53.400000000000006,874,116.0,56.0,-22.32,21.82,14.77,4.2,86.0,87.9,85.0,1681,1,81.4,0.23
239,0,0.0,17.68,1,24.9,53.400000000000006,874,116.1,56.0,-22.33,21.828,14.766,4.2,86.0,87.9,85.0,1681,1,81.4,0.24
240,0,0.0,17.67,1,24.9,53.400000000000006,874,116.3,56.1,-22.31,21.844,14.77,4.2,85.0,87.9,85.0,1681,1,81.4,0.23
241,0,0.0,17.66,1,24.8,53.400000000000006,874,116.4,56.1,-22.29,21.852,14.77,4.2,86.0,87.9,84.0,1681,1,81.4,0.22
242,0,0.0,17.68,1,24.8,53.400000000000006,874,116.5,56.0,-22.32,21.859,14.77,4.2,86.0,88.0,84.0,1681,1,81.4,0.23
243,0,0.0,17.68,1,24.8,53.400000000000006,875,116.7,55.9,-22.32,21.867,14.77,4.2,86.0,88.0,84.0,1681,1,81.4,0.22
244,0,0.0,17.65,1,24.8,53.400000000000006,875,116.8,56.1,-22.32,21.875,14.77,4.2,86.0,88.0,84.0,1681,1,81.3,0.25
245,0,0.0,17.64,1,24.8,53.400000000000006,875,116.9,55.9,-22.31,21.883,14.77,4.2,86.0,88.0,84.0,1681,1,81.4,0.21
246,0,0.0,17.65,1,24.8,53.400000000000006,874,117.0,56.1,-22.33,21.883,14.77,4.2,86.0,88.0,84.0,1681,1,81.4,0.21
247,0,0.0,17.62,1,24.8,53.400000000000006,874,117.2,56.1,-22.34,21.891,14.77,4.2,86.0,88.1,84.0,1681,1,81.3,0.25
248,0,0.0,17.6,1,24.8,53.400000000000006,874,117.3,56.1,-22.32,21.898,14.77,4.2,86.0,88.1,84.0,1681,1,81.3,0.27
249,0,0.0,17.61,1,24.7,53.400000000000006,874,117.4,56.1,-22.32,21.906,14.77,4.2,86.0,88.1,84.0,1681,1,81.3,0.28
250,0,0.0,17.6,1,24.7,53.400000000000006,875,117.5,56.1,-22.32,21.906,14.77,4.2,86.0,88.1,84.0,1681,1,81.3,0.28
251,0,0.0,17.61,1,24.8,53.400000000000006,875,117.7,56.1,-22.33,21.93,14.77,4.2,86.0,88.1,84.0,1681,1,81.3,0.24
252,0,0.0,17.57,1,24.8,53.400000000000006,876,117.8,56.0,-22.33,21.953,14.77,4.2,86.0,88.2,84.0,1681,1,81.3,0.25
253,0,0.0,17.6,1,24.7,53.400000000000006,876,117.9,56.1,-22.34,21.977,14.77,4.2,86.0,88.2,84.0,1681,1,81.3,0.24
254,0,0.0,17.63,1,24.7,53.400000000000006,876,118.0,56.1,-22.32,21.992,14.77,4.2,86.0,88.2,84.0,1681,1,81.3,0.25
255,0,0.0,17.6,1,24.7,53.400000000000006,876,118.1,56.1,-22.3,22.008,14.77,4.2,86.0,88.2,84.0,1681,1,81.3,0.24
256,0,0.0,17.6,1,24.7,53.400000000000006,876,118.2,56.1,-22.31,22.008,14.77,4.2,86.0,88.2,84.0,1681,1,81.3,0.24
257,0,0.0,17.62,1,24.7,53.400000000000006,876,118.4,56.1,-22.31,22.008,14.77,4.2,86.0,88.2,84.0,1681,1,81.3,0.24
258,0,0.0,17.61,1,24.7,53.400000000000006,876,118.5,56.2,-22.32,22.016,14.77,4.2,86.0,88.2,84.0,1681,1,81.3,0.24
259,0,0.0,17.58,1,24.7,53.400000000000006,876,118.6,56.2,-22.31,22.016,14.77,4.2,86.0,88.3,84.0,1681,1,81.3,0.24
260,0,0.0,17.62,1,24.7,53.400000000000006,876,118.7,56.1,-22.32,22.023,14.77,4.2,86.0,88.3,84.0,1681,1,81.3,0.25
261,0,0.0,17.61,1,24.7,53.400000000000006,876,118.8,56.1,-22.33,22.023,14.77,4.2,86.0,88.3,84.0,1681,1,81.3,0.24
262,0,0.0,17.62,1,24.7,53.400000000000006,876,118.9,56.1,-22.31,22.031,14.77,4.2,86.0,88.3,84.0,1681,1,81.3,0.28
263,0,0.0,17.61,1,24.7,53.400000000000006,876,119.0,56.2,-22.33,22.039,14.77,4.2,86.0,88.3,84.0,1681,1,81.3,0.24
264,0,0.0,17.61,1,24.6,53.400000000000006,876,119.2,56.2,-22.3,22.039,14.77,4.2,86.0,88.3,84.0,1681,1,81.3,0.25
265,0,0.0,17.59,1,24.6,53.400000000000006,876,119.3,56.4,-22.31,22.047,14.77,4.2,86.0,88.3,84.0,1681,1,81.3,0.2
266,0,0.0,17.57,1,24.7,53.400000000000006,876,119.4,56.3,-22.32,22.055,14.77,4.2,86.0,88.4,84.0,1681,1,81.3,0.21
267,0,0.0,17.6,1,24.7,53.400000000000006,876,119.5,56.2,-22.32,22.055,14.77,4.2,86.0,88.4,84.0,1681,1,81.3,0.21
268,0,0.0,17.6,1,24.7,53.400000000000006,877,119.6,56.3,-22.34,22.062,14.77,4.2,86.0,88.4,84.0,1681,1,81.3,0.23
269,0,0.0,17.6,1,24.7,53.400000000000006,876,119.7,56.3,-22.32,22.07,14.77,4.2,86.0,88.4,84.0,1681,1,81.3,0.22
270,0,0.0,17.6,1,24.7,53.400000000000006,877,119.8,56.4,-22.34,22.086,14.77,4.2,86.0,88.4,84.0,1681,1,81.3,0.23
271,0,0.0,17.59,1,24.7,53.400000000000006,877,119.9,56.3,-22.3,22.102,14.77,4.2,86.0,88.4,84.0,1681,1,81.2,0.23
272,0,0.0,17.57,1,24.6,53.400000000000006,878,120.0,56.4,-22.31,22.109,14.77,4.2,86.0,88.5,84.0,1681,1,81.3,0.23
273,0,0.0,17.56,1,24.6,53.400000000000006,877,120.1,56.4,-22.29,22.117,14.766,4.2,86.0,88.5,84.0,1681,1,81.2,0.23
274,0,0.0,17.58,1,24.6,53.400000000000006,877,120.2,56.4,-22.31,22.125,14.77,4.2,86.0,88.5,84.0,1681,1,81.2,0.23
275,0,0.0,17.53,1,24.6,53.400000000000006,878,120.3,56.3,-22.3,22.133,14.766,4.2,86.0,88.5,84.0,1681,1,81.2,0.23
276,0,0.0,17.53,1,24.6,53.400000000000006,878,120.5,56.4,-22.32,22.148,14.766,4.2,86.0,88.5,84.0,1681,1,81.2,0.23
277,0,0.0,17.6,1,24.7,53.400000000000006,878,120.6,56.4,-22.33,22.164,14.766,4.2,86.0,88.5,84.0,1681,1,81.2,0.23
278,0,0.0,17.56,1,24.7,53.400000000000006,878,120.7,56.4,-22.34,22.18,14.766,4.2,86.0,88.5,84.0,1681,1,81.2,0.23
279,0,0.0,17.57,1,24.6,53.400000000000006,878,120.8,56.5,-22.36,22.203,14.77,4.2,86.0,88.6,84.0,1681,1,81.2,0.22
280,0,0.0,17.54,1,24.7,53.400000000000006,878,120.9,56.4,-22.35,22.219,14.77,4.2,86.0,88.6,84.0,1681,1,81.2,0.22
281,0,0.0,17.57,1,24.7,53.400000000000006,878,121.0,56.4,-22.34,22.234,14.77,4.2,86.0,88.6,84.0,1681,1,81.2,0.22
282,0,0.0,17.61,1,24.7,53.400000000000006,879,121.1,56.5,-22.32,22.25,14.77,4.2,86.0,88.6,84.0,1681,1,81.2,0.23
283,0,0.0,17.59,1,24.7,53.400000000000006,879,121.2,56.4,-22.33,22.25,14.77,4.2,86.0,88.6,84.0,1681,1,81.2,0.22
284,0,0.0,17.6,1,24.7,53.400000000000006,878,121.2,56.5,-22.31,22.25,14.77,4.2,86.0,88.6,84.0,1681,1,81.2,0.23
285,0,0.0,17.56,1,24.7,53.400000000000006,878,121.3,56.5,-22.32,22.25,14.77,4.2,86.0,88.6,84.0,1681,1,81.2,0.23
286,0,0.0,17.58,1,24.6,53.400000000000006,878,121.5,56.5,-22.32,22.242,14.77,4.2,86.0,88.6,84.0,1681,1,81.2,0.22
287,0,0.0,17.58,1,24.6,53.400000000000006,878,121.5,56.5,-22.31,22.242,14.77,4.2,86.0,88.6,84.0,1681,1,81.2,0.23
288,0,0.0,17.53,1,24.6,53.400000000000006,878,121.6,56.6,-22.34,22.242,14.77,4.2,86.0,88.7,84.0,1681,1,81.2,0.22
289,0,0.0,17.52,1,24.6,53.400000000000006,878,121.7,56.3,-22.33,22.25,14.77,4.2,86.0,88.7,84.0,1681,1,81.2,0.22
290,0,0.0,17.54,1,24.6,53.400000000000006,878,121.8,56.5,-22.34,22.258,14.77,4.2,86.0,88.7,84.0,1681,1,81.2,0.22
291,0,0.0,17.53,1,24.7,53.400000000000006,879,121.9,56.6,-22.32,22.273,14.77,4.2,86.0,88.7,84.0,1681,1,81.2,0.22
292,0,0.0,17.59,1,24.8,53.400000000000006,879,122.0,56.5,-22.34,22.289,14.77,4.2,86.0,88.7,84.0,1681,1,81.2,0.22
293,0,0.0,17.59,1,24.8,53.400000000000006,879,122.1,56.5,-22.32,22.305,14.77,4.2,86.0,88.7,84.0,1681,1,81.2,0.21
294,0,0.0,17.61,1,24.8,53.400000000000006,878,122.2,56.6,-22.34,22.312,14.77,4.2,86.0,88.7,84.0,1681,1,81.2,0.21
295,0,0.0,17.58,1,24.7,53.400000000000006,878,122.3,56.6,-22.32,22.32,14.77,4.2,86.0,88.7,84.0,1681,1,81.1,0.22
296,0,0.0,17.64,1,24.8,53.400000000000006,877,122.4,56.6,-22.32,22.32,14.77,4.2,86.0,88.8,83.0,1681,1,81.1,0.21
297,0,0.0,17.59,1,24.8,53.400000000000006,877,122.5,56.5,-22.33,22.312,14.77,4.2,86.0,88.8,83.0,1681,1,81.2,0.22
298,0,0.0,17.64,1,24.8,53.400000000000006,876,122.6,56.6,-22.32,22.305,14.77,4.2,86.0,88.8,83.0,1681,1,81.1,0.22
299,0,0.0,17.59,1,24.8,53.400000000000006,877,122.7,56.5,-22.33,22.281,14.766,4.2,86.0,88.8,83.0,1682,1,81.1,0.21
300,0,0.0,17.62,1,24.8,53.400000000000006,876,122.8,56.5,-22.29,22.273,14.766,4.2,86.0,88.8,83.0,1682,1,81.1,0.21
301,0,0.0,17.67,1,24.8,53.400000000000006,876,122.9,56.5,-22.32,22.242,14.77,4.2,86.0,88.8,83.0,1682,1,81.1,0.21
302,0,0.0,17.62,1,24.8,53.400000000000006,876,123.0,56.6,-22.33,22.219,14.77,4.2,86.0,88.8,83.0,1682,1,81.1,0.21
303,0,0.0,17.63,1,24.8,53.400000000000006,876,123.1,56.6,-22.32,22.195,14.766,4.2,86.0,88.8,83.0,1682,1,81.1,0.21
304,0,0.0,17.59,1,24.8,53.400000000000006,876,123.2,56.5,-22.32,22.164,14.766,4.2,86.0,88.8,83.0,1682,1,81.1,0.21
305,0,0.0,17.63,1,24.8,53.400000000000006,876,123.3,56.5,-22.33,22.141,14.766,4.2,86.0,88.8,83.0,1682,1,81.1,0.23
306,0,0.0,17.6,1,24.8,53.400000000000006,876,123.4,56.5,-22.32,22.125,14.77,4.2,86.0,88.8,83.0,1682,1,81.1,0.22
307,0,0.0,17.61,1,24.8,53.400000000000006,875,123.5,56.5,-22.29,22.109,14.77,4.2,86.0,88.8,83.0,1682,1,81.1,0.22
308,0,0.0,17.64,1,24.9,53.400000000000006,876,123.6,56.5,-22.32,22.102,14.77,4.2,86.0,88.8,83.0,1682,1,81.1,0.22
309,0,0.0,17.7,1,24.9,53.400000000000006,876,123.6,56.6,-22.33,22.094,14.77,4.2,86.0,88.9,83.0,1682,1,81.1,0.22
310,0,0.0,17.68,1,24.9,53.400000000000006,876,123.7,56.7,-22.31,22.086,14.77,4.2,86.0,88.8,83.0,1682,1,81.1,0.23
311,0,0.0,17.64,1,24.9,53.400000000000006,875,123.8,56.5,-22.34,22.07,14.77,4.2,86.0,88.9,83.0,1682,1,81.1,0.23
312,0,0.0,17.68,1,25.0,53.400000000000006,875,123.9,56.6,-22.31,22.062,14.77,4.2,86.0,88.9,83.0,1682,1,81.1,0.22
313,0,0.0,17.66,1,25.0,53.400000000000006,876,124.0,56.5,-22.32,22.062,14.77,4.2,86.0,88.9,83.0,1682,1,81.1,0.22
314,0,0.0,17.64,1,24.9,53.400000000000006,875,124.1,56.7,-22.32,22.062,14.77,4.2,86.0,88.9,83.0,1682,1,81.1,0.22
315,0,0.0,17.66,1,24.9,53.400000000000006,875,124.2,56.6,-22.32,22.062,14.766,4.2,86.0,88.9,83.0,1682,1,81.1,0.21
316,0,0.0,17.58,1,24.8,53.400000000000006,875,124.3,56.7,-22.3,22.062,14.77,4.2,86.0,88.9,83.0,1682,1,81.1,0.2
317,0,0.0,17.64,1,24.8,53.400000000000006,875,124.4,56.5,-22.32,22.062,14.77,4.2,86.0,88.9,83.0,1682,1,81.1,0.22
318,0,0.0,17.61,1,24.7,53.400000000000006,875,124.5,56.6,-22.33,22.07,14.77,4.2,86.0,88.9,83.0,1682,1,81.1,0.22
319,0,0.0,17.62,1,24.7,53.400000000000006,875,124.6,56.6,-22.34,22.078,14.77,4.2,86.0,88.9,83.0,1682,1,81.1,0.22
320,0,0.0,17.61,1,24.7,53.400000000000006,876,124.7,56.6,-22.33,22.086,14.77,4.2,86.0,88.9,83.0,1682,1,81.1,0.21
321,0,0.0,17.64,1,24.7,53.400000000000006,876,124.8,56.6,-22.31,22.094,14.77,4.2,86.0,88.9,83.0,1682,1,81.1,0.21
322,0,0.0,17.63,1,24.8,53.400000000000006,876,124.9,56.7,-22.34,22.102,14.77,4.2,86.0,88.9,83.0,1682,1,81.1,0.22
323,0,0.0,17.61,1,24.7,53.400000000000006,876,125.0,56.6,-22.3,22.109,14.77,4.2,86.0,88.9,83.0,1682,1,81.1,0.21
324,0,0.0,17.62,1,24.7,53.400000000000006,875,125.1,56.6,-22.29,22.109,14.77,4.2,87.0,88.9,83.0,1682,1,81.1,0.22
325,0,0.0,17.6,1,24.7,53.400000000000006,875,125.2,56.6,-22.33,22.109,14.77,4.2,86.0,89.0,83.0,1682,1,81.1,0.22
326,0,0.0,17.57,1,24.6,53.400000000000006,875,125.3,56.5,-22.33,22.117,14.77,4.2,87.0,88.9,83.0,1682,1,81.0,0.24
327,0,0.0,17.55,1,24.6,53.400000000000006,875,125.3,56.7,-22.35,22.117,14.77,4.2,86.0,89.0,83.0,1682,1,81.1,0.23
328,0,0.0,17.58,1,24.6,53.400000000000006,876,125.4,56.6,-22.35,22.117,14.77,4.2,86.0,89.0,83.0,1682,1,81.0,0.22
329,0,0.0,17.54,1,24.5,53.400000000000006,877,125.5,56.5,-22.32,22.117,14.77,4.2,86.0,89.0,83.0,1682,1,81.0,0.22
330,0,0.0,17.57,1,24.6,53.400000000000006,877,125.6,56.7,-22.34,22.141,14.77,4.2,86.0,89.0,83.0,1682,1,81.0,0.23
331,0,0.0,17.6,1,24.7,53.400000000000006,878,125.7,56.6,-22.32,22.141,14.77,4.2,86.0,89.0,83.0,1682,1,81.0,0.24
332,0,0.0,17.65,1,24.8,53.400000000000006,878,125.8,56.6,-22.31,22.148,14.77,4.2,86.0,89.0,83.0,1682,1,81.0,0.26
333,0,0.0,17.68,1,24.8,53.400000000000006,877,125.9,56.7,-22.33,22.141,14.77,4.2,86.0,89.0,83.0,1682,1,81.0,0.27
334,0,0.0,17.62,1,24.8,53.400000000000006,876,126.0,56.7,-22.32,22.125,14.77,4.2,86.0,89.0,83.0,1682,1,81.0,0.25
335,0,0.0,17.62,1,24.8,53.400000000000006,876,126.1,56.6,-22.34,22.109,14.766,4.2,86.0,89.0,83.0,1682,1,81.0,0.23
336,0,0.0,17.66,1,24.9,53.400000000000006,875,126.2,56.7,-22.33,22.094,14.77,4.2,87.0,89.0,83.0,1682,1,81.0,0.24
337,0,0.0,17.71,1,24.9,53.400000000000006,876,126.3,56.6,-22.34,22.07,14.77,4.2,86.0,89.0,83.0,1682,1,81.0,0.24
338,0,0.0,17.66,1,24.8,53.400000000000006,875,126.3,56.6,-22.35,22.055,14.766,4.2,86.0,89.0,83.0,1682,1,81.0,0.25
339,0,0.0,17.63,1,24.7,53.400000000000006,875,126.4,56.6,-22.33,22.039,14.766,4.2,86.0,89.0,83.0,1682,1,81.0,0.24
340,0,0.0,17.62,1,24.7,53.400000000000006,874,126.5,56.6,-22.36,22.031,14.766,4.2,86.0,89.0,83.0,1682,1,81.0,0.26
341,0,0.0,17.6,1,24.7,53.400000000000006,874,126.6,56.7,-22.32,22.016,14.766,4.2,86.0,89.0,83.0,1682,1,81.0,0.26
342,0,0.0,17.57,1,24.7,53.400000000000006,875,126.7,56.7,-22.35,22.016,14.766,4.2,86.0,89.0,83.0,1682,1,81.0,0.27
343,0,0.0,17.62,1,24.7,53.400000000000006,875,126.8,56.7,-22.34,22.016,14.766,4.2,87.0,89.0,83.0,1682,1,81.0,0.27
344,0,0.0,17.63,1,24.8,53.400000000000006,875,126.9,56.6,-22.32,22.023,14.766,4.2,86.0,89.0,83.0,1682,1,81.0,0.26
345,0,0.0,17.62,1,24.8,53.400000000000006,875,127.0,56.7,-22.32,22.031,14.77,4.2,87.0,89.0,83.0,1682,1,81.0,0.24
346,0,0.0,17.66,1,24.9,53.400000000000006,875,127.1,56.7,-22.32,22.039,14.77,4.2,86.0,89.0,83.0,1682,1,81.0,0.23
347,0,0.0,17.64,1,24.8,53.400000000000006,875,127.1,56.7,-22.34,22.039,14.77,4.2,86.0,89.0,83.0,1682,1,81.0,0.24
348,0,0.0,17.65,1,24.8,53.400000000000006,874,127.2,56.6,-22.33,22.039,14.77,4.2,86.0,89.0,83.0,1682,1,81.0,0.23
349,0,0.0,17.61,1,24.7,53.400000000000006,874,127.3,56.6,-22.33,22.031,14.766,4.2,87.0,89.0,83.0,1682,1,81.0,0.24
350,0,0.0,17.58,1,24.6,53.400000000000006,873,127.4,56.7,-22.34,22.023,14.77,4.2,86.0,89.0,83.0,1682,1,81.0,0.23
351,0,0.0,17.56,1,24.6,53.400000000000006,874,127.5,56.7,-22.32,22.016,14.77,4.2,87.0,89.0,83.0,1682,1,81.0,0.27
352,0,0.0,23.52,1,26.1,56.8,881,127.6,57.8,-6.71,22.016,14.77,4.2,86.0,89.0,83.0,1682,1,80.9,0.27
353,0,0.0,38.14,1,31.8,66.10000000000001,962,127.7,61.6,-1.98,22.008,14.766,4.2,87.0,89.0,83.0,1682,1,81.0,0.24
354,0,0.0,52.31,1,42.8,75.9,1062,127.8,65.9,-1.54,22.016,14.766,4.2,87.0,89.2,83.0,1682,1,80.9,0.25
355,0,0.0,46.28,1,58.199999999999996,83.89999999999999,1133,128.0,69.6,-1.48,22.039,14.766,4.2,87.0,89.4,83.0,1682,1,80.9,0.24
356,1,0.0,45.61,1,67.7,84.39999999999999,1155,128.2,71.1,-1.38,22.078,14.766,4.2,87.0,89.8,83.0,1682,1,80.9,0.24
357,3,0.0,45.68,1,69.3,84.5,1132,128.4,71.4,-1.5,22.102,14.766,4.2,88.0,90.2,83.0,1682,1,80.9,0.25
358,4,0.0,45.58,1,69.6,84.6,1111,128.6,71.5,-1.9,22.102,14.766,4.2,88.0,90.7,83.0,1682,1,80.9,0.26
359,6,0.0,45.56,1,69.6,84.5,1102,128.8,71.3,-1.63,22.094,14.766,4.2,89.0,91.2,83.0,1682,1,80.9,0.28
360,6,0.0,45.72,1,69.3,84.6,1098,128.9,71.3,-1.8,22.07,14.766,4.2,90.0,91.7,83.0,1682,1,80.9,0.28
361,7,0.0,45.11,1,69.1,84.2,1098,128.8,71.3,-6.9,22.047,14.766,4.2,90.0,92.2,83.0,1682,1,80.9,0.28
362,8,0.0,44.61,1,59.099999999999994,77.9,1072,128.6,68.1,-9.44,22.016,14.766,4.2,91.0,92.7,82.0,1682,1,80.9,0.25
363,8,0.0,44.6,1,53.0,76.9,1013,128.2,66.9,-9.52,21.969,14.77,4.2,91.0,93.2,83.0,1682,1,80.9,0.25
364,8,0.0,44.34,1,50.7,75.6,983,127.9,66.1,-12.11,21.93,14.77,4.2,92.0,93.6,82.0,1682,1,80.9,0.25
365,9,0.0,45.36,1,46.1,72.6,949,127.7,64.8,-11.94,21.891,14.77,4.2,92.0,94.0,82.0,1682,1,80.9,0.25
366,9,0.0,45.0,1,44.5,72.3,923,127.4,64.5,-12.03,21.875,14.77,4.2,92.0,94.4,82.0,1682,1,80.8,0.25
367,9,0.0,45.12,1,44.2,72.5,913,127.3,64.4,-12.08,21.867,14.77,4.2,93.0,94.7,82.0,1682,1,80.9,0.25
368,10,0.0,45.02,1,44.2,72.39999999999999,910,127.1,64.4,-12.14,21.867,14.77,4.2,93.0,95.1,82.0,1682,1,80.9,0.27
369,10,0.0,44.96,1,44.1,72.39999999999999,907,126.9,64.4,-12.14,21.883,14.77,4.2,93.0,95.4,82.0,1682,1,80.9,0.26
370,10,0.0,45.07,1,44.1,72.39999999999999,905,126.9,64.4,-12.13,21.906,14.77,4.2,93.0,95.7,82.0,1682,1,80.8,0.25
371,10,0.0,45.13,1,44.3,72.5,903,127.0,64.4,-12.07,21.914,14.77,4.2,94.0,95.9,82.0,1682,1,80.8,0.23
372,11,0.0,45.06,1,44.3,72.5,902,127.1,64.5,-12.1,21.93,14.77,4.2,94.0,96.2,82.0,1682,1,80.8,0.23
373,11,0.0,44.93,1,44.2,72.39999999999999,900,127.4,64.6,-12.18,21.953,14.77,4.2,94.0,96.4,82.0,1682,1,80.8,0.23
374,11,0.0,44.88,1,44.1,72.3,898,127.8,64.6,-12.11,21.977,14.77,4.2,95.0,96.6,82.0,1682,1,80.8,0.24
375,12,0.0,45.08,1,44.2,72.5,898,128.1,64.7,-12.07,22.016,14.77,4.2,95.0,96.8,82.0,1683,1,80.8,0.23
376,12,0.0,44.99,1,44.2,72.5,898,128.5,64.8,-12.07,22.047,14.77,4.2,95.0,96.9,82.0,1683,1,80.8,0.23
377,13,0.0,44.92,1,44.1,72.39999999999999,896,129.0,64.8,-12.18,22.078,14.77,4.2,95.0,97.1,82.0,1683,1,80.8,0.23
378,13,0.0,44.97,1,44.1,72.3,894,129.4,64.8,-12.15,22.102,14.77,4.2,95.0,97.2,82.0,1683,1,80.8,0.24
379,13,0.0,44.93,1,44.1,72.39999999999999,893,129.8,64.8,-12.14,22.117,14.773,4.2,95.0,97.4,82.0,1683,1,80.8,0.23
380,13,0.0,44.46,1,43.8,71.89999999999999,893,130.2,64.6,-12.7,22.148,14.773,4.2,95.0,97.5,82.0,1683,1,80.8,0.23
381,14,0.0,42.97,1,42.5,70.5,884,130.5,64.0,-13.61,22.164,14.773,4.2,95.0,97.6,82.0,1683,1,80.8,0.21
382,14,0.0,39.82,1,40.2,68.2,868,130.9,63.0,-15.45,22.18,14.773,4.2,95.0,97.7,82.0,1683,1,80.8,0.23
383,14,0.0,35.21,1,36.9,65.2,843,131.2,61.8,-15.8,22.172,14.773,4.2,95.0,97.8,82.0,1683,1,80.8,0.22
384,13,0.0,34.44,1,35.199999999999996,64.60000000000001,826,131.5,61.5,-15.82,22.164,14.77,4.2,95.0,97.8,82.0,1683,1,80.8,0.23
385,13,0.0,34.04,1,34.599999999999994,64.5,826,131.7,61.4,-15.82,22.156,14.77,4.2,95.0,97.8,82.0,1683,1,80.8,0.23
386,12,0.0,34.02,1,34.4,64.5,831,131.9,61.5,-15.86,22.133,14.77,4.2,95.0,97.7,82.0,1683,1,80.8,0.23
387,11,0.0,33.81,1,34.300000000000004,64.4,836,132.1,61.5,-15.85,22.125,14.77,4.2,95.0,97.6,82.0,1683,1,80.8,0.22
388,11,0.0,33.64,1,34.300000000000004,64.4,839,132.3,61.4,-15.86,22.102,14.77,4.2,95.0,97.5,82.0,1683,1,80.8,0.23
389,11,0.0,33.65,1,34.300000000000004,64.4,841,132.6,61.4,-15.84,22.086,14.77,4.2,95.0,97.4,82.0,1683,1,80.8,0.23
390,11,0.0,33.61,1,34.300000000000004,64.5,843,132.9,61.4,-15.86,22.07,14.77,4.2,95.0,97.2,82.0,1683,1,80.8,0.24
391,10,0.0,33.58,1,34.300000000000004,64.4,844,133.2,61.6,-15.87,22.062,14.77,4.2,94.0,97.1,82.0,1683,1,80.8,0.23
392,10,0.0,33.57,1,34.300000000000004,64.4,844,133.5,61.7,-15.86,22.055,14.77,4.2,94.0,97.0,82.0,1683,1,80.8,0.23
393,10,0.0,33.59,1,34.300000000000004,64.5,844,133.8,61.6,-15.82,22.047,14.77,4.2,94.0,96.8,82.0,1683,1,80.7,0.23
394,10,0.0,33.56,1,34.300000000000004,64.5,844,134.2,61.6,-15.84,22.039,14.766,4.2,94.0,96.7,82.0,1683,1,80.8,0.23
395,10,0.0,33.71,1,34.4,64.5,844,134.5,61.4,-15.85,22.039,14.766,4.2,94.0,96.6,82.0,1683,1,80.7,0.24
396,10,0.0,33.63,1,34.4,64.5,843,134.9,61.5,-15.84,22.039,14.766,4.2,94.0,96.5,82.0,1683,1,80.7,0.23
397,9,0.0,33.56,1,34.4,64.4,842,135.2,61.6,-15.88,22.031,14.766,4.2,94.0,96.4,82.0,1683,1,80.7,0.22
398,9,0.0,33.68,1,34.4,64.4,841,135.6,61.6,-15.87,22.039,14.77,4.2,93.0,96.3,82.0,1683,1,80.7,0.23
399,9,0.0,33.69,1,34.4,64.4,841,135.9,61.4,-15.82,22.047,14.766,4.2,93.0,96.2,82.0,1683,1,80.7,0.24
400,9,0.0,33.59,1,34.4,64.5,840,136.1,61.6,-15.84,22.055,14.766,4.2,94.0,96.2,82.0,1683,1,80.7,0.23
401,9,0.0,34.05,1,34.4,64.5,840,136.4,61.5,-15.34,22.055,14.766,4.2,93.0,96.1,82.0,1683,1,80.7,0.26
402,9,0.0,36.53,1,35.199999999999996,65.9,845,136.6,62.1,-15.02,22.055,14.77,4.2,93.0,96.1,82.0,1683,1,80.7,0.23
403,8,0.0,37.79,1,36.0,66.4,855,136.9,62.3,-13.51,22.047,14.766,4.2,93.0,96.0,82.0,1683,1,80.7,0.22
404,8,0.0,44.32,1,39.6,71.1,872,137.0,64.3,-12.05,22.047,14.766,4.2,93.0,96.0,82.0,1683,1,80.7,0.23
405,7,0.0,44.76,1,43.0,72.6,909,137.1,65.0,-11.98,22.047,14.766,4.2,94.0,96.1,82.0,1683,1,80.7,0.23
406,6,0.0,44.88,1,44.1,72.7,916,137.0,65.2,-11.98,22.039,14.766,4.2,94.0,96.2,82.0,1683,1,80.7,0.26
407,5,0.0,44.92,1,44.3,72.7,908,137.0,65.3,-11.94,22.039,14.766,4.2,94.0,96.3,82.0,1683,1,80.7,0.26
408,6,0.0,44.97,1,44.4,72.8,901,137.0,65.3,-11.91,22.039,14.766,4.2,94.0,96.4,82.0,1683,1,80.7,0.25
409,6,0.0,44.99,1,44.4,72.6,896,137.1,65.2,-11.91,22.031,14.766,4.2,94.0,96.6,82.0,1683,1,80.7,0.25
410,6,0.0,45.02,1,44.4,72.8,892,137.3,65.3,-11.91,22.023,14.766,4.2,94.0,96.8,82.0,1683,1,80.7,0.25
411,6,0.0,45.13,1,44.4,72.8,890,137.6,65.2,-11.89,22.016,14.766,4.2,94.0,97.0,82.0,1683,1,80.7,0.24
412,6,0.0,45.45,1,44.5,73.0,889,137.7,65.2,-7.98,22.0,14.766,4.2,94.0,97.1,82.0,1683,1,80.7,0.23
413,6,0.0,44.8,1,50.6,78.9,913,137.8,67.9,-7.54,22.008,14.766,4.2,95.0,97.3,82.0,1683,1,80.7,0.23
414,6,0.0,44.69,1,55.400000000000006,79.7,964,137.8,68.4,-7.27,22.039,14.766,4.2,95.0,97.5,82.0,1683,1,80.7,0.23
415,7,0.0,44.19,1,55.300000000000004,77.7,975,137.8,67.8,-13.37,22.062,14.766,4.2,95.0,97.6,82.0,1683,1,80.6,0.23
416,8,0.0,44.06,1,47.099999999999994,71.6,937,137.9,65.0,-13.51,22.078,14.766,4.2,95.0,97.8,82.0,1683,1,80.7,0.23
417,8,0.0,42.29,1,42.0,69.6,885,138.1,63.9,-13.82,22.07,14.77,4.2,95.0,97.9,82.0,1683,1,80.6,0.22
418,9,0.0,41.86,1,40.400000000000006,69.5,864,138.3,63.6,-13.5,22.055,14.77,4.2,95.0,98.0,82.0,1683,1,80.6,0.23
419,9,0.0,41.85,1,40.0,69.5,861,138.5,63.6,-13.63,22.047,14.77,4.2,95.0,98.0,82.0,1683,1,80.6,0.22
420,9,0.0,41.86,1,39.900000000000006,69.5,861,138.5,63.7,-13.63,22.031,14.77,4.2,95.0,98.1,82.0,1683,1,80.6,0.23
421,9,0.0,41.97,1,39.900000000000006,69.5,862,138.4,63.7,-13.64,22.008,14.77,4.2,96.0,98.1,82.0,1683,1,80.6,0.22
422,8,0.0,41.77,1,39.800000000000004,69.5,862,138.4,63.6,-13.64,21.992,14.77,4.2,95.0,98.2,82.0,1683,1,80.6,0.23
423,8,0.0,41.76,1,39.800000000000004,69.5,862,138.4,63.6,-13.61,21.977,14.77,4.2,95.0,98.2,82.0,1683,1,80.6,0.22
424,7,0.0,41.89,1,39.800000000000004,69.5,863,138.5,63.8,-13.59,21.969,14.77,4.2,95.0,98.2,82.0,1683,1,80.6,0.21
425,6,0.0,41.79,1,39.800000000000004,69.5,863,138.7,63.8,-13.62,21.961,14.77,4.2,95.0,98.2,82.0,1683,1,80.6,0.22
426,5,0.0,41.63,1,39.7,69.39999999999999,862,138.9,63.9,-13.68,21.961,14.766,4.2,95.0,98.2,82.0,1683,1,80.6,0.22
427,5,0.0,41.84,1,39.7,69.5,861,139.2,63.9,-13.61,21.953,14.766,4.2,95.0,98.2,82.0,1683,1,80.6,0.22
428,4,0.0,41.93,1,39.800000000000004,69.5,862,139.5,63.8,-13.63,21.961,14.766,4.2,95.0,98.2,82.0,1683,1,80.6,0.23
429,3,0.0,41.99,1,40.1,69.5,862,139.8,63.9,-13.62,21.961,14.766,4.2,96.0,98.2,82.0,1683,1,80.6,0.22
430,3,0.0,42.05,1,40.300000000000004,69.5,861,140.1,63.9,-13.62,21.961,14.766,4.2,95.0,98.2,82.0,1683,1,80.6,0.22
431,3,0.0,42.25,1,40.400000000000006,69.5,860,140.4,63.8,-13.29,21.969,14.766,4.2,95.0,98.2,82.0,1683,1,80.6,0.22
432,1,0.0,44.86,1,44.1,74.9,870,140.5,65.9,-7.87,21.977,14.766,4.2,95.0,98.2,82.0,1683,1,80.6,0.22
433,1,0.0,44.66,1,52.800000000000004,79.2,939,140.7,67.9,-7.64,22.0,14.762,4.2,95.0,98.2,82.0,1683,1,80.6,0.26
434,1,0.0,44.61,1,56.2,79.4,975,140.9,68.3,-7.61,22.07,14.762,4.2,95.0,98.2,82.0,1683,1,80.6,0.23
435,1,0.0,44.47,1,57.099999999999994,79.4,974,141.2,68.3,-7.0,22.141,14.762,4.2,96.0,98.2,82.0,1683,1,80.6,0.23
436,0,0.0,44.51,1,57.49999999999999,79.5,968,141.4,68.5,-7.37,22.211,14.762,4.2,95.0,98.2,82.0,1683,1,80.5,0.23
437,0,0.0,44.5,1,57.4,79.4,963,141.6,68.4,-7.35,22.281,14.758,4.2,95.0,98.3,82.0,1683,1,80.5,0.23
438,0,0.0,44.48,1,57.3,79.4,959,141.8,68.3,-7.34,22.344,14.758,4.2,95.0,98.3,82.0,1683,1,80.5,0.22
439,1,0.0,44.49,1,57.199999999999996,79.4,957,142.0,68.4,-7.36,22.391,14.758,4.2,95.0,98.4,82.0,1683,1,80.5,0.21
440,0,0.0,43.89,1,56.10000000000001,78.10000000000001,956,142.1,67.9,-21.92,22.398,14.758,4.2,95.0,98.5,82.0,1683,1,80.5,0.22
441,0,0.0,44.4,1,48.199999999999996,72.2,928,142.2,65.3,-22.12,22.375,14.762,4.2,96.0,98.5,82.0,1683,1,80.5,0.22
442,0,0.0,40.13,1,42.1,68.7,882,142.2,63.5,-22.1,22.328,14.762,4.2,96.0,98.6,82.0,1683,1,80.5,0.22
443,0,0.0,36.44,1,38.2,66.10000000000001,848,142.2,62.4,-22.29,22.273,14.762,4.2,96.0,98.6,82.0,1683,1,80.5,0.23
444,0,0.0,32.56,1,35.5,64.0,827,142.2,61.4,-22.32,22.227,14.762,4.2,96.0,98.6,82.0,1683,1,80.5,0.23
445,0,0.0,29.28,1,33.300000000000004,62.0,814,142.3,60.6,-22.31,22.18,14.766,4.2,96.0,98.6,82.0,1683,1,80.5,0.22
446,0,0.0,26.6,1,31.5,60.099999999999994,806,142.3,59.5,-22.31,22.133,14.766,4.2,96.0,98.5,82.0,1683,1,80.5,0.22
447,0,0.0,23.91,1,29.799999999999997,58.199999999999996,800,142.3,58.7,-22.29,22.094,14.766,4.2,96.0,98.4,82.0,1683,1,80.5,0.22
448,0,0.0,21.44,1,28.299999999999997,56.39999999999999,797,142.4,57.7,-22.34,22.062,14.766,4.2,95.0,98.2,82.0,1683,1,80.5,0.22
449,0,0.0,25.2,1,27.900000000000002,56.89999999999999,798,142.3,57.9,3.52,22.031,14.758,4.2,95.0,97.9,82.0,1683,1,80.5,0.22
450,0,0.0,39.56,1,32.9,66.5,867,142.4,62.3,37.88,22.016,14.75,4.2,95.0,97.6,82.0,1683,1,80.5,0.21
451,0,0.0,44.88,1,44.0,76.7,967,142.5,66.4,37.97,22.016,14.75,4.2,95.0,97.4,82.0,1683,1,80.5,0.22
452,0,0.0,45.37,1,60.6,84.8,1067,142.9,70.5,37.91,22.016,14.75,4.2,95.0,97.3,82.0,1683,1,80.5,0.23
453,0,0.0,47.5,1,79.7,92.10000000000001,1166,143.3,75.2,37.91,22.016,14.75,4.2,94.0,97.3,82.0,1683,1,80.5,0.25
454,0,0.0,49.13,1,96.2,95.39999999999999,1264,143.7,81.2,37.67,22.016,14.75,4.2,95.0,97.4,82.0,1683,1,80.5,0.24
455,2,0.0,49.21,1,97.89999999999999,95.5,1358,144.0,82.6,37.88,22.016,14.75,4.2,95.0,97.5,82.0,1683,1,80.4,0.25
456,7,0.0,48.97,1,98.0,95.6,1391,144.1,82.9,37.86,22.016,14.75,4.2,95.0,97.8,82.0,1684,1,80.4,0.25
457,12,0.0,48.61,1,98.0,95.5,1407,143.9,82.7,37.93,22.016,14.75,4.2,95.0,98.0,82.0,1684,1,80.4,0.25
458,17,0.0,48.84,1,97.89999999999999,95.39999999999999,1416,143.0,82.3,37.86,22.016,14.75,4.2,96.0,98.4,82.0,1684,1,80.4,0.23
459,22,0.0,48.78,1,97.89999999999999,95.39999999999999,1424,141.6,82.1,37.81,22.016,14.75,4.2,96.0,98.7,82.0,1684,1,80.4,0.25
460,27,0.0,48.72,1,97.89999999999999,95.5,1429,140.4,81.9,37.88,22.016,14.75,4.2,97.0,99.1,82.0,1684,1,80.4,0.24
461,32,0.0,48.73,1,97.89999999999999,95.5,1435,139.0,82.1,37.92,22.016,14.75,4.2,97.0,99.4,82.0,1684,1,80.4,0.25
462,37,0.0,48.71,1,97.89999999999999,95.6,1440,137.7,82.2,37.84,22.016,14.75,4.2,97.0,99.8,81.0,1684,1,80.4,0.24
463,41,0.0,48.82,1,97.89999999999999,95.5,1446,136.7,82.0,37.92,22.016,14.75,4.2,98.0,100.1,81.0,1684,1,80.4,0.24
464,46,0.0,48.59,1,97.89999999999999,95.5,1450,135.8,82.2,37.85,22.016,14.75,4.2,98.0,100.5,81.0,1684,1,80.4,0.23
465,51,0.0,48.54,1,97.89999999999999,95.5,1451,135.1,81.8,37.9,22.016,14.75,4.2,98.0,100.8,81.0,1684,1,80.4,0.24
466,55,0.0,48.07,1,97.89999999999999,95.6,1452,134.6,81.5,37.94,22.016,14.75,4.2,98.0,101.1,81.0,1684,1,80.4,0.24
467,60,0.0,49.0,1,97.89999999999999,95.5,1453,134.2,81.6,37.86,22.016,14.75,4.2,99.0,101.3,81.0,1684,1,80.4,0.25
468,64,0.0,48.91,1,97.89999999999999,95.6,1453,133.9,81.8,37.86,22.016,14.75,4.2,99.0,101.6,81.0,1684,1,80.3,0.23
469,68,0.0,48.31,1,97.89999999999999,95.6,1454,133.6,82.0,37.91,22.016,14.75,4.2,99.0,101.9,81.0,1684,1,80.3,0.23
470,72,0.0,48.94,1,97.89999999999999,95.5,1455,133.5,81.8,37.88,22.016,14.75,4.2,100.0,102.2,81.0,1684,1,80.3,0.22
471,76,0.0,48.07,1,97.89999999999999,95.5,1454,133.5,81.8,37.87,22.016,14.75,4.2,100.0,102.4,81.0,1684,1,80.3,0.24
472,80,0.0,48.12,1,97.89999999999999,95.5,1454,133.5,81.8,37.85,22.016,14.75,4.2,100.0,102.7,81.0,1684,1,80.3,0.24
473,84,0.0,48.1,1,97.89999999999999,95.6,1454,133.6,81.6,37.88,22.016,14.75,4.2,100.0,102.9,81.0,1684,1,80.3,0.24
474,88,0.0,48.61,1,97.89999999999999,95.6,1454,133.7,81.8,37.84,22.016,14.75,4.2,101.0,103.2,81.0,1684,1,80.3,0.24
475,91,0.0,48.06,1,97.89999999999999,95.6,1453,133.8,81.7,37.78,22.016,14.75,4.2,101.0,103.5,81.0,1684,1,80.3,0.24
476,95,0.0,48.66,1,97.89999999999999,95.6,1453,133.9,81.5,37.88,22.016,14.75,4.2,101.0,103.7,81.0,1684,1,80.3,0.25
477,98,0.0,48.83,1,97.89999999999999,95.6,1452,134.0,81.5,37.93,22.016,14.75,4.2,101.0,104.0,81.0,1684,1,80.3,0.24
478,101,0.0,48.26,1,97.89999999999999,95.6,1452,134.2,81.8,37.89,22.016,14.75,4.2,102.0,104.2,81.0,1684,1,80.3,0.24
479,103,0.0,47.91,1,97.89999999999999,95.6,1453,134.4,81.4,37.88,22.016,14.75,4.2,102.0,104.4,81.0,1684,1,80.3,0.25
480,105,0.0,47.57,1,97.89999999999999,95.6,1452,134.8,81.7,37.8,22.016,14.75,4.2,103.0,104.6,81.0,1684,1,80.2,0.25
481,106,0.0,47.6,1,97.89999999999999,95.6,1451,135.3,81.5,37.92,22.016,14.75,4.2,103.0,104.7,81.0,1684,1,80.2,0.24
482,107,0.0,48.81,1,97.89999999999999,95.6,1450,135.7,81.7,37.89,22.016,14.75,4.2,103.0,104.9,81.0,1684,1,80.2,0.24
483,108,0.0,48.57,1,97.89999999999999,95.6,1450,136.2,81.5,37.91,22.016,14.75,4.2,103.0,105.0,81.0,1684,1,80.2,0.23
484,108,0.0,48.02,1,97.89999999999999,95.6,1449,136.5,81.8,37.91,22.016,14.75,4.2,103.0,105.1,81.0,1684,1,80.2,0.23
485,109,0.0,48.3,1,97.89999999999999,95.6,1448,136.9,81.5,37.84,22.016,14.75,4.2,103.0,105.2,81.0,1684,1,80.2,0.23
486,111,0.0,48.42,1,97.89999999999999,95.6,1448,137.5,81.4,38.0,22.016,14.75,4.2,103.0,105.3,81.0,1684,1,80.2,0.24
487,112,0.0,48.13,1,97.89999999999999,95.6,1447,138.0,81.6,37.88,22.016,14.75,4.2,103.0,105.4,81.0,1684,1,80.1,0.24
488,114,0.0,48.25,1,97.89999999999999,95.6,1447,138.7,81.7,37.9,22.016,14.75,4.2,103.0,105.5,81.0,1684,1,80.1,0.23
489,116,0.0,47.63,1,97.89999999999999,95.7,1446,139.3,81.7,37.91,22.016,14.75,4.2,103.0,105.6,81.0,1684,1,80.1,0.24
490,117,0.0,48.09,1,97.89999999999999,95.7,1445,139.8,82.0,37.85,22.016,14.75,4.2,104.0,105.6,81.0,1684,1,80.1,0.24
491,118,0.0,48.14,1,97.89999999999999,95.7,1445,140.3,81.9,37.81,22.016,14.75,4.2,104.0,105.7,81.0,1684,1,80.1,0.23
492,119,0.025,47.25,1,97.89999999999999,95.6,1444,140.9,81.3,37.9,22.016,14.75,4.2,103.0,105.7,81.0,1684,1,80.1,0.23
493,120,0.025,47.55,1,97.89999999999999,95.6,1443,141.6,81.5,37.89,22.016,14.75,4.2,103.0,105.7,81.0,1684,1,80.1,0.24
494,121,0.05,48.43,1,97.89999999999999,95.6,1443,142.1,81.9,37.88,22.055,14.77,4.2,104.0,105.6,81.0,1684,1,80.1,0.24
495,122,0.075,48.53,1,97.8,95.6,1442,142.7,81.7,37.88,22.227,14.844,4.2,103.0,105.6,81.0,1684,1,80.0,0.24
496,123,0.075,47.87,1,97.8,95.6,1441,143.3,81.9,37.88,22.352,14.879,4.2,103.0,105.5,81.0,1684,1,80.0,0.24
497,123,0.1,46.66,1,97.7,95.6,1439,143.9,81.7,37.9,22.453,14.902,4.2,103.0,105.4,81.0,1684,1,80.0,0.23
498,124,0.125,48.19,1,97.7,95.6,1438,144.6,81.5,38.02,22.523,14.91,4.2,103.0,105.3,81.0,1684,1,80.0,0.22
499,125,0.125,48.64,1,97.7,95.6,1437,145.1,81.5,37.93,22.57,14.914,4.2,103.0,105.2,81.0,1684,1,80.0,0.23
500,125,0.15,48.81,1,97.6,95.6,1436,145.9,81.5,37.95,22.609,14.906,4.2,103.0,105.1,81.0,1684,1,80.0,0.22
501,125,0.175,47.35,1,97.6,95.6,1436,146.4,81.5,37.77,22.625,14.898,4.2,103.0,104.9,81.0,1684,1,80.0,0.23
502,125,0.2,49.02,1,97.7,95.6,1436,147.0,81.9,37.89,22.641,14.887,4.2,102.0,104.8,81.0,1684,1,80.0,0.23
503,126,0.2,48.16,1,97.7,95.6,1436,147.9,81.6,37.94,22.633,14.867,4.2,102.0,104.6,81.0,1684,1,79.9,0.24
504,126,0.225,48.62,1,97.7,95.6,1436,148.5,81.6,37.91,22.625,14.855,4.2,102.0,104.5,81.0,1684,1,79.9,0.23
505,127,0.25,48.12,1,97.7,95.6,1435,149.1,81.7,37.9,22.602,14.836,4.2,101.0,104.3,81.0,1684,1,79.9,0.23
506,128,0.275,48.37,1,97.8,95.7,1435,149.6,81.8,37.92,22.562,14.82,4.2,101.0,104.1,81.0,1684,1,79.9,0.22
507,130,0.3,47.95,1,97.8,95.7,1436,150.2,81.7,37.91,22.531,14.813,4.2,101.0,104.0,81.0,1684,1,79.9,0.23
508,131,0.3,48.69,1,97.8,95.7,1435,151.0,81.7,37.85,22.492,14.797,4.2,101.0,103.8,81.0,1684,1,79.8,0.23
509,133,0.325,48.76,1,97.89999999999999,95.7,1435,151.6,81.8,37.87,22.461,14.789,4.2,101.0,103.7,81.0,1684,1,79.8,0.23
510,135,0.35,46.97,1,97.89999999999999,95.7,1435,152.2,81.7,37.93,22.414,14.777,4.2,101.0,103.6,81.0,1684,1,79.8,0.22
511,137,0.35,48.42,1,97.89999999999999,95.7,1436,152.8,81.8,37.88,22.375,14.77,4.2,101.0,103.4,81.0,1684,1,79.8,0.23
512,139,0.375,47.56,1,97.89999999999999,95.7,1435,153.3,81.8,37.91,22.336,14.766,4.2,101.0,103.3,81.0,1684,1,79.8,0.23
513,142,0.375,47.29,1,97.89999999999999,95.7,1435,153.9,81.9,37.86,22.297,14.758,4.2,100.0,103.2,81.0,1684,1,79.7,0.22
514,145,0.4,48.19,1,97.89999999999999,95.7,1434,154.5,81.7,37.84,22.258,14.758,4.2,100.0,103.1,81.0,1684,1,79.7,0.22
515,147,0.4,47.71,1,97.89999999999999,95.7,1434,154.9,81.9,37.84,22.227,14.754,4.2,100.0,103.0,81.0,1684,1,79.7,0.23
516,151,0.4,46.96,1,97.89999999999999,95.7,1435,155.3,81.6,37.89,22.195,14.75,4.2,100.0,102.9,81.0,1684,1,79.7,0.25
517,154,0.425,47.79,1,97.89999999999999,95.7,1435,155.9,81.7,37.9,22.164,14.75,4.2,100.0,102.8,81.0,1684,1,79.7,0.24
518,157,0.425,48.38,1,97.89999999999999,95.7,1435,156.2,81.8,37.9,22.141,14.754,4.2,100.0,102.7,81.0,1684,1,79.6,0.22
519,160,0.425,47.53,1,97.89999999999999,95.7,1435,156.7,81.7,37.87,22.133,14.754,4.2,100.0,102.6,81.0,1684,1,79.6,0.25
520,163,0.45,49.21,1,97.89999999999999,95.7,1434,157.3,81.3,37.83,22.133,14.758,4.2,100.0,102.4,81.0,1684,1,79.6,0.25
521,165,0.45,48.94,1,97.89999999999999,95.7,1434,157.8,81.7,37.93,22.141,14.762,4.2,100.0,102.3,81.0,1684,1,79.6,0.25
522,167,0.475,47.14,1,97.89999999999999,95.7,1434,158.3,81.1,37.93,22.148,14.766,4.2,99.0,102.2,81.0,1684,1,79.6,0.24
523,169,0.475,47.55,1,97.8,95.7,1434,158.6,81.1,37.85,22.164,14.773,4.2,99.0,102.0,81.0,1684,1,79.5,0.25
524,170,0.5,46.97,1,97.89999999999999,95.7,1434,159.1,81.4,37.86,22.18,14.77,4.2,99.0,101.9,81.0,1684,1,79.5,0.24
525,171,0.525,47.93,1,97.89999999999999,95.7,1434,159.4,81.3,37.87,22.195,14.758,4.2,99.0,101.7,81.0,1684,1,79.5,0.23
526,173,0.525,47.01,1,97.89999999999999,95.7,1433,159.7,81.0,37.91,22.195,14.746,4.2,99.0,101.5,81.0,1684,1,79.5,0.22
527,174,0.55,46.98,1,97.89999999999999,95.7,1432,160.2,80.9,37.86,22.188,14.73,4.2,98.0,101.4,81.0,1684,1,79.5,0.23
528,176,0.575,47.0,1,97.89999999999999,95.7,1432,160.5,81.4,37.88,22.18,14.723,4.2,98.0,101.2,81.0,1684,1,79.5,0.23
529,178,0.575,47.04,1,97.89999999999999,95.7,1432,160.8,81.3,37.89,22.156,14.715,4.2,98.0,101.0,81.0,1684,1,79.4,0.23
530,179,0.6,47.41,1,98.0,95.7,1433,161.2,81.4,37.87,22.125,14.707,4.2,98.0,100.8,81.0,1684,1,79.4,0.23
531,181,0.625,47.0,1,98.0,95.8,1433,161.5,81.6,37.87,22.102,14.707,4.2,98.0,100.6,81.0,1684,1,79.4,0.24
532,184,0.625,48.38,1,98.0,95.8,1433,161.8,81.3,37.85,22.109,14.703,4.2,98.0,100.4,81.0,1684,1,79.4,0.23
533,186,0.65,47.48,1,98.0,95.8,1434,162.2,81.3,37.85,22.109,14.703,4.2,98.0,100.2,81.0,1684,1,79.4,0.23
534,187,0.65,48.74,1,98.0,95.8,1433,162.7,81.5,37.83,22.109,14.703,4.2,97.0,100.1,81.0,1684,1,79.3,0.23
535,188,0.675,48.08,1,98.0,95.8,1433,163.0,81.3,37.87,22.102,14.703,4.2,97.0,99.9,81.0,1684,1,79.3,0.23
536,189,0.7,48.7,1,98.0,95.7,1433,163.4,81.1,37.83,22.094,14.695,4.2,97.0,99.8,81.0,1685,1,79.3,0.22
537,189,0.7,47.3,1,98.0,95.7,1432,163.7,80.8,37.87,22.07,14.676,4.2,97.0,99.7,81.0,1685,1,79.3,0.22
538,189,0.725,48.17,1,98.0,95.8,1432,164.2,80.9,37.86,22.047,14.656,4.2,97.0,99.5,81.0,1685,1,79.3,0.21
539,188,0.75,49.45,1,98.1,95.8,1432,164.5,81.3,37.83,22.008,14.637,4.2,97.0,99.4,81.0,1685,1,79.3,0.22
540,188,0.775,47.48,1,98.1,95.8,1432,165.0,81.0,37.88,21.961,14.625,4.2,96.0,99.3,81.0,1685,1,79.3,0.23
541,187,0.8,47.44,1,98.1,95.8,1431,165.2,81.3,37.83,21.906,14.602,4.2,96.0,99.1,81.0,1685,1,79.2,0.22
542,187,0.825,46.55,1,98.2,95.8,1431,165.5,81.2,37.87,21.844,14.57,4.2,96.0,99.0,81.0,1685,1,79.2,0.22
543,187,0.85,48.96,1,98.2,95.8,1431,165.8,81.1,37.89,21.758,14.531,4.2,96.0,98.9,81.0,1685,1,79.2,0.21
544,187,0.875,48.11,1,98.2,95.8,1431,166.1,81.1,37.82,21.656,14.496,4.2,96.0,98.7,81.0,1685,1,79.2,0.23
545,187,0.9,48.79,1,98.3,95.8,1432,166.4,81.3,37.85,21.531,14.465,4.2,96.0,98.6,81.0,1685,1,79.2,0.22
546,187,0.925,49.37,1,98.3,95.8,1432,166.9,81.2,37.86,21.406,14.441,4.2,96.0,98.5,81.0,1685,1,79.1,0.22
547,188,0.925,45.94,1,98.4,95.8,1433,167.1,81.4,37.88,21.273,14.418,4.2,96.0,98.4,81.0,1685,1,79.1,0.22
548,188,0.95,47.79,1,98.4,95.89999999999999,1434,167.3,81.5,37.86,21.156,14.391,4.2,96.0,98.3,81.0,1685,1,79.1,0.22
549,189,0.975,49.31,1,98.4,95.8,1434,167.5,81.2,37.86,21.031,14.371,4.2,96.0,98.2,81.0,1685,1,79.1,0.21
550,190,1.0,47.25,1,98.5,95.89999999999999,1434,167.9,81.6,37.84,20.906,14.352,4.2,95.0,98.1,81.0,1685,1,79.1,0.22
551,191,1.0,48.14,1,98.5,95.89999999999999,1434,168.3,81.3,37.86,20.789,14.336,4.2,96.0,98.0,81.0,1685,1,79.0,0.23
552,192,1.025,48.15,1,98.5,95.89999999999999,1435,168.5,81.4,37.9,20.672,14.32,4.2,95.0,97.9,81.0,1685,1,79.0,0.21
553,193,1.025,50.05,1,98.6,95.89999999999999,1434,168.9,80.8,37.85,20.555,14.309,4.2,95.0,97.7,81.0,1685,1,79.0,0.23
554,194,1.05,47.32,1,98.6,95.89999999999999,1434,169.4,81.1,37.85,20.461,14.301,4.2,95.0,97.6,81.0,1685,1,79.0,0.23
555,195,1.075,46.92,1,98.6,95.89999999999999,1435,169.8,81.4,37.86,20.375,14.297,4.2,95.0,97.5,81.0,1685,1,79.0,0.23
556,196,1.075,47.78,1,98.6,95.89999999999999,1436,170.0,81.5,37.85,20.305,14.293,4.2,95.0,97.4,81.0,1685,1,79.0,0.22
557,196,1.1,46.36,1,98.6,95.89999999999999,1436,170.1,81.3,37.91,20.242,14.285,4.2,95.0,97.3,81.0,1685,1,78.9,0.22
558,196,1.1,46.71,1,98.7,95.89999999999999,1436,170.5,81.0,37.86,20.188,14.27,4.2,95.0,97.2,81.0,1685,1,78.9,0.23
559,196,1.125,48.14,1,98.7,96.0,1436,170.9,81.2,37.85,20.141,14.258,4.2,94.0,97.0,81.0,1685,1,78.9,0.22
560,196,1.15,46.75,1,98.7,96.0,1436,171.1,81.5,37.93,20.094,14.246,4.2,94.0,96.9,81.0,1685,1,78.9,0.23
561,196,1.175,48.38,1,98.7,96.0,1438,171.2,81.1,37.88,20.055,14.23,4.2,94.0,96.7,81.0,1685,1,78.9,0.23
562,195,1.2,46.66,1,98.8,96.0,1438,171.5,81.1,37.84,20.016,14.211,4.2,94.0,96.6,81.0,1685,1,78.9,0.22
563,195,1.225,46.59,1,98.8,96.0,1438,171.7,81.2,37.82,19.977,14.195,4.2,94.0,96.5,81.0,1685,1,78.8,0.21
564,194,1.225,48.71,1,98.8,96.0,1438,171.9,81.1,37.87,19.93,14.168,4.2,94.0,96.3,81.0,1685,1,78.8,0.23
565,194,1.25,46.72,1,98.9,96.0,1438,172.2,81.0,37.8,19.867,14.141,4.2,94.0,96.1,81.0,1685,1,78.8,0.21
566,193,1.275,47.2,1,99.0,96.0,1438,172.5,81.0,37.79,19.789,14.109,4.2,94.0,96.0,81.0,1685,1,78.8,0.23
567,193,1.3,49.41,1,99.0,96.0,1438,172.7,81.3,37.91,19.711,14.078,4.2,94.0,95.9,81.0,1685,1,78.8,0.22
568,193,1.325,46.81,1,99.1,96.0,1438,172.9,81.2,37.85,19.609,14.039,4.2,94.0,95.8,81.0,1685,1,78.7,0.23
569,192,1.35,47.96,1,99.2,96.0,1439,173.1,81.0,37.84,19.492,14.004,4.2,93.0,95.6,81.0,1685,1,78.7,0.24
570,192,1.375,48.19,1,99.3,96.1,1440,173.4,81.1,37.93,19.383,13.977,4.2,94.0,95.5,81.0,1685,1,78.7,0.22
571,193,1.4,46.26,1,99.3,96.1,1440,173.5,81.5,37.88,19.281,13.957,4.2,93.0,95.4,81.0,1685,1,78.7,0.22
572,193,1.425,46.85,1,99.4,96.1,1442,173.7,81.1,37.86,19.188,13.934,4.2,93.0,95.3,81.0,1685,1,78.7,0.2
573,193,1.45,47.57,1,99.4,96.2,1443,173.9,81.1,37.86,19.102,13.91,4.2,93.0,95.2,81.0,1685,1,78.6,0.22
574,193,1.475,49.34,1,99.5,96.2,1444,174.1,81.2,37.84,19.016,13.895,4.2,93.0,95.1,81.0,1685,1,78.6,0.21
575,194,1.475,46.33,1,99.5,96.2,1444,174.2,81.3,37.96,18.938,13.871,4.2,93.0,95.1,81.0,1685,1,78.6,0.22
576,194,1.5,46.67,1,99.6,96.2,1445,174.3,81.4,37.95,18.859,13.852,4.199,93.0,95.0,81.0,1685,1,78.6,0.23
577,193,1.525,47.84,1,99.6,96.3,1447,174.5,81.5,37.9,18.773,13.836,4.2,93.0,94.9,81.0,1685,1,78.6,0.22
578,193,1.55,48.58,1,99.6,96.3,1449,174.7,81.3,37.88,18.68,13.812,4.2,93.0,94.8,81.0,1685,1,78.5,0.22
579,193,1.575,48.14,1,99.6,96.3,1451,174.8,81.5,37.91,18.602,13.789,4.199,93.0,94.7,81.0,1685,1,78.5,0.22
580,193,1.6,48.63,1,99.7,96.3,1451,174.9,81.8,37.93,18.516,13.777,4.2,92.0,94.6,81.0,1685,1,78.5,0.21
581,193,1.625,48.62,1,99.7,96.3,1453,175.0,81.8,37.86,18.445,13.758,4.2,93.0,94.4,81.0,1685,1,78.5,0.21
582,192,1.65,48.29,1,99.8,96.3,1454,175.1,81.3,37.89,18.391,13.734,4.2,92.0,94.3,81.0,1685,1,78.5,0.21
583,192,1.675,46.93,1,99.8,96.39999999999999,1454,175.5,81.3,37.87,18.336,13.703,4.2,92.0,94.1,81.0,1685,1,78.4,0.22
584,191,1.7,46.6,1,99.9,96.39999999999999,1455,175.7,81.2,37.86,18.281,13.684,4.2,92.0,94.0,81.0,1685,1,78.4,0.22
585,191,1.725,45.62,1,99.9,96.39999999999999,1455,175.9,81.4,37.9,18.219,13.656,4.2,92.0,93.8,81.0,1685,1,78.4,0.22
586,191,1.75,49.47,1,100.0,96.39999999999999,1456,175.8,81.2,37.89,18.141,13.625,4.2,91.0,93.6,80.0,1686,1,78.4,0.21
587,190,1.775,48.7,1,100.0,96.39999999999999,1456,175.9,81.6,37.88,18.062,13.598,4.2,91.0,93.4,80.0,1686,1,78.3,0.21
588,190,1.8,46.57,1,100.1,96.39999999999999,1456,175.9,81.3,37.86,17.969,13.566,4.2,91.0,93.3,80.0,1686,1,78.3,0.21
589,189,1.825,46.1,1,100.1,96.39999999999999,1457,176.1,81.4,37.88,17.867,13.531,4.2,91.0,93.1,80.0,1686,1,78.3,0.21
590,189,1.85,46.39,1,100.1,96.39999999999999,1457,176.3,81.3,37.88,17.742,13.496,4.2,91.0,92.9,80.0,1686,1,78.3,0.21
591,189,1.85,48.85,1,100.2,96.39999999999999,1457,176.5,81.6,37.91,17.617,13.469,4.2,91.0,92.7,80.0,1686,1,78.2,0.21
592,190,1.875,46.68,1,100.29999999999998,96.5,1457,176.6,81.2,37.83,17.484,13.441,4.199,91.0,92.6,80.0,1686,1,78.2,0.22
593,190,1.9,45.61,1,100.29999999999998,96.5,1458,176.7,81.5,37.9,17.344,13.414,4.2,90.0,92.4,80.0,1686,1,78.2,0.22
594,190,1.925,46.63,1,100.4,96.5,1458,176.8,81.3,37.88,17.188,13.387,4.2,90.0,92.2,80.0,1686,1,78.2,0.22
595,191,1.95,46.66,1,100.4,96.5,1458,177.1,81.8,37.86,17.031,13.367,4.2,90.0,92.1,80.0,1686,1,78.1,0.22
596,192,1.975,49.01,1,100.4,96.5,1458,177.3,81.2,37.88,16.875,13.352,4.2,90.0,91.9,80.0,1686,1,78.1,0.22
597,192,1.975,47.1,1,100.4,96.5,1460,177.5,81.3,37.88,16.75,13.336,4.2,90.0,91.8,80.0,1686,1,78.1,0.21
598,193,2.0,49.26,1,100.4,96.5,1460,177.6,81.5,37.88,16.641,13.32,4.2,90.0,91.6,80.0,1686,1,78.0,0.2
599,194,2.025,48.92,1,100.4,96.5,1461,177.7,81.6,37.86,16.539,13.305,4.2,89.0,91.4,80.0,1686,1,78.0,0.23
600,194,2.025,48.16,1,100.4,96.5,1462,177.8,81.5,37.86,16.453,13.289,4.199,89.0,91.3,80.0,1686,1,78.0,0.21
601,195,2.05,49.0,1,100.4,96.5,1461,177.9,81.4,37.86,16.352,13.273,4.2,89.0,91.1,80.0,1686,1,77.9,0.22
602,195,2.075,46.21,1,100.49999999999999,96.5,1461,178.0,81.4,37.85,16.258,13.258,4.2,88.0,90.9,80.0,1686,1,77.9,0.23
603,195,2.1,45.51,1,100.4,96.5,1461,178.2,81.1,37.87,16.172,13.242,4.2,88.0,90.8,80.0,1686,1,77.9,0.22
604,194,2.1,48.5,1,100.49999999999999,96.5,1461,178.3,81.2,37.79,16.086,13.223,4.2,88.0,90.6,80.0,1686,1,77.9,0.22
605,194,2.125,46.4,1,100.49999999999999,96.5,1460,178.5,81.1,37.86,15.992,13.199,4.2,88.0,90.4,80.0,1686,1,77.9,0.22
606,194,2.15,46.68,1,100.49999999999999,96.39999999999999,1461,178.8,81.1,37.93,15.891,13.176,4.2,88.0,90.3,80.0,1686,1,77.8,0.21
607,194,2.175,47.67,1,100.49999999999999,96.5,1460,178.9,81.0,37.88,15.773,13.148,4.2,88.0,90.1,80.0,1686,1,77.8,0.23
608,194,2.2,47.28,1,100.6,96.5,1459,179.0,80.9,37.87,15.648,13.125,4.2,88.0,89.9,80.0,1686,1,77.8,0.23
609,194,2.225,45.95,1,100.6,96.5,1459,179.1,81.0,37.95,15.523,13.102,4.2,87.0,89.8,80.0,1686,1,77.8,0.23
610,194,2.25,48.26,1,100.6,96.5,1459,179.2,81.2,37.8,15.414,13.082,4.2,87.0,89.6,80.0,1686,1,77.7,0.22
611,194,2.25,46.67,1,100.6,96.6,1459,179.2,81.0,37.88,15.32,13.066,4.2,87.0,89.5,80.0,1686,1,77.7,0.22
612,193,2.275,48.03,1,100.6,96.5,1460,179.3,81.1,37.93,15.25,13.047,4.199,87.0,89.3,80.0,1686,1,77.7,0.22
613,193,2.3,47.83,1,100.69999999999999,96.6,1460,179.6,81.0,37.97,15.195,13.027,4.2,87.0,89.2,80.0,1686,1,77.7,0.23
614,192,2.325,48.55,1,100.69999999999999,96.6,1461,179.7,81.1,37.86,15.156,13.012,4.199,87.0,89.1,80.0,1686,1,77.6,0.22
615,192,2.35,46.39,1,100.8,96.6,1461,179.8,81.0,37.86,15.125,12.988,4.199,86.0,89.0,80.0,1686,1,77.6,0.21
616,191,2.375,48.12,1,100.8,96.6,1462,179.8,81.1,37.87,15.102,12.965,4.2,87.0,88.9,80.0,1686,1,77.5,0.22
617,191,2.4,45.87,1,100.8,96.5,1462,179.9,80.8,37.84,15.078,12.938,4.2,86.0,88.9,80.0,1686,1,77.5,0.22
618,190,2.4,46.64,1,100.8,96.6,1462,180.0,81.1,37.83,15.055,12.91,4.199,86.0,88.8,80.0,1686,1,77.5,0.21
619,190,2.425,47.23,1,100.89999999999999,96.6,1462,180.2,81.0,37.93,15.031,12.883,4.2,86.0,88.7,80.0,1686,1,77.5,0.21
620,190,2.45,48.51,1,100.89999999999999,96.6,1462,180.3,80.9,37.94,15.0,12.855,4.2,86.0,88.6,80.0,1686,1,77.4,0.22
621,190,2.475,48.91,1,100.89999999999999,96.6,1463,180.5,81.0,37.84,14.969,12.828,4.199,86.0,88.6,80.0,1686,1,77.4,0.24
622,191,2.5,47.92,1,101.0,96.6,1463,180.8,80.7,37.88,14.93,12.805,4.199,86.0,88.5,80.0,1686,1,77.4,0.23
623,191,2.525,46.27,1,101.0,96.6,1463,180.9,80.8,37.89,14.898,12.781,4.2,86.0,88.4,80.0,1686,1,77.4,0.22
624,192,2.525,46.49,1,101.1,96.7,1463,181.1,81.0,37.86,14.867,12.762,4.2,86.0,88.4,80.0,1686,1,77.3,0.24
625,192,2.55,47.99,1,101.1,96.6,1465,181.3,81.1,37.81,14.836,12.734,4.199,86.0,88.3,80.0,1686,1,77.3,0.23
626,193,2.575,46.13,1,101.1,96.6,1465,181.4,80.8,37.87,14.797,12.719,4.2,86.0,88.3,80.0,1686,1,77.3,0.22
627,194,2.6,47.23,1,101.2,96.7,1466,181.5,81.1,37.88,14.758,12.699,4.199,86.0,88.2,80.0,1686,1,77.2,0.24
628,194,2.6,47.86,1,101.2,96.7,1467,181.5,80.8,37.91,14.711,12.68,4.2,86.0,88.2,80.0,1686,1,77.2,0.23
629,194,2.625,47.44,1,101.29999999999998,96.7,1467,181.4,80.9,37.84,14.672,12.664,4.199,85.0,88.1,80.0,1686,1,77.2,0.24
630,195,2.65,46.29,1,101.29999999999998,96.8,1468,181.6,81.2,37.91,14.625,12.645,4.2,86.0,88.1,80.0,1686,1,77.2,0.27
631,195,2.675,45.58,1,101.29999999999998,96.7,1469,181.7,81.2,37.93,14.586,12.633,4.2,85.0,88.0,80.0,1686,1,77.1,0.22
632,195,2.675,47.19,1,101.4,96.8,1469,181.8,81.3,37.87,14.539,12.613,4.199,85.0,88.0,80.0,1686,1,77.1,0.22
633,195,2.7,46.67,1,101.4,96.8,1470,182.0,81.4,37.92,14.5,12.594,4.199,85.0,88.0,80.0,1686,1,77.0,0.23
634,194,2.725,46.1,1,101.4,96.8,1470,182.1,80.8,37.86,14.453,12.574,4.2,85.0,87.9,80.0,1686,1,77.0,0.22
635,194,2.75,45.5,1,101.4,96.7,1470,182.1,81.1,37.88,14.406,12.551,4.199,85.0,87.9,80.0,1686,1,77.0,0.21
636,194,2.775,47.53,1,101.49999999999999,96.8,1471,182.2,81.0,37.84,14.352,12.531,4.199,85.0,87.9,80.0,1686,1,77.0,0.21
637,193,2.775,45.67,1,101.49999999999999,96.8,1471,182.3,80.7,37.81,14.305,12.508,4.199,85.0,87.8,80.0,1686,1,76.9,0.22
638,193,2.8,48.05,1,101.6,96.89999999999999,1471,182.4,81.2,37.84,14.266,12.488,4.2,85.0,87.8,80.0,1686,1,76.9,0.21
639,193,2.825,46.04,1,101.6,97.0,1473,182.6,80.9,37.88,14.227,12.469,4.2,85.0,87.8,80.0,1686,1,76.8,0.22
640,193,2.85,47.52,1,101.6,96.89999999999999,1476,182.6,81.0,37.91,14.203,12.449,4.2,85.0,87.7,80.0,1686,1,76.8,0.21
641,193,2.875,48.03,1,101.69999999999999,96.89999999999999,1477,182.6,81.0,37.83,14.18,12.426,4.2,85.0,87.7,80.0,1686,1,76.8,0.21
642,192,2.9,47.87,1,101.69999999999999,96.89999999999999,1476,182.7,81.2,37.88,14.156,12.402,4.199,85.0,87.7,80.0,1686,1,76.8,0.21
643,192,2.9,47.94,1,101.69999999999999,96.89999999999999,1476,182.7,80.9,37.84,14.117,12.379,4.199,85.0,87.7,80.0,1686,1,76.7,0.21
644,192,2.925,46.89,1,101.69999999999999,97.0,1476,182.8,81.0,37.87,14.078,12.363,4.199,85.0,87.7,80.0,1686,1,76.7,0.22
645,191,2.95,45.42,1,101.8,97.0,1477,182.9,81.2,37.88,14.031,12.34,4.199,85.0,87.7,80.0,1687,1,76.7,0.22
646,191,2.975,47.51,1,101.8,97.0,1478,182.9,81.0,37.85,14.0,12.32,4.199,85.0,87.6,80.0,1687,1,76.6,0.21
647,191,3.0,48.51,1,101.8,97.0,1479,183.2,80.9,37.94,13.969,12.301,4.199,85.0,87.7,80.0,1687,1,76.6,0.23
648,191,3.0,46.24,1,101.8,97.0,1480,183.2,81.1,37.84,13.953,12.277,4.199,85.0,87.6,80.0,1687,1,76.5,0.22
649,191,3.025,46.79,1,101.8,97.0,1481,183.5,81.2,37.89,13.945,12.254,4.199,85.0,87.6,80.0,1687,1,76.5,0.22
650,191,3.05,47.64,1,101.8,97.0,1481,183.5,81.3,37.91,13.93,12.234,4.199,85.0,87.6,80.0,1687,1,76.5,0.23
651,190,3.075,45.55,1,101.8,97.0,1481,183.5,81.3,37.89,13.914,12.211,4.2,85.0,87.6,80.0,1687,1,76.5,0.23
652,190,3.1,47.04,1,101.89999999999999,97.1,1482,183.6,81.1,37.92,13.898,12.188,4.199,85.0,87.5,80.0,1687,1,76.4,0.22
653,190,3.125,46.56,1,101.8,97.0,1481,183.7,81.2,37.86,13.883,12.164,4.199,85.0,87.5,80.0,1687,1,76.4,0.23
654,190,3.125,48.12,1,101.89999999999999,97.1,1482,183.9,80.9,37.88,13.875,12.137,4.199,85.0,87.5,80.0,1687,1,76.3,0.22
655,190,3.15,47.62,1,101.89999999999999,97.1,1483,184.0,80.8,37.87,13.867,12.113,4.199,85.0,87.5,80.0,1687,1,76.3,0.23
656,190,3.175,47.67,1,101.89999999999999,97.0,1484,184.2,81.0,37.89,13.867,12.09,4.199,85.0,87.5,80.0,1687,1,76.3,0.23
657,190,3.2,46.52,1,101.89999999999999,97.1,1484,184.4,80.8,37.88,13.859,12.07,4.2,85.0,87.5,80.0,1687,1,76.2,0.23
658,191,3.2,46.29,1,101.89999999999999,97.1,1483,184.5,80.9,37.88,13.844,12.047,4.2,85.0,87.5,80.0,1687,1,76.2,0.23
659,191,3.225,45.96,1,101.89999999999999,97.1,1483,184.6,80.9,37.87,13.828,12.031,4.2,85.0,87.4,80.0,1687,1,76.2,0.22
660,191,3.25,46.58,1,102.0,97.1,1483,184.6,80.9,37.88,13.812,12.016,4.199,85.0,87.4,80.0,1687,1,76.1,0.21
661,192,3.25,47.15,1,102.0,97.1,1484,184.7,80.8,37.88,13.805,12.0,4.199,85.0,87.4,80.0,1687,1,76.1,0.22
662,192,3.275,47.19,1,102.0,97.1,1485,184.7,80.6,37.89,13.805,11.984,4.199,85.0,87.4,80.0,1687,1,76.0,0.22
663,193,3.275,47.19,1,102.0,97.1,1485,184.9,80.9,37.89,13.812,11.973,4.2,85.0,87.3,80.0,1687,1,76.0,0.22
664,193,3.3,45.98,1,102.0,97.1,1486,185.0,80.7,37.88,13.828,11.961,4.199,85.0,87.3,80.0,1687,1,76.0,0.22
665,193,3.325,45.88,1,101.89999999999999,97.1,1486,185.1,80.8,37.95,13.836,11.945,4.199,85.0,87.3,80.0,1687,1,75.9,0.21
666,194,3.325,46.42,1,102.0,97.1,1486,185.3,80.9,37.93,13.844,11.93,4.199,85.0,87.2,80.0,1687,1,75.9,0.22
667,194,3.35,47.56,1,101.89999999999999,97.0,1485,185.4,81.0,37.86,13.836,11.914,4.199,85.0,87.2,80.0,1687,1,75.9,0.22
668,194,3.375,46.32,1,102.0,97.1,1485,185.6,81.0,37.02,13.82,11.895,4.199,85.0,87.1,80.0,1687,1,75.8,0.22
669,193,3.375,44.59,1,99.3,95.5,1481,185.7,79.8,26.23,13.789,11.875,4.199,85.0,87.1,80.0,1687,1,75.8,0.2
670,192,3.4,45.92,1,95.7,94.0,1447,185.9,77.9,22.95,13.711,11.855,4.2,84.0,87.0,80.0,1687,1,75.8,0.2
671,191,3.425,45.72,1,95.1,93.8,1411,186.3,77.1,21.77,13.633,11.832,4.199,84.0,86.9,80.0,1687,1,75.7,0.2
672,190,3.45,45.91,1,95.0,93.8,1391,186.8,76.7,21.91,13.562,11.805,4.2,84.0,86.9,80.0,1687,1,75.7,0.21
673,190,3.45,45.85,1,95.0,93.8,1380,187.2,76.6,22.14,13.508,11.781,4.2,84.0,86.8,80.0,1687,1,75.6,0.21
674,189,3.475,46.03,1,95.1,93.89999999999999,1375,187.7,77.0,21.91,13.461,11.758,4.199,84.0,86.7,80.0,1687,1,75.6,0.2
675,189,3.475,45.92,1,95.0,93.8,1372,188.1,76.9,21.6,13.422,11.738,4.199,84.0,86.6,80.0,1687,1,75.5,0.21
676,189,3.5,45.72,1,95.1,93.89999999999999,1371,188.8,76.9,21.21,13.391,11.719,4.199,84.0,86.5,80.0,1687,1,75.5,0.22
677,189,3.525,46.04,1,95.0,93.8,1369,189.5,77.1,21.18,13.352,11.699,4.199,84.0,86.4,80.0,1687,1,75.4,0.21
678,189,3.525,46.05,1,95.0,93.89999999999999,1368,190.2,76.7,21.18,13.32,11.68,4.199,84.0,86.3,80.0,1687,1,75.4,0.22
679,189,3.55,45.99,1,95.0,93.89999999999999,1367,190.8,77.0,21.17,13.281,11.664,4.2,84.0,86.2,80.0,1687,1,75.4,0.21
680,189,3.55,45.44,1,95.0,93.89999999999999,1366,191.3,77.0,21.17,13.242,11.652,4.199,84.0,86.1,80.0,1687,1,75.4,0.23
681,190,3.55,45.7,1,95.1,93.89999999999999,1366,191.5,77.0,21.18,13.195,11.641,4.199,84.0,86.0,80.0,1687,1,75.3,0.21
682,190,3.575,45.87,1,95.0,93.89999999999999,1366,191.8,77.0,21.22,13.148,11.625,4.199,83.0,86.0,80.0,1687,1,75.3,0.22
683,190,3.575,45.82,1,95.0,93.89999999999999,1365,192.2,76.8,21.16,13.102,11.613,4.199,84.0,85.9,80.0,1687,1,75.2,0.22
684,191,3.575,45.98,1,95.1,93.89999999999999,1364,192.5,76.9,21.14,13.055,11.605,4.199,83.0,85.8,80.0,1687,1,75.2,0.22
685,191,3.6,45.45,1,95.1,93.89999999999999,1364,192.8,76.7,21.14,13.016,11.594,4.199,83.0,85.8,80.0,1687,1,75.1,0.22
686,192,3.6,46.16,1,95.1,93.89999999999999,1364,193.1,76.8,21.16,12.969,11.582,4.199,83.0,85.7,80.0,1687,1,75.1,0.21
687,192,3.6,45.13,1,95.1,93.89999999999999,1365,193.4,77.0,21.19,12.922,11.574,4.199,83.0,85.7,80.0,1687,1,75.1,0.21
688,193,3.625,45.66,1,95.1,93.89999999999999,1365,193.6,77.2,21.21,12.883,11.566,4.2,83.0,85.7,80.0,1687,1,75.0,0.21
689,193,3.625,45.5,1,95.1,93.89999999999999,1365,193.8,77.0,21.17,12.852,11.559,4.199,83.0,85.6,80.0,1687,1,75.0,0.23
690,194,3.65,45.75,1,95.1,93.89999999999999,1364,194.0,77.2,21.16,12.82,11.551,4.199,83.0,85.5,80.0,1687,1,74.9,0.23
691,194,3.65,45.71,1,95.1,93.89999999999999,1364,194.2,76.9,21.14,12.797,11.543,4.199,83.0,85.5,80.0,1687,1,74.9,0.23
692,195,3.65,46.1,1,95.0,93.89999999999999,1365,194.4,76.9,21.18,12.789,11.535,4.199,83.0,85.4,80.0,1687,1,74.9,0.23
693,195,3.65,45.56,1,95.1,93.89999999999999,1366,194.7,77.1,21.17,12.797,11.527,4.199,83.0,85.4,80.0,1687,1,74.8,0.23
694,196,3.675,45.87,1,95.1,93.89999999999999,1366,194.8,77.0,21.19,12.812,11.523,4.199,83.0,85.3,80.0,1687,1,74.7,0.23
695,196,3.675,45.51,1,95.1,93.89999999999999,1366,194.9,77.3,21.18,12.828,11.516,4.199,83.0,85.2,80.0,1687,1,74.7,0.23
696,197,3.675,45.54,1,95.1,93.89999999999999,1367,194.9,77.0,21.18,12.844,11.508,4.199,82.0,85.2,80.0,1687,1,74.7,0.23
697,197,3.7,45.65,1,95.0,93.89999999999999,1367,194.9,76.8,21.16,12.875,11.5,4.199,82.0,85.1,80.0,1687,1,74.7,0.23
698,198,3.7,45.53,1,95.0,93.89999999999999,1367,195.1,77.0,21.18,12.891,11.492,4.199,82.0,85.0,80.0,1687,1,74.6,0.23
699,198,3.7,46.2,1,95.0,93.8,1366,195.2,77.2,21.18,12.914,11.48,4.199,82.0,84.9,80.0,1687,1,74.6,0.26
700,199,3.725,45.29,1,95.0,93.8,1366,195.2,76.9,21.19,12.93,11.477,4.199,82.0,84.8,80.0,1687,1,74.5,0.22
701,199,3.725,46.13,1,95.0,93.8,1366,195.3,77.0,21.23,12.938,11.469,4.199,82.0,84.8,80.0,1687,1,74.5,0.21
702,200,3.725,45.78,1,95.0,93.8,1366,195.3,77.0,21.17,12.93,11.461,4.199,82.0,84.7,80.0,1687,1,74.5,0.25
703,200,3.75,45.52,1,95.0,93.8,1365,195.5,77.0,21.16,12.93,11.457,4.199,82.0,84.6,80.0,1687,1,74.4,0.25
704,200,3.75,46.16,1,95.1,93.8,1365,195.5,77.0,21.18,12.922,11.445,4.2,82.0,84.5,80.0,1687,1,74.4,0.23
705,200,3.775,44.98,1,95.0,93.8,1365,195.6,77.2,21.19,12.906,11.438,4.199,82.0,84.4,80.0,1687,1,74.3,0.26
706,201,3.775,46.15,1,95.0,93.8,1365,195.6,77.0,21.13,12.891,11.43,4.199,82.0,84.3,80.0,1687,1,74.3,0.23
707,201,3.775,46.1,1,95.0,93.8,1365,195.6,77.1,21.2,12.875,11.422,4.199,81.0,84.2,80.0,1687,1,74.2,0.23
708,201,3.8,45.86,1,95.0,93.8,1365,195.7,76.9,21.19,12.844,11.41,4.199,82.0,84.1,80.0,1687,1,74.2,0.24
709,201,3.8,46.06,1,95.0,93.7,1365,195.8,77.0,21.19,12.82,11.398,4.199,81.0,84.0,79.0,1687,1,74.2,0.22
710,201,3.825,45.75,1,95.0,93.8,1365,195.9,77.0,21.19,12.781,11.387,4.199,81.0,84.0,79.0,1687,1,74.1,0.22
711,202,3.825,45.66,1,95.0,93.8,1365,195.9,76.9,21.2,12.734,11.379,4.199,81.0,83.8,79.0,1687,1,74.1,0.21
712,202,3.825,45.72,1,95.0,93.7,1365,195.9,76.9,21.13,12.695,11.367,4.199,81.0,83.8,79.0,1687,1,74.1,0.21
713,202,3.85,45.64,1,95.0,93.8,1365,195.9,76.9,21.22,12.656,11.355,4.199,81.0,83.6,79.0,1687,1,74.0,0.21
714,202,3.85,45.95,1,95.0,93.7,1366,195.8,76.9,21.17,12.609,11.344,4.199,81.0,83.6,79.0,1687,1,74.0,0.22
715,202,3.85,45.81,1,95.0,93.7,1366,195.8,76.8,21.25,12.555,11.336,4.199,80.0,83.5,79.0,1687,1,73.9,0.22
716,203,3.875,45.79,1,95.0,93.7,1366,195.7,77.0,21.03,12.5,11.324,4.199,81.0,83.4,79.0,1688,1,73.9,0.22
717,203,3.875,45.47,1,95.0,93.7,1366,195.8,77.1,20.97,12.445,11.316,4.199,81.0,83.4,79.0,1688,1,73.8,0.23
718,203,3.9,45.79,1,95.1,93.7,1366,195.7,77.1,21.02,12.391,11.305,4.199,81.0,83.3,79.0,1687,1,73.8,0.23
719,203,3.9,45.9,1,95.0,93.7,1366,195.6,76.9,20.86,12.336,11.297,4.2,80.0,83.3,79.0,1687,1,73.7,0.23
720,203,3.9,45.46,1,95.0,93.7,1366,195.5,77.0,20.91,12.273,11.285,4.199,80.0,83.3,79.0,1687,1,73.7,0.25
721,204,3.925,45.66,1,95.1,93.8,1366,195.5,77.3,20.89,12.219,11.277,4.199,81.0,83.2,79.0,1687,1,73.7,0.26
722,204,3.925,45.62,1,95.1,93.7,1366,195.6,77.1,20.78,12.172,11.27,4.199,81.0,83.2,79.0,1687,1,73.6,0.23
723,204,3.925,46.01,1,95.1,93.7,1366,195.7,77.1,20.95,12.109,11.262,4.199,80.0,83.2,79.0,1687,1,73.6,0.24
724,204,3.95,45.7,1,95.1,93.7,1366,195.5,77.0,21.0,12.062,11.25,4.199,80.0,83.2,79.0,1687,1,73.6,0.24
725,204,3.95,45.62,1,95.1,93.7,1366,195.5,76.8,20.97,12.008,11.242,4.199,81.0,83.2,79.0,1687,1,73.5,0.25
726,204,3.975,45.56,1,95.1,93.7,1366,195.6,77.0,20.9,11.961,11.234,4.2,81.0,83.2,79.0,1687,1,73.5,0.22
727,204,3.975,45.8,1,95.1,93.7,1366,195.4,76.9,20.85,11.906,11.223,4.199,81.0,83.3,79.0,1687,1,73.4,0.24
728,204,3.975,45.64,1,95.1,93.7,1366,195.4,76.9,20.99,11.844,11.215,4.199,81.0,83.3,79.0,1687,1,73.4,0.24
729,204,4.0,45.83,1,95.1,93.7,1366,195.4,77.1,20.96,11.797,11.203,4.199,81.0,83.3,79.0,1688,1,73.3,0.24
730,204,4.0,45.81,1,95.19999999999999,93.8,1366,195.4,77.1,21.0,11.734,11.191,4.199,81.0,83.3,79.0,1688,1,73.3,0.22
731,204,4.0,45.69,1,95.19999999999999,93.7,1367,195.4,76.8,20.94,11.688,11.18,4.199,81.0,83.3,79.0,1688,1,73.2,0.23
732,204,4.025,45.52,1,95.19999999999999,93.7,1367,195.3,77.0,20.9,11.625,11.168,4.199,81.0,83.3,79.0,1688,1,73.2,0.24
733,205,4.025,45.66,1,95.1,93.7,1368,195.3,77.0,21.06,11.57,11.156,4.199,81.0,83.3,79.0,1688,1,73.2,0.24
734,205,4.025,45.65,1,95.19999999999999,93.7,1367,195.2,76.7,20.88,11.516,11.145,4.199,81.0,83.3,79.0,1688,1,73.1,0.24
735,205,4.05,45.66,1,95.19999999999999,93.7,1368,195.2,76.9,20.95,11.445,11.129,4.199,81.0,83.4,79.0,1688,1,73.1,0.23
736,205,4.05,45.63,1,95.19999999999999,93.7,1368,195.3,77.0,20.91,11.391,11.121,4.2,81.0,83.4,79.0,1688,1,73.1,0.23
737,206,4.05,45.56,1,95.19999999999999,93.7,1369,195.2,77.0,21.01,11.336,11.109,4.2,81.0,83.4,79.0,1688,1,73.0,0.24
738,206,4.075,45.47,1,95.19999999999999,93.7,1370,195.3,76.9,20.96,11.297,11.102,4.2,81.0,83.4,79.0,1688,1,73.0,0.24
739,207,4.075,45.38,1,95.19999999999999,93.7,1370,195.3,77.1,20.93,11.258,11.094,4.199,81.0,83.4,79.0,1688,1,72.9,0.24
740,207,4.075,45.57,1,95.19999999999999,93.8,1370,195.1,77.2,20.92,11.234,11.086,4.199,81.0,83.4,79.0,1688,1,72.9,0.24
741,208,4.075,45.62,1,95.19999999999999,93.7,1371,195.0,77.2,20.9,11.211,11.078,4.199,81.0,83.4,79.0,1688,1,72.8,0.24
742,208,4.1,45.52,1,95.19999999999999,93.7,1371,195.1,77.3,20.92,11.195,11.074,4.2,81.0,83.4,79.0,1688,1,72.8,0.24
743,209,4.1,45.62,1,95.19999999999999,93.8,1371,195.1,77.3,20.87,11.18,11.07,4.199,81.0,83.4,79.0,1688,1,72.7,0.24
744,209,4.1,45.61,1,95.19999999999999,93.7,1371,195.2,77.1,20.95,11.164,11.062,4.199,81.0,83.4,79.0,1688,1,72.7,0.24
745,209,4.125,45.48,1,95.19999999999999,93.7,1371,195.1,77.2,20.95,11.164,11.055,4.199,81.0,83.4,79.0,1688,1,72.7,0.24
746,210,4.125,45.63,1,95.19999999999999,93.7,1371,195.0,77.2,20.93,11.148,11.051,4.199,81.0,83.4,79.0,1688,1,72.6,0.24
747,210,4.125,45.72,1,95.19999999999999,93.7,1371,195.0,77.1,20.88,11.141,11.043,4.199,81.0,83.4,79.0,1688,1,72.6,0.24
748,210,4.125,45.48,1,95.19999999999999,93.7,1371,195.0,77.1,21.0,11.117,11.035,4.199,81.0,83.4,79.0,1688,1,72.5,0.24
749,210,4.15,45.44,1,95.19999999999999,93.7,1371,195.0,77.0,20.87,11.094,11.027,4.199,81.0,83.3,79.0,1688,1,72.5,0.24
750,210,4.15,45.45,1,95.19999999999999,93.7,1371,195.0,77.0,20.96,11.07,11.016,4.199,81.0,83.3,79.0,1688,1,72.4,0.25
751,210,4.15,45.43,1,95.19999999999999,93.7,1371,194.9,76.8,21.07,11.047,11.008,4.199,81.0,83.3,79.0,1688,1,72.4,0.25
752,211,4.15,45.38,1,95.3,93.7,1372,194.9,77.1,20.89,11.016,10.996,4.199,80.0,83.3,79.0,1688,1,72.4,0.24
753,211,4.175,45.44,1,95.19999999999999,93.7,1372,194.9,77.3,20.97,10.984,10.988,4.199,81.0,83.2,79.0,1688,1,72.3,0.24
754,211,4.175,45.45,1,95.19999999999999,93.7,1371,194.9,77.3,21.05,10.953,10.977,4.199,80.0,83.2,79.0,1688,1,72.3,0.24
755,211,4.175,45.45,1,95.19999999999999,93.7,1371,195.0,77.1,21.02,10.922,10.969,4.199,80.0,83.2,79.0,1688,1,72.2,0.24
756,211,4.2,45.41,1,95.19999999999999,93.7,1372,195.0,77.1,21.03,10.891,10.957,4.199,80.0,83.2,79.0,1688,1,72.2,0.24
757,211,4.175,45.32,1,95.19999999999999,93.7,1372,195.0,77.0,20.93,10.859,10.945,4.199,81.0,83.1,79.0,1688,1,72.1,0.25
758,211,4.2,45.49,1,95.19999999999999,93.7,1372,194.9,76.9,20.94,10.828,10.934,4.199,81.0,83.1,79.0,1688,1,72.1,0.23
759,211,4.2,45.38,1,95.3,93.7,1373,194.9,77.0,20.92,10.805,10.926,4.199,80.0,83.1,79.0,1688,1,72.1,0.23
760,212,4.2,45.45,1,95.19999999999999,93.7,1373,194.8,77.1,20.93,10.789,10.914,4.199,80.0,83.0,79.0,1688,1,72.0,0.24
761,212,4.2,45.21,1,95.19999999999999,93.7,1373,194.8,77.2,21.04,10.773,10.906,4.199,80.0,83.0,79.0,1688,1,72.0,0.24
762,212,4.225,45.3,1,95.19999999999999,93.7,1373,194.8,77.0,20.93,10.75,10.895,4.199,80.0,82.9,79.0,1688,1,71.9,0.24
763,212,4.225,45.47,1,95.19999999999999,93.7,1374,194.8,77.2,20.93,10.734,10.883,4.2,80.0,82.8,79.0,1688,1,71.9,0.24
764,212,4.225,45.32,1,95.3,93.7,1374,194.9,77.2,20.95,10.727,10.875,4.199,80.0,82.8,79.0,1688,1,71.8,0.24
765,213,4.25,45.25,1,95.19999999999999,93.7,1376,194.8,77.2,21.01,10.711,10.863,4.199,79.0,82.7,79.0,1688,1,71.8,0.23
766,213,4.25,45.34,1,95.19999999999999,93.7,1376,194.8,77.2,21.03,10.711,10.855,4.199,80.0,82.6,79.0,1688,1,71.7,0.24
767,213,4.25,45.12,1,95.19999999999999,93.7,1376,194.8,77.3,21.0,10.695,10.848,4.2,79.0,82.4,79.0,1688,1,71.7,0.25
768,213,4.25,45.32,1,95.19999999999999,93.7,1376,194.7,77.1,20.94,10.688,10.84,4.199,79.0,82.3,79.0,1688,1,71.6,0.24
769,214,4.25,45.31,1,95.19999999999999,93.7,1377,194.7,77.2,20.92,10.68,10.832,4.199,79.0,82.2,79.0,1688,1,71.6,0.24
770,214,4.275,45.31,1,95.19999999999999,93.7,1377,194.5,77.0,21.04,10.664,10.82,4.199,79.0,82.0,79.0,1688,1,71.5,0.23
771,214,4.275,45.36,1,95.19999999999999,93.7,1377,194.5,77.0,20.91,10.656,10.813,4.2,79.0,81.9,79.0,1688,1,71.5,0.24
772,214,4.275,45.19,1,95.19999999999999,93.7,1377,194.6,77.0,21.04,10.648,10.805,4.199,79.0,81.8,79.0,1688,1,71.5,0.23
773,214,4.275,45.31,1,95.19999999999999,93.7,1377,194.7,77.2,20.96,10.648,10.801,4.2,79.0,81.6,79.0,1688,1,71.4,0.24
774,214,4.275,45.21,1,95.19999999999999,93.60000000000001,1378,194.7,76.9,20.96,10.633,10.793,4.2,79.0,81.4,79.0,1688,1,71.4,0.21
775,215,4.3,45.42,1,95.19999999999999,93.60000000000001,1378,194.7,77.0,20.94,10.609,10.781,4.199,78.0,81.3,79.0,1688,1,71.3,0.25
776,215,4.3,45.27,1,95.19999999999999,93.7,1378,194.7,77.1,20.94,10.586,10.773,4.199,78.0,81.1,79.0,1688,1,71.3,0.25
777,215,4.3,45.14,1,95.19999999999999,93.60000000000001,1378,194.7,77.1,20.94,10.562,10.762,4.199,78.0,80.9,79.0,1688,1,71.2,0.25
778,215,4.3,45.38,1,95.1,93.60000000000001,1378,194.8,76.8,20.92,10.523,10.754,4.199,78.0,80.8,79.0,1688,1,71.2,0.26
779,215,4.325,45.19,1,95.19999999999999,93.60000000000001,1378,194.8,76.9,20.98,10.492,10.742,4.2,78.0,80.6,79.0,1688,1,71.1,0.25
780,215,4.325,45.34,1,95.19999999999999,93.7,1378,194.8,77.0,20.97,10.461,10.734,4.199,77.0,80.4,79.0,1688,1,71.1,0.25
781,215,4.325,45.2,1,95.19999999999999,93.60000000000001,1379,194.8,77.1,20.91,10.422,10.723,4.2,77.0,80.3,79.0,1688,1,71.0,0.25
782,215,4.35,45.21,1,95.19999999999999,93.60000000000001,1379,194.8,77.0,20.9,10.383,10.711,4.2,77.0,80.1,79.0,1688,1,71.0,0.26
783,215,4.35,45.18,1,95.19999999999999,93.60000000000001,1379,194.7,77.1,20.92,10.336,10.703,4.2,77.0,80.0,79.0,1688,1,71.0,0.27
784,215,4.35,45.21,1,95.19999999999999,93.60000000000001,1379,194.8,77.0,20.96,10.297,10.691,4.199,77.0,79.8,79.0,1688,1,70.9,0.26
785,215,4.35,45.11,1,95.19999999999999,93.60000000000001,1379,194.8,77.3,20.94,10.25,10.684,4.199,77.0,79.7,79.0,1688,1,70.9,0.26
786,215,4.35,45.23,1,95.19999999999999,93.60000000000001,1379,194.8,77.1,20.95,10.211,10.672,4.199,77.0,79.5,79.0,1688,1,70.8,0.26
787,215,4.375,45.32,1,95.19999999999999,93.7,1380,194.8,77.1,20.83,10.156,10.66,4.199,77.0,79.4,79.0,1688,1,70.8,0.25
788,215,4.375,45.23,1,95.19999999999999,93.7,1380,194.8,76.9,20.85,10.109,10.648,4.199,76.0,79.2,79.0,1688,1,70.7,0.25
789,215,4.375,45.23,1,95.19999999999999,93.60000000000001,1379,194.9,76.9,20.93,10.055,10.637,4.199,76.0,79.1,79.0,1688,1,70.7,0.25
790,215,4.4,45.19,1,95.3,93.60000000000001,1379,194.9,77.1,20.96,10.008,10.629,4.199,76.0,79.0,79.0,1688,1,70.6,0.26
791,215,4.4,45.31,1,95.3,93.7,1378,194.8,77.0,20.98,9.953,10.617,4.199,76.0,78.9,79.0,1688,1,70.6,0.24
792,215,4.4,45.26,1,95.3,93.60000000000001,1378,194.9,77.1,20.99,9.891,10.605,4.2,76.0,78.7,79.0,1688,1,70.5,0.26
793,216,4.4,45.09,1,95.3,93.7,1378,194.8,77.0,20.97,9.844,10.594,4.199,76.0,78.6,79.0,1688,1,70.5,0.26
794,216,4.4,45.24,1,95.3,93.60000000000001,1378,194.9,77.0,20.94,9.789,10.582,4.199,76.0,78.5,79.0,1688,1,70.4,0.27
795,216,4.425,45.17,1,95.3,93.7,1378,195.0,77.3,21.16,9.727,10.574,4.199,76.0,78.4,79.0,1688,1,70.4,0.25
796,216,4.425,45.21,1,95.3,93.60000000000001,1378,194.9,77.1,21.4,9.664,10.563,4.199,76.0,78.3,79.0,1688,1,70.3,0.22
797,216,4.425,45.14,1,95.3,93.7,1379,194.8,77.1,21.47,9.602,10.555,4.2,76.0,78.2,79.0,1688,1,70.3,0.22
798,216,4.425,45.18,1,95.39999999999999,93.7,1379,194.7,77.1,21.57,9.547,10.543,4.199,76.0,78.1,79.0,1688,1,70.2,0.21
799,217,4.45,45.07,1,95.39999999999999,93.7,1379,194.9,77.3,21.52,9.484,10.535,4.199,76.0,78.0,79.0,1688,1,70.2,0.21
800,217,4.45,45.27,1,95.3,93.7,1379,195.0,77.2,21.54,9.43,10.527,4.199,76.0,77.9,79.0,1688,1,70.2,0.25
801,217,4.45,45.1,1,95.39999999999999,93.7,1379,194.9,77.0,21.66,9.367,10.516,4.199,76.0,77.9,79.0,1688,1,70.1,0.23
802,217,4.45,45.18,1,95.39999999999999,93.7,1379,194.9,76.9,21.52,9.305,10.508,4.199,75.0,77.8,79.0,1688,1,70.1,0.24
803,217,4.475,45.1,1,95.39999999999999,93.7,1379,194.9,77.1,21.59,9.25,10.5,4.199,76.0,77.7,79.0,1688,1,70.0,0.25
804,218,4.475,45.18,1,95.39999999999999,93.7,1380,194.9,77.4,21.48,9.195,10.488,4.199,74.0,77.6,79.0,1688,1,70.0,0.25
805,218,4.475,45.18,1,95.39999999999999,93.7,1380,194.8,77.5,21.57,9.156,10.48,4.2,74.0,77.5,79.0,1688,1,69.9,0.25
806,218,4.475,45.15,1,95.39999999999999,93.7,1380,194.9,77.4,21.49,9.109,10.469,4.2,74.0,77.4,79.0,1688,1,69.9,0.25
807,218,4.5,45.15,1,95.39999999999999,93.7,1380,195.0,77.3,21.46,9.062,10.461,4.2,74.0,77.4,79.0,1688,1,69.8,0.26
808,219,4.5,45.27,1,95.39999999999999,93.7,1380,195.0,77.0,21.45,9.016,10.449,4.199,74.0,77.3,79.0,1688,1,69.8,0.26
809,219,4.5,45.16,1,95.39999999999999,93.7,1380,195.0,77.1,21.53,8.969,10.441,4.199,74.0,77.2,79.0,1688,1,69.7,0.26
810,219,4.5,45.22,1,95.5,93.7,1380,195.0,77.3,21.46,8.93,10.43,4.199,73.0,77.1,79.0,1688,1,69.7,0.26
811,219,4.5,45.29,1,95.39999999999999,93.7,1380,195.0,77.2,21.61,8.883,10.422,4.2,74.0,77.1,79.0,1688,1,69.6,0.26
812,220,4.5,45.18,1,95.5,93.7,1381,195.0,77.2,21.46,8.859,10.414,4.199,73.0,77.0,79.0,1688,1,69.6,0.26
813,220,4.525,45.25,1,95.5,93.7,1381,195.0,77.2,21.48,8.828,10.406,4.199,73.0,76.9,79.0,1688,1,69.5,0.26
814,221,4.525,45.14,1,95.5,93.7,1382,195.0,77.0,21.48,8.812,10.398,4.199,73.0,76.8,79.0,1688,1,69.5,0.26
815,221,4.525,45.12,1,95.5,93.8,1382,195.1,77.0,21.49,8.797,10.391,4.199,73.0,76.7,79.0,1688,1,69.4,0.23
816,222,4.525,45.18,1,95.5,93.7,1382,195.1,77.0,21.45,8.781,10.383,4.199,73.0,76.7,79.0,1688,1,69.4,0.23
817,222,4.525,45.24,1,95.5,93.8,1382,195.1,77.1,21.48,8.773,10.379,4.199,72.0,76.6,79.0,1688,1,69.3,0.23
818,222,4.525,45.19,1,95.5,93.8,1383,195.1,76.9,21.5,8.781,10.375,4.199,72.0,76.5,79.0,1688,1,69.3,0.22
819,223,4.55,45.22,1,95.5,93.8,1383,195.1,76.8,21.46,8.789,10.367,4.199,73.0,76.4,79.0,1688,1,69.2,0.23
820,223,4.55,45.11,1,95.39999999999999,93.7,1383,195.3,77.0,21.47,8.789,10.363,4.199,72.0,76.3,79.0,1688,1,69.2,0.23
821,223,4.55,45.16,1,95.5,93.7,1384,195.3,77.0,21.5,8.805,10.355,4.199,72.0,76.3,79.0,1688,1,69.1,0.23
822,224,4.55,45.08,1,95.39999999999999,93.7,1384,195.3,77.0,21.49,8.812,10.352,4.199,72.0,76.2,78.0,1688,1,69.1,0.23
823,224,4.55,45.07,1,95.39999999999999,93.7,1383,195.3,77.1,21.19,8.836,10.344,4.199,72.0,76.1,78.0,1688,1,69.0,0.23
824,224,4.575,45.18,1,95.39999999999999,93.7,1382,195.2,77.1,20.82,8.844,10.34,4.199,72.0,76.0,78.0,1688,1,69.0,0.24
825,224,4.575,45.17,1,95.3,93.7,1382,195.2,77.1,20.82,8.852,10.332,4.199,72.0,76.0,78.0,1688,1,68.9,0.24
826,224,4.575,45.18,1,95.3,93.7,1382,195.2,76.9,20.65,8.859,10.324,4.199,72.0,75.9,78.0,1688,1,68.9,0.25
827,224,4.575,45.25,1,95.3,93.7,1381,195.2,76.8,20.8,8.867,10.316,4.199,72.0,75.8,78.0,1688,1,68.9,0.25
828,225,4.575,45.25,1,95.3,93.60000000000001,1381,195.2,76.9,20.8,8.867,10.309,4.199,72.0,75.8,78.0,1688,1,68.8,0.26
829,225,4.6,45.12,1,95.3,93.7,1381,195.2,77.0,20.79,8.867,10.301,4.199,71.0,75.7,78.0,1688,1,68.8,0.28
830,225,4.575,45.02,1,95.3,93.7,1380,195.2,76.7,20.76,8.875,10.293,4.199,72.0,75.6,78.0,1688,1,68.7,0.28
831,225,4.6,45.08,1,95.3,93.7,1380,195.3,77.0,20.74,8.867,10.285,4.199,72.0,75.6,78.0,1688,1,68.7,0.28
832,225,4.6,45.1,1,95.3,93.60000000000001,1381,195.5,77.0,20.81,8.859,10.273,4.199,72.0,75.5,78.0,1688,1,68.6,0.28
833,225,4.6,44.99,1,95.3,93.60000000000001,1380,195.5,76.8,20.81,8.844,10.266,4.2,71.0,75.5,78.0,1688,1,68.5,0.27
834,225,4.6,45.11,1,95.3,93.60000000000001,1381,195.4,76.7,20.82,8.828,10.25,4.199,71.0,75.4,78.0,1688,1,68.5,0.27
835,225,4.625,45.06,1,95.3,93.60000000000001,1381,195.4,76.8,20.79,8.812,10.242,4.199,71.0,75.3,78.0,1688,1,68.5,0.28
836,225,4.625,45.19,1,95.3,93.60000000000001,1381,195.3,76.9,20.82,8.789,10.23,4.199,71.0,75.3,78.0,1688,1,68.4,0.27
837,225,4.625,45.16,1,95.3,93.7,1381,195.4,76.7,20.89,8.766,10.219,4.199,71.0,75.3,78.0,1688,1,68.4,0.28
838,225,4.625,45.15,1,95.3,93.7,1381,195.4,76.9,20.88,8.734,10.211,4.199,71.0,75.2,78.0,1688,1,68.3,0.28
839,225,4.65,45.01,1,95.3,93.60000000000001,1381,195.4,76.9,20.85,8.703,10.203,4.199,71.0,75.2,78.0,1688,1,68.3,0.27
840,226,4.65,45.05,1,95.3,93.60000000000001,1381,195.3,76.8,20.81,8.68,10.191,4.199,71.0,75.1,78.0,1688,1,68.2,0.27
841,226,4.65,45.15,1,95.3,93.7,1380,195.3,76.8,20.82,8.641,10.184,4.199,71.0,75.1,78.0,1688,1,68.1,0.27
842,226,4.65,45.25,1,95.3,93.60000000000001,1380,195.4,76.9,20.83,8.609,10.18,4.199,71.0,75.0,78.0,1688,1,68.1,0.28
843,227,4.65,44.91,1,95.3,93.60000000000001,1381,195.4,76.8,20.82,8.578,10.172,4.199,71.0,75.0,78.0,1688,1,68.1,0.28
844,227,4.65,45.12,1,95.3,93.60000000000001,1381,195.5,76.8,20.85,8.539,10.168,4.199,71.0,75.0,78.0,1688,1,68.0,0.28
845,227,4.65,45.04,1,95.39999999999999,93.60000000000001,1381,195.5,76.7,20.88,8.508,10.16,4.199,71.0,74.9,78.0,1688,1,68.0,0.29
846,228,4.675,45.12,1,95.39999999999999,93.60000000000001,1382,195.5,76.9,20.87,8.469,10.152,4.199,71.0,74.9,78.0,1688,1,67.9,0.28
847,228,4.675,45.03,1,95.3,93.60000000000001,1382,195.5,76.9,20.79,8.43,10.148,4.199,71.0,74.9,78.0,1688,1,67.9,0.28
848,228,4.675,45.08,1,95.3,93.60000000000001,1381,195.5,76.7,20.8,8.391,10.141,4.199,71.0,74.8,78.0,1688,1,67.8,0.28
849,229,4.675,45.02,1,95.3,93.60000000000001,1381,195.5,76.7,20.85,8.359,10.137,4.2,71.0,74.8,78.0,1688,1,67.8,0.27
850,229,4.7,45.2,1,95.3,93.60000000000001,1381,195.5,76.6,20.84,8.32,10.129,4.199,71.0,74.8,78.0,1688,1,67.7,0.27
851,229,4.7,45.12,1,95.39999999999999,93.60000000000001,1380,195.6,76.8,20.86,8.289,10.121,4.199,70.0,74.7,78.0,1688,1,67.6,0.28
852,229,4.7,45.24,1,95.39999999999999,93.7,1381,195.5,76.9,20.82,8.242,10.117,4.199,70.0,74.7,78.0,1688,1,67.6,0.27
853,229,4.7,45.03,1,95.39999999999999,93.60000000000001,1382,195.5,76.8,20.88,8.211,10.109,4.199,71.0,74.7,78.0,1688,1,67.6,0.27
854,229,4.7,44.97,1,95.39999999999999,93.60000000000001,1382,195.4,76.8,20.83,8.172,10.102,4.199,71.0,74.7,78.0,1688,1,67.5,0.27
855,229,4.725,45.18,1,95.39999999999999,93.7,1382,195.5,76.8,20.72,8.133,10.094,4.199,70.0,74.6,78.0,1688,1,67.5,0.28
856,230,4.725,45.0,1,95.39999999999999,93.60000000000001,1382,195.5,77.0,20.83,8.086,10.086,4.199,70.0,74.6,78.0,1688,1,67.4,0.27
857,230,4.725,45.14,1,95.39999999999999,93.60000000000001,1382,195.6,76.8,20.87,8.039,10.074,4.199,70.0,74.6,78.0,1688,1,67.4,0.28
858,230,4.725,45.16,1,95.39999999999999,93.60000000000001,1382,195.6,76.9,20.87,7.992,10.066,4.199,70.0,74.5,78.0,1688,1,67.3,0.28
859,230,4.75,44.94,1,95.39999999999999,93.60000000000001,1382,195.6,76.7,20.84,7.945,10.055,4.199,70.0,74.5,78.0,1688,1,67.3,0.28
860,230,4.75,45.15,1,95.39999999999999,93.60000000000001,1382,195.7,76.6,20.76,7.891,10.047,4.199,70.0,74.5,78.0,1688,1,67.2,0.28
861,230,4.75,45.28,1,95.39999999999999,93.60000000000001,1382,195.8,76.7,21.03,7.844,10.035,4.199,70.0,74.5,78.0,1688,1,67.2,0.28
862,230,4.75,45.06,1,95.5,93.7,1382,195.7,76.9,21.26,7.797,10.027,4.199,70.0,74.5,78.0,1688,1,67.1,0.27
863,230,4.775,45.06,1,95.5,93.7,1382,195.7,76.9,21.45,7.75,10.02,4.199,70.0,74.5,78.0,1688,1,67.1,0.27
864,230,4.75,45.1,1,95.5,93.7,1382,195.7,76.9,21.42,7.711,10.012,4.199,70.0,74.5,78.0,1688,1,67.0,0.28
865,230,4.75,45.14,1,95.5,93.7,1382,195.7,76.8,21.32,7.656,10.004,4.199,70.0,74.5,78.0,1688,1,67.0,0.27
866,231,4.775,45.11,1,95.5,93.7,1383,195.7,76.8,21.36,7.609,9.996,4.199,70.0,74.5,78.0,1688,1,66.9,0.27
867,231,4.775,44.85,1,95.5,93.7,1383,195.7,76.6,21.43,7.562,9.984,4.199,70.0,74.4,78.0,1688,1,66.9,0.27
868,231,4.775,45.12,1,95.6,93.7,1383,195.7,76.9,21.44,7.523,9.977,4.199,70.0,74.4,78.0,1688,1,66.8,0.28
869,231,4.775,44.93,1,95.5,93.7,1382,195.7,77.0,21.33,7.484,9.969,4.2,70.0,74.4,78.0,1688,1,66.8,0.27
870,231,4.8,45.08,1,95.6,93.7,1382,195.7,76.9,21.42,7.445,9.961,4.199,70.0,74.4,78.0,1688,1,66.7,0.27
871,231,4.8,45.06,1,95.6,93.60000000000001,1383,195.7,76.9,21.41,7.406,9.953,4.199,70.0,74.4,78.0,1688,1,66.7,0.27
872,231,4.8,45.14,1,95.6,93.7,1383,195.7,77.1,21.33,7.367,9.945,4.199,70.0,74.4,78.0,1688,1,66.6,0.27
873,231,4.8,44.95,1,95.6,93.7,1384,195.7,77.0,21.41,7.328,9.934,4.199,70.0,74.3,78.0,1688,1,66.6,0.27
874,231,4.825,45.02,1,95.6,93.7,1383,195.6,76.9,21.33,7.289,9.926,4.199,70.0,74.3,78.0,1688,1,66.5,0.27
875,231,4.825,44.92,1,95.6,93.7,1383,195.6,76.8,21.26,7.242,9.918,4.199,70.0,74.3,78.0,1688,1,66.5,0.27
876,231,4.825,45.19,1,95.6,93.7,1383,195.6,77.0,21.32,7.203,9.91,4.199,70.0,74.3,78.0,1688,1,66.4,0.28
877,231,4.825,45.08,1,95.6,93.7,1382,195.6,76.8,21.37,7.148,9.902,4.199,70.0,74.3,78.0,1688,1,66.4,0.27
878,231,4.85,44.91,1,95.6,93.7,1382,195.7,76.7,21.37,7.109,9.891,4.199,70.0,74.3,78.0,1688,1,66.3,0.27
879,231,4.825,44.98,1,95.6,93.7,1382,195.6,76.8,21.48,7.062,9.883,4.199,70.0,74.2,78.0,1688,1,66.3,0.26
880,231,4.825,44.96,1,95.6,93.7,1383,195.8,76.8,21.51,7.023,9.871,4.199,69.0,74.2,78.0,1688,1,66.2,0.26
881,231,4.85,44.91,1,95.6,93.7,1383,195.8,76.7,21.44,6.977,9.863,4.199,70.0,74.2,78.0,1688,1,66.2,0.27
882,231,4.85,44.95,1,95.6,93.7,1383,195.9,76.5,21.39,6.938,9.855,4.199,69.0,74.2,78.0,1688,1,66.1,0.27
883,231,4.85,45.1,1,95.6,93.7,1382,195.9,77.0,21.34,6.898,9.848,4.199,69.0,74.2,78.0,1688,1,66.1,0.27
884,231,4.85,44.98,1,95.6,93.7,1383,195.8,76.6,21.43,6.859,9.836,4.199,69.0,74.2,78.0,1688,1,66.0,0.27
885,231,4.875,45.21,1,95.6,93.7,1383,195.7,76.7,21.42,6.828,9.828,4.199,69.0,74.1,78.0,1688,1,65.9,0.27
886,231,4.875,44.95,1,95.6,93.7,1383,195.7,76.8,21.38,6.781,9.82,4.199,69.0,74.1,78.0,1688,1,65.9,0.26
887,231,4.875,45.01,1,95.6,93.7,1383,195.6,76.9,21.38,6.742,9.813,4.199,69.0,74.1,78.0,1688,1,65.9,0.27
888,231,4.875,45.05,1,95.6,93.60000000000001,1383,195.6,76.7,21.43,6.703,9.805,4.199,69.0,74.1,78.0,1688,1,65.8,0.27
889,231,4.9,45.04,1,95.7,93.7,1383,195.6,76.7,21.38,6.656,9.797,4.199,69.0,74.0,78.0,1688,1,65.7,0.27
890,231,4.9,45.03,1,95.7,93.7,1384,195.6,76.8,21.44,6.617,9.789,4.199,69.0,74.1,78.0,1688,1,65.7,0.27
891,231,4.9,45.19,1,95.7,93.7,1384,195.6,76.7,21.37,6.578,9.781,4.2,69.0,74.0,78.0,1688,1,65.6,0.28
892,231,4.9,45.1,1,95.7,93.7,1384,195.7,76.8,21.43,6.539,9.777,4.2,69.0,74.0,78.0,1688,1,65.6,0.26
893,231,4.9,44.87,1,95.7,93.7,1384,195.6,77.0,21.4,6.492,9.77,4.199,69.0,74.0,78.0,1688,1,65.6,0.26
894,231,4.925,45.03,1,95.7,93.60000000000001,1384,195.6,76.8,21.46,6.453,9.762,4.199,69.0,74.0,78.0,1688,1,65.5,0.27
895,231,4.925,44.9,1,95.7,93.7,1384,195.6,76.9,21.36,6.422,9.754,4.199,70.0,74.0,78.0,1688,1,65.4,0.28
896,231,4.925,45.01,1,95.7,93.7,1384,195.6,76.8,21.37,6.391,9.742,4.199,70.0,73.9,78.0,1688,1,65.4,0.27
897,231,4.925,44.82,1,95.7,93.60000000000001,1384,195.7,76.7,21.41,6.359,9.734,4.199,70.0,73.9,78.0,1688,1,65.3,0.26
898,231,4.95,45.13,1,95.7,93.7,1385,195.7,76.7,21.39,6.328,9.723,4.199,70.0,73.9,78.0,1688,1,65.3,0.27
899,231,4.95,45.1,1,95.7,93.7,1385,195.8,76.6,20.89,6.297,9.715,4.199,69.0,73.9,78.0,1688,1,65.2,0.28
900,231,4.95,44.97,1,95.6,93.60000000000001,1384,195.7,76.6,20.72,6.258,9.703,4.199,70.0,73.9,78.0,1688,1,65.2,0.28
901,231,4.95,44.95,1,95.6,93.60000000000001,1383,195.7,76.5,20.7,6.227,9.695,4.199,70.0,73.8,78.0,1688,1,65.1,0.28
902,231,4.975,44.8,1,95.6,93.60000000000001,1383,195.8,76.5,20.7,6.188,9.688,4.199,69.0,73.9,78.0,1688,1,65.1,0.27
903,232,4.975,44.92,1,95.5,93.60000000000001,1382,195.8,76.4,20.69,6.156,9.68,4.199,69.0,73.9,78.0,1688,1,65.0,0.27
904,232,4.975,44.87,1,95.6,93.60000000000001,1382,195.8,76.5,20.68,6.125,9.668,4.199,70.0,73.9,78.0,1688,1,65.0,0.27
905,232,4.975,45.02,1,95.5,93.60000000000001,1382,195.8,76.7,20.7,6.094,9.66,4.199,70.0,73.8,78.0,1688,1,64.9,0.27
906,232,4.975,44.9,1,95.6,93.60000000000001,1382,195.9,76.9,20.69,6.062,9.656,4.199,70.0,73.8,78.0,1688,1,64.9,0.27
907,232,5.0,45.14,1,95.6,93.60000000000001,1381,195.9,76.7,20.7,6.039,9.648,4.199,69.0,73.8,78.0,1688,1,64.8,0.26
908,233,5.0,45.15,1,95.6,93.60000000000001,1381,195.9,76.7,20.68,6.016,9.641,4.199,70.0,73.8,78.0,1688,1,64.8,0.28
909,233,5.0,44.88,1,95.6,93.60000000000001,1382,196.0,76.8,20.68,5.992,9.637,4.199,69.0,73.8,78.0,1688,1,64.7,0.28
910,233,5.0,44.82,1,95.5,93.5,1382,196.0,76.7,20.68,5.969,9.629,4.199,70.0,73.8,78.0,1688,1,64.6,0.28
911,233,5.0,45.1,1,95.6,93.60000000000001,1381,196.1,76.4,20.67,5.945,9.625,4.199,70.0,73.8,78.0,1688,1,64.6,0.27
912,233,5.0,44.82,1,95.6,93.5,1382,196.2,76.5,20.7,5.906,9.621,4.199,70.0,73.8,78.0,1688,1,64.5,0.28
913,233,5.025,44.67,1,95.6,93.60000000000001,1382,196.2,76.6,20.69,5.891,9.613,4.199,70.0,73.8,78.0,1688,1,64.5,0.28
914,234,5.025,44.76,1,95.6,93.60000000000001,1382,196.2,76.8,20.71,5.859,9.605,4.199,70.0,73.8,77.0,1688,1,64.5,0.27
915,234,5.025,44.82,1,95.6,93.60000000000001,1382,196.2,76.8,20.7,5.844,9.602,4.199,70.0,73.8,77.0,1688,1,64.4,0.27
916,234,5.025,44.91,1,95.6,93.60000000000001,1381,196.3,76.7,20.71,5.812,9.594,4.199,70.0,73.8,77.0,1688,1,64.3,0.27
917,234,5.025,45.11,1,95.6,93.60000000000001,1382,196.3,76.6,20.7,5.781,9.586,4.199,69.0,73.8,77.0,1688,1,64.3,0.27
918,234,5.05,44.98,1,95.6,93.5,1382,196.2,76.6,20.67,5.766,9.578,4.199,69.0,73.8,77.0,1688,1,64.2,0.25
919,234,5.05,45.15,1,95.6,93.5,1382,196.1,76.6,20.71,5.742,9.57,4.2,69.0,73.8,77.0,1688,1,64.2,0.26
920,234,5.05,44.75,1,95.6,93.60000000000001,1382,196.1,76.7,20.71,5.719,9.559,4.199,70.0,73.8,77.0,1688,1,64.1,0.25
921,234,5.05,44.91,1,95.6,93.60000000000001,1383,196.1,76.6,20.69,5.688,9.551,4.199,70.0,73.8,77.0,1688,1,64.1,0.25
922,234,5.05,44.67,1,95.6,93.60000000000001,1382,196.1,76.6,20.73,5.664,9.543,4.199,70.0,73.8,77.0,1688,1,64.0,0.25
923,234,5.075,44.64,1,95.7,93.60000000000001,1382,196.2,76.7,20.73,5.633,9.535,4.199,70.0,73.7,77.0,1688,1,64.0,0.26
924,234,5.075,45.05,1,95.6,93.60000000000001,1382,196.2,76.9,20.71,5.594,9.523,4.199,70.0,73.7,77.0,1688,1,63.9,0.27
925,234,5.075,44.7,1,95.7,93.60000000000001,1382,196.1,76.7,21.26,5.562,9.516,4.199,70.0,73.7,77.0,1688,1,63.8,0.26
926,235,5.075,45.04,1,95.8,93.60000000000001,1382,196.2,76.7,21.37,5.531,9.512,4.199,70.0,73.8,77.0,1688,1,63.8,0.25
927,235,5.075,45.08,1,95.8,93.60000000000001,1383,196.2,76.6,21.29,5.492,9.504,4.199,70.0,73.7,77.0,1688,1,63.7,0.26
928,235,5.075,44.98,1,95.8,93.60000000000001,1383,196.2,76.6,21.38,5.461,9.496,4.199,70.0,73.7,77.0,1688,1,63.7,0.26
929,235,5.1,44.71,1,95.8,93.7,1383,196.2,76.7,21.38,5.422,9.488,4.199,70.0,73.7,77.0,1688,1,63.6,0.28
930,235,5.1,44.83,1,95.8,93.60000000000001,1383,196.2,76.4,21.41,5.383,9.484,4.199,70.0,73.7,77.0,1688,1,63.6,0.28
931,236,5.1,45.04,1,95.8,93.60000000000001,1384,196.2,76.6,21.4,5.344,9.477,4.199,70.0,73.7,77.0,1688,1,63.5,0.25
932,236,5.1,44.81,1,95.8,93.60000000000001,1384,196.2,76.8,21.38,5.305,9.469,4.199,70.0,73.7,77.0,1688,1,63.5,0.25
933,237,5.1,44.97,1,95.8,93.60000000000001,1385,196.3,76.8,21.38,5.273,9.457,4.199,70.0,73.7,77.0,1688,1,63.4,0.26
934,237,5.1,45.03,1,95.8,93.60000000000001,1385,196.4,76.9,21.36,5.234,9.453,4.199,70.0,73.7,77.0,1688,1,63.4,0.27
935,238,5.125,44.7,1,95.8,93.60000000000001,1385,196.4,76.7,21.39,5.203,9.445,4.199,70.0,73.7,77.0,1688,1,63.3,0.26
936,238,5.125,44.61,1,95.8,93.60000000000001,1385,196.3,76.7,21.37,5.172,9.434,4.199,70.0,73.7,77.0,1688,1,63.3,0.26
937,238,5.125,44.95,1,95.8,93.60000000000001,1385,196.3,76.6,21.42,5.148,9.426,4.199,70.0,73.7,77.0,1688,1,63.2,0.24
938,239,5.125,44.93,1,95.8,93.60000000000001,1385,196.3,76.6,21.38,5.133,9.422,4.199,70.0,73.6,77.0,1688,1,63.2,0.24
939,239,5.125,44.8,1,95.8,93.60000000000001,1385,196.3,76.6,21.37,5.109,9.414,4.199,70.0,73.6,77.0,1688,1,63.1,0.23
940,239,5.125,44.85,1,95.8,93.60000000000001,1385,196.3,76.5,21.39,5.086,9.41,4.199,70.0,73.6,77.0,1688,1,63.1,0.23
941,239,5.15,44.91,1,95.8,93.60000000000001,1385,196.3,76.8,21.37,5.055,9.406,4.199,70.0,73.6,77.0,1688,1,63.0,0.24
942,239,5.15,44.84,1,95.8,93.60000000000001,1385,196.2,76.8,21.38,5.023,9.398,4.199,70.0,73.6,77.0,1688,1,62.9,0.24
943,239,5.15,44.69,1,95.8,93.60000000000001,1385,196.2,76.6,21.41,5.0,9.395,4.199,70.0,73.6,77.0,1688,1,62.9,0.23
944,239,5.15,44.98,1,95.89999999999999,93.60000000000001,1385,196.4,76.9,21.35,4.961,9.387,4.199,70.0,73.6,77.0,1688,1,62.8,0.24
945,239,5.15,44.91,1,95.89999999999999,93.60000000000001,1385,196.4,76.7,21.41,4.938,9.379,4.199,70.0,73.6,77.0,1688,1,62.8,0.24
946,239,5.15,44.95,1,95.89999999999999,93.60000000000001,1385,196.3,76.9,21.38,4.898,9.371,4.199,70.0,73.6,77.0,1688,1,62.7,0.24
947,239,5.175,45.03,1,95.89999999999999,93.60000000000001,1385,196.2,77.0,21.41,4.867,9.363,4.199,70.0,73.6,77.0,1688,1,62.7,0.25
948,239,5.175,44.73,1,95.8,93.60000000000001,1385,196.3,76.8,21.4,4.82,9.355,4.199,70.0,73.6,77.0,1688,1,62.6,0.25
949,239,5.175,44.91,1,95.89999999999999,93.60000000000001,1385,196.4,76.7,21.39,4.781,9.348,4.199,70.0,73.6,77.0,1688,1,62.6,0.24
950,239,5.175,44.67,1,95.89999999999999,93.60000000000001,1385,196.4,76.8,21.39,4.742,9.34,4.199,70.0,73.6,77.0,1688,1,62.5,0.24
951,239,5.175,44.81,1,95.89999999999999,93.60000000000001,1384,196.4,76.9,21.4,4.695,9.332,4.199,70.0,73.6,77.0,1688,1,62.5,0.25
952,239,5.2,44.78,1,95.89999999999999,93.60000000000001,1384,196.4,76.9,21.39,4.648,9.328,4.199,70.0,73.5,77.0,1688,1,62.4,0.25
953,239,5.2,44.94,1,95.89999999999999,93.60000000000001,1384,196.4,76.8,21.42,4.609,9.32,4.199,70.0,73.5,77.0,1688,1,62.4,0.25
954,239,5.2,44.9,1,95.89999999999999,93.60000000000001,1384,196.5,76.7,21.35,4.57,9.312,4.199,70.0,73.5,77.0,1688,1,62.3,0.25
955,239,5.2,44.96,1,95.89999999999999,93.60000000000001,1384,196.5,76.7,21.37,4.531,9.305,4.199,70.0,73.5,77.0,1688,1,62.3,0.25
956,239,5.2,44.74,1,95.89999999999999,93.60000000000001,1384,196.5,76.6,21.41,4.484,9.301,4.199,70.0,73.5,77.0,1688,1,62.2,0.25
957,238,5.225,44.75,1,95.89999999999999,93.60000000000001,1384,196.5,76.6,21.38,4.445,9.293,4.199,70.0,73.4,77.0,1688,1,62.1,0.26
958,238,5.225,44.9,1,96.0,93.60000000000001,1384,196.4,76.5,21.39,4.414,9.281,4.199,70.0,73.4,77.0,1688,1,62.1,0.25
959,238,5.225,44.82,1,96.0,93.60000000000001,1384,196.4,76.8,21.38,4.375,9.273,4.199,70.0,73.4,77.0,1688,1,62.0,0.25
960,238,5.225,44.79,1,95.89999999999999,93.60000000000001,1383,196.5,76.8,21.35,4.344,9.262,4.199,70.0,73.3,77.0,1688,1,62.0,0.24
961,237,5.225,44.8,1,95.89999999999999,93.60000000000001,1383,196.5,76.6,21.38,4.305,9.25,4.199,70.0,73.3,77.0,1688,1,61.9,0.24
962,237,5.25,44.81,1,95.89999999999999,93.60000000000001,1382,196.4,76.7,21.25,4.266,9.238,4.199,70.0,73.3,77.0,1688,1,61.9,0.24
963,237,5.25,44.84,1,95.89999999999999,93.60000000000001,1382,196.5,76.6,20.75,4.227,9.23,4.199,70.0,73.2,77.0,1688,1,61.8,0.25
964,237,5.25,44.76,1,95.8,93.5,1382,196.5,76.6,20.7,4.188,9.223,4.199,70.0,73.2,77.0,1688,1,61.8,0.25
965,237,5.25,44.8,1,95.8,93.5,1380,196.5,76.6,20.73,4.148,9.215,4.199,70.0,73.1,77.0,1688,1,61.7,0.24
966,237,5.25,44.81,1,95.8,93.5,1379,196.6,76.6,20.64,4.102,9.203,4.199,70.0,73.1,77.0,1687,1,61.7,0.24
967,237,5.275,44.74,1,95.8,93.5,1379,196.6,76.6,20.72,4.062,9.195,4.199,70.0,73.1,77.0,1688,1,61.6,0.24
968,236,5.275,44.68,1,95.8,93.5,1379,196.6,76.6,20.73,4.016,9.188,4.199,70.0,73.0,77.0,1687,1,61.6,0.24
969,236,5.275,44.74,1,95.8,93.5,1378,196.7,76.4,20.66,3.969,9.18,4.199,70.0,73.0,77.0,1687,1,61.5,0.24
970,236,5.275,44.81,1,95.8,93.5,1378,196.6,76.2,20.7,3.922,9.168,4.199,70.0,72.9,77.0,1687,1,61.5,0.24
971,236,5.275,44.8,1,95.8,93.5,1378,196.7,76.5,20.62,3.867,9.156,4.199,70.0,72.9,77.0,1687,1,61.4,0.23
972,236,5.3,44.85,1,95.8,93.4,1377,196.7,76.5,20.69,3.828,9.145,4.199,70.0,72.9,77.0,1687,1,61.4,0.24
973,236,5.3,44.78,1,95.8,93.4,1376,196.8,76.5,20.68,3.781,9.133,4.199,70.0,72.9,77.0,1687,1,61.3,0.25
974,236,5.3,44.73,1,95.8,93.4,1375,196.9,76.4,20.7,3.734,9.121,4.199,70.0,73.0,77.0,1687,1,61.3,0.24
975,237,5.3,44.76,1,95.8,93.4,1375,197.0,76.5,20.71,3.688,9.113,4.199,70.0,73.0,77.0,1687,1,61.2,0.24
976,237,5.3,44.84,1,95.8,93.4,1375,197.0,76.5,20.72,3.656,9.105,4.199,70.0,73.1,77.0,1687,1,61.1,0.24
977,238,5.3,44.72,1,95.8,93.4,1375,197.1,76.6,20.71,3.609,9.102,4.199,70.0,73.2,77.0,1687,1,61.1,0.25
978,238,5.3,44.73,1,95.8,93.4,1375,197.0,76.8,20.7,3.555,9.102,4.199,70.0,73.2,77.0,1687,1,61.0,0.25
979,238,5.325,44.82,1,95.8,93.4,1376,197.1,76.6,20.72,3.5,9.102,4.199,70.0,73.3,77.0,1687,1,61.0,0.23
980,239,5.325,44.66,1,95.89999999999999,93.5,1376,197.2,76.8,20.74,3.445,9.098,4.199,70.0,73.3,77.0,1687,1,60.9,0.23
981,239,5.325,44.82,1,95.89999999999999,93.4,1376,197.2,76.5,20.69,3.406,9.098,4.199,70.0,73.3,77.0,1687,1,60.9,0.23
982,239,5.325,44.61,1,95.89999999999999,93.4,1376,197.2,76.4,20.7,3.359,9.09,4.199,71.0,73.3,77.0,1687,1,60.8,0.23
983,238,5.325,44.71,1,95.89999999999999,93.4,1376,197.2,76.5,20.71,3.312,9.078,4.199,70.0,73.4,77.0,1687,1,60.8,0.23
984,238,5.325,44.76,1,95.89999999999999,93.4,1376,197.2,76.4,20.71,3.273,9.066,4.199,71.0,73.3,77.0,1687,1,60.7,0.25
985,239,5.325,44.88,1,95.89999999999999,93.4,1375,197.1,76.3,20.72,3.227,9.059,4.199,71.0,73.4,77.0,1687,1,60.7,0.23
986,239,5.35,44.79,1,95.89999999999999,93.4,1375,197.1,76.3,20.71,3.188,9.051,4.199,71.0,73.4,77.0,1687,1,60.6,0.23
987,239,5.35,44.85,1,95.89999999999999,93.4,1375,197.1,76.5,20.7,3.141,9.043,4.199,71.0,73.4,77.0,1687,1,60.6,0.23
988,239,5.35,44.71,1,95.89999999999999,93.4,1375,197.2,76.5,20.7,3.086,9.035,4.199,71.0,73.4,77.0,1687,1,60.5,0.24
989,240,5.35,44.69,1,95.89999999999999,93.4,1375,197.1,76.5,20.88,3.039,9.031,4.199,71.0,73.5,77.0,1687,1,60.5,0.24
990,240,5.35,44.68,1,96.0,93.5,1376,197.1,76.4,21.19,2.984,9.023,4.199,71.0,73.5,77.0,1687,1,60.4,0.25
991,240,5.35,44.81,1,96.1,93.5,1377,197.1,76.7,21.2,2.938,9.02,4.199,71.0,73.5,77.0,1687,1,60.4,0.24
992,240,5.35,44.82,1,96.1,93.5,1378,197.1,76.4,21.28,2.891,9.016,4.199,71.0,73.5,77.0,1687,1,60.3,0.25
993,240,5.375,44.78,1,96.1,93.5,1378,197.2,76.5,21.27,2.844,9.008,4.199,71.0,73.5,77.0,1687,1,60.3,0.25
994,240,5.375,44.83,1,96.1,93.5,1378,197.2,76.5,21.23,2.797,9.004,4.199,71.0,73.5,77.0,1687,1,60.2,0.26
995,241,5.375,44.73,1,96.1,93.5,1378,197.2,76.4,21.29,2.758,8.996,4.199,71.0,73.5,77.0,1687,1,60.1,0.25
996,241,5.375,44.79,1,96.1,93.5,1378,197.1,76.5,21.28,2.703,8.988,4.199,71.0,73.5,77.0,1687,1,60.1,0.26
997,241,5.375,44.78,1,96.1,93.5,1378,197.2,76.4,21.27,2.656,8.98,4.199,71.0,73.5,77.0,1687,1,60.0,0.24
998,241,5.375,44.67,1,96.1,93.5,1378,197.2,76.2,21.25,2.609,8.973,4.199,71.0,73.5,77.0,1687,1,60.0,0.24
999,241,5.4,44.73,1,96.1,93.5,1378,197.1,76.3,21.25,2.562,8.965,4.199,71.0,73.5,77.0,1687,1,59.9,0.24
1000,241,5.4,44.88,1,96.1,93.5,1377,197.1,76.4,21.29,2.508,8.957,4.199,71.0,73.5,77.0,1687,1,59.9,0.23
1001,241,5.4,44.76,1,96.1,93.5,1377,197.0,76.5,21.33,2.461,8.949,4.199,71.0,73.4,77.0,1687,1,59.8,0.24
1002,241,5.4,44.68,1,96.1,93.5,1377,197.1,76.6,21.28,2.414,8.945,4.199,71.0,73.4,77.0,1687,1,59.8,0.22
1003,241,5.4,44.67,1,96.1,93.5,1377,197.1,76.5,21.27,2.359,8.938,4.199,71.0,73.4,77.0,1687,1,59.7,0.24
1004,241,5.425,44.78,1,96.1,93.5,1377,197.1,76.7,21.23,2.297,8.93,4.199,71.0,73.4,77.0,1687,1,59.7,0.24
1005,241,5.425,44.69,1,96.2,93.5,1377,197.1,76.4,21.25,2.242,8.922,4.199,70.0,73.4,77.0,1687,1,59.6,0.23
1006,241,5.425,44.69,1,96.1,93.5,1377,197.1,76.6,21.22,2.18,8.914,4.199,71.0,73.3,77.0,1687,1,59.6,0.22
1007,241,5.425,44.74,1,96.2,93.5,1377,197.1,76.7,21.31,2.117,8.91,4.199,71.0,73.3,77.0,1687,1,59.5,0.2
1008,241,5.425,44.81,1,96.2,93.5,1377,197.1,76.5,21.31,2.062,8.902,4.199,70.0,73.3,77.0,1687,1,59.5,0.21
1009,241,5.425,44.78,1,96.2,93.5,1377,197.0,76.5,21.22,2.0,8.895,4.199,71.0,73.2,77.0,1687,1,59.4,0.24
1010,241,5.45,44.62,1,96.2,93.5,1377,197.0,76.4,21.29,1.938,8.887,4.199,70.0,73.2,77.0,1687,1,59.4,0.24
1011,241,5.45,44.8,1,96.2,93.5,1377,197.0,76.7,21.25,1.875,8.883,4.199,70.0,73.2,77.0,1687,1,59.3,0.24
1012,241,5.45,44.74,1,96.2,93.5,1377,197.0,76.9,21.25,1.836,8.879,4.199,70.0,73.1,77.0,1687,1,59.2,0.23
1013,241,5.45,44.79,1,96.2,93.5,1377,197.0,76.4,21.23,1.797,8.875,4.199,70.0,73.1,77.0,1687,1,59.2,0.22
1014,241,5.45,44.73,1,96.2,93.5,1378,197.0,76.5,21.25,1.766,8.867,4.199,70.0,73.0,77.0,1687,1,59.1,0.23
1015,240,5.45,44.82,1,96.2,93.5,1378,197.0,76.5,21.26,1.727,8.855,4.199,70.0,73.0,76.0,1687,1,59.1,0.22
1016,240,5.475,44.73,1,96.2,93.5,1378,197.1,76.6,21.26,1.688,8.844,4.199,70.0,72.9,76.0,1687,1,59.0,0.23
1017,240,5.475,44.87,1,96.2,93.5,1377,197.1,76.4,21.27,1.641,8.832,4.199,70.0,72.9,76.0,1687,1,59.0,0.23
1018,240,5.475,44.81,1,96.2,93.5,1377,197.1,76.4,21.31,1.578,8.82,4.199,70.0,72.9,76.0,1687,1,58.9,0.21
1019,239,5.475,44.79,1,96.2,93.5,1376,197.1,76.5,21.3,1.523,8.809,4.199,70.0,72.8,76.0,1687,1,58.9,0.2
1020,239,5.5,44.67,1,96.2,93.4,1377,197.2,76.4,21.25,1.461,8.801,4.199,70.0,72.8,76.0,1687,1,58.8,0.22
1021,239,5.5,44.76,1,96.2,93.4,1377,197.1,76.6,21.25,1.398,8.789,4.199,70.0,72.7,76.0,1687,1,58.8,0.23
1022,239,5.5,44.79,1,96.3,93.5,1378,197.0,76.4,21.27,1.336,8.777,4.199,69.0,72.7,76.0,1687,1,58.7,0.23
1023,239,5.5,44.7,1,96.3,93.5,1377,197.0,76.3,21.24,1.266,8.773,4.199,70.0,72.6,76.0,1687,1,58.6,0.22
1024,239,5.5,44.78,1,96.3,93.5,1377,197.1,76.5,21.23,1.188,8.762,4.199,70.0,72.6,76.0,1687,1,58.6,0.22
1025,239,5.5,44.72,1,96.3,93.4,1377,197.1,76.2,21.24,1.117,8.754,4.199,69.0,72.6,76.0,1687,1,58.5,0.22
1026,239,5.5,44.83,1,96.3,93.5,1377,197.1,76.5,21.31,1.031,8.742,4.199,70.0,72.5,76.0,1687,1,58.5,0.23
1027,239,5.525,44.48,1,96.3,93.5,1377,197.1,76.3,21.27,0.953,8.738,4.199,69.0,72.5,76.0,1687,1,58.4,0.22
1028,239,5.525,44.75,1,96.3,93.5,1377,197.0,76.3,21.31,0.883,8.734,4.199,69.0,72.4,76.0,1687,1,58.4,0.22
1029,239,5.525,44.84,1,96.3,93.5,1377,197.0,76.4,21.29,0.805,8.727,4.199,69.0,72.4,76.0,1687,1,58.3,0.22
1030,239,5.525,44.78,1,96.3,93.4,1378,197.0,76.6,21.24,0.742,8.719,4.199,69.0,72.3,76.0,1687,1,58.3,0.22
1031,239,5.525,44.71,1,96.3,93.4,1377,197.0,76.6,21.24,0.672,8.707,4.199,69.0,72.3,76.0,1687,1,58.2,0.23
1032,239,5.525,44.71,1,96.39999999999999,93.5,1377,197.0,76.6,21.23,0.602,8.699,4.199,69.0,72.2,76.0,1687,1,58.2,0.23
1033,239,5.55,44.76,1,96.3,93.4,1377,197.0,76.4,21.24,0.531,8.695,4.199,69.0,72.2,76.0,1687,1,58.1,0.24
1034,239,5.55,44.64,1,96.39999999999999,93.4,1377,196.9,76.5,21.28,0.469,8.688,4.199,69.0,72.1,76.0,1687,1,58.1,0.23
1035,239,5.55,44.63,1,96.39999999999999,93.4,1377,196.9,76.4,21.3,0.398,8.684,4.199,69.0,72.1,76.0,1687,1,58.0,0.24
1036,239,5.55,44.62,1,96.39999999999999,93.4,1378,196.9,76.6,21.26,0.344,8.672,4.199,69.0,72.0,76.0,1687,1,57.9,0.22
1037,239,5.55,44.57,1,96.39999999999999,93.4,1378,197.0,76.5,21.28,0.281,8.668,4.199,69.0,72.0,76.0,1687,1,57.9,0.21
1038,240,5.55,44.7,1,96.39999999999999,93.5,1377,196.9,76.6,21.21,0.211,8.66,4.199,69.0,71.9,76.0,1687,1,57.8,0.21
1039,240,5.55,44.62,1,96.39999999999999,93.5,1377,196.9,76.6,21.19,0.141,8.656,4.199,69.0,71.9,76.0,1687,1,57.8,0.22
1040,240,5.55,44.66,1,96.39999999999999,93.5,1378,196.8,76.6,21.25,0.078,8.648,4.199,69.0,71.8,76.0,1687,1,57.7,0.23
1041,240,5.575,44.83,1,96.39999999999999,93.4,1377,196.8,76.5,21.24,0.023,8.645,4.199,69.0,71.8,76.0,1687,1,57.7,0.24
1042,240,5.575,44.67,1,96.5,93.4,1378,196.8,76.4,21.23,-0.039,8.641,4.199,68.0,71.7,76.0,1687,1,57.6,0.21
1043,240,5.575,44.66,1,96.5,93.4,1378,196.8,76.5,21.22,-0.094,8.633,4.199,68.0,71.7,76.0,1687,1,57.5,0.2
1044,239,5.575,44.6,1,96.5,93.4,1378,196.9,76.6,21.27,-0.148,8.625,4.199,68.0,71.6,76.0,1687,1,57.5,0.22
1045,239,5.575,44.74,1,96.5,93.4,1378,196.8,76.5,21.28,-0.203,8.617,4.199,68.0,71.5,76.0,1687,1,57.4,0.22
1046,239,5.575,44.65,1,96.5,93.4,1378,196.8,76.5,21.26,-0.258,8.605,4.199,67.0,71.5,76.0,1687,1,57.4,0.22
1047,239,5.575,44.96,1,96.5,93.5,1378,196.8,76.6,21.28,-0.312,8.598,4.199,68.0,71.4,76.0,1687,1,57.3,0.22
1048,239,5.6,44.82,1,96.5,93.4,1378,196.7,76.5,21.26,-0.375,8.59,4.199,67.0,71.4,76.0,1687,1,57.3,0.22
1049,239,5.6,44.47,1,96.5,93.4,1378,196.6,76.4,21.3,-0.438,8.582,4.199,67.0,71.3,76.0,1687,1,57.2,0.21
1050,239,5.6,44.61,1,96.5,93.4,1377,196.7,76.5,21.31,-0.492,8.578,4.199,67.0,71.3,76.0,1687,1,57.1,0.21
1051,239,5.6,44.7,1,96.5,93.4,1378,196.7,76.4,21.27,-0.555,8.57,4.199,67.0,71.2,76.0,1686,1,57.1,0.21
1052,239,5.6,44.78,1,96.5,93.4,1378,196.6,76.5,21.3,-0.609,8.566,4.199,67.0,71.2,76.0,1686,1,57.0,0.22
1053,239,5.6,44.67,1,96.5,93.4,1378,196.6,76.5,21.3,-0.672,8.559,4.199,67.0,71.1,76.0,1686,1,57.0,0.22
1054,239,5.6,44.64,1,96.5,93.5,1378,196.6,76.4,21.24,-0.727,8.551,4.199,67.0,71.1,76.0,1686,1,56.9,0.22
1055,239,5.625,44.68,1,96.5,93.5,1379,196.6,76.3,21.02,-0.773,8.547,4.199,67.0,71.0,76.0,1686,1,56.9,0.21
1056,239,5.625,44.76,1,96.6,93.4,1379,196.6,76.4,20.92,-0.828,8.539,4.199,67.0,70.9,76.0,1686,1,56.8,0.2
1057,239,5.625,44.72,1,96.6,93.4,1379,196.5,76.6,20.93,-0.875,8.531,4.199,67.0,70.9,76.0,1686,1,56.8,0.21
1058,239,5.625,44.65,1,96.5,93.4,1378,196.5,76.5,20.96,-0.93,8.52,4.199,67.0,70.8,76.0,1686,1,56.7,0.22
1059,239,5.625,44.78,1,96.6,93.5,1378,196.6,76.5,20.9,-0.992,8.512,4.199,67.0,70.8,76.0,1686,1,56.6,0.21
1060,239,5.625,44.64,1,96.6,93.5,1378,196.6,76.3,20.94,-1.055,8.508,4.199,67.0,70.7,76.0,1686,1,56.6,0.2
1061,239,5.625,44.85,1,96.6,93.5,1379,196.6,76.5,20.87,-1.109,8.5,4.199,67.0,70.7,76.0,1686,1,56.5,0.21
1062,239,5.65,44.78,1,96.6,93.4,1378,196.6,76.5,20.94,-1.164,8.492,4.199,67.0,70.6,76.0,1686,1,56.4,0.18
1063,238,5.65,44.71,1,96.6,93.5,1378,196.5,76.3,20.9,-1.219,8.484,4.199,67.0,70.6,76.0,1686,1,56.4,0.18
1064,238,5.65,44.7,1,96.6,93.4,1378,196.5,76.3,20.95,-1.281,8.477,4.199,67.0,70.5,76.0,1686,1,56.3,0.19
1065,238,5.65,44.53,1,96.6,93.4,1379,196.6,76.4,20.96,-1.336,8.473,4.199,67.0,70.4,76.0,1686,1,56.3,0.21
1066,238,5.65,44.6,1,96.6,93.5,1378,196.6,76.4,20.95,-1.383,8.465,4.199,67.0,70.4,76.0,1686,1,56.2,0.18
1067,238,5.65,44.67,1,96.7,93.5,1379,196.6,76.5,20.89,-1.43,8.457,4.199,67.0,70.3,76.0,1686,1,56.2,0.19
1068,237,5.675,44.71,1,96.6,93.5,1379,196.6,76.5,20.95,-1.477,8.445,4.199,67.0,70.3,76.0,1686,1,56.1,0.19
1069,237,5.675,44.83,1,96.7,93.5,1379,196.6,76.6,20.93,-1.516,8.438,4.199,67.0,70.2,76.0,1686,1,56.0,0.18
1070,237,5.675,44.63,1,96.6,93.4,1380,196.6,76.4,20.95,-1.555,8.426,4.199,67.0,70.1,76.0,1686,1,56.0,0.19
1071,237,5.675,44.64,1,96.6,93.4,1380,196.6,76.4,20.92,-1.594,8.414,4.199,67.0,70.1,76.0,1686,1,55.9,0.19
1072,236,5.675,44.65,1,96.7,93.5,1380,196.7,76.3,20.92,-1.633,8.402,4.199,67.0,70.0,76.0,1686,1,55.9,0.18
1073,236,5.675,44.74,1,96.6,93.4,1379,196.6,76.2,20.94,-1.688,8.391,4.199,67.0,69.9,76.0,1686,1,55.8,0.19
1074,237,5.7,44.69,1,96.7,93.4,1379,196.6,76.2,20.91,-1.734,8.383,4.199,67.0,69.9,76.0,1686,1,55.8,0.19
1075,237,5.7,44.66,1,96.6,93.4,1379,196.6,76.5,20.93,-1.781,8.375,4.199,67.0,69.8,76.0,1686,1,55.7,0.2
1076,237,5.7,44.49,1,96.6,93.4,1379,196.7,76.3,20.96,-1.82,8.363,4.199,67.0,69.7,76.0,1686,1,55.6,0.21
1077,237,5.7,44.62,1,96.6,93.4,1379,196.7,76.4,20.93,-1.859,8.355,4.199,66.0,69.7,76.0,1686,1,55.6,0.21
1078,237,5.7,44.64,1,96.7,93.5,1380,196.7,76.4,20.94,-1.891,8.352,4.199,67.0,69.6,76.0,1686,1,55.5,0.22
1079,238,5.7,44.67,1,96.7,93.5,1380,196.7,76.4,20.9,-1.914,8.344,4.199,67.0,69.6,76.0,1686,1,55.5,0.23
1080,238,5.7,44.62,1,96.7,93.5,1380,196.7,76.5,20.88,-1.922,8.344,4.199,67.0,69.5,76.0,1686,1,55.4,0.21
1081,239,5.7,44.56,1,96.6,93.4,1380,196.7,76.6,20.88,-1.93,8.34,4.199,67.0,69.5,76.0,1686,1,55.3,0.21
1082,239,5.7,44.65,1,96.7,93.4,1379,196.7,76.5,20.91,-1.938,8.336,4.199,66.0,69.4,76.0,1686,1,55.3,0.22
1083,240,5.7,44.42,1,96.7,93.4,1380,196.6,76.6,20.89,-1.945,8.336,4.199,66.0,69.4,76.0,1686,1,55.2,0.19
1084,240,5.7,44.67,1,96.7,93.5,1380,196.7,76.7,20.88,-1.961,8.332,4.199,66.0,69.4,76.0,1686,1,55.2,0.2
1085,240,5.7,44.79,1,96.6,93.4,1380,196.6,76.3,20.94,-1.961,8.328,4.199,66.0,69.3,76.0,1686,1,55.1,0.22
1086,240,5.725,44.61,1,96.6,93.5,1379,196.6,76.3,20.91,-1.977,8.324,4.199,66.0,69.3,76.0,1686,1,55.0,0.21
1087,240,5.725,44.88,1,96.7,93.4,1380,196.6,76.2,20.89,-1.984,8.32,4.199,66.0,69.3,76.0,1686,1,55.0,0.21
1088,241,5.725,44.74,1,96.7,93.4,1380,196.6,76.3,20.92,-1.992,8.316,4.199,66.0,69.2,76.0,1686,1,54.9,0.22
1089,241,5.725,44.57,1,96.6,93.4,1380,196.5,76.3,20.91,-2.008,8.312,4.199,66.0,69.2,76.0,1686,1,54.9,0.22
1090,241,5.725,44.68,1,96.7,93.4,1380,196.6,76.2,20.97,-2.023,8.305,4.199,66.0,69.2,76.0,1686,1,54.8,0.23
1091,241,5.725,44.58,1,96.6,93.4,1380,196.7,76.3,20.93,-2.047,8.301,4.199,66.0,69.1,76.0,1686,1,54.7,0.21
1092,241,5.725,44.64,1,96.7,93.4,1380,196.6,76.2,20.96,-2.062,8.293,4.199,66.0,69.1,76.0,1686,1,54.7,0.24
1093,241,5.725,44.61,1,96.7,93.4,1380,196.5,76.2,20.93,-2.086,8.289,4.199,66.0,69.1,76.0,1686,1,54.6,0.25
1094,241,5.725,44.52,1,96.7,93.4,1380,196.6,76.2,20.94,-2.109,8.285,4.199,66.0,69.0,76.0,1686,1,54.6,0.26
1095,241,5.75,44.75,1,96.6,93.4,1380,196.6,76.1,20.94,-2.141,8.277,4.199,66.0,69.0,76.0,1686,1,54.5,0.24
1096,241,5.75,44.72,1,96.6,93.4,1380,196.6,76.4,20.92,-2.172,8.273,4.199,66.0,69.0,76.0,1686,1,54.5,0.25
1097,241,5.75,44.68,1,96.7,93.4,1380,196.6,76.3,20.94,-2.211,8.27,4.199,66.0,68.9,76.0,1686,1,54.4,0.25
1098,241,5.75,44.61,1,96.7,93.4,1380,196.6,76.4,20.91,-2.242,8.266,4.199,66.0,68.9,76.0,1686,1,54.3,0.25
1099,241,5.75,44.78,1,96.7,93.4,1380,196.6,76.3,20.93,-2.266,8.258,4.199,66.0,68.9,76.0,1686,1,54.3,0.22
1100,241,5.75,44.7,1,96.7,93.4,1380,196.5,76.3,20.89,-2.281,8.254,4.199,66.0,68.8,76.0,1686,1,54.2,0.27
1101,241,5.75,44.78,1,96.7,93.4,1379,196.6,76.1,20.93,-2.312,8.25,4.199,66.0,68.8,76.0,1686,1,54.1,0.28
1102,241,5.75,44.48,1,96.7,93.4,1379,196.7,76.3,20.93,-2.336,8.242,4.199,66.0,68.7,76.0,1686,1,54.1,0.22
1103,241,5.775,44.55,1,96.7,93.4,1379,196.7,76.3,20.91,-2.344,8.234,4.199,66.0,68.7,76.0,1686,1,54.0,0.24
1104,241,5.775,44.65,1,96.7,93.4,1380,196.6,76.4,20.94,-2.359,8.23,4.199,66.0,68.7,76.0,1686,1,54.0,0.25
1105,241,5.775,44.45,1,96.7,93.4,1380,196.7,76.3,20.93,-2.391,8.223,4.199,66.0,68.6,76.0,1685,1,53.9,0.24
1106,241,5.775,44.63,1,96.6,93.4,1379,196.6,76.3,20.95,-2.406,8.215,4.199,66.0,68.6,76.0,1685,1,53.9,0.25
1107,241,5.775,44.61,1,96.7,93.4,1378,196.6,76.4,20.92,-2.438,8.207,4.199,66.0,68.5,76.0,1685,1,53.8,0.27
1108,240,5.775,44.51,1,96.7,93.4,1379,196.6,76.2,20.94,-2.461,8.199,4.199,66.0,68.5,76.0,1685,1,53.8,0.26
1109,240,5.8,44.58,1,96.6,93.4,1379,196.6,76.3,20.9,-2.5,8.188,4.199,66.0,68.4,76.0,1685,1,53.7,0.26
1110,240,5.8,44.51,1,96.7,93.4,1379,196.6,76.5,20.88,-2.531,8.18,4.199,66.0,68.4,76.0,1685,1,53.6,0.22
1111,240,5.8,44.75,1,96.7,93.4,1380,196.7,76.5,20.89,-2.57,8.172,4.199,66.0,68.3,76.0,1685,1,53.6,0.23
1112,240,5.8,44.58,1,96.7,93.4,1380,196.7,76.3,20.89,-2.617,8.164,4.199,66.0,68.3,76.0,1685,1,53.5,0.21
1113,240,5.8,44.7,1,96.7,93.4,1380,196.7,76.3,20.91,-2.648,8.156,4.199,66.0,68.2,76.0,1685,1,53.4,0.2
1114,240,5.8,44.52,1,96.7,93.4,1379,196.7,76.4,20.88,-2.688,8.148,4.199,66.0,68.2,76.0,1685,1,53.4,0.21
1115,240,5.8,44.73,1,96.7,93.4,1379,196.7,76.4,20.96,-2.734,8.145,4.199,65.0,68.1,75.0,1685,1,53.3,0.22
1116,240,5.8,44.67,1,96.7,93.4,1379,196.8,76.2,20.98,-2.781,8.137,4.199,65.0,68.1,75.0,1685,1,53.3,0.21
1117,240,5.825,44.48,1,96.7,93.4,1379,196.8,76.4,20.96,-2.812,8.129,4.199,66.0,68.1,75.0,1685,1,53.2,0.23
1118,240,5.825,44.45,1,96.7,93.4,1380,196.7,76.4,20.92,-2.852,8.125,4.199,65.0,68.0,75.0,1685,1,53.1,0.22
1119,240,5.825,44.65,1,96.7,93.4,1380,196.7,76.5,20.93,-2.883,8.117,4.199,65.0,68.0,75.0,1685,1,53.1,0.22
1120,240,5.825,44.52,1,96.7,93.4,1380,196.7,76.5,20.94,-2.914,8.113,4.199,65.0,67.9,75.0,1685,1,53.0,0.23
1121,240,5.825,44.68,1,96.7,93.4,1380,196.7,76.5,21.2,-2.945,8.105,4.199,65.0,67.9,75.0,1685,1,53.0,0.23
1122,239,5.825,44.54,1,96.7,93.4,1380,196.9,76.3,21.19,-2.977,8.098,4.199,65.0,67.9,75.0,1685,1,52.9,0.23
1123,239,5.825,44.88,1,96.7,93.4,1380,196.9,76.3,21.25,-3.023,8.094,4.199,65.0,67.8,75.0,1685,1,52.8,0.23
1124,239,5.85,44.71,1,96.7,93.4,1379,196.8,76.5,21.32,-3.047,8.086,4.199,65.0,67.7,75.0,1685,1,52.8,0.22
1125,239,5.85,44.67,1,96.7,93.4,1379,196.8,76.2,21.32,-3.086,8.078,4.199,65.0,67.7,75.0,1685,1,52.7,0.21
1126,239,5.85,44.64,1,96.7,93.4,1379,196.9,76.3,21.26,-3.125,8.07,4.199,65.0,67.7,75.0,1685,1,52.7,0.23
1127,238,5.85,44.49,1,96.7,93.4,1379,196.9,76.3,21.23,-3.156,8.062,4.199,65.0,67.6,75.0,1685,1,52.6,0.22
1128,238,5.85,44.55,1,96.7,93.4,1379,196.9,76.3,21.29,-3.211,8.055,4.199,65.0,67.6,75.0,1685,1,52.5,0.22
1129,238,5.85,44.63,1,96.7,93.4,1379,196.9,76.3,21.27,-3.258,8.047,4.199,64.0,67.5,75.0,1685,1,52.5,0.22
1130,238,5.85,44.6,1,96.7,93.4,1378,196.9,76.4,21.27,-3.312,8.035,4.199,64.0,67.5,75.0,1685,1,52.4,0.22
1131,238,5.85,44.75,1,96.8,93.30000000000001,1379,196.9,76.4,21.25,-3.359,8.031,4.199,64.0,67.4,75.0,1685,1,52.4,0.22
1132,238,5.875,44.64,1,96.7,93.4,1379,196.9,76.4,21.24,-3.406,8.023,4.199,64.0,67.4,75.0,1685,1,52.3,0.26
1133,238,5.875,44.75,1,96.8,93.4,1379,196.9,76.5,21.28,-3.453,8.016,4.199,64.0,67.3,75.0,1685,1,52.2,0.21
1134,238,5.875,44.52,1,96.7,93.4,1379,196.9,76.3,21.3,-3.508,8.012,4.199,64.0,67.3,75.0,1685,1,52.2,0.21
1135,238,5.875,44.47,1,96.8,93.4,1379,196.9,76.2,21.29,-3.555,8.008,4.199,64.0,67.2,75.0,1685,1,52.1,0.21
1136,238,5.875,44.66,1,96.8,93.30000000000001,1379,196.9,76.3,21.28,-3.602,8.0,4.199,64.0,67.2,75.0,1685,1,52.1,0.21
1137,238,5.875,44.5,1,96.8,93.4,1379,197.0,76.3,21.24,-3.648,7.996,4.199,64.0,67.1,75.0,1685,1,52.0,0.25
1138,237,5.875,44.67,1,96.8,93.4,1379,197.0,76.3,21.29,-3.672,7.988,4.199,64.0,67.1,75.0,1685,1,51.9,0.25
1139,237,5.875,44.63,1,96.8,93.4,1380,197.0,76.5,21.28,-3.703,7.984,4.199,64.0,67.0,75.0,1685,1,51.8,0.25
1140,237,5.9,44.57,1,96.8,93.4,1380,197.0,76.4,21.23,-3.719,7.977,4.199,64.0,67.0,75.0,1685,1,51.8,0.26
1141,237,5.9,44.48,1,96.8,93.4,1382,197.0,76.2,21.25,-3.734,7.965,4.199,64.0,66.9,75.0,1685,1,51.7,0.27
1142,237,5.9,44.72,1,96.8,93.4,1381,197.0,76.1,21.22,-3.75,7.957,4.199,64.0,66.9,75.0,1685,1,51.7,0.29
1143,237,5.9,44.42,1,96.8,93.4,1381,197.0,76.3,21.27,-3.766,7.945,4.199,64.0,66.8,75.0,1685,1,51.7,0.3
1144,237,5.9,44.45,1,96.8,93.4,1381,197.0,76.3,21.26,-3.789,7.938,4.199,64.0,66.8,75.0,1685,1,51.6,0.24
1145,237,5.9,44.58,1,96.8,93.4,1381,196.9,76.2,21.25,-3.812,7.93,4.199,64.0,66.7,75.0,1685,1,51.5,0.23
1146,237,5.9,44.5,1,96.8,93.4,1381,196.9,76.3,21.23,-3.828,7.922,4.199,64.0,66.6,75.0,1685,1,51.5,0.23
1147,237,5.9,44.83,1,96.8,93.4,1381,197.0,76.2,21.27,-3.836,7.914,4.199,64.0,66.6,75.0,1685,1,51.4,0.25
1148,238,5.9,44.66,1,96.8,93.4,1381,197.0,76.3,21.27,-3.852,7.906,4.199,64.0,66.5,75.0,1685,1,51.3,0.23
1149,238,5.9,44.56,1,96.7,93.4,1381,197.0,76.2,21.29,-3.867,7.902,4.199,64.0,66.5,75.0,1685,1,51.3,0.23
1150,238,5.9,44.55,1,96.8,93.4,1382,197.0,76.3,21.29,-3.867,7.898,4.199,64.0,66.5,75.0,1684,1,51.2,0.29
1151,239,5.925,44.38,1,96.8,93.4,1382,197.0,76.2,21.26,-3.859,7.895,4.199,64.0,66.4,75.0,1684,1,51.2,0.28
1152,239,5.925,44.53,1,96.8,93.4,1382,197.1,76.3,21.31,-3.844,7.891,4.199,64.0,66.4,75.0,1684,1,51.1,0.3
1153,240,5.925,44.54,1,96.7,93.4,1383,197.1,76.3,21.26,-3.82,7.887,4.199,64.0,66.3,75.0,1684,1,51.0,0.28
1154,240,5.925,44.49,1,96.8,93.4,1384,197.1,76.3,21.23,-3.789,7.883,4.199,64.0,66.3,75.0,1684,1,51.0,0.28
1155,241,5.925,44.61,1,96.8,93.4,1383,197.1,76.2,21.28,-3.758,7.879,4.199,64.0,66.2,75.0,1684,1,50.9,0.28
1156,241,5.925,44.59,1,96.7,93.4,1382,197.2,76.1,21.26,-3.719,7.879,4.199,64.0,66.2,75.0,1684,1,50.8,0.27
1157,242,5.925,44.46,1,96.7,93.4,1382,197.3,76.2,21.23,-3.688,7.875,4.199,64.0,66.2,75.0,1684,1,50.8,0.26
1158,242,5.925,44.51,1,96.7,93.4,1382,197.3,76.3,21.28,-3.656,7.875,4.199,64.0,66.1,75.0,1684,1,50.7,0.28
1159,243,5.925,44.44,1,96.7,93.4,1383,197.2,76.2,21.27,-3.633,7.875,4.199,63.0,66.1,75.0,1684,1,50.7,0.27
1160,244,5.925,44.51,1,96.7,93.4,1383,197.2,76.0,21.27,-3.602,7.875,4.199,64.0,66.1,75.0,1684,1,50.6,0.23
1161,244,5.925,44.65,1,96.7,93.4,1383,197.3,76.2,21.27,-3.586,7.871,4.199,64.0,66.1,75.0,1684,1,50.5,0.25
1162,244,5.925,44.55,1,96.7,93.4,1382,197.3,76.1,21.25,-3.562,7.871,4.199,64.0,66.0,75.0,1684,1,50.5,0.27
1163,245,5.925,44.7,1,96.6,93.4,1382,197.4,76.2,21.26,-3.555,7.867,4.199,63.0,66.0,75.0,1684,1,50.4,0.3
1164,245,5.925,44.53,1,96.7,93.30000000000001,1382,197.4,76.1,21.23,-3.539,7.867,4.199,63.0,66.0,75.0,1684,1,50.4,0.31
1165,245,5.925,44.56,1,96.7,93.4,1382,197.4,76.1,21.26,-3.523,7.859,4.199,63.0,66.0,75.0,1684,1,50.3,0.28
1166,245,5.925,44.47,1,96.6,93.30000000000001,1382,197.5,76.2,21.28,-3.516,7.855,4.199,63.0,65.9,75.0,1684,1,50.2,0.28
1167,246,5.925,44.66,1,96.7,93.30000000000001,1382,197.3,76.0,21.28,-3.516,7.852,4.199,64.0,65.9,75.0,1684,1,50.2,0.28
1168,246,5.925,44.41,1,96.7,93.30000000000001,1382,197.3,76.0,21.25,-3.516,7.848,4.199,63.0,65.9,75.0,1684,1,50.1,0.32
1169,246,5.95,44.64,1,96.6,93.30000000000001,1382,197.2,76.2,21.22,-3.516,7.844,4.199,64.0,65.8,75.0,1684,1,50.0,0.3
1170,246,5.95,44.5,1,96.6,93.30000000000001,1382,197.3,76.1,21.3,-3.523,7.84,4.199,63.0,65.8,75.0,1684,1,50.0,0.31
1171,246,5.95,44.56,1,96.7,93.30000000000001,1382,197.3,76.1,21.27,-3.523,7.836,4.199,64.0,65.8,75.0,1684,1,49.9,0.27
1172,247,5.95,44.42,1,96.6,93.30000000000001,1382,197.4,76.0,21.29,-3.531,7.832,4.199,63.0,65.8,75.0,1684,1,49.9,0.3
1173,247,5.95,44.57,1,96.7,93.4,1382,197.4,76.1,21.27,-3.531,7.824,4.199,63.0,65.7,75.0,1684,1,49.8,0.32
1174,247,5.95,44.64,1,96.6,93.30000000000001,1382,197.4,76.2,21.3,-3.539,7.824,4.199,63.0,65.7,75.0,1684,1,49.8,0.31
1175,247,5.95,44.52,1,96.6,93.4,1382,197.4,76.1,21.29,-3.523,7.82,4.199,63.0,65.7,75.0,1684,1,49.7,0.32
1176,247,5.95,44.37,1,96.6,93.4,1382,197.4,76.1,21.25,-3.508,7.816,4.199,63.0,65.6,75.0,1684,1,49.6,0.32
1177,247,5.95,44.6,1,96.6,93.30000000000001,1382,197.4,76.0,21.25,-3.492,7.813,4.199,63.0,65.6,75.0,1684,1,49.6,0.33
1178,247,5.95,44.36,1,96.6,93.30000000000001,1382,197.4,76.1,21.29,-3.484,7.809,4.199,63.0,65.6,75.0,1684,1,49.5,0.33
1179,247,5.95,44.33,1,96.6,93.30000000000001,1382,197.4,76.1,21.29,-3.469,7.809,4.199,63.0,65.5,75.0,1684,1,49.4,0.33
1180,247,5.975,44.59,1,96.6,93.30000000000001,1382,197.4,76.0,21.31,-3.469,7.801,4.199,63.0,65.5,75.0,1684,1,49.4,0.32
1181,247,5.975,44.68,1,96.6,93.30000000000001,1382,197.5,75.8,21.25,-3.461,7.797,4.199,63.0,65.5,75.0,1684,1,49.3,0.32
1182,247,5.975,44.61,1,96.6,93.30000000000001,1382,197.6,75.9,21.27,-3.469,7.789,4.199,63.0,65.4,75.0,1684,1,49.3,0.33
1183,247,5.975,44.53,1,96.6,93.30000000000001,1382,197.6,76.2,21.25,-3.484,7.781,4.199,63.0,65.4,75.0,1684,1,49.2,0.33
1184,247,5.975,44.54,1,96.6,93.30000000000001,1382,197.6,76.0,21.31,-3.492,7.777,4.199,63.0,65.4,75.0,1684,1,49.2,0.32
1185,247,5.975,44.49,1,96.5,93.30000000000001,1382,197.6,76.2,21.29,-3.516,7.77,4.199,63.0,65.3,75.0,1684,1,49.1,0.32
1186,247,5.975,44.53,1,96.5,93.30000000000001,1382,197.6,76.1,21.26,-3.539,7.766,4.199,63.0,65.3,75.0,1684,1,49.0,0.32
1187,247,5.975,44.61,1,96.6,93.30000000000001,1381,197.7,75.9,21.27,-3.57,7.758,4.199,63.0,65.2,75.0,1684,1,49.0,0.33
1188,247,6.0,44.36,1,96.6,93.30000000000001,1382,197.6,76.0,21.26,-3.594,7.754,4.199,63.0,65.2,75.0,1684,1,48.9,0.32
1189,247,6.0,44.59,1,96.6,93.30000000000001,1382,197.6,76.1,21.3,-3.633,7.75,4.199,63.0,65.2,75.0,1683,1,48.9,0.33
1190,247,6.0,44.46,1,96.6,93.30000000000001,1382,197.6,76.1,21.12,-3.664,7.746,4.199,63.0,65.1,75.0,1683,1,48.8,0.3
1191,246,6.0,44.35,1,96.6,93.30000000000001,1381,197.6,76.0,20.88,-3.695,7.738,4.199,63.0,65.1,75.0,1683,1,48.7,0.3
1192,246,6.0,44.46,1,96.6,93.30000000000001,1380,197.7,75.8,20.81,-3.734,7.734,4.199,63.0,65.1,75.0,1683,1,48.7,0.32
1193,246,6.0,44.45,1,96.5,93.2,1380,197.7,75.9,20.85,-3.773,7.727,4.199,62.0,65.0,75.0,1683,1,48.6,0.33
1194,246,6.0,44.5,1,96.6,93.2,1380,197.7,76.0,20.84,-3.82,7.715,4.199,63.0,65.0,75.0,1683,1,48.5,0.32
1195,245,6.0,44.47,1,96.6,93.2,1380,197.7,76.2,20.82,-3.867,7.707,4.199,62.0,65.0,75.0,1683,1,48.5,0.33
1196,245,6.025,44.56,1,96.6,93.30000000000001,1380,197.8,76.0,20.89,-3.93,7.699,4.199,62.0,64.9,75.0,1683,1,48.5,0.33
1197,245,6.025,44.48,1,96.6,93.2,1380,197.8,75.9,20.84,-3.977,7.691,4.199,62.0,64.9,75.0,1683,1,48.4,0.33
1198,245,6.025,44.38,1,96.6,93.30000000000001,1379,197.9,76.0,20.85,-4.031,7.684,4.199,62.0,64.8,75.0,1683,1,48.3,0.33
1199,245,6.025,44.46,1,96.6,93.2,1379,197.8,76.3,20.84,-4.086,7.68,4.199,62.0,64.8,75.0,1683,1,48.3,0.33
1200,245,6.025,44.42,1,96.6,93.2,1379,197.8,76.0,20.85,-4.148,7.672,4.199,62.0,64.8,75.0,1683,1,48.2,0.34
1201,245,6.025,44.59,1,96.6,93.2,1380,197.7,76.1,20.86,-4.211,7.668,4.199,62.0,64.7,75.0,1683,1,48.1,0.33
1202,245,6.025,44.42,1,96.6,93.2,1380,197.8,75.9,20.85,-4.266,7.66,4.199,62.0,64.7,75.0,1683,1,48.1,0.33
1203,245,6.025,44.39,1,96.6,93.2,1380,197.8,75.8,20.83,-4.32,7.656,4.199,62.0,64.7,75.0,1683,1,48.0,0.33
1204,245,6.025,44.58,1,96.6,93.2,1380,197.9,75.8,20.78,-4.375,7.652,4.199,62.0,64.6,75.0,1683,1,48.0,0.33
1205,245,6.05,44.52,1,96.6,93.2,1380,197.9,76.0,20.85,-4.43,7.648,4.199,62.0,64.6,75.0,1683,1,47.9,0.33
1206,245,6.05,44.41,1,96.6,93.2,1379,197.9,76.0,20.82,-4.477,7.641,4.199,62.0,64.5,75.0,1683,1,47.9,0.33
1207,245,6.05,44.38,1,96.6,93.2,1379,197.9,76.0,20.84,-4.531,7.637,4.199,62.0,64.5,75.0,1683,1,47.8,0.33
1208,245,6.05,44.5,1,96.7,93.2,1380,198.0,75.9,20.86,-4.594,7.629,4.199,62.0,64.5,75.0,1683,1,47.7,0.32
1209,245,6.05,44.4,1,96.7,93.2,1380,198.0,75.9,20.83,-4.641,7.625,4.199,62.0,64.4,75.0,1683,1,47.7,0.33
1210,245,6.05,44.35,1,96.7,93.2,1380,197.9,75.9,20.8,-4.695,7.621,4.199,62.0,64.4,75.0,1683,1,47.6,0.32
1211,245,6.05,44.19,1,96.7,93.2,1380,197.9,76.1,20.82,-4.75,7.613,4.199,62.0,64.4,75.0,1683,1,47.5,0.34
1212,245,6.05,44.38,1,96.7,93.30000000000001,1381,197.9,75.9,20.84,-4.805,7.609,4.199,62.0,64.3,75.0,1683,1,47.5,0.34
1213,245,6.05,44.57,1,96.7,93.2,1381,198.0,76.0,20.84,-4.852,7.602,4.199,62.0,64.3,75.0,1683,1,47.4,0.33
1214,245,6.05,44.58,1,96.8,93.30000000000001,1382,198.0,76.1,20.87,-4.898,7.598,4.199,62.0,64.2,74.0,1683,1,47.4,0.33
1215,245,6.05,44.22,1,96.8,93.30000000000001,1381,198.0,76.0,20.83,-4.953,7.59,4.199,62.0,64.2,74.0,1683,1,47.3,0.33
1216,245,6.075,44.35,1,96.8,93.30000000000001,1381,198.0,76.0,20.85,-4.992,7.586,4.199,62.0,64.2,74.0,1683,1,47.3,0.33
1217,246,6.075,44.5,1,96.8,93.30000000000001,1381,198.1,75.8,20.87,-5.039,7.582,4.199,62.0,64.1,74.0,1683,1,47.2,0.33
1218,246,6.075,44.3,1,96.8,93.2,1381,198.1,75.9,20.86,-5.102,7.574,4.199,62.0,64.1,74.0,1683,1,47.2,0.33
1219,246,6.075,44.57,1,96.8,93.2,1381,198.1,76.1,20.8,-5.156,7.57,4.199,62.0,64.0,74.0,1683,1,47.1,0.33
1220,246,6.075,44.41,1,96.8,93.30000000000001,1380,198.1,76.0,20.84,-5.211,7.562,4.199,61.0,64.0,74.0,1683,1,47.0,0.33
1221,246,6.075,44.54,1,96.8,93.2,1380,198.0,76.1,20.86,-5.281,7.559,4.199,62.0,63.9,74.0,1683,1,47.0,0.34
1222,246,6.075,44.5,1,96.89999999999999,93.30000000000001,1381,198.1,76.1,20.8,-5.336,7.555,4.199,61.0,63.9,74.0,1682,1,46.9,0.34
1223,246,6.075,44.4,1,96.8,93.30000000000001,1381,198.0,76.1,20.82,-5.383,7.551,4.199,62.0,63.8,74.0,1682,1,46.9,0.33
1224,246,6.075,44.47,1,96.89999999999999,93.30000000000001,1381,198.0,75.9,20.81,-5.438,7.547,4.199,61.0,63.8,74.0,1682,1,46.8,0.34
1225,247,6.075,44.59,1,96.8,93.30000000000001,1381,198.1,76.0,20.88,-5.484,7.539,4.199,61.0,63.8,74.0,1682,1,46.8,0.34
1226,247,6.075,44.33,1,96.89999999999999,93.30000000000001,1381,198.0,76.0,20.84,-5.523,7.535,4.199,61.0,63.7,74.0,1682,1,46.7,0.34
1227,247,6.075,44.15,1,96.89999999999999,93.2,1381,198.0,76.0,20.79,-5.555,7.531,4.199,61.0,63.7,74.0,1682,1,46.6,0.33
1228,247,6.075,44.29,1,96.89999999999999,93.30000000000001,1381,198.0,76.0,20.88,-5.594,7.527,4.199,61.0,63.6,74.0,1682,1,46.6,0.33
1229,248,6.1,44.39,1,96.89999999999999,93.30000000000001,1381,198.0,76.0,20.87,-5.633,7.523,4.199,61.0,63.6,74.0,1682,1,46.5,0.33
1230,248,6.1,44.41,1,96.89999999999999,93.30000000000001,1382,198.0,76.0,20.83,-5.664,7.52,4.199,61.0,63.6,74.0,1682,1,46.4,0.32
1231,248,6.1,44.47,1,96.89999999999999,93.30000000000001,1382,197.9,76.1,20.88,-5.695,7.516,4.199,61.0,63.5,74.0,1682,1,46.4,0.33
1232,248,6.1,44.4,1,96.89999999999999,93.30000000000001,1381,197.9,75.9,20.89,-5.734,7.512,4.199,61.0,63.5,74.0,1682,1,46.3,0.34
1233,248,6.1,44.21,1,96.89999999999999,93.30000000000001,1382,198.0,76.0,20.9,-5.766,7.508,4.199,61.0,63.4,74.0,1682,1,46.3,0.34
1234,249,6.1,44.35,1,96.89999999999999,93.30000000000001,1382,197.9,76.0,20.91,-5.805,7.508,4.199,61.0,63.4,74.0,1682,1,46.2,0.34
1235,249,6.1,44.33,1,97.0,93.30000000000001,1382,197.9,76.0,21.25,-5.836,7.5,4.199,61.0,63.3,74.0,1682,1,46.2,0.34
1236,249,6.1,44.36,1,97.0,93.30000000000001,1382,197.9,76.1,21.36,-5.875,7.496,4.199,61.0,63.3,74.0,1682,1,46.1,0.33
1237,249,6.1,44.27,1,97.0,93.30000000000001,1383,197.9,76.0,21.42,-5.914,7.492,4.199,61.0,63.3,74.0,1682,1,46.0,0.33
1238,249,6.1,44.44,1,97.0,93.30000000000001,1383,197.8,76.2,21.36,-5.953,7.488,4.199,61.0,63.2,74.0,1682,1,46.0,0.33
1239,249,6.1,44.37,1,97.0,93.30000000000001,1383,197.9,76.1,21.34,-5.984,7.48,4.199,61.0,63.2,74.0,1682,1,45.9,0.33
1240,249,6.125,44.5,1,97.0,93.30000000000001,1382,198.0,76.0,21.38,-6.023,7.477,4.199,61.0,63.1,74.0,1682,1,45.9,0.33
1241,250,6.125,44.3,1,97.0,93.30000000000001,1382,198.0,76.0,21.37,-6.055,7.469,4.199,61.0,63.1,74.0,1682,1,45.8,0.33
1242,250,6.125,44.44,1,97.0,93.30000000000001,1382,197.9,75.9,21.35,-6.094,7.465,4.199,61.0,63.0,74.0,1682,1,45.8,0.33
1243,250,6.125,44.37,1,97.0,93.30000000000001,1383,197.9,76.0,21.36,-6.133,7.457,4.199,60.0,63.0,74.0,1682,1,45.7,0.34
1244,250,6.125,44.53,1,97.0,93.30000000000001,1382,197.8,76.1,21.37,-6.172,7.453,4.199,61.0,62.9,74.0,1682,1,45.6,0.33
1245,251,6.125,44.17,1,97.0,93.30000000000001,1383,197.8,76.3,21.41,-6.211,7.445,4.199,60.0,62.9,74.0,1682,1,45.6,0.33
1246,251,6.125,44.42,1,97.0,93.30000000000001,1384,197.8,76.1,21.41,-6.25,7.441,4.199,61.0,62.9,74.0,1682,1,45.5,0.33
1247,251,6.125,44.49,1,97.0,93.30000000000001,1383,197.9,76.1,21.36,-6.281,7.441,4.199,61.0,62.8,74.0,1682,1,45.5,0.33
1248,252,6.125,44.44,1,97.0,93.30000000000001,1382,198.0,76.5,21.38,-6.32,7.441,4.199,60.0,62.8,74.0,1682,1,45.4,0.33
1249,252,6.125,44.46,1,97.0,93.30000000000001,1383,197.9,76.2,21.38,-6.352,7.438,4.199,61.0,62.7,74.0,1682,1,45.3,0.33
1250,252,6.125,44.43,1,97.1,93.30000000000001,1383,197.9,76.3,21.38,-6.391,7.434,4.199,60.0,62.7,74.0,1682,1,45.3,0.33
1251,253,6.125,44.43,1,97.1,93.30000000000001,1383,197.9,76.0,21.39,-6.414,7.43,4.199,60.0,62.6,74.0,1682,1,45.2,0.33
1252,253,6.125,44.46,1,97.1,93.30000000000001,1383,197.9,76.1,21.35,-6.445,7.43,4.199,60.0,62.6,74.0,1682,1,45.2,0.33
1253,253,6.125,44.27,1,97.1,93.30000000000001,1383,198.0,76.0,21.37,-6.477,7.426,4.199,60.0,62.6,74.0,1681,1,45.1,0.33
1254,253,6.125,44.35,1,97.1,93.30000000000001,1383,198.1,75.8,21.38,-6.516,7.422,4.199,60.0,62.5,74.0,1681,1,45.1,0.33
1255,253,6.15,44.53,1,97.1,93.30000000000001,1382,198.0,76.1,21.39,-6.539,7.414,4.199,60.0,62.5,74.0,1681,1,45.0,0.33
1256,253,6.15,44.33,1,97.1,93.30000000000001,1382,198.0,76.1,21.37,-6.578,7.41,4.199,60.0,62.4,74.0,1681,1,44.9,0.34
1257,253,6.15,44.37,1,97.1,93.30000000000001,1382,198.0,76.2,21.38,-6.609,7.406,4.199,60.0,62.4,74.0,1681,1,44.9,0.34
1258,254,6.15,44.48,1,97.1,93.30000000000001,1383,198.0,76.2,21.36,-6.641,7.402,4.199,60.0,62.3,74.0,1681,1,44.8,0.34
1259,254,6.15,44.46,1,97.1,93.30000000000001,1384,197.9,76.1,21.41,-6.68,7.395,4.199,60.0,62.3,74.0,1681,1,44.8,0.34
1260,254,6.15,44.41,1,97.1,93.30000000000001,1384,198.0,76.2,21.41,-6.711,7.391,4.199,60.0,62.3,74.0,1681,1,44.7,0.34
1261,254,6.15,44.28,1,97.1,93.30000000000001,1384,198.0,76.2,21.37,-6.734,7.383,4.199,60.0,62.2,74.0,1681,1,44.6,0.33
1262,254,6.15,44.5,1,97.2,93.30000000000001,1384,198.0,76.1,21.44,-6.766,7.379,4.199,60.0,62.2,74.0,1681,1,44.6,0.34
1263,255,6.15,44.47,1,97.2,93.30000000000001,1384,198.1,76.2,21.42,-6.789,7.371,4.199,60.0,62.1,74.0,1681,1,44.5,0.33
1264,255,6.15,44.4,1,97.1,93.30000000000001,1384,198.1,75.9,21.44,-6.812,7.367,4.199,60.0,62.1,74.0,1681,1,44.5,0.33
1265,255,6.15,44.45,1,97.1,93.30000000000001,1384,198.1,75.9,21.4,-6.836,7.363,4.199,60.0,62.1,74.0,1681,1,44.4,0.33
1266,255,6.15,44.35,1,97.1,93.30000000000001,1384,198.1,76.0,21.4,-6.852,7.359,4.199,60.0,62.0,74.0,1681,1,44.4,0.33
1267,256,6.175,44.28,1,97.1,93.30000000000001,1384,198.2,76.0,21.42,-6.867,7.355,4.199,60.0,62.0,74.0,1681,1,44.3,0.34
1268,256,6.175,44.46,1,97.2,93.30000000000001,1384,198.2,76.0,21.38,-6.898,7.352,4.199,60.0,62.0,74.0,1681,1,44.2,0.33
1269,256,6.175,44.17,1,97.1,93.30000000000001,1384,198.2,76.1,21.36,-6.914,7.348,4.199,60.0,61.9,74.0,1681,1,44.2,0.34
1270,256,6.175,44.49,1,97.1,93.30000000000001,1384,198.1,76.1,21.37,-6.938,7.344,4.199,60.0,61.9,74.0,1681,1,44.1,0.33
1271,256,6.175,44.38,1,97.2,93.4,1384,198.0,75.9,21.38,-6.961,7.34,4.199,60.0,61.8,74.0,1681,1,44.1,0.33
1272,257,6.175,44.48,1,97.2,93.30000000000001,1384,198.0,76.0,21.36,-6.977,7.336,4.199,60.0,61.8,74.0,1681,1,44.0,0.34
1273,257,6.175,44.27,1,97.1,93.30000000000001,1384,198.0,76.0,21.38,-7.0,7.332,4.199,60.0,61.8,74.0,1681,1,43.9,0.33
1274,257,6.175,44.52,1,97.2,93.4,1384,198.1,76.1,21.28,-7.023,7.332,4.199,60.0,61.7,74.0,1681,1,43.9,0.33
1275,257,6.175,44.5,1,97.2,93.30000000000001,1384,198.0,76.0,20.88,-7.047,7.328,4.199,60.0,61.7,74.0,1681,1,43.8,0.32
1276,257,6.175,44.48,1,97.2,93.30000000000001,1384,198.0,76.0,20.84,-7.07,7.32,4.199,60.0,61.7,74.0,1681,1,43.8,0.33
1277,258,6.175,44.33,1,97.1,93.30000000000001,1384,197.9,76.0,20.85,-7.094,7.32,4.199,60.0,61.6,74.0,1680,1,43.7,0.34
1278,258,6.175,44.47,1,97.2,93.30000000000001,1383,198.0,76.0,20.91,-7.125,7.316,4.199,60.0,61.6,74.0,1680,1,43.6,0.33
1279,258,6.175,44.37,1,97.2,93.30000000000001,1382,198.1,76.0,20.86,-7.148,7.312,4.199,60.0,61.6,74.0,1680,1,43.6,0.34
1280,258,6.175,44.48,1,97.2,93.30000000000001,1383,198.0,75.8,20.8,-7.188,7.305,4.199,60.0,61.5,74.0,1680,1,43.5,0.34
1281,258,6.2,44.27,1,97.2,93.30000000000001,1383,198.0,76.0,20.79,-7.219,7.301,4.199,60.0,61.5,74.0,1680,1,43.5,0.34
1282,258,6.2,44.35,1,97.2,93.30000000000001,1383,197.9,75.9,20.84,-7.258,7.297,4.199,60.0,61.5,74.0,1680,1,43.4,0.34
1283,258,6.2,44.31,1,97.1,93.30000000000001,1383,197.9,76.0,20.84,-7.289,7.293,4.199,60.0,61.5,74.0,1680,1,43.3,0.35
1284,258,6.2,44.51,1,97.2,93.30000000000001,1383,198.0,75.9,20.86,-7.32,7.285,4.199,60.0,61.4,74.0,1680,1,43.3,0.34
1285,258,6.2,44.63,1,97.2,93.30000000000001,1384,198.0,75.9,20.89,-7.359,7.281,4.199,60.0,61.4,74.0,1680,1,43.2,0.34
1286,258,6.2,44.49,1,97.2,93.30000000000001,1384,198.0,76.0,20.86,-7.391,7.277,4.199,60.0,61.4,74.0,1680,1,43.2,0.35
1287,258,6.2,44.37,1,97.2,93.30000000000001,1384,198.0,75.8,20.79,-7.43,7.273,4.199,60.0,61.3,74.0,1680,1,43.1,0.35
1288,258,6.2,44.42,1,97.2,93.30000000000001,1384,197.9,76.0,20.82,-7.469,7.27,4.199,60.0,61.3,74.0,1680,1,43.1,0.34
1289,258,6.2,44.49,1,97.2,93.30000000000001,1384,197.9,75.9,20.83,-7.5,7.262,4.199,60.0,61.3,74.0,1680,1,43.0,0.34
1290,258,6.225,44.36,1,97.2,93.30000000000001,1383,197.9,76.0,20.8,-7.539,7.258,4.199,60.0,61.2,74.0,1680,1,43.0,0.34
1291,258,6.225,44.3,1,97.3,93.30000000000001,1384,197.9,75.6,20.78,-7.578,7.254,4.199,60.0,61.2,74.0,1680,1,42.9,0.34
1292,258,6.225,44.33,1,97.2,93.30000000000001,1384,197.9,75.9,20.86,-7.617,7.25,4.199,60.0,61.2,74.0,1680,1,42.8,0.34
1293,258,6.225,44.29,1,97.3,93.30000000000001,1383,197.9,76.1,20.85,-7.648,7.246,4.199,60.0,61.1,74.0,1680,1,42.8,0.35
1294,258,6.225,44.32,1,97.3,93.30000000000001,1383,197.8,75.9,20.79,-7.688,7.238,4.199,60.0,61.1,74.0,1680,1,42.7,0.35
1295,258,6.225,44.37,1,97.3,93.30000000000001,1383,197.9,76.0,20.8,-7.727,7.234,4.199,60.0,61.1,74.0,1680,1,42.7,0.35
1296,258,6.225,44.48,1,97.3,93.30000000000001,1384,197.9,76.1,20.82,-7.766,7.227,4.199,60.0,61.0,74.0,1680,1,42.6,0.35
1297,259,6.225,44.3,1,97.3,93.30000000000001,1384,197.9,76.1,20.85,-7.805,7.223,4.199,60.0,61.0,74.0,1680,1,42.6,0.34
1298,259,6.225,44.26,1,97.2,93.30000000000001,1384,197.9,76.0,20.86,-7.844,7.219,4.199,60.0,61.0,74.0,1680,1,42.5,0.33
1299,259,6.225,44.35,1,97.3,93.30000000000001,1384,197.9,76.1,20.84,-7.891,7.211,4.199,60.0,60.9,74.0,1680,1,42.4,0.34
1300,259,6.225,44.4,1,97.3,93.30000000000001,1384,197.9,76.0,20.85,-7.93,7.211,4.199,60.0,60.9,74.0,1680,1,42.4,0.34
1301,259,6.225,44.45,1,97.3,93.30000000000001,1383,198.0,75.7,20.86,-7.969,7.203,4.199,59.0,60.9,74.0,1680,1,42.3,0.33
1302,259,6.225,44.56,1,97.39999999999999,93.30000000000001,1384,197.9,75.9,20.84,-8.016,7.199,4.199,60.0,60.8,74.0,1680,1,42.3,0.35
1303,259,6.25,44.37,1,97.3,93.30000000000001,1384,198.0,76.2,20.82,-8.062,7.195,4.199,59.0,60.8,74.0,1680,1,42.2,0.34
1304,259,6.25,44.39,1,97.39999999999999,93.30000000000001,1384,198.1,76.1,20.84,-8.102,7.191,4.199,60.0,60.7,74.0,1680,1,42.1,0.33
1305,259,6.25,44.46,1,97.39999999999999,93.30000000000001,1385,198.1,76.0,20.86,-8.141,7.188,4.199,59.0,60.7,74.0,1679,1,42.1,0.34
1306,259,6.25,44.21,1,97.39999999999999,93.30000000000001,1384,198.1,76.1,20.84,-8.188,7.184,4.199,59.0,60.7,74.0,1679,1,42.0,0.34
1307,259,6.25,44.59,1,97.39999999999999,93.30000000000001,1385,198.0,76.0,20.84,-8.234,7.18,4.199,59.0,60.7,74.0,1679,1,42.0,0.33
1308,259,6.25,44.36,1,97.39999999999999,93.30000000000001,1385,198.1,76.1,20.86,-8.266,7.172,4.199,58.0,60.7,74.0,1679,1,41.9,0.34
1309,259,6.25,44.23,1,97.39999999999999,93.30000000000001,1385,198.1,75.9,20.84,-8.312,7.168,4.199,59.0,60.7,74.0,1679,1,41.9,0.33
1310,259,6.25,44.52,1,97.39999999999999,93.30000000000001,1385,198.1,76.1,20.88,-8.352,7.164,4.199,58.0,60.7,74.0,1679,1,41.8,0.34
1311,258,6.25,44.31,1,97.39999999999999,93.30000000000001,1385,198.1,76.0,20.83,-8.391,7.156,4.199,58.0,60.7,74.0,1679,1,41.7,0.33
1312,258,6.25,44.42,1,97.39999999999999,93.30000000000001,1384,198.0,76.1,20.86,-8.438,7.152,4.199,58.0,60.7,74.0,1679,1,41.7,0.33
1313,258,6.275,44.2,1,97.39999999999999,93.30000000000001,1385,198.1,76.1,20.86,-8.477,7.145,4.199,58.0,60.7,74.0,1679,1,41.6,0.33
1314,258,6.275,44.38,1,97.39999999999999,93.30000000000001,1385,198.1,76.0,20.83,-8.523,7.141,4.199,58.0,60.7,74.0,1679,1,41.6,0.33
1315,258,6.275,44.6,1,97.39999999999999,93.30000000000001,1385,198.1,75.9,20.83,-8.562,7.133,4.199,58.0,60.7,74.0,1679,1,41.5,0.34
1316,258,6.275,44.28,1,97.5,93.30000000000001,1385,198.0,75.9,20.87,-8.609,7.125,4.199,58.0,60.7,74.0,1679,1,41.4,0.34
1317,258,6.275,44.31,1,97.5,93.30000000000001,1385,198.1,75.9,21.21,-8.648,7.121,4.199,58.0,60.7,74.0,1679,1,41.4,0.34
1318,258,6.275,44.3,1,97.5,93.30000000000001,1385,198.1,76.1,21.24,-8.695,7.113,4.199,58.0,60.7,74.0,1679,1,41.3,0.34
1319,258,6.275,44.35,1,97.5,93.30000000000001,1385,198.0,76.2,21.28,-8.742,7.109,4.199,58.0,60.7,74.0,1679,1,41.3,0.33
1320,258,6.275,44.33,1,97.5,93.30000000000001,1386,198.0,76.2,21.24,-8.789,7.102,4.199,58.0,60.7,74.0,1679,1,41.2,0.33
1321,257,6.275,44.37,1,97.5,93.30000000000001,1386,198.0,76.1,21.28,-8.844,7.094,4.199,58.0,60.7,74.0,1679,1,41.2,0.33
1322,257,6.3,44.39,1,97.5,93.30000000000001,1386,198.0,76.0,21.25,-8.891,7.086,4.199,58.0,60.7,74.0,1679,1,41.1,0.33
1323,257,6.3,44.28,1,97.5,93.30000000000001,1386,198.0,76.0,21.27,-8.945,7.078,4.199,58.0,60.7,74.0,1679,1,41.0,0.33
1324,257,6.3,44.36,1,97.5,93.30000000000001,1385,198.0,75.9,21.24,-9.008,7.074,4.199,58.0,60.6,74.0,1679,1,41.0,0.34
1325,257,6.3,44.33,1,97.5,93.30000000000001,1385,198.0,76.0,21.27,-9.062,7.066,4.199,58.0,60.6,74.0,1679,1,40.9,0.33
1326,257,6.3,44.28,1,97.6,93.30000000000001,1385,198.0,75.9,21.27,-9.125,7.059,4.199,58.0,60.6,74.0,1679,1,40.9,0.33
1327,257,6.3,44.5,1,97.6,93.30000000000001,1386,197.9,76.1,21.28,-9.18,7.051,4.199,58.0,60.6,74.0,1679,1,40.8,0.33
1328,257,6.3,44.4,1,97.6,93.30000000000001,1386,198.0,76.1,21.25,-9.242,7.043,4.199,58.0,60.5,74.0,1679,1,40.7,0.34
1329,257,6.3,44.35,1,97.6,93.30000000000001,1386,197.9,75.8,21.25,-9.289,7.035,4.199,58.0,60.5,74.0,1679,1,40.7,0.33
1330,257,6.3,44.36,1,97.6,93.30000000000001,1386,197.9,76.1,21.27,-9.344,7.027,4.199,58.0,60.5,74.0,1679,1,40.6,0.34
1331,257,6.3,44.52,1,97.6,93.30000000000001,1386,198.0,76.1,21.25,-9.391,7.023,4.199,58.0,60.5,74.0,1679,1,40.6,0.34
1332,257,6.3,44.3,1,97.6,93.30000000000001,1386,198.0,76.1,21.27,-9.438,7.016,4.199,58.0,60.5,74.0,1678,1,40.5,0.33
1333,258,6.3,44.4,1,97.6,93.4,1386,198.0,76.0,21.31,-9.477,7.012,4.199,58.0,60.4,74.0,1678,1,40.5,0.34
1334,258,6.3,44.47,1,97.6,93.30000000000001,1387,198.0,76.1,21.3,-9.523,7.004,4.199,58.0,60.4,74.0,1678,1,40.4,0.33
1335,258,6.3,44.39,1,97.6,93.30000000000001,1387,198.1,76.0,21.29,-9.555,7.0,4.199,58.0,60.4,74.0,1678,1,40.3,0.34
1336,259,6.325,44.27,1,97.6,93.30000000000001,1387,198.1,76.0,21.26,-9.586,6.996,4.199,58.0,60.4,73.0,1678,1,40.3,0.33
1337,259,6.325,44.4,1,97.6,93.30000000000001,1387,198.0,76.1,21.24,-9.617,6.992,4.199,58.0,60.4,74.0,1678,1,40.2,0.34
1338,259,6.325,44.33,1,97.6,93.30000000000001,1386,198.1,75.9,21.27,-9.648,6.992,4.199,58.0,60.3,73.0,1678,1,40.2,0.34
1339,260,6.325,44.39,1,97.6,93.30000000000001,1386,198.1,75.9,21.25,-9.664,6.988,4.199,58.0,60.3,73.0,1678,1,40.1,0.34
1340,260,6.325,44.33,1,97.6,93.30000000000001,1387,198.1,76.1,21.25,-9.688,6.984,4.199,58.0,60.3,73.0,1678,1,40.1,0.34
1341,261,6.325,44.26,1,97.6,93.30000000000001,1387,198.1,76.0,21.27,-9.703,6.984,4.199,58.0,60.3,73.0,1678,1,40.0,0.33
1342,261,6.325,44.32,1,97.6,93.30000000000001,1386,198.1,76.1,21.25,-9.719,6.98,4.199,58.0,60.3,73.0,1678,1,40.0,0.34
1343,261,6.325,44.36,1,97.6,93.30000000000001,1386,198.2,75.8,21.24,-9.734,6.98,4.199,58.0,60.3,73.0,1678,1,39.9,0.33
1344,262,6.325,44.32,1,97.6,93.30000000000001,1387,198.2,75.9,21.29,-9.742,6.977,4.199,58.0,60.3,73.0,1678,1,39.8,0.34
1345,262,6.325,44.41,1,97.6,93.4,1387,198.2,76.0,21.24,-9.75,6.977,4.199,58.0,60.2,73.0,1678,1,39.8,0.33
1346,262,6.325,44.37,1,97.6,93.30000000000001,1388,198.1,76.0,21.28,-9.766,6.973,4.199,58.0,60.2,73.0,1678,1,39.7,0.33
1347,263,6.325,44.51,1,97.6,93.30000000000001,1387,198.0,76.0,21.25,-9.773,6.969,4.199,58.0,60.2,73.0,1678,1,39.6,0.33
1348,263,6.325,44.35,1,97.6,93.30000000000001,1387,198.0,76.1,21.26,-9.781,6.969,4.199,58.0,60.2,73.0,1678,1,39.6,0.33
1349,263,6.325,44.27,1,97.7,93.4,1387,198.0,75.9,21.23,-9.789,6.965,4.199,58.0,60.2,73.0,1678,1,39.5,0.32
1350,263,6.325,44.33,1,97.6,93.30000000000001,1388,198.0,76.0,21.27,-9.805,6.965,4.199,58.0,60.2,73.0,1678,1,39.5,0.33
1351,264,6.325,44.24,1,97.6,93.30000000000001,1388,198.0,75.9,21.27,-9.82,6.961,4.199,58.0,60.1,73.0,1678,1,39.4,0.34
1352,264,6.325,44.24,1,97.6,93.30000000000001,1388,198.0,75.8,21.26,-9.836,6.957,4.199,58.0,60.1,73.0,1678,1,39.4,0.33
1353,264,6.325,44.29,1,97.6,93.30000000000001,1388,198.0,75.8,21.24,-9.844,6.953,4.199,58.0,60.1,73.0,1678,1,39.3,0.33
1354,264,6.325,44.32,1,97.6,93.30000000000001,1387,197.9,76.0,21.25,-9.859,6.949,4.199,58.0,60.1,73.0,1678,1,39.3,0.34
1355,264,6.325,44.35,1,97.6,93.30000000000001,1387,197.9,75.8,21.33,-9.867,6.949,4.199,58.0,60.1,73.0,1678,1,39.2,0.34
1356,264,6.35,44.33,1,97.6,93.30000000000001,1388,197.9,75.9,21.23,-9.883,6.945,4.199,58.0,60.1,73.0,1677,1,39.1,0.34
1357,264,6.35,44.36,1,97.6,93.30000000000001,1388,197.8,75.9,21.27,-9.898,6.941,4.199,58.0,60.0,73.0,1677,1,39.1,0.34
1358,264,6.35,44.39,1,97.6,93.30000000000001,1388,197.9,76.1,21.27,-9.914,6.938,4.199,58.0,60.0,73.0,1677,1,39.0,0.34
1359,264,6.35,44.32,1,97.7,93.30000000000001,1388,197.9,75.8,21.24,-9.938,6.93,4.199,58.0,60.0,73.0,1677,1,39.0,0.34
1360,264,6.35,44.37,1,97.6,93.30000000000001,1388,197.9,75.9,21.27,-9.961,6.926,4.199,58.0,60.0,73.0,1677,1,38.9,0.35
1361,264,6.35,44.29,1,97.7,93.30000000000001,1387,198.0,75.8,21.28,-9.984,6.922,4.199,58.0,59.9,73.0,1677,1,38.8,0.34
1362,264,6.35,44.21,1,97.6,93.30000000000001,1387,198.1,75.7,21.27,-10.008,6.914,4.199,57.0,59.9,73.0,1677,1,38.8,0.35
1363,264,6.35,44.06,1,97.7,93.30000000000001,1387,198.1,75.8,21.24,-10.031,6.91,4.199,58.0,59.9,73.0,1677,1,38.7,0.35
1364,264,6.35,44.28,1,97.6,93.30000000000001,1386,198.1,75.8,21.24,-10.062,6.902,4.199,58.0,59.8,73.0,1677,1,38.7,0.34
1365,264,6.35,44.31,1,97.6,93.30000000000001,1386,198.0,75.8,21.23,-10.094,6.898,4.199,58.0,59.8,73.0,1677,1,38.6,0.34
1366,264,6.35,44.32,1,97.6,93.30000000000001,1386,198.0,75.7,21.29,-10.133,6.891,4.199,58.0,59.8,73.0,1677,1,38.6,0.34
1367,264,6.375,44.59,1,97.6,93.30000000000001,1386,198.0,75.8,21.27,-10.172,6.887,4.199,57.0,59.7,73.0,1677,1,38.5,0.35
1368,264,6.375,44.42,1,97.6,93.30000000000001,1386,198.1,75.8,21.25,-10.211,6.879,4.199,58.0,59.7,73.0,1677,1,38.4,0.35
1369,264,6.375,44.42,1,97.6,93.30000000000001,1385,198.1,75.8,21.26,-10.242,6.875,4.199,57.0,59.7,73.0,1677,1,38.4,0.35
1370,264,6.375,44.21,1,97.7,93.30000000000001,1385,198.0,76.1,21.27,-10.281,6.867,4.199,57.0,59.6,73.0,1677,1,38.3,0.36
1371,264,6.375,44.22,1,97.6,93.30000000000001,1385,198.0,75.9,21.25,-10.32,6.863,4.199,58.0,59.6,73.0,1677,1,38.3,0.35
1372,264,6.375,44.16,1,97.6,93.30000000000001,1386,198.0,75.9,21.29,-10.367,6.859,4.199,57.0,59.6,73.0,1677,1,38.2,0.35
1373,264,6.375,44.2,1,97.6,93.30000000000001,1386,198.0,75.8,21.29,-10.398,6.855,4.199,57.0,59.6,73.0,1677,1,38.2,0.36
1374,265,6.375,44.23,1,97.7,93.30000000000001,1386,198.1,75.8,21.25,-10.438,6.852,4.199,57.0,59.5,73.0,1677,1,38.1,0.35
1375,265,6.375,44.57,1,97.6,93.30000000000001,1386,198.1,75.8,21.23,-10.469,6.848,4.199,57.0,59.5,73.0,1677,1,38.0,0.35
1376,265,6.375,44.16,1,97.6,93.30000000000001,1386,198.0,76.0,21.29,-10.508,6.844,4.199,57.0,59.5,73.0,1677,1,38.0,0.35
1377,265,6.375,44.17,1,97.7,93.30000000000001,1386,197.9,76.0,21.21,-10.547,6.84,4.199,57.0,59.4,73.0,1677,1,37.9,0.35
1378,265,6.375,44.34,1,97.7,93.30000000000001,1386,198.0,75.9,21.29,-10.578,6.836,4.199,57.0,59.4,73.0,1677,1,37.9,0.35
1379,265,6.375,44.4,1,97.6,93.30000000000001,1386,198.0,75.8,21.22,-10.609,6.832,4.199,57.0,59.4,73.0,1677,1,37.8,0.36
1380,265,6.375,44.19,1,97.7,93.30000000000001,1386,198.0,75.8,21.27,-10.633,6.832,4.199,57.0,59.4,73.0,1677,1,37.8,0.35
1381,264,6.4,44.27,1,97.7,93.30000000000001,1386,198.0,75.8,21.28,-10.656,6.824,4.199,57.0,59.3,73.0,1677,1,37.7,0.36
1382,264,6.4,44.15,1,97.7,93.30000000000001,1387,198.0,75.9,21.23,-10.688,6.82,4.199,57.0,59.3,73.0,1677,1,37.7,0.36
1383,264,6.4,44.27,1,97.6,93.30000000000001,1388,198.0,75.7,21.3,-10.703,6.812,4.199,57.0,59.3,73.0,1677,1,37.6,0.36
1384,264,6.4,44.4,1,97.7,93.30000000000001,1388,198.1,75.8,21.25,-10.719,6.805,4.199,57.0,59.2,73.0,1677,1,37.5,0.35
1385,264,6.4,44.4,1,97.7,93.30000000000001,1388,198.1,76.0,21.3,-10.734,6.797,4.199,57.0,59.2,73.0,1676,1,37.5,0.35
1386,264,6.4,44.13,1,97.7,93.30000000000001,1388,198.0,75.8,21.06,-10.75,6.793,4.199,57.0,59.2,73.0,1676,1,37.4,0.35
1387,264,6.4,44.48,1,97.7,93.30000000000001,1388,198.1,75.9,20.97,-10.766,6.785,4.199,57.0,59.1,73.0,1676,1,37.4,0.35
1388,264,6.4,44.27,1,97.6,93.30000000000001,1387,198.0,75.9,20.92,-10.781,6.777,4.199,57.0,59.1,73.0,1676,1,37.3,0.35
1389,264,6.4,44.16,1,97.6,93.2,1386,198.0,75.9,20.9,-10.805,6.773,4.199,57.0,59.1,73.0,1676,1,37.3,0.35
1390,264,6.4,44.06,1,97.6,93.30000000000001,1386,198.0,75.8,20.91,-10.828,6.766,4.199,57.0,59.1,73.0,1676,1,37.2,0.36
1391,264,6.4,44.08,1,97.6,93.2,1386,198.1,75.8,20.9,-10.852,6.762,4.199,57.0,59.0,73.0,1676,1,37.1,0.36
1392,265,6.4,44.1,1,97.6,93.30000000000001,1386,198.2,75.8,20.94,-10.883,6.758,4.199,57.0,59.0,73.0,1676,1,37.1,0.36
1393,265,6.4,44.45,1,97.7,93.2,1387,198.2,75.8,20.96,-10.898,6.754,4.199,57.0,59.0,73.0,1676,1,37.0,0.35
1394,265,6.425,44.23,1,97.6,93.30000000000001,1387,198.2,75.9,20.99,-10.922,6.75,4.199,57.0,59.0,73.0,1676,1,37.0,0.35
1395,265,6.425,44.09,1,97.6,93.2,1387,198.2,75.7,20.92,-10.945,6.746,4.199,57.0,59.0,73.0,1676,1,36.9,0.35
1396,265,6.425,44.27,1,97.6,93.2,1387,198.2,75.7,21.0,-10.969,6.742,4.199,56.0,58.9,73.0,1676,1,36.9,0.34
1397,265,6.425,44.46,1,97.6,93.2,1387,198.2,75.6,20.91,-10.984,6.738,4.199,57.0,58.9,73.0,1676,1,36.8,0.35
1398,265,6.425,44.02,1,97.6,93.2,1387,198.2,76.0,20.93,-11.0,6.734,4.199,57.0,58.9,73.0,1676,1,36.8,0.35
1399,265,6.425,44.24,1,97.6,93.2,1387,198.2,75.8,20.9,-11.016,6.73,4.199,57.0,58.9,73.0,1676,1,36.7,0.34
1400,266,6.425,44.39,1,97.6,93.30000000000001,1386,198.2,75.6,20.94,-11.031,6.727,4.199,57.0,58.8,73.0,1676,1,36.6,0.35
1401,266,6.425,44.02,1,97.7,93.30000000000001,1386,198.2,75.8,20.95,-11.039,6.723,4.199,57.0,58.9,73.0,1676,1,36.6,0.35
1402,266,6.425,44.45,1,97.6,93.30000000000001,1386,198.3,75.8,20.93,-11.055,6.719,4.199,57.0,58.8,73.0,1676,1,36.5,0.35
1403,266,6.425,44.07,1,97.6,93.30000000000001,1386,198.3,75.7,20.88,-11.07,6.715,4.199,57.0,58.8,73.0,1676,1,36.5,0.35
1404,266,6.425,44.33,1,97.6,93.2,1386,198.3,75.8,20.96,-11.078,6.711,4.199,56.0,58.8,73.0,1676,1,36.4,0.35
1405,266,6.425,44.32,1,97.6,93.2,1386,198.3,75.8,20.96,-11.102,6.707,4.199,57.0,58.8,73.0,1676,1,36.3,0.35
1406,266,6.425,44.16,1,97.6,93.30000000000001,1386,198.4,75.6,20.93,-11.117,6.703,4.199,57.0,58.8,73.0,1676,1,36.3,0.34
1407,266,6.425,44.55,1,97.6,93.2,1387,198.5,75.5,20.91,-11.141,6.699,4.199,56.0,58.8,73.0,1676,1,36.2,0.34
1408,266,6.425,44.18,1,97.6,93.2,1387,198.5,75.5,20.91,-11.164,6.695,4.199,57.0,58.8,73.0,1675,1,36.2,0.35
1409,266,6.45,44.26,1,97.6,93.2,1388,198.4,75.7,20.93,-11.18,6.688,4.199,56.0,58.8,73.0,1675,1,36.1,0.34
1410,266,6.45,44.22,1,97.6,93.2,1387,198.5,75.6,20.95,-11.203,6.684,4.199,57.0,58.8,73.0,1675,1,36.1,0.34
1411,266,6.45,44.1,1,97.6,93.2,1387,198.6,75.7,20.93,-11.227,6.68,4.199,57.0,58.8,73.0,1675,1,36.0,0.35
1412,266,6.45,44.07,1,97.6,93.2,1387,198.6,75.6,20.96,-11.25,6.676,4.199,57.0,58.7,73.0,1675,1,36.0,0.34
1413,267,6.45,44.59,1,97.6,93.2,1388,198.5,75.7,20.98,-11.266,6.672,4.199,57.0,58.7,73.0,1675,1,35.9,0.34
1414,267,6.45,44.32,1,97.6,93.2,1387,198.6,75.6,20.94,-11.289,6.664,4.199,56.0,58.8,73.0,1675,1,35.8,0.34
1415,267,6.45,44.17,1,97.6,93.2,1387,198.6,75.6,20.92,-11.305,6.66,4.199,56.0,58.7,73.0,1675,1,35.8,0.34
1416,267,6.45,44.08,1,97.6,93.2,1387,198.6,75.5,20.94,-11.328,6.656,4.199,57.0,58.7,73.0,1675,1,35.7,0.35
1417,267,6.45,44.14,1,97.6,93.2,1387,198.6,75.4,20.95,-11.352,6.656,4.199,56.0,58.7,73.0,1675,1,35.7,0.34
1418,267,6.45,44.11,1,97.6,93.2,1386,198.6,75.5,20.92,-11.375,6.652,4.199,56.0,58.7,73.0,1675,1,35.6,0.34
1419,267,6.45,43.88,1,97.6,93.2,1386,198.6,75.7,20.93,-11.406,6.648,4.199,56.0,58.7,73.0,1675,1,35.6,0.33
1420,267,6.45,44.35,1,97.6,93.2,1386,198.6,75.8,20.93,-11.43,6.645,4.199,57.0,58.7,73.0,1675,1,35.5,0.34
1421,267,6.45,44.41,1,97.6,93.2,1386,198.6,75.6,20.93,-11.453,6.641,4.199,57.0,58.7,73.0,1675,1,35.5,0.34
1422,267,6.45,44.23,1,97.6,93.2,1386,198.6,75.5,20.95,-11.477,6.637,4.199,56.0,58.7,73.0,1675,1,35.4,0.35
1423,267,6.45,44.36,1,97.6,93.2,1386,198.6,75.5,20.93,-11.508,6.629,4.199,56.0,58.7,73.0,1675,1,35.4,0.34
1424,267,6.45,44.43,1,97.6,93.2,1386,198.6,75.5,20.96,-11.539,6.629,4.199,56.0,58.7,73.0,1675,1,35.3,0.34
1425,267,6.45,43.93,1,97.6,93.2,1386,198.6,75.5,20.91,-11.555,6.625,4.199,57.0,58.7,73.0,1675,1,35.2,0.35
1426,267,6.475,44.42,1,97.6,93.2,1387,198.5,75.7,20.96,-11.578,6.617,4.199,57.0,58.7,73.0,1675,1,35.2,0.34
1427,267,6.475,44.44,1,97.6,93.2,1387,198.6,75.5,20.93,-11.602,6.617,4.199,56.0,58.7,73.0,1675,1,35.1,0.33
1428,268,6.475,44.2,1,97.6,93.2,1387,198.6,75.5,20.96,-11.625,6.609,4.199,56.0,58.7,73.0,1675,1,35.1,0.34
1429,268,6.475,44.49,1,97.6,93.2,1386,198.6,75.5,20.96,-11.641,6.605,4.199,56.0,58.6,73.0,1675,1,35.0,0.35
1430,268,6.475,44.49,1,97.6,93.2,1386,198.6,75.7,20.95,-11.664,6.602,4.199,57.0,58.6,73.0,1675,1,35.0,0.34
1431,268,6.475,44.39,1,97.6,93.2,1386,198.7,75.5,20.97,-11.672,6.598,4.199,57.0,58.6,73.0,1674,1,34.9,0.35
1432,268,6.475,44.45,1,97.6,93.2,1386,198.7,75.3,20.96,-11.688,6.594,4.199,56.0,58.6,73.0,1674,1,34.8,0.34
1433,268,6.475,44.02,1,97.6,93.2,1387,198.7,75.6,20.98,-11.703,6.59,4.199,56.0,58.6,73.0,1674,1,34.8,0.34
1434,268,6.475,44.36,1,97.6,93.2,1387,198.7,75.2,20.97,-11.719,6.582,4.199,57.0,58.6,73.0,1674,1,34.7,0.34
1435,268,6.475,43.95,1,97.6,93.2,1388,198.7,75.5,20.96,-11.742,6.582,4.199,56.0,58.6,73.0,1674,1,34.7,0.34
1436,268,6.475,44.0,1,97.6,93.2,1388,198.8,75.6,20.95,-11.75,6.578,4.199,56.0,58.6,72.0,1674,1,34.6,0.35
1437,268,6.475,44.44,1,97.6,93.2,1388,198.8,75.4,20.94,-11.773,6.574,4.199,56.0,58.5,72.0,1674,1,34.6,0.34
1438,268,6.475,44.17,1,97.6,93.10000000000001,1388,198.9,75.7,20.95,-11.797,6.566,4.199,56.0,58.5,72.0,1674,1,34.5,0.35
1439,268,6.475,44.44,1,97.6,93.2,1387,198.9,75.6,20.98,-11.812,6.563,4.199,56.0,58.5,72.0,1674,1,34.5,0.35
1440,268,6.475,44.3,1,97.5,93.2,1386,198.9,75.4,20.98,-11.836,6.555,4.199,56.0,58.5,72.0,1674,1,34.4,0.35
1441,268,6.5,44.17,1,97.6,93.2,1386,199.0,75.5,20.95,-11.859,6.551,4.199,56.0,58.5,72.0,1674,1,34.4,0.34
1442,268,6.5,44.02,1,97.6,93.10000000000001,1386,199.1,75.5,20.97,-11.883,6.543,4.199,56.0,58.5,72.0,1674,1,34.3,0.34
1443,268,6.5,44.09,1,97.6,93.10000000000001,1387,199.0,75.4,20.95,-11.898,6.539,4.199,56.0,58.5,72.0,1674,1,34.3,0.34
1444,268,6.5,44.0,1,97.6,93.10000000000001,1388,199.0,75.4,20.93,-11.93,6.535,4.199,56.0,58.4,72.0,1674,1,34.2,0.34
1445,268,6.5,44.24,1,97.6,93.10000000000001,1386,199.1,75.3,20.96,-11.961,6.531,4.199,56.0,58.4,72.0,1674,1,34.1,0.35
1446,268,6.5,44.0,1,97.6,93.10000000000001,1386,199.2,75.7,20.95,-11.992,6.523,4.199,56.0,58.4,72.0,1674,1,34.1,0.34
1447,268,6.5,44.01,1,97.6,93.2,1386,199.2,75.6,20.92,-12.023,6.52,4.199,56.0,58.4,72.0,1674,1,34.0,0.33
1448,268,6.5,44.42,1,97.6,93.10000000000001,1386,199.2,75.6,20.97,-12.055,6.516,4.199,56.0,58.4,72.0,1674,1,34.0,0.35
1449,268,6.5,44.37,1,97.6,93.10000000000001,1387,199.2,75.3,21.0,-12.078,6.512,4.199,56.0,58.4,72.0,1674,1,33.9,0.34
1450,268,6.5,44.16,1,97.6,93.10000000000001,1388,199.2,75.4,20.98,-12.102,6.508,4.199,56.0,58.4,72.0,1674,1,33.9,0.33
1451,268,6.5,43.91,1,97.6,93.10000000000001,1387,199.2,75.5,20.98,-12.125,6.504,4.199,56.0,58.3,72.0,1674,1,33.8,0.34
1452,268,6.5,44.23,1,97.6,93.2,1387,199.2,75.5,20.98,-12.148,6.5,4.199,56.0,58.3,72.0,1674,1,33.8,0.34
1453,268,6.5,44.0,1,97.6,93.10000000000001,1388,199.2,75.3,20.95,-12.164,6.492,4.199,56.0,58.3,72.0,1674,1,33.7,0.35
1454,268,6.5,44.34,1,97.6,93.10000000000001,1388,199.2,75.2,20.98,-12.188,6.488,4.199,56.0,58.3,72.0,1673,1,33.6,0.34
1455,268,6.5,43.95,1,97.6,93.10000000000001,1387,199.2,75.4,20.95,-12.219,6.484,4.199,56.0,58.3,72.0,1673,1,33.6,0.34
1456,268,6.525,44.16,1,97.6,93.10000000000001,1387,199.3,75.4,20.94,-12.242,6.48,4.199,56.0,58.3,72.0,1673,1,33.5,0.35
1457,268,6.525,43.9,1,97.6,93.10000000000001,1386,199.3,75.6,20.92,-12.266,6.473,4.199,56.0,58.3,72.0,1673,1,33.5,0.35
1458,268,6.525,44.27,1,97.5,93.10000000000001,1385,199.3,75.4,20.88,-12.297,6.469,4.199,56.0,58.3,72.0,1673,1,33.4,0.35
1459,268,6.525,44.43,1,97.6,93.10000000000001,1385,199.4,75.6,20.96,-12.328,6.465,4.199,56.0,58.2,72.0,1673,1,33.4,0.35
1460,268,6.525,44.33,1,97.6,93.10000000000001,1385,199.4,75.6,20.99,-12.352,6.461,4.199,56.0,58.2,72.0,1673,1,33.3,0.35
1461,268,6.525,43.94,1,97.6,93.10000000000001,1385,199.4,75.6,20.96,-12.383,6.461,4.199,56.0,58.2,72.0,1673,1,33.3,0.35
1462,268,6.525,44.31,1,97.6,93.10000000000001,1386,199.4,75.5,20.95,-12.406,6.457,4.199,56.0,58.2,72.0,1673,1,33.2,0.34
1463,268,6.525,43.97,1,97.6,93.10000000000001,1386,199.4,75.3,20.95,-12.43,6.453,4.199,56.0,58.2,72.0,1673,1,33.2,0.35
1464,268,6.525,44.24,1,97.5,93.10000000000001,1386,199.5,75.5,21.04,-12.453,6.449,4.199,56.0,58.2,72.0,1673,1,33.1,0.34
1465,268,6.525,44.08,1,97.6,93.10000000000001,1386,199.5,75.6,20.97,-12.484,6.445,4.199,56.0,58.2,72.0,1673,1,33.1,0.35
1466,268,6.525,43.84,1,97.6,93.10000000000001,1386,199.6,75.4,21.25,-12.508,6.441,4.199,56.0,58.1,72.0,1673,1,33.0,0.34
1467,268,6.525,44.35,1,97.6,93.10000000000001,1386,199.5,75.3,21.45,-12.539,6.438,4.199,56.0,58.1,72.0,1673,1,33.0,0.35
1468,268,6.525,43.99,1,97.6,93.10000000000001,1386,199.4,75.4,21.43,-12.57,6.434,4.199,56.0,58.1,72.0,1673,1,32.9,0.35
1469,267,6.525,44.21,1,97.6,93.10000000000001,1386,199.4,75.5,21.52,-12.602,6.426,4.199,56.0,58.1,72.0,1673,1,32.9,0.36
1470,267,6.525,44.38,1,97.5,93.10000000000001,1386,199.4,75.4,21.41,-12.633,6.418,4.199,56.0,58.1,72.0,1673,1,32.8,0.35
1471,267,6.55,44.34,1,97.6,93.10000000000001,1386,199.4,75.2,21.56,-12.664,6.414,4.199,56.0,58.1,72.0,1673,1,32.7,0.36
1472,267,6.55,43.93,1,97.6,93.10000000000001,1385,199.4,75.2,21.6,-12.703,6.406,4.199,56.0,58.1,72.0,1673,1,32.7,0.35
1473,267,6.55,44.45,1,97.5,93.10000000000001,1385,199.3,75.2,21.66,-12.742,6.402,4.199,56.0,58.0,72.0,1673,1,32.6,0.35
1474,267,6.55,43.99,1,97.5,93.10000000000001,1384,199.3,75.2,21.46,-12.789,6.398,4.199,56.0,58.0,72.0,1673,1,32.6,0.34
1475,267,6.55,44.09,1,97.6,93.10000000000001,1385,199.3,75.3,21.55,-12.828,6.395,4.199,56.0,58.0,72.0,1673,1,32.5,0.34
1476,267,6.55,43.96,1,97.6,93.10000000000001,1385,199.4,75.2,21.5,-12.875,6.387,4.199,56.0,58.0,72.0,1672,1,32.5,0.34
1477,267,6.55,44.49,1,97.6,93.10000000000001,1385,199.3,75.4,21.49,-12.914,6.387,4.199,56.0,58.0,72.0,1672,1,32.4,0.34
1478,267,6.55,43.97,1,97.6,93.10000000000001,1384,199.3,75.4,21.46,-12.961,6.387,4.199,56.0,58.0,72.0,1672,1,32.4,0.34
1479,266,6.55,43.91,1,97.6,93.10000000000001,1385,199.3,75.5,21.62,-12.992,6.379,4.199,56.0,57.9,72.0,1672,1,32.3,0.34
1480,266,6.55,43.9,1,97.6,93.0,1385,199.3,75.2,21.51,-13.031,6.375,4.199,56.0,57.9,72.0,1672,1,32.3,0.35
1481,266,6.55,44.34,1,97.6,93.0,1384,199.4,75.3,21.46,-13.078,6.367,4.199,56.0,57.9,72.0,1672,1,32.2,0.34
1482,266,6.55,43.85,1,97.6,93.0,1385,199.4,75.3,21.48,-13.125,6.359,4.199,56.0,57.9,72.0,1672,1,32.2,0.34
1483,265,6.55,44.26,1,97.6,93.0,1385,199.4,75.2,21.57,-13.18,6.355,4.199,56.0,57.9,72.0,1672,1,32.1,0.35
1484,265,6.575,44.29,1,97.6,93.0,1385,199.4,75.3,21.48,-13.234,6.352,4.199,56.0,57.8,72.0,1672,1,32.1,0.34
1485,265,6.575,44.4,1,97.6,93.0,1384,199.4,75.5,21.6,-13.289,6.344,4.199,56.0,57.8,72.0,1672,1,32.0,0.34
1486,265,6.575,44.14,1,97.6,93.0,1384,199.5,75.2,21.59,-13.352,6.34,4.199,56.0,57.8,72.0,1672,1,31.9,0.35
1487,265,6.575,44.42,1,97.6,93.0,1384,199.6,75.2,21.54,-13.414,6.332,4.199,56.0,57.8,72.0,1672,1,31.9,0.35
1488,265,6.575,44.36,1,97.6,93.0,1384,199.6,75.2,21.51,-13.477,6.324,4.199,56.0,57.8,72.0,1672,1,31.8,0.35
1489,264,6.575,44.27,1,97.6,93.0,1384,199.6,75.0,21.55,-13.531,6.32,4.199,56.0,57.7,72.0,1672,1,31.8,0.35
1490,264,6.575,44.3,1,97.6,93.0,1384,199.6,75.2,21.51,-13.602,6.316,4.199,56.0,57.7,72.0,1672,1,31.7,0.35
1491,264,6.575,44.31,1,97.6,93.0,1384,199.6,75.2,21.52,-13.656,6.309,4.199,56.0,57.7,72.0,1672,1,31.7,0.34
1492,264,6.575,44.1,1,97.6,93.0,1383,199.6,75.1,21.3,-13.711,6.305,4.199,56.0,57.7,72.0,1672,1,31.6,0.34
1493,264,6.575,43.81,1,97.6,93.0,1383,199.6,75.3,20.86,-13.773,6.301,4.199,56.0,57.7,72.0,1672,1,31.6,0.34
1494,264,6.575,43.92,1,97.6,93.0,1384,199.6,75.3,20.88,-13.828,6.293,4.199,56.0,57.6,72.0,1672,1,31.5,0.34
1495,264,6.575,44.06,1,97.6,93.0,1383,199.7,75.0,20.82,-13.891,6.289,4.199,56.0,57.6,72.0,1672,1,31.5,0.35
1496,263,6.575,43.92,1,97.6,93.0,1383,199.7,75.1,20.83,-13.945,6.281,4.199,56.0,57.6,72.0,1672,1,31.4,0.35
1497,263,6.6,44.24,1,97.6,93.0,1384,199.8,75.2,20.86,-14.008,6.273,4.199,56.0,57.6,72.0,1672,1,31.4,0.35
1498,263,6.6,43.89,1,97.6,93.0,1384,199.7,75.2,20.87,-14.07,6.27,4.199,55.0,57.6,72.0,1672,1,31.3,0.35
1499,263,6.6,44.39,1,97.6,93.0,1383,199.7,75.5,20.8,-14.133,6.262,4.199,55.0,57.6,72.0,1671,1,31.3,0.34
1500,263,6.6,44.23,1,97.6,93.0,1383,199.8,75.5,20.82,-14.195,6.258,4.199,55.0,57.6,72.0,1671,1,31.2,0.34
1501,263,6.6,43.72,1,97.6,93.0,1382,199.8,75.2,20.85,-14.258,6.25,4.199,55.0,57.5,72.0,1671,1,31.1,0.35
1502,264,6.6,44.3,1,97.6,93.0,1383,199.8,75.3,20.81,-14.32,6.246,4.199,55.0,57.5,72.0,1671,1,31.1,0.35
1503,264,6.6,44.25,1,97.6,93.0,1382,199.7,75.3,20.85,-14.391,6.242,4.199,55.0,57.5,72.0,1671,1,31.0,0.35
1504,264,6.6,43.99,1,97.6,93.0,1382,199.7,75.3,20.81,-14.453,6.242,4.199,55.0,57.5,72.0,1671,1,31.0,0.35
1505,264,6.6,44.07,1,97.6,93.0,1382,199.8,75.4,20.84,-14.5,6.242,4.199,55.0,57.5,72.0,1671,1,30.9,0.35
1506,264,6.6,43.88,1,97.7,93.0,1382,199.8,75.3,20.82,-14.555,6.238,4.199,55.0,57.5,72.0,1671,1,30.9,0.35
1507,264,6.6,43.69,1,97.7,93.0,1382,199.8,75.3,20.84,-14.594,6.234,4.199,56.0,57.5,72.0,1671,1,30.8,0.35
1508,264,6.6,44.19,1,97.7,93.0,1382,199.8,75.2,20.8,-14.641,6.23,4.199,55.0,57.5,72.0,1671,1,30.8,0.35
1509,264,6.6,44.35,1,97.7,93.0,1382,199.8,75.1,20.83,-14.688,6.227,4.199,55.0,57.4,72.0,1671,1,30.7,0.34
1510,264,6.6,43.83,1,97.7,93.0,1383,199.8,75.2,20.89,-14.734,6.219,4.199,55.0,57.4,72.0,1671,1,30.7,0.35
1511,264,6.6,44.05,1,97.7,93.0,1383,199.8,75.2,20.85,-14.781,6.215,4.199,55.0,57.4,72.0,1671,1,30.6,0.35
1512,264,6.6,44.03,1,97.7,93.0,1383,199.9,75.2,20.8,-14.828,6.211,4.199,55.0,57.4,72.0,1671,1,30.6,0.35
1513,264,6.6,44.26,1,97.7,93.0,1383,199.9,75.1,20.8,-14.875,6.207,4.199,55.0,57.4,72.0,1671,1,30.5,0.36
1514,264,6.6,43.88,1,97.7,92.9,1383,199.9,75.1,20.84,-14.922,6.203,4.199,55.0,57.3,72.0,1671,1,30.5,0.36
1515,264,6.6,43.82,1,97.7,92.9,1383,199.8,75.1,20.84,-14.969,6.199,4.199,55.0,57.3,72.0,1671,1,30.4,0.36
1516,264,6.625,44.1,1,97.7,92.9,1383,199.8,75.1,20.84,-15.023,6.195,4.199,55.0,57.3,72.0,1671,1,30.4,0.35
1517,264,6.625,44.34,1,97.7,92.9,1383,199.8,75.1,20.85,-15.078,6.191,4.199,55.0,57.3,72.0,1671,1,30.3,0.35
1518,264,6.625,43.92,1,97.7,92.9,1383,199.8,75.1,20.85,-15.125,6.184,4.199,55.0,57.3,72.0,1671,1,30.3,0.35
1519,264,6.625,43.85,1,97.7,92.9,1382,199.8,75.1,20.85,-15.172,6.18,4.199,55.0,57.2,71.0,1671,1,30.2,0.35
1520,264,6.625,44.09,1,97.7,93.0,1382,199.9,75.1,20.83,-15.227,6.18,4.199,55.0,57.2,71.0,1670,1,30.2,0.35
1521,264,6.625,43.82,1,97.7,93.0,1381,199.9,75.0,20.83,-15.273,6.172,4.199,55.0,57.2,71.0,1670,1,30.1,0.34
1522,264,6.625,44.31,1,97.7,92.9,1381,199.9,75.1,20.87,-15.32,6.168,4.199,55.0,57.2,71.0,1670,1,30.1,0.34
1523,264,6.625,43.95,1,97.7,92.9,1380,199.9,75.1,20.85,-15.375,6.168,4.199,55.0,57.2,71.0,1670,1,30.0,0.34
1524,264,6.625,44.21,1,97.7,92.9,1381,199.9,75.1,20.8,-15.422,6.164,4.199,55.0,57.2,71.0,1670,1,30.0,0.34
1525,264,6.625,44.16,1,97.7,92.9,1381,199.9,74.9,20.82,-15.461,6.156,4.199,55.0,57.2,71.0,1670,1,29.9,0.35
1526,264,6.625,44.03,1,97.7,92.9,1381,200.0,75.1,20.83,-15.508,6.152,4.199,55.0,57.1,71.0,1670,1,29.9,0.35
1527,264,6.625,43.99,1,97.8,92.9,1381,200.0,75.1,20.86,-15.555,6.145,4.199,55.0,57.1,71.0,1670,1,29.8,0.35
1528,263,6.625,44.19,1,97.7,92.9,1381,199.9,75.2,20.86,-15.609,6.141,4.199,55.0,57.1,71.0,1670,1,29.8,0.36
1529,263,6.625,44.02,1,97.8,92.9,1382,199.9,75.1,20.83,-15.656,6.133,4.199,55.0,57.1,71.0,1670,1,29.7,0.36
1530,263,6.625,44.3,1,97.7,92.9,1381,200.0,75.2,20.82,-15.711,6.129,4.199,55.0,57.0,71.0,1670,1,29.7,0.35
1531,263,6.65,43.84,1,97.7,92.9,1382,200.0,75.4,20.82,-15.766,6.125,4.199,55.0,57.0,71.0,1670,1,29.6,0.35
1532,263,6.65,44.07,1,97.7,92.9,1382,200.0,75.1,20.9,-15.82,6.117,4.199,55.0,57.0,71.0,1670,1,29.5,0.35
1533,263,6.65,44.18,1,97.8,92.9,1382,200.0,75.2,21.08,-15.883,6.113,4.199,55.0,57.0,71.0,1670,1,29.5,0.35
1534,263,6.65,43.97,1,97.8,92.80000000000001,1382,200.1,75.0,21.1,-15.938,6.109,4.199,55.0,57.0,71.0,1670,1,29.4,0.35
1535,263,6.65,44.05,1,97.8,92.9,1382,200.0,74.9,21.11,-15.984,6.105,4.199,55.0,56.9,71.0,1670,1,29.4,0.35
1536,263,6.65,44.29,1,97.8,92.9,1382,200.0,75.1,21.11,-16.039,6.102,4.199,55.0,56.9,71.0,1670,1,29.3,0.35
1537,264,6.65,44.24,1,97.8,92.9,1383,200.1,75.1,21.16,-16.094,6.098,4.199,55.0,56.9,71.0,1670,1,29.3,0.34
1538,264,6.65,44.07,1,97.8,92.80000000000001,1382,200.1,75.0,21.09,-16.148,6.094,4.199,55.0,56.9,71.0,1670,1,29.2,0.35
1539,264,6.65,44.03,1,97.8,92.80000000000001,1383,200.1,74.7,21.15,-16.203,6.09,4.199,55.0,56.9,71.0,1670,1,29.2,0.34
1540,264,6.65,44.32,1,97.8,92.80000000000001,1383,200.0,75.0,21.14,-16.25,6.086,4.199,55.0,56.9,71.0,1670,1,29.1,0.34
1541,264,6.65,43.78,1,97.8,92.80000000000001,1383,199.9,74.9,21.16,-16.305,6.082,4.199,55.0,56.8,71.0,1670,1,29.1,0.35
1542,263,6.65,43.96,1,97.8,92.80000000000001,1383,199.9,74.9,21.1,-16.352,6.078,4.199,54.0,56.8,71.0,1669,1,29.0,0.34
1543,263,6.65,44.43,1,97.8,92.80000000000001,1383,199.9,75.2,21.16,-16.398,6.074,4.199,55.0,56.8,71.0,1669,1,29.0,0.35
1544,263,6.65,44.26,1,97.8,92.80000000000001,1383,199.8,75.0,21.11,-16.445,6.07,4.199,55.0,56.8,71.0,1669,1,28.9,0.35
1545,263,6.65,44.01,1,97.8,92.80000000000001,1383,199.7,75.1,21.14,-16.492,6.062,4.199,54.0,56.8,71.0,1669,1,28.9,0.34
1546,263,6.65,43.91,1,97.8,92.80000000000001,1382,199.6,75.1,21.12,-16.531,6.059,4.199,54.0,56.8,71.0,1669,1,28.8,0.35
1547,263,6.675,44.06,1,97.8,92.80000000000001,1383,199.5,75.1,21.12,-16.586,6.055,4.199,55.0,56.8,71.0,1669,1,28.8,0.35
1548,263,6.675,44.19,1,97.8,92.80000000000001,1383,199.5,75.0,21.18,-16.625,6.047,4.199,54.0,56.7,71.0,1669,1,28.7,0.35
1549,263,6.675,44.25,1,97.8,92.80000000000001,1383,199.4,74.9,21.11,-16.68,6.043,4.199,54.0,56.7,71.0,1669,1,28.7,0.35
1550,263,6.675,44.09,1,97.8,92.80000000000001,1383,199.4,75.0,21.14,-16.719,6.039,4.199,54.0,56.7,71.0,1669,1,28.6,0.34
1551,263,6.675,43.88,1,97.8,92.80000000000001,1383,199.4,75.2,21.12,-16.773,6.035,4.199,54.0,56.7,71.0,1669,1,28.6,0.36
1552,263,6.675,44.17,1,97.8,92.80000000000001,1382,199.3,75.0,21.18,-16.82,6.027,4.199,54.0,56.7,71.0,1669,1,28.5,0.36
1553,263,6.675,44.0,1,97.89999999999999,92.9,1382,199.3,75.1,21.14,-16.867,6.027,4.199,54.0,56.7,71.0,1669,1,28.5,0.35
1554,262,6.675,44.23,1,97.8,92.80000000000001,1381,199.3,75.0,21.11,-16.906,6.02,4.199,54.0,56.7,71.0,1669,1,28.4,0.35
1555,262,6.675,44.27,1,97.8,92.9,1380,199.3,74.9,21.16,-16.953,6.016,4.199,54.0,56.7,71.0,1669,1,28.3,0.35
1556,262,6.675,43.83,1,97.89999999999999,92.80000000000001,1380,199.3,75.0,21.14,-16.992,6.012,4.199,55.0,56.7,71.0,1669,1,28.3,0.34
1557,262,6.675,43.73,1,97.8,92.9,1380,199.3,75.0,21.14,-17.031,6.008,4.199,54.0,56.6,71.0,1669,1,28.3,0.35
1558,262,6.675,43.97,1,97.89999999999999,92.9,1381,199.3,75.2,21.14,-17.07,6.004,4.199,54.0,56.6,71.0,1669,1,28.2,0.35
1559,262,6.675,43.96,1,97.8,92.9,1380,199.3,75.0,21.11,-17.102,5.996,4.199,54.0,56.6,71.0,1669,1,28.2,0.35
1560,262,6.675,43.96,1,97.8,92.80000000000001,1381,199.2,75.0,21.11,-17.141,5.992,4.199,54.0,56.6,71.0,1669,1,28.1,0.35
1561,262,6.675,44.21,1,97.8,92.80000000000001,1381,199.3,74.9,21.13,-17.18,5.988,4.199,54.0,56.6,71.0,1669,1,28.0,0.35
1562,262,6.675,44.1,1,97.8,92.80000000000001,1380,199.3,75.1,21.08,-17.219,5.984,4.199,54.0,56.5,71.0,1669,1,28.0,0.34
1563,262,6.7,44.24,1,97.8,92.80000000000001,1379,199.3,75.1,21.13,-17.258,5.98,4.199,54.0,56.6,71.0,1669,1,27.9,0.35
1564,261,6.7,43.88,1,97.8,92.9,1379,199.3,75.2,21.14,-17.289,5.977,4.199,54.0,56.5,71.0,1668,1,27.9,0.35
1565,261,6.7,43.93,1,97.8,92.80000000000001,1379,199.4,75.2,21.14,-17.336,5.973,4.199,54.0,56.5,71.0,1668,1,27.8,0.35
1566,261,6.7,44.21,1,97.8,92.9,1379,199.4,74.9,21.13,-17.367,5.969,4.199,54.0,56.5,71.0,1668,1,27.8,0.34
1567,261,6.7,44.01,1,97.8,92.9,1380,199.4,75.0,21.12,-17.398,5.965,4.199,54.0,56.5,71.0,1668,1,27.7,0.35
1568,261,6.7,44.23,1,97.8,92.9,1379,199.4,75.1,21.14,-17.43,5.961,4.199,54.0,56.5,71.0,1668,1,27.7,0.35
1569,261,6.7,43.99,1,97.89999999999999,92.9,1379,199.5,74.9,21.13,-17.445,5.957,4.199,54.0,56.4,71.0,1668,1,27.6,0.35
1570,260,6.7,44.03,1,97.8,92.9,1378,199.6,74.8,21.11,-17.477,5.953,4.199,54.0,56.4,71.0,1668,1,27.6,0.35
1571,260,6.7,44.48,1,97.8,92.9,1378,199.6,74.9,21.12,-17.492,5.949,4.199,54.0,56.4,71.0,1668,1,27.5,0.36
1572,260,6.7,44.13,1,97.8,92.80000000000001,1379,199.6,74.8,21.11,-17.5,5.945,4.199,54.0,56.3,71.0,1668,1,27.5,0.35
1573,259,6.7,43.8,1,97.8,92.9,1379,199.6,75.1,21.18,-17.516,5.938,4.199,54.0,56.3,71.0,1668,1,27.5,0.35
1574,259,6.7,43.89,1,97.8,92.9,1379,199.6,74.8,21.19,-17.531,5.934,4.199,54.0,56.3,71.0,1668,1,27.4,0.34
1575,259,6.7,44.22,1,97.8,92.80000000000001,1380,199.5,74.9,21.13,-17.547,5.93,4.199,54.0,56.2,71.0,1668,1,27.3,0.34
1576,258,6.7,44.19,1,97.8,92.80000000000001,1380,199.5,75.0,21.15,-17.555,5.922,4.199,54.0,56.2,71.0,1668,1,27.3,0.34
1577,258,6.725,43.81,1,97.8,92.80000000000001,1380,199.5,74.9,21.13,-17.578,5.914,4.199,54.0,56.1,71.0,1668,1,27.2,0.34
1578,257,6.725,44.22,1,97.8,92.80000000000001,1379,199.4,75.0,21.1,-17.602,5.906,4.199,54.0,56.1,71.0,1668,1,27.2,0.34
1579,257,6.725,44.15,1,97.8,92.80000000000001,1380,199.4,74.7,21.15,-17.641,5.898,4.199,54.0,56.0,71.0,1668,1,27.1,0.34
1580,257,6.725,43.95,1,97.8,92.80000000000001,1379,199.4,74.9,21.13,-17.664,5.891,4.199,54.0,56.0,71.0,1668,1,27.1,0.34
1581,256,6.725,43.76,1,97.8,92.80000000000001,1380,199.4,75.1,21.15,-17.703,5.887,4.199,54.0,55.9,71.0,1668,1,27.0,0.34
1582,256,6.725,44.2,1,97.8,92.80000000000001,1380,199.4,74.9,21.1,-17.742,5.879,4.199,54.0,55.9,71.0,1668,1,27.0,0.34
1583,256,6.725,44.25,1,97.8,92.80000000000001,1379,199.4,74.8,21.15,-17.789,5.871,4.199,54.0,55.8,71.0,1668,1,26.9,0.34
1584,256,6.725,43.84,1,97.7,92.7,1379,199.4,74.7,21.14,-17.82,5.863,4.199,54.0,55.8,71.0,1668,1,26.9,0.33
1585,256,6.725,44.28,1,97.8,92.80000000000001,1379,199.4,74.7,21.12,-17.867,5.859,4.199,54.0,55.7,70.0,1668,1,26.8,0.35
1586,256,6.725,44.07,1,97.8,92.80000000000001,1379,199.4,74.9,21.16,-17.914,5.852,4.199,54.0,55.7,70.0,1668,1,26.8,0.34
1587,256,6.725,43.68,1,97.8,92.80000000000001,1379,199.5,74.8,21.12,-17.969,5.848,4.199,54.0,55.7,70.0,1667,1,26.7,0.34
1588,256,6.725,43.92,1,97.8,92.80000000000001,1379,199.5,74.8,21.13,-18.016,5.844,4.199,54.0,55.6,70.0,1667,1,26.7,0.35
1589,256,6.725,43.81,1,97.8,92.80000000000001,1380,199.4,74.9,21.13,-18.07,5.84,4.199,54.0,55.6,70.0,1667,1,26.6,0.35
1590,256,6.725,44.16,1,97.8,92.80000000000001,1380,199.5,75.0,21.15,-18.125,5.836,4.199,54.0,55.6,70.0,1667,1,26.6,0.35
1591,256,6.725,43.77,1,97.89999999999999,92.80000000000001,1380,199.5,74.9,21.12,-18.172,5.832,4.199,54.0,55.5,70.0,1667,1,26.5,0.35
1592,256,6.725,44.25,1,97.89999999999999,92.80000000000001,1380,199.6,74.9,21.16,-18.219,5.828,4.199,54.0,55.5,70.0,1667,1,26.5,0.35
1593,256,6.725,44.1,1,98.0,92.9,1380,199.6,74.9,21.18,-18.266,5.824,4.199,53.0,55.5,70.0,1667,1,26.4,0.36
1594,257,6.725,44.06,1,98.0,92.80000000000001,1380,199.6,74.8,21.18,-18.32,5.82,4.199,54.0,55.4,70.0,1667,1,26.3,0.35
1595,257,6.725,44.21,1,98.0,92.9,1380,199.6,74.8,21.12,-18.367,5.816,4.199,54.0,55.4,70.0,1667,1,26.3,0.34
1596,257,6.725,44.08,1,98.0,92.9,1380,199.5,74.8,21.14,-18.414,5.816,4.199,54.0,55.4,70.0,1667,1,26.3,0.35
1597,257,6.725,43.97,1,98.1,92.9,1381,199.5,75.0,21.16,-18.453,5.813,4.199,54.0,55.3,70.0,1667,1,26.2,0.35
1598,257,6.75,44.14,1,98.1,92.9,1382,199.4,75.0,21.16,-18.492,5.809,4.199,54.0,55.3,70.0,1667,1,26.2,0.35
1599,257,6.75,44.3,1,98.1,92.9,1382,199.4,74.8,21.11,-18.539,5.805,4.199,54.0,55.3,70.0,1667,1,26.1,0.35
1600,257,6.75,44.08,1,98.2,92.9,1383,199.4,74.8,21.12,-18.578,5.801,4.199,54.0,55.3,70.0,1667,1,26.1,0.35
1601,257,6.75,44.26,1,98.2,92.9,1383,199.3,74.9,21.12,-18.617,5.797,4.199,54.0,55.3,70.0,1667,1,26.0,0.34
1602,258,6.75,43.9,1,98.2,92.9,1383,199.3,74.8,21.14,-18.656,5.797,4.199,53.0,55.2,70.0,1667,1,25.9,0.35
1603,258,6.75,44.25,1,98.2,92.9,1383,199.3,74.9,21.14,-18.695,5.793,4.199,54.0,55.2,70.0,1667,1,25.9,0.35
1604,258,6.75,43.72,1,98.2,92.9,1383,199.3,74.8,21.09,-18.734,5.789,4.199,53.0,55.2,70.0,1667,1,25.8,0.35
1605,258,6.75,43.76,1,98.3,93.0,1384,199.3,74.9,21.15,-18.773,5.789,4.199,53.0,55.2,70.0,1667,1,25.8,0.36
1606,258,6.75,44.09,1,98.3,93.0,1385,199.2,74.9,21.14,-18.812,5.785,4.199,53.0,55.2,70.0,1667,1,25.7,0.35
1607,258,6.75,44.18,1,98.3,92.9,1385,199.2,74.9,21.15,-18.844,5.781,4.199,53.0,55.2,70.0,1667,1,25.7,0.36
1608,258,6.75,44.17,1,98.4,93.0,1385,199.1,74.8,21.15,-18.883,5.781,4.199,53.0,55.1,70.0,1667,1,25.6,0.36
1609,258,6.75,43.94,1,98.4,93.0,1385,199.1,75.1,21.14,-18.922,5.777,4.199,53.0,55.1,70.0,1666,1,25.6,0.36
1610,258,6.75,43.93,1,98.4,93.0,1385,199.1,75.2,21.17,-18.953,5.773,4.199,53.0,55.1,70.0,1666,1,25.5,0.36
1611,258,6.75,44.19,1,98.4,93.0,1386,199.1,75.1,21.13,-18.992,5.77,4.199,53.0,55.1,70.0,1666,1,25.5,0.34
1612,258,6.75,43.78,1,98.4,93.0,1387,199.2,75.0,21.15,-19.023,5.762,4.199,53.0,55.1,70.0,1666,1,25.4,0.34
1613,258,6.75,44.02,1,98.4,93.0,1387,199.1,75.0,21.17,-19.062,5.762,4.199,53.0,55.1,70.0,1666,1,25.4,0.34
1614,259,6.75,44.08,1,98.4,93.0,1386,199.0,75.2,21.15,-19.109,5.754,4.199,53.0,55.1,70.0,1666,1,25.3,0.35
1615,259,6.75,44.24,1,98.5,93.0,1385,199.0,75.1,21.16,-19.141,5.754,4.199,53.0,55.1,70.0,1666,1,25.3,0.34
1616,259,6.75,43.87,1,98.5,93.0,1386,199.0,75.1,21.15,-19.18,5.746,4.199,53.0,55.1,70.0,1666,1,25.2,0.34
1617,259,6.75,44.12,1,98.5,93.0,1386,199.0,75.1,21.17,-19.211,5.742,4.199,53.0,55.0,70.0,1666,1,25.2,0.35
1618,259,6.75,44.0,1,98.5,93.0,1386,198.9,74.9,21.14,-19.258,5.738,4.199,53.0,55.0,70.0,1666,1,25.1,0.35
1619,259,6.75,43.63,1,98.6,93.0,1386,198.9,75.0,21.14,-19.297,5.734,4.199,53.0,55.0,70.0,1666,1,25.1,0.35
1620,259,6.775,43.89,1,98.6,93.0,1386,198.9,75.1,21.21,-19.336,5.73,4.199,53.0,55.0,70.0,1666,1,25.1,0.36
1621,259,6.775,44.38,1,98.6,93.0,1387,198.9,75.0,21.14,-19.383,5.727,4.199,53.0,55.1,70.0,1666,1,25.0,0.35
1622,259,6.775,44.06,1,98.6,93.10000000000001,1388,198.9,75.2,21.17,-19.422,5.719,4.199,54.0,55.1,70.0,1666,1,25.0,0.35
1623,259,6.775,43.82,1,98.7,93.10000000000001,1388,198.9,75.0,21.14,-19.453,5.715,4.199,53.0,55.1,70.0,1666,1,24.9,0.35
1624,259,6.775,43.92,1,98.7,93.10000000000001,1388,198.8,75.1,21.17,-19.492,5.707,4.199,53.0,55.1,70.0,1666,1,24.8,0.35
1625,259,6.775,43.76,1,98.7,93.10000000000001,1389,198.8,75.1,21.13,-19.531,5.703,4.199,53.0,55.1,70.0,1666,1,24.8,0.35
1626,260,6.775,43.98,1,98.7,93.10000000000001,1390,198.8,75.2,21.05,-19.555,5.699,4.199,53.0,55.1,70.0,1666,1,24.7,0.35
1627,260,6.775,44.12,1,98.7,93.10000000000001,1390,198.8,75.3,21.23,-19.586,5.695,4.199,53.0,55.1,70.0,1666,1,24.7,0.35
1628,260,6.775,44.0,1,98.7,93.10000000000001,1390,198.8,75.2,21.16,-19.617,5.691,4.199,54.0,55.2,70.0,1666,1,24.6,0.35
1629,260,6.775,44.08,1,98.8,93.10000000000001,1390,198.8,75.2,21.14,-19.641,5.691,4.199,53.0,55.2,70.0,1666,1,24.6,0.35
1630,261,6.775,44.17,1,98.8,93.10000000000001,1390,198.8,75.2,21.18,-19.656,5.688,4.199,54.0,55.3,70.0,1666,1,24.6,0.35
1631,261,6.775,43.81,1,98.8,93.10000000000001,1391,198.7,75.3,21.14,-19.68,5.684,4.199,54.0,55.3,70.0,1666,1,24.5,0.35
1632,261,6.775,43.8,1,98.8,93.10000000000001,1391,198.7,75.2,21.11,-19.695,5.68,4.199,54.0,55.4,70.0,1666,1,24.5,0.35
1633,262,6.775,43.76,1,98.7,93.10000000000001,1391,198.8,75.3,21.15,-19.703,5.68,4.199,54.0,55.4,70.0,1666,1,24.4,0.35
1634,262,6.775,43.93,1,98.8,93.10000000000001,1392,198.9,75.3,21.12,-19.711,5.68,4.199,54.0,55.5,70.0,1666,1,24.3,0.35
1635,262,6.775,44.26,1,98.8,93.10000000000001,1392,198.8,75.1,21.16,-19.719,5.676,4.199,54.0,55.5,70.0,1665,1,24.3,0.35
1636,262,6.775,44.15,1,98.8,93.10000000000001,1392,198.8,75.0,21.11,-19.734,5.676,4.199,54.0,55.6,70.0,1665,1,24.2,0.36
1637,263,6.775,44.16,1,98.8,93.10000000000001,1391,198.8,75.0,21.12,-19.742,5.672,4.199,54.0,55.7,70.0,1665,1,24.2,0.36
1638,263,6.775,44.19,1,98.8,93.10000000000001,1391,198.9,75.1,21.15,-19.758,5.672,4.199,54.0,55.8,70.0,1665,1,24.2,0.35
1639,263,6.775,44.04,1,98.8,93.10000000000001,1392,198.9,75.1,21.2,-19.773,5.672,4.199,54.0,55.8,70.0,1665,1,24.1,0.36
1640,263,6.775,44.09,1,98.8,93.10000000000001,1393,199.0,75.1,21.15,-19.789,5.668,4.199,54.0,55.9,70.0,1665,1,24.1,0.35
1641,263,6.775,44.1,1,98.8,93.10000000000001,1393,199.1,75.1,21.16,-19.805,5.664,4.199,54.0,56.0,70.0,1665,1,24.0,0.36
1642,263,6.775,44.25,1,98.8,93.10000000000001,1392,199.0,75.1,21.14,-19.82,5.66,4.199,54.0,56.1,70.0,1665,1,23.9,0.36
1643,263,6.775,44.21,1,98.9,93.10000000000001,1392,199.0,75.1,21.14,-19.836,5.656,4.199,54.0,56.2,70.0,1665,1,23.9,0.36
1644,263,6.775,44.06,1,98.8,93.10000000000001,1392,199.0,75.1,21.14,-19.852,5.652,4.199,54.0,56.3,70.0,1665,1,23.8,0.36
1645,263,6.8,43.72,1,98.8,93.10000000000001,1392,199.0,75.1,21.14,-19.875,5.648,4.199,54.0,56.4,70.0,1665,1,23.8,0.36
1646,263,6.8,44.02,1,98.9,93.10000000000001,1392,199.1,75.2,21.15,-19.891,5.645,4.199,54.0,56.5,70.0,1665,1,23.8,0.36
1647,263,6.8,44.11,1,98.8,93.10000000000001,1393,199.1,75.2,21.12,-19.906,5.641,4.199,55.0,56.6,70.0,1665,1,23.7,0.35
1648,263,6.8,43.88,1,98.9,93.10000000000001,1393,199.1,75.1,21.13,-19.93,5.637,4.199,55.0,56.7,70.0,1665,1,23.7,0.36
1649,263,6.8,43.94,1,98.9,93.10000000000001,1393,199.1,75.2,21.14,-19.961,5.633,4.199,55.0,56.9,70.0,1665,1,23.6,0.36
1650,263,6.8,44.01,1,98.9,93.10000000000001,1393,199.1,75.1,21.15,-19.992,5.629,4.199,55.0,57.0,70.0,1665,1,23.6,0.35
1651,263,6.8,44.03,1,98.9,93.10000000000001,1393,199.0,75.0,21.11,-20.023,5.621,4.199,55.0,57.1,70.0,1665,1,23.5,0.35
1652,263,6.8,44.01,1,98.9,93.10000000000001,1393,198.9,75.2,21.14,-20.055,5.617,4.199,56.0,57.3,70.0,1665,1,23.4,0.36
1653,263,6.8,44.04,1,98.9,93.10000000000001,1393,199.0,75.1,21.12,-20.086,5.613,4.199,55.0,57.4,70.0,1665,1,23.4,0.36
1654,263,6.8,43.97,1,98.9,93.10000000000001,1394,199.0,75.1,21.18,-20.117,5.605,4.199,56.0,57.6,70.0,1665,1,23.4,0.36
1655,263,6.8,43.85,1,98.9,93.10000000000001,1394,199.0,75.0,21.12,-20.156,5.602,4.199,56.0,57.8,70.0,1665,1,23.3,0.36
1656,263,6.8,44.02,1,98.9,93.10000000000001,1393,199.1,75.2,21.14,-20.203,5.598,4.199,56.0,57.9,70.0,1665,1,23.3,0.35
1657,263,6.8,44.07,1,99.0,93.10000000000001,1393,199.1,75.2,21.14,-20.242,5.594,4.199,56.0,58.1,70.0,1665,1,23.2,0.36
1658,263,6.8,44.06,1,99.0,93.10000000000001,1393,199.2,75.2,21.12,-20.281,5.59,4.199,56.0,58.3,70.0,1664,1,23.2,0.36
1659,263,6.8,43.98,1,99.0,93.2,1394,199.2,75.1,21.09,-20.328,5.586,4.199,57.0,58.4,70.0,1664,1,23.1,0.35
1660,263,6.825,43.89,1,99.1,93.2,1395,199.2,75.0,21.13,-20.367,5.582,4.199,57.0,58.6,70.0,1664,1,23.1,0.35
1661,263,6.825,43.84,1,99.1,93.2,1395,199.2,75.0,21.12,-20.422,5.574,4.199,57.0,58.9,70.0,1664,1,23.0,0.35
1662,263,6.825,44.09,1,99.1,93.2,1395,199.3,75.2,21.11,-20.469,5.57,4.199,57.0,59.1,70.0,1664,1,23.0,0.36
1663,263,6.825,44.14,1,99.1,93.10000000000001,1395,199.3,75.0,21.18,-20.516,5.566,4.199,58.0,59.2,70.0,1664,1,22.9,0.35
1664,263,6.825,44.12,1,99.1,93.2,1396,199.4,75.0,21.13,-20.57,5.562,4.199,58.0,59.5,70.0,1664,1,22.9,0.35
1665,263,6.825,44.16,1,99.1,93.2,1396,199.3,75.0,21.14,-20.625,5.559,4.199,58.0,59.7,70.0,1664,1,22.8,0.35
1666,263,6.825,44.11,1,99.2,93.2,1396,199.3,75.1,21.11,-20.672,5.555,4.199,59.0,59.9,70.0,1664,1,22.8,0.35
1667,263,6.825,43.91,1,99.2,93.2,1396,199.4,75.1,21.16,-20.727,5.547,4.199,60.0,60.2,70.0,1664,1,22.7,0.35
1668,263,6.825,43.92,1,99.2,93.2,1396,199.3,75.1,21.15,-20.789,5.543,4.199,60.0,60.4,70.0,1664,1,22.7,0.36
1669,262,6.825,44.02,1,99.3,93.2,1396,199.2,75.1,21.15,-20.844,5.539,4.199,60.0,60.7,70.0,1664,1,22.6,0.35
1670,262,6.825,43.98,1,99.3,93.2,1396,199.1,75.0,21.13,-20.891,5.531,4.199,60.0,61.0,70.0,1664,1,22.6,0.36
1671,262,6.825,43.9,1,99.3,93.2,1396,199.2,75.0,21.15,-20.945,5.527,4.199,60.0,61.3,70.0,1664,1,22.5,0.36
1672,262,6.825,44.05,1,99.3,93.2,1396,199.1,75.2,21.15,-21.0,5.523,4.199,60.0,61.6,70.0,1664,1,22.5,0.35
1673,262,6.825,43.97,1,99.4,93.2,1397,199.1,75.1,21.15,-21.062,5.52,4.199,60.0,61.9,70.0,1664,1,22.4,0.36
1674,263,6.825,44.04,1,99.4,93.2,1397,198.9,75.4,21.15,-21.109,5.512,4.199,61.0,62.2,70.0,1664,1,22.4,0.36
1675,262,6.825,43.92,1,99.4,93.2,1397,199.0,75.2,21.13,-21.164,5.508,4.199,61.0,62.6,70.0,1664,1,22.3,0.35
1676,262,6.85,44.08,1,99.5,93.2,1397,199.0,75.2,21.11,-21.227,5.504,4.199,62.0,62.9,70.0,1664,1,22.3,0.37
1677,262,6.85,43.96,1,99.5,93.2,1397,199.0,75.3,21.11,-21.281,5.5,4.199,62.0,63.3,70.0,1664,1,22.2,0.36
1678,262,6.85,43.99,1,99.5,93.30000000000001,1396,199.0,75.2,21.18,-21.336,5.496,4.199,63.0,63.7,70.0,1664,1,22.2,0.35
1679,262,6.85,44.05,1,99.5,93.2,1397,198.9,75.3,21.13,-21.391,5.488,4.199,63.0,64.1,70.0,1664,1,22.1,0.36
1680,262,6.85,43.93,1,99.6,93.2,1397,198.9,75.2,21.15,-21.453,5.484,4.199,63.0,64.5,70.0,1663,1,22.1,0.36
1681,263,6.85,44.07,1,99.6,93.30000000000001,1397,199.0,75.1,21.14,-21.508,5.477,4.199,64.0,64.9,70.0,1663,1,22.1,0.35
1682,263,6.85,44.05,1,99.6,93.2,1397,199.1,75.2,21.11,-21.562,5.473,4.199,64.0,65.4,70.0,1663,1,22.0,0.35
1683,263,6.85,43.89,1,99.6,93.30000000000001,1397,199.1,75.2,21.14,-21.617,5.469,4.199,65.0,65.8,70.0,1663,1,22.0,0.34
1684,263,6.85,43.93,1,99.6,93.2,1398,198.9,75.2,21.13,-21.672,5.465,4.199,66.0,66.3,70.0,1663,1,21.9,0.36
1685,263,6.85,44.06,1,99.7,93.30000000000001,1398,198.9,75.1,21.14,-21.727,5.461,4.199,66.0,66.8,70.0,1663,1,21.9,0.36
1686,263,6.85,44.03,1,99.7,93.30000000000001,1399,198.9,75.1,21.2,-21.781,5.461,4.199,66.0,67.4,70.0,1663,1,21.8,0.35
1687,263,6.85,44.05,1,99.8,93.30000000000001,1399,199.0,75.1,21.16,-21.828,5.457,4.199,67.0,68.0,70.0,1663,1,21.8,0.36
1688,263,6.85,43.96,1,99.7,93.30000000000001,1398,199.0,75.0,21.19,-21.875,5.453,4.199,67.0,68.5,70.0,1663,1,21.7,0.36
1689,263,6.85,44.0,1,99.8,93.30000000000001,1398,198.9,75.1,21.18,-21.93,5.445,4.199,68.0,69.1,69.0,1663,1,21.7,0.35
1690,263,6.85,44.0,1,99.8,93.30000000000001,1398,198.9,75.1,21.12,-21.977,5.441,4.199,69.0,69.7,70.0,1663,1,21.6,0.36
1691,263,6.85,44.02,1,99.8,93.30000000000001,1399,198.9,75.1,21.14,-22.031,5.438,4.199,70.0,70.4,69.0,1663,1,21.6,0.36
1692,262,6.85,43.94,1,99.9,93.30000000000001,1399,198.8,75.3,21.15,-22.078,5.434,4.199,70.0,71.1,69.0,1663,1,21.5,0.35
1693,262,6.85,43.87,1,99.9,93.30000000000001,1399,199.0,75.0,21.1,-22.125,5.426,4.199,71.0,71.8,69.0,1663,1,21.5,0.35
1694,262,6.85,44.07,1,99.9,93.2,1399,199.0,75.1,21.12,-22.172,5.422,4.199,72.0,72.5,69.0,1663,1,21.4,0.35
1695,262,6.85,44.01,1,99.9,93.2,1399,199.0,75.0,21.14,-22.219,5.418,4.199,72.0,73.3,69.0,1663,1,21.4,0.35
1696,262,6.85,43.95,1,99.9,93.30000000000001,1399,199.0,75.1,21.19,-22.273,5.414,4.199,74.0,74.0,69.0,1663,1,21.3,0.35
1697,262,6.85,43.82,1,99.9,93.30000000000001,1399,199.0,75.1,21.18,-22.328,5.406,4.199,76.0,74.8,69.0,1663,1,21.3,0.35
1698,262,6.875,43.83,1,100.0,93.30000000000001,1399,199.0,75.2,21.06,-22.383,5.402,4.199,76.0,75.7,69.0,1663,1,21.2,0.35
1699,262,6.85,44.02,1,100.0,93.30000000000001,1399,199.0,75.2,21.17,-22.445,5.398,4.199,76.0,76.5,69.0,1663,1,21.2,0.35
1700,262,6.85,43.98,1,100.1,93.30000000000001,1399,199.0,75.2,21.16,-22.5,5.395,4.199,77.0,77.3,69.0,1663,1,21.1,0.35
1701,262,6.85,43.92,1,100.1,93.30000000000001,1400,199.0,75.1,21.13,-22.555,5.387,4.199,78.0,78.2,69.0,1663,1,21.1,0.35
1702,262,6.85,44.0,1,100.1,93.2,1400,199.1,75.2,21.14,-22.609,5.383,4.199,79.0,79.1,69.0,1663,1,21.0,0.35
1703,262,6.85,43.98,1,100.2,93.30000000000001,1400,199.2,75.0,21.14,-22.656,5.379,4.199,81.0,80.1,69.0,1662,1,21.0,0.35
1704,263,6.85,43.9,1,100.1,93.30000000000001,1400,199.2,74.9,21.11,-22.711,5.375,4.199,82.0,81.0,69.0,1662,1,20.9,0.36
1705,263,6.85,43.89,1,100.2,93.30000000000001,1400,199.1,75.0,21.13,-22.773,5.371,4.199,83.0,82.0,69.0,1662,1,20.9,0.35
1706,263,6.85,43.91,1,100.2,93.30000000000001,1400,199.2,74.9,21.17,-22.828,5.367,4.199,84.0,83.0,69.0,1662,1,20.8,0.36
1707,263,6.85,44.07,1,100.2,93.30000000000001,1399,199.1,74.9,21.22,-22.883,5.363,4.199,85.0,84.0,69.0,1662,1,20.8,0.36
1708,263,6.85,43.94,1,100.29999999999998,93.30000000000001,1400,199.2,75.0,21.14,-22.938,5.355,4.199,86.0,85.1,69.0,1662,1,20.7,0.35
1709,263,6.85,43.89,1,100.29999999999998,93.30000000000001,1400,199.3,74.9,21.13,-22.992,5.352,4.199,87.0,86.1,69.0,1662,1,20.7,0.36
1710,263,6.85,43.94,1,100.2,93.2,1399,199.4,75.1,21.17,-23.047,5.348,4.199,88.0,87.3,69.0,1662,1,20.6,0.36
1711,262,6.85,44.02,1,100.29999999999998,93.30000000000001,1399,199.4,75.1,21.16,-23.109,5.344,4.199,90.0,88.4,69.0,1662,1,20.6,0.35
1712,262,6.85,43.78,1,100.4,93.30000000000001,1400,199.4,75.0,21.17,-23.156,5.336,4.199,92.0,89.6,69.0,1662,1,20.6,0.36
1713,262,6.85,43.94,1,100.4,93.30000000000001,1400,199.4,74.9,21.15,-23.211,5.332,4.199,92.0,90.8,69.0,1662,1,20.5,0.35
1714,262,6.85,44.02,1,100.4,93.30000000000001,1399,199.3,74.9,21.14,-23.266,5.328,4.199,93.0,92.0,69.0,1662,1,20.5,0.36
1715,262,6.85,43.96,1,100.4,93.30000000000001,1400,199.4,75.0,21.14,-23.32,5.32,4.199,95.0,93.2,69.0,1662,1,20.4,0.37
1716,262,6.85,43.95,1,100.4,93.30000000000001,1400,199.4,75.1,21.12,-23.367,5.316,4.199,97.0,94.5,69.0,1662,1,20.4,0.36
1717,262,6.85,43.94,1,100.49999999999999,93.30000000000001,1400,199.4,75.1,21.1,-23.422,5.313,4.198,98.0,95.7,69.0,1662,1,20.3,0.35
1718,262,6.85,43.89,1,100.49999999999999,93.30000000000001,1400,199.5,75.0,21.09,-23.477,5.309,4.199,99.0,97.0,69.0,1662,1,20.3,0.36
1719,262,6.85,43.97,1,100.49999999999999,93.30000000000001,1400,199.5,75.1,21.15,-23.531,5.305,4.199,100.0,98.3,69.0,1662,1,20.2,0.36
1720,262,6.85,43.95,1,100.49999999999999,93.2,1400,199.4,74.8,21.13,-23.586,5.301,4.199,102.0,99.6,69.0,1662,1,20.2,0.36
1721,262,6.85,44.06,1,100.6,93.30000000000001,1399,199.4,75.0,21.12,-23.641,5.297,4.199,104.0,101.0,69.0,1662,1,20.1,0.36
1722,262,6.85,43.86,1,100.49999999999999,93.30000000000001,1400,199.4,75.1,21.16,-23.695,5.289,4.199,105.0,102.3,69.0,1662,1,20.1,0.36
1723,262,6.85,43.91,1,100.6,93.30000000000001,1399,199.4,75.0,21.14,-23.758,5.285,4.199,107.0,103.7,69.0,1662,1,20.0,0.36
1724,262,6.85,43.97,1,100.6,93.30000000000001,1399,199.5,75.0,21.15,-23.805,5.281,4.199,108.0,105.1,69.0,1662,1,20.0,0.35
1725,262,6.85,44.0,1,100.6,93.30000000000001,1400,199.5,75.0,21.16,-23.867,5.277,4.199,110.0,106.6,69.0,1662,1,19.9,0.36
1726,262,6.85,43.77,1,100.69999999999999,93.30000000000001,1400,199.4,74.9,21.17,-23.922,5.27,4.199,112.0,108.1,69.0,1661,1,19.9,0.35
1727,262,6.85,43.98,1,100.69999999999999,93.30000000000001,1399,199.5,75.1,21.18,-23.977,5.266,4.199,113.0,109.5,69.0,1661,1,19.8,0.36
1728,262,6.85,43.92,1,100.69999999999999,93.30000000000001,1400,199.4,75.1,21.12,-24.031,5.262,4.199,115.0,111.1,69.0,1661,1,19.8,0.36
1729,261,6.85,44.0,1,100.69999999999999,93.2,1400,199.5,75.0,21.14,-24.094,5.258,4.199,116.0,112.5,69.0,1661,1,19.7,0.36
1730,261,6.85,44.03,1,100.8,93.30000000000001,1399,199.5,75.0,21.11,-24.148,5.25,4.199,119.0,114.0,69.0,1661,1,19.7,0.36
1731,261,6.85,43.87,1,100.8,93.30000000000001,1399,199.5,75.0,21.15,-24.195,5.246,4.199,120.0,115.5,69.0,1661,1,19.7,0.36
1732,261,6.85,43.92,1,100.8,93.30000000000001,1400,199.5,75.1,21.15,-24.258,5.238,4.199,121.0,116.9,69.0,1661,1,19.6,0.36
1733,261,6.85,43.95,1,100.8,93.30000000000001,1402,199.5,75.1,21.12,-24.305,5.234,4.199,124.0,118.4,69.0,1661,1,19.5,0.36
1734,261,6.85,43.97,1,100.8,93.30000000000001,1401,199.5,75.3,21.14,-24.367,5.23,4.199,126.0,119.9,69.0,1661,1,19.5,0.35
1735,261,6.85,43.93,1,100.89999999999999,93.30000000000001,1401,199.6,75.2,21.13,-24.422,5.223,4.198,126.0,121.4,69.0,1661,1,19.4,0.36
1736,261,6.85,43.91,1,100.89999999999999,93.30000000000001,1400,199.6,75.1,21.1,-24.477,5.219,4.199,129.0,122.8,69.0,1661,1,19.4,0.35
1737,261,6.85,43.93,1,100.89999999999999,93.30000000000001,1400,199.7,75.1,21.14,-24.531,5.211,4.199,130.0,124.3,69.0,1661,1,19.3,0.36
1738,261,6.85,43.77,1,100.89999999999999,93.2,1400,199.6,75.0,21.18,-24.586,5.207,4.199,130.0,125.7,69.0,1661,1,19.3,0.36
1739,261,6.85,43.91,1,100.89999999999999,93.30000000000001,1399,199.6,75.0,21.1,-24.648,5.203,4.199,133.0,127.1,69.0,1661,1,19.2,0.36
1740,261,6.85,43.97,1,101.0,93.30000000000001,1400,199.6,75.0,21.14,-24.703,5.199,4.199,135.0,128.5,69.0,1661,1,19.2,0.36
1741,262,6.85,43.88,1,101.0,93.30000000000001,1400,199.5,75.1,21.12,-24.758,5.195,4.199,136.0,129.8,69.0,1661,1,19.2,0.36
1742,262,6.85,43.98,1,101.0,93.30000000000001,1400,199.5,75.1,21.14,-24.805,5.188,4.199,137.0,131.1,69.0,1661,1,19.1,0.37
1743,262,6.85,43.85,1,101.0,93.30000000000001,1401,199.4,74.9,21.17,-24.844,5.184,4.199,139.0,132.4,69.0,1661,1,19.1,0.36
1744,262,6.85,43.54,1,101.0,93.30000000000001,1400,199.3,74.9,21.16,-24.891,5.18,4.199,141.0,133.6,69.0,1661,1,19.0,0.37
1745,262,6.875,43.4,1,101.1,93.30000000000001,1402,199.3,75.0,21.15,-24.93,5.18,4.199,142.0,135.0,69.0,1660,1,19.0,0.36
1746,262,6.85,43.33,1,101.1,93.30000000000001,1403,199.2,74.9,21.13,-24.969,5.176,4.199,144.0,136.4,69.0,1660,1,18.9,0.36
1747,263,6.85,43.13,1,101.1,93.30000000000001,1404,199.2,74.9,21.16,-25.0,5.172,4.199,146.0,137.9,69.0,1660,1,18.9,0.37
1748,263,6.85,43.03,1,101.1,93.30000000000001,1405,199.1,75.0,21.18,-25.039,5.168,4.199,147.0,139.5,69.0,1660,1,18.8,0.37
1749,263,6.85,42.89,1,101.2,93.30000000000001,1405,199.1,75.0,21.12,-25.078,5.164,4.199,149.0,141.2,69.0,1660,1,18.8,0.36
1750,263,6.85,42.78,1,101.1,93.30000000000001,1405,199.1,75.0,21.16,-25.125,5.164,4.199,150.0,142.7,69.0,1660,1,18.7,0.36
1751,263,6.85,43.09,1,101.2,93.30000000000001,1407,199.0,75.0,21.17,-25.164,5.16,4.199,153.0,144.3,69.0,1660,1,18.7,0.37
1752,263,6.85,43.11,1,101.2,93.30000000000001,1407,199.0,75.0,21.16,-25.203,5.156,4.199,154.0,145.8,69.0,1660,1,18.6,0.37
1753,264,6.85,43.11,1,101.2,93.30000000000001,1407,199.0,75.0,21.14,-25.25,5.152,4.199,156.0,147.2,69.0,1660,1,18.6,0.37
1754,264,6.85,43.07,1,101.2,93.30000000000001,1407,198.9,74.9,21.16,-25.289,5.148,4.199,157.0,148.6,69.0,1660,1,18.5,0.38
1755,264,6.85,43.04,1,101.2,93.30000000000001,1406,198.9,75.0,21.15,-25.336,5.145,4.199,159.0,150.1,69.0,1660,1,18.5,0.36
1756,264,6.85,43.0,1,101.29999999999998,93.30000000000001,1406,198.9,74.9,21.15,-25.375,5.141,4.199,161.0,151.5,69.0,1660,1,18.4,0.37
1757,264,6.85,43.06,1,101.2,93.30000000000001,1405,198.8,75.0,21.21,-25.414,5.141,4.199,163.0,153.1,69.0,1660,1,18.4,0.36
1758,264,6.85,43.03,1,101.2,93.30000000000001,1406,198.8,74.8,21.14,-25.453,5.137,4.199,165.0,154.6,69.0,1660,1,18.3,0.36
1759,264,6.85,43.0,1,101.29999999999998,93.30000000000001,1406,198.8,74.8,21.17,-25.492,5.133,4.199,166.0,156.1,69.0,1660,1,18.3,0.37
1760,264,6.85,42.98,1,101.29999999999998,93.30000000000001,1406,198.8,75.0,21.16,-25.539,5.129,4.199,167.0,157.5,69.0,1660,1,18.2,0.36
1761,264,6.85,42.99,1,101.29999999999998,93.30000000000001,1406,198.8,74.8,21.14,-25.586,5.125,4.199,169.0,159.0,69.0,1660,1,18.2,0.37
1762,264,6.85,42.97,1,101.29999999999998,93.2,1407,198.8,74.8,21.16,-25.625,5.121,4.199,170.0,160.3,69.0,1660,1,18.1,0.36
1763,264,6.85,42.98,1,101.29999999999998,93.30000000000001,1407,198.8,75.1,21.11,-25.672,5.117,4.199,171.0,161.7,69.0,1660,1,18.1,0.36
1764,264,6.85,42.89,1,101.4,93.30000000000001,1407,198.9,75.1,21.11,-25.711,5.113,4.199,172.0,163.0,69.0,1660,1,18.0,0.36
1765,263,6.85,42.92,1,101.4,93.30000000000001,1407,198.9,74.9,21.13,-25.766,5.105,4.199,174.0,164.2,69.0,1660,1,18.0,0.37
1766,263,6.85,42.91,1,101.4,93.30000000000001,1407,198.9,74.9,21.18,-25.812,5.102,4.199,175.0,165.4,69.0,1660,1,17.9,0.36
1767,263,6.85,42.86,1,101.4,93.30000000000001,1407,198.9,75.0,21.12,-25.859,5.098,4.199,176.0,166.5,69.0,1660,1,17.9,0.36
1768,263,6.85,42.89,1,101.4,93.2,1407,198.9,75.0,21.15,-25.914,5.09,4.199,177.0,167.6,69.0,1660,1,17.8,0.36
1769,263,6.85,42.94,1,101.49999999999999,93.2,1407,199.0,75.0,21.14,-25.961,5.086,4.199,178.0,168.7,69.0,1660,1,17.8,0.36
1770,263,6.85,42.94,1,101.49999999999999,93.30000000000001,1407,199.0,75.0,21.12,-26.023,5.082,4.199,179.0,169.8,69.0,1660,1,17.7,0.36
1771,263,6.85,42.94,1,101.49999999999999,93.2,1407,199.0,74.8,21.14,-26.078,5.078,4.199,180.0,170.8,69.0,1660,1,17.7,0.36
1772,263,6.85,42.84,1,101.49999999999999,93.2,1406,198.9,74.7,21.16,-26.133,5.07,4.199,180.0,171.9,69.0,1659,1,17.7,0.36
1773,263,6.85,42.92,1,101.49999999999999,93.30000000000001,1406,198.9,74.9,21.14,-26.195,5.066,4.199,182.0,172.9,69.0,1659,1,17.6,0.37
1774,263,6.85,42.99,1,101.49999999999999,93.2,1407,198.9,75.0,21.2,-26.242,5.062,4.199,182.0,173.9,69.0,1659,1,17.6,0.37
1775,263,6.85,42.91,1,101.6,93.2,1406,198.9,74.9,21.08,-26.312,5.055,4.199,182.0,174.8,69.0,1659,1,17.5,0.36
1776,263,6.85,42.82,1,101.6,93.2,1406,199.0,74.8,21.19,-26.367,5.051,4.199,184.0,175.7,69.0,1659,1,17.4,0.37
1777,263,6.85,42.8,1,101.6,93.2,1406,199.0,74.9,21.1,-26.43,5.047,4.199,185.0,176.6,69.0,1659,1,17.4,0.37
1778,263,6.85,42.85,1,101.6,93.30000000000001,1407,199.0,74.9,21.14,-26.477,5.043,4.199,185.0,177.5,69.0,1659,1,17.3,0.37
1779,263,6.85,42.92,1,101.6,93.30000000000001,1408,199.0,74.9,21.14,-26.531,5.039,4.199,186.0,178.4,69.0,1659,1,17.3,0.37
1780,263,6.85,42.87,1,101.69999999999999,93.30000000000001,1408,199.0,74.8,21.14,-26.578,5.035,4.199,187.0,179.2,69.0,1659,1,17.3,0.38
1781,263,6.85,42.84,1,101.69999999999999,93.30000000000001,1408,198.9,74.9,21.09,-26.625,5.031,4.199,187.0,180.0,69.0,1659,1,17.2,0.38
1782,263,6.85,42.89,1,101.69999999999999,93.30000000000001,1408,199.0,74.8,21.14,-26.68,5.023,4.199,188.0,180.8,69.0,1659,1,17.2,0.38
1783,262,6.825,42.87,1,101.69999999999999,93.30000000000001,1408,199.0,75.0,21.16,-26.719,5.02,4.199,189.0,181.6,69.0,1659,1,17.1,0.37
1784,262,6.825,42.9,1,101.69999999999999,93.30000000000001,1408,199.1,74.9,21.14,-26.766,5.016,4.199,189.0,182.4,69.0,1659,1,17.1,0.37
1785,262,6.825,42.88,1,101.69999999999999,93.30000000000001,1408,199.1,74.9,21.17,-26.805,5.012,4.199,190.0,183.1,69.0,1659,1,17.0,0.37
1786,262,6.825,42.78,1,101.69999999999999,93.2,1408,199.3,74.9,21.18,-26.844,5.008,4.199,191.0,183.9,69.0,1659,1,17.0,0.39
1787,262,6.825,42.76,1,101.8,93.30000000000001,1408,199.2,74.8,21.17,-26.883,5.0,4.199,191.0,184.6,69.0,1659,1,16.9,0.37
1788,262,6.825,42.8,1,101.8,93.30000000000001,1408,199.3,74.9,21.17,-26.914,4.996,4.199,192.0,185.4,69.0,1659,1,16.9,0.37
1789,262,6.825,42.83,1,101.8,93.30000000000001,1408,199.3,74.9,21.17,-26.953,4.992,4.199,193.0,186.0,69.0,1659,1,16.8,0.36
1790,262,6.825,42.76,1,101.8,93.30000000000001,1408,199.2,74.9,21.15,-26.984,4.984,4.199,193.0,186.7,69.0,1659,1,16.8,0.37
1791,262,6.825,42.85,1,101.8,93.2,1408,199.2,74.9,21.14,-27.016,4.98,4.199,194.0,187.4,69.0,1659,1,16.7,0.38
1792,262,6.825,42.8,1,101.8,93.30000000000001,1408,199.2,74.9,21.16,-27.055,4.977,4.199,194.0,188.1,69.0,1659,1,16.7,0.36
1793,262,6.825,42.82,1,101.89999999999999,93.30000000000001,1407,199.3,74.9,21.11,-27.102,4.973,4.199,195.0,188.7,69.0,1659,1,16.6,0.37
1794,262,6.825,42.65,1,101.8,93.2,1408,199.3,74.9,21.2,-27.133,4.969,4.198,195.0,189.4,69.0,1659,1,16.6,0.37
1795,262,6.825,42.78,1,101.8,93.2,1407,199.3,74.9,21.14,-27.172,4.965,4.199,196.0,190.0,69.0,1659,1,16.5,0.36
1796,262,6.825,42.76,1,101.8,93.30000000000001,1407,199.2,74.7,21.16,-27.211,4.961,4.199,196.0,190.5,69.0,1659,1,16.5,0.37
1797,262,6.825,42.72,1,101.8,93.2,1408,199.1,74.6,21.1,-27.25,4.957,4.199,196.0,191.1,69.0,1659,1,16.4,0.37
1798,261,6.825,42.87,1,101.89999999999999,93.30000000000001,1408,199.1,74.8,21.16,-27.289,4.953,4.199,197.0,191.5,69.0,1659,1,16.4,0.36
1799,261,6.825,42.81,1,101.89999999999999,93.30000000000001,1408,199.1,74.7,21.17,-27.32,4.949,4.199,197.0,191.9,69.0,1659,1,16.3,0.37
1800,261,6.825,42.76,1,101.89999999999999,93.30000000000001,1408,199.1,74.7,21.12,-27.359,4.945,4.199,197.0,192.3,69.0,1659,1,16.3,0.37
1801,261,6.825,42.76,1,101.89999999999999,93.2,1408,199.0,74.8,21.17,-27.391,4.941,4.198,197.0,192.6,69.0,1659,1,16.2,0.37
1802,261,6.825,42.69,1,101.89999999999999,93.2,1408,199.0,74.7,21.14,-27.43,4.934,4.199,197.0,192.8,69.0,1659,1,16.2,0.36
1803,260,6.825,42.69,1,101.89999999999999,93.30000000000001,1407,199.0,74.8,21.11,-27.469,4.93,4.199,197.0,193.0,69.0,1659,1,16.1,0.37
1804,260,6.825,42.69,1,101.89999999999999,93.2,1408,199.0,74.8,21.16,-27.508,4.922,4.199,197.0,193.2,69.0,1658,1,16.1,0.37
1805,260,6.825,42.77,1,101.89999999999999,93.2,1408,199.0,74.8,21.12,-27.562,4.918,4.199,197.0,193.2,69.0,1658,1,16.0,0.36
1806,260,6.825,42.67,1,101.89999999999999,93.2,1408,199.1,74.8,21.13,-27.609,4.91,4.198,197.0,193.3,69.0,1658,1,16.0,0.36
1807,260,6.85,42.73,1,101.89999999999999,93.2,1408,199.0,74.7,21.16,-27.664,4.906,4.199,197.0,193.3,69.0,1658,1,15.9,0.37
1808,259,6.85,42.69,1,102.0,93.2,1408,199.0,74.8,21.14,-27.711,4.898,4.199,197.0,193.3,69.0,1658,1,15.9,0.37
1809,259,6.825,42.61,1,102.0,93.2,1408,199.1,74.9,21.14,-27.773,4.895,4.199,197.0,193.4,69.0,1658,1,15.8,0.36
1810,259,6.825,42.71,1,102.0,93.2,1407,199.1,74.7,21.14,-27.836,4.887,4.199,197.0,193.3,69.0,1658,1,15.8,0.36
1811,259,6.825,42.76,1,102.0,93.2,1407,199.1,74.8,21.16,-27.898,4.883,4.199,197.0,193.3,69.0,1658,1,15.7,0.37
1812,259,6.825,42.72,1,102.0,93.2,1408,199.2,74.9,21.14,-27.961,4.879,4.199,196.0,193.2,69.0,1658,1,15.7,0.36
1813,259,6.825,42.73,1,102.0,93.2,1408,199.2,74.9,21.13,-28.023,4.875,4.199,196.0,193.2,69.0,1658,1,15.6,0.37
1814,259,6.825,42.71,1,102.1,93.2,1407,199.2,74.9,21.16,-28.086,4.871,4.199,196.0,193.1,69.0,1658,1,15.6,0.37
1815,259,6.825,42.68,1,102.1,93.2,1407,199.2,74.9,21.15,-28.148,4.867,4.199,195.0,193.1,69.0,1658,1,15.5,0.37
1816,259,6.825,42.72,1,102.2,93.2,1407,199.3,74.8,21.14,-28.219,4.863,4.198,196.0,193.1,69.0,1658,1,15.5,0.37
1817,259,6.825,42.79,1,102.2,93.2,1407,199.3,74.8,21.16,-28.273,4.855,4.199,195.0,193.1,69.0,1658,1,15.4,0.37
1818,259,6.825,42.61,1,102.2,93.2,1407,199.4,74.7,21.18,-28.336,4.852,4.199,195.0,193.1,69.0,1658,1,15.4,0.36
1819,259,6.825,42.67,1,102.2,93.2,1407,199.4,74.6,21.16,-28.398,4.848,4.199,195.0,193.2,69.0,1658,1,15.3,0.37
1820,259,6.825,42.61,1,102.2,93.2,1406,199.4,74.7,21.09,-28.461,4.844,4.199,195.0,193.3,69.0,1658,1,15.3,0.36
1821,259,6.825,42.72,1,102.2,93.2,1406,199.4,74.7,21.13,-28.523,4.84,4.199,195.0,193.5,69.0,1658,1,15.2,0.37
1822,259,6.825,42.71,1,102.2,93.2,1406,199.5,74.6,21.09,-28.586,4.836,4.199,195.0,193.6,69.0,1658,1,15.2,0.36
1823,259,6.825,42.61,1,102.2,93.2,1406,199.5,74.7,21.17,-28.641,4.832,4.199,196.0,193.8,69.0,1658,1,15.1,0.36
1824,259,6.825,42.73,1,102.2,93.2,1406,199.6,74.8,21.16,-28.703,4.828,4.199,196.0,194.1,69.0,1658,1,15.1,0.37
1825,259,6.825,42.65,1,102.2,93.2,1406,199.6,74.8,21.13,-28.758,4.824,4.199,196.0,194.3,69.0,1658,1,15.0,0.37
1826,259,6.825,42.57,1,102.2,93.10000000000001,1406,199.5,74.7,21.12,-28.812,4.824,4.199,196.0,194.6,69.0,1658,1,15.0,0.37
1827,259,6.825,42.67,1,102.3,93.2,1406,199.6,74.7,21.09,-28.867,4.82,4.199,197.0,194.9,69.0,1658,1,14.9,0.37
1828,259,6.825,42.73,1,102.2,93.10000000000001,1406,199.6,74.7,21.13,-28.922,4.816,4.199,197.0,195.2,69.0,1658,1,14.9,0.36
1829,259,6.825,42.66,1,102.2,93.10000000000001,1405,199.6,74.6,21.1,-28.977,4.812,4.199,197.0,195.6,69.0,1658,1,14.8,0.38
1830,259,6.825,42.55,1,102.2,93.10000000000001,1405,199.7,74.7,21.14,-29.023,4.809,4.198,197.0,195.9,69.0,1658,1,14.8,0.37
1831,259,6.825,42.67,1,102.2,93.10000000000001,1405,199.7,74.6,21.16,-29.078,4.805,4.199,198.0,196.3,69.0,1658,1,14.7,0.37
1832,259,6.825,42.68,1,102.2,93.10000000000001,1405,199.8,74.8,21.15,-29.125,4.801,4.199,198.0,196.6,69.0,1658,1,14.7,0.36
1833,259,6.825,42.66,1,102.2,93.10000000000001,1405,199.8,74.7,20.97,-29.18,4.797,4.199,199.0,197.0,69.0,1658,1,14.6,0.37
1834,259,6.825,42.71,1,102.2,93.10000000000001,1405,199.8,74.6,20.9,-29.227,4.797,4.199,199.0,197.4,69.0,1658,1,14.6,0.37
1835,259,6.825,42.68,1,102.2,93.10000000000001,1404,199.9,74.7,20.87,-29.281,4.793,4.199,199.0,197.7,69.0,1658,1,14.5,0.36
1836,259,6.825,42.57,1,102.2,93.10000000000001,1403,200.0,74.7,20.94,-29.336,4.789,4.199,201.0,198.2,69.0,1658,1,14.5,0.37
1837,259,6.825,42.6,1,102.2,93.10000000000001,1403,200.0,74.5,20.94,-29.391,4.785,4.199,201.0,198.5,69.0,1658,1,14.4,0.37
1838,259,6.825,42.71,1,102.2,93.10000000000001,1403,200.1,74.6,21.04,-29.453,4.781,4.199,201.0,198.9,69.0,1658,1,14.4,0.36
1839,259,6.825,42.68,1,102.2,93.10000000000001,1403,200.1,74.7,20.93,-29.508,4.777,4.199,203.0,199.4,69.0,1658,1,14.3,0.37
1840,259,6.825,42.55,1,102.2,93.10000000000001,1403,200.1,74.5,21.02,-29.562,4.773,4.199,203.0,199.8,69.0,1658,1,14.3,0.37
1841,259,6.825,42.63,1,102.2,93.10000000000001,1402,200.1,74.5,20.95,-29.625,4.773,4.199,203.0,200.2,69.0,1658,1,14.2,0.36
1842,259,6.825,42.71,1,102.2,93.10000000000001,1402,200.0,74.6,21.0,-29.68,4.766,4.199,203.0,200.6,69.0,1658,1,14.2,0.37
1843,259,6.825,42.64,1,102.2,93.10000000000001,1403,200.1,74.5,20.94,-29.734,4.766,4.199,203.0,201.0,69.0,1658,1,14.1,0.37
1844,259,6.8,42.58,1,102.2,93.0,1403,200.0,74.4,20.93,-29.789,4.762,4.198,203.0,201.4,69.0,1658,1,14.1,0.36
1845,259,6.8,42.63,1,102.2,93.0,1402,200.0,74.5,20.9,-29.844,4.758,4.198,203.0,201.8,69.0,1658,1,14.0,0.37
1846,259,6.8,42.6,1,102.2,93.0,1402,200.0,74.7,20.98,-29.898,4.754,4.199,203.0,202.1,69.0,1658,1,14.0,0.36
1847,260,6.8,42.63,1,102.2,93.0,1402,200.0,74.5,20.98,-29.945,4.754,4.199,204.0,202.5,69.0,1658,1,13.9,0.37
1848,260,6.8,42.67,1,102.2,93.0,1402,200.0,74.6,20.96,-30.0,4.75,4.199,205.0,202.8,69.0,1658,1,13.9,0.37
1849,261,6.8,42.44,1,102.2,93.0,1401,200.0,74.8,20.93,-30.039,4.75,4.199,205.0,203.2,69.0,1658,1,13.8,0.37
1850,261,6.8,42.55,1,102.2,93.0,1401,200.1,74.8,20.91,-30.078,4.754,4.199,205.0,203.6,69.0,1658,1,13.7,0.37
1851,262,6.8,42.6,1,102.2,93.0,1401,200.1,74.6,20.96,-30.117,4.754,4.199,205.0,203.9,69.0,1658,1,13.7,0.36
1852,263,6.8,42.61,1,102.2,93.10000000000001,1403,200.2,74.7,20.88,-30.141,4.754,4.199,205.0,204.2,69.0,1658,1,13.7,0.37
1853,264,6.8,42.56,1,102.2,93.10000000000001,1403,200.2,74.6,20.96,-30.172,4.758,4.199,206.0,204.6,69.0,1658,1,13.6,0.36
1854,265,6.8,42.61,1,102.2,93.10000000000001,1403,200.2,74.6,20.84,-30.188,4.762,4.199,207.0,204.8,69.0,1658,1,13.6,0.37
1855,266,6.775,42.63,1,102.2,93.0,1403,200.1,74.6,20.87,-30.203,4.762,4.199,206.0,205.1,69.0,1658,1,13.5,0.37
1856,266,6.775,42.59,1,102.2,93.10000000000001,1403,200.1,74.6,21.01,-30.211,4.766,4.199,207.0,205.3,70.0,1658,1,13.4,0.37
1857,267,6.775,42.64,1,102.2,93.10000000000001,1403,200.1,74.8,20.97,-30.211,4.77,4.199,207.0,205.6,69.0,1658,1,13.4,0.37
1858,268,6.775,42.58,1,102.2,93.10000000000001,1403,200.1,74.6,20.85,-30.203,4.773,4.199,207.0,205.8,70.0,1658,1,13.3,0.37
1859,269,6.775,42.64,1,102.2,93.10000000000001,1402,200.1,74.6,20.89,-30.188,4.777,4.199,207.0,206.0,70.0,1658,1,13.3,0.37
1860,269,6.775,42.56,1,102.2,93.10000000000001,1402,200.1,74.5,20.91,-30.172,4.781,4.199,207.0,206.2,69.0,1658,1,13.3,0.37
1861,270,6.775,42.68,1,102.2,93.10000000000001,1402,200.1,74.6,21.02,-30.148,4.785,4.199,208.0,206.3,70.0,1658,1,13.2,0.37
1862,271,6.775,42.65,1,102.2,93.10000000000001,1402,200.1,74.6,20.95,-30.125,4.789,4.199,208.0,206.5,70.0,1658,1,13.1,0.37
1863,272,6.775,42.59,1,102.2,93.10000000000001,1403,200.1,74.8,20.89,-30.102,4.793,4.199,208.0,206.6,70.0,1658,1,13.1,0.37
1864,273,6.775,42.72,1,102.2,93.10000000000001,1403,200.1,74.6,20.94,-30.07,4.797,4.198,208.0,206.6,70.0,1658,1,13.0,0.37
1865,273,6.775,42.62,1,102.2,93.10000000000001,1404,200.1,74.8,20.93,-30.039,4.801,4.199,208.0,206.7,70.0,1658,1,13.0,0.37
1866,274,6.775,42.55,1,102.2,93.10000000000001,1404,200.1,74.7,20.9,-30.0,4.805,4.199,208.0,206.7,70.0,1658,1,12.9,0.36
1867,275,6.775,42.62,1,102.2,93.10000000000001,1405,200.2,74.8,20.93,-29.961,4.805,4.199,208.0,206.7,70.0,1658,1,12.9,0.38
1868,276,6.775,42.63,1,102.2,93.2,1404,200.2,74.7,20.95,-29.922,4.809,4.199,208.0,206.7,70.0,1658,1,12.8,0.37
1869,276,6.775,42.61,1,102.2,93.10000000000001,1404,200.3,74.6,20.93,-29.891,4.812,4.198,208.0,206.6,70.0,1658,1,12.8,0.37
1870,277,6.775,42.65,1,102.2,93.10000000000001,1404,200.3,74.7,20.95,-29.852,4.816,4.199,207.0,206.6,70.0,1658,1,12.7,0.37
1871,278,6.775,42.78,1,102.2,93.10000000000001,1405,200.4,74.8,20.9,-29.812,4.82,4.199,208.0,206.5,70.0,1658,1,12.7,0.37
1872,279,6.775,42.63,1,102.2,93.2,1405,200.3,74.8,20.92,-29.773,4.824,4.199,208.0,206.4,70.0,1658,1,12.6,0.37
1873,279,6.775,42.53,1,102.2,93.10000000000001,1404,200.2,74.8,20.95,-29.727,4.828,4.199,207.0,206.3,70.0,1658,1,12.6,0.37
1874,280,6.775,42.56,1,102.2,93.2,1404,200.3,74.9,20.9,-29.688,4.828,4.199,207.0,206.2,70.0,1658,1,12.5,0.37
1875,281,6.775,42.57,1,102.2,93.2,1405,200.2,74.8,20.94,-29.641,4.832,4.199,207.0,206.1,70.0,1658,1,12.4,0.37
1876,281,6.775,42.66,1,102.2,93.2,1405,200.2,74.8,20.92,-29.602,4.836,4.199,207.0,206.0,70.0,1658,1,12.4,0.37
1877,282,6.775,42.6,1,102.2,93.2,1405,200.2,74.9,20.91,-29.555,4.84,4.199,206.0,205.8,70.0,1658,1,12.4,0.37
1878,283,6.775,42.66,1,102.2,93.2,1405,200.3,74.9,20.94,-29.516,4.844,4.198,206.0,205.7,70.0,1658,1,12.3,0.37
1879,284,6.775,42.64,1,102.2,93.2,1405,200.3,74.8,20.95,-29.469,4.848,4.199,206.0,205.5,70.0,1658,1,12.2,0.37
1880,284,6.775,42.71,1,102.3,93.2,1406,200.2,74.7,20.96,-29.422,4.852,4.199,206.0,205.3,70.0,1658,1,12.2,0.37
1881,285,6.775,42.69,1,102.2,93.2,1406,200.2,74.9,20.95,-29.383,4.852,4.199,205.0,205.1,70.0,1658,1,12.1,0.37
1882,286,6.775,42.68,1,102.2,93.2,1406,200.2,74.8,20.94,-29.344,4.855,4.199,205.0,204.9,70.0,1658,1,12.1,0.37
1883,286,6.775,42.77,1,102.2,93.2,1407,200.1,74.8,20.9,-29.297,4.859,4.199,205.0,204.6,70.0,1658,1,12.0,0.36
1884,287,6.775,42.67,1,102.2,93.2,1406,200.1,74.9,20.98,-29.25,4.863,4.199,205.0,204.4,70.0,1658,1,12.0,0.36
1885,288,6.775,42.66,1,102.2,93.2,1407,200.1,74.9,20.93,-29.203,4.867,4.199,205.0,204.2,70.0,1658,1,11.9,0.36
1886,288,6.775,42.65,1,102.2,93.2,1408,200.0,74.8,20.93,-29.164,4.867,4.199,204.0,203.9,70.0,1658,1,11.8,0.36
1887,289,6.775,42.63,1,102.2,93.2,1408,200.0,74.9,20.91,-29.117,4.867,4.199,204.0,203.6,70.0,1658,1,11.8,0.36
1888,290,6.775,42.66,1,102.2,93.2,1408,200.0,74.8,20.87,-29.062,4.871,4.199,203.0,203.4,70.0,1658,1,11.8,0.37
1889,290,6.775,42.69,1,102.2,93.2,1408,199.9,74.9,20.96,-29.023,4.875,4.199,203.0,203.1,70.0,1658,1,11.7,0.37
1890,291,6.775,42.66,1,102.2,93.2,1408,199.9,74.9,20.95,-28.984,4.879,4.199,203.0,202.9,70.0,1658,1,11.7,0.36
1891,291,6.775,42.7,1,102.2,93.30000000000001,1408,199.9,75.0,20.93,-28.938,4.883,4.199,203.0,202.6,70.0,1658,1,11.6,0.35
1892,292,6.775,42.77,1,102.2,93.30000000000001,1409,199.9,74.9,20.96,-28.898,4.883,4.199,203.0,202.4,70.0,1658,1,11.5,0.36
1893,293,6.775,42.71,1,102.2,93.2,1410,199.9,75.0,20.91,-28.852,4.887,4.199,203.0,202.1,70.0,1658,1,11.5,0.36
1894,293,6.775,42.64,1,102.2,93.2,1410,199.9,74.9,20.93,-28.812,4.891,4.199,203.0,201.9,70.0,1658,1,11.4,0.37
1895,294,6.775,42.75,1,102.2,93.30000000000001,1410,199.9,75.0,20.95,-28.773,4.895,4.199,203.0,201.6,70.0,1658,1,11.3,0.36
1896,294,6.775,42.64,1,102.2,93.30000000000001,1410,199.9,74.9,20.95,-28.734,4.895,4.199,203.0,201.3,70.0,1658,1,11.3,0.36
1897,295,6.775,42.74,1,102.2,93.30000000000001,1410,199.9,75.0,20.93,-28.695,4.898,4.199,201.0,201.1,70.0,1658,1,11.2,0.36
1898,296,6.775,42.7,1,102.2,93.30000000000001,1410,199.8,75.0,20.92,-28.656,4.902,4.199,201.0,200.8,70.0,1658,1,11.2,0.37
1899,296,6.775,42.68,1,102.2,93.30000000000001,1410,199.8,74.9,20.89,-28.609,4.906,4.199,201.0,200.5,70.0,1658,1,11.1,0.36
1900,297,6.775,42.67,1,102.2,93.30000000000001,1409,199.7,75.0,20.98,-28.57,4.91,4.199,201.0,200.3,70.0,1658,1,11.1,0.36
1901,298,6.775,42.64,1,102.2,93.30000000000001,1410,199.7,74.9,20.94,-28.539,4.91,4.199,200.0,200.0,70.0,1658,1,11.0,0.36
1902,298,6.775,42.67,1,102.2,93.30000000000001,1410,199.8,74.9,21.0,-28.5,4.914,4.199,200.0,199.7,70.0,1658,1,11.0,0.37
1903,299,6.775,42.65,1,102.2,93.30000000000001,1410,199.8,75.0,20.96,-28.461,4.918,4.199,199.0,199.5,70.0,1658,1,10.9,0.35
1904,299,6.775,42.7,1,102.2,93.30000000000001,1410,199.8,75.1,20.97,-28.422,4.922,4.199,199.0,199.3,70.0,1658,1,10.9,0.35
1905,300,6.775,42.54,1,102.2,93.30000000000001,1410,199.8,75.0,20.93,-28.391,4.926,4.199,199.0,199.1,70.0,1658,1,10.8,0.36
1906,300,6.775,42.7,1,102.2,93.30000000000001,1411,199.7,74.9,20.98,-28.352,4.926,4.198,199.0,198.9,70.0,1658,1,10.7,0.37
1907,301,6.775,42.67,1,102.2,93.30000000000001,1410,199.7,74.9,20.96,-28.32,4.93,4.199,199.0,198.7,70.0,1658,1,10.7,0.36
1908,301,6.775,42.75,1,102.2,93.30000000000001,1411,199.7,74.9,21.29,-28.281,4.934,4.199,199.0,198.7,70.0,1658,1,10.6,0.36
1909,302,6.775,42.74,1,102.2,93.30000000000001,1411,199.7,74.9,21.3,-28.242,4.938,4.199,199.0,198.6,70.0,1658,1,10.5,0.36
1910,303,6.775,42.74,1,102.2,93.30000000000001,1410,199.7,75.0,21.39,-28.203,4.938,4.199,198.0,198.5,70.0,1658,1,10.5,0.37
1911,303,6.775,42.72,1,102.2,93.30000000000001,1411,199.7,75.0,21.34,-28.172,4.941,4.199,198.0,198.4,70.0,1658,1,10.4,0.37
1912,304,6.775,42.75,1,102.2,93.30000000000001,1411,199.7,75.1,21.37,-28.141,4.945,4.199,198.0,198.4,70.0,1658,1,10.4,0.36
1913,304,6.775,42.58,1,102.2,93.4,1411,199.7,75.1,21.39,-28.109,4.949,4.199,198.0,198.4,70.0,1658,1,10.3,0.36
1914,305,6.775,42.75,1,102.2,93.4,1411,199.6,75.2,21.36,-28.078,4.953,4.199,198.0,198.4,70.0,1658,1,10.2,0.37
1915,306,6.775,42.74,1,102.2,93.30000000000001,1411,199.5,75.0,21.35,-28.031,4.953,4.199,198.0,198.4,70.0,1658,1,10.2,0.37
1916,306,6.775,42.73,1,102.2,93.30000000000001,1411,199.5,75.0,21.35,-28.0,4.957,4.199,198.0,198.4,70.0,1658,1,10.1,0.37
1917,307,6.775,42.76,1,102.2,93.4,1412,199.4,75.2,21.36,-27.953,4.957,4.199,199.0,198.4,70.0,1658,1,10.0,0.37
1918,307,6.775,42.7,1,102.2,93.4,1412,199.4,75.3,21.37,-27.914,4.961,4.199,199.0,198.4,70.0,1658,1,10.0,0.37
1919,308,6.775,42.7,1,102.2,93.4,1412,199.3,75.3,21.34,-27.875,4.965,4.199,199.0,198.5,70.0,1658,1,9.9,0.37
1920,308,6.775,42.61,1,102.2,93.4,1412,199.3,75.2,21.44,-27.836,4.969,4.199,198.0,198.5,70.0,1658,1,9.9,0.37
1921,309,6.775,42.73,1,102.2,93.4,1412,199.3,75.3,21.35,-27.805,4.969,4.199,198.0,198.5,70.0,1658,1,9.8,0.37
1922,309,6.775,42.77,1,102.2,93.4,1412,199.3,75.2,21.38,-27.758,4.973,4.199,199.0,198.5,70.0,1658,1,9.7,0.37
1923,310,6.775,42.84,1,102.2,93.4,1412,199.2,75.2,21.42,-27.727,4.977,4.199,199.0,198.5,70.0,1658,1,9.7,0.37
1924,310,6.775,42.73,1,102.2,93.4,1412,199.2,75.1,21.37,-27.688,4.977,4.199,199.0,198.5,70.0,1658,1,9.6,0.36
1925,311,6.775,42.75,1,102.2,93.4,1412,199.2,75.0,21.34,-27.656,4.977,4.199,198.0,198.6,70.0,1658,1,9.6,0.37
1926,312,6.775,42.77,1,102.1,93.4,1412,199.3,75.2,21.41,-27.617,4.98,4.199,198.0,198.6,70.0,1658,1,9.5,0.37
1927,312,6.775,42.72,1,102.1,93.4,1412,199.2,75.2,21.36,-27.578,4.984,4.199,199.0,198.6,70.0,1658,1,9.4,0.37
1928,313,6.775,42.64,1,102.1,93.4,1413,199.3,75.3,21.38,-27.547,4.988,4.199,199.0,198.6,70.0,1658,1,9.4,0.37
1929,313,6.775,42.75,1,102.1,93.4,1413,199.3,75.3,21.41,-27.516,4.992,4.199,198.0,198.6,70.0,1658,1,9.3,0.37
1930,313,6.775,42.72,1,102.1,93.4,1413,199.3,75.1,21.36,-27.469,4.996,4.199,198.0,198.5,70.0,1658,1,9.3,0.37
1931,314,6.775,42.76,1,102.1,93.4,1413,199.3,75.1,21.4,-27.43,5.0,4.199,198.0,198.5,70.0,1658,1,9.2,0.37
1932,314,6.775,42.76,1,102.1,93.4,1412,199.3,75.2,21.42,-27.391,5.004,4.199,199.0,198.5,70.0,1658,1,9.1,0.38
1933,315,6.775,42.76,1,102.1,93.4,1412,199.3,75.2,21.42,-27.359,5.004,4.199,199.0,198.4,70.0,1658,1,9.1,0.37
1934,315,6.775,42.79,1,102.1,93.4,1412,199.2,75.2,21.35,-27.32,5.008,4.199,199.0,198.4,70.0,1658,1,9.0,0.38
1935,316,6.775,42.76,1,102.0,93.4,1413,199.2,75.3,21.4,-27.281,5.012,4.199,198.0,198.3,70.0,1658,1,8.9,0.37
1936,316,6.775,42.75,1,102.0,93.4,1413,199.3,75.3,21.45,-27.25,5.012,4.199,198.0,198.2,70.0,1658,1,8.9,0.38
1937,317,6.775,42.83,1,102.0,93.4,1414,199.3,75.3,21.45,-27.219,5.016,4.199,198.0,198.2,70.0,1658,1,8.8,0.37
1938,317,6.775,42.79,1,102.0,93.4,1414,199.2,75.4,21.41,-27.188,5.02,4.199,198.0,198.1,70.0,1658,1,8.7,0.36
1939,318,6.775,42.74,1,102.0,93.4,1414,199.2,75.3,21.39,-27.148,5.02,4.199,198.0,198.0,70.0,1658,1,8.7,0.36
1940,318,6.775,42.74,1,102.0,93.4,1413,199.2,75.4,21.41,-27.117,5.023,4.199,198.0,197.9,70.0,1658,1,8.6,0.37
1941,319,6.775,42.72,1,102.0,93.4,1413,199.2,75.3,21.39,-27.078,5.027,4.199,198.0,197.8,70.0,1658,1,8.6,0.37
1942,319,6.775,42.69,1,101.89999999999999,93.4,1413,199.2,75.2,21.38,-27.047,5.027,4.199,197.0,197.7,70.0,1658,1,8.5,0.37
1943,320,6.775,42.81,1,101.89999999999999,93.4,1413,199.1,75.3,21.43,-27.008,5.031,4.199,197.0,197.6,70.0,1658,1,8.4,0.37
1944,320,6.775,42.82,1,101.89999999999999,93.4,1413,199.1,75.3,21.42,-26.984,5.035,4.199,197.0,197.5,70.0,1658,1,8.4,0.37
1945,320,6.775,42.77,1,101.89999999999999,93.4,1414,199.0,75.2,21.41,-26.945,5.035,4.199,197.0,197.4,70.0,1658,1,8.3,0.36
1946,321,6.775,42.75,1,101.89999999999999,93.4,1414,199.0,75.4,21.39,-26.922,5.039,4.199,197.0,197.2,70.0,1658,1,8.2,0.37
1947,321,6.775,42.71,1,101.89999999999999,93.4,1413,199.0,75.2,21.11,-26.891,5.039,4.199,197.0,197.2,70.0,1658,1,8.2,0.37
1948,322,6.775,42.76,1,101.8,93.4,1413,198.9,75.2,20.64,-26.852,5.043,4.199,197.0,197.1,70.0,1658,1,8.1,0.37
1949,322,6.775,42.75,1,101.69999999999999,93.4,1412,198.9,75.2,20.61,-26.82,5.047,4.199,197.0,197.1,70.0,1658,1,8.0,0.37
1950,323,6.775,42.76,1,101.69999999999999,93.30000000000001,1412,198.8,75.3,20.59,-26.797,5.047,4.199,197.0,197.1,70.0,1658,1,8.0,0.37
1951,323,6.775,42.74,1,101.6,93.4,1412,198.9,75.5,20.59,-26.766,5.051,4.199,197.0,197.2,70.0,1658,1,7.9,0.37
1952,323,6.775,42.78,1,101.6,93.4,1412,198.9,75.3,20.63,-26.734,5.055,4.199,197.0,197.2,70.0,1658,1,7.8,0.38
1953,324,6.775,42.77,1,101.6,93.30000000000001,1411,198.9,75.3,20.63,-26.711,5.055,4.199,197.0,197.4,70.0,1658,1,7.8,0.37
1954,324,6.775,42.73,1,101.6,93.4,1412,198.8,75.3,20.56,-26.68,5.059,4.199,197.0,197.5,70.0,1658,1,7.7,0.36
1955,325,6.775,42.75,1,101.6,93.30000000000001,1411,198.8,75.4,20.58,-26.648,5.062,4.199,197.0,197.6,70.0,1658,1,7.7,0.37
1956,325,6.775,42.76,1,101.6,93.30000000000001,1411,198.8,75.3,20.62,-26.617,5.062,4.199,198.0,197.8,70.0,1658,1,7.6,0.36
1957,325,6.775,42.65,1,101.6,93.4,1411,198.8,75.3,20.61,-26.586,5.066,4.199,198.0,198.0,70.0,1658,1,7.5,0.36
1958,326,6.775,42.74,1,101.49999999999999,93.30000000000001,1411,198.9,75.5,20.57,-26.562,5.066,4.199,198.0,198.2,70.0,1658,1,7.5,0.37
1959,326,6.775,42.82,1,101.49999999999999,93.4,1411,199.0,75.2,20.61,-26.531,5.07,4.199,198.0,198.4,70.0,1658,1,7.4,0.37
1960,326,6.775,42.73,1,101.49999999999999,93.4,1411,198.9,75.3,20.6,-26.508,5.07,4.199,199.0,198.6,70.0,1658,1,7.3,0.36
1961,327,6.775,42.78,1,101.49999999999999,93.4,1411,198.8,75.4,20.63,-26.469,5.074,4.199,199.0,198.8,70.0,1658,1,7.3,0.36
1962,327,6.775,42.81,1,101.49999999999999,93.4,1411,198.7,75.3,20.62,-26.438,5.074,4.199,199.0,199.0,70.0,1658,1,7.2,0.37
1963,328,6.775,42.75,1,101.49999999999999,93.4,1411,198.6,75.3,20.67,-26.414,5.078,4.199,199.0,199.2,70.0,1658,1,7.1,0.37
1964,328,6.775,42.75,1,101.49999999999999,93.4,1412,198.6,75.3,20.54,-26.383,5.078,4.199,199.0,199.3,70.0,1658,1,7.1,0.37
1965,328,6.775,42.77,1,101.49999999999999,93.4,1412,198.6,75.3,20.6,-26.352,5.078,4.199,200.0,199.5,70.0,1658,1,7.0,0.37
1966,329,6.775,42.74,1,101.49999999999999,93.4,1412,198.5,75.3,20.59,-26.328,5.082,4.199,201.0,199.7,70.0,1658,1,6.9,0.37
1967,329,6.775,42.82,1,101.49999999999999,93.4,1413,198.4,75.3,20.8,-26.297,5.082,4.199,201.0,199.9,70.0,1658,1,6.9,0.37
1968,329,6.775,42.8,1,101.6,93.4,1414,198.4,75.5,21.31,-26.266,5.082,4.199,201.0,200.0,70.0,1658,1,6.8,0.38
1969,330,6.775,42.81,1,101.6,93.4,1414,198.4,75.3,21.38,-26.234,5.082,4.199,201.0,200.2,70.0,1658,1,6.8,0.37
1970,330,6.775,42.77,1,101.6,93.5,1414,198.4,75.3,21.38,-26.195,5.086,4.199,201.0,200.3,70.0,1658,1,6.7,0.38
1971,330,6.775,42.8,1,101.6,93.4,1414,198.4,75.4,21.38,-26.164,5.086,4.199,202.0,200.5,70.0,1658,1,6.6,0.36
1972,331,6.775,42.74,1,101.6,93.4,1414,198.3,75.4,21.39,-26.133,5.086,4.199,203.0,200.6,70.0,1658,1,6.6,0.37
1973,331,6.775,42.8,1,101.6,93.4,1414,198.2,75.5,21.35,-26.102,5.09,4.199,203.0,200.7,70.0,1658,1,6.5,0.37
1974,331,6.775,42.76,1,101.6,93.4,1414,198.2,75.4,21.37,-26.078,5.09,4.199,203.0,200.9,71.0,1658,1,6.4,0.37
1975,332,6.75,42.75,1,101.6,93.4,1414,198.3,75.2,21.38,-26.047,5.094,4.199,203.0,201.0,71.0,1658,1,6.4,0.37
1976,332,6.775,42.75,1,101.49999999999999,93.4,1414,198.3,75.3,21.38,-26.023,5.094,4.199,203.0,201.1,71.0,1658,1,6.3,0.37
1977,332,6.75,42.74,1,101.49999999999999,93.4,1414,198.2,75.5,21.37,-26.0,5.098,4.199,203.0,201.2,71.0,1658,1,6.2,0.37
1978,332,6.775,42.8,1,101.49999999999999,93.4,1413,198.2,75.4,21.36,-25.977,5.098,4.199,203.0,201.3,71.0,1658,1,6.2,0.37
1979,332,6.775,42.81,1,101.49999999999999,93.4,1413,198.2,75.6,21.36,-25.945,5.098,4.199,203.0,201.3,71.0,1658,1,6.1,0.36
1980,333,6.775,42.74,1,101.49999999999999,93.4,1414,198.2,75.6,21.34,-25.922,5.098,4.199,203.0,201.4,71.0,1658,1,6.0,0.37
1981,333,6.775,42.8,1,101.49999999999999,93.4,1413,198.3,75.4,21.37,-25.898,5.102,4.199,203.0,201.5,71.0,1658,1,6.0,0.37
1982,333,6.775,42.84,1,101.49999999999999,93.4,1414,198.2,75.4,21.37,-25.883,5.102,4.199,203.0,201.5,71.0,1658,1,5.9,0.36
1983,333,6.775,42.7,1,101.4,93.4,1414,198.2,75.5,21.33,-25.859,5.102,4.199,203.0,201.6,71.0,1658,1,5.9,0.36
1984,334,6.775,42.76,1,101.4,93.4,1414,198.2,75.5,21.34,-25.844,5.102,4.199,203.0,201.6,71.0,1658,1,5.8,0.36
1985,334,6.775,42.78,1,101.4,93.4,1413,198.2,75.4,21.36,-25.82,5.102,4.199,203.0,201.7,71.0,1658,1,5.7,0.37
1986,334,6.775,42.83,1,101.4,93.4,1414,198.2,75.5,21.34,-25.805,5.102,4.199,203.0,201.7,71.0,1658,1,5.7,0.37
1987,334,6.775,42.77,1,101.4,93.4,1414,198.3,75.3,21.36,-25.781,5.105,4.199,203.0,201.7,71.0,1658,1,5.6,0.36
1988,334,6.775,42.73,1,101.4,93.4,1414,198.3,75.4,21.34,-25.758,5.105,4.199,203.0,201.7,71.0,1658,1,5.5,0.37
1989,335,6.775,42.78,1,101.4,93.4,1415,198.3,75.5,21.41,-25.734,5.109,4.199,203.0,201.7,71.0,1658,1,5.5,0.36
1990,335,6.775,42.76,1,101.4,93.4,1415,198.3,75.5,21.36,-25.719,5.109,4.199,203.0,201.8,71.0,1658,1,5.4,0.36
1991,335,6.775,42.76,1,101.29999999999998,93.4,1414,198.2,75.3,21.38,-25.695,5.109,4.198,203.0,201.8,71.0,1658,1,5.3,0.37
1992,335,6.775,42.79,1,101.4,93.4,1414,198.2,75.5,21.4,-25.68,5.109,4.199,203.0,201.8,71.0,1658,1,5.3,0.37
1993,335,6.775,42.76,1,101.4,93.4,1414,198.2,75.4,21.39,-25.656,5.113,4.199,203.0,201.7,71.0,1658,1,5.2,0.37
1994,335,6.775,42.76,1,101.4,93.4,1416,198.1,75.4,21.34,-25.633,5.113,4.199,203.0,201.7,71.0,1658,1,5.1,0.37
1995,336,6.775,42.74,1,101.29999999999998,93.4,1415,198.1,75.3,21.39,-25.617,5.113,4.199,203.0,201.7,71.0,1658,1,5.1,0.37
1996,336,6.775,42.72,1,101.29999999999998,93.4,1414,198.1,75.4,21.36,-25.602,5.117,4.199,203.0,201.7,71.0,1658,1,5.0,0.37
1997,336,6.775,42.75,1,101.29999999999998,93.4,1413,198.1,75.4,21.39,-25.586,5.117,4.199,203.0,201.7,71.0,1658,1,5.0,0.37
1998,336,6.775,42.76,1,101.29999999999998,93.4,1413,198.1,75.5,21.41,-25.562,5.117,4.199,203.0,201.7,71.0,1658,1,4.9,0.37
1999,336,6.775,42.81,1,101.29999999999998,93.4,1414,198.0,75.4,21.38,-25.555,5.121,4.199,203.0,201.7,71.0,1658,1,4.8,0.36
2000,336,6.775,42.77,1,101.29999999999998,93.4,1414,197.9,75.4,21.4,-25.539,5.121,4.199,203.0,201.6,71.0,1658,1,4.8,0.36
2001,336,6.775,42.78,1,101.29999999999998,93.4,1413,197.9,75.5,21.32,-25.523,5.125,4.199,203.0,201.6,71.0,1658,1,4.7,0.37
2002,337,6.775,42.8,1,101.29999999999998,93.4,1413,197.9,75.4,21.37,-25.508,5.125,4.199,203.0,201.6,71.0,1658,1,4.6,0.37
2003,337,6.775,42.77,1,101.29999999999998,93.4,1413,197.9,75.5,21.4,-25.5,5.125,4.199,203.0,201.5,71.0,1658,1,4.6,0.37
2004,337,6.775,42.76,1,101.29999999999998,93.4,1413,197.9,75.5,21.37,-25.484,5.129,4.199,203.0,201.5,71.0,1659,1,4.5,0.37
2005,337,6.775,42.74,1,101.29999999999998,93.4,1413,197.8,75.4,21.0,-25.469,5.129,4.199,203.0,201.5,71.0,1659,1,4.4,0.37
2006,337,6.775,42.78,1,101.29999999999998,93.4,1413,197.9,75.3,20.75,-25.461,5.129,4.199,203.0,201.4,71.0,1658,1,4.4,0.37
2007,337,6.775,42.73,1,101.2,93.4,1412,197.8,75.2,20.7,-25.453,5.133,4.199,203.0,201.4,71.0,1659,1,4.3,0.38
2008,338,6.775,42.75,1,101.1,93.4,1412,197.8,75.2,20.74,-25.445,5.133,4.199,203.0,201.3,71.0,1659,1,4.3,0.37
2009,338,6.775,42.76,1,101.1,93.4,1412,197.8,75.2,20.69,-25.43,5.133,4.199,203.0,201.3,71.0,1659,1,4.2,0.37
2010,338,6.775,42.79,1,101.2,93.4,1411,197.9,75.2,20.76,-25.414,5.137,4.199,203.0,201.2,71.0,1659,1,4.1,0.37
2011,338,6.775,42.7,1,101.1,93.4,1412,197.9,75.5,20.77,-25.398,5.137,4.199,203.0,201.1,71.0,1659,1,4.1,0.37
2012,338,6.775,42.75,1,101.1,93.4,1412,197.9,75.6,20.7,-25.391,5.137,4.199,203.0,201.1,71.0,1659,1,4.0,0.37
2013,338,6.775,42.73,1,101.1,93.4,1412,197.9,75.4,20.66,-25.375,5.137,4.199,202.0,201.0,71.0,1659,1,4.0,0.37
2014,339,6.775,42.76,1,101.1,93.4,1412,197.8,75.3,20.68,-25.367,5.137,4.199,202.0,201.0,71.0,1659,1,3.9,0.36
2015,339,6.775,42.72,1,101.1,93.4,1412,197.9,75.2,20.71,-25.352,5.137,4.199,202.0,200.9,71.0,1659,1,3.8,0.37
2016,339,6.775,42.76,1,101.1,93.4,1413,197.8,75.3,20.69,-25.344,5.137,4.199,203.0,200.9,71.0,1659,1,3.8,0.37
2017,339,6.775,42.77,1,101.0,93.4,1413,197.8,75.3,20.68,-25.336,5.141,4.199,201.0,200.8,71.0,1659,1,3.7,0.38
2018,339,6.775,42.69,1,101.1,93.4,1413,197.8,75.4,20.71,-25.32,5.141,4.199,201.0,200.7,71.0,1659,1,3.6,0.37
2019,340,6.775,42.7,1,101.1,93.4,1413,197.8,75.3,20.68,-25.305,5.145,4.199,201.0,200.7,71.0,1659,1,3.6,0.36
2020,340,6.775,42.73,1,101.1,93.4,1412,197.8,75.5,20.7,-25.289,5.145,4.199,201.0,200.6,71.0,1659,1,3.5,0.36
2021,340,6.775,42.69,1,101.1,93.4,1412,197.8,75.4,20.73,-25.273,5.148,4.199,201.0,200.5,71.0,1659,1,3.4,0.36
2022,340,6.775,42.73,1,101.1,93.4,1413,197.9,75.3,20.72,-25.266,5.148,4.199,201.0,200.5,71.0,1659,1,3.4,0.36
2023,340,6.775,42.74,1,101.0,93.4,1413,197.8,75.5,20.73,-25.25,5.148,4.199,201.0,200.4,71.0,1659,1,3.3,0.37
2024,340,6.775,42.76,1,101.1,93.4,1413,197.7,75.5,20.71,-25.234,5.148,4.199,201.0,200.4,71.0,1659,1,3.3,0.37
2025,341,6.775,42.73,1,101.1,93.4,1412,197.7,75.4,20.78,-25.219,5.152,4.199,200.0,200.4,71.0,1659,1,3.2,0.37
2026,341,6.775,42.71,1,101.0,93.4,1412,197.7,75.4,20.71,-25.203,5.152,4.198,201.0,200.3,71.0,1659,1,3.1,0.37
2027,341,6.775,42.74,1,101.1,93.4,1412,197.7,75.5,20.73,-25.195,5.152,4.199,201.0,200.3,71.0,1659,1,3.1,0.37
2028,341,6.775,42.67,1,101.0,93.4,1412,197.6,75.3,20.7,-25.18,5.152,4.199,201.0,200.2,71.0,1659,1,3.0,0.36
2029,341,6.775,42.77,1,101.1,93.4,1412,197.7,75.3,20.73,-25.164,5.152,4.199,200.0,200.1,71.0,1659,1,3.0,0.36
2030,342,6.775,42.79,1,101.0,93.4,1412,197.7,75.3,20.67,-25.156,5.156,4.199,200.0,200.0,71.0,1659,1,2.9,0.36
2031,342,6.775,42.73,1,101.0,93.4,1412,197.7,75.3,20.71,-25.148,5.156,4.199,200.0,200.0,71.0,1659,1,2.8,0.36
2032,342,6.775,42.74,1,101.0,93.4,1413,197.7,75.2,21.05,-25.133,5.156,4.199,199.0,199.9,71.0,1659,1,2.8,0.36
2033,342,6.775,42.76,1,101.1,93.4,1413,197.7,75.5,21.33,-25.117,5.156,4.199,200.0,199.8,71.0,1659,1,2.7,0.42
2034,343,6.775,42.75,1,101.2,93.4,1414,197.7,75.5,21.36,-25.102,5.156,4.199,200.0,199.7,71.0,1659,1,2.6,0.45
2035,343,6.775,42.73,1,101.1,93.4,1414,197.7,75.5,21.36,-25.086,5.16,4.199,199.0,199.7,71.0,1659,1,2.6,0.43
2036,343,6.775,42.74,1,101.1,93.4,1413,197.7,75.4,21.37,-25.07,5.16,4.199,199.0,199.6,71.0,1659,1,2.5,0.43
2037,343,6.775,42.74,1,101.1,93.4,1414,197.7,75.7,21.36,-25.055,5.16,4.199,199.0,199.5,71.0,1659,1,2.5,0.43
2038,343,6.775,42.72,1,101.1,93.4,1414,197.7,75.5,21.36,-25.047,5.16,4.199,199.0,199.4,71.0,1659,1,2.4,0.44
2039,343,6.775,42.74,1,101.1,93.4,1414,197.7,75.5,21.34,-25.023,5.16,4.199,199.0,199.3,71.0,1659,1,2.4,0.44
2040,344,6.775,42.75,1,101.1,93.4,1414,197.6,75.5,21.38,-25.016,5.16,4.199,199.0,199.2,71.0,1659,1,2.3,0.45
2041,344,6.775,42.76,1,101.1,93.4,1415,197.7,75.4,21.36,-25.0,5.16,4.199,199.0,199.2,71.0,1659,1,2.2,0.45
2042,344,6.775,42.68,1,101.1,93.4,1415,197.6,75.5,21.36,-24.984,5.16,4.199,199.0,199.1,71.0,1659,1,2.2,0.45
2043,344,6.775,42.77,1,101.1,93.4,1414,197.6,75.5,21.4,-24.969,5.16,4.199,199.0,199.0,71.0,1659,1,2.1,0.45
2044,344,6.775,42.72,1,101.1,93.4,1414,197.7,75.5,21.38,-24.953,5.16,4.199,199.0,199.0,71.0,1659,1,2.1,0.45
2045,345,6.775,42.74,1,101.0,93.4,1414,197.7,75.4,21.36,-24.945,5.164,4.199,199.0,198.9,71.0,1659,1,2.0,0.44
2046,345,6.775,42.75,1,101.0,93.4,1414,197.7,75.3,21.36,-24.922,5.164,4.199,198.0,198.9,71.0,1659,1,1.9,0.45
2047,345,6.75,42.71,1,101.0,93.4,1415,197.6,75.4,21.38,-24.906,5.164,4.199,198.0,198.8,71.0,1659,1,1.9,0.45
2048,345,6.775,42.74,1,101.0,93.4,1415,197.6,75.4,21.38,-24.891,5.164,4.199,199.0,198.8,71.0,1659,1,1.8,0.45
2049,345,6.775,42.71,1,101.0,93.4,1414,197.7,75.3,21.33,-24.875,5.164,4.199,199.0,198.7,71.0,1659,1,1.8,0.45
2050,345,6.775,42.75,1,101.0,93.4,1414,197.7,75.3,21.4,-24.867,5.168,4.199,198.0,198.7,71.0,1659,1,1.7,0.45
2051,345,6.775,42.78,1,101.0,93.5,1414,197.6,75.4,21.44,-24.852,5.168,4.199,199.0,198.6,71.0,1659,1,1.6,0.46
2052,346,6.775,42.78,1,101.0,93.4,1414,197.6,75.3,21.4,-24.844,5.172,4.199,198.0,198.5,72.0,1659,1,1.6,0.45
2053,346,6.775,42.74,1,101.0,93.4,1415,197.7,75.6,21.39,-24.828,5.172,4.199,198.0,198.5,72.0,1659,1,1.5,0.44
2054,346,6.775,42.76,1,101.0,93.4,1414,197.7,75.5,21.37,-24.82,5.176,4.199,198.0,198.4,72.0,1659,1,1.5,0.46
2055,346,6.775,42.72,1,101.0,93.4,1414,197.7,75.4,21.39,-24.82,5.176,4.199,198.0,198.4,72.0,1659,1,1.4,0.46
2056,346,6.775,42.72,1,101.0,93.4,1414,197.7,75.4,21.4,-24.812,5.176,4.199,198.0,198.3,72.0,1659,1,1.4,0.45
2057,346,6.775,42.71,1,101.0,93.4,1414,197.7,75.3,21.4,-24.812,5.176,4.199,198.0,198.3,72.0,1659,1,1.3,0.46
2058,346,6.775,42.76,1,101.0,93.4,1414,197.7,75.5,21.4,-24.805,5.18,4.199,198.0,198.2,72.0,1659,1,1.2,0.45
2059,346,6.775,42.75,1,101.0,93.4,1414,197.7,75.5,21.39,-24.805,5.18,4.199,198.0,198.2,72.0,1659,1,1.2,0.45
2060,346,6.775,42.69,1,101.0,93.4,1414,197.7,75.4,21.37,-24.797,5.18,4.199,198.0,198.1,72.0,1659,1,1.1,0.45
2061,347,6.775,42.77,1,101.0,93.4,1414,197.7,75.3,21.35,-24.797,5.184,4.199,198.0,198.0,72.0,1659,1,1.1,0.45
2062,347,6.775,42.75,1,101.0,93.4,1414,197.8,75.4,21.38,-24.789,5.184,4.199,198.0,198.0,72.0,1659,1,1.0,0.44
2063,347,6.775,42.77,1,101.0,93.4,1413,197.7,75.4,21.39,-24.789,5.184,4.199,198.0,197.9,72.0,1659,1,1.0,0.45
2064,347,6.775,42.74,1,101.0,93.4,1413,197.7,75.7,21.38,-24.789,5.184,4.199,198.0,197.9,72.0,1659,1,0.9,0.45
2065,347,6.775,42.7,1,101.0,93.4,1413,197.7,75.5,21.34,-24.781,5.184,4.199,197.0,197.8,72.0,1659,1,0.8,0.45
2066,347,6.775,42.77,1,101.0,93.4,1413,197.8,75.4,21.38,-24.781,5.188,4.199,198.0,197.8,72.0,1659,1,0.8,0.46
2067,347,6.775,42.77,1,101.0,93.4,1414,197.8,75.4,21.38,-24.781,5.188,4.199,198.0,197.7,72.0,1659,1,0.7,0.45
2068,347,6.775,42.77,1,101.0,93.4,1414,197.8,75.4,21.37,-24.773,5.188,4.199,197.0,197.7,72.0,1659,1,0.7,0.46
2069,347,6.775,42.8,1,101.0,93.4,1414,197.8,75.4,21.38,-24.773,5.188,4.199,198.0,197.6,72.0,1659,1,0.6,0.45
2070,347,6.775,42.84,1,101.0,93.4,1414,197.8,75.4,20.89,-24.773,5.188,4.199,198.0,197.6,72.0,1659,1,0.6,0.44
2071,348,6.775,42.78,1,101.0,93.4,1414,197.8,75.5,20.81,-24.773,5.188,4.199,197.0,197.5,72.0,1659,1,0.5,0.45
2072,348,6.775,42.79,1,101.0,93.4,1413,197.7,75.4,20.85,-24.758,5.188,4.199,197.0,197.5,72.0,1659,1,0.5,0.45
2073,348,6.775,42.77,1,101.0,93.4,1414,197.7,75.6,20.82,-24.758,5.191,4.199,197.0,197.4,72.0,1659,1,0.4,0.45
2074,348,6.775,42.75,1,100.89999999999999,93.4,1414,197.6,75.5,20.88,-24.758,5.191,4.199,197.0,197.4,72.0,1659,1,0.3,0.45
2075,348,6.775,42.7,1,100.89999999999999,93.4,1413,197.5,75.5,20.79,-24.758,5.191,4.199,197.0,197.3,72.0,1659,1,0.3,0.45
2076,348,6.775,42.8,1,101.0,93.4,1412,197.4,75.5,20.82,-24.75,5.195,4.199,197.0,197.3,72.0,1659,1,0.2,0.45
2077,348,6.775,42.73,1,101.0,93.4,1412,197.4,75.5,20.8,-24.75,5.195,4.199,197.0,197.2,72.0,1659,1,0.2,0.45
2078,348,6.775,42.73,1,101.0,93.4,1413,197.4,75.4,20.88,-24.75,5.195,4.199,197.0,197.1,72.0,1659,1,0.1,0.46
2079,348,6.775,42.76,1,101.0,93.4,1413,197.4,75.5,20.84,-24.742,5.195,4.199,197.0,197.1,72.0,1659,1,0.1,0.45
2080,348,6.775,42.78,1,101.0,93.4,1413,197.5,75.6,20.85,-24.734,5.195,4.199,197.0,197.1,72.0,1659,1,0.0,0.46
2081,348,6.775,42.73,1,101.0,93.4,1413,197.4,75.5,20.8,-24.727,5.195,4.199,197.0,197.0,72.0,1659,1,-0.0,0.46
2082,349,6.775,42.72,1,100.89999999999999,93.4,1413,197.4,75.6,20.83,-24.727,5.199,4.199,197.0,196.9,72.0,1659,1,-0.1,0.45
2083,349,6.775,42.76,1,100.89999999999999,93.4,1413,197.5,75.4,20.84,-24.719,5.199,4.199,197.0,196.9,72.0,1659,1,-0.2,0.45
2084,349,6.775,42.76,1,100.89999999999999,93.4,1413,197.6,75.5,20.86,-24.711,5.199,4.199,197.0,196.8,72.0,1659,1,-0.2,0.46
2085,349,6.775,42.8,1,101.0,93.5,1413,197.6,75.5,20.79,-24.703,5.199,4.199,197.0,196.7,72.0,1659,1,-0.3,0.46
2086,349,6.775,42.81,1,100.89999999999999,93.4,1414,197.6,75.5,20.8,-24.695,5.203,4.199,197.0,196.7,72.0,1659,1,-0.3,0.45
2087,349,6.775,42.75,1,100.89999999999999,93.4,1414,197.5,75.5,20.8,-24.688,5.203,4.199,197.0,196.6,72.0,1659,1,-0.4,0.46
2088,349,6.775,42.76,1,100.89999999999999,93.4,1414,197.6,75.6,20.81,-24.68,5.203,4.199,196.0,196.5,72.0,1659,1,-0.4,0.45
2089,349,6.775,42.8,1,100.89999999999999,93.4,1414,197.6,75.5,20.8,-24.672,5.203,4.199,197.0,196.4,72.0,1659,1,-0.5,0.45
2090,349,6.775,42.82,1,100.89999999999999,93.4,1414,197.6,75.5,20.84,-24.664,5.203,4.199,196.0,196.4,72.0,1659,1,-0.5,0.45
2091,349,6.775,42.75,1,100.89999999999999,93.4,1414,197.6,75.3,20.86,-24.656,5.203,4.199,196.0,196.3,72.0,1659,1,-0.6,0.45
2092,349,6.775,42.77,1,101.0,93.4,1414,197.5,75.4,20.85,-24.648,5.203,4.199,196.0,196.2,72.0,1659,1,-0.6,0.45
2093,349,6.775,42.72,1,100.89999999999999,93.4,1414,197.5,75.5,20.82,-24.641,5.207,4.199,196.0,196.2,72.0,1660,1,-0.7,0.44
2094,350,6.775,42.75,1,101.0,93.4,1414,197.4,75.5,20.82,-24.633,5.207,4.199,196.0,196.1,72.0,1660,1,-0.7,0.45
2095,350,6.775,42.76,1,100.89999999999999,93.4,1413,197.4,75.5,20.85,-24.625,5.207,4.199,196.0,196.0,72.0,1660,1,-0.8,0.46
2096,350,6.775,42.79,1,100.89999999999999,93.4,1413,197.4,75.4,20.85,-24.625,5.207,4.199,196.0,195.9,72.0,1660,1,-0.8,0.45
2097,350,6.775,42.69,1,100.89999999999999,93.4,1413,197.4,75.5,20.86,-24.617,5.207,4.199,196.0,195.8,72.0,1660,1,-0.9,0.46
2098,350,6.775,42.87,1,100.89999999999999,93.4,1413,197.4,75.3,20.82,-24.617,5.207,4.199,195.0,195.6,72.0,1660,1,-0.9,0.46
2099,350,6.775,42.72,1,100.89999999999999,93.4,1413,197.4,75.6,20.87,-24.617,5.207,4.199,195.0,195.4,72.0,1660,1,-1.0,0.45
2100,350,6.775,42.83,1,100.89999999999999,93.4,1413,197.4,75.5,20.87,-24.609,5.207,4.199,195.0,195.1,72.0,1660,1,-1.0,0.46
2101,350,6.775,42.79,1,101.0,93.4,1413,197.4,75.5,20.82,-24.609,5.211,4.199,194.0,194.8,72.0,1660,1,-1.1,0.46
2102,350,6.775,42.89,1,100.89999999999999,93.4,1413,197.4,75.6,20.85,-24.609,5.211,4.199,194.0,194.5,72.0,1660,1,-1.1,0.45
2103,350,6.775,42.65,1,100.89999999999999,93.4,1413,197.3,75.6,20.82,-24.609,5.211,4.199,194.0,194.1,72.0,1660,1,-1.2,0.46
2104,351,6.775,42.79,1,100.89999999999999,93.4,1413,197.3,75.7,20.87,-24.602,5.211,4.199,193.0,193.8,72.0,1660,1,-1.2,0.46
2105,351,6.775,42.84,1,100.89999999999999,93.4,1414,197.2,75.5,20.85,-24.602,5.215,4.199,193.0,193.3,72.0,1660,1,-1.3,0.45
2106,351,6.775,42.77,1,100.89999999999999,93.4,1414,197.2,75.5,20.88,-24.594,5.215,4.199,193.0,192.9,72.0,1660,1,-1.3,0.46
2107,351,6.775,42.68,1,101.0,93.4,1414,197.2,75.5,20.89,-24.594,5.215,4.199,192.0,192.5,72.0,1660,1,-1.4,0.46
2108,351,6.775,42.7,1,101.0,93.4,1414,197.2,75.7,20.85,-24.586,5.215,4.199,192.0,192.1,72.0,1660,1,-1.4,0.45
2109,351,6.775,42.77,1,100.89999999999999,93.4,1414,197.2,75.7,20.88,-24.586,5.215,4.199,191.0,191.6,72.0,1660,1,-1.5,0.45
2110,351,6.775,42.69,1,100.89999999999999,93.4,1414,197.2,75.8,20.86,-24.586,5.215,4.199,190.0,191.2,72.0,1660,1,-1.5,0.46
2111,351,6.775,42.72,1,100.89999999999999,93.4,1414,197.2,75.7,20.86,-24.586,5.215,4.199,190.0,190.7,72.0,1660,1,-1.6,0.46
2112,352,6.775,42.66,1,100.89999999999999,93.4,1413,197.3,75.6,20.85,-24.586,5.215,4.199,190.0,190.3,72.0,1660,1,-1.6,0.46
2113,352,6.75,42.78,1,100.89999999999999,93.4,1413,197.3,75.7,20.86,-24.594,5.215,4.199,189.0,189.9,72.0,1660,1,-1.7,0.46
2114,352,6.775,42.74,1,100.89999999999999,93.4,1413,197.3,75.5,20.82,-24.594,5.219,4.198,189.0,189.4,72.0,1660,1,-1.7,0.46
2115,352,6.775,42.68,1,100.89999999999999,93.4,1414,197.3,75.7,20.82,-24.586,5.219,4.199,187.0,189.0,72.0,1660,1,-1.8,0.46
2116,352,6.775,42.75,1,100.89999999999999,93.4,1414,197.2,75.6,20.84,-24.586,5.219,4.199,187.0,188.6,72.0,1660,1,-1.8,0.46
2117,352,6.775,42.72,1,100.89999999999999,93.4,1414,197.2,75.6,20.82,-24.586,5.219,4.199,187.0,188.2,72.0,1660,1,-1.9,0.46
2118,352,6.775,42.72,1,101.0,93.4,1414,197.2,75.4,20.89,-24.586,5.219,4.199,187.0,187.8,72.0,1660,1,-1.9,0.46
2119,353,6.775,42.85,1,100.89999999999999,93.4,1414,197.2,75.5,20.84,-24.578,5.223,4.199,187.0,187.5,72.0,1660,1,-2.0,0.45
2120,353,6.775,42.68,1,101.0,93.4,1413,197.2,75.7,20.85,-24.578,5.223,4.199,187.0,187.1,72.0,1660,1,-2.0,0.46
2121,353,6.775,42.72,1,100.89999999999999,93.4,1413,197.2,75.7,20.84,-24.57,5.223,4.199,185.0,186.7,72.0,1660,1,-2.1,0.45
2122,353,6.775,42.78,1,100.89999999999999,93.4,1413,197.2,75.6,20.86,-24.57,5.223,4.199,185.0,186.4,72.0,1660,1,-2.1,0.46
2123,353,6.775,42.75,1,100.89999999999999,93.4,1413,197.1,75.7,20.85,-24.57,5.223,4.199,185.0,186.1,72.0,1660,1,-2.2,0.46
2124,353,6.775,42.76,1,100.89999999999999,93.4,1414,197.1,75.6,20.85,-24.562,5.223,4.199,185.0,185.8,72.0,1660,1,-2.2,0.46
2125,353,6.775,42.75,1,100.89999999999999,93.4,1413,197.2,75.7,20.92,-24.562,5.227,4.199,184.0,185.4,72.0,1660,1,-2.3,0.46
2126,353,6.775,42.79,1,101.0,93.4,1413,197.1,75.6,20.83,-24.555,5.227,4.199,184.0,185.1,72.0,1660,1,-2.3,0.45
2127,354,6.775,42.69,1,100.89999999999999,93.4,1414,197.1,75.6,20.84,-24.547,5.227,4.199,184.0,184.8,72.0,1660,1,-2.4,0.45
2128,354,6.775,42.82,1,100.89999999999999,93.4,1413,197.0,75.5,20.84,-24.539,5.227,4.199,182.0,184.5,72.0,1660,1,-2.4,0.46
2129,354,6.775,42.76,1,100.89999999999999,93.4,1413,197.0,75.6,20.85,-24.539,5.227,4.199,182.0,184.2,72.0,1660,1,-2.4,0.46
2130,354,6.775,42.84,1,100.89999999999999,93.4,1413,197.0,75.6,20.82,-24.539,5.227,4.199,182.0,183.9,72.0,1660,1,-2.5,0.46
2131,354,6.775,42.79,1,100.89999999999999,93.4,1412,197.0,75.5,20.8,-24.539,5.227,4.199,182.0,183.7,72.0,1660,1,-2.5,0.46
2132,354,6.75,42.74,1,100.89999999999999,93.4,1412,197.0,75.5,20.82,-24.539,5.227,4.199,182.0,183.4,72.0,1660,1,-2.6,0.45
2133,354,6.775,42.74,1,100.89999999999999,93.4,1412,197.0,75.6,20.84,-24.531,5.223,4.199,182.0,183.2,73.0,1660,1,-2.6,0.45
2134,354,6.775,42.68,1,100.89999999999999,93.4,1413,196.9,75.5,20.82,-24.539,5.223,4.199,182.0,182.9,73.0,1660,1,-2.7,0.45
2135,354,6.775,42.79,1,100.89999999999999,93.4,1412,196.9,75.5,20.87,-24.531,5.223,4.199,182.0,182.7,73.0,1660,1,-2.7,0.46
2136,354,6.75,42.79,1,100.89999999999999,93.4,1412,196.9,75.5,20.83,-24.539,5.223,4.199,182.0,182.5,73.0,1660,1,-2.8,0.46
2137,355,6.75,42.82,1,100.89999999999999,93.4,1413,197.0,75.5,20.86,-24.555,5.223,4.199,181.0,182.3,73.0,1660,1,-2.8,0.46
2138,355,6.75,42.77,1,101.0,93.4,1413,197.0,75.7,20.86,-24.562,5.223,4.199,181.0,182.1,73.0,1660,1,-2.8,0.47
2139,355,6.775,42.79,1,100.89999999999999,93.4,1413,197.0,75.6,20.87,-24.562,5.227,4.199,181.0,181.9,73.0,1660,1,-2.9,0.46
2140,355,6.775,42.77,1,100.89999999999999,93.4,1413,197.0,75.8,20.86,-24.57,5.227,4.198,181.0,181.7,73.0,1660,1,-2.9,0.46
2141,355,6.775,42.77,1,100.89999999999999,93.4,1414,197.0,75.7,20.88,-24.57,5.227,4.199,180.0,181.5,73.0,1660,1,-3.0,0.46
2142,355,6.75,42.7,1,100.89999999999999,93.4,1414,197.1,75.5,20.85,-24.57,5.227,4.199,180.0,181.4,73.0,1660,1,-3.0,0.46
2143,355,6.775,42.79,1,100.89999999999999,93.4,1414,197.1,75.6,20.89,-24.57,5.227,4.199,180.0,181.2,73.0,1660,1,-3.1,0.46
2144,355,6.775,42.7,1,100.89999999999999,93.4,1413,197.2,75.5,20.66,-24.57,5.227,4.199,180.0,181.1,73.0,1660,1,-3.1,0.46
2145,355,6.75,42.66,1,100.69999999999999,93.30000000000001,1413,197.2,75.5,20.19,-24.562,5.227,4.199,180.0,180.9,73.0,1660,1,-3.2,0.46
2146,356,6.775,42.76,1,100.49999999999999,93.30000000000001,1412,197.2,75.5,20.14,-24.562,5.227,4.199,180.0,180.7,73.0,1660,1,-3.2,0.46
2147,356,6.775,42.57,1,100.4,93.2,1411,197.1,75.5,19.37,-24.562,5.227,4.199,180.0,180.6,73.0,1660,1,-3.2,0.45
2148,356,6.775,42.55,1,99.9,93.10000000000001,1409,197.1,75.3,19.04,-24.562,5.227,4.199,179.0,180.5,73.0,1660,1,-3.3,0.46
2149,356,6.775,42.57,1,99.7,93.0,1407,197.1,75.3,19.06,-24.562,5.227,4.199,179.0,180.3,73.0,1660,1,-3.3,0.46
2150,356,6.775,42.73,1,99.6,93.10000000000001,1405,197.2,75.2,19.21,-24.57,5.23,4.199,179.0,180.2,73.0,1660,1,-3.4,0.47
2151,356,6.775,42.65,1,99.7,93.10000000000001,1405,197.3,75.3,18.98,-24.578,5.227,4.199,179.0,180.1,73.0,1660,1,-3.4,0.46
2152,356,6.775,42.66,1,99.6,93.0,1405,197.3,75.4,19.04,-24.578,5.227,4.199,179.0,180.0,73.0,1660,1,-3.5,0.46
2153,356,6.775,42.64,1,99.6,93.10000000000001,1404,197.3,75.2,18.98,-24.578,5.227,4.199,179.0,179.8,73.0,1660,1,-3.5,0.46
2154,356,6.775,42.57,1,99.6,93.0,1403,197.3,75.4,19.04,-24.586,5.227,4.199,179.0,179.7,73.0,1660,1,-3.5,0.46
2155,356,6.775,42.56,1,99.6,93.0,1402,197.4,75.1,19.09,-24.594,5.227,4.199,179.0,179.6,73.0,1660,1,-3.6,0.46
2156,356,6.775,42.74,1,99.6,93.10000000000001,1402,197.4,75.1,19.23,-24.609,5.23,4.199,179.0,179.5,73.0,1660,1,-3.6,0.46
2157,356,6.775,42.59,1,99.7,93.10000000000001,1402,197.5,75.3,19.14,-24.609,5.23,4.199,179.0,179.3,73.0,1660,1,-3.7,0.47
2158,356,6.775,42.73,1,99.7,93.10000000000001,1402,197.6,75.3,19.03,-24.609,5.23,4.199,179.0,179.2,73.0,1660,1,-3.7,0.46
2159,356,6.75,42.7,1,99.7,93.10000000000001,1402,197.7,75.4,19.2,-24.609,5.23,4.199,178.0,179.1,73.0,1660,1,-3.8,0.46
2160,356,6.775,42.73,1,99.8,93.10000000000001,1403,197.8,75.4,20.02,-24.609,5.23,4.199,178.0,179.0,73.0,1660,1,-3.8,0.46
2161,356,6.75,42.58,1,100.2,93.30000000000001,1405,197.9,75.4,20.31,-24.609,5.227,4.199,178.0,178.9,73.0,1660,1,-3.8,0.46
2162,356,6.775,42.7,1,100.49999999999999,93.30000000000001,1407,197.9,75.3,20.29,-24.609,5.227,4.199,178.0,178.8,73.0,1660,1,-3.9,0.45
2163,356,6.775,42.73,1,100.6,93.30000000000001,1408,197.9,75.5,20.82,-24.609,5.227,4.199,178.0,178.7,73.0,1660,1,-3.9,0.45
2164,356,6.775,42.77,1,100.89999999999999,93.4,1408,197.8,75.5,21.46,-24.617,5.227,4.199,177.0,178.6,73.0,1660,1,-4.0,0.46
2165,356,6.75,42.78,1,100.89999999999999,93.4,1409,197.7,75.5,21.59,-24.617,5.227,4.199,177.0,178.5,73.0,1660,1,-4.0,0.47
2166,357,6.775,42.77,1,101.0,93.4,1410,197.7,75.5,21.57,-24.609,5.227,4.199,177.0,178.4,73.0,1660,1,-4.1,0.46
2167,357,6.775,42.79,1,101.0,93.4,1411,197.7,75.5,21.56,-24.609,5.227,4.199,177.0,178.3,73.0,1660,1,-4.1,0.46
2168,357,6.75,42.73,1,101.0,93.4,1412,197.7,75.4,21.54,-24.609,5.227,4.199,177.0,178.2,73.0,1660,1,-4.1,0.46
2169,357,6.775,42.8,1,101.0,93.4,1412,197.7,75.4,21.58,-24.617,5.227,4.199,177.0,178.1,73.0,1660,1,-4.2,0.47
2170,357,6.775,43.03,1,101.0,93.4,1412,197.6,75.5,21.61,-24.625,5.223,4.199,177.0,178.1,73.0,1660,1,-4.2,0.46
2171,357,6.75,43.49,1,101.0,93.4,1412,197.6,75.6,21.58,-24.633,5.223,4.199,177.0,177.9,73.0,1660,1,-4.3,0.45
2172,357,6.75,43.48,1,101.0,93.4,1411,197.4,75.5,21.61,-24.641,5.223,4.199,177.0,177.9,73.0,1660,1,-4.3,0.46
2173,357,6.75,43.55,1,101.0,93.4,1410,197.4,75.7,21.62,-24.648,5.223,4.199,177.0,177.7,73.0,1660,1,-4.3,0.45
2174,357,6.75,43.59,1,101.0,93.4,1409,197.3,75.6,21.61,-24.656,5.223,4.199,177.0,177.5,73.0,1660,1,-4.4,0.46
2175,357,6.75,43.62,1,101.0,93.4,1408,197.2,75.4,21.65,-24.656,5.227,4.199,177.0,177.2,73.0,1660,1,-4.4,0.46
2176,357,6.75,43.78,1,101.0,93.4,1407,197.2,75.7,21.56,-24.664,5.227,4.199,177.0,176.9,73.0,1660,1,-4.4,0.46
2177,357,6.75,43.8,1,101.0,93.4,1407,197.1,75.7,20.57,-24.664,5.23,4.199,175.0,176.5,73.0,1660,1,-4.5,0.46
2178,357,6.75,43.76,1,100.69999999999999,93.30000000000001,1407,197.1,75.5,19.38,-24.664,5.23,4.199,175.0,175.9,73.0,1660,1,-4.5,0.46
2179,357,6.75,43.84,1,100.0,93.0,1403,197.0,75.4,18.58,-24.664,5.23,4.199,175.0,175.4,73.0,1660,1,-4.5,0.45
2180,357,6.75,43.79,1,99.5,92.9,1398,196.9,75.2,18.46,-24.672,5.23,4.199,174.0,174.8,73.0,1660,1,-4.6,0.45
2181,356,6.75,43.82,1,99.3,92.9,1395,196.9,75.1,18.51,-24.68,5.227,4.199,173.0,174.1,73.0,1660,1,-4.6,0.45
2182,356,6.75,43.78,1,99.3,93.0,1393,197.0,75.1,18.48,-24.688,5.227,4.198,172.0,173.3,73.0,1660,1,-4.7,0.46
2183,356,6.775,43.73,1,99.3,93.0,1393,196.9,75.1,18.49,-24.688,5.227,4.199,172.0,172.5,73.0,1660,1,-4.7,0.47
2184,356,6.775,43.75,1,99.3,93.0,1392,196.8,75.2,18.54,-24.695,5.227,4.199,171.0,171.6,73.0,1660,1,-4.8,0.46
2185,356,6.775,43.77,1,99.3,92.9,1391,196.8,75.0,18.48,-24.703,5.227,4.199,170.0,170.6,73.0,1660,1,-4.8,0.45
2186,356,6.75,43.77,1,99.3,92.9,1391,196.8,75.1,18.45,-24.703,5.227,4.199,169.0,169.6,73.0,1660,1,-4.8,0.46
2187,356,6.75,43.81,1,99.3,93.0,1391,196.9,75.2,18.54,-24.711,5.227,4.199,167.0,168.6,73.0,1660,1,-4.9,0.47
2188,356,6.775,43.81,1,99.3,93.0,1391,197.0,75.1,19.07,-24.719,5.227,4.199,166.0,167.5,73.0,1660,1,-4.9,0.47
2189,356,6.775,43.84,1,99.6,93.10000000000001,1392,197.1,75.3,19.4,-24.719,5.227,4.199,165.0,166.2,73.0,1660,1,-4.9,0.46
2190,356,6.775,43.82,1,99.9,93.2,1394,197.1,75.1,19.5,-24.711,5.227,4.199,163.0,165.1,73.0,1660,1,-5.0,0.47
2191,356,6.775,43.8,1,100.0,93.2,1395,197.2,75.1,19.45,-24.711,5.227,4.199,162.0,163.9,73.0,1660,1,-5.0,0.47
2192,356,6.75,43.81,1,100.0,93.10000000000001,1396,197.1,75.4,19.48,-24.703,5.227,4.199,161.0,162.5,73.0,1660,1,-5.0,0.46
2193,356,6.775,43.8,1,100.0,93.10000000000001,1396,197.2,75.1,19.46,-24.695,5.223,4.199,159.0,161.3,73.0,1660,1,-5.1,0.46
2194,356,6.775,43.85,1,100.0,93.2,1396,197.1,75.4,20.02,-24.688,5.223,4.199,158.0,160.0,73.0,1660,1,-5.1,0.46
2195,355,6.775,43.96,1,100.29999999999998,93.30000000000001,1397,197.2,75.3,20.15,-24.68,5.223,4.199,157.0,158.7,73.0,1660,1,-5.2,0.46
2196,355,6.775,43.84,1,100.4,93.30000000000001,1399,197.2,75.5,20.18,-24.672,5.223,4.199,156.0,157.3,73.0,1660,1,-5.2,0.46
2197,355,6.75,43.84,1,100.4,93.30000000000001,1400,197.1,75.5,20.17,-24.664,5.223,4.199,154.0,156.2,73.0,1660,1,-5.2,0.47
2198,355,6.775,43.85,1,100.49999999999999,93.4,1401,197.1,75.5,20.95,-24.656,5.223,4.199,153.0,154.9,73.0,1660,1,-5.3,0.46
2199,355,6.775,43.84,1,100.89999999999999,93.4,1403,197.1,75.6,21.18,-24.648,5.223,4.199,151.0,153.6,73.0,1660,1,-5.3,0.46
2200,355,6.775,43.87,1,100.89999999999999,93.4,1405,197.0,75.7,21.24,-24.633,5.223,4.199,150.0,152.5,73.0,1660,1,-5.3,0.46
2201,356,6.775,43.85,1,101.0,93.4,1406,196.9,75.6,21.23,-24.625,5.223,4.199,149.0,151.3,73.0,1660,1,-5.4,0.46
2202,355,6.75,43.92,1,101.0,93.4,1406,196.9,75.5,21.23,-24.617,5.223,4.198,148.0,150.2,73.0,1660,1,-5.4,0.46
2203,355,6.775,43.92,1,101.0,93.4,1406,196.8,75.6,21.22,-24.609,5.223,4.199,146.0,149.0,73.0,1660,1,-5.4,0.46
2204,355,6.775,43.9,1,101.0,93.4,1406,196.8,75.7,21.2,-24.602,5.219,4.198,146.0,148.0,73.0,1660,1,-5.5,0.46
2205,355,6.775,43.81,1,101.0,93.4,1406,196.7,75.5,21.21,-24.602,5.219,4.199,144.0,147.0,73.0,1660,1,-5.5,0.46
2206,355,6.775,43.89,1,101.0,93.4,1406,196.7,75.5,21.2,-24.602,5.219,4.199,144.0,145.9,73.0,1660,1,-5.6,0.46
2207,355,6.775,43.9,1,101.0,93.4,1405,196.6,75.7,21.27,-24.594,5.219,4.199,143.0,145.0,73.0,1660,1,-5.6,0.45
2208,355,6.75,43.86,1,100.89999999999999,93.4,1405,196.6,75.6,21.21,-24.594,5.219,4.199,142.0,144.1,73.0,1660,1,-5.6,0.45
2209,355,6.75,43.86,1,101.0,93.4,1405,196.5,75.6,21.23,-24.594,5.219,4.199,140.0,143.1,73.0,1660,1,-5.6,0.46
2210,355,6.775,43.84,1,101.0,93.4,1406,196.5,75.4,21.19,-24.594,5.219,4.199,140.0,142.2,73.0,1660,1,-5.7,0.46
2211,355,6.775,43.88,1,101.0,93.4,1407,196.5,75.5,21.27,-24.586,5.219,4.199,139.0,141.4,73.0,1660,1,-5.7,0.46
2212,355,6.775,43.98,1,101.0,93.5,1407,196.5,75.5,21.21,-24.578,5.219,4.199,138.0,140.6,73.0,1660,1,-5.7,0.46
2213,355,6.775,43.9,1,101.0,93.4,1407,196.5,75.4,21.18,-24.57,5.219,4.199,137.0,139.9,73.0,1660,1,-5.8,0.44
2214,355,6.775,43.78,1,101.0,93.4,1407,196.4,75.5,21.22,-24.562,5.219,4.199,136.0,139.0,73.0,1660,1,-5.8,0.46
2215,355,6.775,43.88,1,100.89999999999999,93.4,1407,196.3,75.5,21.21,-24.555,5.219,4.199,135.0,138.4,73.0,1660,1,-5.8,0.47
2216,355,6.775,43.85,1,100.89999999999999,93.4,1407,196.4,75.6,21.23,-24.555,5.219,4.199,135.0,137.8,73.0,1660,1,-5.9,0.46
2217,355,6.775,43.82,1,101.0,93.4,1406,196.4,75.5,21.24,-24.547,5.219,4.199,135.0,137.1,73.0,1660,1,-5.9,0.46
2218,355,6.775,43.88,1,101.0,93.4,1406,196.4,75.6,21.24,-24.547,5.219,4.199,134.0,136.7,73.0,1660,1,-5.9,0.45
2219,355,6.75,43.89,1,101.0,93.5,1406,196.4,75.6,21.19,-24.539,5.219,4.199,134.0,136.2,73.0,1660,1,-6.0,0.46
2220,355,6.775,43.82,1,100.89999999999999,93.4,1407,196.4,75.4,21.18,-24.531,5.223,4.199,134.0,135.7,73.0,1660,1,-6.0,0.45
2221,355,6.775,43.89,1,101.0,93.5,1408,196.4,75.5,21.28,-24.523,5.223,4.199,133.0,135.3,73.0,1660,1,-6.0,0.46
2222,355,6.775,43.86,1,101.0,93.5,1408,196.4,75.6,21.27,-24.508,5.223,4.199,133.0,134.9,73.0,1660,1,-6.1,0.46
2223,355,6.775,43.84,1,100.89999999999999,93.4,1407,196.4,75.4,21.24,-24.5,5.223,4.199,133.0,134.6,73.0,1660,1,-6.1,0.45
2224,355,6.775,43.91,1,100.89999999999999,93.4,1406,196.3,75.6,21.24,-24.492,5.223,4.199,132.0,134.2,73.0,1660,1,-6.1,0.45
2225,355,6.775,43.85,1,100.89999999999999,93.4,1406,196.3,75.5,21.23,-24.484,5.223,4.199,131.0,133.9,73.0,1660,1,-6.2,0.44
2226,355,6.775,43.93,1,100.89999999999999,93.4,1407,196.3,75.5,21.23,-24.484,5.223,4.199,131.0,133.7,73.0,1660,1,-6.2,0.45
2227,355,6.775,43.84,1,100.89999999999999,93.4,1407,196.3,75.7,21.23,-24.477,5.219,4.199,131.0,133.4,73.0,1660,1,-6.2,0.46
2228,355,6.775,43.84,1,100.89999999999999,93.4,1407,196.4,75.6,21.23,-24.477,5.219,4.199,131.0,133.2,73.0,1660,1,-6.3,0.45
2229,355,6.775,43.88,1,100.89999999999999,93.4,1407,196.4,75.5,21.31,-24.469,5.219,4.199,130.0,133.0,73.0,1660,1,-6.3,0.45
2230,355,6.775,43.89,1,100.89999999999999,93.4,1406,196.4,75.7,21.24,-24.469,5.219,4.198,130.0,132.8,73.0,1660,1,-6.3,0.46
2231,355,6.775,43.89,1,100.89999999999999,93.4,1406,196.4,75.6,21.23,-24.461,5.219,4.199,130.0,132.7,73.0,1660,1,-6.4,0.46
2232,355,6.775,43.9,1,100.89999999999999,93.5,1406,196.3,75.5,21.32,-24.461,5.223,4.199,130.0,132.5,73.0,1660,1,-6.4,0.46
2233,355,6.775,43.89,1,100.89999999999999,93.4,1407,196.4,75.7,21.25,-24.453,5.223,4.198,130.0,132.4,73.0,1660,1,-6.4,0.45
2234,355,6.775,43.87,1,100.89999999999999,93.4,1407,196.4,75.6,21.26,-24.453,5.223,4.199,130.0,132.3,73.0,1660,1,-6.5,0.47
2235,355,6.75,43.88,1,100.89999999999999,93.5,1406,196.3,75.5,21.24,-24.453,5.223,4.199,130.0,132.2,73.0,1660,1,-6.5,0.47
2236,355,6.75,43.87,1,100.89999999999999,93.4,1406,196.4,75.4,21.23,-24.453,5.219,4.199,130.0,132.1,73.0,1660,1,-6.5,0.46
2237,355,6.775,43.81,1,100.89999999999999,93.4,1406,196.4,75.5,21.23,-24.453,5.219,4.199,130.0,132.0,73.0,1660,1,-6.5,0.46
2238,355,6.775,43.85,1,100.89999999999999,93.4,1406,196.4,75.4,21.3,-24.453,5.219,4.199,130.0,131.9,73.0,1660,1,-6.6,0.47
2239,355,6.775,43.84,1,100.89999999999999,93.4,1406,196.3,75.4,21.24,-24.461,5.219,4.199,130.0,131.8,73.0,1660,1,-6.6,0.47
2240,355,6.775,43.83,1,100.89999999999999,93.4,1406,196.3,75.4,21.24,-24.461,5.219,4.199,130.0,131.7,73.0,1660,1,-6.6,0.47
2241,355,6.775,43.83,1,100.89999999999999,93.4,1406,196.3,75.5,21.22,-24.469,5.219,4.199,130.0,131.7,73.0,1660,1,-6.7,0.47
2242,355,6.775,43.84,1,100.89999999999999,93.4,1405,196.3,75.5,21.24,-24.477,5.219,4.199,130.0,131.6,73.0,1660,1,-6.7,0.46
2243,355,6.775,43.93,1,100.89999999999999,93.5,1405,196.3,75.5,21.28,-24.477,5.219,4.199,130.0,131.6,73.0,1660,1,-6.7,0.47
2244,355,6.775,43.89,1,100.89999999999999,93.4,1406,196.3,75.5,21.27,-24.484,5.219,4.199,130.0,131.5,73.0,1660,1,-6.8,0.45
2245,355,6.775,43.82,1,100.89999999999999,93.4,1407,196.3,75.5,21.27,-24.484,5.219,4.199,130.0,131.5,73.0,1660,1,-6.8,0.45
2246,355,6.75,43.88,1,100.89999999999999,93.4,1406,196.3,75.5,21.24,-24.492,5.219,4.199,130.0,131.4,73.0,1660,1,-6.8,0.45
2247,355,6.775,43.87,1,100.89999999999999,93.4,1406,196.2,75.5,21.25,-24.5,5.219,4.198,130.0,131.4,73.0,1660,1,-6.9,0.46
2248,355,6.775,43.88,1,100.89999999999999,93.4,1407,196.3,75.6,21.21,-24.5,5.219,4.198,130.0,131.3,73.0,1660,1,-6.9,0.46
2249,355,6.775,43.83,1,100.89999999999999,93.4,1407,196.3,75.6,20.87,-24.5,5.219,4.199,130.0,131.3,73.0,1660,1,-6.9,0.45
2250,355,6.775,43.84,1,100.89999999999999,93.4,1407,196.3,75.6,20.81,-24.508,5.219,4.198,130.0,131.2,73.0,1660,1,-6.9,0.46
2251,355,6.775,43.86,1,100.89999999999999,93.4,1407,196.3,75.5,20.81,-24.508,5.219,4.199,130.0,131.2,73.0,1660,1,-7.0,0.47
2252,355,6.775,43.83,1,100.89999999999999,93.4,1406,196.3,75.7,20.8,-24.516,5.219,4.198,130.0,131.1,73.0,1660,1,-7.0,0.47
2253,356,6.775,43.82,1,100.8,93.4,1406,196.3,75.9,20.82,-24.523,5.219,4.199,130.0,131.1,73.0,1660,1,-7.0,0.46
2254,356,6.775,43.82,1,100.89999999999999,93.4,1406,196.3,75.5,20.86,-24.523,5.219,4.199,130.0,131.1,73.0,1660,1,-7.0,0.46
2255,356,6.775,43.84,1,100.89999999999999,93.4,1406,196.3,75.5,20.85,-24.523,5.219,4.199,130.0,131.0,73.0,1660,1,-7.1,0.46
2256,356,6.775,43.83,1,100.89999999999999,93.4,1406,196.3,75.7,20.77,-24.523,5.219,4.199,130.0,131.0,73.0,1660,1,-7.1,0.47
2257,356,6.775,43.85,1,100.8,93.4,1405,196.4,75.5,20.81,-24.523,5.223,4.199,130.0,131.0,73.0,1660,1,-7.1,0.46
2258,356,6.775,43.82,1,100.89999999999999,93.4,1405,196.4,75.5,20.84,-24.531,5.223,4.198,130.0,131.0,73.0,1660,1,-7.2,0.46
2259,356,6.775,43.83,1,100.89999999999999,93.4,1405,196.4,75.5,20.81,-24.523,5.223,4.199,130.0,130.9,73.0,1660,1,-7.2,0.47
2260,356,6.775,43.8,1,100.89999999999999,93.4,1405,196.4,75.7,20.82,-24.516,5.223,4.198,130.0,130.9,73.0,1660,1,-7.2,0.47
2261,356,6.775,43.81,1,100.89999999999999,93.4,1405,196.5,75.6,20.8,-24.516,5.223,4.199,130.0,130.8,73.0,1660,1,-7.2,0.47
2262,356,6.775,43.83,1,100.8,93.4,1406,196.5,75.6,20.82,-24.516,5.223,4.199,130.0,130.8,73.0,1660,1,-7.3,0.47
2263,356,6.775,43.8,1,100.8,93.4,1406,196.4,75.5,20.78,-24.508,5.223,4.198,130.0,130.8,73.0,1660,1,-7.3,0.48
2264,356,6.775,43.81,1,100.89999999999999,93.4,1406,196.4,75.6,20.82,-24.508,5.223,4.198,130.0,130.7,73.0,1660,1,-7.3,0.47
2265,356,6.775,43.85,1,100.89999999999999,93.4,1407,196.4,75.6,20.82,-24.508,5.223,4.199,130.0,130.7,73.0,1660,1,-7.3,0.47
2266,356,6.775,43.87,1,100.8,93.4,1406,196.4,75.6,20.8,-24.516,5.223,4.199,130.0,130.6,73.0,1660,1,-7.4,0.47
2267,356,6.75,43.81,1,100.89999999999999,93.4,1407,196.4,75.5,20.82,-24.508,5.223,4.198,130.0,130.6,73.0,1660,1,-7.4,0.47
2268,356,6.775,43.86,1,100.89999999999999,93.4,1407,196.4,75.7,20.81,-24.508,5.223,4.199,130.0,130.5,73.0,1660,1,-7.4,0.47
2269,356,6.775,43.81,1,100.89999999999999,93.4,1407,196.4,75.4,20.81,-24.5,5.227,4.199,130.0,130.5,73.0,1660,1,-7.4,0.47
2270,356,6.775,43.96,1,100.8,93.4,1407,196.4,75.5,20.83,-24.492,5.227,4.198,130.0,130.4,73.0,1660,1,-7.5,0.47
2271,357,6.775,43.78,1,100.8,93.4,1406,196.5,75.5,20.1,-24.484,5.227,4.199,130.0,130.3,73.0,1660,1,-7.5,0.46
2272,357,6.775,43.8,1,100.4,93.2,1404,196.5,75.4,19.96,-24.477,5.227,4.198,130.0,130.2,73.0,1660,1,-7.5,0.47
2273,357,6.775,43.87,1,100.29999999999998,93.30000000000001,1402,196.6,75.4,19.96,-24.469,5.227,4.198,130.0,130.1,73.0,1660,1,-7.6,0.47
2274,357,6.775,43.81,1,100.29999999999998,93.30000000000001,1402,196.6,75.5,19.98,-24.469,5.227,4.199,130.0,129.9,73.0,1660,1,-7.6,0.48
2275,357,6.775,43.82,1,100.29999999999998,93.30000000000001,1402,196.6,75.4,19.97,-24.461,5.227,4.199,130.0,129.8,73.0,1660,1,-7.6,0.47
2276,357,6.775,43.92,1,100.2,93.30000000000001,1401,196.6,75.5,19.99,-24.453,5.227,4.199,129.0,129.6,73.0,1660,1,-7.6,0.48
2277,357,6.775,43.87,1,100.2,93.2,1402,196.6,75.4,20.0,-24.453,5.227,4.199,129.0,129.5,73.0,1660,1,-7.6,0.48
2278,357,6.775,43.74,1,100.2,93.30000000000001,1401,196.6,75.4,20.03,-24.461,5.227,4.198,129.0,129.3,73.0,1660,1,-7.7,0.48
2279,357,6.775,43.89,1,100.2,93.2,1401,196.5,75.3,20.02,-24.461,5.227,4.198,129.0,129.1,73.0,1660,1,-7.7,0.47
2280,357,6.775,43.84,1,100.2,93.30000000000001,1402,196.6,75.4,19.99,-24.461,5.227,4.199,129.0,128.9,73.0,1660,1,-7.7,0.48
2281,357,6.75,43.83,1,100.29999999999998,93.2,1402,196.6,75.4,19.95,-24.469,5.227,4.198,128.0,128.6,73.0,1660,1,-7.8,0.47
2282,357,6.775,43.76,1,100.2,93.2,1401,196.7,75.4,19.96,-24.469,5.227,4.198,128.0,128.4,73.0,1660,1,-7.8,0.47
2283,357,6.775,43.99,1,100.2,93.2,1401,196.8,75.3,19.96,-24.469,5.227,4.199,128.0,128.2,73.0,1660,1,-7.8,0.48
2284,357,6.775,43.98,1,100.2,93.30000000000001,1401,196.7,75.3,20.04,-24.469,5.227,4.199,127.0,127.9,73.0,1660,1,-7.8,0.48
2285,357,6.775,43.74,1,100.29999999999998,93.30000000000001,1401,196.6,75.5,20.02,-24.461,5.227,4.199,127.0,127.7,73.0,1660,1,-7.8,0.48
2286,357,6.775,43.7,1,100.29999999999998,93.30000000000001,1401,196.6,75.5,20.02,-24.461,5.227,4.198,127.0,127.5,73.0,1660,1,-7.9,0.47
2287,357,6.775,43.73,1,100.29999999999998,93.30000000000001,1400,196.6,75.4,19.93,-24.469,5.227,4.198,126.0,127.2,73.0,1660,1,-7.9,0.48
2288,357,6.775,43.78,1,100.2,93.2,1400,196.6,75.4,19.92,-24.461,5.23,4.198,126.0,126.9,73.0,1659,1,-7.9,0.48
2289,357,6.775,43.73,1,100.2,93.2,1400,196.7,75.4,19.96,-24.461,5.23,4.199,126.0,126.7,73.0,1659,1,-8.0,0.48
2290,357,6.75,43.85,1,100.2,93.30000000000001,1400,196.7,75.4,19.98,-24.461,5.23,4.198,126.0,126.4,73.0,1659,1,-8.0,0.48
2291,357,6.775,43.96,1,100.2,93.30000000000001,1400,196.7,75.5,19.98,-24.453,5.23,4.198,126.0,126.1,73.0,1659,1,-8.0,0.48
2292,357,6.775,43.94,1,100.2,93.30000000000001,1400,196.7,75.4,19.93,-24.445,5.23,4.198,126.0,125.8,73.0,1659,1,-8.0,0.47
2293,357,6.775,43.81,1,100.1,93.10000000000001,1400,196.7,75.3,19.08,-24.438,5.234,4.198,126.0,125.5,73.0,1659,1,-8.1,0.47
2294,357,6.775,43.7,1,99.7,93.10000000000001,1398,196.7,75.4,18.82,-24.438,5.234,4.198,126.0,125.2,73.0,1659,1,-8.1,0.48
2295,357,6.775,43.74,1,99.5,93.0,1396,196.7,75.2,18.88,-24.445,5.23,4.198,124.0,124.8,73.0,1659,1,-8.1,0.47
2296,357,6.775,43.7,1,99.4,93.0,1395,196.7,75.3,18.79,-24.445,5.23,4.199,124.0,124.5,73.0,1659,1,-8.1,0.47
2297,357,6.775,43.84,1,99.4,93.0,1394,196.7,75.3,18.81,-24.453,5.23,4.198,124.0,124.1,73.0,1659,1,-8.1,0.48
2298,357,6.775,43.83,1,99.3,93.0,1393,196.6,75.4,18.8,-24.453,5.23,4.198,122.0,123.7,73.0,1659,1,-8.2,0.47
2299,357,6.775,43.76,1,99.4,93.0,1393,196.7,75.4,18.76,-24.453,5.23,4.198,122.0,123.3,73.0,1659,1,-8.2,0.46
2300,357,6.75,43.65,1,99.3,93.0,1393,196.7,75.3,18.8,-24.461,5.23,4.198,122.0,123.0,73.0,1659,1,-8.2,0.47
2301,357,6.75,43.64,1,99.3,93.0,1393,196.8,75.4,18.8,-24.461,5.23,4.198,122.0,122.5,73.0,1659,1,-8.2,0.46
2302,357,6.75,43.89,1,99.4,93.0,1394,196.8,75.3,18.84,-24.461,5.23,4.198,121.0,122.1,73.0,1659,1,-8.3,0.47
2303,357,6.775,43.69,1,99.4,93.0,1393,196.8,75.4,18.84,-24.461,5.23,4.198,121.0,121.7,73.0,1659,1,-8.3,0.47
2304,357,6.775,43.82,1,99.4,93.0,1393,196.9,75.5,18.82,-24.461,5.23,4.198,120.0,121.3,73.0,1659,1,-8.3,0.48
2305,357,6.775,43.75,1,99.4,93.0,1393,197.0,75.4,18.86,-24.453,5.23,4.198,120.0,120.9,73.0,1659,1,-8.3,0.48
2306,357,6.775,43.72,1,99.4,93.0,1393,197.0,75.3,18.84,-24.461,5.23,4.198,119.0,120.5,73.0,1659,1,-8.4,0.47
2307,357,6.775,43.81,1,99.4,93.0,1393,197.1,75.3,18.79,-24.461,5.23,4.198,119.0,120.1,73.0,1659,1,-8.4,0.47
2308,357,6.775,43.91,1,99.4,93.0,1393,197.2,75.3,18.84,-24.461,5.23,4.198,119.0,119.7,73.0,1659,1,-8.4,0.48
2309,357,6.775,43.93,1,99.4,93.0,1393,197.2,75.3,19.16,-24.461,5.23,4.198,118.0,119.2,73.0,1659,1,-8.4,0.49
2310,357,6.775,43.73,1,99.7,93.2,1393,197.2,75.3,19.96,-24.461,5.23,4.198,118.0,118.9,73.0,1659,1,-8.4,0.48
2311,357,6.775,43.76,1,100.1,93.30000000000001,1396,197.2,75.3,20.16,-24.461,5.227,4.199,118.0,118.5,73.0,1659,1,-8.5,0.47
2312,357,6.775,43.84,1,100.29999999999998,93.30000000000001,1398,197.2,75.4,20.17,-24.461,5.23,4.198,118.0,118.1,73.0,1659,1,-8.5,0.47
2313,356,6.775,43.84,1,100.4,93.30000000000001,1399,197.2,75.6,20.09,-24.461,5.227,4.198,116.0,117.7,73.0,1659,1,-8.5,0.48
2314,356,6.75,43.76,1,100.4,93.30000000000001,1400,197.2,75.4,20.11,-24.461,5.227,4.198,116.0,117.4,73.0,1659,1,-8.5,0.48
2315,356,6.75,43.78,1,100.29999999999998,93.30000000000001,1399,197.3,75.5,20.11,-24.461,5.227,4.198,115.0,117.0,73.0,1659,1,-8.5,0.49
2316,356,6.75,43.78,1,100.4,93.30000000000001,1399,197.2,75.5,20.11,-24.469,5.227,4.198,115.0,116.6,73.0,1659,1,-8.6,0.48
2317,356,6.775,43.84,1,100.29999999999998,93.30000000000001,1400,197.2,75.5,20.07,-24.469,5.227,4.198,115.0,116.3,73.0,1659,1,-8.5,0.48
2318,356,6.75,43.99,1,100.29999999999998,93.30000000000001,1401,197.2,75.5,20.14,-24.469,5.227,4.198,115.0,116.0,73.0,1659,1,-8.6,0.48
2319,356,6.75,43.8,1,100.29999999999998,93.30000000000001,1401,197.2,75.6,20.16,-24.469,5.23,4.198,114.0,115.6,73.0,1659,1,-8.6,0.48
2320,356,6.75,43.97,1,100.4,93.30000000000001,1401,197.1,75.4,20.16,-24.469,5.23,4.198,114.0,115.3,73.0,1659,1,-8.6,0.48
2321,356,6.75,43.79,1,100.4,93.30000000000001,1401,197.1,75.5,20.14,-24.469,5.23,4.198,113.0,115.0,73.0,1659,1,-8.7,0.47
2322,356,6.75,43.79,1,100.29999999999998,93.30000000000001,1401,197.1,75.5,20.16,-24.469,5.23,4.198,113.0,114.7,73.0,1659,1,-8.7,0.48
2323,356,6.775,43.89,1,100.29999999999998,93.30000000000001,1401,196.9,75.3,20.14,-24.461,5.23,4.199,113.0,114.4,73.0,1659,1,-8.7,0.48
2324,356,6.775,43.91,1,100.4,93.30000000000001,1401,197.0,75.4,20.12,-24.461,5.23,4.198,113.0,114.1,73.0,1659,1,-8.7,0.48
2325,355,6.775,43.84,1,100.29999999999998,93.30000000000001,1401,196.9,75.5,20.18,-24.461,5.227,4.198,113.0,113.8,73.0,1659,1,-8.8,0.48
2326,355,6.775,43.79,1,100.4,93.30000000000001,1402,196.8,75.5,20.19,-24.453,5.227,4.198,113.0,113.6,73.0,1658,1,-8.8,0.47
2327,355,6.775,43.79,1,100.29999999999998,93.2,1402,196.9,75.3,20.16,-24.445,5.227,4.198,112.0,113.3,73.0,1658,1,-8.8,0.48
2328,355,6.775,43.74,1,100.4,93.30000000000001,1401,196.8,75.4,20.16,-24.445,5.227,4.198,112.0,113.1,73.0,1658,1,-8.8,0.48
2329,355,6.775,43.93,1,100.29999999999998,93.30000000000001,1401,196.8,75.4,20.14,-24.445,5.223,4.199,112.0,112.9,73.0,1658,1,-8.8,0.48
2330,355,6.775,43.8,1,100.29999999999998,93.2,1401,196.7,75.4,20.15,-24.445,5.227,4.198,111.0,112.7,73.0,1658,1,-8.8,0.48
2331,355,6.775,43.84,1,100.29999999999998,93.30000000000001,1401,196.7,75.3,20.15,-24.453,5.223,4.198,111.0,112.4,73.0,1658,1,-8.9,0.48
2332,355,6.775,43.82,1,100.29999999999998,93.30000000000001,1401,196.6,75.4,20.24,-24.461,5.223,4.198,111.0,112.2,73.0,1658,1,-8.9,0.47
2333,355,6.775,43.81,1,100.49999999999999,93.4,1402,196.6,75.5,21.0,-24.461,5.223,4.198,111.0,112.0,73.0,1658,1,-8.9,0.48
2334,355,6.775,43.75,1,100.8,93.4,1404,196.6,75.5,21.09,-24.469,5.223,4.199,111.0,111.8,73.0,1658,1,-8.9,0.47
2335,355,6.75,43.94,1,100.89999999999999,93.4,1405,196.7,75.6,21.06,-24.469,5.223,4.199,111.0,111.6,73.0,1658,1,-8.9,0.48
2336,355,6.775,43.9,1,100.89999999999999,93.4,1405,196.6,75.6,21.11,-24.469,5.223,4.198,110.0,111.4,73.0,1658,1,-9.0,0.48
2337,355,6.775,43.89,1,100.89999999999999,93.4,1406,196.5,75.6,21.11,-24.469,5.223,4.198,110.0,111.2,73.0,1658,1,-9.0,0.48
2338,355,6.775,43.96,1,100.89999999999999,93.4,1406,196.5,75.4,21.06,-24.469,5.223,4.198,110.0,111.1,73.0,1658,1,-9.0,0.48
2339,355,6.775,43.81,1,100.89999999999999,93.4,1407,196.5,75.6,21.1,-24.469,5.223,4.198,109.0,110.9,73.0,1658,1,-9.0,0.47
2340,355,6.75,43.81,1,100.89999999999999,93.4,1407,196.5,75.5,21.07,-24.469,5.223,4.198,109.0,110.8,73.0,1658,1,-9.0,0.47
2341,355,6.75,43.82,1,100.89999999999999,93.4,1407,196.5,75.4,21.09,-24.469,5.223,4.198,109.0,110.6,73.0,1658,1,-9.1,0.47
2342,355,6.775,43.81,1,100.89999999999999,93.4,1407,196.4,75.6,21.07,-24.469,5.223,4.198,108.0,110.5,73.0,1658,1,-9.1,0.47
2343,355,6.775,43.85,1,100.89999999999999,93.4,1407,196.3,75.6,21.11,-24.461,5.223,4.198,109.0,110.3,73.0,1658,1,-9.1,0.47
2344,355,6.775,44.03,1,100.89999999999999,93.5,1406,196.2,75.5,21.12,-24.461,5.223,4.198,108.0,110.2,73.0,1658,1,-9.1,0.47
2345,355,6.775,43.94,1,100.89999999999999,93.4,1406,196.3,75.6,21.1,-24.453,5.223,4.198,108.0,110.0,73.0,1658,1,-9.1,0.47
2346,355,6.775,43.77,1,100.89999999999999,93.4,1406,196.2,75.6,21.1,-24.445,5.223,4.198,108.0,109.9,73.0,1658,1,-9.1,0.48
2347,355,6.775,43.92,1,100.89999999999999,93.4,1407,196.1,75.4,21.09,-24.438,5.223,4.198,108.0,109.8,73.0,1658,1,-9.2,0.47
2348,355,6.775,43.89,1,100.89999999999999,93.4,1407,196.1,75.4,21.09,-24.438,5.223,4.198,108.0,109.6,73.0,1658,1,-9.2,0.48
2349,355,6.775,43.94,1,100.89999999999999,93.4,1407,196.1,75.5,21.06,-24.43,5.223,4.198,108.0,109.5,73.0,1658,1,-9.2,0.48
2350,355,6.775,43.95,1,100.89999999999999,93.5,1408,196.1,75.6,21.11,-24.43,5.219,4.199,108.0,109.4,73.0,1658,1,-9.2,0.47
2351,355,6.775,43.82,1,100.8,93.4,1408,196.2,75.5,21.14,-24.43,5.219,4.198,108.0,109.3,73.0,1658,1,-9.3,0.47
2352,355,6.775,43.97,1,100.89999999999999,93.4,1408,196.2,75.6,21.11,-24.43,5.219,4.199,108.0,109.2,73.0,1657,1,-9.3,0.48
2353,355,6.775,43.92,1,100.89999999999999,93.4,1407,196.2,75.5,21.09,-24.43,5.223,4.198,108.0,109.1,73.0,1657,1,-9.3,0.47
2354,355,6.775,43.84,1,100.89999999999999,93.4,1407,196.2,75.5,21.09,-24.43,5.223,4.198,108.0,109.0,73.0,1657,1,-9.3,0.47
2355,355,6.775,43.96,1,100.89999999999999,93.4,1407,196.2,75.5,21.12,-24.43,5.223,4.198,108.0,108.9,73.0,1657,1,-9.3,0.47
2356,355,6.775,43.9,1,100.89999999999999,93.4,1407,196.3,75.5,21.09,-24.422,5.227,4.198,108.0,108.8,73.0,1657,1,-9.3,0.47
2357,355,6.775,43.98,1,100.89999999999999,93.4,1407,196.3,75.5,21.18,-24.422,5.227,4.198,108.0,108.7,73.0,1657,1,-9.4,0.47
2358,355,6.775,43.94,1,100.89999999999999,93.4,1407,196.3,75.4,21.13,-24.414,5.227,4.198,107.0,108.5,73.0,1657,1,-9.4,0.47
2359,355,6.775,43.85,1,100.8,93.4,1408,196.3,75.6,21.06,-24.414,5.227,4.198,107.0,108.4,73.0,1657,1,-9.4,0.48
2360,355,6.775,43.88,1,100.8,93.4,1407,196.3,75.5,20.45,-24.406,5.227,4.198,107.0,108.2,73.0,1657,1,-9.4,0.47
2361,355,6.775,43.81,1,100.6,93.30000000000001,1406,196.2,75.5,20.37,-24.406,5.227,4.198,107.0,108.1,73.0,1657,1,-9.4,0.47
2362,355,6.775,43.94,1,100.49999999999999,93.30000000000001,1406,196.3,75.6,20.37,-24.406,5.227,4.198,107.0,107.9,73.0,1657,1,-9.4,0.46
2363,355,6.775,43.87,1,100.49999999999999,93.30000000000001,1405,196.3,75.5,20.36,-24.406,5.227,4.198,107.0,107.7,73.0,1657,1,-9.5,0.47
2364,355,6.775,43.84,1,100.49999999999999,93.30000000000001,1405,196.3,75.4,20.33,-24.406,5.227,4.198,107.0,107.5,73.0,1657,1,-9.5,0.47
2365,355,6.775,43.92,1,100.4,93.30000000000001,1405,196.2,75.5,20.34,-24.398,5.227,4.198,106.0,107.2,73.0,1657,1,-9.5,0.47
2366,355,6.775,43.91,1,100.49999999999999,93.30000000000001,1404,196.2,75.4,20.36,-24.391,5.227,4.198,106.0,107.0,73.0,1657,1,-9.5,0.47
2367,355,6.75,43.71,1,100.49999999999999,93.30000000000001,1404,196.3,75.5,20.37,-24.383,5.227,4.198,106.0,106.8,73.0,1657,1,-9.5,0.46
2368,355,6.775,43.97,1,100.49999999999999,93.30000000000001,1404,196.3,75.3,20.32,-24.375,5.227,4.198,105.0,106.6,73.0,1657,1,-9.5,0.48
2369,355,6.775,43.65,1,100.49999999999999,93.4,1404,196.3,75.4,20.33,-24.367,5.227,4.198,105.0,106.3,73.0,1657,1,-9.6,0.46
2370,354,6.775,43.9,1,100.4,93.30000000000001,1404,196.4,75.4,20.3,-24.359,5.223,4.198,105.0,106.1,73.0,1657,1,-9.6,0.47
2371,354,6.75,43.66,1,100.4,93.30000000000001,1403,196.4,75.4,20.33,-24.359,5.223,4.198,105.0,105.8,73.0,1657,1,-9.6,0.46
2372,354,6.775,43.91,1,100.4,93.30000000000001,1404,196.4,75.5,20.4,-24.359,5.223,4.198,104.0,105.6,73.0,1657,1,-9.6,0.46
2373,354,6.775,43.83,1,100.49999999999999,93.30000000000001,1404,196.3,75.4,20.33,-24.359,5.223,4.198,104.0,105.4,73.0,1657,1,-9.6,0.47
2374,354,6.775,43.94,1,100.4,93.30000000000001,1404,196.3,75.4,20.34,-24.367,5.223,4.198,104.0,105.1,73.0,1657,1,-9.7,0.47
2375,354,6.75,43.91,1,100.4,93.30000000000001,1403,196.4,75.8,20.37,-24.367,5.223,4.198,104.0,104.9,73.0,1657,1,-9.7,0.48
2376,354,6.775,43.87,1,100.4,93.30000000000001,1403,196.4,75.5,20.38,-24.367,5.223,4.198,103.0,104.6,73.0,1657,1,-9.7,0.48
2377,354,6.775,43.91,1,100.49999999999999,93.4,1403,196.5,75.5,20.97,-24.367,5.223,4.198,103.0,104.3,73.0,1656,1,-9.7,0.47
2378,354,6.775,43.95,1,100.69999999999999,93.4,1404,196.5,75.5,21.06,-24.375,5.223,4.198,103.0,104.1,73.0,1656,1,-9.7,0.47
2379,354,6.775,43.78,1,100.8,93.4,1405,196.4,75.7,21.07,-24.383,5.223,4.198,103.0,103.9,73.0,1656,1,-9.7,0.49
2380,354,6.775,43.92,1,100.89999999999999,93.5,1405,196.4,75.5,21.06,-24.383,5.223,4.198,102.0,103.6,73.0,1656,1,-9.7,0.48
2381,354,6.775,43.94,1,100.89999999999999,93.5,1406,196.4,75.6,21.14,-24.383,5.223,4.198,102.0,103.4,73.0,1656,1,-9.8,0.48
2382,354,6.775,43.95,1,100.8,93.5,1406,196.4,75.6,21.14,-24.367,5.223,4.198,102.0,103.1,73.0,1656,1,-9.8,0.48
2383,354,6.775,43.83,1,100.89999999999999,93.5,1407,196.4,75.7,21.11,-24.359,5.223,4.198,101.0,102.9,73.0,1656,1,-9.8,0.47
2384,354,6.775,43.96,1,100.8,93.5,1407,196.3,75.5,21.03,-24.344,5.219,4.198,101.0,102.7,73.0,1656,1,-9.8,0.48
2385,355,6.775,43.75,1,100.8,93.5,1407,196.3,75.5,21.09,-24.328,5.219,4.198,101.0,102.5,73.0,1656,1,-9.8,0.47
2386,355,6.775,43.81,1,100.8,93.5,1408,196.2,75.6,21.14,-24.312,5.219,4.198,101.0,102.2,73.0,1656,1,-9.8,0.46
2387,355,6.775,43.81,1,100.8,93.5,1409,196.2,75.7,21.09,-24.297,5.219,4.198,100.0,102.0,73.0,1656,1,-9.8,0.47
2388,355,6.75,43.74,1,100.8,93.4,1409,196.2,75.6,21.09,-24.273,5.219,4.199,101.0,101.8,73.0,1656,1,-9.9,0.47
2389,355,6.775,43.93,1,100.8,93.5,1408,196.2,75.5,21.13,-24.266,5.219,4.198,100.0,101.6,73.0,1656,1,-9.9,0.46
2390,355,6.775,43.88,1,100.8,93.5,1408,196.2,75.4,21.11,-24.242,5.219,4.198,100.0,101.4,73.0,1656,1,-9.9,0.47
2391,355,6.775,43.91,1,100.8,93.5,1408,196.2,75.4,21.15,-24.227,5.219,4.198,100.0,101.3,73.0,1656,1,-9.9,0.47
2392,355,6.75,43.96,1,100.69999999999999,93.5,1408,196.1,75.4,21.16,-24.203,5.219,4.198,99.0,101.1,73.0,1656,1,-9.9,0.47
2393,355,6.775,43.97,1,100.69999999999999,93.5,1408,196.2,75.4,21.11,-24.188,5.219,4.198,99.0,100.9,73.0,1656,1,-9.9,0.47
2394,355,6.775,43.79,1,100.69999999999999,93.5,1408,196.1,75.4,21.1,-24.164,5.223,4.198,99.0,100.7,73.0,1656,1,-10.0,0.46
2395,355,6.775,43.81,1,100.69999999999999,93.5,1409,196.1,75.5,21.12,-24.133,5.223,4.198,99.0,100.5,73.0,1656,1,-10.0,0.47
2396,355,6.775,43.89,1,100.69999999999999,93.5,1408,196.1,75.5,21.12,-24.109,5.223,4.198,99.0,100.4,73.0,1656,1,-10.0,0.47
2397,355,6.775,43.79,1,100.69999999999999,93.4,1409,196.0,75.5,21.05,-24.086,5.223,4.198,99.0,100.2,73.0,1656,1,-10.0,0.46
2398,355,6.775,43.79,1,100.69999999999999,93.4,1409,196.0,75.5,21.1,-24.062,5.223,4.198,99.0,100.1,73.0,1656,1,-10.0,0.46
2399,355,6.775,43.95,1,100.69999999999999,93.5,1409,195.9,75.6,21.04,-24.047,5.223,4.198,98.0,99.9,73.0,1656,1,-10.0,0.47
2400,355,6.775,43.9,1,100.6,93.4,1409,195.9,75.4,21.09,-24.031,5.223,4.198,98.0,99.8,73.0,1655,1,-10.1,0.47
2401,355,6.775,43.92,1,100.6,93.4,1407,196.0,75.5,21.1,-24.023,5.223,4.198,98.0,99.6,73.0,1655,1,-10.1,0.47
2402,355,6.775,43.89,1,100.69999999999999,93.5,1408,196.0,75.5,21.16,-24.016,5.223,4.198,98.0,99.5,73.0,1655,1,-10.1,0.47
2403,355,6.775,43.85,1,100.6,93.4,1407,195.9,75.6,21.14,-24.008,5.223,4.198,98.0,99.4,73.0,1655,1,-10.1,0.48
2404,355,6.775,43.99,1,100.6,93.4,1407,195.9,75.4,21.07,-24.008,5.223,4.198,98.0,99.2,73.0,1655,1,-10.1,0.46
2405,355,6.775,43.94,1,100.6,93.4,1407,195.9,75.4,21.1,-24.008,5.223,4.198,98.0,99.1,73.0,1655,1,-10.1,0.46
2406,355,6.775,43.86,1,100.6,93.4,1407,195.9,75.4,21.05,-24.008,5.223,4.198,98.0,99.0,73.0,1655,1,-10.1,0.47
2407,355,6.775,43.94,1,100.6,93.4,1407,195.8,75.4,21.11,-24.016,5.223,4.198,97.0,98.9,73.0,1655,1,-10.1,0.47
2408,355,6.775,43.82,1,100.6,93.4,1407,195.8,75.4,21.14,-24.023,5.223,4.198,97.0,98.8,73.0,1655,1,-10.2,0.45
2409,355,6.775,43.76,1,100.6,93.4,1407,195.8,75.4,21.12,-24.039,5.223,4.198,97.0,98.7,73.0,1655,1,-10.2,0.47
2410,355,6.775,43.94,1,100.6,93.4,1407,195.8,75.5,20.9,-24.047,5.227,4.198,97.0,98.6,73.0,1655,1,-10.2,0.47
2411,355,6.775,43.95,1,100.6,93.30000000000001,1406,195.8,75.3,20.02,-24.062,5.227,4.198,97.0,98.5,73.0,1655,1,-10.2,0.47
2412,355,6.775,43.83,1,100.1,93.10000000000001,1404,195.8,75.3,19.75,-24.086,5.227,4.198,97.0,98.3,73.0,1655,1,-10.2,0.47
2413,355,6.775,43.76,1,99.9,93.10000000000001,1402,195.8,75.3,19.76,-24.117,5.227,4.198,97.0,98.2,73.0,1655,1,-10.2,0.47
2414,356,6.775,43.83,1,99.9,93.2,1400,195.8,75.4,19.77,-24.148,5.227,4.198,97.0,98.1,73.0,1655,1,-10.2,0.47
2415,356,6.775,43.8,1,99.9,93.2,1400,195.9,75.4,19.76,-24.172,5.227,4.198,97.0,97.9,73.0,1655,1,-10.2,0.46
2416,356,6.775,43.9,1,99.9,93.2,1400,195.9,75.5,19.77,-24.195,5.227,4.198,96.0,97.7,73.0,1655,1,-10.3,0.46
2417,356,6.775,43.85,1,99.9,93.2,1400,195.9,75.3,19.75,-24.219,5.227,4.198,96.0,97.5,73.0,1655,1,-10.3,0.46
2418,356,6.775,43.82,1,99.9,93.2,1400,195.9,75.4,19.68,-24.242,5.227,4.198,96.0,97.3,73.0,1655,1,-10.3,0.46
2419,356,6.775,43.87,1,99.9,93.2,1400,195.9,75.4,19.73,-24.266,5.223,4.198,96.0,97.1,73.0,1655,1,-10.3,0.46
2420,356,6.75,43.89,1,100.0,93.2,1400,195.9,75.4,20.41,-24.289,5.223,4.198,96.0,96.9,73.0,1655,1,-10.3,0.46
2421,356,6.75,44.01,1,100.4,93.4,1401,196.0,75.5,21.2,-24.305,5.227,4.198,95.0,96.7,73.0,1654,1,-10.3,0.47
2422,356,6.775,43.93,1,100.69999999999999,93.4,1403,196.0,75.6,21.31,-24.312,5.227,4.198,95.0,96.4,73.0,1654,1,-10.3,0.47
2423,356,6.775,43.83,1,100.8,93.4,1405,196.1,75.5,21.3,-24.32,5.227,4.198,95.0,96.2,73.0,1654,1,-10.3,0.48
2424,356,6.75,43.88,1,100.8,93.4,1405,196.1,75.6,21.36,-24.328,5.227,4.198,95.0,96.0,73.0,1654,1,-10.4,0.46
2425,357,6.775,43.9,1,100.89999999999999,93.4,1406,196.1,75.5,21.32,-24.336,5.227,4.198,94.0,95.7,73.0,1654,1,-10.4,0.48
2426,357,6.75,43.97,1,100.89999999999999,93.5,1406,196.1,75.6,21.34,-24.336,5.227,4.198,94.0,95.4,73.0,1654,1,-10.4,0.47
2427,357,6.775,43.9,1,100.8,93.4,1407,196.1,75.4,21.37,-24.344,5.227,4.198,94.0,95.2,73.0,1654,1,-10.4,0.48
2428,357,6.775,43.79,1,100.89999999999999,93.4,1407,196.1,75.5,21.36,-24.352,5.227,4.198,94.0,94.9,73.0,1654,1,-10.4,0.47
2429,357,6.775,43.96,1,100.8,93.4,1407,196.0,75.7,21.38,-24.352,5.227,4.198,93.0,94.6,73.0,1654,1,-10.4,0.48
2430,357,6.775,43.93,1,100.8,93.4,1406,195.9,75.5,21.34,-24.359,5.227,4.198,93.0,94.4,73.0,1654,1,-10.4,0.48
2431,357,6.775,43.78,1,100.8,93.4,1406,195.9,75.4,21.39,-24.359,5.227,4.198,92.0,94.1,73.0,1654,1,-10.4,0.47
2432,357,6.775,43.94,1,100.89999999999999,93.4,1406,195.8,75.5,21.38,-24.367,5.227,4.198,92.0,93.8,73.0,1654,1,-10.5,0.47
2433,357,6.775,43.82,1,100.8,93.4,1407,195.8,75.6,21.38,-24.367,5.227,4.198,92.0,93.6,73.0,1654,1,-10.5,0.47
2434,357,6.775,43.9,1,100.8,93.4,1407,195.7,75.5,21.36,-24.375,5.227,4.198,92.0,93.3,73.0,1654,1,-10.5,0.46
2435,357,6.775,43.91,1,100.89999999999999,93.4,1407,195.7,75.6,21.35,-24.375,5.227,4.198,92.0,93.0,73.0,1654,1,-10.5,0.46
2436,357,6.775,44.04,1,100.8,93.4,1407,195.7,75.7,21.34,-24.383,5.227,4.198,92.0,92.7,73.0,1654,1,-10.5,0.46
2437,358,6.775,43.83,1,100.89999999999999,93.5,1407,195.7,75.8,20.89,-24.383,5.227,4.198,91.0,92.4,73.0,1654,1,-10.5,0.46
2438,358,6.775,43.93,1,100.8,93.4,1407,195.7,75.6,20.5,-24.391,5.227,4.198,91.0,92.2,73.0,1654,1,-10.6,0.47
2439,358,6.775,43.88,1,100.6,93.30000000000001,1406,195.7,75.5,20.48,-24.398,5.227,4.198,90.0,92.0,73.0,1654,1,-10.5,0.47
2440,358,6.75,43.95,1,100.6,93.4,1405,195.7,75.6,20.48,-24.398,5.227,4.198,90.0,91.7,73.0,1654,1,-10.6,0.46
2441,358,6.775,43.97,1,100.6,93.4,1405,195.7,75.4,20.47,-24.398,5.227,4.198,90.0,91.5,73.0,1654,1,-10.6,0.47
2442,358,6.775,43.88,1,100.6,93.30000000000001,1405,195.6,75.4,20.49,-24.398,5.23,4.198,90.0,91.2,73.0,1653,1,-10.6,0.47
2443,358,6.775,43.87,1,100.6,93.4,1404,195.5,75.5,20.48,-24.398,5.23,4.198,90.0,91.0,73.0,1653,1,-10.6,0.47
2444,358,6.775,43.93,1,100.6,93.30000000000001,1405,195.5,75.5,20.19,-24.398,5.23,4.198,89.0,90.7,73.0,1653,1,-10.6,0.47
2445,358,6.775,43.84,1,100.4,93.30000000000001,1404,195.5,75.4,19.94,-24.406,5.23,4.198,89.0,90.5,73.0,1653,1,-10.6,0.47
2446,358,6.75,43.81,1,100.2,93.2,1402,195.4,75.4,19.97,-24.406,5.23,4.198,88.0,90.3,73.0,1653,1,-10.6,0.47
2447,358,6.775,43.79,1,100.2,93.2,1402,195.4,75.4,19.97,-24.414,5.23,4.198,88.0,90.0,73.0,1653,1,-10.6,0.47
2448,359,6.775,43.89,1,100.2,93.2,1401,195.5,75.4,19.95,-24.414,5.23,4.198,88.0,89.8,73.0,1653,1,-10.7,0.46
2449,359,6.775,43.92,1,100.2,93.30000000000001,1401,195.4,75.4,19.95,-24.422,5.23,4.198,88.0,89.6,73.0,1653,1,-10.7,0.47
2450,359,6.775,43.91,1,100.1,93.2,1402,195.3,75.4,19.96,-24.422,5.23,4.198,88.0,89.4,73.0,1653,1,-10.7,0.48
2451,359,6.775,43.75,1,100.2,93.30000000000001,1401,195.3,75.5,19.91,-24.43,5.23,4.198,87.0,89.2,73.0,1653,1,-10.7,0.47
2452,359,6.775,43.7,1,100.1,93.10000000000001,1401,195.4,75.3,19.2,-24.438,5.23,4.198,87.0,89.0,73.0,1653,1,-10.7,0.47
2453,359,6.775,43.87,1,99.8,93.10000000000001,1399,195.4,75.3,19.12,-24.445,5.23,4.198,87.0,88.8,73.0,1653,1,-10.7,0.47
2454,359,6.775,43.84,1,99.6,93.10000000000001,1397,195.5,75.4,19.11,-24.453,5.234,4.198,87.0,88.6,73.0,1653,1,-10.7,0.47
2455,359,6.775,43.86,1,99.5,93.0,1396,195.5,75.3,18.3,-24.461,5.234,4.198,87.0,88.4,73.0,1653,1,-10.7,0.48
2456,359,6.775,43.72,1,99.1,92.80000000000001,1393,195.5,75.1,18.0,-24.469,5.234,4.198,87.0,88.3,73.0,1653,1,-10.8,0.48
2457,359,6.775,43.63,1,98.8,92.7,1390,195.6,75.0,17.92,-24.484,5.23,4.198,86.0,88.1,73.0,1653,1,-10.8,0.47
2458,359,6.775,43.81,1,98.8,92.80000000000001,1388,195.6,75.2,17.89,-24.5,5.23,4.198,86.0,87.9,73.0,1653,1,-10.8,0.47
2459,359,6.775,43.61,1,98.7,92.7,1388,195.8,75.2,17.89,-24.516,5.23,4.198,86.0,87.8,72.0,1653,1,-10.8,0.47
2460,359,6.775,43.8,1,98.7,92.80000000000001,1387,195.8,75.3,17.92,-24.523,5.23,4.198,86.0,87.6,73.0,1653,1,-10.8,0.47
2461,359,6.775,43.88,1,98.7,92.80000000000001,1386,195.9,75.2,17.89,-24.531,5.23,4.198,86.0,87.5,72.0,1653,1,-10.8,0.46
2462,359,6.775,43.64,1,98.8,92.80000000000001,1386,195.8,75.1,17.94,-24.531,5.23,4.198,86.0,87.3,72.0,1652,1,-10.8,0.46
2463,359,6.775,43.66,1,98.8,92.80000000000001,1386,195.9,75.0,17.91,-24.531,5.23,4.198,85.0,87.2,72.0,1652,1,-10.8,0.46
2464,359,6.775,43.83,1,98.7,92.80000000000001,1386,195.9,75.0,17.91,-24.539,5.23,4.198,85.0,87.0,72.0,1652,1,-10.8,0.46
2465,359,6.775,43.8,1,98.7,92.80000000000001,1385,196.0,75.1,17.79,-24.539,5.23,4.198,85.0,86.9,72.0,1652,1,-10.8,0.47
2466,359,6.775,43.66,1,98.6,92.60000000000001,1385,196.0,75.1,16.86,-24.547,5.234,4.198,85.0,86.7,72.0,1652,1,-10.9,0.46
2467,359,6.75,43.65,1,98.1,92.5,1382,196.1,74.8,16.62,-24.555,5.234,4.198,85.0,86.6,72.0,1652,1,-10.9,0.47
2468,359,6.775,43.72,1,97.89999999999999,92.4,1379,196.2,74.7,16.55,-24.555,5.234,4.198,85.0,86.5,72.0,1652,1,-10.9,0.46
2469,359,6.775,43.68,1,97.8,92.30000000000001,1377,196.3,74.6,16.56,-24.555,5.234,4.198,85.0,86.3,72.0,1652,1,-10.9,0.46
2470,359,6.775,43.81,1,97.8,92.4,1375,196.4,74.7,16.57,-24.555,5.23,4.198,85.0,86.2,72.0,1652,1,-10.9,0.47
2471,359,6.775,43.78,1,97.8,92.4,1373,196.5,74.7,16.56,-24.555,5.23,4.198,84.0,86.1,72.0,1652,1,-10.9,0.47
2472,359,6.775,43.82,1,97.8,92.30000000000001,1372,196.5,74.6,16.59,-24.555,5.227,4.198,85.0,85.9,72.0,1652,1,-10.9,0.47
2473,358,6.775,43.68,1,97.8,92.4,1372,196.6,74.6,16.89,-24.547,5.227,4.198,84.0,85.8,72.0,1652,1,-10.9,0.47
2474,358,6.775,43.77,1,98.0,92.5,1372,196.7,74.8,17.89,-24.547,5.227,4.198,84.0,85.7,72.0,1652,1,-10.9,0.46
2475,358,6.775,43.87,1,98.6,92.80000000000001,1375,196.8,74.9,18.64,-24.539,5.227,4.198,84.0,85.6,72.0,1652,1,-11.0,0.47
2476,358,6.75,43.87,1,99.1,93.0,1380,196.8,75.0,18.78,-24.531,5.227,4.198,84.0,85.5,72.0,1652,1,-11.0,0.47
2477,359,6.775,43.89,1,99.3,93.0,1385,196.8,75.2,18.8,-24.516,5.227,4.198,84.0,85.3,72.0,1651,1,-11.0,0.47
2478,359,6.775,43.82,1,99.4,93.0,1387,196.8,75.1,18.73,-24.508,5.227,4.198,84.0,85.2,72.0,1651,1,-11.0,0.48
2479,359,6.775,43.78,1,99.3,93.0,1389,196.8,75.1,18.75,-24.508,5.227,4.198,84.0,85.1,72.0,1651,1,-11.0,0.47
2480,359,6.75,43.86,1,99.4,93.0,1389,196.8,75.3,18.78,-24.5,5.227,4.198,84.0,85.0,72.0,1651,1,-11.0,0.47
2481,359,6.75,43.89,1,99.4,93.0,1390,196.9,75.3,18.84,-24.5,5.227,4.198,84.0,84.9,72.0,1651,1,-11.0,0.47
2482,359,6.75,43.91,1,99.4,93.0,1390,196.8,75.2,18.81,-24.5,5.227,4.198,84.0,84.8,72.0,1651,1,-11.0,0.47
2483,359,6.75,43.8,1,99.4,93.0,1391,196.9,75.3,18.77,-24.492,5.227,4.198,84.0,84.7,72.0,1651,1,-11.0,0.47
2484,359,6.775,43.78,1,99.4,93.0,1391,196.9,75.4,18.79,-24.492,5.227,4.198,83.0,84.6,72.0,1651,1,-11.0,0.47
2485,359,6.775,43.82,1,99.3,93.0,1391,196.8,75.4,18.73,-24.492,5.227,4.198,83.0,84.6,72.0,1651,1,-11.1,0.46
2486,359,6.775,43.87,1,99.4,93.0,1391,196.7,75.2,18.81,-24.492,5.227,4.198,83.0,84.5,72.0,1651,1,-11.1,0.47
2487,359,6.775,43.82,1,99.4,93.0,1392,196.6,75.2,18.78,-24.492,5.227,4.198,83.0,84.4,72.0,1651,1,-11.1,0.47
2488,359,6.775,43.78,1,99.4,93.0,1392,196.6,75.3,18.79,-24.484,5.227,4.198,83.0,84.3,72.0,1651,1,-11.1,0.48
2489,359,6.775,43.81,1,99.3,93.0,1392,196.5,75.3,18.79,-24.484,5.227,4.198,83.0,84.2,72.0,1651,1,-11.1,0.47
2490,359,6.775,43.85,1,99.3,93.0,1392,196.4,75.3,18.81,-24.477,5.227,4.198,83.0,84.1,72.0,1651,1,-11.1,0.46
2491,359,6.775,43.83,1,99.4,93.0,1392,196.4,75.3,18.66,-24.477,5.227,4.198,83.0,84.1,72.0,1651,1,-11.1,0.46
2492,359,6.775,43.72,1,99.2,92.9,1391,196.4,75.2,17.94,-24.477,5.227,4.198,83.0,84.0,72.0,1651,1,-11.1,0.46
2493,359,6.75,43.77,1,98.8,92.7,1389,196.3,75.2,17.83,-24.477,5.227,4.198,82.0,83.9,72.0,1651,1,-11.1,0.46
2494,359,6.775,43.86,1,98.7,92.7,1388,196.3,75.1,17.81,-24.484,5.227,4.198,82.0,83.8,72.0,1650,1,-11.1,0.47
2495,359,6.775,43.83,1,98.7,92.7,1387,196.3,75.0,17.77,-24.492,5.227,4.198,82.0,83.7,72.0,1650,1,-11.2,0.47
2496,359,6.775,43.58,1,98.6,92.7,1386,196.3,74.9,17.81,-24.492,5.227,4.198,82.0,83.7,72.0,1650,1,-11.2,0.46
2497,359,6.775,43.9,1,98.6,92.7,1386,196.3,74.8,17.79,-24.492,5.23,4.198,82.0,83.6,72.0,1650,1,-11.2,0.46
2498,359,6.75,43.84,1,98.6,92.7,1385,196.3,74.9,17.78,-24.5,5.23,4.198,82.0,83.5,72.0,1650,1,-11.2,0.47
2499,359,6.775,43.74,1,98.6,92.7,1384,196.3,74.9,17.77,-24.5,5.227,4.198,82.0,83.5,72.0,1650,1,-11.2,0.47
2500,359,6.775,43.8,1,98.6,92.7,1384,196.2,74.9,17.77,-24.508,5.227,4.198,82.0,83.4,72.0,1650,1,-11.2,0.46
2501,359,6.775,43.7,1,98.6,92.7,1384,196.3,75.0,17.79,-24.516,5.227,4.198,82.0,83.3,72.0,1650,1,-11.2,0.46
2502,359,6.775,43.86,1,98.6,92.7,1384,196.4,75.0,17.77,-24.516,5.227,4.198,82.0,83.3,72.0,1650,1,-11.2,0.46
2503,359,6.775,43.86,1,98.6,92.7,1384,196.5,75.1,17.84,-24.523,5.227,4.198,82.0,83.2,72.0,1650,1,-11.2,0.46
2504,359,6.775,43.81,1,98.7,92.7,1384,196.4,75.1,17.77,-24.516,5.227,4.198,82.0,83.1,72.0,1650,1,-11.2,0.46
2505,359,6.775,43.78,1,98.6,92.7,1384,196.4,75.0,17.82,-24.523,5.227,4.198,82.0,83.1,72.0,1650,1,-11.2,0.46
2506,359,6.775,43.76,1,98.6,92.7,1384,196.2,75.2,17.79,-24.523,5.227,4.198,82.0,83.0,72.0,1650,1,-11.3,0.47
2507,359,6.775,43.73,1,98.6,92.7,1384,196.2,75.0,17.79,-24.523,5.227,4.198,82.0,83.0,72.0,1650,1,-11.3,0.47
2508,359,6.775,43.67,1,98.7,92.7,1384,196.1,74.9,17.8,-24.531,5.223,4.198,82.0,82.9,72.0,1650,1,-11.3,0.48
2509,358,6.775,43.86,1,98.7,92.7,1384,196.2,74.9,17.77,-24.531,5.223,4.198,82.0,82.9,72.0,1650,1,-11.3,0.47
2510,358,6.75,43.84,1,98.7,92.80000000000001,1384,196.2,75.1,18.47,-24.539,5.223,4.198,82.0,82.8,72.0,1650,1,-11.3,0.47
2511,358,6.775,43.79,1,99.1,93.0,1385,196.2,75.2,19.11,-24.539,5.223,4.198,81.0,82.7,72.0,1650,1,-11.3,0.47
2512,358,6.775,43.82,1,99.5,93.0,1389,196.2,75.4,19.18,-24.539,5.223,4.198,82.0,82.7,72.0,1649,1,-11.3,0.46
2513,358,6.775,43.85,1,99.6,93.10000000000001,1391,196.2,75.5,19.22,-24.531,5.223,4.198,82.0,82.6,72.0,1649,1,-11.3,0.47
2514,359,6.75,43.94,1,99.7,93.10000000000001,1393,196.2,75.4,19.25,-24.531,5.223,4.198,81.0,82.6,72.0,1649,1,-11.3,0.46
2515,358,6.75,43.87,1,99.7,93.10000000000001,1393,196.1,75.3,19.21,-24.531,5.227,4.198,81.0,82.5,72.0,1649,1,-11.3,0.48
2516,359,6.775,43.86,1,99.7,93.10000000000001,1394,196.1,75.3,19.31,-24.531,5.227,4.198,81.0,82.5,72.0,1649,1,-11.4,0.48
2517,359,6.775,43.96,1,99.7,93.10000000000001,1394,196.1,75.4,19.2,-24.531,5.227,4.198,81.0,82.4,72.0,1649,1,-11.4,0.48
2518,358,6.775,43.86,1,99.7,93.10000000000001,1394,196.1,75.3,19.16,-24.531,5.227,4.198,81.0,82.4,72.0,1649,1,-11.4,0.46
2519,358,6.75,43.83,1,99.7,93.0,1394,196.0,75.2,19.3,-24.531,5.227,4.198,81.0,82.3,72.0,1649,1,-11.4,0.47
2520,358,6.775,43.81,1,99.7,93.10000000000001,1394,196.0,75.2,19.18,-24.531,5.227,4.198,81.0,82.3,72.0,1649,1,-11.4,0.47
2521,358,6.775,43.91,1,99.7,93.10000000000001,1394,196.1,75.2,19.31,-24.539,5.227,4.198,81.0,82.3,72.0,1649,1,-11.4,0.47
2522,358,6.775,43.91,1,99.7,93.10000000000001,1394,196.1,75.2,19.31,-24.539,5.227,4.198,81.0,82.2,72.0,1649,1,-11.4,0.47
2523,358,6.775,43.85,1,99.8,93.10000000000001,1395,196.0,75.4,19.19,-24.539,5.227,4.198,81.0,82.2,72.0,1649,1,-11.4,0.48
2524,358,6.775,43.87,1,99.7,93.10000000000001,1395,195.9,75.3,19.22,-24.539,5.227,4.198,81.0,82.1,72.0,1649,1,-11.4,0.47
2525,358,6.775,43.82,1,99.7,93.10000000000001,1395,195.8,75.4,19.15,-24.547,5.227,4.198,81.0,82.1,72.0,1649,1,-11.4,0.47
2526,358,6.775,43.87,1,99.7,93.10000000000001,1394,195.7,75.2,19.31,-24.539,5.227,4.198,81.0,82.1,72.0,1649,1,-11.4,0.47
2527,358,6.775,43.9,1,99.8,93.10000000000001,1395,195.7,75.4,19.24,-24.547,5.227,4.198,81.0,82.0,72.0,1649,1,-11.4,0.48
2528,358,6.775,43.88,1,99.7,93.10000000000001,1395,195.7,75.4,19.09,-24.547,5.227,4.198,81.0,82.0,72.0,1648,1,-11.5,0.46
2529,358,6.775,43.89,1,99.7,93.10000000000001,1395,195.7,75.3,19.7,-24.547,5.227,4.198,81.0,81.9,72.0,1648,1,-11.5,0.46
2530,358,6.775,43.88,1,100.0,93.2,1396,195.6,75.4,19.75,-24.555,5.227,4.198,81.0,81.9,72.0,1648,1,-11.5,0.47
2531,358,6.775,43.91,1,100.1,93.2,1398,195.5,75.5,19.82,-24.555,5.227,4.198,81.0,81.9,72.0,1648,1,-11.5,0.47
2532,358,6.775,43.97,1,100.1,93.2,1398,195.5,75.5,19.79,-24.555,5.227,4.198,81.0,81.8,72.0,1648,1,-11.5,0.47
2533,358,6.775,43.95,1,100.1,93.2,1399,195.4,75.6,19.8,-24.547,5.227,4.198,81.0,81.8,72.0,1648,1,-11.5,0.47
2534,358,6.775,43.97,1,100.2,93.2,1400,195.4,75.5,19.79,-24.547,5.227,4.198,80.0,81.8,72.0,1648,1,-11.5,0.46
2535,358,6.775,43.94,1,100.1,93.2,1400,195.4,75.6,19.77,-24.547,5.227,4.198,81.0,81.7,72.0,1648,1,-11.5,0.47
2536,358,6.75,43.93,1,100.1,93.2,1400,195.3,75.4,19.8,-24.547,5.227,4.198,81.0,81.7,72.0,1648,1,-11.5,0.47
2537,358,6.75,43.92,1,100.1,93.2,1400,195.3,75.3,19.77,-24.547,5.227,4.198,80.0,81.7,72.0,1648,1,-11.5,0.47
2538,358,6.775,43.93,1,100.2,93.2,1400,195.3,75.5,19.78,-24.547,5.227,4.198,80.0,81.6,72.0,1648,1,-11.5,0.46
2539,358,6.775,43.89,1,100.1,93.2,1400,195.3,75.4,19.8,-24.555,5.227,4.198,80.0,81.6,72.0,1648,1,-11.6,0.46
2540,359,6.775,43.92,1,100.1,93.2,1400,195.2,75.4,19.8,-24.555,5.227,4.198,81.0,81.6,72.0,1648,1,-11.5,0.47
2541,359,6.775,43.88,1,100.2,93.2,1400,195.2,75.5,19.76,-24.562,5.227,4.198,81.0,81.6,72.0,1648,1,-11.6,0.46
2542,359,6.775,43.95,1,100.1,93.2,1400,195.2,75.3,19.8,-24.562,5.227,4.198,80.0,81.5,72.0,1648,1,-11.6,0.47
2543,359,6.775,43.9,1,100.1,93.2,1400,195.2,75.4,19.78,-24.562,5.227,4.198,80.0,81.5,72.0,1648,1,-11.6,0.47
2544,359,6.775,43.9,1,100.1,93.2,1400,195.2,75.4,19.79,-24.562,5.227,4.198,81.0,81.5,72.0,1648,1,-11.6,0.46
2545,359,6.775,43.93,1,100.2,93.2,1400,195.1,75.3,19.81,-24.562,5.227,4.198,80.0,81.5,72.0,1647,1,-11.6,0.46
2546,359,6.775,43.94,1,100.2,93.2,1400,195.1,75.4,19.81,-24.562,5.227,4.198,80.0,81.5,72.0,1647,1,-11.6,0.46
2547,359,6.775,43.93,1,100.2,93.2,1400,195.0,75.4,19.82,-24.562,5.227,4.198,80.0,81.5,72.0,1647,1,-11.6,0.46
2548,359,6.775,43.92,1,100.1,93.2,1400,194.9,75.3,19.84,-24.562,5.227,4.198,80.0,81.4,72.0,1647,1,-11.6,0.46
2549,359,6.775,43.9,1,100.2,93.2,1401,194.9,75.3,19.8,-24.555,5.227,4.198,80.0,81.4,72.0,1647,1,-11.6,0.47
2550,359,6.775,43.89,1,100.2,93.2,1401,194.9,75.4,19.77,-24.555,5.227,4.198,80.0,81.4,72.0,1647,1,-11.6,0.46
2551,359,6.775,43.89,1,100.2,93.2,1400,194.8,75.4,19.8,-24.555,5.23,4.198,80.0,81.4,72.0,1647,1,-11.6,0.46
2552,359,6.775,43.87,1,100.1,93.2,1401,194.8,75.5,19.82,-24.555,5.23,4.198,81.0,81.4,72.0,1647,1,-11.6,0.46
2553,359,6.775,43.9,1,100.1,93.2,1401,194.8,75.4,19.8,-24.555,5.23,4.198,80.0,81.4,72.0,1647,1,-11.7,0.47
2554,359,6.775,43.85,1,100.1,93.10000000000001,1401,194.9,75.4,19.61,-24.555,5.23,4.198,80.0,81.4,72.0,1647,1,-11.7,0.46
2555,359,6.775,43.86,1,100.0,93.10000000000001,1400,194.8,75.3,18.68,-24.555,5.23,4.198,80.0,81.4,72.0,1647,1,-11.7,0.46
2556,359,6.775,43.87,1,99.5,92.9,1398,194.8,75.2,18.47,-24.562,5.23,4.198,80.0,81.3,72.0,1647,1,-11.7,0.46
2557,359,6.775,43.9,1,99.3,92.9,1396,194.8,75.2,18.46,-24.57,5.23,4.198,80.0,81.3,72.0,1647,1,-11.7,0.47
2558,359,6.775,43.98,1,99.2,92.9,1395,194.8,75.1,18.44,-24.578,5.23,4.198,80.0,81.3,72.0,1647,1,-11.7,0.47
2559,359,6.75,43.86,1,99.2,92.9,1393,194.9,75.1,18.43,-24.586,5.23,4.198,80.0,81.3,72.0,1647,1,-11.7,0.46
2560,359,6.775,43.87,1,99.2,92.9,1393,194.8,75.1,18.52,-24.586,5.23,4.198,80.0,81.3,72.0,1647,1,-11.7,0.46
2561,359,6.775,43.86,1,99.2,92.9,1392,194.9,75.2,17.96,-24.594,5.23,4.198,80.0,81.2,72.0,1646,1,-11.7,0.47
2562,359,6.775,43.89,1,98.9,92.7,1390,194.9,75.1,17.71,-24.602,5.227,4.198,80.0,81.2,72.0,1646,1,-11.7,0.46
2563,359,6.75,43.79,1,98.7,92.7,1389,194.9,75.1,17.69,-24.609,5.227,4.198,80.0,81.2,72.0,1646,1,-11.8,0.47
2564,359,6.775,43.64,1,98.7,92.7,1387,194.9,75.0,17.69,-24.617,5.227,4.198,80.0,81.2,72.0,1646,1,-11.7,0.47
2565,359,6.775,43.64,1,98.6,92.7,1387,195.0,75.1,17.66,-24.625,5.227,4.198,80.0,81.1,72.0,1646,1,-11.8,0.47
2566,359,6.775,43.76,1,98.6,92.7,1386,195.0,75.0,17.71,-24.625,5.227,4.198,80.0,81.1,72.0,1646,1,-11.8,0.47
2567,359,6.775,43.71,1,98.6,92.7,1386,195.1,75.0,17.71,-24.633,5.227,4.198,80.0,81.1,72.0,1646,1,-11.8,0.47
2568,358,6.75,43.85,1,98.7,92.7,1386,195.1,75.1,18.04,-24.641,5.227,4.198,80.0,81.1,72.0,1646,1,-11.8,0.46
2569,358,6.75,43.83,1,98.9,92.9,1386,195.1,75.1,19.05,-24.641,5.223,4.198,80.0,81.0,72.0,1646,1,-11.8,0.47
2570,358,6.775,43.9,1,99.6,93.2,1389,195.1,75.2,20.1,-24.641,5.223,4.198,80.0,81.0,72.0,1646,1,-11.8,0.48
2571,358,6.775,43.91,1,100.2,93.30000000000001,1395,195.2,75.5,20.38,-24.641,5.223,4.198,80.0,81.0,72.0,1646,1,-11.8,0.46
2572,358,6.775,43.9,1,100.49999999999999,93.30000000000001,1398,195.2,75.5,20.34,-24.633,5.223,4.198,80.0,80.9,72.0,1646,1,-11.8,0.46
2573,358,6.75,43.86,1,100.6,93.30000000000001,1400,195.1,75.5,20.78,-24.633,5.223,4.198,80.0,80.9,72.0,1646,1,-11.8,0.48
2574,359,6.75,43.99,1,100.89999999999999,93.4,1402,195.0,75.6,21.19,-24.617,5.223,4.198,80.0,80.9,72.0,1646,1,-11.8,0.47
2575,359,6.75,43.94,1,101.0,93.4,1404,195.0,75.8,21.25,-24.617,5.223,4.198,80.0,80.8,72.0,1646,1,-11.8,0.47
2576,359,6.775,43.96,1,101.0,93.4,1404,195.0,75.5,21.22,-24.617,5.223,4.198,80.0,80.8,72.0,1645,1,-11.8,0.47
2577,358,6.775,43.99,1,101.0,93.4,1405,194.9,75.6,21.23,-24.617,5.223,4.198,80.0,80.8,72.0,1645,1,-11.8,0.47
2578,358,6.775,43.95,1,101.0,93.4,1405,194.9,75.7,21.24,-24.617,5.223,4.198,80.0,80.8,72.0,1645,1,-11.9,0.47
2579,358,6.775,44.03,1,100.89999999999999,93.4,1405,194.8,75.6,21.22,-24.617,5.219,4.198,80.0,80.8,72.0,1645,1,-11.9,0.46
2580,358,6.775,43.87,1,101.0,93.4,1405,194.7,75.7,21.21,-24.609,5.219,4.198,80.0,80.8,72.0,1645,1,-11.9,0.47
2581,358,6.775,43.96,1,100.89999999999999,93.4,1405,194.6,75.5,21.2,-24.617,5.219,4.198,80.0,80.7,72.0,1645,1,-11.9,0.47
2582,359,6.775,43.9,1,101.0,93.4,1406,194.6,75.6,21.23,-24.617,5.219,4.198,80.0,80.7,72.0,1645,1,-11.9,0.46
2583,359,6.775,43.93,1,101.0,93.4,1407,194.5,75.6,21.24,-24.609,5.219,4.198,79.0,80.7,72.0,1645,1,-11.9,0.47
2584,359,6.775,43.92,1,101.0,93.4,1407,194.4,75.7,21.25,-24.609,5.219,4.198,80.0,80.7,72.0,1645,1,-11.9,0.47
2585,359,6.775,43.96,1,101.0,93.4,1407,194.3,75.6,21.23,-24.617,5.219,4.198,80.0,80.7,72.0,1645,1,-11.9,0.48
2586,359,6.75,44.0,1,101.0,93.4,1407,194.4,75.8,21.22,-24.609,5.219,4.198,80.0,80.7,72.0,1645,1,-11.9,0.47
2587,359,6.775,43.92,1,101.0,93.4,1407,194.3,75.7,21.2,-24.609,5.219,4.198,80.0,80.6,72.0,1645,1,-11.9,0.47
2588,359,6.775,44.01,1,101.0,93.4,1407,194.2,75.5,21.23,-24.609,5.219,4.198,80.0,80.6,72.0,1645,1,-11.9,0.47
2589,359,6.775,44.04,1,101.0,93.4,1407,194.2,75.5,21.23,-24.609,5.219,4.198,80.0,80.6,72.0,1645,1,-11.9,0.47
2590,359,6.775,43.95,1,101.0,93.4,1407,194.2,75.7,21.2,-24.602,5.219,4.198,80.0,80.6,72.0,1645,1,-11.9,0.47
2591,359,6.75,43.93,1,101.0,93.4,1407,194.2,75.8,21.22,-24.602,5.223,4.198,80.0,80.6,72.0,1644,1,-11.9,0.47
2592,359,6.775,44.02,1,101.0,93.4,1407,194.2,75.6,21.22,-24.602,5.223,4.198,80.0,80.6,72.0,1644,1,-12.0,0.47
2593,359,6.775,43.9,1,101.0,93.4,1407,194.2,75.7,21.21,-24.594,5.223,4.198,79.0,80.6,72.0,1644,1,-12.0,0.47
2594,359,6.775,43.94,1,101.0,93.4,1408,194.2,75.6,21.23,-24.586,5.223,4.198,79.0,80.6,72.0,1644,1,-12.0,0.47
2595,359,6.775,43.88,1,101.0,93.4,1408,194.1,75.6,21.19,-24.586,5.223,4.198,80.0,80.6,72.0,1644,1,-12.0,0.46
2596,359,6.775,43.95,1,101.0,93.4,1407,194.1,75.6,21.21,-24.578,5.223,4.198,80.0,80.6,72.0,1644,1,-12.0,0.46
2597,359,6.775,43.96,1,101.0,93.4,1407,194.1,75.7,21.23,-24.57,5.223,4.198,79.0,80.6,72.0,1644,1,-12.0,0.46
2598,359,6.775,44.04,1,101.0,93.4,1407,194.1,75.7,21.22,-24.57,5.223,4.198,79.0,80.6,72.0,1644,1,-12.0,0.47
2599,359,6.775,44.01,1,101.0,93.4,1407,194.0,75.6,21.22,-24.57,5.223,4.198,80.0,80.6,72.0,1644,1,-12.0,0.47
2600,359,6.775,43.97,1,100.89999999999999,93.4,1408,194.0,75.5,21.26,-24.562,5.223,4.198,79.0,80.6,72.0,1644,1,-12.0,0.47
2601,359,6.775,43.96,1,100.89999999999999,93.4,1407,194.0,75.8,21.25,-24.555,5.223,4.198,80.0,80.6,72.0,1644,1,-12.0,0.47
2602,359,6.775,43.91,1,100.89999999999999,93.4,1407,194.1,75.7,21.21,-24.555,5.223,4.198,79.0,80.6,72.0,1644,1,-12.0,0.47
2603,359,6.775,43.94,1,100.89999999999999,93.4,1408,194.1,75.7,21.27,-24.555,5.223,4.198,80.0,80.6,72.0,1644,1,-12.0,0.48
2604,359,6.775,43.97,1,100.89999999999999,93.4,1408,194.0,75.7,21.21,-24.547,5.223,4.198,79.0,80.6,72.0,1644,1,-12.1,0.47
2605,359,6.775,43.88,1,101.0,93.4,1407,194.0,75.6,21.17,-24.539,5.227,4.198,80.0,80.6,72.0,1644,1,-12.1,0.46
2606,359,6.75,43.96,1,101.0,93.4,1408,194.0,75.6,21.22,-24.531,5.227,4.198,80.0,80.6,72.0,1644,1,-12.1,0.47
2607,359,6.75,43.91,1,101.0,93.4,1408,194.0,75.6,21.22,-24.531,5.223,4.198,80.0,80.6,72.0,1643,1,-12.1,0.48
2608,359,6.775,43.97,1,100.89999999999999,93.4,1409,194.0,75.5,21.23,-24.531,5.223,4.198,80.0,80.6,72.0,1643,1,-12.1,0.47
2609,359,6.775,43.93,1,101.0,93.4,1408,193.9,75.5,21.2,-24.531,5.223,4.198,80.0,80.7,72.0,1643,1,-12.1,0.48
2610,359,6.775,44.0,1,101.0,93.4,1407,193.9,75.6,21.2,-24.531,5.223,4.198,80.0,80.7,72.0,1643,1,-12.1,0.48
2611,359,6.775,43.96,1,101.0,93.4,1407,193.8,75.6,21.25,-24.531,5.223,4.198,80.0,80.8,72.0,1643,1,-12.1,0.48
2612,359,6.775,43.9,1,100.89999999999999,93.4,1407,193.8,75.4,21.21,-24.531,5.223,4.198,80.0,80.8,72.0,1643,1,-12.1,0.48
2613,359,6.775,44.01,1,100.89999999999999,93.4,1407,193.8,75.6,21.24,-24.531,5.223,4.198,80.0,80.9,72.0,1643,1,-12.1,0.47
2614,359,6.775,43.99,1,100.89999999999999,93.4,1407,193.8,75.6,21.2,-24.531,5.223,4.198,80.0,81.0,72.0,1643,1,-12.1,0.47
2615,359,6.75,44.0,1,100.89999999999999,93.4,1408,193.8,75.6,20.42,-24.531,5.227,4.198,80.0,81.1,72.0,1643,1,-12.1,0.47
2616,359,6.775,43.92,1,100.6,93.30000000000001,1407,193.7,75.5,20.21,-24.539,5.227,4.198,80.0,81.2,72.0,1643,1,-12.1,0.47
2617,359,6.775,43.91,1,100.49999999999999,93.30000000000001,1406,193.7,75.4,20.23,-24.539,5.227,4.198,81.0,81.3,72.0,1643,1,-12.1,0.48
2618,359,6.775,43.94,1,100.49999999999999,93.30000000000001,1405,193.7,75.5,20.24,-24.539,5.227,4.198,81.0,81.4,72.0,1643,1,-12.1,0.48
2619,359,6.775,43.95,1,100.4,93.30000000000001,1404,193.7,75.4,20.22,-24.539,5.227,4.198,81.0,81.5,72.0,1643,1,-12.1,0.47
2620,359,6.775,43.98,1,100.4,93.30000000000001,1404,193.7,75.3,20.2,-24.547,5.227,4.198,81.0,81.6,72.0,1643,1,-12.2,0.48
2621,359,6.775,43.92,1,100.49999999999999,93.30000000000001,1404,193.7,75.5,20.23,-24.547,5.227,4.198,81.0,81.7,72.0,1643,1,-12.1,0.48
2622,359,6.775,43.8,1,100.4,93.30000000000001,1404,193.8,75.6,20.24,-24.555,5.227,4.198,82.0,81.9,71.0,1642,1,-12.2,0.47
2623,359,6.775,43.94,1,100.4,93.30000000000001,1404,193.8,75.5,20.23,-24.562,5.227,4.198,82.0,82.0,71.0,1642,1,-12.2,0.47
2624,359,6.775,43.89,1,100.49999999999999,93.30000000000001,1404,193.8,75.6,20.23,-24.57,5.227,4.198,82.0,82.1,71.0,1642,1,-12.2,0.47
2625,359,6.75,44.01,1,100.49999999999999,93.30000000000001,1404,193.7,75.6,20.23,-24.57,5.227,4.198,82.0,82.2,71.0,1642,1,-12.2,0.48
2626,359,6.775,43.85,1,100.49999999999999,93.30000000000001,1403,193.7,75.5,20.19,-24.57,5.227,4.198,82.0,82.4,71.0,1642,1,-12.2,0.47
2627,359,6.775,43.96,1,100.49999999999999,93.30000000000001,1403,193.8,75.5,20.21,-24.562,5.227,4.198,82.0,82.5,71.0,1642,1,-12.2,0.47
2628,359,6.775,43.9,1,100.49999999999999,93.30000000000001,1403,193.8,75.6,20.27,-24.57,5.227,4.198,82.0,82.6,71.0,1642,1,-12.2,0.47
2629,359,6.775,43.99,1,100.49999999999999,93.30000000000001,1402,193.9,75.5,20.2,-24.562,5.227,4.198,83.0,82.8,71.0,1642,1,-12.2,0.47
2630,359,6.75,43.94,1,100.49999999999999,93.30000000000001,1402,194.0,75.5,20.26,-24.57,5.227,4.198,83.0,82.9,71.0,1642,1,-12.2,0.47
2631,359,6.775,43.9,1,100.49999999999999,93.30000000000001,1402,194.0,75.6,20.23,-24.57,5.223,4.198,83.0,83.0,71.0,1642,1,-12.2,0.47
2632,359,6.775,43.98,1,100.49999999999999,93.30000000000001,1402,194.1,75.6,20.2,-24.57,5.223,4.198,83.0,83.1,71.0,1642,1,-12.2,0.48
2633,359,6.775,43.94,1,100.49999999999999,93.30000000000001,1403,194.1,75.5,20.22,-24.578,5.223,4.198,83.0,83.2,71.0,1642,1,-12.2,0.47
2634,359,6.775,43.94,1,100.49999999999999,93.30000000000001,1403,194.1,75.5,20.26,-24.57,5.223,4.198,83.0,83.3,71.0,1642,1,-12.2,0.47
2635,359,6.75,43.9,1,100.49999999999999,93.30000000000001,1403,194.0,75.5,20.25,-24.578,5.223,4.198,83.0,83.4,71.0,1642,1,-12.2,0.49
2636,359,6.775,43.95,1,100.49999999999999,93.30000000000001,1403,194.0,75.4,20.26,-24.578,5.223,4.198,84.0,83.5,71.0,1642,1,-12.3,0.48
2637,359,6.775,43.91,1,100.49999999999999,93.30000000000001,1404,194.0,75.6,20.27,-24.57,5.223,4.198,84.0,83.6,71.0,1641,1,-12.3,0.47
2638,359,6.775,43.91,1,100.4,93.30000000000001,1403,194.0,75.4,20.23,-24.562,5.223,4.198,84.0,83.7,71.0,1641,1,-12.3,0.47
2639,359,6.775,43.95,1,100.6,93.4,1403,193.9,75.7,20.78,-24.555,5.223,4.198,84.0,83.8,71.0,1641,1,-12.3,0.48
2640,359,6.775,44.02,1,100.8,93.5,1405,194.0,75.7,20.79,-24.547,5.223,4.198,84.0,83.9,71.0,1641,1,-12.3,0.48
2641,359,6.75,43.96,1,100.89999999999999,93.4,1407,194.0,75.6,20.86,-24.516,5.223,4.198,84.0,84.0,71.0,1641,1,-12.3,0.48
2642,359,6.75,43.91,1,100.89999999999999,93.4,1407,194.0,75.5,20.83,-24.492,5.223,4.198,84.0,84.1,71.0,1641,1,-12.3,0.47
2643,359,6.775,43.93,1,100.89999999999999,93.4,1407,193.9,75.5,20.85,-24.477,5.223,4.198,84.0,84.2,71.0,1641,1,-12.3,0.48
2644,359,6.775,43.95,1,100.89999999999999,93.4,1407,194.0,75.6,20.88,-24.469,5.223,4.198,84.0,84.2,71.0,1641,1,-12.3,0.48
2645,359,6.775,43.98,1,100.89999999999999,93.4,1406,194.0,75.7,20.86,-24.461,5.223,4.198,84.0,84.3,71.0,1641,1,-12.3,0.48
2646,359,6.775,43.98,1,100.89999999999999,93.4,1406,194.0,75.7,20.89,-24.461,5.223,4.197,84.0,84.4,71.0,1641,1,-12.3,0.47
2647,359,6.75,44.01,1,100.89999999999999,93.4,1406,193.9,75.6,20.9,-24.453,5.223,4.198,84.0,84.4,71.0,1641,1,-12.3,0.47
2648,359,6.75,43.95,1,100.89999999999999,93.4,1407,193.9,75.7,20.89,-24.445,5.223,4.198,84.0,84.5,71.0,1641,1,-12.3,0.47
2649,359,6.775,43.96,1,100.89999999999999,93.4,1407,193.9,75.5,20.84,-24.445,5.223,4.198,85.0,84.6,71.0,1641,1,-12.3,0.47
2650,359,6.775,43.9,1,100.89999999999999,93.4,1407,193.9,75.6,20.89,-24.445,5.223,4.198,84.0,84.6,71.0,1641,1,-12.3,0.47
2651,359,6.775,43.94,1,100.89999999999999,93.4,1407,193.8,75.8,20.88,-24.445,5.223,4.197,85.0,84.7,71.0,1640,1,-12.4,0.47
2652,359,6.775,43.98,1,100.89999999999999,93.4,1407,193.8,75.7,20.88,-24.445,5.227,4.198,84.0,84.8,71.0,1640,1,-12.4,0.46
2653,359,6.75,43.96,1,100.89999999999999,93.4,1406,193.8,75.7,20.92,-24.445,5.227,4.198,85.0,84.9,71.0,1640,1,-12.4,0.47
2654,359,6.75,44.02,1,100.89999999999999,93.4,1406,193.8,75.7,20.86,-24.453,5.227,4.198,85.0,85.0,71.0,1640,1,-12.4,0.47
2655,359,6.775,43.96,1,100.89999999999999,93.4,1406,193.8,75.8,20.91,-24.469,5.227,4.198,85.0,85.2,71.0,1640,1,-12.4,0.47
2656,359,6.775,43.96,1,100.89999999999999,93.4,1406,193.8,75.6,20.85,-24.477,5.227,4.198,85.0,85.4,71.0,1640,1,-12.4,0.47
2657,359,6.775,43.92,1,100.89999999999999,93.4,1406,193.8,75.8,20.81,-24.484,5.23,4.198,85.0,85.5,71.0,1640,1,-12.4,0.45
2658,359,6.775,43.94,1,100.8,93.30000000000001,1405,193.8,75.7,20.2,-24.508,5.23,4.198,86.0,85.7,71.0,1640,1,-12.4,0.46
2659,359,6.775,43.91,1,100.4,93.10000000000001,1404,193.7,75.5,19.11,-24.531,5.23,4.198,86.0,86.0,71.0,1640,1,-12.4,0.47
2660,359,6.775,43.92,1,99.8,92.9,1401,193.8,75.4,18.02,-24.562,5.234,4.198,86.0,86.2,71.0,1640,1,-12.4,0.47
2661,359,6.775,43.87,1,99.0,92.7,1396,193.8,75.2,16.85,-24.602,5.23,4.198,86.0,86.4,71.0,1640,1,-12.4,0.46
2662,359,6.775,43.8,1,98.2,92.4,1390,193.9,74.9,16.22,-24.641,5.227,4.198,87.0,86.7,71.0,1640,1,-12.4,0.46
2663,359,6.775,43.83,1,97.8,92.30000000000001,1384,194.0,74.9,16.21,-24.68,5.227,4.198,87.0,87.0,71.0,1640,1,-12.4,0.46
2664,359,6.775,43.88,1,97.6,92.30000000000001,1379,194.1,74.6,16.24,-24.703,5.223,4.198,87.0,87.2,71.0,1640,1,-12.4,0.47
2665,358,6.775,43.8,1,97.6,92.2,1376,194.2,74.5,16.23,-24.719,5.219,4.198,88.0,87.5,71.0,1640,1,-12.4,0.46
2666,358,6.775,43.69,1,97.6,92.2,1374,194.3,74.7,16.35,-24.727,5.219,4.198,88.0,87.8,71.0,1640,1,-12.4,0.46
2667,358,6.775,43.82,1,97.8,92.4,1373,194.4,74.7,17.52,-24.727,5.219,4.198,88.0,88.1,71.0,1639,1,-12.4,0.46
2668,358,6.775,43.84,1,98.5,92.80000000000001,1375,194.5,75.0,19.05,-24.719,5.219,4.198,88.0,88.3,71.0,1639,1,-12.4,0.47
2669,358,6.775,43.98,1,99.5,93.2,1382,194.6,75.3,20.36,-24.703,5.219,4.198,89.0,88.6,71.0,1639,1,-12.4,0.46
2670,359,6.75,43.99,1,100.4,93.4,1390,194.8,75.6,20.8,-24.688,5.223,4.198,89.0,88.9,71.0,1639,1,-12.5,0.47
2671,359,6.75,43.98,1,100.8,93.4,1396,194.9,75.5,20.84,-24.664,5.223,4.198,90.0,89.1,71.0,1639,1,-12.5,0.47
2672,359,6.75,44.05,1,100.89999999999999,93.4,1399,195.0,75.7,20.86,-24.648,5.223,4.198,90.0,89.4,71.0,1639,1,-12.5,0.47
2673,359,6.75,44.03,1,101.0,93.4,1401,194.9,75.7,20.88,-24.633,5.223,4.198,91.0,89.7,71.0,1639,1,-12.5,0.46
2674,359,6.775,43.99,1,101.0,93.4,1403,194.9,75.6,20.88,-24.625,5.223,4.198,91.0,90.0,71.0,1639,1,-12.5,0.47
2675,359,6.775,44.0,1,101.0,93.4,1403,194.9,75.8,20.88,-24.617,5.223,4.198,91.0,90.3,71.0,1639,1,-12.5,0.47
2676,359,6.775,44.08,1,101.0,93.4,1403,194.8,75.8,20.88,-24.617,5.223,4.198,91.0,90.5,71.0,1639,1,-12.5,0.47
2677,359,6.775,44.07,1,101.0,93.4,1404,194.7,75.7,20.86,-24.609,5.223,4.198,92.0,90.8,71.0,1639,1,-12.5,0.47
2678,359,6.775,43.99,1,101.0,93.4,1404,194.6,75.9,20.89,-24.609,5.223,4.198,92.0,91.1,71.0,1639,1,-12.5,0.47
2679,359,6.775,43.99,1,101.0,93.4,1406,194.5,75.8,20.86,-24.602,5.223,4.197,92.0,91.3,71.0,1639,1,-12.5,0.46
2680,359,6.775,44.02,1,101.0,93.4,1406,194.4,75.6,20.86,-24.609,5.223,4.198,92.0,91.6,71.0,1639,1,-12.5,0.47
2681,359,6.775,43.99,1,100.89999999999999,93.4,1406,194.3,75.6,20.85,-24.609,5.223,4.198,92.0,91.8,71.0,1638,1,-12.5,0.48
2682,359,6.775,44.01,1,100.89999999999999,93.4,1405,194.3,75.7,20.87,-24.617,5.223,4.198,93.0,92.0,71.0,1638,1,-12.5,0.46
2683,359,6.775,43.96,1,100.89999999999999,93.4,1405,194.2,75.7,20.89,-24.625,5.223,4.198,93.0,92.2,71.0,1638,1,-12.5,0.45
2684,359,6.775,43.96,1,101.0,93.4,1405,194.3,75.6,20.88,-24.625,5.219,4.198,93.0,92.5,71.0,1638,1,-12.5,0.47
2685,360,6.75,43.96,1,101.0,93.4,1406,194.3,75.6,20.87,-24.625,5.223,4.198,93.0,92.7,71.0,1638,1,-12.5,0.47
2686,360,6.75,43.96,1,101.0,93.4,1406,194.3,75.6,20.86,-24.625,5.223,4.197,94.0,92.9,71.0,1638,1,-12.5,0.47
2687,360,6.775,44.02,1,101.0,93.4,1406,194.2,75.6,20.84,-24.625,5.223,4.198,94.0,93.1,71.0,1638,1,-12.5,0.46
2688,360,6.775,44.03,1,100.89999999999999,93.4,1406,194.2,75.5,20.86,-24.625,5.223,4.198,94.0,93.3,71.0,1638,1,-12.5,0.47
2689,360,6.775,43.96,1,101.0,93.4,1406,194.2,75.9,20.89,-24.625,5.223,4.198,94.0,93.5,71.0,1638,1,-12.5,0.46
2690,360,6.775,43.99,1,101.0,93.4,1405,194.2,75.5,20.87,-24.625,5.223,4.198,94.0,93.7,71.0,1638,1,-12.6,0.46
2691,360,6.775,43.99,1,101.0,93.4,1406,194.3,75.5,20.9,-24.625,5.223,4.198,95.0,93.9,71.0,1638,1,-12.6,0.46
2692,360,6.775,44.0,1,101.0,93.4,1406,194.3,75.5,20.84,-24.617,5.223,4.198,95.0,94.1,71.0,1638,1,-12.6,0.46
2693,360,6.775,43.96,1,100.89999999999999,93.4,1406,194.3,75.4,20.85,-24.625,5.223,4.198,95.0,94.2,71.0,1638,1,-12.6,0.46
2694,360,6.775,43.99,1,101.0,93.4,1407,194.2,75.6,20.82,-24.633,5.223,4.198,95.0,94.4,71.0,1638,1,-12.6,0.47
2695,360,6.775,44.0,1,101.0,93.4,1406,194.1,75.6,20.88,-24.633,5.223,4.198,95.0,94.7,71.0,1638,1,-12.6,0.46
2696,360,6.775,43.99,1,101.0,93.4,1406,194.1,75.6,20.9,-24.641,5.227,4.198,96.0,94.9,71.0,1637,1,-12.6,0.46
2697,360,6.775,44.03,1,101.0,93.4,1405,194.1,75.6,20.85,-24.641,5.227,4.198,96.0,95.1,71.0,1637,1,-12.6,0.45
2698,360,6.775,43.94,1,100.89999999999999,93.4,1405,194.1,75.7,20.27,-24.648,5.227,4.198,96.0,95.3,71.0,1637,1,-12.6,0.46
2699,360,6.775,43.95,1,100.6,93.2,1404,194.0,75.6,19.41,-24.648,5.227,4.198,96.0,95.6,71.0,1637,1,-12.6,0.46
2700,360,6.775,43.91,1,100.1,93.10000000000001,1402,194.0,75.5,19.31,-24.656,5.227,4.198,97.0,95.8,71.0,1637,1,-12.6,0.46
2701,360,6.775,43.93,1,99.9,93.10000000000001,1400,194.0,75.4,19.33,-24.656,5.227,4.198,97.0,96.1,71.0,1637,1,-12.6,0.46
2702,360,6.775,43.88,1,99.9,93.10000000000001,1399,194.1,75.5,19.29,-24.672,5.227,4.198,97.0,96.4,71.0,1637,1,-12.6,0.46
2703,361,6.775,43.8,1,99.8,93.10000000000001,1398,194.1,75.3,19.3,-24.672,5.227,4.198,97.0,96.6,71.0,1637,1,-12.6,0.47
2704,361,6.775,43.89,1,99.9,93.10000000000001,1397,194.1,75.7,19.3,-24.68,5.227,4.198,98.0,96.9,71.0,1637,1,-12.6,0.47
2705,361,6.775,43.98,1,99.9,93.10000000000001,1398,194.1,75.4,19.3,-24.68,5.227,4.198,98.0,97.2,71.0,1637,1,-12.6,0.47
2706,361,6.775,43.76,1,99.9,93.10000000000001,1398,194.2,75.4,19.32,-24.688,5.227,4.198,98.0,97.5,71.0,1637,1,-12.6,0.47
2707,361,6.75,43.92,1,99.8,93.10000000000001,1398,194.2,75.5,19.38,-24.695,5.227,4.198,99.0,97.8,71.0,1637,1,-12.6,0.46
2708,361,6.75,43.98,1,99.9,93.10000000000001,1398,194.2,75.5,19.33,-24.695,5.227,4.198,99.0,98.1,71.0,1637,1,-12.6,0.47
2709,361,6.775,43.9,1,99.9,93.2,1397,194.3,75.5,19.33,-24.688,5.227,4.198,99.0,98.4,71.0,1637,1,-12.7,0.47
2710,361,6.775,43.88,1,99.9,93.10000000000001,1397,194.3,75.3,19.31,-24.688,5.227,4.198,99.0,98.7,71.0,1637,1,-12.7,0.46
2711,361,6.775,43.96,1,100.0,93.2,1396,194.3,75.3,20.21,-24.688,5.227,4.198,100.0,99.0,71.0,1636,1,-12.7,0.47
2712,361,6.75,43.96,1,100.4,93.4,1398,194.4,75.6,20.59,-24.688,5.227,4.198,100.0,99.3,71.0,1636,1,-12.7,0.46
2713,361,6.75,43.95,1,100.69999999999999,93.30000000000001,1401,194.4,75.7,20.6,-24.688,5.227,4.198,100.0,99.5,71.0,1636,1,-12.7,0.47
2714,361,6.775,43.95,1,100.8,93.4,1402,194.4,75.7,20.64,-24.68,5.227,4.197,100.0,99.8,71.0,1636,1,-12.7,0.47
2715,361,6.775,43.99,1,100.8,93.4,1403,194.3,75.6,20.62,-24.68,5.23,4.197,101.0,100.1,71.0,1636,1,-12.7,0.47
2716,361,6.775,44.01,1,100.8,93.4,1402,194.2,75.6,20.58,-24.68,5.23,4.198,101.0,100.4,71.0,1636,1,-12.7,0.47
2717,361,6.75,43.91,1,100.69999999999999,93.30000000000001,1403,194.2,75.6,19.73,-24.68,5.23,4.197,101.0,100.7,71.0,1636,1,-12.7,0.47
2718,361,6.775,43.91,1,100.2,93.0,1401,194.1,75.5,18.63,-24.688,5.23,4.198,102.0,100.9,71.0,1636,1,-12.7,0.47
2719,361,6.775,43.79,1,99.6,92.9,1397,194.2,75.4,18.32,-24.711,5.23,4.198,102.0,101.2,71.0,1636,1,-12.7,0.47
2720,361,6.775,43.93,1,99.3,92.9,1394,194.2,75.3,18.26,-24.734,5.23,4.197,102.0,101.5,71.0,1636,1,-12.7,0.46
2721,361,6.775,43.87,1,99.2,92.9,1392,194.3,75.1,18.29,-24.75,5.227,4.198,103.0,101.7,71.0,1636,1,-12.7,0.47
2722,361,6.775,44.01,1,99.2,92.9,1391,194.3,75.2,18.27,-24.758,5.223,4.198,103.0,102.0,71.0,1636,1,-12.7,0.47
2723,361,6.775,43.74,1,99.2,92.9,1391,194.3,75.3,18.36,-24.766,5.223,4.198,104.0,102.2,71.0,1636,1,-12.7,0.47
2724,361,6.775,43.98,1,99.3,93.0,1391,194.3,75.3,19.3,-24.766,5.223,4.198,104.0,102.5,71.0,1636,1,-12.7,0.47
2725,361,6.775,43.91,1,99.8,93.2,1392,194.2,75.4,19.71,-24.766,5.223,4.197,104.0,102.8,71.0,1636,1,-12.7,0.46
2726,361,6.775,43.87,1,100.1,93.2,1395,194.2,75.5,19.82,-24.758,5.223,4.198,105.0,103.1,71.0,1635,1,-12.7,0.47
2727,361,6.775,43.87,1,100.2,93.2,1397,194.3,75.6,19.81,-24.75,5.223,4.197,105.0,103.5,71.0,1635,1,-12.7,0.47
2728,361,6.775,43.89,1,100.29999999999998,93.2,1398,194.4,75.6,19.83,-24.742,5.227,4.197,105.0,103.8,71.0,1635,1,-12.8,0.47
2729,361,6.775,43.87,1,100.2,93.2,1398,194.5,75.6,19.83,-24.734,5.227,4.198,106.0,104.2,71.0,1635,1,-12.8,0.46
2730,361,6.775,44.01,1,100.2,93.2,1399,194.5,75.4,19.78,-24.734,5.227,4.198,106.0,104.6,71.0,1635,1,-12.7,0.47
2731,361,6.75,43.88,1,100.29999999999998,93.2,1399,194.5,75.4,19.73,-24.727,5.227,4.197,107.0,105.0,71.0,1635,1,-12.8,0.47
2732,361,6.75,43.89,1,100.2,93.2,1399,194.5,75.4,19.79,-24.727,5.227,4.198,107.0,105.4,71.0,1635,1,-12.8,0.47
2733,361,6.775,43.93,1,100.2,93.2,1399,194.5,75.3,19.83,-24.719,5.227,4.198,107.0,105.8,71.0,1635,1,-12.8,0.48
2734,361,6.775,43.87,1,100.2,93.2,1399,194.5,75.4,19.8,-24.719,5.227,4.198,108.0,106.3,71.0,1635,1,-12.8,0.48
2735,361,6.775,43.91,1,100.2,93.2,1399,194.5,75.5,19.82,-24.711,5.227,4.198,108.0,106.7,71.0,1635,1,-12.8,0.48
2736,361,6.775,43.88,1,100.2,93.2,1399,194.5,75.6,19.82,-24.711,5.227,4.198,108.0,107.2,71.0,1635,1,-12.8,0.48
2737,361,6.775,43.88,1,100.29999999999998,93.2,1399,194.5,75.4,19.79,-24.703,5.223,4.198,108.0,107.6,71.0,1635,1,-12.8,0.47
2738,361,6.775,43.9,1,100.2,93.2,1399,194.4,75.5,19.8,-24.711,5.223,4.198,110.0,108.1,71.0,1635,1,-12.8,0.47
2739,361,6.75,43.89,1,100.2,93.2,1399,194.4,75.4,19.78,-24.719,5.223,4.197,111.0,108.5,71.0,1635,1,-12.8,0.47
2740,361,6.75,43.88,1,100.2,93.2,1399,194.5,75.4,19.8,-24.711,5.227,4.198,111.0,109.0,71.0,1635,1,-12.8,0.48
2741,361,6.775,43.92,1,100.2,93.2,1399,194.5,75.4,19.84,-24.719,5.227,4.197,111.0,109.4,71.0,1635,1,-12.8,0.48
2742,361,6.775,43.9,1,100.2,93.2,1398,194.5,75.4,19.82,-24.719,5.227,4.198,112.0,109.8,71.0,1634,1,-12.8,0.47
2743,361,6.775,43.88,1,100.2,93.2,1398,194.4,75.5,19.81,-24.734,5.227,4.198,112.0,110.3,71.0,1634,1,-12.8,0.47
2744,361,6.75,43.87,1,100.29999999999998,93.2,1399,194.4,75.5,19.77,-24.742,5.223,4.198,113.0,110.7,71.0,1634,1,-12.8,0.47
2745,361,6.775,43.88,1,100.29999999999998,93.2,1399,194.3,75.5,20.1,-24.75,5.223,4.198,113.0,111.2,71.0,1634,1,-12.8,0.47
2746,361,6.775,43.87,1,100.49999999999999,93.4,1399,194.3,75.5,20.59,-24.75,5.223,4.198,114.0,111.7,71.0,1634,1,-12.8,0.48
2747,361,6.775,43.97,1,100.8,93.4,1401,194.3,75.7,20.6,-24.758,5.223,4.197,114.0,112.1,71.0,1634,1,-12.8,0.47
2748,361,6.775,44.0,1,100.8,93.30000000000001,1403,194.3,75.7,20.58,-24.758,5.223,4.197,114.0,112.5,71.0,1634,1,-12.8,0.48
2749,361,6.775,43.99,1,100.89999999999999,93.4,1403,194.3,75.8,20.65,-24.758,5.223,4.198,115.0,113.0,71.0,1634,1,-12.8,0.47
2750,361,6.775,43.98,1,100.89999999999999,93.4,1404,194.2,75.7,20.63,-24.758,5.223,4.198,115.0,113.3,71.0,1634,1,-12.8,0.47
2751,361,6.775,43.95,1,100.89999999999999,93.4,1404,194.2,75.7,20.59,-24.75,5.223,4.197,116.0,113.8,71.0,1634,1,-12.9,0.47
2752,361,6.775,43.93,1,100.8,93.4,1404,194.1,75.6,20.62,-24.75,5.223,4.197,116.0,114.2,71.0,1634,1,-12.8,0.48
2753,361,6.775,43.95,1,100.89999999999999,93.4,1404,194.1,75.8,20.66,-24.742,5.223,4.198,117.0,114.6,71.0,1634,1,-12.9,0.48
2754,362,6.75,43.95,1,101.0,93.4,1405,194.1,75.7,21.04,-24.734,5.223,4.198,118.0,115.0,71.0,1634,1,-12.9,0.47
2755,362,6.775,44.0,1,101.0,93.4,1406,194.0,75.6,21.13,-24.727,5.223,4.197,118.0,115.3,71.0,1634,1,-12.9,0.46
2756,362,6.775,44.0,1,101.0,93.4,1406,194.0,75.4,21.1,-24.719,5.223,4.198,118.0,115.7,71.0,1634,1,-12.9,0.47
2757,362,6.775,44.0,1,101.0,93.4,1406,193.9,75.4,21.07,-24.719,5.219,4.198,118.0,116.0,71.0,1634,1,-12.9,0.47
2758,362,6.775,43.99,1,101.0,93.4,1406,193.9,75.6,21.12,-24.711,5.219,4.197,119.0,116.4,71.0,1633,1,-12.9,0.48
2759,362,6.775,43.98,1,101.1,93.4,1406,193.9,75.6,21.06,-24.719,5.219,4.198,119.0,116.7,71.0,1633,1,-12.9,0.48
2760,362,6.775,43.97,1,101.1,93.4,1406,193.9,75.6,21.12,-24.727,5.219,4.198,119.0,117.0,71.0,1633,1,-12.9,0.47
2761,362,6.775,43.96,1,101.1,93.4,1406,193.8,75.7,21.09,-24.734,5.219,4.198,120.0,117.3,71.0,1633,1,-12.9,0.47
2762,362,6.775,43.93,1,101.0,93.4,1406,193.7,75.6,21.16,-24.734,5.223,4.198,120.0,117.6,71.0,1633,1,-12.9,0.47
2763,362,6.775,43.95,1,101.1,93.4,1407,193.7,75.6,21.14,-24.742,5.223,4.197,120.0,117.9,71.0,1633,1,-12.9,0.47
2764,362,6.775,43.97,1,101.1,93.4,1407,193.7,75.5,21.11,-24.742,5.223,4.198,120.0,118.2,71.0,1633,1,-12.9,0.47
2765,362,6.75,44.04,1,101.1,93.4,1407,193.6,75.6,21.11,-24.75,5.223,4.198,121.0,118.5,71.0,1633,1,-12.9,0.47
2766,362,6.775,43.94,1,101.0,93.4,1407,193.5,75.4,21.09,-24.75,5.223,4.198,121.0,118.8,71.0,1633,1,-12.9,0.47
2767,362,6.775,44.02,1,101.1,93.4,1406,193.6,75.5,21.11,-24.758,5.223,4.198,121.0,119.0,71.0,1633,1,-12.9,0.47
2768,362,6.775,44.0,1,101.1,93.4,1406,193.5,75.6,21.08,-24.766,5.223,4.197,122.0,119.3,71.0,1633,1,-12.9,0.47
2769,362,6.775,43.99,1,101.1,93.4,1406,193.5,75.7,21.07,-24.766,5.223,4.197,122.0,119.5,71.0,1633,1,-12.9,0.47
2770,362,6.775,44.07,1,101.1,93.4,1405,193.5,75.6,20.82,-24.773,5.223,4.198,122.0,119.8,71.0,1633,1,-12.9,0.47
2771,362,6.775,43.96,1,100.89999999999999,93.30000000000001,1406,193.5,75.5,20.05,-24.789,5.223,4.198,122.0,120.0,71.0,1633,1,-13.0,0.46
2772,362,6.775,43.97,1,100.6,93.2,1404,193.5,75.6,19.95,-24.797,5.223,4.198,122.0,120.2,71.0,1633,1,-12.9,0.47
2773,362,6.775,44.02,1,100.49999999999999,93.2,1403,193.5,75.6,19.96,-24.812,5.223,4.197,122.0,120.5,71.0,1633,1,-13.0,0.46
2774,362,6.775,43.98,1,100.4,93.2,1402,193.6,75.5,19.96,-24.82,5.223,4.198,123.0,120.7,71.0,1632,1,-13.0,0.46
2775,362,6.775,44.0,1,100.4,93.30000000000001,1402,193.6,75.4,20.0,-24.836,5.223,4.198,124.0,120.9,71.0,1632,1,-13.0,0.46
2776,362,6.775,43.96,1,100.49999999999999,93.30000000000001,1402,193.6,75.5,19.93,-24.844,5.223,4.198,124.0,121.1,71.0,1632,1,-13.0,0.46
2777,362,6.775,43.89,1,100.4,93.2,1401,193.6,75.5,19.54,-24.844,5.223,4.197,124.0,121.3,71.0,1632,1,-13.0,0.47
2778,362,6.775,43.92,1,100.2,93.10000000000001,1401,193.5,75.6,19.4,-24.852,5.223,4.197,124.0,121.6,71.0,1632,1,-13.0,0.46
2779,362,6.775,43.88,1,100.1,93.10000000000001,1400,193.6,75.6,19.42,-24.867,5.223,4.197,124.0,121.8,70.0,1632,1,-13.0,0.47
2780,362,6.775,43.87,1,100.0,93.10000000000001,1398,193.7,75.5,19.46,-24.875,5.223,4.197,126.0,122.1,71.0,1632,1,-13.0,0.46
2781,362,6.775,43.92,1,100.0,93.10000000000001,1398,193.7,75.5,19.41,-24.883,5.223,4.198,126.0,122.4,71.0,1632,1,-13.0,0.46
2782,362,6.775,43.91,1,100.0,93.10000000000001,1398,193.6,75.5,19.4,-24.891,5.223,4.197,126.0,122.7,71.0,1632,1,-13.0,0.46
2783,362,6.775,43.91,1,100.1,93.10000000000001,1398,193.6,75.3,19.43,-24.898,5.223,4.197,126.0,123.0,70.0,1632,1,-13.0,0.46
2784,362,6.775,43.89,1,100.1,93.10000000000001,1398,193.7,75.2,19.42,-24.898,5.223,4.197,126.0,123.3,71.0,1632,1,-13.0,0.45
2785,362,6.775,43.91,1,100.1,93.10000000000001,1398,193.7,75.3,19.45,-24.906,5.223,4.198,126.0,123.7,71.0,1632,1,-13.0,0.46
2786,362,6.775,43.89,1,100.1,93.10000000000001,1398,193.8,75.5,19.46,-24.906,5.227,4.198,126.0,124.0,70.0,1632,1,-13.0,0.46
2787,362,6.775,43.85,1,100.1,93.10000000000001,1398,193.8,75.3,19.42,-24.914,5.227,4.197,126.0,124.4,70.0,1632,1,-13.0,0.46
2788,362,6.775,43.85,1,100.1,93.10000000000001,1397,193.8,75.3,19.42,-24.906,5.227,4.197,127.0,124.8,70.0,1632,1,-13.0,0.45
2789,362,6.75,43.93,1,100.0,93.0,1397,193.8,75.3,18.59,-24.906,5.227,4.198,127.0,125.1,70.0,1632,1,-13.0,0.46
2790,362,6.75,43.94,1,99.6,92.9,1395,193.9,75.2,18.37,-24.914,5.223,4.197,128.0,125.5,70.0,1631,1,-13.0,0.46
2791,362,6.775,43.92,1,99.4,92.9,1393,193.9,75.2,18.37,-24.922,5.223,4.197,129.0,125.9,70.0,1631,1,-13.0,0.47
2792,362,6.775,44.07,1,99.3,92.9,1392,193.9,75.3,18.43,-24.93,5.227,4.197,129.0,126.3,70.0,1631,1,-13.0,0.47
2793,362,6.775,43.87,1,99.3,92.9,1391,193.9,75.1,18.37,-24.93,5.227,4.198,130.0,126.7,70.0,1631,1,-13.0,0.46
2794,362,6.775,43.73,1,99.4,93.0,1391,194.0,75.2,18.4,-24.938,5.227,4.197,130.0,127.1,70.0,1631,1,-13.1,0.46
2795,362,6.775,43.81,1,99.3,92.9,1391,194.0,75.3,18.42,-24.945,5.223,4.197,130.0,127.4,70.0,1631,1,-13.1,0.46
2796,362,6.775,43.82,1,99.3,92.9,1391,194.0,75.2,18.38,-24.953,5.223,4.197,130.0,127.8,70.0,1631,1,-13.1,0.45
2797,362,6.775,43.77,1,99.3,92.9,1391,194.0,75.3,18.38,-24.953,5.223,4.197,130.0,128.2,70.0,1631,1,-13.1,0.45
2798,362,6.775,44.04,1,99.3,92.9,1391,194.0,75.4,18.38,-24.953,5.223,4.198,131.0,128.6,70.0,1631,1,-13.1,0.46
2799,362,6.775,43.72,1,99.3,92.9,1391,194.0,75.5,18.41,-24.953,5.223,4.198,132.0,129.0,70.0,1631,1,-13.1,0.45
2800,362,6.75,43.78,1,99.4,93.0,1391,194.1,75.5,18.46,-24.953,5.227,4.197,133.0,129.4,70.0,1631,1,-13.1,0.45
2801,362,6.75,43.83,1,99.3,92.9,1390,194.1,75.3,18.38,-24.953,5.227,4.198,133.0,129.7,70.0,1631,1,-13.1,0.45
2802,362,6.75,43.88,1,99.3,92.9,1390,194.2,75.3,18.39,-24.961,5.227,4.197,133.0,130.1,70.0,1631,1,-13.1,0.45
2803,362,6.75,43.85,1,99.4,92.9,1390,194.2,75.3,18.41,-24.961,5.227,4.197,133.0,130.5,70.0,1631,1,-13.1,0.45
2804,362,6.75,43.75,1,99.4,92.9,1391,194.2,75.3,18.37,-24.953,5.227,4.198,134.0,130.8,70.0,1631,1,-13.1,0.45
2805,362,6.775,43.91,1,99.3,92.9,1391,194.2,75.2,18.41,-24.953,5.227,4.197,134.0,131.2,70.0,1631,1,-13.1,0.46
2806,362,6.775,43.86,1,99.4,92.9,1391,194.2,75.4,18.37,-24.953,5.227,4.197,134.0,131.5,70.0,1631,1,-13.1,0.46
2807,362,6.775,43.77,1,99.3,92.9,1391,194.2,75.3,17.53,-24.953,5.227,4.197,135.0,131.9,70.0,1630,1,-13.1,0.45
2808,362,6.775,43.62,1,98.7,92.60000000000001,1389,194.1,75.1,16.55,-24.953,5.227,4.197,135.0,132.2,70.0,1630,1,-13.1,0.46
2809,362,6.775,43.84,1,98.2,92.4,1385,194.2,74.9,16.37,-24.961,5.223,4.197,135.0,132.5,70.0,1630,1,-13.1,0.47
2810,361,6.775,43.91,1,98.0,92.30000000000001,1380,194.2,74.8,16.32,-24.969,5.223,4.197,135.0,132.8,70.0,1630,1,-13.1,0.46
2811,361,6.775,43.88,1,97.89999999999999,92.30000000000001,1376,194.3,74.8,16.3,-24.977,5.223,4.197,135.0,133.2,70.0,1630,1,-13.1,0.46
2812,361,6.775,43.84,1,97.89999999999999,92.30000000000001,1374,194.3,74.8,16.36,-24.977,5.223,4.197,136.0,133.5,70.0,1630,1,-13.1,0.46
2813,361,6.775,43.83,1,97.8,92.30000000000001,1373,194.3,74.7,16.46,-24.977,5.219,4.197,136.0,133.8,70.0,1630,1,-13.1,0.46
2814,361,6.75,43.87,1,98.0,92.5,1372,194.3,74.7,17.4,-24.984,5.223,4.197,137.0,134.2,70.0,1630,1,-13.1,0.45
2815,361,6.775,43.87,1,98.5,92.7,1374,194.4,75.1,18.21,-24.984,5.219,4.197,137.0,134.6,70.0,1630,1,-13.1,0.46
2816,361,6.75,44.04,1,99.0,92.9,1379,194.5,75.2,18.28,-24.977,5.219,4.197,138.0,135.0,70.0,1630,1,-13.2,0.47
2817,361,6.75,43.89,1,99.2,92.9,1383,194.5,75.1,18.27,-24.969,5.219,4.198,138.0,135.4,70.0,1630,1,-13.2,0.47
2818,361,6.75,43.99,1,99.2,92.9,1384,194.5,75.2,18.3,-24.961,5.219,4.198,139.0,135.9,70.0,1630,1,-13.2,0.47
2819,361,6.75,43.85,1,99.3,92.9,1386,194.5,75.1,18.29,-24.961,5.219,4.197,140.0,136.3,70.0,1630,1,-13.2,0.47
2820,361,6.75,43.82,1,99.3,92.9,1388,194.5,75.3,18.31,-24.953,5.219,4.197,140.0,136.7,70.0,1630,1,-13.2,0.46
2821,361,6.75,43.74,1,99.3,92.9,1389,194.5,75.1,18.29,-24.953,5.219,4.197,140.0,137.2,70.0,1630,1,-13.2,0.46
2822,361,6.775,43.87,1,99.3,92.9,1389,194.5,75.2,18.86,-24.961,5.219,4.197,140.0,137.6,70.0,1630,1,-13.2,0.46
2823,360,6.775,43.9,1,99.7,93.10000000000001,1391,194.5,75.5,19.49,-24.961,5.219,4.197,141.0,138.1,70.0,1630,1,-13.2,0.47
2824,361,6.775,43.88,1,100.1,93.2,1393,194.5,75.4,19.55,-24.953,5.215,4.197,142.0,138.5,70.0,1629,1,-13.2,0.48
2825,361,6.775,43.95,1,100.2,93.2,1394,194.3,75.6,20.17,-24.945,5.219,4.197,142.0,139.0,70.0,1629,1,-13.2,0.47
2826,361,6.775,43.98,1,100.6,93.4,1396,194.2,75.5,20.5,-24.938,5.215,4.197,143.0,139.5,70.0,1629,1,-13.2,0.46
2827,361,6.775,43.98,1,100.8,93.4,1399,194.2,75.7,20.54,-24.93,5.219,4.197,144.0,140.0,70.0,1629,1,-13.2,0.47
2828,361,6.775,44.01,1,100.8,93.4,1400,194.1,75.8,20.49,-24.914,5.215,4.197,144.0,140.4,70.0,1629,1,-13.2,0.46
2829,361,6.775,43.96,1,100.89999999999999,93.4,1400,194.1,75.7,20.51,-24.906,5.219,4.198,144.0,140.9,70.0,1629,1,-13.2,0.46
2830,361,6.775,43.97,1,100.89999999999999,93.4,1402,194.0,75.7,20.49,-24.891,5.219,4.198,144.0,141.4,70.0,1629,1,-13.2,0.46
2831,361,6.775,44.05,1,100.89999999999999,93.4,1402,193.9,75.6,20.52,-24.875,5.219,4.197,146.0,141.9,70.0,1629,1,-13.2,0.45
2832,361,6.775,43.96,1,100.8,93.30000000000001,1402,193.9,75.7,20.55,-24.867,5.219,4.197,146.0,142.3,70.0,1629,1,-13.2,0.47
2833,361,6.775,43.99,1,100.89999999999999,93.4,1403,193.8,75.7,21.02,-24.859,5.219,4.198,146.0,142.8,70.0,1629,1,-13.2,0.46
2834,361,6.775,43.98,1,101.0,93.4,1403,193.7,75.8,21.54,-24.859,5.219,4.197,147.0,143.2,70.0,1629,1,-13.2,0.46
2835,361,6.775,44.01,1,101.1,93.4,1404,193.6,75.7,21.59,-24.852,5.219,4.197,147.0,143.7,70.0,1629,1,-13.2,0.45
2836,361,6.775,43.99,1,101.1,93.4,1405,193.5,76.0,21.56,-24.852,5.219,4.197,147.0,144.2,70.0,1629,1,-13.2,0.46
2837,361,6.775,43.97,1,101.1,93.4,1406,193.4,75.9,21.63,-24.844,5.219,4.197,148.0,144.6,70.0,1629,1,-13.2,0.46
2838,361,6.775,44.02,1,101.1,93.4,1406,193.3,75.8,21.64,-24.836,5.219,4.197,149.0,145.0,70.0,1629,1,-13.3,0.46
2839,361,6.775,44.01,1,101.1,93.4,1406,193.1,75.8,21.62,-24.828,5.219,4.197,149.0,145.5,70.0,1629,1,-13.2,0.45
2840,361,6.775,44.0,1,101.1,93.4,1406,193.1,75.6,21.65,-24.82,5.223,4.197,149.0,146.0,70.0,1629,1,-13.2,0.46
2841,361,6.775,44.03,1,101.1,93.4,1407,193.0,75.6,21.62,-24.805,5.223,4.197,150.0,146.5,70.0,1628,1,-13.3,0.45
2842,361,6.775,44.04,1,101.1,93.4,1407,193.0,75.6,21.64,-24.789,5.223,4.198,150.0,147.0,70.0,1628,1,-13.3,0.46
2843,361,6.775,44.06,1,101.1,93.4,1406,192.9,75.6,21.47,-24.781,5.223,4.197,151.0,147.5,70.0,1628,1,-13.3,0.46
2844,361,6.775,44.02,1,101.1,93.4,1407,192.9,75.6,20.68,-24.766,5.223,4.198,152.0,148.1,70.0,1628,1,-13.3,0.46
2845,361,6.775,43.94,1,100.89999999999999,93.30000000000001,1406,192.8,75.5,20.49,-24.75,5.223,4.197,153.0,148.7,70.0,1628,1,-13.3,0.46
2846,361,6.775,43.95,1,100.8,93.30000000000001,1406,192.8,75.5,20.5,-24.742,5.223,4.197,153.0,149.3,70.0,1628,1,-13.3,0.46
2847,361,6.775,43.99,1,100.8,93.30000000000001,1405,192.8,75.7,20.48,-24.734,5.223,4.197,154.0,149.9,70.0,1628,1,-13.3,0.46
2848,361,6.775,43.99,1,100.8,93.4,1405,192.8,75.7,20.48,-24.734,5.223,4.197,154.0,150.4,70.0,1628,1,-13.3,0.46
2849,362,6.775,43.98,1,100.69999999999999,93.30000000000001,1405,192.8,75.6,20.45,-24.727,5.223,4.197,155.0,151.0,70.0,1628,1,-13.3,0.46
2850,362,6.775,44.04,1,100.69999999999999,93.30000000000001,1404,192.8,75.7,20.49,-24.711,5.223,4.197,155.0,151.6,70.0,1628,1,-13.3,0.45
2851,362,6.775,44.03,1,100.69999999999999,93.30000000000001,1405,192.8,75.7,20.43,-24.703,5.227,4.197,156.0,152.2,70.0,1628,1,-13.3,0.47
2852,362,6.775,44.06,1,100.69999999999999,93.30000000000001,1404,192.8,75.5,20.43,-24.703,5.227,4.197,157.0,152.8,70.0,1628,1,-13.3,0.46
2853,362,6.775,44.02,1,100.69999999999999,93.30000000000001,1404,192.8,75.6,20.46,-24.695,5.227,4.197,157.0,153.4,70.0,1628,1,-13.3,0.46
2854,362,6.775,44.03,1,100.69999999999999,93.30000000000001,1404,192.8,75.6,20.47,-24.688,5.227,4.197,158.0,154.0,70.0,1628,1,-13.3,0.45
2855,362,6.775,44.01,1,100.69999999999999,93.30000000000001,1404,192.8,75.4,20.47,-24.688,5.223,4.197,159.0,154.6,70.0,1628,1,-13.3,0.46
2856,362,6.775,44.02,1,100.69999999999999,93.4,1404,192.8,75.5,20.48,-24.68,5.223,4.197,159.0,155.2,70.0,1628,1,-13.3,0.46
2857,362,6.775,44.02,1,100.69999999999999,93.30000000000001,1404,192.7,75.6,20.45,-24.68,5.227,4.197,160.0,155.7,70.0,1628,1,-13.3,0.46
2858,362,6.775,44.02,1,100.69999999999999,93.30000000000001,1404,192.7,75.6,20.45,-24.672,5.227,4.197,160.0,156.3,70.0,1628,1,-13.3,0.47
2859,362,6.775,43.96,1,100.69999999999999,93.30000000000001,1404,192.7,75.6,20.48,-24.672,5.227,4.198,161.0,156.8,70.0,1627,1,-13.3,0.46
2860,362,6.75,43.99,1,100.69999999999999,93.30000000000001,1405,192.8,75.7,20.43,-24.672,5.227,4.197,162.0,157.4,70.0,1627,1,-13.3,0.46
2861,362,6.75,44.0,1,100.69999999999999,93.30000000000001,1404,192.8,75.6,20.45,-24.664,5.227,4.197,162.0,157.9,70.0,1627,1,-13.3,0.46
2862,362,6.775,43.99,1,100.69999999999999,93.4,1404,192.8,75.7,20.42,-24.664,5.227,4.197,163.0,158.5,70.0,1627,1,-13.3,0.45
2863,362,6.775,43.99,1,100.69999999999999,93.30000000000001,1404,192.8,75.6,20.45,-24.656,5.227,4.197,163.0,159.0,70.0,1627,1,-13.4,0.45
2864,362,6.775,44.01,1,100.69999999999999,93.4,1404,192.8,75.5,20.48,-24.648,5.227,4.197,164.0,159.4,70.0,1627,1,-13.3,0.45
2865,362,6.775,43.99,1,100.69999999999999,93.30000000000001,1404,192.8,75.5,20.48,-24.641,5.227,4.197,164.0,160.0,70.0,1627,1,-13.3,0.45
2866,362,6.775,44.0,1,100.69999999999999,93.4,1404,192.9,75.5,20.01,-24.641,5.227,4.197,165.0,160.5,70.0,1627,1,-13.3,0.45
2867,362,6.775,43.93,1,100.4,93.10000000000001,1403,192.9,75.4,19.57,-24.633,5.227,4.197,165.0,160.9,70.0,1627,1,-13.3,0.45
2868,362,6.775,43.9,1,100.1,93.2,1401,192.8,75.4,19.53,-24.633,5.227,4.197,166.0,161.3,70.0,1627,1,-13.4,0.46
2869,362,6.775,43.92,1,100.0,93.10000000000001,1400,192.8,75.4,19.47,-24.633,5.23,4.197,166.0,161.9,70.0,1627,1,-13.4,0.47
2870,362,6.775,43.9,1,100.0,93.2,1399,192.8,75.4,19.53,-24.633,5.23,4.198,167.0,162.3,70.0,1627,1,-13.4,0.47
2871,362,6.775,43.92,1,99.9,93.10000000000001,1399,192.8,75.3,18.75,-24.625,5.23,4.197,168.0,162.8,70.0,1627,1,-13.4,0.46
2872,362,6.775,43.88,1,99.5,92.9,1398,192.9,75.2,18.49,-24.625,5.23,4.197,168.0,163.2,70.0,1627,1,-13.4,0.46
2873,362,6.775,43.87,1,99.3,92.9,1396,193.0,75.2,18.51,-24.625,5.23,4.197,168.0,163.6,70.0,1627,1,-13.4,0.46
2874,362,6.775,43.83,1,99.3,92.9,1394,193.1,75.2,18.52,-24.633,5.23,4.197,168.0,164.0,70.0,1627,1,-13.4,0.46
2875,362,6.775,43.84,1,99.3,93.0,1393,193.1,75.3,18.48,-24.641,5.23,4.197,169.0,164.4,70.0,1627,1,-13.4,0.46
2876,362,6.775,43.85,1,99.2,92.9,1393,193.1,75.2,18.45,-24.633,5.227,4.197,169.0,164.8,70.0,1627,1,-13.4,0.46
2877,362,6.775,43.8,1,99.2,92.9,1392,193.2,75.1,18.51,-24.633,5.227,4.197,169.0,165.2,70.0,1627,1,-13.4,0.46
2878,362,6.775,43.82,1,99.2,93.0,1392,193.2,75.1,18.48,-24.633,5.227,4.197,170.0,165.6,70.0,1626,1,-13.4,0.47
2879,363,6.775,43.87,1,99.2,92.9,1391,193.3,75.2,18.49,-24.633,5.227,4.197,170.0,165.9,70.0,1626,1,-13.4,0.47
2880,363,6.775,43.87,1,99.2,92.9,1391,193.3,75.2,18.52,-24.641,5.227,4.197,171.0,166.2,70.0,1626,1,-13.4,0.47
2881,363,6.75,43.84,1,99.2,92.9,1392,193.3,75.2,18.48,-24.641,5.227,4.197,171.0,166.6,70.0,1626,1,-13.4,0.46
2882,363,6.775,43.83,1,99.2,92.9,1392,193.3,75.3,18.48,-24.641,5.227,4.197,171.0,166.9,70.0,1626,1,-13.4,0.46
2883,363,6.775,43.84,1,99.2,92.9,1391,193.4,75.2,18.49,-24.633,5.227,4.197,172.0,167.1,70.0,1626,1,-13.4,0.46
2884,363,6.775,43.86,1,99.3,93.0,1391,193.5,75.1,18.5,-24.633,5.227,4.197,171.0,167.4,70.0,1626,1,-13.4,0.46
2885,362,6.775,43.88,1,99.3,93.0,1391,193.5,75.3,18.55,-24.625,5.227,4.197,172.0,167.7,70.0,1626,1,-13.4,0.47
2886,362,6.75,43.9,1,99.3,93.0,1391,193.6,75.1,18.91,-24.625,5.223,4.197,172.0,168.0,70.0,1626,1,-13.4,0.47
2887,362,6.775,43.94,1,99.6,93.10000000000001,1392,193.6,75.2,19.7,-24.617,5.223,4.197,172.0,168.3,70.0,1626,1,-13.4,0.46
2888,362,6.775,43.91,1,100.0,93.2,1394,193.6,75.4,19.79,-24.602,5.223,4.197,173.0,168.7,70.0,1626,1,-13.4,0.46
2889,362,6.775,43.98,1,100.1,93.2,1396,193.7,75.4,19.86,-24.594,5.223,4.197,173.0,169.1,70.0,1626,1,-13.4,0.46
2890,362,6.775,43.93,1,100.2,93.2,1398,193.6,75.4,19.78,-24.586,5.223,4.197,174.0,169.5,70.0,1626,1,-13.4,0.46
2891,362,6.775,44.0,1,100.1,93.2,1398,193.6,75.5,19.79,-24.578,5.227,4.197,174.0,170.0,70.0,1626,1,-13.4,0.46
2892,362,6.75,43.97,1,100.1,93.2,1398,193.7,75.6,19.77,-24.57,5.227,4.197,174.0,170.5,70.0,1626,1,-13.4,0.45
2893,363,6.75,43.94,1,100.1,93.2,1398,193.7,75.7,19.76,-24.57,5.227,4.197,175.0,170.9,70.0,1626,1,-13.5,0.46
2894,362,6.775,43.92,1,100.1,93.2,1399,193.6,75.4,19.8,-24.562,5.227,4.197,175.0,171.5,70.0,1626,1,-13.4,0.46
2895,362,6.75,43.89,1,100.2,93.2,1399,193.6,75.4,19.8,-24.562,5.227,4.197,177.0,171.9,70.0,1626,1,-13.4,0.46
2896,362,6.75,43.86,1,100.2,93.2,1399,193.6,75.5,19.8,-24.555,5.227,4.198,177.0,172.5,70.0,1626,1,-13.4,0.46
2897,362,6.75,43.86,1,100.2,93.2,1399,193.6,75.3,19.78,-24.555,5.227,4.197,177.0,173.1,70.0,1626,1,-13.4,0.46
2898,362,6.775,43.91,1,100.1,93.2,1400,193.5,75.3,19.8,-24.547,5.227,4.197,178.0,173.6,70.0,1626,1,-13.5,0.46
2899,362,6.775,43.87,1,100.2,93.2,1401,193.4,75.3,19.75,-24.539,5.227,4.197,179.0,174.2,70.0,1625,1,-13.5,0.46
2900,362,6.775,43.92,1,100.1,93.2,1401,193.4,75.2,19.77,-24.547,5.227,4.197,179.0,174.8,70.0,1625,1,-13.5,0.46
2901,362,6.775,43.9,1,100.1,93.2,1400,193.4,75.4,19.91,-24.539,5.223,4.197,180.0,175.5,70.0,1625,1,-13.5,0.47
2902,362,6.775,43.93,1,100.29999999999998,93.30000000000001,1400,193.3,75.4,20.4,-24.539,5.223,4.197,180.0,176.1,70.0,1625,1,-13.5,0.47
2903,362,6.775,43.97,1,100.49999999999999,93.30000000000001,1402,193.3,75.6,20.54,-24.531,5.223,4.197,181.0,176.7,70.0,1625,1,-13.5,0.47
2904,363,6.775,43.9,1,100.6,93.30000000000001,1404,193.3,75.7,20.48,-24.531,5.223,4.197,182.0,177.3,70.0,1625,1,-13.5,0.47
2905,363,6.75,43.98,1,100.6,93.4,1403,193.3,75.6,20.8,-24.523,5.223,4.197,182.0,178.0,70.0,1625,1,-13.5,0.46
2906,363,6.775,43.95,1,100.8,93.4,1404,193.3,75.8,21.35,-24.523,5.223,4.197,182.0,178.6,70.0,1625,1,-13.5,0.46
2907,363,6.775,44.01,1,100.89999999999999,93.4,1405,193.4,75.7,21.36,-24.523,5.219,4.197,184.0,179.2,70.0,1625,1,-13.5,0.47
2908,363,6.775,43.98,1,100.89999999999999,93.4,1407,193.3,75.7,21.34,-24.516,5.223,4.197,185.0,179.9,70.0,1625,1,-13.5,0.45
2909,363,6.775,43.98,1,100.89999999999999,93.4,1407,193.2,75.5,21.36,-24.516,5.223,4.197,185.0,180.5,70.0,1625,1,-13.5,0.46
2910,363,6.775,43.96,1,100.89999999999999,93.4,1407,193.3,75.6,21.33,-24.516,5.223,4.197,186.0,181.1,70.0,1625,1,-13.5,0.46
2911,363,6.775,44.06,1,100.89999999999999,93.4,1407,193.2,75.5,21.37,-24.516,5.223,4.197,187.0,181.8,70.0,1625,1,-13.5,0.47
2912,363,6.75,44.04,1,100.89999999999999,93.4,1407,193.2,75.6,21.32,-24.508,5.223,4.197,187.0,182.4,70.0,1625,1,-13.5,0.47
2913,363,6.775,44.0,1,100.89999999999999,93.4,1408,193.2,75.6,21.34,-24.508,5.223,4.197,188.0,183.0,70.0,1625,1,-13.5,0.46
2914,363,6.775,44.06,1,100.89999999999999,93.4,1408,193.2,75.5,21.35,-24.5,5.223,4.197,189.0,183.7,70.0,1625,1,-13.5,0.46
2915,363,6.775,44.05,1,100.89999999999999,93.4,1408,193.1,75.5,21.38,-24.5,5.223,4.197,190.0,184.4,70.0,1625,1,-13.5,0.47
2916,363,6.775,44.0,1,100.89999999999999,93.4,1407,193.1,75.6,21.38,-24.5,5.223,4.197,190.0,185.1,70.0,1625,1,-13.5,0.45
2917,363,6.775,43.97,1,100.89999999999999,93.4,1407,193.1,75.5,21.35,-24.5,5.223,4.197,191.0,185.8,70.0,1625,1,-13.5,0.47
2918,363,6.775,44.02,1,100.89999999999999,93.4,1407,193.1,75.6,21.38,-24.5,5.223,4.197,192.0,186.4,70.0,1625,1,-13.5,0.47
2919,363,6.775,44.04,1,100.89999999999999,93.4,1407,193.1,75.5,21.37,-24.508,5.223,4.197,193.0,187.2,70.0,1625,1,-13.5,0.47
2920,363,6.75,44.01,1,100.89999999999999,93.4,1408,193.1,75.5,21.37,-24.508,5.223,4.197,193.0,187.9,70.0,1624,1,-13.5,0.46
2921,363,6.75,44.01,1,100.89999999999999,93.4,1408,193.1,75.5,21.35,-24.5,5.223,4.197,194.0,188.6,70.0,1624,1,-13.5,0.47
2922,363,6.75,43.94,1,100.89999999999999,93.4,1408,193.1,75.5,21.39,-24.5,5.223,4.197,195.0,189.3,70.0,1624,1,-13.5,0.46
2923,363,6.775,44.02,1,100.89999999999999,93.4,1408,193.0,75.6,21.41,-24.492,5.223,4.197,196.0,190.0,70.0,1624,1,-13.5,0.47
2924,363,6.775,44.06,1,100.89999999999999,93.4,1407,193.0,75.6,21.45,-24.5,5.223,4.197,196.0,190.8,70.0,1624,1,-13.5,0.46
2925,363,6.775,44.02,1,100.89999999999999,93.4,1407,193.1,75.8,21.34,-24.5,5.223,4.197,197.0,191.5,70.0,1624,1,-13.5,0.47
2926,363,6.775,43.98,1,100.89999999999999,93.4,1407,193.0,75.8,21.41,-24.5,5.223,4.197,198.0,192.2,70.0,1624,1,-13.5,0.47
2927,363,6.775,44.0,1,100.89999999999999,93.4,1407,193.0,75.5,21.37,-24.5,5.223,4.197,198.0,192.9,70.0,1624,1,-13.5,0.47
2928,363,6.775,43.98,1,100.89999999999999,93.4,1407,192.9,75.6,21.39,-24.508,5.223,4.197,199.0,193.6,70.0,1624,1,-13.5,0.48
2929,363,6.775,44.08,1,100.89999999999999,93.4,1407,192.9,75.5,21.34,-24.516,5.223,4.197,200.0,194.3,70.0,1624,1,-13.5,0.48
2930,363,6.775,44.03,1,100.89999999999999,93.4,1407,193.0,75.6,21.4,-24.516,5.223,4.197,201.0,194.9,70.0,1624,1,-13.5,0.47
2931,363,6.775,44.0,1,100.89999999999999,93.4,1407,192.9,75.4,21.33,-24.523,5.223,4.197,203.0,195.6,70.0,1624,1,-13.5,0.47
2932,363,6.775,44.01,1,100.89999999999999,93.4,1408,192.8,75.6,21.42,-24.523,5.223,4.197,203.0,196.2,70.0,1624,1,-13.5,0.47
2933,363,6.775,44.03,1,100.89999999999999,93.4,1408,192.7,75.6,20.84,-24.523,5.223,4.197,203.0,196.9,70.0,1624,1,-13.5,0.48
2934,363,6.775,44.05,1,100.89999999999999,93.4,1407,192.8,75.6,20.75,-24.531,5.223,4.197,203.0,197.5,70.0,1624,1,-13.5,0.48
2935,363,6.775,43.97,1,100.89999999999999,93.4,1408,192.8,75.5,20.7,-24.531,5.223,4.197,204.0,198.1,70.0,1624,1,-13.5,0.47
2936,363,6.775,44.03,1,100.8,93.4,1408,192.8,75.6,20.68,-24.531,5.223,4.197,205.0,198.7,70.0,1624,1,-13.6,0.48
2937,364,6.775,43.96,1,100.8,93.4,1408,192.8,75.6,20.74,-24.539,5.223,4.197,205.0,199.3,70.0,1624,1,-13.5,0.47
2938,364,6.775,44.0,1,100.8,93.4,1407,192.7,75.4,20.74,-24.531,5.223,4.197,205.0,199.9,70.0,1624,1,-13.6,0.47
2939,364,6.775,44.02,1,100.8,93.4,1407,192.7,75.4,20.74,-24.531,5.223,4.197,206.0,200.4,70.0,1624,1,-13.6,0.47
2940,364,6.775,44.11,1,100.8,93.4,1407,192.7,75.6,20.73,-24.523,5.223,4.197,207.0,201.0,70.0,1624,1,-13.6,0.47
2941,364,6.775,44.04,1,100.8,93.4,1405,192.7,75.7,20.7,-24.516,5.223,4.197,207.0,201.6,70.0,1624,1,-13.6,0.47
2942,364,6.75,43.89,1,100.8,93.4,1405,192.7,75.6,20.73,-24.516,5.223,4.197,208.0,202.2,70.0,1624,1,-13.6,0.47
2943,364,6.75,44.04,1,100.8,93.4,1406,192.7,75.6,20.68,-24.516,5.223,4.197,208.0,202.7,70.0,1624,1,-13.6,0.47
2944,364,6.775,43.97,1,100.8,93.4,1405,192.8,75.6,20.68,-24.523,5.223,4.197,208.0,203.3,70.0,1623,1,-13.6,0.48
2945,364,6.775,43.94,1,100.8,93.4,1405,192.7,75.8,20.68,-24.531,5.223,4.197,208.0,203.7,70.0,1623,1,-13.6,0.47
2946,364,6.775,44.01,1,100.8,93.30000000000001,1405,192.7,75.6,20.73,-24.539,5.223,4.197,210.0,204.3,70.0,1623,1,-13.6,0.47
2947,364,6.775,43.97,1,100.8,93.4,1404,192.7,75.7,20.69,-24.555,5.227,4.197,210.0,204.8,70.0,1623,1,-13.6,0.47
2948,364,6.775,44.07,1,100.8,93.4,1404,192.7,75.7,20.7,-24.57,5.223,4.197,211.0,205.2,70.0,1623,1,-13.6,0.47
2949,364,6.775,44.05,1,100.8,93.4,1404,192.8,75.7,20.73,-24.578,5.223,4.197,211.0,205.7,70.0,1623,1,-13.6,0.47
2950,364,6.75,44.09,1,100.8,93.4,1404,192.8,75.6,20.73,-24.594,5.223,4.197,211.0,206.1,70.0,1623,1,-13.6,0.48
2951,364,6.75,44.02,1,100.8,93.4,1404,192.8,75.6,20.66,-24.602,5.223,4.197,212.0,206.5,70.0,1623,1,-13.6,0.47
2952,364,6.775,44.13,1,100.8,93.30000000000001,1405,192.7,75.5,20.69,-24.609,5.227,4.197,212.0,206.9,70.0,1623,1,-13.6,0.47
2953,364,6.775,43.97,1,100.8,93.4,1405,192.7,75.6,20.72,-24.617,5.227,4.197,213.0,207.3,70.0,1623,1,-13.6,0.47
2954,364,6.75,44.02,1,100.8,93.4,1405,192.8,75.6,20.72,-24.625,5.227,4.197,212.0,207.6,70.0,1623,1,-13.6,0.47
2955,364,6.775,44.02,1,100.89999999999999,93.4,1405,192.8,75.7,20.75,-24.633,5.227,4.197,213.0,207.9,70.0,1623,1,-13.6,0.47
2956,364,6.775,44.06,1,100.89999999999999,93.4,1405,192.8,75.8,20.74,-24.633,5.227,4.197,213.0,208.1,70.0,1623,1,-13.6,0.47
2957,364,6.775,43.93,1,100.89999999999999,93.4,1405,192.8,75.5,20.68,-24.641,5.227,4.197,213.0,208.4,70.0,1623,1,-13.6,0.46
2958,364,6.775,44.05,1,100.89999999999999,93.4,1405,192.8,75.6,20.7,-24.641,5.227,4.197,213.0,208.6,70.0,1623,1,-13.6,0.46
2959,364,6.775,44.02,1,100.89999999999999,93.4,1404,192.8,75.8,20.69,-24.648,5.227,4.197,213.0,208.8,70.0,1623,1,-13.6,0.47
2960,364,6.775,44.02,1,100.89999999999999,93.4,1404,192.8,75.6,20.74,-24.648,5.227,4.197,213.0,208.9,70.0,1623,1,-13.6,0.46
2961,364,6.775,44.0,1,100.89999999999999,93.4,1404,192.8,75.7,20.58,-24.648,5.227,4.197,213.0,209.1,70.0,1623,1,-13.6,0.46
2962,364,6.775,43.87,1,100.69999999999999,93.30000000000001,1404,192.8,75.6,19.82,-24.648,5.227,4.197,213.0,209.2,70.0,1623,1,-13.6,0.46
2963,364,6.775,43.99,1,100.4,93.2,1403,192.8,75.5,19.79,-24.648,5.227,4.197,213.0,209.3,70.0,1623,1,-13.6,0.47
2964,364,6.775,43.95,1,100.29999999999998,93.2,1401,192.9,75.4,19.77,-24.656,5.23,4.197,213.0,209.4,70.0,1623,1,-13.6,0.46
2965,364,6.775,43.94,1,100.2,93.2,1401,193.0,75.5,19.76,-24.656,5.227,4.197,213.0,209.5,70.0,1623,1,-13.6,0.47
2966,364,6.775,43.94,1,100.2,93.2,1400,193.0,75.5,19.75,-24.648,5.227,4.197,213.0,209.5,70.0,1623,1,-13.6,0.47
2967,364,6.775,43.94,1,100.2,93.2,1400,193.0,75.5,19.75,-24.648,5.227,4.197,213.0,209.5,70.0,1623,1,-13.6,0.48
2968,364,6.775,43.9,1,100.1,93.2,1400,192.9,75.5,19.76,-24.656,5.227,4.197,213.0,209.6,70.0,1623,1,-13.6,0.48
2969,364,6.75,43.9,1,100.2,93.2,1400,192.9,75.4,19.8,-24.664,5.227,4.197,213.0,209.6,70.0,1623,1,-13.6,0.48
2970,364,6.775,43.91,1,100.2,93.2,1400,192.9,75.3,19.77,-24.672,5.227,4.197,213.0,209.6,70.0,1622,1,-13.6,0.48
2971,364,6.775,43.96,1,100.29999999999998,93.2,1400,192.9,75.4,19.98,-24.672,5.223,4.197,213.0,209.6,70.0,1622,1,-13.6,0.47
2972,364,6.75,44.04,1,100.4,93.30000000000001,1400,193.0,75.5,20.75,-24.68,5.223,4.197,213.0,209.6,70.0,1622,1,-13.6,0.47
2973,364,6.75,44.02,1,100.8,93.4,1402,193.0,75.6,20.85,-24.68,5.227,4.197,213.0,209.5,70.0,1622,1,-13.6,0.48
2974,364,6.75,43.93,1,101.0,93.4,1404,193.1,75.6,20.85,-24.672,5.227,4.197,213.0,209.5,70.0,1622,1,-13.6,0.47
2975,364,6.775,44.04,1,101.0,93.4,1405,193.1,75.7,20.82,-24.672,5.227,4.197,213.0,209.4,70.0,1622,1,-13.6,0.47
2976,364,6.775,44.01,1,101.0,93.5,1405,193.1,75.8,20.89,-24.672,5.227,4.197,213.0,209.4,70.0,1622,1,-13.6,0.48
2977,364,6.775,43.75,1,101.0,93.4,1406,193.2,75.5,20.89,-24.664,5.227,4.197,213.0,209.4,70.0,1622,1,-13.6,0.47
2978,364,6.775,43.56,1,101.0,93.4,1406,193.2,75.7,20.86,-24.664,5.227,4.197,213.0,209.4,70.0,1622,1,-13.6,0.48
2979,364,6.75,43.53,1,101.0,93.4,1407,193.2,75.8,20.9,-24.656,5.227,4.197,213.0,209.4,70.0,1622,1,-13.6,0.47
2980,364,6.75,43.37,1,101.0,93.4,1408,193.1,75.7,20.9,-24.648,5.227,4.197,213.0,209.3,70.0,1622,1,-13.6,0.47
2981,364,6.775,43.25,1,101.0,93.4,1410,193.1,75.8,20.59,-24.641,5.227,4.197,213.0,209.2,70.0,1622,1,-13.6,0.46
2982,364,6.775,43.18,1,100.8,93.4,1410,193.1,75.6,20.38,-24.648,5.227,4.197,212.0,208.9,70.0,1622,1,-13.6,0.46
2983,364,6.75,43.19,1,100.69999999999999,93.30000000000001,1410,193.0,75.6,20.35,-24.641,5.227,4.197,212.0,208.5,70.0,1622,1,-13.6,0.46
2984,364,6.75,43.18,1,100.6,93.30000000000001,1410,193.0,75.6,20.39,-24.641,5.227,4.197,211.0,208.0,70.0,1622,1,-13.6,0.46
2985,364,6.775,43.04,1,100.6,93.30000000000001,1409,193.1,75.6,20.36,-24.633,5.227,4.197,210.0,207.3,70.0,1622,1,-13.6,0.46
2986,364,6.775,42.94,1,100.6,93.30000000000001,1409,193.2,75.6,19.98,-24.633,5.227,4.197,208.0,206.6,70.0,1622,1,-13.6,0.46
2987,364,6.75,43.09,1,100.4,93.2,1408,193.1,75.5,19.97,-24.641,5.227,4.197,208.0,205.8,70.0,1622,1,-13.6,0.46
2988,364,6.775,43.12,1,100.4,93.30000000000001,1407,193.0,75.5,20.02,-24.641,5.227,4.197,207.0,204.9,70.0,1622,1,-13.6,0.45
2989,364,6.775,43.06,1,100.4,93.30000000000001,1407,193.0,75.5,20.0,-24.641,5.227,4.197,205.0,204.0,70.0,1622,1,-13.7,0.45
2990,364,6.775,43.02,1,100.29999999999998,93.2,1407,193.1,75.5,20.05,-24.633,5.227,4.197,205.0,203.1,70.0,1622,1,-13.6,0.47
2991,364,6.775,43.1,1,100.4,93.30000000000001,1407,193.1,75.7,19.77,-24.641,5.23,4.197,203.0,202.1,70.0,1622,1,-13.7,0.46
2992,364,6.775,43.08,1,100.1,93.10000000000001,1407,193.0,75.4,19.31,-24.633,5.227,4.197,203.0,201.1,70.0,1622,1,-13.7,0.47
2993,364,6.775,42.93,1,99.9,93.10000000000001,1406,193.0,75.5,19.18,-24.633,5.23,4.197,202.0,200.3,70.0,1622,1,-13.7,0.47
2994,364,6.775,43.01,1,99.8,93.10000000000001,1405,193.0,75.5,19.13,-24.633,5.23,4.197,200.0,199.3,70.0,1622,1,-13.6,0.46
2995,364,6.775,43.04,1,99.8,93.10000000000001,1405,193.1,75.5,19.19,-24.625,5.23,4.197,199.0,198.3,70.0,1622,1,-13.7,0.46
2996,364,6.775,43.02,1,99.7,93.10000000000001,1404,193.2,75.3,19.18,-24.625,5.23,4.197,198.0,197.5,70.0,1622,1,-13.7,0.46
2997,364,6.775,43.06,1,99.7,93.10000000000001,1404,193.2,75.4,19.19,-24.625,5.23,4.197,197.0,196.6,70.0,1622,1,-13.6,0.47
2998,364,6.775,42.99,1,99.7,93.10000000000001,1404,193.2,75.3,18.94,-24.625,5.23,4.197,196.0,195.9,70.0,1622,1,-13.7,0.47
2999,364,6.775,42.99,1,99.6,93.0,1403,193.2,75.2,18.96,-24.625,5.23,4.197,195.0,195.2,70.0,1622,1,-13.7,0.46
3000,364,6.775,42.9,1,99.6,93.10000000000001,1402,193.2,75.3,18.94,-24.625,5.23,4.197,195.0,194.6,70.0,1622,1,-13.7,0.47
3001,364,6.775,42.98,1,99.5,93.0,1402,193.2,75.3,18.92,-24.625,5.23,4.197,194.0,194.1,70.0,1622,1,-13.7,0.49
3002,364,6.775,42.93,1,99.6,93.0,1402,193.3,75.3,19.01,-24.633,5.23,4.197,194.0,193.7,70.0,1621,1,-13.7,0.47
3003,364,6.775,42.91,1,99.6,93.0,1402,193.3,75.2,18.97,-24.633,5.23,4.197,193.0,193.3,70.0,1621,1,-13.7,0.47
3004,364,6.775,42.93,1,99.6,93.0,1402,193.4,75.3,18.9,-24.633,5.23,4.197,193.0,193.0,70.0,1621,1,-13.7,0.48
3005,364,6.775,42.85,1,99.6,93.0,1401,193.5,75.4,18.97,-24.633,5.23,4.197,193.0,192.8,70.0,1621,1,-13.7,0.47
3006,364,6.775,42.89,1,99.6,93.10000000000001,1401,193.5,75.3,18.9,-24.641,5.23,4.197,193.0,192.6,70.0,1621,1,-13.7,0.47
3007,364,6.775,42.95,1,99.5,93.0,1401,193.6,75.2,19.0,-24.648,5.227,4.197,193.0,192.6,70.0,1621,1,-13.7,0.47
3008,364,6.75,42.97,1,99.6,93.10000000000001,1401,193.6,75.2,19.0,-24.648,5.227,4.197,194.0,192.5,70.0,1621,1,-13.7,0.47
3009,364,6.775,42.91,1,99.7,93.10000000000001,1402,193.6,75.2,18.95,-24.641,5.227,4.197,193.0,192.6,70.0,1621,1,-13.7,0.47
3010,364,6.775,42.85,1,99.6,93.10000000000001,1402,193.6,75.3,18.95,-24.633,5.227,4.197,193.0,192.7,70.0,1621,1,-13.7,0.48
3011,364,6.775,42.93,1,99.5,93.0,1401,193.6,75.2,18.96,-24.617,5.227,4.197,193.0,192.9,70.0,1621,1,-13.7,0.47
3012,364,6.775,42.9,1,99.6,93.10000000000001,1401,193.7,75.2,18.98,-24.609,5.227,4.197,194.0,193.2,70.0,1621,1,-13.7,0.47
3013,364,6.775,42.84,1,99.6,93.10000000000001,1402,193.6,75.3,18.94,-24.602,5.227,4.197,194.0,193.6,70.0,1621,1,-13.7,0.46
3014,364,6.775,42.83,1,99.6,93.10000000000001,1402,193.6,75.2,19.28,-24.586,5.223,4.197,194.0,194.0,70.0,1621,1,-13.7,0.47
3015,364,6.775,42.91,1,99.8,93.2,1403,193.5,75.3,20.07,-24.578,5.223,4.197,196.0,194.5,70.0,1621,1,-13.7,0.47
3016,364,6.775,42.93,1,100.2,93.30000000000001,1405,193.5,75.4,20.26,-24.57,5.223,4.197,196.0,195.1,70.0,1621,1,-13.7,0.47
3017,364,6.775,42.92,1,100.4,93.30000000000001,1408,193.4,75.4,20.28,-24.562,5.223,4.197,197.0,195.7,70.0,1621,1,-13.7,0.47
3018,364,6.775,42.93,1,100.49999999999999,93.30000000000001,1409,193.4,75.4,20.28,-24.547,5.223,4.197,197.0,196.4,70.0,1621,1,-13.7,0.47
3019,364,6.775,42.95,1,100.49999999999999,93.30000000000001,1409,193.4,75.5,20.32,-24.539,5.223,4.197,198.0,197.1,70.0,1621,1,-13.7,0.47
3020,364,6.75,42.99,1,100.49999999999999,93.30000000000001,1409,193.4,75.6,20.25,-24.531,5.223,4.197,199.0,197.9,70.0,1621,1,-13.7,0.46
3021,364,6.775,42.99,1,100.49999999999999,93.30000000000001,1409,193.3,75.5,20.29,-24.516,5.223,4.197,201.0,198.8,70.0,1621,1,-13.7,0.47
3022,364,6.775,42.91,1,100.49999999999999,93.30000000000001,1409,193.3,75.6,20.29,-24.508,5.223,4.197,203.0,199.6,70.0,1621,1,-13.7,0.48
3023,364,6.775,42.96,1,100.49999999999999,93.30000000000001,1409,193.3,75.6,20.28,-24.5,5.223,4.197,203.0,200.5,70.0,1621,1,-13.7,0.47
3024,364,6.775,42.92,1,100.49999999999999,93.30000000000001,1409,193.3,75.5,20.46,-24.492,5.223,4.197,203.0,201.4,70.0,1621,1,-13.7,0.48
3025,364,6.75,43.02,1,100.69999999999999,93.4,1409,193.3,75.7,21.27,-24.492,5.223,4.197,205.0,202.3,70.0,1621,1,-13.7,0.48
3026,364,6.775,43.09,1,100.89999999999999,93.4,1411,193.2,75.7,21.41,-24.484,5.223,4.197,205.0,203.1,70.0,1621,1,-13.7,0.47
3027,364,6.775,42.98,1,100.89999999999999,93.4,1412,193.1,75.6,21.44,-24.484,5.223,4.197,207.0,204.0,70.0,1621,1,-13.7,0.47
3028,364,6.775,42.98,1,100.89999999999999,93.4,1413,193.1,75.6,21.45,-24.477,5.219,4.197,207.0,204.9,70.0,1621,1,-13.7,0.47
3029,364,6.775,43.04,1,100.89999999999999,93.4,1413,193.0,75.7,21.5,-24.477,5.219,4.197,208.0,205.7,70.0,1621,1,-13.7,0.47
3030,364,6.775,42.88,1,100.89999999999999,93.4,1413,193.0,75.6,21.48,-24.484,5.219,4.197,208.0,206.6,70.0,1621,1,-13.7,0.47
3031,364,6.75,42.91,1,100.89999999999999,93.4,1414,192.9,75.5,21.48,-24.484,5.219,4.197,210.0,207.4,70.0,1621,1,-13.7,0.48
3032,364,6.775,43.01,1,100.89999999999999,93.4,1414,192.9,75.5,21.52,-24.492,5.219,4.197,211.0,208.1,70.0,1621,1,-13.7,0.47
3033,364,6.775,43.05,1,100.89999999999999,93.4,1414,192.8,75.6,21.5,-24.5,5.219,4.197,211.0,208.7,70.0,1621,1,-13.7,0.47
3034,364,6.75,42.89,1,100.89999999999999,93.4,1414,192.7,75.7,21.54,-24.508,5.219,4.197,212.0,209.3,70.0,1621,1,-13.7,0.47
3035,364,6.775,42.97,1,100.89999999999999,93.4,1414,192.7,75.6,21.55,-24.516,5.219,4.197,212.0,209.8,70.0,1621,1,-13.7,0.48
3036,364,6.775,42.94,1,100.89999999999999,93.4,1414,192.6,75.6,21.49,-24.523,5.219,4.197,213.0,210.2,70.0,1621,1,-13.7,0.47
3037,364,6.775,42.92,1,100.89999999999999,93.4,1413,192.6,75.6,21.59,-24.539,5.219,4.197,213.0,210.6,70.0,1621,1,-13.7,0.47
3038,364,6.75,42.94,1,100.89999999999999,93.4,1413,192.6,75.7,21.62,-24.547,5.219,4.197,213.0,210.9,70.0,1621,1,-13.7,0.47
3039,364,6.775,42.94,1,100.89999999999999,93.4,1413,192.6,75.5,21.61,-24.555,5.219,4.197,213.0,211.2,70.0,1621,1,-13.7,0.47
3040,364,6.775,43.01,1,100.89999999999999,93.4,1413,192.5,75.5,21.56,-24.555,5.219,4.197,213.0,211.4,70.0,1621,1,-13.7,0.47
3041,364,6.775,43.08,1,100.89999999999999,93.4,1413,192.4,75.6,21.56,-24.562,5.223,4.197,213.0,211.6,70.0,1621,1,-13.7,0.47
3042,365,6.775,43.0,1,101.0,93.4,1413,192.4,75.6,21.64,-24.57,5.219,4.197,213.0,211.7,70.0,1621,1,-13.7,0.47
3043,365,6.775,42.88,1,101.0,93.4,1413,192.5,75.6,21.61,-24.57,5.219,4.197,213.0,211.8,70.0,1621,1,-13.7,0.48
3044,365,6.75,42.94,1,101.0,93.4,1413,192.5,75.6,21.64,-24.578,5.219,4.197,213.0,211.8,70.0,1621,1,-13.7,0.48
3045,365,6.775,43.09,1,101.0,93.4,1414,192.4,75.4,21.53,-24.586,5.219,4.197,213.0,211.9,70.0,1621,1,-13.7,0.46
3046,365,6.775,42.98,1,101.0,93.4,1413,192.3,75.6,20.93,-24.586,5.219,4.197,213.0,211.9,70.0,1621,1,-13.7,0.47
3047,365,6.775,42.85,1,100.89999999999999,93.4,1414,192.3,75.7,20.86,-24.586,5.223,4.197,213.0,211.9,70.0,1621,1,-13.7,0.46
3048,365,6.775,42.88,1,101.0,93.5,1413,192.2,75.6,20.75,-24.586,5.223,4.197,213.0,211.9,70.0,1621,1,-13.7,0.47
3049,365,6.775,42.85,1,100.8,93.4,1414,192.3,75.5,20.17,-24.578,5.223,4.197,213.0,211.9,70.0,1621,1,-13.7,0.47
3050,365,6.75,42.89,1,100.49999999999999,93.30000000000001,1413,192.2,75.5,20.13,-24.578,5.223,4.197,213.0,211.9,70.0,1621,1,-13.7,0.47
3051,365,6.775,42.88,1,100.4,93.30000000000001,1412,192.2,75.3,20.09,-24.562,5.223,4.197,213.0,211.8,70.0,1621,1,-13.7,0.47
3052,365,6.775,42.92,1,100.4,93.30000000000001,1412,192.3,75.4,20.07,-24.555,5.223,4.197,213.0,211.7,70.0,1621,1,-13.7,0.47
3053,365,6.775,42.97,1,100.29999999999998,93.30000000000001,1411,192.4,75.4,20.08,-24.539,5.219,4.197,213.0,211.6,70.0,1621,1,-13.7,0.47
3054,365,6.775,42.75,1,100.4,93.30000000000001,1411,192.3,75.4,20.11,-24.531,5.219,4.197,212.0,211.5,70.0,1621,1,-13.7,0.47
3055,365,6.775,42.92,1,100.4,93.30000000000001,1410,192.2,75.4,20.17,-24.531,5.219,4.197,212.0,211.3,70.0,1621,1,-13.7,0.48
3056,365,6.775,42.79,1,100.4,93.30000000000001,1410,192.2,75.3,20.14,-24.523,5.219,4.197,212.0,211.1,70.0,1620,1,-13.7,0.48
3057,365,6.775,42.95,1,100.4,93.30000000000001,1410,192.2,75.5,20.14,-24.508,5.223,4.197,212.0,210.8,70.0,1620,1,-13.7,0.47
3058,365,6.775,42.89,1,100.29999999999998,93.30000000000001,1410,192.2,75.3,20.11,-24.508,5.223,4.197,211.0,210.5,70.0,1620,1,-13.7,0.48
3059,365,6.775,42.92,1,100.4,93.30000000000001,1410,192.3,75.2,20.13,-24.5,5.219,4.197,211.0,210.2,70.0,1620,1,-13.7,0.47
3060,365,6.775,42.89,1,100.4,93.30000000000001,1410,192.3,75.3,20.16,-24.5,5.223,4.197,211.0,209.8,70.0,1620,1,-13.7,0.46
3061,365,6.775,42.85,1,100.29999999999998,93.30000000000001,1410,192.3,75.3,20.27,-24.492,5.223,4.197,210.0,209.4,70.0,1620,1,-13.7,0.46
3062,365,6.775,42.65,1,100.6,93.4,1410,192.3,75.4,21.11,-24.484,5.223,4.197,209.0,209.0,70.0,1620,1,-13.7,0.46
3063,365,6.775,42.94,1,100.8,93.4,1412,192.3,75.4,21.21,-24.477,5.223,4.197,208.0,208.6,70.0,1620,1,-13.7,0.48
3064,365,6.775,42.96,1,100.89999999999999,93.4,1412,192.4,75.5,21.19,-24.469,5.223,4.197,208.0,208.1,70.0,1620,1,-13.7,0.48
3065,365,6.775,42.94,1,100.89999999999999,93.4,1413,192.4,75.5,21.21,-24.461,5.223,4.197,208.0,207.7,70.0,1620,1,-13.7,0.48
3066,366,6.775,42.87,1,100.89999999999999,93.4,1412,192.4,75.6,21.25,-24.461,5.223,4.197,207.0,207.2,70.0,1620,1,-13.7,0.48
3067,366,6.775,42.96,1,100.89999999999999,93.4,1413,192.4,75.6,21.23,-24.461,5.223,4.197,207.0,206.8,70.0,1620,1,-13.7,0.46
3068,366,6.775,42.93,1,100.89999999999999,93.4,1413,192.3,75.5,21.21,-24.461,5.223,4.197,207.0,206.4,70.0,1620,1,-13.7,0.48
3069,366,6.75,42.91,1,100.89999999999999,93.4,1413,192.3,75.6,21.24,-24.453,5.223,4.197,206.0,206.1,70.0,1620,1,-13.7,0.47
3070,366,6.775,45.16,1,100.89999999999999,93.4,1414,192.3,75.7,21.25,-24.453,5.223,4.197,206.0,205.8,70.0,1620,1,-13.7,0.48
3071,366,6.775,45.64,1,100.89999999999999,93.4,1414,192.3,75.6,21.22,-24.461,5.223,4.197,206.0,205.7,70.0,1620,1,-13.7,0.47
3072,366,6.75,45.76,1,100.89999999999999,93.4,1415,192.2,75.6,21.24,-24.461,5.223,4.197,206.0,205.6,70.0,1620,1,-13.7,0.47
3073,366,6.75,45.6,1,100.89999999999999,93.5,1415,192.2,75.4,21.16,-24.461,5.223,4.197,205.0,205.6,70.0,1620,1,-13.7,0.47
3074,366,6.775,45.8,1,100.89999999999999,93.4,1415,192.2,75.7,21.21,-24.461,5.223,4.197,206.0,205.6,70.0,1620,1,-13.7,0.47
3075,366,6.775,45.54,1,100.89999999999999,93.4,1415,192.2,75.5,21.24,-24.461,5.223,4.197,206.0,205.7,70.0,1620,1,-13.7,0.47
3076,366,6.775,45.43,1,100.89999999999999,93.4,1414,192.2,75.6,21.2,-24.461,5.223,4.197,206.0,205.8,70.0,1620,1,-13.7,0.46
3077,366,6.775,45.6,1,100.89999999999999,93.4,1415,192.1,75.5,21.21,-24.461,5.223,4.197,207.0,206.0,70.0,1620,1,-13.7,0.47
3078,366,6.775,45.47,1,100.89999999999999,93.5,1415,192.1,75.6,21.25,-24.461,5.223,4.197,207.0,206.2,70.0,1620,1,-13.7,0.47
3079,366,6.775,45.34,1,100.89999999999999,93.5,1415,192.2,75.7,21.22,-24.461,5.223,4.197,207.0,206.4,70.0,1620,1,-13.7,0.47
3080,366,6.75,44.95,1,100.89999999999999,93.4,1415,192.1,75.5,21.21,-24.461,5.223,4.197,207.0,206.7,70.0,1620,1,-13.7,0.47
3081,366,6.775,45.3,1,100.8,93.4,1415,192.1,75.5,21.25,-24.461,5.223,4.197,207.0,206.9,70.0,1620,1,-13.7,0.47
3082,366,6.775,45.18,1,100.89999999999999,93.4,1414,192.1,75.6,21.23,-24.469,5.223,4.197,208.0,207.1,70.0,1620,1,-13.7,0.47
3083,366,6.775,45.14,1,100.89999999999999,93.4,1414,192.2,75.6,21.25,-24.469,5.223,4.197,208.0,207.3,70.0,1620,1,-13.8,0.47
3084,366,6.775,45.1,1,100.89999999999999,93.4,1414,192.2,75.5,21.22,-24.469,5.223,4.197,208.0,207.6,70.0,1620,1,-13.7,0.47
3085,366,6.775,45.21,1,100.89999999999999,93.5,1414,192.1,75.7,21.25,-24.469,5.223,4.197,208.0,207.8,70.0,1620,1,-13.7,0.47
3086,366,6.775,44.91,1,100.89999999999999,93.4,1414,192.1,75.6,21.23,-24.477,5.223,4.197,208.0,208.0,70.0,1620,1,-13.7,0.47
3087,366,6.75,44.8,1,100.89999999999999,93.5,1414,192.0,75.6,21.25,-24.477,5.223,4.197,208.0,208.3,70.0,1620,1,-13.8,0.47
3088,366,6.775,44.88,1,100.89999999999999,93.4,1414,192.1,75.7,21.24,-24.477,5.223,4.197,208.0,208.5,70.0,1620,1,-13.7,0.46
3089,366,6.775,44.95,1,100.89999999999999,93.4,1415,192.1,75.7,21.19,-24.477,5.223,4.197,209.0,208.7,70.0,1620,1,-13.8,0.46
3090,366,6.75,44.89,1,100.89999999999999,93.5,1415,192.1,75.6,21.23,-24.477,5.223,4.197,210.0,208.8,70.0,1620,1,-13.7,0.46
3091,367,6.775,45.42,1,100.89999999999999,93.5,1415,192.0,75.5,21.21,-24.477,5.223,4.197,210.0,209.0,70.0,1620,1,-13.7,0.46
3092,367,6.775,45.42,1,100.89999999999999,93.4,1415,192.0,75.5,21.25,-24.469,5.219,4.197,210.0,209.2,70.0,1620,1,-13.7,0.47
3093,367,6.775,45.33,1,100.89999999999999,93.4,1416,192.0,75.5,21.26,-24.461,5.219,4.197,210.0,209.4,70.0,1620,1,-13.7,0.46
3094,367,6.75,45.26,1,100.89999999999999,93.4,1415,192.0,75.7,21.24,-24.461,5.219,4.197,210.0,209.6,70.0,1620,1,-13.7,0.46
3095,367,6.775,45.29,1,100.89999999999999,93.4,1414,192.0,75.5,21.29,-24.461,5.219,4.197,211.0,209.7,70.0,1620,1,-13.7,0.48
3096,367,6.775,44.95,1,100.89999999999999,93.4,1415,191.9,75.4,21.22,-24.453,5.219,4.197,211.0,209.9,70.0,1620,1,-13.8,0.47
3097,367,6.775,44.72,1,100.89999999999999,93.4,1415,191.9,75.5,21.26,-24.453,5.219,4.197,211.0,210.0,70.0,1620,1,-13.8,0.46
3098,367,6.775,45.28,1,100.89999999999999,93.4,1415,191.9,75.5,21.25,-24.445,5.223,4.197,211.0,210.2,70.0,1620,1,-13.7,0.46
3099,367,6.775,45.05,1,100.89999999999999,93.4,1415,191.9,75.6,21.24,-24.445,5.223,4.197,211.0,210.3,70.0,1620,1,-13.8,0.47
3100,367,6.775,45.14,1,100.89999999999999,93.4,1415,191.9,75.6,21.21,-24.445,5.223,4.197,211.0,210.4,70.0,1620,1,-13.8,0.47
3101,367,6.775,45.06,1,100.89999999999999,93.4,1415,191.9,75.5,21.27,-24.445,5.219,4.197,212.0,210.5,70.0,1620,1,-13.8,0.47
3102,367,6.775,44.83,1,100.89999999999999,93.4,1414,192.0,75.6,21.23,-24.438,5.219,4.197,212.0,210.6,70.0,1620,1,-13.8,0.47
3103,367,6.775,44.79,1,100.89999999999999,93.4,1414,191.9,75.6,21.23,-24.438,5.219,4.197,212.0,210.7,70.0,1620,1,-13.8,0.47
3104,367,6.775,44.85,1,100.89999999999999,93.4,1414,191.9,75.6,21.24,-24.438,5.219,4.197,212.0,210.8,70.0,1620,1,-13.8,0.47
3105,367,6.775,44.99,1,100.89999999999999,93.4,1413,192.0,75.6,21.2,-24.43,5.219,4.197,212.0,210.9,70.0,1620,1,-13.8,0.47
3106,367,6.775,45.56,1,100.89999999999999,93.4,1414,192.0,75.7,21.24,-24.43,5.219,4.197,212.0,210.9,70.0,1620,1,-13.8,0.47
3107,367,6.775,45.14,1,100.89999999999999,93.4,1414,192.1,75.5,21.25,-24.438,5.219,4.197,212.0,211.0,70.0,1620,1,-13.8,0.46
3108,367,6.775,45.34,1,100.89999999999999,93.4,1414,192.0,75.5,21.26,-24.438,5.219,4.197,212.0,211.1,70.0,1620,1,-13.7,0.47
3109,367,6.775,45.24,1,100.8,93.4,1414,192.0,75.6,21.27,-24.438,5.219,4.197,212.0,211.2,70.0,1620,1,-13.8,0.46
3110,367,6.75,44.88,1,100.8,93.4,1415,192.1,75.6,21.27,-24.438,5.219,4.197,212.0,211.3,70.0,1620,1,-13.8,0.46
3111,367,6.775,45.32,1,100.89999999999999,93.4,1414,192.2,75.6,21.25,-24.43,5.219,4.197,212.0,211.3,70.0,1620,1,-13.7,0.46
3112,367,6.775,44.95,1,100.89999999999999,93.4,1414,192.1,75.6,21.26,-24.438,5.219,4.197,212.0,211.4,70.0,1620,1,-13.7,0.47
3113,367,6.75,44.89,1,100.8,93.4,1414,192.2,75.5,21.21,-24.43,5.219,4.197,212.0,211.4,70.0,1620,1,-13.7,0.46
3114,367,6.75,45.15,1,100.89999999999999,93.4,1414,192.2,75.4,21.21,-24.43,5.219,4.197,212.0,211.5,70.0,1620,1,-13.8,0.47
3115,367,6.775,44.94,1,100.89999999999999,93.4,1414,192.2,75.5,21.27,-24.43,5.219,4.197,213.0,211.6,70.0,1620,1,-13.8,0.46
3116,367,6.75,44.89,1,100.8,93.4,1414,192.2,75.5,21.25,-24.43,5.219,4.197,212.0,211.6,70.0,1620,1,-13.8,0.46
3117,367,6.775,45.27,1,100.8,93.4,1414,192.2,75.6,21.23,-24.43,5.219,4.197,212.0,211.7,70.0,1620,1,-13.8,0.47
3118,367,6.775,45.48,1,100.89999999999999,93.4,1414,192.1,75.6,21.28,-24.43,5.215,4.197,212.0,211.8,70.0,1620,1,-13.8,0.47
3119,367,6.775,45.09,1,100.89999999999999,93.4,1415,192.1,75.6,21.29,-24.43,5.215,4.197,213.0,211.8,70.0,1620,1,-13.8,0.46
3120,367,6.775,44.73,1,100.89999999999999,93.4,1415,192.1,75.7,21.24,-24.43,5.219,4.197,212.0,211.8,70.0,1620,1,-13.8,0.48
3121,367,6.775,45.32,1,100.89999999999999,93.4,1415,192.1,75.7,21.14,-24.43,5.215,4.197,213.0,211.9,70.0,1620,1,-13.8,0.48
3122,367,6.775,44.96,1,100.8,93.4,1415,192.2,75.6,20.82,-24.43,5.215,4.197,213.0,212.0,70.0,1620,1,-13.8,0.47
3123,367,6.75,43.5,1,100.8,93.4,1415,192.2,75.5,20.84,-24.422,5.215,4.197,213.0,212.0,70.0,1620,1,-13.8,0.47
3124,367,6.775,43.53,1,100.8,93.4,1414,192.1,75.5,20.86,-24.422,5.215,4.197,212.0,212.0,70.0,1620,1,-13.8,0.47
3125,367,6.775,43.37,1,100.8,93.4,1414,192.1,75.5,20.82,-24.422,5.215,4.197,212.0,211.9,70.0,1620,1,-13.8,0.46
3126,367,6.775,43.41,1,100.8,93.4,1414,192.2,75.6,20.86,-24.422,5.215,4.197,212.0,211.8,70.0,1620,1,-13.8,0.46
3127,367,6.775,43.51,1,100.8,93.4,1414,192.1,75.7,20.88,-24.422,5.215,4.197,212.0,211.6,70.0,1620,1,-13.8,0.46
3128,367,6.775,43.29,1,100.8,93.4,1414,192.2,75.5,20.82,-24.422,5.215,4.197,212.0,211.4,70.0,1621,1,-13.8,0.47
3129,367,6.775,43.47,1,100.8,93.4,1414,192.2,75.6,20.79,-24.422,5.215,4.197,212.0,211.2,70.0,1621,1,-13.8,0.46
3130,367,6.775,43.37,1,100.8,93.4,1414,192.2,75.6,20.84,-24.422,5.215,4.197,211.0,210.8,70.0,1621,1,-13.8,0.46
3131,367,6.775,43.4,1,100.8,93.4,1414,192.2,75.5,20.86,-24.422,5.215,4.197,211.0,210.5,70.0,1621,1,-13.8,0.47
3132,367,6.775,43.39,1,100.8,93.4,1414,192.3,75.4,20.87,-24.422,5.215,4.197,211.0,210.1,70.0,1621,1,-13.7,0.47
3133,367,6.775,43.38,1,100.8,93.4,1414,192.3,75.6,20.84,-24.414,5.211,4.197,210.0,209.7,70.0,1621,1,-13.8,0.47
3134,367,6.775,43.38,1,100.8,93.4,1414,192.3,75.8,20.85,-24.422,5.211,4.197,209.0,209.3,70.0,1621,1,-13.8,0.47
3135,367,6.75,43.36,1,100.8,93.4,1414,192.3,75.8,20.86,-24.422,5.211,4.197,208.0,208.8,70.0,1621,1,-13.8,0.46
3136,367,6.775,43.36,1,100.8,93.4,1413,192.3,75.6,20.85,-24.414,5.211,4.197,208.0,208.4,70.0,1621,1,-13.8,0.47
3137,367,6.775,43.37,1,100.8,93.4,1413,192.3,75.7,20.83,-24.414,5.211,4.197,208.0,207.9,70.0,1621,1,-13.8,0.46
3138,367,6.775,43.34,1,100.8,93.4,1413,192.2,75.7,20.84,-24.414,5.211,4.197,207.0,207.5,70.0,1621,1,-13.8,0.46
3139,367,6.75,43.37,1,100.8,93.4,1413,192.2,75.8,20.83,-24.422,5.211,4.197,207.0,207.1,70.0,1621,1,-13.8,0.46
3140,367,6.775,43.2,1,100.8,93.4,1413,192.2,75.6,20.84,-24.422,5.211,4.197,207.0,206.7,70.0,1621,1,-13.8,0.47
3141,367,6.775,43.37,1,100.8,93.4,1413,192.3,75.7,20.86,-24.422,5.211,4.197,206.0,206.4,70.0,1621,1,-13.8,0.46
3142,367,6.775,43.38,1,100.8,93.4,1413,192.3,75.6,20.84,-24.422,5.211,4.197,206.0,206.1,70.0,1621,1,-13.8,0.46
3143,367,6.775,43.39,1,100.8,93.4,1414,192.3,75.5,20.83,-24.43,5.215,4.197,206.0,205.8,70.0,1621,1,-13.8,0.47
3144,367,6.775,43.32,1,100.8,93.4,1414,192.4,75.6,20.8,-24.43,5.211,4.197,205.0,205.6,70.0,1621,1,-13.8,0.46
3145,368,6.775,43.39,1,100.8,93.4,1413,192.4,75.4,20.86,-24.43,5.215,4.197,205.0,205.4,70.0,1621,1,-13.8,0.47
3146,368,6.775,43.29,1,100.8,93.4,1414,192.3,75.6,20.87,-24.43,5.215,4.197,205.0,205.3,70.0,1621,1,-13.8,0.47
3147,368,6.75,43.27,1,100.89999999999999,93.4,1415,192.4,75.7,20.83,-24.43,5.215,4.197,205.0,205.2,70.0,1621,1,-13.8,0.47
3148,369,6.775,43.43,1,100.8,93.4,1415,192.4,75.6,20.84,-24.43,5.211,4.197,205.0,205.1,70.0,1621,1,-13.8,0.47
3149,369,6.75,43.37,1,100.8,93.4,1415,192.4,75.6,20.85,-24.43,5.211,4.197,205.0,205.1,70.0,1621,1,-13.8,0.47
3150,370,6.75,43.35,1,100.8,93.4,1415,192.3,75.6,20.86,-24.43,5.211,4.197,205.0,205.1,70.0,1621,1,-13.8,0.47
3151,371,6.775,43.48,1,100.89999999999999,93.4,1414,192.3,75.7,20.85,-24.422,5.211,4.197,205.0,205.1,70.0,1621,1,-13.8,0.46
3152,371,6.775,43.37,1,100.8,93.4,1414,192.3,75.6,20.87,-24.422,5.211,4.197,205.0,205.1,70.0,1621,1,-13.8,0.47
3153,372,6.75,43.4,1,100.8,93.4,1414,192.3,75.5,20.86,-24.422,5.211,4.197,205.0,205.1,70.0,1621,1,-13.8,0.47
3154,373,6.775,43.24,1,100.8,93.4,1413,192.4,75.5,20.86,-24.422,5.215,4.197,205.0,205.2,70.0,1621,1,-13.8,0.47
3155,374,6.775,43.36,1,100.8,93.4,1413,192.4,75.5,20.9,-24.43,5.211,4.197,205.0,205.3,70.0,1621,1,-13.8,0.46
3156,374,6.775,43.32,1,100.8,93.4,1414,192.3,75.6,20.82,-24.43,5.211,4.197,206.0,205.4,70.0,1621,1,-13.8,0.47
3157,375,6.775,43.3,1,100.8,93.4,1414,192.3,75.8,20.82,-24.438,5.211,4.198,205.0,205.5,70.0,1621,1,-13.8,0.47
3158,376,6.775,43.34,1,100.8,93.4,1414,192.3,75.6,20.85,-24.438,5.211,4.197,206.0,205.6,70.0,1621,1,-13.8,0.47
3159,377,6.75,43.16,1,100.8,93.4,1414,192.4,75.7,20.83,-24.438,5.215,4.197,206.0,205.7,70.0,1621,1,-13.8,0.47
3160,378,6.75,43.21,1,100.8,93.4,1414,192.4,75.6,20.87,-24.445,5.215,4.197,206.0,205.8,70.0,1621,1,-13.8,0.47
3161,379,6.775,43.3,1,100.8,93.4,1414,192.4,75.6,20.8,-24.445,5.215,4.197,206.0,205.9,70.0,1621,1,-13.8,0.45
3162,379,6.75,43.32,1,100.8,93.4,1414,192.4,75.4,20.82,-24.438,5.215,4.197,206.0,206.0,70.0,1621,1,-13.8,0.45
3163,380,6.775,43.26,1,100.8,93.4,1414,192.5,75.4,20.78,-24.438,5.215,4.197,207.0,206.2,70.0,1621,1,-13.8,0.46
3164,381,6.775,43.42,1,100.8,93.4,1414,192.4,75.5,20.8,-24.438,5.215,4.197,207.0,206.3,70.0,1621,1,-13.8,0.45
3165,381,6.775,43.38,1,100.8,93.4,1414,192.5,75.5,20.82,-24.43,5.211,4.197,207.0,206.4,70.0,1621,1,-13.8,0.46
3166,382,6.775,43.19,1,100.8,93.4,1413,192.5,75.5,21.11,-24.438,5.211,4.197,207.0,206.6,70.0,1621,1,-13.8,0.47
3167,382,6.775,43.19,1,100.8,93.4,1413,192.5,75.4,21.33,-24.438,5.211,4.197,207.0,206.7,70.0,1621,1,-13.8,0.47
3168,383,6.775,43.2,1,100.8,93.4,1414,192.5,75.6,21.37,-24.438,5.211,4.197,208.0,206.8,70.0,1621,1,-13.8,0.47
3169,383,6.775,43.17,1,100.8,93.4,1414,192.5,75.5,21.34,-24.438,5.211,4.197,207.0,206.9,70.0,1621,1,-13.8,0.46
3170,383,6.775,43.27,1,100.8,93.4,1414,192.6,75.5,21.36,-24.438,5.211,4.197,208.0,207.1,70.0,1621,1,-13.8,0.47
3171,384,6.775,43.29,1,100.89999999999999,93.5,1414,192.6,75.6,21.41,-24.43,5.215,4.197,208.0,207.2,70.0,1621,1,-13.8,0.46
3172,384,6.775,43.33,1,100.89999999999999,93.4,1414,192.6,75.7,21.35,-24.43,5.211,4.197,208.0,207.3,70.0,1621,1,-13.8,0.47
3173,384,6.775,43.32,1,100.89999999999999,93.4,1414,192.5,75.6,21.32,-24.43,5.211,4.197,208.0,207.4,70.0,1621,1,-13.8,0.46
3174,384,6.775,43.34,1,100.89999999999999,93.4,1414,192.5,75.3,21.36,-24.422,5.215,4.197,208.0,207.6,70.0,1621,1,-13.8,0.46
3175,384,6.775,43.22,1,100.89999999999999,93.4,1414,192.5,75.5,21.4,-24.414,5.211,4.197,208.0,207.7,70.0,1621,1,-13.8,0.46
3176,384,6.775,43.51,1,100.89999999999999,93.4,1415,192.5,75.5,21.45,-24.398,5.215,4.197,208.0,207.8,70.0,1621,1,-13.8,0.46
3177,384,6.775,43.42,1,100.89999999999999,93.4,1415,192.5,75.6,21.41,-24.398,5.215,4.197,208.0,207.9,70.0,1621,1,-13.8,0.46
3178,384,6.775,43.22,1,100.89999999999999,93.4,1415,192.5,75.6,21.47,-24.391,5.215,4.197,208.0,208.0,70.0,1621,1,-13.8,0.45
3179,384,6.775,43.21,1,100.89999999999999,93.4,1415,192.6,75.4,21.36,-24.391,5.215,4.197,208.0,208.1,70.0,1621,1,-13.8,0.46
3180,384,6.775,43.41,1,100.8,93.4,1414,192.5,75.7,21.37,-24.383,5.215,4.197,208.0,208.2,70.0,1621,1,-13.8,0.46
3181,384,6.775,43.33,1,100.89999999999999,93.4,1415,192.5,75.6,21.39,-24.375,5.215,4.197,208.0,208.3,70.0,1621,1,-13.8,0.45
3182,384,6.775,43.26,1,100.8,93.4,1415,192.4,75.6,21.4,-24.375,5.215,4.197,208.0,208.3,70.0,1621,1,-13.8,0.46
3183,384,6.775,43.26,1,100.8,93.4,1414,192.4,75.7,21.39,-24.367,5.215,4.197,208.0,208.4,70.0,1621,1,-13.8,0.46
3184,384,6.775,43.23,1,100.8,93.4,1414,192.4,75.6,21.37,-24.359,5.215,4.197,208.0,208.5,70.0,1621,1,-13.8,0.46
3185,384,6.775,43.32,1,100.8,93.4,1414,192.4,75.6,21.4,-24.352,5.215,4.197,208.0,208.6,70.0,1621,1,-13.8,0.47
3186,384,6.775,43.47,1,100.8,93.4,1414,192.4,75.5,21.43,-24.344,5.215,4.197,208.0,208.7,70.0,1621,1,-13.8,0.47
3187,384,6.775,43.38,1,100.8,93.4,1415,192.5,75.5,21.39,-24.336,5.215,4.197,208.0,208.8,70.0,1621,1,-13.8,0.46
3188,384,6.775,43.15,1,100.8,93.4,1414,192.4,75.7,21.4,-24.336,5.219,4.197,209.0,208.9,70.0,1621,1,-13.8,0.47
3189,384,6.775,43.14,1,100.8,93.5,1414,192.4,75.7,21.46,-24.336,5.219,4.197,209.0,208.9,70.0,1622,1,-13.8,0.46
3190,384,6.775,43.2,1,100.8,93.4,1415,192.5,75.6,21.4,-24.328,5.219,4.197,208.0,209.0,70.0,1622,1,-13.8,0.47
3191,384,6.775,43.59,1,100.8,93.4,1414,192.5,75.5,21.37,-24.32,5.219,4.197,209.0,209.1,70.0,1622,1,-13.8,0.47
3192,384,6.775,43.38,1,100.8,93.4,1414,192.5,75.6,21.44,-24.32,5.219,4.197,209.0,209.2,70.0,1622,1,-13.8,0.48
3193,384,6.75,43.29,1,100.8,93.4,1414,192.4,75.6,21.39,-24.312,5.219,4.197,209.0,209.2,70.0,1622,1,-13.8,0.47
3194,385,6.775,43.61,1,100.8,93.4,1415,192.5,75.5,21.44,-24.305,5.219,4.197,209.0,209.3,70.0,1622,1,-13.8,0.46
3195,385,6.775,43.16,1,100.69999999999999,93.4,1414,192.6,75.4,21.41,-24.305,5.219,4.197,210.0,209.3,70.0,1622,1,-13.8,0.46
3196,385,6.75,43.46,1,100.8,93.4,1414,192.6,75.5,21.41,-24.297,5.219,4.197,210.0,209.3,70.0,1622,1,-13.8,0.47
3197,385,6.775,43.41,1,100.8,93.4,1414,192.6,75.5,20.57,-24.289,5.223,4.197,210.0,209.4,70.0,1622,1,-13.8,0.47
3198,385,6.775,45.27,1,100.6,93.30000000000001,1414,192.5,75.6,20.2,-24.297,5.223,4.197,210.0,209.4,70.0,1622,1,-13.8,0.48
3199,385,6.775,45.43,1,100.4,93.30000000000001,1413,192.6,75.4,20.18,-24.297,5.223,4.197,210.0,209.5,70.0,1622,1,-13.8,0.47
3200,385,6.775,45.18,1,100.29999999999998,93.30000000000001,1411,192.6,75.2,20.14,-24.297,5.223,4.197,210.0,209.6,70.0,1622,1,-13.8,0.48
3201,384,6.775,44.95,1,100.2,93.30000000000001,1411,192.6,75.3,20.14,-24.305,5.223,4.197,210.0,209.7,70.0,1622,1,-13.8,0.47
3202,384,6.775,44.85,1,100.29999999999998,93.30000000000001,1411,192.6,75.5,20.07,-24.305,5.223,4.197,210.0,209.8,70.0,1622,1,-13.8,0.47
3203,384,6.75,43.39,1,100.2,93.30000000000001,1411,192.6,75.4,20.11,-24.305,5.223,4.197,210.0,210.0,70.0,1622,1,-13.8,0.46
3204,384,6.75,43.37,1,100.2,93.30000000000001,1411,192.6,75.3,20.18,-24.305,5.223,4.197,211.0,210.1,70.0,1622,1,-13.8,0.47
3205,384,6.775,43.41,1,100.2,93.30000000000001,1411,192.6,75.4,20.1,-24.305,5.223,4.197,211.0,210.3,70.0,1622,1,-13.8,0.47
3206,384,6.775,45.11,1,100.2,93.30000000000001,1411,192.5,75.5,20.11,-24.305,5.223,4.197,211.0,210.4,70.0,1622,1,-13.8,0.47
3207,385,6.75,45.1,1,100.29999999999998,93.30000000000001,1410,192.6,75.4,20.12,-24.305,5.223,4.197,211.0,210.6,70.0,1622,1,-13.8,0.48
3208,385,6.775,45.23,1,100.2,93.30000000000001,1410,192.7,75.4,20.11,-24.305,5.223,4.197,211.0,210.7,70.0,1622,1,-13.8,0.47
3209,385,6.775,45.09,1,100.2,93.2,1410,192.8,75.6,20.13,-24.305,5.223,4.197,211.0,210.9,70.0,1622,1,-13.8,0.46
3210,385,6.75,45.33,1,100.2,93.30000000000001,1409,192.8,75.5,20.11,-24.312,5.223,4.198,211.0,211.0,70.0,1622,1,-13.8,0.46
3211,385,6.775,45.35,1,100.2,93.30000000000001,1409,192.8,75.2,20.08,-24.312,5.223,4.197,212.0,211.1,70.0,1622,1,-13.8,0.47
3212,385,6.775,45.3,1,100.2,93.30000000000001,1409,192.9,75.4,20.12,-24.32,5.223,4.197,212.0,211.3,70.0,1622,1,-13.8,0.47
3213,385,6.75,44.96,1,100.29999999999998,93.30000000000001,1409,192.9,75.3,20.14,-24.32,5.223,4.197,212.0,211.4,70.0,1622,1,-13.8,0.46
3214,385,6.775,44.97,1,100.2,93.30000000000001,1409,192.9,75.4,20.15,-24.32,5.219,4.197,212.0,211.6,70.0,1622,1,-13.8,0.47
3215,385,6.775,44.57,1,100.2,93.30000000000001,1409,192.9,75.4,20.2,-24.32,5.219,4.197,212.0,211.8,70.0,1622,1,-13.8,0.47
3216,385,6.775,44.36,1,100.4,93.4,1410,193.0,75.5,20.8,-24.312,5.219,4.197,212.0,211.9,70.0,1622,1,-13.8,0.47
3217,385,6.775,45.45,1,100.6,93.4,1411,193.0,75.5,20.98,-24.305,5.219,4.197,212.0,212.0,70.0,1622,1,-13.8,0.47
3218,385,6.775,45.33,1,100.69999999999999,93.5,1412,193.0,75.6,21.02,-24.297,5.219,4.197,212.0,212.1,70.0,1622,1,-13.8,0.46
3219,385,6.775,45.36,1,100.8,93.5,1413,193.0,75.6,21.09,-24.281,5.219,4.197,213.0,212.2,70.0,1622,1,-13.8,0.45
3220,385,6.775,45.29,1,100.8,93.4,1413,193.0,75.8,21.0,-24.273,5.219,4.197,213.0,212.3,70.0,1622,1,-13.7,0.46
3221,385,6.775,45.61,1,100.8,93.4,1413,193.0,75.6,21.0,-24.273,5.219,4.197,213.0,212.4,70.0,1622,1,-13.8,0.46
3222,386,6.775,45.56,1,100.8,93.4,1414,193.0,75.6,20.98,-24.266,5.219,4.197,213.0,212.5,70.0,1622,1,-13.8,0.47
3223,386,6.775,45.45,1,100.69999999999999,93.4,1414,193.1,75.7,21.01,-24.266,5.219,4.197,213.0,212.7,70.0,1622,1,-13.8,0.46
3224,386,6.775,45.39,1,100.69999999999999,93.4,1414,193.1,75.7,21.03,-24.258,5.219,4.197,213.0,212.8,70.0,1622,1,-13.8,0.46
3225,386,6.75,45.16,1,100.8,93.4,1414,193.0,75.4,20.96,-24.258,5.223,4.197,213.0,212.9,70.0,1622,1,-13.8,0.46
3226,386,6.75,43.56,1,100.69999999999999,93.4,1414,193.0,75.7,21.01,-24.266,5.223,4.197,213.0,213.0,70.0,1622,1,-13.8,0.47
3227,386,6.75,43.47,1,100.69999999999999,93.4,1414,193.0,75.5,21.02,-24.266,5.227,4.197,213.0,213.1,70.0,1622,1,-13.8,0.48
3228,386,6.775,43.44,1,100.8,93.4,1412,192.9,75.5,20.79,-24.273,5.227,4.197,213.0,213.1,70.0,1622,1,-13.8,0.47
3229,386,6.775,43.29,1,100.6,93.30000000000001,1412,192.9,75.6,19.81,-24.281,5.227,4.197,213.0,213.1,70.0,1622,1,-13.8,0.47
3230,386,6.775,43.28,1,100.0,93.10000000000001,1410,192.8,75.3,18.86,-24.305,5.227,4.197,213.0,213.1,70.0,1622,1,-13.7,0.47
3231,386,6.775,43.32,1,99.5,93.0,1406,192.8,75.3,18.7,-24.328,5.227,4.197,213.0,213.0,70.0,1622,1,-13.8,0.46
3232,386,6.775,43.29,1,99.3,93.0,1404,192.9,75.3,18.71,-24.359,5.227,4.197,213.0,212.9,70.0,1622,1,-13.8,0.47
3233,386,6.775,43.28,1,99.3,93.0,1403,192.9,75.1,18.74,-24.375,5.227,4.197,213.0,212.8,70.0,1622,1,-13.8,0.46
3234,386,6.775,43.2,1,99.2,93.0,1402,192.9,75.0,18.79,-24.398,5.227,4.197,213.0,212.6,70.0,1622,1,-13.8,0.46
3235,386,6.775,43.24,1,99.3,93.0,1401,192.8,75.2,18.75,-24.414,5.227,4.197,213.0,212.4,70.0,1622,1,-13.7,0.47
3236,386,6.775,43.17,1,99.3,93.0,1401,192.8,75.0,18.73,-24.43,5.227,4.197,212.0,212.2,70.0,1622,1,-13.8,0.46
3237,386,6.775,43.2,1,99.2,92.9,1400,192.7,75.1,18.14,-24.445,5.227,4.197,212.0,211.9,70.0,1622,1,-13.8,0.47
3238,386,6.775,43.14,1,99.0,92.80000000000001,1398,192.7,75.0,17.9,-24.461,5.227,4.197,212.0,211.5,70.0,1623,1,-13.7,0.46
3239,386,6.775,43.15,1,98.8,92.80000000000001,1396,192.8,74.9,17.98,-24.477,5.227,4.197,211.0,211.1,70.0,1623,1,-13.7,0.47
3240,386,6.775,43.07,1,98.7,92.80000000000001,1395,192.8,74.9,17.57,-24.492,5.227,4.197,211.0,210.7,70.0,1623,1,-13.8,0.46
3241,386,6.775,43.19,1,98.4,92.60000000000001,1393,192.9,74.7,17.18,-24.508,5.227,4.197,210.0,210.1,70.0,1623,1,-13.7,0.47
3242,386,6.775,43.02,1,98.3,92.5,1390,192.9,74.9,17.18,-24.523,5.227,4.197,210.0,209.6,70.0,1623,1,-13.7,0.47
3243,386,6.775,43.19,1,98.2,92.5,1388,192.9,74.9,17.17,-24.547,5.227,4.197,208.0,209.1,70.0,1623,1,-13.7,0.46
3244,386,6.775,43.02,1,98.2,92.5,1387,192.9,74.7,17.11,-24.57,5.23,4.197,208.0,208.6,70.0,1623,1,-13.7,0.46
3245,386,6.775,43.18,1,98.2,92.5,1386,193.0,74.8,17.14,-24.586,5.227,4.197,208.0,208.1,70.0,1623,1,-13.7,0.46
3246,386,6.775,43.06,1,98.2,92.5,1385,193.0,74.9,17.13,-24.602,5.227,4.197,207.0,207.5,70.0,1623,1,-13.7,0.46
3247,386,6.775,43.09,1,98.2,92.5,1385,193.1,74.8,17.15,-24.625,5.227,4.197,207.0,207.0,70.0,1623,1,-13.7,0.47
3248,385,6.775,43.15,1,98.2,92.5,1384,193.1,74.8,17.11,-24.648,5.227,4.197,206.0,206.5,70.0,1623,1,-13.8,0.46
3249,385,6.775,43.2,1,98.2,92.5,1384,193.2,74.7,17.16,-24.664,5.227,4.197,206.0,206.1,70.0,1623,1,-13.8,0.47
3250,385,6.775,43.06,1,98.3,92.60000000000001,1384,193.2,74.9,17.79,-24.68,5.227,4.197,205.0,205.6,70.0,1623,1,-13.7,0.47
3251,385,6.775,43.22,1,98.7,92.80000000000001,1385,193.2,75.0,18.69,-24.703,5.223,4.197,205.0,205.2,70.0,1623,1,-13.7,0.47
3252,385,6.75,43.18,1,99.2,93.0,1390,193.3,75.1,18.72,-24.719,5.223,4.197,205.0,205.0,70.0,1623,1,-13.8,0.46
3253,385,6.775,43.13,1,99.4,93.0,1393,193.4,75.2,18.77,-24.734,5.223,4.197,205.0,204.7,70.0,1623,1,-13.7,0.46
3254,385,6.75,43.23,1,99.5,93.0,1396,193.3,75.3,18.75,-24.75,5.223,4.197,204.0,204.5,70.0,1623,1,-13.7,0.46
3255,385,6.775,43.19,1,99.5,93.0,1396,193.4,75.3,18.74,-24.766,5.223,4.197,204.0,204.3,70.0,1623,1,-13.7,0.47
3256,385,6.75,43.15,1,99.5,93.0,1396,193.4,75.2,18.73,-24.781,5.223,4.197,204.0,204.2,70.0,1623,1,-13.7,0.48
3257,385,6.75,43.31,1,99.5,93.0,1396,193.4,75.3,18.74,-24.797,5.227,4.197,203.0,204.1,70.0,1623,1,-13.7,0.46
3258,385,6.75,43.16,1,99.5,92.9,1396,193.4,75.3,18.77,-24.812,5.227,4.197,203.0,204.0,70.0,1623,1,-13.7,0.47
3259,385,6.775,43.13,1,99.5,93.0,1396,193.3,75.4,18.75,-24.828,5.227,4.197,204.0,203.9,70.0,1623,1,-13.8,0.46
3260,385,6.775,43.21,1,99.6,93.0,1396,193.2,75.3,18.78,-24.852,5.227,4.197,203.0,203.9,70.0,1623,1,-13.7,0.46
3261,385,6.775,43.16,1,99.5,93.0,1396,193.1,75.4,18.75,-24.875,5.223,4.197,203.0,203.9,70.0,1623,1,-13.8,0.46
3262,385,6.75,43.1,1,99.6,93.0,1396,193.1,75.3,18.77,-24.898,5.223,4.197,204.0,203.9,70.0,1623,1,-13.7,0.46
3263,385,6.775,43.15,1,99.6,93.0,1397,193.0,75.4,18.81,-24.922,5.227,4.197,204.0,203.9,70.0,1623,1,-13.8,0.46
3264,385,6.75,43.17,1,99.6,93.0,1398,192.9,75.2,18.83,-24.938,5.223,4.197,203.0,204.0,70.0,1623,1,-13.7,0.47
3265,385,6.775,43.16,1,99.7,93.10000000000001,1398,192.8,75.2,19.14,-24.961,5.223,4.197,204.0,204.1,70.0,1623,1,-13.7,0.46
3266,385,6.775,43.1,1,99.9,93.10000000000001,1398,192.7,75.3,19.06,-24.969,5.223,4.197,204.0,204.1,70.0,1623,1,-13.7,0.46
3267,385,6.775,43.14,1,99.9,93.10000000000001,1399,192.7,75.5,19.15,-24.977,5.223,4.197,205.0,204.2,70.0,1623,1,-13.7,0.46
3268,385,6.775,43.16,1,99.9,93.10000000000001,1399,192.6,75.6,18.98,-24.984,5.223,4.197,204.0,204.3,70.0,1623,1,-13.7,0.47
3269,385,6.75,43.19,1,100.0,93.10000000000001,1399,192.5,75.3,19.71,-24.992,5.227,4.197,205.0,204.4,70.0,1623,1,-13.7,0.45
3270,385,6.775,43.3,1,100.2,93.2,1401,192.5,75.4,19.82,-25.0,5.227,4.197,205.0,204.5,70.0,1623,1,-13.7,0.47
3271,385,6.775,43.18,1,100.29999999999998,93.2,1403,192.4,75.5,19.82,-25.0,5.227,4.197,205.0,204.6,70.0,1623,1,-13.7,0.47
3272,385,6.775,43.2,1,100.4,93.2,1404,192.4,75.5,19.81,-25.0,5.227,4.197,205.0,204.8,70.0,1623,1,-13.7,0.47
3273,385,6.775,43.19,1,100.4,93.2,1404,192.4,75.5,19.85,-24.992,5.227,4.197,205.0,204.9,70.0,1623,1,-13.7,0.46
3274,385,6.775,43.23,1,100.4,93.2,1404,192.3,75.6,19.79,-25.0,5.227,4.197,205.0,205.1,70.0,1623,1,-13.7,0.46
3275,385,6.775,43.2,1,100.4,93.2,1404,192.2,75.5,19.78,-24.992,5.227,4.197,205.0,205.2,70.0,1623,1,-13.7,0.46
3276,385,6.775,43.21,1,100.4,93.2,1404,192.3,75.6,19.77,-24.984,5.227,4.197,206.0,205.3,70.0,1623,1,-13.7,0.47
3277,385,6.775,43.23,1,100.4,93.2,1405,192.2,75.6,19.63,-24.984,5.227,4.197,206.0,205.4,70.0,1623,1,-13.8,0.47
3278,385,6.775,43.13,1,100.2,93.10000000000001,1404,192.1,75.4,18.75,-24.984,5.227,4.197,205.0,205.6,70.0,1623,1,-13.7,0.47
3279,385,6.775,43.06,1,99.5,92.80000000000001,1402,192.0,75.2,17.77,-25.0,5.227,4.197,206.0,205.7,70.0,1624,1,-13.7,0.47
3280,385,6.775,43.06,1,99.1,92.7,1398,192.0,75.1,17.62,-25.008,5.23,4.197,206.0,205.8,71.0,1624,1,-13.8,0.47
3281,385,6.775,43.13,1,98.9,92.7,1395,191.9,75.0,17.62,-25.031,5.227,4.197,206.0,205.9,70.0,1624,1,-13.8,0.47
3282,385,6.775,43.1,1,98.8,92.7,1393,192.0,75.0,17.42,-25.047,5.227,4.197,206.0,206.0,70.0,1624,1,-13.8,0.47
3283,385,6.775,43.03,1,98.6,92.5,1392,192.0,74.9,16.57,-25.078,5.227,4.197,206.0,206.2,70.0,1624,1,-13.8,0.47
3284,385,6.775,42.9,1,98.2,92.4,1389,191.9,74.8,16.34,-25.102,5.23,4.197,207.0,206.2,71.0,1624,1,-13.7,0.47
3285,385,6.775,42.97,1,98.0,92.30000000000001,1385,192.0,74.6,15.79,-25.117,5.23,4.197,207.0,206.3,71.0,1624,1,-13.8,0.47
3286,385,6.775,43.09,1,97.6,92.2,1381,192.0,74.6,15.67,-25.148,5.23,4.197,207.0,206.4,71.0,1624,1,-13.8,0.47
3287,385,6.775,42.89,1,97.5,92.10000000000001,1378,192.0,74.6,15.58,-25.172,5.234,4.197,207.0,206.5,71.0,1624,1,-13.8,0.47
3288,385,6.775,43.05,1,97.39999999999999,92.0,1374,192.1,74.5,15.01,-25.195,5.234,4.197,207.0,206.5,71.0,1624,1,-13.8,0.47
3289,384,6.75,42.92,1,97.1,91.9,1371,192.1,74.6,14.89,-25.219,5.234,4.197,207.0,206.6,71.0,1624,1,-13.8,0.47
3290,384,6.775,42.98,1,97.0,91.8,1367,192.2,74.3,14.85,-25.242,5.234,4.197,207.0,206.6,71.0,1624,1,-13.8,0.47
3291,384,6.775,42.96,1,97.0,91.9,1366,192.2,74.3,14.88,-25.258,5.234,4.197,207.0,206.7,71.0,1624,1,-13.8,0.46
3292,384,6.775,43.01,1,96.89999999999999,91.9,1365,192.4,74.4,14.93,-25.281,5.23,4.197,207.0,206.7,71.0,1624,1,-13.8,0.46
3293,384,6.775,42.97,1,96.89999999999999,91.8,1364,192.5,74.4,14.89,-25.289,5.23,4.197,207.0,206.7,71.0,1624,1,-13.8,0.46
3294,384,6.775,42.94,1,97.0,91.9,1364,192.6,74.5,14.9,-25.305,5.227,4.197,207.0,206.8,71.0,1624,1,-13.8,0.47
3295,383,6.75,42.96,1,96.89999999999999,91.9,1364,192.7,74.4,15.26,-25.312,5.227,4.197,207.0,206.8,71.0,1624,1,-13.8,0.47
3296,383,6.775,42.96,1,97.3,92.2,1363,192.8,74.5,16.91,-25.32,5.223,4.197,207.0,206.8,71.0,1624,1,-13.8,0.46
3297,383,6.775,43.01,1,98.2,92.60000000000001,1368,193.0,74.8,17.99,-25.32,5.223,4.197,207.0,206.8,71.0,1624,1,-13.8,0.47
3298,383,6.75,43.05,1,99.0,92.9,1376,193.1,75.1,18.14,-25.312,5.223,4.197,207.0,206.8,71.0,1624,1,-13.8,0.46
3299,383,6.75,43.06,1,99.2,92.80000000000001,1383,193.0,75.2,18.14,-25.312,5.223,4.197,207.0,206.8,71.0,1624,1,-13.8,0.47
3300,383,6.775,43.07,1,99.3,92.9,1386,193.0,75.2,18.2,-25.312,5.223,4.197,207.0,206.8,71.0,1624,1,-13.8,0.46
3301,383,6.775,43.13,1,99.4,92.9,1388,193.0,75.3,18.24,-25.312,5.223,4.197,207.0,206.8,71.0,1624,1,-13.8,0.47
3302,383,6.75,43.07,1,99.4,92.9,1390,192.9,75.3,18.35,-25.305,5.223,4.197,207.0,206.8,71.0,1624,1,-13.8,0.47
3303,383,6.75,43.19,1,99.6,93.0,1392,192.9,75.5,19.14,-25.312,5.223,4.197,207.0,206.8,71.0,1624,1,-13.8,0.47
3304,383,6.775,43.18,1,99.9,93.10000000000001,1394,192.9,75.6,19.25,-25.305,5.223,4.197,207.0,206.6,71.0,1624,1,-13.8,0.47
3305,383,6.775,43.15,1,100.1,93.10000000000001,1396,192.8,75.5,19.2,-25.305,5.223,4.197,207.0,206.5,71.0,1624,1,-13.8,0.46
3306,383,6.75,43.13,1,100.2,93.0,1397,192.6,75.5,19.24,-25.305,5.219,4.197,206.0,206.3,71.0,1624,1,-13.8,0.47
3307,383,6.775,43.11,1,100.2,93.0,1397,192.5,75.5,19.28,-25.312,5.223,4.197,206.0,206.0,71.0,1624,1,-13.8,0.48
3308,383,6.775,43.16,1,100.1,93.0,1398,192.4,75.4,19.24,-25.312,5.223,4.197,205.0,205.7,71.0,1624,1,-13.8,0.46
3309,383,6.775,43.12,1,100.2,93.10000000000001,1398,192.3,75.5,19.29,-25.32,5.223,4.197,205.0,205.4,71.0,1624,1,-13.8,0.47
3310,383,6.775,43.13,1,100.2,93.10000000000001,1399,192.2,75.5,19.21,-25.32,5.223,4.197,205.0,205.1,71.0,1624,1,-13.8,0.47
3311,383,6.775,43.1,1,100.2,93.0,1400,192.1,75.6,19.27,-25.336,5.223,4.197,205.0,204.7,71.0,1624,1,-13.8,0.48
3312,383,6.775,43.17,1,100.2,93.0,1400,192.0,75.6,19.25,-25.344,5.227,4.197,204.0,204.3,71.0,1624,1,-13.8,0.47
3313,383,6.775,43.09,1,100.2,93.10000000000001,1400,191.9,75.7,18.74,-25.352,5.227,4.197,203.0,203.8,71.0,1624,1,-13.8,0.47
3314,383,6.775,42.92,1,99.7,92.7,1400,191.8,75.4,17.04,-25.367,5.23,4.197,203.0,203.4,71.0,1624,1,-13.8,0.47
3315,383,6.775,42.87,1,98.8,92.5,1395,191.9,75.2,16.38,-25.398,5.227,4.198,203.0,202.9,71.0,1624,1,-13.8,0.46
3316,383,6.775,42.85,1,98.3,92.4,1389,191.8,75.1,16.2,-25.414,5.227,4.197,203.0,202.5,71.0,1624,1,-13.8,0.45
3317,383,6.775,43.09,1,98.0,92.30000000000001,1385,191.8,74.9,16.2,-25.438,5.227,4.197,203.0,202.1,71.0,1624,1,-13.8,0.46
3318,383,6.775,43.12,1,98.1,92.30000000000001,1382,191.7,74.8,16.26,-25.461,5.227,4.197,203.0,201.6,71.0,1625,1,-13.8,0.46
3319,383,6.775,42.98,1,98.0,92.30000000000001,1381,191.6,74.9,16.18,-25.484,5.227,4.197,201.0,201.2,71.0,1625,1,-13.8,0.47
3320,383,6.775,43.09,1,98.0,92.30000000000001,1380,191.6,74.8,16.23,-25.5,5.223,4.197,200.0,200.7,71.0,1625,1,-13.8,0.47
3321,383,6.775,43.02,1,98.0,92.30000000000001,1380,191.7,74.9,16.16,-25.516,5.223,4.197,199.0,200.3,71.0,1625,1,-13.8,0.47
3322,383,6.775,43.03,1,98.0,92.30000000000001,1379,191.7,74.9,16.18,-25.531,5.223,4.197,199.0,199.9,71.0,1625,1,-13.8,0.47
3323,383,6.75,43.1,1,98.0,92.30000000000001,1378,191.8,74.7,16.29,-25.547,5.223,4.197,199.0,199.5,71.0,1625,1,-13.8,0.47
3324,383,6.775,43.01,1,98.2,92.4,1378,191.8,74.7,17.23,-25.562,5.223,4.197,199.0,199.2,71.0,1625,1,-13.8,0.47
3325,383,6.775,43.09,1,98.7,92.7,1380,191.9,75.0,17.69,-25.57,5.223,4.197,198.0,198.9,71.0,1625,1,-13.8,0.47
3326,383,6.75,43.19,1,99.0,92.7,1384,191.9,75.2,17.75,-25.578,5.223,4.197,198.0,198.7,71.0,1625,1,-13.8,0.47
3327,383,6.775,43.08,1,99.2,92.80000000000001,1386,191.9,75.3,17.73,-25.578,5.223,4.197,198.0,198.6,71.0,1625,1,-13.8,0.48
3328,383,6.75,43.13,1,99.2,92.7,1388,192.0,75.2,17.79,-25.586,5.219,4.197,198.0,198.5,71.0,1625,1,-13.8,0.48
3329,383,6.775,43.03,1,99.3,92.80000000000001,1389,192.1,75.3,18.12,-25.602,5.219,4.197,198.0,198.4,71.0,1625,1,-13.8,0.47
3330,383,6.775,43.21,1,99.5,92.9,1389,192.1,75.2,18.38,-25.609,5.223,4.197,198.0,198.4,71.0,1625,1,-13.8,0.48
3331,383,6.75,43.05,1,99.7,92.9,1391,192.1,75.3,18.43,-25.617,5.219,4.197,198.0,198.4,71.0,1625,1,-13.9,0.48
3332,383,6.75,43.11,1,99.7,92.9,1392,192.1,75.4,18.44,-25.625,5.223,4.197,198.0,198.5,71.0,1625,1,-13.8,0.47
3333,383,6.775,43.06,1,99.7,92.9,1393,192.0,75.2,18.75,-25.633,5.223,4.197,199.0,198.6,71.0,1625,1,-13.9,0.47
3334,383,6.775,43.15,1,100.0,93.0,1395,192.0,75.5,18.9,-25.641,5.223,4.197,198.0,198.7,71.0,1625,1,-13.9,0.47
3335,383,6.775,43.06,1,100.0,93.0,1396,191.9,75.5,18.9,-25.641,5.223,4.197,199.0,198.8,71.0,1625,1,-13.9,0.46
3336,383,6.775,43.19,1,100.1,93.0,1397,191.8,75.5,19.0,-25.648,5.219,4.197,199.0,199.0,71.0,1625,1,-13.9,0.47
3337,383,6.775,43.13,1,100.2,93.10000000000001,1398,191.7,75.7,19.27,-25.648,5.219,4.197,199.0,199.2,71.0,1625,1,-13.9,0.47
3338,383,6.775,43.14,1,100.29999999999998,93.10000000000001,1399,191.7,75.5,19.19,-25.641,5.219,4.197,199.0,199.4,71.0,1625,1,-13.9,0.47
3339,383,6.775,43.12,1,100.29999999999998,93.0,1400,191.6,75.4,19.31,-25.641,5.219,4.197,199.0,199.6,71.0,1625,1,-13.9,0.48
3340,383,6.775,43.12,1,100.4,93.10000000000001,1400,191.5,75.6,19.31,-25.641,5.219,4.197,200.0,199.8,71.0,1625,1,-13.9,0.46
3341,383,6.775,43.13,1,100.4,93.10000000000001,1400,191.4,75.5,19.21,-25.648,5.219,4.197,200.0,200.0,71.0,1625,1,-13.9,0.47
3342,383,6.775,43.14,1,100.4,93.0,1401,191.4,75.5,19.23,-25.648,5.219,4.197,201.0,200.2,71.0,1625,1,-13.9,0.47
3343,383,6.775,43.1,1,100.29999999999998,93.0,1401,191.4,75.7,19.28,-25.656,5.223,4.197,201.0,200.5,71.0,1625,1,-13.9,0.47
3344,383,6.775,43.21,1,100.29999999999998,93.0,1401,191.4,75.6,19.21,-25.664,5.223,4.197,202.0,200.7,71.0,1625,1,-13.9,0.47
3345,383,6.775,43.11,1,100.4,93.0,1400,191.3,75.6,19.16,-25.664,5.223,4.197,203.0,200.9,71.0,1625,1,-13.9,0.46
3346,383,6.775,43.15,1,100.4,93.10000000000001,1401,191.3,75.5,19.24,-25.664,5.223,4.197,203.0,201.2,71.0,1625,1,-13.9,0.47
3347,384,6.775,43.14,1,100.4,93.10000000000001,1401,191.2,75.6,19.16,-25.656,5.223,4.197,203.0,201.4,71.0,1625,1,-13.9,0.47
3348,384,6.775,43.14,1,100.29999999999998,93.10000000000001,1402,191.1,75.7,19.23,-25.656,5.223,4.197,203.0,201.7,71.0,1625,1,-13.9,0.46
3349,384,6.775,43.29,1,100.29999999999998,93.0,1402,191.0,75.4,19.22,-25.648,5.223,4.197,203.0,201.8,71.0,1625,1,-13.9,0.47
3350,384,6.775,43.14,1,100.29999999999998,93.10000000000001,1402,190.9,75.3,19.19,-25.648,5.223,4.197,203.0,202.0,71.0,1625,1,-13.9,0.46
3351,384,6.775,43.13,1,100.29999999999998,93.10000000000001,1402,190.9,75.4,19.2,-25.656,5.223,4.197,203.0,202.2,71.0,1625,1,-13.9,0.46
3352,384,6.775,43.14,1,100.4,93.10000000000001,1402,190.9,75.5,19.29,-25.648,5.223,4.197,203.0,202.3,71.0,1625,1,-13.9,0.46
3353,384,6.775,43.2,1,100.4,93.10000000000001,1402,190.9,75.6,19.23,-25.648,5.223,4.197,203.0,202.3,71.0,1625,1,-13.9,0.46
3354,384,6.75,43.08,1,100.4,93.10000000000001,1402,190.8,75.5,19.2,-25.648,5.227,4.198,203.0,202.4,71.0,1625,1,-13.9,0.46
3355,384,6.75,43.1,1,100.29999999999998,93.10000000000001,1402,190.9,75.5,19.14,-25.648,5.227,4.197,203.0,202.3,71.0,1625,1,-13.9,0.47
3356,384,6.775,43.1,1,100.29999999999998,93.10000000000001,1402,190.8,75.6,19.19,-25.648,5.227,4.197,203.0,202.2,71.0,1626,1,-13.9,0.47
3357,384,6.775,43.06,1,100.2,93.0,1402,190.7,75.5,18.2,-25.641,5.227,4.197,203.0,202.1,71.0,1626,1,-13.9,0.47
3358,384,6.775,43.01,1,99.7,92.7,1400,190.7,75.4,17.54,-25.648,5.227,4.197,203.0,202.0,71.0,1626,1,-14.0,0.47
3359,384,6.775,42.96,1,99.3,92.7,1397,190.7,75.3,17.48,-25.648,5.227,4.197,203.0,201.8,71.0,1626,1,-14.0,0.46
3360,384,6.775,42.97,1,99.1,92.7,1395,190.6,75.3,17.51,-25.656,5.227,4.197,203.0,201.6,71.0,1626,1,-13.9,0.47
3361,384,6.775,43.04,1,99.1,92.7,1394,190.7,75.2,17.41,-25.664,5.227,4.197,203.0,201.3,71.0,1626,1,-14.0,0.46
3362,384,6.775,42.92,1,99.0,92.7,1393,190.8,75.3,17.46,-25.672,5.227,4.197,203.0,201.0,71.0,1626,1,-14.0,0.46
3363,384,6.775,43.1,1,99.1,92.7,1393,190.7,75.1,17.49,-25.672,5.227,4.197,201.0,200.8,71.0,1626,1,-14.0,0.46
3364,384,6.775,42.89,1,99.1,92.7,1392,190.7,75.1,17.46,-25.672,5.227,4.197,201.0,200.5,71.0,1626,1,-14.0,0.47
3365,384,6.775,43.19,1,99.1,92.7,1391,190.8,74.9,17.45,-25.68,5.227,4.197,201.0,200.2,71.0,1626,1,-14.0,0.46
3366,384,6.775,43.25,1,99.1,92.7,1391,190.8,75.1,17.48,-25.68,5.223,4.197,199.0,199.9,71.0,1626,1,-14.0,0.46
3367,384,6.775,42.99,1,99.1,92.7,1391,190.8,75.3,17.43,-25.688,5.227,4.197,199.0,199.5,71.0,1626,1,-14.0,0.46
3368,384,6.775,42.91,1,99.1,92.7,1391,190.8,75.1,17.46,-25.688,5.227,4.197,199.0,199.2,71.0,1626,1,-14.0,0.47
3369,384,6.775,43.01,1,99.1,92.7,1390,190.9,75.2,17.45,-25.688,5.227,4.197,198.0,198.9,71.0,1626,1,-14.0,0.46
3370,384,6.75,43.07,1,99.1,92.7,1389,190.9,75.1,17.52,-25.688,5.227,4.197,198.0,198.6,71.0,1626,1,-14.0,0.46
3371,384,6.775,42.85,1,99.1,92.7,1389,190.9,75.2,17.48,-25.688,5.227,4.197,198.0,198.3,71.0,1626,1,-14.0,0.46
3372,384,6.775,43.11,1,99.1,92.7,1389,191.0,75.3,17.46,-25.68,5.227,4.197,197.0,198.0,71.0,1626,1,-14.0,0.47
3373,384,6.775,42.88,1,99.1,92.7,1390,191.0,75.2,17.46,-25.68,5.223,4.197,197.0,197.7,71.0,1626,1,-14.0,0.46
3374,384,6.775,42.93,1,99.1,92.7,1390,191.0,75.1,17.41,-25.68,5.223,4.197,197.0,197.4,71.0,1626,1,-14.0,0.46
3375,384,6.775,43.04,1,99.0,92.7,1390,191.1,75.1,17.57,-25.688,5.223,4.197,197.0,197.1,71.0,1626,1,-14.0,0.46
3376,383,6.775,43.13,1,99.2,92.80000000000001,1390,191.2,75.3,18.28,-25.688,5.223,4.197,196.0,196.8,71.0,1626,1,-14.0,0.46
3377,383,6.775,43.03,1,99.5,92.9,1392,191.2,75.4,18.4,-25.68,5.223,4.197,196.0,196.6,71.0,1626,1,-14.0,0.45
3378,383,6.775,43.05,1,99.7,92.9,1394,191.1,75.2,18.41,-25.688,5.223,4.197,196.0,196.3,71.0,1626,1,-14.0,0.46
3379,383,6.775,43.02,1,99.7,92.9,1395,191.2,75.3,18.44,-25.68,5.223,4.197,196.0,196.1,71.0,1626,1,-14.0,0.46
3380,384,6.775,43.02,1,99.8,92.9,1396,191.2,75.4,18.46,-25.68,5.223,4.197,195.0,195.8,71.0,1626,1,-14.0,0.46
3381,384,6.775,43.28,1,99.8,92.9,1396,191.2,75.3,18.49,-25.68,5.223,4.197,195.0,195.6,71.0,1626,1,-14.0,0.46
3382,384,6.75,43.07,1,99.8,92.9,1396,191.2,75.2,18.43,-25.68,5.223,4.197,195.0,195.4,71.0,1626,1,-14.1,0.46
3383,384,6.775,43.02,1,99.8,92.9,1396,191.1,75.4,18.71,-25.68,5.227,4.197,194.0,195.2,71.0,1626,1,-14.1,0.46
3384,384,6.775,42.98,1,100.0,93.0,1397,191.1,75.4,19.08,-25.688,5.227,4.197,194.0,195.0,71.0,1626,1,-14.1,0.46
3385,384,6.775,42.98,1,100.2,93.10000000000001,1399,191.1,75.5,18.86,-25.688,5.227,4.197,194.0,194.8,71.0,1626,1,-14.1,0.46
3386,384,6.775,43.09,1,100.1,93.0,1400,191.1,75.6,18.93,-25.68,5.227,4.197,194.0,194.6,71.0,1626,1,-14.1,0.46
3387,384,6.775,43.06,1,100.2,93.0,1400,191.2,75.5,18.97,-25.68,5.223,4.197,194.0,194.5,71.0,1626,1,-14.1,0.46
3388,384,6.775,43.09,1,100.2,93.10000000000001,1400,191.2,75.6,18.95,-25.68,5.223,4.197,194.0,194.5,71.0,1626,1,-14.1,0.46
3389,384,6.775,43.0,1,100.2,93.10000000000001,1400,191.1,75.5,19.07,-25.68,5.223,4.197,194.0,194.5,71.0,1626,1,-14.1,0.47
3390,384,6.775,43.04,1,100.2,93.0,1400,191.1,75.5,19.01,-25.68,5.223,4.197,194.0,194.5,71.0,1626,1,-14.1,0.46
3391,384,6.775,43.02,1,100.2,93.0,1400,191.1,75.5,18.98,-25.672,5.227,4.197,194.0,194.6,71.0,1627,1,-14.1,0.47
3392,384,6.775,43.0,1,100.2,93.0,1400,191.0,75.4,18.98,-25.672,5.227,4.197,195.0,194.7,71.0,1627,1,-14.1,0.46
3393,384,6.775,43.09,1,100.2,93.10000000000001,1401,190.9,75.5,19.01,-25.68,5.227,4.197,195.0,194.9,71.0,1627,1,-14.1,0.46
3394,384,6.75,43.21,1,100.29999999999998,93.0,1401,191.0,75.5,18.95,-25.68,5.227,4.197,195.0,195.1,71.0,1627,1,-14.1,0.47
3395,384,6.775,43.07,1,100.29999999999998,93.10000000000001,1401,191.0,75.5,18.96,-25.672,5.227,4.197,196.0,195.3,71.0,1627,1,-14.1,0.46
3396,384,6.75,43.0,1,100.2,93.0,1400,190.9,75.4,19.06,-25.672,5.223,4.197,196.0,195.6,71.0,1627,1,-14.1,0.46
3397,384,6.775,43.04,1,100.2,93.0,1400,190.8,75.5,18.92,-25.672,5.227,4.197,196.0,195.9,71.0,1627,1,-14.1,0.46
3398,384,6.775,43.04,1,100.2,93.0,1400,190.6,75.6,19.14,-25.672,5.227,4.197,196.0,196.2,71.0,1627,1,-14.1,0.46
3399,384,6.775,43.06,1,100.2,93.0,1400,190.6,75.4,19.04,-25.68,5.227,4.197,197.0,196.5,71.0,1627,1,-14.1,0.46
3400,384,6.75,43.14,1,100.2,93.10000000000001,1400,190.6,75.5,19.03,-25.68,5.227,4.197,197.0,196.9,71.0,1627,1,-14.1,0.46
3401,384,6.775,43.04,1,100.2,93.0,1400,190.5,75.5,18.96,-25.68,5.227,4.197,198.0,197.2,71.0,1627,1,-14.1,0.46
3402,384,6.775,43.12,1,100.2,93.0,1400,190.5,75.4,18.97,-25.68,5.227,4.197,198.0,197.5,71.0,1627,1,-14.1,0.46
3403,384,6.775,43.06,1,100.2,93.0,1401,190.6,75.6,18.97,-25.672,5.227,4.197,198.0,197.8,71.0,1627,1,-14.2,0.46
3404,384,6.775,43.02,1,100.2,93.0,1401,190.5,75.6,19.05,-25.672,5.227,4.197,198.0,198.0,71.0,1627,1,-14.1,0.46
3405,384,6.775,43.03,1,100.2,93.0,1402,190.5,75.5,19.09,-25.672,5.227,4.197,199.0,198.2,71.0,1627,1,-14.2,0.47
3406,384,6.775,43.07,1,100.4,93.10000000000001,1402,190.4,75.5,19.5,-25.672,5.223,4.197,199.0,198.4,71.0,1627,1,-14.2,0.46
3407,384,6.775,43.06,1,100.49999999999999,93.10000000000001,1404,190.4,75.5,19.57,-25.672,5.223,4.197,199.0,198.5,71.0,1627,1,-14.2,0.45
3408,384,6.775,43.04,1,100.6,93.10000000000001,1404,190.4,75.5,19.52,-25.664,5.223,4.197,199.0,198.5,71.0,1627,1,-14.2,0.46
3409,384,6.775,43.06,1,100.6,93.10000000000001,1404,190.4,75.6,19.57,-25.664,5.223,4.197,199.0,198.5,71.0,1627,1,-14.2,0.45
3410,384,6.75,43.05,1,100.69999999999999,93.2,1404,190.4,75.5,19.68,-25.664,5.223,4.197,199.0,198.5,71.0,1627,1,-14.2,0.46
3411,384,6.775,43.07,1,100.69999999999999,93.2,1405,190.4,75.6,20.16,-25.664,5.223,4.197,199.0,198.5,71.0,1627,1,-14.2,0.45
3412,384,6.775,43.1,1,101.0,93.30000000000001,1406,190.4,75.8,20.2,-25.664,5.223,4.197,199.0,198.4,71.0,1627,1,-14.2,0.46
3413,384,6.775,43.1,1,101.1,93.30000000000001,1406,190.4,75.7,20.25,-25.664,5.223,4.197,198.0,198.3,71.0,1627,1,-14.2,0.46
3414,384,6.775,43.1,1,101.1,93.30000000000001,1406,190.4,75.6,20.23,-25.656,5.219,4.197,198.0,198.2,71.0,1627,1,-14.2,0.46
3415,384,6.775,43.07,1,101.1,93.2,1406,190.4,75.6,20.34,-25.656,5.223,4.198,198.0,198.1,71.0,1627,1,-14.2,0.46
3416,384,6.775,43.15,1,101.2,93.30000000000001,1407,190.3,75.6,20.59,-25.664,5.223,4.197,198.0,197.9,71.0,1627,1,-14.2,0.47
3417,384,6.775,43.18,1,101.29999999999998,93.30000000000001,1408,190.3,75.8,20.64,-25.664,5.223,4.197,198.0,197.7,71.0,1627,1,-14.2,0.46
3418,384,6.75,43.13,1,101.4,93.30000000000001,1409,190.3,75.8,20.59,-25.656,5.223,4.197,197.0,197.5,71.0,1627,1,-14.2,0.48
3419,384,6.775,43.31,1,101.4,93.30000000000001,1409,190.2,75.7,20.69,-25.656,5.223,4.197,197.0,197.4,71.0,1627,1,-14.2,0.47
3420,384,6.75,43.17,1,101.49999999999999,93.4,1410,190.1,75.8,20.96,-25.648,5.219,4.197,197.0,197.2,71.0,1627,1,-14.2,0.46
3421,384,6.775,43.15,1,101.6,93.4,1410,190.1,75.8,21.1,-25.641,5.223,4.197,197.0,197.0,71.0,1627,1,-14.2,0.47
3422,384,6.775,43.17,1,101.6,93.4,1411,190.0,75.8,21.1,-25.641,5.223,4.197,197.0,196.8,71.0,1627,1,-14.2,0.47
3423,384,6.775,43.09,1,101.6,93.4,1412,189.9,75.8,21.09,-25.641,5.219,4.197,196.0,196.6,71.0,1627,1,-14.2,0.46
3424,384,6.75,43.12,1,101.6,93.4,1411,189.8,75.8,21.1,-25.641,5.219,4.197,196.0,196.4,71.0,1627,1,-14.2,0.47
3425,384,6.775,43.16,1,101.6,93.4,1412,189.8,75.9,21.11,-25.633,5.219,4.197,196.0,196.2,71.0,1627,1,-14.2,0.47
3426,384,6.775,43.12,1,101.6,93.4,1413,189.7,75.8,21.11,-25.625,5.219,4.197,196.0,196.0,71.0,1628,1,-14.2,0.47
3427,385,6.775,43.2,1,101.6,93.4,1414,189.7,75.7,21.15,-25.625,5.219,4.197,196.0,195.9,71.0,1628,1,-14.3,0.47
3428,385,6.775,43.12,1,101.6,93.4,1414,189.6,75.8,21.12,-25.617,5.219,4.197,195.0,195.7,71.0,1628,1,-14.3,0.46
3429,385,6.775,43.11,1,101.6,93.4,1412,189.6,75.8,21.09,-25.617,5.219,4.197,195.0,195.5,71.0,1628,1,-14.3,0.46
3430,385,6.75,43.09,1,101.6,93.4,1412,189.6,75.9,21.05,-25.609,5.219,4.197,195.0,195.4,71.0,1628,1,-14.3,0.46
3431,385,6.775,43.14,1,101.6,93.4,1412,189.5,75.8,21.09,-25.609,5.219,4.197,195.0,195.2,71.0,1628,1,-14.3,0.46
3432,385,6.775,43.2,1,101.6,93.4,1413,189.6,75.9,21.05,-25.609,5.219,4.197,195.0,195.1,71.0,1628,1,-14.3,0.46
3433,385,6.75,43.06,1,101.6,93.4,1412,189.6,75.8,21.08,-25.609,5.223,4.197,195.0,194.9,71.0,1628,1,-14.3,0.46
3434,385,6.775,43.0,1,101.6,93.4,1412,189.5,75.8,21.11,-25.602,5.223,4.197,194.0,194.8,71.0,1628,1,-14.3,0.46
3435,385,6.775,43.19,1,101.6,93.4,1413,189.5,75.8,21.08,-25.594,5.223,4.197,195.0,194.7,71.0,1628,1,-14.3,0.46
3436,385,6.775,43.19,1,101.6,93.4,1413,189.4,75.7,21.17,-25.586,5.223,4.197,195.0,194.6,71.0,1628,1,-14.3,0.47
3437,385,6.75,43.18,1,101.6,93.4,1413,189.4,75.7,21.09,-25.586,5.223,4.197,194.0,194.5,71.0,1628,1,-14.3,0.46
3438,385,6.775,43.15,1,101.6,93.4,1413,189.4,75.9,21.11,-25.578,5.223,4.197,194.0,194.4,71.0,1628,1,-14.3,0.46
3439,385,6.775,43.08,1,101.6,93.4,1413,189.4,75.8,21.07,-25.578,5.223,4.197,194.0,194.3,71.0,1628,1,-14.3,0.45
3440,385,6.75,43.19,1,101.6,93.4,1413,189.5,75.8,21.11,-25.578,5.223,4.197,194.0,194.2,71.0,1628,1,-14.3,0.45
3441,385,6.775,43.13,1,101.6,93.4,1413,189.5,75.8,21.1,-25.578,5.223,4.197,194.0,194.2,71.0,1628,1,-14.3,0.46
3442,385,6.775,42.78,1,101.6,93.4,1413,189.5,75.6,21.05,-25.578,5.223,4.197,194.0,194.1,71.0,1628,1,-14.3,0.46
3443,385,6.775,45.45,1,101.6,93.4,1413,189.6,75.8,21.11,-25.586,5.223,4.197,194.0,194.1,71.0,1628,1,-14.3,0.46
3444,385,6.75,45.83,1,101.6,93.4,1414,189.6,75.9,21.1,-25.586,5.223,4.198,194.0,194.1,71.0,1628,1,-14.3,0.46
3445,385,6.75,45.65,1,101.6,93.4,1413,189.5,75.8,21.06,-25.586,5.223,4.198,194.0,194.1,71.0,1628,1,-14.3,0.46
3446,385,6.775,45.29,1,101.6,93.4,1413,189.5,76.0,21.07,-25.578,5.223,4.197,194.0,194.2,71.0,1628,1,-14.4,0.47
3447,385,6.775,45.61,1,101.6,93.4,1413,189.5,75.9,21.12,-25.578,5.223,4.197,194.0,194.3,71.0,1628,1,-14.4,0.47
3448,385,6.775,45.87,1,101.49999999999999,93.4,1413,189.6,75.9,21.08,-25.57,5.223,4.197,194.0,194.3,71.0,1628,1,-14.3,0.46
3449,385,6.775,45.77,1,101.6,93.4,1413,189.5,75.9,21.14,-25.57,5.227,4.197,194.0,194.4,71.0,1628,1,-14.4,0.47
3450,385,6.775,45.4,1,101.49999999999999,93.4,1413,189.5,75.9,21.11,-25.57,5.227,4.197,194.0,194.6,71.0,1628,1,-14.4,0.46
3451,385,6.775,45.38,1,101.6,93.4,1413,189.6,75.9,21.11,-25.562,5.223,4.197,194.0,194.6,71.0,1628,1,-14.4,0.47
3452,385,6.775,45.6,1,101.49999999999999,93.4,1412,189.6,75.7,21.1,-25.562,5.227,4.197,194.0,194.8,71.0,1628,1,-14.4,0.46
3453,385,6.775,45.89,1,101.49999999999999,93.4,1412,189.6,75.8,21.11,-25.555,5.227,4.198,195.0,194.8,71.0,1628,1,-14.4,0.45
3454,386,6.75,46.31,1,101.49999999999999,93.4,1412,189.6,75.8,21.09,-25.555,5.227,4.197,194.0,194.9,71.0,1628,1,-14.4,0.47
3455,386,6.775,46.02,1,101.6,93.4,1412,189.5,75.9,20.59,-25.555,5.227,4.198,195.0,195.0,71.0,1628,1,-14.4,0.46
3456,386,6.775,46.03,1,101.29999999999998,93.2,1411,189.6,75.8,19.97,-25.562,5.227,4.197,194.0,195.1,71.0,1628,1,-14.4,0.46
3457,386,6.75,45.66,1,101.0,93.2,1409,189.6,75.7,19.91,-25.57,5.227,4.197,195.0,195.1,71.0,1628,1,-14.4,0.47
3458,386,6.775,45.29,1,100.89999999999999,93.30000000000001,1408,189.6,75.6,19.94,-25.57,5.227,4.197,195.0,195.2,71.0,1628,1,-14.4,0.46
3459,386,6.775,45.74,1,100.8,93.30000000000001,1408,189.6,75.5,19.91,-25.57,5.227,4.197,195.0,195.2,71.0,1628,1,-14.4,0.47
3460,386,6.775,45.92,1,100.8,93.2,1408,189.5,75.4,19.92,-25.578,5.227,4.197,195.0,195.2,71.0,1628,1,-14.4,0.47
3461,386,6.75,45.72,1,100.8,93.2,1408,189.5,75.6,19.82,-25.578,5.227,4.197,195.0,195.3,71.0,1629,1,-14.4,0.47
3462,386,6.775,45.56,1,100.8,93.30000000000001,1408,189.5,75.7,19.83,-25.57,5.227,4.197,195.0,195.3,71.0,1629,1,-14.4,0.46
3463,386,6.775,45.59,1,100.8,93.2,1407,189.5,75.6,19.87,-25.57,5.227,4.197,195.0,195.3,71.0,1629,1,-14.4,0.47
3464,386,6.775,45.87,1,100.8,93.2,1407,189.5,75.5,19.9,-25.57,5.227,4.197,195.0,195.4,71.0,1629,1,-14.4,0.47
3465,386,6.775,45.6,1,100.8,93.2,1407,189.6,75.7,19.83,-25.562,5.227,4.198,196.0,195.4,71.0,1629,1,-14.4,0.47
3466,386,6.775,45.63,1,100.8,93.2,1407,189.7,75.6,19.89,-25.562,5.227,4.197,196.0,195.4,71.0,1629,1,-14.4,0.46
3467,386,6.775,45.43,1,100.8,93.30000000000001,1407,189.7,75.5,19.88,-25.562,5.227,4.197,196.0,195.4,71.0,1629,1,-14.4,0.47
3468,386,6.775,45.68,1,100.8,93.2,1406,189.7,75.6,19.44,-25.562,5.227,4.197,195.0,195.4,71.0,1629,1,-14.5,0.47
3469,386,6.75,45.58,1,100.49999999999999,93.0,1406,189.8,75.5,18.92,-25.555,5.227,4.197,195.0,195.4,71.0,1629,1,-14.5,0.47
3470,386,6.775,45.44,1,100.2,93.10000000000001,1404,189.8,75.4,18.98,-25.555,5.227,4.197,196.0,195.4,71.0,1629,1,-14.5,0.46
3471,386,6.775,45.38,1,100.2,93.10000000000001,1403,189.9,75.6,18.99,-25.562,5.227,4.197,196.0,195.4,71.0,1629,1,-14.5,0.45
3472,386,6.775,45.29,1,100.2,93.10000000000001,1402,189.9,75.4,19.05,-25.562,5.227,4.197,195.0,195.4,71.0,1629,1,-14.5,0.46
3473,386,6.775,45.22,1,100.1,93.0,1402,189.9,75.6,18.89,-25.57,5.227,4.197,195.0,195.3,71.0,1629,1,-14.5,0.46
3474,386,6.775,45.12,1,100.1,93.10000000000001,1401,190.0,75.5,18.98,-25.57,5.227,4.197,195.0,195.3,71.0,1629,1,-14.5,0.46
3475,386,6.775,45.64,1,100.1,93.10000000000001,1401,190.0,75.6,18.98,-25.57,5.227,4.197,196.0,195.2,71.0,1629,1,-14.5,0.46
3476,386,6.775,45.73,1,100.2,93.10000000000001,1401,190.0,75.5,18.91,-25.57,5.227,4.197,196.0,195.1,71.0,1629,1,-14.5,0.47
3477,386,6.775,45.74,1,100.1,93.0,1402,190.0,75.4,18.92,-25.57,5.227,4.197,195.0,195.1,71.0,1629,1,-14.5,0.46
3478,386,6.775,45.48,1,100.1,93.10000000000001,1402,190.0,75.5,18.98,-25.578,5.227,4.197,195.0,195.0,71.0,1629,1,-14.5,0.47
3479,386,6.775,45.43,1,100.1,93.0,1401,190.1,75.5,18.84,-25.586,5.227,4.197,195.0,194.9,71.0,1629,1,-14.5,0.46
3480,386,6.75,45.24,1,100.1,93.0,1401,190.1,75.5,18.96,-25.586,5.227,4.198,195.0,194.9,71.0,1629,1,-14.5,0.46
3481,386,6.775,45.29,1,100.1,93.0,1401,190.2,75.5,18.87,-25.578,5.227,4.198,195.0,194.8,71.0,1629,1,-14.5,0.47
3482,386,6.775,45.41,1,100.1,93.10000000000001,1400,190.2,75.4,18.93,-25.578,5.227,4.197,195.0,194.7,71.0,1629,1,-14.5,0.46
3483,386,6.775,45.21,1,100.2,93.10000000000001,1400,190.3,75.4,19.02,-25.578,5.227,4.197,194.0,194.6,71.0,1629,1,-14.5,0.46
3484,386,6.775,45.26,1,100.1,93.10000000000001,1401,190.2,75.5,18.95,-25.578,5.227,4.197,194.0,194.6,71.0,1629,1,-14.5,0.46
3485,386,6.775,45.29,1,100.1,93.10000000000001,1401,190.2,75.6,18.89,-25.57,5.227,4.197,194.0,194.5,71.0,1629,1,-14.5,0.47
3486,386,6.775,45.25,1,100.1,93.10000000000001,1401,190.3,75.5,18.78,-25.57,5.227,4.197,194.0,194.4,71.0,1629,1,-14.5,0.46
3487,386,6.775,45.14,1,99.9,92.9,1401,190.3,75.5,18.0,-25.57,5.23,4.197,194.0,194.3,71.0,1629,1,-14.5,0.47
3488,386,6.775,44.94,1,99.5,92.9,1398,190.4,75.5,17.92,-25.578,5.23,4.197,194.0,194.2,71.0,1629,1,-14.6,0.47
3489,386,6.775,45.42,1,99.4,92.80000000000001,1396,190.4,75.5,17.88,-25.586,5.23,4.197,194.0,194.1,71.0,1629,1,-14.5,0.47
3490,386,6.775,45.21,1,99.4,92.9,1396,190.5,75.5,17.89,-25.586,5.23,4.197,194.0,194.0,71.0,1629,1,-14.6,0.47
3491,386,6.775,45.28,1,99.3,92.80000000000001,1395,190.5,75.3,17.91,-25.594,5.23,4.197,194.0,193.9,71.0,1629,1,-14.6,0.46
3492,386,6.775,45.28,1,99.3,92.80000000000001,1395,190.5,75.3,17.87,-25.594,5.23,4.197,194.0,193.8,71.0,1629,1,-14.6,0.46
3493,386,6.775,45.41,1,99.3,92.80000000000001,1395,190.6,75.3,17.94,-25.602,5.23,4.198,194.0,193.7,71.0,1629,1,-14.6,0.47
3494,386,6.75,45.47,1,99.4,92.9,1394,190.7,75.3,17.93,-25.602,5.23,4.197,194.0,193.6,71.0,1629,1,-14.6,0.47
3495,387,6.775,45.62,1,99.4,92.80000000000001,1394,190.6,75.4,17.88,-25.602,5.23,4.197,193.0,193.5,71.0,1629,1,-14.6,0.47
3496,387,6.775,45.21,1,99.4,92.9,1394,190.6,75.2,17.93,-25.602,5.23,4.197,193.0,193.4,71.0,1629,1,-14.6,0.47
3497,387,6.75,45.31,1,99.4,92.80000000000001,1394,190.6,75.3,17.79,-25.602,5.23,4.197,193.0,193.3,71.0,1630,1,-14.6,0.47
3498,387,6.775,46.05,1,99.2,92.7,1393,190.5,75.3,17.2,-25.602,5.23,4.197,193.0,193.2,71.0,1630,1,-14.6,0.47
3499,386,6.775,45.72,1,99.0,92.7,1392,190.5,75.4,17.17,-25.602,5.23,4.197,193.0,193.1,71.0,1630,1,-14.6,0.47
3500,386,6.775,45.53,1,98.9,92.7,1390,190.7,75.4,17.13,-25.609,5.23,4.197,193.0,193.0,71.0,1630,1,-14.6,0.47
3501,386,6.775,45.47,1,98.8,92.60000000000001,1389,190.8,75.3,17.19,-25.609,5.227,4.198,193.0,193.0,71.0,1630,1,-14.6,0.47
3502,386,6.775,45.25,1,98.8,92.60000000000001,1388,190.8,75.3,17.16,-25.617,5.227,4.197,193.0,192.9,71.0,1630,1,-14.6,0.46
3503,386,6.775,45.41,1,98.8,92.60000000000001,1388,190.8,75.2,17.15,-25.617,5.227,4.197,193.0,192.8,71.0,1630,1,-14.6,0.47
3504,386,6.775,45.56,1,98.8,92.60000000000001,1387,190.8,75.1,17.12,-25.625,5.227,4.197,193.0,192.8,71.0,1630,1,-14.6,0.46
3505,386,6.75,45.57,1,98.8,92.60000000000001,1387,190.8,75.3,17.15,-25.625,5.227,4.197,193.0,192.7,71.0,1630,1,-14.6,0.47
3506,386,6.775,45.1,1,98.8,92.60000000000001,1387,190.8,75.0,17.07,-25.625,5.227,4.197,193.0,192.7,71.0,1630,1,-14.6,0.46
3507,386,6.775,44.9,1,98.8,92.60000000000001,1387,190.9,75.1,17.12,-25.625,5.227,4.197,193.0,192.6,71.0,1630,1,-14.6,0.47
3508,386,6.775,45.38,1,98.8,92.60000000000001,1386,190.9,75.1,17.16,-25.625,5.227,4.197,193.0,192.5,71.0,1630,1,-14.6,0.46
3509,386,6.775,45.43,1,98.8,92.60000000000001,1387,190.9,75.0,17.13,-25.625,5.227,4.197,193.0,192.4,71.0,1630,1,-14.6,0.46
3510,386,6.775,45.33,1,98.8,92.60000000000001,1386,191.0,75.2,17.16,-25.617,5.227,4.197,193.0,192.4,71.0,1630,1,-14.6,0.46
3511,386,6.775,45.62,1,98.8,92.60000000000001,1386,191.0,75.2,17.17,-25.625,5.227,4.198,193.0,192.3,71.0,1630,1,-14.6,0.46
3512,385,6.75,45.35,1,98.8,92.60000000000001,1386,191.0,75.1,17.14,-25.625,5.223,4.197,192.0,192.2,71.0,1630,1,-14.6,0.47
3513,385,6.75,45.33,1,98.8,92.60000000000001,1387,191.0,75.1,17.31,-25.625,5.223,4.197,192.0,192.2,71.0,1630,1,-14.7,0.47
3514,385,6.775,45.27,1,99.0,92.80000000000001,1387,191.0,75.2,18.32,-25.625,5.223,4.197,192.0,192.1,71.0,1630,1,-14.7,0.46
3515,385,6.775,45.02,1,99.5,93.0,1390,191.0,75.3,18.64,-25.617,5.223,4.198,192.0,192.0,71.0,1630,1,-14.7,0.46
3516,385,6.775,45.22,1,99.8,93.0,1394,191.1,75.4,18.73,-25.609,5.223,4.197,192.0,191.9,71.0,1630,1,-14.7,0.47
3517,385,6.775,45.69,1,100.0,93.0,1396,190.9,75.5,18.8,-25.602,5.223,4.197,192.0,191.8,71.0,1630,1,-14.7,0.45
3518,385,6.775,45.31,1,100.0,93.0,1396,191.0,75.6,18.75,-25.594,5.227,4.197,192.0,191.8,71.0,1630,1,-14.7,0.46
3519,385,6.75,45.01,1,100.0,93.0,1397,191.0,75.6,18.76,-25.586,5.223,4.197,192.0,191.7,71.0,1630,1,-14.7,0.47
3520,385,6.775,45.07,1,100.0,93.0,1397,191.0,75.4,18.79,-25.586,5.223,4.197,192.0,191.6,71.0,1630,1,-14.7,0.47
3521,385,6.775,44.62,1,100.0,93.0,1397,191.0,75.4,19.06,-25.578,5.223,4.198,192.0,191.5,71.0,1630,1,-14.7,0.46
3522,385,6.775,46.03,1,100.29999999999998,93.2,1398,191.0,75.5,19.71,-25.578,5.223,4.198,191.0,191.5,71.0,1630,1,-14.7,0.47
3523,385,6.75,45.71,1,100.6,93.2,1400,190.9,75.5,19.78,-25.578,5.223,4.197,191.0,191.4,71.0,1630,1,-14.7,0.46
3524,385,6.75,45.54,1,100.69999999999999,93.2,1402,190.9,75.5,19.83,-25.57,5.223,4.197,191.0,191.4,71.0,1630,1,-14.7,0.47
3525,385,6.775,45.21,1,100.69999999999999,93.2,1403,190.8,75.6,19.79,-25.57,5.223,4.197,191.0,191.3,71.0,1630,1,-14.7,0.46
3526,385,6.775,45.65,1,100.8,93.2,1403,190.7,75.7,19.79,-25.57,5.223,4.197,191.0,191.3,71.0,1630,1,-14.7,0.47
3527,385,6.75,45.3,1,100.69999999999999,93.2,1404,190.7,75.7,19.78,-25.562,5.223,4.197,191.0,191.2,71.0,1630,1,-14.7,0.46
3528,385,6.775,45.64,1,100.69999999999999,93.2,1403,190.7,75.5,19.79,-25.562,5.223,4.197,191.0,191.2,71.0,1630,1,-14.7,0.47
3529,385,6.775,45.27,1,100.69999999999999,93.2,1404,190.5,75.4,19.8,-25.562,5.223,4.198,191.0,191.2,71.0,1630,1,-14.7,0.46
3530,385,6.75,45.38,1,100.69999999999999,93.2,1404,190.5,75.7,19.77,-25.562,5.223,4.197,191.0,191.1,71.0,1630,1,-14.7,0.47
3531,385,6.775,45.68,1,100.8,93.2,1404,190.4,75.9,20.35,-25.562,5.223,4.197,191.0,191.1,71.0,1630,1,-14.7,0.47
3532,385,6.775,46.08,1,101.1,93.4,1405,190.4,75.9,20.64,-25.562,5.219,4.197,191.0,191.1,71.0,1630,1,-14.7,0.46
3533,385,6.775,45.63,1,101.29999999999998,93.30000000000001,1407,190.4,75.7,20.62,-25.562,5.219,4.197,191.0,191.1,71.0,1630,1,-14.7,0.46
3534,385,6.775,45.55,1,101.29999999999998,93.30000000000001,1409,190.3,75.7,20.63,-25.562,5.219,4.197,191.0,191.1,71.0,1631,1,-14.7,0.46
3535,385,6.775,45.1,1,101.4,93.4,1409,190.2,75.8,20.66,-25.562,5.219,4.198,191.0,191.1,71.0,1631,1,-14.7,0.47
3536,385,6.775,45.7,1,101.29999999999998,93.30000000000001,1409,190.3,75.7,20.64,-25.57,5.219,4.197,191.0,191.1,71.0,1631,1,-14.7,0.47
3537,385,6.775,45.71,1,101.29999999999998,93.30000000000001,1409,190.2,75.7,20.67,-25.562,5.219,4.197,191.0,191.1,71.0,1631,1,-14.7,0.47
3538,385,6.75,46.11,1,101.4,93.4,1409,190.2,75.8,20.59,-25.562,5.219,4.197,191.0,191.1,71.0,1631,1,-14.7,0.47
3539,385,6.775,45.53,1,101.4,93.4,1409,190.1,75.7,21.27,-25.562,5.219,4.197,191.0,191.2,71.0,1631,1,-14.8,0.46
3540,385,6.775,45.16,1,101.49999999999999,93.4,1411,189.9,75.7,21.43,-25.562,5.219,4.197,192.0,191.2,71.0,1631,1,-14.7,0.47
3541,385,6.775,45.68,1,101.6,93.4,1411,190.0,75.8,21.47,-25.562,5.219,4.197,191.0,191.2,71.0,1631,1,-14.8,0.46
3542,385,6.775,45.7,1,101.6,93.4,1411,190.0,76.0,21.53,-25.555,5.219,4.197,192.0,191.2,71.0,1631,1,-14.8,0.47
3543,385,6.775,45.68,1,101.6,93.4,1411,189.9,76.0,21.52,-25.547,5.219,4.197,192.0,191.2,71.0,1631,1,-14.7,0.47
3544,385,6.775,45.87,1,101.49999999999999,93.4,1412,189.9,75.8,21.56,-25.547,5.219,4.197,192.0,191.3,71.0,1631,1,-14.8,0.47
3545,385,6.775,45.88,1,101.49999999999999,93.4,1412,189.8,75.8,21.52,-25.547,5.219,4.197,192.0,191.3,71.0,1631,1,-14.8,0.46
3546,385,6.775,46.05,1,101.49999999999999,93.4,1412,189.8,75.8,21.54,-25.547,5.219,4.197,192.0,191.4,71.0,1631,1,-14.8,0.46
3547,385,6.775,45.94,1,101.49999999999999,93.4,1412,189.7,75.8,21.5,-25.547,5.219,4.197,192.0,191.5,71.0,1631,1,-14.8,0.46
3548,385,6.775,45.67,1,101.49999999999999,93.4,1412,189.7,75.6,21.54,-25.547,5.219,4.197,192.0,191.5,71.0,1631,1,-14.8,0.47
3549,385,6.775,45.92,1,101.6,93.4,1412,189.7,75.6,21.5,-25.555,5.219,4.197,192.0,191.6,71.0,1631,1,-14.8,0.47
3550,385,6.775,45.9,1,101.6,93.4,1412,189.7,75.8,21.51,-25.547,5.219,4.197,192.0,191.7,71.0,1631,1,-14.8,0.46
3551,385,6.775,45.98,1,101.49999999999999,93.4,1411,189.7,75.8,21.54,-25.555,5.219,4.197,192.0,191.8,71.0,1631,1,-14.8,0.47
3552,385,6.775,46.04,1,101.49999999999999,93.4,1411,189.8,75.8,21.56,-25.555,5.219,4.197,192.0,191.9,71.0,1631,1,-14.8,0.47
3553,385,6.775,45.54,1,101.49999999999999,93.4,1412,189.7,75.8,21.59,-25.562,5.219,4.197,192.0,191.9,72.0,1631,1,-14.8,0.47
3554,385,6.775,45.96,1,101.6,93.4,1412,189.7,75.8,21.58,-25.57,5.219,4.197,192.0,191.9,71.0,1631,1,-14.8,0.47
3555,385,6.775,45.79,1,101.6,93.4,1412,189.6,75.8,21.57,-25.578,5.219,4.197,192.0,191.9,71.0,1631,1,-14.8,0.47
3556,385,6.75,45.67,1,101.6,93.4,1412,189.6,75.7,21.57,-25.586,5.219,4.197,192.0,191.9,72.0,1631,1,-14.8,0.48
3557,385,6.775,45.56,1,101.49999999999999,93.4,1412,189.6,75.8,21.55,-25.586,5.219,4.198,192.0,191.8,71.0,1631,1,-14.8,0.47
3558,385,6.775,44.49,1,101.49999999999999,93.4,1412,189.6,75.8,21.62,-25.586,5.219,4.197,192.0,191.7,71.0,1631,1,-14.8,0.47
3559,385,6.775,44.98,1,101.6,93.4,1412,189.6,75.7,21.63,-25.594,5.219,4.197,192.0,191.5,71.0,1631,1,-14.8,0.46
3560,385,6.775,45.86,1,101.6,93.4,1412,189.5,75.8,21.62,-25.594,5.215,4.197,191.0,191.4,72.0,1631,1,-14.8,0.47
3561,385,6.775,45.38,1,101.6,93.4,1412,189.5,75.6,20.95,-25.594,5.215,4.197,190.0,191.1,72.0,1631,1,-14.8,0.47
3562,385,6.775,45.83,1,101.6,93.4,1412,189.5,75.7,20.86,-25.594,5.215,4.197,190.0,190.9,72.0,1631,1,-14.8,0.47
3563,385,6.775,46.09,1,101.49999999999999,93.4,1413,189.5,75.7,20.82,-25.594,5.219,4.198,190.0,190.6,72.0,1631,1,-14.9,0.47
3564,385,6.775,45.88,1,101.49999999999999,93.4,1412,189.5,75.8,20.77,-25.602,5.219,4.197,190.0,190.4,72.0,1631,1,-14.8,0.47
3565,385,6.75,45.5,1,101.49999999999999,93.4,1413,189.5,75.7,20.81,-25.602,5.219,4.197,189.0,190.1,72.0,1631,1,-14.8,0.47
3566,385,6.775,45.08,1,101.49999999999999,93.4,1413,189.4,75.8,20.84,-25.609,5.219,4.197,189.0,189.8,72.0,1631,1,-14.8,0.47
3567,385,6.775,45.27,1,101.49999999999999,93.4,1412,189.4,75.8,20.81,-25.617,5.219,4.197,189.0,189.5,72.0,1631,1,-14.9,0.47
3568,385,6.775,45.51,1,101.49999999999999,93.4,1412,189.4,75.6,20.88,-25.617,5.219,4.197,189.0,189.2,72.0,1632,1,-14.9,0.46
3569,385,6.775,43.97,1,101.49999999999999,93.4,1412,189.4,75.8,20.83,-25.617,5.219,4.197,188.0,188.9,72.0,1632,1,-14.8,0.46
3570,385,6.75,43.83,1,101.49999999999999,93.4,1412,189.4,75.6,20.85,-25.617,5.219,4.197,187.0,188.6,72.0,1632,1,-14.9,0.47
3571,385,6.775,43.76,1,101.49999999999999,93.4,1412,189.5,75.7,20.87,-25.625,5.219,4.198,187.0,188.3,72.0,1632,1,-14.9,0.47
3572,386,6.775,44.05,1,101.6,93.4,1412,189.6,75.7,20.84,-25.625,5.215,4.197,187.0,187.9,72.0,1632,1,-14.9,0.47
3573,386,6.775,43.81,1,101.49999999999999,93.4,1411,189.7,75.8,20.76,-25.617,5.215,4.197,187.0,187.6,72.0,1632,1,-14.9,0.47
3574,386,6.775,43.77,1,101.49999999999999,93.4,1411,189.7,75.7,20.84,-25.609,5.215,4.197,187.0,187.2,72.0,1632,1,-14.9,0.46
3575,386,6.775,43.75,1,101.6,93.4,1412,189.8,75.7,20.82,-25.609,5.215,4.197,186.0,186.8,72.0,1632,1,-14.9,0.46
3576,386,6.775,43.79,1,101.49999999999999,93.4,1411,189.7,75.6,20.8,-25.594,5.215,4.197,185.0,186.4,72.0,1632,1,-14.9,0.47
3577,386,6.75,43.98,1,101.49999999999999,93.4,1411,189.6,75.7,20.87,-25.594,5.215,4.197,185.0,186.0,72.0,1632,1,-14.9,0.46
3578,386,6.775,45.73,1,101.49999999999999,93.4,1411,189.6,75.7,20.86,-25.594,5.215,4.197,185.0,185.6,72.0,1632,1,-14.9,0.46
3579,386,6.775,46.09,1,101.49999999999999,93.4,1411,189.5,75.7,20.87,-25.594,5.215,4.197,185.0,185.2,72.0,1632,1,-14.9,0.46
3580,386,6.75,45.99,1,101.49999999999999,93.4,1412,189.5,75.7,20.88,-25.586,5.215,4.197,184.0,184.9,72.0,1632,1,-14.9,0.46
3581,386,6.775,45.94,1,101.49999999999999,93.4,1412,189.6,75.7,20.86,-25.578,5.215,4.197,184.0,184.7,72.0,1632,1,-14.9,0.46
3582,386,6.775,45.66,1,101.49999999999999,93.4,1412,189.6,75.7,20.84,-25.57,5.215,4.197,184.0,184.5,72.0,1632,1,-14.9,0.46
3583,386,6.775,45.38,1,101.49999999999999,93.4,1413,189.7,75.7,20.86,-25.57,5.215,4.198,183.0,184.2,72.0,1632,1,-14.9,0.46
3584,386,6.775,45.57,1,101.49999999999999,93.4,1413,189.6,76.0,20.81,-25.562,5.215,4.198,182.0,184.1,72.0,1632,1,-14.9,0.46
3585,386,6.775,45.5,1,101.49999999999999,93.4,1413,189.6,76.0,20.88,-25.562,5.215,4.197,182.0,183.9,72.0,1632,1,-14.9,0.46
3586,386,6.775,45.86,1,101.49999999999999,93.4,1413,189.7,75.6,20.86,-25.57,5.215,4.197,182.0,183.8,72.0,1632,1,-14.9,0.47
3587,387,6.775,45.54,1,101.49999999999999,93.4,1414,189.7,75.7,20.88,-25.562,5.215,4.197,182.0,183.7,72.0,1632,1,-14.9,0.47
3588,387,6.775,46.07,1,101.49999999999999,93.4,1413,189.7,75.7,20.83,-25.562,5.215,4.198,182.0,183.6,72.0,1632,1,-14.9,0.45
3589,387,6.775,45.87,1,101.6,93.5,1413,189.6,75.8,20.93,-25.562,5.219,4.197,182.0,183.5,72.0,1632,1,-14.9,0.45
3590,387,6.775,45.9,1,101.49999999999999,93.4,1414,189.6,75.8,20.85,-25.555,5.219,4.197,182.0,183.5,72.0,1632,1,-14.9,0.46
3591,387,6.775,45.67,1,101.49999999999999,93.4,1413,189.6,75.8,20.84,-25.555,5.219,4.197,182.0,183.4,72.0,1632,1,-14.9,0.46
3592,387,6.775,45.34,1,101.49999999999999,93.4,1413,189.6,75.8,20.86,-25.555,5.219,4.197,182.0,183.4,72.0,1632,1,-14.9,0.47
3593,387,6.775,45.32,1,101.49999999999999,93.4,1413,189.6,75.7,20.77,-25.547,5.223,4.197,182.0,183.4,72.0,1632,1,-15.0,0.47
3594,387,6.775,45.5,1,101.4,93.30000000000001,1412,189.6,75.8,19.93,-25.539,5.223,4.197,182.0,183.4,72.0,1632,1,-14.9,0.47
3595,387,6.775,45.23,1,100.89999999999999,93.10000000000001,1410,189.6,75.7,19.41,-25.539,5.223,4.198,182.0,183.3,72.0,1632,1,-14.9,0.46
3596,387,6.775,45.2,1,100.6,93.10000000000001,1407,189.6,75.6,19.35,-25.547,5.223,4.197,182.0,183.3,72.0,1632,1,-14.9,0.47
3597,387,6.775,45.58,1,100.4,93.10000000000001,1406,189.6,75.4,19.39,-25.555,5.223,4.197,182.0,183.3,72.0,1632,1,-15.0,0.47
3598,387,6.775,45.45,1,100.49999999999999,93.10000000000001,1406,189.7,75.5,19.23,-25.57,5.223,4.198,182.0,183.2,72.0,1632,1,-15.0,0.47
3599,387,6.775,45.54,1,100.29999999999998,93.10000000000001,1405,189.8,75.3,19.39,-25.578,5.223,4.197,182.0,183.2,72.0,1632,1,-15.0,0.46
3600,387,6.775,45.75,1,100.4,93.10000000000001,1404,189.9,75.4,19.33,-25.586,5.223,4.197,182.0,183.2,72.0,1632,1,-15.0,0.47
3601,387,6.775,45.77,1,100.4,93.10000000000001,1404,189.9,75.5,19.29,-25.594,5.223,4.197,182.0,183.1,72.0,1632,1,-15.0,0.48
3602,387,6.75,45.34,1,100.4,93.10000000000001,1404,190.0,75.5,19.25,-25.594,5.223,4.197,182.0,183.1,72.0,1632,1,-15.0,0.47
3603,387,6.775,45.83,1,100.4,93.10000000000001,1404,190.1,75.4,19.34,-25.594,5.223,4.197,182.0,183.0,72.0,1632,1,-15.0,0.48
3604,387,6.775,45.1,1,100.4,93.10000000000001,1404,190.1,75.4,19.3,-25.602,5.223,4.197,182.0,183.0,72.0,1633,1,-15.0,0.48
3605,387,6.75,45.65,1,100.4,93.10000000000001,1403,190.1,75.3,19.55,-25.609,5.219,4.197,182.0,182.9,72.0,1633,1,-15.0,0.48
3606,387,6.775,45.62,1,100.69999999999999,93.30000000000001,1403,190.0,75.4,20.58,-25.609,5.219,4.197,182.0,182.9,72.0,1633,1,-15.0,0.47
3607,387,6.775,46.08,1,101.2,93.5,1406,190.2,75.5,20.98,-25.602,5.219,4.197,182.0,182.8,72.0,1633,1,-15.0,0.47
3608,387,6.775,46.27,1,101.49999999999999,93.4,1409,190.2,75.7,20.98,-25.594,5.219,4.197,182.0,182.8,72.0,1633,1,-15.0,0.47
3609,387,6.775,45.96,1,101.6,93.4,1410,190.1,75.7,20.99,-25.586,5.219,4.197,182.0,182.7,72.0,1633,1,-15.0,0.47
3610,387,6.75,45.63,1,101.49999999999999,93.4,1411,190.0,75.8,21.03,-25.586,5.219,4.197,182.0,182.7,72.0,1633,1,-15.0,0.47
3611,387,6.775,46.02,1,101.6,93.4,1411,189.9,75.8,20.98,-25.578,5.219,4.198,182.0,182.7,72.0,1633,1,-15.0,0.47
3612,387,6.775,45.89,1,101.6,93.5,1411,190.0,75.9,21.02,-25.57,5.219,4.197,182.0,182.7,72.0,1633,1,-15.0,0.47
3613,387,6.75,43.51,1,101.6,93.4,1412,190.0,75.7,20.97,-25.562,5.219,4.198,182.0,182.7,72.0,1633,1,-15.0,0.47
3614,387,6.75,43.45,1,101.49999999999999,93.4,1412,190.1,75.7,20.96,-25.562,5.219,4.197,182.0,182.7,72.0,1633,1,-15.0,0.47
3615,387,6.775,43.38,1,101.49999999999999,93.4,1411,190.1,75.8,21.0,-25.555,5.219,4.197,182.0,182.6,72.0,1633,1,-15.0,0.47
3616,387,6.775,43.43,1,101.6,93.4,1410,190.2,75.8,21.03,-25.555,5.219,4.197,182.0,182.5,72.0,1633,1,-15.0,0.47
3617,387,6.75,43.31,1,101.6,93.4,1411,190.1,75.7,20.98,-25.547,5.219,4.197,182.0,182.4,72.0,1633,1,-15.0,0.47
3618,387,6.775,43.29,1,101.49999999999999,93.4,1410,190.1,75.8,20.96,-25.547,5.219,4.198,182.0,182.3,72.0,1633,1,-15.0,0.47
3619,387,6.775,43.42,1,101.6,93.4,1411,190.1,75.7,20.97,-25.547,5.219,4.197,182.0,182.1,72.0,1633,1,-15.0,0.46
3620,387,6.775,43.33,1,101.6,93.4,1411,190.1,75.7,20.95,-25.547,5.219,4.197,182.0,182.0,72.0,1633,1,-15.0,0.46
3621,387,6.775,43.28,1,101.6,93.4,1411,190.1,75.6,21.03,-25.539,5.219,4.197,182.0,181.8,72.0,1633,1,-15.0,0.46
3622,387,6.775,43.35,1,101.49999999999999,93.4,1411,190.0,75.8,20.99,-25.531,5.219,4.197,181.0,181.6,72.0,1633,1,-15.0,0.47
3623,387,6.775,43.37,1,101.49999999999999,93.4,1411,189.9,75.8,20.94,-25.531,5.219,4.197,181.0,181.5,72.0,1633,1,-15.0,0.46
3624,387,6.775,43.37,1,101.49999999999999,93.4,1411,189.9,75.9,21.0,-25.531,5.219,4.197,180.0,181.3,72.0,1633,1,-15.0,0.46
3625,388,6.775,43.3,1,101.49999999999999,93.4,1411,189.9,75.7,21.0,-25.523,5.223,4.197,180.0,181.1,72.0,1633,1,-15.0,0.45
3626,388,6.775,43.31,1,101.49999999999999,93.4,1411,189.8,75.7,20.98,-25.523,5.223,4.197,180.0,180.9,72.0,1633,1,-15.0,0.45
3627,388,6.775,43.22,1,101.49999999999999,93.4,1411,189.8,75.7,21.03,-25.516,5.223,4.197,180.0,180.7,72.0,1633,1,-15.1,0.47
3628,388,6.775,43.28,1,101.49999999999999,93.4,1411,189.8,75.9,20.98,-25.508,5.223,4.197,180.0,180.6,72.0,1633,1,-15.1,0.46
3629,388,6.775,43.32,1,101.49999999999999,93.4,1412,189.9,75.9,20.95,-25.5,5.223,4.197,180.0,180.4,72.0,1633,1,-15.0,0.46
3630,388,6.775,43.26,1,101.49999999999999,93.4,1412,189.9,75.8,20.97,-25.492,5.223,4.197,180.0,180.3,72.0,1633,1,-15.1,0.47
3631,388,6.75,43.26,1,101.49999999999999,93.4,1412,189.9,75.7,20.95,-25.484,5.227,4.197,179.0,180.1,72.0,1633,1,-15.1,0.48
3632,388,6.775,43.27,1,101.49999999999999,93.4,1411,189.9,75.8,21.01,-25.492,5.227,4.197,179.0,179.9,72.0,1633,1,-15.1,0.46
3633,388,6.775,43.25,1,101.49999999999999,93.4,1412,190.0,75.6,20.95,-25.484,5.227,4.197,179.0,179.8,72.0,1633,1,-15.1,0.47
3634,388,6.775,43.36,1,101.49999999999999,93.4,1412,190.1,75.8,20.34,-25.484,5.227,4.197,179.0,179.7,72.0,1633,1,-15.1,0.47
3635,388,6.775,43.15,1,101.0,93.10000000000001,1411,189.9,75.5,19.38,-25.484,5.227,4.198,179.0,179.5,72.0,1633,1,-15.1,0.46
3636,388,6.775,43.17,1,100.6,93.10000000000001,1409,189.9,75.5,19.15,-25.492,5.227,4.198,179.0,179.4,72.0,1633,1,-15.1,0.46
3637,388,6.775,43.02,1,100.29999999999998,93.10000000000001,1406,189.9,75.5,19.16,-25.5,5.227,4.197,179.0,179.3,72.0,1633,1,-15.1,0.47
3638,388,6.775,43.27,1,100.29999999999998,93.10000000000001,1404,190.0,75.4,19.21,-25.508,5.227,4.197,179.0,179.2,72.0,1633,1,-15.1,0.46
3639,388,6.775,43.3,1,100.29999999999998,93.10000000000001,1403,190.0,75.3,19.21,-25.523,5.227,4.197,179.0,179.1,72.0,1633,1,-15.1,0.47
3640,388,6.775,43.07,1,100.29999999999998,93.10000000000001,1403,190.0,75.4,19.25,-25.523,5.227,4.197,179.0,179.0,72.0,1633,1,-15.1,0.46
3641,388,6.775,43.16,1,100.29999999999998,93.10000000000001,1403,190.1,75.4,19.18,-25.539,5.223,4.197,178.0,178.9,72.0,1633,1,-15.1,0.47
3642,388,6.775,43.08,1,100.29999999999998,93.10000000000001,1402,190.1,75.5,19.23,-25.547,5.223,4.197,178.0,178.8,72.0,1633,1,-15.1,0.46
3643,388,6.775,43.06,1,100.29999999999998,93.10000000000001,1402,190.1,75.5,19.23,-25.555,5.223,4.197,178.0,178.8,72.0,1633,1,-15.1,0.47
3644,388,6.775,43.25,1,100.29999999999998,93.10000000000001,1402,190.2,75.5,19.23,-25.562,5.223,4.198,178.0,178.7,72.0,1633,1,-15.1,0.47
3645,388,6.75,43.16,1,100.29999999999998,93.10000000000001,1402,190.2,75.6,19.23,-25.562,5.227,4.197,178.0,178.6,72.0,1633,1,-15.1,0.46
3646,388,6.75,43.26,1,100.4,93.10000000000001,1402,190.2,75.6,19.9,-25.57,5.227,4.197,178.0,178.5,72.0,1633,1,-15.1,0.46
3647,388,6.75,43.34,1,100.8,93.4,1403,190.3,75.6,20.41,-25.562,5.227,4.198,178.0,178.5,72.0,1633,1,-15.1,0.47
3648,388,6.75,43.39,1,101.1,93.4,1406,190.3,75.7,20.46,-25.562,5.227,4.197,178.0,178.4,72.0,1634,1,-15.1,0.46
3649,388,6.775,43.15,1,101.2,93.30000000000001,1407,190.3,75.7,20.48,-25.555,5.227,4.197,178.0,178.3,72.0,1634,1,-15.1,0.46
3650,388,6.75,43.2,1,101.2,93.4,1408,190.3,75.8,20.5,-25.547,5.227,4.197,178.0,178.3,72.0,1634,1,-15.1,0.45
3651,388,6.775,43.22,1,101.29999999999998,93.30000000000001,1408,190.4,75.8,20.51,-25.547,5.227,4.197,177.0,178.2,72.0,1634,1,-15.1,0.46
3652,388,6.775,43.43,1,101.29999999999998,93.4,1409,190.5,75.9,20.47,-25.539,5.227,4.198,178.0,178.2,72.0,1634,1,-15.1,0.46
3653,388,6.775,43.18,1,101.2,93.30000000000001,1408,190.5,75.8,20.49,-25.531,5.227,4.197,178.0,178.1,72.0,1634,1,-15.1,0.47
3654,388,6.775,43.46,1,101.2,93.30000000000001,1409,190.4,75.8,20.51,-25.531,5.227,4.197,178.0,178.1,72.0,1634,1,-15.1,0.47
3655,388,6.775,43.34,1,101.29999999999998,93.4,1409,190.4,75.6,20.51,-25.523,5.227,4.198,177.0,178.1,72.0,1634,1,-15.1,0.46
3656,388,6.775,43.22,1,101.2,93.30000000000001,1409,190.4,75.8,19.93,-25.516,5.227,4.198,177.0,178.1,72.0,1634,1,-15.1,0.46
3657,388,6.775,43.11,1,100.8,93.10000000000001,1409,190.4,75.5,19.21,-25.516,5.227,4.197,177.0,178.0,72.0,1634,1,-15.1,0.47
3658,388,6.775,43.1,1,100.4,93.10000000000001,1406,190.4,75.5,19.02,-25.516,5.227,4.197,177.0,178.0,72.0,1634,1,-15.1,0.46
3659,388,6.775,43.01,1,100.2,93.10000000000001,1404,190.4,75.3,18.94,-25.523,5.227,4.197,177.0,177.9,72.0,1634,1,-15.1,0.46
3660,388,6.775,42.72,1,100.2,93.10000000000001,1403,190.4,75.5,19.02,-25.531,5.227,4.197,177.0,177.9,72.0,1634,1,-15.1,0.46
3661,388,6.775,43.38,1,100.1,93.10000000000001,1403,190.5,75.4,19.05,-25.539,5.227,4.197,177.0,177.9,72.0,1634,1,-15.1,0.46
3662,388,6.775,43.15,1,100.1,93.10000000000001,1402,190.5,75.4,19.08,-25.547,5.227,4.198,177.0,177.9,72.0,1634,1,-15.1,0.46
3663,388,6.775,43.29,1,100.2,93.10000000000001,1402,190.5,75.4,18.97,-25.547,5.227,4.198,177.0,177.8,72.0,1634,1,-15.1,0.46
3664,388,6.775,43.4,1,100.2,93.10000000000001,1402,190.4,75.5,19.1,-25.555,5.227,4.197,177.0,177.8,72.0,1634,1,-15.1,0.47
3665,388,6.775,43.39,1,100.2,93.10000000000001,1403,190.4,75.4,19.07,-25.555,5.227,4.197,177.0,177.8,72.0,1634,1,-15.1,0.46
3666,388,6.775,43.06,1,100.2,93.10000000000001,1402,190.4,75.5,19.11,-25.555,5.227,4.197,177.0,177.7,72.0,1634,1,-15.2,0.46
3667,388,6.775,43.19,1,100.29999999999998,93.10000000000001,1402,190.4,75.6,19.07,-25.555,5.227,4.198,177.0,177.7,72.0,1634,1,-15.2,0.46
3668,388,6.775,43.36,1,100.2,93.10000000000001,1402,190.5,75.5,19.01,-25.555,5.227,4.198,177.0,177.6,72.0,1634,1,-15.2,0.46
3669,388,6.775,43.24,1,100.2,93.10000000000001,1402,190.5,75.4,19.05,-25.562,5.227,4.197,177.0,177.6,72.0,1634,1,-15.2,0.46
3670,387,6.775,43.1,1,100.2,93.10000000000001,1402,190.5,75.6,19.11,-25.562,5.227,4.197,177.0,177.5,72.0,1634,1,-15.2,0.46
3671,387,6.775,43.29,1,100.2,93.10000000000001,1402,190.4,75.7,19.08,-25.562,5.227,4.197,177.0,177.5,72.0,1634,1,-15.2,0.47
3672,387,6.775,43.19,1,100.2,93.10000000000001,1402,190.4,75.6,19.02,-25.562,5.227,4.197,177.0,177.5,72.0,1634,1,-15.2,0.47
3673,387,6.775,43.11,1,100.2,93.10000000000001,1402,190.4,75.5,19.12,-25.562,5.227,4.197,177.0,177.4,72.0,1634,1,-15.2,0.47
3674,387,6.775,43.15,1,100.2,93.10000000000001,1402,190.4,75.4,19.16,-25.562,5.227,4.197,177.0,177.4,72.0,1634,1,-15.2,0.47
3675,387,6.775,43.12,1,100.2,93.10000000000001,1402,190.4,75.6,19.09,-25.562,5.227,4.197,177.0,177.3,72.0,1634,1,-15.2,0.47
3676,387,6.775,43.08,1,100.2,93.10000000000001,1402,190.5,75.5,19.21,-25.562,5.223,4.197,177.0,177.3,72.0,1634,1,-15.2,0.47
3677,387,6.775,43.16,1,100.2,93.10000000000001,1402,190.5,75.5,19.14,-25.562,5.223,4.197,177.0,177.2,72.0,1634,1,-15.2,0.46
3678,387,6.775,42.84,1,100.2,93.0,1402,190.5,75.4,19.07,-25.57,5.223,4.197,177.0,177.2,72.0,1634,1,-15.2,0.46
3679,387,6.775,43.12,1,100.2,93.10000000000001,1401,190.5,75.5,19.04,-25.578,5.223,4.197,177.0,177.1,72.0,1634,1,-15.2,0.46
3680,387,6.775,43.13,1,100.2,93.10000000000001,1401,190.5,75.5,19.21,-25.586,5.223,4.198,177.0,177.1,72.0,1634,1,-15.2,0.46
3681,387,6.75,43.16,1,100.4,93.2,1401,190.5,75.5,20.18,-25.586,5.223,4.197,177.0,177.1,72.0,1634,1,-15.2,0.46
3682,387,6.775,43.13,1,101.0,93.4,1403,190.5,75.8,20.71,-25.586,5.223,4.198,177.0,177.1,72.0,1634,1,-15.2,0.45
3683,387,6.75,43.22,1,101.29999999999998,93.4,1407,190.4,75.7,20.79,-25.578,5.223,4.198,177.0,177.0,72.0,1634,1,-15.2,0.47
3684,387,6.75,43.31,1,101.4,93.4,1408,190.4,75.7,20.73,-25.578,5.223,4.197,176.0,177.0,72.0,1634,1,-15.2,0.47
3685,387,6.75,43.34,1,101.49999999999999,93.4,1409,190.4,75.9,20.75,-25.57,5.223,4.197,177.0,176.9,72.0,1634,1,-15.2,0.47
3686,387,6.775,43.2,1,101.49999999999999,93.4,1409,190.4,75.8,20.74,-25.57,5.223,4.197,177.0,176.9,72.0,1634,1,-15.2,0.47
3687,387,6.775,43.25,1,101.4,93.4,1409,190.4,75.7,20.72,-25.562,5.223,4.197,176.0,176.8,72.0,1634,1,-15.2,0.47
3688,388,6.775,43.09,1,101.49999999999999,93.4,1410,190.3,75.7,20.71,-25.555,5.223,4.197,176.0,176.8,72.0,1634,1,-15.2,0.46
3689,388,6.775,43.22,1,101.4,93.4,1410,190.3,75.8,20.75,-25.555,5.223,4.197,176.0,176.7,72.0,1634,1,-15.2,0.47
3690,388,6.775,43.17,1,101.4,93.4,1410,190.2,75.8,20.72,-25.547,5.223,4.197,177.0,176.7,72.0,1634,1,-15.2,0.47
3691,388,6.775,43.27,1,101.49999999999999,93.4,1411,190.3,75.9,20.76,-25.547,5.223,4.197,176.0,176.7,72.0,1634,1,-15.2,0.46
3692,388,6.775,43.07,1,101.4,93.4,1411,190.2,75.9,20.75,-25.547,5.223,4.198,176.0,176.7,72.0,1634,1,-15.2,0.48
3693,388,6.775,43.25,1,101.49999999999999,93.4,1411,190.2,76.0,20.72,-25.539,5.223,4.198,176.0,176.7,72.0,1634,1,-15.2,0.46
3694,388,6.775,43.31,1,101.4,93.4,1411,190.1,75.8,20.66,-25.539,5.223,4.197,176.0,176.7,72.0,1634,1,-15.2,0.48
3695,388,6.775,43.2,1,101.29999999999998,93.30000000000001,1411,190.0,75.7,19.8,-25.531,5.223,4.197,177.0,176.7,72.0,1634,1,-15.2,0.46
3696,388,6.775,43.4,1,100.8,93.10000000000001,1409,190.0,75.5,19.31,-25.523,5.227,4.197,176.0,176.7,72.0,1634,1,-15.2,0.47
3697,388,6.775,42.97,1,100.49999999999999,93.10000000000001,1407,190.0,75.5,19.29,-25.523,5.227,4.197,176.0,176.6,72.0,1634,1,-15.2,0.47
3698,388,6.775,43.3,1,100.4,93.10000000000001,1405,189.9,75.3,19.2,-25.531,5.227,4.197,176.0,176.6,72.0,1634,1,-15.2,0.48
3699,388,6.775,43.07,1,100.4,93.10000000000001,1405,190.0,75.4,19.14,-25.531,5.227,4.197,176.0,176.6,72.0,1634,1,-15.2,0.47
3700,388,6.775,42.99,1,100.1,93.0,1405,190.0,75.4,18.53,-25.531,5.227,4.197,176.0,176.6,72.0,1634,1,-15.2,0.46
3701,388,6.775,43.02,1,99.9,92.9,1403,190.0,75.3,18.39,-25.531,5.227,4.197,176.0,176.6,72.0,1634,1,-15.2,0.46
3702,388,6.775,42.86,1,99.7,92.9,1401,190.0,75.4,18.36,-25.539,5.227,4.197,176.0,176.6,72.0,1635,1,-15.2,0.46
3703,388,6.775,42.97,1,99.7,93.0,1399,190.0,75.2,18.38,-25.547,5.227,4.197,176.0,176.6,72.0,1635,1,-15.2,0.46
3704,388,6.775,42.97,1,99.7,93.0,1399,190.0,75.4,18.36,-25.555,5.227,4.197,176.0,176.5,72.0,1635,1,-15.2,0.46
3705,388,6.75,43.1,1,99.7,93.0,1399,190.1,75.2,18.35,-25.555,5.227,4.197,176.0,176.5,72.0,1635,1,-15.3,0.45
3706,388,6.775,43.08,1,99.7,92.9,1398,190.2,75.4,18.37,-25.555,5.227,4.198,176.0,176.5,72.0,1635,1,-15.2,0.47
3707,388,6.775,42.99,1,99.7,92.9,1398,190.2,75.4,18.39,-25.555,5.227,4.197,176.0,176.5,72.0,1635,1,-15.3,0.47
3708,388,6.75,43.16,1,99.7,92.9,1398,190.2,75.3,18.42,-25.555,5.227,4.197,176.0,176.4,72.0,1635,1,-15.3,0.46
3709,388,6.75,42.93,1,99.7,93.0,1398,190.3,75.4,18.39,-25.562,5.227,4.197,176.0,176.4,72.0,1635,1,-15.3,0.47
3710,388,6.775,43.11,1,99.7,92.9,1398,190.4,75.4,18.42,-25.57,5.227,4.197,176.0,176.4,72.0,1635,1,-15.3,0.47
3711,388,6.775,42.78,1,99.7,92.9,1398,190.4,75.3,18.35,-25.57,5.227,4.197,176.0,176.4,72.0,1635,1,-15.3,0.46
3712,388,6.75,43.01,1,99.7,92.9,1398,190.5,75.3,18.37,-25.578,5.227,4.197,176.0,176.3,72.0,1635,1,-15.3,0.46
3713,388,6.775,43.1,1,99.7,92.9,1398,190.4,75.4,18.42,-25.586,5.227,4.197,176.0,176.3,72.0,1635,1,-15.3,0.47
3714,388,6.775,43.19,1,99.7,92.9,1398,190.4,75.3,18.38,-25.586,5.227,4.197,176.0,176.3,72.0,1635,1,-15.3,0.47
3715,388,6.775,42.91,1,99.7,92.9,1397,190.5,75.3,18.56,-25.594,5.223,4.197,176.0,176.2,72.0,1635,1,-15.3,0.48
3716,388,6.775,43.14,1,99.9,93.0,1398,190.5,75.4,19.45,-25.594,5.223,4.197,175.0,176.2,72.0,1635,1,-15.3,0.48
3717,388,6.775,43.25,1,100.49999999999999,93.30000000000001,1400,190.5,75.5,20.57,-25.602,5.223,4.197,176.0,176.2,72.0,1635,1,-15.3,0.47
3718,388,6.75,43.13,1,101.2,93.4,1404,190.5,75.7,20.97,-25.602,5.223,4.198,176.0,176.2,72.0,1635,1,-15.3,0.47
3719,388,6.775,43.2,1,101.49999999999999,93.4,1407,190.5,75.7,20.97,-25.586,5.223,4.198,175.0,176.1,72.0,1635,1,-15.3,0.46
3720,388,6.775,43.25,1,101.6,93.4,1409,190.5,75.8,20.99,-25.578,5.223,4.197,176.0,176.1,72.0,1635,1,-15.3,0.47
3721,388,6.75,43.2,1,101.6,93.4,1409,190.5,75.9,20.99,-25.578,5.223,4.197,175.0,176.1,72.0,1635,1,-15.3,0.47
3722,388,6.775,43.23,1,101.6,93.4,1410,190.4,75.9,21.01,-25.57,5.223,4.197,175.0,176.0,72.0,1635,1,-15.3,0.47
3723,388,6.775,43.26,1,101.6,93.4,1410,190.3,75.8,20.96,-25.57,5.223,4.197,175.0,176.0,72.0,1635,1,-15.3,0.46
3724,388,6.775,43.12,1,101.6,93.4,1410,190.2,75.8,20.96,-25.562,5.223,4.197,175.0,176.0,72.0,1635,1,-15.3,0.47
3725,388,6.775,43.24,1,101.6,93.4,1410,190.1,75.8,20.62,-25.555,5.223,4.197,176.0,176.0,72.0,1635,1,-15.3,0.47
3726,388,6.775,43.18,1,101.2,93.30000000000001,1410,190.1,75.7,19.8,-25.562,5.223,4.197,175.0,175.9,72.0,1635,1,-15.3,0.47
3727,388,6.775,43.18,1,100.8,93.2,1408,190.2,75.6,19.65,-25.562,5.227,4.197,175.0,175.9,72.0,1635,1,-15.3,0.47
3728,388,6.775,43.03,1,100.69999999999999,93.2,1406,190.1,75.5,19.63,-25.57,5.227,4.198,175.0,175.9,72.0,1635,1,-15.3,0.47
3729,388,6.775,43.3,1,100.69999999999999,93.2,1406,190.0,75.4,19.63,-25.562,5.227,4.197,175.0,175.9,72.0,1635,1,-15.3,0.47
3730,388,6.775,43.11,1,100.6,93.2,1405,190.0,75.3,19.64,-25.562,5.227,4.197,175.0,175.9,72.0,1635,1,-15.3,0.47
3731,388,6.775,43.13,1,100.6,93.2,1405,190.0,75.7,19.65,-25.562,5.227,4.197,175.0,175.9,72.0,1635,1,-15.3,0.46
3732,388,6.775,43.24,1,100.49999999999999,93.10000000000001,1404,189.9,75.5,19.03,-25.562,5.227,4.198,176.0,175.9,72.0,1635,1,-15.3,0.47
3733,388,6.775,42.95,1,100.2,93.0,1403,189.9,75.3,18.93,-25.57,5.227,4.197,175.0,175.9,72.0,1635,1,-15.3,0.46
3734,388,6.775,43.13,1,100.1,93.0,1402,190.0,75.5,18.81,-25.57,5.227,4.198,175.0,175.9,72.0,1635,1,-15.3,0.47
3735,388,6.775,42.75,1,100.1,93.0,1402,190.0,75.5,18.79,-25.57,5.23,4.198,175.0,175.9,72.0,1635,1,-15.3,0.46
3736,388,6.775,42.86,1,100.0,93.0,1401,190.0,75.5,18.5,-25.562,5.23,4.197,175.0,175.9,72.0,1635,1,-15.3,0.46
3737,388,6.775,42.9,1,99.8,92.9,1400,190.1,75.2,18.2,-25.57,5.23,4.198,175.0,175.9,72.0,1635,1,-15.3,0.46
3738,388,6.775,43.14,1,99.6,92.9,1399,190.1,75.1,18.17,-25.57,5.23,4.197,175.0,175.8,72.0,1635,1,-15.3,0.47
3739,388,6.775,42.92,1,99.5,92.9,1398,190.1,75.1,18.13,-25.562,5.23,4.197,175.0,175.8,72.0,1635,1,-15.3,0.46
3740,388,6.775,42.9,1,99.5,92.9,1397,190.1,75.1,18.12,-25.57,5.23,4.197,175.0,175.8,72.0,1635,1,-15.3,0.47
3741,388,6.775,42.91,1,99.5,92.9,1396,190.2,75.2,18.18,-25.578,5.23,4.198,175.0,175.8,72.0,1635,1,-15.3,0.46
3742,388,6.775,43.09,1,99.5,92.9,1396,190.2,75.4,18.13,-25.578,5.23,4.197,175.0,175.7,72.0,1635,1,-15.3,0.46
3743,388,6.775,43.3,1,99.6,92.9,1396,190.3,75.3,18.18,-25.578,5.23,4.197,175.0,175.7,72.0,1635,1,-15.3,0.46
3744,388,6.775,42.76,1,99.5,92.9,1396,190.3,75.3,18.13,-25.578,5.23,4.197,175.0,175.7,72.0,1635,1,-15.3,0.46
3745,388,6.775,42.64,1,99.5,92.9,1395,190.4,75.1,18.16,-25.578,5.23,4.198,175.0,175.7,72.0,1635,1,-15.3,0.46
3746,388,6.775,42.81,1,99.5,92.9,1395,190.4,75.2,17.88,-25.578,5.23,4.197,175.0,175.6,72.0,1635,1,-15.3,0.46
3747,388,6.775,43.51,1,99.2,92.7,1395,190.5,75.2,17.43,-25.578,5.23,4.197,175.0,175.6,72.0,1635,1,-15.3,0.46
3748,388,6.75,42.84,1,99.0,92.7,1393,190.6,75.1,17.39,-25.586,5.23,4.197,175.0,175.6,72.0,1635,1,-15.3,0.46
3749,388,6.775,43.1,1,99.0,92.7,1392,190.6,75.1,17.34,-25.586,5.23,4.197,175.0,175.6,72.0,1635,1,-15.3,0.46
3750,388,6.775,43.89,1,99.0,92.7,1390,190.6,75.0,17.37,-25.586,5.227,4.197,175.0,175.6,72.0,1635,1,-15.3,0.46
3751,388,6.775,42.48,1,99.0,92.7,1390,190.6,75.0,17.39,-25.586,5.227,4.198,175.0,175.6,72.0,1635,1,-15.3,0.46
3752,388,6.775,42.14,1,99.0,92.7,1389,190.6,75.2,17.39,-25.594,5.227,4.197,175.0,175.5,72.0,1635,1,-15.3,0.45
3753,388,6.775,43.16,1,99.0,92.7,1389,190.6,75.2,17.39,-25.602,5.227,4.197,175.0,175.5,72.0,1635,1,-15.3,0.45
3754,388,6.775,43.14,1,99.0,92.7,1389,190.7,75.1,17.35,-25.609,5.227,4.197,175.0,175.5,72.0,1635,1,-15.3,0.45
3755,388,6.775,42.67,1,98.9,92.7,1388,190.8,75.1,17.35,-25.617,5.227,4.198,175.0,175.5,72.0,1635,1,-15.3,0.45
3756,388,6.775,42.5,1,99.0,92.7,1388,190.8,75.1,17.38,-25.633,5.223,4.197,175.0,175.5,72.0,1635,1,-15.4,0.45
3757,388,6.775,43.74,1,99.0,92.7,1389,190.8,75.1,17.36,-25.641,5.223,4.197,175.0,175.5,72.0,1635,1,-15.3,0.45
3758,388,6.775,43.12,1,99.0,92.7,1389,190.8,75.1,17.38,-25.656,5.223,4.197,175.0,175.5,72.0,1635,1,-15.4,0.45
3759,387,6.75,43.11,1,99.0,92.7,1390,190.8,75.3,17.36,-25.664,5.223,4.197,175.0,175.5,72.0,1635,1,-15.3,0.45
3760,387,6.775,43.13,1,99.0,92.7,1389,190.8,75.4,17.39,-25.68,5.223,4.198,175.0,175.5,72.0,1635,1,-15.3,0.45
3761,387,6.775,43.09,1,99.0,92.7,1388,190.9,75.2,17.43,-25.688,5.223,4.197,175.0,175.5,72.0,1635,1,-15.3,0.45
3762,387,6.75,43.13,1,99.1,92.80000000000001,1388,190.9,75.3,18.2,-25.703,5.223,4.197,175.0,175.5,72.0,1635,1,-15.4,0.46
3763,387,6.775,43.1,1,99.5,92.9,1391,190.9,75.3,18.41,-25.703,5.227,4.197,175.0,175.5,72.0,1635,1,-15.4,0.46
3764,387,6.775,43.19,1,99.7,92.9,1393,190.9,75.4,18.43,-25.703,5.227,4.197,175.0,175.5,72.0,1635,1,-15.4,0.45
3765,387,6.775,43.19,1,99.8,92.9,1394,190.9,75.3,18.44,-25.695,5.227,4.197,175.0,175.5,72.0,1635,1,-15.4,0.48
3766,387,6.775,43.02,1,99.8,92.9,1395,190.8,75.3,18.41,-25.695,5.227,4.197,175.0,175.4,72.0,1635,1,-15.4,0.47
3767,387,6.775,43.12,1,99.8,92.9,1395,190.8,75.2,18.41,-25.703,5.227,4.198,175.0,175.4,72.0,1635,1,-15.4,0.47
3768,387,6.775,43.09,1,99.8,92.9,1395,190.8,75.4,18.37,-25.703,5.227,4.197,175.0,175.4,72.0,1635,1,-15.4,0.47
3769,387,6.775,43.11,1,99.8,93.0,1395,190.8,75.3,18.42,-25.703,5.227,4.197,175.0,175.3,72.0,1635,1,-15.4,0.46
3770,387,6.775,43.07,1,99.8,92.9,1395,190.7,75.2,18.59,-25.711,5.227,4.197,175.0,175.3,72.0,1635,1,-15.4,0.46
3771,387,6.75,43.0,1,99.9,93.0,1396,190.7,75.3,18.86,-25.711,5.227,4.197,175.0,175.3,72.0,1635,1,-15.4,0.47
3772,387,6.775,43.19,1,100.1,93.0,1397,190.6,75.4,18.88,-25.711,5.227,4.197,175.0,175.2,72.0,1635,1,-15.4,0.46
3773,387,6.775,43.12,1,100.2,93.0,1398,190.6,75.3,18.86,-25.719,5.227,4.197,175.0,175.2,72.0,1635,1,-15.4,0.46
3774,387,6.75,43.21,1,100.2,93.10000000000001,1398,190.5,75.5,18.98,-25.719,5.227,4.197,175.0,175.2,72.0,1635,1,-15.4,0.47
3775,387,6.775,43.1,1,100.2,93.0,1399,190.4,75.4,18.9,-25.719,5.223,4.197,175.0,175.1,72.0,1635,1,-15.4,0.47
3776,387,6.775,43.07,1,100.1,93.0,1399,190.4,75.6,18.84,-25.719,5.223,4.197,175.0,175.1,72.0,1635,1,-15.4,0.46
3777,387,6.775,43.12,1,100.1,93.0,1399,190.4,75.6,18.86,-25.719,5.223,4.197,175.0,175.1,72.0,1636,1,-15.4,0.46
3778,387,6.775,43.2,1,100.1,93.0,1399,190.4,75.4,18.87,-25.719,5.227,4.197,175.0,175.1,72.0,1636,1,-15.4,0.48
3779,387,6.775,43.09,1,100.2,93.0,1398,190.4,75.5,18.85,-25.719,5.227,4.197,174.0,175.0,72.0,1636,1,-15.4,0.47
3780,387,6.775,43.17,1,100.1,93.0,1398,190.3,75.7,18.95,-25.719,5.227,4.197,175.0,175.0,72.0,1636,1,-15.4,0.47
3781,387,6.775,43.12,1,100.2,93.0,1399,190.2,75.5,18.95,-25.711,5.227,4.197,175.0,175.0,72.0,1636,1,-15.4,0.47
3782,387,6.775,43.11,1,100.2,93.0,1399,190.2,75.4,18.93,-25.711,5.227,4.197,175.0,175.0,72.0,1636,1,-15.4,0.47
3783,387,6.775,43.11,1,100.2,93.10000000000001,1398,190.1,75.4,19.28,-25.703,5.227,4.197,175.0,175.0,72.0,1636,1,-15.4,0.47
3784,387,6.775,43.18,1,100.4,93.10000000000001,1400,190.1,75.4,19.43,-25.711,5.227,4.197,175.0,174.9,72.0,1636,1,-15.4,0.47
3785,387,6.775,43.15,1,100.49999999999999,93.10000000000001,1401,190.1,75.4,19.43,-25.711,5.227,4.198,174.0,174.9,72.0,1636,1,-15.4,0.47
3786,387,6.775,43.14,1,100.49999999999999,93.10000000000001,1402,190.2,75.5,19.43,-25.711,5.223,4.197,175.0,174.9,72.0,1636,1,-15.4,0.47
3787,387,6.775,43.1,1,100.49999999999999,93.10000000000001,1402,190.1,75.4,19.39,-25.719,5.227,4.197,174.0,174.9,72.0,1636,1,-15.4,0.47
3788,387,6.775,43.18,1,100.49999999999999,93.2,1402,190.0,75.6,19.45,-25.711,5.223,4.197,174.0,174.9,72.0,1636,1,-15.4,0.47
3789,387,6.775,43.11,1,100.6,93.2,1402,189.9,75.4,19.47,-25.711,5.223,4.198,174.0,174.9,72.0,1636,1,-15.4,0.46
3790,387,6.775,43.14,1,100.6,93.10000000000001,1402,190.0,75.6,19.46,-25.711,5.223,4.197,175.0,174.9,72.0,1636,1,-15.4,0.47
3791,387,6.775,43.0,1,100.6,93.10000000000001,1402,189.9,75.5,19.38,-25.703,5.223,4.197,174.0,174.9,72.0,1636,1,-15.4,0.47
3792,387,6.775,43.11,1,100.6,93.10000000000001,1402,189.9,75.4,19.68,-25.711,5.223,4.198,174.0,174.9,72.0,1636,1,-15.4,0.47
3793,387,6.775,43.12,1,100.69999999999999,93.2,1403,189.9,75.5,19.8,-25.711,5.223,4.197,175.0,174.9,72.0,1636,1,-15.4,0.48
3794,387,6.75,43.1,1,100.8,93.2,1404,189.9,75.6,19.8,-25.711,5.223,4.198,175.0,174.9,72.0,1636,1,-15.4,0.47
3795,387,6.775,43.16,1,100.8,93.2,1404,189.8,75.7,19.82,-25.711,5.223,4.198,175.0,175.0,72.0,1636,1,-15.4,0.46
3796,387,6.775,43.22,1,100.8,93.2,1404,189.7,75.7,19.81,-25.719,5.223,4.198,174.0,175.0,72.0,1636,1,-15.4,0.47
3797,387,6.75,43.16,1,100.89999999999999,93.2,1404,189.7,75.6,19.81,-25.719,5.223,4.197,175.0,175.0,72.0,1636,1,-15.4,0.47
3798,387,6.775,43.17,1,100.89999999999999,93.2,1404,189.6,75.6,19.79,-25.734,5.223,4.197,175.0,175.0,72.0,1636,1,-15.4,0.47
3799,387,6.775,43.27,1,100.89999999999999,93.2,1404,189.6,75.7,19.79,-25.742,5.223,4.198,174.0,175.0,72.0,1636,1,-15.4,0.48
3800,387,6.775,43.14,1,100.8,93.2,1404,189.6,75.7,20.11,-25.75,5.223,4.197,175.0,175.0,72.0,1636,1,-15.4,0.48
3801,387,6.775,43.26,1,101.1,93.4,1404,189.5,75.8,20.83,-25.758,5.223,4.198,174.0,175.0,72.0,1636,1,-15.4,0.47
3802,387,6.775,43.23,1,101.49999999999999,93.4,1407,189.4,75.7,20.98,-25.758,5.223,4.197,175.0,175.0,72.0,1636,1,-15.4,0.47
3803,388,6.775,43.11,1,101.69999999999999,93.4,1409,189.4,75.8,21.04,-25.758,5.223,4.198,175.0,175.0,72.0,1636,1,-15.4,0.47
3804,388,6.775,43.2,1,101.6,93.4,1410,189.3,75.9,21.02,-25.758,5.223,4.198,175.0,175.0,72.0,1636,1,-15.4,0.46
3805,388,6.775,43.26,1,101.6,93.4,1410,189.2,75.7,21.01,-25.758,5.223,4.198,175.0,175.0,72.0,1636,1,-15.4,0.46
3806,388,6.75,43.32,1,101.69999999999999,93.4,1411,189.1,75.8,20.94,-25.758,5.223,4.197,174.0,175.0,72.0,1636,1,-15.4,0.46
3807,388,6.775,43.17,1,101.69999999999999,93.4,1411,189.2,75.9,20.95,-25.75,5.223,4.197,175.0,175.0,72.0,1636,1,-15.4,0.47
3808,388,6.775,43.17,1,101.69999999999999,93.4,1411,189.2,75.8,21.0,-25.742,5.227,4.197,174.0,175.0,72.0,1636,1,-15.4,0.46
3809,388,6.775,43.21,1,101.69999999999999,93.4,1411,189.2,75.8,21.0,-25.734,5.227,4.197,175.0,175.1,72.0,1636,1,-15.4,0.46
3810,388,6.775,43.25,1,101.69999999999999,93.4,1411,189.2,75.7,21.01,-25.734,5.223,4.197,175.0,175.1,72.0,1636,1,-15.4,0.46
3811,388,6.775,43.19,1,101.69999999999999,93.4,1411,189.1,75.8,20.97,-25.727,5.223,4.197,175.0,175.1,72.0,1636,1,-15.5,0.46
3812,388,6.775,43.22,1,101.69999999999999,93.4,1411,189.1,75.7,21.0,-25.727,5.223,4.197,175.0,175.2,72.0,1636,1,-15.5,0.46
3813,388,6.775,43.2,1,101.6,93.4,1411,189.0,75.9,20.84,-25.727,5.227,4.197,175.0,175.2,72.0,1636,1,-15.5,0.48
3814,388,6.775,43.15,1,101.49999999999999,93.30000000000001,1411,189.0,75.8,19.86,-25.734,5.227,4.197,175.0,175.2,72.0,1636,1,-15.5,0.47
3815,388,6.775,43.09,1,100.89999999999999,93.10000000000001,1408,188.9,75.7,18.95,-25.742,5.227,4.197,175.0,175.3,72.0,1636,1,-15.5,0.46
3816,388,6.75,43.05,1,100.4,93.0,1405,188.9,75.6,18.84,-25.75,5.23,4.197,175.0,175.3,72.0,1636,1,-15.5,0.46
3817,388,6.775,43.02,1,100.2,93.0,1403,188.9,75.4,18.74,-25.766,5.23,4.197,175.0,175.3,72.0,1636,1,-15.5,0.46
3818,388,6.775,42.99,1,100.1,93.0,1402,189.0,75.5,18.72,-25.789,5.227,4.198,175.0,175.4,72.0,1636,1,-15.5,0.46
3819,388,6.775,42.95,1,100.1,93.0,1400,188.9,75.6,18.8,-25.812,5.227,4.197,175.0,175.3,72.0,1636,1,-15.5,0.46
3820,388,6.775,42.97,1,100.1,93.0,1400,188.9,75.5,18.73,-25.828,5.227,4.197,175.0,175.2,72.0,1636,1,-15.5,0.46
3821,388,6.775,42.99,1,100.1,93.0,1400,189.0,75.5,18.76,-25.836,5.227,4.197,175.0,175.1,72.0,1636,1,-15.5,0.46
3822,388,6.775,43.01,1,100.1,93.0,1400,189.1,75.5,18.72,-25.852,5.227,4.197,175.0,174.9,72.0,1636,1,-15.5,0.47
3823,388,6.775,43.05,1,100.1,93.0,1399,189.2,75.6,18.69,-25.859,5.227,4.197,174.0,174.6,72.0,1636,1,-15.5,0.46
3824,388,6.775,43.1,1,100.2,93.0,1400,189.2,75.6,18.8,-25.875,5.227,4.198,174.0,174.3,72.0,1636,1,-15.5,0.46
3825,388,6.775,43.05,1,100.2,93.0,1400,189.2,75.4,18.78,-25.883,5.227,4.197,174.0,174.0,72.0,1636,1,-15.5,0.46
3826,388,6.775,42.96,1,100.2,93.0,1400,189.2,75.4,18.79,-25.891,5.223,4.197,172.0,173.6,72.0,1636,1,-15.5,0.47
3827,388,6.75,43.03,1,100.2,93.0,1400,189.4,75.4,19.07,-25.898,5.223,4.197,172.0,173.2,72.0,1636,1,-15.5,0.47
3828,388,6.75,43.11,1,100.49999999999999,93.2,1401,189.4,75.5,20.16,-25.898,5.223,4.197,172.0,172.8,72.0,1636,1,-15.5,0.47
3829,388,6.775,43.18,1,101.2,93.4,1403,189.4,75.6,21.09,-25.891,5.223,4.197,172.0,172.3,72.0,1636,1,-15.5,0.47
3830,388,6.75,43.12,1,101.6,93.5,1407,189.4,75.8,21.23,-25.891,5.223,4.198,171.0,171.8,72.0,1636,1,-15.5,0.47
3831,389,6.75,43.17,1,101.69999999999999,93.4,1408,189.4,75.8,21.25,-25.883,5.223,4.197,171.0,171.3,72.0,1636,1,-15.5,0.47
3832,389,6.775,43.14,1,101.69999999999999,93.4,1409,189.4,76.0,21.21,-25.875,5.223,4.197,170.0,170.8,72.0,1636,1,-15.5,0.46
3833,389,6.775,43.11,1,101.69999999999999,93.4,1410,189.4,75.9,21.23,-25.883,5.223,4.198,169.0,170.3,72.0,1636,1,-15.5,0.46
3834,389,6.775,43.13,1,101.8,93.5,1411,189.4,75.8,21.28,-25.875,5.223,4.197,169.0,169.9,72.0,1636,1,-15.5,0.46
3835,389,6.775,43.17,1,101.8,93.5,1411,189.4,75.8,21.28,-25.867,5.223,4.197,168.0,169.4,72.0,1636,1,-15.5,0.46
3836,389,6.775,43.13,1,101.8,93.4,1411,189.4,75.7,21.23,-25.859,5.223,4.198,168.0,168.9,72.0,1636,1,-15.5,0.47
3837,389,6.775,43.18,1,101.69999999999999,93.4,1412,189.3,75.6,21.19,-25.859,5.223,4.197,167.0,168.4,72.0,1636,1,-15.5,0.46
3838,389,6.775,43.12,1,101.69999999999999,93.4,1412,189.4,75.7,21.26,-25.859,5.223,4.197,166.0,168.0,72.0,1636,1,-15.5,0.48
3839,389,6.775,43.17,1,101.69999999999999,93.4,1412,189.4,75.9,21.2,-25.852,5.223,4.197,166.0,167.5,72.0,1636,1,-15.5,0.47
3840,389,6.775,43.06,1,101.69999999999999,93.4,1412,189.3,75.9,21.25,-25.852,5.223,4.197,166.0,167.1,72.0,1636,1,-15.5,0.47
3841,389,6.775,43.21,1,101.8,93.4,1413,189.3,75.9,21.19,-25.859,5.223,4.198,165.0,166.7,72.0,1636,1,-15.5,0.48
3842,389,6.775,43.16,1,101.69999999999999,93.4,1412,189.1,76.0,21.25,-25.859,5.223,4.197,165.0,166.3,72.0,1636,1,-15.5,0.47
3843,389,6.775,43.34,1,101.69999999999999,93.4,1413,189.1,76.0,21.26,-25.859,5.223,4.197,165.0,165.9,72.0,1636,1,-15.5,0.46
3844,389,6.775,43.11,1,101.69999999999999,93.4,1412,189.0,75.8,21.21,-25.859,5.227,4.197,164.0,165.5,72.0,1636,1,-15.5,0.47
3845,390,6.775,43.11,1,101.69999999999999,93.4,1412,189.1,75.8,21.05,-25.859,5.227,4.197,164.0,165.2,72.0,1636,1,-15.5,0.47
3846,390,6.775,43.07,1,101.6,93.4,1412,189.0,75.8,19.98,-25.852,5.227,4.197,163.0,164.9,72.0,1636,1,-15.5,0.47
3847,390,6.775,43.11,1,101.0,93.10000000000001,1411,189.0,75.5,19.01,-25.852,5.23,4.197,163.0,164.5,72.0,1636,1,-15.5,0.47
3848,390,6.775,43.01,1,100.49999999999999,93.0,1406,189.1,75.4,18.47,-25.859,5.23,4.197,163.0,164.3,72.0,1636,1,-15.5,0.46
3849,390,6.775,42.93,1,100.0,92.9,1403,189.1,75.4,17.8,-25.875,5.234,4.197,163.0,164.0,72.0,1636,1,-15.5,0.46
3850,390,6.775,42.93,1,99.4,92.7,1400,189.1,75.2,17.0,-25.883,5.234,4.197,163.0,163.7,72.0,1636,1,-15.5,0.45
3851,390,6.775,43.03,1,99.1,92.7,1396,189.1,75.3,16.93,-25.906,5.234,4.197,162.0,163.4,72.0,1636,1,-15.5,0.46
3852,390,6.775,42.9,1,98.9,92.60000000000001,1393,189.1,75.2,16.9,-25.922,5.234,4.197,162.0,163.2,72.0,1636,1,-15.5,0.47
3853,390,6.775,42.91,1,98.8,92.60000000000001,1391,189.1,75.1,16.89,-25.93,5.23,4.197,162.0,163.0,72.0,1636,1,-15.5,0.47
3854,390,6.775,42.78,1,98.8,92.60000000000001,1390,189.2,75.1,16.59,-25.945,5.234,4.197,162.0,162.7,72.0,1636,1,-15.5,0.47
3855,390,6.775,42.88,1,98.5,92.4,1388,189.2,75.1,15.54,-25.953,5.234,4.198,162.0,162.5,72.0,1636,1,-15.5,0.47
3856,389,6.75,42.91,1,97.89999999999999,92.10000000000001,1384,189.4,74.9,14.5,-25.961,5.238,4.197,161.0,162.3,72.0,1636,1,-15.5,0.47
3857,389,6.775,42.8,1,97.2,91.9,1378,189.5,74.7,14.24,-25.977,5.238,4.198,161.0,162.1,72.0,1636,1,-15.5,0.47
3858,389,6.775,42.85,1,97.0,91.8,1372,189.7,74.5,14.07,-25.984,5.238,4.197,160.0,161.9,72.0,1636,1,-15.5,0.46
3859,389,6.775,42.76,1,96.8,91.7,1368,189.9,74.4,14.22,-25.992,5.238,4.197,160.0,161.7,72.0,1636,1,-15.6,0.47
3860,389,6.75,42.78,1,96.89999999999999,91.8,1365,190.0,74.4,14.18,-26.008,5.238,4.197,160.0,161.5,72.0,1636,1,-15.5,0.47
3861,388,6.775,42.73,1,96.89999999999999,91.8,1364,190.1,74.3,14.18,-26.008,5.238,4.197,160.0,161.3,72.0,1636,1,-15.5,0.46
3862,388,6.775,42.57,1,96.8,91.7,1362,190.2,74.3,14.19,-26.016,5.234,4.197,160.0,161.1,72.0,1636,1,-15.5,0.45
3863,388,6.775,42.75,1,96.8,91.7,1361,190.4,74.3,14.18,-26.023,5.234,4.197,160.0,160.8,72.0,1636,1,-15.5,0.46
3864,388,6.775,42.73,1,96.8,91.7,1360,190.6,74.3,14.22,-26.031,5.234,4.197,160.0,160.6,72.0,1636,1,-15.5,0.46
3865,388,6.775,42.79,1,96.8,91.7,1359,190.8,74.3,14.47,-26.039,5.23,4.198,159.0,160.4,72.0,1636,1,-15.6,0.47
3866,387,6.775,42.74,1,97.1,91.9,1358,190.9,74.4,15.41,-26.047,5.23,4.197,159.0,160.2,72.0,1636,1,-15.6,0.46
3867,387,6.775,42.86,1,97.7,92.2,1361,191.0,74.6,16.54,-26.055,5.227,4.197,159.0,160.0,72.0,1636,1,-15.6,0.47
3868,387,6.75,43.06,1,98.4,92.5,1366,191.1,75.1,16.86,-26.047,5.227,4.197,159.0,159.9,72.0,1636,1,-15.6,0.47
3869,387,6.775,42.99,1,98.6,92.60000000000001,1373,191.1,75.0,16.81,-26.047,5.227,4.197,159.0,159.6,72.0,1636,1,-15.6,0.47
3870,387,6.775,42.89,1,98.8,92.60000000000001,1376,191.2,75.1,16.86,-26.055,5.227,4.197,158.0,159.5,72.0,1636,1,-15.6,0.47
3871,387,6.75,42.91,1,98.8,92.60000000000001,1379,191.3,75.2,17.12,-26.07,5.227,4.197,158.0,159.3,72.0,1636,1,-15.6,0.46
3872,387,6.75,42.92,1,99.1,92.80000000000001,1381,191.3,75.2,17.89,-26.078,5.223,4.197,158.0,159.1,72.0,1636,1,-15.6,0.47
3873,387,6.75,42.98,1,99.5,92.80000000000001,1384,191.3,75.3,17.9,-26.086,5.223,4.197,158.0,158.9,72.0,1636,1,-15.6,0.47
3874,387,6.75,43.01,1,99.6,92.80000000000001,1387,191.2,75.2,18.0,-26.086,5.223,4.198,158.0,158.8,72.0,1636,1,-15.6,0.47
3875,387,6.75,42.89,1,99.7,92.9,1388,191.1,75.4,18.04,-26.094,5.223,4.198,157.0,158.8,72.0,1636,1,-15.6,0.47
3876,387,6.775,42.99,1,99.8,93.0,1389,191.0,75.4,18.47,-26.102,5.223,4.197,157.0,158.8,72.0,1636,1,-15.6,0.47
3877,387,6.775,43.05,1,100.0,92.9,1391,190.9,75.6,18.54,-26.109,5.223,4.197,157.0,158.8,72.0,1636,1,-15.6,0.46
3878,387,6.775,42.96,1,100.1,92.9,1393,190.7,75.5,18.51,-26.125,5.219,4.197,157.0,158.8,72.0,1636,1,-15.6,0.46
3879,387,6.775,42.97,1,100.1,93.0,1393,190.6,75.6,18.54,-26.125,5.219,4.197,158.0,158.9,72.0,1636,1,-15.6,0.46
3880,387,6.775,43.03,1,100.1,93.0,1394,190.6,75.5,18.56,-26.133,5.223,4.197,158.0,159.1,72.0,1636,1,-15.6,0.46
3881,387,6.775,42.94,1,100.1,93.0,1395,190.5,75.4,18.54,-26.141,5.223,4.197,158.0,159.3,72.0,1636,1,-15.6,0.45
3882,387,6.775,43.0,1,100.1,93.0,1395,190.5,75.5,18.55,-26.141,5.223,4.197,159.0,159.4,72.0,1636,1,-15.6,0.46
3883,387,6.75,42.91,1,100.1,93.0,1395,190.4,75.3,18.55,-26.148,5.223,4.197,159.0,159.7,72.0,1636,1,-15.6,0.46
3884,387,6.75,43.08,1,100.2,93.0,1395,190.3,75.6,18.8,-26.148,5.223,4.197,159.0,159.9,72.0,1636,1,-15.6,0.46
3885,387,6.775,43.0,1,100.29999999999998,93.10000000000001,1396,190.2,75.5,18.79,-26.148,5.223,4.197,159.0,160.1,72.0,1636,1,-15.6,0.46
3886,387,6.775,43.1,1,100.29999999999998,93.0,1397,190.1,75.5,18.93,-26.148,5.223,4.197,159.0,160.3,72.0,1636,1,-15.6,0.47
3887,387,6.775,42.95,1,100.4,93.0,1398,189.9,75.6,18.88,-26.141,5.223,4.197,160.0,160.5,72.0,1636,1,-15.6,0.47
3888,387,6.775,43.07,1,100.4,93.0,1398,189.9,75.7,18.86,-26.141,5.223,4.197,160.0,160.7,72.0,1636,1,-15.6,0.46
3889,387,6.775,43.0,1,100.4,93.0,1398,189.8,75.5,18.87,-26.141,5.223,4.197,160.0,160.8,72.0,1636,1,-15.6,0.46
3890,387,6.775,42.96,1,100.4,93.0,1398,189.8,75.5,18.83,-26.133,5.223,4.197,160.0,160.9,72.0,1636,1,-15.6,0.47
3891,387,6.775,42.93,1,100.4,93.0,1398,189.7,75.5,18.87,-26.133,5.227,4.197,161.0,161.0,72.0,1636,1,-15.6,0.47
3892,387,6.775,42.94,1,100.29999999999998,93.0,1398,189.6,75.5,18.82,-26.125,5.227,4.197,161.0,161.1,72.0,1636,1,-15.6,0.47
3893,387,6.775,42.96,1,100.4,93.0,1398,189.5,75.5,18.93,-26.117,5.223,4.197,160.0,161.1,72.0,1636,1,-15.6,0.47
3894,387,6.775,42.97,1,100.4,93.0,1399,189.6,75.4,18.88,-26.125,5.223,4.197,161.0,161.2,72.0,1636,1,-15.6,0.46
3895,387,6.775,42.95,1,100.4,93.0,1399,189.6,75.6,18.83,-26.117,5.227,4.197,161.0,161.2,72.0,1636,1,-15.6,0.47
3896,387,6.775,42.93,1,100.4,93.0,1399,189.5,75.5,18.85,-26.117,5.227,4.197,161.0,161.2,72.0,1636,1,-15.6,0.45
3897,387,6.775,42.98,1,100.4,93.10000000000001,1399,189.5,75.5,19.04,-26.117,5.227,4.197,161.0,161.2,72.0,1636,1,-15.6,0.45
3898,387,6.775,43.04,1,100.49999999999999,93.10000000000001,1399,189.5,75.4,18.89,-26.109,5.227,4.198,160.0,161.2,72.0,1636,1,-15.6,0.46
3899,387,6.775,43.01,1,100.4,93.0,1400,189.5,75.6,18.86,-26.109,5.227,4.198,161.0,161.1,72.0,1636,1,-15.6,0.45
3900,387,6.75,42.9,1,100.4,93.0,1399,189.4,75.5,18.86,-26.109,5.227,4.197,160.0,161.1,72.0,1636,1,-15.7,0.47
3901,387,6.775,42.93,1,100.4,93.0,1399,189.3,75.3,18.77,-26.109,5.227,4.198,161.0,161.1,72.0,1636,1,-15.6,0.47
3902,387,6.775,42.92,1,100.29999999999998,93.0,1399,189.3,75.5,18.85,-26.109,5.227,4.197,160.0,161.0,72.0,1636,1,-15.7,0.47
3903,387,6.75,42.87,1,100.29999999999998,93.0,1399,189.2,75.4,18.82,-26.102,5.227,4.197,160.0,160.9,72.0,1636,1,-15.6,0.46
3904,387,6.775,43.03,1,100.29999999999998,93.0,1399,189.1,75.5,18.92,-26.109,5.227,4.197,160.0,160.7,72.0,1636,1,-15.7,0.46
3905,387,6.775,43.03,1,100.4,93.0,1400,189.1,75.5,18.93,-26.109,5.227,4.197,160.0,160.6,72.0,1636,1,-15.7,0.46
3906,387,6.775,43.07,1,100.29999999999998,93.0,1400,189.1,75.5,18.89,-26.102,5.223,4.197,160.0,160.4,72.0,1636,1,-15.7,0.47
3907,387,6.775,43.05,1,100.4,93.0,1400,189.1,75.4,18.87,-26.109,5.223,4.197,159.0,160.1,72.0,1636,1,-15.7,0.46
3908,387,6.775,43.2,1,100.4,93.0,1400,189.1,75.4,18.9,-26.109,5.223,4.197,159.0,159.8,72.0,1636,1,-15.7,0.46
3909,387,6.775,43.0,1,100.29999999999998,93.0,1400,189.0,75.2,18.86,-26.109,5.223,4.197,159.0,159.5,72.0,1636,1,-15.7,0.46
3910,387,6.775,43.12,1,100.29999999999998,93.0,1400,189.0,75.3,18.93,-26.117,5.219,4.197,158.0,159.2,72.0,1636,1,-15.7,0.46
3911,387,6.775,42.95,1,100.4,93.0,1400,188.9,75.4,19.37,-26.117,5.219,4.197,158.0,158.9,72.0,1636,1,-15.7,0.46
3912,387,6.775,42.97,1,100.8,93.30000000000001,1402,189.0,75.6,20.53,-26.125,5.219,4.197,157.0,158.5,72.0,1636,1,-15.7,0.46
3913,387,6.75,43.12,1,101.49999999999999,93.4,1406,188.9,75.8,20.82,-26.117,5.219,4.197,157.0,158.2,72.0,1636,1,-15.7,0.46
3914,387,6.775,43.13,1,101.69999999999999,93.4,1409,188.9,75.7,20.9,-26.102,5.219,4.197,157.0,157.8,72.0,1636,1,-15.7,0.47
3915,387,6.775,43.19,1,101.8,93.4,1409,188.8,75.8,20.91,-26.094,5.223,4.197,156.0,157.5,72.0,1636,1,-15.7,0.47
3916,387,6.75,43.15,1,101.8,93.4,1410,188.8,75.8,20.88,-26.086,5.223,4.197,156.0,157.1,72.0,1636,1,-15.7,0.46
3917,387,6.775,43.07,1,101.8,93.4,1410,188.8,75.8,20.89,-26.078,5.223,4.197,156.0,156.8,72.0,1636,1,-15.7,0.46
3918,387,6.775,43.08,1,101.89999999999999,93.4,1410,188.8,75.9,20.88,-26.07,5.227,4.198,155.0,156.4,72.0,1636,1,-15.7,0.47
3919,387,6.775,43.13,1,101.89999999999999,93.4,1411,188.8,75.8,20.89,-26.062,5.227,4.197,155.0,156.1,72.0,1636,1,-15.7,0.46
3920,387,6.75,43.09,1,101.8,93.4,1411,188.7,75.8,20.68,-26.055,5.227,4.197,154.0,155.7,72.0,1636,1,-15.7,0.46
3921,387,6.775,43.07,1,101.6,93.30000000000001,1411,188.7,75.7,19.62,-26.047,5.227,4.197,154.0,155.4,72.0,1636,1,-15.7,0.47
3922,387,6.775,42.87,1,101.0,93.10000000000001,1409,188.6,75.6,18.91,-26.047,5.227,4.197,154.0,155.1,72.0,1636,1,-15.7,0.46
3923,387,6.775,43.0,1,100.6,93.10000000000001,1406,188.6,75.6,19.0,-26.047,5.227,4.197,154.0,154.8,72.0,1636,1,-15.7,0.46
3924,387,6.775,42.91,1,100.4,93.0,1404,188.6,75.6,18.89,-26.055,5.227,4.198,153.0,154.5,72.0,1636,1,-15.7,0.45
3925,387,6.775,42.97,1,100.4,93.0,1404,188.5,75.6,18.87,-26.062,5.227,4.197,153.0,154.2,72.0,1636,1,-15.7,0.46
3926,387,6.775,43.12,1,100.4,93.0,1403,188.5,75.5,18.99,-26.062,5.23,4.197,153.0,153.9,72.0,1636,1,-15.7,0.46
3927,387,6.775,43.0,1,100.29999999999998,93.0,1403,188.5,75.5,18.22,-26.062,5.227,4.197,152.0,153.7,72.0,1636,1,-15.7,0.46
3928,387,6.775,42.81,1,100.0,92.9,1401,188.5,75.3,18.16,-26.062,5.227,4.197,152.0,153.4,72.0,1636,1,-15.7,0.46
3929,387,6.775,42.96,1,99.8,92.9,1399,188.5,75.4,18.14,-26.07,5.227,4.197,151.0,153.1,72.0,1636,1,-15.7,0.46
3930,387,6.775,42.89,1,99.8,92.9,1398,188.4,75.3,18.14,-26.078,5.227,4.197,151.0,152.9,72.0,1636,1,-15.7,0.46
3931,387,6.775,42.92,1,99.8,92.9,1397,188.5,75.4,18.15,-26.086,5.227,4.197,151.0,152.7,72.0,1636,1,-15.7,0.46
3932,387,6.75,42.89,1,99.8,92.9,1397,188.6,75.3,18.16,-26.086,5.227,4.197,151.0,152.5,72.0,1636,1,-15.7,0.46
3933,387,6.775,42.91,1,99.8,92.9,1397,188.8,75.4,18.14,-26.086,5.227,4.197,151.0,152.3,72.0,1636,1,-15.7,0.47
3934,387,6.775,43.08,1,99.8,92.9,1397,188.8,75.5,18.35,-26.086,5.227,4.197,151.0,152.1,72.0,1636,1,-15.7,0.46
3935,387,6.775,42.88,1,100.0,93.0,1397,188.8,75.3,18.36,-26.086,5.227,4.197,151.0,151.9,72.0,1636,1,-15.7,0.46
3936,387,6.75,43.05,1,100.0,92.9,1398,188.8,75.3,18.54,-26.094,5.223,4.197,150.0,151.7,72.0,1636,1,-15.7,0.46
3937,387,6.775,43.13,1,100.2,93.10000000000001,1398,188.8,75.5,19.31,-26.094,5.223,4.197,150.0,151.6,72.0,1636,1,-15.7,0.45
3938,387,6.775,43.0,1,100.6,93.10000000000001,1400,188.9,75.4,19.44,-26.094,5.223,4.197,150.0,151.4,72.0,1636,1,-15.7,0.46
3939,387,6.775,43.01,1,100.8,93.10000000000001,1401,188.9,75.5,19.52,-26.094,5.223,4.197,150.0,151.2,72.0,1636,1,-15.7,0.47
3940,387,6.75,42.93,1,100.89999999999999,93.2,1401,188.9,75.5,20.21,-26.102,5.223,4.197,150.0,151.1,72.0,1636,1,-15.7,0.46
3941,387,6.775,42.95,1,101.29999999999998,93.30000000000001,1403,188.9,75.5,20.43,-26.094,5.223,4.197,150.0,150.9,72.0,1636,1,-15.7,0.46
3942,387,6.775,42.99,1,101.49999999999999,93.30000000000001,1405,188.9,75.7,20.51,-26.086,5.223,4.197,150.0,150.8,72.0,1636,1,-15.8,0.46
3943,387,6.775,43.11,1,101.6,93.30000000000001,1407,188.9,75.8,20.48,-26.086,5.223,4.197,149.0,150.7,72.0,1636,1,-15.8,0.47
3944,387,6.75,42.98,1,101.6,93.4,1407,188.8,75.7,20.79,-26.078,5.223,4.197,149.0,150.5,72.0,1636,1,-15.8,0.47
3945,387,6.775,42.97,1,101.8,93.4,1408,188.8,75.8,21.47,-26.078,5.223,4.197,149.0,150.4,72.0,1636,1,-15.8,0.46
3946,387,6.775,42.98,1,101.89999999999999,93.5,1409,188.8,76.0,21.54,-26.078,5.219,4.197,149.0,150.3,72.0,1636,1,-15.8,0.46
3947,387,6.75,43.02,1,101.89999999999999,93.4,1410,188.7,75.8,21.57,-26.07,5.219,4.197,149.0,150.2,72.0,1636,1,-15.8,0.47
3948,387,6.775,43.02,1,101.89999999999999,93.4,1411,188.8,75.8,21.65,-26.062,5.219,4.197,149.0,150.1,72.0,1636,1,-15.8,0.46
3949,387,6.775,43.09,1,101.8,93.4,1411,188.7,75.8,21.62,-26.047,5.223,4.197,149.0,150.1,72.0,1635,1,-15.8,0.47
3950,387,6.775,43.08,1,101.8,93.4,1411,188.6,75.8,21.69,-26.031,5.219,4.197,149.0,150.0,72.0,1635,1,-15.8,0.47
3951,387,6.75,43.05,1,101.8,93.4,1412,188.6,75.9,21.69,-26.023,5.219,4.197,149.0,149.9,72.0,1635,1,-15.8,0.46
3952,388,6.75,43.17,1,101.89999999999999,93.4,1412,188.6,76.0,21.63,-26.016,5.219,4.197,149.0,149.9,72.0,1635,1,-15.8,0.46
3953,388,6.775,43.1,1,101.89999999999999,93.4,1413,188.6,75.8,21.67,-26.0,5.219,4.197,149.0,149.8,72.0,1635,1,-15.8,0.46
3954,388,6.775,43.03,1,101.8,93.4,1413,188.6,75.9,21.62,-26.0,5.223,4.197,149.0,149.8,72.0,1635,1,-15.8,0.46
3955,388,6.775,43.14,1,101.8,93.4,1414,188.6,75.8,21.69,-25.992,5.219,4.197,149.0,149.7,72.0,1635,1,-15.8,0.46
3956,388,6.775,43.06,1,101.89999999999999,93.5,1413,188.5,75.9,21.7,-25.984,5.219,4.197,149.0,149.7,72.0,1635,1,-15.8,0.46
3957,388,6.775,42.99,1,101.8,93.4,1413,188.5,75.7,21.68,-25.984,5.219,4.197,149.0,149.6,72.0,1635,1,-15.8,0.46
3958,388,6.775,43.16,1,101.8,93.4,1412,188.5,75.9,21.69,-25.977,5.219,4.197,149.0,149.6,72.0,1635,1,-15.8,0.46
3959,388,6.775,43.07,1,101.8,93.4,1413,188.5,76.0,21.71,-25.969,5.219,4.197,149.0,149.6,73.0,1635,1,-15.8,0.46
3960,388,6.775,43.12,1,101.8,93.4,1413,188.5,75.9,20.99,-25.969,5.219,4.198,149.0,149.5,72.0,1635,1,-15.8,0.47
3961,388,6.775,43.22,1,101.8,93.4,1413,188.4,75.9,20.88,-25.961,5.219,4.197,149.0,149.5,72.0,1635,1,-15.8,0.46
3962,388,6.775,43.08,1,101.8,93.4,1413,188.5,75.8,20.85,-25.961,5.219,4.197,149.0,149.5,72.0,1635,1,-15.8,0.46
3963,389,6.775,42.91,1,101.8,93.4,1412,188.5,75.8,20.85,-25.969,5.219,4.197,149.0,149.5,73.0,1635,1,-15.8,0.47
3964,389,6.775,43.15,1,101.8,93.4,1412,188.5,75.7,20.84,-25.961,5.223,4.197,149.0,149.4,73.0,1635,1,-15.8,0.46
3965,389,6.75,42.94,1,101.69999999999999,93.4,1412,188.5,75.8,20.87,-25.953,5.223,4.197,149.0,149.3,72.0,1635,1,-15.8,0.47
3966,389,6.775,43.15,1,101.69999999999999,93.4,1413,188.4,75.8,20.84,-25.953,5.223,4.197,149.0,149.2,72.0,1635,1,-15.8,0.47
3967,389,6.775,43.03,1,101.69999999999999,93.4,1413,188.4,75.7,20.84,-25.953,5.223,4.197,148.0,149.1,72.0,1635,1,-15.8,0.47
3968,389,6.775,42.97,1,101.8,93.4,1413,188.4,75.7,20.87,-25.945,5.223,4.197,148.0,149.0,73.0,1635,1,-15.8,0.46
3969,389,6.775,43.11,1,101.69999999999999,93.4,1413,188.5,75.6,20.89,-25.938,5.219,4.197,148.0,148.8,72.0,1635,1,-15.8,0.46
3970,389,6.775,43.09,1,101.8,93.4,1413,188.5,75.6,20.84,-25.93,5.219,4.197,148.0,148.7,73.0,1635,1,-15.8,0.46
3971,389,6.775,42.94,1,101.69999999999999,93.4,1413,188.4,75.7,20.88,-25.922,5.219,4.197,147.0,148.5,73.0,1635,1,-15.8,0.46
3972,389,6.775,42.99,1,101.69999999999999,93.4,1413,188.4,75.7,20.86,-25.914,5.219,4.197,147.0,148.3,73.0,1635,1,-15.8,0.46
3973,389,6.775,43.09,1,101.69999999999999,93.4,1413,188.5,75.6,20.84,-25.906,5.219,4.197,147.0,148.2,73.0,1635,1,-15.8,0.46
3974,389,6.775,43.04,1,101.69999999999999,93.4,1413,188.5,75.8,20.83,-25.906,5.219,4.197,147.0,148.0,73.0,1635,1,-15.8,0.47
3975,389,6.775,43.12,1,101.69999999999999,93.4,1413,188.5,75.9,20.86,-25.898,5.223,4.197,146.0,147.8,73.0,1635,1,-15.8,0.46
3976,389,6.75,43.08,1,101.69999999999999,93.4,1412,188.4,75.8,20.88,-25.891,5.223,4.197,146.0,147.6,73.0,1635,1,-15.8,0.46
3977,390,6.775,43.01,1,101.69999999999999,93.4,1413,188.4,75.7,20.84,-25.883,5.223,4.197,146.0,147.4,72.0,1635,1,-15.9,0.47
3978,390,6.775,43.1,1,101.69999999999999,93.4,1412,188.4,75.8,20.81,-25.875,5.223,4.197,146.0,147.2,73.0,1635,1,-15.9,0.47
3979,390,6.775,43.06,1,101.69999999999999,93.4,1412,188.4,75.9,20.81,-25.875,5.223,4.198,146.0,147.0,73.0,1635,1,-15.9,0.47
3980,390,6.775,43.01,1,101.69999999999999,93.4,1412,188.4,75.6,20.81,-25.867,5.223,4.198,146.0,146.8,73.0,1635,1,-15.9,0.46
3981,390,6.775,43.26,1,101.69999999999999,93.4,1412,188.5,75.7,20.86,-25.867,5.223,4.197,146.0,146.6,73.0,1635,1,-15.9,0.47
3982,390,6.775,43.19,1,101.69999999999999,93.4,1412,188.4,75.8,20.81,-25.859,5.223,4.197,145.0,146.4,73.0,1635,1,-15.9,0.48
3983,390,6.75,43.03,1,101.69999999999999,93.4,1412,188.5,75.5,20.41,-25.859,5.227,4.198,145.0,146.2,73.0,1635,1,-15.9,0.47
3984,390,6.775,42.94,1,101.29999999999998,93.2,1411,188.6,75.6,19.59,-25.867,5.227,4.197,144.0,146.0,73.0,1635,1,-15.9,0.45
3985,390,6.775,43.26,1,100.89999999999999,93.10000000000001,1408,188.5,75.8,19.45,-25.867,5.227,4.197,144.0,145.9,73.0,1635,1,-15.9,0.46
3986,390,6.775,42.8,1,100.69999999999999,93.2,1406,188.5,75.7,19.44,-25.875,5.227,4.197,144.0,145.7,73.0,1635,1,-15.9,0.46
3987,390,6.775,42.94,1,100.69999999999999,93.10000000000001,1406,188.5,75.5,19.45,-25.875,5.227,4.197,144.0,145.5,73.0,1635,1,-15.9,0.46
3988,390,6.775,42.9,1,100.6,93.10000000000001,1405,188.6,75.5,18.93,-25.875,5.23,4.197,144.0,145.4,73.0,1635,1,-15.9,0.46
3989,390,6.775,43.09,1,100.29999999999998,93.0,1404,188.6,75.4,17.81,-25.891,5.23,4.197,144.0,145.2,73.0,1635,1,-15.9,0.47
3990,390,6.775,42.75,1,99.5,92.7,1401,188.6,75.1,17.18,-25.898,5.23,4.197,144.0,145.1,73.0,1635,1,-15.9,0.47
3991,390,6.775,43.07,1,99.2,92.7,1397,188.7,75.0,17.16,-25.914,5.234,4.197,144.0,144.9,73.0,1635,1,-15.9,0.47
3992,389,6.775,42.8,1,99.0,92.7,1395,188.7,75.2,17.12,-25.922,5.234,4.197,144.0,144.8,73.0,1635,1,-15.9,0.48
3993,389,6.775,43.15,1,99.0,92.7,1393,188.8,75.1,17.16,-25.93,5.234,4.197,144.0,144.6,73.0,1635,1,-15.9,0.47
3994,389,6.775,42.77,1,99.0,92.7,1392,188.9,75.0,17.12,-25.945,5.23,4.197,144.0,144.5,73.0,1635,1,-15.9,0.47
3995,389,6.775,42.85,1,99.0,92.7,1391,188.9,75.1,17.15,-25.953,5.23,4.197,144.0,144.3,73.0,1635,1,-15.9,0.47
3996,389,6.775,42.87,1,99.0,92.7,1391,188.9,75.0,16.88,-25.961,5.23,4.197,144.0,144.2,73.0,1635,1,-15.9,0.47
3997,389,6.775,42.73,1,98.7,92.5,1390,189.0,75.1,16.28,-25.961,5.23,4.197,144.0,144.0,73.0,1635,1,-15.9,0.47
3998,389,6.775,42.77,1,98.5,92.4,1388,189.0,75.1,16.14,-25.969,5.23,4.197,142.0,143.9,73.0,1635,1,-15.9,0.46
3999,389,6.775,42.91,1,98.3,92.4,1385,189.1,74.9,16.14,-25.977,5.23,4.197,142.0,143.7,73.0,1635,1,-15.9,0.46
4000,389,6.775,42.76,1,98.3,92.4,1383,189.2,75.0,16.23,-25.984,5.234,4.197,142.0,143.4,73.0,1635,1,-15.9,0.46
4001,388,6.775,42.79,1,98.2,92.4,1383,189.3,75.0,16.18,-25.984,5.234,4.197,142.0,143.2,73.0,1635,1,-15.9,0.46
4002,388,6.775,42.78,1,98.3,92.4,1382,189.4,74.9,16.25,-25.992,5.23,4.198,142.0,142.9,73.0,1635,1,-15.9,0.47
4003,388,6.775,42.83,1,98.3,92.4,1382,189.5,74.9,16.14,-25.992,5.23,4.197,141.0,142.6,73.0,1635,1,-15.9,0.47
4004,388,6.775,42.6,1,98.3,92.4,1382,189.5,75.1,16.21,-25.992,5.23,4.197,141.0,142.2,73.0,1635,1,-15.9,0.47
4005,388,6.775,42.58,1,98.3,92.4,1382,189.7,75.0,16.26,-25.992,5.23,4.197,140.0,141.9,73.0,1635,1,-15.9,0.46
4006,388,6.775,42.69,1,98.3,92.4,1381,189.8,74.9,16.19,-26.0,5.23,4.197,140.0,141.5,73.0,1635,1,-15.9,0.47
4007,388,6.75,42.82,1,98.3,92.4,1381,189.8,75.0,16.21,-26.0,5.234,4.197,140.0,141.0,73.0,1635,1,-15.9,0.47
4008,387,6.775,42.67,1,98.2,92.30000000000001,1381,189.9,74.9,15.25,-26.008,5.234,4.197,139.0,140.6,73.0,1635,1,-15.9,0.47
4009,387,6.775,42.7,1,97.7,92.10000000000001,1378,190.0,74.8,14.59,-26.016,5.234,4.197,139.0,140.2,73.0,1635,1,-15.9,0.47
4010,387,6.775,42.64,1,97.3,91.9,1373,190.1,74.5,14.53,-26.023,5.234,4.197,138.0,139.7,73.0,1635,1,-15.9,0.47
4011,387,6.775,42.73,1,97.2,91.9,1368,190.1,74.4,14.53,-26.031,5.234,4.197,138.0,139.2,73.0,1635,1,-15.9,0.46
4012,387,6.775,42.58,1,97.1,91.8,1366,190.3,74.4,14.58,-26.047,5.234,4.197,137.0,138.8,73.0,1635,1,-15.9,0.47
4013,386,6.775,42.64,1,97.1,91.8,1364,190.3,74.5,14.54,-26.055,5.234,4.197,136.0,138.3,73.0,1635,1,-15.9,0.47
4014,386,6.775,42.7,1,97.1,91.8,1363,190.3,74.6,14.45,-26.062,5.238,4.197,135.0,137.8,73.0,1635,1,-15.9,0.47
4015,386,6.775,42.54,1,97.0,91.7,1363,190.4,74.5,13.61,-26.07,5.238,4.197,135.0,137.3,73.0,1635,1,-15.9,0.47
4016,386,6.775,42.51,1,96.5,91.5,1360,190.5,74.2,13.14,-26.078,5.234,4.197,135.0,136.9,73.0,1635,1,-15.9,0.46
4017,385,6.775,42.58,1,96.2,91.4,1355,190.6,74.3,13.04,-26.094,5.234,4.197,134.0,136.4,73.0,1635,1,-15.9,0.47
4018,385,6.75,42.38,1,96.1,91.3,1352,190.7,74.1,13.07,-26.109,5.238,4.197,134.0,135.9,73.0,1635,1,-15.9,0.47
4019,385,6.775,42.55,1,96.0,91.3,1349,190.7,74.0,13.09,-26.133,5.238,4.197,133.0,135.5,73.0,1635,1,-15.9,0.46
4020,385,6.775,42.51,1,96.1,91.4,1348,190.7,74.0,13.09,-26.141,5.234,4.197,133.0,135.0,73.0,1635,1,-15.9,0.46
4021,384,6.775,42.54,1,96.1,91.4,1347,190.8,74.1,13.09,-26.148,5.234,4.197,133.0,134.5,73.0,1635,1,-15.9,0.46
4022,384,6.775,42.54,1,96.0,91.3,1347,190.8,74.1,13.04,-26.164,5.234,4.197,132.0,134.1,73.0,1635,1,-15.9,0.47
4023,384,6.775,42.52,1,96.0,91.3,1346,190.9,74.3,13.08,-26.18,5.23,4.197,131.0,133.7,73.0,1635,1,-16.0,0.46
4024,384,6.775,42.54,1,96.1,91.4,1346,191.0,74.2,13.06,-26.188,5.23,4.197,130.0,133.2,73.0,1635,1,-16.0,0.46
4025,383,6.775,42.54,1,96.0,91.3,1346,191.1,74.2,13.08,-26.203,5.23,4.197,130.0,132.8,73.0,1635,1,-16.0,0.45
4026,383,6.775,42.5,1,96.1,91.4,1345,191.2,74.2,13.07,-26.211,5.23,4.197,130.0,132.4,73.0,1635,1,-16.0,0.47
4027,383,6.775,42.57,1,96.1,91.4,1345,191.3,74.1,13.08,-26.227,5.23,4.197,130.0,132.0,73.0,1635,1,-16.0,0.46
4028,383,6.775,42.57,1,96.2,91.4,1345,191.5,74.2,13.74,-26.242,5.23,4.197,130.0,131.6,73.0,1635,1,-15.9,0.45
4029,382,6.75,42.61,1,96.5,91.60000000000001,1346,191.5,74.2,14.0,-26.25,5.227,4.197,129.0,131.3,73.0,1635,1,-16.0,0.47
4030,382,6.775,42.73,1,96.8,91.7,1349,191.5,74.5,14.66,-26.258,5.227,4.197,129.0,130.9,73.0,1635,1,-16.0,0.46
4031,382,6.775,42.66,1,97.3,92.0,1352,191.6,74.4,15.71,-26.266,5.227,4.197,129.0,130.5,73.0,1635,1,-16.0,0.45
4032,382,6.75,42.75,1,97.89999999999999,92.2,1358,191.6,74.7,15.86,-26.266,5.227,4.197,128.0,130.2,73.0,1635,1,-16.0,0.46
4033,382,6.775,42.76,1,98.1,92.30000000000001,1363,191.5,74.9,15.85,-26.273,5.23,4.197,127.0,129.9,73.0,1635,1,-16.0,0.46
4034,381,6.775,42.81,1,98.2,92.30000000000001,1366,191.6,75.0,15.85,-26.273,5.23,4.197,127.0,129.6,73.0,1635,1,-16.0,0.46
4035,381,6.75,42.85,1,98.2,92.30000000000001,1369,191.6,75.1,15.9,-26.281,5.23,4.197,127.0,129.3,73.0,1635,1,-16.0,0.46
4036,381,6.775,42.82,1,98.2,92.30000000000001,1371,191.5,75.1,15.83,-26.289,5.23,4.197,126.0,128.9,73.0,1635,1,-16.0,0.46
4037,381,6.775,42.73,1,98.1,92.2,1372,191.3,74.9,14.71,-26.305,5.234,4.197,126.0,128.7,73.0,1635,1,-16.0,0.45
4038,381,6.775,42.7,1,97.3,91.7,1369,191.3,74.7,12.88,-26.32,5.234,4.197,126.0,128.4,73.0,1635,1,-16.0,0.45
4039,381,6.775,42.51,1,96.3,91.2,1362,191.2,74.4,12.09,-26.344,5.234,4.197,126.0,128.1,73.0,1635,1,-16.0,0.45
4040,380,6.775,42.49,1,95.6,91.0,1353,191.2,74.0,11.98,-26.367,5.234,4.197,126.0,127.8,73.0,1635,1,-16.0,0.45
4041,380,6.775,42.44,1,95.39999999999999,91.0,1346,191.2,73.9,11.99,-26.398,5.234,4.197,126.0,127.5,73.0,1635,1,-16.0,0.46
4042,380,6.775,42.45,1,95.3,91.0,1341,191.2,74.0,12.0,-26.422,5.234,4.197,126.0,127.3,73.0,1635,1,-16.0,0.46
4043,379,6.775,42.67,1,95.3,90.9,1338,191.2,73.8,11.99,-26.438,5.234,4.197,126.0,127.0,73.0,1635,1,-16.0,0.46
4044,379,6.775,42.52,1,95.3,90.9,1336,191.2,73.8,11.98,-26.461,5.23,4.197,126.0,126.8,73.0,1635,1,-16.0,0.46
4045,379,6.775,42.54,1,95.3,90.9,1335,191.2,73.8,11.99,-26.484,5.23,4.198,125.0,126.5,73.0,1635,1,-16.0,0.46
4046,379,6.775,42.5,1,95.3,90.9,1334,191.2,73.8,12.0,-26.5,5.23,4.197,124.0,126.3,73.0,1635,1,-16.0,0.45
4047,378,6.75,42.56,1,95.39999999999999,91.0,1333,191.2,73.8,12.66,-26.516,5.23,4.197,124.0,126.0,73.0,1635,1,-16.0,0.46
4048,378,6.775,42.66,1,95.89999999999999,91.3,1335,191.3,74.0,13.73,-26.539,5.227,4.197,124.0,125.8,73.0,1635,1,-16.0,0.46
4049,378,6.775,42.64,1,96.6,91.60000000000001,1339,191.5,74.3,14.1,-26.547,5.227,4.197,124.0,125.6,73.0,1635,1,-16.0,0.46
4050,378,6.75,42.67,1,96.89999999999999,91.7,1344,191.6,74.5,14.19,-26.555,5.227,4.197,124.0,125.4,73.0,1635,1,-16.0,0.46
4051,377,6.775,42.64,1,97.2,91.8,1348,191.6,74.6,15.03,-26.57,5.223,4.197,123.0,125.2,73.0,1635,1,-16.0,0.45
4052,377,6.775,42.77,1,97.6,92.0,1353,191.5,74.8,15.37,-26.578,5.223,4.197,123.0,125.0,73.0,1635,1,-16.0,0.46
4053,377,6.75,42.8,1,98.0,92.2,1357,191.6,74.9,16.26,-26.586,5.223,4.197,122.0,124.8,73.0,1635,1,-16.0,0.46
4054,377,6.75,42.86,1,98.5,92.4,1363,191.5,75.2,16.47,-26.594,5.219,4.197,122.0,124.6,73.0,1635,1,-16.0,0.46
4055,377,6.775,42.84,1,98.7,92.5,1369,191.4,75.3,16.65,-26.602,5.219,4.197,122.0,124.4,73.0,1635,1,-16.0,0.46
4056,377,6.75,42.96,1,99.0,92.60000000000001,1373,191.3,75.2,17.48,-26.617,5.219,4.197,122.0,124.2,72.0,1635,1,-16.0,0.46
4057,377,6.75,42.94,1,99.5,92.7,1379,191.3,75.3,17.61,-26.625,5.219,4.197,122.0,124.1,72.0,1635,1,-16.0,0.47
4058,377,6.775,42.86,1,99.7,92.7,1382,191.1,75.5,17.88,-26.641,5.219,4.197,122.0,123.9,73.0,1634,1,-16.0,0.46
4059,377,6.75,42.96,1,100.0,92.9,1385,191.0,75.7,18.47,-26.648,5.219,4.197,122.0,123.8,73.0,1634,1,-16.0,0.47
4060,377,6.75,43.04,1,100.29999999999998,92.9,1387,190.9,75.5,18.65,-26.656,5.215,4.197,122.0,123.7,72.0,1634,1,-16.0,0.47
4061,377,6.775,42.93,1,100.6,93.0,1390,190.7,75.6,19.68,-26.664,5.211,4.197,122.0,123.6,73.0,1634,1,-16.0,0.46
4062,377,6.775,43.16,1,101.2,93.30000000000001,1395,190.5,75.9,20.74,-26.664,5.211,4.197,122.0,123.5,73.0,1634,1,-16.0,0.46
4063,377,6.775,43.06,1,101.89999999999999,93.4,1400,190.3,75.9,21.69,-26.672,5.207,4.197,122.0,123.3,72.0,1634,1,-16.0,0.47
4064,377,6.775,42.96,1,102.1,93.4,1404,190.0,76.1,21.96,-26.664,5.207,4.197,121.0,123.2,73.0,1634,1,-16.0,0.47
4065,377,6.775,43.11,1,102.2,93.4,1406,189.8,76.0,22.44,-26.664,5.207,4.197,121.0,123.1,73.0,1634,1,-16.0,0.47
4066,377,6.775,43.09,1,102.2,93.4,1407,189.6,76.1,22.25,-26.664,5.211,4.197,121.0,123.1,72.0,1634,1,-16.0,0.47
4067,377,6.75,43.04,1,102.2,93.4,1408,189.4,76.1,21.49,-26.656,5.211,4.197,121.0,123.0,72.0,1634,1,-16.0,0.47
4068,377,6.775,43.04,1,102.2,93.4,1409,189.1,76.0,21.46,-26.656,5.211,4.197,121.0,122.9,73.0,1634,1,-16.0,0.48
4069,377,6.775,43.07,1,102.2,93.4,1409,188.9,76.0,21.42,-26.656,5.211,4.197,121.0,122.9,73.0,1634,1,-16.0,0.47
4070,378,6.775,43.16,1,102.2,93.4,1410,188.8,76.0,21.4,-26.664,5.207,4.197,121.0,122.8,72.0,1634,1,-16.1,0.47
4071,378,6.775,42.99,1,102.2,93.4,1411,188.5,75.9,21.42,-26.664,5.207,4.197,121.0,122.8,72.0,1634,1,-16.1,0.47
4072,378,6.775,43.03,1,102.2,93.4,1410,188.3,75.9,21.45,-26.664,5.207,4.197,121.0,122.8,72.0,1634,1,-16.1,0.47
4073,378,6.775,43.0,1,102.2,93.4,1410,188.1,75.8,21.43,-26.664,5.203,4.197,121.0,122.7,72.0,1634,1,-16.1,0.48
4074,378,6.775,43.06,1,102.2,93.4,1411,188.0,75.9,21.43,-26.664,5.207,4.197,121.0,122.7,72.0,1634,1,-16.1,0.48
4075,378,6.775,43.05,1,102.2,93.4,1411,187.9,75.8,21.41,-26.656,5.207,4.197,121.0,122.7,72.0,1634,1,-16.1,0.48
4076,378,6.775,43.14,1,102.2,93.4,1412,187.7,76.0,21.41,-26.656,5.203,4.197,121.0,122.7,72.0,1634,1,-16.1,0.47
4077,378,6.775,42.97,1,102.2,93.4,1413,187.6,75.9,21.43,-26.648,5.207,4.198,121.0,122.7,72.0,1634,1,-16.1,0.48
4078,379,6.775,43.0,1,102.2,93.4,1413,187.5,75.9,21.44,-26.648,5.207,4.197,121.0,122.8,72.0,1634,1,-16.1,0.48
4079,379,6.75,43.07,1,102.2,93.4,1413,187.4,76.0,21.43,-26.641,5.207,4.197,121.0,122.8,72.0,1634,1,-16.1,0.47
4080,379,6.775,43.14,1,102.2,93.4,1413,187.4,75.9,21.46,-26.633,5.207,4.197,121.0,122.8,72.0,1634,1,-16.1,0.47
4081,379,6.775,43.09,1,102.2,93.4,1413,187.3,76.0,21.46,-26.625,5.207,4.197,121.0,122.9,72.0,1634,1,-16.1,0.47
4082,379,6.775,43.09,1,102.2,93.4,1413,187.2,75.9,21.19,-26.625,5.203,4.197,122.0,122.9,72.0,1634,1,-16.1,0.46
4083,379,6.75,43.15,1,102.1,93.4,1413,187.1,75.9,21.12,-26.617,5.199,4.197,122.0,123.0,72.0,1634,1,-16.1,0.47
4084,379,6.775,43.17,1,102.1,93.4,1414,187.1,75.8,21.08,-26.609,5.199,4.197,121.0,123.1,72.0,1634,1,-16.1,0.46
4085,379,6.775,43.04,1,102.2,93.4,1414,187.0,76.1,21.08,-26.602,5.195,4.197,122.0,123.1,72.0,1634,1,-16.1,0.47
4086,379,6.775,43.12,1,102.1,93.4,1414,187.0,75.7,21.05,-26.594,5.199,4.197,122.0,123.2,72.0,1634,1,-16.1,0.46
4087,379,6.75,43.27,1,102.1,93.4,1414,187.0,76.0,21.08,-26.594,5.199,4.197,122.0,123.2,72.0,1634,1,-16.1,0.47
4088,379,6.775,43.21,1,102.1,93.4,1414,187.0,75.9,20.77,-26.578,5.199,4.197,122.0,123.3,72.0,1634,1,-16.1,0.47
4089,380,6.775,43.27,1,102.1,93.4,1414,186.9,75.8,20.71,-26.57,5.199,4.197,122.0,123.4,72.0,1634,1,-16.1,0.48
4090,380,6.75,43.16,1,102.0,93.4,1413,186.8,75.6,20.73,-26.562,5.199,4.197,122.0,123.5,72.0,1634,1,-16.1,0.47
4091,380,6.775,43.11,1,102.0,93.4,1413,186.8,75.7,20.7,-26.555,5.199,4.197,122.0,123.5,72.0,1634,1,-16.1,0.47
4092,380,6.775,43.07,1,102.0,93.4,1412,186.8,75.8,20.71,-26.555,5.199,4.197,122.0,123.6,72.0,1634,1,-16.1,0.46
4093,380,6.775,43.31,1,101.89999999999999,93.4,1412,186.8,75.8,20.73,-26.547,5.199,4.197,122.0,123.7,72.0,1634,1,-16.1,0.46
4094,380,6.775,42.89,1,101.89999999999999,93.4,1412,186.6,75.8,20.69,-26.539,5.199,4.197,122.0,123.8,72.0,1634,1,-16.1,0.46
4095,380,6.775,42.95,1,101.89999999999999,93.4,1412,186.6,75.8,20.68,-26.531,5.195,4.197,122.0,123.9,72.0,1634,1,-16.1,0.47
4096,380,6.775,43.07,1,101.89999999999999,93.4,1413,186.6,75.7,20.7,-26.523,5.195,4.197,122.0,124.0,72.0,1634,1,-16.1,0.47
4097,380,6.775,42.91,1,102.0,93.4,1413,186.6,75.7,20.75,-26.516,5.199,4.197,122.0,124.0,72.0,1634,1,-16.2,0.47
4098,380,6.775,42.85,1,101.89999999999999,93.4,1413,186.6,75.7,20.71,-26.508,5.199,4.197,123.0,124.1,72.0,1634,1,-16.2,0.47
4099,380,6.775,43.05,1,101.89999999999999,93.4,1412,186.6,76.0,20.73,-26.5,5.199,4.197,123.0,124.2,72.0,1634,1,-16.2,0.47
4100,380,6.775,42.93,1,101.89999999999999,93.4,1412,186.7,75.9,20.7,-26.492,5.199,4.197,124.0,124.3,72.0,1634,1,-16.2,0.46
4101,381,6.775,43.01,1,101.89999999999999,93.4,1412,186.7,75.8,20.73,-26.484,5.199,4.197,124.0,124.3,72.0,1634,1,-16.2,0.47
4102,381,6.775,42.8,1,101.89999999999999,93.4,1412,186.7,75.7,20.72,-26.477,5.203,4.197,124.0,124.4,72.0,1634,1,-16.2,0.47
4103,381,6.775,43.18,1,101.89999999999999,93.4,1412,186.7,75.8,20.66,-26.469,5.203,4.197,123.0,124.4,72.0,1634,1,-16.2,0.47
4104,381,6.775,43.45,1,101.8,93.30000000000001,1411,186.7,75.8,20.09,-26.469,5.203,4.197,124.0,124.5,72.0,1634,1,-16.2,0.47
4105,381,6.775,43.27,1,101.49999999999999,93.2,1410,186.7,75.8,20.06,-26.469,5.203,4.197,124.0,124.5,72.0,1634,1,-16.2,0.47
4106,381,6.775,43.28,1,101.4,93.2,1409,186.7,75.8,19.98,-26.469,5.203,4.197,124.0,124.6,72.0,1634,1,-16.2,0.46
4107,381,6.775,43.34,1,101.4,93.2,1408,186.7,75.8,20.04,-26.461,5.207,4.197,124.0,124.6,72.0,1634,1,-16.2,0.47
4108,381,6.775,43.24,1,101.4,93.30000000000001,1408,186.9,75.8,19.99,-26.461,5.207,4.197,124.0,124.6,72.0,1634,1,-16.2,0.47
4109,381,6.775,43.26,1,101.4,93.30000000000001,1408,186.9,75.7,19.95,-26.461,5.207,4.197,124.0,124.6,72.0,1634,1,-16.2,0.47
4110,381,6.775,43.27,1,101.4,93.30000000000001,1407,186.9,75.7,19.99,-26.461,5.207,4.197,124.0,124.5,72.0,1634,1,-16.2,0.48
4111,381,6.775,43.16,1,101.49999999999999,93.30000000000001,1407,186.8,75.7,20.63,-26.469,5.211,4.197,124.0,124.5,72.0,1634,1,-16.2,0.48
4112,382,6.775,43.14,1,101.8,93.4,1408,186.8,75.8,21.27,-26.461,5.207,4.197,124.0,124.4,72.0,1634,1,-16.2,0.47
4113,382,6.775,43.23,1,102.0,93.4,1410,187.0,76.0,21.33,-26.453,5.207,4.197,123.0,124.4,72.0,1634,1,-16.2,0.47
4114,382,6.775,43.21,1,102.0,93.4,1411,187.0,75.6,21.33,-26.445,5.207,4.197,124.0,124.3,72.0,1634,1,-16.2,0.47
4115,382,6.775,43.16,1,102.0,93.4,1412,187.1,75.8,21.36,-26.445,5.207,4.197,123.0,124.2,72.0,1634,1,-16.2,0.47
4116,382,6.75,43.15,1,102.0,93.4,1412,187.1,75.9,21.34,-26.438,5.203,4.197,123.0,124.1,72.0,1634,1,-16.2,0.47
4117,382,6.75,43.25,1,102.0,93.4,1412,187.1,75.8,21.34,-26.438,5.207,4.197,123.0,124.0,72.0,1634,1,-16.2,0.46
4118,382,6.75,43.09,1,102.0,93.4,1412,187.1,75.7,21.34,-26.43,5.207,4.197,122.0,123.8,72.0,1634,1,-16.2,0.47
4119,382,6.75,43.17,1,102.1,93.4,1413,187.1,75.8,21.38,-26.422,5.207,4.197,122.0,123.7,72.0,1633,1,-16.2,0.46
4120,382,6.75,43.16,1,102.0,93.4,1413,187.2,75.9,21.39,-26.414,5.207,4.197,122.0,123.5,72.0,1633,1,-16.2,0.47
4121,382,6.75,43.18,1,102.1,93.4,1413,187.1,75.9,21.36,-26.414,5.207,4.197,122.0,123.4,72.0,1633,1,-16.2,0.47
4122,382,6.775,43.16,1,102.1,93.5,1414,187.1,75.8,21.41,-26.406,5.207,4.197,122.0,123.3,72.0,1633,1,-16.2,0.47
4123,382,6.775,43.12,1,102.0,93.4,1413,187.0,75.7,21.38,-26.406,5.207,4.197,122.0,123.1,72.0,1633,1,-16.2,0.47
4124,382,6.775,43.22,1,102.0,93.4,1414,187.0,75.8,21.36,-26.406,5.207,4.197,122.0,123.0,72.0,1633,1,-16.2,0.47
4125,382,6.775,43.14,1,102.0,93.4,1414,187.0,75.8,21.36,-26.406,5.207,4.197,122.0,122.9,72.0,1633,1,-16.2,0.47
4126,382,6.775,43.19,1,102.0,93.4,1414,187.0,75.8,21.36,-26.406,5.207,4.197,121.0,122.8,72.0,1633,1,-16.3,0.47
4127,382,6.775,43.08,1,102.0,93.4,1413,187.1,75.8,21.35,-26.406,5.211,4.197,121.0,122.7,72.0,1633,1,-16.3,0.46
4128,382,6.75,43.13,1,102.0,93.4,1413,187.0,75.7,20.77,-26.406,5.211,4.197,121.0,122.6,72.0,1633,1,-16.3,0.47
4129,383,6.775,43.11,1,101.8,93.30000000000001,1412,187.1,75.7,19.72,-26.414,5.215,4.197,121.0,122.5,72.0,1633,1,-16.3,0.47
4130,383,6.775,42.94,1,101.2,93.10000000000001,1410,187.1,75.7,19.27,-26.414,5.215,4.197,121.0,122.3,72.0,1633,1,-16.3,0.45
4131,383,6.775,43.02,1,101.0,93.10000000000001,1407,187.1,75.6,19.38,-26.422,5.219,4.197,121.0,122.2,72.0,1633,1,-16.3,0.47
4132,382,6.775,42.98,1,100.89999999999999,93.10000000000001,1406,187.2,75.7,18.58,-26.43,5.219,4.197,121.0,122.1,72.0,1633,1,-16.3,0.47
4133,382,6.775,42.88,1,100.29999999999998,92.9,1404,187.2,75.5,17.73,-26.438,5.219,4.197,121.0,122.0,72.0,1633,1,-16.3,0.47
4134,382,6.775,43.04,1,99.9,92.80000000000001,1401,187.2,75.4,17.61,-26.453,5.219,4.197,121.0,121.9,72.0,1633,1,-16.3,0.47
4135,382,6.775,43.01,1,99.7,92.80000000000001,1398,187.4,75.3,17.68,-26.461,5.219,4.197,121.0,121.8,72.0,1633,1,-16.3,0.46
4136,382,6.775,43.08,1,99.7,92.80000000000001,1397,187.5,75.2,17.59,-26.469,5.219,4.197,120.0,121.6,72.0,1633,1,-16.3,0.47
4137,382,6.75,43.41,1,99.6,92.80000000000001,1396,187.6,75.1,17.61,-26.477,5.219,4.197,120.0,121.5,72.0,1633,1,-16.3,0.47
4138,382,6.75,43.67,1,99.6,92.80000000000001,1394,187.6,75.3,17.87,-26.484,5.219,4.197,120.0,121.4,72.0,1633,1,-16.3,0.47
4139,382,6.75,43.86,1,99.9,92.9,1393,187.7,75.3,18.82,-26.492,5.219,4.197,120.0,121.2,72.0,1633,1,-16.3,0.46
4140,382,6.75,44.17,1,100.4,93.10000000000001,1394,187.8,75.5,19.14,-26.484,5.219,4.197,120.0,121.0,72.0,1633,1,-16.3,0.45
4141,382,6.75,44.24,1,100.69999999999999,93.10000000000001,1395,187.8,75.6,19.05,-26.484,5.219,4.197,119.0,120.7,72.0,1633,1,-16.3,0.47
4142,382,6.75,44.38,1,100.69999999999999,93.10000000000001,1395,187.8,75.8,19.08,-26.484,5.219,4.197,119.0,120.3,72.0,1633,1,-16.3,0.47
4143,382,6.75,44.47,1,100.8,93.10000000000001,1395,187.9,75.7,19.67,-26.484,5.219,4.197,119.0,119.8,72.0,1633,1,-16.3,0.47
4144,382,6.75,44.27,1,101.2,93.30000000000001,1396,187.9,75.8,20.35,-26.484,5.219,4.197,118.0,119.3,72.0,1633,1,-16.3,0.48
4145,382,6.75,44.76,1,101.6,93.4,1398,188.0,75.7,20.96,-26.484,5.215,4.197,118.0,118.7,72.0,1633,1,-16.3,0.47
4146,382,6.75,44.33,1,102.0,93.4,1401,188.1,75.9,21.28,-26.477,5.215,4.197,116.0,118.2,72.0,1633,1,-16.3,0.48
4147,382,6.75,44.48,1,102.1,93.4,1402,188.2,75.9,21.22,-26.469,5.215,4.197,116.0,117.5,72.0,1633,1,-16.3,0.47
4148,382,6.775,44.38,1,102.1,93.4,1403,188.2,76.0,21.2,-26.461,5.215,4.197,115.0,116.7,72.0,1633,1,-16.3,0.47
4149,382,6.75,44.38,1,102.1,93.4,1403,188.1,75.9,21.2,-26.453,5.219,4.197,114.0,116.0,72.0,1633,1,-16.3,0.47
4150,382,6.75,44.65,1,102.1,93.4,1403,188.1,75.9,21.23,-26.461,5.219,4.197,113.0,115.2,72.0,1633,1,-16.3,0.47
4151,382,6.75,44.54,1,102.1,93.4,1403,188.1,76.0,21.23,-26.461,5.219,4.197,113.0,114.3,72.0,1633,1,-16.3,0.47
4152,382,6.775,44.75,1,102.1,93.4,1403,188.0,75.8,20.66,-26.461,5.219,4.197,112.0,113.5,72.0,1633,1,-16.3,0.47
4153,382,6.775,44.67,1,101.89999999999999,93.30000000000001,1403,188.0,75.6,20.34,-26.461,5.219,4.197,111.0,112.6,72.0,1633,1,-16.3,0.47
4154,382,6.775,44.65,1,101.69999999999999,93.30000000000001,1402,187.9,75.8,20.38,-26.469,5.219,4.197,108.0,111.7,72.0,1633,1,-16.4,0.46
4155,382,6.775,44.65,1,101.69999999999999,93.30000000000001,1402,187.8,75.7,20.36,-26.477,5.219,4.197,108.0,110.6,72.0,1633,1,-16.3,0.47
4156,382,6.775,44.41,1,101.69999999999999,93.30000000000001,1402,187.8,75.8,20.4,-26.484,5.219,4.197,107.0,109.8,72.0,1633,1,-16.4,0.48
4157,382,6.775,44.39,1,101.69999999999999,93.4,1402,187.7,75.8,20.36,-26.484,5.215,4.197,107.0,108.9,72.0,1633,1,-16.4,0.47
4158,382,6.775,44.37,1,101.69999999999999,93.30000000000001,1402,187.7,75.5,20.41,-26.484,5.215,4.197,106.0,107.9,72.0,1633,1,-16.4,0.48
4159,382,6.775,44.44,1,101.69999999999999,93.30000000000001,1402,187.8,75.7,20.4,-26.484,5.215,4.197,105.0,107.0,72.0,1633,1,-16.4,0.47
4160,382,6.775,44.34,1,101.69999999999999,93.30000000000001,1402,187.8,75.7,20.38,-26.484,5.211,4.197,104.0,106.0,72.0,1633,1,-16.4,0.47
4161,382,6.775,44.39,1,101.69999999999999,93.30000000000001,1402,187.8,75.8,20.34,-26.492,5.211,4.197,103.0,105.3,72.0,1633,1,-16.4,0.47
4162,382,6.75,44.35,1,101.8,93.4,1402,187.7,75.7,20.96,-26.484,5.211,4.197,101.0,104.3,72.0,1633,1,-16.4,0.47
4163,382,6.775,44.53,1,102.0,93.5,1404,187.8,75.7,21.15,-26.484,5.207,4.197,101.0,103.6,72.0,1632,1,-16.4,0.48
4164,382,6.75,44.29,1,102.0,93.4,1404,187.8,75.8,21.24,-26.469,5.207,4.197,100.0,102.8,72.0,1632,1,-16.4,0.47
4165,382,6.75,44.42,1,102.1,93.5,1405,187.7,75.7,21.21,-26.461,5.203,4.197,99.0,102.0,72.0,1632,1,-16.4,0.47
4166,382,6.75,44.39,1,102.1,93.5,1405,187.7,75.8,21.25,-26.445,5.203,4.197,98.0,101.4,72.0,1632,1,-16.4,0.48
4167,382,6.75,44.32,1,102.1,93.5,1406,187.7,75.9,21.21,-26.438,5.203,4.197,98.0,100.7,72.0,1632,1,-16.4,0.48
4168,382,6.775,44.34,1,102.1,93.5,1406,187.8,75.9,21.28,-26.422,5.207,4.197,97.0,100.0,72.0,1632,1,-16.4,0.47
4169,382,6.775,44.35,1,102.1,93.5,1405,187.8,75.8,21.25,-26.414,5.211,4.197,97.0,99.3,72.0,1632,1,-16.4,0.47
4170,382,6.75,44.37,1,102.0,93.4,1405,187.8,75.7,21.15,-26.406,5.211,4.197,96.0,98.8,72.0,1632,1,-16.4,0.46
4171,382,6.75,44.27,1,102.0,93.4,1405,187.8,75.8,20.2,-26.398,5.211,4.197,96.0,98.2,72.0,1632,1,-16.4,0.47
4172,382,6.775,44.52,1,101.49999999999999,93.2,1403,187.8,75.6,19.24,-26.398,5.211,4.197,95.0,97.7,72.0,1632,1,-16.4,0.47
4173,382,6.775,44.56,1,100.8,92.9,1401,187.9,75.4,18.35,-26.398,5.215,4.197,95.0,97.3,72.0,1632,1,-16.4,0.47
4174,382,6.775,44.3,1,100.29999999999998,92.9,1397,187.9,75.3,18.2,-26.414,5.215,4.197,94.0,96.8,72.0,1632,1,-16.4,0.48
4175,382,6.775,44.26,1,100.1,92.9,1394,188.0,75.3,18.18,-26.422,5.211,4.197,94.0,96.4,72.0,1632,1,-16.4,0.47
4176,382,6.775,44.23,1,100.1,92.9,1392,188.1,75.3,18.15,-26.438,5.211,4.197,94.0,96.0,72.0,1632,1,-16.4,0.47
4177,382,6.775,44.26,1,100.0,92.9,1392,188.1,75.4,18.41,-26.453,5.211,4.197,94.0,95.7,72.0,1632,1,-16.4,0.47
4178,382,6.775,44.53,1,100.29999999999998,93.10000000000001,1393,188.2,75.6,19.38,-26.461,5.211,4.197,93.0,95.5,72.0,1632,1,-16.4,0.47
4179,382,6.775,44.7,1,100.8,93.2,1395,188.3,75.7,19.63,-26.469,5.211,4.197,93.0,95.2,72.0,1632,1,-16.4,0.47
4180,382,6.775,44.5,1,101.0,93.2,1397,188.3,75.6,19.7,-26.469,5.211,4.197,93.0,95.0,72.0,1632,1,-16.4,0.47
4181,382,6.775,44.68,1,101.2,93.2,1397,188.3,75.7,19.68,-26.469,5.215,4.197,93.0,94.8,72.0,1632,1,-16.4,0.47
4182,382,6.775,44.49,1,101.2,93.2,1396,188.3,75.6,19.65,-26.477,5.211,4.197,93.0,94.6,72.0,1632,1,-16.4,0.46
4183,382,6.775,44.5,1,101.2,93.2,1396,188.4,75.5,19.67,-26.477,5.211,4.197,93.0,94.5,72.0,1632,1,-16.5,0.46
4184,382,6.775,44.3,1,101.2,93.2,1396,188.4,75.6,19.91,-26.484,5.211,4.197,93.0,94.3,72.0,1632,1,-16.5,0.46
4185,382,6.775,44.48,1,101.4,93.4,1397,188.5,75.9,20.92,-26.484,5.211,4.197,92.0,94.2,72.0,1632,1,-16.5,0.47
4186,382,6.775,44.42,1,101.89999999999999,93.4,1399,188.6,75.9,21.3,-26.484,5.211,4.197,93.0,94.1,72.0,1632,1,-16.5,0.46
4187,382,6.775,44.69,1,102.0,93.4,1402,188.7,75.8,21.3,-26.469,5.211,4.197,92.0,94.1,72.0,1632,1,-16.4,0.46
4188,382,6.775,44.55,1,102.1,93.4,1403,188.7,75.7,21.34,-26.469,5.211,4.197,92.0,94.0,72.0,1632,1,-16.5,0.47
4189,382,6.775,44.73,1,102.1,93.4,1404,188.6,76.0,21.36,-26.453,5.211,4.197,92.0,93.9,72.0,1632,1,-16.5,0.47
4190,382,6.75,44.54,1,102.1,93.5,1404,188.6,75.9,21.43,-26.445,5.211,4.197,92.0,93.9,72.0,1632,1,-16.5,0.47
4191,382,6.75,44.69,1,102.1,93.5,1405,188.6,75.8,21.32,-26.43,5.211,4.197,92.0,93.8,72.0,1632,1,-16.5,0.46
4192,382,6.775,44.48,1,102.1,93.4,1405,188.6,75.5,21.29,-26.422,5.211,4.197,92.0,93.8,72.0,1632,1,-16.5,0.46
4193,382,6.775,44.63,1,102.1,93.5,1405,188.6,75.7,21.37,-26.422,5.211,4.197,92.0,93.8,72.0,1632,1,-16.5,0.46
4194,382,6.775,44.73,1,102.0,93.4,1406,188.6,75.9,21.33,-26.414,5.211,4.197,92.0,93.7,72.0,1632,1,-16.5,0.47
4195,382,6.775,44.55,1,102.0,93.4,1406,188.5,75.8,21.4,-26.414,5.207,4.197,92.0,93.7,72.0,1632,1,-16.5,0.47
4196,382,6.75,44.6,1,102.0,93.4,1406,188.5,75.7,21.4,-26.406,5.207,4.197,92.0,93.7,72.0,1631,1,-16.5,0.46
4197,382,6.775,44.26,1,102.0,93.4,1405,188.4,75.7,21.38,-26.406,5.207,4.197,92.0,93.7,72.0,1631,1,-16.5,0.47
4198,382,6.775,44.45,1,102.0,93.4,1405,188.5,75.9,21.36,-26.398,5.203,4.197,93.0,93.7,72.0,1631,1,-16.5,0.47
4199,382,6.775,44.52,1,102.0,93.4,1405,188.4,75.8,21.37,-26.398,5.203,4.197,93.0,93.7,72.0,1631,1,-16.5,0.48
4200,383,6.75,44.57,1,102.0,93.4,1404,188.4,75.7,21.36,-26.398,5.199,4.197,93.0,93.7,72.0,1631,1,-16.5,0.47
4201,383,6.75,44.36,1,102.0,93.4,1404,188.3,75.8,21.41,-26.398,5.199,4.197,92.0,93.8,72.0,1631,1,-16.5,0.48
4202,383,6.75,44.28,1,102.0,93.4,1404,188.3,75.8,21.37,-26.398,5.199,4.197,93.0,93.8,72.0,1631,1,-16.5,0.47
4203,383,6.75,44.43,1,102.0,93.4,1404,188.3,76.0,21.37,-26.406,5.195,4.197,93.0,93.8,72.0,1631,1,-16.5,0.47
4204,383,6.75,44.45,1,102.0,93.5,1404,188.2,75.9,21.36,-26.406,5.199,4.197,93.0,93.9,72.0,1631,1,-16.5,0.47
4205,383,6.775,44.53,1,102.0,93.4,1404,188.2,75.8,21.38,-26.406,5.195,4.197,93.0,94.0,72.0,1631,1,-16.5,0.47
4206,383,6.775,44.49,1,102.0,93.4,1405,188.3,76.0,21.39,-26.406,5.195,4.197,93.0,94.1,72.0,1631,1,-16.5,0.48
4207,383,6.75,44.53,1,102.0,93.4,1404,188.3,75.9,21.42,-26.406,5.195,4.197,93.0,94.2,72.0,1631,1,-16.5,0.47
4208,383,6.75,44.75,1,102.0,93.4,1405,188.2,75.9,21.38,-26.398,5.195,4.197,94.0,94.4,72.0,1631,1,-16.5,0.47
4209,383,6.775,44.53,1,102.0,93.4,1405,188.2,75.9,21.34,-26.406,5.195,4.197,94.0,94.5,72.0,1631,1,-16.5,0.47
4210,383,6.775,44.34,1,102.0,93.4,1405,188.3,76.0,21.38,-26.406,5.195,4.197,94.0,94.7,72.0,1631,1,-16.5,0.46
4211,383,6.775,44.36,1,102.0,93.5,1405,188.3,75.9,21.36,-26.406,5.195,4.197,94.0,94.8,72.0,1631,1,-16.6,0.46
4212,383,6.775,44.46,1,102.0,93.4,1405,188.3,75.9,21.36,-26.406,5.195,4.197,94.0,95.0,72.0,1631,1,-16.5,0.47
4213,383,6.775,44.41,1,102.0,93.4,1405,188.3,75.7,21.36,-26.406,5.195,4.197,95.0,95.2,72.0,1631,1,-16.5,0.47
4214,383,6.775,44.39,1,102.0,93.4,1405,188.4,75.8,21.36,-26.406,5.195,4.197,95.0,95.4,72.0,1631,1,-16.5,0.48
4215,383,6.775,44.36,1,102.0,93.4,1405,188.4,75.8,21.38,-26.398,5.195,4.197,95.0,95.6,72.0,1631,1,-16.6,0.47
4216,383,6.775,44.36,1,102.0,93.4,1405,188.4,75.8,21.12,-26.398,5.195,4.197,95.0,95.7,72.0,1631,1,-16.6,0.48
4217,383,6.775,44.65,1,102.0,93.4,1405,188.4,76.0,21.04,-26.398,5.195,4.197,95.0,95.9,72.0,1631,1,-16.6,0.47
4218,383,6.775,44.67,1,102.0,93.4,1405,188.4,75.8,20.94,-26.398,5.195,4.197,96.0,96.1,72.0,1631,1,-16.6,0.48
4219,383,6.775,44.42,1,102.0,93.4,1405,188.4,75.9,20.95,-26.398,5.195,4.197,96.0,96.3,72.0,1631,1,-16.6,0.47
4220,383,6.775,44.63,1,102.0,93.4,1405,188.4,76.1,20.91,-26.398,5.195,4.197,96.0,96.5,72.0,1631,1,-16.6,0.47
4221,383,6.775,44.32,1,102.0,93.4,1404,188.5,75.9,20.95,-26.398,5.195,4.197,96.0,96.7,72.0,1631,1,-16.6,0.47
4222,383,6.775,44.44,1,102.0,93.4,1405,188.5,75.9,20.9,-26.398,5.195,4.197,97.0,96.9,72.0,1631,1,-16.6,0.47
4223,384,6.775,44.29,1,102.0,93.4,1405,188.5,75.8,20.91,-26.391,5.195,4.197,97.0,97.0,72.0,1630,1,-16.6,0.47
4224,384,6.775,44.31,1,102.0,93.4,1406,188.5,75.9,20.94,-26.398,5.199,4.197,97.0,97.2,72.0,1630,1,-16.6,0.47
4225,384,6.775,44.33,1,102.0,93.4,1405,188.5,75.9,20.93,-26.398,5.199,4.197,97.0,97.4,72.0,1630,1,-16.6,0.48
4226,384,6.775,44.6,1,102.0,93.5,1405,188.5,76.0,20.93,-26.398,5.199,4.197,97.0,97.6,72.0,1630,1,-16.6,0.47
4227,384,6.775,44.31,1,102.0,93.4,1405,188.5,75.9,20.93,-26.391,5.199,4.197,98.0,97.8,72.0,1630,1,-16.6,0.47
4228,384,6.775,44.51,1,102.0,93.4,1405,188.6,76.0,20.92,-26.383,5.199,4.197,98.0,97.9,72.0,1630,1,-16.6,0.47
4229,384,6.775,44.37,1,102.0,93.4,1405,188.6,75.7,20.92,-26.391,5.199,4.197,98.0,98.1,72.0,1630,1,-16.6,0.46
4230,385,6.775,44.29,1,102.0,93.4,1406,188.6,75.7,20.92,-26.383,5.199,4.197,98.0,98.3,72.0,1630,1,-16.6,0.47
4231,385,6.775,44.41,1,102.0,93.4,1406,188.6,75.7,20.94,-26.375,5.199,4.197,98.0,98.5,72.0,1630,1,-16.6,0.48
4232,385,6.775,44.29,1,102.0,93.5,1407,188.6,75.8,20.93,-26.367,5.203,4.197,99.0,98.6,72.0,1630,1,-16.6,0.46
4233,385,6.775,44.54,1,102.0,93.4,1406,188.7,75.8,20.93,-26.367,5.203,4.197,99.0,98.8,72.0,1630,1,-16.6,0.48
4234,385,6.775,44.47,1,102.0,93.4,1405,188.7,75.8,20.94,-26.352,5.203,4.197,99.0,99.0,72.0,1630,1,-16.6,0.47
4235,385,6.775,44.65,1,102.0,93.5,1405,188.8,75.9,20.92,-26.344,5.203,4.197,99.0,99.1,72.0,1630,1,-16.6,0.48
4236,385,6.775,44.69,1,102.0,93.5,1405,188.7,76.0,20.89,-26.336,5.207,4.197,99.0,99.3,72.0,1630,1,-16.6,0.47
4237,385,6.775,44.31,1,102.0,93.4,1405,188.7,75.9,20.92,-26.328,5.207,4.197,99.0,99.4,72.0,1630,1,-16.6,0.46
4238,385,6.775,44.34,1,102.0,93.4,1405,188.8,75.8,20.94,-26.32,5.207,4.197,99.0,99.6,72.0,1630,1,-16.6,0.46
4239,385,6.775,44.29,1,102.0,93.4,1405,188.8,75.8,20.96,-26.305,5.207,4.197,100.0,99.7,72.0,1630,1,-16.6,0.45
4240,385,6.775,44.36,1,102.0,93.5,1405,188.8,75.8,20.99,-26.305,5.207,4.197,100.0,99.8,72.0,1630,1,-16.6,0.47
4241,386,6.775,44.46,1,102.0,93.4,1405,188.8,75.7,20.98,-26.289,5.211,4.197,100.0,100.0,72.0,1630,1,-16.6,0.47
4242,386,6.775,44.39,1,102.0,93.4,1405,188.8,75.9,20.93,-26.289,5.211,4.197,100.0,100.1,72.0,1630,1,-16.6,0.47
4243,386,6.775,44.58,1,102.0,93.4,1406,188.8,75.7,20.92,-26.289,5.207,4.197,100.0,100.2,72.0,1630,1,-16.6,0.46
4244,386,6.775,44.41,1,102.0,93.5,1405,188.8,75.8,20.89,-26.281,5.207,4.197,100.0,100.3,72.0,1630,1,-16.6,0.46
4245,386,6.775,44.49,1,101.89999999999999,93.4,1406,188.7,75.9,20.88,-26.273,5.207,4.197,100.0,100.5,72.0,1629,1,-16.6,0.47
4246,386,6.775,44.47,1,102.0,93.5,1405,188.8,76.0,20.95,-26.266,5.207,4.197,101.0,100.5,72.0,1629,1,-16.6,0.48
4247,386,6.775,44.72,1,102.0,93.5,1405,188.8,75.9,20.89,-26.258,5.203,4.197,100.0,100.7,72.0,1629,1,-16.6,0.46
4248,386,6.775,44.74,1,101.89999999999999,93.4,1406,188.8,75.8,20.91,-26.258,5.203,4.197,101.0,100.7,72.0,1629,1,-16.7,0.47
4249,386,6.75,44.42,1,102.0,93.4,1405,188.8,75.8,20.91,-26.242,5.207,4.197,100.0,100.8,72.0,1629,1,-16.6,0.47
4250,386,6.75,44.63,1,102.0,93.5,1405,188.8,75.9,20.95,-26.234,5.207,4.197,101.0,100.9,72.0,1629,1,-16.6,0.47
4251,387,6.775,44.41,1,101.89999999999999,93.4,1405,188.9,75.7,20.95,-26.234,5.203,4.197,101.0,101.0,72.0,1629,1,-16.6,0.46
4252,387,6.775,44.71,1,101.89999999999999,93.4,1405,189.0,75.6,20.91,-26.227,5.207,4.197,101.0,101.1,72.0,1629,1,-16.7,0.47
4253,387,6.775,44.53,1,101.89999999999999,93.5,1405,188.9,75.8,20.87,-26.219,5.207,4.197,101.0,101.2,72.0,1629,1,-16.7,0.48
4254,387,6.75,44.68,1,101.89999999999999,93.4,1406,188.9,75.7,20.9,-26.219,5.207,4.197,101.0,101.3,72.0,1629,1,-16.7,0.48
4255,387,6.75,44.41,1,101.89999999999999,93.4,1406,188.9,75.8,20.92,-26.211,5.207,4.197,101.0,101.4,72.0,1629,1,-16.7,0.47
4256,387,6.775,44.59,1,101.89999999999999,93.4,1405,188.9,75.6,20.91,-26.203,5.207,4.197,102.0,101.5,72.0,1629,1,-16.7,0.47
4257,387,6.775,44.46,1,101.89999999999999,93.4,1406,188.9,76.0,20.91,-26.195,5.207,4.197,101.0,101.6,72.0,1629,1,-16.7,0.47
4258,387,6.775,44.65,1,101.89999999999999,93.4,1405,188.9,75.8,20.9,-26.188,5.207,4.197,102.0,101.6,72.0,1629,1,-16.7,0.47
4259,387,6.75,44.71,1,101.89999999999999,93.4,1405,188.9,75.8,20.9,-26.195,5.207,4.197,102.0,101.7,72.0,1629,1,-16.7,0.47
4260,387,6.775,44.73,1,101.89999999999999,93.5,1406,189.0,75.7,20.95,-26.188,5.207,4.197,102.0,101.7,72.0,1629,1,-16.7,0.47
4261,387,6.775,44.64,1,101.89999999999999,93.5,1407,189.0,75.8,20.94,-26.188,5.207,4.197,102.0,101.8,72.0,1629,1,-16.7,0.46
4262,387,6.775,44.76,1,101.89999999999999,93.4,1406,188.9,75.8,20.94,-26.188,5.211,4.197,102.0,101.9,72.0,1629,1,-16.7,0.47
4263,387,6.775,44.43,1,101.89999999999999,93.5,1406,188.9,75.9,20.93,-26.18,5.207,4.197,102.0,101.9,72.0,1629,1,-16.7,0.47
4264,387,6.775,44.51,1,101.89999999999999,93.5,1406,188.9,75.7,20.96,-26.188,5.207,4.197,103.0,102.0,72.0,1629,1,-16.7,0.47
4265,387,6.775,44.45,1,101.89999999999999,93.4,1405,189.0,75.8,20.93,-26.18,5.207,4.197,102.0,102.0,72.0,1629,1,-16.7,0.47
4266,388,6.775,44.6,1,101.89999999999999,93.4,1405,189.0,75.7,20.93,-26.18,5.207,4.197,103.0,102.1,72.0,1629,1,-16.7,0.46
4267,388,6.775,44.61,1,101.89999999999999,93.4,1405,189.0,75.8,20.91,-26.172,5.207,4.197,103.0,102.1,72.0,1628,1,-16.7,0.48
4268,388,6.75,44.36,1,101.8,93.4,1405,189.0,75.9,20.92,-26.164,5.207,4.197,103.0,102.2,72.0,1628,1,-16.7,0.47
4269,388,6.75,44.55,1,101.89999999999999,93.4,1405,189.1,75.7,20.95,-26.156,5.207,4.197,102.0,102.2,72.0,1628,1,-16.7,0.47
4270,388,6.775,44.25,1,101.89999999999999,93.5,1405,189.1,75.7,20.94,-26.148,5.211,4.197,103.0,102.2,72.0,1628,1,-16.7,0.47
4271,388,6.775,44.59,1,101.89999999999999,93.5,1405,189.0,75.9,20.91,-26.141,5.211,4.197,103.0,102.3,72.0,1628,1,-16.7,0.48
4272,388,6.75,44.38,1,101.89999999999999,93.4,1406,189.0,75.8,20.93,-26.133,5.211,4.197,103.0,102.3,72.0,1628,1,-16.7,0.47
4273,388,6.775,44.62,1,101.8,93.4,1406,189.1,75.9,20.93,-26.125,5.211,4.197,103.0,102.4,72.0,1628,1,-16.7,0.48
4274,388,6.775,44.36,1,101.8,93.4,1406,189.0,75.6,20.96,-26.109,5.211,4.197,103.0,102.4,72.0,1628,1,-16.7,0.47
4275,388,6.775,44.43,1,101.89999999999999,93.4,1406,189.0,75.6,20.93,-26.102,5.211,4.197,103.0,102.5,72.0,1628,1,-16.7,0.48
4276,388,6.775,44.33,1,101.8,93.4,1405,189.0,75.7,20.94,-26.094,5.211,4.197,103.0,102.5,72.0,1628,1,-16.7,0.48
4277,388,6.775,44.6,1,101.8,93.4,1405,189.1,75.5,20.88,-26.094,5.211,4.197,103.0,102.5,72.0,1628,1,-16.7,0.47
4278,388,6.775,44.36,1,101.89999999999999,93.5,1405,189.1,75.7,20.93,-26.102,5.211,4.197,103.0,102.6,72.0,1628,1,-16.7,0.48
4279,389,6.775,44.65,1,101.89999999999999,93.4,1406,189.1,75.7,20.94,-26.102,5.211,4.197,103.0,102.6,72.0,1628,1,-16.7,0.48
4280,389,6.775,44.67,1,101.89999999999999,93.4,1406,189.1,75.9,20.89,-26.109,5.211,4.197,103.0,102.6,72.0,1628,1,-16.7,0.47
4281,389,6.775,44.62,1,101.8,93.4,1406,189.1,75.8,20.93,-26.109,5.211,4.197,103.0,102.6,72.0,1628,1,-16.7,0.47
4282,389,6.775,44.73,1,101.8,93.4,1406,189.2,75.8,20.97,-26.109,5.215,4.197,103.0,102.7,72.0,1628,1,-16.7,0.46
4283,389,6.775,44.53,1,101.8,93.4,1406,189.2,75.7,20.94,-26.117,5.211,4.197,103.0,102.7,72.0,1628,1,-16.7,0.47
4284,389,6.775,44.6,1,101.8,93.4,1406,189.2,75.6,20.87,-26.109,5.211,4.197,103.0,102.7,72.0,1628,1,-16.7,0.47
4285,389,6.775,44.45,1,101.89999999999999,93.4,1406,189.2,75.7,20.97,-26.102,5.211,4.197,103.0,102.8,72.0,1628,1,-16.7,0.48
4286,389,6.775,44.66,1,101.89999999999999,93.4,1406,189.2,75.7,20.99,-26.094,5.211,4.197,103.0,102.8,72.0,1628,1,-16.7,0.47
4287,389,6.775,44.57,1,101.89999999999999,93.4,1406,189.3,75.7,20.93,-26.086,5.211,4.197,103.0,102.8,72.0,1628,1,-16.7,0.46
4288,390,6.775,44.51,1,101.89999999999999,93.5,1406,189.3,75.8,20.59,-26.086,5.215,4.197,103.0,102.8,72.0,1627,1,-16.7,0.46
4289,390,6.775,44.53,1,101.6,93.30000000000001,1405,189.2,75.7,20.05,-26.078,5.215,4.197,103.0,102.8,72.0,1627,1,-16.7,0.47
4290,390,6.775,44.65,1,101.29999999999998,93.30000000000001,1404,189.2,75.7,19.99,-26.07,5.219,4.197,103.0,102.8,72.0,1627,1,-16.7,0.47
4291,390,6.775,44.3,1,101.2,93.30000000000001,1402,189.3,75.7,19.98,-26.07,5.219,4.197,103.0,102.8,72.0,1627,1,-16.7,0.47
4292,390,6.775,44.6,1,101.2,93.30000000000001,1402,189.4,75.6,19.97,-26.062,5.219,4.197,103.0,102.9,72.0,1627,1,-16.7,0.47
4293,390,6.775,44.48,1,101.2,93.30000000000001,1401,189.4,75.4,19.98,-26.055,5.219,4.197,103.0,102.9,72.0,1627,1,-16.7,0.47
4294,390,6.775,44.74,1,101.1,93.30000000000001,1401,189.5,75.5,20.0,-26.039,5.219,4.197,103.0,102.9,72.0,1627,1,-16.7,0.48
4295,390,6.775,44.56,1,101.1,93.30000000000001,1400,189.6,75.5,19.99,-26.031,5.219,4.197,103.0,102.9,72.0,1627,1,-16.7,0.46
4296,390,6.775,44.66,1,101.2,93.30000000000001,1400,189.6,75.6,19.99,-26.016,5.219,4.197,103.0,102.9,72.0,1627,1,-16.7,0.47
4297,390,6.775,44.4,1,101.1,93.30000000000001,1401,189.7,75.6,20.01,-26.008,5.219,4.197,103.0,103.0,72.0,1627,1,-16.8,0.46
4298,390,6.775,44.59,1,101.1,93.30000000000001,1400,189.7,75.5,19.99,-26.008,5.219,4.197,103.0,103.0,72.0,1627,1,-16.7,0.47
4299,390,6.775,44.46,1,101.1,93.30000000000001,1400,189.8,75.4,20.03,-26.0,5.219,4.197,103.0,103.1,72.0,1627,1,-16.7,0.47
4300,390,6.775,44.67,1,101.2,93.30000000000001,1400,189.8,75.7,20.0,-25.992,5.223,4.197,104.0,103.2,72.0,1627,1,-16.8,0.46
4301,390,6.775,44.52,1,101.2,93.30000000000001,1401,189.7,75.6,19.61,-25.984,5.223,4.197,104.0,103.2,72.0,1627,1,-16.8,0.46
4302,390,6.75,44.53,1,100.8,93.10000000000001,1400,189.7,75.5,19.27,-25.977,5.223,4.197,104.0,103.3,72.0,1627,1,-16.7,0.47
4303,390,6.775,44.62,1,100.6,93.10000000000001,1398,189.7,75.4,19.28,-25.977,5.219,4.197,104.0,103.5,72.0,1627,1,-16.8,0.47
4304,390,6.775,44.44,1,100.6,93.10000000000001,1398,189.6,75.4,19.18,-25.969,5.219,4.197,104.0,103.6,72.0,1627,1,-16.8,0.48
4305,390,6.775,44.56,1,100.49999999999999,93.10000000000001,1397,189.6,75.3,19.21,-25.969,5.219,4.197,104.0,103.7,72.0,1627,1,-16.8,0.47
4306,390,6.775,44.21,1,100.49999999999999,93.10000000000001,1397,189.5,75.3,19.45,-25.977,5.219,4.197,104.0,103.9,72.0,1627,1,-16.7,0.48
4307,390,6.75,44.4,1,100.69999999999999,93.30000000000001,1396,189.5,75.5,19.97,-25.969,5.223,4.197,104.0,104.0,72.0,1627,1,-16.8,0.47
4308,390,6.775,44.15,1,101.0,93.30000000000001,1398,189.6,75.7,20.06,-25.969,5.223,4.197,105.0,104.2,72.0,1626,1,-16.8,0.48
4309,390,6.775,44.38,1,101.1,93.30000000000001,1398,189.6,75.6,20.0,-25.969,5.223,4.197,105.0,104.4,72.0,1626,1,-16.8,0.48
4310,391,6.775,44.25,1,101.1,93.30000000000001,1398,189.5,75.6,20.07,-25.969,5.223,4.197,105.0,104.6,72.0,1626,1,-16.8,0.47
4311,391,6.775,44.19,1,101.1,93.2,1399,189.5,75.7,20.06,-25.969,5.223,4.197,105.0,104.8,72.0,1626,1,-16.8,0.47
4312,391,6.775,44.54,1,101.2,93.30000000000001,1400,189.6,75.6,20.02,-25.961,5.223,4.197,105.0,105.0,72.0,1626,1,-16.8,0.48
4313,391,6.775,44.27,1,101.2,93.30000000000001,1400,189.6,75.6,20.02,-25.961,5.223,4.197,106.0,105.2,72.0,1626,1,-16.8,0.47
4314,391,6.775,44.63,1,101.1,93.30000000000001,1401,189.6,75.7,20.02,-25.969,5.223,4.197,106.0,105.5,72.0,1626,1,-16.8,0.46
4315,391,6.775,44.62,1,101.1,93.30000000000001,1401,189.6,75.8,20.02,-25.961,5.223,4.197,106.0,105.7,72.0,1626,1,-16.8,0.47
4316,391,6.775,44.68,1,101.2,93.4,1400,189.6,75.6,20.86,-25.953,5.223,4.197,106.0,105.9,72.0,1626,1,-16.8,0.46
4317,391,6.775,44.65,1,101.6,93.5,1401,189.6,75.8,21.25,-25.953,5.219,4.197,107.0,106.2,72.0,1626,1,-16.8,0.46
4318,391,6.775,44.24,1,101.69999999999999,93.5,1403,189.5,75.8,21.37,-25.938,5.219,4.197,107.0,106.4,72.0,1626,1,-16.8,0.47
4319,391,6.775,44.26,1,101.8,93.4,1404,189.4,76.0,21.37,-25.93,5.219,4.197,107.0,106.6,72.0,1626,1,-16.8,0.47
4320,391,6.775,44.62,1,101.8,93.5,1404,189.4,76.0,21.34,-25.914,5.223,4.197,107.0,106.8,72.0,1626,1,-16.8,0.47
4321,391,6.775,44.24,1,101.8,93.5,1404,189.3,75.9,21.3,-25.898,5.223,4.197,108.0,107.1,72.0,1626,1,-16.8,0.47
4322,391,6.75,44.66,1,101.8,93.5,1404,189.3,75.9,21.39,-25.891,5.223,4.197,108.0,107.2,72.0,1626,1,-16.8,0.47
4323,391,6.775,44.54,1,101.8,93.5,1405,189.2,75.7,21.35,-25.875,5.223,4.197,108.0,107.5,72.0,1626,1,-16.8,0.47
4324,391,6.775,44.68,1,101.69999999999999,93.4,1405,189.2,75.8,21.34,-25.867,5.223,4.197,108.0,107.7,72.0,1626,1,-16.8,0.48
4325,391,6.775,44.68,1,101.69999999999999,93.4,1406,189.3,75.9,21.39,-25.852,5.223,4.197,108.0,107.9,72.0,1626,1,-16.8,0.47
4326,392,6.775,44.66,1,101.69999999999999,93.4,1406,189.3,75.6,21.27,-25.836,5.227,4.197,108.0,108.1,72.0,1626,1,-16.8,0.48
4327,392,6.775,44.23,1,101.69999999999999,93.4,1406,189.4,75.7,20.23,-25.82,5.227,4.197,108.0,108.2,72.0,1625,1,-16.8,0.48
4328,392,6.775,44.45,1,101.29999999999998,93.2,1404,189.2,75.7,19.8,-25.812,5.227,4.197,108.0,108.5,72.0,1625,1,-16.8,0.47
4329,392,6.775,44.2,1,101.0,93.2,1402,189.2,75.7,19.79,-25.805,5.227,4.197,109.0,108.6,71.0,1625,1,-16.8,0.47
4330,392,6.775,44.36,1,100.89999999999999,93.2,1401,189.2,75.6,19.81,-25.805,5.227,4.197,109.0,108.8,72.0,1625,1,-16.8,0.47
4331,392,6.775,44.11,1,100.89999999999999,93.30000000000001,1401,189.2,75.6,19.8,-25.797,5.223,4.197,110.0,109.0,71.0,1625,1,-16.8,0.48
4332,392,6.775,44.2,1,100.89999999999999,93.2,1400,189.2,75.4,19.77,-25.797,5.223,4.197,110.0,109.2,71.0,1625,1,-16.8,0.48
4333,392,6.775,44.35,1,100.89999999999999,93.30000000000001,1400,189.2,75.5,19.8,-25.789,5.227,4.197,111.0,109.3,71.0,1625,1,-16.8,0.47
4334,392,6.775,44.59,1,100.89999999999999,93.2,1400,189.1,75.6,19.76,-25.781,5.227,4.197,110.0,109.5,71.0,1625,1,-16.8,0.46
4335,392,6.775,44.63,1,100.89999999999999,93.30000000000001,1399,189.1,75.4,19.77,-25.781,5.23,4.197,111.0,109.6,71.0,1625,1,-16.8,0.47
4336,392,6.775,44.68,1,100.8,93.2,1400,189.2,75.5,19.25,-25.766,5.23,4.197,111.0,109.8,71.0,1625,1,-16.8,0.47
4337,392,6.775,44.57,1,100.49999999999999,93.0,1399,189.2,75.5,18.56,-25.766,5.23,4.197,111.0,109.9,71.0,1625,1,-16.8,0.46
4338,392,6.775,44.26,1,100.0,93.0,1396,189.3,75.3,18.37,-25.75,5.23,4.197,111.0,110.1,71.0,1625,1,-16.8,0.47
4339,392,6.775,44.38,1,99.9,93.0,1394,189.4,75.4,18.38,-25.742,5.23,4.197,111.0,110.2,71.0,1625,1,-16.8,0.48
4340,392,6.775,44.13,1,99.8,93.0,1394,189.3,75.3,18.4,-25.75,5.23,4.197,111.0,110.3,71.0,1625,1,-16.8,0.47
4341,392,6.775,44.41,1,99.8,93.0,1394,189.3,75.3,18.37,-25.742,5.23,4.197,111.0,110.4,71.0,1625,1,-16.8,0.46
4342,392,6.775,44.28,1,99.8,93.0,1393,189.4,75.4,18.38,-25.742,5.23,4.197,112.0,110.6,71.0,1625,1,-16.8,0.47
4343,392,6.775,44.54,1,99.8,93.0,1393,189.4,75.5,18.42,-25.742,5.23,4.197,112.0,110.6,71.0,1625,1,-16.8,0.48
4344,392,6.775,44.55,1,99.9,93.0,1392,189.5,75.4,18.09,-25.742,5.23,4.197,112.0,110.7,71.0,1625,1,-16.8,0.48
4345,392,6.775,44.52,1,99.6,92.80000000000001,1391,189.6,75.3,17.77,-25.742,5.23,4.197,112.0,110.8,71.0,1625,1,-16.8,0.47
4346,392,6.775,44.49,1,99.4,92.80000000000001,1389,189.7,75.2,17.73,-25.75,5.23,4.197,112.0,110.9,71.0,1624,1,-16.8,0.47
4347,392,6.775,44.47,1,99.3,92.80000000000001,1388,189.7,75.3,17.71,-25.758,5.23,4.197,112.0,111.0,71.0,1624,1,-16.8,0.47
4348,392,6.775,44.51,1,99.3,92.80000000000001,1387,189.9,75.2,17.7,-25.758,5.23,4.197,112.0,111.0,71.0,1624,1,-16.8,0.47
4349,392,6.775,44.38,1,99.3,92.80000000000001,1386,190.0,75.5,17.71,-25.758,5.23,4.197,112.0,111.1,71.0,1624,1,-16.8,0.47
4350,392,6.775,44.49,1,99.3,92.80000000000001,1386,190.0,75.3,17.69,-25.758,5.23,4.197,112.0,111.1,71.0,1624,1,-16.8,0.47
4351,392,6.775,44.34,1,99.3,92.80000000000001,1386,190.1,75.4,17.74,-25.758,5.23,4.197,112.0,111.2,71.0,1624,1,-16.8,0.47
4352,392,6.775,44.49,1,99.3,92.80000000000001,1385,190.1,75.3,17.71,-25.758,5.227,4.197,112.0,111.3,71.0,1624,1,-16.8,0.48
4353,392,6.75,44.25,1,99.3,92.80000000000001,1385,190.2,75.2,17.69,-25.758,5.23,4.197,112.0,111.3,71.0,1624,1,-16.8,0.47
4354,392,6.75,44.53,1,99.4,92.80000000000001,1385,190.1,75.2,17.75,-25.766,5.23,4.197,112.0,111.3,71.0,1624,1,-16.8,0.47
4355,392,6.775,44.51,1,99.4,92.80000000000001,1385,190.2,75.3,17.71,-25.766,5.23,4.197,112.0,111.4,71.0,1624,1,-16.8,0.47
4356,392,6.775,44.46,1,99.3,92.80000000000001,1385,190.2,75.2,17.7,-25.766,5.23,4.197,112.0,111.4,71.0,1624,1,-16.8,0.47
4357,392,6.775,44.4,1,99.3,92.80000000000001,1384,190.2,75.2,17.69,-25.773,5.23,4.197,112.0,111.5,71.0,1624,1,-16.8,0.46
4358,392,6.775,44.49,1,99.3,92.80000000000001,1384,190.2,75.2,17.74,-25.773,5.23,4.197,112.0,111.5,71.0,1624,1,-16.8,0.46
4359,392,6.75,44.49,1,99.3,92.80000000000001,1384,190.3,75.2,17.7,-25.781,5.23,4.197,112.0,111.5,71.0,1624,1,-16.8,0.47
4360,392,6.75,44.53,1,99.3,92.80000000000001,1385,190.2,75.2,17.73,-25.789,5.23,4.197,113.0,111.6,71.0,1624,1,-16.8,0.47
4361,391,6.775,44.55,1,99.3,92.80000000000001,1385,190.3,75.2,17.76,-25.805,5.23,4.197,113.0,111.6,71.0,1624,1,-16.8,0.47
4362,391,6.775,44.05,1,99.3,92.80000000000001,1385,190.3,75.2,17.78,-25.82,5.23,4.197,113.0,111.6,71.0,1624,1,-16.8,0.47
4363,391,6.775,44.19,1,99.4,92.80000000000001,1385,190.3,75.1,17.73,-25.82,5.23,4.197,113.0,111.7,71.0,1624,1,-16.8,0.48
4364,391,6.775,44.14,1,99.3,92.80000000000001,1385,190.2,75.2,17.74,-25.828,5.23,4.197,113.0,111.7,71.0,1624,1,-16.8,0.47
4365,391,6.75,44.43,1,99.3,92.80000000000001,1384,190.2,75.2,17.17,-25.836,5.23,4.197,113.0,111.7,71.0,1623,1,-16.8,0.46
4366,391,6.75,44.27,1,99.0,92.60000000000001,1383,190.3,75.3,16.8,-25.844,5.23,4.197,113.0,111.7,71.0,1623,1,-16.8,0.47
4367,391,6.775,44.24,1,98.8,92.60000000000001,1381,190.3,75.1,16.8,-25.852,5.23,4.197,113.0,111.8,71.0,1623,1,-16.8,0.46
4368,391,6.775,44.15,1,98.7,92.60000000000001,1380,190.4,75.1,16.82,-25.859,5.227,4.197,113.0,111.9,71.0,1623,1,-16.8,0.47
4369,391,6.775,44.38,1,98.7,92.60000000000001,1379,190.5,75.1,16.82,-25.859,5.227,4.197,113.0,112.0,71.0,1623,1,-16.8,0.46
4370,391,6.775,44.15,1,98.7,92.60000000000001,1379,190.5,75.2,16.82,-25.867,5.227,4.197,113.0,112.1,71.0,1623,1,-16.8,0.47
4371,391,6.775,44.32,1,98.7,92.60000000000001,1378,190.5,75.0,16.78,-25.867,5.227,4.197,113.0,112.2,71.0,1623,1,-16.8,0.46
4372,391,6.75,44.2,1,98.7,92.60000000000001,1378,190.6,75.0,16.82,-25.867,5.227,4.197,113.0,112.4,71.0,1623,1,-16.7,0.47
4373,391,6.775,44.38,1,98.7,92.60000000000001,1377,190.6,74.9,16.8,-25.859,5.227,4.197,114.0,112.6,71.0,1623,1,-16.8,0.47
4374,390,6.775,44.1,1,98.7,92.60000000000001,1377,190.6,75.0,16.77,-25.867,5.227,4.197,114.0,112.8,71.0,1623,1,-16.8,0.47
4375,390,6.775,44.1,1,98.7,92.60000000000001,1377,190.6,75.1,16.8,-25.867,5.223,4.197,114.0,113.0,71.0,1623,1,-16.8,0.47
4376,390,6.75,44.21,1,98.7,92.60000000000001,1377,190.6,75.0,16.85,-25.867,5.223,4.197,114.0,113.3,71.0,1623,1,-16.8,0.47
4377,390,6.75,44.11,1,98.7,92.60000000000001,1377,190.6,75.2,17.44,-25.867,5.223,4.197,115.0,113.6,71.0,1623,1,-16.8,0.47
4378,390,6.775,44.36,1,99.1,92.80000000000001,1379,190.6,75.2,18.48,-25.875,5.223,4.197,115.0,113.8,71.0,1623,1,-16.8,0.46
4379,390,6.775,44.14,1,99.9,93.10000000000001,1382,190.6,75.4,19.39,-25.867,5.223,4.197,115.0,114.1,71.0,1623,1,-16.8,0.47
4380,390,6.775,44.51,1,100.4,93.2,1386,190.6,75.4,19.53,-25.859,5.223,4.197,115.0,114.4,71.0,1623,1,-16.8,0.47
4381,390,6.775,44.29,1,100.69999999999999,93.2,1390,190.6,75.6,19.58,-25.859,5.223,4.197,116.0,114.7,71.0,1623,1,-16.8,0.47
4382,390,6.775,44.67,1,100.69999999999999,93.2,1392,190.5,75.7,19.56,-25.859,5.223,4.197,116.0,115.0,71.0,1622,1,-16.8,0.46
4383,390,6.75,44.33,1,100.69999999999999,93.2,1393,190.5,75.7,19.56,-25.852,5.223,4.197,118.0,115.3,71.0,1622,1,-16.8,0.46
4384,390,6.75,44.65,1,100.69999999999999,93.2,1394,190.5,75.6,19.57,-25.852,5.223,4.197,118.0,115.7,71.0,1622,1,-16.8,0.46
4385,390,6.775,44.22,1,100.8,93.2,1394,190.4,75.5,20.06,-25.844,5.223,4.197,118.0,116.0,71.0,1622,1,-16.8,0.47
4386,390,6.775,44.54,1,101.0,93.30000000000001,1396,190.3,75.7,20.13,-25.836,5.223,4.197,118.0,116.4,71.0,1622,1,-16.8,0.46
4387,390,6.775,44.23,1,101.1,93.30000000000001,1397,190.2,75.7,20.16,-25.844,5.219,4.197,118.0,116.7,71.0,1622,1,-16.8,0.47
4388,390,6.775,44.21,1,101.2,93.30000000000001,1399,190.2,75.9,20.18,-25.828,5.219,4.197,119.0,117.0,71.0,1622,1,-16.8,0.47
4389,391,6.775,44.33,1,101.1,93.30000000000001,1398,190.1,75.8,20.36,-25.828,5.219,4.197,119.0,117.3,71.0,1622,1,-16.8,0.47
4390,391,6.775,44.21,1,101.29999999999998,93.4,1399,189.9,75.7,21.03,-25.82,5.219,4.197,119.0,117.6,71.0,1622,1,-16.8,0.47
4391,391,6.775,44.54,1,101.6,93.4,1401,189.9,75.8,21.06,-25.812,5.219,4.197,119.0,118.0,71.0,1622,1,-16.8,0.47
4392,391,6.775,44.24,1,101.69999999999999,93.4,1402,189.8,75.8,21.12,-25.797,5.219,4.197,120.0,118.3,71.0,1622,1,-16.7,0.47
4393,391,6.775,44.31,1,101.69999999999999,93.4,1403,189.7,75.7,21.09,-25.797,5.219,4.197,120.0,118.6,71.0,1622,1,-16.8,0.47
4394,391,6.775,44.27,1,101.69999999999999,93.4,1404,189.7,75.8,21.09,-25.789,5.219,4.197,121.0,118.9,71.0,1622,1,-16.8,0.47
4395,391,6.775,44.25,1,101.69999999999999,93.4,1405,189.6,75.9,21.08,-25.781,5.219,4.197,121.0,119.3,71.0,1622,1,-16.8,0.47
4396,391,6.775,44.2,1,101.69999999999999,93.4,1405,189.4,75.9,21.07,-25.781,5.219,4.197,121.0,119.5,71.0,1622,1,-16.8,0.47
4397,391,6.775,44.51,1,101.69999999999999,93.5,1404,189.4,75.9,21.07,-25.781,5.219,4.197,122.0,119.9,71.0,1622,1,-16.8,0.47
4398,391,6.775,44.34,1,101.69999999999999,93.5,1404,189.3,76.0,21.1,-25.773,5.219,4.197,122.0,120.2,71.0,1622,1,-16.7,0.46
4399,391,6.775,44.46,1,101.69999999999999,93.5,1404,189.2,75.8,21.1,-25.766,5.219,4.197,122.0,120.5,71.0,1622,1,-16.8,0.47
4400,391,6.775,44.25,1,101.69999999999999,93.4,1404,189.0,76.1,21.11,-25.766,5.215,4.197,122.0,120.9,71.0,1621,1,-16.8,0.46
4401,391,6.775,44.57,1,101.69999999999999,93.5,1404,188.9,76.0,21.11,-25.758,5.219,4.197,122.0,121.3,71.0,1621,1,-16.7,0.46
4402,391,6.775,44.21,1,101.69999999999999,93.5,1405,188.9,76.0,21.06,-25.75,5.219,4.197,124.0,121.6,71.0,1621,1,-16.7,0.47
4403,392,6.775,44.2,1,101.69999999999999,93.5,1406,188.8,75.7,21.09,-25.742,5.219,4.197,124.0,122.0,71.0,1621,1,-16.8,0.48
4404,392,6.775,44.33,1,101.69999999999999,93.4,1406,188.7,75.8,21.09,-25.734,5.219,4.197,125.0,122.4,71.0,1621,1,-16.7,0.47
4405,392,6.75,44.29,1,101.6,93.4,1405,188.7,76.0,21.11,-25.727,5.219,4.197,126.0,122.8,71.0,1621,1,-16.7,0.47
4406,392,6.775,44.7,1,101.69999999999999,93.4,1406,188.8,75.8,21.12,-25.719,5.219,4.197,126.0,123.2,71.0,1621,1,-16.7,0.46
4407,392,6.775,44.67,1,101.6,93.4,1406,188.7,75.7,21.13,-25.695,5.219,4.197,126.0,123.7,71.0,1621,1,-16.8,0.47
4408,392,6.775,44.73,1,101.69999999999999,93.4,1405,188.7,75.7,21.12,-25.68,5.219,4.197,126.0,124.0,71.0,1621,1,-16.7,0.46
4409,392,6.75,44.58,1,101.69999999999999,93.5,1406,188.6,75.9,21.12,-25.672,5.219,4.197,126.0,124.5,71.0,1621,1,-16.7,0.46
4410,392,6.775,44.73,1,101.69999999999999,93.5,1406,188.5,75.9,21.16,-25.648,5.219,4.197,127.0,124.9,71.0,1621,1,-16.7,0.46
4411,392,6.775,44.66,1,101.6,93.4,1407,188.5,75.8,21.2,-25.641,5.219,4.197,127.0,125.3,71.0,1621,1,-16.7,0.47
4412,392,6.775,44.47,1,101.6,93.4,1407,188.6,75.9,21.15,-25.625,5.219,4.196,128.0,125.8,71.0,1621,1,-16.7,0.47
4413,392,6.775,44.36,1,101.6,93.5,1407,188.5,75.7,21.07,-25.609,5.219,4.197,128.0,126.2,71.0,1621,1,-16.7,0.47
4414,392,6.775,44.26,1,101.6,93.4,1407,188.5,75.8,21.11,-25.594,5.219,4.197,129.0,126.6,71.0,1621,1,-16.7,0.47
4415,392,6.775,44.59,1,101.6,93.5,1407,188.5,75.9,21.14,-25.578,5.219,4.197,129.0,127.0,71.0,1621,1,-16.7,0.47
4416,392,6.775,44.52,1,101.6,93.5,1407,188.5,75.8,21.15,-25.562,5.219,4.196,130.0,127.5,71.0,1621,1,-16.7,0.46
4417,392,6.775,44.7,1,101.6,93.5,1407,188.5,75.9,21.08,-25.555,5.219,4.197,130.0,127.9,71.0,1621,1,-16.7,0.47
4418,392,6.75,44.34,1,101.49999999999999,93.4,1407,188.6,75.9,21.1,-25.539,5.219,4.197,130.0,128.3,71.0,1621,1,-16.7,0.46
4419,392,6.75,44.47,1,101.49999999999999,93.4,1408,188.7,75.9,21.13,-25.531,5.219,4.197,130.0,128.7,71.0,1620,1,-16.7,0.46
4420,392,6.775,44.19,1,101.49999999999999,93.4,1407,188.7,75.7,21.12,-25.516,5.219,4.197,131.0,129.1,71.0,1620,1,-16.7,0.47
4421,392,6.775,44.27,1,101.49999999999999,93.4,1407,188.7,75.7,21.12,-25.5,5.223,4.197,132.0,129.5,71.0,1620,1,-16.7,0.47
4422,392,6.775,44.18,1,101.49999999999999,93.5,1407,188.7,75.8,21.14,-25.484,5.223,4.197,133.0,129.9,71.0,1620,1,-16.7,0.47
4423,392,6.775,44.14,1,101.49999999999999,93.4,1407,188.6,75.7,21.14,-25.469,5.219,4.197,133.0,130.3,71.0,1620,1,-16.7,0.46
4424,392,6.775,44.27,1,101.49999999999999,93.4,1406,188.7,75.7,21.14,-25.453,5.219,4.197,133.0,130.6,71.0,1620,1,-16.7,0.46
4425,392,6.775,44.27,1,101.49999999999999,93.5,1407,188.6,75.8,21.11,-25.445,5.219,4.197,134.0,131.0,71.0,1620,1,-16.7,0.46
4426,392,6.775,44.57,1,101.49999999999999,93.4,1407,188.5,75.7,21.1,-25.43,5.223,4.197,134.0,131.3,71.0,1620,1,-16.7,0.47
4427,392,6.775,44.28,1,101.49999999999999,93.4,1406,188.5,75.8,21.14,-25.422,5.223,4.197,134.0,131.7,71.0,1620,1,-16.7,0.47
4428,392,6.775,44.7,1,101.49999999999999,93.4,1406,188.6,75.6,21.11,-25.414,5.223,4.197,135.0,132.1,71.0,1620,1,-16.7,0.46
4429,392,6.775,44.59,1,101.49999999999999,93.4,1406,188.6,76.0,21.13,-25.406,5.223,4.197,135.0,132.4,71.0,1620,1,-16.7,0.48
4430,392,6.775,44.66,1,101.4,93.4,1407,188.7,75.9,20.88,-25.398,5.223,4.197,135.0,132.7,71.0,1620,1,-16.7,0.47
4431,392,6.775,44.69,1,101.4,93.30000000000001,1407,188.7,75.6,20.42,-25.398,5.223,4.197,135.0,133.1,71.0,1620,1,-16.7,0.47
4432,392,6.775,44.34,1,101.2,93.30000000000001,1406,188.6,75.7,20.42,-25.398,5.223,4.197,135.0,133.4,71.0,1620,1,-16.7,0.48
4433,392,6.775,44.21,1,101.1,93.30000000000001,1406,188.6,75.6,20.36,-25.398,5.223,4.197,136.0,133.7,71.0,1620,1,-16.7,0.48
4434,392,6.775,44.2,1,101.1,93.30000000000001,1404,188.6,75.6,20.35,-25.398,5.223,4.197,136.0,134.0,71.0,1620,1,-16.7,0.47
4435,392,6.775,44.26,1,101.1,93.30000000000001,1404,188.6,75.7,20.37,-25.398,5.223,4.197,137.0,134.2,71.0,1620,1,-16.7,0.47
4436,392,6.775,44.5,1,101.1,93.30000000000001,1404,188.7,75.7,20.37,-25.398,5.223,4.197,137.0,134.5,71.0,1620,1,-16.7,0.47
4437,393,6.775,44.29,1,101.1,93.30000000000001,1403,188.8,75.7,20.34,-25.406,5.223,4.197,138.0,134.8,71.0,1619,1,-16.7,0.47
4438,393,6.775,44.42,1,101.1,93.30000000000001,1403,188.8,75.9,20.36,-25.406,5.223,4.197,138.0,135.0,71.0,1619,1,-16.7,0.46
4439,393,6.775,44.33,1,101.1,93.4,1403,188.9,75.9,20.41,-25.406,5.227,4.197,138.0,135.3,71.0,1619,1,-16.7,0.47
4440,393,6.775,44.64,1,101.1,93.30000000000001,1402,188.9,75.9,20.37,-25.406,5.227,4.197,138.0,135.5,71.0,1619,1,-16.7,0.46
4441,393,6.775,44.21,1,101.1,93.30000000000001,1402,188.9,75.9,20.38,-25.398,5.227,4.197,139.0,135.8,71.0,1619,1,-16.7,0.47
4442,394,6.775,44.52,1,101.0,93.30000000000001,1403,188.9,75.8,20.41,-25.398,5.227,4.197,139.0,136.0,71.0,1619,1,-16.7,0.47
4443,394,6.75,44.23,1,101.1,93.30000000000001,1403,188.8,75.7,20.39,-25.391,5.227,4.197,139.0,136.3,71.0,1619,1,-16.7,0.47
4444,394,6.775,44.75,1,101.1,93.4,1403,188.8,75.5,20.4,-25.383,5.227,4.197,140.0,136.5,71.0,1619,1,-16.7,0.47
4445,395,6.775,44.43,1,101.1,93.30000000000001,1403,188.8,75.7,19.96,-25.375,5.227,4.197,139.0,136.7,71.0,1619,1,-16.7,0.47
4446,395,6.775,44.48,1,100.8,93.10000000000001,1403,188.9,75.5,19.34,-25.367,5.23,4.197,140.0,136.9,71.0,1619,1,-16.7,0.47
4447,395,6.775,44.49,1,100.4,93.2,1400,188.9,75.4,19.28,-25.367,5.227,4.197,140.0,137.2,71.0,1619,1,-16.7,0.47
4448,396,6.775,44.2,1,100.29999999999998,93.2,1399,189.0,75.6,19.3,-25.367,5.227,4.197,140.0,137.4,71.0,1619,1,-16.7,0.46
4449,396,6.775,44.49,1,100.29999999999998,93.10000000000001,1398,189.0,75.5,19.31,-25.367,5.227,4.197,140.0,137.6,71.0,1619,1,-16.7,0.47
4450,396,6.775,44.12,1,100.29999999999998,93.10000000000001,1398,189.0,75.5,19.27,-25.359,5.227,4.197,140.0,137.7,71.0,1619,1,-16.7,0.47
4451,396,6.775,44.25,1,100.2,93.10000000000001,1398,189.1,75.5,19.27,-25.359,5.227,4.197,140.0,137.9,71.0,1619,1,-16.7,0.47
4452,397,6.775,44.1,1,100.29999999999998,93.10000000000001,1398,189.1,75.4,19.33,-25.359,5.227,4.196,140.0,138.1,71.0,1619,1,-16.7,0.46
4453,397,6.75,44.09,1,100.29999999999998,93.10000000000001,1398,189.2,75.5,19.29,-25.352,5.227,4.196,140.0,138.2,71.0,1619,1,-16.7,0.47
4454,397,6.775,44.05,1,100.29999999999998,93.10000000000001,1397,189.2,75.4,19.29,-25.352,5.227,4.197,141.0,138.4,71.0,1619,1,-16.7,0.46
4455,397,6.775,44.15,1,100.29999999999998,93.10000000000001,1397,189.2,75.6,19.32,-25.352,5.227,4.197,141.0,138.6,71.0,1619,1,-16.7,0.47
4456,398,6.775,44.14,1,100.29999999999998,93.2,1396,189.3,75.5,19.32,-25.352,5.227,4.196,141.0,138.7,71.0,1618,1,-16.7,0.47
4457,398,6.775,44.17,1,100.29999999999998,93.10000000000001,1396,189.3,75.3,19.29,-25.352,5.227,4.197,141.0,138.8,71.0,1618,1,-16.7,0.46
4458,398,6.75,44.16,1,100.2,93.10000000000001,1396,189.3,75.4,19.27,-25.359,5.227,4.197,142.0,139.0,71.0,1618,1,-16.7,0.46
4459,398,6.75,44.13,1,100.2,93.10000000000001,1397,189.4,75.4,19.27,-25.359,5.227,4.197,142.0,139.1,71.0,1618,1,-16.7,0.46
4460,398,6.775,44.24,1,100.2,93.10000000000001,1397,189.4,75.4,19.28,-25.359,5.227,4.197,142.0,139.2,71.0,1618,1,-16.7,0.47
4461,398,6.775,44.42,1,100.2,93.10000000000001,1397,189.5,75.4,19.32,-25.359,5.227,4.197,142.0,139.4,71.0,1618,1,-16.7,0.46
4462,398,6.775,44.21,1,100.29999999999998,93.10000000000001,1397,189.4,75.4,19.27,-25.367,5.223,4.196,142.0,139.5,71.0,1618,1,-16.7,0.46
4463,398,6.775,44.24,1,100.2,93.10000000000001,1396,189.4,75.4,19.39,-25.375,5.223,4.197,142.0,139.6,71.0,1618,1,-16.7,0.47
4464,398,6.775,43.98,1,100.29999999999998,93.10000000000001,1396,189.4,75.5,19.34,-25.391,5.223,4.197,142.0,139.7,71.0,1618,1,-16.7,0.47
4465,398,6.775,44.15,1,100.4,93.2,1396,189.5,75.6,20.12,-25.398,5.223,4.196,142.0,139.8,71.0,1618,1,-16.7,0.47
4466,398,6.775,44.3,1,100.8,93.4,1397,189.6,75.6,20.47,-25.398,5.223,4.196,142.0,139.9,71.0,1618,1,-16.7,0.47
4467,398,6.775,44.26,1,101.0,93.30000000000001,1400,189.7,75.6,20.51,-25.406,5.223,4.197,142.0,140.0,71.0,1618,1,-16.6,0.46
4468,398,6.775,44.65,1,101.1,93.30000000000001,1401,189.7,75.8,20.54,-25.406,5.223,4.197,143.0,140.1,71.0,1618,1,-16.6,0.46
4469,398,6.75,44.66,1,101.2,93.4,1401,189.6,75.5,20.48,-25.414,5.223,4.197,142.0,140.2,71.0,1618,1,-16.6,0.46
4470,398,6.75,44.41,1,101.2,93.4,1402,189.6,75.6,20.54,-25.414,5.227,4.197,143.0,140.2,71.0,1618,1,-16.6,0.47
4471,398,6.775,44.56,1,101.2,93.4,1402,189.6,75.6,20.56,-25.414,5.227,4.197,143.0,140.3,71.0,1618,1,-16.6,0.47
4472,398,6.775,44.12,1,101.2,93.4,1402,189.6,75.5,20.52,-25.406,5.227,4.196,144.0,140.4,71.0,1618,1,-16.6,0.46
4473,398,6.775,44.11,1,101.2,93.30000000000001,1403,189.6,75.7,20.21,-25.398,5.227,4.197,144.0,140.5,71.0,1618,1,-16.6,0.47
4474,398,6.775,44.31,1,100.89999999999999,93.2,1402,189.5,75.7,20.02,-25.406,5.227,4.197,144.0,140.6,71.0,1618,1,-16.6,0.47
4475,398,6.775,44.11,1,100.89999999999999,93.2,1401,189.4,75.6,19.96,-25.398,5.227,4.197,144.0,140.7,71.0,1617,1,-16.6,0.47
4476,398,6.775,44.6,1,100.8,93.30000000000001,1400,189.4,75.6,19.96,-25.398,5.227,4.197,144.0,140.8,71.0,1617,1,-16.6,0.46
4477,398,6.775,44.6,1,100.8,93.30000000000001,1400,189.4,75.6,20.04,-25.398,5.227,4.197,144.0,140.9,71.0,1617,1,-16.6,0.45
4478,398,6.775,44.55,1,100.8,93.30000000000001,1401,189.3,75.7,20.02,-25.406,5.227,4.197,144.0,141.0,71.0,1617,1,-16.6,0.46
4479,398,6.775,44.37,1,100.69999999999999,93.2,1401,189.3,75.6,19.39,-25.406,5.227,4.197,144.0,141.2,71.0,1617,1,-16.6,0.47
4480,398,6.775,44.13,1,100.29999999999998,93.0,1400,189.2,75.4,18.32,-25.406,5.23,4.197,144.0,141.4,71.0,1617,1,-16.6,0.47
4481,398,6.775,44.27,1,99.7,92.9,1396,189.3,75.3,18.08,-25.414,5.23,4.197,144.0,141.6,71.0,1617,1,-16.6,0.47
4482,398,6.775,44.01,1,99.5,92.9,1393,189.3,75.2,18.0,-25.422,5.23,4.197,144.0,141.8,71.0,1617,1,-16.6,0.48
4483,398,6.775,43.94,1,99.2,92.7,1391,189.3,75.2,17.1,-25.422,5.234,4.197,144.0,142.1,71.0,1617,1,-16.6,0.47
4484,398,6.775,44.16,1,98.8,92.60000000000001,1388,189.3,75.3,16.93,-25.43,5.23,4.197,144.0,142.3,71.0,1617,1,-16.6,0.47
4485,398,6.775,44.14,1,98.6,92.60000000000001,1385,189.4,75.1,16.91,-25.438,5.23,4.197,144.0,142.7,71.0,1617,1,-16.6,0.47
4486,398,6.775,44.47,1,98.6,92.60000000000001,1383,189.5,75.0,16.92,-25.438,5.23,4.197,145.0,143.0,71.0,1617,1,-16.6,0.46
4487,398,6.775,44.44,1,98.6,92.60000000000001,1381,189.5,75.1,16.91,-25.445,5.227,4.196,146.0,143.3,71.0,1617,1,-16.6,0.46
4488,398,6.775,44.02,1,98.5,92.60000000000001,1380,189.6,75.1,16.91,-25.453,5.227,4.197,146.0,143.6,71.0,1617,1,-16.6,0.46
4489,397,6.775,44.22,1,98.6,92.60000000000001,1380,189.6,75.0,16.9,-25.453,5.227,4.196,146.0,143.9,71.0,1617,1,-16.6,0.46
4490,397,6.775,43.92,1,98.6,92.60000000000001,1379,189.7,75.0,16.95,-25.445,5.227,4.196,147.0,144.2,71.0,1617,1,-16.6,0.47
4491,397,6.775,43.99,1,98.6,92.60000000000001,1379,189.8,75.1,16.98,-25.438,5.227,4.197,147.0,144.6,71.0,1617,1,-16.6,0.46
4492,397,6.775,44.44,1,98.5,92.60000000000001,1379,189.9,75.2,16.91,-25.438,5.227,4.197,147.0,144.9,71.0,1617,1,-16.6,0.47
4493,397,6.75,44.4,1,98.6,92.60000000000001,1379,189.9,75.2,16.93,-25.43,5.227,4.196,148.0,145.3,71.0,1617,1,-16.6,0.46
4494,397,6.75,44.35,1,98.6,92.60000000000001,1379,190.0,75.1,17.23,-25.422,5.227,4.196,149.0,145.7,71.0,1616,1,-16.6,0.46
4495,397,6.775,44.47,1,98.8,92.80000000000001,1379,190.1,75.1,18.11,-25.414,5.227,4.197,149.0,146.0,71.0,1616,1,-16.6,0.46
4496,397,6.775,44.07,1,99.2,92.9,1382,190.1,75.3,18.34,-25.414,5.223,4.196,149.0,146.4,71.0,1616,1,-16.6,0.46
4497,397,6.775,43.97,1,99.5,92.9,1385,190.2,75.1,18.36,-25.406,5.223,4.197,149.0,146.8,71.0,1616,1,-16.6,0.47
4498,397,6.775,44.06,1,99.5,92.9,1386,190.2,75.3,18.36,-25.398,5.223,4.197,150.0,147.1,71.0,1616,1,-16.6,0.46
4499,397,6.75,44.09,1,99.5,92.9,1388,190.2,75.3,18.3,-25.398,5.227,4.197,150.0,147.5,71.0,1616,1,-16.6,0.46
4500,397,6.75,44.42,1,99.5,92.9,1388,190.2,75.2,18.33,-25.398,5.227,4.196,151.0,147.9,71.0,1616,1,-16.6,0.47
4501,397,6.75,44.13,1,99.5,92.9,1387,190.3,75.3,18.33,-25.398,5.227,4.197,151.0,148.2,71.0,1616,1,-16.6,0.47
4502,397,6.775,44.48,1,99.5,92.9,1387,190.4,75.4,18.31,-25.406,5.227,4.197,151.0,148.6,71.0,1616,1,-16.6,0.46
4503,397,6.775,44.37,1,99.6,92.9,1387,190.3,75.3,18.29,-25.406,5.227,4.196,152.0,148.9,71.0,1616,1,-16.6,0.47
4504,397,6.775,44.47,1,99.5,92.9,1388,190.4,75.2,18.32,-25.414,5.227,4.196,153.0,149.2,71.0,1616,1,-16.6,0.47
4505,397,6.775,44.51,1,99.6,92.9,1388,190.4,75.3,18.32,-25.422,5.23,4.197,153.0,149.6,71.0,1616,1,-16.5,0.45
4506,397,6.775,44.11,1,99.6,92.9,1388,190.3,75.4,18.31,-25.422,5.23,4.197,154.0,149.9,71.0,1616,1,-16.5,0.47
4507,397,6.775,44.13,1,99.6,92.9,1388,190.2,75.3,18.22,-25.422,5.23,4.197,153.0,150.3,71.0,1616,1,-16.5,0.46
4508,397,6.775,44.09,1,99.4,92.80000000000001,1388,190.1,75.2,17.26,-25.422,5.23,4.197,154.0,150.6,71.0,1616,1,-16.5,0.46
4509,397,6.775,44.14,1,98.8,92.5,1385,190.0,75.2,16.23,-25.422,5.23,4.196,154.0,150.9,71.0,1616,1,-16.5,0.46
4510,397,6.775,43.95,1,98.2,92.30000000000001,1380,189.9,75.0,15.47,-25.438,5.23,4.197,154.0,151.2,71.0,1616,1,-16.5,0.45
4511,397,6.775,44.26,1,97.7,92.10000000000001,1375,190.0,74.8,15.42,-25.445,5.23,4.197,155.0,151.5,71.0,1616,1,-16.5,0.45
4512,397,6.775,44.35,1,97.5,92.10000000000001,1370,190.0,74.5,15.43,-25.453,5.23,4.196,155.0,151.8,71.0,1616,1,-16.5,0.46
4513,396,6.775,44.32,1,97.5,92.10000000000001,1368,190.0,74.7,15.47,-25.461,5.23,4.197,155.0,152.0,71.0,1616,1,-16.5,0.46
4514,396,6.775,44.15,1,97.39999999999999,92.10000000000001,1365,189.9,74.5,15.44,-25.461,5.23,4.197,156.0,152.3,71.0,1615,1,-16.5,0.46
4515,396,6.775,44.33,1,97.5,92.10000000000001,1364,190.0,74.4,15.42,-25.469,5.23,4.196,156.0,152.6,71.0,1615,1,-16.5,0.46
4516,396,6.775,44.07,1,97.39999999999999,92.0,1363,190.1,74.6,14.81,-25.469,5.234,4.197,156.0,152.8,71.0,1615,1,-16.5,0.46
4517,396,6.775,43.85,1,97.0,91.8,1361,190.2,74.5,13.77,-25.477,5.234,4.196,156.0,153.1,71.0,1615,1,-16.5,0.46
4518,396,6.775,43.9,1,96.3,91.4,1356,190.2,74.2,13.14,-25.484,5.238,4.196,157.0,153.3,71.0,1615,1,-16.5,0.48
4519,396,6.775,43.86,1,95.89999999999999,91.3,1350,190.3,74.1,13.04,-25.492,5.238,4.197,157.0,153.6,71.0,1615,1,-16.5,0.47
4520,395,6.775,43.89,1,95.7,91.3,1345,190.5,74.0,13.03,-25.508,5.234,4.196,157.0,153.9,71.0,1615,1,-16.5,0.47
4521,395,6.775,43.83,1,95.7,91.3,1342,190.7,74.0,13.04,-25.516,5.234,4.197,157.0,154.3,71.0,1615,1,-16.5,0.46
4522,395,6.775,44.11,1,95.7,91.3,1340,190.9,74.0,13.05,-25.531,5.234,4.196,158.0,154.6,71.0,1615,1,-16.5,0.46
4523,395,6.775,44.01,1,95.7,91.2,1339,190.9,73.8,13.04,-25.539,5.234,4.196,158.0,155.0,71.0,1615,1,-16.5,0.46
4524,394,6.775,43.92,1,95.7,91.3,1338,190.9,73.9,13.09,-25.555,5.234,4.197,159.0,155.4,71.0,1615,1,-16.5,0.46
4525,394,6.775,43.86,1,95.7,91.3,1337,191.0,74.0,13.03,-25.57,5.234,4.196,159.0,155.8,71.0,1615,1,-16.5,0.46
4526,394,6.75,43.91,1,95.6,91.10000000000001,1337,191.2,74.0,12.08,-25.594,5.234,4.197,160.0,156.2,71.0,1615,1,-16.5,0.47
4527,394,6.75,43.76,1,95.1,90.9,1333,191.3,73.8,11.95,-25.617,5.234,4.196,160.0,156.7,71.0,1615,1,-16.5,0.46
4528,393,6.75,43.96,1,94.89999999999999,90.9,1329,191.5,73.7,11.91,-25.648,5.234,4.197,161.0,157.1,71.0,1615,1,-16.5,0.46
4529,393,6.775,43.96,1,94.8,90.8,1325,191.5,73.7,11.88,-25.672,5.234,4.197,161.0,157.6,71.0,1615,1,-16.5,0.46
4530,392,6.775,43.84,1,94.8,90.8,1323,191.6,73.6,11.93,-25.703,5.234,4.196,162.0,158.2,71.0,1615,1,-16.5,0.46
4531,392,6.775,43.81,1,94.89999999999999,90.9,1322,191.7,73.6,11.9,-25.727,5.234,4.197,162.0,158.6,71.0,1615,1,-16.5,0.46
4532,392,6.775,43.9,1,94.8,90.8,1321,191.8,73.5,11.96,-25.758,5.234,4.196,163.0,159.2,71.0,1615,1,-16.5,0.47
4533,392,6.75,43.9,1,94.89999999999999,90.8,1320,191.9,73.6,11.91,-25.789,5.23,4.196,163.0,159.6,70.0,1615,1,-16.5,0.46
4534,391,6.75,43.95,1,94.89999999999999,90.9,1320,192.0,73.5,11.93,-25.812,5.23,4.197,163.0,160.1,70.0,1615,1,-16.5,0.46
4535,391,6.775,43.92,1,94.89999999999999,90.8,1320,192.1,73.7,12.1,-25.844,5.227,4.196,165.0,160.6,70.0,1615,1,-16.4,0.46
4536,391,6.775,44.11,1,95.1,91.0,1320,192.2,73.7,13.11,-25.867,5.227,4.197,165.0,161.2,71.0,1614,1,-16.4,0.45
4537,390,6.775,44.18,1,95.8,91.4,1324,192.3,73.9,14.11,-25.883,5.223,4.197,166.0,161.6,70.0,1614,1,-16.5,0.45
4538,390,6.775,44.18,1,96.5,91.7,1330,192.4,74.3,14.61,-25.891,5.223,4.197,166.0,162.1,71.0,1614,1,-16.5,0.45
4539,390,6.75,44.21,1,96.89999999999999,91.8,1336,192.4,74.5,14.72,-25.898,5.223,4.196,166.0,162.6,71.0,1614,1,-16.5,0.45
4540,390,6.75,43.91,1,97.1,91.9,1342,192.4,74.5,14.98,-25.914,5.219,4.196,167.0,163.1,71.0,1614,1,-16.5,0.46
4541,390,6.75,44.26,1,97.39999999999999,92.10000000000001,1346,192.4,74.6,16.02,-25.922,5.219,4.196,168.0,163.6,70.0,1614,1,-16.4,0.46
4542,390,6.775,44.09,1,97.89999999999999,92.30000000000001,1350,192.3,74.9,16.35,-25.93,5.219,4.196,168.0,164.1,70.0,1614,1,-16.4,0.46
4543,390,6.775,44.19,1,98.2,92.4,1356,192.2,75.0,16.52,-25.938,5.215,4.196,169.0,164.6,71.0,1614,1,-16.4,0.46
4544,390,6.775,44.5,1,98.5,92.60000000000001,1361,192.1,74.9,17.32,-25.945,5.215,4.196,169.0,165.1,70.0,1614,1,-16.4,0.46
4545,389,6.75,44.01,1,98.9,92.7,1366,192.0,75.1,17.52,-25.945,5.215,4.196,169.0,165.6,70.0,1614,1,-16.4,0.46
4546,389,6.75,44.09,1,99.2,92.80000000000001,1371,191.8,75.2,17.88,-25.953,5.215,4.196,171.0,166.1,70.0,1614,1,-16.4,0.46
4547,389,6.75,44.14,1,99.6,92.9,1375,191.7,75.3,18.69,-25.969,5.215,4.197,171.0,166.5,70.0,1614,1,-16.4,0.46
4548,389,6.775,44.58,1,100.0,93.0,1380,191.5,75.6,18.77,-25.969,5.215,4.196,171.0,167.0,70.0,1614,1,-16.4,0.46
4549,390,6.775,44.48,1,100.1,93.0,1383,191.4,75.7,18.74,-25.969,5.215,4.197,172.0,167.4,70.0,1614,1,-16.4,0.46
4550,390,6.775,44.11,1,100.1,93.0,1385,191.1,75.6,18.76,-25.977,5.215,4.196,172.0,168.0,70.0,1614,1,-16.4,0.47
4551,390,6.775,44.4,1,100.2,93.0,1385,190.9,75.8,18.75,-25.984,5.215,4.196,172.0,168.3,70.0,1614,1,-16.4,0.46
4552,390,6.775,44.47,1,100.2,92.9,1386,190.7,75.6,18.78,-25.992,5.215,4.197,173.0,168.8,70.0,1614,1,-16.4,0.46
4553,390,6.775,44.59,1,100.2,93.0,1387,190.4,75.6,18.76,-26.0,5.219,4.196,173.0,169.2,70.0,1614,1,-16.4,0.47
4554,390,6.775,44.09,1,100.29999999999998,93.0,1390,190.2,75.6,18.79,-26.008,5.219,4.196,174.0,169.7,70.0,1614,1,-16.4,0.47
4555,390,6.775,44.58,1,100.2,93.0,1391,190.0,75.6,18.75,-26.016,5.219,4.196,174.0,170.0,70.0,1613,1,-16.4,0.46
4556,390,6.775,44.58,1,100.2,93.0,1392,189.8,75.7,18.82,-26.023,5.219,4.197,175.0,170.4,70.0,1613,1,-16.4,0.46
4557,390,6.775,44.46,1,100.2,93.0,1391,189.6,75.7,18.32,-26.031,5.223,4.196,175.0,170.8,70.0,1613,1,-16.4,0.47
4558,390,6.775,44.51,1,99.8,92.7,1390,189.4,75.7,17.2,-26.039,5.223,4.196,175.0,171.2,70.0,1613,1,-16.4,0.47
4559,390,6.775,44.33,1,99.2,92.5,1386,189.3,75.3,16.14,-26.047,5.223,4.196,176.0,171.5,70.0,1613,1,-16.4,0.47
4560,390,6.775,44.1,1,98.5,92.30000000000001,1381,189.1,75.0,15.82,-26.07,5.223,4.196,176.0,171.9,70.0,1613,1,-16.4,0.46
4561,390,6.775,44.02,1,98.2,92.30000000000001,1377,189.1,74.9,15.77,-26.086,5.223,4.197,177.0,172.2,70.0,1613,1,-16.4,0.46
4562,390,6.775,44.33,1,98.1,92.30000000000001,1374,189.0,74.8,15.76,-26.102,5.223,4.196,177.0,172.5,70.0,1613,1,-16.4,0.46
4563,390,6.775,44.38,1,98.1,92.30000000000001,1372,188.9,74.8,15.81,-26.109,5.223,4.196,177.0,172.9,70.0,1613,1,-16.4,0.47
4564,390,6.775,44.28,1,98.1,92.30000000000001,1372,188.8,74.9,15.8,-26.117,5.227,4.196,177.0,173.2,70.0,1613,1,-16.4,0.46
4565,390,6.775,44.07,1,98.1,92.30000000000001,1371,188.8,74.9,15.75,-26.133,5.223,4.196,178.0,173.5,70.0,1613,1,-16.4,0.46
4566,390,6.775,44.18,1,98.1,92.30000000000001,1371,188.9,74.8,15.82,-26.133,5.223,4.196,178.0,173.7,70.0,1613,1,-16.4,0.46
4567,390,6.775,44.54,1,98.1,92.2,1371,188.9,74.8,15.77,-26.141,5.223,4.197,178.0,174.0,70.0,1613,1,-16.4,0.45
4568,389,6.775,44.4,1,98.1,92.30000000000001,1370,188.9,74.9,15.8,-26.156,5.223,4.197,178.0,174.2,70.0,1613,1,-16.4,0.46
4569,389,6.775,44.27,1,98.1,92.30000000000001,1369,188.9,74.9,15.85,-26.156,5.223,4.196,179.0,174.5,70.0,1613,1,-16.4,0.46
4570,389,6.775,44.19,1,98.2,92.4,1368,189.0,74.8,16.75,-26.164,5.223,4.196,179.0,174.7,70.0,1613,1,-16.4,0.46
4571,389,6.775,43.99,1,98.7,92.60000000000001,1369,189.0,74.9,17.25,-26.164,5.223,4.196,179.0,175.0,70.0,1613,1,-16.4,0.46
4572,389,6.775,44.19,1,99.0,92.7,1373,189.0,75.0,17.39,-26.164,5.219,4.197,179.0,175.2,70.0,1613,1,-16.4,0.47
4573,389,6.775,44.45,1,99.4,92.80000000000001,1377,189.0,75.3,18.36,-26.172,5.219,4.196,179.0,175.4,70.0,1613,1,-16.4,0.46
4574,389,6.775,44.54,1,100.0,93.0,1381,188.9,75.5,18.96,-26.172,5.219,4.196,180.0,175.6,70.0,1613,1,-16.4,0.46
4575,389,6.775,44.68,1,100.29999999999998,93.0,1385,188.9,75.6,18.83,-26.164,5.219,4.197,180.0,175.9,70.0,1613,1,-16.4,0.46
4576,390,6.75,44.46,1,100.4,93.0,1388,188.9,75.6,18.89,-26.156,5.219,4.196,180.0,176.1,70.0,1612,1,-16.4,0.46
4577,390,6.75,44.05,1,100.4,93.0,1389,188.8,75.5,19.26,-26.148,5.219,4.196,180.0,176.3,70.0,1612,1,-16.4,0.46
4578,390,6.75,44.22,1,100.69999999999999,93.2,1390,188.7,75.6,19.84,-26.148,5.215,4.196,180.0,176.5,70.0,1612,1,-16.4,0.47
4579,390,6.775,44.75,1,101.0,93.2,1393,188.6,75.6,19.94,-26.141,5.219,4.197,180.0,176.7,70.0,1612,1,-16.4,0.48
4580,390,6.775,44.24,1,101.1,93.2,1395,188.6,75.6,19.91,-26.133,5.219,4.196,181.0,177.0,70.0,1612,1,-16.4,0.47
4581,390,6.775,44.53,1,101.1,93.2,1396,188.5,75.7,19.94,-26.125,5.223,4.196,181.0,177.2,70.0,1612,1,-16.4,0.47
4582,390,6.75,44.29,1,101.2,93.2,1397,188.4,75.8,19.92,-26.125,5.223,4.196,182.0,177.4,70.0,1612,1,-16.4,0.47
4583,390,6.775,44.54,1,101.1,93.2,1397,188.3,75.8,19.91,-26.117,5.223,4.196,182.0,177.6,70.0,1612,1,-16.4,0.46
4584,390,6.775,44.54,1,101.2,93.2,1397,188.2,75.8,19.93,-26.117,5.223,4.197,182.0,177.8,70.0,1612,1,-16.4,0.47
4585,390,6.775,44.21,1,101.1,93.10000000000001,1397,188.0,75.9,19.18,-26.117,5.223,4.196,182.0,178.0,70.0,1612,1,-16.4,0.46
4586,390,6.775,44.39,1,100.6,93.0,1396,188.0,75.7,18.1,-26.109,5.223,4.196,182.0,178.2,70.0,1612,1,-16.4,0.46
4587,390,6.775,44.49,1,100.0,92.80000000000001,1393,187.9,75.5,17.95,-26.109,5.223,4.196,182.0,178.4,70.0,1612,1,-16.4,0.47
4588,390,6.775,44.07,1,99.8,92.80000000000001,1391,187.8,75.4,17.95,-26.109,5.223,4.196,182.0,178.5,70.0,1612,1,-16.4,0.47
4589,390,6.75,44.31,1,99.7,92.80000000000001,1389,187.8,75.5,17.93,-26.117,5.223,4.196,182.0,178.7,70.0,1612,1,-16.4,0.47
4590,390,6.775,44.51,1,99.7,92.80000000000001,1389,187.7,75.5,17.93,-26.125,5.227,4.196,182.0,179.0,70.0,1612,1,-16.4,0.47
4591,390,6.775,44.26,1,99.7,92.80000000000001,1388,187.6,75.3,17.91,-26.125,5.227,4.196,182.0,179.2,70.0,1612,1,-16.4,0.48
4592,390,6.775,44.18,1,99.6,92.80000000000001,1388,187.6,75.6,17.09,-26.125,5.227,4.196,183.0,179.6,70.0,1612,1,-16.4,0.47
4593,390,6.775,44.32,1,99.1,92.60000000000001,1386,187.6,75.3,16.86,-26.125,5.227,4.196,183.0,179.9,70.0,1612,1,-16.4,0.47
4594,390,6.775,44.36,1,98.9,92.60000000000001,1383,187.6,75.2,16.83,-26.125,5.227,4.196,184.0,180.2,70.0,1612,1,-16.4,0.48
4595,390,6.775,44.39,1,98.9,92.60000000000001,1382,187.6,75.2,16.79,-26.133,5.223,4.196,185.0,180.6,70.0,1612,1,-16.4,0.48
4596,390,6.775,44.24,1,98.8,92.60000000000001,1381,187.7,75.3,16.79,-26.141,5.223,4.196,185.0,181.0,70.0,1612,1,-16.4,0.47
4597,390,6.775,43.83,1,98.8,92.60000000000001,1380,187.8,75.3,16.81,-26.141,5.219,4.196,185.0,181.4,70.0,1612,1,-16.4,0.46
4598,390,6.775,44.41,1,98.8,92.60000000000001,1380,187.9,75.1,16.81,-26.141,5.219,4.196,185.0,181.8,70.0,1612,1,-16.4,0.47
4599,390,6.775,44.08,1,98.8,92.60000000000001,1379,188.0,75.2,17.57,-26.141,5.219,4.196,187.0,182.1,70.0,1611,1,-16.4,0.46
4600,390,6.775,44.27,1,99.3,92.9,1380,188.1,75.2,18.54,-26.133,5.219,4.196,187.0,182.6,70.0,1611,1,-16.4,0.47
4601,390,6.775,44.53,1,99.9,93.0,1384,188.2,75.4,18.73,-26.133,5.219,4.196,187.0,183.1,70.0,1611,1,-16.4,0.47
4602,391,6.775,44.28,1,100.2,93.0,1388,188.2,75.4,18.75,-26.125,5.223,4.196,187.0,183.6,70.0,1611,1,-16.4,0.47
4603,391,6.775,44.22,1,100.29999999999998,93.0,1390,188.2,75.4,18.74,-26.109,5.223,4.196,188.0,184.0,70.0,1611,1,-16.4,0.47
4604,391,6.775,44.25,1,100.29999999999998,93.0,1391,188.0,75.5,18.8,-26.102,5.223,4.197,189.0,184.5,70.0,1611,1,-16.4,0.46
4605,391,6.75,44.09,1,100.29999999999998,93.0,1392,188.0,75.6,18.86,-26.094,5.223,4.196,189.0,185.0,70.0,1611,1,-16.4,0.45
4606,391,6.775,44.25,1,100.29999999999998,93.0,1392,188.1,75.7,18.7,-26.086,5.223,4.196,190.0,185.5,70.0,1611,1,-16.4,0.47
4607,391,6.775,44.74,1,100.2,93.0,1393,188.1,75.6,18.8,-26.078,5.223,4.196,190.0,186.0,70.0,1611,1,-16.4,0.46
4608,391,6.775,44.46,1,100.2,93.0,1393,188.0,75.7,18.79,-26.078,5.223,4.196,190.0,186.5,70.0,1611,1,-16.4,0.46
4609,391,6.775,43.97,1,100.29999999999998,93.0,1393,188.0,75.7,18.79,-26.078,5.223,4.196,191.0,187.1,70.0,1611,1,-16.4,0.46
4610,391,6.775,44.12,1,100.29999999999998,93.0,1393,187.9,75.7,18.77,-26.078,5.223,4.196,192.0,187.6,70.0,1611,1,-16.4,0.46
4611,391,6.775,44.56,1,100.29999999999998,93.0,1393,187.9,75.7,18.76,-26.078,5.223,4.196,193.0,188.1,70.0,1611,1,-16.4,0.47
4612,391,6.75,44.5,1,100.29999999999998,93.0,1393,187.8,75.9,18.77,-26.078,5.223,4.196,193.0,188.6,70.0,1611,1,-16.4,0.46
4613,391,6.775,44.12,1,100.2,93.0,1393,187.8,75.6,18.79,-26.078,5.223,4.197,193.0,189.1,70.0,1611,1,-16.4,0.46
4614,391,6.775,44.49,1,100.2,92.9,1393,187.8,75.5,18.71,-26.078,5.223,4.196,194.0,189.6,70.0,1611,1,-16.4,0.47
4615,391,6.775,44.49,1,100.29999999999998,93.0,1393,187.7,75.6,18.77,-26.086,5.223,4.196,194.0,190.1,70.0,1611,1,-16.4,0.47
4616,391,6.775,44.53,1,100.29999999999998,93.0,1392,187.7,75.7,18.76,-26.086,5.223,4.196,195.0,190.6,70.0,1611,1,-16.4,0.46
4617,391,6.775,44.55,1,100.29999999999998,93.0,1393,187.7,75.7,18.78,-26.086,5.223,4.196,196.0,191.1,70.0,1611,1,-16.4,0.46
4618,391,6.775,44.13,1,100.29999999999998,93.0,1392,187.7,75.5,18.72,-26.086,5.223,4.196,196.0,191.6,70.0,1611,1,-16.4,0.46
4619,391,6.75,44.47,1,100.29999999999998,93.0,1392,187.6,75.6,18.78,-26.086,5.223,4.196,197.0,192.1,70.0,1611,1,-16.4,0.47
4620,391,6.75,44.26,1,100.29999999999998,93.0,1392,187.5,75.5,18.77,-26.086,5.223,4.196,197.0,192.6,70.0,1611,1,-16.4,0.47
4621,391,6.775,44.1,1,100.29999999999998,93.0,1392,187.6,75.5,18.73,-26.078,5.227,4.196,197.0,193.1,70.0,1611,1,-16.4,0.47
4622,391,6.775,44.34,1,100.29999999999998,93.0,1392,187.7,75.5,18.75,-26.078,5.223,4.196,198.0,193.5,70.0,1611,1,-16.4,0.47
4623,391,6.775,44.73,1,100.29999999999998,93.0,1392,187.6,75.6,18.83,-26.086,5.223,4.196,199.0,194.0,70.0,1610,1,-16.4,0.48
4624,391,6.775,44.37,1,100.29999999999998,93.0,1392,187.6,75.6,18.74,-26.094,5.223,4.196,199.0,194.4,70.0,1610,1,-16.4,0.46
4625,391,6.775,44.23,1,100.29999999999998,93.0,1393,187.6,75.6,18.72,-26.102,5.223,4.196,199.0,194.9,70.0,1610,1,-16.4,0.47
4626,391,6.775,44.23,1,100.29999999999998,93.0,1394,187.5,75.5,18.9,-26.102,5.223,4.196,200.0,195.3,70.0,1610,1,-16.4,0.47
4627,391,6.775,44.26,1,100.4,93.10000000000001,1394,187.5,75.6,19.54,-26.094,5.223,4.196,201.0,195.7,70.0,1610,1,-16.4,0.47
4628,391,6.775,44.37,1,100.8,93.2,1396,187.4,75.6,19.68,-26.094,5.223,4.196,202.0,196.1,70.0,1610,1,-16.4,0.47
4629,391,6.775,44.73,1,100.89999999999999,93.2,1397,187.5,75.9,19.66,-26.094,5.223,4.196,203.0,196.5,70.0,1610,1,-16.4,0.47
4630,391,6.775,44.27,1,100.89999999999999,93.2,1397,187.4,75.7,19.7,-26.086,5.223,4.196,203.0,196.9,70.0,1610,1,-16.4,0.47
4631,391,6.775,44.6,1,100.89999999999999,93.10000000000001,1397,187.4,75.7,19.61,-26.094,5.223,4.196,203.0,197.3,70.0,1610,1,-16.4,0.47
4632,391,6.775,44.48,1,101.0,93.2,1398,187.5,75.7,20.35,-26.086,5.219,4.196,203.0,197.6,70.0,1610,1,-16.4,0.47
4633,391,6.775,44.63,1,101.4,93.4,1399,187.5,75.7,21.34,-26.086,5.219,4.197,203.0,198.0,70.0,1610,1,-16.4,0.47
4634,391,6.75,44.15,1,101.69999999999999,93.4,1402,187.4,75.8,21.56,-26.07,5.219,4.196,203.0,198.4,70.0,1610,1,-16.4,0.47
4635,391,6.75,44.43,1,101.8,93.4,1403,187.3,75.8,21.63,-26.062,5.219,4.196,203.0,198.7,70.0,1610,1,-16.4,0.46
4636,392,6.75,44.7,1,101.8,93.4,1403,187.3,75.9,21.64,-26.055,5.219,4.196,203.0,199.1,70.0,1610,1,-16.4,0.47
4637,392,6.75,44.71,1,101.8,93.4,1404,187.2,75.9,21.62,-26.055,5.219,4.196,203.0,199.4,70.0,1610,1,-16.4,0.47
4638,392,6.75,44.23,1,101.89999999999999,93.4,1404,187.2,76.0,21.62,-26.055,5.219,4.196,205.0,199.7,70.0,1610,1,-16.4,0.47
4639,392,6.775,44.74,1,101.8,93.5,1404,187.2,75.8,21.56,-26.039,5.219,4.196,205.0,200.0,70.0,1610,1,-16.4,0.47
4640,392,6.775,44.3,1,101.89999999999999,93.4,1404,187.0,75.7,21.6,-26.039,5.219,4.196,205.0,200.4,70.0,1610,1,-16.3,0.47
4641,392,6.775,44.65,1,101.8,93.4,1405,186.9,75.7,20.75,-26.031,5.219,4.196,205.0,200.7,70.0,1610,1,-16.4,0.47
4642,392,6.75,44.37,1,101.69999999999999,93.4,1405,186.8,75.8,20.5,-26.023,5.223,4.196,205.0,201.0,70.0,1610,1,-16.4,0.46
4643,392,6.775,44.58,1,101.6,93.4,1404,186.7,75.7,20.34,-26.023,5.223,4.196,205.0,201.3,70.0,1610,1,-16.4,0.47
4644,392,6.775,44.32,1,101.4,93.30000000000001,1404,186.7,75.7,20.03,-26.023,5.223,4.196,206.0,201.6,70.0,1610,1,-16.4,0.46
4645,392,6.775,44.29,1,101.2,93.30000000000001,1403,186.6,75.8,20.01,-26.023,5.223,4.196,206.0,201.9,70.0,1610,1,-16.4,0.46
4646,392,6.775,44.63,1,101.2,93.2,1402,186.6,75.8,20.01,-26.023,5.219,4.196,207.0,202.2,70.0,1610,1,-16.4,0.46
4647,392,6.775,44.46,1,101.2,93.30000000000001,1402,186.6,75.8,20.02,-26.016,5.219,4.196,207.0,202.5,70.0,1610,1,-16.4,0.46
4648,392,6.775,44.34,1,101.2,93.30000000000001,1402,186.7,75.8,20.0,-26.016,5.219,4.196,207.0,202.7,70.0,1609,1,-16.4,0.46
4649,392,6.775,44.13,1,101.2,93.30000000000001,1402,186.7,75.7,20.04,-26.016,5.219,4.196,207.0,203.0,71.0,1609,1,-16.4,0.46
4650,392,6.775,44.27,1,101.2,93.30000000000001,1402,186.7,75.7,19.98,-26.008,5.219,4.196,208.0,203.3,70.0,1609,1,-16.4,0.46
4651,392,6.775,44.12,1,101.1,93.30000000000001,1402,186.7,75.7,20.09,-26.008,5.219,4.196,208.0,203.5,71.0,1609,1,-16.4,0.46
4652,393,6.775,44.21,1,101.29999999999998,93.30000000000001,1401,186.7,75.8,20.44,-26.008,5.219,4.196,208.0,203.7,70.0,1609,1,-16.4,0.46
4653,393,6.775,44.72,1,101.4,93.4,1402,186.8,75.8,20.46,-26.008,5.223,4.196,208.0,203.9,71.0,1609,1,-16.4,0.46
4654,393,6.775,44.6,1,101.49999999999999,93.4,1402,186.8,75.8,20.53,-26.0,5.223,4.196,208.0,204.1,70.0,1609,1,-16.4,0.47
4655,393,6.75,44.13,1,101.49999999999999,93.4,1403,186.9,75.9,20.52,-25.992,5.223,4.196,208.0,204.3,71.0,1609,1,-16.4,0.47
4656,393,6.775,44.2,1,101.49999999999999,93.30000000000001,1403,186.9,75.8,20.52,-25.977,5.223,4.196,208.0,204.5,71.0,1609,1,-16.4,0.47
4657,393,6.775,44.66,1,101.49999999999999,93.30000000000001,1403,186.9,75.9,20.5,-25.969,5.223,4.196,208.0,204.7,71.0,1609,1,-16.4,0.47
4658,393,6.775,44.54,1,101.49999999999999,93.4,1404,186.8,75.7,20.51,-25.953,5.223,4.196,208.0,204.9,70.0,1609,1,-16.4,0.46
4659,393,6.775,44.42,1,101.49999999999999,93.30000000000001,1405,186.9,75.9,20.52,-25.953,5.223,4.196,208.0,205.1,70.0,1609,1,-16.4,0.46
4660,393,6.775,44.22,1,101.49999999999999,93.4,1405,186.9,75.9,20.52,-25.938,5.227,4.196,208.0,205.2,71.0,1609,1,-16.4,0.46
4661,393,6.775,44.15,1,101.49999999999999,93.4,1405,186.8,75.8,20.49,-25.93,5.227,4.196,210.0,205.4,71.0,1609,1,-16.4,0.46
4662,393,6.775,44.72,1,101.49999999999999,93.4,1405,186.8,75.9,20.61,-25.922,5.227,4.196,210.0,205.7,71.0,1609,1,-16.4,0.46
4663,393,6.775,44.67,1,101.49999999999999,93.4,1405,186.7,75.9,20.5,-25.906,5.223,4.196,210.0,205.8,71.0,1609,1,-16.4,0.46
4664,393,6.775,44.3,1,101.49999999999999,93.4,1404,186.8,75.9,20.48,-25.891,5.223,4.196,210.0,206.0,71.0,1609,1,-16.4,0.46
4665,393,6.775,44.18,1,101.49999999999999,93.30000000000001,1404,186.8,76.0,20.48,-25.883,5.223,4.196,210.0,206.1,71.0,1609,1,-16.4,0.46
4666,393,6.775,44.35,1,101.49999999999999,93.4,1404,186.8,76.0,20.56,-25.867,5.223,4.197,210.0,206.3,71.0,1609,1,-16.4,0.45
4667,393,6.775,44.81,1,101.49999999999999,93.4,1404,186.9,76.0,20.56,-25.859,5.223,4.196,210.0,206.4,71.0,1609,1,-16.4,0.45
4668,393,6.775,44.18,1,101.49999999999999,93.4,1404,187.0,76.1,20.54,-25.859,5.223,4.196,211.0,206.5,71.0,1609,1,-16.4,0.46
4669,394,6.775,44.11,1,101.49999999999999,93.4,1404,187.0,76.0,20.47,-25.852,5.223,4.196,211.0,206.5,71.0,1609,1,-16.4,0.46
4670,394,6.775,44.17,1,101.4,93.4,1404,187.0,75.8,20.54,-25.836,5.223,4.196,211.0,206.5,71.0,1609,1,-16.4,0.46
4671,394,6.75,44.53,1,101.49999999999999,93.4,1404,187.0,75.9,20.54,-25.828,5.223,4.196,210.0,206.4,71.0,1609,1,-16.4,0.47
4672,394,6.75,44.61,1,101.49999999999999,93.4,1404,187.0,75.7,20.5,-25.82,5.223,4.196,210.0,206.3,71.0,1609,1,-16.4,0.46
4673,394,6.775,44.23,1,101.4,93.4,1404,187.0,75.9,20.51,-25.812,5.223,4.196,210.0,206.2,71.0,1609,1,-16.4,0.47
4674,394,6.775,44.16,1,101.4,93.4,1404,187.1,76.0,20.52,-25.805,5.223,4.196,210.0,206.1,71.0,1609,1,-16.4,0.46
4675,394,6.775,44.45,1,101.4,93.30000000000001,1404,187.1,75.8,20.48,-25.797,5.223,4.196,209.0,205.9,71.0,1609,1,-16.4,0.47
4676,394,6.775,44.74,1,101.4,93.4,1404,187.1,76.0,20.49,-25.789,5.223,4.196,209.0,205.8,71.0,1608,1,-16.4,0.47
4677,394,6.775,44.71,1,101.4,93.4,1404,187.1,75.9,20.53,-25.781,5.223,4.196,208.0,205.6,71.0,1608,1,-16.4,0.46
4678,394,6.775,44.52,1,101.4,93.4,1404,187.1,75.8,20.54,-25.781,5.227,4.196,208.0,205.5,71.0,1608,1,-16.4,0.45
4679,394,6.775,44.41,1,101.4,93.4,1405,187.1,76.0,20.5,-25.766,5.227,4.196,208.0,205.3,71.0,1608,1,-16.4,0.45
4680,394,6.775,44.51,1,101.4,93.4,1405,187.0,75.8,20.49,-25.758,5.227,4.196,208.0,205.0,71.0,1608,1,-16.4,0.45
4681,394,6.775,44.6,1,101.4,93.4,1405,187.1,75.9,20.48,-25.75,5.227,4.196,208.0,204.8,71.0,1608,1,-16.4,0.47
4682,394,6.775,44.15,1,101.4,93.4,1405,187.1,75.8,20.49,-25.742,5.227,4.196,208.0,204.6,71.0,1608,1,-16.4,0.46
4683,394,6.775,44.48,1,101.29999999999998,93.30000000000001,1404,187.2,75.7,19.59,-25.742,5.227,4.196,208.0,204.4,71.0,1608,1,-16.4,0.46
4684,394,6.775,44.19,1,100.69999999999999,93.10000000000001,1402,187.1,75.6,18.91,-25.734,5.23,4.196,207.0,204.2,71.0,1608,1,-16.4,0.46
4685,394,6.775,44.12,1,100.29999999999998,93.0,1400,187.1,75.5,18.78,-25.734,5.227,4.196,207.0,203.9,71.0,1608,1,-16.4,0.45
4686,394,6.775,44.45,1,100.2,93.10000000000001,1398,187.2,75.4,18.99,-25.727,5.23,4.196,207.0,203.7,71.0,1608,1,-16.4,0.45
4687,394,6.775,44.28,1,100.1,93.0,1397,187.2,75.5,17.97,-25.727,5.23,4.196,207.0,203.4,71.0,1608,1,-16.4,0.46
4688,394,6.775,44.47,1,99.5,92.80000000000001,1395,187.2,75.5,16.89,-25.727,5.234,4.196,206.0,203.1,71.0,1608,1,-16.4,0.45
4689,394,6.775,44.0,1,98.8,92.60000000000001,1390,187.3,75.3,15.81,-25.734,5.234,4.196,205.0,202.8,71.0,1608,1,-16.4,0.46
4690,394,6.775,43.88,1,98.0,92.2,1383,187.4,74.9,14.96,-25.734,5.238,4.196,205.0,202.5,71.0,1608,1,-16.4,0.44
4691,394,6.775,44.25,1,97.5,92.0,1377,187.5,74.6,14.9,-25.742,5.234,4.196,205.0,202.3,71.0,1608,1,-16.4,0.45
4692,394,6.775,43.91,1,97.3,92.0,1371,187.7,74.5,14.93,-25.742,5.234,4.196,205.0,202.0,71.0,1608,1,-16.4,0.45
4693,394,6.775,44.09,1,97.2,92.0,1367,187.9,74.6,14.97,-25.75,5.23,4.196,205.0,201.7,71.0,1608,1,-16.4,0.47
4694,393,6.775,44.33,1,97.39999999999999,92.10000000000001,1364,188.0,74.5,15.88,-25.75,5.23,4.196,204.0,201.4,71.0,1608,1,-16.4,0.46
4695,393,6.775,43.85,1,97.8,92.30000000000001,1365,188.2,74.7,16.31,-25.758,5.23,4.196,204.0,201.1,71.0,1608,1,-16.4,0.46
4696,393,6.75,44.12,1,98.1,92.4,1368,188.3,74.7,16.43,-25.75,5.23,4.196,203.0,200.9,71.0,1608,1,-16.4,0.47
4697,393,6.775,44.47,1,98.3,92.5,1371,188.5,75.0,16.44,-25.742,5.23,4.196,203.0,200.6,71.0,1608,1,-16.4,0.46
4698,393,6.775,44.26,1,98.3,92.5,1372,188.6,75.0,16.89,-25.742,5.23,4.196,203.0,200.4,71.0,1608,1,-16.4,0.47
4699,393,6.775,43.92,1,98.7,92.7,1374,188.7,75.0,17.97,-25.734,5.227,4.196,203.0,200.1,71.0,1608,1,-16.4,0.48
4700,393,6.775,44.03,1,99.4,93.0,1378,188.7,75.3,18.34,-25.719,5.227,4.196,203.0,199.9,71.0,1608,1,-16.4,0.46
4701,393,6.775,44.18,1,99.7,93.0,1383,188.8,75.4,18.46,-25.711,5.23,4.196,203.0,199.6,71.0,1608,1,-16.4,0.47
4702,393,6.75,44.08,1,99.8,93.0,1386,189.0,75.6,18.26,-25.703,5.23,4.196,203.0,199.4,71.0,1608,1,-16.4,0.46
4703,393,6.75,44.44,1,99.6,92.9,1387,189.0,75.5,17.35,-25.695,5.23,4.196,203.0,199.1,71.0,1608,1,-16.4,0.46
4704,393,6.775,43.9,1,99.1,92.60000000000001,1385,189.0,75.5,16.87,-25.703,5.23,4.196,203.0,198.9,71.0,1608,1,-16.4,0.47
4705,393,6.775,44.18,1,98.8,92.60000000000001,1383,189.0,75.2,16.79,-25.711,5.227,4.196,203.0,198.8,71.0,1607,1,-16.4,0.46
4706,393,6.775,44.35,1,98.6,92.60000000000001,1381,189.0,75.2,16.8,-25.719,5.227,4.196,203.0,198.5,71.0,1607,1,-16.4,0.45
4707,393,6.775,44.31,1,98.6,92.60000000000001,1379,189.0,75.0,16.81,-25.727,5.223,4.196,201.0,198.3,71.0,1607,1,-16.4,0.46
4708,393,6.775,43.89,1,98.6,92.60000000000001,1379,189.0,75.1,16.81,-25.734,5.227,4.196,201.0,198.1,71.0,1607,1,-16.4,0.46
4709,392,6.775,44.26,1,98.6,92.60000000000001,1379,189.0,75.0,16.79,-25.742,5.227,4.196,201.0,197.9,71.0,1607,1,-16.4,0.46
4710,392,6.775,44.33,1,98.6,92.60000000000001,1378,188.9,75.2,16.76,-25.75,5.227,4.196,200.0,197.7,71.0,1607,1,-16.4,0.45
4711,392,6.775,44.34,1,98.6,92.60000000000001,1378,188.9,75.1,16.79,-25.75,5.227,4.196,200.0,197.5,71.0,1607,1,-16.4,0.45
4712,392,6.775,44.33,1,98.6,92.60000000000001,1378,189.0,75.1,16.8,-25.758,5.227,4.196,200.0,197.3,71.0,1607,1,-16.4,0.46
4713,392,6.75,44.34,1,98.6,92.60000000000001,1378,189.0,75.2,16.77,-25.766,5.227,4.196,199.0,197.1,71.0,1607,1,-16.4,0.47
4714,392,6.75,44.25,1,98.5,92.5,1378,189.1,75.3,15.86,-25.773,5.227,4.196,199.0,196.9,71.0,1607,1,-16.4,0.46
4715,392,6.775,43.82,1,98.0,92.2,1375,189.2,74.9,15.35,-25.781,5.23,4.196,199.0,196.8,71.0,1607,1,-16.4,0.46
4716,392,6.775,43.95,1,97.7,92.10000000000001,1371,189.2,74.7,15.36,-25.789,5.23,4.196,199.0,196.6,71.0,1607,1,-16.4,0.47
4717,392,6.775,44.39,1,97.6,92.10000000000001,1368,189.2,74.7,15.27,-25.797,5.23,4.196,199.0,196.4,71.0,1607,1,-16.4,0.45
4718,392,6.775,43.86,1,97.5,92.0,1365,189.2,74.6,14.69,-25.812,5.23,4.196,199.0,196.3,71.0,1607,1,-16.4,0.46
4719,392,6.775,44.17,1,97.1,91.8,1362,189.3,74.5,14.29,-25.82,5.23,4.196,198.0,196.1,71.0,1607,1,-16.4,0.46
4720,391,6.75,44.06,1,96.89999999999999,91.8,1358,189.4,74.5,14.24,-25.828,5.23,4.196,198.0,195.9,71.0,1607,1,-16.4,0.46
4721,391,6.775,44.0,1,96.8,91.7,1355,189.4,74.3,14.25,-25.836,5.23,4.196,198.0,195.7,71.0,1607,1,-16.4,0.45
4722,391,6.775,43.94,1,96.8,91.7,1353,189.5,74.5,14.27,-25.852,5.23,4.196,198.0,195.6,71.0,1607,1,-16.4,0.45
4723,391,6.775,44.02,1,96.7,91.7,1352,189.5,74.3,14.23,-25.859,5.234,4.196,198.0,195.4,71.0,1607,1,-16.4,0.46
4724,391,6.775,44.12,1,96.8,91.7,1351,189.6,74.4,14.23,-25.875,5.234,4.196,198.0,195.3,71.0,1607,1,-16.4,0.47
4725,390,6.775,44.17,1,96.8,91.7,1350,189.8,74.4,14.22,-25.891,5.234,4.196,197.0,195.2,71.0,1607,1,-16.4,0.46
4726,390,6.775,44.18,1,96.8,91.7,1349,189.8,74.4,13.94,-25.914,5.234,4.196,197.0,195.0,71.0,1607,1,-16.4,0.47
4727,390,6.775,44.2,1,96.6,91.60000000000001,1348,189.9,74.2,13.73,-25.93,5.234,4.196,197.0,194.9,71.0,1607,1,-16.4,0.47
4728,390,6.775,44.17,1,96.5,91.60000000000001,1347,190.0,74.2,13.75,-25.945,5.234,4.196,197.0,194.7,71.0,1607,1,-16.4,0.46
4729,390,6.775,44.18,1,96.5,91.5,1346,190.1,74.3,13.76,-25.969,5.234,4.196,197.0,194.6,71.0,1607,1,-16.4,0.46
4730,390,6.775,44.11,1,96.5,91.5,1344,190.2,74.3,13.2,-25.992,5.234,4.196,197.0,194.4,71.0,1607,1,-16.4,0.46
4731,389,6.775,44.11,1,96.1,91.3,1343,190.3,74.2,12.99,-26.016,5.234,4.196,197.0,194.3,71.0,1607,1,-16.4,0.46
4732,389,6.775,44.13,1,96.0,91.3,1340,190.3,74.2,12.89,-26.047,5.234,4.196,196.0,194.1,71.0,1607,1,-16.4,0.46
4733,389,6.775,43.89,1,95.89999999999999,91.3,1338,190.4,74.0,12.98,-26.07,5.234,4.196,197.0,194.0,71.0,1607,1,-16.4,0.46
4734,389,6.775,44.03,1,95.89999999999999,91.3,1337,190.4,74.0,12.98,-26.102,5.234,4.196,196.0,193.8,71.0,1607,1,-16.4,0.46
4735,388,6.775,44.11,1,95.89999999999999,91.2,1336,190.4,74.1,12.38,-26.125,5.234,4.196,196.0,193.7,71.0,1607,1,-16.4,0.46
4736,388,6.775,44.05,1,95.5,91.0,1334,190.4,73.9,12.13,-26.156,5.234,4.196,196.0,193.6,71.0,1607,1,-16.4,0.45
4737,388,6.75,44.01,1,95.39999999999999,91.0,1331,190.5,73.9,12.12,-26.188,5.234,4.196,196.0,193.4,71.0,1607,1,-16.4,0.45
4738,387,6.75,44.07,1,95.3,91.0,1328,190.5,73.8,12.11,-26.211,5.23,4.196,196.0,193.3,71.0,1606,1,-16.4,0.46
4739,387,6.775,44.08,1,95.3,91.0,1327,190.5,73.8,12.13,-26.242,5.23,4.196,196.0,193.2,71.0,1606,1,-16.4,0.46
4740,387,6.775,44.06,1,95.3,91.0,1326,190.6,73.9,12.21,-26.266,5.23,4.196,196.0,193.0,71.0,1606,1,-16.4,0.46
4741,386,6.775,44.09,1,95.5,91.10000000000001,1326,190.6,73.9,13.35,-26.289,5.227,4.196,195.0,192.9,71.0,1606,1,-16.4,0.46
4742,386,6.75,44.24,1,96.2,91.5,1329,190.6,74.0,14.6,-26.32,5.227,4.196,195.0,192.8,71.0,1606,1,-16.4,0.45
4743,386,6.75,44.22,1,97.1,91.9,1335,190.6,74.4,15.67,-26.336,5.223,4.196,195.0,192.6,71.0,1606,1,-16.4,0.45
4744,386,6.775,44.3,1,97.89999999999999,92.30000000000001,1344,190.6,74.9,16.64,-26.352,5.223,4.196,195.0,192.5,71.0,1606,1,-16.4,0.46
4745,386,6.775,44.38,1,98.6,92.5,1354,190.6,75.1,16.8,-26.359,5.219,4.196,195.0,192.4,71.0,1606,1,-16.4,0.45
4746,386,6.775,44.33,1,98.9,92.60000000000001,1361,190.5,75.2,16.84,-26.367,5.219,4.196,195.0,192.3,71.0,1606,1,-16.4,0.45
4747,386,6.75,44.44,1,99.0,92.60000000000001,1365,190.4,75.3,17.02,-26.383,5.219,4.196,195.0,192.2,71.0,1606,1,-16.4,0.46
4748,386,6.75,44.4,1,99.1,92.60000000000001,1368,190.4,75.5,17.07,-26.398,5.219,4.196,194.0,192.1,71.0,1606,1,-16.4,0.46
4749,386,6.775,44.31,1,99.2,92.7,1371,190.4,75.3,17.18,-26.406,5.219,4.196,195.0,192.0,71.0,1606,1,-16.4,0.46
4750,386,6.775,44.44,1,99.4,92.80000000000001,1373,190.2,75.4,17.68,-26.422,5.219,4.196,194.0,191.9,71.0,1606,1,-16.4,0.46
4751,386,6.775,44.43,1,99.6,92.80000000000001,1375,190.1,75.5,17.75,-26.438,5.219,4.196,194.0,191.8,71.0,1606,1,-16.4,0.46
4752,386,6.75,44.45,1,99.7,92.80000000000001,1378,189.9,75.4,17.8,-26.445,5.219,4.196,194.0,191.7,71.0,1606,1,-16.4,0.47
4753,386,6.75,44.44,1,99.8,92.9,1379,189.7,75.5,18.48,-26.461,5.219,4.196,194.0,191.6,71.0,1606,1,-16.4,0.45
4754,386,6.775,44.49,1,100.1,92.9,1382,189.5,75.6,18.62,-26.461,5.219,4.196,194.0,191.5,71.0,1606,1,-16.4,0.46
4755,386,6.775,44.49,1,100.29999999999998,93.0,1384,189.4,75.8,18.69,-26.469,5.215,4.196,194.0,191.5,71.0,1606,1,-16.4,0.46
4756,386,6.775,44.53,1,100.4,93.0,1386,189.1,75.7,19.0,-26.469,5.215,4.196,194.0,191.4,71.0,1606,1,-16.4,0.46
4757,386,6.775,44.47,1,100.69999999999999,93.10000000000001,1387,188.9,75.5,20.02,-26.469,5.215,4.196,194.0,191.3,71.0,1606,1,-16.4,0.47
4758,386,6.775,44.54,1,101.29999999999998,93.30000000000001,1391,188.7,75.8,20.37,-26.453,5.215,4.196,194.0,191.3,71.0,1606,1,-16.4,0.47
4759,386,6.75,44.58,1,101.49999999999999,93.30000000000001,1394,188.5,75.8,20.34,-26.438,5.211,4.196,194.0,191.2,71.0,1606,1,-16.4,0.47
4760,386,6.75,44.57,1,101.69999999999999,93.30000000000001,1397,188.3,75.9,21.09,-26.43,5.211,4.196,194.0,191.2,71.0,1606,1,-16.4,0.47
4761,386,6.75,44.52,1,101.89999999999999,93.4,1399,188.2,76.0,21.84,-26.406,5.211,4.196,194.0,191.3,71.0,1606,1,-16.4,0.46
4762,386,6.775,44.61,1,102.0,93.4,1401,187.9,75.9,22.41,-26.398,5.211,4.196,194.0,191.4,71.0,1606,1,-16.4,0.47
4763,386,6.775,44.65,1,102.0,93.4,1402,187.9,75.9,22.58,-26.383,5.211,4.196,194.0,191.5,71.0,1606,1,-16.4,0.48
4764,386,6.775,44.62,1,102.0,93.4,1403,187.7,76.0,22.6,-26.367,5.211,4.196,194.0,191.6,71.0,1606,1,-16.4,0.46
4765,386,6.775,44.62,1,102.0,93.4,1403,187.6,76.0,21.93,-26.352,5.211,4.196,194.0,191.7,71.0,1606,1,-16.4,0.47
4766,386,6.75,44.64,1,102.0,93.4,1403,187.5,76.0,21.69,-26.344,5.211,4.196,194.0,191.9,71.0,1606,1,-16.4,0.47
4767,387,6.775,44.56,1,102.0,93.4,1404,187.3,75.9,21.67,-26.336,5.211,4.196,195.0,192.1,71.0,1606,1,-16.4,0.47
4768,387,6.775,44.54,1,102.0,93.4,1404,187.2,75.8,21.64,-26.32,5.211,4.196,195.0,192.3,71.0,1606,1,-16.4,0.46
4769,387,6.775,44.52,1,102.0,93.4,1404,187.1,76.0,21.62,-26.312,5.211,4.196,196.0,192.5,71.0,1606,1,-16.4,0.47
4770,387,6.775,44.67,1,102.0,93.4,1405,187.0,76.0,21.66,-26.297,5.211,4.196,196.0,192.7,71.0,1606,1,-16.4,0.47
4771,387,6.775,44.56,1,102.0,93.4,1406,186.9,75.9,21.7,-26.289,5.211,4.196,196.0,193.0,71.0,1606,1,-16.4,0.47
4772,387,6.775,44.68,1,102.0,93.4,1406,186.7,75.8,21.36,-26.273,5.211,4.196,196.0,193.3,71.0,1606,1,-16.4,0.47
4773,387,6.775,44.55,1,102.0,93.4,1406,186.7,75.9,21.34,-26.258,5.211,4.196,196.0,193.5,71.0,1606,1,-16.4,0.47
4774,387,6.775,44.51,1,101.89999999999999,93.4,1406,186.6,76.1,21.31,-26.242,5.211,4.196,197.0,193.9,71.0,1606,1,-16.4,0.46
4775,387,6.775,44.43,1,101.89999999999999,93.4,1406,186.5,75.9,21.27,-26.227,5.215,4.196,197.0,194.2,71.0,1605,1,-16.4,0.47
4776,388,6.775,44.35,1,101.89999999999999,93.4,1406,186.5,75.9,20.9,-26.211,5.215,4.196,198.0,194.5,71.0,1605,1,-16.4,0.47
4777,388,6.775,44.76,1,101.8,93.30000000000001,1406,186.4,75.8,20.56,-26.195,5.215,4.196,198.0,194.8,71.0,1605,1,-16.4,0.45
4778,388,6.775,44.33,1,101.69999999999999,93.30000000000001,1406,186.4,75.8,20.5,-26.188,5.215,4.196,198.0,195.2,71.0,1605,1,-16.4,0.46
4779,388,6.775,44.49,1,101.6,93.4,1405,186.3,75.7,20.46,-26.18,5.215,4.196,199.0,195.5,71.0,1605,1,-16.4,0.46
4780,388,6.775,44.66,1,101.6,93.30000000000001,1404,186.4,75.8,20.48,-26.172,5.215,4.196,199.0,195.9,71.0,1605,1,-16.4,0.46
4781,388,6.775,44.26,1,101.6,93.4,1405,186.3,75.7,20.43,-26.156,5.215,4.196,199.0,196.2,71.0,1605,1,-16.4,0.45
4782,388,6.775,44.29,1,101.49999999999999,93.30000000000001,1406,186.3,75.7,20.47,-26.148,5.219,4.196,200.0,196.6,71.0,1605,1,-16.4,0.45
4783,388,6.775,44.21,1,101.6,93.30000000000001,1406,186.2,75.8,20.53,-26.141,5.219,4.196,200.0,196.9,71.0,1605,1,-16.4,0.47
4784,388,6.775,44.52,1,101.6,93.30000000000001,1405,186.3,75.8,20.52,-26.125,5.219,4.196,201.0,197.1,71.0,1605,1,-16.4,0.47
4785,388,6.775,44.37,1,101.6,93.30000000000001,1405,186.2,75.7,20.48,-26.109,5.219,4.196,202.0,197.4,71.0,1605,1,-16.4,0.46
4786,389,6.775,44.27,1,101.6,93.30000000000001,1405,186.2,75.7,20.5,-26.094,5.219,4.196,202.0,197.6,71.0,1605,1,-16.4,0.46
4787,389,6.775,44.1,1,101.6,93.4,1404,186.2,75.8,20.55,-26.078,5.219,4.196,203.0,197.8,71.0,1605,1,-16.4,0.46
4788,389,6.775,44.16,1,101.6,93.4,1404,186.2,75.8,20.48,-26.062,5.219,4.196,203.0,198.0,71.0,1605,1,-16.4,0.47
4789,389,6.775,44.86,1,101.6,93.4,1404,186.2,75.8,20.51,-26.047,5.219,4.196,203.0,198.1,71.0,1605,1,-16.4,0.46
4790,389,6.775,44.23,1,101.6,93.4,1404,186.2,75.8,20.53,-26.031,5.219,4.196,203.0,198.3,71.0,1605,1,-16.4,0.46
4791,389,6.775,44.39,1,101.49999999999999,93.30000000000001,1404,186.2,75.8,20.48,-26.016,5.223,4.196,203.0,198.4,71.0,1605,1,-16.4,0.46
4792,389,6.775,44.15,1,101.49999999999999,93.30000000000001,1403,186.3,75.9,20.49,-26.008,5.223,4.196,203.0,198.5,71.0,1605,1,-16.4,0.46
4793,389,6.775,44.17,1,101.49999999999999,93.30000000000001,1403,186.3,76.1,20.48,-26.0,5.223,4.196,203.0,198.5,71.0,1605,1,-16.4,0.47
4794,389,6.775,44.27,1,101.49999999999999,93.30000000000001,1404,186.3,76.0,20.53,-25.992,5.227,4.196,203.0,198.6,71.0,1605,1,-16.4,0.46
4795,390,6.775,44.37,1,101.49999999999999,93.30000000000001,1403,186.3,75.9,19.73,-25.984,5.227,4.196,203.0,198.6,71.0,1605,1,-16.4,0.46
4796,390,6.775,44.2,1,101.0,93.10000000000001,1402,186.3,75.8,19.13,-25.984,5.227,4.196,203.0,198.5,71.0,1605,1,-16.4,0.46
4797,390,6.775,44.55,1,100.69999999999999,93.10000000000001,1399,186.3,75.8,19.3,-25.984,5.227,4.196,203.0,198.5,71.0,1605,1,-16.4,0.47
4798,390,6.775,44.13,1,100.6,93.10000000000001,1398,186.3,75.5,19.18,-25.992,5.227,4.196,203.0,198.4,71.0,1605,1,-16.4,0.46
4799,390,6.775,44.14,1,100.49999999999999,93.10000000000001,1397,186.3,75.6,18.84,-25.992,5.227,4.196,203.0,198.4,71.0,1605,1,-16.4,0.46
4800,390,6.775,44.29,1,100.29999999999998,93.0,1396,186.4,75.5,18.32,-26.0,5.227,4.196,203.0,198.4,71.0,1605,1,-16.4,0.45
4801,390,6.775,44.06,1,100.0,92.9,1395,186.4,75.4,18.3,-26.0,5.227,4.196,203.0,198.3,71.0,1605,1,-16.4,0.45
4802,390,6.775,44.52,1,99.9,93.0,1392,186.6,75.6,18.29,-26.0,5.23,4.196,203.0,198.2,71.0,1605,1,-16.4,0.46
4803,390,6.775,44.56,1,99.9,92.9,1392,186.6,75.6,18.29,-26.0,5.227,4.196,203.0,198.1,71.0,1605,1,-16.5,0.47
4804,390,6.775,44.64,1,99.9,92.9,1392,186.6,75.6,18.32,-25.992,5.227,4.196,202.0,198.0,71.0,1605,1,-16.4,0.47
4805,390,6.775,44.05,1,99.9,92.9,1392,186.7,75.5,18.3,-25.992,5.23,4.196,201.0,197.9,71.0,1605,1,-16.4,0.46
4806,390,6.775,44.25,1,99.9,92.9,1392,186.8,75.4,18.28,-25.984,5.23,4.196,201.0,197.7,71.0,1605,1,-16.4,0.45
4807,390,6.75,43.96,1,99.9,92.9,1391,186.9,75.4,18.29,-25.984,5.23,4.196,201.0,197.5,71.0,1605,1,-16.4,0.47
4808,390,6.775,44.11,1,99.9,92.9,1391,186.9,75.5,18.29,-25.977,5.23,4.196,200.0,197.2,71.0,1605,1,-16.4,0.46
4809,389,6.775,44.54,1,99.9,92.9,1392,186.9,75.5,18.27,-25.969,5.23,4.196,199.0,196.9,71.0,1605,1,-16.4,0.48
4810,389,6.775,44.12,1,99.9,92.9,1392,187.0,75.5,18.27,-25.961,5.227,4.196,199.0,196.6,71.0,1605,1,-16.4,0.47
4811,389,6.775,44.15,1,99.9,93.0,1391,187.1,75.3,18.27,-25.961,5.227,4.196,199.0,196.3,71.0,1605,1,-16.4,0.48
4812,389,6.775,43.96,1,99.8,92.9,1391,187.2,75.4,18.34,-25.953,5.227,4.196,198.0,195.9,71.0,1605,1,-16.4,0.47
4813,389,6.775,44.08,1,99.9,93.0,1391,187.2,75.5,18.3,-25.953,5.227,4.196,198.0,195.6,71.0,1605,1,-16.5,0.47
4814,389,6.75,44.4,1,99.9,92.9,1391,187.2,75.5,18.3,-25.945,5.227,4.196,197.0,195.2,71.0,1604,1,-16.4,0.47
4815,389,6.775,43.89,1,99.9,92.9,1391,187.3,75.5,18.32,-25.938,5.227,4.196,197.0,194.7,71.0,1604,1,-16.5,0.47
4816,389,6.775,44.44,1,99.9,92.9,1391,187.3,75.4,18.29,-25.938,5.227,4.196,196.0,194.3,71.0,1604,1,-16.4,0.47
4817,389,6.775,44.56,1,99.9,93.0,1391,187.4,75.6,18.32,-25.93,5.227,4.196,196.0,193.9,71.0,1604,1,-16.4,0.47
4818,389,6.775,43.99,1,99.8,92.9,1391,187.4,75.5,18.3,-25.93,5.227,4.196,195.0,193.5,71.0,1604,1,-16.5,0.47
4819,389,6.775,44.34,1,99.8,92.9,1390,187.4,75.4,18.25,-25.922,5.227,4.196,195.0,193.0,71.0,1604,1,-16.4,0.47
4820,389,6.75,44.15,1,99.8,92.9,1390,187.4,75.3,18.27,-25.922,5.227,4.196,194.0,192.6,71.0,1604,1,-16.4,0.47
4821,389,6.775,43.84,1,99.8,93.0,1390,187.5,75.5,18.34,-25.922,5.227,4.196,194.0,192.1,71.0,1604,1,-16.4,0.48
4822,389,6.775,44.26,1,99.9,93.0,1390,187.5,75.4,18.27,-25.914,5.227,4.196,193.0,191.6,71.0,1604,1,-16.4,0.47
4823,389,6.775,43.83,1,99.8,92.9,1391,187.6,75.5,18.28,-25.914,5.223,4.196,193.0,191.2,71.0,1604,1,-16.5,0.48
4824,389,6.775,44.41,1,99.9,93.0,1391,187.6,75.4,18.37,-25.906,5.223,4.196,193.0,190.7,71.0,1604,1,-16.4,0.48
4825,389,6.75,44.34,1,99.9,93.0,1391,187.7,75.5,19.04,-25.898,5.223,4.196,192.0,190.3,71.0,1604,1,-16.4,0.47
4826,389,6.775,44.47,1,100.4,93.2,1393,187.7,75.5,19.96,-25.898,5.223,4.196,192.0,189.8,71.0,1604,1,-16.5,0.48
4827,389,6.775,44.62,1,100.89999999999999,93.30000000000001,1396,187.7,75.6,20.12,-25.891,5.219,4.196,191.0,189.4,71.0,1604,1,-16.4,0.47
4828,389,6.775,44.51,1,101.1,93.30000000000001,1398,187.7,75.7,20.14,-25.875,5.219,4.196,190.0,188.9,71.0,1604,1,-16.4,0.47
4829,389,6.775,44.51,1,101.1,93.30000000000001,1400,187.7,75.7,20.17,-25.859,5.219,4.196,190.0,188.5,71.0,1604,1,-16.4,0.47
4830,389,6.75,44.49,1,101.2,93.30000000000001,1400,187.7,75.8,20.23,-25.844,5.219,4.196,190.0,188.1,71.0,1604,1,-16.4,0.47
4831,389,6.75,44.31,1,101.29999999999998,93.30000000000001,1400,187.8,75.9,20.38,-25.836,5.219,4.196,189.0,187.7,71.0,1604,1,-16.5,0.47
4832,389,6.775,44.19,1,101.29999999999998,93.30000000000001,1402,187.7,75.9,20.43,-25.82,5.223,4.196,189.0,187.3,71.0,1604,1,-16.5,0.47
4833,389,6.775,44.07,1,101.29999999999998,93.30000000000001,1402,187.7,75.7,20.39,-25.805,5.223,4.196,189.0,187.0,71.0,1604,1,-16.4,0.48
4834,389,6.775,44.6,1,101.29999999999998,93.4,1402,187.7,75.7,20.39,-25.789,5.223,4.196,188.0,186.7,71.0,1604,1,-16.5,0.47
4835,389,6.775,44.58,1,101.29999999999998,93.30000000000001,1402,187.7,75.7,20.39,-25.781,5.227,4.196,187.0,186.4,71.0,1604,1,-16.5,0.47
4836,389,6.775,44.47,1,101.29999999999998,93.30000000000001,1402,187.5,75.7,20.42,-25.766,5.223,4.196,187.0,186.2,71.0,1604,1,-16.5,0.47
4837,389,6.775,44.35,1,101.29999999999998,93.30000000000001,1402,187.4,75.9,20.41,-25.75,5.227,4.196,187.0,186.0,71.0,1604,1,-16.5,0.48
4838,389,6.775,44.06,1,101.29999999999998,93.30000000000001,1402,187.4,75.9,20.37,-25.742,5.227,4.196,187.0,185.9,71.0,1604,1,-16.5,0.48
4839,389,6.775,44.08,1,101.29999999999998,93.30000000000001,1402,187.3,75.7,20.4,-25.742,5.227,4.196,187.0,185.8,71.0,1604,1,-16.5,0.48
4840,389,6.775,44.47,1,101.29999999999998,93.30000000000001,1402,187.2,75.8,20.38,-25.734,5.227,4.196,187.0,185.7,71.0,1604,1,-16.5,0.47
4841,389,6.775,44.43,1,101.2,93.30000000000001,1402,187.2,75.9,19.88,-25.727,5.227,4.196,187.0,185.6,71.0,1604,1,-16.5,0.47
4842,389,6.775,44.57,1,100.8,93.10000000000001,1401,187.1,75.7,18.79,-25.727,5.23,4.196,187.0,185.6,71.0,1604,1,-16.5,0.47
4843,389,6.775,44.45,1,100.2,92.9,1398,187.1,75.5,18.22,-25.727,5.227,4.196,187.0,185.5,71.0,1604,1,-16.5,0.46
4844,389,6.775,44.32,1,99.8,92.9,1394,187.1,75.4,18.12,-25.727,5.227,4.196,187.0,185.5,71.0,1604,1,-16.4,0.47
4845,389,6.775,44.66,1,99.7,92.9,1393,187.1,75.2,18.13,-25.734,5.227,4.196,187.0,185.5,71.0,1604,1,-16.5,0.46
4846,389,6.775,44.1,1,99.6,92.9,1393,187.1,75.5,18.15,-25.742,5.227,4.196,187.0,185.5,71.0,1604,1,-16.5,0.47
4847,389,6.775,44.59,1,99.6,92.9,1392,187.1,75.4,18.15,-25.75,5.227,4.196,187.0,185.6,71.0,1604,1,-16.5,0.47
4848,389,6.775,43.96,1,99.6,92.9,1392,187.1,75.3,18.17,-25.75,5.227,4.196,187.0,185.7,71.0,1604,1,-16.5,0.47
4849,389,6.775,44.2,1,99.6,92.9,1392,187.1,75.4,18.11,-25.75,5.227,4.196,187.0,185.8,71.0,1604,1,-16.5,0.47
4850,389,6.75,43.96,1,99.6,92.9,1391,187.1,75.4,18.23,-25.75,5.227,4.196,187.0,185.8,71.0,1604,1,-16.5,0.47
4851,389,6.75,44.19,1,99.7,93.0,1391,187.1,75.4,18.15,-25.75,5.227,4.196,187.0,186.0,71.0,1604,1,-16.5,0.47
4852,388,6.775,44.0,1,99.6,92.9,1390,187.2,75.3,18.19,-25.75,5.227,4.196,188.0,186.1,71.0,1604,1,-16.5,0.48
4853,388,6.775,44.06,1,99.8,93.0,1390,187.2,75.5,19.05,-25.75,5.227,4.196,188.0,186.2,71.0,1604,1,-16.5,0.48
4854,388,6.775,44.53,1,100.29999999999998,93.2,1391,187.3,75.6,19.72,-25.75,5.227,4.196,189.0,186.4,71.0,1604,1,-16.5,0.47
4855,388,6.775,44.44,1,100.6,93.2,1394,187.2,75.6,19.79,-25.742,5.227,4.196,189.0,186.5,71.0,1604,1,-16.5,0.48
4856,388,6.775,44.16,1,100.8,93.2,1396,187.2,75.5,19.75,-25.734,5.227,4.196,189.0,186.7,71.0,1604,1,-16.4,0.46
4857,388,6.775,44.34,1,100.8,93.2,1397,187.2,75.6,19.8,-25.719,5.227,4.196,189.0,186.8,71.0,1604,1,-16.5,0.47
4858,388,6.775,44.17,1,100.89999999999999,93.2,1398,187.3,75.7,19.77,-25.711,5.227,4.196,189.0,186.9,71.0,1604,1,-16.5,0.48
4859,388,6.775,44.21,1,100.8,93.2,1398,187.4,75.6,19.75,-25.703,5.223,4.196,190.0,187.1,71.0,1603,1,-16.5,0.48
4860,388,6.775,44.06,1,100.8,93.2,1398,187.3,75.7,19.78,-25.695,5.223,4.196,190.0,187.3,71.0,1603,1,-16.5,0.47
4861,388,6.75,44.38,1,100.8,93.2,1398,187.4,75.6,19.82,-25.695,5.223,4.196,190.0,187.4,71.0,1603,1,-16.5,0.47
4862,388,6.75,44.19,1,100.89999999999999,93.30000000000001,1399,187.3,75.6,20.41,-25.688,5.223,4.196,190.0,187.6,71.0,1603,1,-16.5,0.48
4863,388,6.775,44.21,1,101.2,93.4,1400,187.3,75.7,20.71,-25.688,5.223,4.196,190.0,187.8,71.0,1603,1,-16.5,0.47
4864,388,6.775,44.25,1,101.49999999999999,93.4,1401,187.3,75.8,20.7,-25.672,5.223,4.196,190.0,188.0,71.0,1603,1,-16.5,0.48
4865,388,6.775,44.41,1,101.49999999999999,93.4,1402,187.3,76.0,20.78,-25.656,5.223,4.196,190.0,188.1,71.0,1603,1,-16.5,0.47
4866,388,6.775,44.31,1,101.49999999999999,93.4,1403,187.3,76.0,20.74,-25.648,5.223,4.196,191.0,188.3,71.0,1603,1,-16.5,0.47
4867,388,6.775,44.01,1,101.49999999999999,93.4,1403,187.2,75.8,20.74,-25.641,5.227,4.196,192.0,188.5,71.0,1603,1,-16.4,0.48
4868,388,6.775,44.49,1,101.49999999999999,93.4,1403,187.1,75.9,20.79,-25.641,5.227,4.196,192.0,188.6,71.0,1603,1,-16.5,0.48
4869,388,6.775,44.51,1,101.49999999999999,93.4,1404,187.2,75.8,20.73,-25.625,5.227,4.196,192.0,188.8,71.0,1603,1,-16.5,0.47
4870,388,6.775,44.21,1,101.49999999999999,93.4,1404,187.1,75.7,20.75,-25.625,5.227,4.196,192.0,189.0,71.0,1603,1,-16.5,0.47
4871,388,6.775,44.07,1,101.49999999999999,93.4,1404,187.1,75.8,20.68,-25.617,5.23,4.196,192.0,189.1,71.0,1603,1,-16.5,0.48
4872,388,6.775,44.52,1,101.29999999999998,93.30000000000001,1404,187.1,75.7,19.67,-25.617,5.23,4.196,193.0,189.3,71.0,1603,1,-16.5,0.48
4873,388,6.775,44.59,1,100.69999999999999,93.10000000000001,1402,187.1,75.5,18.47,-25.617,5.23,4.196,192.0,189.4,71.0,1603,1,-16.5,0.48
4874,388,6.775,44.55,1,100.0,92.9,1399,187.1,75.5,18.02,-25.617,5.23,4.196,193.0,189.6,71.0,1603,1,-16.5,0.48
4875,388,6.775,44.44,1,99.6,92.9,1394,187.1,75.3,17.91,-25.625,5.23,4.196,193.0,189.8,71.0,1603,1,-16.5,0.47
4876,388,6.775,44.33,1,99.5,92.9,1392,187.0,75.2,17.95,-25.633,5.23,4.196,193.0,189.9,71.0,1603,1,-16.5,0.48
4877,388,6.775,44.63,1,99.4,92.9,1391,187.0,75.3,17.94,-25.641,5.23,4.196,193.0,190.1,71.0,1603,1,-16.5,0.47
4878,388,6.775,44.49,1,99.4,92.9,1390,187.1,75.3,17.97,-25.641,5.23,4.196,193.0,190.2,71.0,1603,1,-16.5,0.47
4879,388,6.775,44.22,1,99.5,92.9,1389,187.0,75.4,17.99,-25.641,5.23,4.196,193.0,190.4,71.0,1603,1,-16.5,0.47
4880,388,6.775,44.53,1,99.5,92.9,1389,187.2,75.4,17.92,-25.648,5.23,4.196,193.0,190.5,71.0,1603,1,-16.4,0.48
4881,388,6.775,44.33,1,99.4,92.9,1389,187.3,75.4,17.96,-25.648,5.23,4.196,194.0,190.6,71.0,1603,1,-16.5,0.48
4882,388,6.775,44.29,1,99.4,92.9,1389,187.3,75.3,17.94,-25.656,5.23,4.196,194.0,190.7,71.0,1603,1,-16.4,0.48
4883,388,6.775,44.56,1,99.4,92.9,1389,187.4,75.4,17.95,-25.648,5.23,4.196,194.0,190.8,71.0,1603,1,-16.4,0.47
4884,388,6.775,44.03,1,99.4,92.9,1389,187.5,75.4,17.96,-25.648,5.23,4.196,194.0,190.9,71.0,1603,1,-16.5,0.47
4885,388,6.775,44.61,1,99.4,92.9,1389,187.5,75.3,17.98,-25.648,5.23,4.196,194.0,191.0,71.0,1603,1,-16.5,0.47
4886,388,6.775,44.13,1,99.4,92.9,1389,187.5,75.4,17.93,-25.648,5.23,4.196,194.0,191.1,71.0,1603,1,-16.5,0.47
4887,388,6.775,44.39,1,99.4,92.80000000000001,1388,187.7,75.5,17.96,-25.641,5.23,4.196,194.0,191.2,71.0,1603,1,-16.4,0.47
4888,388,6.775,43.98,1,99.4,92.9,1388,187.9,75.5,17.96,-25.641,5.23,4.196,194.0,191.3,71.0,1603,1,-16.4,0.46
4889,388,6.775,44.18,1,99.4,92.9,1388,187.9,75.3,17.93,-25.633,5.23,4.196,194.0,191.4,71.0,1603,1,-16.4,0.48
4890,388,6.775,44.11,1,99.4,92.9,1388,188.0,75.4,17.95,-25.633,5.23,4.196,194.0,191.4,71.0,1603,1,-16.4,0.48
4891,388,6.775,44.65,1,99.4,92.9,1387,188.1,75.4,17.95,-25.625,5.23,4.196,195.0,191.5,71.0,1603,1,-16.5,0.47
4892,388,6.775,44.09,1,99.4,92.9,1387,188.1,75.3,17.94,-25.625,5.23,4.196,195.0,191.6,71.0,1603,1,-16.4,0.47
4893,388,6.775,44.5,1,99.4,92.9,1387,188.0,75.2,17.93,-25.625,5.227,4.196,195.0,191.6,71.0,1603,1,-16.4,0.47
4894,388,6.775,44.49,1,99.4,92.9,1387,187.9,75.4,17.92,-25.617,5.227,4.196,194.0,191.7,71.0,1603,1,-16.4,0.48
4895,388,6.775,44.43,1,99.4,92.9,1387,187.9,75.2,18.01,-25.617,5.227,4.196,194.0,191.7,71.0,1603,1,-16.4,0.48
4896,388,6.775,44.03,1,99.6,93.0,1387,188.0,75.4,18.55,-25.617,5.227,4.196,194.0,191.7,71.0,1603,1,-16.5,0.46
4897,388,6.775,43.84,1,99.8,93.0,1389,188.0,75.4,18.59,-25.617,5.227,4.196,194.0,191.7,71.0,1603,1,-16.4,0.48
4898,388,6.775,44.36,1,99.8,93.0,1389,188.0,75.3,18.55,-25.609,5.227,4.196,195.0,191.6,71.0,1603,1,-16.4,0.47
4899,388,6.775,44.0,1,99.8,93.0,1390,188.0,75.6,18.54,-25.617,5.23,4.196,195.0,191.6,71.0,1603,1,-16.5,0.47
4900,388,6.775,44.07,1,99.8,93.0,1390,188.0,75.4,18.54,-25.617,5.227,4.196,194.0,191.5,71.0,1603,1,-16.4,0.46
4901,388,6.775,44.29,1,99.9,93.0,1390,188.1,75.5,18.56,-25.617,5.227,4.196,194.0,191.4,71.0,1603,1,-16.4,0.47
4902,388,6.775,44.06,1,99.8,93.0,1391,188.0,75.6,18.53,-25.609,5.227,4.196,194.0,191.3,71.0,1603,1,-16.4,0.47
4903,388,6.775,44.05,1,99.9,93.0,1391,188.0,75.5,18.6,-25.609,5.227,4.196,194.0,191.1,71.0,1603,1,-16.4,0.47
4904,388,6.775,44.15,1,99.9,93.0,1391,188.0,75.5,18.54,-25.609,5.227,4.196,194.0,190.9,71.0,1603,1,-16.4,0.46
4905,388,6.775,44.57,1,99.8,93.0,1391,188.0,75.6,18.6,-25.617,5.227,4.196,193.0,190.7,71.0,1603,1,-16.4,0.47
4906,388,6.775,44.24,1,99.9,93.0,1391,188.0,75.5,18.57,-25.617,5.227,4.196,193.0,190.5,71.0,1603,1,-16.4,0.47
4907,388,6.775,44.45,1,99.9,93.0,1391,188.0,75.5,18.55,-25.617,5.227,4.196,193.0,190.2,71.0,1602,1,-16.4,0.47
4908,388,6.775,44.36,1,99.9,93.0,1391,188.0,75.3,18.54,-25.625,5.227,4.196,193.0,190.0,71.0,1602,1,-16.4,0.48
4909,388,6.775,44.28,1,99.9,93.0,1392,187.9,75.3,18.54,-25.625,5.227,4.196,192.0,189.8,71.0,1602,1,-16.4,0.47
4910,388,6.775,44.45,1,99.9,93.0,1392,187.9,75.5,18.53,-25.625,5.227,4.196,192.0,189.5,71.0,1602,1,-16.4,0.47
4911,388,6.75,43.93,1,99.9,93.0,1392,187.9,75.4,18.6,-25.633,5.227,4.196,192.0,189.2,71.0,1602,1,-16.4,0.48
4912,388,6.775,44.32,1,99.9,93.0,1392,187.9,75.5,18.61,-25.641,5.227,4.196,191.0,188.9,71.0,1602,1,-16.4,0.47
4913,388,6.775,43.8,1,99.9,93.0,1392,187.9,75.4,18.56,-25.648,5.227,4.196,191.0,188.6,71.0,1602,1,-16.4,0.47
4914,388,6.775,44.26,1,99.8,93.0,1392,187.9,75.5,18.59,-25.641,5.227,4.196,190.0,188.3,71.0,1602,1,-16.4,0.48
4915,388,6.775,43.99,1,99.8,93.0,1392,187.9,75.4,18.59,-25.641,5.227,4.196,190.0,188.0,71.0,1602,1,-16.4,0.47
4916,388,6.75,44.08,1,99.8,93.0,1391,187.9,75.5,18.57,-25.641,5.227,4.196,190.0,187.7,71.0,1602,1,-16.4,0.47
4917,388,6.775,44.04,1,99.9,93.0,1392,188.0,75.5,18.58,-25.641,5.227,4.196,189.0,187.4,71.0,1602,1,-16.4,0.48
4918,388,6.775,44.01,1,99.9,93.0,1392,188.0,75.5,18.61,-25.633,5.227,4.196,189.0,187.1,71.0,1602,1,-16.4,0.48
4919,388,6.775,44.48,1,99.9,93.0,1391,188.0,75.5,18.57,-25.625,5.227,4.196,189.0,186.8,71.0,1602,1,-16.4,0.47
4920,388,6.775,44.49,1,99.9,93.0,1391,188.0,75.5,18.57,-25.625,5.227,4.196,189.0,186.5,71.0,1602,1,-16.4,0.48
4921,388,6.775,44.18,1,99.9,93.0,1391,187.9,75.6,18.56,-25.617,5.227,4.196,187.0,186.2,71.0,1602,1,-16.4,0.48
4922,388,6.75,44.36,1,99.9,93.0,1392,187.9,75.4,18.52,-25.617,5.227,4.196,187.0,185.9,71.0,1602,1,-16.4,0.47
4923,388,6.775,43.84,1,99.9,93.0,1392,187.9,75.3,18.55,-25.609,5.227,4.196,187.0,185.6,71.0,1602,1,-16.4,0.47
4924,388,6.775,44.08,1,99.8,93.0,1392,187.9,75.5,18.54,-25.609,5.227,4.196,187.0,185.4,71.0,1602,1,-16.4,0.48
4925,388,6.775,44.2,1,99.8,93.0,1391,188.0,75.6,18.51,-25.602,5.227,4.196,187.0,185.1,71.0,1602,1,-16.4,0.47
4926,388,6.775,44.26,1,99.9,93.0,1393,188.0,75.4,18.6,-25.602,5.227,4.196,187.0,184.8,71.0,1602,1,-16.4,0.46
4927,388,6.775,44.63,1,100.0,93.10000000000001,1393,188.0,75.4,19.29,-25.602,5.223,4.196,187.0,184.6,71.0,1602,1,-16.4,0.47
4928,388,6.775,44.24,1,100.29999999999998,93.10000000000001,1395,187.9,75.5,19.42,-25.602,5.223,4.196,186.0,184.3,71.0,1602,1,-16.4,0.47
4929,388,6.775,44.09,1,100.49999999999999,93.2,1396,187.9,75.6,19.48,-25.602,5.223,4.196,186.0,184.1,71.0,1602,1,-16.4,0.47
4930,388,6.775,44.44,1,100.49999999999999,93.2,1396,187.9,75.8,19.46,-25.602,5.223,4.196,185.0,183.9,71.0,1602,1,-16.4,0.47
4931,388,6.75,43.79,1,100.49999999999999,93.2,1397,187.9,75.8,19.49,-25.602,5.223,4.196,185.0,183.7,71.0,1602,1,-16.4,0.47
4932,388,6.775,44.32,1,100.49999999999999,93.10000000000001,1398,187.9,75.7,19.45,-25.602,5.223,4.196,185.0,183.5,71.0,1602,1,-16.4,0.47
4933,389,6.775,43.85,1,100.49999999999999,93.2,1398,187.8,75.7,19.46,-25.602,5.223,4.196,185.0,183.3,71.0,1602,1,-16.4,0.48
4934,389,6.775,44.05,1,100.49999999999999,93.10000000000001,1398,187.7,75.7,19.47,-25.594,5.227,4.196,184.0,183.1,71.0,1602,1,-16.4,0.46
4935,389,6.775,44.03,1,100.49999999999999,93.2,1397,187.7,75.8,19.47,-25.594,5.227,4.196,184.0,182.9,71.0,1602,1,-16.4,0.48
4936,389,6.775,44.15,1,100.49999999999999,93.10000000000001,1397,187.6,75.8,19.41,-25.586,5.227,4.196,184.0,182.7,71.0,1602,1,-16.4,0.46
4937,389,6.775,44.02,1,100.49999999999999,93.10000000000001,1396,187.7,75.6,19.41,-25.586,5.227,4.196,184.0,182.5,71.0,1602,1,-16.4,0.47
4938,389,6.775,44.18,1,100.49999999999999,93.2,1396,187.7,75.6,19.43,-25.586,5.227,4.196,184.0,182.3,71.0,1602,1,-16.4,0.46
4939,389,6.775,43.96,1,100.49999999999999,93.10000000000001,1396,187.7,75.7,19.43,-25.586,5.227,4.196,184.0,182.1,71.0,1602,1,-16.4,0.47
4940,389,6.775,43.96,1,100.4,93.10000000000001,1397,187.6,75.6,19.45,-25.586,5.227,4.196,182.0,181.9,71.0,1602,1,-16.4,0.46
4941,389,6.775,43.97,1,100.49999999999999,93.2,1397,187.7,75.6,19.43,-25.586,5.227,4.196,182.0,181.8,71.0,1602,1,-16.4,0.46
4942,389,6.775,44.0,1,100.4,93.10000000000001,1397,187.7,75.6,18.73,-25.586,5.227,4.196,182.0,181.6,71.0,1602,1,-16.4,0.46
4943,389,6.775,43.75,1,99.9,92.9,1396,187.7,75.6,17.62,-25.594,5.23,4.196,182.0,181.5,71.0,1602,1,-16.4,0.46
4944,389,6.775,44.17,1,99.3,92.60000000000001,1392,187.8,75.3,16.56,-25.602,5.23,4.196,182.0,181.3,71.0,1602,1,-16.4,0.46
4945,389,6.775,43.92,1,98.6,92.5,1387,187.8,75.1,16.2,-25.625,5.234,4.196,182.0,181.2,71.0,1602,1,-16.4,0.47
4946,389,6.775,43.9,1,98.3,92.4,1382,187.8,75.1,16.07,-25.641,5.234,4.196,182.0,181.0,71.0,1602,1,-16.4,0.48
4947,389,6.775,44.26,1,98.0,92.2,1378,187.8,74.8,15.27,-25.656,5.234,4.196,182.0,180.9,71.0,1602,1,-16.4,0.47
4948,389,6.775,43.97,1,97.6,92.10000000000001,1374,187.9,74.7,15.06,-25.672,5.234,4.196,182.0,180.8,71.0,1602,1,-16.4,0.47
4949,389,6.775,44.3,1,97.39999999999999,92.0,1369,188.0,74.6,15.11,-25.695,5.23,4.196,182.0,180.7,71.0,1602,1,-16.4,0.47
4950,389,6.775,43.99,1,97.3,92.0,1366,188.0,74.6,15.08,-25.711,5.23,4.196,182.0,180.6,72.0,1602,1,-16.4,0.47
4951,389,6.775,44.27,1,97.3,92.0,1364,188.0,74.6,15.07,-25.727,5.23,4.196,182.0,180.6,71.0,1602,1,-16.4,0.46
4952,389,6.775,44.07,1,97.39999999999999,92.0,1362,188.1,74.6,15.15,-25.742,5.23,4.196,182.0,180.5,71.0,1602,1,-16.4,0.47
4953,389,6.775,44.12,1,97.39999999999999,92.0,1361,188.1,74.7,15.11,-25.75,5.23,4.196,182.0,180.5,71.0,1602,1,-16.4,0.47
4954,389,6.775,44.21,1,97.39999999999999,92.0,1361,188.2,74.6,15.15,-25.766,5.23,4.196,182.0,180.6,71.0,1602,1,-16.4,0.46
4955,389,6.775,44.17,1,97.39999999999999,92.0,1360,188.3,74.8,15.17,-25.789,5.227,4.196,182.0,180.6,72.0,1602,1,-16.4,0.47
4956,389,6.75,44.26,1,97.5,92.10000000000001,1360,188.6,74.6,16.05,-25.805,5.227,4.196,182.0,180.6,72.0,1601,1,-16.4,0.47
4957,388,6.75,44.24,1,98.0,92.4,1362,188.6,74.8,16.7,-25.82,5.227,4.196,182.0,180.7,72.0,1601,1,-16.4,0.47
4958,388,6.775,44.2,1,98.4,92.5,1366,188.8,74.9,16.66,-25.828,5.227,4.196,182.0,180.8,71.0,1601,1,-16.4,0.47
4959,388,6.75,44.2,1,98.5,92.5,1369,188.9,74.9,16.69,-25.844,5.227,4.196,182.0,180.9,72.0,1601,1,-16.4,0.47
4960,388,6.75,44.29,1,98.6,92.5,1371,188.9,75.2,16.75,-25.852,5.227,4.196,182.0,181.0,72.0,1601,1,-16.4,0.47
4961,388,6.75,44.41,1,98.7,92.60000000000001,1373,188.9,75.1,17.59,-25.867,5.227,4.196,182.0,181.1,72.0,1601,1,-16.4,0.47
4962,388,6.75,44.32,1,99.2,92.80000000000001,1375,188.9,75.3,17.87,-25.875,5.227,4.196,182.0,181.2,72.0,1601,1,-16.4,0.48
4963,389,6.775,44.42,1,99.4,92.80000000000001,1378,188.9,75.4,17.94,-25.891,5.223,4.196,184.0,181.4,72.0,1601,1,-16.4,0.48
4964,389,6.775,44.33,1,99.5,92.80000000000001,1381,188.8,75.3,17.85,-25.906,5.223,4.196,184.0,181.6,72.0,1601,1,-16.4,0.47
4965,389,6.75,44.34,1,99.5,92.80000000000001,1381,188.8,75.4,17.9,-25.914,5.223,4.196,184.0,181.8,72.0,1601,1,-16.4,0.47
4966,389,6.75,44.34,1,99.5,92.80000000000001,1382,188.7,75.6,17.86,-25.93,5.227,4.196,185.0,182.0,72.0,1601,1,-16.4,0.47
4967,389,6.75,44.37,1,99.5,92.80000000000001,1382,188.7,75.5,17.91,-25.945,5.227,4.196,185.0,182.1,72.0,1601,1,-16.4,0.48
4968,389,6.775,44.32,1,99.6,92.80000000000001,1383,188.6,75.5,17.86,-25.969,5.227,4.196,185.0,182.3,72.0,1601,1,-16.3,0.47
4969,389,6.775,44.41,1,99.6,92.80000000000001,1383,188.6,75.6,17.89,-25.992,5.227,4.196,185.0,182.5,72.0,1601,1,-16.3,0.47
4970,389,6.775,44.27,1,99.5,92.80000000000001,1384,188.6,75.2,17.86,-26.016,5.23,4.196,185.0,182.7,72.0,1601,1,-16.4,0.47
4971,389,6.775,44.31,1,99.6,92.80000000000001,1384,188.6,75.4,17.88,-26.039,5.23,4.196,185.0,182.8,72.0,1601,1,-16.4,0.47
4972,389,6.775,44.38,1,99.6,92.80000000000001,1383,188.6,75.2,17.63,-26.062,5.23,4.196,185.0,183.1,72.0,1601,1,-16.4,0.47
4973,389,6.775,44.44,1,99.3,92.60000000000001,1383,188.5,75.3,16.58,-26.086,5.23,4.196,186.0,183.3,72.0,1601,1,-16.4,0.47
4974,389,6.775,44.28,1,98.8,92.5,1380,188.3,75.1,16.15,-26.109,5.23,4.196,187.0,183.5,72.0,1601,1,-16.3,0.46
4975,389,6.775,44.26,1,98.5,92.4,1377,188.2,75.0,16.16,-26.141,5.227,4.196,187.0,183.7,72.0,1601,1,-16.4,0.47
4976,389,6.775,44.34,1,98.4,92.4,1375,188.1,74.9,16.16,-26.172,5.227,4.196,187.0,183.9,72.0,1601,1,-16.3,0.47
4977,389,6.775,44.41,1,98.4,92.4,1374,188.1,75.0,16.07,-26.203,5.227,4.196,187.0,184.1,72.0,1601,1,-16.4,0.46
4978,389,6.775,44.34,1,98.4,92.4,1373,188.1,75.0,16.13,-26.227,5.227,4.196,187.0,184.3,72.0,1601,1,-16.4,0.47
4979,389,6.775,44.27,1,98.4,92.4,1372,188.1,74.9,16.09,-26.25,5.23,4.196,187.0,184.4,72.0,1601,1,-16.4,0.47
4980,388,6.775,44.3,1,98.4,92.4,1371,188.1,74.9,16.06,-26.273,5.23,4.196,187.0,184.6,72.0,1601,1,-16.4,0.47
4981,388,6.775,44.29,1,98.4,92.4,1371,188.1,75.0,16.06,-26.305,5.23,4.196,187.0,184.8,72.0,1601,1,-16.3,0.46
4982,388,6.775,44.22,1,98.4,92.4,1371,188.0,75.0,16.11,-26.32,5.227,4.196,188.0,184.9,72.0,1601,1,-16.4,0.45
4983,388,6.75,44.31,1,98.5,92.4,1372,188.1,74.9,15.98,-26.328,5.227,4.196,187.0,185.1,72.0,1601,1,-16.3,0.46
4984,388,6.775,44.28,1,98.4,92.4,1371,188.2,75.1,16.1,-26.352,5.227,4.196,188.0,185.3,72.0,1601,1,-16.4,0.47
4985,388,6.775,44.23,1,98.4,92.4,1371,188.2,75.0,16.26,-26.359,5.227,4.196,189.0,185.4,72.0,1601,1,-16.3,0.47
4986,388,6.775,44.23,1,98.5,92.4,1371,188.2,75.0,16.12,-26.367,5.227,4.196,189.0,185.6,72.0,1601,1,-16.3,0.47
4987,388,6.75,44.23,1,98.5,92.5,1371,188.2,75.1,16.13,-26.383,5.227,4.196,189.0,185.7,72.0,1601,1,-16.4,0.46
4988,388,6.75,44.33,1,98.5,92.4,1371,188.2,75.1,16.13,-26.398,5.227,4.196,189.0,185.8,72.0,1601,1,-16.3,0.46
4989,388,6.775,44.25,1,98.5,92.4,1372,188.2,75.0,16.01,-26.406,5.23,4.196,189.0,185.8,72.0,1601,1,-16.3,0.46
4990,388,6.775,44.25,1,98.4,92.4,1372,188.1,74.9,16.05,-26.414,5.23,4.196,189.0,185.9,72.0,1601,1,-16.4,0.45
4991,388,6.75,44.22,1,98.5,92.4,1371,188.2,75.0,16.05,-26.422,5.227,4.196,189.0,185.9,72.0,1601,1,-16.3,0.46
4992,388,6.775,44.26,1,98.4,92.4,1371,188.2,75.0,16.09,-26.43,5.227,4.196,189.0,185.9,72.0,1601,1,-16.4,0.46
4993,387,6.775,44.21,1,98.5,92.4,1371,188.2,74.9,16.13,-26.438,5.227,4.196,189.0,185.9,72.0,1601,1,-16.3,0.47
4994,387,6.775,44.28,1,98.5,92.4,1371,188.2,75.0,16.08,-26.445,5.227,4.196,189.0,185.9,72.0,1601,1,-16.3,0.47
4995,387,6.775,44.33,1,98.5,92.4,1370,188.1,75.1,16.12,-26.453,5.227,4.196,189.0,185.8,72.0,1601,1,-16.4,0.47
4996,387,6.775,44.37,1,98.5,92.4,1371,188.1,75.0,16.08,-26.453,5.227,4.196,189.0,185.7,72.0,1601,1,-16.3,0.47
4997,387,6.775,44.24,1,98.4,92.4,1371,188.0,75.1,16.04,-26.461,5.227,4.196,188.0,185.6,72.0,1601,1,-16.3,0.47
4998,387,6.775,44.36,1,98.5,92.4,1370,188.1,75.0,16.22,-26.469,5.227,4.196,189.0,185.5,72.0,1601,1,-16.3,0.47
4999,387,6.775,44.33,1,98.5,92.4,1371,188.0,75.0,16.0,-26.477,5.223,4.196,188.0,185.4,72.0,1601,1,-16.3,0.47
5000,387,6.775,44.38,1,98.5,92.4,1371,188.0,75.0,16.36,-26.477,5.223,4.196,187.0,185.2,72.0,1601,1,-16.4,0.47
5001,387,6.775,44.41,1,98.8,92.60000000000001,1371,187.9,75.1,17.36,-26.492,5.223,4.196,187.0,185.0,72.0,1601,1,-16.3,0.48
5002,387,6.775,44.41,1,99.4,92.80000000000001,1375,187.9,75.3,17.79,-26.492,5.223,4.196,187.0,184.8,72.0,1601,1,-16.4,0.47
5003,387,6.75,44.4,1,99.7,92.80000000000001,1378,187.8,75.2,17.82,-26.492,5.223,4.196,187.0,184.7,72.0,1601,1,-16.3,0.48
5004,387,6.75,44.44,1,99.8,92.80000000000001,1381,187.9,75.4,17.87,-26.492,5.223,4.196,187.0,184.5,72.0,1601,1,-16.3,0.48
5005,387,6.75,44.38,1,99.8,92.80000000000001,1382,187.8,75.5,17.85,-26.492,5.223,4.196,187.0,184.3,72.0,1601,1,-16.3,0.48
5006,387,6.775,44.35,1,99.8,92.80000000000001,1383,187.8,75.5,17.92,-26.484,5.223,4.196,187.0,184.1,72.0,1601,1,-16.4,0.48
5007,387,6.775,44.3,1,99.9,92.80000000000001,1384,187.8,75.5,17.88,-26.484,5.223,4.196,187.0,183.9,72.0,1601,1,-16.4,0.47
5008,387,6.775,44.42,1,99.8,92.80000000000001,1384,187.7,75.6,17.81,-26.484,5.223,4.196,186.0,183.7,72.0,1600,1,-16.4,0.47
5009,387,6.775,44.4,1,99.8,92.80000000000001,1384,187.6,75.5,17.85,-26.484,5.223,4.196,185.0,183.4,72.0,1600,1,-16.3,0.47
5010,387,6.775,44.39,1,99.8,92.80000000000001,1385,187.6,75.4,17.85,-26.492,5.223,4.196,185.0,183.2,72.0,1600,1,-16.4,0.47
5011,387,6.775,44.4,1,99.8,92.80000000000001,1385,187.5,75.5,18.32,-26.492,5.219,4.196,185.0,183.0,72.0,1600,1,-16.4,0.47
5012,387,6.775,44.39,1,100.2,93.0,1386,187.5,75.6,18.83,-26.492,5.219,4.196,185.0,182.8,72.0,1600,1,-16.4,0.47
5013,387,6.775,44.5,1,100.49999999999999,93.0,1388,187.5,75.6,19.01,-26.492,5.219,4.196,185.0,182.6,72.0,1600,1,-16.4,0.46
5014,387,6.775,44.42,1,100.6,93.10000000000001,1390,187.4,75.6,18.95,-26.484,5.219,4.196,184.0,182.4,72.0,1600,1,-16.4,0.47
5015,387,6.75,44.51,1,100.6,93.0,1391,187.4,75.7,19.02,-26.477,5.219,4.196,184.0,182.1,72.0,1600,1,-16.4,0.47
5016,387,6.775,44.59,1,100.8,93.2,1392,187.3,75.8,19.84,-26.477,5.219,4.196,184.0,181.9,72.0,1600,1,-16.4,0.47
5017,387,6.775,44.45,1,101.2,93.2,1394,187.2,75.9,20.02,-26.469,5.219,4.196,184.0,181.7,72.0,1600,1,-16.4,0.47
5018,387,6.775,44.6,1,101.4,93.30000000000001,1396,187.2,75.8,20.05,-26.461,5.219,4.196,184.0,181.6,72.0,1600,1,-16.4,0.47
5019,387,6.775,44.44,1,101.4,93.2,1398,187.1,75.8,20.02,-26.453,5.219,4.196,183.0,181.4,72.0,1600,1,-16.4,0.48
5020,387,6.75,44.46,1,101.4,93.30000000000001,1398,186.9,75.8,20.0,-26.438,5.219,4.196,182.0,181.1,72.0,1600,1,-16.4,0.47
5021,387,6.75,44.55,1,101.4,93.2,1398,186.8,75.8,20.02,-26.43,5.219,4.196,182.0,180.9,72.0,1600,1,-16.4,0.48
5022,387,6.775,44.47,1,101.4,93.2,1399,186.8,75.8,20.02,-26.43,5.219,4.196,182.0,180.7,72.0,1600,1,-16.4,0.47
5023,387,6.775,44.45,1,101.4,93.30000000000001,1399,186.7,75.7,20.05,-26.414,5.219,4.196,182.0,180.6,72.0,1600,1,-16.4,0.47
5024,387,6.775,44.52,1,101.4,93.30000000000001,1399,186.6,75.9,20.07,-26.406,5.219,4.196,182.0,180.4,72.0,1600,1,-16.4,0.47
5025,387,6.775,44.49,1,101.4,93.30000000000001,1399,186.6,75.9,20.08,-26.398,5.219,4.196,182.0,180.2,72.0,1600,1,-16.4,0.47
5026,387,6.775,44.46,1,101.4,93.30000000000001,1400,186.5,75.8,20.04,-26.383,5.219,4.196,182.0,180.1,72.0,1600,1,-16.4,0.47
5027,387,6.775,44.39,1,101.4,93.30000000000001,1401,186.5,75.7,20.01,-26.383,5.219,4.196,182.0,179.9,72.0,1600,1,-16.4,0.47
5028,388,6.775,44.44,1,101.4,93.2,1400,186.4,75.7,20.04,-26.367,5.223,4.196,182.0,179.8,72.0,1600,1,-16.4,0.47
5029,388,6.775,44.56,1,101.4,93.2,1400,186.3,75.7,20.02,-26.367,5.223,4.196,182.0,179.6,72.0,1600,1,-16.4,0.46
5030,388,6.775,44.47,1,101.4,93.2,1400,186.2,75.7,20.05,-26.359,5.223,4.196,182.0,179.5,72.0,1600,1,-16.4,0.47
5031,388,6.775,44.53,1,101.4,93.2,1400,186.2,75.9,20.0,-26.359,5.223,4.196,182.0,179.4,72.0,1600,1,-16.4,0.48
5032,388,6.775,44.46,1,101.29999999999998,93.2,1400,186.2,75.9,20.0,-26.352,5.223,4.196,182.0,179.3,72.0,1600,1,-16.4,0.47
5033,388,6.775,44.61,1,101.4,93.30000000000001,1400,186.2,75.7,20.07,-26.344,5.223,4.196,182.0,179.2,72.0,1600,1,-16.4,0.47
5034,388,6.775,44.51,1,101.4,93.30000000000001,1400,186.1,75.7,20.04,-26.336,5.223,4.196,181.0,179.1,72.0,1600,1,-16.4,0.46
5035,388,6.775,44.38,1,101.4,93.2,1401,186.1,75.7,20.05,-26.32,5.223,4.196,181.0,179.0,72.0,1600,1,-16.4,0.47
5036,388,6.775,44.49,1,101.4,93.30000000000001,1401,186.1,75.7,20.07,-26.32,5.223,4.196,181.0,178.9,72.0,1600,1,-16.4,0.47
5037,388,6.775,44.1,1,101.4,93.2,1401,186.1,75.6,20.05,-26.312,5.223,4.196,181.0,178.8,72.0,1600,1,-16.4,0.48
5038,388,6.775,44.38,1,101.29999999999998,93.2,1401,186.1,75.7,20.11,-26.305,5.223,4.196,180.0,178.7,72.0,1600,1,-16.4,0.49
5039,388,6.775,44.16,1,101.4,93.2,1401,186.1,75.7,20.03,-26.297,5.227,4.196,180.0,178.7,72.0,1600,1,-16.4,0.48
5040,388,6.775,44.47,1,101.4,93.30000000000001,1401,186.1,75.9,20.07,-26.289,5.227,4.196,180.0,178.6,72.0,1600,1,-16.4,0.48
5041,388,6.775,44.29,1,101.29999999999998,93.2,1401,186.1,75.9,20.04,-26.281,5.227,4.196,180.0,178.5,72.0,1600,1,-16.4,0.48
5042,388,6.775,44.55,1,101.4,93.30000000000001,1401,186.2,75.8,20.11,-26.281,5.227,4.196,180.0,178.5,72.0,1600,1,-16.4,0.47
5043,388,6.775,44.63,1,101.4,93.30000000000001,1401,186.1,75.9,20.02,-26.281,5.227,4.196,180.0,178.5,72.0,1600,1,-16.4,0.47
5044,388,6.775,44.19,1,101.4,93.30000000000001,1401,186.2,75.8,20.0,-26.281,5.223,4.196,180.0,178.4,72.0,1600,1,-16.4,0.47
5045,388,6.75,44.28,1,101.29999999999998,93.2,1401,186.2,75.8,20.07,-26.289,5.223,4.196,180.0,178.4,72.0,1600,1,-16.4,0.47
5046,388,6.775,44.27,1,101.29999999999998,93.2,1400,186.2,75.8,20.04,-26.289,5.227,4.196,180.0,178.4,72.0,1600,1,-16.4,0.49
5047,388,6.775,44.16,1,101.29999999999998,93.2,1400,186.2,75.8,20.04,-26.289,5.227,4.196,180.0,178.3,72.0,1600,1,-16.4,0.47
5048,388,6.775,44.23,1,101.4,93.2,1400,186.1,75.7,20.04,-26.289,5.227,4.196,180.0,178.3,72.0,1600,1,-16.4,0.48
5049,388,6.775,44.19,1,101.4,93.30000000000001,1400,186.1,75.8,20.04,-26.289,5.227,4.196,180.0,178.2,72.0,1600,1,-16.4,0.49
5050,388,6.775,44.53,1,101.29999999999998,93.30000000000001,1401,186.0,75.8,19.94,-26.289,5.227,4.196,180.0,178.2,72.0,1600,1,-16.4,0.48
5051,388,6.775,44.63,1,101.2,93.2,1400,186.1,75.7,19.05,-26.281,5.23,4.196,180.0,178.2,72.0,1600,1,-16.4,0.47
5052,388,6.775,44.09,1,100.6,93.0,1398,186.1,75.7,18.54,-26.281,5.227,4.196,180.0,178.2,72.0,1600,1,-16.4,0.48
5053,388,6.775,44.21,1,100.29999999999998,93.0,1396,186.1,75.5,18.51,-26.281,5.23,4.196,180.0,178.1,72.0,1600,1,-16.4,0.49
5054,388,6.775,44.14,1,100.2,93.0,1394,186.1,75.5,18.45,-26.281,5.23,4.196,180.0,178.1,72.0,1600,1,-16.4,0.49
5055,388,6.775,43.81,1,100.1,92.9,1394,186.1,75.5,17.64,-26.281,5.23,4.196,180.0,178.1,72.0,1600,1,-16.4,0.47
5056,388,6.775,44.45,1,99.6,92.80000000000001,1392,186.1,75.4,17.48,-26.273,5.23,4.196,180.0,178.1,72.0,1600,1,-16.4,0.48
5057,388,6.775,44.21,1,99.5,92.80000000000001,1391,186.2,75.3,17.52,-26.281,5.23,4.196,180.0,178.1,72.0,1600,1,-16.4,0.47
5058,388,6.775,44.37,1,99.5,92.80000000000001,1389,186.2,75.3,17.49,-26.273,5.23,4.196,180.0,178.0,72.0,1600,1,-16.4,0.48
5059,388,6.775,44.5,1,99.4,92.80000000000001,1388,186.2,75.3,17.5,-26.266,5.23,4.196,180.0,178.0,72.0,1599,1,-16.4,0.47
5060,388,6.775,44.15,1,99.4,92.80000000000001,1387,186.3,75.4,17.48,-26.258,5.23,4.196,180.0,178.0,72.0,1599,1,-16.4,0.47
5061,388,6.775,44.52,1,99.4,92.80000000000001,1387,186.4,75.3,17.46,-26.25,5.23,4.196,180.0,177.9,72.0,1599,1,-16.4,0.47
5062,388,6.75,43.94,1,99.3,92.7,1386,186.4,75.1,16.83,-26.242,5.23,4.196,180.0,177.9,72.0,1599,1,-16.4,0.47
5063,388,6.775,43.95,1,99.0,92.60000000000001,1385,186.4,75.2,16.7,-26.234,5.23,4.196,180.0,177.9,72.0,1599,1,-16.4,0.48
5064,388,6.775,44.17,1,98.9,92.60000000000001,1383,186.5,75.2,16.67,-26.219,5.23,4.196,180.0,177.9,72.0,1599,1,-16.4,0.47
5065,388,6.775,43.75,1,98.9,92.60000000000001,1381,186.6,75.0,16.69,-26.219,5.23,4.196,180.0,177.9,72.0,1599,1,-16.4,0.47
5066,388,6.775,44.44,1,98.8,92.60000000000001,1381,186.8,75.1,16.71,-26.219,5.23,4.196,180.0,177.8,72.0,1599,1,-16.4,0.47
5067,388,6.775,44.4,1,98.8,92.60000000000001,1380,187.0,75.1,16.71,-26.219,5.227,4.196,180.0,177.8,72.0,1599,1,-16.4,0.48
5068,388,6.775,44.38,1,98.8,92.60000000000001,1379,187.1,75.1,16.71,-26.219,5.227,4.196,180.0,177.8,72.0,1599,1,-16.4,0.47
5069,387,6.775,44.24,1,98.9,92.60000000000001,1379,187.2,75.2,16.74,-26.219,5.227,4.196,180.0,177.8,72.0,1599,1,-16.4,0.47
5070,387,6.775,44.23,1,98.8,92.60000000000001,1378,187.2,75.2,16.73,-26.219,5.227,4.196,180.0,177.7,72.0,1599,1,-16.4,0.48
5071,387,6.775,44.48,1,98.8,92.5,1378,187.2,75.2,16.74,-26.227,5.227,4.196,180.0,177.7,72.0,1599,1,-16.4,0.46
5072,387,6.775,43.93,1,98.8,92.60000000000001,1378,187.3,75.2,16.68,-26.219,5.227,4.196,180.0,177.6,72.0,1599,1,-16.4,0.47
5073,387,6.775,44.47,1,98.8,92.60000000000001,1378,187.4,75.2,16.69,-26.227,5.227,4.196,180.0,177.6,72.0,1599,1,-16.4,0.48
5074,387,6.775,44.36,1,98.8,92.60000000000001,1378,187.4,75.2,16.71,-26.234,5.227,4.196,180.0,177.5,72.0,1599,1,-16.5,0.48
5075,387,6.775,44.26,1,98.8,92.60000000000001,1378,187.5,75.1,16.71,-26.234,5.227,4.196,180.0,177.5,72.0,1599,1,-16.5,0.47
5076,387,6.775,44.32,1,98.8,92.60000000000001,1378,187.6,75.1,16.74,-26.234,5.227,4.196,180.0,177.5,72.0,1599,1,-16.5,0.47
5077,387,6.775,44.26,1,98.8,92.60000000000001,1378,187.7,75.1,16.74,-26.234,5.227,4.196,179.0,177.5,72.0,1599,1,-16.4,0.48
5078,387,6.75,44.29,1,98.9,92.60000000000001,1378,187.6,75.1,16.68,-26.234,5.227,4.196,180.0,177.4,72.0,1599,1,-16.5,0.47
5079,387,6.75,44.31,1,98.8,92.60000000000001,1379,187.6,75.1,16.71,-26.234,5.227,4.196,180.0,177.4,72.0,1599,1,-16.4,0.48
5080,387,6.775,44.29,1,98.8,92.60000000000001,1378,187.5,75.2,16.67,-26.234,5.227,4.196,180.0,177.3,72.0,1599,1,-16.5,0.48
5081,386,6.775,44.15,1,98.8,92.60000000000001,1378,187.5,75.0,16.73,-26.234,5.227,4.196,179.0,177.3,72.0,1599,1,-16.4,0.48
5082,386,6.775,44.39,1,98.8,92.60000000000001,1379,187.5,75.2,16.71,-26.234,5.223,4.196,179.0,177.3,72.0,1599,1,-16.5,0.48
5083,386,6.775,44.33,1,98.8,92.60000000000001,1379,187.6,75.2,16.7,-26.227,5.223,4.196,179.0,177.2,72.0,1599,1,-16.5,0.47
5084,386,6.775,44.13,1,98.8,92.60000000000001,1378,187.6,75.1,16.71,-26.227,5.223,4.196,179.0,177.2,72.0,1599,1,-16.5,0.47
5085,386,6.75,44.21,1,98.8,92.60000000000001,1378,187.6,75.0,16.71,-26.219,5.223,4.196,180.0,177.1,72.0,1599,1,-16.5,0.48
5086,386,6.75,44.39,1,98.8,92.60000000000001,1377,187.6,75.2,16.76,-26.211,5.223,4.196,179.0,177.1,72.0,1599,1,-16.5,0.48
5087,386,6.775,44.53,1,99.0,92.7,1377,187.5,75.1,17.68,-26.203,5.219,4.196,180.0,177.0,72.0,1599,1,-16.5,0.47
5088,386,6.775,44.29,1,99.5,92.9,1379,187.5,75.3,18.84,-26.195,5.219,4.196,179.0,177.0,72.0,1599,1,-16.5,0.48
5089,386,6.775,44.32,1,100.2,93.10000000000001,1384,187.5,75.5,19.33,-26.188,5.219,4.196,179.0,177.0,72.0,1599,1,-16.5,0.48
5090,386,6.75,44.37,1,100.6,93.2,1388,187.5,75.7,19.44,-26.172,5.219,4.196,180.0,177.0,72.0,1599,1,-16.5,0.48
5091,386,6.75,44.49,1,100.8,93.10000000000001,1391,187.5,75.6,19.5,-26.164,5.223,4.196,179.0,177.0,72.0,1599,1,-16.5,0.48
5092,386,6.775,44.37,1,100.89999999999999,93.2,1393,187.4,75.8,19.99,-26.141,5.223,4.196,179.0,176.9,72.0,1599,1,-16.5,0.48
5093,386,6.775,44.45,1,101.2,93.30000000000001,1395,187.2,75.9,20.25,-26.133,5.223,4.196,179.0,176.9,72.0,1599,1,-16.5,0.48
5094,386,6.775,44.49,1,101.4,93.30000000000001,1398,187.2,75.9,20.29,-26.109,5.223,4.196,179.0,176.9,72.0,1599,1,-16.5,0.48
5095,386,6.775,44.43,1,101.4,93.30000000000001,1399,187.1,75.9,20.26,-26.086,5.223,4.196,179.0,176.9,72.0,1599,1,-16.5,0.48
5096,386,6.775,44.45,1,101.4,93.30000000000001,1399,187.0,75.8,20.31,-26.078,5.223,4.196,179.0,176.9,72.0,1599,1,-16.5,0.48
5097,386,6.775,44.4,1,101.4,93.30000000000001,1400,186.9,75.8,20.27,-26.062,5.223,4.196,179.0,176.8,72.0,1599,1,-16.5,0.48
5098,386,6.775,44.43,1,101.4,93.30000000000001,1400,186.7,75.7,20.26,-26.055,5.223,4.196,179.0,176.8,72.0,1599,1,-16.5,0.48
5099,386,6.775,44.5,1,101.4,93.30000000000001,1400,186.6,76.0,20.26,-26.039,5.227,4.196,179.0,176.8,72.0,1599,1,-16.5,0.48
5100,386,6.775,44.54,1,101.4,93.30000000000001,1400,186.5,75.9,20.3,-26.023,5.227,4.196,179.0,176.7,72.0,1599,1,-16.5,0.48
5101,386,6.775,44.55,1,101.4,93.30000000000001,1401,186.4,75.9,20.24,-26.016,5.227,4.196,179.0,176.7,72.0,1599,1,-16.5,0.48
5102,386,6.775,44.47,1,101.29999999999998,93.30000000000001,1401,186.3,75.9,19.71,-26.0,5.227,4.196,179.0,176.7,72.0,1599,1,-16.5,0.48
5103,386,6.775,44.34,1,100.89999999999999,93.10000000000001,1400,186.3,75.6,18.74,-26.0,5.227,4.196,179.0,176.7,72.0,1599,1,-16.5,0.47
5104,387,6.775,44.16,1,100.4,93.0,1397,186.2,75.6,18.66,-25.984,5.227,4.196,179.0,176.7,72.0,1599,1,-16.5,0.48
5105,387,6.775,43.92,1,100.2,93.0,1395,186.1,75.5,18.42,-25.977,5.227,4.196,179.0,176.7,72.0,1599,1,-16.5,0.48
5106,387,6.775,44.26,1,99.9,92.9,1393,186.1,75.5,17.78,-25.969,5.227,4.196,179.0,176.7,72.0,1599,1,-16.5,0.48
5107,387,6.775,43.98,1,99.6,92.80000000000001,1391,186.2,75.4,17.73,-25.969,5.227,4.196,179.0,176.8,72.0,1599,1,-16.5,0.48
5108,387,6.775,44.41,1,99.5,92.80000000000001,1390,186.1,75.1,17.7,-25.969,5.23,4.196,179.0,176.7,72.0,1599,1,-16.5,0.48
5109,386,6.775,44.43,1,99.4,92.80000000000001,1389,186.2,75.2,17.68,-25.969,5.23,4.196,179.0,176.7,72.0,1599,1,-16.5,0.48
5110,386,6.775,44.36,1,99.4,92.80000000000001,1388,186.2,75.2,17.72,-25.961,5.23,4.196,179.0,176.7,72.0,1599,1,-16.5,0.48
5111,386,6.775,44.0,1,99.4,92.80000000000001,1388,186.3,75.1,17.72,-25.953,5.23,4.196,179.0,176.7,72.0,1599,1,-16.5,0.48
5112,386,6.775,44.37,1,99.4,92.80000000000001,1388,186.4,75.2,17.73,-25.945,5.23,4.196,179.0,176.7,72.0,1598,1,-16.5,0.48
5113,386,6.75,43.9,1,99.4,92.80000000000001,1387,186.4,75.2,17.75,-25.945,5.227,4.196,179.0,176.7,72.0,1598,1,-16.5,0.48
5114,386,6.75,44.42,1,99.4,92.80000000000001,1387,186.5,75.1,17.75,-25.938,5.227,4.196,179.0,176.6,72.0,1598,1,-16.5,0.47
5115,386,6.775,43.99,1,99.4,92.80000000000001,1387,186.5,75.3,17.76,-25.922,5.227,4.196,179.0,176.6,72.0,1598,1,-16.5,0.48
5116,385,6.775,44.25,1,99.4,92.80000000000001,1387,186.6,75.2,17.74,-25.914,5.227,4.196,179.0,176.6,72.0,1598,1,-16.5,0.48
5117,385,6.775,44.06,1,99.4,92.80000000000001,1386,186.5,75.3,17.71,-25.906,5.227,4.196,179.0,176.5,72.0,1598,1,-16.5,0.48
5118,385,6.775,44.41,1,99.4,92.80000000000001,1387,186.5,75.2,17.7,-25.898,5.227,4.196,179.0,176.5,72.0,1598,1,-16.5,0.48
5119,385,6.775,44.0,1,99.4,92.80000000000001,1386,186.7,75.3,17.74,-25.906,5.23,4.196,179.0,176.4,72.0,1598,1,-16.5,0.48
5120,385,6.775,43.91,1,99.3,92.80000000000001,1386,186.8,75.2,17.26,-25.906,5.23,4.196,179.0,176.4,72.0,1598,1,-16.5,0.48
5121,384,6.775,44.29,1,99.1,92.7,1386,186.8,75.2,17.1,-25.906,5.23,4.196,179.0,176.4,72.0,1598,1,-16.5,0.48
5122,384,6.775,43.99,1,99.0,92.7,1384,186.8,75.4,16.61,-25.914,5.23,4.196,179.0,176.4,72.0,1598,1,-16.5,0.48
5123,384,6.775,44.47,1,98.6,92.4,1383,186.9,75.2,16.12,-25.922,5.23,4.196,179.0,176.4,72.0,1598,1,-16.5,0.48
5124,384,6.775,44.15,1,98.4,92.4,1380,186.9,75.0,16.14,-25.922,5.23,4.196,179.0,176.4,72.0,1598,1,-16.5,0.48
5125,383,6.775,44.42,1,98.2,92.4,1377,186.9,75.0,15.38,-25.93,5.23,4.196,179.0,176.3,72.0,1598,1,-16.5,0.47
5126,383,6.775,44.22,1,97.7,92.10000000000001,1373,186.9,74.7,14.8,-25.945,5.23,4.196,179.0,176.3,72.0,1598,1,-16.5,0.47
5127,382,6.775,43.89,1,97.39999999999999,92.0,1368,187.0,74.8,14.82,-25.953,5.23,4.196,179.0,176.3,72.0,1598,1,-16.5,0.48
5128,382,6.775,44.09,1,97.3,92.0,1364,187.0,74.6,14.8,-25.961,5.227,4.196,179.0,176.2,72.0,1598,1,-16.5,0.47
5129,382,6.775,44.08,1,97.3,92.0,1362,187.1,74.4,14.78,-25.969,5.227,4.196,179.0,176.2,72.0,1598,1,-16.5,0.47
5130,381,6.775,44.05,1,97.2,91.9,1360,187.2,74.4,14.84,-25.977,5.223,4.196,179.0,176.1,72.0,1598,1,-16.5,0.46
5131,381,6.775,44.31,1,97.39999999999999,92.0,1359,187.4,74.6,15.71,-25.984,5.223,4.196,179.0,176.1,72.0,1598,1,-16.5,0.47
5132,380,6.775,44.27,1,97.89999999999999,92.30000000000001,1361,187.5,74.7,16.81,-25.984,5.223,4.196,179.0,176.0,72.0,1598,1,-16.5,0.47
5133,380,6.775,44.24,1,98.6,92.7,1365,187.5,75.0,17.78,-25.984,5.219,4.196,178.0,176.0,72.0,1598,1,-16.5,0.47
5134,380,6.775,44.41,1,99.2,92.80000000000001,1372,187.5,75.3,17.89,-25.977,5.223,4.196,178.0,176.0,72.0,1598,1,-16.5,0.48
5135,379,6.775,44.36,1,99.4,92.80000000000001,1378,187.5,75.2,17.81,-25.977,5.223,4.196,178.0,176.0,72.0,1598,1,-16.5,0.47
5136,379,6.75,44.34,1,99.5,92.80000000000001,1381,187.6,75.3,17.87,-25.969,5.223,4.196,179.0,176.0,72.0,1598,1,-16.5,0.48
5137,378,6.75,44.39,1,99.5,92.80000000000001,1382,187.6,75.2,17.88,-25.969,5.227,4.196,178.0,175.9,72.0,1598,1,-16.5,0.47
5138,378,6.75,44.36,1,99.6,92.9,1384,187.6,75.4,17.86,-25.969,5.227,4.196,178.0,175.9,72.0,1598,1,-16.5,0.46
5139,377,6.775,44.46,1,99.6,92.9,1384,187.6,75.4,17.87,-25.969,5.227,4.196,178.0,175.8,72.0,1598,1,-16.5,0.46
5140,377,6.775,44.37,1,99.5,92.80000000000001,1385,187.6,75.4,17.85,-25.969,5.227,4.196,178.0,175.7,72.0,1598,1,-16.5,0.47
5141,376,6.775,44.35,1,99.6,92.9,1384,187.5,75.4,17.84,-25.977,5.227,4.196,178.0,175.5,72.0,1598,1,-16.5,0.47
5142,376,6.775,44.44,1,99.5,92.9,1384,187.5,75.4,17.85,-25.984,5.223,4.196,177.0,175.3,72.0,1598,1,-16.5,0.46
5143,376,6.775,44.39,1,99.6,92.9,1384,187.3,75.4,17.86,-25.992,5.223,4.196,177.0,175.1,72.0,1598,1,-16.5,0.46
5144,376,6.775,44.4,1,99.6,92.9,1385,187.2,75.4,17.87,-26.008,5.223,4.196,177.0,174.9,72.0,1598,1,-16.5,0.48
5145,376,6.775,44.24,1,99.6,92.80000000000001,1385,187.2,75.5,17.88,-26.016,5.223,4.196,177.0,174.7,72.0,1598,1,-16.5,0.47
5146,376,6.775,44.37,1,99.6,92.80000000000001,1385,187.1,75.4,17.84,-26.023,5.223,4.196,176.0,174.4,72.0,1598,1,-16.5,0.47
5147,376,6.775,44.42,1,99.6,92.80000000000001,1386,187.0,75.4,17.84,-26.031,5.223,4.196,176.0,174.1,72.0,1598,1,-16.5,0.47
5148,376,6.775,44.34,1,99.6,92.9,1387,186.9,75.4,17.84,-26.039,5.223,4.196,176.0,173.8,72.0,1598,1,-16.5,0.47
5149,376,6.775,44.34,1,99.5,92.80000000000001,1387,186.9,75.3,17.88,-26.047,5.223,4.196,175.0,173.5,72.0,1598,1,-16.5,0.47
5150,376,6.775,44.46,1,99.6,92.80000000000001,1387,187.0,75.3,17.84,-26.055,5.223,4.196,175.0,173.1,72.0,1598,1,-16.5,0.48
5151,376,6.775,44.14,1,99.6,92.80000000000001,1387,187.0,75.5,17.84,-26.062,5.223,4.196,175.0,172.8,72.0,1598,1,-16.5,0.48
5152,376,6.775,44.35,1,99.6,92.80000000000001,1388,186.9,75.5,17.86,-26.078,5.223,4.196,174.0,172.4,72.0,1598,1,-16.5,0.47
5153,376,6.775,44.31,1,99.6,92.80000000000001,1388,186.9,75.4,17.79,-26.078,5.223,4.196,174.0,172.0,72.0,1598,1,-16.5,0.47
5154,376,6.775,44.33,1,99.6,92.80000000000001,1387,186.9,75.4,17.88,-26.078,5.223,4.196,173.0,171.7,72.0,1598,1,-16.5,0.47
5155,376,6.775,44.28,1,99.6,92.80000000000001,1387,186.9,75.5,17.83,-26.078,5.227,4.196,172.0,171.3,72.0,1598,1,-16.5,0.47
5156,376,6.775,44.4,1,99.6,92.80000000000001,1387,186.9,75.5,17.87,-26.086,5.227,4.196,172.0,170.9,72.0,1598,1,-16.5,0.47
5157,376,6.775,44.52,1,99.6,92.80000000000001,1386,187.0,75.5,17.89,-26.086,5.227,4.196,172.0,170.5,72.0,1598,1,-16.5,0.47
5158,377,6.775,44.42,1,99.6,92.9,1386,186.9,75.6,17.86,-26.086,5.227,4.196,172.0,170.2,72.0,1598,1,-16.5,0.47
5159,377,6.775,44.37,1,99.6,92.9,1386,187.0,75.4,17.86,-26.086,5.227,4.196,172.0,169.8,72.0,1598,1,-16.5,0.47
5160,377,6.775,44.45,1,99.6,92.9,1386,187.0,75.6,17.91,-26.086,5.227,4.196,171.0,169.4,72.0,1598,1,-16.5,0.48
5161,377,6.775,44.33,1,99.6,92.80000000000001,1387,187.0,75.4,17.86,-26.094,5.227,4.196,171.0,169.0,72.0,1598,1,-16.5,0.48
5162,377,6.775,44.44,1,99.6,92.80000000000001,1387,186.9,75.4,17.81,-26.086,5.227,4.196,170.0,168.8,72.0,1598,1,-16.5,0.47
5163,377,6.775,44.31,1,99.6,92.80000000000001,1387,186.9,75.3,17.83,-26.086,5.227,4.196,170.0,168.4,72.0,1598,1,-16.5,0.48
5164,377,6.775,44.33,1,99.6,92.80000000000001,1387,186.9,75.5,17.5,-26.086,5.227,4.196,169.0,168.0,72.0,1598,1,-16.5,0.47
5165,377,6.775,44.28,1,99.3,92.60000000000001,1386,186.8,75.5,16.96,-26.086,5.227,4.196,169.0,167.7,72.0,1597,1,-16.5,0.47
5166,377,6.775,44.34,1,99.0,92.60000000000001,1383,186.8,75.3,16.95,-26.094,5.227,4.196,168.0,167.3,72.0,1597,1,-16.5,0.46
5167,377,6.775,44.36,1,99.0,92.60000000000001,1382,186.9,75.2,16.95,-26.102,5.227,4.196,168.0,167.0,72.0,1597,1,-16.5,0.47
5168,377,6.775,44.29,1,98.9,92.60000000000001,1381,186.9,75.3,16.93,-26.102,5.227,4.196,168.0,166.6,72.0,1597,1,-16.6,0.47
5169,377,6.775,44.4,1,98.9,92.60000000000001,1380,186.8,75.1,16.92,-26.109,5.223,4.196,168.0,166.3,72.0,1597,1,-16.5,0.48
5170,377,6.775,44.3,1,98.9,92.60000000000001,1380,186.8,75.1,16.93,-26.117,5.223,4.196,167.0,166.0,72.0,1597,1,-16.5,0.47
5171,377,6.775,44.18,1,98.9,92.60000000000001,1380,186.7,75.1,16.93,-26.117,5.223,4.196,167.0,165.7,72.0,1597,1,-16.6,0.48
5172,377,6.775,44.31,1,99.0,92.60000000000001,1380,186.8,75.2,16.94,-26.125,5.223,4.196,166.0,165.4,72.0,1597,1,-16.5,0.47
5173,377,6.75,44.33,1,98.9,92.60000000000001,1380,186.8,75.1,17.12,-26.125,5.219,4.196,167.0,165.2,72.0,1597,1,-16.6,0.49
5174,377,6.775,44.31,1,99.1,92.80000000000001,1380,186.7,75.3,18.07,-26.133,5.219,4.196,166.0,165.0,72.0,1597,1,-16.5,0.48
5175,377,6.775,44.38,1,99.8,93.0,1383,186.7,75.5,18.56,-26.125,5.223,4.196,166.0,164.7,72.0,1597,1,-16.5,0.48
5176,377,6.775,44.45,1,100.1,93.0,1386,186.7,75.7,18.62,-26.125,5.223,4.196,166.0,164.6,72.0,1597,1,-16.5,0.48
5177,377,6.775,44.32,1,100.2,93.0,1389,186.7,75.4,18.71,-26.117,5.223,4.196,166.0,164.5,72.0,1597,1,-16.5,0.47
5178,377,6.775,44.42,1,100.2,93.0,1389,186.6,75.5,18.68,-26.109,5.223,4.196,166.0,164.4,72.0,1597,1,-16.6,0.47
5179,377,6.75,44.32,1,100.2,93.0,1389,186.6,75.4,18.61,-26.109,5.223,4.196,166.0,164.4,72.0,1597,1,-16.5,0.48
5180,377,6.775,44.49,1,100.2,93.0,1389,186.5,75.7,18.67,-26.109,5.223,4.196,166.0,164.3,72.0,1597,1,-16.6,0.48
5181,377,6.775,44.33,1,100.2,93.0,1390,186.5,75.6,18.69,-26.109,5.223,4.196,166.0,164.3,72.0,1597,1,-16.5,0.47
5182,377,6.775,44.44,1,100.2,93.0,1390,186.5,75.7,18.62,-26.117,5.223,4.196,166.0,164.3,72.0,1597,1,-16.6,0.47
5183,377,6.775,44.35,1,100.2,93.0,1390,186.6,75.7,18.93,-26.125,5.223,4.196,166.0,164.4,72.0,1597,1,-16.6,0.47
5184,377,6.775,44.37,1,100.4,93.10000000000001,1391,186.6,75.6,19.22,-26.125,5.223,4.196,166.0,164.4,72.0,1597,1,-16.5,0.47
5185,377,6.75,44.32,1,100.6,93.10000000000001,1392,186.6,75.7,19.19,-26.117,5.223,4.196,166.0,164.5,72.0,1597,1,-16.5,0.48
5186,377,6.775,44.42,1,100.6,93.10000000000001,1393,186.5,75.8,19.26,-26.117,5.223,4.196,166.0,164.6,72.0,1597,1,-16.6,0.47
5187,377,6.775,44.37,1,100.69999999999999,93.10000000000001,1393,186.4,75.7,19.23,-26.109,5.223,4.196,166.0,164.7,72.0,1597,1,-16.6,0.48
5188,377,6.775,44.45,1,100.6,93.10000000000001,1394,186.4,75.8,19.25,-26.109,5.223,4.196,167.0,164.9,72.0,1597,1,-16.5,0.47
5189,377,6.775,44.42,1,100.69999999999999,93.10000000000001,1394,186.4,75.7,19.1,-26.109,5.223,4.196,167.0,165.1,72.0,1597,1,-16.5,0.47
5190,377,6.775,44.4,1,100.6,93.10000000000001,1393,186.4,75.6,19.15,-26.109,5.223,4.196,167.0,165.2,72.0,1597,1,-16.5,0.46
5191,377,6.775,44.41,1,100.6,93.10000000000001,1393,186.3,75.6,19.34,-26.109,5.223,4.196,168.0,165.4,72.0,1597,1,-16.6,0.47
5192,377,6.775,44.48,1,100.6,93.10000000000001,1394,186.2,75.6,19.25,-26.117,5.223,4.196,168.0,165.5,72.0,1597,1,-16.6,0.47
5193,378,6.775,44.37,1,100.69999999999999,93.10000000000001,1394,186.2,75.6,19.14,-26.109,5.223,4.196,168.0,165.7,72.0,1597,1,-16.6,0.47
5194,378,6.775,44.37,1,100.6,93.10000000000001,1394,186.1,75.7,19.24,-26.117,5.223,4.196,168.0,165.9,72.0,1597,1,-16.6,0.47
5195,378,6.775,44.42,1,100.6,93.10000000000001,1394,186.0,75.7,19.25,-26.125,5.223,4.196,168.0,166.0,72.0,1597,1,-16.6,0.47
5196,378,6.775,44.41,1,100.6,93.10000000000001,1394,186.0,75.8,19.19,-26.125,5.223,4.196,169.0,166.3,72.0,1597,1,-16.6,0.46
5197,378,6.75,44.49,1,100.6,93.10000000000001,1394,186.0,75.7,19.25,-26.133,5.223,4.196,169.0,166.4,72.0,1597,1,-16.5,0.48
5198,378,6.775,44.52,1,100.69999999999999,93.10000000000001,1394,185.9,75.5,19.24,-26.125,5.223,4.196,169.0,166.6,72.0,1597,1,-16.6,0.47
5199,378,6.775,44.6,1,100.69999999999999,93.10000000000001,1394,185.9,75.7,19.31,-26.133,5.223,4.196,169.0,166.8,72.0,1597,1,-16.6,0.46
5200,378,6.775,44.47,1,100.69999999999999,93.10000000000001,1395,185.9,75.8,19.24,-26.133,5.223,4.196,169.0,166.9,72.0,1597,1,-16.5,0.46
5201,378,6.775,44.41,1,100.69999999999999,93.10000000000001,1394,185.8,75.6,19.24,-26.125,5.223,4.196,170.0,167.1,72.0,1597,1,-16.6,0.48
5202,378,6.775,44.39,1,100.69999999999999,93.10000000000001,1394,185.7,75.7,19.21,-26.125,5.223,4.196,169.0,167.3,72.0,1597,1,-16.6,0.47
5203,378,6.775,44.4,1,100.6,93.10000000000001,1394,185.7,75.7,19.2,-26.117,5.223,4.196,170.0,167.5,72.0,1597,1,-16.6,0.47
5204,378,6.775,44.36,1,100.6,93.10000000000001,1394,185.7,75.8,19.21,-26.117,5.223,4.196,171.0,167.6,72.0,1597,1,-16.6,0.47
5205,378,6.775,44.41,1,100.6,93.10000000000001,1394,185.7,75.8,19.21,-26.117,5.223,4.196,171.0,167.8,72.0,1597,1,-16.6,0.47
5206,378,6.775,44.44,1,100.6,93.10000000000001,1394,185.7,75.8,19.22,-26.117,5.223,4.196,171.0,168.0,72.0,1597,1,-16.6,0.48
5207,378,6.775,44.38,1,100.6,93.10000000000001,1395,185.7,75.8,19.24,-26.109,5.223,4.196,171.0,168.2,72.0,1597,1,-16.6,0.47
5208,378,6.775,44.32,1,100.6,93.10000000000001,1395,185.7,75.7,19.2,-26.117,5.223,4.196,171.0,168.4,72.0,1597,1,-16.6,0.48
5209,379,6.775,44.46,1,100.6,93.10000000000001,1394,185.7,75.6,19.2,-26.109,5.223,4.196,171.0,168.5,72.0,1597,1,-16.6,0.47
5210,379,6.775,44.47,1,100.6,93.10000000000001,1394,185.7,75.6,19.28,-26.109,5.223,4.196,171.0,168.7,72.0,1597,1,-16.6,0.47
5211,379,6.775,44.46,1,100.69999999999999,93.10000000000001,1394,185.7,75.7,19.2,-26.109,5.227,4.196,172.0,168.8,72.0,1597,1,-16.6,0.47
5212,379,6.775,44.51,1,100.6,93.10000000000001,1394,185.7,75.7,19.25,-26.117,5.227,4.196,172.0,169.0,72.0,1597,1,-16.6,0.47
5213,379,6.775,44.48,1,100.6,93.10000000000001,1395,185.7,75.7,19.24,-26.109,5.227,4.196,172.0,169.1,72.0,1597,1,-16.6,0.47
5214,379,6.775,44.45,1,100.6,93.10000000000001,1395,185.7,75.6,19.17,-26.117,5.227,4.196,172.0,169.3,72.0,1597,1,-16.6,0.47
5215,379,6.775,44.43,1,100.6,93.10000000000001,1395,185.7,75.6,19.2,-26.117,5.227,4.196,172.0,169.4,72.0,1597,1,-16.6,0.48
5216,379,6.775,44.4,1,100.6,93.10000000000001,1395,185.7,75.7,19.32,-26.125,5.227,4.196,172.0,169.6,72.0,1597,1,-16.6,0.48
5217,379,6.775,44.5,1,100.69999999999999,93.10000000000001,1395,185.8,75.6,19.25,-26.133,5.227,4.196,172.0,169.7,72.0,1597,1,-16.6,0.46
5218,379,6.775,44.48,1,100.69999999999999,93.10000000000001,1395,185.9,75.7,19.25,-26.133,5.227,4.196,172.0,169.8,72.0,1597,1,-16.6,0.47
5219,379,6.775,44.38,1,100.69999999999999,93.10000000000001,1395,185.8,75.7,19.31,-26.141,5.227,4.196,172.0,170.0,72.0,1597,1,-16.6,0.47
5220,379,6.775,44.45,1,100.69999999999999,93.10000000000001,1394,185.8,75.7,19.24,-26.148,5.227,4.196,173.0,170.1,72.0,1597,1,-16.6,0.47
5221,379,6.775,44.4,1,100.69999999999999,93.10000000000001,1395,185.8,75.7,19.1,-26.156,5.227,4.196,173.0,170.2,72.0,1596,1,-16.6,0.48
5222,379,6.775,44.49,1,100.69999999999999,93.10000000000001,1395,185.8,75.5,19.27,-26.156,5.227,4.196,173.0,170.3,72.0,1596,1,-16.6,0.47
5223,379,6.775,44.48,1,100.69999999999999,93.10000000000001,1395,185.7,75.6,19.16,-26.156,5.227,4.196,173.0,170.4,72.0,1596,1,-16.6,0.48
5224,379,6.775,44.43,1,100.69999999999999,93.10000000000001,1394,185.7,75.6,19.19,-26.164,5.227,4.196,173.0,170.5,72.0,1596,1,-16.6,0.47
5225,379,6.775,44.54,1,100.69999999999999,93.10000000000001,1395,185.8,75.7,19.18,-26.156,5.227,4.196,173.0,170.5,72.0,1596,1,-16.6,0.46
5226,379,6.775,44.49,1,100.6,93.10000000000001,1394,185.9,75.6,19.2,-26.156,5.227,4.196,173.0,170.5,72.0,1596,1,-16.6,0.47
5227,379,6.775,44.33,1,100.69999999999999,93.10000000000001,1395,185.9,75.8,19.2,-26.148,5.227,4.196,173.0,170.5,72.0,1596,1,-16.6,0.47
5228,379,6.775,44.5,1,100.69999999999999,93.10000000000001,1395,185.8,75.9,19.18,-26.148,5.227,4.196,173.0,170.5,72.0,1596,1,-16.6,0.48
5229,380,6.775,44.42,1,100.6,93.10000000000001,1395,185.8,75.7,19.24,-26.148,5.227,4.196,173.0,170.4,72.0,1596,1,-16.6,0.47
5230,380,6.775,44.51,1,100.69999999999999,93.10000000000001,1396,185.9,75.7,19.29,-26.141,5.227,4.196,173.0,170.4,72.0,1596,1,-16.6,0.48
5231,380,6.775,44.37,1,100.6,93.0,1396,185.9,75.5,18.5,-26.148,5.227,4.196,173.0,170.3,72.0,1596,1,-16.6,0.47
5232,380,6.75,44.36,1,100.2,92.9,1395,185.9,75.5,18.18,-26.148,5.227,4.196,172.0,170.2,72.0,1596,1,-16.6,0.47
5233,380,6.775,44.38,1,100.0,92.9,1392,185.9,75.5,18.21,-26.148,5.23,4.196,172.0,170.1,72.0,1596,1,-16.6,0.47
5234,380,6.775,44.38,1,99.9,92.9,1392,186.0,75.3,18.2,-26.148,5.227,4.196,172.0,170.0,72.0,1596,1,-16.6,0.47
5235,380,6.775,44.39,1,99.9,92.9,1392,186.0,75.4,17.7,-26.156,5.227,4.196,172.0,169.8,72.0,1596,1,-16.6,0.46
5236,380,6.775,44.38,1,99.6,92.80000000000001,1390,186.1,75.2,17.55,-26.156,5.227,4.196,172.0,169.7,72.0,1596,1,-16.6,0.47
5237,380,6.775,44.32,1,99.5,92.80000000000001,1389,186.1,75.3,17.49,-26.164,5.23,4.196,172.0,169.5,72.0,1596,1,-16.6,0.47
5238,379,6.775,44.35,1,99.4,92.7,1387,186.2,75.5,17.48,-26.164,5.23,4.196,172.0,169.3,72.0,1596,1,-16.6,0.47
5239,379,6.775,44.41,1,99.4,92.80000000000001,1386,186.2,75.5,17.52,-26.164,5.23,4.196,172.0,169.2,72.0,1596,1,-16.6,0.47
5240,379,6.775,44.36,1,99.4,92.80000000000001,1386,186.3,75.4,17.5,-26.164,5.23,4.196,171.0,168.9,72.0,1596,1,-16.6,0.47
5241,379,6.775,44.35,1,99.4,92.80000000000001,1386,186.3,75.3,17.44,-26.164,5.23,4.196,171.0,168.8,72.0,1596,1,-16.6,0.46
5242,379,6.775,44.35,1,99.2,92.7,1385,186.2,75.3,16.91,-26.164,5.23,4.196,171.0,168.6,72.0,1596,1,-16.6,0.46
5243,379,6.775,44.29,1,99.0,92.60000000000001,1385,186.3,75.3,16.81,-26.164,5.23,4.196,171.0,168.4,72.0,1596,1,-16.6,0.47
5244,379,6.775,44.3,1,98.9,92.60000000000001,1384,186.6,75.2,16.82,-26.156,5.227,4.196,170.0,168.2,72.0,1596,1,-16.6,0.46
5245,379,6.775,44.32,1,98.9,92.60000000000001,1383,186.6,75.2,16.8,-26.156,5.227,4.196,170.0,168.0,72.0,1596,1,-16.6,0.46
5246,379,6.775,44.26,1,98.9,92.60000000000001,1382,186.7,75.1,16.86,-26.148,5.227,4.196,170.0,167.8,72.0,1596,1,-16.6,0.46
5247,379,6.775,44.23,1,98.9,92.60000000000001,1380,186.7,75.1,16.84,-26.148,5.227,4.196,170.0,167.6,72.0,1596,1,-16.6,0.46
5248,379,6.775,44.45,1,98.8,92.60000000000001,1380,186.6,75.2,16.83,-26.141,5.227,4.196,169.0,167.3,72.0,1596,1,-16.6,0.46
5249,379,6.75,44.29,1,98.8,92.60000000000001,1380,186.6,75.1,16.77,-26.141,5.227,4.196,169.0,167.1,72.0,1596,1,-16.6,0.47
5250,379,6.775,44.3,1,98.8,92.60000000000001,1381,186.7,75.1,16.85,-26.141,5.227,4.196,169.0,167.0,72.0,1596,1,-16.6,0.46
5251,379,6.775,44.24,1,98.8,92.60000000000001,1380,186.8,75.1,16.8,-26.141,5.227,4.196,169.0,166.8,72.0,1596,1,-16.6,0.47
5252,379,6.775,44.46,1,98.9,92.60000000000001,1380,186.7,75.2,16.87,-26.156,5.223,4.196,169.0,166.6,72.0,1596,1,-16.6,0.47
5253,379,6.775,44.3,1,98.9,92.60000000000001,1379,186.8,75.1,16.76,-26.148,5.223,4.196,168.0,166.4,72.0,1596,1,-16.6,0.47
5254,378,6.775,44.3,1,98.9,92.60000000000001,1379,186.9,75.1,16.79,-26.148,5.223,4.196,168.0,166.2,72.0,1596,1,-16.6,0.46
5255,378,6.775,44.31,1,98.8,92.60000000000001,1379,186.9,75.1,16.82,-26.148,5.223,4.196,168.0,166.1,72.0,1596,1,-16.6,0.46
5256,378,6.75,44.28,1,98.9,92.60000000000001,1379,187.0,75.2,16.79,-26.156,5.223,4.196,168.0,165.9,72.0,1596,1,-16.6,0.46
5257,378,6.75,44.33,1,98.9,92.60000000000001,1379,187.0,75.3,16.82,-26.164,5.223,4.196,168.0,165.7,72.0,1596,1,-16.6,0.46
5258,378,6.75,44.32,1,98.9,92.60000000000001,1379,187.0,75.3,16.82,-26.164,5.223,4.196,168.0,165.6,72.0,1596,1,-16.6,0.47
5259,378,6.775,44.33,1,98.8,92.60000000000001,1379,187.2,75.3,16.81,-26.156,5.223,4.196,167.0,165.4,72.0,1596,1,-16.6,0.47
5260,378,6.775,44.25,1,98.9,92.60000000000001,1379,187.2,75.2,16.8,-26.156,5.223,4.196,167.0,165.2,72.0,1596,1,-16.6,0.47
5261,378,6.775,44.4,1,98.8,92.60000000000001,1378,187.2,75.1,17.0,-26.156,5.223,4.196,167.0,165.0,72.0,1596,1,-16.6,0.48
5262,378,6.775,44.3,1,99.0,92.7,1379,187.3,75.1,17.84,-26.156,5.219,4.196,167.0,164.9,72.0,1596,1,-16.6,0.47
5263,378,6.775,44.38,1,99.5,92.9,1381,187.2,75.3,18.04,-26.164,5.223,4.196,167.0,164.7,72.0,1596,1,-16.6,0.47
5264,378,6.75,44.35,1,99.7,92.9,1384,187.2,75.4,18.12,-26.156,5.223,4.196,166.0,164.6,72.0,1596,1,-16.6,0.47
5265,378,6.775,44.38,1,99.8,92.9,1384,187.2,75.4,18.08,-26.156,5.223,4.196,166.0,164.5,72.0,1596,1,-16.6,0.47
5266,378,6.775,44.34,1,99.8,92.9,1385,187.1,75.3,18.12,-26.156,5.223,4.196,166.0,164.3,72.0,1596,1,-16.6,0.47
5267,378,6.775,44.42,1,99.8,92.9,1386,187.1,75.3,18.08,-26.156,5.223,4.196,166.0,164.2,72.0,1596,1,-16.6,0.47
5268,378,6.775,44.32,1,99.8,92.9,1386,187.0,75.4,18.08,-26.164,5.223,4.196,166.0,164.1,72.0,1596,1,-16.6,0.48
5269,378,6.775,44.4,1,99.8,92.9,1387,187.0,75.4,18.11,-26.164,5.223,4.196,166.0,163.9,72.0,1596,1,-16.6,0.47
5270,378,6.775,44.38,1,99.9,92.9,1387,186.9,75.5,18.59,-26.172,5.223,4.196,166.0,163.8,72.0,1595,1,-16.6,0.47
5271,378,6.775,44.4,1,100.1,93.0,1388,186.9,75.5,18.77,-26.172,5.223,4.196,166.0,163.7,72.0,1595,1,-16.6,0.47
5272,378,6.75,44.44,1,100.29999999999998,93.0,1390,186.8,75.5,18.86,-26.18,5.223,4.196,165.0,163.6,72.0,1595,1,-16.6,0.48
5273,378,6.775,44.37,1,100.29999999999998,93.0,1391,186.8,75.6,18.8,-26.172,5.223,4.196,165.0,163.5,72.0,1595,1,-16.6,0.48
5274,378,6.775,44.38,1,100.29999999999998,93.0,1391,186.7,75.6,18.75,-26.172,5.223,4.196,165.0,163.3,72.0,1595,1,-16.6,0.49
5275,378,6.775,44.25,1,100.29999999999998,93.0,1391,186.7,75.4,18.72,-26.164,5.223,4.196,165.0,163.2,72.0,1595,1,-16.6,0.48
5276,378,6.775,44.4,1,100.29999999999998,93.0,1391,186.7,75.4,18.76,-26.164,5.223,4.196,165.0,163.1,72.0,1595,1,-16.6,0.47
5277,378,6.775,44.35,1,100.29999999999998,93.0,1391,186.6,75.5,18.73,-26.156,5.223,4.196,165.0,163.0,72.0,1595,1,-16.6,0.48
5278,378,6.775,44.4,1,100.29999999999998,93.0,1391,186.6,75.5,18.84,-26.156,5.223,4.196,165.0,162.9,72.0,1595,1,-16.6,0.48
5279,378,6.775,44.43,1,100.29999999999998,93.0,1391,186.5,75.6,18.75,-26.156,5.223,4.196,165.0,162.8,72.0,1595,1,-16.6,0.47
5280,378,6.775,44.4,1,100.29999999999998,93.0,1391,186.4,75.4,18.8,-26.148,5.223,4.196,165.0,162.7,72.0,1595,1,-16.6,0.47
5281,378,6.775,44.42,1,100.29999999999998,93.0,1392,186.5,75.5,18.76,-26.141,5.223,4.196,165.0,162.6,72.0,1595,1,-16.6,0.47
5282,378,6.775,44.41,1,100.29999999999998,93.0,1392,186.5,75.5,18.72,-26.141,5.223,4.196,164.0,162.5,72.0,1595,1,-16.6,0.47
5283,378,6.775,44.47,1,100.29999999999998,93.0,1393,186.4,75.6,18.79,-26.141,5.223,4.196,165.0,162.4,72.0,1595,1,-16.6,0.48
5284,378,6.775,44.41,1,100.29999999999998,93.0,1393,186.4,75.6,18.75,-26.141,5.223,4.196,164.0,162.4,72.0,1595,1,-16.6,0.47
5285,378,6.775,44.38,1,100.29999999999998,93.0,1393,186.3,75.7,18.79,-26.141,5.223,4.196,165.0,162.3,72.0,1595,1,-16.6,0.47
5286,378,6.775,44.42,1,100.4,93.10000000000001,1393,186.2,75.6,18.75,-26.141,5.223,4.196,164.0,162.2,72.0,1595,1,-16.6,0.47
5287,378,6.775,44.45,1,100.29999999999998,93.0,1393,186.1,75.7,18.72,-26.141,5.223,4.196,164.0,162.2,72.0,1595,1,-16.6,0.47
5288,378,6.775,44.5,1,100.29999999999998,93.0,1392,186.1,75.6,18.75,-26.148,5.227,4.196,164.0,162.1,72.0,1595,1,-16.6,0.47
5289,378,6.75,44.36,1,100.29999999999998,93.0,1392,186.1,75.7,18.8,-26.141,5.227,4.196,164.0,162.0,72.0,1595,1,-16.6,0.47
5290,378,6.775,44.39,1,100.4,93.0,1392,186.1,75.4,18.77,-26.148,5.227,4.196,164.0,162.0,72.0,1595,1,-16.6,0.47
5291,378,6.775,44.54,1,100.29999999999998,93.0,1393,186.0,75.5,18.76,-26.148,5.227,4.196,164.0,162.0,72.0,1595,1,-16.6,0.47
5292,378,6.775,44.42,1,100.29999999999998,93.0,1393,186.0,75.5,18.77,-26.148,5.227,4.196,163.0,161.9,72.0,1595,1,-16.6,0.48
5293,378,6.775,44.45,1,100.29999999999998,93.0,1393,186.0,75.5,18.79,-26.148,5.227,4.196,163.0,161.8,72.0,1595,1,-16.6,0.48
5294,378,6.775,44.41,1,100.29999999999998,93.0,1393,186.0,75.5,18.79,-26.148,5.227,4.196,164.0,161.8,72.0,1595,1,-16.6,0.47
5295,378,6.775,44.45,1,100.29999999999998,93.0,1392,186.1,75.6,18.7,-26.156,5.227,4.196,163.0,161.7,72.0,1595,1,-16.6,0.48
5296,378,6.775,44.38,1,100.29999999999998,93.0,1392,186.0,75.6,18.77,-26.164,5.227,4.196,163.0,161.7,72.0,1595,1,-16.6,0.48
5297,378,6.775,44.42,1,100.29999999999998,93.0,1392,186.0,75.7,18.71,-26.172,5.227,4.196,163.0,161.6,72.0,1595,1,-16.6,0.48
5298,378,6.775,44.41,1,100.29999999999998,93.0,1392,186.0,75.6,18.76,-26.172,5.223,4.196,163.0,161.6,72.0,1595,1,-16.6,0.47
5299,378,6.775,44.44,1,100.29999999999998,93.0,1391,186.0,75.6,18.78,-26.18,5.223,4.196,163.0,161.5,72.0,1595,1,-16.6,0.47
5300,378,6.775,44.42,1,100.29999999999998,93.0,1391,186.0,75.7,18.76,-26.195,5.223,4.196,163.0,161.5,72.0,1595,1,-16.6,0.47
5301,378,6.75,44.41,1,100.4,93.0,1391,186.0,75.6,18.76,-26.203,5.223,4.196,163.0,161.5,72.0,1595,1,-16.6,0.47
5302,378,6.775,44.38,1,100.4,93.0,1391,186.0,75.5,18.73,-26.211,5.223,4.196,163.0,161.5,72.0,1595,1,-16.6,0.46
5303,378,6.775,44.32,1,100.4,93.0,1391,185.9,75.6,18.7,-26.219,5.223,4.196,163.0,161.4,72.0,1595,1,-16.6,0.48
5304,378,6.775,44.47,1,100.4,93.0,1391,185.8,75.5,18.78,-26.227,5.223,4.196,163.0,161.4,72.0,1595,1,-16.6,0.47
5305,378,6.775,44.48,1,100.4,93.0,1392,185.9,75.5,18.67,-26.242,5.223,4.196,163.0,161.3,72.0,1595,1,-16.6,0.48
5306,378,6.775,44.47,1,100.29999999999998,93.0,1391,185.9,75.4,18.7,-26.25,5.223,4.196,163.0,161.3,72.0,1595,1,-16.7,0.48
5307,378,6.775,44.54,1,100.29999999999998,93.0,1391,186.0,75.5,18.79,-26.258,5.223,4.196,163.0,161.2,72.0,1595,1,-16.6,0.47
5308,378,6.775,44.46,1,100.4,93.0,1391,186.0,75.5,18.73,-26.266,5.223,4.196,163.0,161.2,72.0,1595,1,-16.6,0.48
5309,378,6.775,44.55,1,100.4,93.0,1391,185.9,75.6,18.74,-26.273,5.227,4.196,163.0,161.2,72.0,1595,1,-16.6,0.47
5310,379,6.775,44.42,1,100.4,93.0,1391,186.0,75.5,18.77,-26.281,5.227,4.196,163.0,161.2,72.0,1595,1,-16.6,0.47
5311,379,6.775,44.51,1,100.4,93.0,1392,185.9,75.6,18.77,-26.289,5.227,4.196,163.0,161.2,72.0,1595,1,-16.7,0.47
5312,379,6.775,44.43,1,100.4,93.0,1393,185.9,75.7,18.71,-26.289,5.227,4.196,163.0,161.1,72.0,1595,1,-16.6,0.47
5313,379,6.775,44.36,1,100.29999999999998,92.9,1392,185.9,75.7,18.5,-26.297,5.227,4.196,163.0,161.2,72.0,1595,1,-16.7,0.47
5314,379,6.775,44.44,1,100.29999999999998,92.9,1392,186.0,75.6,18.53,-26.297,5.223,4.196,163.0,161.1,72.0,1595,1,-16.7,0.47
5315,379,6.775,44.39,1,100.2,93.0,1391,186.0,75.6,18.51,-26.305,5.227,4.196,163.0,161.1,72.0,1595,1,-16.6,0.47
5316,379,6.775,44.46,1,100.2,92.9,1391,186.0,75.6,18.5,-26.305,5.223,4.196,163.0,161.1,72.0,1595,1,-16.6,0.47
5317,379,6.775,44.48,1,100.2,93.0,1391,185.9,75.5,18.46,-26.312,5.223,4.196,163.0,161.1,72.0,1594,1,-16.6,0.47
5318,379,6.75,44.45,1,100.2,92.9,1391,185.9,75.5,18.5,-26.312,5.223,4.196,163.0,161.1,72.0,1594,1,-16.7,0.46
5319,379,6.775,44.38,1,100.2,93.0,1390,185.9,75.6,18.54,-26.32,5.223,4.196,163.0,161.1,72.0,1594,1,-16.7,0.46
5320,379,6.775,44.47,1,100.2,92.9,1390,185.9,75.6,18.46,-26.32,5.223,4.196,163.0,161.1,72.0,1594,1,-16.7,0.47
5321,379,6.775,44.48,1,100.2,93.0,1390,185.9,75.5,18.48,-26.328,5.223,4.196,163.0,161.1,72.0,1594,1,-16.6,0.46
5322,379,6.775,44.44,1,100.2,92.9,1390,186.0,75.6,18.49,-26.328,5.227,4.196,163.0,161.1,72.0,1594,1,-16.7,0.47
5323,379,6.775,44.25,1,100.2,93.0,1390,185.9,75.6,18.49,-26.328,5.227,4.196,163.0,161.1,72.0,1594,1,-16.6,0.47
5324,378,6.775,44.46,1,100.2,93.0,1390,185.9,75.6,18.51,-26.328,5.227,4.196,163.0,161.1,72.0,1594,1,-16.7,0.47
5325,378,6.775,44.46,1,100.2,92.9,1391,185.8,75.5,18.49,-26.328,5.227,4.196,163.0,161.0,72.0,1594,1,-16.7,0.46
5326,379,6.775,44.37,1,100.2,92.9,1390,185.8,75.4,18.5,-26.328,5.227,4.196,163.0,161.1,72.0,1594,1,-16.6,0.46
5327,378,6.775,44.47,1,100.2,92.9,1390,185.8,75.5,18.53,-26.328,5.227,4.196,163.0,161.1,72.0,1594,1,-16.7,0.47
5328,378,6.775,44.37,1,100.2,93.0,1390,185.7,75.4,18.5,-26.328,5.223,4.196,163.0,161.1,72.0,1594,1,-16.7,0.48
5329,378,6.775,44.38,1,100.29999999999998,93.0,1391,185.7,75.4,18.74,-26.328,5.227,4.196,163.0,161.0,72.0,1594,1,-16.7,0.47
5330,378,6.775,44.45,1,100.6,93.10000000000001,1392,185.7,75.7,19.65,-26.328,5.223,4.196,163.0,161.1,72.0,1594,1,-16.7,0.47
5331,379,6.775,44.45,1,100.89999999999999,93.2,1394,185.8,75.7,19.81,-26.32,5.223,4.196,163.0,161.1,72.0,1594,1,-16.7,0.47
5332,379,6.775,44.54,1,101.1,93.2,1396,185.8,75.7,19.8,-26.32,5.223,4.196,163.0,161.0,72.0,1594,1,-16.7,0.48
5333,379,6.775,44.48,1,101.2,93.2,1396,185.7,75.8,19.8,-26.32,5.223,4.196,163.0,161.0,72.0,1594,1,-16.7,0.47
5334,379,6.775,44.48,1,101.2,93.2,1397,185.8,75.7,19.79,-26.32,5.223,4.196,163.0,161.0,72.0,1594,1,-16.6,0.48
5335,379,6.75,44.41,1,101.2,93.2,1397,185.8,75.7,19.82,-26.312,5.223,4.196,163.0,161.0,72.0,1594,1,-16.7,0.47
5336,379,6.75,44.47,1,101.2,93.2,1397,185.7,75.8,19.73,-26.312,5.227,4.196,163.0,161.0,72.0,1594,1,-16.7,0.48
5337,379,6.775,44.49,1,101.2,93.2,1397,185.7,75.7,19.76,-26.312,5.227,4.196,163.0,161.0,72.0,1594,1,-16.7,0.47
5338,379,6.775,44.49,1,101.2,93.2,1397,185.7,75.8,19.82,-26.32,5.223,4.196,163.0,161.0,72.0,1594,1,-16.7,0.47
5339,379,6.775,44.53,1,101.2,93.2,1397,185.7,75.7,19.78,-26.312,5.223,4.196,163.0,161.0,72.0,1594,1,-16.7,0.48
5340,379,6.775,44.48,1,101.2,93.2,1397,185.7,75.9,19.79,-26.32,5.223,4.196,163.0,160.9,72.0,1594,1,-16.7,0.47
5341,379,6.775,44.43,1,101.2,93.2,1398,185.6,75.6,19.8,-26.32,5.227,4.196,163.0,161.0,72.0,1594,1,-16.7,0.47
5342,379,6.775,44.44,1,101.2,93.2,1398,185.6,75.7,19.81,-26.32,5.227,4.196,163.0,161.0,72.0,1594,1,-16.7,0.47
5343,379,6.775,44.56,1,101.2,93.2,1397,185.6,75.7,19.78,-26.32,5.227,4.196,163.0,161.0,72.0,1594,1,-16.7,0.47
5344,379,6.775,44.49,1,101.2,93.2,1397,185.6,75.8,19.8,-26.328,5.227,4.196,163.0,161.0,72.0,1594,1,-16.7,0.47
5345,380,6.775,44.5,1,101.2,93.2,1397,185.5,75.7,19.81,-26.328,5.227,4.196,163.0,161.0,72.0,1594,1,-16.7,0.47
5346,380,6.775,44.45,1,101.2,93.2,1398,185.4,75.7,19.77,-26.32,5.227,4.196,163.0,161.0,72.0,1594,1,-16.7,0.47
5347,380,6.75,44.62,1,101.2,93.2,1398,185.4,75.8,19.8,-26.32,5.227,4.196,163.0,161.0,72.0,1594,1,-16.7,0.47
5348,380,6.775,44.56,1,101.2,93.2,1398,185.4,75.8,19.77,-26.32,5.227,4.196,163.0,161.1,72.0,1594,1,-16.7,0.47
5349,380,6.775,44.52,1,101.2,93.2,1398,185.3,75.7,19.79,-26.32,5.227,4.196,163.0,161.0,72.0,1594,1,-16.7,0.46
5350,380,6.775,44.39,1,101.2,93.2,1398,185.3,75.6,19.8,-26.32,5.227,4.196,163.0,161.0,72.0,1594,1,-16.7,0.47
5351,380,6.775,44.57,1,101.2,93.2,1399,185.3,75.8,19.8,-26.32,5.227,4.196,163.0,161.0,72.0,1594,1,-16.7,0.47
5352,380,6.75,44.5,1,101.2,93.2,1399,185.3,75.7,19.8,-26.32,5.23,4.196,163.0,161.0,72.0,1594,1,-16.7,0.47
5353,380,6.75,44.52,1,101.2,93.2,1398,185.3,75.6,19.62,-26.312,5.23,4.196,163.0,161.0,72.0,1594,1,-16.7,0.46
5354,380,6.775,44.52,1,101.0,93.10000000000001,1398,185.2,75.6,18.85,-26.312,5.23,4.196,163.0,161.0,72.0,1594,1,-16.7,0.47
5355,380,6.775,44.49,1,100.4,92.80000000000001,1396,185.2,75.4,17.66,-26.312,5.23,4.196,163.0,161.0,72.0,1594,1,-16.7,0.47
5356,381,6.775,44.26,1,99.8,92.7,1392,185.2,75.2,17.46,-26.32,5.23,4.195,163.0,161.0,72.0,1594,1,-16.7,0.47
5357,381,6.775,44.03,1,99.5,92.7,1390,185.3,75.4,17.42,-26.328,5.23,4.196,163.0,161.0,72.0,1594,1,-16.7,0.45
5358,380,6.75,44.25,1,99.5,92.80000000000001,1389,185.4,75.2,17.42,-26.328,5.23,4.196,163.0,161.0,72.0,1594,1,-16.7,0.46
5359,380,6.75,44.05,1,99.4,92.7,1387,185.4,75.4,17.41,-26.336,5.23,4.196,163.0,161.0,72.0,1594,1,-16.7,0.46
5360,380,6.775,44.41,1,99.4,92.7,1386,185.4,75.4,17.39,-26.344,5.23,4.196,163.0,161.0,72.0,1594,1,-16.7,0.46
5361,380,6.775,44.4,1,99.4,92.7,1386,185.6,75.3,17.34,-26.352,5.23,4.196,163.0,161.0,72.0,1594,1,-16.7,0.47
5362,380,6.775,44.01,1,99.4,92.80000000000001,1386,185.7,75.3,17.32,-26.359,5.23,4.196,163.0,161.0,72.0,1593,1,-16.7,0.47
5363,380,6.775,44.41,1,99.4,92.7,1386,185.7,75.2,17.37,-26.367,5.23,4.196,163.0,161.0,72.0,1593,1,-16.7,0.47
5364,380,6.75,44.32,1,99.4,92.7,1385,185.8,75.3,17.38,-26.367,5.23,4.196,163.0,161.0,72.0,1593,1,-16.7,0.46
5365,380,6.75,44.33,1,99.4,92.7,1384,185.9,75.2,17.4,-26.375,5.23,4.196,163.0,161.0,72.0,1593,1,-16.7,0.47
5366,380,6.775,44.27,1,99.4,92.7,1384,185.9,75.2,17.29,-26.375,5.23,4.196,163.0,161.0,72.0,1593,1,-16.7,0.47
5367,380,6.775,44.39,1,99.4,92.7,1384,185.9,75.2,17.35,-26.375,5.23,4.196,163.0,161.0,72.0,1593,1,-16.7,0.46
5368,380,6.775,44.31,1,99.4,92.7,1385,186.0,75.2,17.36,-26.383,5.23,4.196,163.0,161.0,72.0,1593,1,-16.7,0.47
5369,380,6.775,44.42,1,99.4,92.7,1385,186.2,75.4,17.36,-26.383,5.23,4.196,163.0,160.9,72.0,1593,1,-16.7,0.47
5370,380,6.775,44.38,1,99.4,92.7,1384,186.2,75.4,17.44,-26.391,5.23,4.196,163.0,160.9,72.0,1593,1,-16.7,0.46
5371,380,6.75,44.34,1,99.4,92.7,1384,186.3,75.2,17.38,-26.398,5.23,4.196,163.0,160.9,72.0,1593,1,-16.7,0.46
5372,380,6.775,44.34,1,99.5,92.7,1384,186.4,75.1,17.48,-26.398,5.23,4.196,163.0,160.9,72.0,1593,1,-16.7,0.45
5373,380,6.775,44.32,1,99.5,92.7,1384,186.4,75.3,17.4,-26.398,5.227,4.196,163.0,160.9,72.0,1593,1,-16.7,0.47
5374,380,6.775,44.34,1,99.4,92.7,1384,186.3,75.3,17.33,-26.406,5.227,4.196,163.0,160.8,72.0,1593,1,-16.7,0.46
5375,380,6.775,44.3,1,99.4,92.7,1383,186.4,75.3,17.32,-26.406,5.227,4.196,163.0,160.9,72.0,1593,1,-16.7,0.48
5376,380,6.75,44.36,1,99.4,92.7,1383,186.4,75.3,17.37,-26.406,5.227,4.196,163.0,160.8,72.0,1593,1,-16.7,0.47
5377,380,6.75,44.27,1,99.4,92.7,1382,186.4,75.4,17.32,-26.414,5.227,4.196,163.0,160.8,72.0,1593,1,-16.7,0.47
5378,380,6.75,44.22,1,99.4,92.7,1383,186.4,75.5,17.43,-26.422,5.227,4.196,163.0,160.8,72.0,1593,1,-16.7,0.47
5379,380,6.775,44.29,1,99.4,92.7,1383,186.4,75.4,16.98,-26.422,5.227,4.196,163.0,160.7,72.0,1593,1,-16.7,0.47
5380,381,6.775,44.35,1,99.1,92.5,1382,186.4,75.3,15.9,-26.422,5.227,4.196,163.0,160.7,72.0,1593,1,-16.7,0.48
5381,381,6.775,44.15,1,98.4,92.2,1379,186.5,75.1,14.02,-26.43,5.227,4.196,163.0,160.7,72.0,1593,1,-16.7,0.47
5382,381,6.75,44.03,1,97.1,91.60000000000001,1372,186.5,74.6,11.8,-26.438,5.23,4.196,163.0,160.7,72.0,1593,1,-16.7,0.46
5383,381,6.75,43.85,1,95.19999999999999,90.7,1358,186.6,74.0,9.41,-26.461,5.234,4.196,163.0,160.7,72.0,1593,1,-16.7,0.47
5384,381,6.75,43.72,1,93.5,89.9,1341,186.6,73.3,7.33,-26.484,5.238,4.196,163.0,160.7,72.0,1593,1,-16.7,0.47
5385,381,6.75,43.53,1,91.7,89.0,1320,186.8,72.5,5.93,-26.508,5.238,4.196,163.0,160.6,72.0,1593,1,-16.7,0.47
5386,381,6.75,43.39,1,90.2,88.5,1297,187.0,72.1,5.07,-26.539,5.242,4.196,163.0,160.6,72.0,1593,1,-16.7,0.46
5387,381,6.75,43.41,1,89.5,88.2,1280,187.2,71.6,4.97,-26.555,5.246,4.196,163.0,160.6,72.0,1593,1,-16.8,0.47
5388,381,6.75,43.45,1,89.2,88.2,1266,187.5,71.5,5.01,-26.555,5.25,4.196,162.0,160.5,72.0,1593,1,-16.8,0.47
5389,381,6.75,43.36,1,89.1,88.2,1258,187.9,71.4,5.03,-26.547,5.25,4.196,162.0,160.4,72.0,1593,1,-16.7,0.46
5390,380,6.725,43.45,1,89.0,88.1,1251,188.2,71.4,4.95,-26.531,5.254,4.196,162.0,160.4,72.0,1593,1,-16.7,0.47
5391,380,6.725,43.43,1,89.0,88.1,1247,188.5,71.4,4.91,-26.523,5.258,4.196,162.0,160.3,72.0,1593,1,-16.7,0.47
5392,380,6.725,43.45,1,89.0,88.1,1244,189.0,71.4,4.87,-26.492,5.262,4.196,162.0,160.2,72.0,1593,1,-16.7,0.47
5393,380,6.725,43.38,1,89.0,88.1,1241,189.3,71.4,4.9,-26.469,5.262,4.196,162.0,160.1,72.0,1593,1,-16.8,0.47
5394,379,6.725,43.4,1,89.0,88.1,1239,189.8,71.5,4.93,-26.438,5.266,4.196,162.0,160.0,72.0,1593,1,-16.8,0.48
5395,379,6.725,43.41,1,88.9,88.1,1237,190.1,71.6,4.93,-26.398,5.27,4.196,162.0,159.9,72.0,1593,1,-16.8,0.48
5396,379,6.725,43.53,1,88.9,88.1,1236,190.4,71.6,4.88,-26.359,5.273,4.196,162.0,159.8,72.0,1593,1,-16.7,0.46
5397,379,6.7,43.44,1,88.9,88.1,1234,190.7,71.5,4.98,-26.328,5.273,4.196,162.0,159.7,72.0,1593,1,-16.7,0.47
5398,378,6.7,43.47,1,88.9,88.1,1233,191.0,71.4,5.04,-26.289,5.277,4.196,162.0,159.6,72.0,1593,1,-16.7,0.46
5399,378,6.7,43.56,1,88.9,88.1,1232,191.4,71.6,5.0,-26.25,5.277,4.196,162.0,159.4,72.0,1593,1,-16.7,0.46
5400,378,6.7,43.49,1,88.9,88.1,1231,191.7,71.5,4.91,-26.211,5.281,4.196,161.0,159.3,72.0,1593,1,-16.7,0.47
5401,378,6.7,43.48,1,88.9,88.1,1230,192.0,71.6,5.5,-26.172,5.285,4.196,161.0,159.1,72.0,1593,1,-16.8,0.47
5402,377,6.7,43.64,1,89.2,88.4,1231,192.3,71.6,5.97,-26.133,5.285,4.196,161.0,159.0,72.0,1593,1,-16.8,0.48
5403,377,6.7,43.64,1,89.60000000000001,88.5,1235,192.5,71.9,6.04,-26.094,5.289,4.196,160.0,158.9,72.0,1593,1,-16.8,0.47
5404,377,6.7,43.6,1,89.7,88.5,1237,192.7,72.0,6.02,-26.047,5.293,4.196,160.0,158.7,72.0,1593,1,-16.7,0.47
5405,377,6.675,43.6,1,89.7,88.5,1238,192.8,72.0,6.21,-26.016,5.297,4.196,160.0,158.6,72.0,1593,1,-16.8,0.47
5406,377,6.675,43.68,1,90.0,88.7,1239,192.9,72.0,6.91,-25.969,5.301,4.196,160.0,158.4,72.0,1592,1,-16.8,0.48
5407,377,6.675,43.69,1,90.3,88.8,1242,192.9,72.2,6.98,-25.93,5.301,4.196,160.0,158.2,72.0,1592,1,-16.8,0.48
5408,377,6.675,43.69,1,90.60000000000001,88.9,1245,193.0,72.3,7.05,-25.883,5.305,4.196,160.0,158.1,72.0,1592,1,-16.8,0.48
5409,377,6.675,43.7,1,90.60000000000001,88.9,1247,193.0,72.4,7.01,-25.852,5.309,4.196,160.0,157.9,72.0,1592,1,-16.8,0.47
5410,376,6.675,43.71,1,90.60000000000001,88.9,1248,193.0,72.3,6.99,-25.805,5.313,4.196,159.0,157.7,72.0,1592,1,-16.8,0.47
5411,376,6.675,43.67,1,90.60000000000001,88.9,1249,193.0,72.4,7.01,-25.766,5.316,4.196,159.0,157.5,72.0,1592,1,-16.8,0.46
5412,376,6.65,43.69,1,90.5,88.9,1250,193.0,72.4,7.0,-25.719,5.32,4.196,159.0,157.3,72.0,1592,1,-16.8,0.45
5413,376,6.65,43.7,1,90.5,88.9,1250,193.0,72.2,7.0,-25.68,5.324,4.196,159.0,157.1,72.0,1592,1,-16.8,0.46
5414,376,6.65,43.73,1,90.5,88.9,1250,193.0,72.3,7.07,-25.641,5.328,4.196,158.0,157.0,72.0,1592,1,-16.8,0.46
5415,376,6.65,43.75,1,90.60000000000001,88.9,1250,193.0,72.5,7.1,-25.609,5.332,4.196,158.0,156.7,72.0,1592,1,-16.8,0.46
5416,376,6.65,43.69,1,90.60000000000001,88.9,1251,193.0,72.3,7.03,-25.57,5.336,4.196,158.0,156.5,72.0,1592,1,-16.8,0.46
5417,376,6.65,43.66,1,90.5,88.9,1250,192.9,72.3,7.03,-25.531,5.34,4.196,158.0,156.3,72.0,1592,1,-16.8,0.46
5418,376,6.65,43.69,1,90.5,88.9,1250,192.9,72.4,7.05,-25.492,5.344,4.196,157.0,156.1,72.0,1592,1,-16.8,0.47
5419,375,6.65,43.71,1,90.5,88.8,1250,192.8,72.2,7.02,-25.461,5.348,4.196,157.0,155.9,72.0,1592,1,-16.8,0.47
5420,375,6.65,43.71,1,90.5,88.9,1250,192.7,72.2,7.07,-25.43,5.352,4.196,157.0,155.7,72.0,1592,1,-16.8,0.48
5421,375,6.65,43.7,1,90.5,88.9,1251,192.6,72.3,7.06,-25.398,5.355,4.196,157.0,155.4,72.0,1592,1,-16.8,0.47
5422,375,6.625,43.67,1,90.4,88.8,1251,192.5,72.2,6.99,-25.359,5.359,4.196,157.0,155.2,72.0,1592,1,-16.8,0.47
5423,375,6.625,43.66,1,90.4,88.8,1251,192.5,72.5,7.08,-25.328,5.363,4.196,156.0,155.0,72.0,1592,1,-16.7,0.47
5424,375,6.625,43.71,1,90.4,88.8,1251,192.4,72.3,7.03,-25.289,5.367,4.196,156.0,154.7,72.0,1592,1,-16.7,0.47
5425,375,6.625,43.67,1,90.4,88.8,1250,192.4,72.2,7.06,-25.258,5.371,4.196,156.0,154.5,72.0,1592,1,-16.8,0.47
5426,375,6.625,43.65,1,90.4,88.8,1250,192.4,72.4,7.06,-25.227,5.375,4.196,156.0,154.3,72.0,1592,1,-16.8,0.47
5427,375,6.625,43.7,1,90.4,88.8,1250,192.4,72.4,7.05,-25.188,5.379,4.196,155.0,154.0,72.0,1592,1,-16.8,0.47
5428,375,6.625,43.64,1,90.4,88.8,1250,192.3,72.3,7.05,-25.156,5.383,4.196,155.0,153.8,72.0,1592,1,-16.8,0.46
5429,375,6.625,43.72,1,90.3,88.8,1249,192.3,72.4,6.93,-25.117,5.387,4.196,155.0,153.6,72.0,1592,1,-16.7,0.46
5430,375,6.625,43.73,1,90.3,88.8,1249,192.2,72.4,7.05,-25.078,5.387,4.196,154.0,153.3,72.0,1592,1,-16.8,0.46
5431,375,6.625,43.78,1,90.3,88.8,1248,192.1,72.4,7.02,-25.047,5.391,4.196,154.0,153.1,72.0,1592,1,-16.7,0.47
5432,375,6.625,43.71,1,90.2,88.7,1248,192.1,72.2,6.99,-25.0,5.395,4.196,154.0,152.8,72.0,1592,1,-16.7,0.46
5433,375,6.625,43.72,1,90.3,88.8,1249,192.0,72.4,7.61,-24.969,5.398,4.196,154.0,152.6,72.0,1592,1,-16.8,0.46
5434,375,6.625,43.81,1,90.8,89.2,1250,191.9,72.5,8.32,-24.93,5.402,4.196,154.0,152.4,72.0,1592,1,-16.7,0.46
5435,375,6.6,43.83,1,91.2,89.2,1255,191.9,72.8,8.3,-24.891,5.402,4.196,153.0,152.1,72.0,1592,1,-16.8,0.47
5436,375,6.6,43.85,1,91.3,89.3,1258,191.8,72.6,8.5,-24.844,5.41,4.196,153.0,151.9,72.0,1592,1,-16.7,0.46
5437,375,6.6,43.89,1,91.5,89.4,1261,191.8,72.7,8.59,-24.805,5.41,4.196,153.0,151.7,72.0,1592,1,-16.7,0.47
5438,375,6.6,43.85,1,91.5,89.4,1263,191.7,72.7,8.75,-24.758,5.414,4.196,153.0,151.5,72.0,1592,1,-16.7,0.47
5439,375,6.6,43.96,1,91.8,89.60000000000001,1265,191.6,72.9,9.7,-24.703,5.422,4.196,152.0,151.2,72.0,1592,1,-16.7,0.48
5440,375,6.6,44.0,1,92.4,89.9,1270,191.5,73.1,9.98,-24.664,5.422,4.196,152.0,151.0,72.0,1592,1,-16.7,0.47
5441,375,6.6,44.09,1,92.60000000000001,89.9,1276,191.4,73.2,10.01,-24.617,5.43,4.196,151.0,150.8,72.0,1592,1,-16.7,0.46
5442,375,6.6,43.99,1,92.7,89.9,1280,191.3,73.2,10.02,-24.57,5.434,4.196,151.0,150.6,72.0,1592,1,-16.7,0.47
5443,375,6.6,44.0,1,92.7,89.9,1282,191.3,73.4,10.02,-24.516,5.438,4.196,151.0,150.4,72.0,1592,1,-16.7,0.47
5444,375,6.6,44.0,1,92.7,89.9,1284,191.1,73.3,9.96,-24.477,5.441,4.196,151.0,150.2,72.0,1592,1,-16.7,0.47
5445,375,6.6,44.07,1,92.7,89.9,1285,190.9,73.3,9.96,-24.43,5.445,4.196,151.0,150.1,72.0,1592,1,-16.7,0.47
5446,376,6.6,44.1,1,92.7,89.9,1286,190.7,73.3,9.99,-24.383,5.449,4.196,151.0,149.9,72.0,1592,1,-16.7,0.46
5447,376,6.6,44.06,1,92.7,89.9,1286,190.6,73.2,9.99,-24.344,5.453,4.196,151.0,149.8,72.0,1592,1,-16.7,0.46
5448,376,6.6,44.05,1,92.7,89.9,1286,190.4,73.3,10.0,-24.305,5.457,4.196,150.0,149.7,72.0,1592,1,-16.7,0.45
5449,376,6.575,44.06,1,92.7,89.9,1287,190.3,73.2,10.0,-24.258,5.457,4.196,151.0,149.6,72.0,1591,1,-16.7,0.46
5450,376,6.575,44.02,1,92.7,89.9,1287,190.1,73.3,9.99,-24.219,5.465,4.196,150.0,149.5,72.0,1591,1,-16.7,0.46
5451,376,6.575,44.08,1,92.60000000000001,89.9,1288,189.9,73.3,10.06,-24.18,5.465,4.196,150.0,149.5,72.0,1591,1,-16.7,0.47
5452,376,6.575,44.07,1,92.60000000000001,89.9,1287,189.7,73.2,9.92,-24.141,5.473,4.196,150.0,149.4,72.0,1591,1,-16.7,0.47
5453,376,6.575,44.06,1,92.60000000000001,89.9,1287,189.6,73.2,10.1,-24.109,5.477,4.196,150.0,149.4,72.0,1591,1,-16.7,0.47
5454,376,6.575,44.07,1,92.60000000000001,89.9,1287,189.4,73.2,10.12,-24.062,5.48,4.196,150.0,149.4,72.0,1591,1,-16.7,0.48
5455,376,6.575,44.15,1,92.80000000000001,90.0,1287,189.3,73.4,10.84,-24.023,5.484,4.196,150.0,149.4,72.0,1591,1,-16.7,0.48
5456,377,6.575,44.03,1,93.10000000000001,90.2,1290,189.1,73.5,10.93,-23.984,5.488,4.196,151.0,149.5,72.0,1591,1,-16.7,0.48
5457,377,6.575,44.11,1,93.30000000000001,90.3,1293,188.9,73.6,11.02,-23.93,5.492,4.196,151.0,149.5,72.0,1591,1,-16.7,0.48
5458,377,6.575,44.17,1,93.4,90.3,1295,188.9,73.6,11.07,-23.891,5.496,4.196,151.0,149.6,72.0,1591,1,-16.7,0.48
5459,377,6.575,44.14,1,93.4,90.3,1298,188.8,73.6,10.98,-23.836,5.504,4.196,151.0,149.7,72.0,1591,1,-16.7,0.47
5460,377,6.575,44.13,1,93.4,90.3,1299,188.7,73.7,11.01,-23.797,5.508,4.196,151.0,149.7,72.0,1591,1,-16.7,0.48
5461,377,6.575,44.15,1,93.4,90.3,1299,188.6,73.8,11.04,-23.75,5.512,4.196,151.0,149.8,72.0,1591,1,-16.7,0.47
5462,377,6.575,44.2,1,93.30000000000001,90.2,1300,188.5,73.7,11.02,-23.703,5.516,4.196,151.0,149.9,72.0,1591,1,-16.6,0.48
5463,378,6.55,44.2,1,93.30000000000001,90.3,1300,188.4,73.7,11.03,-23.656,5.52,4.196,151.0,150.1,72.0,1591,1,-16.7,0.48
5464,378,6.55,44.18,1,93.30000000000001,90.3,1301,188.3,73.6,11.08,-23.609,5.523,4.196,152.0,150.2,72.0,1591,1,-16.6,0.47
5465,378,6.55,44.16,1,93.30000000000001,90.3,1301,188.2,73.9,11.0,-23.555,5.527,4.196,152.0,150.3,72.0,1591,1,-16.6,0.47
5466,378,6.55,44.18,1,93.30000000000001,90.2,1301,188.1,73.7,10.98,-23.508,5.531,4.196,152.0,150.4,72.0,1591,1,-16.6,0.48
5467,378,6.55,44.15,1,93.2,90.2,1301,188.0,73.6,11.04,-23.461,5.535,4.196,152.0,150.5,72.0,1591,1,-16.6,0.48
5468,379,6.55,44.2,1,93.2,90.2,1301,187.9,73.6,11.05,-23.406,5.539,4.196,152.0,150.7,72.0,1591,1,-16.6,0.48
5469,379,6.55,44.18,1,93.2,90.2,1301,187.8,73.6,11.0,-23.367,5.543,4.196,153.0,150.8,72.0,1591,1,-16.6,0.48
5470,379,6.55,44.18,1,93.2,90.2,1300,187.7,73.5,10.96,-23.328,5.547,4.196,153.0,150.9,72.0,1591,1,-16.6,0.47
5471,379,6.55,44.18,1,93.2,90.2,1299,187.6,73.5,10.99,-23.297,5.551,4.196,153.0,151.0,72.0,1591,1,-16.6,0.48
5472,379,6.55,44.17,1,93.10000000000001,90.2,1299,187.5,73.7,10.98,-23.266,5.551,4.196,153.0,151.2,72.0,1591,1,-16.6,0.47
5473,380,6.55,44.22,1,93.10000000000001,90.2,1298,187.4,73.7,11.13,-23.242,5.555,4.196,153.0,151.3,72.0,1591,1,-16.6,0.48
5474,380,6.55,44.28,1,93.30000000000001,90.3,1299,187.4,73.7,11.86,-23.219,5.559,4.196,153.0,151.4,72.0,1591,1,-16.6,0.48
5475,380,6.55,44.26,1,93.8,90.60000000000001,1301,187.3,73.8,12.16,-23.188,5.562,4.196,154.0,151.6,72.0,1591,1,-16.6,0.47
5476,380,6.525,44.26,1,94.19999999999999,90.7,1305,187.2,74.1,13.06,-23.164,5.566,4.196,154.0,151.7,72.0,1591,1,-16.6,0.47
5477,381,6.525,44.35,1,94.8,91.0,1310,187.2,74.2,13.47,-23.133,5.566,4.196,154.0,151.8,72.0,1591,1,-16.5,0.47
5478,381,6.525,44.38,1,95.1,91.10000000000001,1316,187.1,74.3,13.79,-23.109,5.57,4.196,154.0,152.0,72.0,1591,1,-16.6,0.47
5479,381,6.525,44.4,1,95.5,91.3,1321,187.0,74.5,14.39,-23.078,5.574,4.196,154.0,152.1,72.0,1591,1,-16.5,0.46
5480,382,6.525,44.36,1,95.8,91.5,1327,186.9,74.7,14.39,-23.062,5.578,4.196,154.0,152.3,72.0,1591,1,-16.5,0.47
5481,382,6.525,44.33,1,95.89999999999999,91.5,1331,186.8,74.8,14.41,-23.031,5.582,4.196,154.0,152.4,72.0,1591,1,-16.5,0.47
5482,383,6.525,44.29,1,95.89999999999999,91.5,1333,186.6,74.8,14.47,-22.992,5.59,4.196,154.0,152.5,72.0,1591,1,-16.5,0.47
5483,383,6.525,44.38,1,95.89999999999999,91.5,1335,186.4,75.0,14.43,-22.961,5.598,4.196,154.0,152.6,72.0,1591,1,-16.5,0.47
5484,384,6.525,44.34,1,95.89999999999999,91.5,1336,186.2,74.9,14.39,-22.93,5.605,4.196,155.0,152.7,72.0,1591,1,-16.5,0.47
5485,384,6.525,44.35,1,95.89999999999999,91.5,1337,186.1,74.8,14.44,-22.898,5.609,4.196,154.0,152.9,72.0,1591,1,-16.5,0.47
5486,384,6.525,44.35,1,95.8,91.5,1337,185.9,74.8,14.43,-22.859,5.613,4.196,155.0,153.0,72.0,1591,1,-16.5,0.46
5487,385,6.525,44.31,1,95.8,91.4,1338,185.8,74.7,13.75,-22.82,5.621,4.196,155.0,153.1,72.0,1591,1,-16.5,0.46
5488,385,6.525,44.29,1,95.3,91.10000000000001,1337,185.6,74.5,12.61,-22.781,5.625,4.196,156.0,153.2,72.0,1591,1,-16.5,0.47
5489,385,6.5,44.2,1,94.5,90.7,1332,185.4,74.4,11.51,-22.75,5.633,4.196,156.0,153.3,72.0,1591,1,-16.5,0.46
5490,386,6.5,44.15,1,93.60000000000001,90.3,1324,185.3,74.0,10.95,-22.719,5.637,4.196,156.0,153.5,72.0,1590,1,-16.4,0.46
5491,386,6.5,44.14,1,93.10000000000001,90.10000000000001,1315,185.1,73.6,10.89,-22.688,5.641,4.196,156.0,153.5,72.0,1590,1,-16.4,0.47
5492,386,6.5,44.08,1,92.9,90.10000000000001,1309,185.1,73.5,10.82,-22.648,5.645,4.196,156.0,153.7,72.0,1590,1,-16.4,0.47
5493,386,6.5,44.08,1,92.80000000000001,90.10000000000001,1305,185.0,73.6,10.94,-22.617,5.648,4.196,156.0,153.7,72.0,1590,1,-16.4,0.47
5494,386,6.5,44.14,1,92.80000000000001,90.10000000000001,1303,185.0,73.5,10.92,-22.578,5.656,4.196,156.0,153.8,72.0,1590,1,-16.4,0.46
5495,386,6.5,44.04,1,92.7,90.0,1301,185.0,73.5,10.85,-22.539,5.66,4.196,156.0,153.9,72.0,1590,1,-16.4,0.47
5496,386,6.5,44.14,1,92.7,90.10000000000001,1299,185.1,73.6,10.84,-22.492,5.664,4.196,156.0,154.0,72.0,1590,1,-16.4,0.47
5497,387,6.5,44.12,1,92.60000000000001,90.0,1299,185.1,73.5,10.5,-22.445,5.668,4.196,156.0,154.1,72.0,1590,1,-16.4,0.47
5498,387,6.5,44.1,1,92.4,89.9,1296,185.2,73.4,10.38,-22.398,5.672,4.196,156.0,154.2,72.0,1590,1,-16.4,0.47
5499,387,6.5,44.04,1,92.30000000000001,89.9,1294,185.3,73.5,10.42,-22.352,5.676,4.196,156.0,154.2,72.0,1590,1,-16.3,0.48
5500,387,6.5,44.07,1,92.30000000000001,89.9,1293,185.4,73.5,10.52,-22.305,5.68,4.196,157.0,154.3,72.0,1590,1,-16.3,0.46
5501,387,6.5,43.94,1,92.2,89.8,1292,185.5,73.3,9.85,-22.258,5.68,4.196,156.0,154.4,72.0,1590,1,-16.3,0.46
5502,387,6.5,43.97,1,91.8,89.60000000000001,1289,185.5,73.2,9.62,-22.219,5.684,4.196,157.0,154.4,72.0,1590,1,-16.3,0.47
5503,387,6.475,44.04,1,91.60000000000001,89.5,1285,185.6,73.1,9.58,-22.18,5.688,4.196,157.0,154.5,72.0,1590,1,-16.3,0.47
5504,387,6.475,44.03,1,91.5,89.5,1283,185.7,73.1,9.61,-22.141,5.691,4.196,157.0,154.5,72.0,1590,1,-16.3,0.46
5505,387,6.475,43.97,1,91.4,89.5,1281,185.8,73.0,9.7,-22.102,5.695,4.196,157.0,154.6,72.0,1590,1,-16.3,0.47
5506,387,6.475,44.09,1,91.60000000000001,89.60000000000001,1279,185.8,73.0,10.61,-22.07,5.699,4.196,157.0,154.6,72.0,1590,1,-16.3,0.46
5507,387,6.475,44.14,1,92.2,90.0,1281,185.9,73.4,11.73,-22.023,5.699,4.196,157.0,154.6,72.0,1590,1,-16.2,0.47
5508,387,6.475,44.22,1,93.0,90.4,1286,185.9,73.6,12.09,-21.977,5.703,4.196,157.0,154.7,72.0,1590,1,-16.2,0.47
5509,387,6.475,44.25,1,93.4,90.5,1293,185.9,74.0,12.18,-21.922,5.707,4.196,157.0,154.7,72.0,1590,1,-16.2,0.48
5510,387,6.475,44.23,1,93.60000000000001,90.60000000000001,1298,185.9,74.0,12.22,-21.883,5.711,4.196,157.0,154.7,72.0,1590,1,-16.2,0.48
5511,388,6.475,44.21,1,93.60000000000001,90.5,1301,185.9,74.0,12.28,-21.844,5.715,4.196,157.0,154.7,72.0,1590,1,-16.2,0.47
5512,388,6.475,44.31,1,93.60000000000001,90.60000000000001,1303,185.9,74.1,12.77,-21.797,5.723,4.196,157.0,154.7,72.0,1590,1,-16.2,0.48
5513,388,6.475,44.24,1,94.0,90.8,1306,185.9,74.4,13.14,-21.758,5.727,4.196,157.0,154.8,72.0,1590,1,-16.2,0.46
5514,388,6.475,44.35,1,94.3,90.9,1310,185.8,74.4,13.17,-21.703,5.73,4.195,157.0,154.8,72.0,1590,1,-16.2,0.47
5515,388,6.475,44.29,1,94.3,90.9,1313,185.7,74.3,13.25,-21.664,5.734,4.196,157.0,154.8,72.0,1590,1,-16.1,0.46
5516,388,6.45,44.3,1,94.39999999999999,90.9,1315,185.6,74.4,13.19,-21.609,5.742,4.196,157.0,154.9,72.0,1590,1,-16.1,0.47
5517,388,6.45,44.38,1,94.3,90.9,1317,185.5,74.5,13.25,-21.562,5.746,4.196,157.0,154.9,72.0,1590,1,-16.1,0.46
5518,389,6.45,44.33,1,94.3,90.9,1317,185.4,74.4,13.21,-21.516,5.75,4.196,157.0,154.9,72.0,1590,1,-16.1,0.46
5519,389,6.45,44.31,1,94.3,90.9,1318,185.3,74.4,13.21,-21.469,5.758,4.196,157.0,154.9,72.0,1590,1,-16.1,0.47
5520,389,6.45,44.22,1,94.3,90.9,1319,185.2,74.3,13.2,-21.422,5.762,4.196,157.0,154.9,72.0,1590,1,-16.1,0.47
5521,389,6.45,44.28,1,94.19999999999999,90.9,1319,185.1,74.3,13.2,-21.375,5.766,4.196,157.0,154.9,72.0,1590,1,-16.1,0.47
5522,389,6.45,44.29,1,94.19999999999999,90.9,1319,185.0,74.3,13.19,-21.328,5.77,4.196,157.0,154.8,72.0,1590,1,-16.0,0.46
5523,389,6.45,44.3,1,94.19999999999999,90.9,1319,184.8,74.2,13.15,-21.281,5.777,4.195,157.0,154.8,72.0,1590,1,-16.0,0.47
5524,389,6.45,44.26,1,94.1,90.9,1318,184.7,74.2,13.22,-21.227,5.781,4.196,157.0,154.8,72.0,1590,1,-16.0,0.47
5525,389,6.45,44.28,1,94.1,90.8,1319,184.5,74.1,13.14,-21.172,5.785,4.196,157.0,154.9,72.0,1589,1,-16.0,0.47
5526,389,6.45,44.33,1,94.1,90.8,1319,184.4,74.2,13.1,-21.133,5.793,4.196,157.0,154.9,72.0,1589,1,-16.0,0.47
5527,390,6.45,44.3,1,93.89999999999999,90.7,1320,184.4,74.2,12.18,-21.078,5.797,4.196,157.0,154.9,72.0,1589,1,-16.0,0.47
5528,390,6.45,44.16,1,93.2,90.3,1317,184.2,73.8,11.48,-21.023,5.801,4.196,157.0,154.9,72.0,1589,1,-15.9,0.46
5529,390,6.45,44.09,1,92.7,90.10000000000001,1310,184.2,73.7,11.36,-20.977,5.805,4.196,157.0,154.9,72.0,1589,1,-15.9,0.47
5530,389,6.425,44.14,1,92.5,90.10000000000001,1305,184.2,73.5,11.3,-20.93,5.809,4.196,157.0,154.9,72.0,1589,1,-15.9,0.47
5531,389,6.425,44.14,1,92.4,90.0,1301,184.2,73.6,11.26,-20.883,5.813,4.196,157.0,154.9,72.0,1589,1,-15.9,0.47
5532,389,6.425,44.04,1,92.30000000000001,90.0,1298,184.2,73.4,11.33,-20.836,5.816,4.196,157.0,154.9,72.0,1589,1,-15.9,0.47
5533,389,6.425,44.14,1,92.30000000000001,90.0,1296,184.2,73.5,11.35,-20.789,5.82,4.196,157.0,154.9,72.0,1589,1,-15.9,0.46
5534,389,6.425,44.15,1,92.30000000000001,90.0,1295,184.2,73.5,11.38,-20.742,5.824,4.196,157.0,154.9,72.0,1589,1,-15.8,0.46
5535,389,6.425,44.13,1,92.30000000000001,90.0,1295,184.2,73.5,11.42,-20.695,5.828,4.195,157.0,154.8,72.0,1589,1,-15.8,0.46
5536,389,6.425,44.06,1,92.2,90.0,1294,184.3,73.5,11.31,-20.648,5.832,4.196,157.0,154.8,72.0,1589,1,-15.8,0.47
5537,389,6.425,44.08,1,92.2,90.0,1293,184.4,73.3,11.33,-20.609,5.84,4.196,157.0,154.8,72.0,1589,1,-15.8,0.46
5538,389,6.425,44.13,1,92.2,90.0,1293,184.4,73.5,11.1,-20.555,5.844,4.196,157.0,154.8,72.0,1589,1,-15.8,0.47
5539,389,6.425,44.08,1,92.0,89.9,1292,184.4,73.4,10.84,-20.516,5.844,4.196,157.0,154.8,72.0,1589,1,-15.7,0.47
5540,389,6.425,44.07,1,91.8,89.8,1290,184.5,73.4,10.92,-20.469,5.852,4.196,157.0,154.8,72.0,1589,1,-15.7,0.47
5541,389,6.425,44.04,1,91.7,89.8,1288,184.5,73.4,10.83,-20.422,5.852,4.196,157.0,154.7,72.0,1589,1,-15.7,0.47
5542,389,6.4,44.01,1,91.7,89.8,1286,184.5,73.3,10.81,-20.375,5.855,4.196,157.0,154.7,72.0,1589,1,-15.7,0.46
5543,389,6.4,43.97,1,91.60000000000001,89.8,1285,184.6,73.3,10.88,-20.336,5.859,4.196,157.0,154.7,72.0,1589,1,-15.7,0.46
5544,389,6.4,44.04,1,91.60000000000001,89.7,1285,184.6,73.3,10.87,-20.297,5.867,4.196,156.0,154.6,72.0,1589,1,-15.7,0.46
5545,388,6.4,44.11,1,91.60000000000001,89.7,1284,184.7,73.4,10.88,-20.258,5.871,4.196,157.0,154.6,72.0,1589,1,-15.6,0.46
5546,388,6.4,44.03,1,91.5,89.7,1283,184.8,73.3,10.88,-20.219,5.871,4.196,157.0,154.6,72.0,1589,1,-15.6,0.47
5547,388,6.4,44.08,1,91.60000000000001,89.7,1283,184.8,73.3,10.89,-20.18,5.875,4.196,156.0,154.6,72.0,1589,1,-15.6,0.47
5548,388,6.4,44.06,1,91.5,89.7,1283,184.9,73.4,10.92,-20.133,5.879,4.196,157.0,154.6,72.0,1589,1,-15.6,0.46
5549,388,6.4,44.1,1,91.5,89.7,1282,184.9,73.3,10.88,-20.094,5.887,4.196,157.0,154.5,72.0,1589,1,-15.5,0.48
5550,388,6.4,44.06,1,91.5,89.7,1281,184.9,73.3,10.93,-20.055,5.887,4.196,156.0,154.5,72.0,1589,1,-15.5,0.46
5551,388,6.4,44.1,1,91.5,89.7,1281,184.9,73.2,10.89,-20.016,5.891,4.195,156.0,154.5,72.0,1589,1,-15.5,0.46
5552,388,6.4,44.12,1,91.5,89.7,1280,185.0,73.4,11.2,-19.977,5.895,4.196,156.0,154.4,72.0,1589,1,-15.5,0.47
5553,388,6.4,44.13,1,91.8,89.9,1281,184.9,73.4,12.1,-19.953,5.898,4.196,156.0,154.4,72.0,1589,1,-15.5,0.46
5554,388,6.4,44.22,1,92.30000000000001,90.2,1285,185.0,73.6,12.23,-19.914,5.906,4.196,156.0,154.3,72.0,1589,1,-15.5,0.47
5555,388,6.375,44.2,1,92.5,90.2,1289,185.0,73.9,12.26,-19.883,5.91,4.196,156.0,154.3,72.0,1589,1,-15.4,0.46
5556,388,6.375,44.19,1,92.60000000000001,90.2,1292,184.9,73.9,12.21,-19.844,5.914,4.196,156.0,154.2,72.0,1589,1,-15.4,0.46
5557,388,6.375,44.19,1,92.60000000000001,90.2,1294,184.9,73.9,12.24,-19.812,5.918,4.196,156.0,154.2,72.0,1589,1,-15.4,0.46
5558,388,6.375,44.26,1,92.60000000000001,90.2,1294,185.0,73.7,12.25,-19.781,5.922,4.196,156.0,154.2,72.0,1588,1,-15.4,0.45
5559,388,6.375,44.28,1,92.60000000000001,90.3,1295,184.9,73.8,12.27,-19.75,5.922,4.196,156.0,154.1,72.0,1588,1,-15.3,0.45
5560,388,6.375,44.22,1,92.5,90.2,1295,184.9,73.8,12.23,-19.711,5.926,4.196,156.0,154.1,72.0,1588,1,-15.3,0.46
5561,388,6.375,44.25,1,92.5,90.2,1296,184.9,73.9,12.2,-19.664,5.93,4.196,156.0,154.1,72.0,1588,1,-15.3,0.46
5562,388,6.375,44.2,1,92.5,90.2,1296,184.8,73.8,12.26,-19.625,5.938,4.196,156.0,154.1,72.0,1588,1,-15.3,0.47
5563,388,6.375,44.26,1,92.5,90.2,1296,184.7,73.9,12.23,-19.57,5.941,4.196,156.0,154.1,72.0,1588,1,-15.3,0.46
5564,388,6.375,44.27,1,92.4,90.2,1295,184.6,73.8,12.25,-19.523,5.945,4.196,156.0,154.2,72.0,1588,1,-15.2,0.46
5565,388,6.375,44.27,1,92.4,90.2,1295,184.6,73.7,12.27,-19.484,5.949,4.196,156.0,154.3,72.0,1588,1,-15.2,0.45
5566,388,6.375,44.21,1,92.4,90.2,1294,184.5,73.9,12.26,-19.438,5.953,4.196,156.0,154.4,72.0,1588,1,-15.2,0.47
5567,388,6.375,44.24,1,92.4,90.2,1295,184.5,73.9,12.25,-19.406,5.961,4.196,156.0,154.5,72.0,1588,1,-15.2,0.46
5568,388,6.35,44.29,1,92.4,90.10000000000001,1295,184.5,74.0,12.22,-19.367,5.965,4.196,157.0,154.7,72.0,1588,1,-15.1,0.45
5569,388,6.35,44.24,1,92.30000000000001,90.10000000000001,1295,184.4,73.9,12.22,-19.336,5.969,4.196,157.0,154.9,72.0,1588,1,-15.1,0.46
5570,388,6.35,44.22,1,92.30000000000001,90.10000000000001,1294,184.4,74.1,12.25,-19.305,5.977,4.196,157.0,155.1,72.0,1588,1,-15.1,0.46
5571,388,6.35,44.26,1,92.30000000000001,90.10000000000001,1294,184.3,73.9,12.27,-19.266,5.98,4.196,157.0,155.3,72.0,1588,1,-15.0,0.47
5572,387,6.35,44.26,1,92.30000000000001,90.10000000000001,1294,184.3,73.8,12.28,-19.234,5.984,4.196,158.0,155.5,72.0,1588,1,-15.0,0.46
5573,387,6.35,44.29,1,92.30000000000001,90.2,1294,184.3,73.8,12.27,-19.195,5.988,4.196,158.0,155.7,72.0,1588,1,-15.0,0.46
5574,387,6.35,44.21,1,92.30000000000001,90.10000000000001,1295,184.3,74.0,12.14,-19.156,5.996,4.196,159.0,156.0,72.0,1588,1,-15.0,0.46
5575,387,6.35,44.18,1,92.10000000000001,90.0,1294,184.2,73.9,11.26,-19.117,6.0,4.196,159.0,156.2,72.0,1588,1,-14.9,0.46
5576,387,6.35,44.11,1,91.4,89.60000000000001,1291,184.2,73.5,10.5,-19.086,6.004,4.196,159.0,156.5,72.0,1588,1,-14.9,0.46
5577,387,6.35,44.03,1,90.9,89.4,1285,184.2,73.4,10.39,-19.055,6.008,4.196,159.0,156.8,72.0,1588,1,-14.9,0.46
5578,387,6.35,44.04,1,90.7,89.4,1280,184.3,73.2,10.38,-19.023,6.012,4.196,159.0,157.1,72.0,1588,1,-14.9,0.45
5579,387,6.35,44.05,1,90.60000000000001,89.4,1277,184.3,73.0,10.45,-18.984,6.012,4.195,160.0,157.4,72.0,1588,1,-14.8,0.46
5580,387,6.325,44.05,1,90.60000000000001,89.4,1274,184.4,73.1,10.42,-18.945,6.016,4.196,160.0,157.7,72.0,1588,1,-14.8,0.45
5581,387,6.325,44.04,1,90.5,89.3,1273,184.4,73.1,10.43,-18.906,6.023,4.196,161.0,158.0,72.0,1588,1,-14.8,0.46
5582,387,6.325,44.11,1,90.5,89.3,1272,184.5,73.0,10.43,-18.875,6.027,4.196,161.0,158.2,72.0,1588,1,-14.7,0.46
5583,387,6.325,44.04,1,90.5,89.3,1271,184.4,72.9,10.35,-18.836,6.031,4.196,162.0,158.5,72.0,1588,1,-14.7,0.45
5584,387,6.325,44.06,1,90.4,89.3,1269,184.5,73.1,10.42,-18.805,6.035,4.196,162.0,158.8,72.0,1588,1,-14.7,0.46
5585,386,6.325,44.07,1,90.4,89.3,1268,184.5,73.0,10.44,-18.758,6.039,4.196,162.0,159.1,72.0,1588,1,-14.7,0.46
5586,386,6.325,44.07,1,90.5,89.4,1267,184.6,73.1,11.01,-18.711,6.043,4.196,162.0,159.4,72.0,1588,1,-14.7,0.47
5587,386,6.325,44.1,1,90.8,89.5,1268,184.6,73.2,11.14,-18.664,6.051,4.196,162.0,159.6,72.0,1588,1,-14.6,0.46
5588,386,6.325,44.12,1,90.9,89.5,1271,184.6,73.3,11.09,-18.609,6.055,4.196,163.0,159.9,72.0,1588,1,-14.6,0.46
5589,386,6.325,44.1,1,91.0,89.60000000000001,1272,184.6,73.3,11.11,-18.57,6.059,4.196,163.0,160.1,72.0,1587,1,-14.6,0.46
5590,386,6.325,44.13,1,91.0,89.60000000000001,1272,184.7,73.4,11.18,-18.523,6.062,4.196,163.0,160.4,72.0,1587,1,-14.5,0.46
5591,386,6.325,44.15,1,90.9,89.60000000000001,1273,184.7,73.4,11.14,-18.477,6.066,4.196,163.0,160.7,72.0,1587,1,-14.5,0.46
5592,386,6.3,44.15,1,90.9,89.5,1273,184.7,73.4,11.07,-18.438,6.07,4.196,163.0,160.9,72.0,1587,1,-14.5,0.46
5593,386,6.3,44.18,1,90.9,89.60000000000001,1273,184.7,73.5,11.6,-18.406,6.07,4.196,164.0,161.2,72.0,1587,1,-14.5,0.45
5594,386,6.3,44.16,1,91.2,89.7,1274,184.8,73.4,11.8,-18.367,6.074,4.196,164.0,161.4,72.0,1587,1,-14.4,0.46
5595,386,6.3,44.2,1,91.4,89.8,1277,184.8,73.4,11.81,-18.32,6.082,4.195,165.0,161.6,72.0,1587,1,-14.4,0.45
5596,386,6.3,44.18,1,91.5,89.9,1279,184.8,73.5,11.77,-18.281,6.082,4.195,165.0,161.8,72.0,1587,1,-14.4,0.46
5597,386,6.3,44.23,1,91.4,89.8,1281,184.7,73.5,11.8,-18.242,6.09,4.196,165.0,162.0,72.0,1587,1,-14.3,0.46
5598,386,6.3,44.08,1,91.4,89.8,1281,184.7,73.8,11.77,-18.195,6.094,4.196,165.0,162.1,72.0,1587,1,-14.3,0.47
5599,386,6.3,44.27,1,91.4,89.8,1282,184.7,73.6,11.79,-18.148,6.098,4.196,165.0,162.3,72.0,1587,1,-14.3,0.47
5600,386,6.3,44.24,1,91.4,89.8,1282,184.6,73.6,11.86,-18.109,6.102,4.196,165.0,162.5,72.0,1587,1,-14.3,0.46
5601,386,6.3,44.18,1,91.4,89.8,1283,184.6,73.5,12.59,-18.055,6.105,4.196,166.0,162.7,72.0,1587,1,-14.2,0.47
5602,386,6.3,44.26,1,91.9,90.10000000000001,1284,184.5,73.7,12.94,-18.008,6.109,4.196,166.0,162.9,72.0,1587,1,-14.2,0.46
5603,386,6.3,44.23,1,92.10000000000001,90.2,1288,184.5,74.0,13.0,-17.969,6.113,4.196,166.0,163.0,72.0,1587,1,-14.2,0.45
5604,386,6.275,44.31,1,92.2,90.2,1291,184.4,73.7,13.0,-17.922,6.117,4.196,166.0,163.1,72.0,1587,1,-14.1,0.46
5605,386,6.275,44.32,1,92.4,90.4,1293,184.3,74.1,13.91,-17.883,6.117,4.196,166.0,163.2,72.0,1587,1,-14.1,0.46
5606,386,6.275,44.41,1,92.9,90.60000000000001,1297,184.2,74.2,14.75,-17.836,6.121,4.196,166.0,163.3,72.0,1587,1,-14.1,0.46
5607,386,6.275,44.45,1,93.4,90.8,1302,184.2,74.3,14.86,-17.789,6.129,4.196,166.0,163.3,72.0,1587,1,-14.1,0.46
5608,386,6.275,44.39,1,93.60000000000001,90.9,1308,184.1,74.6,14.78,-17.742,6.133,4.196,166.0,163.4,72.0,1587,1,-14.0,0.47
5609,386,6.275,44.41,1,93.60000000000001,90.9,1311,184.0,74.6,14.86,-17.695,6.137,4.196,166.0,163.3,72.0,1587,1,-14.0,0.46
5610,386,6.275,44.42,1,93.60000000000001,90.9,1313,184.0,74.6,14.84,-17.656,6.141,4.196,166.0,163.3,72.0,1587,1,-14.0,0.47
5611,387,6.275,44.45,1,93.7,90.9,1315,183.9,74.6,14.87,-17.609,6.148,4.196,166.0,163.3,72.0,1587,1,-13.9,0.46
5612,387,6.275,44.47,1,93.7,90.9,1317,183.8,74.6,14.86,-17.555,6.156,4.196,166.0,163.2,72.0,1587,1,-13.9,0.47
5613,387,6.275,44.48,1,93.7,90.9,1318,183.7,74.6,14.84,-17.508,6.16,4.195,166.0,163.1,72.0,1587,1,-13.8,0.46
5614,387,6.275,44.43,1,93.7,90.9,1319,183.5,74.7,14.83,-17.461,6.168,4.196,165.0,163.0,72.0,1587,1,-13.8,0.46
5615,387,6.275,44.43,1,93.7,90.9,1319,183.3,74.6,14.9,-17.414,6.172,4.196,165.0,162.9,72.0,1587,1,-13.8,0.45
5616,387,6.25,44.5,1,93.60000000000001,90.9,1319,183.2,74.6,14.67,-17.359,6.176,4.196,165.0,162.7,72.0,1587,1,-13.8,0.45
5617,387,6.25,44.4,1,93.4,90.7,1319,183.0,74.4,13.71,-17.305,6.184,4.196,165.0,162.5,72.0,1587,1,-13.7,0.46
5618,387,6.25,44.37,1,92.9,90.5,1317,182.9,74.3,13.39,-17.258,6.188,4.196,165.0,162.3,72.0,1587,1,-13.7,0.46
5619,387,6.25,44.41,1,92.7,90.5,1313,182.8,74.3,13.47,-17.211,6.191,4.195,165.0,162.1,72.0,1586,1,-13.7,0.46
5620,387,6.25,44.39,1,92.60000000000001,90.4,1310,182.6,74.2,12.85,-17.164,6.199,4.196,164.0,161.9,72.0,1586,1,-13.6,0.46
5621,387,6.25,44.28,1,92.10000000000001,90.10000000000001,1307,182.6,73.9,11.86,-17.117,6.203,4.196,164.0,161.7,72.0,1586,1,-13.6,0.45
5622,387,6.25,44.23,1,91.5,89.8,1301,182.6,73.9,11.7,-17.07,6.207,4.196,163.0,161.4,72.0,1586,1,-13.6,0.46
5623,387,6.25,44.3,1,91.2,89.8,1296,182.5,73.6,11.64,-17.023,6.211,4.196,163.0,161.2,72.0,1586,1,-13.5,0.45
5624,387,6.25,44.31,1,91.10000000000001,89.7,1291,182.5,73.5,11.63,-16.984,6.215,4.196,163.0,160.9,72.0,1586,1,-13.5,0.45
5625,387,6.25,44.25,1,91.10000000000001,89.8,1288,182.6,73.5,11.72,-16.938,6.219,4.196,163.0,160.7,72.0,1586,1,-13.5,0.45
5626,387,6.25,44.28,1,91.10000000000001,89.8,1287,182.7,73.5,11.69,-16.898,6.223,4.196,162.0,160.5,72.0,1586,1,-13.4,0.46
5627,387,6.25,44.27,1,91.10000000000001,89.7,1287,182.8,73.6,11.7,-16.852,6.227,4.196,162.0,160.3,72.0,1586,1,-13.4,0.46
5628,387,6.225,44.21,1,91.0,89.8,1286,182.8,73.6,11.65,-16.797,6.23,4.196,162.0,160.1,72.0,1586,1,-13.4,0.46
5629,387,6.225,44.2,1,91.0,89.8,1285,182.8,73.5,11.63,-16.758,6.234,4.196,162.0,160.0,72.0,1586,1,-13.3,0.45
5630,386,6.225,44.21,1,91.0,89.7,1284,182.9,73.5,11.67,-16.703,6.238,4.196,162.0,159.8,72.0,1586,1,-13.3,0.45
5631,386,6.225,44.18,1,91.0,89.8,1283,183.0,73.6,11.87,-16.664,6.242,4.196,162.0,159.7,72.0,1586,1,-13.3,0.46
5632,386,6.225,44.31,1,91.3,90.0,1283,183.1,73.7,12.8,-16.609,6.246,4.196,162.0,159.6,72.0,1586,1,-13.2,0.46
5633,386,6.225,44.37,1,91.9,90.2,1286,183.1,73.7,13.06,-16.562,6.254,4.196,162.0,159.4,72.0,1586,1,-13.2,0.46
5634,386,6.225,44.4,1,92.10000000000001,90.3,1290,183.2,74.0,13.1,-16.508,6.258,4.196,161.0,159.4,72.0,1586,1,-13.2,0.46
5635,386,6.225,44.39,1,92.2,90.3,1293,183.2,74.0,13.08,-16.469,6.262,4.196,162.0,159.3,72.0,1586,1,-13.1,0.46
5636,386,6.225,44.4,1,92.2,90.3,1296,183.2,74.2,13.09,-16.422,6.266,4.196,162.0,159.3,72.0,1586,1,-13.1,0.46
5637,386,6.225,44.35,1,92.30000000000001,90.4,1297,183.2,74.1,13.11,-16.375,6.27,4.196,161.0,159.2,72.0,1586,1,-13.0,0.45
5638,386,6.225,44.43,1,92.2,90.3,1298,183.3,73.9,13.13,-16.336,6.277,4.196,161.0,159.2,72.0,1586,1,-13.0,0.45
5639,386,6.225,44.3,1,92.2,90.3,1299,183.3,74.0,13.08,-16.297,6.281,4.196,161.0,159.2,72.0,1586,1,-13.0,0.45
5640,386,6.2,44.39,1,92.2,90.3,1298,183.3,74.0,13.12,-16.266,6.285,4.196,161.0,159.2,72.0,1586,1,-12.9,0.45
5641,386,6.2,44.4,1,92.2,90.4,1299,183.3,74.2,13.11,-16.219,6.289,4.195,162.0,159.2,72.0,1586,1,-12.9,0.45
5642,386,6.2,44.41,1,92.30000000000001,90.4,1299,183.2,74.3,13.12,-16.18,6.297,4.196,161.0,159.2,72.0,1586,1,-12.9,0.45
5643,386,6.2,44.43,1,92.30000000000001,90.4,1300,183.1,74.3,13.05,-16.141,6.301,4.196,162.0,159.2,72.0,1586,1,-12.8,0.45
5644,386,6.2,44.45,1,92.2,90.4,1299,183.1,74.1,13.08,-16.102,6.305,4.196,162.0,159.2,72.0,1586,1,-12.8,0.46
5645,386,6.2,44.37,1,92.2,90.4,1300,183.1,74.1,13.05,-16.062,6.309,4.195,162.0,159.3,72.0,1586,1,-12.8,0.46
5646,386,6.2,44.44,1,92.2,90.3,1300,183.0,74.1,13.02,-16.023,6.316,4.195,162.0,159.3,72.0,1586,1,-12.7,0.46
5647,386,6.2,44.38,1,92.10000000000001,90.3,1300,182.9,74.1,12.37,-15.984,6.32,4.196,162.0,159.4,72.0,1586,1,-12.7,0.45
5648,386,6.2,44.39,1,91.7,90.0,1298,182.8,74.0,12.09,-15.93,6.324,4.196,162.0,159.4,72.0,1585,1,-12.6,0.46
5649,386,6.2,44.38,1,91.4,90.0,1295,182.8,73.9,12.0,-15.898,6.328,4.195,162.0,159.5,72.0,1585,1,-12.6,0.45
5650,386,6.2,44.34,1,91.3,89.9,1292,182.7,73.8,12.0,-15.852,6.332,4.195,162.0,159.6,72.0,1585,1,-12.6,0.45
5651,386,6.2,44.34,1,91.3,89.9,1291,182.7,73.8,12.02,-15.812,6.336,4.196,162.0,159.6,72.0,1585,1,-12.5,0.45
5652,386,6.175,44.41,1,91.3,89.9,1290,182.7,73.7,12.0,-15.773,6.34,4.195,162.0,159.7,72.0,1585,1,-12.5,0.45
5653,386,6.175,44.31,1,91.3,89.9,1289,182.7,73.9,12.01,-15.727,6.344,4.196,162.0,159.8,72.0,1585,1,-12.5,0.45
5654,386,6.175,44.38,1,91.2,89.9,1288,182.6,73.8,12.04,-15.695,6.348,4.196,162.0,159.9,72.0,1585,1,-12.4,0.45
5655,386,6.175,44.39,1,91.2,89.9,1287,182.7,73.9,12.02,-15.648,6.352,4.196,162.0,159.9,71.0,1585,1,-12.4,0.46
5656,386,6.175,44.36,1,91.2,90.0,1286,182.7,73.8,12.47,-15.617,6.355,4.196,162.0,160.0,72.0,1585,1,-12.3,0.44
5657,386,6.175,44.42,1,91.7,90.3,1287,182.7,73.8,13.55,-15.57,6.359,4.196,162.0,160.0,72.0,1585,1,-12.3,0.44
5658,385,6.175,44.45,1,92.4,90.5,1292,182.7,74.3,13.86,-15.531,6.363,4.196,162.0,160.1,72.0,1585,1,-12.3,0.45
5659,385,6.175,44.53,1,92.7,90.60000000000001,1297,182.7,74.4,13.82,-15.484,6.367,4.196,162.0,160.1,72.0,1585,1,-12.2,0.45
5660,386,6.175,44.4,1,92.7,90.60000000000001,1301,182.6,74.5,13.83,-15.445,6.375,4.196,163.0,160.2,72.0,1585,1,-12.2,0.45
5661,386,6.175,44.44,1,92.7,90.60000000000001,1304,182.6,74.5,13.86,-15.406,6.379,4.196,163.0,160.2,72.0,1585,1,-12.1,0.45
5662,386,6.15,44.5,1,92.80000000000001,90.7,1305,182.6,74.4,13.87,-15.375,6.383,4.196,163.0,160.3,72.0,1585,1,-12.1,0.45
5663,386,6.15,44.51,1,92.80000000000001,90.60000000000001,1306,182.6,74.3,13.84,-15.344,6.387,4.195,163.0,160.4,72.0,1585,1,-12.1,0.45
5664,386,6.15,44.49,1,92.80000000000001,90.60000000000001,1307,182.5,74.5,13.87,-15.312,6.391,4.196,163.0,160.4,72.0,1585,1,-12.0,0.45
5665,386,6.15,44.47,1,92.80000000000001,90.7,1307,182.5,74.4,13.91,-15.289,6.395,4.196,163.0,160.5,72.0,1585,1,-12.0,0.44
5666,386,6.15,44.46,1,92.80000000000001,90.7,1308,182.4,74.5,13.84,-15.258,6.398,4.196,163.0,160.7,72.0,1585,1,-11.9,0.45
5667,386,6.15,44.55,1,92.80000000000001,90.60000000000001,1308,182.3,74.4,13.97,-15.234,6.402,4.196,163.0,160.8,72.0,1585,1,-11.9,0.46
5668,386,6.15,44.6,1,93.0,90.8,1308,182.2,74.4,14.8,-15.203,6.406,4.196,163.0,160.9,72.0,1585,1,-11.9,0.45
5669,386,6.15,44.54,1,93.4,91.0,1311,182.1,74.6,15.08,-15.172,6.414,4.196,163.0,161.1,72.0,1585,1,-11.8,0.45
5670,386,6.15,44.61,1,93.60000000000001,91.10000000000001,1315,182.0,74.9,15.06,-15.148,6.418,4.196,164.0,161.3,71.0,1585,1,-11.8,0.45
5671,386,6.15,44.59,1,93.7,91.10000000000001,1318,181.8,74.9,15.06,-15.102,6.422,4.196,164.0,161.5,72.0,1585,1,-11.7,0.45
5672,386,6.15,44.6,1,93.7,91.10000000000001,1320,181.8,74.8,15.12,-15.062,6.426,4.196,165.0,161.7,72.0,1585,1,-11.7,0.45
5673,386,6.15,44.62,1,93.7,91.10000000000001,1321,181.7,74.8,15.05,-15.023,6.43,4.196,164.0,162.0,72.0,1585,1,-11.7,0.45
5674,386,6.125,44.66,1,93.7,91.10000000000001,1321,181.6,74.9,15.1,-14.984,6.438,4.195,165.0,162.2,71.0,1585,1,-11.6,0.46
5675,386,6.125,44.65,1,93.7,91.10000000000001,1322,181.6,74.8,15.08,-14.938,6.441,4.195,165.0,162.5,71.0,1585,1,-11.6,0.46
5676,386,6.125,44.62,1,93.7,91.10000000000001,1323,181.5,74.8,15.14,-14.891,6.445,4.195,165.0,162.7,71.0,1585,1,-11.5,0.45
5677,387,6.125,44.64,1,93.7,91.10000000000001,1324,181.4,74.9,15.15,-14.844,6.453,4.196,165.0,163.0,72.0,1585,1,-11.5,0.46
5678,387,6.125,44.67,1,93.8,91.2,1325,181.4,74.8,15.29,-14.789,6.457,4.196,166.0,163.3,72.0,1584,1,-11.5,0.45
5679,387,6.125,44.56,1,93.89999999999999,91.2,1325,181.3,74.9,15.32,-14.742,6.461,4.195,166.0,163.6,71.0,1584,1,-11.4,0.44
5680,387,6.125,44.68,1,93.89999999999999,91.2,1326,181.3,75.0,15.32,-14.688,6.465,4.196,166.0,163.8,72.0,1584,1,-11.4,0.44
5681,387,6.125,44.63,1,93.89999999999999,91.2,1326,181.2,74.9,15.34,-14.641,6.469,4.196,167.0,164.1,71.0,1584,1,-11.3,0.45
5682,387,6.125,44.57,1,93.89999999999999,91.3,1327,181.1,75.0,15.47,-14.586,6.477,4.196,167.0,164.4,71.0,1584,1,-11.3,0.45
5683,387,6.125,44.63,1,93.89999999999999,91.3,1328,181.1,75.1,15.53,-14.539,6.48,4.196,168.0,164.6,71.0,1584,1,-11.2,0.45
5684,387,6.125,44.64,1,94.0,91.3,1329,181.0,75.1,15.84,-14.484,6.484,4.196,168.0,164.9,72.0,1584,1,-11.2,0.45
5685,387,6.1,44.75,1,94.19999999999999,91.5,1330,181.0,75.2,16.42,-14.438,6.488,4.196,168.0,165.2,72.0,1584,1,-11.2,0.45
5686,387,6.1,44.71,1,94.5,91.60000000000001,1332,180.9,75.4,16.53,-14.391,6.492,4.195,168.0,165.5,72.0,1584,1,-11.1,0.45
5687,387,6.1,44.72,1,94.69999999999999,91.60000000000001,1335,180.8,75.4,16.45,-14.336,6.496,4.196,169.0,165.7,71.0,1584,1,-11.1,0.45
5688,388,6.1,44.64,1,94.69999999999999,91.60000000000001,1337,180.6,75.4,16.48,-14.297,6.504,4.195,169.0,166.0,71.0,1584,1,-11.0,0.45
5689,388,6.1,44.65,1,94.69999999999999,91.7,1338,180.6,75.4,16.52,-14.242,6.512,4.196,169.0,166.3,72.0,1584,1,-11.0,0.46
5690,388,6.1,44.72,1,94.69999999999999,91.7,1339,180.5,75.4,16.49,-14.195,6.52,4.195,170.0,166.6,71.0,1584,1,-10.9,0.45
5691,388,6.1,44.67,1,94.69999999999999,91.7,1340,180.4,75.4,16.46,-14.148,6.527,4.195,170.0,166.8,72.0,1584,1,-10.9,0.45
5692,388,6.1,44.64,1,94.6,91.60000000000001,1340,180.4,75.4,15.7,-14.094,6.531,4.195,171.0,167.1,72.0,1584,1,-10.8,0.44
5693,388,6.1,44.6,1,94.1,91.3,1338,180.3,75.1,14.53,-14.047,6.539,4.196,171.0,167.3,71.0,1584,1,-10.8,0.44
5694,388,6.1,44.6,1,93.30000000000001,90.8,1333,180.3,74.9,13.39,-14.0,6.547,4.196,171.0,167.6,71.0,1584,1,-10.8,0.45
5695,388,6.1,44.52,1,92.5,90.5,1325,180.2,74.5,13.04,-13.969,6.551,4.195,171.0,167.8,72.0,1584,1,-10.7,0.44
5696,388,6.075,44.37,1,92.10000000000001,90.4,1317,180.2,74.4,12.94,-13.93,6.555,4.196,171.0,168.1,71.0,1584,1,-10.7,0.44
5697,388,6.075,44.46,1,92.0,90.4,1312,180.2,74.6,12.72,-13.906,6.559,4.196,172.0,168.3,71.0,1584,1,-10.6,0.45
5698,387,6.075,44.36,1,91.8,90.3,1309,180.4,74.2,12.6,-13.867,6.566,4.196,172.0,168.6,71.0,1584,1,-10.6,0.45
5699,387,6.075,44.4,1,91.7,90.3,1305,180.3,74.1,12.59,-13.836,6.57,4.196,172.0,168.8,71.0,1584,1,-10.5,0.45
5700,387,6.075,44.39,1,91.7,90.3,1303,180.4,74.2,12.59,-13.797,6.574,4.196,172.0,169.0,71.0,1584,1,-10.5,0.45
5701,387,6.075,44.41,1,91.60000000000001,90.2,1301,180.4,74.1,12.55,-13.758,6.578,4.195,172.0,169.2,71.0,1584,1,-10.5,0.45
5702,387,6.075,44.45,1,91.60000000000001,90.2,1300,180.5,74.2,12.56,-13.719,6.582,4.195,172.0,169.4,72.0,1584,1,-10.4,0.44
5703,387,6.075,44.39,1,91.60000000000001,90.2,1299,180.7,74.0,12.62,-13.68,6.586,4.196,172.0,169.5,71.0,1584,1,-10.4,0.45
5704,387,6.075,44.41,1,91.60000000000001,90.2,1298,180.8,74.2,12.58,-13.641,6.59,4.196,173.0,169.6,71.0,1584,1,-10.3,0.45
5705,386,6.075,44.41,1,91.60000000000001,90.3,1297,180.9,74.2,12.61,-13.594,6.594,4.196,172.0,169.8,72.0,1584,1,-10.3,0.45
5706,386,6.075,44.44,1,91.60000000000001,90.2,1297,181.1,74.0,12.57,-13.555,6.598,4.195,172.0,169.8,71.0,1584,1,-10.2,0.45
5707,386,6.075,44.4,1,91.60000000000001,90.2,1297,181.2,74.1,12.57,-13.516,6.602,4.196,172.0,169.8,71.0,1584,1,-10.2,0.44
5708,386,6.05,44.39,1,91.60000000000001,90.2,1296,181.3,73.9,12.59,-13.477,6.605,4.196,173.0,169.8,71.0,1584,1,-10.1,0.44
5709,386,6.05,44.38,1,91.60000000000001,90.3,1296,181.4,74.1,12.57,-13.438,6.609,4.196,172.0,169.8,71.0,1584,1,-10.1,0.44
5710,386,6.05,44.36,1,91.60000000000001,90.3,1295,181.6,74.1,12.66,-13.391,6.613,4.195,173.0,169.8,72.0,1583,1,-10.0,0.45
5711,386,6.05,44.41,1,91.60000000000001,90.3,1294,181.7,74.3,13.16,-13.359,6.613,4.195,173.0,169.8,71.0,1583,1,-10.0,0.45
5712,386,6.05,44.5,1,92.0,90.60000000000001,1295,181.8,74.5,14.21,-13.32,6.617,4.196,173.0,169.7,71.0,1583,1,-9.9,0.45
5713,387,6.05,44.64,1,92.80000000000001,90.9,1300,181.8,74.7,15.32,-13.281,6.621,4.196,172.0,169.7,72.0,1583,1,-9.9,0.45
5714,387,6.05,44.55,1,93.60000000000001,91.3,1308,181.8,75.0,15.7,-13.234,6.629,4.196,172.0,169.6,71.0,1583,1,-9.8,0.45
5715,388,6.05,44.58,1,93.89999999999999,91.4,1315,181.8,75.3,15.79,-13.188,6.637,4.196,172.0,169.5,71.0,1583,1,-9.8,0.46
5716,388,6.05,44.66,1,94.0,91.4,1321,181.7,75.4,15.8,-13.141,6.641,4.195,172.0,169.4,71.0,1583,1,-9.8,0.45
5717,388,6.025,44.57,1,94.1,91.5,1324,181.6,75.4,15.8,-13.094,6.648,4.195,172.0,169.3,71.0,1583,1,-9.7,0.45
5718,389,6.025,44.62,1,94.1,91.5,1326,181.7,75.4,15.79,-13.047,6.652,4.196,172.0,169.2,71.0,1583,1,-9.6,0.46
5719,389,6.025,44.63,1,94.1,91.4,1328,181.7,75.5,15.79,-13.0,6.656,4.195,172.0,169.1,71.0,1583,1,-9.6,0.44
5720,389,6.025,44.54,1,94.0,91.4,1330,181.7,75.3,15.73,-12.961,6.66,4.196,172.0,169.0,71.0,1583,1,-9.6,0.45
5721,390,6.025,44.67,1,94.0,91.4,1331,181.6,75.3,15.8,-12.922,6.668,4.195,171.0,168.9,71.0,1583,1,-9.5,0.45
5722,390,6.025,44.63,1,94.0,91.4,1331,181.5,75.1,15.7,-12.875,6.672,4.195,171.0,168.8,71.0,1583,1,-9.5,0.44
5723,390,6.025,44.65,1,94.0,91.4,1331,181.4,75.1,15.78,-12.836,6.676,4.195,171.0,168.7,72.0,1583,1,-9.4,0.45
5724,390,6.025,44.59,1,94.0,91.4,1331,181.3,75.2,15.77,-12.797,6.68,4.196,171.0,168.5,72.0,1583,1,-9.4,0.44
5725,390,6.025,44.63,1,94.0,91.5,1331,181.3,75.3,15.82,-12.758,6.684,4.196,171.0,168.4,71.0,1583,1,-9.3,0.44
5726,390,6.025,44.67,1,94.0,91.4,1331,181.2,75.3,15.79,-12.719,6.688,4.196,171.0,168.3,71.0,1583,1,-9.3,0.44
5727,390,6.025,44.67,1,94.0,91.4,1331,181.2,75.1,15.39,-12.688,6.691,4.196,171.0,168.2,71.0,1583,1,-9.2,0.45
5728,390,6.025,44.61,1,93.7,91.2,1331,181.1,75.2,14.75,-12.656,6.695,4.196,171.0,168.0,71.0,1583,1,-9.2,0.44
5729,390,6.0,44.62,1,93.4,91.10000000000001,1328,181.0,75.0,14.82,-12.633,6.699,4.195,170.0,167.9,71.0,1583,1,-9.1,0.45
5730,390,6.0,44.52,1,93.30000000000001,91.10000000000001,1325,180.9,75.0,14.78,-12.602,6.703,4.195,170.0,167.8,71.0,1583,1,-9.1,0.45
5731,390,6.0,44.54,1,93.30000000000001,91.10000000000001,1324,180.9,74.9,14.74,-12.578,6.707,4.196,170.0,167.6,71.0,1583,1,-9.0,0.44
5732,390,6.0,44.62,1,93.2,91.0,1322,180.9,74.7,14.74,-12.539,6.711,4.196,169.0,167.5,71.0,1583,1,-9.0,0.45
5733,390,6.0,44.59,1,93.2,91.10000000000001,1321,180.9,74.8,14.8,-12.516,6.715,4.196,169.0,167.4,71.0,1583,1,-8.9,0.44
5734,390,6.0,44.58,1,93.2,91.10000000000001,1321,180.8,74.9,15.28,-12.484,6.719,4.195,169.0,167.2,71.0,1583,1,-8.9,0.44
5735,390,6.0,44.63,1,93.60000000000001,91.3,1322,180.8,74.8,16.36,-12.461,6.723,4.195,169.0,167.1,71.0,1583,1,-8.8,0.45
5736,390,6.0,44.7,1,94.39999999999999,91.8,1326,180.7,75.3,17.21,-12.422,6.727,4.196,169.0,166.9,71.0,1583,1,-8.8,0.44
5737,390,6.0,44.75,1,94.89999999999999,91.9,1333,180.7,75.4,17.26,-12.383,6.73,4.196,169.0,166.8,71.0,1583,1,-8.7,0.45
5738,390,6.0,44.77,1,95.1,92.0,1338,180.7,75.6,17.27,-12.344,6.734,4.196,169.0,166.7,71.0,1583,1,-8.7,0.45
5739,390,5.975,44.71,1,95.19999999999999,92.0,1342,180.6,75.7,17.29,-12.305,6.742,4.196,169.0,166.6,71.0,1583,1,-8.6,0.44
5740,390,5.975,44.75,1,95.19999999999999,92.0,1345,180.6,75.7,17.36,-12.266,6.746,4.195,169.0,166.5,71.0,1583,1,-8.6,0.44
5741,390,5.975,44.81,1,95.3,92.10000000000001,1347,180.6,75.8,18.12,-12.227,6.75,4.195,168.0,166.5,71.0,1583,1,-8.5,0.44
5742,390,5.975,44.82,1,95.7,92.30000000000001,1350,180.5,76.1,18.27,-12.188,6.758,4.195,169.0,166.5,71.0,1583,1,-8.5,0.45
5743,391,5.975,44.88,1,95.89999999999999,92.4,1354,180.4,76.2,18.86,-12.133,6.762,4.195,168.0,166.5,71.0,1583,1,-8.4,0.44
5744,391,5.975,44.95,1,96.5,92.7,1359,180.3,76.4,19.88,-12.086,6.77,4.195,169.0,166.6,71.0,1582,1,-8.4,0.44
5745,391,5.975,45.02,1,97.2,93.10000000000001,1365,180.2,76.5,21.06,-12.031,6.773,4.196,169.0,166.7,71.0,1582,1,-8.3,0.44
5746,391,5.975,44.79,1,97.8,93.30000000000001,1374,180.1,76.8,22.16,-11.977,6.777,4.195,169.0,166.8,71.0,1582,1,-8.3,0.44
5747,391,5.975,44.96,1,97.89999999999999,93.30000000000001,1381,179.8,76.8,22.55,-11.93,6.781,4.195,169.0,167.0,71.0,1582,1,-8.2,0.45
5748,391,5.975,45.06,1,98.0,93.30000000000001,1386,179.7,76.9,22.69,-11.875,6.781,4.196,169.0,167.1,71.0,1582,1,-8.2,0.45
5749,391,5.975,44.87,1,97.89999999999999,93.30000000000001,1388,179.5,77.1,22.45,-11.836,6.781,4.196,170.0,167.3,71.0,1582,1,-8.1,0.44
5750,390,5.975,44.91,1,98.0,93.30000000000001,1389,179.3,77.0,21.73,-11.797,6.781,4.196,170.0,167.5,71.0,1582,1,-8.1,0.44
5751,390,5.975,44.9,1,97.89999999999999,93.30000000000001,1390,179.0,76.8,21.67,-11.766,6.781,4.196,170.0,167.8,71.0,1582,1,-8.0,0.45
5752,390,5.975,44.93,1,97.89999999999999,93.30000000000001,1391,178.8,76.9,21.67,-11.742,6.781,4.196,171.0,168.0,71.0,1582,1,-8.0,0.45
5753,390,5.975,45.04,1,97.89999999999999,93.30000000000001,1391,178.6,77.0,21.68,-11.719,6.781,4.196,171.0,168.3,71.0,1582,1,-7.9,0.44
5754,389,5.975,44.96,1,97.89999999999999,93.30000000000001,1392,178.3,76.9,21.68,-11.703,6.777,4.196,171.0,168.5,71.0,1582,1,-7.9,0.44
5755,389,5.975,44.92,1,97.89999999999999,93.30000000000001,1392,178.2,77.1,21.62,-11.703,6.777,4.195,171.0,168.8,71.0,1582,1,-7.8,0.44
5756,389,5.975,44.94,1,97.89999999999999,93.30000000000001,1393,178.1,77.0,21.69,-11.695,6.777,4.195,172.0,169.1,71.0,1582,1,-7.7,0.44
5757,389,5.975,44.84,1,97.89999999999999,93.30000000000001,1393,178.0,77.0,21.51,-11.688,6.777,4.195,172.0,169.3,71.0,1582,1,-7.7,0.44
5758,388,5.975,44.88,1,97.89999999999999,93.30000000000001,1393,177.9,77.0,21.23,-11.688,6.777,4.195,172.0,169.6,71.0,1582,1,-7.6,0.44
5759,388,5.975,44.89,1,97.89999999999999,93.30000000000001,1393,177.8,76.9,21.16,-11.68,6.773,4.196,172.0,169.9,71.0,1582,1,-7.6,0.44
5760,388,5.975,44.82,1,97.89999999999999,93.30000000000001,1393,177.7,77.0,21.14,-11.68,6.773,4.196,172.0,170.2,71.0,1582,1,-7.5,0.43
5761,388,5.975,44.95,1,97.89999999999999,93.30000000000001,1393,177.6,77.0,21.18,-11.68,6.773,4.196,172.0,170.5,71.0,1582,1,-7.5,0.44
5762,388,5.975,44.96,1,97.89999999999999,93.30000000000001,1392,177.4,76.8,21.22,-11.68,6.773,4.196,174.0,170.8,71.0,1582,1,-7.4,0.44
5763,387,5.975,44.89,1,97.89999999999999,93.30000000000001,1392,177.3,76.9,21.16,-11.672,6.77,4.196,174.0,171.2,71.0,1582,1,-7.4,0.44
5764,387,5.975,44.85,1,97.89999999999999,93.30000000000001,1392,177.2,76.9,21.21,-11.672,6.77,4.195,174.0,171.5,71.0,1582,1,-7.3,0.44
5765,387,5.975,44.99,1,97.89999999999999,93.30000000000001,1392,177.2,76.8,21.27,-11.672,6.77,4.196,174.0,171.7,71.0,1582,1,-7.3,0.44
5766,387,5.975,44.86,1,97.89999999999999,93.30000000000001,1392,177.1,76.8,21.2,-11.672,6.77,4.195,175.0,172.1,71.0,1582,1,-7.2,0.45
5767,387,5.975,44.79,1,97.89999999999999,93.30000000000001,1392,177.1,76.8,21.17,-11.68,6.77,4.195,175.0,172.4,71.0,1582,1,-7.2,0.44
5768,387,5.975,44.82,1,97.89999999999999,93.30000000000001,1392,177.0,76.9,21.2,-11.68,6.77,4.195,176.0,172.7,71.0,1582,1,-7.1,0.44
5769,387,5.975,44.81,1,97.89999999999999,93.30000000000001,1393,177.0,76.9,21.12,-11.68,6.77,4.196,176.0,173.0,71.0,1582,1,-7.0,0.43
5770,386,5.975,44.85,1,97.89999999999999,93.30000000000001,1393,177.0,76.9,21.16,-11.688,6.77,4.196,176.0,173.3,71.0,1582,1,-7.0,0.44
5771,386,5.975,44.87,1,97.89999999999999,93.30000000000001,1393,177.1,77.0,21.15,-11.688,6.766,4.195,177.0,173.6,71.0,1582,1,-7.0,0.44
5772,386,5.975,44.77,1,97.89999999999999,93.30000000000001,1392,177.0,76.8,21.14,-11.695,6.766,4.196,177.0,173.9,71.0,1582,1,-6.9,0.45
5773,386,5.975,44.69,1,97.89999999999999,93.30000000000001,1392,176.9,76.8,21.18,-11.695,6.766,4.196,177.0,174.3,71.0,1582,1,-6.8,0.44
5774,386,5.975,44.76,1,97.89999999999999,93.30000000000001,1392,176.9,76.9,21.16,-11.695,6.766,4.195,177.0,174.6,71.0,1582,1,-6.8,0.45
5775,386,5.975,44.68,1,97.89999999999999,93.30000000000001,1393,176.9,76.8,21.17,-11.695,6.766,4.195,178.0,174.9,71.0,1582,1,-6.7,0.44
5776,386,5.975,44.82,1,97.89999999999999,93.30000000000001,1392,176.9,76.8,21.16,-11.695,6.762,4.196,178.0,175.2,71.0,1582,1,-6.7,0.44
5777,385,5.975,44.95,1,97.89999999999999,93.30000000000001,1393,176.9,76.7,21.2,-11.695,6.762,4.196,179.0,175.5,71.0,1582,1,-6.6,0.44
5778,385,5.975,44.73,1,97.89999999999999,93.30000000000001,1394,176.9,76.9,21.21,-11.703,6.762,4.195,179.0,175.9,71.0,1582,1,-6.6,0.44
5779,385,5.975,44.8,1,97.89999999999999,93.30000000000001,1393,176.9,76.9,21.11,-11.703,6.762,4.195,179.0,176.2,71.0,1582,1,-6.5,0.43
5780,385,5.975,44.61,1,97.89999999999999,93.30000000000001,1393,177.0,76.8,21.18,-11.711,6.762,4.195,180.0,176.5,71.0,1582,1,-6.5,0.44
5781,385,5.975,44.87,1,97.89999999999999,93.30000000000001,1393,176.9,76.7,21.16,-11.719,6.758,4.196,180.0,176.8,71.0,1581,1,-6.4,0.45
5782,385,5.975,44.89,1,97.89999999999999,93.30000000000001,1392,177.0,76.8,21.1,-11.727,6.758,4.196,180.0,177.1,71.0,1581,1,-6.4,0.44
5783,385,5.975,44.77,1,97.89999999999999,93.30000000000001,1392,177.0,76.8,21.1,-11.734,6.754,4.195,180.0,177.3,71.0,1581,1,-6.3,0.44
5784,385,5.975,44.76,1,97.89999999999999,93.30000000000001,1392,177.0,76.7,21.05,-11.742,6.754,4.196,181.0,177.7,71.0,1581,1,-6.2,0.44
5785,385,5.975,44.79,1,97.89999999999999,93.30000000000001,1393,177.1,76.7,21.07,-11.75,6.754,4.195,182.0,177.9,71.0,1581,1,-6.2,0.45
5786,384,5.975,44.76,1,97.89999999999999,93.30000000000001,1393,177.2,76.9,21.05,-11.766,6.754,4.196,182.0,178.2,71.0,1581,1,-6.1,0.44
5787,384,5.975,44.76,1,97.89999999999999,93.30000000000001,1393,177.3,76.8,21.08,-11.766,6.75,4.196,182.0,178.5,71.0,1581,1,-6.1,0.44
5788,384,5.975,44.82,1,97.89999999999999,93.30000000000001,1393,177.3,76.9,21.07,-11.773,6.75,4.195,182.0,178.8,71.0,1581,1,-6.0,0.45
5789,384,5.975,44.63,1,97.89999999999999,93.30000000000001,1392,177.2,76.7,21.1,-11.781,6.75,4.196,182.0,179.0,71.0,1581,1,-6.0,0.45
5790,384,5.975,44.59,1,97.89999999999999,93.30000000000001,1392,177.3,76.9,21.09,-11.789,6.746,4.195,182.0,179.3,71.0,1581,1,-5.9,0.44
5791,384,5.975,44.81,1,97.89999999999999,93.30000000000001,1392,177.3,76.7,21.04,-11.797,6.746,4.196,182.0,179.5,71.0,1581,1,-5.9,0.44
5792,384,5.975,44.73,1,97.8,93.30000000000001,1392,177.4,76.6,21.07,-11.812,6.746,4.195,182.0,179.8,71.0,1581,1,-5.8,0.43
5793,384,5.975,44.8,1,97.89999999999999,93.30000000000001,1391,177.4,76.8,21.07,-11.82,6.746,4.196,183.0,180.1,71.0,1581,1,-5.8,0.43
5794,384,5.975,44.22,1,97.89999999999999,93.30000000000001,1391,177.6,76.7,21.12,-11.836,6.742,4.196,184.0,180.3,71.0,1581,1,-5.7,0.44
5795,383,5.975,44.84,1,97.89999999999999,93.30000000000001,1392,177.6,76.9,21.06,-11.844,6.742,4.195,184.0,180.5,71.0,1581,1,-5.7,0.44
5796,383,5.975,44.76,1,97.89999999999999,93.30000000000001,1392,177.5,76.9,21.12,-11.852,6.742,4.196,184.0,180.8,71.0,1581,1,-5.6,0.44
5797,383,5.975,44.77,1,97.89999999999999,93.30000000000001,1391,177.5,76.8,21.14,-11.867,6.742,4.195,185.0,181.1,71.0,1581,1,-5.6,0.44
5798,383,5.975,44.76,1,97.89999999999999,93.30000000000001,1391,177.6,76.8,21.14,-11.867,6.742,4.195,185.0,181.3,71.0,1581,1,-5.5,0.44
5799,383,5.975,44.82,1,97.8,93.2,1391,177.7,76.9,21.08,-11.875,6.742,4.196,185.0,181.6,71.0,1581,1,-5.5,0.44
5800,383,5.975,44.67,1,97.89999999999999,93.30000000000001,1391,177.7,76.8,21.11,-11.891,6.742,4.196,185.0,181.7,71.0,1581,1,-5.4,0.43
5801,383,5.975,44.77,1,97.89999999999999,93.30000000000001,1391,177.7,76.9,21.14,-11.898,6.742,4.196,185.0,181.9,71.0,1581,1,-5.4,0.43
5802,383,5.975,44.76,1,97.89999999999999,93.30000000000001,1391,177.7,76.9,21.02,-11.914,6.742,4.195,185.0,182.1,71.0,1581,1,-5.3,0.43
5803,383,5.975,43.88,1,97.89999999999999,93.30000000000001,1392,177.7,76.8,21.04,-11.922,6.738,4.195,185.0,182.2,71.0,1581,1,-5.3,0.44
5804,383,5.975,44.5,1,97.89999999999999,93.30000000000001,1392,177.8,76.7,21.05,-11.93,6.738,4.195,186.0,182.3,71.0,1581,1,-5.2,0.43
5805,383,5.975,44.52,1,97.89999999999999,93.30000000000001,1393,177.8,76.8,21.05,-11.938,6.738,4.196,186.0,182.4,71.0,1581,1,-5.2,0.44
5806,383,5.975,44.71,1,97.89999999999999,93.30000000000001,1392,177.8,76.7,21.01,-11.945,6.738,4.196,185.0,182.5,71.0,1581,1,-5.1,0.44
5807,383,5.975,44.76,1,97.89999999999999,93.30000000000001,1391,177.9,76.6,21.08,-11.953,6.734,4.196,185.0,182.5,71.0,1581,1,-5.0,0.44
5808,382,5.975,44.76,1,97.89999999999999,93.30000000000001,1391,177.9,76.8,21.06,-11.961,6.734,4.196,185.0,182.5,71.0,1581,1,-5.0,0.43
5809,382,5.975,44.71,1,97.89999999999999,93.30000000000001,1391,177.9,76.9,21.05,-11.969,6.73,4.195,185.0,182.4,71.0,1581,1,-4.9,0.44
5810,382,5.975,44.76,1,97.89999999999999,93.30000000000001,1391,178.1,76.7,21.05,-11.977,6.73,4.195,185.0,182.4,71.0,1581,1,-4.9,0.43
5811,382,5.975,44.79,1,97.89999999999999,93.30000000000001,1391,178.1,76.7,21.06,-11.984,6.73,4.196,185.0,182.3,71.0,1581,1,-4.8,0.43
5812,382,5.975,44.54,1,97.89999999999999,93.30000000000001,1391,178.2,76.6,21.09,-11.992,6.73,4.195,185.0,182.3,71.0,1581,1,-4.8,0.43
5813,382,5.975,44.53,1,97.89999999999999,93.30000000000001,1391,178.2,76.6,21.09,-12.0,6.73,4.195,185.0,182.2,71.0,1581,1,-4.7,0.43
5814,382,5.975,44.55,1,97.89999999999999,93.30000000000001,1391,178.3,76.7,21.06,-12.0,6.727,4.196,185.0,182.1,71.0,1581,1,-4.7,0.44
5815,382,5.975,44.77,1,97.89999999999999,93.30000000000001,1392,178.3,76.8,21.08,-12.008,6.727,4.196,185.0,182.0,72.0,1581,1,-4.6,0.44
5816,382,5.975,44.82,1,97.89999999999999,93.30000000000001,1391,178.4,76.8,21.07,-12.016,6.727,4.196,185.0,181.9,72.0,1581,1,-4.6,0.45
5817,382,5.975,44.56,1,97.89999999999999,93.30000000000001,1391,178.4,76.7,21.05,-12.023,6.723,4.195,185.0,181.7,71.0,1581,1,-4.5,0.44
5818,382,5.975,44.67,1,97.89999999999999,93.30000000000001,1391,178.3,76.7,21.08,-12.031,6.723,4.195,184.0,181.6,71.0,1581,1,-4.5,0.44
5819,382,5.975,44.47,1,97.89999999999999,93.30000000000001,1391,178.6,76.7,21.04,-12.031,6.723,4.196,185.0,181.5,71.0,1581,1,-4.5,0.44
5820,381,5.975,44.63,1,97.89999999999999,93.30000000000001,1391,178.6,76.7,21.05,-12.039,6.723,4.195,184.0,181.4,71.0,1581,1,-4.4,0.44
5821,381,5.975,44.62,1,97.89999999999999,93.30000000000001,1391,178.6,76.9,21.09,-12.047,6.719,4.195,183.0,181.2,71.0,1581,1,-4.3,0.45
5822,381,5.975,44.7,1,97.89999999999999,93.30000000000001,1391,178.6,76.8,21.14,-12.062,6.719,4.196,183.0,181.1,72.0,1581,1,-4.3,0.44
5823,381,5.975,44.8,1,97.89999999999999,93.30000000000001,1390,178.7,76.8,21.08,-12.078,6.719,4.196,182.0,181.0,71.0,1581,1,-4.2,0.44
5824,381,5.975,44.62,1,97.89999999999999,93.30000000000001,1390,178.7,76.8,21.07,-12.086,6.719,4.195,182.0,180.8,72.0,1581,1,-4.2,0.45
5825,381,5.975,44.69,1,97.89999999999999,93.30000000000001,1390,178.7,76.7,21.07,-12.094,6.715,4.196,182.0,180.7,72.0,1581,1,-4.1,0.44
5826,381,5.975,44.45,1,97.89999999999999,93.30000000000001,1390,178.8,76.6,21.1,-12.109,6.715,4.195,182.0,180.5,72.0,1581,1,-4.1,0.44
5827,381,5.975,44.73,1,97.89999999999999,93.30000000000001,1390,178.8,76.6,21.09,-12.125,6.711,4.196,182.0,180.4,71.0,1580,1,-4.0,0.45
5828,381,5.975,44.71,1,97.89999999999999,93.30000000000001,1391,178.8,76.5,21.11,-12.133,6.711,4.195,182.0,180.2,71.0,1580,1,-4.0,0.44
5829,380,5.975,44.8,1,97.89999999999999,93.30000000000001,1391,178.7,76.5,21.09,-12.141,6.711,4.195,182.0,180.1,71.0,1580,1,-4.0,0.45
5830,380,5.975,44.75,1,97.89999999999999,93.30000000000001,1391,178.8,76.4,21.05,-12.156,6.707,4.195,182.0,180.0,71.0,1580,1,-3.9,0.45
5831,380,5.975,44.61,1,97.89999999999999,93.30000000000001,1391,179.0,76.5,21.06,-12.164,6.707,4.196,182.0,179.9,72.0,1580,1,-3.9,0.44
5832,380,5.975,44.45,1,97.89999999999999,93.30000000000001,1390,178.9,76.4,21.05,-12.18,6.707,4.196,182.0,179.8,71.0,1580,1,-3.8,0.44
5833,380,5.975,44.51,1,97.89999999999999,93.30000000000001,1390,178.9,76.5,21.04,-12.188,6.703,4.196,182.0,179.7,71.0,1580,1,-3.8,0.44
5834,380,5.975,44.78,1,97.89999999999999,93.30000000000001,1390,179.0,76.7,21.14,-12.195,6.703,4.196,182.0,179.6,72.0,1580,1,-3.7,0.44
5835,380,5.975,44.68,1,97.89999999999999,93.30000000000001,1391,179.2,76.6,21.11,-12.203,6.699,4.196,182.0,179.5,71.0,1580,1,-3.7,0.45
5836,379,5.975,44.77,1,97.89999999999999,93.30000000000001,1391,179.4,76.6,21.07,-12.203,6.699,4.195,182.0,179.3,71.0,1580,1,-3.6,0.45
5837,379,5.975,44.75,1,97.89999999999999,93.30000000000001,1391,179.4,76.5,21.11,-12.211,6.699,4.195,182.0,179.3,71.0,1580,1,-3.6,0.45
5838,379,5.975,44.61,1,97.89999999999999,93.30000000000001,1392,179.4,76.7,21.11,-12.211,6.699,4.196,182.0,179.2,72.0,1580,1,-3.5,0.44
5839,379,5.975,44.58,1,97.89999999999999,93.30000000000001,1391,179.5,76.6,21.02,-12.211,6.699,4.196,182.0,179.1,72.0,1580,1,-3.5,0.44
5840,379,5.975,44.59,1,97.89999999999999,93.30000000000001,1392,179.5,76.6,21.11,-12.219,6.699,4.195,182.0,179.0,71.0,1580,1,-3.4,0.44
5841,379,5.975,44.52,1,97.89999999999999,93.30000000000001,1392,179.5,76.7,21.02,-12.219,6.695,4.195,181.0,179.0,72.0,1580,1,-3.4,0.44
5842,378,5.975,44.88,1,97.89999999999999,93.30000000000001,1392,179.6,76.5,21.07,-12.219,6.695,4.196,181.0,178.9,72.0,1580,1,-3.3,0.46
5843,378,5.975,44.58,1,97.89999999999999,93.30000000000001,1391,179.6,76.4,21.03,-12.227,6.691,4.196,181.0,178.9,71.0,1580,1,-3.3,0.44
5844,378,5.975,44.72,1,97.89999999999999,93.30000000000001,1391,179.6,76.6,21.14,-12.219,6.688,4.195,181.0,178.8,72.0,1580,1,-3.2,0.45
5845,378,5.975,44.65,1,97.89999999999999,93.30000000000001,1391,179.6,76.6,21.12,-12.219,6.684,4.195,181.0,178.8,72.0,1580,1,-3.2,0.44
5846,378,5.975,44.48,1,97.89999999999999,93.30000000000001,1391,179.7,76.5,21.06,-12.211,6.684,4.196,181.0,178.7,72.0,1580,1,-3.2,0.45
5847,378,5.975,44.79,1,97.89999999999999,93.30000000000001,1391,179.8,76.5,21.09,-12.203,6.684,4.196,181.0,178.7,72.0,1580,1,-3.1,0.44
5848,377,5.975,44.61,1,97.89999999999999,93.30000000000001,1392,179.8,76.8,21.07,-12.203,6.684,4.196,180.0,178.7,72.0,1580,1,-3.1,0.45
5849,377,5.975,44.62,1,97.89999999999999,93.30000000000001,1392,179.7,76.6,21.09,-12.195,6.684,4.196,180.0,178.7,72.0,1580,1,-3.0,0.44
5850,377,5.975,44.7,1,97.89999999999999,93.30000000000001,1392,179.7,76.5,21.07,-12.18,6.684,4.195,181.0,178.7,72.0,1580,1,-3.0,0.43
5851,377,5.975,44.54,1,97.89999999999999,93.30000000000001,1392,179.8,76.4,21.09,-12.172,6.68,4.196,180.0,178.7,72.0,1580,1,-2.9,0.44
5852,377,5.975,44.57,1,97.89999999999999,93.30000000000001,1392,179.9,76.4,21.15,-12.164,6.68,4.196,181.0,178.6,72.0,1580,1,-2.9,0.43
5853,377,5.975,44.66,1,97.89999999999999,93.30000000000001,1391,180.0,76.4,21.11,-12.148,6.68,4.196,180.0,178.6,72.0,1580,1,-2.8,0.43
5854,377,5.975,44.72,1,97.8,93.30000000000001,1390,179.9,76.4,21.07,-12.141,6.676,4.196,181.0,178.6,72.0,1580,1,-2.8,0.44
5855,377,5.975,44.39,1,97.89999999999999,93.30000000000001,1390,180.0,76.6,21.1,-12.141,6.676,4.196,180.0,178.6,71.0,1580,1,-2.8,0.44
5856,377,5.975,44.47,1,97.8,93.30000000000001,1390,180.1,76.3,21.14,-12.133,6.676,4.196,181.0,178.6,71.0,1580,1,-2.7,0.44
5857,377,5.975,44.51,1,97.89999999999999,93.30000000000001,1390,180.1,76.4,21.12,-12.125,6.676,4.195,181.0,178.6,72.0,1580,1,-2.6,0.43
5858,377,5.975,44.68,1,97.89999999999999,93.30000000000001,1390,180.1,76.3,21.02,-12.117,6.676,4.195,180.0,178.7,72.0,1580,1,-2.6,0.44
5859,377,5.975,44.45,1,97.8,93.30000000000001,1390,180.2,76.4,21.11,-12.109,6.672,4.195,181.0,178.6,72.0,1580,1,-2.5,0.44
5860,377,5.975,44.86,1,97.89999999999999,93.30000000000001,1390,180.2,76.5,21.09,-12.102,6.672,4.196,181.0,178.7,72.0,1580,1,-2.5,0.44
5861,377,5.975,44.59,1,97.89999999999999,93.30000000000001,1391,180.3,76.5,21.09,-12.102,6.672,4.196,181.0,178.7,71.0,1580,1,-2.5,0.43
5862,377,5.975,44.65,1,97.8,93.30000000000001,1391,180.2,76.5,21.12,-12.094,6.672,4.195,181.0,178.7,72.0,1580,1,-2.4,0.44
5863,377,5.975,44.63,1,97.8,93.30000000000001,1390,180.2,76.6,21.09,-12.078,6.672,4.196,181.0,178.8,72.0,1580,1,-2.4,0.43
5864,377,5.975,44.7,1,97.8,93.30000000000001,1390,180.3,76.5,21.07,-12.078,6.672,4.196,181.0,178.8,72.0,1580,1,-2.4,0.44
5865,377,5.975,44.55,1,97.8,93.30000000000001,1390,180.3,76.3,21.09,-12.078,6.672,4.195,181.0,178.8,72.0,1580,1,-2.3,0.44
5866,377,5.975,44.6,1,97.8,93.30000000000001,1390,180.3,76.5,21.05,-12.078,6.672,4.196,181.0,178.9,72.0,1580,1,-2.3,0.44
5867,377,5.975,44.57,1,97.89999999999999,93.30000000000001,1390,180.3,76.4,21.08,-12.078,6.668,4.195,181.0,178.9,72.0,1580,1,-2.2,0.43
5868,377,5.975,44.41,1,97.8,93.30000000000001,1389,180.3,76.3,21.06,-12.086,6.668,4.196,181.0,178.9,72.0,1580,1,-2.2,0.44
5869,377,5.975,44.62,1,97.8,93.30000000000001,1389,180.3,76.3,21.11,-12.094,6.668,4.195,181.0,179.0,72.0,1580,1,-2.1,0.44
5870,377,5.975,44.66,1,97.8,93.30000000000001,1389,180.4,76.3,21.03,-12.094,6.668,4.196,181.0,179.0,72.0,1580,1,-2.1,0.45
5871,377,5.975,44.57,1,97.8,93.2,1389,180.5,76.3,21.1,-12.102,6.668,4.195,181.0,179.0,72.0,1580,1,-2.0,0.44
5872,377,5.975,44.68,1,97.8,93.30000000000001,1389,180.5,76.5,21.09,-12.109,6.668,4.196,181.0,179.0,72.0,1580,1,-2.0,0.43
5873,377,5.975,44.49,1,97.8,93.30000000000001,1389,180.6,76.5,21.06,-12.117,6.664,4.195,182.0,179.1,72.0,1580,1,-2.0,0.45
5874,377,5.975,44.44,1,97.8,93.30000000000001,1389,180.7,76.3,21.08,-12.125,6.664,4.196,182.0,179.1,72.0,1580,1,-1.9,0.43
5875,377,5.975,44.44,1,97.89999999999999,93.30000000000001,1389,180.8,76.2,21.1,-12.133,6.664,4.195,182.0,179.2,72.0,1580,1,-1.9,0.44
5876,377,5.975,44.42,1,97.8,93.30000000000001,1389,180.8,76.3,21.08,-12.141,6.664,4.195,182.0,179.2,72.0,1580,1,-1.8,0.44
5877,377,5.975,44.64,1,97.8,93.30000000000001,1389,180.8,76.3,21.08,-12.148,6.664,4.196,182.0,179.3,72.0,1580,1,-1.8,0.45
5878,377,5.975,44.39,1,97.8,93.30000000000001,1389,180.8,76.5,21.09,-12.156,6.66,4.196,182.0,179.3,72.0,1580,1,-1.7,0.45
5879,377,5.975,44.86,1,97.89999999999999,93.30000000000001,1389,180.9,76.5,21.08,-12.164,6.66,4.196,182.0,179.3,72.0,1580,1,-1.7,0.45
5880,377,5.975,44.43,1,97.89999999999999,93.30000000000001,1389,180.8,76.3,21.06,-12.164,6.66,4.196,182.0,179.3,72.0,1580,1,-1.7,0.44
5881,377,5.975,44.5,1,97.8,93.30000000000001,1390,180.8,76.3,21.06,-12.172,6.656,4.196,182.0,179.4,72.0,1580,1,-1.6,0.44
5882,377,5.975,44.8,1,97.8,93.30000000000001,1389,180.8,76.5,21.11,-12.172,6.656,4.195,182.0,179.4,72.0,1580,1,-1.6,0.44
5883,377,5.975,44.78,1,97.8,93.30000000000001,1390,180.9,76.5,21.07,-12.164,6.656,4.196,182.0,179.5,72.0,1580,1,-1.5,0.44
5884,377,5.975,44.62,1,97.89999999999999,93.30000000000001,1390,180.9,76.3,21.02,-12.164,6.656,4.196,182.0,179.5,72.0,1580,1,-1.5,0.44
5885,377,5.975,44.57,1,97.8,93.30000000000001,1390,180.8,76.4,21.08,-12.172,6.656,4.195,182.0,179.6,72.0,1580,1,-1.5,0.44
5886,377,5.975,44.73,1,97.8,93.30000000000001,1390,180.8,76.4,21.07,-12.164,6.656,4.196,182.0,179.6,72.0,1580,1,-1.4,0.44
5887,377,5.975,44.56,1,97.89999999999999,93.30000000000001,1390,180.9,76.4,21.11,-12.156,6.656,4.196,182.0,179.7,72.0,1580,1,-1.4,0.44
5888,377,5.975,44.43,1,97.8,93.30000000000001,1390,180.9,76.5,21.03,-12.148,6.656,4.196,182.0,179.7,72.0,1580,1,-1.4,0.45
5889,377,5.975,44.43,1,97.89999999999999,93.30000000000001,1390,180.9,76.6,20.85,-12.141,6.66,4.196,182.0,179.7,72.0,1580,1,-1.3,0.43
5890,377,5.975,44.67,1,97.7,93.10000000000001,1389,181.0,76.4,19.86,-12.141,6.664,4.196,182.0,179.8,72.0,1580,1,-1.3,0.44
5891,377,5.975,44.49,1,97.1,92.9,1387,181.0,76.2,19.6,-12.133,6.668,4.196,182.0,179.8,72.0,1580,1,-1.2,0.44
5892,377,5.975,44.4,1,96.89999999999999,92.80000000000001,1382,181.0,76.2,19.04,-12.141,6.672,4.195,182.0,179.9,72.0,1580,1,-1.2,0.44
5893,378,5.975,44.25,1,96.3,92.5,1378,181.1,76.0,17.82,-12.133,6.68,4.196,182.0,179.9,72.0,1580,1,-1.1,0.44
5894,378,5.975,44.44,1,95.6,92.2,1371,181.2,75.7,16.78,-12.133,6.688,4.196,182.0,179.9,72.0,1580,1,-1.1,0.44
5895,378,5.975,44.12,1,94.69999999999999,91.7,1363,181.1,75.4,15.61,-12.125,6.695,4.195,182.0,180.0,72.0,1580,1,-1.1,0.44
5896,379,5.95,44.14,1,93.89999999999999,91.4,1352,181.3,74.9,14.42,-12.109,6.703,4.196,182.0,180.0,72.0,1580,1,-1.0,0.44
5897,379,5.95,44.2,1,93.0,91.0,1341,181.4,74.4,13.36,-12.094,6.711,4.195,182.0,180.0,72.0,1580,1,-1.0,0.44
5898,379,5.95,44.17,1,92.10000000000001,90.5,1329,181.7,74.0,12.2,-12.07,6.723,4.195,182.0,180.1,72.0,1580,1,-1.0,0.43
5899,380,5.95,44.08,1,91.10000000000001,90.10000000000001,1317,182.0,73.7,11.15,-12.047,6.73,4.196,182.0,180.1,72.0,1580,1,-0.9,0.44
5900,380,5.95,44.0,1,90.3,89.8,1304,182.3,73.4,10.9,-12.008,6.742,4.195,182.0,180.1,72.0,1580,1,-0.9,0.44
5901,380,5.925,44.06,1,89.9,89.7,1294,182.5,73.1,10.88,-11.969,6.754,4.196,182.0,180.1,72.0,1580,1,-0.8,0.45
5902,381,5.925,44.0,1,89.9,89.7,1287,182.9,73.1,10.88,-11.906,6.77,4.195,182.0,180.1,72.0,1580,1,-0.8,0.44
5903,381,5.925,43.99,1,89.8,89.7,1282,183.2,73.2,10.91,-11.836,6.785,4.195,182.0,180.1,72.0,1580,1,-0.8,0.44
5904,381,5.925,44.08,1,89.8,89.7,1279,183.6,73.1,10.89,-11.758,6.801,4.196,182.0,180.0,72.0,1580,1,-0.7,0.44
5905,382,5.9,44.02,1,89.8,89.7,1277,184.0,73.2,10.88,-11.672,6.816,4.196,182.0,180.0,72.0,1580,1,-0.7,0.44
5906,382,5.9,44.07,1,89.7,89.7,1276,184.3,73.2,10.9,-11.578,6.832,4.196,182.0,180.0,72.0,1580,1,-0.7,0.45
5907,382,5.9,44.05,1,89.7,89.7,1274,184.7,73.2,10.88,-11.469,6.844,4.195,182.0,179.9,72.0,1580,1,-0.6,0.44
5908,382,5.875,44.0,1,89.7,89.7,1273,185.0,73.3,10.89,-11.359,6.859,4.196,182.0,179.8,72.0,1580,1,-0.6,0.44
5909,383,5.875,44.23,1,89.7,89.7,1272,185.2,73.2,10.88,-11.25,6.875,4.196,182.0,179.7,72.0,1580,1,-0.5,0.44
5910,383,5.875,43.96,1,89.7,89.7,1271,185.6,73.3,10.5,-11.141,6.891,4.196,182.0,179.7,72.0,1580,1,-0.5,0.44
5911,383,5.875,43.94,1,89.3,89.5,1269,185.9,73.2,10.16,-11.023,6.91,4.196,182.0,179.6,72.0,1579,1,-0.5,0.44
5912,384,5.85,44.1,1,89.0,89.4,1266,186.3,73.1,10.16,-10.898,6.926,4.196,182.0,179.5,72.0,1579,1,-0.4,0.44
5913,384,5.85,44.05,1,88.9,89.4,1264,186.5,73.0,9.78,-10.773,6.941,4.196,182.0,179.4,72.0,1579,1,-0.4,0.44
5914,384,5.85,44.16,1,88.6,89.2,1262,186.7,73.0,9.66,-10.641,6.957,4.196,182.0,179.3,72.0,1579,1,-0.4,0.44
5915,384,5.85,44.07,1,88.4,89.2,1259,186.9,72.8,9.07,-10.508,6.973,4.196,182.0,179.2,72.0,1579,1,-0.3,0.44
5916,384,5.825,44.06,1,87.9,88.9,1255,187.1,72.7,8.57,-10.367,6.988,4.196,182.0,179.1,72.0,1579,1,-0.3,0.43
5917,384,5.825,44.12,1,87.5,88.8,1250,187.3,72.6,8.52,-10.227,7.004,4.196,181.0,178.9,72.0,1579,1,-0.2,0.43
5918,384,5.825,44.01,1,87.3,88.7,1246,187.4,72.7,8.55,-10.094,7.02,4.196,181.0,178.7,72.0,1579,1,-0.2,0.44
5919,385,5.8,44.02,1,87.2,88.6,1243,187.6,72.7,7.73,-9.961,7.039,4.196,180.0,178.6,72.0,1579,1,-0.1,0.44
5920,385,5.8,43.96,1,86.6,88.4,1239,187.9,72.4,7.39,-9.828,7.055,4.195,180.0,178.4,72.0,1579,1,-0.1,0.44
5921,384,5.8,43.88,1,86.3,88.3,1234,188.0,72.3,7.36,-9.695,7.07,4.195,180.0,178.2,72.0,1579,1,-0.1,0.43
5922,384,5.8,43.95,1,86.1,88.3,1230,188.1,72.1,7.34,-9.555,7.09,4.195,180.0,177.9,72.0,1579,1,-0.0,0.43
5923,384,5.775,44.04,1,86.0,88.2,1227,188.3,72.2,7.33,-9.406,7.105,4.196,180.0,177.7,72.0,1579,1,0.0,0.43
5924,384,5.775,44.0,1,86.0,88.2,1225,188.4,72.1,7.32,-9.273,7.117,4.196,180.0,177.4,72.0,1579,1,0.0,0.43
5925,384,5.775,43.96,1,86.0,88.2,1223,188.6,72.0,7.32,-9.133,7.133,4.196,179.0,177.2,72.0,1579,1,0.1,0.43
5926,383,5.775,43.98,1,85.9,88.2,1222,188.8,72.2,7.36,-9.0,7.148,4.196,179.0,176.9,72.0,1579,1,0.1,0.43
5927,383,5.75,43.98,1,85.9,88.2,1220,188.9,72.1,7.25,-8.883,7.16,4.196,179.0,176.6,72.0,1579,1,0.2,0.44
5928,383,5.75,43.93,1,85.8,88.1,1219,189.0,72.2,7.16,-8.766,7.172,4.196,178.0,176.2,72.0,1579,1,0.2,0.43
5929,382,5.75,43.95,1,85.7,88.1,1217,189.1,72.1,7.15,-8.664,7.188,4.195,178.0,175.9,72.0,1579,1,0.2,0.43
5930,382,5.725,43.99,1,85.7,88.1,1216,189.2,72.3,7.15,-8.57,7.199,4.196,178.0,175.6,72.0,1579,1,0.3,0.43
5931,382,5.725,43.96,1,85.6,88.1,1215,189.4,72.3,7.02,-8.484,7.219,4.196,177.0,175.3,72.0,1579,1,0.3,0.43
5932,382,5.725,43.93,1,85.39999999999999,87.9,1214,189.5,72.3,6.08,-8.391,7.23,4.196,177.0,175.0,72.0,1579,1,0.4,0.43
5933,381,5.725,43.77,1,84.7,87.6,1209,189.5,71.9,5.64,-8.305,7.246,4.196,176.0,174.7,72.0,1579,1,0.4,0.44
5934,381,5.7,43.75,1,84.39999999999999,87.6,1204,189.6,71.9,5.68,-8.227,7.258,4.195,176.0,174.4,72.0,1579,1,0.5,0.43
5935,380,5.7,43.76,1,84.2,87.5,1201,189.8,71.9,5.59,-8.148,7.27,4.195,175.0,174.1,72.0,1579,1,0.5,0.43
5936,380,5.7,43.78,1,84.1,87.4,1198,189.8,71.7,5.61,-8.062,7.281,4.196,175.0,173.9,72.0,1579,1,0.5,0.43
5937,379,5.7,43.83,1,84.1,87.5,1197,189.9,71.7,5.55,-7.977,7.293,4.196,175.0,173.7,72.0,1579,1,0.6,0.43
5938,379,5.675,43.84,1,84.0,87.5,1195,190.0,71.9,5.7,-7.891,7.305,4.196,175.0,173.4,72.0,1579,1,0.6,0.43
5939,378,5.675,43.76,1,84.0,87.5,1195,190.1,71.9,5.64,-7.797,7.316,4.196,174.0,173.2,72.0,1579,1,0.7,0.44
5940,378,5.675,43.82,1,84.0,87.4,1194,190.1,71.8,5.59,-7.703,7.332,4.196,175.0,173.0,72.0,1579,1,0.7,0.43
5941,377,5.65,43.75,1,84.0,87.4,1194,190.2,71.7,5.63,-7.609,7.344,4.195,174.0,172.8,72.0,1579,1,0.8,0.43
5942,377,5.65,43.83,1,84.0,87.5,1193,190.3,71.7,6.09,-7.508,7.363,4.196,174.0,172.7,72.0,1579,1,0.8,0.43
5943,376,5.65,43.95,1,84.5,87.8,1194,190.4,71.9,7.04,-7.406,7.375,4.195,174.0,172.5,72.0,1579,1,0.8,0.43
5944,376,5.65,43.95,1,85.2,88.1,1199,190.5,72.3,7.16,-7.297,7.391,4.196,174.0,172.3,72.0,1579,1,0.9,0.43
5945,376,5.625,43.98,1,85.39999999999999,88.1,1203,190.5,72.4,7.25,-7.188,7.406,4.196,174.0,172.2,72.0,1579,1,0.9,0.44
5946,375,5.625,43.98,1,85.39999999999999,88.1,1207,190.5,72.5,7.3,-7.078,7.422,4.196,174.0,172.0,72.0,1579,1,1.0,0.43
5947,375,5.625,43.98,1,85.39999999999999,88.1,1208,190.5,72.4,7.21,-6.969,7.438,4.195,174.0,171.9,72.0,1579,1,1.0,0.43
5948,375,5.625,44.0,1,85.39999999999999,88.1,1209,190.4,72.5,7.0,-6.852,7.453,4.195,173.0,171.7,72.0,1579,1,1.1,0.44
5949,375,5.625,43.89,1,84.89999999999999,87.8,1210,190.4,72.2,5.41,-6.734,7.469,4.196,173.0,171.6,72.0,1579,1,1.1,0.42
5950,374,5.6,43.75,1,83.7,87.2,1204,190.4,71.8,4.44,-6.617,7.484,4.195,172.0,171.5,72.0,1579,1,1.2,0.43
5951,374,5.6,43.7,1,82.89999999999999,87.0,1195,190.4,71.5,4.34,-6.516,7.492,4.196,172.0,171.3,72.0,1579,1,1.2,0.43
5952,374,5.6,43.69,1,82.6,87.0,1188,190.3,71.6,4.36,-6.406,7.504,4.195,172.0,171.2,72.0,1579,1,1.2,0.42
5953,373,5.575,43.69,1,82.5,86.9,1184,190.3,71.5,4.37,-6.297,7.516,4.196,172.0,171.1,72.0,1579,1,1.3,0.43
5954,373,5.575,43.7,1,82.5,86.9,1181,190.2,71.4,4.41,-6.188,7.527,4.196,172.0,170.9,72.0,1579,1,1.4,0.43
5955,373,5.575,43.74,1,82.39999999999999,86.9,1179,190.2,71.4,4.4,-6.078,7.539,4.196,172.0,170.8,72.0,1579,1,1.4,0.43
5956,372,5.575,43.7,1,82.3,86.9,1178,190.1,71.4,4.19,-5.961,7.555,4.196,172.0,170.7,72.0,1579,1,1.5,0.43
5957,372,5.55,43.73,1,82.19999999999999,86.8,1176,190.0,71.5,3.92,-5.844,7.57,4.196,172.0,170.6,72.0,1579,1,1.5,0.42
5958,372,5.55,43.58,1,81.69999999999999,86.5,1174,190.1,71.5,2.82,-5.734,7.59,4.196,172.0,170.4,72.0,1579,1,1.6,0.43
5959,371,5.55,43.56,1,80.7,86.1,1167,190.1,71.1,2.24,-5.617,7.605,4.196,171.0,170.3,72.0,1579,1,1.6,0.42
5960,371,5.55,43.5,1,80.0,85.9,1159,190.1,70.8,2.09,-5.508,7.625,4.196,171.0,170.1,72.0,1579,1,1.7,0.42
5961,370,5.525,43.54,1,79.80000000000001,85.8,1152,190.1,70.6,1.66,-5.406,7.641,4.196,171.0,169.9,72.0,1579,1,1.7,0.42
5962,369,5.525,43.4,1,79.10000000000001,85.39999999999999,1147,190.3,70.3,0.57,-5.305,7.656,4.196,171.0,169.8,72.0,1579,1,1.8,0.41
5963,369,5.525,43.43,1,78.0,84.89999999999999,1138,190.4,70.2,-0.61,-5.219,7.672,4.196,171.0,169.6,72.0,1579,1,1.8,0.42
5964,368,5.525,43.34,1,76.7,84.3,1126,190.6,69.5,-1.29,-5.141,7.684,4.196,171.0,169.4,72.0,1579,1,1.9,0.42
5965,367,5.5,43.42,1,76.0,84.2,1113,190.7,69.3,-1.38,-5.078,7.691,4.195,171.0,169.2,72.0,1579,1,1.9,0.43
5966,366,5.5,43.35,1,75.6,84.1,1105,190.8,69.3,-1.46,-5.016,7.699,4.196,171.0,169.1,72.0,1579,1,2.0,0.42
5967,366,5.5,43.37,1,75.5,84.0,1098,190.9,69.3,-1.48,-4.961,7.703,4.195,170.0,168.8,72.0,1579,1,2.0,0.42
5968,365,5.475,43.43,1,75.5,84.1,1094,191.0,69.2,-0.89,-4.906,7.711,4.196,170.0,168.7,72.0,1579,1,2.1,0.43
5969,364,5.475,43.53,1,76.3,84.6,1094,191.1,69.5,0.99,-4.852,7.719,4.195,169.0,168.4,72.0,1579,1,2.1,0.42
5970,364,5.475,43.76,1,78.10000000000001,85.5,1103,191.3,70.0,2.97,-4.797,7.723,4.196,169.0,168.2,72.0,1579,1,2.2,0.43
5971,364,5.45,43.86,1,80.2,86.3,1118,191.4,70.8,4.32,-4.734,7.73,4.196,169.0,168.0,72.0,1579,1,2.2,0.43
5972,363,5.45,44.0,1,81.8,86.9,1135,191.5,71.5,5.5,-4.664,7.738,4.196,169.0,167.8,72.0,1579,1,2.3,0.42
5973,363,5.45,44.16,1,83.1,87.3,1151,191.6,71.9,6.66,-4.609,7.75,4.196,169.0,167.6,72.0,1579,1,2.3,0.43
5974,363,5.45,44.2,1,84.3,87.8,1167,191.6,72.3,7.71,-4.57,7.758,4.196,169.0,167.4,72.0,1579,1,2.4,0.44
5975,363,5.425,44.17,1,85.1,88.1,1181,191.6,72.7,7.98,-4.523,7.77,4.195,168.0,167.1,72.0,1579,1,2.5,0.43
5976,363,5.425,44.36,1,85.7,88.3,1192,191.5,72.8,8.88,-4.492,7.777,4.196,168.0,166.9,72.0,1579,1,2.5,0.43
5977,363,5.425,44.37,1,86.6,88.8,1203,191.4,73.3,10.56,-4.469,7.789,4.196,168.0,166.7,72.0,1579,1,2.6,0.42
5978,363,5.425,44.45,1,88.0,89.5,1216,191.3,73.6,11.89,-4.445,7.797,4.196,167.0,166.5,72.0,1579,1,2.6,0.43
5979,363,5.4,44.55,1,89.3,90.0,1231,190.9,74.2,12.87,-4.422,7.809,4.196,167.0,166.3,72.0,1579,1,2.7,0.44
5980,363,5.4,44.61,1,90.10000000000001,90.3,1246,190.5,74.5,13.04,-4.414,7.82,4.196,167.0,166.1,72.0,1579,1,2.8,0.44
5981,363,5.4,44.64,1,90.4,90.4,1258,190.1,74.8,13.02,-4.398,7.836,4.196,167.0,165.9,72.0,1579,1,2.8,0.43
5982,364,5.4,44.66,1,90.5,90.4,1267,189.7,74.9,13.09,-4.391,7.848,4.195,167.0,165.7,72.0,1579,1,2.9,0.43
5983,364,5.375,44.6,1,90.5,90.4,1273,189.2,75.1,13.05,-4.383,7.863,4.195,166.0,165.5,72.0,1579,1,2.9,0.43
5984,364,5.375,44.68,1,90.5,90.4,1277,188.7,74.9,12.95,-4.359,7.879,4.196,166.0,165.3,72.0,1579,1,3.0,0.42
5985,365,5.375,44.56,1,90.2,90.3,1279,188.1,74.7,11.94,-4.328,7.895,4.196,166.0,165.1,72.0,1579,1,3.1,0.42
5986,365,5.375,44.45,1,89.5,89.9,1277,187.6,74.4,11.49,-4.297,7.906,4.196,165.0,164.9,72.0,1579,1,3.1,0.42
5987,365,5.35,44.47,1,89.1,89.8,1273,187.0,74.4,11.27,-4.258,7.922,4.195,165.0,164.7,72.0,1579,1,3.2,0.42
5988,365,5.35,44.49,1,88.8,89.7,1270,186.5,74.3,11.24,-4.211,7.938,4.196,165.0,164.5,72.0,1579,1,3.2,0.42
5989,366,5.35,44.37,1,88.8,89.7,1269,186.0,74.1,11.32,-4.156,7.953,4.195,165.0,164.3,72.0,1579,1,3.3,0.43
5990,366,5.325,44.5,1,88.8,89.7,1267,185.5,74.1,11.33,-4.094,7.965,4.196,165.0,164.1,72.0,1579,1,3.3,0.42
5991,366,5.325,44.45,1,88.8,89.7,1267,185.0,74.3,10.62,-4.016,7.984,4.196,165.0,163.9,72.0,1579,1,3.4,0.43
5992,366,5.325,44.25,1,88.0,89.3,1264,184.7,74.0,9.71,-3.93,8.0,4.195,165.0,163.7,72.0,1579,1,3.5,0.41
5993,366,5.325,44.35,1,87.4,89.1,1258,184.4,73.7,9.54,-3.844,8.016,4.195,164.0,163.5,72.0,1579,1,3.5,0.42
5994,367,5.3,44.33,1,87.1,89.0,1253,184.2,73.7,9.55,-3.75,8.027,4.196,164.0,163.3,72.0,1579,1,3.6,0.42
5995,367,5.3,44.27,1,87.1,89.0,1249,184.0,73.5,9.54,-3.648,8.043,4.195,163.0,163.1,72.0,1579,1,3.7,0.42
5996,367,5.3,44.29,1,87.0,89.0,1247,183.9,73.4,9.53,-3.547,8.059,4.195,163.0,162.9,72.0,1579,1,3.7,0.41
5997,367,5.275,44.38,1,87.0,89.0,1245,183.7,73.4,9.58,-3.445,8.07,4.196,163.0,162.7,72.0,1579,1,3.8,0.42
5998,367,5.275,44.3,1,87.0,89.0,1244,183.6,73.5,9.51,-3.352,8.082,4.196,163.0,162.5,72.0,1579,1,3.9,0.43
5999,367,5.275,44.28,1,87.0,89.0,1244,183.4,73.4,9.5,-3.258,8.094,4.196,163.0,162.3,72.0,1579,1,3.9,0.42
6000,367,5.275,44.4,1,87.1,89.1,1243,183.4,73.6,10.38,-3.156,8.109,4.196,163.0,162.2,72.0,1579,1,4.0,0.41
6001,367,5.25,44.45,1,87.8,89.4,1245,183.3,73.8,11.33,-3.062,8.125,4.195,163.0,162.0,72.0,1579,1,4.1,0.42
6002,367,5.25,44.48,1,88.5,89.7,1251,183.2,74.1,11.44,-2.961,8.141,4.196,163.0,161.9,72.0,1579,1,4.1,0.42
6003,367,5.25,44.51,1,88.7,89.8,1257,183.0,74.4,11.48,-2.867,8.156,4.196,162.0,161.7,72.0,1579,1,4.2,0.41
6004,368,5.225,44.43,1,88.8,89.8,1260,182.9,74.5,11.38,-2.773,8.172,4.196,163.0,161.6,72.0,1579,1,4.2,0.4
6005,368,5.225,44.56,1,88.8,89.9,1263,182.8,74.4,12.11,-2.672,8.191,4.196,162.0,161.4,72.0,1579,1,4.3,0.41
6006,368,5.225,44.6,1,89.4,90.2,1268,182.7,74.4,12.54,-2.57,8.207,4.196,162.0,161.3,72.0,1579,1,4.4,0.41
6007,368,5.2,44.59,1,89.7,90.2,1273,182.6,74.8,12.6,-2.461,8.227,4.196,162.0,161.1,72.0,1579,1,4.5,0.41
6008,368,5.2,44.56,1,89.8,90.3,1277,182.5,74.8,12.61,-2.352,8.234,4.196,162.0,161.0,72.0,1579,1,4.5,0.42
6009,369,5.2,44.55,1,89.7,90.2,1280,182.3,75.0,12.12,-2.242,8.246,4.195,162.0,160.9,72.0,1579,1,4.6,0.4
6010,369,5.2,44.63,1,89.3,90.0,1280,182.0,74.7,11.9,-2.148,8.258,4.196,162.0,160.8,72.0,1579,1,4.6,0.41
6011,369,5.175,44.53,1,89.2,90.0,1278,181.8,74.5,11.94,-2.055,8.273,4.196,161.0,160.7,72.0,1579,1,4.7,0.41
6012,369,5.175,44.52,1,89.1,90.0,1278,181.6,74.6,11.92,-1.961,8.293,4.195,161.0,160.5,72.0,1579,1,4.8,0.42
6013,369,5.175,44.5,1,89.0,90.0,1277,181.5,74.6,11.38,-1.859,8.309,4.196,161.0,160.5,72.0,1579,1,4.9,0.4
6014,369,5.15,44.46,1,88.5,89.7,1274,181.3,74.4,10.59,-1.758,8.328,4.196,161.0,160.3,72.0,1579,1,4.9,0.41
6015,369,5.15,44.39,1,87.9,89.4,1269,181.1,74.2,10.37,-1.656,8.344,4.196,161.0,160.3,72.0,1579,1,5.0,0.41
6016,369,5.15,44.41,1,87.6,89.4,1263,181.0,74.2,10.42,-1.562,8.359,4.196,161.0,160.2,72.0,1579,1,5.1,0.41
6017,369,5.125,44.44,1,87.4,89.3,1260,180.9,73.9,9.79,-1.461,8.371,4.196,161.0,160.0,72.0,1579,1,5.1,0.42
6018,369,5.125,44.35,1,86.8,89.0,1256,180.8,73.7,8.89,-1.359,8.383,4.196,161.0,160.0,72.0,1579,1,5.2,0.41
6019,369,5.125,44.3,1,86.2,88.8,1250,180.7,73.7,8.79,-1.258,8.395,4.195,160.0,159.8,72.0,1579,1,5.3,0.41
6020,369,5.125,44.24,1,86.0,88.7,1245,180.6,73.5,8.73,-1.141,8.41,4.195,160.0,159.7,72.0,1579,1,5.3,0.42
6021,369,5.1,44.31,1,85.9,88.7,1241,180.7,73.2,8.74,-1.023,8.422,4.196,160.0,159.6,72.0,1579,1,5.4,0.41
6022,369,5.1,44.37,1,85.9,88.7,1238,180.7,73.4,9.27,-0.898,8.434,4.196,160.0,159.5,72.0,1579,1,5.5,0.41
6023,369,5.1,44.42,1,86.4,89.0,1238,180.8,73.4,10.26,-0.781,8.445,4.196,160.0,159.4,72.0,1579,1,5.6,0.41
6024,368,5.075,44.5,1,87.3,89.4,1242,180.9,73.8,11.44,-0.664,8.457,4.196,160.0,159.3,72.0,1579,1,5.7,0.41
6025,368,5.075,44.58,1,88.4,89.9,1249,180.8,74.1,12.6,-0.562,8.469,4.195,160.0,159.2,72.0,1579,1,5.7,0.42
6026,368,5.075,44.69,1,89.5,90.4,1260,180.8,74.6,13.23,-0.445,8.484,4.196,160.0,159.1,72.0,1579,1,5.8,0.42
6027,369,5.05,44.7,1,89.9,90.5,1271,180.8,75.0,13.26,-0.336,8.496,4.196,160.0,159.0,72.0,1579,1,5.9,0.41
6028,369,5.05,44.75,1,90.10000000000001,90.60000000000001,1279,180.7,75.2,13.24,-0.219,8.512,4.196,160.0,159.0,72.0,1579,1,6.0,0.42
6029,369,5.05,44.77,1,90.10000000000001,90.60000000000001,1283,180.7,75.2,13.49,-0.109,8.531,4.195,160.0,158.9,72.0,1579,1,6.0,0.41
6030,369,5.05,44.75,1,90.2,90.60000000000001,1287,180.6,75.1,13.4,-0.008,8.547,4.196,160.0,158.8,72.0,1579,1,6.1,0.42
6031,369,5.025,44.78,1,90.2,90.60000000000001,1289,180.5,75.1,13.41,0.086,8.559,4.196,160.0,158.7,72.0,1579,1,6.2,0.42
6032,369,5.025,44.74,1,90.2,90.7,1291,180.4,75.3,13.68,0.188,8.574,4.196,159.0,158.7,72.0,1579,1,6.2,0.41
6033,369,5.025,44.77,1,90.4,90.8,1292,180.2,75.4,13.79,0.297,8.586,4.195,160.0,158.6,72.0,1579,1,6.3,0.41
6034,369,5.0,44.81,1,90.4,90.8,1295,179.9,75.5,13.86,0.406,8.598,4.196,159.0,158.5,72.0,1579,1,6.4,0.41
6035,369,5.0,44.78,1,90.5,90.8,1297,179.7,75.5,13.88,0.516,8.613,4.196,159.0,158.5,72.0,1579,1,6.5,0.41
6036,370,5.0,44.78,1,90.5,90.8,1297,179.3,75.4,13.9,0.617,8.629,4.196,159.0,158.4,72.0,1579,1,6.6,0.41
6037,370,4.975,44.81,1,90.5,90.8,1298,179.1,75.3,13.86,0.703,8.645,4.196,159.0,158.3,72.0,1579,1,6.7,0.41
6038,370,4.975,44.76,1,90.5,90.8,1299,179.0,75.4,13.53,0.789,8.66,4.196,159.0,158.3,72.0,1579,1,6.7,0.41
6039,370,4.975,44.65,1,90.0,90.60000000000001,1299,178.9,75.3,12.41,0.883,8.676,4.196,159.0,158.2,72.0,1579,1,6.8,0.41
6040,370,4.95,44.55,1,89.1,90.10000000000001,1295,178.8,75.0,11.31,0.961,8.691,4.196,159.0,158.1,72.0,1579,1,6.9,0.4
6041,370,4.95,44.47,1,88.0,89.7,1286,178.7,74.5,10.2,1.047,8.711,4.196,159.0,158.0,72.0,1579,1,7.0,0.41
6042,370,4.95,44.47,1,87.0,89.2,1275,178.6,73.9,9.1,1.133,8.723,4.196,159.0,158.0,72.0,1579,1,7.1,0.42
6043,369,4.925,44.43,1,85.8,88.7,1262,178.6,73.7,8.43,1.219,8.734,4.196,159.0,157.9,72.0,1579,1,7.1,0.41
6044,369,4.925,44.34,1,85.3,88.6,1251,178.6,73.3,8.38,1.305,8.746,4.196,159.0,157.8,72.0,1579,1,7.2,0.41
6045,369,4.925,44.4,1,85.2,88.6,1242,178.6,73.3,8.45,1.375,8.754,4.196,159.0,157.7,72.0,1579,1,7.3,0.41
6046,369,4.925,44.34,1,85.1,88.5,1237,178.6,73.2,8.31,1.438,8.766,4.196,159.0,157.6,72.0,1579,1,7.4,0.41
6047,368,4.9,44.39,1,85.1,88.5,1233,178.7,73.3,8.2,1.484,8.785,4.196,159.0,157.5,72.0,1579,1,7.5,0.41
6048,368,4.9,44.24,1,84.7,88.3,1230,178.8,73.1,7.24,1.492,8.801,4.196,159.0,157.4,72.0,1579,1,7.6,0.41
6049,368,4.9,44.28,1,84.0,87.9,1223,178.9,73.0,6.83,1.492,8.812,4.196,158.0,157.4,72.0,1579,1,7.6,0.4
6050,367,4.875,44.3,1,83.7,87.8,1216,179.2,72.8,6.74,1.469,8.824,4.195,158.0,157.3,72.0,1579,1,7.7,0.4
6051,367,4.875,44.23,1,83.5,87.8,1211,179.3,72.8,6.74,1.438,8.84,4.196,158.0,157.2,72.0,1579,1,7.8,0.39
6052,367,4.875,44.3,1,83.5,87.8,1208,179.5,72.8,6.79,1.398,8.855,4.196,158.0,157.1,72.0,1579,1,7.9,0.41
6053,366,4.85,44.26,1,83.3,87.7,1206,179.7,72.7,5.98,1.359,8.871,4.196,158.0,157.0,72.0,1579,1,8.0,0.39
6054,366,4.85,44.24,1,82.6,87.4,1202,179.9,72.5,5.12,1.328,8.879,4.196,158.0,156.9,72.0,1579,1,8.1,0.4
6055,365,4.85,44.24,1,82.1,87.2,1195,180.1,72.1,5.09,1.289,8.891,4.196,158.0,156.9,72.0,1579,1,8.2,0.4
6056,365,4.825,44.23,1,81.89999999999999,87.1,1190,180.2,72.1,5.0,1.266,8.898,4.196,158.0,156.8,72.0,1579,1,8.2,0.4
6057,364,4.825,44.19,1,81.8,87.1,1186,180.5,72.1,5.06,1.25,8.91,4.196,158.0,156.7,72.0,1579,1,8.3,0.4
6058,364,4.825,44.18,1,81.8,87.1,1182,180.7,72.3,5.06,1.242,8.922,4.196,157.0,156.6,72.0,1579,1,8.4,0.4
6059,363,4.8,44.2,1,81.8,87.1,1182,180.8,72.2,5.12,1.25,8.93,4.196,157.0,156.5,72.0,1579,1,8.5,0.41
6060,363,4.8,44.18,1,81.89999999999999,87.2,1181,181.0,72.1,5.05,1.258,8.941,4.196,157.0,156.5,72.0,1579,1,8.6,0.42
6061,362,4.8,44.21,1,81.8,87.2,1180,181.2,72.2,5.02,1.273,8.949,4.196,157.0,156.4,72.0,1579,1,8.7,0.41
6062,362,4.775,44.15,1,81.8,87.2,1180,181.3,72.2,5.04,1.305,8.965,4.195,157.0,156.3,72.0,1579,1,8.8,0.4
6063,362,4.775,44.15,1,81.89999999999999,87.2,1180,181.5,72.2,5.0,1.336,8.977,4.196,157.0,156.2,72.0,1579,1,8.9,0.39
6064,361,4.775,44.24,1,81.8,87.1,1180,181.6,72.1,5.03,1.375,8.984,4.196,157.0,156.1,72.0,1579,1,8.9,0.41
6065,361,4.75,44.18,1,81.8,87.2,1179,181.8,72.3,5.05,1.414,9.004,4.196,157.0,156.0,72.0,1579,1,9.0,0.4
6066,360,4.75,44.24,1,82.0,87.3,1179,181.9,72.3,5.57,1.461,9.02,4.196,157.0,156.0,72.0,1579,1,9.1,0.4
6067,360,4.75,44.24,1,82.19999999999999,87.4,1181,181.9,72.5,5.54,1.523,9.035,4.196,157.0,155.9,72.0,1579,1,9.2,0.4
6068,359,4.75,44.13,1,82.3,87.4,1182,182.0,72.6,5.51,1.586,9.047,4.196,156.0,155.8,72.0,1579,1,9.3,0.41
6069,358,4.725,44.28,1,82.3,87.4,1183,182.1,72.5,5.47,1.656,9.063,4.196,156.0,155.6,72.0,1579,1,9.4,0.41
6070,358,4.725,44.19,1,82.3,87.5,1184,182.1,72.5,5.68,1.734,9.07,4.196,157.0,155.5,72.0,1579,1,9.5,0.4
6071,357,4.725,44.3,1,82.3,87.4,1184,182.2,72.5,5.33,1.805,9.082,4.196,156.0,155.4,72.0,1579,1,9.6,0.41
6072,357,4.7,44.14,1,81.89999999999999,87.2,1183,182.3,72.3,4.39,1.875,9.09,4.196,156.0,155.3,72.0,1579,1,9.7,0.4
6073,356,4.7,44.09,1,81.2,86.9,1179,182.3,72.2,4.14,1.945,9.098,4.196,156.0,155.1,72.0,1579,1,9.7,0.4
6074,356,4.7,44.16,1,80.9,86.9,1175,182.3,72.0,4.24,2.016,9.109,4.196,156.0,155.0,72.0,1579,1,9.8,0.42
6075,355,4.675,44.13,1,80.9,86.9,1172,182.4,72.1,4.29,2.078,9.113,4.196,156.0,154.9,72.0,1579,1,9.9,0.41
6076,355,4.675,44.12,1,80.9,86.9,1170,182.4,72.2,4.21,2.141,9.121,4.196,156.0,154.8,72.0,1579,1,10.0,0.41
6077,354,4.675,44.21,1,81.0,87.0,1169,182.3,72.1,5.12,2.195,9.129,4.196,156.0,154.7,72.0,1579,1,10.1,0.4
6078,354,4.65,44.23,1,81.89999999999999,87.4,1172,182.3,72.4,6.34,2.25,9.137,4.196,156.0,154.5,72.0,1579,1,10.2,0.41
6079,353,4.65,44.28,1,83.0,87.9,1179,182.3,72.8,7.27,2.32,9.145,4.196,156.0,154.4,72.0,1579,1,10.3,0.41
6080,353,4.65,44.44,1,83.89999999999999,88.2,1189,182.2,73.1,7.63,2.375,9.156,4.196,155.0,154.3,72.0,1579,1,10.4,0.41
6081,353,4.625,44.39,1,84.3,88.3,1198,182.2,73.2,7.59,2.43,9.168,4.196,155.0,154.2,72.0,1579,1,10.5,0.41
6082,352,4.625,44.38,1,84.3,88.3,1203,182.1,73.4,7.63,2.492,9.176,4.196,155.0,154.0,72.0,1579,1,10.6,0.41
6083,352,4.625,44.34,1,84.3,88.3,1206,182.0,73.2,7.68,2.555,9.188,4.196,154.0,153.9,72.0,1579,1,10.7,0.41
6084,352,4.6,44.46,1,84.3,88.3,1209,182.0,73.2,7.66,2.609,9.203,4.196,154.0,153.8,72.0,1579,1,10.8,0.41
6085,352,4.6,44.46,1,84.3,88.4,1210,181.9,73.4,7.71,2.672,9.223,4.196,154.0,153.7,72.0,1579,1,10.8,0.41
6086,351,4.6,44.37,1,84.3,88.4,1211,181.8,73.4,7.65,2.734,9.234,4.196,154.0,153.5,72.0,1579,1,10.9,0.42
6087,351,4.6,44.38,1,84.3,88.3,1211,181.7,73.3,7.61,2.805,9.246,4.196,154.0,153.4,72.0,1579,1,11.0,0.41
6088,351,4.575,44.23,1,83.89999999999999,88.1,1211,181.6,73.5,5.39,2.875,9.262,4.196,154.0,153.3,72.0,1579,1,11.1,0.41
6089,350,4.575,43.81,1,80.30000000000001,86.0,1202,181.5,72.2,-0.49,2.938,9.27,4.196,154.0,153.1,72.0,1579,1,11.2,0.4
6090,349,4.55,43.61,1,75.8,84.39999999999999,1168,181.4,70.7,-2.54,2.984,9.281,4.196,154.0,153.0,72.0,1579,1,11.3,0.39
6091,348,4.55,43.45,1,72.39999999999999,83.0,1129,181.4,69.6,-5.69,3.008,9.289,4.196,154.0,152.9,72.0,1579,1,11.4,0.4
6092,347,4.55,43.37,1,68.4,81.2,1088,181.4,68.4,-8.09,3.031,9.297,4.196,154.0,152.8,72.0,1579,1,11.5,0.39
6093,346,4.55,43.38,1,64.60000000000001,79.60000000000001,1044,181.5,67.3,-10.59,3.039,9.297,4.196,153.0,152.6,72.0,1579,1,11.6,0.39
6094,345,4.525,43.31,1,61.3,78.2,1004,181.7,66.4,-12.71,3.047,9.301,4.196,153.0,152.5,72.0,1579,1,11.7,0.4
6095,343,4.525,44.15,1,57.599999999999994,76.2,967,182.0,65.4,-14.36,3.047,9.301,4.196,153.0,152.4,72.0,1579,1,11.8,0.39
6096,342,4.525,39.99,1,53.2,73.6,926,182.3,63.9,-16.18,3.031,9.301,4.196,153.0,152.2,72.0,1579,1,11.8,0.39
6097,340,4.5,36.87,1,49.5,71.5,890,182.6,63.0,-17.13,3.023,9.301,4.196,153.0,152.1,72.0,1579,1,12.0,0.41
6098,338,4.5,33.14,1,46.6,69.8,860,183.0,62.1,-18.34,3.016,9.305,4.196,153.0,151.9,72.0,1579,1,12.0,0.41
6099,337,4.475,30.39,1,44.2,68.30000000000001,835,183.5,61.6,-19.31,3.008,9.305,4.196,152.0,151.7,72.0,1579,1,12.1,0.4
6100,335,4.475,27.97,1,41.9,67.0,814,183.9,60.9,-20.36,3.0,9.301,4.196,152.0,151.5,72.0,1579,1,12.2,0.4
6101,333,4.475,26.04,1,40.2,65.7,796,184.5,60.1,-20.43,2.984,9.301,4.196,151.0,151.2,72.0,1579,1,12.3,0.4
6102,332,4.45,24.21,1,38.7,64.5,781,185.1,59.4,-20.44,2.961,9.301,4.196,151.0,150.8,72.0,1579,1,12.4,0.4
6103,330,4.45,23.01,1,37.4,63.5,768,185.6,58.5,-20.26,2.945,9.297,4.195,151.0,150.4,72.0,1579,1,12.5,0.41
6104,328,4.45,22.29,1,36.5,62.9,758,186.2,58.1,-20.45,2.922,9.297,4.195,151.0,150.0,72.0,1579,1,12.6,0.41
6105,327,4.45,21.94,1,36.0,62.8,753,186.7,57.8,-20.42,2.906,9.293,4.195,150.0,149.5,72.0,1579,1,12.7,0.41
6106,325,4.45,21.74,1,35.699999999999996,62.8,752,187.3,58.0,-20.42,2.875,9.289,4.196,149.0,149.1,73.0,1579,1,12.8,0.42
6107,323,4.425,21.55,1,35.6,62.7,752,187.9,57.8,-20.41,2.852,9.285,4.196,149.0,148.6,72.0,1579,1,12.9,0.41
6108,322,4.425,21.43,1,35.6,62.8,751,188.5,58.0,-19.93,2.82,9.289,4.196,148.0,148.0,73.0,1579,1,12.9,0.41
6109,320,4.425,21.41,1,35.8,62.8,750,189.2,58.1,-19.35,2.789,9.285,4.196,147.0,147.5,73.0,1579,1,13.0,0.41
6110,319,4.4,21.95,1,36.199999999999996,63.5,752,189.7,58.7,-19.25,2.766,9.289,4.196,147.0,147.0,73.0,1579,1,13.1,0.41
6111,318,4.4,22.25,1,36.6,63.800000000000004,756,190.3,59.2,-18.61,2.742,9.293,4.196,146.0,146.5,73.0,1579,1,13.2,0.41
6112,316,4.4,27.31,1,38.4,66.7,765,190.9,60.7,-15.94,2.734,9.297,4.196,146.0,146.0,73.0,1579,1,13.3,0.41
6113,315,4.4,37.32,1,44.3,73.0,808,191.4,63.6,-12.49,2.719,9.301,4.196,145.0,145.5,73.0,1579,1,13.4,0.42
6114,314,4.375,43.84,1,53.5,78.60000000000001,880,191.9,66.3,-9.4,2.727,9.305,4.196,144.0,145.2,73.0,1579,1,13.5,0.42
6115,313,4.35,43.69,1,60.099999999999994,79.9,933,192.3,67.3,-7.1,2.75,9.305,4.195,144.0,145.0,73.0,1579,1,13.6,0.41
6116,312,4.325,43.87,1,65.0,81.6,956,192.7,68.2,-3.93,2.789,9.309,4.196,144.0,144.9,73.0,1579,1,13.7,0.42
6117,312,4.35,44.15,1,70.1,83.6,982,193.0,69.8,-0.82,2.828,9.312,4.196,144.0,144.8,73.0,1579,1,13.7,0.41
6118,311,4.35,44.35,1,74.1,84.89999999999999,1013,193.2,70.7,1.55,2.875,9.32,4.196,144.0,144.7,73.0,1579,1,13.9,0.41
6119,311,4.325,44.7,1,77.2,86.0,1045,193.4,71.5,3.18,2.938,9.328,4.196,144.0,144.7,73.0,1579,1,13.9,0.41
6120,311,4.325,44.96,1,79.3,86.8,1075,193.5,72.1,4.34,3.0,9.34,4.196,144.0,144.7,73.0,1579,1,14.0,0.41
6121,311,4.325,45.28,1,80.9,87.4,1101,193.2,72.7,5.57,3.078,9.352,4.196,144.0,144.8,73.0,1579,1,14.1,0.4
6122,312,4.3,45.2,1,82.19999999999999,87.9,1124,192.7,73.0,6.74,3.164,9.367,4.196,144.0,144.7,73.0,1579,1,14.2,0.41
6123,312,4.3,45.76,1,83.5,88.4,1145,192.2,73.5,8.3,3.242,9.379,4.196,144.0,144.7,73.0,1579,1,14.3,0.41
6124,313,4.3,45.64,1,85.0,89.0,1166,191.4,74.1,9.81,3.336,9.395,4.196,144.0,144.7,73.0,1579,1,14.4,0.39
6125,313,4.275,45.43,1,86.5,89.60000000000001,1186,190.5,74.5,11.0,3.422,9.41,4.196,144.0,144.7,73.0,1579,1,14.5,0.4
6126,314,4.275,45.69,1,87.7,90.10000000000001,1207,189.4,75.0,12.12,3.516,9.426,4.196,144.0,144.6,73.0,1579,1,14.6,0.38
6127,315,4.275,46.03,1,88.7,90.4,1227,188.3,75.3,12.46,3.609,9.445,4.196,144.0,144.6,73.0,1579,1,14.7,0.38
6128,315,4.275,45.49,1,89.0,90.5,1242,187.1,75.4,12.29,3.695,9.461,4.196,144.0,144.5,73.0,1579,1,14.8,0.4
6129,316,4.25,45.4,1,88.6,90.2,1252,186.0,75.3,10.26,3.789,9.48,4.196,144.0,144.4,73.0,1579,1,14.9,0.39
6130,317,4.25,45.65,1,86.4,89.0,1251,184.9,74.7,6.98,3.875,9.5,4.196,144.0,144.3,73.0,1579,1,14.9,0.39
6131,318,4.25,45.01,1,83.5,87.8,1236,183.9,73.5,4.62,3.945,9.52,4.196,144.0,144.2,73.0,1579,1,15.0,0.37
6132,319,4.225,44.93,1,81.2,87.0,1215,182.9,72.7,3.21,4.016,9.535,4.196,144.0,144.1,73.0,1579,1,15.1,0.38
6133,319,4.225,44.88,1,79.3,86.3,1193,182.1,71.9,1.39,4.086,9.555,4.196,144.0,144.0,73.0,1579,1,15.2,0.37
6134,320,4.225,44.63,1,77.0,85.3,1170,181.3,71.2,-0.51,4.148,9.566,4.196,144.0,143.9,73.0,1579,1,15.3,0.35
6135,320,4.2,44.46,1,75.0,84.5,1145,180.8,70.4,-1.83,4.219,9.582,4.196,144.0,143.7,73.0,1579,1,15.4,0.34
6136,321,4.2,44.3,1,73.4,84.0,1122,180.3,70.0,-2.93,4.281,9.598,4.196,144.0,143.6,73.0,1579,1,15.5,0.34
6137,321,4.2,44.14,1,72.0,83.3,1102,179.9,69.7,-4.11,4.336,9.613,4.196,144.0,143.4,73.0,1579,1,15.6,0.34
6138,321,4.175,44.05,1,70.3,82.6,1081,179.6,69.2,-4.98,4.367,9.625,4.196,144.0,143.3,73.0,1579,1,15.6,0.39
6139,321,4.175,44.02,1,69.19999999999999,82.3,1062,179.5,69.0,-5.23,4.398,9.637,4.196,143.0,143.1,73.0,1579,1,15.7,0.34
6140,320,4.15,43.92,1,68.4,82.0,1047,179.5,68.8,-6.03,4.43,9.648,4.196,143.0,143.0,73.0,1579,1,15.8,0.32
6141,320,4.15,44.06,1,67.10000000000001,81.3,1032,179.6,68.5,-7.19,4.453,9.66,4.196,142.0,142.8,73.0,1579,1,15.9,0.33
6142,319,4.15,43.86,1,65.4,80.5,1015,179.7,68.0,-8.35,4.477,9.672,4.196,142.0,142.7,73.0,1579,1,16.0,0.31
6143,319,4.15,43.75,1,63.7,79.80000000000001,995,180.0,67.6,-9.55,4.477,9.688,4.196,142.0,142.6,73.0,1579,1,16.1,0.31
6144,318,4.125,44.04,1,62.0,79.10000000000001,975,180.3,67.2,-10.62,4.469,9.699,4.196,142.0,142.5,73.0,1579,1,16.2,0.32
6145,317,4.125,43.82,1,60.4,78.4,956,180.6,66.9,-11.81,4.453,9.715,4.196,142.0,142.4,73.0,1579,1,16.3,0.31
6146,316,4.125,43.77,1,58.599999999999994,77.4,937,180.9,66.5,-13.14,4.422,9.73,4.196,142.0,142.3,73.0,1579,1,16.4,0.31
6147,315,4.1,43.81,1,55.00000000000001,74.9,913,181.3,65.2,-15.2,4.375,9.746,4.196,142.0,142.2,73.0,1579,1,16.5,0.31
6148,314,4.1,38.92,1,50.5,72.0,878,181.6,63.8,-16.66,4.328,9.762,4.196,142.0,142.2,73.0,1579,1,16.6,0.31
6149,312,4.075,35.2,1,46.800000000000004,69.89999999999999,847,182.0,62.7,-17.76,4.266,9.777,4.196,142.0,142.1,73.0,1579,1,16.6,0.31
6150,311,4.075,31.77,1,44.0,68.30000000000001,821,182.4,62.0,-19.01,4.211,9.789,4.196,142.0,142.0,73.0,1579,1,16.7,0.31
6151,310,4.05,29.23,1,41.5,66.8,800,182.8,61.3,-20.24,4.141,9.801,4.196,142.0,141.8,73.0,1579,1,16.8,0.31
6152,308,4.05,27.02,1,39.7,65.60000000000001,783,183.1,60.6,-20.69,4.07,9.809,4.196,142.0,141.6,73.0,1579,1,16.9,0.32
6153,307,4.05,25.18,1,38.1,64.3,769,183.5,59.9,-20.77,4.008,9.809,4.196,140.0,141.4,73.0,1579,1,17.0,0.32
6154,305,4.05,23.5,1,36.7,63.2,756,183.8,59.2,-20.75,3.945,9.816,4.196,140.0,141.2,73.0,1579,1,17.1,0.31
6155,304,4.05,22.52,1,35.6,62.2,745,184.1,58.3,-20.06,3.883,9.82,4.196,140.0,140.8,73.0,1579,1,17.1,0.32
6156,302,4.025,22.46,1,35.3,62.1,740,184.5,58.2,-19.21,3.82,9.828,4.196,140.0,140.6,73.0,1579,1,17.2,0.32
6157,301,4.025,23.51,1,35.6,63.1,743,184.8,58.9,-19.09,3.781,9.836,4.196,140.0,140.2,73.0,1579,1,17.3,0.33
6158,299,4.025,23.6,1,36.0,63.5,750,185.2,59.3,-19.05,3.727,9.84,4.196,139.0,139.9,73.0,1579,1,17.4,0.32
6159,298,4.0,23.41,1,36.199999999999996,63.5,753,185.6,59.3,-19.08,3.68,9.844,4.196,139.0,139.6,73.0,1579,1,17.5,0.31
6160,297,4.0,24.13,1,36.4,63.800000000000004,753,186.0,59.6,-18.34,3.641,9.848,4.196,139.0,139.2,73.0,1579,1,17.6,0.31
6161,295,3.975,27.54,1,37.9,66.10000000000001,761,186.5,60.7,-17.34,3.594,9.852,4.196,138.0,138.9,73.0,1579,1,17.7,0.32
6162,294,3.975,30.03,1,40.300000000000004,68.2,781,186.9,62.0,-17.12,3.57,9.859,4.196,138.0,138.6,73.0,1579,1,17.7,0.31
6163,293,3.975,30.89,1,41.5,68.5,792,187.3,62.2,-17.12,3.531,9.867,4.196,137.0,138.3,73.0,1579,1,17.8,0.31
6164,292,3.95,31.5,1,42.1,68.60000000000001,792,187.7,62.3,-17.02,3.508,9.871,4.196,137.0,138.1,73.0,1579,1,17.9,0.31
6165,290,3.95,31.75,1,42.3,68.7,788,188.1,62.3,-16.89,3.484,9.875,4.196,137.0,137.9,73.0,1579,1,18.0,0.31
6166,289,3.95,32.97,1,42.699999999999996,69.1,785,188.5,62.6,-16.69,3.461,9.879,4.196,137.0,137.7,73.0,1579,1,18.1,0.3
6167,288,3.925,33.88,1,43.2,69.5,784,188.7,62.6,-16.14,3.445,9.883,4.196,136.0,137.6,73.0,1579,1,18.2,0.31
6168,287,3.925,36.99,1,44.5,70.89999999999999,789,189.0,63.3,-15.51,3.422,9.887,4.196,136.0,137.4,73.0,1579,1,18.2,0.31
6169,286,3.925,38.5,1,45.9,71.7,799,189.2,63.7,-15.07,3.414,9.891,4.196,136.0,137.3,73.0,1579,1,18.3,0.32
6170,285,3.9,41.56,1,47.5,72.89999999999999,807,189.3,64.2,-14.16,3.406,9.895,4.196,135.0,137.2,73.0,1579,1,18.4,0.32
6171,284,3.9,44.08,1,50.1,74.7,823,189.4,65.0,-12.9,3.406,9.898,4.196,135.0,137.2,73.0,1579,1,18.5,0.32
6172,283,3.9,44.33,1,53.5,76.8,848,189.5,66.1,-11.62,3.398,9.906,4.196,135.0,137.1,73.0,1579,1,18.6,0.32
6173,283,3.875,44.04,1,57.3,78.4,878,189.4,67.0,-10.53,3.406,9.914,4.196,135.0,137.1,73.0,1579,1,18.7,0.32
6174,282,3.875,44.14,1,59.8,79.10000000000001,896,189.4,67.3,-9.35,3.414,9.922,4.196,135.0,137.0,73.0,1579,1,18.7,0.32
6175,281,3.875,44.08,1,61.5,79.60000000000001,906,189.4,67.7,-8.99,3.422,9.93,4.196,135.0,137.0,73.0,1579,1,18.8,0.31
6176,281,3.85,44.04,1,62.3,79.7,913,189.3,67.8,-8.98,3.438,9.938,4.196,135.0,136.9,73.0,1579,1,18.9,0.32
6177,280,3.85,44.12,1,62.5,79.80000000000001,916,189.1,67.9,-9.0,3.445,9.949,4.196,135.0,136.8,73.0,1579,1,19.0,0.32
6178,280,3.85,44.15,1,62.6,79.80000000000001,918,189.0,67.9,-9.01,3.453,9.961,4.196,135.0,136.7,73.0,1579,1,19.0,0.32
6179,280,3.825,44.14,1,62.6,79.80000000000001,919,188.8,67.9,-9.04,3.461,9.969,4.196,135.0,136.6,73.0,1579,1,19.1,0.32
6180,279,3.825,44.06,1,62.6,79.80000000000001,921,188.5,67.8,-9.0,3.477,9.98,4.196,135.0,136.4,73.0,1579,1,19.2,0.33
6181,279,3.825,44.14,1,62.6,79.80000000000001,922,188.2,67.7,-8.99,3.492,9.996,4.196,135.0,136.3,73.0,1579,1,19.3,0.33
6182,278,3.8,44.15,1,62.6,79.80000000000001,924,187.8,67.7,-9.07,3.508,10.008,4.196,135.0,136.1,73.0,1579,1,19.4,0.32
6183,278,3.8,44.03,1,62.5,79.80000000000001,925,187.3,67.8,-9.09,3.523,10.016,4.196,135.0,135.9,73.0,1579,1,19.4,0.32
6184,277,3.8,44.09,1,62.5,79.80000000000001,926,186.9,67.8,-9.05,3.555,10.023,4.196,135.0,135.6,73.0,1579,1,19.5,0.32
6185,277,3.775,44.09,1,62.5,79.80000000000001,927,186.5,67.9,-8.99,3.578,10.035,4.196,134.0,135.4,73.0,1579,1,19.6,0.32
6186,276,3.775,44.02,1,62.6,79.80000000000001,928,186.1,67.9,-9.04,3.609,10.047,4.196,134.0,135.1,73.0,1579,1,19.6,0.32
6187,276,3.775,44.01,1,62.6,79.80000000000001,930,185.8,67.8,-8.97,3.633,10.055,4.196,133.0,134.9,73.0,1579,1,19.7,0.33
6188,276,3.75,44.05,1,62.6,79.9,931,185.4,67.9,-9.02,3.672,10.066,4.196,133.0,134.5,73.0,1579,1,19.8,0.32
6189,275,3.75,43.99,1,62.6,79.80000000000001,932,185.1,67.8,-8.74,3.695,10.078,4.196,133.0,134.2,73.0,1579,1,19.9,0.33
6190,275,3.725,44.07,1,63.1,80.30000000000001,934,184.8,68.1,-8.0,3.727,10.094,4.196,133.0,134.0,73.0,1579,1,20.0,0.33
6191,275,3.725,44.07,1,63.800000000000004,80.5,941,184.5,68.2,-7.92,3.781,10.102,4.196,132.0,133.6,73.0,1579,1,20.0,0.32
6192,274,3.725,44.15,1,64.1,80.5,947,184.3,68.3,-7.86,3.828,10.113,4.196,132.0,133.3,73.0,1579,1,20.1,0.33
6193,274,3.7,44.15,1,64.2,80.60000000000001,951,184.0,68.3,-7.57,3.883,10.121,4.196,130.0,133.0,73.0,1579,1,20.2,0.33
6194,274,3.7,44.25,1,64.9,81.0,956,183.7,68.5,-6.49,3.93,10.133,4.196,130.0,132.7,73.0,1579,1,20.3,0.32
6195,274,3.7,44.24,1,66.10000000000001,81.5,967,183.5,68.8,-6.12,3.984,10.141,4.196,130.0,132.3,73.0,1579,1,20.4,0.32
6196,274,3.675,44.17,1,66.7,81.6,976,183.3,68.8,-6.14,4.039,10.152,4.196,130.0,132.0,73.0,1579,1,20.4,0.32
6197,273,3.675,44.17,1,66.9,81.69999999999999,982,183.0,68.9,-5.83,4.094,10.164,4.196,130.0,131.7,73.0,1579,1,20.5,0.32
6198,273,3.675,44.34,1,67.5,82.1,988,182.8,69.1,-5.11,4.148,10.176,4.196,130.0,131.4,73.0,1579,1,20.6,0.33
6199,273,3.65,44.65,1,70.7,84.2,1000,182.6,70.2,-4.11,4.195,10.184,4.196,130.0,131.1,73.0,1579,1,20.8,22.79
6200,274,3.65,44.83,1,73.3,84.6,1035,182.3,70.7,-3.87,4.219,10.188,4.196,129.0,130.8,73.0,1579,1,21.2,22.99
6201,274,3.65,44.86,1,74.2,84.7,1062,181.9,71.1,-3.93,4.211,10.195,4.196,129.0,130.6,73.0,1579,1,21.8,22.93
6202,274,3.625,44.88,1,74.4,84.7,1079,181.5,71.0,-3.93,4.188,10.203,4.196,129.0,130.3,73.0,1579,1,22.4,22.83
6203,274,3.625,44.82,1,74.4,84.7,1087,181.2,71.0,-3.99,4.172,10.215,4.196,128.0,130.0,73.0,1579,1,23.2,22.75
6204,274,3.625,44.83,1,74.4,84.7,1093,180.8,70.9,-3.93,4.156,10.227,4.196,128.0,129.8,73.0,1580,1,23.8,22.69
6205,275,3.6,44.87,1,74.4,84.7,1097,180.4,70.8,-4.09,4.148,10.238,4.196,128.0,129.5,73.0,1580,1,24.6,22.61
6206,275,3.6,44.8,1,73.9,84.39999999999999,1098,180.1,70.8,-4.96,4.148,10.25,4.196,127.0,129.4,73.0,1580,1,25.2,22.38
6207,275,3.6,44.51,1,72.8,83.8,1095,179.6,70.7,-6.13,4.156,10.262,4.196,127.0,129.2,73.0,1580,1,26.0,22.11
6208,275,3.575,44.52,1,71.6,83.5,1086,179.1,70.4,-6.18,4.164,10.273,4.196,127.0,129.0,73.0,1580,1,26.7,22.05
6209,275,3.575,44.54,1,71.2,83.39999999999999,1078,178.6,70.1,-6.35,4.188,10.285,4.196,127.0,128.8,73.0,1580,1,27.5,21.98
6210,275,3.575,44.51,1,71.1,83.39999999999999,1074,178.1,69.9,-6.37,4.211,10.297,4.196,127.0,128.7,73.0,1580,1,28.1,21.99
6211,275,3.55,44.47,1,70.89999999999999,83.3,1071,177.6,69.9,-6.41,4.242,10.309,4.196,127.0,128.5,73.0,1580,1,28.8,21.93
6212,276,3.55,44.55,1,70.89999999999999,83.3,1069,177.2,70.0,-6.37,4.281,10.32,4.196,127.0,128.4,73.0,1580,1,29.6,22.01
6213,276,3.55,44.45,1,70.89999999999999,83.39999999999999,1069,176.8,70.0,-6.37,4.312,10.332,4.196,127.0,128.3,73.0,1580,1,30.4,21.83
6214,276,3.525,44.48,1,70.89999999999999,83.39999999999999,1068,176.5,70.0,-6.36,4.352,10.344,4.196,126.0,128.1,73.0,1580,1,31.2,21.9
6215,276,3.525,44.45,1,70.89999999999999,83.3,1068,176.2,70.0,-6.34,4.391,10.355,4.196,126.0,128.1,73.0,1580,1,32.0,21.78
6216,276,3.525,44.45,1,70.89999999999999,83.3,1068,176.0,70.0,-6.37,4.438,10.367,4.196,127.0,127.9,73.0,1580,1,32.8,21.84
6217,276,3.5,44.41,1,70.89999999999999,83.3,1067,175.8,70.1,-6.35,4.469,10.379,4.196,126.0,127.9,73.0,1580,1,33.6,21.87
6218,276,3.5,44.48,1,70.89999999999999,83.3,1067,175.7,70.0,-6.28,4.508,10.391,4.196,126.0,127.8,73.0,1580,1,34.4,21.84
6219,276,3.5,44.58,1,71.3,83.7,1068,175.5,70.1,-5.27,4.547,10.402,4.196,127.0,127.7,73.0,1580,1,35.3,22.02
6220,276,3.475,44.7,1,72.3,84.1,1074,175.4,70.3,-4.79,4.57,10.414,4.196,126.0,127.7,73.0,1580,1,36.0,22.08
6221,277,3.475,44.71,1,72.89999999999999,84.2,1082,175.2,70.6,-4.7,4.602,10.426,4.196,126.0,127.7,73.0,1580,1,36.8,22.03
6222,277,3.475,44.78,1,73.2,84.3,1087,175.1,70.8,-4.18,4.625,10.438,4.196,126.0,127.7,73.0,1580,1,37.7,22.03
6223,277,3.45,44.91,1,74.1,84.8,1093,174.9,71.0,-3.39,4.641,10.449,4.196,126.0,127.7,73.0,1580,1,38.5,22.19
6224,277,3.45,44.93,1,74.9,85.1,1101,174.8,71.3,-3.18,4.656,10.461,4.196,127.0,127.7,73.0,1580,1,39.2,22.15
6225,278,3.45,44.96,1,75.2,85.1,1109,174.6,71.4,-3.08,4.672,10.473,4.196,126.0,127.7,73.0,1580,1,40.0,22.18
6226,278,3.425,44.94,1,75.3,85.1,1114,174.4,71.5,-3.29,4.695,10.484,4.196,126.0,127.7,73.0,1580,1,40.8,22.11
6227,278,3.425,44.81,1,75.0,84.89999999999999,1115,174.2,71.2,-4.03,4.711,10.496,4.196,126.0,127.7,73.0,1580,1,41.6,21.9
6228,278,3.425,44.69,1,74.0,84.39999999999999,1113,173.9,70.9,-5.57,4.734,10.508,4.196,126.0,127.7,73.0,1580,1,42.3,21.51
6229,279,3.4,44.36,1,71.8,83.3,1103,173.7,70.4,-7.71,4.75,10.52,4.196,127.0,127.6,73.0,1580,1,43.0,21.16
6230,279,3.4,44.3,1,69.39999999999999,82.39999999999999,1084,173.5,69.9,-9.06,4.766,10.531,4.196,126.0,127.6,73.0,1580,1,43.8,21.09
6231,279,3.4,44.27,1,67.80000000000001,82.0,1062,173.3,69.4,-9.38,4.773,10.543,4.196,127.0,127.5,73.0,1580,1,44.5,21.02
6232,278,3.375,44.2,1,67.2,81.89999999999999,1047,173.1,69.1,-9.3,4.789,10.555,4.196,126.0,127.5,73.0,1580,1,45.2,21.12
6233,278,3.375,44.23,1,67.10000000000001,81.89999999999999,1038,173.0,69.0,-9.38,4.812,10.566,4.196,126.0,127.4,73.0,1580,1,45.9,21.16
6234,278,3.375,44.22,1,67.30000000000001,82.1,1033,172.8,69.1,-8.09,4.828,10.578,4.196,126.0,127.4,73.0,1580,1,46.6,21.33
6235,278,3.35,44.51,1,68.89999999999999,83.1,1036,172.6,69.6,-6.08,4.844,10.59,4.196,126.0,127.3,73.0,1580,1,47.3,21.62
6236,278,3.35,44.69,1,71.2,84.0,1049,172.6,70.2,-4.65,4.875,10.602,4.196,126.0,127.2,73.0,1580,1,48.0,21.81
6237,278,3.35,44.88,1,73.1,84.6,1068,172.5,70.9,-3.94,4.906,10.613,4.196,126.0,127.1,73.0,1580,1,48.7,21.9
6238,279,3.325,44.81,1,74.0,84.7,1084,172.5,70.9,-4.07,4.938,10.625,4.196,126.0,127.0,73.0,1580,1,49.4,21.92
6239,279,3.325,44.86,1,74.1,84.7,1094,172.5,71.1,-4.03,4.969,10.637,4.196,126.0,126.8,73.0,1580,1,50.1,21.94
6240,280,3.3,44.87,1,74.2,84.7,1100,172.5,71.1,-4.04,4.984,10.648,4.196,126.0,126.7,73.0,1580,1,50.8,21.83
6241,280,3.3,44.92,1,74.2,84.7,1103,172.5,71.1,-3.86,5.016,10.66,4.196,126.0,126.6,73.0,1580,1,51.5,21.94
6242,280,3.3,44.87,1,74.3,84.8,1105,172.6,71.2,-3.88,5.023,10.672,4.196,126.0,126.5,73.0,1580,1,52.2,21.91
6243,280,3.275,44.89,1,74.3,84.8,1107,172.5,71.3,-3.88,5.047,10.684,4.196,126.0,126.4,73.0,1580,1,52.9,21.96
6244,281,3.275,44.83,1,74.2,84.7,1108,172.3,71.1,-4.91,5.078,10.695,4.196,126.0,126.3,73.0,1580,1,53.5,21.66
6245,281,3.275,44.55,1,72.6,83.7,1104,172.1,70.5,-6.75,5.109,10.707,4.196,126.0,126.2,73.0,1580,1,54.3,21.23
6246,281,3.25,44.49,1,70.6,83.0,1090,171.9,70.1,-7.49,5.141,10.719,4.196,126.0,126.1,73.0,1580,1,54.9,21.07
6247,281,3.25,44.36,1,69.6,82.89999999999999,1075,171.7,70.0,-7.51,5.18,10.73,4.196,126.0,126.0,73.0,1580,1,55.6,21.13
6248,281,3.25,44.36,1,69.3,82.89999999999999,1064,171.6,69.9,-7.88,5.25,10.742,4.196,126.0,125.9,73.0,1580,1,56.2,21.07
6249,281,3.225,44.31,1,68.89999999999999,82.69999999999999,1059,171.5,69.8,-8.23,5.336,10.754,4.196,126.0,125.8,73.0,1580,1,56.9,21.01
6250,281,3.225,44.3,1,68.10000000000001,82.1,1052,171.3,69.7,-9.8,5.445,10.766,4.196,126.0,125.7,73.0,1580,1,57.6,20.7
6251,281,3.2,44.02,1,66.5,81.5,1040,171.2,69.4,-10.5,5.555,10.781,4.196,126.0,125.5,73.0,1580,1,58.3,20.79
6252,280,3.2,44.23,1,65.7,81.39999999999999,1027,171.2,68.9,-10.54,5.656,10.793,4.196,125.0,125.4,73.0,1580,1,58.9,20.91
6253,280,3.2,44.18,1,65.4,81.3,1019,171.2,68.8,-10.51,5.773,10.805,4.196,124.0,125.2,73.0,1580,1,59.6,20.86
6254,280,3.175,44.28,1,65.7,81.5,1014,171.2,69.0,-9.86,5.875,10.816,4.196,124.0,125.0,73.0,1580,1,60.3,21.05
6255,280,3.175,44.24,1,66.2,81.69999999999999,1014,171.3,69.1,-9.71,5.992,10.828,4.196,124.0,124.8,73.0,1580,1,61.1,20.96
6256,280,3.175,44.13,1,66.3,81.69999999999999,1015,171.4,69.2,-9.7,6.078,10.84,4.196,124.0,124.6,73.0,1580,1,61.7,20.98
6257,279,3.15,44.44,1,66.4,81.69999999999999,1015,171.5,69.3,-9.63,6.164,10.852,4.196,124.0,124.4,73.0,1580,1,62.4,20.93
6258,279,3.15,44.37,1,66.5,81.8,1015,171.6,69.2,-9.38,6.25,10.863,4.196,123.0,124.2,73.0,1580,1,63.1,21.09
6259,279,3.15,44.27,1,66.7,81.89999999999999,1016,171.6,69.3,-9.3,6.32,10.875,4.196,122.0,124.0,73.0,1581,1,63.8,21.07
6260,279,3.125,44.32,1,66.8,81.89999999999999,1018,171.8,69.3,-9.25,6.406,10.887,4.196,122.0,123.7,73.0,1581,1,64.5,21.13
6261,279,3.125,44.46,1,66.9,81.89999999999999,1019,171.9,69.5,-9.26,6.477,10.898,4.196,122.0,123.5,73.0,1581,1,65.2,21.16
6262,279,3.125,44.44,1,66.9,81.89999999999999,1019,172.1,69.3,-9.21,6.547,10.91,4.196,122.0,123.3,73.0,1581,1,65.9,21.15
6263,279,3.1,44.38,1,66.9,81.89999999999999,1019,172.2,69.2,-9.27,6.602,10.922,4.196,122.0,123.0,73.0,1581,1,66.6,21.14
6264,278,3.1,44.35,1,66.8,81.89999999999999,1019,172.3,69.3,-9.28,6.648,10.934,4.196,122.0,122.8,73.0,1581,1,67.3,21.01
6265,278,3.075,44.28,1,66.60000000000001,81.69999999999999,1017,172.3,69.2,-10.44,6.695,10.945,4.196,122.0,122.6,73.0,1581,1,68.0,20.77
6266,278,3.075,44.01,1,65.10000000000001,80.80000000000001,1011,172.3,68.7,-12.39,6.734,10.957,4.196,121.0,122.3,73.0,1581,1,68.6,20.54
6267,277,3.075,44.28,1,63.6,80.30000000000001,998,172.4,68.4,-12.84,6.758,10.969,4.196,121.0,122.1,73.0,1581,1,69.3,20.35
6268,277,3.05,44.05,1,63.0,80.30000000000001,986,172.4,68.4,-12.93,6.789,10.98,4.196,121.0,121.8,73.0,1581,1,69.9,20.38
6269,277,3.05,43.99,1,62.8,80.30000000000001,980,172.4,68.2,-13.13,6.828,10.996,4.196,120.0,121.6,73.0,1581,1,70.5,20.43
6270,277,3.025,44.04,1,62.8,80.4,977,172.4,68.4,-12.68,6.867,11.012,4.196,120.0,121.4,73.0,1581,1,71.1,20.64
6271,276,3.025,43.92,1,63.0,80.4,976,172.5,68.4,-12.55,6.922,11.027,4.196,120.0,121.1,73.0,1581,1,71.7,20.65
6272,276,3.0,44.02,1,63.1,80.5,976,172.5,68.3,-12.6,6.992,11.043,4.196,120.0,120.9,73.0,1581,1,72.3,20.78
6273,276,3.0,44.13,1,63.1,80.5,975,172.5,68.3,-12.52,7.055,11.059,4.196,119.0,120.7,73.0,1581,1,72.9,20.82
6274,276,3.0,44.0,1,63.1,80.5,975,172.6,68.5,-12.55,7.133,11.074,4.196,119.0,120.4,73.0,1581,1,73.5,20.82
6275,275,2.975,44.03,1,63.1,80.4,975,172.7,68.5,-12.59,7.203,11.09,4.196,119.0,120.2,73.0,1581,1,74.1,20.81
6276,275,2.975,44.12,1,63.1,80.4,974,172.8,68.6,-12.66,7.297,11.105,4.196,119.0,120.0,73.0,1581,1,74.7,20.85
6277,274,2.95,43.99,1,62.7,80.2,973,172.8,68.5,-14.45,7.367,11.121,4.196,119.0,119.8,73.0,1581,1,75.3,20.37
6278,274,2.95,43.86,1,60.699999999999996,78.7,966,172.8,67.7,-15.73,7.445,11.137,4.196,118.0,119.6,73.0,1581,1,75.8,19.83
6279,274,2.95,43.98,1,57.3,77.3,941,172.8,66.8,-16.12,7.523,11.152,4.196,118.0,119.3,73.0,1581,1,76.4,20.42
6280,273,2.925,43.99,1,55.900000000000006,77.10000000000001,923,172.9,66.7,-16.1,7.578,11.164,4.196,118.0,119.1,73.0,1581,1,76.9,20.48
6281,273,2.925,44.03,1,55.400000000000006,77.0,910,173.1,66.5,-16.2,7.656,11.18,4.196,118.0,118.9,73.0,1581,1,77.5,20.42
6282,272,2.925,43.99,1,55.300000000000004,77.10000000000001,903,173.2,66.6,-15.91,7.719,11.195,4.196,118.0,118.7,73.0,1581,1,78.0,20.46
6283,271,2.9,44.12,1,56.2,77.8,901,173.3,67.0,-14.97,7.797,11.207,4.196,118.0,118.4,73.0,1581,1,78.6,20.49
6284,271,2.9,44.07,1,58.4,79.10000000000001,910,173.4,67.6,-14.48,7.867,11.223,4.196,117.0,118.2,73.0,1581,1,79.0,20.85
6285,270,2.875,44.02,1,60.099999999999994,79.5,927,173.4,67.8,-14.44,7.938,11.234,4.196,116.0,118.0,73.0,1581,1,79.6,20.91
6286,270,2.875,44.07,1,60.6,79.5,937,173.5,67.9,-14.45,8.016,11.25,4.196,116.0,117.7,73.0,1581,1,80.1,20.83
6287,270,2.875,43.85,1,60.6,79.5,941,173.6,67.9,-14.38,8.078,11.262,4.196,115.0,117.4,73.0,1581,1,80.6,20.73
6288,269,2.85,44.08,1,61.199999999999996,79.9,943,173.7,68.2,-13.71,8.148,11.277,4.196,115.0,117.1,73.0,1581,1,81.1,20.92
6289,269,2.85,44.04,1,61.8,80.10000000000001,950,173.9,68.3,-13.64,8.211,11.289,4.196,115.0,116.8,73.0,1581,1,81.6,20.98
6290,269,2.825,44.1,1,62.0,80.10000000000001,955,173.9,68.3,-13.62,8.281,11.305,4.196,115.0,116.5,73.0,1581,1,82.1,20.92
6291,269,2.825,44.01,1,62.0,80.10000000000001,958,174.0,68.4,-13.63,8.336,11.32,4.196,114.0,116.2,73.0,1581,1,82.6,20.95
6292,268,2.825,44.1,1,62.0,80.2,960,174.1,68.3,-13.64,8.414,11.332,4.196,114.0,115.8,73.0,1581,1,83.0,20.92
6293,268,2.8,43.91,1,62.1,80.2,961,174.1,68.3,-13.57,8.469,11.348,4.196,113.0,115.5,73.0,1581,1,83.4,20.93
6294,268,2.8,44.08,1,62.1,80.2,962,174.1,68.3,-13.42,8.523,11.359,4.196,113.0,115.1,73.0,1581,1,83.8,20.92
6295,267,2.8,44.15,1,62.3,80.4,963,174.0,68.5,-12.47,8.57,11.375,4.196,113.0,114.8,73.0,1581,1,84.2,21.16
6296,267,2.775,44.14,1,62.9,80.7,967,174.0,68.6,-11.78,8.617,11.387,4.196,113.0,114.4,73.0,1581,1,84.6,21.07
6297,267,2.775,44.2,1,63.3,80.80000000000001,973,173.9,68.7,-11.71,8.656,11.402,4.196,112.0,114.1,73.0,1581,1,84.9,20.88
6298,267,2.75,44.23,1,63.7,81.10000000000001,977,173.8,68.9,-10.77,8.688,11.418,4.196,112.0,113.7,73.0,1581,1,85.2,21.18
6299,267,2.75,44.36,1,64.7,81.6,984,173.7,69.1,-9.7,8.727,11.43,4.196,111.0,113.4,73.0,1581,1,85.5,21.25
6300,267,2.75,44.39,1,65.9,82.1,995,173.6,69.5,-8.8,8.766,11.445,4.196,111.0,113.1,73.0,1581,1,85.8,21.47
6301,267,2.725,44.41,1,67.0,82.39999999999999,1009,173.5,69.7,-8.39,8.812,11.461,4.196,111.0,112.7,73.0,1581,1,86.1,21.35
6302,267,2.725,44.54,1,67.80000000000001,82.8,1018,173.3,69.9,-7.23,8.852,11.473,4.196,110.0,112.4,73.0,1581,1,86.4,21.56
6303,267,2.725,44.69,1,69.1,83.39999999999999,1030,173.2,70.3,-6.44,8.898,11.484,4.196,109.0,112.1,73.0,1582,1,86.8,21.62
6304,267,2.7,44.72,1,70.0,83.6,1043,173.0,70.5,-6.42,8.961,11.496,4.196,108.0,111.7,73.0,1582,1,87.2,21.58
6305,268,2.7,44.69,1,70.1,83.5,1052,172.9,70.4,-6.58,9.031,11.512,4.196,108.0,111.5,73.0,1582,1,87.5,21.46
6306,268,2.7,44.67,1,70.1,83.5,1057,172.7,70.5,-6.69,9.109,11.523,4.196,108.0,111.1,73.0,1582,1,87.9,21.44
6307,268,2.675,44.58,1,69.6,83.2,1059,172.5,70.2,-7.6,9.188,11.535,4.196,108.0,110.8,73.0,1582,1,88.3,21.26
6308,268,2.675,44.45,1,68.4,82.69999999999999,1055,172.3,70.0,-8.66,9.273,11.547,4.196,108.0,110.6,73.0,1582,1,88.7,21.13
6309,268,2.675,44.24,1,67.2,82.19999999999999,1047,172.1,69.6,-9.53,9.352,11.563,4.196,108.0,110.3,73.0,1582,1,89.1,20.97
6310,268,2.65,44.31,1,66.3,81.89999999999999,1037,171.8,69.4,-9.68,9.445,11.574,4.196,108.0,110.0,73.0,1582,1,89.5,20.86
6311,268,2.65,44.37,1,66.0,81.89999999999999,1029,171.6,69.2,-9.67,9.555,11.586,4.196,107.0,109.8,73.0,1582,1,89.9,21.01
6312,268,2.65,44.36,1,65.9,81.89999999999999,1025,171.3,69.3,-9.67,9.641,11.598,4.196,107.0,109.6,73.0,1582,1,90.4,21.04
6313,268,2.625,44.31,1,65.9,81.8,1022,171.0,69.3,-9.73,9.734,11.613,4.196,107.0,109.3,73.0,1582,1,90.8,21.02
6314,268,2.625,44.41,1,65.8,81.8,1020,170.9,69.3,-9.64,9.812,11.625,4.196,107.0,109.1,73.0,1582,1,91.3,21.04
6315,268,2.6,44.37,1,65.9,81.89999999999999,1019,170.7,69.4,-9.7,9.906,11.637,4.196,107.0,108.8,73.0,1582,1,91.7,21.1
6316,268,2.6,44.52,1,65.8,81.89999999999999,1019,170.5,69.3,-9.67,9.992,11.652,4.196,106.0,108.6,73.0,1582,1,92.1,21.07
6317,268,2.6,44.36,1,65.8,81.89999999999999,1019,170.4,69.3,-9.71,10.086,11.664,4.196,106.0,108.4,73.0,1582,1,92.6,21.15
6318,268,2.575,44.26,1,65.8,81.89999999999999,1019,170.3,69.3,-9.64,10.188,11.68,4.196,106.0,108.2,73.0,1582,1,93.1,21.11
6319,268,2.575,44.2,1,65.7,81.69999999999999,1019,170.3,69.2,-10.3,10.273,11.703,4.196,105.0,108.1,73.0,1582,1,93.6,20.96
6320,268,2.575,44.19,1,64.9,81.3,1015,170.2,69.0,-11.29,10.383,11.738,4.196,105.0,107.9,73.0,1582,1,94.0,20.75
6321,267,2.55,44.1,1,64.0,81.0,1008,170.2,68.9,-11.45,10.469,11.77,4.196,105.0,107.7,73.0,1582,1,94.5,20.82
6322,267,2.55,44.13,1,63.6,81.0,1001,170.2,68.9,-11.33,10.57,11.789,4.196,105.0,107.5,73.0,1582,1,94.9,20.85
6323,267,2.525,44.28,1,63.6,81.0,997,170.2,68.8,-11.35,10.648,11.809,4.196,105.0,107.3,73.0,1582,1,95.4,20.81
6324,267,2.525,44.14,1,63.6,81.0,995,170.1,68.9,-11.36,10.734,11.824,4.196,105.0,107.2,73.0,1582,1,95.9,20.86
6325,266,2.525,44.23,1,63.6,81.0,995,170.1,68.8,-11.5,10.828,11.84,4.196,104.0,107.0,73.0,1582,1,96.3,20.75
6326,266,2.5,44.12,1,63.5,80.9,994,170.1,68.9,-11.42,10.891,11.852,4.196,104.0,106.8,73.0,1582,1,96.8,20.79
6327,265,2.5,44.35,1,64.0,81.39999999999999,993,170.1,69.0,-9.68,10.969,11.863,4.196,104.0,106.5,73.0,1582,1,97.2,21.2
6328,265,2.5,44.45,1,65.9,82.5,1002,170.1,69.5,-7.41,11.031,11.871,4.196,104.0,106.4,73.0,1582,1,97.7,21.43
6329,264,2.5,44.83,1,69.0,83.7,1023,170.1,70.1,-5.1,11.117,11.875,4.196,104.0,106.1,73.0,1582,1,98.2,21.73
6330,264,2.5,45.03,1,71.6,84.7,1046,170.1,70.9,-3.64,11.211,11.879,4.196,103.0,105.9,73.0,1582,1,98.7,22.01
6331,263,2.475,45.07,1,73.5,85.3,1073,170.0,71.5,-2.48,11.312,11.883,4.196,103.0,105.8,73.0,1582,1,99.2,22.19
6332,263,2.475,45.25,1,75.3,85.9,1096,169.9,71.9,-0.68,11.406,11.891,4.196,103.0,105.5,73.0,1582,1,99.8,22.36
6333,263,2.475,45.58,1,76.8,86.5,1115,169.8,72.4,0.45,11.477,11.895,4.196,103.0,105.3,73.0,1582,1,100.3,7.07
6334,262,2.475,45.29,1,76.5,86.1,1129,169.7,72.3,2.11,11.562,11.895,4.196,103.0,105.1,73.0,1582,1,99.9,0.33
6335,262,2.475,45.25,1,77.7,87.0,1134,169.5,72.9,4.27,11.656,11.898,4.196,102.0,104.9,73.0,1582,1,98.6,0.34
6336,261,2.475,45.4,1,80.4,87.9,1150,169.2,73.4,6.33,11.805,11.895,4.196,102.0,104.7,73.0,1582,1,97.3,0.34
6337,260,2.475,45.25,1,81.8,88.4,1168,168.9,74.0,6.8,11.93,11.895,4.196,102.0,104.6,73.0,1582,1,95.9,0.34
6338,260,2.475,45.3,1,82.5,88.5,1183,168.4,74.3,6.93,12.047,11.895,4.196,101.0,104.4,73.0,1582,1,94.7,0.34
6339,260,2.475,45.07,1,82.6,88.5,1194,167.8,74.2,6.93,12.172,11.891,4.196,101.0,104.2,73.0,1582,1,93.6,0.33
6340,260,2.5,45.95,1,82.6,88.5,1200,167.3,74.3,6.88,12.234,11.891,4.196,101.0,104.1,73.0,1582,1,92.6,0.34
6341,259,2.5,45.63,1,82.6,88.5,1203,166.7,74.1,6.95,12.305,11.891,4.196,101.0,103.9,73.0,1582,1,91.7,0.34
6342,259,2.5,45.94,1,82.5,88.5,1206,166.2,74.3,6.96,12.352,11.887,4.196,101.0,103.7,73.0,1582,1,90.9,0.35
6343,259,2.5,45.69,1,82.5,88.5,1208,165.6,74.3,6.91,12.391,11.883,4.196,100.0,103.5,73.0,1582,1,90.0,0.34
6344,258,2.5,45.61,1,82.5,88.5,1210,165.1,74.0,7.38,12.422,11.883,4.196,100.0,103.4,73.0,1583,1,89.3,0.34
6345,258,2.5,45.55,1,83.0,88.8,1212,164.5,74.2,7.95,12.453,11.875,4.196,100.0,103.2,73.0,1583,1,88.6,0.34
6346,258,2.5,46.05,1,83.39999999999999,88.8,1217,163.9,74.5,7.9,12.477,11.871,4.196,100.0,103.0,73.0,1583,1,88.0,0.34
6347,258,2.5,45.43,1,83.5,88.9,1220,163.4,74.4,8.25,12.5,11.871,4.196,100.0,102.8,73.0,1583,1,87.3,0.34
6348,258,2.5,45.86,1,84.0,89.1,1223,162.9,74.6,9.04,12.516,11.867,4.196,100.0,102.6,73.0,1583,1,86.8,0.34
6349,258,2.5,46.07,1,84.6,89.3,1229,162.5,74.7,9.28,12.531,11.871,4.196,100.0,102.5,73.0,1583,1,86.2,0.34
6350,259,2.5,45.38,1,84.89999999999999,89.4,1234,162.1,74.7,9.3,12.555,11.871,4.196,99.0,102.3,73.0,1583,1,85.8,0.34
6351,259,2.5,45.69,1,84.89999999999999,89.4,1238,161.8,74.8,9.36,12.57,11.871,4.196,99.0,102.2,73.0,1583,1,85.3,0.34
6352,259,2.5,45.41,1,84.89999999999999,89.4,1240,161.4,74.9,9.32,12.586,11.871,4.196,99.0,102.0,73.0,1583,1,84.9,0.34
6353,259,2.5,45.82,1,84.89999999999999,89.4,1242,161.2,74.9,9.32,12.586,11.875,4.196,99.0,101.9,73.0,1583,1,84.4,0.34
6354,259,2.5,45.36,1,84.89999999999999,89.4,1242,160.9,74.9,9.29,12.586,11.875,4.196,99.0,101.8,73.0,1583,1,84.1,0.34
6355,259,2.5,45.62,1,84.89999999999999,89.4,1243,160.7,74.8,9.27,12.586,11.883,4.196,99.0,101.7,73.0,1583,1,83.7,0.33
6356,259,2.5,45.14,1,84.8,89.3,1243,160.4,74.8,9.32,12.586,11.887,4.196,99.0,101.6,73.0,1583,1,83.3,0.33
6357,260,2.5,45.3,1,84.6,89.2,1243,160.1,74.9,7.61,12.578,11.898,4.196,99.0,101.4,73.0,1583,1,83.0,0.34
6358,260,2.5,44.83,1,82.69999999999999,88.1,1237,159.9,74.4,4.41,12.57,11.91,4.196,99.0,101.4,73.0,1583,1,82.7,0.33
6359,260,2.5,44.91,1,79.4,86.7,1220,159.7,73.3,1.09,12.547,11.918,4.196,99.0,101.3,73.0,1583,1,82.3,0.32
6360,260,2.5,44.67,1,75.8,85.39999999999999,1191,159.8,72.1,-1.13,12.516,11.926,4.196,98.0,101.2,73.0,1583,1,82.1,0.31
6361,260,2.475,44.7,1,73.2,84.7,1156,159.8,71.4,-1.79,12.477,11.926,4.196,98.0,101.1,73.0,1583,1,81.8,0.32
6362,260,2.475,44.67,1,72.5,84.6,1133,159.8,70.9,-1.98,12.453,11.934,4.196,98.0,101.0,73.0,1583,1,81.5,0.31
6363,260,2.475,44.61,1,72.2,84.5,1117,160.0,70.8,-1.98,12.43,11.941,4.196,98.0,100.9,73.0,1583,1,81.3,0.32
6364,259,2.475,44.61,1,72.1,84.5,1107,160.2,70.7,-2.05,12.414,11.949,4.196,98.0,100.8,73.0,1583,1,81.0,0.32
6365,259,2.45,44.61,1,72.0,84.39999999999999,1100,160.4,70.7,-1.97,12.406,11.953,4.196,98.0,100.8,73.0,1583,1,80.8,0.32
6366,259,2.45,44.58,1,72.0,84.5,1097,160.6,70.8,-1.93,12.406,11.957,4.196,98.0,100.7,73.0,1583,1,80.6,0.32
6367,259,2.45,44.78,1,72.3,84.7,1095,161.0,70.9,-0.93,12.422,11.961,4.196,98.0,100.6,73.0,1583,1,80.4,0.32
6368,259,2.45,44.71,1,73.6,85.3,1099,161.5,71.2,0.22,12.453,11.961,4.196,98.0,100.6,73.0,1583,1,80.2,0.32
6369,259,2.425,44.85,1,74.8,85.8,1107,161.9,71.7,1.19,12.484,11.965,4.196,98.0,100.5,73.0,1583,1,80.0,0.33
6370,259,2.425,44.84,1,75.7,86.0,1118,162.3,71.9,1.46,12.523,11.969,4.196,98.0,100.5,73.0,1583,1,79.8,0.33
6371,259,2.425,44.92,1,76.6,86.4,1128,162.7,72.3,2.46,12.586,11.973,4.196,98.0,100.4,73.0,1583,1,79.6,0.33
6372,260,2.425,45.0,1,77.5,86.8,1137,163.0,72.6,2.95,12.641,11.98,4.196,98.0,100.4,73.0,1583,1,79.5,0.33
6373,260,2.4,45.06,1,78.0,86.9,1146,163.3,72.8,2.97,12.711,11.992,4.196,98.0,100.3,73.0,1583,1,79.3,0.33
6374,260,2.4,44.98,1,78.10000000000001,86.9,1152,163.5,72.9,2.95,12.773,12.0,4.196,98.0,100.3,73.0,1583,1,79.2,0.33
6375,261,2.4,45.08,1,78.0,86.9,1156,163.6,72.9,2.93,12.844,12.012,4.196,98.0,100.2,73.0,1583,1,79.1,0.34
6376,261,2.4,44.98,1,78.0,86.9,1157,163.7,72.9,2.9,12.898,12.031,4.196,97.0,100.1,73.0,1583,1,78.9,0.33
6377,261,2.4,45.03,1,78.0,86.9,1157,163.8,72.9,2.89,12.961,12.047,4.196,97.0,100.1,73.0,1583,1,78.8,0.33
6378,261,2.375,45.14,1,78.0,86.9,1158,164.0,72.7,2.93,13.016,12.062,4.196,98.0,100.0,73.0,1583,1,78.7,0.33
6379,261,2.375,44.91,1,77.7,86.6,1158,164.1,72.7,1.49,13.062,12.074,4.196,97.0,99.9,73.0,1583,1,78.6,0.33
6380,261,2.375,44.78,1,76.0,85.8,1152,164.2,72.2,-0.2,13.109,12.09,4.196,97.0,99.8,73.0,1583,1,78.4,0.32
6381,261,2.375,44.72,1,74.4,85.3,1139,164.1,71.8,-0.62,13.141,12.102,4.196,97.0,99.7,73.0,1583,1,78.3,0.33
6382,260,2.375,44.76,1,73.7,85.1,1125,164.2,71.4,-0.66,13.164,12.109,4.196,97.0,99.6,73.0,1583,1,78.2,0.33
6383,260,2.35,44.67,1,73.7,85.2,1118,164.3,71.5,-0.5,13.172,12.117,4.196,97.0,99.4,73.0,1584,1,78.1,0.33
6384,259,2.35,44.77,1,73.8,85.2,1114,164.4,71.5,-0.51,13.172,12.125,4.196,97.0,99.3,73.0,1584,1,78.0,0.33
6385,259,2.35,44.81,1,74.0,85.39999999999999,1112,164.4,71.6,0.23,13.148,12.129,4.196,96.0,99.1,73.0,1584,1,77.9,0.32
6386,258,2.35,44.83,1,74.8,85.8,1114,164.4,71.7,1.17,13.133,12.129,4.196,96.0,99.0,73.0,1584,1,77.8,0.33
6387,258,2.35,44.89,1,76.0,86.3,1120,164.7,72.3,2.13,13.117,12.129,4.196,96.0,98.8,73.0,1584,1,77.7,0.33
6388,258,2.35,45.01,1,76.8,86.5,1129,164.8,72.3,2.21,13.109,12.133,4.196,96.0,98.6,73.0,1584,1,77.7,0.32
6389,257,2.35,44.97,1,77.0,86.5,1137,164.8,72.4,2.26,13.102,12.141,4.196,96.0,98.4,73.0,1584,1,77.6,0.34
6390,257,2.325,44.96,1,77.10000000000001,86.5,1142,165.0,72.5,2.25,13.102,12.148,4.196,96.0,98.3,73.0,1584,1,77.5,0.33
6391,257,2.325,45.08,1,77.2,86.6,1146,165.1,72.6,2.27,13.102,12.148,4.196,95.0,98.1,73.0,1584,1,77.4,0.34
6392,257,2.325,44.96,1,77.2,86.6,1148,165.2,72.5,2.29,13.102,12.152,4.196,95.0,97.9,73.0,1584,1,77.4,0.33
6393,256,2.325,45.03,1,77.2,86.6,1149,165.3,72.6,2.2,13.109,12.152,4.196,95.0,97.7,73.0,1584,1,77.3,0.34
6394,256,2.325,44.96,1,77.2,86.6,1149,165.4,72.6,2.21,13.125,12.16,4.196,95.0,97.5,73.0,1584,1,77.2,0.32
6395,256,2.325,45.0,1,77.2,86.6,1149,165.4,72.6,2.27,13.141,12.168,4.196,95.0,97.4,73.0,1584,1,77.2,0.33
6396,256,2.325,44.99,1,77.2,86.6,1149,165.4,72.7,2.29,13.172,12.172,4.196,95.0,97.2,73.0,1584,1,77.1,0.34
6397,255,2.3,44.96,1,77.3,86.6,1150,165.4,72.7,2.3,13.195,12.176,4.196,94.0,97.1,73.0,1584,1,77.1,0.34
6398,255,2.3,44.94,1,77.2,86.6,1150,165.4,72.7,2.25,13.234,12.18,4.196,94.0,96.9,73.0,1584,1,77.0,0.34
6399,255,2.3,44.98,1,77.10000000000001,86.5,1150,165.4,72.6,1.8,13.266,12.191,4.196,94.0,96.7,73.0,1584,1,76.9,0.34
6400,255,2.3,44.8,1,76.5,86.1,1147,165.5,72.3,0.82,13.281,12.199,4.196,94.0,96.6,73.0,1584,1,76.9,0.34
6401,254,2.3,44.57,1,75.1,85.39999999999999,1139,165.5,71.9,-0.86,13.266,12.203,4.196,94.0,96.4,73.0,1584,1,76.8,0.33
6402,254,2.3,44.62,1,73.6,85.0,1126,165.6,71.3,-1.45,13.258,12.207,4.196,94.0,96.2,73.0,1584,1,76.8,0.32
6403,254,2.3,44.64,1,72.8,84.89999999999999,1113,165.6,71.2,-1.41,13.242,12.203,4.196,94.0,96.1,73.0,1584,1,76.7,0.33
6404,253,2.275,44.68,1,72.8,85.0,1106,165.7,71.3,-0.62,13.234,12.203,4.196,93.0,96.0,73.0,1584,1,76.6,0.33
6405,253,2.275,44.82,1,74.1,85.7,1105,165.7,71.6,1.36,13.25,12.207,4.196,93.0,95.9,73.0,1584,1,76.6,0.34
6406,253,2.275,44.96,1,76.0,86.4,1115,165.8,72.1,2.63,13.273,12.207,4.196,93.0,95.7,73.0,1584,1,76.6,0.34
6407,252,2.275,45.07,1,77.60000000000001,86.9,1131,165.9,72.8,3.0,13.305,12.219,4.196,93.0,95.6,73.0,1584,1,76.5,0.34
6408,252,2.275,45.09,1,78.10000000000001,86.9,1143,165.8,72.8,3.05,13.344,12.23,4.196,93.0,95.5,73.0,1584,1,76.5,0.33
6409,252,2.275,44.96,1,78.2,87.0,1150,165.9,73.0,2.83,13.375,12.234,4.196,93.0,95.3,73.0,1584,1,76.4,0.34
6410,252,2.275,44.9,1,77.7,86.7,1154,166.0,73.0,1.86,13.406,12.238,4.196,93.0,95.3,73.0,1584,1,76.3,0.33
6411,252,2.25,44.85,1,76.6,86.2,1151,166.1,72.4,1.2,13.43,12.234,4.196,93.0,95.2,73.0,1584,1,76.3,0.34
6412,252,2.25,44.85,1,76.0,86.1,1145,166.3,72.3,1.21,13.461,12.238,4.196,93.0,95.1,73.0,1584,1,76.3,0.35
6413,251,2.25,44.86,1,75.9,86.1,1140,166.4,72.0,1.54,13.484,12.238,4.196,93.0,94.9,73.0,1584,1,76.2,0.34
6414,251,2.25,44.92,1,76.7,86.5,1139,166.3,72.3,2.69,13.5,12.242,4.196,92.0,94.8,73.0,1584,1,76.2,0.34
6415,251,2.25,45.12,1,77.7,87.0,1144,166.3,72.7,3.67,13.516,12.25,4.196,92.0,94.7,73.0,1584,1,76.1,0.33
6416,251,2.25,45.16,1,78.9,87.4,1153,166.3,73.1,4.14,13.539,12.258,4.196,92.0,94.7,73.0,1584,1,76.1,0.34
6417,251,2.25,45.07,1,79.4,87.4,1163,166.3,73.2,4.13,13.562,12.262,4.196,92.0,94.6,73.0,1584,1,76.0,0.33
6418,251,2.225,45.06,1,79.5,87.5,1168,166.2,73.3,4.05,13.586,12.266,4.196,92.0,94.5,73.0,1584,1,76.0,0.33
6419,251,2.225,45.25,1,79.3,87.4,1170,166.2,73.4,4.12,13.602,12.273,4.196,92.0,94.4,73.0,1584,1,76.0,0.34
6420,251,2.225,45.18,1,79.4,87.4,1172,166.2,73.3,4.08,13.625,12.281,4.196,92.0,94.3,73.0,1585,1,75.9,0.33
6421,251,2.225,45.18,1,79.2,87.3,1173,166.1,73.3,3.34,13.656,12.285,4.196,92.0,94.3,73.0,1585,1,75.8,0.34
6422,251,2.225,45.05,1,78.4,87.0,1171,166.1,73.0,2.72,13.68,12.293,4.196,92.0,94.2,73.0,1585,1,75.8,0.33
6423,251,2.225,45.02,1,77.8,86.8,1165,166.0,72.8,2.61,13.695,12.305,4.196,92.0,94.2,73.0,1585,1,75.8,0.33
6424,250,2.225,44.98,1,77.4,86.6,1160,165.9,72.7,1.68,13.68,12.316,4.196,92.0,94.1,73.0,1585,1,75.7,0.33
6425,250,2.2,44.9,1,76.3,86.1,1153,165.9,72.3,0.75,13.664,12.32,4.196,92.0,94.1,73.0,1585,1,75.7,0.33
6426,250,2.2,44.77,1,75.5,85.9,1143,165.8,72.1,0.67,13.633,12.324,4.196,92.0,94.0,73.0,1585,1,75.6,0.33
6427,249,2.2,44.84,1,75.3,85.9,1137,165.8,71.9,0.68,13.594,12.328,4.196,91.0,94.0,73.0,1585,1,75.6,0.32
6428,249,2.2,44.76,1,75.3,85.9,1132,165.8,72.0,0.64,13.562,12.328,4.196,92.0,93.9,73.0,1585,1,75.5,0.33
6429,248,2.2,44.86,1,75.5,86.1,1131,165.8,72.1,1.61,13.547,12.332,4.196,92.0,93.9,73.0,1585,1,75.5,0.33
6430,248,2.2,44.99,1,76.5,86.6,1134,165.8,72.6,2.64,13.562,12.332,4.196,91.0,93.8,73.0,1585,1,75.5,0.32
6431,248,2.2,44.92,1,77.60000000000001,86.9,1141,165.8,72.8,2.96,13.594,12.336,4.196,92.0,93.8,73.0,1585,1,75.4,0.33
6432,248,2.175,44.97,1,78.0,87.0,1149,166.0,72.9,2.98,13.641,12.336,4.196,92.0,93.8,73.0,1585,1,75.4,0.33
6433,247,2.175,45.03,1,78.0,87.0,1154,166.1,73.0,3.0,13.703,12.34,4.196,92.0,93.7,73.0,1585,1,75.3,0.34
6434,247,2.175,45.09,1,78.4,87.3,1157,166.1,73.1,3.94,13.766,12.344,4.196,91.0,93.7,73.0,1585,1,75.3,0.33
6435,247,2.175,45.08,1,79.2,87.5,1163,166.3,73.2,4.08,13.852,12.348,4.196,92.0,93.6,73.0,1585,1,75.3,0.32
6436,247,2.175,45.1,1,79.3,87.5,1169,166.4,73.4,4.29,13.914,12.348,4.196,92.0,93.6,73.0,1585,1,75.2,0.32
6437,247,2.175,45.16,1,79.9,87.8,1173,166.3,73.4,5.2,13.984,12.352,4.196,91.0,93.6,73.0,1585,1,75.2,0.33
6438,247,2.15,45.14,1,80.60000000000001,88.1,1180,166.4,73.7,5.5,14.062,12.355,4.196,91.0,93.6,73.0,1585,1,75.1,0.33
6439,248,2.15,45.25,1,80.9,88.1,1187,166.3,73.7,5.49,14.133,12.363,4.196,91.0,93.6,73.0,1585,1,75.1,0.33
6440,248,2.15,45.29,1,80.9,88.1,1191,166.1,74.0,5.43,14.203,12.375,4.196,91.0,93.5,73.0,1585,1,75.0,0.32
6441,248,2.15,45.23,1,80.80000000000001,88.1,1193,166.0,73.7,5.48,14.273,12.383,4.196,91.0,93.5,73.0,1585,1,75.0,0.33
6442,248,2.15,45.21,1,80.9,88.1,1195,165.9,73.7,5.52,14.344,12.391,4.196,91.0,93.5,73.0,1585,1,74.9,0.32
6443,248,2.15,45.18,1,80.80000000000001,88.1,1197,165.9,73.7,5.25,14.414,12.395,4.196,91.0,93.5,73.0,1585,1,74.8,0.33
6444,248,2.15,45.01,1,80.4,87.8,1196,165.8,73.6,4.3,14.477,12.398,4.196,91.0,93.6,73.0,1585,1,74.8,0.33
6445,248,2.15,45.12,1,79.4,87.4,1191,165.5,73.4,3.14,14.539,12.406,4.196,91.0,93.5,73.0,1585,1,74.8,0.32
6446,249,2.125,44.93,1,78.0,86.8,1181,165.4,73.2,1.91,14.578,12.418,4.196,91.0,93.5,73.0,1585,1,74.7,0.32
6447,248,2.125,44.94,1,76.9,86.5,1169,165.5,72.6,1.84,14.594,12.426,4.196,91.0,93.6,73.0,1585,1,74.7,0.33
6448,248,2.125,44.92,1,76.5,86.4,1159,165.5,72.4,1.67,14.602,12.438,4.196,91.0,93.5,73.0,1585,1,74.6,0.32
6449,248,2.125,44.87,1,76.1,86.1,1152,165.5,72.1,0.59,14.578,12.445,4.196,91.0,93.5,73.0,1585,1,74.6,0.32
6450,248,2.125,44.88,1,75.1,85.7,1143,165.5,71.8,0.19,14.547,12.453,4.196,91.0,93.6,73.0,1585,1,74.6,0.33
6451,248,2.125,44.65,1,74.6,85.6,1134,165.5,71.9,0.23,14.5,12.453,4.196,92.0,93.5,73.0,1585,1,74.5,0.32
6452,247,2.125,44.76,1,74.5,85.6,1127,165.5,71.9,0.24,14.461,12.457,4.196,91.0,93.5,73.0,1585,1,74.5,0.32
6453,247,2.1,44.69,1,74.6,85.7,1123,165.7,71.8,0.23,14.422,12.461,4.196,92.0,93.5,73.0,1586,1,74.4,0.33
6454,246,2.1,44.71,1,74.6,85.7,1122,165.9,71.8,0.22,14.383,12.465,4.196,92.0,93.5,73.0,1586,1,74.4,0.33
6455,246,2.1,44.85,1,74.6,85.7,1121,166.1,71.8,0.32,14.344,12.461,4.196,92.0,93.5,73.0,1586,1,74.3,0.33
6456,246,2.1,44.84,1,75.1,86.1,1122,166.3,71.9,2.05,14.336,12.453,4.196,91.0,93.5,73.0,1586,1,74.3,0.33
6457,246,2.1,44.98,1,77.10000000000001,87.1,1129,166.6,72.5,4.32,14.344,12.449,4.196,91.0,93.5,73.0,1586,1,74.2,0.34
6458,246,2.1,45.29,1,79.80000000000001,88.1,1146,166.8,73.6,6.18,14.375,12.453,4.196,91.0,93.5,73.0,1586,1,74.2,0.34
6459,246,2.075,45.29,1,81.39999999999999,88.5,1168,166.9,74.1,6.65,14.422,12.457,4.196,92.0,93.5,73.0,1586,1,74.1,0.34
6460,246,2.075,45.41,1,81.89999999999999,88.6,1184,167.0,74.2,6.55,14.461,12.461,4.196,91.0,93.5,73.0,1586,1,74.1,0.35
6461,247,2.075,45.37,1,82.0,88.6,1193,167.0,74.2,6.46,14.508,12.469,4.196,91.0,93.5,73.0,1586,1,74.0,0.34
6462,247,2.075,45.38,1,82.0,88.5,1199,167.0,74.2,6.66,14.547,12.477,4.196,91.0,93.5,73.0,1586,1,74.0,0.34
6463,247,2.075,45.39,1,82.0,88.5,1202,167.0,74.3,6.59,14.578,12.484,4.196,91.0,93.5,73.0,1586,1,74.0,0.33
6464,247,2.075,45.3,1,82.0,88.6,1204,166.9,74.2,6.64,14.602,12.492,4.196,91.0,93.5,73.0,1586,1,73.9,0.33
6465,247,2.05,45.35,1,82.0,88.5,1204,166.8,74.4,6.62,14.594,12.5,4.196,91.0,93.4,73.0,1586,1,73.9,0.34
6466,247,2.05,45.3,1,82.0,88.5,1205,166.5,74.2,6.61,14.578,12.508,4.196,91.0,93.4,73.0,1586,1,73.8,0.33
6467,247,2.05,45.27,1,82.0,88.5,1205,166.3,74.3,6.65,14.562,12.516,4.196,91.0,93.3,73.0,1586,1,73.8,0.33
6468,248,2.05,45.15,1,82.0,88.5,1206,166.0,74.1,6.6,14.539,12.523,4.196,91.0,93.2,73.0,1586,1,73.7,0.34
6469,248,2.05,45.34,1,82.0,88.5,1207,166.0,74.2,6.61,14.523,12.527,4.196,91.0,93.2,73.0,1586,1,73.7,0.34
6470,248,2.05,45.24,1,82.0,88.5,1207,165.8,74.2,6.6,14.508,12.535,4.196,91.0,93.1,73.0,1586,1,73.6,0.33
6471,248,2.05,45.33,1,82.0,88.5,1207,165.7,74.0,6.61,14.492,12.539,4.196,91.0,93.0,73.0,1586,1,73.6,0.33
6472,248,2.025,45.38,1,82.1,88.6,1207,165.5,74.2,6.64,14.469,12.543,4.196,91.0,92.9,73.0,1586,1,73.5,0.33
6473,248,2.025,45.32,1,82.0,88.5,1208,165.3,74.3,6.61,14.461,12.551,4.196,91.0,92.8,73.0,1586,1,73.5,0.33
6474,248,2.025,45.24,1,82.0,88.5,1209,165.2,74.3,6.58,14.445,12.555,4.196,91.0,92.7,73.0,1586,1,73.4,0.33
6475,248,2.025,45.27,1,82.1,88.5,1209,165.1,74.2,6.59,14.43,12.559,4.196,91.0,92.6,73.0,1586,1,73.4,0.33
6476,248,2.025,45.34,1,82.1,88.6,1208,165.1,74.2,6.64,14.414,12.562,4.196,90.0,92.5,73.0,1586,1,73.3,0.33
6477,248,2.025,45.3,1,82.1,88.6,1208,165.1,74.3,6.68,14.383,12.562,4.196,90.0,92.4,73.0,1586,1,73.3,0.33
6478,249,2.025,45.27,1,82.1,88.5,1208,165.1,74.3,6.67,14.352,12.566,4.197,90.0,92.3,73.0,1586,1,73.3,0.33
6479,249,2.0,45.29,1,82.1,88.6,1207,164.9,74.2,6.63,14.312,12.57,4.197,90.0,92.2,73.0,1586,1,73.2,0.33
6480,249,2.0,45.26,1,82.1,88.5,1207,164.9,74.2,6.59,14.273,12.574,4.196,90.0,92.1,73.0,1586,1,73.2,0.33
6481,249,2.0,45.31,1,82.1,88.5,1207,164.9,74.3,6.61,14.227,12.578,4.196,90.0,92.0,73.0,1586,1,73.1,0.33
6482,250,2.0,45.14,1,82.1,88.5,1207,164.8,74.1,6.58,14.195,12.582,4.196,90.0,91.9,73.0,1586,1,73.0,0.33
6483,250,2.0,45.23,1,82.1,88.6,1207,164.8,74.2,6.56,14.172,12.594,4.196,90.0,91.8,73.0,1586,1,73.0,0.32
6484,250,2.0,45.33,1,82.1,88.6,1208,164.8,74.2,6.69,14.164,12.598,4.196,90.0,91.7,73.0,1586,1,72.9,0.32
6485,250,2.0,45.2,1,82.1,88.6,1208,164.7,74.1,6.61,14.156,12.602,4.196,90.0,91.6,73.0,1586,1,72.9,0.32
6486,250,1.975,45.15,1,82.1,88.5,1208,164.7,74.3,6.57,14.148,12.605,4.196,89.0,91.6,73.0,1586,1,72.8,0.34
6487,251,1.975,45.26,1,82.1,88.6,1208,164.7,74.4,6.6,14.141,12.613,4.196,89.0,91.5,73.0,1586,1,72.8,0.33
6488,251,1.975,45.28,1,82.1,88.6,1208,164.7,74.3,6.65,14.133,12.621,4.196,89.0,91.4,73.0,1586,1,72.7,0.33
6489,251,1.975,45.19,1,82.1,88.6,1207,164.7,74.2,6.52,14.125,12.629,4.196,89.0,91.3,73.0,1587,1,72.7,0.33
6490,252,1.975,45.16,1,81.8,88.3,1206,164.7,74.1,5.62,14.117,12.633,4.196,89.0,91.3,73.0,1587,1,72.6,0.33
6491,252,1.975,45.04,1,80.9,88.0,1203,164.7,73.9,4.85,14.109,12.641,4.196,88.0,91.2,73.0,1587,1,72.6,0.33
6492,252,1.975,45.04,1,80.5,87.9,1196,164.7,73.8,4.8,14.094,12.648,4.196,89.0,91.2,73.0,1587,1,72.6,0.33
6493,252,1.95,45.02,1,80.30000000000001,87.9,1192,164.8,73.7,4.81,14.086,12.652,4.196,88.0,91.1,73.0,1587,1,72.5,0.32
6494,252,1.95,45.11,1,80.30000000000001,87.9,1190,164.9,73.7,4.82,14.078,12.66,4.196,88.0,91.0,73.0,1587,1,72.4,0.34
6495,252,1.95,45.05,1,80.30000000000001,87.9,1188,165.0,73.6,4.77,14.07,12.668,4.196,88.0,91.0,73.0,1587,1,72.4,0.33
6496,252,1.95,45.13,1,80.2,87.9,1187,165.0,73.5,4.77,14.07,12.672,4.196,88.0,90.9,73.0,1587,1,72.3,0.32
6497,252,1.95,45.0,1,80.30000000000001,87.9,1186,165.2,73.7,4.77,14.062,12.676,4.196,88.0,90.9,73.0,1587,1,72.3,0.32
6498,253,1.95,45.09,1,80.30000000000001,87.9,1186,165.3,73.8,4.78,14.07,12.684,4.196,88.0,90.8,73.0,1587,1,72.2,0.32
6499,253,1.925,44.99,1,80.2,87.8,1186,165.3,73.7,4.38,14.078,12.691,4.196,88.0,90.7,73.0,1587,1,72.2,0.33
6500,253,1.925,45.04,1,79.60000000000001,87.6,1184,165.4,73.5,4.03,14.086,12.699,4.196,88.0,90.7,73.0,1587,1,72.1,0.32
6501,253,1.925,44.96,1,79.4,87.6,1180,165.6,73.5,4.05,14.086,12.703,4.196,88.0,90.6,73.0,1587,1,72.1,0.33
6502,253,1.925,45.03,1,79.3,87.5,1177,165.8,73.4,4.1,14.086,12.711,4.196,88.0,90.6,73.0,1587,1,72.0,0.32
6503,253,1.925,44.86,1,79.4,87.5,1176,165.9,73.3,4.01,14.094,12.715,4.196,88.0,90.6,73.0,1587,1,72.0,0.32
6504,253,1.925,44.9,1,79.2,87.4,1175,166.1,73.2,3.48,14.102,12.727,4.196,88.0,90.5,73.0,1587,1,71.9,0.33
6505,253,1.925,44.78,1,78.60000000000001,87.2,1172,166.3,73.2,3.21,14.117,12.73,4.196,88.0,90.4,73.0,1587,1,71.9,0.32
6506,253,1.9,44.88,1,78.2,87.1,1167,166.4,73.0,3.09,14.133,12.73,4.196,88.0,90.4,73.0,1587,1,71.8,0.31
6507,253,1.9,44.86,1,78.10000000000001,87.1,1165,166.5,72.9,3.14,14.133,12.734,4.196,88.0,90.3,73.0,1587,1,71.8,0.32
6508,253,1.9,44.94,1,78.2,87.1,1164,166.7,73.2,3.1,14.141,12.738,4.196,88.0,90.3,73.0,1587,1,71.7,0.32
6509,253,1.9,44.91,1,78.2,87.1,1162,166.9,73.1,3.12,14.164,12.746,4.196,88.0,90.2,73.0,1587,1,71.7,0.32
6510,253,1.9,44.96,1,78.10000000000001,87.1,1161,166.9,73.2,3.18,14.188,12.75,4.196,88.0,90.2,73.0,1587,1,71.6,0.32
6511,252,1.9,44.84,1,78.10000000000001,87.1,1161,167.1,73.1,3.12,14.219,12.758,4.196,88.0,90.1,73.0,1587,1,71.6,0.32
6512,252,1.9,44.92,1,78.2,87.2,1161,167.2,73.0,3.2,14.266,12.766,4.196,88.0,90.1,73.0,1587,1,71.5,0.32
6513,252,1.875,44.89,1,78.2,87.1,1161,167.4,73.0,3.2,14.305,12.773,4.196,88.0,90.1,73.0,1587,1,71.5,0.32
6514,252,1.875,44.84,1,78.10000000000001,87.0,1162,167.5,72.9,2.48,14.359,12.785,4.196,88.0,90.0,73.0,1587,1,71.4,0.32
6515,252,1.875,44.7,1,77.10000000000001,86.6,1159,167.6,72.7,1.63,14.422,12.789,4.196,87.0,90.0,73.0,1587,1,71.4,0.32
6516,252,1.875,44.77,1,76.3,86.4,1153,167.8,72.4,1.41,14.5,12.801,4.196,87.0,89.9,73.0,1587,1,71.3,0.31
6517,251,1.875,44.67,1,76.0,86.3,1146,167.9,72.4,1.38,14.57,12.809,4.196,88.0,89.9,73.0,1587,1,71.2,0.31
6518,251,1.875,44.7,1,75.8,86.2,1141,168.0,72.2,0.69,14.641,12.809,4.196,88.0,89.8,73.0,1588,1,71.2,0.33
6519,251,1.85,44.53,1,75.0,85.8,1135,168.2,71.9,0.12,14.711,12.809,4.196,87.0,89.8,73.0,1588,1,71.2,0.32
6520,250,1.85,44.6,1,74.4,85.7,1128,168.4,71.9,0.06,14.75,12.812,4.196,87.0,89.7,73.0,1588,1,71.1,0.31
6521,250,1.85,44.61,1,74.3,85.7,1122,168.6,72.0,0.02,14.797,12.812,4.196,87.0,89.7,73.0,1588,1,71.1,0.32
6522,249,1.85,44.6,1,74.3,85.7,1119,168.7,72.1,0.44,14.836,12.812,4.196,87.0,89.6,73.0,1588,1,71.0,0.32
6523,249,1.85,44.7,1,75.1,86.1,1119,168.8,72.2,1.59,14.867,12.809,4.197,87.0,89.6,73.0,1588,1,71.0,0.32
6524,249,1.85,44.89,1,76.3,86.7,1125,169.0,72.5,2.73,14.891,12.809,4.196,87.0,89.6,73.0,1588,1,70.9,0.32
6525,249,1.85,44.85,1,77.7,87.2,1135,169.1,72.9,3.91,14.914,12.809,4.196,87.0,89.5,73.0,1588,1,70.8,0.33
6526,249,1.825,45.04,1,79.10000000000001,87.7,1148,169.3,73.3,4.87,14.938,12.812,4.196,87.0,89.5,73.0,1588,1,70.8,0.33
6527,249,1.825,45.05,1,79.9,87.9,1161,169.3,73.6,5.01,14.961,12.812,4.196,87.0,89.5,73.0,1588,1,70.7,0.33
6528,249,1.825,45.01,1,80.2,88.0,1170,169.5,73.8,5.14,14.984,12.82,4.196,87.0,89.4,73.0,1588,1,70.7,0.33
6529,249,1.825,45.03,1,80.30000000000001,88.0,1176,169.5,73.9,4.92,15.0,12.824,4.196,87.0,89.4,73.0,1588,1,70.6,0.33
6530,249,1.825,45.09,1,80.2,88.0,1178,169.5,73.8,5.48,15.016,12.832,4.196,87.0,89.4,73.0,1588,1,70.6,0.33
6531,250,1.825,45.07,1,80.7,88.2,1182,169.6,74.1,5.8,15.039,12.836,4.196,87.0,89.4,73.0,1588,1,70.5,0.33
6532,250,1.8,45.24,1,81.2,88.4,1186,169.4,74.3,6.61,15.062,12.844,4.196,87.0,89.3,73.0,1588,1,70.5,0.33
6533,250,1.8,45.21,1,81.8,88.6,1192,169.2,74.3,6.71,15.094,12.848,4.196,87.0,89.3,73.0,1588,1,70.4,0.33
6534,250,1.8,45.11,1,81.8,88.6,1197,169.0,74.2,6.78,15.125,12.859,4.196,87.0,89.3,73.0,1588,1,70.4,0.33
6535,250,1.8,45.23,1,81.89999999999999,88.6,1201,168.8,74.3,6.75,15.164,12.867,4.196,87.0,89.3,73.0,1588,1,70.3,0.33
6536,250,1.8,45.21,1,81.89999999999999,88.6,1203,168.7,74.3,6.76,15.203,12.875,4.196,87.0,89.3,73.0,1588,1,70.3,0.33
6537,251,1.8,45.19,1,81.89999999999999,88.6,1204,168.6,74.2,6.81,15.25,12.883,4.196,87.0,89.3,73.0,1588,1,70.2,0.34
6538,251,1.8,45.14,1,81.8,88.5,1205,168.4,74.1,5.78,15.289,12.891,4.196,87.0,89.3,73.0,1588,1,70.2,0.32
6539,251,1.8,44.99,1,80.4,87.8,1202,168.3,73.9,3.81,15.32,12.898,4.196,87.0,89.3,73.0,1588,1,70.1,0.32
6540,251,1.775,44.77,1,78.60000000000001,87.2,1190,168.2,73.3,3.02,15.352,12.902,4.197,87.0,89.2,73.0,1588,1,70.1,0.32
6541,251,1.775,44.82,1,77.7,87.0,1177,168.0,73.0,2.87,15.383,12.906,4.196,87.0,89.2,73.0,1588,1,70.1,0.32
6542,251,1.775,44.9,1,77.60000000000001,87.0,1169,167.9,72.9,2.8,15.406,12.91,4.196,87.0,89.2,73.0,1588,1,70.0,0.32
6543,251,1.775,44.83,1,77.5,86.9,1164,168.0,72.5,2.81,15.43,12.918,4.196,87.0,89.2,73.0,1588,1,70.0,0.31
6544,250,1.775,44.84,1,77.4,86.9,1160,168.1,72.7,2.88,15.445,12.918,4.196,87.0,89.2,73.0,1588,1,69.9,0.32
6545,250,1.775,44.82,1,77.5,86.9,1158,168.0,72.9,2.89,15.461,12.922,4.196,87.0,89.2,73.0,1588,1,69.9,0.32
6546,250,1.775,44.83,1,77.5,87.0,1157,168.0,72.8,2.88,15.484,12.926,4.197,87.0,89.2,73.0,1588,1,69.8,0.32
6547,250,1.775,44.81,1,77.5,86.9,1157,168.1,72.7,2.85,15.5,12.926,4.197,87.0,89.2,73.0,1589,1,69.8,0.31
6548,250,1.75,44.82,1,77.5,86.9,1156,168.3,72.7,2.87,15.523,12.926,4.196,87.0,89.2,73.0,1589,1,69.7,0.32
6549,251,1.75,44.81,1,77.5,87.0,1156,168.4,72.9,2.92,15.539,12.926,4.196,87.0,89.2,73.0,1589,1,69.7,0.33
6550,251,1.75,44.84,1,77.5,87.0,1156,168.5,72.9,3.0,15.562,12.926,4.197,87.0,89.1,73.0,1589,1,69.6,0.33
6551,251,1.75,44.91,1,77.9,87.2,1156,168.6,73.1,4.04,15.578,12.93,4.196,87.0,89.1,73.0,1589,1,69.6,0.33
6552,251,1.75,45.04,1,79.0,87.7,1160,168.7,73.6,4.93,15.602,12.934,4.196,87.0,89.1,73.0,1589,1,69.5,0.32
6553,251,1.75,45.05,1,79.80000000000001,87.9,1168,168.8,73.8,5.01,15.633,12.941,4.197,87.0,89.1,73.0,1589,1,69.5,0.33
6554,251,1.75,44.97,1,80.0,87.9,1176,168.8,73.6,5.07,15.672,12.949,4.197,87.0,89.1,73.0,1589,1,69.4,0.31
6555,251,1.725,44.95,1,80.0,88.0,1180,168.9,73.6,5.1,15.711,12.957,4.196,87.0,89.1,73.0,1589,1,69.4,0.33
6556,251,1.725,45.02,1,80.10000000000001,88.0,1183,168.9,73.8,5.02,15.742,12.961,4.196,87.0,89.1,73.0,1589,1,69.3,0.32
6557,252,1.725,45.07,1,80.0,88.0,1184,168.9,73.7,5.11,15.781,12.965,4.196,87.0,89.1,73.0,1589,1,69.3,0.33
6558,252,1.725,44.99,1,80.10000000000001,88.0,1185,168.9,73.7,5.11,15.828,12.977,4.197,87.0,89.2,73.0,1589,1,69.3,0.33
6559,252,1.725,44.98,1,80.0,87.9,1186,168.9,73.8,4.48,15.859,12.98,4.196,87.0,89.2,73.0,1589,1,69.2,0.32
6560,252,1.725,44.97,1,79.10000000000001,87.5,1183,168.9,73.5,3.5,15.891,12.988,4.196,87.0,89.2,73.0,1589,1,69.2,0.32
6561,252,1.725,44.84,1,78.2,87.2,1177,168.8,73.1,3.34,15.922,12.992,4.196,87.0,89.2,73.0,1589,1,69.1,0.33
6562,252,1.725,44.79,1,78.0,87.2,1170,168.8,73.3,3.28,15.945,13.0,4.196,87.0,89.2,73.0,1589,1,69.1,0.32
6563,252,1.725,44.84,1,77.9,87.1,1166,168.7,73.3,3.25,15.969,13.008,4.196,87.0,89.2,73.0,1589,1,69.0,0.33
6564,252,1.7,44.86,1,77.9,87.2,1163,168.8,73.1,3.29,15.992,13.008,4.197,87.0,89.2,73.0,1589,1,69.0,0.31
6565,252,1.7,44.9,1,77.8,87.1,1162,168.8,73.0,3.22,16.008,13.012,4.196,87.0,89.2,73.0,1589,1,69.0,0.32
6566,252,1.7,44.86,1,77.8,87.1,1162,168.8,73.1,3.01,16.016,13.016,4.197,87.0,89.2,73.0,1589,1,68.9,0.33
6567,252,1.7,44.74,1,77.3,86.8,1160,168.8,73.0,2.02,16.039,13.023,4.196,87.0,89.2,73.0,1589,1,68.8,0.3
6568,252,1.7,44.72,1,76.2,86.4,1153,168.8,72.5,1.53,16.055,13.027,4.197,87.0,89.2,73.0,1589,1,68.8,0.29
6569,251,1.7,44.66,1,75.7,86.3,1145,168.9,72.4,1.5,16.07,13.027,4.196,87.0,89.3,73.0,1589,1,68.8,0.24
6570,251,1.7,44.61,1,75.6,86.3,1141,169.0,72.4,1.4,16.086,13.027,4.196,87.0,89.3,73.0,1589,1,68.7,0.2
6571,251,1.675,44.64,1,75.5,86.2,1138,169.2,72.2,1.36,16.086,13.027,4.196,87.0,89.3,73.0,1589,1,68.7,0.22
6572,251,1.675,44.68,1,75.6,86.3,1136,169.4,72.1,1.56,16.094,13.027,4.196,87.0,89.3,73.0,1590,1,68.7,0.22
6573,251,1.675,44.7,1,75.9,86.5,1135,169.5,72.4,2.32,16.102,13.027,4.196,87.0,89.3,73.0,1590,1,68.6,0.21
6574,251,1.675,44.91,1,76.8,87.0,1139,169.6,72.6,3.51,16.102,13.031,4.197,87.0,89.4,73.0,1590,1,68.6,0.21
6575,251,1.675,45.0,1,78.2,87.5,1148,169.7,73.1,4.37,16.109,13.035,4.196,87.0,89.4,73.0,1590,1,68.5,0.19
6576,251,1.675,44.91,1,79.0,87.6,1158,169.8,73.6,4.48,16.133,13.039,4.196,87.0,89.5,73.0,1590,1,68.5,0.19
6577,251,1.675,44.97,1,79.2,87.7,1165,169.9,73.5,4.75,16.148,13.043,4.196,87.0,89.5,73.0,1590,1,68.4,0.21
6578,251,1.65,45.0,1,79.5,87.8,1171,169.9,73.6,4.75,16.172,13.051,4.197,87.0,89.6,73.0,1590,1,68.4,0.18
6579,251,1.65,45.04,1,79.60000000000001,87.8,1175,170.0,73.5,4.72,16.195,13.059,4.196,87.0,89.7,73.0,1590,1,68.4,0.17
6580,251,1.65,45.03,1,79.60000000000001,87.9,1177,170.1,73.7,4.8,16.219,13.07,4.196,87.0,89.7,73.0,1590,1,68.3,0.17
6581,252,1.65,44.92,1,79.60000000000001,87.8,1178,170.1,73.5,4.77,16.258,13.078,4.197,88.0,89.8,73.0,1590,1,68.3,0.17
6582,252,1.65,44.94,1,79.60000000000001,87.8,1179,170.0,73.6,4.82,16.289,13.078,4.197,88.0,89.9,73.0,1590,1,68.2,0.17
6583,252,1.65,44.94,1,79.60000000000001,87.8,1180,169.9,73.8,4.82,16.328,13.09,4.196,88.0,89.9,73.0,1590,1,68.2,0.16
6584,252,1.65,45.04,1,79.60000000000001,87.8,1181,169.9,73.5,4.77,16.359,13.098,4.196,88.0,90.0,73.0,1590,1,68.2,0.16
6585,252,1.65,44.97,1,79.5,87.8,1181,169.7,73.5,4.31,16.391,13.105,4.196,88.0,90.1,73.0,1590,1,68.1,0.17
6586,252,1.625,44.82,1,78.8,87.4,1179,169.7,73.3,3.32,16.43,13.109,4.197,88.0,90.2,73.0,1590,1,68.1,0.16
6587,252,1.625,44.89,1,77.7,87.1,1172,169.6,73.2,2.92,16.461,13.113,4.196,88.0,90.2,73.0,1590,1,68.1,0.13
6588,252,1.625,44.8,1,77.2,86.9,1165,169.5,72.8,2.89,16.484,13.113,4.196,88.0,90.3,73.0,1590,1,68.0,0.14
6589,252,1.625,44.74,1,77.2,87.0,1160,169.6,72.8,2.83,16.5,13.117,4.196,88.0,90.4,73.0,1590,1,68.0,0.14
6590,252,1.625,44.77,1,77.2,86.9,1157,169.6,72.8,2.88,16.516,13.125,4.196,88.0,90.5,73.0,1590,1,67.9,0.13
6591,252,1.625,44.78,1,77.2,86.9,1155,169.6,72.9,2.86,16.539,13.129,4.196,88.0,90.5,73.0,1590,1,67.9,0.13
6592,252,1.625,44.75,1,77.2,87.0,1155,169.4,73.0,2.8,16.57,13.133,4.197,88.0,90.6,73.0,1590,1,67.9,0.13
6593,252,1.625,44.76,1,77.10000000000001,86.9,1155,169.5,72.8,2.85,16.602,13.137,4.197,88.0,90.6,73.0,1590,1,67.8,0.13
6594,251,1.6,44.78,1,77.10000000000001,86.9,1155,169.5,72.9,2.87,16.641,13.145,4.197,89.0,90.7,73.0,1590,1,67.8,0.12
6595,251,1.6,44.71,1,77.2,87.0,1154,169.6,72.9,2.79,16.672,13.145,4.196,88.0,90.8,73.0,1590,1,67.7,0.12
6596,251,1.6,44.77,1,77.10000000000001,86.9,1154,169.7,73.1,2.83,16.703,13.148,4.196,88.0,90.9,73.0,1591,1,67.7,0.12
6597,251,1.6,44.79,1,77.10000000000001,86.9,1153,169.8,73.0,2.91,16.734,13.152,4.197,89.0,90.9,73.0,1591,1,67.7,0.12
6598,251,1.6,44.88,1,77.4,87.1,1153,169.9,73.1,3.71,16.766,13.16,4.196,89.0,91.0,73.0,1591,1,67.7,0.12
6599,251,1.6,44.91,1,78.2,87.4,1156,170.0,73.2,4.22,16.797,13.168,4.197,89.0,91.0,73.0,1591,1,67.6,0.11
6600,251,1.6,44.96,1,78.60000000000001,87.6,1162,170.0,73.3,4.27,16.836,13.168,4.197,89.0,91.1,73.0,1591,1,67.6,0.11
6601,251,1.575,44.92,1,78.7,87.6,1166,170.1,73.4,4.29,16.891,13.176,4.197,89.0,91.2,73.0,1591,1,67.6,0.11
6602,251,1.575,44.96,1,78.7,87.6,1169,170.2,73.6,4.22,16.93,13.18,4.196,89.0,91.2,73.0,1591,1,67.5,0.11
6603,251,1.575,44.82,1,78.7,87.6,1170,170.2,73.3,4.12,16.961,13.184,4.197,90.0,91.3,73.0,1591,1,67.5,0.12
6604,251,1.575,44.91,1,78.60000000000001,87.6,1170,170.2,73.4,4.2,17.0,13.188,4.197,89.0,91.3,73.0,1591,1,67.5,0.12
6605,251,1.575,44.88,1,78.60000000000001,87.5,1171,170.3,73.6,4.11,17.031,13.191,4.197,90.0,91.3,73.0,1591,1,67.4,0.12
6606,251,1.575,44.93,1,78.60000000000001,87.6,1171,170.3,73.3,4.16,17.07,13.203,4.196,90.0,91.4,73.0,1591,1,67.4,0.12
6607,251,1.575,44.97,1,78.60000000000001,87.5,1171,170.2,73.4,4.15,17.102,13.211,4.196,90.0,91.4,73.0,1591,1,67.4,0.11
6608,251,1.575,44.91,1,78.4,87.4,1171,170.3,73.4,3.62,17.141,13.219,4.197,90.0,91.5,73.0,1591,1,67.3,0.12
6609,251,1.55,44.64,1,77.7,87.0,1169,170.2,73.3,2.56,17.18,13.223,4.196,90.0,91.5,73.0,1591,1,67.3,0.11
6610,251,1.55,44.65,1,76.4,86.5,1161,170.2,72.7,1.36,17.211,13.227,4.196,90.0,91.6,73.0,1591,1,67.3,0.12
6611,250,1.55,44.63,1,75.2,86.1,1151,170.2,72.1,1.03,17.242,13.23,4.196,90.0,91.6,73.0,1591,1,67.2,0.12
6612,250,1.55,44.6,1,74.9,86.1,1141,170.2,72.2,1.02,17.258,13.23,4.197,90.0,91.7,73.0,1591,1,67.2,0.12
6613,250,1.55,44.59,1,74.8,86.1,1135,170.3,71.9,1.08,17.273,13.23,4.196,90.0,91.7,73.0,1591,1,67.2,0.13
6614,250,1.55,44.57,1,74.8,86.1,1131,170.4,71.9,1.03,17.281,13.234,4.196,90.0,91.7,73.0,1591,1,67.1,0.12
6615,249,1.55,44.61,1,74.8,86.1,1129,170.5,72.0,1.09,17.281,13.242,4.197,90.0,91.8,73.0,1591,1,67.1,0.12
6616,249,1.525,44.71,1,74.7,86.1,1129,170.6,72.2,1.07,17.297,13.246,4.197,90.0,91.8,73.0,1591,1,67.1,0.12
6617,249,1.525,44.62,1,74.7,86.1,1128,170.7,72.2,1.08,17.32,13.246,4.197,90.0,91.8,73.0,1591,1,67.0,0.12
6618,249,1.525,44.67,1,74.8,86.2,1128,170.8,72.3,1.68,17.344,13.25,4.197,90.0,91.9,73.0,1591,1,67.0,0.12
6619,248,1.525,44.64,1,75.6,86.6,1130,170.9,72.6,2.57,17.375,13.25,4.196,90.0,91.9,73.0,1592,1,67.0,0.13
6620,248,1.525,44.76,1,76.6,86.9,1136,171.0,72.7,3.05,17.406,13.258,4.197,90.0,91.9,73.0,1592,1,67.0,0.12
6621,248,1.525,44.76,1,77.0,87.0,1144,171.2,72.7,3.06,17.445,13.262,4.197,90.0,91.9,73.0,1592,1,66.9,0.11
6622,248,1.525,44.71,1,77.10000000000001,87.0,1148,171.2,73.0,3.03,17.484,13.266,4.197,90.0,92.0,73.0,1592,1,66.9,0.13
6623,248,1.5,44.84,1,77.10000000000001,87.0,1151,171.3,72.9,3.07,17.523,13.273,4.196,90.0,92.0,73.0,1592,1,66.9,0.13
6624,248,1.5,44.75,1,77.10000000000001,87.0,1153,171.5,73.0,2.93,17.562,13.281,4.197,90.0,92.0,73.0,1592,1,66.8,0.12
6625,248,1.5,44.73,1,76.8,86.8,1154,171.5,72.8,2.09,17.609,13.285,4.196,90.0,92.1,73.0,1592,1,66.8,0.12
6626,248,1.5,44.68,1,76.0,86.5,1150,171.5,72.5,1.86,17.648,13.289,4.197,90.0,92.1,73.0,1592,1,66.8,0.12
6627,247,1.5,44.62,1,75.7,86.5,1144,171.5,72.5,1.85,17.695,13.293,4.197,90.0,92.1,73.0,1592,1,66.8,0.13
6628,247,1.5,44.69,1,75.6,86.5,1142,171.4,72.3,1.86,17.719,13.297,4.197,90.0,92.2,73.0,1592,1,66.7,0.13
6629,247,1.5,44.66,1,75.6,86.4,1140,171.4,72.4,1.74,17.758,13.297,4.197,90.0,92.2,73.0,1592,1,66.7,0.12
6630,247,1.5,44.62,1,75.5,86.4,1139,171.4,72.5,1.73,17.789,13.301,4.197,90.0,92.2,73.0,1592,1,66.7,0.11
6631,246,1.475,44.65,1,75.5,86.4,1138,171.4,72.5,1.83,17.812,13.301,4.196,91.0,92.3,73.0,1592,1,66.7,0.12
6632,246,1.475,44.61,1,75.5,86.4,1137,171.4,72.3,1.83,17.844,13.301,4.197,90.0,92.3,73.0,1592,1,66.6,0.12
6633,246,1.475,44.67,1,75.5,86.4,1138,171.5,72.5,1.48,17.867,13.301,4.196,90.0,92.3,73.0,1592,1,66.6,0.12
6634,246,1.475,44.52,1,74.9,86.0,1137,171.6,72.2,0.08,17.883,13.305,4.197,90.0,92.3,73.0,1592,1,66.6,0.11
6635,246,1.475,44.4,1,73.1,85.1,1129,171.6,71.7,-2.19,17.898,13.309,4.196,91.0,92.4,73.0,1592,1,66.6,0.12
6636,245,1.475,44.23,1,70.5,84.0,1111,171.7,70.9,-4.29,17.906,13.309,4.197,90.0,92.4,73.0,1592,1,66.6,0.11
6637,245,1.475,44.12,1,67.9,83.1,1085,171.8,70.1,-5.51,17.898,13.313,4.197,91.0,92.4,73.0,1592,1,66.5,0.1
6638,244,1.45,44.05,1,65.8,82.19999999999999,1058,171.9,69.5,-6.77,17.883,13.313,4.196,90.0,92.5,73.0,1592,1,66.5,0.1
6639,243,1.45,43.81,1,63.9,81.5,1033,172.2,68.9,-7.88,17.867,13.309,4.197,91.0,92.5,73.0,1592,1,66.5,0.1
6640,242,1.45,43.77,1,62.2,80.7,1010,172.5,68.6,-9.07,17.836,13.309,4.197,91.0,92.5,73.0,1592,1,66.4,0.11
6641,241,1.45,43.7,1,60.5,80.0,988,172.7,68.1,-10.25,17.812,13.301,4.197,91.0,92.5,73.0,1593,1,66.4,0.1
6642,240,1.45,43.68,1,58.199999999999996,78.8,967,173.0,67.5,-10.8,17.781,13.297,4.197,91.0,92.6,73.0,1593,1,66.4,0.1
6643,239,1.45,43.62,1,56.89999999999999,78.5,946,173.4,67.3,-10.93,17.734,13.293,4.197,91.0,92.6,73.0,1593,1,66.4,0.11
6644,238,1.425,43.66,1,56.49999999999999,78.5,932,173.7,67.2,-11.11,17.703,13.289,4.197,91.0,92.6,73.0,1593,1,66.4,0.11
6645,237,1.425,43.48,1,55.400000000000006,77.60000000000001,921,174.2,66.9,-11.98,17.664,13.285,4.197,91.0,92.6,73.0,1593,1,66.4,0.11
6646,236,1.425,43.43,1,53.400000000000006,76.3,905,174.5,66.2,-13.07,17.625,13.281,4.197,91.0,92.7,73.0,1593,1,66.3,0.11
6647,235,1.425,43.81,1,50.6,74.6,885,175.0,65.4,-13.6,17.594,13.277,4.197,91.0,92.7,73.0,1593,1,66.3,0.11
6648,234,1.425,43.85,1,49.1,74.3,870,175.5,65.0,-13.62,17.57,13.273,4.197,91.0,92.7,73.0,1593,1,66.3,0.11
6649,233,1.425,43.94,1,48.6,74.2,866,176.0,65.0,-13.67,17.547,13.27,4.197,91.0,92.7,73.0,1593,1,66.3,0.11
6650,232,1.4,43.9,1,48.4,74.2,866,176.5,65.1,-13.55,17.531,13.262,4.196,91.0,92.8,73.0,1593,1,66.2,0.11
6651,230,1.4,43.86,1,48.5,74.3,867,177.0,65.0,-13.64,17.508,13.258,4.197,91.0,92.8,73.0,1593,1,66.2,0.11
6652,229,1.4,43.86,1,48.5,74.3,867,177.4,65.1,-13.73,17.492,13.254,4.197,91.0,92.8,73.0,1593,1,66.2,0.13
6653,228,1.4,43.94,1,48.8,74.8,866,177.9,65.1,-12.64,17.477,13.246,4.197,91.0,92.9,73.0,1593,1,66.2,0.12
6654,227,1.4,43.69,1,51.0,76.7,876,178.4,66.2,-11.33,17.461,13.242,4.197,91.0,92.9,73.0,1593,1,66.2,0.12
6655,226,1.4,43.72,1,54.400000000000006,78.60000000000001,899,178.8,67.0,-10.29,17.453,13.238,4.197,91.0,92.9,73.0,1593,1,66.1,0.12
6656,225,1.4,43.8,1,56.99999999999999,79.2,918,179.2,67.6,-10.06,17.445,13.238,4.197,91.0,92.9,73.0,1593,1,66.1,0.12
6657,225,1.375,43.8,1,58.099999999999994,79.5,922,179.8,67.7,-9.93,17.438,13.234,4.197,91.0,92.9,73.0,1593,1,66.1,0.11
6658,224,1.375,43.8,1,58.5,79.60000000000001,923,180.2,68.0,-9.98,17.438,13.238,4.197,91.0,93.0,73.0,1593,1,66.1,0.11
6659,223,1.375,43.74,1,58.5,79.5,922,180.5,67.9,-10.02,17.43,13.238,4.197,91.0,93.0,73.0,1593,1,66.1,0.1
6660,223,1.375,43.82,1,58.4,79.5,920,180.8,67.8,-10.14,17.422,13.238,4.197,91.0,93.0,73.0,1593,1,66.0,0.11
6661,222,1.375,43.79,1,58.3,79.5,918,181.1,67.9,-9.94,17.422,13.238,4.197,91.0,93.0,73.0,1593,1,66.0,0.11
6662,221,1.375,43.84,1,58.4,79.5,919,181.3,68.0,-10.0,17.422,13.234,4.197,91.0,93.0,73.0,1594,1,66.0,0.12
6663,221,1.35,43.75,1,58.3,79.5,920,181.4,67.9,-10.03,17.414,13.234,4.197,91.0,93.0,73.0,1594,1,66.0,0.11
6664,220,1.35,43.91,1,58.5,79.7,920,181.5,67.9,-9.41,17.414,13.23,4.197,91.0,93.0,73.0,1594,1,66.0,0.11
6665,220,1.35,43.85,1,59.699999999999996,80.4,926,181.5,68.2,-9.03,17.422,13.23,4.197,91.0,93.0,73.0,1594,1,66.0,0.11
6666,219,1.35,43.95,1,60.5,80.5,935,181.4,68.4,-8.87,17.422,13.23,4.197,91.0,93.0,73.0,1594,1,65.9,0.12
6667,219,1.35,43.96,1,61.1,80.9,942,181.4,68.5,-7.86,17.414,13.23,4.197,91.0,93.0,73.0,1594,1,65.9,0.12
6668,218,1.35,44.11,1,62.2,81.39999999999999,952,181.3,68.9,-7.43,17.414,13.23,4.197,91.0,93.0,73.0,1594,1,65.9,0.11
6669,218,1.35,44.13,1,62.8,81.5,962,181.2,69.1,-7.35,17.414,13.23,4.197,91.0,93.0,73.0,1594,1,65.9,0.12
6670,218,1.325,44.11,1,63.0,81.5,968,181.1,69.2,-7.33,17.414,13.234,4.197,91.0,93.0,73.0,1594,1,65.9,0.12
6671,218,1.325,44.09,1,63.0,81.5,972,181.0,69.2,-7.41,17.406,13.238,4.197,91.0,93.0,73.0,1594,1,65.8,0.13
6672,217,1.325,44.07,1,63.0,81.5,974,180.9,69.3,-7.37,17.398,13.242,4.197,91.0,93.0,73.0,1594,1,65.8,0.12
6673,217,1.325,44.07,1,63.0,81.5,976,180.8,69.3,-7.25,17.398,13.242,4.197,91.0,93.0,73.0,1594,1,65.8,0.12
6674,217,1.325,44.25,1,63.5,81.89999999999999,978,180.7,69.4,-6.37,17.398,13.246,4.197,91.0,93.0,73.0,1594,1,65.8,0.12
6675,217,1.325,44.24,1,64.60000000000001,82.3,986,180.5,69.6,-6.11,17.398,13.246,4.197,91.0,93.0,73.0,1594,1,65.8,0.12
6676,216,1.325,44.32,1,64.9,82.39999999999999,993,180.4,69.6,-6.1,17.398,13.25,4.197,91.0,93.0,73.0,1594,1,65.8,0.13
6677,216,1.3,44.29,1,65.0,82.39999999999999,998,180.2,69.8,-6.1,17.406,13.25,4.197,91.0,93.0,73.0,1594,1,65.8,0.12
6678,216,1.3,44.23,1,65.10000000000001,82.39999999999999,1002,180.0,69.8,-6.26,17.414,13.254,4.197,91.0,93.0,73.0,1594,1,65.7,0.12
6679,216,1.3,44.33,1,65.2,82.6,1003,179.8,69.7,-5.36,17.422,13.254,4.197,91.0,93.1,73.0,1594,1,65.7,0.12
6680,216,1.3,44.41,1,66.3,83.0,1009,179.7,70.0,-4.84,17.438,13.258,4.197,91.0,93.1,73.0,1594,1,65.7,0.13
6681,216,1.3,44.44,1,66.9,83.2,1018,179.5,70.1,-4.82,17.453,13.266,4.197,91.0,93.1,73.0,1594,1,65.7,0.14
6682,216,1.3,44.45,1,67.0,83.2,1024,179.3,70.3,-4.91,17.477,13.27,4.197,91.0,93.1,73.0,1595,1,65.7,0.13
6683,216,1.3,44.4,1,67.0,83.1,1027,179.1,70.2,-4.92,17.492,13.273,4.197,91.0,93.2,73.0,1595,1,65.7,0.13
6684,216,1.275,44.4,1,67.0,83.2,1029,178.9,70.0,-4.86,17.516,13.277,4.197,91.0,93.2,73.0,1595,1,65.7,0.13
6685,216,1.275,44.43,1,67.10000000000001,83.2,1031,178.7,70.3,-4.55,17.531,13.277,4.197,92.0,93.2,73.0,1595,1,65.6,0.13
6686,216,1.275,44.55,1,67.80000000000001,83.6,1034,178.5,70.5,-3.84,17.547,13.281,4.197,91.0,93.3,73.0,1595,1,65.6,0.13
6687,216,1.275,44.61,1,68.7,83.89999999999999,1042,178.2,70.7,-3.59,17.57,13.289,4.197,92.0,93.3,73.0,1595,1,65.6,0.13
6688,216,1.275,44.55,1,69.1,84.1,1049,178.0,70.8,-3.43,17.578,13.297,4.197,91.0,93.4,73.0,1595,1,65.6,0.13
6689,216,1.275,44.56,1,69.19999999999999,84.1,1054,177.7,70.8,-3.48,17.594,13.305,4.197,91.0,93.4,73.0,1595,1,65.6,0.13
6690,216,1.275,44.56,1,69.1,84.0,1057,177.5,70.8,-4.04,17.617,13.309,4.197,91.0,93.5,73.0,1595,1,65.6,0.13
6691,216,1.275,44.42,1,68.10000000000001,83.39999999999999,1055,177.3,70.4,-4.9,17.633,13.316,4.197,92.0,93.5,73.0,1595,1,65.6,0.12
6692,216,1.25,44.29,1,67.0,83.0,1047,177.1,70.2,-5.21,17.648,13.324,4.197,92.0,93.6,73.0,1595,1,65.6,0.12
6693,216,1.25,44.34,1,66.5,82.89999999999999,1039,176.9,70.2,-5.55,17.672,13.328,4.197,92.0,93.7,73.0,1595,1,65.5,0.12
6694,216,1.25,44.18,1,65.60000000000001,82.39999999999999,1032,176.8,69.9,-6.68,17.688,13.332,4.197,92.0,93.7,73.0,1595,1,65.5,0.12
6695,216,1.25,44.22,1,64.5,82.1,1022,176.6,69.4,-6.69,17.719,13.34,4.197,92.0,93.8,73.0,1595,1,65.5,0.12
6696,215,1.25,44.15,1,64.1,82.0,1014,176.5,69.4,-6.78,17.742,13.344,4.197,92.0,93.8,73.0,1595,1,65.5,0.13
6697,215,1.25,44.16,1,64.0,82.0,1008,176.2,69.4,-6.67,17.773,13.352,4.197,92.0,93.9,73.0,1595,1,65.5,0.13
6698,215,1.25,44.23,1,64.0,81.89999999999999,1006,176.1,69.3,-6.77,17.805,13.355,4.197,92.0,93.9,73.0,1595,1,65.5,0.12
6699,215,1.225,44.18,1,64.0,82.0,1004,176.0,69.3,-6.66,17.828,13.355,4.197,92.0,93.9,73.0,1595,1,65.5,0.12
6700,214,1.225,44.13,1,64.0,81.89999999999999,1003,175.9,69.4,-6.71,17.859,13.359,4.197,92.0,94.0,73.0,1595,1,65.4,0.12
6701,214,1.225,44.16,1,64.0,82.0,1003,175.9,69.4,-6.72,17.898,13.359,4.197,92.0,94.1,73.0,1596,1,65.4,0.13
6702,214,1.225,44.18,1,64.0,82.0,1002,175.9,69.5,-6.71,17.93,13.363,4.197,92.0,94.1,73.0,1596,1,65.4,0.13
6703,214,1.225,44.18,1,64.0,82.0,1002,175.9,69.5,-6.65,17.961,13.363,4.197,92.0,94.2,73.0,1596,1,65.4,0.13
6704,214,1.225,44.2,1,64.0,82.0,1002,175.9,69.3,-6.48,17.992,13.367,4.197,92.0,94.2,73.0,1596,1,65.4,0.12
6705,214,1.225,44.27,1,64.60000000000001,82.39999999999999,1003,176.0,69.6,-5.5,18.016,13.371,4.197,92.0,94.3,73.0,1596,1,65.4,0.12
6706,213,1.2,44.39,1,65.8,82.89999999999999,1011,176.0,69.9,-5.18,18.039,13.375,4.197,92.0,94.3,73.0,1596,1,65.4,0.12
6707,213,1.2,44.42,1,66.4,83.0,1019,176.0,70.1,-4.62,18.07,13.375,4.197,92.0,94.4,73.0,1596,1,65.4,0.12
6708,214,1.2,44.5,1,67.5,83.6,1027,176.1,70.4,-3.52,18.094,13.371,4.197,92.0,94.4,73.0,1596,1,65.4,0.13
6709,214,1.2,44.58,1,69.0,84.2,1040,176.0,70.7,-2.48,18.117,13.379,4.197,92.0,94.5,73.0,1596,1,65.4,0.14
6710,214,1.2,44.68,1,70.5,84.8,1056,176.0,71.1,-1.4,18.133,13.383,4.197,92.0,94.5,73.0,1596,1,65.4,0.14
6711,214,1.2,44.65,1,71.5,85.1,1071,175.8,71.4,-1.31,18.156,13.391,4.197,93.0,94.6,73.0,1596,1,65.3,0.13
6712,214,1.2,44.65,1,71.8,85.1,1082,175.7,71.6,-1.17,18.18,13.395,4.197,92.0,94.6,73.0,1596,1,65.3,0.13
6713,215,1.175,44.65,1,71.8,85.1,1087,175.5,71.5,-1.47,18.203,13.402,4.197,93.0,94.7,73.0,1596,1,65.3,0.14
6714,215,1.175,44.57,1,71.3,84.8,1090,175.3,71.5,-2.39,18.219,13.406,4.197,93.0,94.7,73.0,1596,1,65.3,0.13
6715,215,1.175,44.47,1,70.3,84.39999999999999,1086,175.2,71.2,-3.52,18.227,13.418,4.197,93.0,94.8,73.0,1596,1,65.3,0.12
6716,215,1.175,44.47,1,68.89999999999999,83.8,1077,175.0,70.8,-4.24,18.242,13.422,4.197,93.0,94.9,73.0,1596,1,65.3,0.13
6717,216,1.175,44.4,1,68.0,83.5,1066,174.7,70.4,-4.3,18.25,13.426,4.197,93.0,94.9,73.0,1596,1,65.3,0.12
6718,216,1.175,44.48,1,67.80000000000001,83.5,1059,174.6,70.4,-4.29,18.258,13.43,4.197,93.0,94.9,73.0,1596,1,65.3,0.13
6719,216,1.175,44.44,1,67.80000000000001,83.5,1055,174.4,70.4,-4.23,18.266,13.434,4.197,93.0,95.0,73.0,1597,1,65.3,0.13
6720,216,1.15,44.44,1,67.80000000000001,83.5,1053,174.2,70.5,-4.29,18.281,13.441,4.197,93.0,95.0,73.0,1597,1,65.2,0.12
6721,216,1.15,44.42,1,67.80000000000001,83.6,1052,173.9,70.4,-4.23,18.297,13.445,4.197,93.0,95.1,73.0,1597,1,65.2,0.12
6722,216,1.15,44.44,1,67.80000000000001,83.5,1051,173.7,70.5,-4.08,18.312,13.449,4.197,93.0,95.2,73.0,1597,1,65.2,0.12
6723,216,1.15,44.51,1,68.30000000000001,83.89999999999999,1052,173.6,70.6,-3.11,18.336,13.461,4.197,93.0,95.2,73.0,1597,1,65.2,0.12
6724,216,1.15,44.57,1,69.39999999999999,84.3,1058,173.5,71.0,-2.69,18.375,13.465,4.197,93.0,95.3,73.0,1597,1,65.2,0.12
6725,217,1.15,44.49,1,69.8,84.39999999999999,1066,173.4,71.0,-2.74,18.414,13.465,4.197,93.0,95.3,73.0,1597,1,65.2,0.12
6726,217,1.15,44.56,1,69.89999999999999,84.39999999999999,1071,173.3,70.8,-2.75,18.453,13.469,4.197,94.0,95.3,73.0,1597,1,65.2,0.12
6727,217,1.15,44.52,1,69.89999999999999,84.39999999999999,1073,173.2,71.0,-2.73,18.484,13.48,4.197,93.0,95.4,73.0,1597,1,65.2,0.13
6728,217,1.125,44.5,1,69.89999999999999,84.39999999999999,1074,173.2,71.0,-2.82,18.523,13.488,4.197,93.0,95.4,73.0,1597,1,65.2,0.13
6729,217,1.125,44.4,1,69.39999999999999,84.1,1075,173.2,70.9,-4.29,18.555,13.492,4.197,94.0,95.5,73.0,1597,1,65.2,0.12
6730,218,1.125,44.34,1,67.5,83.2,1067,173.2,70.2,-5.06,18.586,13.496,4.197,93.0,95.5,73.0,1597,1,65.2,0.12
6731,218,1.125,44.42,1,66.5,83.0,1053,173.2,70.2,-5.14,18.609,13.5,4.197,94.0,95.6,73.0,1597,1,65.1,0.12
6732,218,1.125,44.38,1,66.3,83.0,1044,173.2,70.1,-5.15,18.633,13.5,4.197,94.0,95.6,73.0,1597,1,65.1,0.13
6733,218,1.125,44.31,1,66.3,83.0,1040,173.2,69.9,-5.15,18.656,13.504,4.197,94.0,95.7,73.0,1597,1,65.1,0.12
6734,218,1.125,44.36,1,66.3,83.0,1038,173.1,70.0,-5.01,18.688,13.508,4.197,93.0,95.7,73.0,1597,1,65.1,0.12
6735,218,1.1,44.42,1,66.9,83.39999999999999,1038,173.1,70.2,-3.92,18.711,13.508,4.197,94.0,95.8,73.0,1597,1,65.1,0.12
6736,218,1.1,44.52,1,68.4,84.0,1044,173.1,70.5,-2.96,18.727,13.508,4.197,94.0,95.8,73.0,1597,1,65.1,0.13
6737,218,1.1,44.53,1,69.39999999999999,84.3,1056,173.0,70.8,-2.64,18.742,13.512,4.197,94.0,95.9,73.0,1597,1,65.1,0.13
6738,219,1.1,44.58,1,69.8,84.39999999999999,1065,173.1,71.0,-2.7,18.766,13.52,4.197,94.0,95.9,73.0,1597,1,65.1,0.12
6739,219,1.1,44.47,1,69.89999999999999,84.39999999999999,1070,173.0,71.0,-2.64,18.773,13.523,4.197,94.0,95.9,73.0,1597,1,65.1,0.13
6740,219,1.1,44.55,1,70.19999999999999,84.6,1074,173.0,71.2,-1.81,18.789,13.531,4.197,94.0,96.0,73.0,1598,1,65.1,0.13
6741,219,1.075,44.62,1,71.1,85.0,1080,173.1,71.2,-1.33,18.812,13.543,4.197,94.0,96.0,73.0,1598,1,65.1,0.13
6742,219,1.075,44.62,1,71.39999999999999,85.0,1087,173.1,71.5,-1.31,18.828,13.555,4.197,94.0,96.1,73.0,1598,1,65.1,0.13
6743,219,1.075,44.57,1,71.5,85.0,1091,173.1,71.4,-1.39,18.852,13.562,4.197,94.0,96.1,73.0,1598,1,65.1,0.13
6744,220,1.075,44.55,1,71.2,84.89999999999999,1093,173.0,71.5,-2.4,18.875,13.574,4.197,94.0,96.2,73.0,1598,1,65.1,0.13
6745,220,1.075,44.42,1,69.8,84.1,1090,172.8,70.9,-4.35,18.906,13.582,4.197,94.0,96.2,73.0,1598,1,65.1,0.13
6746,220,1.075,44.25,1,67.10000000000001,82.89999999999999,1074,172.7,70.3,-6.05,18.922,13.586,4.197,94.0,96.2,73.0,1598,1,65.1,0.13
6747,220,1.075,44.13,1,64.60000000000001,82.0,1051,172.6,69.5,-7.15,18.93,13.594,4.197,94.0,96.3,73.0,1598,1,65.1,0.13
6748,220,1.05,44.07,1,63.3,81.6,1028,172.6,69.3,-7.31,18.938,13.598,4.197,94.0,96.3,73.0,1598,1,65.1,0.13
6749,219,1.05,44.08,1,62.9,81.6,1013,172.6,69.2,-7.34,18.945,13.602,4.197,94.0,96.3,73.0,1598,1,65.0,0.13
6750,219,1.05,44.08,1,62.7,81.5,1005,172.6,69.1,-7.35,18.961,13.605,4.197,94.0,96.4,73.0,1598,1,65.0,0.13
6751,219,1.05,44.04,1,62.6,81.5,999,172.6,69.0,-7.42,18.969,13.605,4.197,94.0,96.4,73.0,1598,1,65.0,0.13
6752,219,1.05,44.09,1,62.6,81.5,995,172.7,69.1,-7.42,18.977,13.605,4.197,94.0,96.4,73.0,1598,1,65.0,0.13
6753,219,1.05,44.05,1,62.6,81.5,993,172.7,69.1,-7.14,18.984,13.605,4.197,94.0,96.4,73.0,1598,1,65.0,0.13
6754,219,1.05,44.41,1,63.7,82.39999999999999,995,172.8,69.3,-5.16,18.984,13.602,4.197,94.0,96.5,73.0,1598,1,65.0,0.14
6755,218,1.025,44.58,1,66.5,83.6,1009,172.9,70.1,-3.06,19.0,13.605,4.197,94.0,96.5,73.0,1598,1,65.0,0.14
6756,218,1.025,44.64,1,69.39999999999999,84.6,1033,173.0,70.8,-1.45,19.023,13.617,4.197,94.0,96.5,73.0,1598,1,65.0,0.14
6757,218,1.025,44.68,1,71.2,85.1,1058,173.1,71.4,-0.95,19.047,13.625,4.197,94.0,96.5,73.0,1598,1,65.0,0.13
6758,218,1.025,44.68,1,71.8,85.2,1076,173.2,71.7,-0.85,19.078,13.637,4.197,94.0,96.6,73.0,1598,1,65.0,0.14
6759,217,1.025,44.65,1,72.0,85.3,1086,173.2,71.8,-0.89,19.109,13.645,4.197,94.0,96.6,73.0,1599,1,65.0,0.13
6760,217,1.025,44.67,1,72.0,85.3,1092,173.3,71.7,-0.86,19.141,13.652,4.197,95.0,96.6,73.0,1599,1,65.0,0.12
6761,217,1.0,44.66,1,72.0,85.3,1096,173.3,71.6,-0.89,19.188,13.656,4.197,95.0,96.6,73.0,1599,1,65.0,0.13
6762,216,1.0,44.58,1,71.8,85.1,1098,173.2,71.7,-1.86,19.227,13.664,4.197,95.0,96.7,73.0,1599,1,65.0,0.13
6763,216,1.0,44.43,1,70.19999999999999,84.3,1095,173.2,71.1,-4.15,19.258,13.672,4.197,94.0,96.7,73.0,1599,1,65.0,0.13
6764,216,1.0,44.23,1,67.4,83.0,1079,173.0,70.3,-6.17,19.289,13.676,4.197,95.0,96.7,73.0,1599,1,65.0,0.13
6765,215,1.0,44.0,1,64.4,81.8,1053,172.9,69.6,-7.64,19.297,13.68,4.197,95.0,96.8,73.0,1599,1,65.0,0.13
6766,215,1.0,43.99,1,62.5,81.2,1026,172.8,68.9,-8.06,19.312,13.684,4.197,94.0,96.8,73.0,1599,1,65.0,0.13
6767,214,1.0,44.01,1,61.8,81.10000000000001,1006,172.7,68.9,-8.01,19.312,13.684,4.197,94.0,96.8,73.0,1599,1,65.0,0.14
6768,214,1.0,43.97,1,61.6,81.0,995,172.6,68.8,-8.04,19.312,13.695,4.197,94.0,96.8,73.0,1599,1,65.0,0.13
6769,213,1.0,43.97,1,61.6,81.10000000000001,987,172.6,68.9,-8.09,19.305,13.695,4.197,95.0,96.8,73.0,1599,1,65.0,0.13
6770,212,0.975,43.94,1,61.6,81.10000000000001,983,172.6,68.9,-8.04,19.281,13.695,4.197,95.0,96.8,73.0,1599,1,65.0,0.13
6771,211,0.975,44.1,1,61.8,81.2,982,172.6,68.9,-6.89,19.258,13.695,4.197,95.0,96.9,73.0,1599,1,65.0,0.13
6772,210,0.975,44.45,1,64.3,82.89999999999999,988,172.6,69.7,-4.16,19.258,13.699,4.197,95.0,96.9,73.0,1599,1,65.0,0.13
6773,210,0.975,44.5,1,67.80000000000001,84.1,1012,172.7,70.4,-2.6,19.266,13.703,4.197,95.0,96.9,73.0,1599,1,65.0,0.13
6774,209,0.975,44.61,1,69.6,84.5,1039,172.9,70.9,-2.33,19.297,13.711,4.197,95.0,96.9,73.0,1599,1,65.0,0.13
6775,209,0.975,44.5,1,70.1,84.5,1056,173.0,71.2,-2.37,19.32,13.719,4.197,95.0,97.0,73.0,1599,1,65.0,0.13
6776,208,0.95,44.54,1,70.1,84.5,1066,173.2,71.3,-2.91,19.336,13.73,4.197,95.0,97.0,73.0,1599,1,65.0,0.12
6777,208,0.95,44.3,1,68.60000000000001,83.5,1068,173.2,70.7,-5.59,19.336,13.738,4.197,95.0,97.0,73.0,1599,1,65.0,0.12
6778,207,0.95,44.22,1,65.4,82.19999999999999,1052,173.4,69.9,-6.81,19.32,13.746,4.197,95.0,97.0,73.0,1599,1,65.0,0.12
6779,206,0.95,44.22,1,63.800000000000004,81.8,1029,173.5,69.7,-6.77,19.289,13.754,4.197,95.0,97.0,73.0,1600,1,65.0,0.12
6780,206,0.95,44.22,1,63.5,81.8,1014,173.6,69.4,-6.82,19.25,13.758,4.197,95.0,97.0,73.0,1600,1,65.0,0.13
6781,205,0.95,44.31,1,63.4,81.8,1006,173.5,69.5,-7.05,19.203,13.762,4.197,95.0,97.1,73.0,1600,1,65.0,0.13
6782,204,0.95,44.2,1,63.2,81.69999999999999,1001,173.5,69.2,-6.97,19.164,13.766,4.197,95.0,97.1,73.0,1600,1,65.0,0.12
6783,204,0.925,44.13,1,63.2,81.69999999999999,997,173.4,69.3,-7.34,19.125,13.773,4.197,95.0,97.1,73.0,1600,1,65.0,0.12
6784,203,0.925,44.0,1,62.3,81.10000000000001,993,173.2,69.1,-8.43,19.094,13.773,4.197,95.0,97.1,73.0,1600,1,64.9,0.12
6785,202,0.925,43.91,1,61.1,80.7,983,173.2,68.8,-8.82,19.055,13.777,4.197,95.0,97.1,73.0,1600,1,65.0,0.13
6786,202,0.925,43.88,1,60.6,80.60000000000001,974,173.3,69.0,-8.84,19.023,13.773,4.197,95.0,97.1,73.0,1600,1,65.0,0.13
6787,201,0.925,43.95,1,60.5,80.60000000000001,968,173.4,68.6,-8.88,19.0,13.777,4.197,95.0,97.1,73.0,1600,1,65.0,0.12
6788,200,0.925,44.03,1,60.699999999999996,80.7,964,173.5,68.7,-7.76,18.969,13.781,4.197,95.0,97.1,73.0,1600,1,65.0,0.12
6789,199,0.925,44.3,1,62.6,81.8,969,173.7,69.2,-5.86,18.938,13.789,4.197,95.0,97.1,73.0,1600,1,65.0,0.13
6790,199,0.9,44.46,1,65.10000000000001,82.8,987,173.8,69.9,-4.97,18.922,13.797,4.197,95.0,97.1,73.0,1600,1,65.0,0.13
6791,198,0.9,44.44,1,66.4,83.2,1006,173.9,70.4,-4.68,18.93,13.805,4.197,95.0,97.0,73.0,1600,1,65.0,0.13
6792,197,0.9,44.42,1,66.7,83.2,1019,173.9,70.3,-4.71,18.938,13.809,4.197,95.0,97.0,73.0,1600,1,65.0,0.13
6793,197,0.9,44.37,1,66.7,83.2,1026,174.0,70.4,-4.72,18.969,13.816,4.197,95.0,97.0,73.0,1600,1,65.0,0.12
6794,196,0.9,44.43,1,66.8,83.2,1029,174.1,70.4,-4.79,18.984,13.82,4.197,95.0,97.0,73.0,1600,1,65.0,0.13
6795,196,0.9,44.46,1,66.8,83.2,1032,174.2,70.3,-4.73,19.008,13.824,4.197,95.0,97.0,73.0,1600,1,65.0,0.13
6796,195,0.9,44.36,1,66.8,83.2,1033,174.2,70.3,-4.92,19.031,13.828,4.197,95.0,97.0,73.0,1600,1,65.0,0.12
6797,195,0.875,44.32,1,66.5,83.0,1033,174.2,70.4,-5.08,19.055,13.832,4.197,95.0,97.0,73.0,1601,1,65.0,0.13
6798,195,0.875,44.35,1,66.2,83.0,1031,174.1,70.2,-5.14,19.078,13.836,4.197,95.0,97.0,73.0,1601,1,65.0,0.13
6799,194,0.875,44.34,1,66.10000000000001,82.89999999999999,1030,174.0,70.2,-5.25,19.102,13.84,4.197,95.0,97.0,73.0,1601,1,65.0,0.12
6800,194,0.875,44.43,1,65.9,82.8,1029,173.9,70.1,-5.36,19.109,13.844,4.197,95.0,97.0,73.0,1601,1,65.0,0.11
6801,193,0.875,44.39,1,65.8,82.8,1026,173.7,70.0,-5.5,19.117,13.844,4.197,95.0,97.0,73.0,1601,1,65.0,0.12
6802,193,0.875,44.4,1,65.7,82.8,1025,173.7,70.2,-5.36,19.117,13.848,4.197,95.0,96.9,73.0,1601,1,65.0,0.12
6803,193,0.85,44.34,1,65.8,82.8,1025,173.5,70.1,-5.28,19.109,13.855,4.197,95.0,97.0,73.0,1601,1,65.0,0.13
6804,192,0.85,44.4,1,65.9,82.89999999999999,1025,173.4,70.1,-5.09,19.102,13.863,4.197,95.0,96.9,73.0,1601,1,65.0,0.12
6805,192,0.85,44.45,1,66.2,83.0,1026,173.4,70.2,-5.01,19.109,13.871,4.197,95.0,96.9,73.0,1601,1,65.0,0.12
6806,191,0.85,44.46,1,66.4,83.1,1029,173.3,70.3,-4.84,19.109,13.867,4.197,95.0,96.9,73.0,1601,1,65.0,0.13
6807,191,0.85,44.47,1,66.60000000000001,83.2,1032,173.2,70.4,-4.71,19.117,13.875,4.197,95.0,96.9,73.0,1601,1,65.0,0.13
6808,191,0.85,44.36,1,66.7,83.2,1034,173.2,70.2,-4.82,19.125,13.887,4.197,95.0,96.9,73.0,1601,1,65.0,0.13
6809,191,0.85,44.42,1,66.7,83.2,1034,173.2,70.4,-5.11,19.148,13.895,4.197,95.0,96.9,73.0,1601,1,65.0,0.13
6810,191,0.825,44.23,1,65.5,82.39999999999999,1032,173.1,70.0,-6.91,19.164,13.906,4.197,95.0,96.9,73.0,1601,1,65.0,0.12
6811,191,0.825,44.04,1,63.1,81.39999999999999,1019,173.0,69.5,-8.2,19.18,13.91,4.197,95.0,96.9,73.0,1601,1,65.0,0.12
6812,191,0.825,43.91,1,61.199999999999996,80.60000000000001,1000,173.0,68.9,-9.47,19.203,13.918,4.197,95.0,96.9,73.0,1601,1,65.0,0.11
6813,191,0.825,43.71,1,59.3,79.60000000000001,980,173.0,68.3,-10.43,19.227,13.93,4.197,95.0,97.0,73.0,1601,1,65.0,0.12
6814,191,0.825,43.62,1,56.699999999999996,78.5,958,173.0,67.6,-11.66,19.258,13.945,4.197,95.0,97.0,73.0,1601,1,65.0,0.12
6815,191,0.8,43.55,1,53.7,76.8,932,173.1,66.9,-12.79,19.297,13.953,4.197,95.0,97.0,73.0,1601,1,65.0,0.12
6816,190,0.8,43.76,1,50.7,75.2,905,173.3,66.1,-13.27,19.336,13.957,4.197,95.0,97.1,73.0,1602,1,65.0,0.11
6817,190,0.8,43.92,1,49.6,75.1,885,173.4,65.9,-11.92,19.375,13.957,4.197,95.0,97.1,73.0,1602,1,65.0,0.11
6818,189,0.8,43.85,1,53.400000000000006,78.4,896,173.4,67.1,-9.64,19.414,13.957,4.197,95.0,97.2,73.0,1602,1,65.0,0.12
6819,189,0.775,43.92,1,57.9,80.2,932,173.6,68.1,-9.16,19.461,13.961,4.197,95.0,97.3,73.0,1602,1,65.0,0.12
6820,188,0.775,43.91,1,59.5,80.30000000000001,950,173.6,68.4,-9.39,19.516,13.969,4.197,95.0,97.3,73.0,1602,1,65.0,0.12
6821,188,0.775,43.52,1,58.099999999999994,79.0,950,173.6,68.1,-12.55,19.57,13.98,4.197,95.0,97.4,73.0,1602,1,65.0,0.11
6822,187,0.775,43.46,1,51.7,74.8,922,173.8,66.0,-16.65,19.609,13.992,4.197,95.0,97.5,73.0,1602,1,65.0,0.11
6823,186,0.775,42.7,1,45.4,70.8,878,174.1,64.1,-20.29,19.633,13.988,4.197,95.0,97.5,73.0,1602,1,65.0,0.12
6824,185,0.75,39.05,1,41.099999999999994,68.30000000000001,841,174.4,63.0,-20.97,19.641,13.98,4.197,95.0,97.6,73.0,1602,1,65.0,0.12
6825,184,0.75,35.39,1,38.1,66.2,815,174.8,61.9,-20.97,19.648,13.977,4.197,95.0,97.6,73.0,1602,1,65.0,0.12
6826,183,0.75,31.85,1,35.699999999999996,64.2,797,175.1,60.9,-20.17,19.656,13.977,4.197,96.0,97.7,73.0,1602,1,65.0,0.13
6827,182,0.725,28.96,1,34.1,62.5,782,175.3,59.7,-19.39,19.664,13.984,4.197,95.0,97.7,73.0,1602,1,65.0,0.13
6828,181,0.725,28.12,1,32.800000000000004,61.5,773,175.5,59.1,-19.32,19.664,13.992,4.197,96.0,97.6,73.0,1602,1,65.0,0.13
6829,179,0.725,27.83,1,32.4,61.5,774,175.6,59.0,-19.31,19.68,14.0,4.197,95.0,97.6,73.0,1602,1,65.0,0.12
6830,178,0.725,27.73,1,32.2,61.5,778,175.7,59.0,-19.35,19.703,14.0,4.197,95.0,97.5,73.0,1602,1,65.0,0.13
6831,176,0.7,28.11,1,32.2,61.6,782,175.9,59.0,-18.79,19.719,13.996,4.197,95.0,97.4,73.0,1602,1,65.0,0.14
6832,175,0.7,30.88,1,33.300000000000004,63.4,792,176.1,60.2,-18.16,19.742,13.984,4.197,95.0,97.3,73.0,1602,1,65.0,0.13
6833,174,0.7,36.0,1,35.4,66.10000000000001,810,176.4,61.4,-16.28,19.75,13.977,4.197,95.0,97.2,73.0,1602,1,65.0,0.13
6834,173,0.675,43.35,1,39.800000000000004,70.5,840,176.8,63.6,-14.17,19.75,13.977,4.197,95.0,97.1,73.0,1603,1,65.0,0.14
6835,172,0.675,44.8,1,44.6,73.7,877,177.2,65.1,-13.72,19.758,13.977,4.197,95.0,97.1,73.0,1603,1,65.0,0.13
6836,171,0.675,44.1,1,46.400000000000006,73.8,892,177.6,65.3,-14.79,19.766,13.977,4.197,95.0,97.1,73.0,1603,1,65.0,0.13
6837,170,0.65,42.34,1,44.0,70.6,876,178.1,64.0,-16.48,19.766,13.973,4.197,95.0,97.2,73.0,1603,1,65.0,0.12
6838,169,0.65,38.82,1,40.699999999999996,68.2,842,178.5,62.9,-17.32,19.766,13.973,4.197,95.0,97.3,73.0,1603,1,65.0,0.12
6839,168,0.625,37.65,1,38.7,67.10000000000001,815,178.9,62.2,-17.43,19.766,13.969,4.197,95.0,97.4,73.0,1603,1,65.0,0.13
6840,167,0.625,37.03,1,37.9,66.9,803,179.2,62.0,-17.48,19.758,13.969,4.197,95.0,97.4,73.0,1603,1,65.1,0.13
6841,166,0.625,37.03,1,37.6,66.9,799,179.5,62.1,-17.44,19.766,13.98,4.197,96.0,97.5,73.0,1603,1,65.1,0.13
6842,165,0.625,36.01,1,37.4,66.7,799,179.7,61.9,-18.06,19.773,13.98,4.197,95.0,97.6,73.0,1603,1,65.1,0.13
6843,164,0.6,32.83,1,36.1,65.0,793,179.7,61.1,-18.55,19.781,13.977,4.197,96.0,97.6,73.0,1603,1,65.1,0.13
6844,163,0.6,31.39,1,34.8,63.800000000000004,781,179.6,60.5,-18.55,19.789,13.984,4.197,96.0,97.7,73.0,1603,1,65.1,0.13
6845,162,0.6,32.95,1,34.699999999999996,64.3,777,179.6,60.7,-17.67,19.797,13.984,4.197,96.0,97.7,73.0,1603,1,65.1,0.13
6846,160,0.575,37.74,1,36.5,67.0,792,179.5,62.0,-16.39,19.812,13.984,4.197,96.0,97.7,73.0,1603,1,65.1,0.13
6847,159,0.575,41.34,1,39.2,69.5,818,179.6,63.1,-15.29,19.828,13.977,4.197,96.0,97.7,73.0,1603,1,65.1,0.13
6848,158,0.575,44.54,1,42.699999999999996,72.3,841,179.6,64.6,-13.05,19.828,13.98,4.197,96.0,97.8,73.0,1603,1,65.1,0.14
6849,156,0.55,44.04,1,48.699999999999996,76.7,877,179.7,66.4,-10.36,19.844,13.977,4.197,96.0,97.9,73.0,1603,1,65.1,0.13
6850,154,0.55,44.18,1,55.800000000000004,80.0,924,179.7,68.1,-8.57,19.859,13.965,4.197,96.0,97.9,73.0,1603,1,65.1,0.14
6851,153,0.55,44.29,1,60.199999999999996,81.3,955,179.7,69.2,-7.18,19.883,13.961,4.197,96.0,98.0,73.0,1604,1,65.1,0.15
6852,153,0.55,44.65,1,63.2,82.39999999999999,973,179.8,69.9,-5.09,19.906,13.961,4.197,96.0,98.2,73.0,1604,1,65.1,0.14
6853,152,0.525,44.91,1,66.5,83.7,995,179.9,70.7,-3.26,19.93,13.961,4.197,96.0,98.3,73.0,1604,1,65.1,0.14
6854,152,0.525,45.15,1,68.89999999999999,84.5,1019,179.8,71.2,-2.06,19.945,13.965,4.197,96.0,98.5,73.0,1604,1,65.1,0.14
6855,151,0.5,45.15,1,70.5,85.0,1041,179.7,71.6,-0.81,19.93,13.969,4.197,97.0,98.6,73.0,1604,1,65.1,0.14
6856,151,0.5,45.11,1,71.6,85.3,1060,179.4,72.0,-0.64,19.891,13.977,4.197,97.0,98.8,73.0,1604,1,65.1,0.14
6857,150,0.5,45.1,1,71.89999999999999,85.39999999999999,1074,178.9,71.9,-0.63,19.812,13.977,4.197,97.0,99.0,73.0,1604,1,65.1,0.14
6858,150,0.5,45.13,1,72.0,85.39999999999999,1082,178.3,72.0,-0.57,19.711,13.98,4.197,97.0,99.2,73.0,1604,1,65.1,0.14
6859,150,0.5,45.16,1,72.2,85.5,1088,177.6,72.1,-0.11,19.602,13.98,4.197,98.0,99.3,73.0,1604,1,65.1,0.14
6860,149,0.475,45.39,1,72.6,85.6,1094,176.8,72.0,-0.07,19.477,13.98,4.197,98.0,99.5,73.0,1604,1,65.1,0.14
6861,149,0.475,45.08,1,72.7,85.6,1099,175.9,72.1,-0.06,19.344,13.984,4.197,98.0,99.7,73.0,1604,1,65.1,0.14
6862,149,0.475,45.23,1,72.7,85.6,1103,175.1,72.1,-0.05,19.195,13.988,4.197,98.0,99.9,73.0,1604,1,65.1,0.14
6863,149,0.475,45.13,1,72.8,85.6,1106,174.2,72.0,-0.07,19.062,13.996,4.197,98.0,100.1,74.0,1604,1,65.1,0.14
6864,149,0.45,45.26,1,72.8,85.6,1108,173.5,72.0,-0.23,18.93,14.0,4.197,98.0,100.3,73.0,1604,1,65.2,0.15
6865,150,0.45,45.14,1,72.8,85.6,1109,172.8,72.0,0.0,18.812,14.008,4.197,99.0,100.5,74.0,1604,1,65.1,0.14
6866,150,0.45,45.17,1,72.89999999999999,85.6,1111,172.2,72.1,-0.02,18.711,14.012,4.197,99.0,100.7,74.0,1604,1,65.2,0.14
6867,150,0.45,45.19,1,72.89999999999999,85.6,1112,171.6,71.9,-0.09,18.633,14.02,4.197,99.0,101.0,74.0,1604,1,65.2,0.13
6868,150,0.45,45.07,1,72.89999999999999,85.6,1113,171.0,71.9,0.0,18.562,14.023,4.197,99.0,101.2,74.0,1604,1,65.2,0.14
6869,150,0.45,45.05,1,72.8,85.6,1114,170.5,72.1,-0.77,18.508,14.031,4.197,100.0,101.4,74.0,1604,1,65.2,0.14
6870,150,0.425,44.7,1,71.5,84.89999999999999,1111,170.1,71.8,-2.59,18.461,14.043,4.197,100.0,101.7,74.0,1605,1,65.2,0.14
6871,151,0.425,44.87,1,69.8,84.3,1101,169.6,71.0,-3.58,18.414,14.051,4.197,100.0,101.9,74.0,1605,1,65.2,0.13
6872,151,0.425,44.7,1,68.7,84.0,1088,169.3,70.8,-3.73,18.398,14.059,4.197,100.0,102.2,74.0,1605,1,65.2,0.14
6873,151,0.425,44.79,1,68.4,83.89999999999999,1078,169.0,70.7,-3.64,18.398,14.066,4.197,100.0,102.4,74.0,1605,1,65.2,0.14
6874,151,0.4,44.97,1,68.5,84.0,1073,168.8,70.7,-3.66,18.406,14.07,4.197,101.0,102.7,74.0,1605,1,65.2,0.14
6875,151,0.4,44.83,1,68.5,83.89999999999999,1070,168.5,70.6,-3.64,18.414,14.078,4.197,101.0,103.0,74.0,1605,1,65.2,0.14
6876,151,0.4,44.79,1,68.5,83.89999999999999,1069,168.3,70.8,-3.72,18.422,14.082,4.197,101.0,103.2,74.0,1605,1,65.2,0.14
6877,151,0.375,44.76,1,68.4,83.89999999999999,1067,168.1,70.8,-3.62,18.414,14.086,4.197,102.0,103.5,74.0,1605,1,65.2,0.14
6878,151,0.375,44.79,1,68.5,83.89999999999999,1067,168.1,70.8,-3.66,18.406,14.09,4.197,102.0,103.8,74.0,1605,1,65.2,0.13
6879,151,0.35,44.85,1,68.5,84.0,1066,168.0,70.8,-3.71,18.391,14.098,4.197,103.0,104.0,74.0,1605,1,65.2,0.14
6880,151,0.35,44.84,1,68.5,84.0,1066,168.0,70.8,-3.68,18.375,14.105,4.197,103.0,104.3,74.0,1605,1,65.2,0.14
6881,151,0.35,44.7,1,68.5,84.0,1065,167.9,70.8,-3.66,18.359,14.109,4.197,103.0,104.6,74.0,1605,1,65.2,0.13
6882,150,0.35,44.69,1,68.5,83.89999999999999,1065,167.9,70.7,-3.62,18.344,14.117,4.197,104.0,104.9,74.0,1605,1,65.2,0.13
6883,150,0.35,44.75,1,68.5,84.0,1065,167.9,70.8,-3.82,18.336,14.121,4.197,104.0,105.2,74.0,1605,1,65.2,0.13
6884,149,0.35,44.59,1,67.7,83.5,1063,167.9,70.7,-5.27,18.336,14.125,4.197,104.0,105.5,74.0,1605,1,65.2,0.12
6885,148,0.35,44.49,1,65.10000000000001,82.19999999999999,1052,168.0,70.0,-7.46,18.32,14.129,4.197,104.0,105.8,74.0,1605,1,65.2,0.13
6886,147,0.325,44.22,1,62.4,81.2,1028,168.1,69.2,-8.54,18.305,14.129,4.197,104.0,106.1,74.0,1605,1,65.2,0.13
6887,145,0.325,44.14,1,61.0,80.80000000000001,1006,168.1,68.9,-8.82,18.289,14.129,4.197,105.0,106.3,74.0,1606,1,65.2,0.13
6888,143,0.325,44.12,1,60.699999999999996,80.80000000000001,992,168.3,68.9,-8.77,18.266,14.125,4.197,105.0,106.6,74.0,1606,1,65.2,0.15
6889,141,0.3,44.11,1,60.699999999999996,80.9,985,168.4,69.0,-8.33,18.25,14.125,4.197,105.0,106.8,74.0,1606,1,65.2,0.14
6890,139,0.3,44.19,1,61.5,81.3,983,168.5,69.1,-7.71,18.234,14.121,4.197,106.0,107.1,74.0,1606,1,65.2,0.13
6891,138,0.3,44.31,1,62.1,81.5,987,168.5,69.3,-7.59,18.211,14.113,4.197,106.0,107.3,74.0,1606,1,65.2,0.13
6892,136,0.3,44.23,1,62.3,81.5,989,168.5,69.2,-7.63,18.188,14.113,4.197,106.0,107.6,74.0,1606,1,65.2,0.13
6893,134,0.275,44.22,1,62.4,81.6,990,168.5,69.3,-7.04,18.148,14.109,4.197,107.0,107.9,74.0,1606,1,65.2,0.13
6894,132,0.275,44.32,1,63.4,82.19999999999999,994,168.6,69.7,-6.3,18.125,14.105,4.197,107.0,108.1,74.0,1606,1,65.2,0.14
6895,131,0.275,44.32,1,64.3,82.5,1003,168.7,70.0,-6.14,18.102,14.102,4.197,107.0,108.4,74.0,1606,1,65.2,0.13
6896,129,0.275,44.29,1,64.60000000000001,82.5,1009,168.9,69.8,-6.16,18.07,14.094,4.197,107.0,108.6,74.0,1606,1,65.2,0.13
6897,128,0.275,44.33,1,64.60000000000001,82.5,1013,169.0,69.9,-6.2,18.047,14.094,4.197,107.0,108.8,74.0,1606,1,65.2,0.14
6898,127,0.25,44.23,1,64.60000000000001,82.5,1015,169.2,69.9,-6.15,18.016,14.09,4.197,108.0,109.0,74.0,1606,1,65.2,0.14
6899,126,0.25,44.27,1,64.7,82.5,1017,169.3,69.9,-6.13,17.992,14.086,4.197,108.0,109.3,74.0,1606,1,65.2,0.14
6900,125,0.25,44.26,1,64.7,82.5,1018,169.4,70.2,-6.13,17.961,14.082,4.197,108.0,109.5,74.0,1606,1,65.3,0.14
6901,124,0.25,44.32,1,64.7,82.6,1018,169.5,69.9,-6.12,17.93,14.082,4.197,108.0,109.7,74.0,1606,1,65.2,0.14
6902,123,0.225,44.33,1,64.7,82.5,1019,169.5,69.9,-6.2,17.906,14.082,4.197,108.0,109.9,74.0,1606,1,65.3,0.15
6903,122,0.225,44.19,1,64.1,82.19999999999999,1018,169.4,69.9,-7.23,17.891,14.086,4.197,108.0,110.1,74.0,1606,1,65.3,0.14
6904,121,0.225,44.06,1,62.7,81.5,1010,169.3,69.5,-7.98,17.867,14.09,4.197,108.0,110.3,74.0,1607,1,65.3,0.13
6905,120,0.225,44.08,1,62.0,81.39999999999999,1000,169.4,69.3,-8.1,17.844,14.094,4.197,108.0,110.4,74.0,1607,1,65.3,0.14
6906,119,0.2,44.06,1,61.3,81.0,992,169.5,69.1,-9.14,17.82,14.094,4.197,108.0,110.7,74.0,1607,1,65.3,0.14
6907,118,0.2,43.82,1,59.599999999999994,80.10000000000001,981,169.5,68.6,-9.75,17.789,14.094,4.197,109.0,110.9,74.0,1607,1,65.3,0.14
6908,117,0.2,43.88,1,58.3,79.7,966,169.6,68.3,-9.93,17.758,14.098,4.197,109.0,111.1,74.0,1607,1,65.3,0.14
6909,116,0.2,43.82,1,57.8,79.60000000000001,954,169.6,68.3,-9.95,17.734,14.098,4.197,109.0,111.3,74.0,1607,1,65.3,0.14
6910,114,0.175,43.8,1,57.699999999999996,79.60000000000001,947,169.7,68.1,-9.86,17.711,14.094,4.197,110.0,111.4,74.0,1607,1,65.3,0.14
6911,114,0.175,43.89,1,58.199999999999996,80.0,944,169.8,68.4,-9.22,17.688,14.098,4.197,110.0,111.7,74.0,1607,1,65.3,0.14
6912,113,0.175,44.13,1,60.0,81.0,951,169.9,68.7,-8.05,17.68,14.098,4.197,111.0,111.9,74.0,1607,1,65.3,0.14
6913,112,0.175,44.26,1,61.8,81.6,966,170.1,69.3,-7.24,17.672,14.102,4.197,111.0,112.1,74.0,1607,1,65.3,0.15
6914,112,0.175,44.2,1,62.8,81.89999999999999,980,170.2,69.5,-7.19,17.672,14.105,4.197,111.0,112.3,74.0,1607,1,65.3,0.14
6915,111,0.15,44.37,1,63.0,81.89999999999999,989,170.4,69.7,-7.2,17.672,14.109,4.197,111.0,112.5,74.0,1607,1,65.3,0.14
6916,110,0.15,43.27,1,57.599999999999994,78.10000000000001,987,170.5,68.0,-22.03,17.68,14.113,4.197,111.0,112.7,74.0,1607,1,65.3,0.13
6917,110,0.15,43.73,1,48.6,73.0,942,170.6,65.4,-22.01,17.664,14.113,4.197,112.0,112.9,74.0,1607,1,65.3,0.13
6918,108,0.15,41.11,1,42.9,69.6,890,170.9,63.4,-21.79,17.641,14.113,4.197,112.0,113.1,74.0,1607,1,65.3,0.13
6919,107,0.125,37.75,1,39.1,67.30000000000001,851,171.2,62.4,-20.42,17.625,14.117,4.197,112.0,113.3,74.0,1607,1,65.3,0.13
6920,106,0.125,33.48,1,36.4,65.2,824,171.5,61.1,-19.25,17.602,14.117,4.197,112.0,113.5,74.0,1607,1,65.3,0.14
6921,104,0.125,30.08,1,34.300000000000004,63.2,805,171.7,60.3,-18.53,17.594,14.117,4.197,112.0,113.6,74.0,1607,1,65.3,0.13
6922,103,0.125,35.61,1,34.599999999999994,65.2,800,171.9,60.9,-17.14,17.578,14.121,4.197,112.0,113.7,74.0,1608,1,65.4,0.15
6923,102,0.1,38.68,1,36.9,67.80000000000001,828,171.9,62.5,-16.82,17.578,14.121,4.197,112.0,113.8,74.0,1608,1,65.3,0.15
6924,101,0.1,39.5,1,38.0,68.0,843,172.0,62.5,-16.74,17.578,14.125,4.197,112.0,114.0,74.0,1608,1,65.3,0.14
6925,101,0.1,42.25,1,39.4,69.5,844,172.1,63.1,-15.29,17.594,14.129,4.197,113.0,114.1,74.0,1608,1,65.4,0.15
6926,100,0.075,43.71,1,41.5,71.1,857,172.3,64.1,-15.0,17.602,14.133,4.197,113.0,114.3,74.0,1608,1,65.4,0.14
6927,100,0.075,43.97,1,42.8,71.8,862,172.7,64.3,-14.49,17.625,14.137,4.197,113.0,114.5,74.0,1608,1,65.4,0.14
6928,99,0.075,44.76,1,44.2,72.8,863,173.1,64.9,-14.47,17.641,14.141,4.197,113.0,114.7,74.0,1608,1,65.4,0.14
6929,98,0.075,44.79,1,44.7,72.7,864,173.6,64.8,-14.51,17.664,14.148,4.197,113.0,114.9,74.0,1608,1,65.4,0.14
6930,98,0.05,44.75,1,44.800000000000004,72.7,860,174.0,64.9,-14.46,17.688,14.152,4.197,113.0,115.1,74.0,1608,1,65.4,0.14
6931,98,0.05,44.72,1,44.800000000000004,72.7,856,174.5,64.7,-14.22,17.703,14.156,4.197,114.0,115.3,74.0,1608,1,65.4,0.15
6932,97,0.05,44.27,1,47.099999999999994,75.2,860,174.9,65.9,-11.98,17.727,14.164,4.197,114.0,115.5,74.0,1608,1,65.4,0.15
6933,97,0.05,44.02,1,50.8,77.2,890,175.2,66.8,-11.72,17.75,14.168,4.197,114.0,115.6,74.0,1608,1,65.4,0.14
6934,97,0.025,43.85,1,52.300000000000004,77.4,912,175.4,67.0,-11.7,17.789,14.172,4.197,114.0,115.8,74.0,1608,1,65.4,0.14
6935,96,0.025,43.98,1,52.6,77.4,918,175.6,67.0,-11.77,17.812,14.176,4.197,115.0,115.9,74.0,1608,1,65.4,0.14
6936,95,0.025,43.92,1,53.1,77.8,920,175.7,67.2,-10.89,17.852,14.18,4.197,115.0,116.1,74.0,1608,1,65.4,0.14
6937,95,0.025,44.04,1,55.400000000000006,79.10000000000001,927,175.8,67.9,-9.78,17.883,14.184,4.197,115.0,116.2,74.0,1608,1,65.4,0.14
6938,94,0.025,44.17,1,57.4,79.9,935,175.9,68.4,-9.67,17.914,14.184,4.197,115.0,116.3,74.0,1608,1,65.4,0.14
6939,93,0.025,44.12,1,58.099999999999994,79.9,939,175.9,68.6,-9.66,17.953,14.184,4.197,115.0,116.4,74.0,1609,1,65.4,0.15
6940,93,0.025,44.16,1,58.199999999999996,79.9,939,175.8,68.4,-9.65,17.984,14.188,4.197,115.0,116.5,74.0,1609,1,65.4,0.15
6941,92,0.0,44.06,1,58.199999999999996,79.9,940,175.7,68.5,-9.67,18.023,14.188,4.197,115.0,116.6,74.0,1609,1,65.4,0.15
6942,92,0.0,43.9,1,58.099999999999994,79.9,940,175.5,68.6,-9.76,18.039,14.191,4.197,115.0,116.7,74.0,1609,1,65.4,0.14
6943,91,0.0,44.05,1,58.099999999999994,79.9,939,175.3,68.4,-9.66,18.062,14.191,4.197,115.0,116.8,74.0,1609,1,65.4,0.14
6944,91,0.0,44.14,1,58.3,80.0,941,175.1,68.5,-8.65,18.078,14.191,4.197,115.0,116.8,74.0,1609,1,65.4,0.14
6945,91,0.0,44.23,1,60.4,81.3,951,175.0,69.2,-8.01,18.094,14.195,4.197,116.0,116.9,74.0,1609,1,65.4,0.15
6946,90,0.0,44.32,1,61.4,81.39999999999999,966,174.7,69.3,-8.16,18.117,14.195,4.197,116.0,116.9,74.0,1609,1,65.4,0.15
6947,90,0.0,44.38,1,61.8,81.6,974,174.5,69.5,-7.12,18.125,14.199,4.197,115.0,116.9,74.0,1609,1,65.4,0.15
6948,90,0.0,44.39,1,63.0,82.1,984,174.3,69.7,-6.87,18.141,14.199,4.197,115.0,117.0,74.0,1609,1,65.4,0.15
6949,89,0.0,44.37,1,63.3,82.1,994,174.0,69.9,-6.96,18.156,14.203,4.197,115.0,117.0,74.0,1609,1,65.4,0.16
6950,89,0.0,44.4,1,63.4,82.19999999999999,999,173.8,69.9,-6.84,18.172,14.203,4.197,115.0,117.0,74.0,1609,1,65.4,0.16
6951,89,0.0,44.41,1,63.5,82.19999999999999,1004,173.6,69.8,-6.67,18.18,14.203,4.197,116.0,117.0,74.0,1609,1,65.4,0.16
6952,88,0.0,44.42,1,64.5,82.8,1009,173.3,70.0,-5.59,18.195,14.207,4.197,115.0,117.0,74.0,1609,1,65.4,0.16
6953,88,0.0,44.43,1,65.5,83.1,1019,173.1,70.3,-4.63,18.211,14.207,4.197,116.0,117.1,74.0,1609,1,65.4,0.15
6954,87,0.0,44.66,1,67.10000000000001,83.89999999999999,1031,172.8,70.5,-4.19,18.234,14.203,4.197,116.0,117.1,74.0,1609,1,65.4,0.16
6955,87,0.0,44.61,1,67.80000000000001,84.0,1044,172.5,71.1,-4.26,18.258,14.207,4.197,116.0,117.2,74.0,1609,1,65.4,0.15
6956,87,0.0,44.33,1,64.2,81.8,1044,172.3,69.9,-7.73,18.273,14.207,4.197,116.0,117.2,74.0,1609,1,65.5,0.16
6957,87,0.0,44.19,1,62.3,81.5,1024,172.0,69.4,-7.76,18.266,14.207,4.197,116.0,117.3,74.0,1610,1,65.4,0.15
6958,87,0.0,44.27,1,61.9,81.5,1011,171.8,69.4,-7.98,18.258,14.211,4.197,116.0,117.3,74.0,1610,1,65.4,0.15
6959,87,0.0,43.44,1,59.5,79.60000000000001,1002,171.6,68.7,-12.46,18.258,14.215,4.197,116.0,117.4,74.0,1610,1,65.4,0.14
6960,87,0.0,43.61,1,51.7,75.2,964,171.4,66.4,-16.29,18.242,14.219,4.197,116.0,117.5,74.0,1610,1,65.5,0.15
6961,86,0.0,44.19,1,46.5,72.5,919,171.3,64.9,-16.29,18.219,14.219,4.197,116.0,117.6,74.0,1610,1,65.5,0.14
6962,85,0.0,41.01,1,42.199999999999996,69.89999999999999,882,171.2,63.5,-22.04,18.203,14.223,4.197,116.0,117.7,74.0,1610,1,65.4,0.14
6963,84,0.0,38.34,1,39.0,67.60000000000001,851,171.1,62.4,-22.4,18.195,14.223,4.197,116.0,117.8,74.0,1610,1,65.5,0.14
6964,83,0.0,34.13,1,36.4,65.5,828,171.1,61.3,-22.37,18.18,14.223,4.197,116.0,117.8,74.0,1610,1,65.4,0.15
6965,81,0.0,30.79,1,34.2,63.5,810,171.1,60.3,-22.29,18.172,14.219,4.197,116.0,117.9,74.0,1610,1,65.5,0.15
6966,80,0.0,27.85,1,32.300000000000004,61.7,797,171.3,59.7,-22.38,18.18,14.215,4.197,116.0,117.9,74.0,1610,1,65.5,0.14
6967,78,0.0,26.89,1,31.0,60.699999999999996,788,171.3,58.8,-22.36,18.172,14.207,4.197,116.0,117.9,74.0,1610,1,65.5,0.15
6968,75,0.0,26.65,1,30.5,60.699999999999996,790,171.4,58.8,-22.35,18.18,14.203,4.197,116.0,117.9,74.0,1610,1,65.5,0.14
6969,72,0.0,24.04,1,29.7,59.4,793,171.6,57.9,-22.35,18.18,14.195,4.197,116.0,117.8,74.0,1610,1,65.5,0.15
6970,70,0.0,21.62,1,28.299999999999997,57.4,785,171.8,56.1,-22.36,18.18,14.188,4.197,116.0,117.7,74.0,1610,1,65.5,0.15
6971,67,0.0,19.53,1,26.900000000000002,55.60000000000001,775,172.1,57.0,-22.34,18.172,14.18,4.197,116.0,117.7,74.0,1610,1,65.5,0.14
6972,63,0.0,17.91,1,25.7,53.900000000000006,768,172.5,54.9,-22.39,18.164,14.168,4.197,116.0,117.6,74.0,1610,1,65.5,0.14
6973,60,0.0,17.72,1,24.9,53.400000000000006,768,172.9,54.3,-22.37,18.156,14.16,4.197,116.0,117.4,74.0,1610,1,65.5,0.14
6974,57,0.0,17.56,1,24.6,53.400000000000006,779,173.2,54.2,-22.37,18.141,14.152,4.197,115.0,117.2,74.0,1611,1,65.5,0.14
6975,54,0.0,17.38,1,24.5,53.400000000000006,792,173.6,54.3,-22.3,18.125,14.145,4.197,115.0,116.9,74.0,1611,1,65.5,0.15
6976,51,0.0,17.23,1,24.4,53.400000000000006,803,173.9,54.3,-22.36,18.102,14.137,4.197,115.0,116.6,74.0,1611,1,65.5,0.15
6977,49,0.0,17.05,1,24.4,53.400000000000006,810,174.3,54.3,-22.36,18.078,14.129,4.197,115.0,116.3,74.0,1611,1,65.5,0.15
6978,48,0.0,16.9,1,24.4,53.400000000000006,815,174.6,54.3,-22.36,18.062,14.125,4.197,114.0,115.8,74.0,1611,1,65.5,0.14
6979,48,0.0,16.75,1,24.4,53.400000000000006,819,174.9,54.2,-22.39,18.047,14.121,4.197,113.0,115.3,74.0,1611,1,65.5,0.14
6980,47,0.0,16.61,1,24.4,53.400000000000006,822,175.2,54.2,-22.38,18.031,14.117,4.197,113.0,114.7,74.0,1611,1,65.5,0.14
6981,46,0.0,16.51,1,24.4,53.400000000000006,826,175.5,54.2,-22.38,18.031,14.117,4.197,112.0,114.2,74.0,1611,1,65.5,0.14
6982,45,0.0,16.46,1,24.5,53.400000000000006,829,175.7,54.1,-22.38,18.023,14.113,4.197,112.0,113.5,74.0,1611,1,65.5,0.14
6983,45,0.0,16.44,1,24.5,53.400000000000006,830,176.0,54.3,-22.34,18.008,14.109,4.197,111.0,112.9,74.0,1611,1,65.5,0.14
6984,44,0.0,16.5,1,24.5,53.400000000000006,831,176.2,54.1,-22.35,17.992,14.109,4.197,110.0,112.1,74.0,1611,1,65.5,0.14
6985,43,0.0,16.4,1,24.5,53.400000000000006,832,176.5,54.2,-22.32,17.977,14.105,4.197,108.0,111.4,74.0,1611,1,65.5,0.14
6986,42,0.0,16.43,1,24.5,53.400000000000006,832,176.7,54.4,-22.38,17.969,14.105,4.197,108.0,110.7,74.0,1611,1,65.5,0.14
6987,42,0.0,16.45,1,24.5,53.400000000000006,833,176.8,54.3,-22.38,17.969,14.105,4.197,108.0,110.0,74.0,1611,1,65.5,0.14
6988,41,0.0,16.47,1,24.5,53.400000000000006,833,177.0,54.3,-22.36,17.961,14.102,4.197,107.0,109.1,74.0,1611,1,65.5,0.14
6989,40,0.0,16.48,1,24.5,53.400000000000006,833,177.1,54.2,-22.36,17.969,14.102,4.197,106.0,108.4,74.0,1611,1,65.5,0.14
6990,39,0.0,16.46,1,24.5,53.400000000000006,833,177.2,54.5,-22.38,17.969,14.102,4.197,105.0,107.7,74.0,1611,1,65.5,0.14
6991,39,0.0,16.47,1,24.5,53.400000000000006,832,177.3,54.4,-22.36,17.961,14.098,4.197,104.0,107.0,74.0,1611,1,65.5,0.14
6992,38,0.0,16.5,1,24.5,53.400000000000006,831,177.4,54.2,-22.35,17.953,14.098,4.198,104.0,106.1,74.0,1612,1,65.5,0.15
6993,37,0.0,16.46,1,24.5,53.400000000000006,831,177.5,54.4,-22.35,17.945,14.098,4.197,103.0,105.5,74.0,1612,1,65.5,0.15
6994,37,0.0,16.48,1,24.5,53.400000000000006,831,177.5,54.4,-22.34,17.945,14.098,4.197,101.0,104.6,74.0,1612,1,65.5,0.14
6995,36,0.0,16.49,1,24.5,53.400000000000006,830,177.6,54.4,-22.38,17.938,14.094,4.197,101.0,104.0,74.0,1612,1,65.5,0.14
6996,35,0.0,16.49,1,24.5,53.400000000000006,830,177.6,54.4,-22.38,17.922,14.094,4.197,100.0,103.3,74.0,1612,1,65.5,0.14
6997,34,0.0,16.44,1,24.5,53.400000000000006,829,177.6,54.6,-22.38,17.914,14.094,4.197,99.0,102.6,74.0,1612,1,65.5,0.14
6998,34,0.0,16.44,1,24.5,53.400000000000006,828,177.6,54.5,-22.36,17.898,14.09,4.197,99.0,101.9,74.0,1612,1,65.5,0.14
6999,33,0.0,16.49,1,24.5,53.400000000000006,828,177.6,54.6,-22.38,17.891,14.09,4.197,98.0,101.3,74.0,1612,1,65.5,0.15
7000,33,0.0,16.45,1,24.5,53.400000000000006,827,177.6,54.7,-22.4,17.883,14.09,4.197,98.0,100.6,74.0,1612,1,65.5,0.14
7001,32,0.0,16.46,1,24.5,53.400000000000006,827,177.6,54.7,-22.38,17.875,14.09,4.197,97.0,100.0,74.0,1612,1,65.5,0.14
7002,31,0.0,16.45,1,24.5,53.400000000000006,826,177.6,54.7,-22.38,17.875,14.086,4.197,96.0,99.4,74.0,1612,1,65.5,0.15
7003,30,0.0,16.45,1,24.5,53.400000000000006,826,177.6,54.8,-22.39,17.867,14.086,4.197,95.0,98.8,74.0,1612,1,65.5,0.14
7004,29,0.0,16.54,1,24.5,53.400000000000006,826,177.5,54.5,-22.38,17.867,14.086,4.197,95.0,98.2,74.0,1612,1,65.5,0.14
7005,28,0.0,16.57,1,24.5,53.300000000000004,827,177.5,54.6,-22.39,17.859,14.082,4.197,94.0,97.7,74.0,1612,1,65.5,0.15
7006,26,0.0,16.61,1,24.6,53.400000000000006,829,177.5,54.6,-22.38,17.844,14.082,4.197,94.0,97.1,74.0,1612,1,65.5,0.15
7007,25,0.0,16.67,1,24.6,53.400000000000006,834,177.4,54.7,-22.38,17.852,14.082,4.197,93.0,96.6,74.0,1612,1,65.5,0.15
7008,22,0.0,16.6,1,24.6,53.400000000000006,837,177.4,54.8,-22.4,17.852,14.078,4.197,93.0,96.2,74.0,1612,1,65.5,0.15
7009,20,0.0,16.69,1,24.6,53.400000000000006,839,177.4,54.8,-22.38,17.852,14.078,4.197,92.0,95.7,74.0,1612,1,65.5,0.15
7010,19,0.0,16.68,1,24.7,53.400000000000006,841,177.3,54.7,-22.39,17.844,14.078,4.197,92.0,95.2,74.0,1613,1,65.5,0.15
7011,18,0.0,16.69,1,24.7,53.400000000000006,842,177.3,54.9,-22.4,17.844,14.078,4.198,92.0,94.7,74.0,1613,1,65.5,0.15
7012,17,0.0,16.66,1,24.7,53.400000000000006,843,177.3,54.9,-22.37,17.828,14.074,4.197,91.0,94.3,74.0,1613,1,65.5,0.15
7013,15,0.0,16.67,1,24.7,53.400000000000006,844,177.2,54.8,-22.39,17.812,14.074,4.197,90.0,93.8,74.0,1613,1,65.5,0.15
7014,15,0.0,16.75,1,24.7,53.400000000000006,844,177.2,55.1,-20.48,17.805,14.074,4.197,90.0,93.4,74.0,1613,1,65.5,0.15
7015,14,0.0,17.88,1,25.2,53.900000000000006,846,177.1,55.5,-18.51,17.789,14.074,4.197,90.0,93.0,74.0,1613,1,65.5,0.15
7016,14,0.0,20.76,1,26.700000000000003,56.99999999999999,867,177.0,59.9,-18.35,17.773,14.074,4.197,89.0,92.6,74.0,1613,1,65.5,0.14
7017,14,0.0,21.29,1,27.800000000000004,57.8,885,176.9,60.9,-18.32,17.766,14.074,4.198,88.0,92.3,74.0,1613,1,65.5,0.14
7018,13,0.0,21.61,1,28.299999999999997,57.9,879,176.9,61.2,-18.33,17.766,14.074,4.198,88.0,91.9,74.0,1613,1,65.5,0.14
7019,13,0.0,22.42,1,28.499999999999996,57.99999999999999,866,176.8,61.2,-16.84,17.758,14.074,4.197,88.0,91.6,74.0,1613,1,65.5,0.15
7020,13,0.0,28.77,1,31.0,62.4,875,176.7,67.4,-15.57,17.758,14.074,4.197,88.0,91.2,74.0,1613,1,65.5,0.15
7021,12,0.0,37.6,1,35.0,67.0,906,176.7,74.2,-13.1,17.758,14.074,4.197,87.0,91.0,74.0,1613,1,65.5,0.15
7022,12,0.0,42.41,1,39.800000000000004,70.6,940,176.7,79.8,-12.86,17.758,14.074,4.197,87.0,90.8,74.0,1613,1,65.5,0.15
7023,12,0.0,43.51,1,41.9,71.1,939,176.7,80.6,-12.77,17.766,14.074,4.197,87.0,90.6,74.0,1613,1,65.5,0.15
7024,13,0.0,43.55,1,42.699999999999996,71.2,918,176.7,80.8,-12.75,17.773,14.074,4.197,87.0,90.4,74.0,1613,1,65.5,0.15
7025,13,0.0,43.61,1,42.9,71.2,897,176.6,80.8,-12.78,17.781,14.074,4.197,87.0,90.4,74.0,1613,1,65.5,0.15
7026,13,0.0,43.61,1,42.9,71.2,881,176.5,80.8,-12.75,17.781,14.074,4.197,87.0,90.3,74.0,1613,1,65.5,0.14
7027,14,0.0,43.56,1,42.8,71.1,869,176.4,80.7,-12.7,17.789,14.074,4.197,87.0,90.2,74.0,1613,1,65.5,0.14
7028,14,0.0,43.72,1,42.9,71.2,863,176.3,81.0,-12.88,17.789,14.074,4.197,87.0,90.2,74.0,1613,1,65.5,0.15
7029,14,0.0,40.17,1,41.5,69.5,856,176.1,78.5,-14.53,17.797,14.074,4.197,87.0,90.1,74.0,1613,1,65.5,0.13
7030,14,0.0,38.64,1,39.0,67.30000000000001,834,175.8,75.0,-14.79,17.797,14.074,4.197,87.0,90.1,74.0,1613,1,65.5,0.13
7031,14,0.0,37.79,1,37.8,66.8,819,175.5,74.5,-14.84,17.789,14.074,4.197,87.0,90.1,74.0,1614,1,65.5,0.14
7032,14,0.0,37.55,1,37.4,66.8,817,175.2,74.4,-14.82,17.773,14.074,4.197,87.0,90.1,74.0,1614,1,65.5,0.13
7033,14,0.0,37.59,1,37.2,66.8,818,174.9,74.4,-14.84,17.773,14.074,4.197,87.0,90.0,74.0,1614,1,65.5,0.14
7034,14,0.0,37.61,1,37.2,66.8,820,174.6,74.6,-14.85,17.766,14.074,4.197,87.0,90.0,74.0,1614,1,65.5,0.15
7035,14,0.0,37.68,1,37.2,66.9,822,174.4,74.7,-14.81,17.758,14.074,4.198,87.0,89.9,74.0,1614,1,65.5,0.14
7036,14,0.0,37.59,1,37.2,66.8,824,174.2,74.5,-14.82,17.75,14.074,4.197,87.0,89.8,74.0,1614,1,65.5,0.15
7037,14,0.0,37.37,1,37.2,66.8,824,174.0,74.4,-14.85,17.742,14.074,4.197,87.0,89.7,74.0,1614,1,65.5,0.15
7038,14,0.0,37.41,1,37.1,66.8,824,173.8,74.5,-14.83,17.742,14.074,4.197,86.0,89.7,74.0,1614,1,65.5,0.15
7039,14,0.0,37.31,1,37.1,66.7,825,173.7,74.4,-14.85,17.742,14.074,4.197,87.0,89.6,74.0,1614,1,65.5,0.14
7040,14,0.0,37.53,1,37.2,66.8,825,173.7,74.5,-14.84,17.742,14.074,4.197,86.0,89.5,74.0,1614,1,65.5,0.14
7041,15,0.0,37.61,1,37.2,66.9,826,173.6,74.6,-14.82,17.742,14.074,4.198,86.0,89.4,74.0,1614,1,65.5,0.15
7042,15,0.0,37.48,1,37.2,66.8,826,173.6,74.5,-14.81,17.734,14.074,4.197,86.0,89.3,74.0,1614,1,65.5,0.15
7043,15,0.0,37.44,1,37.2,66.8,825,173.6,74.7,-14.84,17.727,14.074,4.197,86.0,89.2,74.0,1614,1,65.5,0.15
7044,15,0.0,37.54,1,37.2,66.8,825,173.6,74.5,-14.86,17.711,14.074,4.197,86.0,89.1,74.0,1614,1,65.5,0.16
7045,15,0.0,37.42,1,37.1,66.7,825,173.5,74.5,-14.87,17.703,14.074,4.197,86.0,89.0,74.0,1614,1,65.6,0.15
7046,16,0.0,37.31,1,37.1,66.7,825,173.5,74.6,-14.82,17.695,14.074,4.197,86.0,88.9,74.0,1614,1,65.5,0.14
7047,16,0.0,37.59,1,37.1,66.8,825,173.4,74.6,-14.83,17.68,14.078,4.197,86.0,88.8,74.0,1614,1,65.5,0.14
7048,16,0.0,37.6,1,37.2,66.9,826,173.4,74.8,-14.84,17.68,14.078,4.197,86.0,88.7,74.0,1614,1,65.5,0.15
7049,17,0.0,37.45,1,37.1,66.8,827,173.3,74.7,-14.8,17.68,14.078,4.198,86.0,88.6,74.0,1614,1,65.5,0.15
7050,17,0.0,37.47,1,37.1,66.8,826,173.3,74.7,-14.83,17.68,14.078,4.198,85.0,88.5,74.0,1614,1,65.5,0.15
7051,17,0.0,37.55,1,37.1,66.8,826,173.2,74.6,-14.81,17.688,14.078,4.197,85.0,88.4,74.0,1615,1,65.5,0.15
7052,18,0.0,37.56,1,37.1,66.8,826,173.2,74.7,-14.8,17.688,14.078,4.197,85.0,88.4,74.0,1615,1,65.5,0.15
7053,18,0.0,37.42,1,37.1,66.8,826,173.1,74.7,-14.83,17.688,14.078,4.198,85.0,88.3,74.0,1615,1,65.5,0.15
7054,18,0.0,37.44,1,37.1,66.8,826,173.0,74.7,-14.8,17.68,14.078,4.198,85.0,88.2,74.0,1615,1,65.5,0.14
7055,19,0.0,37.53,1,37.1,66.8,826,173.0,74.6,-14.86,17.68,14.078,4.197,85.0,88.1,74.0,1615,1,65.5,0.14
7056,19,0.0,37.3,1,37.0,66.8,827,172.9,74.6,-14.82,17.672,14.082,4.197,85.0,88.1,74.0,1615,1,65.5,0.14
7057,19,0.0,37.47,1,37.1,66.8,826,172.9,74.8,-14.84,17.664,14.078,4.198,85.0,88.0,74.0,1615,1,65.5,0.14
7058,20,0.0,37.67,1,37.1,66.9,827,172.8,74.9,-14.82,17.672,14.078,4.197,85.0,87.9,74.0,1615,1,65.5,0.14
7059,20,0.0,37.57,1,37.1,66.8,827,172.7,74.8,-14.83,17.664,14.082,4.197,85.0,87.9,74.0,1615,1,65.5,0.15
7060,20,0.0,37.43,1,37.1,66.8,827,172.7,74.9,-14.86,17.672,14.082,4.197,85.0,87.8,74.0,1615,1,65.5,0.14
7061,20,0.0,37.51,1,37.0,66.8,826,172.6,74.7,-14.86,17.664,14.082,4.197,85.0,87.7,74.0,1615,1,65.5,0.15
7062,21,0.0,37.57,1,37.0,66.8,826,172.5,74.9,-14.84,17.656,14.082,4.197,85.0,87.6,74.0,1615,1,65.5,0.14
7063,21,0.0,37.69,1,37.1,66.9,827,172.5,74.9,-14.85,17.664,14.082,4.197,85.0,87.6,74.0,1615,1,65.5,0.15
7064,21,0.0,37.59,1,37.1,66.8,828,172.4,74.9,-14.79,17.664,14.082,4.197,85.0,87.5,74.0,1615,1,65.6,0.14
7065,21,0.0,37.39,1,37.0,66.8,828,172.4,74.9,-14.88,17.664,14.082,4.197,85.0,87.5,74.0,1615,1,65.6,0.14
7066,22,0.0,37.65,1,37.1,66.8,827,172.3,75.1,-14.84,17.664,14.082,4.197,84.0,87.4,74.0,1615,1,65.5,0.15
7067,22,0.0,37.55,1,37.1,66.8,827,172.3,75.1,-14.82,17.664,14.082,4.197,85.0,87.4,74.0,1615,1,65.6,0.15
7068,22,0.0,37.39,1,37.0,66.8,827,172.2,74.8,-14.86,17.664,14.086,4.197,85.0,87.3,74.0,1615,1,65.6,0.15
7069,23,0.0,37.45,1,37.0,66.8,827,172.1,74.9,-14.83,17.664,14.086,4.197,85.0,87.2,74.0,1615,1,65.6,0.15
7070,23,0.0,31.97,1,35.5,64.8,824,172.0,72.2,-22.37,17.664,14.086,4.197,85.0,87.2,74.0,1615,1,65.5,0.15
7071,23,0.0,27.09,1,32.6,61.199999999999996,803,172.0,66.9,-22.36,17.672,14.086,4.198,84.0,87.1,74.0,1615,1,65.5,0.15
7072,23,0.0,23.55,1,30.099999999999998,58.599999999999994,780,171.9,63.2,-22.37,17.68,14.086,4.197,84.0,87.0,74.0,1615,1,65.6,0.15
7073,23,0.0,21.0,1,28.1,56.39999999999999,767,171.8,60.3,-22.34,17.68,14.086,4.197,84.0,86.9,74.0,1616,1,65.5,0.15
7074,23,0.0,18.78,1,26.5,54.400000000000006,762,171.6,57.2,-22.38,17.68,14.086,4.198,84.0,86.8,74.0,1616,1,65.5,0.15
7075,23,0.0,17.93,1,25.4,53.400000000000006,763,171.5,56.0,-22.39,17.672,14.086,4.198,84.0,86.7,74.0,1616,1,65.5,0.14
7076,23,0.0,17.77,1,24.9,53.400000000000006,778,171.4,56.2,-22.37,17.672,14.086,4.197,84.0,86.5,74.0,1616,1,65.5,0.14
7077,23,0.0,17.57,1,24.7,53.400000000000006,797,171.2,56.1,-22.39,17.672,14.086,4.197,84.0,86.3,73.0,1616,1,65.5,0.15
7078,23,0.0,17.44,1,24.7,53.400000000000006,812,171.1,55.9,-22.38,17.672,14.086,4.198,84.0,86.2,73.0,1616,1,65.6,0.15
7079,23,0.0,17.26,1,24.7,53.400000000000006,824,171.0,56.1,-22.37,17.672,14.086,4.197,84.0,86.0,73.0,1616,1,65.5,0.15
7080,23,0.0,17.12,1,24.7,53.400000000000006,833,170.9,56.0,-22.34,17.672,14.086,4.198,83.0,85.8,73.0,1616,1,65.6,0.15
7081,23,0.0,16.94,1,24.7,53.400000000000006,839,170.8,56.0,-22.38,17.672,14.086,4.197,83.0,85.6,73.0,1616,1,65.6,0.15
7082,23,0.0,16.88,1,24.7,53.400000000000006,844,170.9,56.1,-22.38,17.672,14.09,4.197,83.0,85.4,73.0,1616,1,65.6,0.15
7083,22,0.0,16.85,1,24.7,53.400000000000006,848,170.9,56.1,-22.36,17.68,14.086,4.198,82.0,85.2,73.0,1616,1,65.6,0.15
7084,22,0.0,16.92,1,24.7,53.400000000000006,851,171.0,56.0,-22.39,17.68,14.086,4.198,82.0,85.1,73.0,1616,1,65.5,0.15
7085,21,0.0,16.87,1,24.7,53.400000000000006,852,171.1,56.1,-22.38,17.688,14.086,4.197,82.0,84.9,73.0,1616,1,65.5,0.14
7086,20,0.0,16.96,1,24.7,53.400000000000006,853,171.1,56.1,-22.38,17.68,14.086,4.197,82.0,84.7,73.0,1616,1,65.5,0.15
7087,20,0.0,16.91,1,24.7,53.400000000000006,854,171.1,56.1,-22.39,17.68,14.086,4.197,82.0,84.5,73.0,1616,1,65.5,0.15
7088,20,0.0,16.91,1,24.7,53.400000000000006,854,171.2,56.1,-22.41,17.672,14.086,4.198,82.0,84.4,73.0,1616,1,65.5,0.15
7089,20,0.0,16.9,1,24.7,53.400000000000006,855,171.2,56.1,-22.38,17.672,14.086,4.197,82.0,84.2,73.0,1616,1,65.5,0.15
7090,19,0.0,16.86,1,24.7,53.400000000000006,855,171.2,56.0,-22.4,17.68,14.086,4.197,82.0,84.1,73.0,1616,1,65.6,0.15
7091,19,0.0,16.95,1,24.7,53.400000000000006,855,171.2,56.3,-22.39,17.695,14.086,4.197,81.0,83.9,73.0,1616,1,65.6,0.15
7092,19,0.0,16.92,1,24.7,53.400000000000006,856,171.2,56.1,-22.39,17.703,14.086,4.197,81.0,83.8,73.0,1616,1,65.5,0.15
7093,18,0.0,16.96,1,24.8,53.400000000000006,855,171.1,56.2,-22.38,17.711,14.086,4.197,81.0,83.7,73.0,1616,1,65.5,0.15
7094,17,0.0,16.95,1,24.8,53.400000000000006,855,171.1,56.1,-22.39,17.711,14.086,4.198,81.0,83.5,73.0,1616,1,65.6,0.15
7095,15,0.0,16.93,1,24.8,53.400000000000006,855,171.1,56.3,-22.36,17.711,14.086,4.198,81.0,83.4,73.0,1616,1,65.6,0.15
7096,14,0.0,16.95,1,24.7,53.400000000000006,855,171.0,56.3,-22.4,17.711,14.082,4.198,81.0,83.3,73.0,1617,1,65.6,0.16
7097,13,0.0,16.96,1,24.7,53.400000000000006,854,170.9,56.4,-22.39,17.711,14.082,4.197,81.0,83.1,73.0,1617,1,65.6,0.16
7098,12,0.0,16.91,1,24.7,53.400000000000006,854,170.8,56.4,-22.35,17.703,14.082,4.197,80.0,83.0,73.0,1617,1,65.6,0.15
7099,11,0.0,16.88,1,24.9,53.400000000000006,854,170.8,56.4,-17.49,17.703,14.082,4.197,80.0,82.9,73.0,1617,1,65.6,0.16
7100,10,0.0,23.95,1,27.3,58.5,878,170.7,63.4,-17.45,17.703,14.082,4.197,80.0,82.8,73.0,1617,1,65.6,0.16
7101,10,0.0,24.72,1,29.599999999999998,60.699999999999996,936,170.7,66.6,-17.46,17.711,14.078,4.197,80.0,82.8,73.0,1617,1,65.6,0.16
7102,10,0.0,26.55,1,30.7,61.1,935,170.7,67.1,-16.73,17.711,14.082,4.198,80.0,82.7,73.0,1617,1,65.6,0.16
7103,9,0.0,27.88,1,32.0,62.5,920,170.7,69.2,-16.11,17.719,14.082,4.197,80.0,82.6,73.0,1617,1,65.6,0.15
7104,9,0.0,30.4,1,33.300000000000004,63.9,906,170.7,71.5,-15.91,17.727,14.082,4.197,80.0,82.6,73.0,1617,1,65.6,0.16
7105,9,0.0,30.9,1,33.900000000000006,64.1,892,170.6,71.6,-16.02,17.727,14.082,4.197,80.0,82.6,73.0,1617,1,65.6,0.15
7106,9,0.0,31.14,1,34.1,64.1,874,170.6,71.8,-16.01,17.727,14.082,4.197,80.0,82.7,73.0,1617,1,65.6,0.16
7107,9,0.0,31.31,1,34.1,64.1,859,170.5,71.7,-16.02,17.727,14.082,4.197,80.0,82.7,73.0,1617,1,65.6,0.15
7108,9,0.0,31.74,1,34.1,64.1,848,170.5,71.6,-15.14,17.719,14.078,4.197,80.0,82.8,73.0,1617,1,65.6,0.15
7109,9,0.0,36.48,1,35.699999999999996,66.60000000000001,850,170.3,75.3,-14.55,17.719,14.078,4.197,80.0,82.9,73.0,1617,1,65.6,0.15
7110,9,0.0,37.83,1,37.1,67.5,863,170.2,76.8,-14.46,17.719,14.078,4.197,81.0,83.0,73.0,1617,1,65.6,0.15
7111,9,0.0,38.35,1,37.7,67.60000000000001,863,170.0,77.2,-14.46,17.727,14.078,4.197,81.0,83.1,73.0,1617,1,65.6,0.15
7112,9,0.0,38.62,1,37.9,67.60000000000001,856,169.9,77.4,-14.48,17.719,14.078,4.197,81.0,83.3,73.0,1617,1,65.6,0.15
7113,9,0.0,38.66,1,37.9,67.60000000000001,850,169.7,77.4,-14.51,17.719,14.078,4.197,81.0,83.4,73.0,1617,1,65.6,0.15
7114,10,0.0,38.63,1,37.9,67.5,844,169.6,77.2,-14.48,17.719,14.078,4.197,81.0,83.6,73.0,1617,1,65.6,0.15
7115,10,0.0,38.75,1,37.9,67.5,841,169.4,77.4,-14.54,17.719,14.078,4.197,82.0,83.7,73.0,1617,1,65.6,0.15
7116,10,0.0,39.05,1,37.9,67.5,838,169.3,77.3,-14.54,17.719,14.082,4.198,81.0,83.9,73.0,1617,1,65.6,0.15
7117,10,0.0,39.0,1,37.9,67.5,836,169.2,77.3,-14.46,17.719,14.082,4.197,82.0,84.0,73.0,1617,1,65.6,0.15
7118,11,0.0,39.28,1,38.0,67.60000000000001,835,169.0,77.5,-14.48,17.703,14.082,4.197,82.0,84.2,73.0,1617,1,65.6,0.15
7119,11,0.0,39.27,1,38.0,67.60000000000001,834,168.9,77.7,-14.5,17.703,14.082,4.197,82.0,84.2,73.0,1617,1,65.6,0.14
7120,11,0.0,39.09,1,37.9,67.5,833,168.7,77.4,-14.54,17.695,14.082,4.198,82.0,84.3,73.0,1617,1,65.6,0.14
7121,11,0.0,39.26,1,37.9,67.5,831,168.6,77.5,-14.44,17.688,14.082,4.198,82.0,84.4,73.0,1617,1,65.6,0.15
7122,12,0.0,35.42,1,37.2,66.5,831,168.5,75.8,-16.11,17.688,14.082,4.198,82.0,84.5,73.0,1618,1,65.6,0.15
7123,12,0.0,31.84,1,34.9,63.7,814,168.4,71.5,-16.78,17.695,14.082,4.197,82.0,84.5,73.0,1618,1,65.6,0.15
7124,12,0.0,27.83,1,32.800000000000004,61.6,797,168.3,68.7,-18.57,17.695,14.082,4.197,82.0,84.5,73.0,1618,1,65.6,0.15
7125,12,0.0,24.75,1,30.7,59.3,783,168.1,65.2,-18.72,17.688,14.082,4.198,82.0,84.5,73.0,1618,1,65.6,0.15
7126,12,0.0,22.25,1,28.9,57.3,773,168.0,62.6,-18.77,17.68,14.082,4.198,82.0,84.4,73.0,1618,1,65.6,0.15
7127,11,0.0,21.25,1,27.700000000000003,56.3,769,167.9,61.1,-18.76,17.68,14.082,4.198,82.0,84.3,73.0,1618,1,65.6,0.15
7128,10,0.0,20.94,1,27.3,56.3,778,167.8,61.0,-18.75,17.68,14.082,4.198,82.0,84.3,73.0,1618,1,65.6,0.15
7129,10,0.0,20.83,1,27.1,56.3,791,167.6,61.0,-18.77,17.672,14.082,4.198,82.0,84.2,73.0,1618,1,65.6,0.15
7130,9,0.0,20.59,1,27.0,56.3,802,167.5,61.1,-18.77,17.672,14.082,4.198,82.0,84.0,73.0,1618,1,65.6,0.15
7131,9,0.0,20.47,1,27.0,56.3,810,167.3,61.0,-18.79,17.664,14.082,4.197,82.0,83.9,73.0,1618,1,65.6,0.15
7132,8,0.0,20.27,1,27.0,56.3,815,167.3,61.1,-18.77,17.664,14.082,4.197,81.0,83.8,73.0,1618,1,65.6,0.15
7133,8,0.0,21.42,1,27.200000000000003,56.699999999999996,819,167.2,61.5,-15.57,17.656,14.082,4.197,81.0,83.7,73.0,1618,1,65.6,0.15
7134,7,0.0,30.94,1,31.2,63.9,866,167.2,72.1,-15.57,17.656,14.082,4.198,81.0,83.5,73.0,1618,1,65.6,0.15
7135,8,0.0,31.85,1,33.800000000000004,65.10000000000001,921,167.3,74.0,-15.53,17.656,14.082,4.197,81.0,83.5,73.0,1618,1,65.6,0.15
7136,8,0.0,32.38,1,34.699999999999996,65.10000000000001,914,167.4,74.0,-15.57,17.656,14.082,4.197,81.0,83.4,73.0,1618,1,65.6,0.15
7137,8,0.0,32.97,1,35.099999999999994,65.2,889,167.5,74.1,-15.51,17.664,14.082,4.197,81.0,83.3,73.0,1618,1,65.6,0.15
7138,9,0.0,33.17,1,35.199999999999996,65.2,868,167.7,74.3,-15.54,17.664,14.082,4.197,81.0,83.3,73.0,1618,1,65.6,0.14
7139,9,0.0,33.29,1,35.199999999999996,65.2,852,167.8,74.2,-15.54,17.656,14.082,4.198,81.0,83.3,73.0,1618,1,65.6,0.15
7140,9,0.0,33.5,1,35.199999999999996,65.2,841,167.9,74.3,-15.52,17.656,14.082,4.198,81.0,83.3,73.0,1618,1,65.6,0.15
7141,9,0.0,33.64,1,35.199999999999996,65.2,833,167.9,74.1,-15.54,17.672,14.082,4.197,81.0,83.3,73.0,1618,1,65.6,0.16
7142,9,0.0,33.85,1,35.199999999999996,65.2,828,167.9,74.2,-15.52,17.68,14.082,4.197,81.0,83.4,73.0,1618,1,65.6,0.15
7143,9,0.0,33.99,1,35.199999999999996,65.2,824,167.8,74.4,-15.54,17.672,14.082,4.197,81.0,83.5,73.0,1618,1,65.6,0.15
7144,10,0.0,34.0,1,35.199999999999996,65.2,821,167.7,74.3,-15.53,17.68,14.082,4.197,81.0,83.5,73.0,1618,1,65.6,0.15
7145,10,0.0,33.98,1,35.199999999999996,65.2,819,167.6,74.2,-15.54,17.672,14.082,4.197,81.0,83.6,73.0,1618,1,65.6,0.16
7146,10,0.0,34.03,1,35.199999999999996,65.2,817,167.5,74.2,-15.53,17.672,14.082,4.197,81.0,83.7,73.0,1618,1,65.6,0.16
7147,11,0.0,33.92,1,35.199999999999996,65.2,817,167.4,74.2,-15.51,17.664,14.082,4.198,81.0,83.7,72.0,1618,1,65.6,0.16
7148,11,0.0,34.0,1,35.199999999999996,65.2,816,167.3,74.4,-15.54,17.664,14.086,4.197,81.0,83.8,72.0,1618,1,65.6,0.15
7149,11,0.0,33.98,1,35.199999999999996,65.2,816,167.2,74.1,-15.53,17.664,14.086,4.197,81.0,83.8,72.0,1619,1,65.6,0.15
7150,11,0.0,34.0,1,35.199999999999996,65.2,815,167.1,74.4,-15.52,17.664,14.086,4.198,82.0,83.9,72.0,1619,1,65.6,0.15
7151,11,0.0,33.98,1,35.199999999999996,65.2,815,167.0,74.2,-15.52,17.664,14.086,4.197,82.0,83.9,72.0,1619,1,65.6,0.15
7152,11,0.0,33.99,1,35.199999999999996,65.2,815,166.9,74.5,-15.52,17.672,14.086,4.198,82.0,84.0,72.0,1619,1,65.6,0.15
7153,11,0.0,34.01,1,35.199999999999996,65.2,816,166.9,74.3,-15.54,17.664,14.086,4.197,81.0,84.0,72.0,1619,1,65.6,0.15
7154,12,0.0,33.92,1,35.199999999999996,65.2,816,166.8,74.2,-15.51,17.664,14.086,4.197,82.0,84.0,72.0,1619,1,65.6,0.16
7155,12,0.0,33.99,1,35.199999999999996,65.2,815,166.8,74.4,-15.55,17.656,14.086,4.197,82.0,84.0,72.0,1619,1,65.6,0.14
7156,12,0.0,33.93,1,35.199999999999996,65.2,815,166.7,74.5,-15.53,17.664,14.086,4.197,82.0,84.1,72.0,1619,1,65.6,0.15
7157,12,0.0,33.87,1,35.099999999999994,65.2,815,166.6,74.3,-15.49,17.672,14.086,4.198,82.0,84.1,72.0,1619,1,65.6,0.14
7158,12,0.0,33.96,1,35.199999999999996,65.2,816,166.6,74.5,-15.5,17.688,14.086,4.198,82.0,84.1,72.0,1619,1,65.6,0.15
7159,13,0.0,33.95,1,35.199999999999996,65.2,816,166.6,74.5,-15.56,17.695,14.086,4.197,82.0,84.1,72.0,1619,1,65.6,0.15
7160,13,0.0,33.88,1,35.099999999999994,65.10000000000001,815,166.5,74.4,-15.53,17.703,14.086,4.198,82.0,84.1,72.0,1619,1,65.6,0.14
7161,13,0.0,33.98,1,35.099999999999994,65.2,815,166.5,74.6,-15.51,17.703,14.086,4.197,82.0,84.1,72.0,1619,1,65.6,0.14
7162,13,0.0,34.01,1,35.199999999999996,65.2,816,166.5,74.5,-15.86,17.703,14.086,4.197,82.0,84.1,72.0,1619,1,65.6,0.14
7163,14,0.0,28.03,1,33.2,62.5,810,166.4,70.6,-22.3,17.703,14.086,4.198,82.0,84.1,72.0,1619,1,65.6,0.14
7164,14,0.0,23.62,1,30.5,59.0,786,166.4,65.4,-22.35,17.703,14.086,4.198,82.0,84.1,72.0,1619,1,65.6,0.14
7165,14,0.0,20.63,1,28.199999999999996,56.39999999999999,764,166.3,61.6,-22.38,17.688,14.086,4.197,82.0,84.0,72.0,1619,1,65.6,0.14
7166,13,0.0,18.44,1,26.3,54.2,752,166.2,58.4,-22.41,17.672,14.086,4.198,82.0,84.0,72.0,1619,1,65.6,0.14
7167,12,0.0,17.8,1,25.2,53.400000000000006,751,166.1,57.5,-22.39,17.664,14.086,4.198,81.0,83.9,72.0,1619,1,65.6,0.14
7168,11,0.0,17.59,1,24.8,53.400000000000006,766,166.0,57.6,-22.37,17.648,14.086,4.198,82.0,83.8,72.0,1619,1,65.6,0.15
7169,11,0.0,17.36,1,24.6,53.400000000000006,784,165.8,57.4,-22.38,17.641,14.086,4.198,81.0,83.7,72.0,1619,1,65.6,0.15
7170,10,0.0,17.26,1,24.6,53.400000000000006,798,165.6,57.3,-22.38,17.633,14.082,4.197,81.0,83.6,72.0,1619,1,65.6,0.15
7171,9,0.0,17.04,1,24.6,53.400000000000006,808,165.5,57.5,-22.38,17.633,14.082,4.198,81.0,83.5,72.0,1619,1,65.6,0.15
7172,9,0.0,16.89,1,24.6,53.400000000000006,816,165.4,57.6,-22.39,17.633,14.082,4.197,81.0,83.3,72.0,1619,1,65.6,0.15
7173,8,0.0,16.74,1,24.6,53.400000000000006,822,165.4,57.6,-21.72,17.633,14.086,4.198,81.0,83.2,72.0,1619,1,65.6,0.15
7174,8,0.0,16.66,1,24.6,53.400000000000006,827,165.4,57.6,-21.31,17.641,14.082,4.197,81.0,83.0,72.0,1619,1,65.6,0.15
7175,8,0.0,16.68,1,24.6,53.400000000000006,830,165.4,57.6,-20.62,17.641,14.082,4.197,80.0,82.9,72.0,1619,1,65.6,0.15
7176,8,0.0,17.0,1,24.9,53.5,833,165.5,57.5,-19.1,17.656,14.082,4.198,81.0,82.8,72.0,1619,1,65.6,0.14
7177,7,0.0,21.63,1,25.900000000000002,56.49999999999999,841,165.6,61.6,-16.91,17.664,14.082,4.197,80.0,82.7,72.0,1620,1,65.6,0.15
7178,7,0.0,26.68,1,29.9,61.9,903,165.7,69.7,-16.63,17.672,14.082,4.198,80.0,82.5,72.0,1620,1,65.6,0.15
7179,6,0.0,27.85,1,31.8,62.7,929,165.8,70.9,-16.6,17.68,14.082,4.197,80.0,82.5,72.0,1620,1,65.6,0.16
7180,6,0.0,28.31,1,32.4,62.7,913,165.9,70.7,-16.61,17.688,14.082,4.197,80.0,82.5,72.0,1620,1,65.6,0.15
7181,6,0.0,28.61,1,32.7,62.7,884,166.0,71.0,-16.61,17.688,14.082,4.198,80.0,82.4,72.0,1620,1,65.6,0.16
7182,6,0.0,28.89,1,32.7,62.7,864,166.1,71.1,-16.61,17.68,14.082,4.197,80.0,82.4,72.0,1620,1,65.6,0.15
7183,6,0.0,29.0,1,32.800000000000004,62.7,848,166.1,71.0,-16.59,17.68,14.082,4.198,80.0,82.4,72.0,1620,1,65.6,0.15
7184,6,0.0,29.21,1,32.7,62.7,836,166.2,70.8,-16.61,17.672,14.082,4.197,80.0,82.4,72.0,1620,1,65.6,0.15
7185,6,0.0,29.46,1,32.7,62.7,828,166.3,71.0,-16.58,17.664,14.086,4.198,80.0,82.5,72.0,1620,1,65.6,0.15
7186,6,0.0,29.49,1,32.7,62.7,823,166.2,71.1,-16.62,17.664,14.082,4.198,80.0,82.6,72.0,1620,1,65.6,0.16
7187,6,0.0,29.54,1,32.6,62.7,818,166.1,71.1,-16.59,17.672,14.086,4.198,80.0,82.6,72.0,1620,1,65.6,0.16
7188,6,0.0,29.56,1,32.6,62.8,816,165.9,71.2,-15.95,17.672,14.082,4.197,80.0,82.6,72.0,1620,1,65.6,0.15
7189,6,0.0,37.2,1,34.2,66.10000000000001,821,165.8,76.2,-13.9,17.672,14.082,4.198,80.0,82.7,72.0,1620,1,65.6,0.14
7190,7,0.0,41.27,1,37.8,69.1,860,165.6,81.0,-13.66,17.688,14.082,4.197,80.0,82.8,72.0,1620,1,65.6,0.16
7191,7,0.0,41.45,1,39.5,69.39999999999999,877,165.5,64.7,-13.65,17.703,14.082,4.198,81.0,82.9,72.0,1620,1,65.6,0.15
7192,7,0.0,41.21,1,40.0,69.39999999999999,872,165.4,63.8,-13.58,17.711,14.086,4.197,81.0,83.0,72.0,1620,1,65.6,0.14
7193,8,0.0,41.31,1,40.2,69.5,862,165.2,63.9,-13.61,17.719,14.086,4.197,81.0,83.1,72.0,1620,1,65.6,0.14
7194,8,0.0,41.47,1,40.300000000000004,69.5,853,165.1,63.9,-13.62,17.727,14.086,4.198,81.0,83.3,72.0,1620,1,65.6,0.14
7195,8,0.0,41.53,1,40.300000000000004,69.5,848,164.9,63.8,-13.62,17.734,14.086,4.197,81.0,83.4,72.0,1620,1,65.6,0.14
7196,9,0.0,41.45,1,40.300000000000004,69.5,844,164.9,63.8,-13.59,17.734,14.086,4.198,81.0,83.6,72.0,1620,1,65.6,0.15
7197,9,0.0,41.56,1,40.300000000000004,69.5,841,164.8,63.7,-13.61,17.727,14.086,4.198,81.0,83.7,72.0,1620,1,65.6,0.14
7198,10,0.0,41.65,1,40.300000000000004,69.6,839,164.6,63.7,-13.57,17.719,14.086,4.198,82.0,83.8,72.0,1620,1,65.6,0.15
7199,10,0.0,41.56,1,40.300000000000004,69.6,838,164.5,63.8,-13.65,17.703,14.086,4.198,82.0,83.9,72.0,1620,1,65.6,0.15
7200,11,0.0,36.65,1,39.0,67.5,835,164.3,63.0,-22.34,17.695,14.086,4.198,82.0,84.0,72.0,1620,1,65.6,0.16
7201,11,0.0,30.39,1,35.199999999999996,63.3,811,164.1,61.1,-22.36,17.688,14.086,4.198,82.0,84.1,72.0,1620,1,65.6,0.15
7202,11,0.0,26.19,1,32.1,60.4,782,164.0,59.8,-22.34,17.688,14.086,4.197,82.0,84.1,72.0,1620,1,65.6,0.15
7203,11,0.0,23.23,1,29.799999999999997,58.199999999999996,765,163.8,58.6,-22.5,17.68,14.086,4.197,82.0,84.0,72.0,1620,1,65.6,0.16
7204,10,0.0,20.39,1,27.900000000000002,56.2,757,163.7,57.2,-22.39,17.688,14.086,4.198,82.0,83.9,72.0,1620,1,65.6,0.16
7205,9,0.0,18.29,1,26.400000000000002,54.400000000000006,754,163.6,55.7,-22.37,17.688,14.09,4.198,81.0,83.8,72.0,1620,1,65.6,0.16
7206,9,0.0,17.73,1,25.2,53.400000000000006,755,163.4,54.6,-22.39,17.695,14.086,4.198,82.0,83.7,72.0,1620,1,65.6,0.15
7207,8,0.0,17.62,1,24.8,53.400000000000006,768,163.3,54.6,-22.38,17.695,14.086,4.198,81.0,83.6,72.0,1620,1,65.6,0.16
7208,7,0.0,17.38,1,24.6,53.400000000000006,784,163.1,54.7,-22.35,17.703,14.086,4.198,81.0,83.5,72.0,1620,1,65.6,0.16
7209,7,0.0,17.24,1,24.6,53.400000000000006,799,163.0,54.7,-22.37,17.695,14.086,4.198,81.0,83.4,72.0,1621,1,65.6,0.15
7210,6,0.0,17.11,1,24.6,53.400000000000006,810,162.9,54.6,-22.39,17.695,14.086,4.197,81.0,83.3,72.0,1621,1,65.6,0.15
7211,6,0.0,16.91,1,24.6,53.400000000000006,819,162.9,54.7,-22.36,17.695,14.086,4.197,81.0,83.1,72.0,1621,1,65.6,0.15
7212,5,0.0,16.76,1,24.6,53.400000000000006,824,162.9,54.6,-22.38,17.695,14.086,4.197,80.0,83.0,72.0,1621,1,65.6,0.14
7213,5,0.0,16.73,1,24.6,53.400000000000006,829,163.0,54.5,-22.36,17.688,14.086,4.198,80.0,82.8,72.0,1621,1,65.6,0.15
7214,4,0.0,16.75,1,24.6,53.400000000000006,832,163.1,54.6,-22.38,17.695,14.086,4.198,80.0,82.7,72.0,1621,1,65.6,0.14
7215,3,0.0,16.72,1,24.6,53.400000000000006,835,163.2,54.6,-22.39,17.703,14.086,4.197,80.0,82.6,72.0,1621,1,65.6,0.14
7216,0,0.0,16.75,1,24.6,53.400000000000006,836,163.3,54.6,-22.38,17.711,14.086,4.198,80.0,82.4,72.0,1621,1,65.6,0.15
7217,0,0.0,16.74,1,24.7,53.400000000000006,838,163.4,54.7,-22.39,17.719,14.086,4.197,80.0,82.3,72.0,1621,1,65.6,0.16
7218,0,0.0,16.73,1,24.7,53.400000000000006,838,163.5,54.6,-22.39,17.727,14.086,4.198,79.0,82.1,71.0,1621,1,65.6,0.15
7219,0,0.0,16.77,1,24.7,53.400000000000006,838,163.6,54.6,-22.37,17.734,14.086,4.198,79.0,82.0,72.0,1621,1,65.6,0.15
7220,0,0.0,16.81,1,24.7,53.400000000000006,839,163.6,54.7,-22.37,17.742,14.086,4.198,79.0,81.9,71.0,1621,1,65.6,0.15
7221,0,0.0,16.78,1,24.7,53.400000000000006,839,163.6,54.7,-22.38,17.742,14.086,4.197,79.0,81.8,71.0,1621,1,65.6,0.15
7222,0,0.0,16.8,1,24.7,53.400000000000006,838,163.7,54.7,-22.38,17.734,14.086,4.198,79.0,81.7,71.0,1621,1,65.6,0.15
7223,0,0.0,16.79,1,24.7,53.400000000000006,838,163.7,54.7,-22.38,17.742,14.086,4.198,79.0,81.6,71.0,1621,1,65.6,0.15
7224,0,0.0,16.81,1,24.8,53.400000000000006,838,163.6,54.8,-22.4,17.734,14.086,4.198,79.0,81.6,71.0,1621,1,65.6,0.14
7225,0,0.0,16.78,1,24.8,53.400000000000006,838,163.6,54.7,-22.39,17.734,14.086,4.198,79.0,81.4,71.0,1621,1,65.6,0.15
7226,0,0.0,16.8,1,24.8,53.400000000000006,838,163.6,54.7,-22.38,17.734,14.086,4.198,79.0,81.4,71.0,1621,1,65.6,0.14
7227,0,0.0,16.78,1,24.8,53.400000000000006,838,163.5,54.8,-22.39,17.75,14.086,4.198,79.0,81.3,71.0,1621,1,65.6,0.15
7228,0,0.0,16.79,1,24.6,53.400000000000006,838,163.5,54.8,-22.41,17.75,14.086,4.198,79.0,81.2,71.0,1621,1,65.6,0.15
7229,0,0.0,16.77,1,24.6,53.400000000000006,838,163.4,54.7,-22.4,17.766,14.086,4.198,79.0,81.2,71.0,1621,1,65.6,0.15
7230,0,0.0,16.78,1,24.6,53.400000000000006,838,163.4,54.7,-22.41,17.766,14.086,4.198,79.0,81.1,71.0,1621,1,65.6,0.15
7231,0,0.0,16.74,1,24.7,53.400000000000006,838,163.3,54.8,-22.41,17.773,14.086,4.198,79.0,81.0,71.0,1621,1,65.6,0.15
7232,0,0.0,16.82,1,24.7,53.400000000000006,838,163.3,54.8,-22.4,17.773,14.086,4.198,79.0,81.0,71.0,1621,1,65.6,0.15
7233,0,0.0,16.78,1,24.8,53.400000000000006,838,163.3,54.8,-22.38,17.781,14.086,4.197,79.0,80.9,71.0,1621,1,65.6,0.15
7234,0,0.0,16.83,1,24.8,53.400000000000006,837,163.2,54.8,-22.4,17.789,14.086,4.198,79.0,80.8,71.0,1621,1,65.6,0.15
7235,0,0.0,16.83,1,24.8,53.400000000000006,837,163.2,54.7,-22.39,17.797,14.086,4.198,79.0,80.8,71.0,1621,1,65.6,0.16
7236,0,0.0,16.82,1,24.8,53.400000000000006,837,163.2,54.8,-22.38,17.805,14.086,4.198,78.0,80.7,71.0,1621,1,65.6,0.15
7237,0,0.0,16.78,1,24.8,53.400000000000006,837,163.2,54.9,-22.38,17.805,14.086,4.198,78.0,80.7,71.0,1621,1,65.6,0.16
7238,0,0.0,16.84,1,24.8,53.400000000000006,837,163.2,54.8,-22.38,17.82,14.086,4.197,78.0,80.6,71.0,1621,1,65.6,0.16
7239,0,0.0,16.81,1,24.8,53.400000000000006,837,163.1,54.8,-22.38,17.828,14.086,4.197,78.0,80.6,71.0,1622,1,65.6,0.16
7240,0,0.0,16.81,1,24.8,53.400000000000006,837,163.1,54.9,-22.38,17.836,14.086,4.198,78.0,80.5,71.0,1622,1,65.6,0.16
7241,0,0.0,16.8,1,24.7,53.400000000000006,837,163.0,54.8,-22.35,17.852,14.082,4.197,78.0,80.5,71.0,1622,1,65.6,0.15
7242,0,0.0,16.82,1,24.7,53.400000000000006,837,163.0,54.8,-22.39,17.867,14.078,4.198,78.0,80.4,71.0,1622,1,65.6,0.16
7243,0,0.0,16.79,1,24.7,53.400000000000006,837,163.0,55.0,-22.37,17.883,14.074,4.197,78.0,80.4,71.0,1622,1,65.6,0.15
7244,0,0.0,16.79,1,24.6,53.400000000000006,838,162.9,54.9,-22.38,17.898,14.074,4.198,78.0,80.3,71.0,1622,1,65.6,0.16
7245,0,0.0,16.79,1,24.6,53.400000000000006,837,162.9,54.9,-22.39,17.914,14.07,4.198,78.0,80.3,71.0,1622,1,65.6,0.16
7246,0,0.0,16.79,1,24.6,53.400000000000006,837,162.8,54.8,-22.39,17.93,14.07,4.198,78.0,80.3,71.0,1622,1,65.6,0.16
7247,0,0.0,6.84,0,24.6,53.400000000000006,837,162.8,54.9,-22.38,17.945,14.07,4.197,78.0,80.2,71.0,1622,1,65.6,0.16
7248,0,0.0,3.39,0,24.7,53.400000000000006,836,162.7,54.9,-22.38,17.953,14.07,4.198,78.0,80.1,71.0,1622,1,65.6,0.15
7249,0,0.0,0.59,0,24.8,53.400000000000006,832,162.7,55.1,-22.39,17.961,14.07,4.198,77.0,80.0,71.0,1622,1,65.6,0.15
7250,0,0.0,0.57,0,24.8,53.400000000000006,826,162.6,54.9,-22.39,17.961,14.07,4.198,77.0,79.9,71.0,1622,1,65.6,0.16
7251,0,0.0,0.58,0,24.8,53.400000000000006,819,162.5,55.0,-22.37,17.961,14.07,4.198,77.0,79.9,71.0,1622,1,65.6,0.15
7252,0,0.0,0.58,0,24.8,53.400000000000006,813,162.5,55.2,-22.36,17.961,14.07,4.198,77.0,79.8,71.0,1622,1,65.6,0.15
7253,0,0.0,0.57,0,24.8,53.5,807,162.4,55.3,-22.4,17.961,14.07,4.197,77.0,79.8,71.0,1622,1,65.6,0.16
7254,0,0.0,0.57,0,24.7,53.400000000000006,799,162.4,55.1,-22.39,17.945,14.074,4.198,77.0,79.8,71.0,1622,1,65.6,0.16
7255,0,0.0,0.57,0,24.5,52.900000000000006,792,162.3,54.9,-22.41,17.938,14.074,4.198,78.0,79.8,71.0,1622,1,65.7,0.16
7256,0,0.0,0.57,0,21.5,43.8,756,162.3,45.9,-22.4,17.93,14.074,4.198,77.0,79.8,71.0,1622,1,65.6,0.15
7257,0,0.0,0.54,0,18.0,36.4,656,162.2,36.5,-22.41,17.914,14.078,4.198,77.0,79.9,71.0,1622,1,65.6,0.16
7258,0,0.0,0.55,0,15.7,31.1,582,162.1,29.9,-22.4,17.898,14.078,4.198,78.0,79.9,71.0,1622,1,65.6,0.16
7259,0,0.0,0.53,0,13.700000000000001,27.1,516,162.0,25.5,-22.43,17.883,14.078,4.198,78.0,79.9,71.0,1622,1,65.6,0.16
7260,0,0.0,0.54,0,12.1,24.0,466,161.8,21.3,-22.41,17.867,14.082,4.197,78.0,79.9,71.0,1622,1,65.6,0.16
7261,0,0.0,0.54,0,10.8,21.4,428,161.5,17.9,-22.41,17.852,14.082,4.198,78.0,79.9,71.0,1622,1,65.6,0.15
7262,0,0.0,0.53,0,9.700000000000001,19.3,399,161.3,15.2,-22.4,17.844,14.082,4.197,78.0,80.0,71.0,1622,1,65.6,0.15
7263,0,0.0,0.53,0,8.9,17.5,376,161.2,13.1,-22.4,17.836,14.082,4.198,78.0,80.0,71.0,1622,1,65.6,0.14
7264,0,0.0,0.53,0,8.1,16.0,357,161.0,11.4,-22.4,17.828,14.082,4.198,78.0,80.0,71.0,1622,1,65.6,0.15
7265,0,0.0,0.53,0,7.5,14.7,342,160.8,10.1,-22.41,17.82,14.082,4.198,78.0,80.0,71.0,1622,1,65.6,0.14
7266,0,0.0,0.53,0,6.9,13.600000000000001,329,160.6,9.1,-22.42,17.812,14.082,4.198,78.0,80.1,71.0,1622,1,65.6,0.14
7267,0,0.0,0.54,0,6.4,12.7,319,160.4,8.2,-22.41,17.812,14.082,4.198,78.0,80.1,71.0,1622,1,65.6,0.14
7268,0,0.0,0.53,0,6.0,11.799999999999999,310,160.2,7.5,-22.4,17.812,14.082,4.198,78.0,80.1,71.0,1622,1,65.6,0.15
7269,0,0.0,0.54,0,5.6000000000000005,11.0,302,160.1,6.9,-22.42,17.805,14.082,4.197,78.0,80.1,71.0,1622,1,65.6,0.14
