Time,Groundspeed,Cabin Diff PSI,Bld Px PSI,Bleed On,N1 %,N2 %,ITT (F),Oil Temp (F),Oil Px PSI,TLA DEG,TT2 (C),PT2 PSI,CHPV,ECS PRI DUCT T (F),ECS PRI DUCT T2 (F),ECS CKPT T (F),O2 BTL Px PSI,O2 VLV Open,EIPS TMP (F),EIPS PRS PSI
1,0,0.0,0.47,0,0.0,11.600000000000001,94,71.1,8.3,-22.43,28.023,14.793,4.2,9.899999762399945e+24,80.6,75.0,1601,0,98.1,0.26
2,0,0.0,0.47,0,0.0,14.799999999999999,245,71.0,19.5,-22.42,28.031,14.793,4.2,9.899999762399945e+24,80.6,109.0,1601,0,98.1,0.26
3,0,0.0,0.48,0,1.6,17.599999999999998,473,71.1,29.2,-22.44,28.023,14.793,4.2,79.0,80.6,75.0,1601,0,98.1,0.27
4,0,0.0,0.47,0,2.6,20.1,694,71.2,34.2,-22.43,28.023,14.793,4.2,79.0,80.6,75.0,1601,0,98.2,0.26
5,0,0.0,0.47,0,3.5999999999999996,22.400000000000002,857,71.4,39.3,-22.43,28.008,14.789,4.2,79.0,80.6,75.0,1601,0,98.1,0.26
6,0,0.0,0.48,0,4.7,24.3,954,71.7,42.7,-22.43,27.992,14.789,4.2,79.0,80.6,75.0,1601,0,98.2,0.25
7,0,0.0,0.49,0,5.800000000000001,25.7,995,72.0,45.9,-22.43,27.961,14.789,4.2,79.0,80.6,75.0,1601,0,98.2,0.25
8,0,0.0,0.5,0,6.800000000000001,26.900000000000002,1001,72.2,47.9,-22.42,27.922,14.789,4.2,79.0,80.6,75.0,1601,0,98.2,0.26
9,0,0.0,0.5,0,7.7,27.500000000000004,992,72.3,49.9,-22.43,27.859,14.789,4.2,79.0,80.7,75.0,1601,0,98.2,0.26
10,0,0.0,0.49,0,8.4,27.400000000000002,986,72.5,50.0,-22.43,27.789,14.785,4.2,79.0,80.7,76.0,1601,0,98.2,0.26
11,0,0.0,0.5,0,9.1,27.6,1000,72.6,50.8,-22.42,27.703,14.785,4.2,79.0,80.7,76.0,1601,0,98.2,0.25
12,0,0.0,0.51,0,9.8,28.299999999999997,1037,72.7,52.1,-22.44,27.602,14.785,4.2,79.0,80.7,76.0,1601,0,98.2,0.25
13,0,0.0,0.5,0,10.7,29.299999999999997,1096,72.7,53.9,-22.42,27.492,14.789,4.2,79.0,80.7,76.0,1601,0,98.2,0.25
14,0,0.0,0.51,0,11.600000000000001,30.599999999999998,1177,72.7,56.5,-22.41,27.375,14.789,4.2,79.0,80.7,76.0,1601,0,98.2,0.25
15,0,0.0,0.48,0,12.7,32.5,1276,72.7,60.2,-22.38,27.258,14.789,4.2,79.0,80.8,76.0,1601,0,98.2,0.25
16,0,0.0,0.5,0,14.000000000000002,34.8,1384,72.8,64.8,-22.4,27.133,14.789,4.2,79.0,80.8,76.0,1601,0,98.3,0.25
17,0,0.0,0.5,0,15.5,37.5,1469,72.8,56.8,-22.34,27.0,14.793,4.2,79.0,80.8,76.0,1601,0,98.3,0.25
18,0,0.0,0.49,0,17.0,40.6,1515,72.9,49.3,-22.31,26.852,14.789,4.2,79.0,80.8,76.0,1601,0,98.3,0.24
19,0,0.0,0.49,0,18.7,44.4,1520,73.0,50.7,-22.35,26.711,14.785,4.2,79.0,80.8,76.0,1601,0,98.3,0.24
20,0,0.0,0.49,0,20.9,49.2,1493,73.1,52.6,-22.35,26.57,14.781,4.2,79.0,80.8,76.0,1601,0,98.3,0.24
21,0,0.0,0.49,0,23.7,53.7,1441,73.1,54.4,-22.37,26.43,14.777,4.2,79.0,80.8,76.0,1601,0,98.3,0.24
22,0,0.0,0.49,0,24.7,53.5,1348,73.2,54.4,-22.38,26.289,14.777,4.2,79.0,80.8,76.0,1601,0,98.3,0.24
23,0,0.0,0.51,0,25.0,53.400000000000006,1248,73.3,54.4,-22.36,26.164,14.777,4.2,79.0,80.9,76.0,1601,0,98.3,0.24
24,0,0.0,0.49,0,25.1,53.400000000000006,1148,73.3,54.3,-22.36,26.047,14.773,4.2,79.0,80.9,76.0,1601,0,98.3,0.25
25,0,0.0,0.52,0,25.0,53.400000000000006,1048,73.4,54.4,-22.38,25.938,14.77,4.2,79.0,80.9,76.0,1601,0,98.3,0.24
26,0,0.0,0.5,0,24.8,53.400000000000006,962,73.5,54.3,-22.4,25.828,14.758,4.2,79.0,80.9,76.0,1601,0,98.3,0.25
27,0,0.0,0.51,0,24.8,53.400000000000006,918,73.7,54.5,-22.38,25.727,14.762,4.2,79.0,80.9,76.0,1601,0,98.3,0.24
28,0,0.0,0.5,0,24.7,53.400000000000006,889,73.8,54.5,-22.4,25.625,14.762,4.2,79.0,80.9,76.0,1601,0,98.3,0.24
29,0,0.0,0.49,0,24.7,53.400000000000006,868,73.9,54.4,-22.39,25.523,14.766,4.2,79.0,80.9,76.0,1601,0,98.4,0.24
30,0,0.0,0.5,0,24.7,53.400000000000006,853,74.1,54.4,-22.4,25.414,14.766,4.2,79.0,80.9,76.0,1601,0,98.3,0.25
31,0,0.0,0.5,0,24.7,53.400000000000006,842,74.2,54.3,-22.38,25.328,14.77,4.2,79.0,80.9,76.0,1601,0,98.4,0.24
32,0,0.0,0.51,0,24.7,53.400000000000006,835,74.4,54.2,-22.39,25.234,14.77,4.2,79.0,80.9,76.0,1601,0,98.4,0.24
33,0,0.0,0.48,0,24.6,53.400000000000006,830,74.5,54.2,-22.34,25.148,14.77,4.2,79.0,80.9,77.0,1601,0,98.4,0.24
34,0,0.0,0.49,0,24.6,53.400000000000006,827,74.7,54.0,-22.38,25.062,14.77,4.2,79.0,81.0,77.0,1601,0,98.4,0.24
35,0,0.0,0.49,0,24.5,53.400000000000006,825,74.9,53.9,-22.38,25.0,14.77,4.2,79.0,81.0,77.0,1601,0,98.4,0.23
36,0,0.0,0.51,0,24.5,53.400000000000006,823,75.1,53.9,-22.39,24.93,14.77,4.2,79.0,81.0,77.0,1601,0,98.4,0.24
37,0,0.0,0.5,0,24.5,53.400000000000006,821,75.3,53.9,-22.36,24.867,14.77,4.2,79.0,81.0,77.0,1601,0,98.4,0.24
38,0,0.0,0.5,0,24.5,53.400000000000006,820,75.5,53.9,-22.38,24.82,14.77,4.2,79.0,81.0,77.0,1601,0,98.4,0.24
39,0,0.0,0.5,0,24.5,53.400000000000006,819,75.7,53.8,-22.39,24.766,14.77,4.2,79.0,81.0,77.0,1601,0,98.4,0.24
40,0,0.0,0.5,0,24.5,53.400000000000006,818,75.9,53.7,-22.37,24.727,14.773,4.2,79.0,81.0,77.0,1601,0,98.4,0.24
41,0,0.0,0.51,0,24.5,53.400000000000006,818,76.2,53.7,-22.41,24.688,14.773,4.2,79.0,81.0,77.0,1601,0,98.4,0.24
42,0,0.0,0.49,0,24.5,53.400000000000006,818,76.4,53.7,-22.39,24.648,14.773,4.2,79.0,81.0,77.0,1601,0,98.4,0.24
43,0,0.0,0.5,0,24.5,53.400000000000006,817,76.7,53.7,-22.38,24.617,14.77,4.2,79.0,81.0,77.0,1601,0,98.4,0.24
44,0,0.0,0.51,0,24.5,53.400000000000006,817,77.0,53.7,-22.38,24.578,14.77,4.2,79.0,81.1,77.0,1601,0,98.4,0.24
45,0,0.0,0.5,0,24.5,53.400000000000006,817,77.4,53.7,-22.39,24.547,14.77,4.2,79.0,81.1,77.0,1601,0,98.5,0.24
46,0,0.0,0.51,0,24.5,53.400000000000006,817,77.7,53.7,-22.39,24.516,14.773,4.2,79.0,81.1,77.0,1601,0,98.5,0.24
47,0,0.0,0.5,0,24.5,53.400000000000006,816,78.1,53.7,-22.39,24.484,14.773,4.2,79.0,81.1,77.0,1601,0,98.4,0.24
48,0,0.0,0.51,0,24.5,53.400000000000006,815,78.5,53.7,-22.41,24.453,14.773,4.2,79.0,81.1,77.0,1601,0,98.5,0.24
49,0,0.0,0.5,0,24.5,53.400000000000006,815,78.9,53.7,-22.4,24.414,14.773,4.2,79.0,81.1,77.0,1601,0,98.5,0.24
50,0,0.0,0.5,0,24.5,53.400000000000006,815,79.3,53.8,-22.39,24.367,14.773,4.2,79.0,81.1,77.0,1601,0,98.5,0.25
51,0,0.0,0.5,0,24.5,53.400000000000006,814,79.8,53.7,-22.4,24.328,14.773,4.2,79.0,81.1,77.0,1601,0,98.5,0.26
52,0,0.0,0.5,0,24.5,53.400000000000006,814,80.3,53.8,-22.4,24.281,14.773,4.2,79.0,81.1,77.0,1601,0,98.5,0.25
53,0,0.0,0.5,0,24.5,53.400000000000006,814,80.8,53.8,-22.41,24.234,14.777,4.2,79.0,81.1,77.0,1601,0,98.5,0.25
54,0,0.0,0.5,0,24.6,53.400000000000006,814,81.2,53.8,-22.39,24.188,14.777,4.2,79.0,81.1,77.0,1601,0,98.5,0.26
55,0,0.0,0.5,0,24.6,53.400000000000006,815,81.6,53.7,-22.39,24.156,14.777,4.2,79.0,81.1,77.0,1601,0,98.5,0.26
56,0,0.0,0.51,0,24.6,53.400000000000006,815,81.9,53.8,-22.39,24.117,14.777,4.2,79.0,81.1,77.0,1601,0,98.5,0.26
57,0,0.0,0.51,0,24.6,53.400000000000006,815,82.1,53.8,-22.41,24.086,14.777,4.2,79.0,81.1,77.0,1601,0,98.5,0.26
58,0,0.0,0.51,0,24.6,53.400000000000006,815,82.3,53.8,-22.42,24.062,14.777,4.2,79.0,81.1,78.0,1601,0,98.5,0.26
59,6,0.0,0.51,0,24.6,53.400000000000006,815,82.5,53.9,-22.42,24.047,14.777,4.2,79.0,81.2,78.0,1601,0,98.5,0.25
60,2,0.0,0.5,0,24.5,53.400000000000006,815,82.6,53.9,-22.38,24.031,14.777,4.2,79.0,81.2,78.0,1601,0,98.5,0.25
61,0,0.0,0.5,0,24.5,53.400000000000006,814,82.5,53.9,-22.39,24.016,14.777,4.2,79.0,81.2,78.0,1601,0,98.5,0.24
62,0,0.0,0.49,0,24.5,53.400000000000006,815,82.2,53.9,-22.4,24.016,14.773,4.2,79.0,81.2,78.0,1601,0,98.5,0.25
63,0,0.0,0.5,0,24.5,53.400000000000006,815,82.0,54.0,-22.36,24.008,14.766,4.2,79.0,81.2,78.0,1601,0,98.5,0.25
64,0,0.0,0.51,0,24.4,53.400000000000006,815,81.9,54.0,-22.38,24.0,14.766,4.2,79.0,81.2,78.0,1601,0,98.5,0.25
65,0,0.0,0.5,0,24.4,53.400000000000006,815,81.9,54.0,-22.41,23.992,14.766,4.2,79.0,81.2,78.0,1601,0,98.6,0.25
66,0,0.0,0.51,0,24.4,53.400000000000006,815,81.9,54.1,-22.44,24.008,14.766,4.2,79.0,81.2,78.0,1601,0,98.5,0.24
67,0,0.0,0.49,0,24.5,53.400000000000006,815,82.0,54.1,-22.43,24.023,14.77,4.2,79.0,81.2,78.0,1601,0,98.5,0.24
68,0,0.0,0.5,0,24.5,53.400000000000006,815,82.1,54.1,-22.43,24.047,14.77,4.2,79.0,81.2,78.0,1601,0,98.5,0.25
69,0,0.0,0.5,0,24.4,53.400000000000006,816,82.3,54.1,-22.41,24.078,14.77,4.2,79.0,81.2,78.0,1601,0,98.5,0.25
70,0,0.0,0.5,0,24.4,53.400000000000006,816,82.5,54.2,-22.41,24.117,14.773,4.2,79.0,81.2,78.0,1601,0,98.5,0.25
71,0,0.0,0.5,0,24.4,53.400000000000006,816,82.7,54.2,-22.41,24.156,14.773,4.2,79.0,81.2,78.0,1602,0,98.5,0.25
72,0,0.0,0.5,0,24.4,53.400000000000006,816,82.9,54.2,-22.39,24.195,14.773,4.2,79.0,81.3,78.0,1602,0,98.6,0.24
73,0,0.0,0.5,0,24.5,53.400000000000006,816,83.1,54.2,-22.4,24.234,14.773,4.2,79.0,81.3,78.0,1602,0,98.6,0.25
74,0,0.0,0.5,0,24.5,53.400000000000006,815,83.3,54.3,-22.41,24.273,14.773,4.2,79.0,81.3,78.0,1602,0,98.6,0.25
75,0,0.0,0.5,0,24.5,53.400000000000006,815,83.5,54.2,-22.4,24.312,14.773,4.2,79.0,81.3,78.0,1602,0,98.6,0.26
76,0,0.0,0.51,0,24.5,53.400000000000006,815,83.7,54.3,-22.4,24.352,14.773,4.2,79.0,81.3,78.0,1602,0,98.6,0.25
77,0,0.0,0.51,0,24.5,53.400000000000006,815,84.0,54.3,-22.39,24.375,14.77,4.2,79.0,81.3,78.0,1602,0,98.6,0.26
78,0,0.0,0.51,0,24.5,53.400000000000006,814,84.2,54.3,-22.42,24.398,14.77,4.2,79.0,81.3,78.0,1602,0,98.6,0.25
79,0,0.0,0.5,0,24.5,53.400000000000006,814,84.4,54.3,-22.43,24.406,14.77,4.2,79.0,81.3,78.0,1602,0,98.6,0.25
80,0,0.0,0.5,0,24.5,53.400000000000006,813,84.6,54.2,-22.41,24.414,14.773,4.2,79.0,81.3,78.0,1602,0,98.6,0.24
81,0,0.0,0.51,0,24.6,53.400000000000006,813,84.9,54.3,-22.41,24.414,14.773,4.2,79.0,81.3,78.0,1602,0,98.6,0.25
82,0,0.0,0.51,0,24.6,53.400000000000006,813,85.1,54.3,-22.41,24.422,14.773,4.2,79.0,81.3,78.0,1602,0,98.6,0.25
83,0,0.0,0.51,0,24.6,53.400000000000006,813,85.3,54.3,-22.4,24.414,14.773,4.2,79.0,81.3,78.0,1602,0,98.6,0.25
84,0,0.0,0.51,0,24.5,53.400000000000006,813,85.6,54.3,-22.41,24.406,14.77,4.2,79.0,81.3,78.0,1602,0,98.6,0.25
85,0,0.0,0.51,0,24.5,53.400000000000006,813,85.8,54.3,-22.41,24.398,14.77,4.2,79.0,81.3,78.0,1602,0,98.6,0.25
86,0,0.0,0.51,0,24.5,53.400000000000006,813,86.0,54.4,-22.43,24.375,14.77,4.2,79.0,81.3,79.0,1602,0,98.6,0.24
87,0,0.0,0.49,0,24.5,53.400000000000006,812,86.3,54.4,-22.42,24.352,14.77,4.2,79.0,81.3,79.0,1602,0,98.6,0.24
88,0,0.0,0.5,0,24.5,53.400000000000006,812,86.5,54.4,-22.41,24.336,14.77,4.2,79.0,81.3,79.0,1602,0,98.6,0.24
89,0,0.0,0.51,0,24.5,53.400000000000006,812,86.8,54.4,-22.39,24.312,14.773,4.2,79.0,81.4,79.0,1602,0,98.6,0.24
90,0,0.0,0.5,0,24.6,53.400000000000006,812,87.0,54.5,-22.38,24.297,14.777,4.2,79.0,81.4,79.0,1602,0,98.6,0.25
91,0,0.0,0.51,0,24.5,53.400000000000006,812,87.3,54.5,-22.43,24.289,14.773,4.2,79.0,81.4,79.0,1602,0,98.6,0.26
92,0,0.0,0.51,0,24.5,53.400000000000006,813,87.5,54.5,-22.42,24.281,14.773,4.2,79.0,81.4,79.0,1602,0,98.6,0.24
93,0,0.0,0.51,0,24.5,53.400000000000006,813,87.8,54.6,-22.39,24.281,14.773,4.2,79.0,81.4,79.0,1602,0,98.6,0.25
94,0,0.0,0.5,0,24.5,53.400000000000006,813,88.0,54.6,-22.41,24.281,14.773,4.2,79.0,81.4,79.0,1602,0,98.6,0.25
95,0,0.0,0.5,0,24.5,53.400000000000006,813,88.2,54.6,-22.42,24.289,14.77,4.2,79.0,81.4,79.0,1602,0,98.6,0.24
96,0,0.0,0.51,0,24.5,53.400000000000006,812,88.5,54.7,-22.43,24.281,14.77,4.2,79.0,81.4,79.0,1602,0,98.6,0.25
97,0,0.0,0.52,0,24.5,53.400000000000006,812,88.7,54.7,-22.4,24.281,14.77,4.2,79.0,81.4,79.0,1602,0,98.6,0.25
98,0,0.0,0.51,0,24.5,53.400000000000006,812,89.0,54.7,-22.38,24.273,14.77,4.2,79.0,81.4,79.0,1602,0,98.6,0.24
99,0,0.0,0.51,0,24.5,53.400000000000006,812,89.2,54.7,-22.41,24.266,14.77,4.2,79.0,81.4,79.0,1602,0,98.6,0.24
100,0,0.0,0.5,0,24.5,53.400000000000006,811,89.4,54.7,-22.4,24.266,14.77,4.2,79.0,81.4,79.0,1602,0,98.6,0.24
101,0,0.0,0.51,0,24.5,53.400000000000006,811,89.7,54.8,-22.43,24.25,14.77,4.2,79.0,81.4,79.0,1602,0,98.6,0.24
102,0,0.0,0.5,0,24.5,53.400000000000006,811,89.9,54.8,-22.43,24.242,14.77,4.2,79.0,81.4,79.0,1602,0,98.6,0.24
103,0,0.0,0.51,0,24.5,53.400000000000006,811,90.2,54.8,-22.43,24.227,14.77,4.2,80.0,81.4,79.0,1602,0,98.6,0.25
104,0,0.0,0.5,0,24.5,53.400000000000006,810,90.5,54.9,-22.39,24.219,14.773,4.2,79.0,81.4,79.0,1602,0,98.6,0.23
105,0,0.0,0.5,0,24.5,53.400000000000006,811,90.7,55.0,-22.41,24.211,14.77,4.2,79.0,81.5,79.0,1602,0,98.6,0.23
106,0,0.0,0.5,0,24.5,53.400000000000006,811,90.9,55.0,-22.39,24.203,14.77,4.2,79.0,81.5,79.0,1602,0,98.6,0.24
107,0,0.0,0.51,0,24.5,53.400000000000006,810,91.2,54.9,-22.41,24.203,14.77,4.2,79.0,81.5,79.0,1602,0,98.6,0.24
108,0,0.0,0.49,0,24.4,53.400000000000006,811,91.4,55.0,-22.4,24.203,14.77,4.2,79.0,81.5,79.0,1602,0,98.6,0.23
109,0,0.0,0.5,0,24.4,53.400000000000006,811,91.7,55.1,-22.41,24.219,14.77,4.2,79.0,81.5,79.0,1602,0,98.6,0.25
110,0,0.0,0.49,0,24.4,53.400000000000006,812,91.9,55.0,-22.41,24.234,14.77,4.2,79.0,81.5,79.0,1602,0,98.6,0.24
111,0,0.0,0.5,0,24.4,53.400000000000006,812,92.2,55.0,-22.43,24.266,14.77,4.2,79.0,81.5,79.0,1602,0,98.6,0.24
112,0,0.0,0.51,0,24.4,53.400000000000006,812,92.4,55.1,-22.42,24.289,14.773,4.2,79.0,81.5,79.0,1602,0,98.6,0.24
113,0,0.0,0.5,0,24.4,53.400000000000006,812,92.7,55.1,-22.41,24.312,14.77,4.2,79.0,81.5,79.0,1602,0,98.6,0.26
114,0,0.0,0.5,0,24.4,53.400000000000006,812,92.9,55.1,-22.4,24.336,14.77,4.2,79.0,81.5,79.0,1602,0,98.6,0.25
115,0,0.0,0.5,0,24.4,53.400000000000006,812,93.1,55.1,-22.39,24.359,14.77,4.2,79.0,81.5,79.0,1602,0,98.6,0.26
116,0,0.0,0.5,0,24.3,53.400000000000006,813,93.4,55.2,-22.41,24.375,14.766,4.2,80.0,81.5,79.0,1602,0,98.6,0.25
117,0,0.0,0.5,0,24.3,53.400000000000006,813,93.6,55.2,-22.42,24.398,14.766,4.2,79.0,81.5,80.0,1602,0,98.6,0.25
118,0,0.0,0.49,0,24.4,53.400000000000006,813,93.8,55.2,-22.4,24.414,14.77,4.2,79.0,81.5,80.0,1602,0,98.6,0.25
119,0,0.0,0.5,0,24.4,53.400000000000006,812,94.1,55.2,-22.41,24.422,14.77,4.2,79.0,81.5,80.0,1602,0,98.6,0.25
120,0,0.0,0.51,0,24.4,53.400000000000006,812,94.3,55.3,-22.41,24.422,14.766,4.2,79.0,81.5,80.0,1602,0,98.6,0.25
121,0,0.0,0.5,0,24.4,53.400000000000006,812,94.5,55.3,-22.42,24.422,14.766,4.2,80.0,81.6,80.0,1602,0,98.6,0.25
122,0,0.0,0.5,0,24.4,53.400000000000006,811,94.7,55.3,-22.39,24.422,14.77,4.2,79.0,81.6,80.0,1602,0,98.6,0.25
123,0,0.0,0.51,0,24.4,53.400000000000006,811,95.0,55.4,-22.41,24.414,14.77,4.2,79.0,81.6,80.0,1602,0,98.6,0.25
124,0,0.0,0.5,0,24.5,53.400000000000006,811,95.2,55.3,-22.42,24.422,14.77,4.2,79.0,81.6,80.0,1602,0,98.6,0.25
125,0,0.0,0.49,0,24.5,53.400000000000006,812,95.4,55.4,-22.41,24.422,14.77,4.2,79.0,81.6,80.0,1602,0,98.6,0.25
126,0,0.0,0.5,0,24.4,53.400000000000006,813,95.6,55.4,-22.41,24.438,14.77,4.2,79.0,81.6,80.0,1602,0,98.6,0.25
127,0,0.0,0.5,0,24.4,53.400000000000006,813,95.9,55.4,-22.43,24.445,14.773,4.2,79.0,81.6,80.0,1602,0,98.6,0.25
128,0,0.0,0.51,0,24.5,53.400000000000006,814,96.1,55.4,-22.41,24.461,14.773,4.2,79.0,81.6,80.0,1602,0,98.6,0.25
129,0,0.0,0.51,0,24.4,53.400000000000006,815,96.3,55.5,-22.41,24.484,14.773,4.2,79.0,81.6,80.0,1602,0,98.6,0.25
130,0,0.0,0.5,0,24.3,53.400000000000006,815,96.6,55.4,-22.39,24.516,14.77,4.2,79.0,81.6,80.0,1602,0,98.6,0.24
131,0,0.0,0.5,0,24.2,53.400000000000006,815,96.8,55.5,-22.4,24.539,14.773,4.2,79.0,81.6,80.0,1602,0,98.6,0.25
132,0,0.0,0.5,0,24.2,53.400000000000006,815,97.0,55.5,-22.42,24.57,14.777,4.2,80.0,81.6,80.0,1602,0,98.6,0.25
133,0,0.0,0.5,0,24.4,53.400000000000006,815,97.2,55.6,-22.43,24.594,14.773,4.2,79.0,81.6,80.0,1602,0,98.6,0.25
134,0,0.0,0.5,0,24.5,53.400000000000006,815,97.4,55.5,-22.41,24.625,14.773,4.2,79.0,81.6,80.0,1602,0,98.6,0.24
135,0,0.0,0.49,0,24.5,53.400000000000006,814,97.7,55.6,-22.41,24.648,14.773,4.2,79.0,81.6,80.0,1602,0,98.6,0.25
136,0,0.0,0.5,0,24.5,53.400000000000006,814,97.9,55.6,-22.43,24.664,14.773,4.2,79.0,81.6,80.0,1602,0,98.6,0.25
137,0,0.0,0.49,0,24.5,53.400000000000006,813,98.1,55.6,-22.4,24.664,14.77,4.2,79.0,81.6,80.0,1602,0,98.6,0.25
138,0,0.0,0.5,0,24.5,53.400000000000006,812,98.3,55.6,-22.41,24.672,14.773,4.2,79.0,81.6,80.0,1602,0,98.6,0.25
139,0,0.0,0.5,0,24.4,53.400000000000006,811,98.6,55.6,-22.41,24.656,14.773,4.2,79.0,81.6,80.0,1602,0,98.6,0.25
140,0,0.0,0.49,0,24.4,53.400000000000006,811,98.8,55.6,-22.42,24.633,14.777,4.2,79.0,81.7,80.0,1602,0,98.6,0.25
141,0,0.0,0.49,0,24.3,53.400000000000006,811,99.1,55.6,-22.41,24.609,14.777,4.2,80.0,81.7,80.0,1602,0,98.6,0.26
142,0,0.0,0.48,0,24.4,53.400000000000006,811,99.3,55.7,-22.42,24.578,14.777,4.2,80.0,81.7,80.0,1602,0,98.6,0.25
143,0,0.0,0.5,0,24.4,53.400000000000006,810,99.5,55.7,-22.4,24.547,14.777,4.2,80.0,81.7,80.0,1602,0,98.6,0.25
144,0,0.0,0.5,0,24.4,53.400000000000006,810,99.7,55.7,-22.41,24.508,14.773,4.2,79.0,81.7,80.0,1602,0,98.6,0.24
145,0,0.0,0.49,0,24.3,53.400000000000006,810,100.0,55.7,-22.38,24.469,14.773,4.2,80.0,81.7,80.0,1602,0,98.6,0.24
146,0,0.0,0.5,0,24.4,53.400000000000006,810,100.2,55.7,-22.41,24.438,14.773,4.2,80.0,81.7,80.0,1602,0,98.6,0.24
147,0,0.0,0.5,0,24.5,53.400000000000006,810,100.4,55.7,-22.41,24.398,14.773,4.2,80.0,81.7,80.0,1602,0,98.6,0.24
148,0,0.0,0.49,0,24.5,53.400000000000006,810,100.7,55.7,-22.41,24.359,14.773,4.2,79.0,81.7,80.0,1602,0,98.6,0.24
149,0,0.0,0.5,0,24.5,53.400000000000006,810,100.9,55.6,-22.4,24.32,14.773,4.2,79.0,81.7,80.0,1602,0,98.6,0.24
150,0,0.0,0.5,0,24.5,53.400000000000006,810,101.1,55.7,-22.43,24.297,14.777,4.2,80.0,81.7,80.0,1602,0,98.6,0.24
151,0,0.0,0.49,0,24.5,53.400000000000006,811,101.4,55.6,-22.41,24.273,14.777,4.2,80.0,81.7,81.0,1602,0,98.6,0.24
152,0,0.0,0.5,0,24.5,53.400000000000006,811,101.6,55.7,-22.43,24.258,14.781,4.2,79.0,81.7,81.0,1602,0,98.6,0.25
153,0,0.0,0.49,0,24.6,53.400000000000006,812,101.8,55.7,-22.41,24.258,14.785,4.2,79.0,81.7,81.0,1602,0,98.6,0.25
154,0,0.0,0.49,0,24.6,53.400000000000006,813,102.0,55.7,-22.41,24.281,14.781,4.2,80.0,81.7,81.0,1602,0,98.6,0.25
155,0,0.0,0.48,0,24.5,53.400000000000006,812,102.3,55.7,-22.42,24.289,14.781,4.2,80.0,81.7,81.0,1602,0,98.6,0.25
156,0,0.0,0.49,0,24.5,53.400000000000006,811,102.5,55.6,-22.42,24.305,14.781,4.2,80.0,81.7,81.0,1602,0,98.6,0.25
157,0,0.0,0.49,0,24.5,53.400000000000006,811,102.7,55.7,-22.42,24.32,14.777,4.2,80.0,81.7,81.0,1602,0,98.6,0.25
158,0,0.0,0.48,0,24.5,53.400000000000006,812,102.9,55.6,-22.42,24.336,14.777,4.2,80.0,81.8,81.0,1602,0,98.6,0.25
159,0,0.0,0.49,0,24.5,53.400000000000006,812,103.2,55.6,-22.41,24.367,14.773,4.2,80.0,81.7,81.0,1602,0,98.6,0.26
160,0,0.0,0.49,0,24.5,53.400000000000006,812,103.4,55.7,-22.4,24.406,14.773,4.2,79.0,81.8,81.0,1600,0,98.6,0.25
161,0,0.0,8.04,1,24.3,53.300000000000004,815,103.6,55.6,-22.4,24.445,14.773,4.2,79.0,81.8,81.0,1595,1,98.6,0.25
162,0,0.0,9.23,1,24.2,53.400000000000006,828,103.8,55.6,-22.42,24.484,14.773,4.2,80.0,81.8,81.0,1592,1,98.6,0.25
163,0,0.0,10.56,1,24.2,53.400000000000006,841,104.0,55.6,-22.4,24.516,14.77,4.2,80.0,81.9,81.0,1591,1,98.6,0.24
164,0,0.0,11.63,1,24.2,53.400000000000006,850,104.2,55.7,-22.4,24.555,14.773,4.2,80.0,82.0,81.0,1591,1,98.6,0.25
165,0,0.0,12.79,1,24.3,53.400000000000006,856,104.5,55.7,-22.38,24.57,14.773,4.2,80.0,82.1,81.0,1590,1,98.6,0.25
166,0,0.0,13.84,1,24.3,53.400000000000006,860,104.6,55.9,-22.41,24.578,14.773,4.2,80.0,82.2,81.0,1590,1,98.6,0.25
167,0,0.0,15.02,1,24.2,53.400000000000006,862,104.9,55.9,-22.4,24.594,14.773,4.2,80.0,82.4,81.0,1590,1,98.6,0.25
168,0,0.0,15.34,1,24.3,53.400000000000006,861,105.1,55.8,-22.41,24.602,14.773,4.2,80.0,82.6,81.0,1591,1,98.6,0.25
169,0,0.0,15.6,1,24.4,53.400000000000006,861,105.3,55.9,-22.41,24.602,14.773,4.2,81.0,82.8,81.0,1591,1,98.6,0.25
170,0,0.0,15.86,1,24.4,53.400000000000006,860,105.5,55.9,-22.41,24.594,14.77,4.2,81.0,83.0,81.0,1591,1,98.6,0.25
171,0,0.0,16.1,1,24.3,53.400000000000006,859,105.7,55.9,-22.4,24.586,14.77,4.2,81.0,83.2,81.0,1591,1,98.6,0.25
172,0,0.0,16.34,1,24.3,53.400000000000006,857,105.9,55.8,-22.4,24.57,14.77,4.2,81.0,83.4,81.0,1591,1,98.6,0.25
173,0,0.0,16.57,1,24.4,53.400000000000006,856,106.1,55.9,-22.39,24.539,14.77,4.2,81.0,83.6,81.0,1591,1,98.6,0.25
174,0,0.0,16.74,1,24.4,53.400000000000006,854,106.3,55.8,-22.39,24.492,14.77,4.2,82.0,83.8,81.0,1591,1,98.6,0.26
175,0,0.0,16.96,1,24.4,53.400000000000006,853,106.5,55.8,-22.38,24.453,14.773,4.2,82.0,84.0,81.0,1591,1,98.6,0.25
176,0,0.0,17.12,1,24.4,53.400000000000006,852,106.6,55.8,-22.36,24.398,14.773,4.2,82.0,84.2,81.0,1591,1,98.6,0.25
177,0,0.0,17.11,1,24.4,53.400000000000006,851,106.8,55.8,-22.36,24.352,14.77,4.2,82.0,84.4,81.0,1591,1,98.6,0.25
178,0,0.0,17.08,1,24.4,53.400000000000006,850,107.0,55.9,-22.38,24.312,14.77,4.2,82.0,84.6,81.0,1591,1,98.6,0.26
179,0,0.0,17.1,1,24.4,53.400000000000006,849,107.2,55.8,-22.4,24.266,14.773,4.2,83.0,84.7,81.0,1591,1,98.6,0.25
180,0,0.0,17.11,1,24.4,53.400000000000006,849,107.4,55.8,-22.27,24.227,14.773,4.2,83.0,84.9,81.0,1591,1,98.6,0.24
181,0,0.0,17.08,1,24.4,53.400000000000006,849,107.6,55.8,-21.84,24.18,14.77,4.2,83.0,85.1,81.0,1591,1,98.6,0.24
182,0,0.0,23.1,1,25.900000000000002,56.2,855,107.8,56.9,-15.52,24.141,14.77,4.2,83.0,85.2,81.0,1592,1,98.6,0.25
183,0,0.0,30.86,1,30.8,64.0,935,108.0,59.9,-15.81,24.117,14.766,4.2,83.0,85.4,81.0,1592,1,98.6,0.25
184,0,0.0,31.79,1,33.2,64.60000000000001,988,108.1,60.4,-15.73,24.094,14.766,4.2,84.0,85.6,81.0,1592,1,98.6,0.25
185,0,0.0,32.54,1,34.1,64.60000000000001,961,108.4,60.4,-15.81,24.07,14.766,4.2,84.0,85.8,81.0,1592,1,98.6,0.25
186,0,0.0,32.89,1,34.4,64.7,923,108.5,60.5,-15.76,24.039,14.766,4.2,84.0,86.0,81.0,1592,1,98.6,0.25
187,0,0.0,33.77,1,34.699999999999996,65.0,893,108.8,60.5,-6.59,24.016,14.762,4.2,84.0,86.3,81.0,1592,1,98.6,0.24
188,0,0.0,48.44,1,42.4,74.1,914,109.0,63.9,-1.92,24.0,14.762,4.2,84.0,86.5,81.0,1592,1,98.6,0.25
189,0,0.0,44.79,1,56.39999999999999,82.1,1000,109.3,67.4,-6.86,24.0,14.75,4.2,85.0,86.8,81.0,1592,1,98.6,0.26
190,1,0.0,44.5,1,58.3,79.9,1038,109.6,67.3,-6.89,24.016,14.754,4.2,85.0,87.2,82.0,1592,1,98.6,0.25
191,2,0.0,44.54,1,57.99999999999999,79.80000000000001,1016,109.9,67.1,-7.32,24.016,14.758,4.2,85.0,87.5,82.0,1592,1,98.6,0.25
192,2,0.0,44.55,1,57.99999999999999,79.9,998,110.2,67.4,-6.88,24.016,14.766,4.2,86.0,87.9,82.0,1592,1,98.6,0.25
193,2,0.0,44.57,1,57.99999999999999,79.9,988,110.5,67.4,-6.96,24.0,14.773,4.2,86.0,88.3,82.0,1592,1,98.6,0.25
194,3,0.0,44.58,1,57.699999999999996,79.9,982,110.7,67.3,-7.02,23.977,14.781,4.2,86.0,88.7,82.0,1592,1,98.6,0.25
195,3,0.0,44.6,1,57.599999999999994,79.9,978,111.0,67.2,-7.05,23.938,14.781,4.2,87.0,89.0,82.0,1592,1,98.6,0.25
196,4,0.0,44.49,1,57.4,79.80000000000001,976,111.1,67.3,-7.02,23.898,14.785,4.2,87.0,89.3,82.0,1592,1,98.5,0.25
197,5,0.0,44.41,1,57.4,79.80000000000001,975,111.2,67.2,-6.96,23.859,14.785,4.2,87.0,89.6,82.0,1592,1,98.5,0.26
198,6,0.0,44.44,1,56.699999999999996,79.2,975,111.3,66.9,-9.01,23.812,14.785,4.2,88.0,89.9,82.0,1592,1,98.6,0.25
199,7,0.0,44.14,1,52.400000000000006,76.5,955,111.4,65.6,-10.57,23.758,14.789,4.2,88.0,90.1,82.0,1592,1,98.6,0.25
200,7,0.0,44.28,1,48.199999999999996,74.1,921,111.5,64.6,-11.5,23.711,14.789,4.2,88.0,90.4,82.0,1592,1,98.5,0.25
201,8,0.0,44.31,1,46.1,73.4,898,111.6,64.4,-11.61,23.672,14.789,4.2,88.0,90.6,82.0,1592,1,98.5,0.25
202,8,0.0,45.21,1,45.4,73.3,893,111.8,64.1,-11.74,23.648,14.789,4.2,89.0,90.8,82.0,1592,1,98.6,0.25
203,8,0.0,44.92,1,45.0,73.1,893,112.0,64.0,-11.77,23.633,14.789,4.2,89.0,91.0,82.0,1592,1,98.5,0.25
204,8,0.0,44.78,1,44.9,73.1,893,112.2,64.0,-11.72,23.609,14.793,4.2,89.0,91.2,82.0,1592,1,98.5,0.24
205,8,0.0,44.84,1,45.0,73.1,894,112.4,63.8,-12.16,23.594,14.793,4.2,90.0,91.4,82.0,1593,1,98.5,0.24
206,8,0.0,42.75,1,42.8,70.6,888,112.6,63.3,-15.45,23.586,14.793,4.2,90.0,91.6,82.0,1593,1,98.5,0.24
207,9,0.0,38.42,1,39.2,67.4,862,112.9,61.7,-16.46,23.578,14.793,4.2,90.0,91.8,82.0,1593,1,98.5,0.24
208,9,0.0,34.46,1,36.199999999999996,65.0,835,113.1,60.9,-16.55,23.562,14.793,4.2,90.0,91.9,82.0,1593,1,98.5,0.25
209,9,0.0,31.22,1,34.0,63.2,816,113.3,60.3,-16.5,23.555,14.793,4.2,90.0,91.9,82.0,1593,1,98.5,0.25
210,9,0.0,31.33,1,33.1,63.0,810,113.6,60.3,-16.27,23.555,14.793,4.2,90.0,91.9,82.0,1593,1,98.5,0.24
211,9,0.0,32.09,1,33.1,63.6,817,113.9,60.4,-16.12,23.562,14.793,4.2,90.0,91.9,82.0,1593,1,98.5,0.24
212,9,0.0,31.97,1,33.300000000000004,63.800000000000004,826,114.2,60.7,-16.13,23.57,14.793,4.2,90.0,91.8,82.0,1593,1,98.5,0.24
213,9,0.0,31.95,1,33.4,63.800000000000004,830,114.5,60.5,-16.14,23.594,14.789,4.2,90.0,91.7,82.0,1593,1,98.5,0.25
214,9,0.0,31.75,1,33.4,63.800000000000004,832,114.8,60.5,-16.14,23.617,14.793,4.2,90.0,91.7,82.0,1593,1,98.5,0.25
215,9,0.0,31.73,1,33.300000000000004,63.800000000000004,833,115.1,60.6,-16.12,23.641,14.793,4.2,90.0,91.5,82.0,1593,1,98.5,0.24
216,9,0.0,31.85,1,33.4,63.800000000000004,833,115.3,60.7,-16.13,23.672,14.793,4.2,89.0,91.5,82.0,1593,1,98.5,0.25
217,9,0.0,32.01,1,33.5,63.9,833,115.7,60.9,-16.05,23.703,14.793,4.2,89.0,91.3,82.0,1593,1,98.5,0.25
218,9,0.0,32.24,1,33.6,64.0,833,116.0,60.9,-15.87,23.719,14.793,4.2,89.0,91.2,82.0,1593,1,98.5,0.24
219,9,0.0,33.5,1,34.0,64.7,835,116.3,61.3,-15.52,23.742,14.793,4.2,89.0,91.2,82.0,1593,1,98.5,0.25
220,10,0.0,34.54,1,34.699999999999996,65.4,841,116.6,61.5,-15.35,23.766,14.793,4.2,90.0,91.2,82.0,1593,1,98.5,0.25
221,10,0.0,34.95,1,35.099999999999994,65.60000000000001,844,116.8,61.5,-15.33,23.797,14.793,4.2,89.0,91.2,82.0,1593,1,98.5,0.24
222,10,0.0,34.94,1,35.199999999999996,65.60000000000001,843,117.1,61.7,-15.39,23.828,14.793,4.2,90.0,91.2,82.0,1593,1,98.5,0.24
223,10,0.0,34.95,1,35.199999999999996,65.5,840,117.3,61.6,-15.38,23.859,14.793,4.2,90.0,91.2,82.0,1593,1,98.5,0.25
224,10,0.0,34.93,1,35.199999999999996,65.60000000000001,837,117.6,61.7,-15.36,23.906,14.793,4.2,90.0,91.3,82.0,1593,1,98.4,0.24
225,10,0.0,31.25,1,34.2,64.3,835,117.9,61.4,-22.39,23.953,14.793,4.2,90.0,91.4,82.0,1593,1,98.5,0.24
226,11,0.0,26.89,1,31.7,61.0,815,118.1,60.2,-22.39,23.992,14.793,4.2,90.0,91.4,82.0,1593,1,98.5,0.24
227,10,0.0,23.44,1,29.5,58.4,792,118.4,59.1,-22.39,24.023,14.793,4.2,90.0,91.4,82.0,1593,1,98.5,0.24
228,10,0.0,20.96,1,27.6,56.3,778,118.7,58.2,-22.39,24.039,14.793,4.2,90.0,91.5,82.0,1593,1,98.4,0.25
229,9,0.0,18.75,1,26.1,54.400000000000006,771,119.0,57.3,-22.41,24.039,14.793,4.2,90.0,91.5,82.0,1593,1,98.4,0.24
230,8,0.0,18.14,1,25.0,53.400000000000006,770,119.2,56.9,-22.43,24.031,14.793,4.2,90.0,91.5,82.0,1593,1,98.4,0.24
231,7,0.0,18.03,1,24.6,53.400000000000006,782,119.4,56.9,-22.39,24.0,14.793,4.2,90.0,91.5,82.0,1593,1,98.4,0.24
232,6,0.0,17.77,1,24.4,53.400000000000006,798,119.6,56.9,-22.41,23.969,14.793,4.2,90.0,91.5,82.0,1594,1,98.4,0.24
233,5,0.0,17.66,1,24.4,53.400000000000006,811,119.8,56.8,-22.39,23.938,14.793,4.2,90.0,91.5,82.0,1594,1,98.4,0.24
234,5,0.0,17.55,1,24.3,53.400000000000006,821,120.0,56.9,-22.41,23.906,14.793,4.2,90.0,91.5,82.0,1594,1,98.4,0.24
235,4,0.0,17.31,1,24.3,53.400000000000006,829,120.3,56.8,-22.39,23.875,14.789,4.2,90.0,91.4,82.0,1594,1,98.4,0.24
236,2,0.0,17.19,1,24.3,53.400000000000006,834,120.5,56.9,-22.39,23.852,14.793,4.2,90.0,91.4,82.0,1594,1,98.4,0.24
237,1,0.0,17.05,1,24.3,53.400000000000006,839,120.7,56.9,-22.4,23.836,14.789,4.2,90.0,91.3,82.0,1594,1,98.4,0.24
238,0,0.0,16.92,1,24.3,53.400000000000006,842,121.0,56.9,-22.39,23.828,14.789,4.2,89.0,91.3,82.0,1594,1,98.4,0.25
239,0,0.0,16.94,1,24.3,53.400000000000006,843,121.2,56.9,-22.41,23.812,14.789,4.2,89.0,91.3,83.0,1594,1,98.4,0.24
240,0,0.0,16.99,1,24.3,53.400000000000006,845,121.5,57.0,-22.4,23.805,14.789,4.2,90.0,91.3,83.0,1594,1,98.4,0.24
241,0,0.0,16.92,1,24.3,53.400000000000006,846,121.7,57.0,-22.4,23.797,14.793,4.2,89.0,91.2,83.0,1594,1,98.4,0.24
242,0,0.0,16.98,1,24.3,53.400000000000006,846,122.0,57.0,-22.41,23.789,14.793,4.2,90.0,91.2,83.0,1594,1,98.4,0.24
243,0,0.0,16.96,1,24.3,53.400000000000006,846,122.2,57.0,-22.41,23.773,14.793,4.2,89.0,91.2,83.0,1594,1,98.4,0.25
244,0,0.0,16.99,1,24.3,53.400000000000006,846,122.4,57.1,-22.41,23.766,14.793,4.2,89.0,91.2,83.0,1594,1,98.4,0.25
245,0,0.0,16.97,1,24.3,53.400000000000006,846,122.6,57.1,-22.39,23.758,14.793,4.2,89.0,91.2,83.0,1594,1,98.4,0.25
246,0,0.0,16.95,1,24.3,53.400000000000006,846,122.8,57.0,-22.39,23.75,14.793,4.2,89.0,91.2,83.0,1594,1,98.4,0.25
247,0,0.0,17.0,1,24.3,53.400000000000006,846,123.1,57.0,-22.39,23.75,14.793,4.2,89.0,91.2,83.0,1594,1,98.4,0.25
248,0,0.0,16.99,1,24.3,53.400000000000006,846,123.3,57.1,-22.41,23.75,14.793,4.2,89.0,91.2,83.0,1594,1,98.4,0.25
249,0,0.0,16.95,1,24.3,53.400000000000006,846,123.5,57.0,-22.4,23.75,14.793,4.2,90.0,91.2,83.0,1594,1,98.4,0.24
250,0,0.0,16.99,1,24.3,53.400000000000006,846,123.7,57.1,-22.41,23.75,14.793,4.2,90.0,91.2,83.0,1594,1,98.3,0.24
251,0,0.0,16.97,1,24.3,53.400000000000006,846,123.9,57.1,-22.41,23.75,14.789,4.2,89.0,91.2,83.0,1594,1,98.4,0.24
252,0,0.0,16.96,1,24.3,53.400000000000006,846,124.1,57.0,-22.17,23.75,14.793,4.2,89.0,91.3,83.0,1594,1,98.3,0.24
253,0,0.0,17.0,1,24.3,53.400000000000006,845,124.3,57.1,-21.7,23.75,14.793,4.2,90.0,91.3,83.0,1594,1,98.3,0.24
254,0,0.0,21.84,1,25.900000000000002,56.49999999999999,852,124.5,57.8,-14.82,23.742,14.789,4.2,89.0,91.3,83.0,1594,1,98.3,0.25
255,0,0.0,33.65,1,31.6,65.4,934,124.7,61.9,-14.67,23.75,14.789,4.2,89.0,91.4,83.0,1594,1,98.3,0.25
256,0,0.0,35.82,1,35.199999999999996,66.9,1002,124.9,62.4,-14.8,23.75,14.793,4.2,89.0,91.5,83.0,1594,1,98.3,0.25
257,0,0.0,36.77,1,36.4,66.9,977,125.1,62.5,-15.05,23.75,14.793,4.2,90.0,91.6,83.0,1594,1,98.3,0.25
258,0,0.0,38.47,1,37.0,67.4,935,125.4,62.7,-13.18,23.734,14.789,4.2,90.0,91.8,83.0,1594,1,98.3,0.24
259,0,0.0,43.84,1,40.300000000000004,71.0,923,125.6,64.3,-12.18,23.727,14.789,4.2,90.0,92.0,83.0,1594,1,98.3,0.25
260,0,0.0,44.25,1,44.5,74.3,933,125.9,65.8,-9.91,23.719,14.789,4.2,90.0,92.2,83.0,1594,1,98.3,0.25
261,1,0.0,44.24,1,47.9,75.8,951,126.2,66.4,-9.78,23.719,14.789,4.2,91.0,92.3,83.0,1594,1,98.3,0.25
262,1,0.0,44.44,1,49.1,76.0,954,126.6,66.7,-9.82,23.719,14.789,4.2,91.0,92.6,83.0,1594,1,98.3,0.25
263,1,0.0,44.21,1,49.3,75.9,947,126.8,66.8,-9.81,23.719,14.789,4.2,91.0,92.8,83.0,1595,1,98.3,0.26
264,2,0.0,44.33,1,49.4,76.0,940,127.1,66.7,-9.77,23.711,14.789,4.2,91.0,93.0,83.0,1595,1,98.3,0.25
265,2,0.0,44.35,1,49.5,76.0,936,127.3,66.5,-9.88,23.711,14.789,4.2,91.0,93.2,83.0,1595,1,98.3,0.25
266,3,0.0,44.16,1,49.4,75.9,932,127.4,66.5,-9.85,23.695,14.789,4.2,92.0,93.4,83.0,1595,1,98.3,0.25
267,4,0.0,44.3,1,49.3,75.9,929,127.6,66.6,-9.8,23.68,14.789,4.2,92.0,93.6,83.0,1595,1,98.3,0.25
268,5,0.0,44.33,1,49.3,75.9,928,127.7,66.5,-9.78,23.672,14.789,4.2,92.0,93.8,83.0,1595,1,98.3,0.25
269,6,0.0,44.3,1,49.4,76.0,928,127.8,66.5,-9.8,23.672,14.789,4.2,92.0,93.9,83.0,1595,1,98.3,0.25
270,6,0.0,44.43,1,49.4,76.0,928,127.9,66.6,-9.79,23.664,14.789,4.2,92.0,94.1,83.0,1595,1,98.3,0.25
271,7,0.0,44.16,1,49.5,76.0,929,127.9,66.5,-9.82,23.664,14.789,4.2,92.0,94.2,83.0,1595,1,98.2,0.25
272,7,0.0,44.1,1,49.4,76.0,930,128.0,66.6,-9.84,23.672,14.793,4.2,92.0,94.3,83.0,1595,1,98.3,0.25
273,8,0.0,44.19,1,49.4,75.9,929,128.1,66.7,-9.82,23.672,14.793,4.2,93.0,94.5,83.0,1595,1,98.2,0.24
274,9,0.0,44.15,1,49.4,76.0,929,128.2,66.6,-9.8,23.68,14.793,4.2,93.0,94.6,83.0,1595,1,98.2,0.24
275,9,0.0,44.25,1,49.4,75.9,928,128.3,66.6,-9.82,23.68,14.789,4.2,93.0,94.7,83.0,1595,1,98.2,0.24
276,10,0.0,44.18,1,49.4,75.9,928,128.5,66.6,-9.78,23.688,14.793,4.2,93.0,94.8,83.0,1595,1,98.2,0.24
277,10,0.0,44.11,1,49.4,76.0,929,128.6,66.5,-9.82,23.68,14.793,4.2,93.0,94.9,83.0,1595,1,98.2,0.23
278,10,0.0,44.05,1,49.4,76.0,930,128.8,66.5,-9.79,23.695,14.793,4.2,93.0,95.0,83.0,1595,1,98.2,0.24
279,10,0.0,44.18,1,49.4,76.0,930,129.0,66.4,-9.85,23.727,14.793,4.2,93.0,95.1,83.0,1595,1,98.2,0.25
280,9,0.0,44.07,1,49.4,75.9,930,129.2,66.5,-9.79,23.766,14.793,4.2,93.0,95.2,83.0,1595,1,98.2,0.25
281,8,0.0,44.05,1,49.5,76.0,930,129.3,66.6,-9.79,23.797,14.793,4.2,93.0,95.3,83.0,1595,1,98.2,0.25
282,8,0.0,44.11,1,49.6,76.0,930,129.4,66.8,-9.8,23.836,14.793,4.2,93.0,95.4,83.0,1595,1,98.2,0.25
283,9,0.0,44.16,1,49.7,76.0,931,129.5,66.6,-9.73,23.867,14.793,4.2,94.0,95.4,83.0,1595,1,98.2,0.25
284,10,0.0,44.14,1,49.7,76.0,932,129.7,66.6,-9.8,23.891,14.793,4.2,93.0,95.5,83.0,1595,1,98.2,0.25
285,10,0.0,44.09,1,49.7,75.9,931,129.9,66.6,-9.81,23.906,14.793,4.2,94.0,95.6,83.0,1595,1,98.2,0.25
286,11,0.0,44.11,1,49.5,75.9,931,130.0,66.6,-9.75,23.938,14.793,4.2,94.0,95.7,83.0,1595,1,98.2,0.26
287,11,0.0,44.14,1,48.1,74.6,930,130.3,66.1,-22.12,23.961,14.793,4.2,94.0,95.8,83.0,1595,1,98.2,0.25
288,11,0.0,41.22,1,42.5,69.69999999999999,901,130.6,64.0,-22.28,23.961,14.793,4.2,94.0,95.9,83.0,1595,1,98.1,0.24
289,11,0.0,36.65,1,38.2,66.60000000000001,860,130.8,62.6,-22.38,23.938,14.793,4.2,94.0,95.9,83.0,1595,1,98.1,0.25
290,11,0.0,32.4,1,35.099999999999994,64.3,831,131.1,61.6,-21.98,23.914,14.793,4.2,94.0,96.0,83.0,1595,1,98.1,0.25
291,11,0.0,29.27,1,32.800000000000004,62.3,813,131.3,61.0,-21.81,23.891,14.793,4.2,94.0,96.0,83.0,1595,1,98.1,0.24
292,10,0.0,26.29,1,31.0,60.4,801,131.6,60.0,-21.57,23.875,14.793,4.2,94.0,96.0,83.0,1595,1,98.1,0.25
293,8,0.0,23.81,1,29.299999999999997,58.599999999999994,794,131.7,59.4,-21.43,23.852,14.793,4.2,94.0,95.9,84.0,1595,1,98.1,0.25
294,7,0.0,21.64,1,27.900000000000002,56.89999999999999,790,131.8,58.7,-21.3,23.844,14.789,4.2,94.0,95.9,84.0,1595,1,98.1,0.25
295,5,0.0,21.31,1,27.0,55.60000000000001,788,132.0,58.1,-14.3,23.844,14.793,4.2,94.0,95.8,84.0,1595,1,98.1,0.24
296,5,0.0,33.06,1,30.8,63.9,836,132.1,61.3,-14.61,23.875,14.793,4.2,94.0,95.7,84.0,1595,1,98.1,0.24
297,4,0.0,36.11,1,35.0,67.10000000000001,933,132.4,62.8,-14.52,23.891,14.793,4.2,93.0,95.7,84.0,1596,1,98.1,0.24
298,4,0.0,37.04,1,36.5,67.2,950,132.7,63.0,-14.58,23.914,14.789,4.2,94.0,95.7,84.0,1596,1,98.1,0.25
299,3,0.0,37.57,1,36.8,67.10000000000001,924,133.0,62.8,-14.67,23.945,14.789,4.2,94.0,95.7,84.0,1596,1,98.1,0.24
300,3,0.0,38.02,1,36.9,67.2,899,133.3,62.9,-14.46,23.953,14.789,4.2,94.0,95.8,84.0,1596,1,98.1,0.25
301,3,0.0,43.27,1,38.800000000000004,69.8,886,133.7,63.8,-12.16,23.961,14.789,4.2,94.0,95.8,84.0,1596,1,98.0,0.25
302,2,0.0,43.94,1,42.3,72.6,908,134.1,64.9,-11.93,23.953,14.789,4.2,94.0,95.9,84.0,1596,1,98.0,0.24
303,2,0.0,43.95,1,43.7,72.89999999999999,917,134.5,65.2,-11.89,23.938,14.789,4.2,94.0,96.0,84.0,1596,1,98.0,0.25
304,2,0.0,44.11,1,44.1,73.0,911,134.9,65.2,-11.68,23.922,14.789,4.2,94.0,96.1,84.0,1596,1,98.0,0.24
305,1,0.0,43.94,1,44.5,73.2,903,135.2,65.4,-11.74,23.891,14.789,4.2,94.0,96.2,84.0,1596,1,98.0,0.24
306,1,0.0,44.16,1,44.6,73.2,897,135.5,65.5,-11.75,23.867,14.789,4.2,94.0,96.4,84.0,1596,1,98.0,0.25
307,1,0.0,43.97,1,44.7,73.3,892,135.8,65.5,-11.62,23.828,14.789,4.2,94.0,96.5,84.0,1596,1,98.0,0.25
308,2,0.0,43.93,1,44.800000000000004,73.3,891,136.1,65.6,-11.64,23.797,14.789,4.2,95.0,96.6,84.0,1596,1,98.0,0.24
309,2,0.0,44.21,1,46.1,74.6,891,136.3,65.9,-2.48,23.766,14.789,4.2,95.0,96.8,84.0,1596,1,98.0,0.25
310,3,0.0,44.73,1,59.0,83.6,940,136.4,70.1,25.24,23.766,14.789,4.2,95.0,96.9,84.0,1596,1,98.0,0.25
311,4,0.0,46.81,1,78.3,91.2,1038,136.4,74.0,37.76,23.766,14.789,4.2,95.0,97.0,84.0,1596,1,98.0,0.25
312,8,0.0,48.4,1,95.6,96.3,1130,136.2,80.8,38.03,23.766,14.789,4.2,95.0,97.1,84.0,1596,1,98.0,0.26
313,13,0.0,48.04,1,97.89999999999999,96.2,1238,135.9,83.2,37.81,23.766,14.789,4.2,95.0,97.3,84.0,1596,1,97.9,0.27
314,19,0.0,49.03,1,98.1,96.2,1338,135.7,83.9,38.12,23.766,14.789,4.2,95.0,97.4,84.0,1596,1,97.9,0.27
315,24,0.0,48.5,1,98.0,96.1,1417,135.4,83.4,37.94,23.766,14.789,4.2,95.0,97.5,84.0,1596,1,97.9,0.26
316,29,0.0,47.71,1,98.0,96.0,1437,135.1,83.1,37.95,23.766,14.789,4.2,95.0,97.6,84.0,1596,1,97.9,0.27
317,35,0.0,47.73,1,98.0,96.1,1445,134.2,83.0,37.93,23.766,14.789,4.2,95.0,97.7,84.0,1596,1,97.9,0.28
318,40,0.0,47.7,1,98.0,96.0,1451,133.1,82.7,37.93,23.766,14.789,4.2,96.0,97.8,84.0,1596,1,97.9,0.28
319,45,0.0,47.73,1,98.0,96.0,1456,131.7,82.4,37.97,23.766,14.789,4.2,96.0,97.9,84.0,1596,1,97.9,0.27
320,50,0.0,47.74,1,98.0,95.89999999999999,1460,130.5,82.5,37.88,23.766,14.789,4.2,96.0,98.0,84.0,1596,1,97.9,0.27
321,54,0.0,47.58,1,98.0,95.89999999999999,1462,129.6,82.5,37.87,23.766,14.789,4.2,96.0,98.1,84.0,1596,1,97.8,0.27
322,59,0.0,47.7,1,98.0,95.89999999999999,1463,129.0,82.2,38.0,23.766,14.789,4.2,96.0,98.2,84.0,1596,1,97.8,0.27
323,64,0.0,47.6,1,98.0,95.89999999999999,1465,128.6,82.3,37.91,23.766,14.789,4.2,96.0,98.3,84.0,1596,1,97.8,0.27
324,68,0.0,47.67,1,98.0,95.89999999999999,1465,128.4,82.3,37.88,23.766,14.789,4.2,96.0,98.4,84.0,1596,1,97.8,0.26
325,73,0.0,47.52,1,98.0,95.89999999999999,1466,128.5,82.1,37.89,23.766,14.789,4.2,96.0,98.5,84.0,1596,1,97.8,0.27
326,77,0.0,47.47,1,98.0,95.8,1466,128.3,82.4,37.91,23.766,14.789,4.2,97.0,98.7,84.0,1596,1,97.8,0.25
327,81,0.0,47.75,1,98.0,95.7,1464,128.0,82.1,37.93,23.766,14.789,4.2,97.0,98.8,84.0,1596,1,97.7,0.26
328,86,0.0,47.58,1,98.0,95.8,1463,127.9,82.2,37.91,23.766,14.789,4.2,97.0,99.0,84.0,1596,1,97.7,0.27
329,90,0.0,47.43,1,98.0,95.8,1462,127.9,82.3,37.94,23.766,14.789,4.2,97.0,99.2,84.0,1596,1,97.7,0.27
330,93,0.0,47.44,1,98.0,95.8,1462,128.2,82.0,37.92,23.766,14.789,4.2,98.0,99.4,84.0,1596,1,97.7,0.25
331,97,0.0,47.35,1,98.0,95.8,1461,128.8,82.3,37.9,23.766,14.789,4.2,98.0,99.6,84.0,1596,1,97.7,0.26
332,99,0.0,47.25,1,98.0,95.8,1461,129.0,82.4,37.95,23.766,14.789,4.2,98.0,99.9,84.0,1596,1,97.7,0.25
333,100,0.0,47.28,1,98.0,95.8,1460,129.1,82.2,37.95,23.766,14.789,4.2,98.0,100.1,84.0,1596,1,97.6,0.27
334,101,0.0,47.2,1,98.0,95.8,1460,129.4,82.0,37.91,23.766,14.789,4.2,99.0,100.4,84.0,1597,1,97.6,0.25
335,101,0.0,47.23,1,98.0,95.8,1460,129.8,82.1,37.96,23.766,14.789,4.2,99.0,100.7,84.0,1597,1,97.6,0.25
336,101,0.0,47.18,1,98.0,95.89999999999999,1460,130.1,82.3,37.91,23.766,14.789,4.2,99.0,100.9,84.0,1597,1,97.6,0.25
337,102,0.0,47.1,1,98.0,95.89999999999999,1459,130.7,82.1,37.88,23.766,14.789,4.2,99.0,101.3,84.0,1597,1,97.6,0.25
338,103,0.0,47.19,1,98.0,95.8,1458,131.2,82.5,37.91,23.766,14.789,4.2,100.0,101.5,84.0,1597,1,97.5,0.25
339,104,0.0,47.04,1,98.0,95.89999999999999,1458,131.9,82.4,37.91,23.766,14.789,4.2,100.0,101.9,84.0,1597,1,97.5,0.26
340,105,0.0,46.98,1,98.0,95.89999999999999,1458,132.4,82.2,37.94,23.766,14.789,4.2,100.0,102.1,84.0,1597,1,97.5,0.24
341,106,0.0,46.95,1,98.0,95.89999999999999,1458,132.9,82.1,37.93,23.766,14.789,4.2,101.0,102.5,84.0,1597,1,97.5,0.26
342,107,0.0,47.05,1,98.0,95.89999999999999,1457,133.5,82.2,37.93,23.766,14.789,4.2,101.0,102.8,84.0,1597,1,97.5,0.26
343,108,0.0,46.98,1,98.0,95.89999999999999,1457,134.3,82.1,37.97,23.766,14.789,4.2,101.0,103.1,84.0,1597,1,97.5,0.26
344,109,0.0,46.95,1,98.0,96.0,1456,134.9,82.3,37.92,23.766,14.789,4.2,102.0,103.4,84.0,1597,1,97.4,0.26
345,110,0.0,46.92,1,98.0,96.0,1457,135.6,82.2,37.93,23.766,14.789,4.2,103.0,103.7,84.0,1597,1,97.4,0.26
346,111,0.025,46.84,1,98.0,96.0,1458,136.2,82.4,37.91,23.766,14.789,4.2,103.0,103.9,84.0,1597,1,97.4,0.26
347,112,0.05,46.82,1,98.0,96.0,1458,136.9,82.2,37.87,23.766,14.789,4.2,103.0,104.2,84.0,1597,1,97.4,0.26
348,112,0.075,46.86,1,98.0,96.0,1458,137.5,81.9,37.93,24.055,14.801,4.2,103.0,104.5,84.0,1597,1,97.4,0.26
349,112,0.075,46.82,1,97.89999999999999,96.0,1458,138.3,82.0,37.86,24.422,14.809,4.2,103.0,104.7,84.0,1597,1,97.4,0.25
350,112,0.1,46.91,1,97.8,96.0,1455,139.1,81.8,37.88,24.734,14.805,4.2,104.0,104.9,84.0,1597,1,97.3,0.26
351,112,0.125,46.74,1,97.7,95.89999999999999,1453,139.7,82.1,37.94,24.992,14.797,4.2,104.0,105.1,84.0,1597,1,97.3,0.27
352,113,0.125,46.78,1,97.6,95.89999999999999,1451,140.4,82.0,37.91,25.211,14.785,4.2,104.0,105.3,85.0,1597,1,97.3,0.26
353,113,0.15,46.79,1,97.6,95.89999999999999,1449,141.2,82.2,37.98,25.383,14.773,4.2,104.0,105.4,85.0,1597,1,97.3,0.26
354,114,0.175,46.82,1,97.6,95.89999999999999,1448,142.0,82.1,37.91,25.523,14.762,4.2,104.0,105.6,85.0,1597,1,97.2,0.26
355,115,0.175,46.8,1,97.5,95.89999999999999,1447,142.9,81.9,37.87,25.625,14.754,4.2,105.0,105.7,85.0,1597,1,97.2,0.26
356,116,0.2,46.71,1,97.5,95.8,1446,143.7,82.0,37.92,25.711,14.742,4.2,104.0,105.9,85.0,1597,1,97.2,0.26
357,117,0.2,46.75,1,97.6,95.89999999999999,1445,144.3,81.8,37.95,25.766,14.734,4.2,105.0,106.0,85.0,1597,1,97.2,0.27
358,117,0.225,46.64,1,97.6,95.89999999999999,1445,145.0,81.7,37.91,25.812,14.727,4.2,105.0,106.1,85.0,1597,1,97.1,0.26
359,117,0.225,46.72,1,97.5,95.8,1443,145.8,81.8,37.9,25.844,14.715,4.2,105.0,106.2,85.0,1597,1,97.1,0.27
360,117,0.25,46.85,1,97.6,95.89999999999999,1443,146.4,81.8,37.89,25.875,14.703,4.2,105.0,106.3,85.0,1597,1,97.1,0.26
361,118,0.275,46.88,1,97.5,95.89999999999999,1442,147.0,81.7,37.93,25.891,14.691,4.2,105.0,106.4,85.0,1597,1,97.1,0.25
362,118,0.275,46.75,1,97.5,95.89999999999999,1443,147.7,81.8,37.94,25.898,14.68,4.2,105.0,106.5,85.0,1597,1,97.0,0.26
363,119,0.3,46.55,1,97.6,95.89999999999999,1442,148.3,81.7,37.89,25.906,14.668,4.2,105.0,106.6,85.0,1597,1,97.0,0.26
364,119,0.3,46.88,1,97.6,95.89999999999999,1443,149.0,81.9,37.98,25.914,14.66,4.2,105.0,106.6,85.0,1597,1,97.0,0.27
365,119,0.325,46.66,1,97.6,95.89999999999999,1442,149.7,81.6,37.87,25.914,14.648,4.2,105.0,106.7,85.0,1597,1,97.0,0.26
366,119,0.325,46.76,1,97.6,95.89999999999999,1441,150.3,81.9,37.87,25.891,14.637,4.2,105.0,106.7,85.0,1597,1,96.9,0.25
367,120,0.35,46.76,1,97.6,95.89999999999999,1441,151.2,81.7,37.98,25.867,14.625,4.2,105.0,106.8,85.0,1597,1,96.9,0.27
368,120,0.375,46.67,1,97.7,95.89999999999999,1441,151.9,81.8,37.99,25.852,14.617,4.2,105.0,106.8,85.0,1598,1,96.9,0.26
369,120,0.375,46.59,1,97.7,96.0,1442,152.6,81.7,37.9,25.836,14.605,4.2,106.0,106.9,85.0,1598,1,96.9,0.26
370,121,0.4,46.58,1,97.7,96.0,1442,153.1,81.5,37.92,25.82,14.594,4.2,105.0,106.9,85.0,1598,1,96.9,0.25
371,122,0.425,46.82,1,97.7,96.0,1442,153.7,81.5,37.9,25.82,14.578,4.2,105.0,107.0,85.0,1598,1,96.9,0.26
372,123,0.425,46.5,1,97.7,96.0,1442,154.4,81.6,37.86,25.828,14.566,4.2,106.0,107.0,85.0,1598,1,96.8,0.27
373,124,0.45,46.84,1,97.8,96.0,1441,155.1,81.6,37.88,25.828,14.555,4.2,105.0,107.0,85.0,1598,1,96.8,0.26
374,125,0.475,46.76,1,97.8,96.0,1442,155.6,81.7,37.9,25.836,14.547,4.2,106.0,107.1,85.0,1598,1,96.8,0.26
375,126,0.475,46.68,1,97.8,96.1,1442,156.1,81.7,37.94,25.844,14.535,4.2,106.0,107.1,85.0,1598,1,96.8,0.25
376,127,0.475,46.84,1,97.8,96.1,1442,156.6,81.3,37.95,25.852,14.527,4.2,105.0,107.1,85.0,1598,1,96.8,0.26
377,129,0.5,46.65,1,97.8,96.1,1443,157.1,81.7,37.93,25.867,14.523,4.2,105.0,107.1,85.0,1598,1,96.7,0.25
378,130,0.5,46.89,1,97.8,96.1,1443,157.6,81.4,37.92,25.883,14.516,4.2,105.0,107.2,85.0,1598,1,96.7,0.26
379,132,0.525,46.88,1,97.89999999999999,96.1,1442,158.2,81.4,37.91,25.906,14.512,4.2,105.0,107.2,85.0,1598,1,96.7,0.27
380,133,0.525,47.05,1,97.8,96.1,1442,158.7,81.5,37.93,25.906,14.504,4.2,105.0,107.2,85.0,1598,1,96.7,0.26
381,135,0.55,46.64,1,97.89999999999999,96.1,1442,159.2,81.5,37.93,25.922,14.504,4.2,105.0,107.2,85.0,1598,1,96.6,0.26
382,137,0.55,46.78,1,97.8,96.1,1442,159.9,81.6,37.91,25.938,14.5,4.2,106.0,107.2,85.0,1598,1,96.6,0.26
383,138,0.55,46.38,1,97.89999999999999,96.1,1442,160.5,81.8,37.91,25.961,14.496,4.2,105.0,107.2,85.0,1598,1,96.6,0.27
384,139,0.575,46.44,1,97.89999999999999,96.1,1442,161.0,81.5,37.91,25.984,14.492,4.2,106.0,107.2,85.0,1598,1,96.6,0.26
385,140,0.6,46.91,1,97.8,96.1,1441,161.4,81.5,37.96,26.0,14.484,4.2,105.0,107.2,85.0,1598,1,96.5,0.27
386,141,0.6,46.57,1,97.89999999999999,96.1,1441,161.9,81.6,37.95,26.008,14.48,4.2,105.0,107.2,85.0,1598,1,96.5,0.26
387,142,0.625,47.03,1,97.89999999999999,96.1,1441,162.7,81.5,37.96,26.016,14.473,4.2,105.0,107.1,85.0,1598,1,96.5,0.26
388,143,0.625,46.54,1,97.89999999999999,96.1,1441,163.1,81.6,37.93,26.016,14.461,4.2,105.0,107.1,85.0,1598,1,96.4,0.25
389,145,0.65,46.73,1,97.89999999999999,96.1,1442,163.5,81.3,37.94,26.016,14.453,4.2,105.0,107.1,85.0,1598,1,96.4,0.26
390,146,0.65,47.15,1,97.89999999999999,96.1,1441,163.9,81.3,37.93,26.016,14.445,4.2,105.0,107.0,85.0,1598,1,96.4,0.26
391,147,0.675,47.04,1,97.89999999999999,96.2,1442,164.4,81.4,37.96,26.016,14.438,4.2,105.0,106.9,85.0,1598,1,96.3,0.26
392,148,0.7,45.95,1,97.89999999999999,96.2,1442,164.8,81.4,37.88,26.039,14.434,4.2,105.0,106.9,85.0,1598,1,96.3,0.27
393,149,0.7,46.17,1,97.89999999999999,96.2,1443,165.1,81.4,37.91,26.07,14.426,4.2,105.0,106.8,85.0,1598,1,96.3,0.26
394,150,0.725,45.97,1,97.89999999999999,96.2,1443,165.5,81.2,37.9,26.141,14.418,4.2,105.0,106.7,85.0,1598,1,96.2,0.26
395,150,0.75,45.95,1,97.89999999999999,96.2,1445,165.7,81.4,37.95,26.227,14.41,4.2,105.0,106.6,85.0,1598,1,96.2,0.26
396,150,0.75,46.92,1,97.89999999999999,96.2,1445,166.3,81.2,37.94,26.328,14.406,4.2,105.0,106.5,85.0,1598,1,96.2,0.26
397,150,0.775,45.99,1,97.89999999999999,96.2,1446,166.7,81.2,37.94,26.461,14.398,4.2,105.0,106.4,85.0,1599,1,96.1,0.27
398,151,0.775,45.78,1,97.89999999999999,96.2,1446,167.2,81.3,37.89,26.609,14.387,4.2,104.0,106.3,85.0,1599,1,96.1,0.26
399,151,0.8,46.86,1,97.8,96.2,1446,167.7,81.2,37.89,26.789,14.375,4.2,104.0,106.2,85.0,1599,1,96.1,0.26
400,151,0.825,46.85,1,97.8,96.2,1446,168.1,81.4,37.9,26.945,14.363,4.2,104.0,106.1,85.0,1599,1,96.0,0.26
401,152,0.825,46.95,1,97.8,96.2,1447,168.3,81.0,37.96,27.125,14.352,4.2,104.0,106.0,85.0,1599,1,96.0,0.26
402,152,0.85,45.45,1,97.7,96.2,1447,168.8,81.1,37.96,27.32,14.34,4.2,104.0,105.8,85.0,1599,1,96.0,0.26
403,153,0.875,46.41,1,97.6,96.2,1447,169.3,81.0,37.91,27.477,14.328,4.2,104.0,105.7,85.0,1599,1,95.9,0.26
404,154,0.875,46.78,1,97.6,96.1,1447,169.6,80.9,37.94,27.641,14.316,4.2,103.0,105.6,85.0,1599,1,95.9,0.25
405,156,0.9,45.99,1,97.5,96.1,1445,170.0,80.9,37.97,27.773,14.309,4.2,103.0,105.4,85.0,1599,1,95.8,0.26
406,157,0.9,46.18,1,97.5,96.1,1444,170.5,80.9,37.89,27.906,14.301,4.2,103.0,105.3,85.0,1599,1,95.8,0.26
407,159,0.925,46.34,1,97.39999999999999,96.1,1444,170.9,81.0,37.97,27.992,14.297,4.2,103.0,105.2,85.0,1599,1,95.8,0.26
408,160,0.925,46.78,1,97.39999999999999,96.1,1443,171.3,81.1,37.9,28.078,14.293,4.2,103.0,105.0,85.0,1599,1,95.7,0.25
409,161,0.95,45.8,1,97.39999999999999,96.1,1442,171.7,80.8,37.96,28.164,14.289,4.2,103.0,104.9,85.0,1599,1,95.7,0.26
410,162,0.95,46.51,1,97.3,96.0,1441,172.1,80.7,37.93,28.227,14.285,4.2,103.0,104.7,85.0,1599,1,95.6,0.26
411,163,0.975,46.16,1,97.39999999999999,96.1,1441,172.5,80.7,37.93,28.289,14.281,4.2,102.0,104.6,85.0,1599,1,95.6,0.25
412,164,0.975,45.64,1,97.3,96.0,1441,172.8,81.0,37.94,28.359,14.277,4.2,102.0,104.5,85.0,1599,1,95.6,0.26
413,165,1.0,46.54,1,97.3,96.1,1442,173.1,80.8,37.9,28.43,14.273,4.2,102.0,104.3,85.0,1599,1,95.5,0.25
414,166,1.0,46.04,1,97.3,96.1,1442,173.6,80.5,37.88,28.484,14.27,4.2,102.0,104.2,85.0,1599,1,95.5,0.25
415,167,1.025,46.76,1,97.3,96.1,1442,174.1,80.8,37.9,28.547,14.262,4.2,101.0,104.1,85.0,1599,1,95.4,0.25
416,168,1.025,46.13,1,97.3,96.1,1442,174.4,80.7,37.94,28.609,14.258,4.2,101.0,103.9,85.0,1599,1,95.4,0.25
417,169,1.05,46.49,1,97.3,96.1,1442,174.8,80.7,37.92,28.656,14.25,4.2,101.0,103.8,85.0,1599,1,95.4,0.25
418,169,1.05,44.99,1,97.2,96.1,1442,174.9,80.5,37.92,28.711,14.242,4.2,101.0,103.6,85.0,1599,1,95.3,0.24
419,170,1.075,46.37,1,97.2,96.1,1442,175.2,80.5,37.95,28.773,14.234,4.2,101.0,103.5,85.0,1599,1,95.3,0.24
420,170,1.1,46.54,1,97.2,96.1,1443,175.6,80.5,37.88,28.875,14.227,4.2,101.0,103.3,85.0,1599,1,95.3,0.25
421,171,1.1,46.14,1,97.2,96.1,1444,175.9,80.6,37.93,28.984,14.215,4.2,101.0,103.2,85.0,1600,1,95.2,0.25
422,171,1.125,45.96,1,97.1,96.1,1445,176.2,80.4,37.94,29.133,14.203,4.2,101.0,103.1,85.0,1600,1,95.2,0.25
423,171,1.15,45.89,1,97.1,96.1,1446,176.5,80.6,37.91,29.312,14.191,4.2,100.0,102.9,85.0,1600,1,95.2,0.24
424,170,1.175,46.59,1,97.1,96.1,1447,176.9,80.5,37.91,29.461,14.176,4.2,100.0,102.8,85.0,1600,1,95.1,0.25
425,170,1.175,45.96,1,97.0,96.1,1447,177.2,80.5,37.89,29.633,14.16,4.2,100.0,102.7,85.0,1600,1,95.1,0.24
426,170,1.2,45.61,1,97.0,96.1,1447,177.5,80.4,37.88,29.789,14.141,4.2,100.0,102.5,85.0,1600,1,95.1,0.25
427,170,1.225,45.85,1,96.89999999999999,96.1,1446,177.8,80.3,37.98,29.953,14.121,4.2,100.0,102.4,85.0,1600,1,95.0,0.24
428,169,1.25,45.72,1,96.8,96.0,1444,178.2,80.3,37.9,30.055,14.102,4.2,100.0,102.3,85.0,1600,1,95.0,0.24
429,169,1.25,46.45,1,96.8,96.0,1442,178.5,80.3,37.9,30.133,14.078,4.2,100.0,102.2,85.0,1600,1,95.0,0.24
430,169,1.275,46.38,1,96.8,96.0,1440,178.7,80.1,37.9,30.195,14.055,4.2,100.0,102.0,85.0,1600,1,94.9,0.25
431,169,1.3,46.02,1,96.8,95.89999999999999,1438,179.0,80.0,37.93,30.211,14.031,4.2,99.0,101.9,85.0,1600,1,94.9,0.25
432,169,1.325,46.36,1,96.89999999999999,95.89999999999999,1438,179.4,79.8,37.92,30.188,14.004,4.2,99.0,101.9,85.0,1600,1,94.9,0.25
433,169,1.325,45.61,1,96.8,95.89999999999999,1437,179.6,80.1,37.9,30.156,13.98,4.2,99.0,101.8,85.0,1600,1,94.8,0.25
434,169,1.35,45.36,1,96.8,95.89999999999999,1436,180.0,80.0,37.92,30.094,13.957,4.2,99.0,101.7,85.0,1600,1,94.8,0.25
435,169,1.375,46.19,1,96.8,95.89999999999999,1436,180.4,80.3,37.93,30.039,13.938,4.2,99.0,101.7,85.0,1600,1,94.8,0.26
436,169,1.4,46.1,1,96.89999999999999,95.89999999999999,1436,180.7,79.8,37.89,29.961,13.922,4.2,99.0,101.6,85.0,1600,1,94.7,0.26
437,170,1.4,46.2,1,96.89999999999999,95.89999999999999,1436,181.2,79.9,37.91,29.875,13.902,4.2,99.0,101.6,85.0,1600,1,94.7,0.25
438,170,1.425,45.84,1,96.89999999999999,95.89999999999999,1437,181.6,80.1,37.97,29.805,13.887,4.2,99.0,101.6,85.0,1600,1,94.7,0.25
439,170,1.425,45.81,1,96.89999999999999,95.89999999999999,1436,181.7,80.1,38.0,29.711,13.867,4.2,99.0,101.5,85.0,1600,1,94.7,0.25
440,171,1.45,45.35,1,97.0,96.0,1436,182.0,79.9,37.98,29.641,13.852,4.2,99.0,101.5,85.0,1600,1,94.6,0.25
441,171,1.475,45.55,1,97.0,96.0,1437,182.4,80.0,37.92,29.555,13.836,4.2,99.0,101.5,85.0,1600,1,94.6,0.25
442,172,1.475,46.17,1,97.0,96.0,1437,182.6,80.0,37.94,29.484,13.82,4.2,99.0,101.5,85.0,1600,1,94.6,0.25
443,172,1.5,45.46,1,97.0,96.0,1437,182.8,79.7,37.93,29.414,13.805,4.2,99.0,101.4,85.0,1600,1,94.5,0.25
444,172,1.5,46.01,1,97.0,96.0,1438,182.9,80.0,37.77,29.344,13.789,4.2,99.0,101.4,85.0,1601,1,94.5,0.26
445,173,1.525,45.14,1,92.30000000000001,93.60000000000001,1428,183.1,78.2,23.36,29.281,13.777,4.2,99.0,101.4,85.0,1601,1,94.5,0.25
446,172,1.55,45.03,1,90.60000000000001,93.30000000000001,1395,183.4,77.0,23.08,29.195,13.758,4.2,99.0,101.4,85.0,1601,1,94.4,0.25
447,172,1.55,44.97,1,90.4,93.30000000000001,1371,183.9,76.8,23.02,29.117,13.738,4.2,99.0,101.3,85.0,1601,1,94.4,0.25
448,172,1.575,45.06,1,90.4,93.2,1359,184.6,76.7,22.87,29.062,13.719,4.2,99.0,101.3,85.0,1601,1,94.4,0.26
449,172,1.575,45.24,1,90.4,93.30000000000001,1353,185.1,76.7,23.11,29.016,13.699,4.2,99.0,101.3,85.0,1601,1,94.4,0.25
450,172,1.6,44.96,1,90.4,93.30000000000001,1349,185.8,76.6,23.06,28.969,13.684,4.2,99.0,101.2,85.0,1601,1,94.3,0.25
451,172,1.6,45.25,1,90.5,93.30000000000001,1346,186.4,76.8,23.1,28.914,13.668,4.2,98.0,101.2,85.0,1601,1,94.3,0.25
452,172,1.625,44.91,1,90.5,93.30000000000001,1344,187.0,76.8,23.06,28.867,13.656,4.2,98.0,101.2,85.0,1601,1,94.2,0.24
453,172,1.625,45.09,1,90.5,93.30000000000001,1343,187.6,76.7,23.06,28.836,13.645,4.2,98.0,101.2,85.0,1601,1,94.2,0.25
454,173,1.625,44.99,1,90.5,93.30000000000001,1343,188.2,76.7,23.11,28.797,13.633,4.2,98.0,101.1,85.0,1601,1,94.2,0.25
455,173,1.65,45.07,1,90.5,93.30000000000001,1342,188.8,76.6,23.06,28.766,13.625,4.2,98.0,101.1,85.0,1601,1,94.2,0.25
456,173,1.65,44.9,1,90.5,93.30000000000001,1342,189.2,76.9,23.07,28.727,13.617,4.2,98.0,101.1,85.0,1601,1,94.1,0.24
457,174,1.675,44.92,1,90.60000000000001,93.4,1341,189.5,76.7,23.09,28.695,13.609,4.2,98.0,101.1,85.0,1601,1,94.1,0.25
458,174,1.675,44.9,1,90.60000000000001,93.30000000000001,1342,189.9,76.9,23.17,28.656,13.602,4.2,98.0,101.1,85.0,1601,1,94.1,0.25
459,174,1.675,44.91,1,90.60000000000001,93.30000000000001,1342,190.4,76.9,23.1,28.625,13.594,4.2,98.0,101.0,86.0,1601,1,94.0,0.25
460,174,1.7,44.95,1,90.60000000000001,93.30000000000001,1342,190.8,77.0,23.09,28.594,13.586,4.2,99.0,101.0,86.0,1601,1,94.0,0.24
461,174,1.7,44.96,1,90.60000000000001,93.30000000000001,1342,191.2,76.8,23.09,28.555,13.574,4.2,98.0,101.0,86.0,1601,1,94.0,0.24
462,175,1.7,44.89,1,90.7,93.4,1342,191.7,77.1,23.11,28.523,13.566,4.2,98.0,101.0,86.0,1601,1,94.0,0.25
463,175,1.725,44.95,1,90.60000000000001,93.30000000000001,1342,191.9,76.9,23.08,28.492,13.559,4.2,98.0,101.0,86.0,1601,1,93.9,0.25
464,175,1.725,44.95,1,90.60000000000001,93.30000000000001,1341,192.1,76.8,23.07,28.453,13.547,4.2,98.0,101.0,86.0,1601,1,93.9,0.25
465,175,1.75,44.86,1,90.7,93.4,1340,192.3,76.8,23.15,28.414,13.535,4.2,98.0,101.0,86.0,1602,1,93.9,0.25
466,175,1.75,45.06,1,90.7,93.30000000000001,1341,192.5,76.7,23.4,28.359,13.523,4.2,98.0,100.9,86.0,1602,1,93.8,0.25
467,175,1.775,44.99,1,90.7,93.30000000000001,1341,192.6,76.8,22.86,28.312,13.512,4.2,98.0,100.9,86.0,1602,1,93.8,0.25
468,175,1.775,45.0,1,90.7,93.4,1341,192.9,76.7,21.89,28.266,13.5,4.2,98.0,100.9,86.0,1602,1,93.8,0.24
469,175,1.775,44.93,1,90.8,93.30000000000001,1342,193.0,76.8,20.99,28.203,13.488,4.2,98.0,100.9,86.0,1602,1,93.7,0.25
470,175,1.8,45.07,1,90.8,93.30000000000001,1342,193.1,76.7,20.88,28.156,13.477,4.2,98.0,100.9,86.0,1602,1,93.7,0.25
471,175,1.8,44.94,1,90.8,93.4,1341,193.3,76.7,20.88,28.102,13.465,4.2,98.0,100.9,86.0,1602,1,93.7,0.24
472,176,1.825,44.84,1,90.8,93.30000000000001,1342,193.4,77.0,20.82,28.047,13.453,4.2,98.0,100.8,86.0,1602,1,93.6,0.24
473,176,1.825,44.91,1,90.8,93.30000000000001,1341,193.4,76.8,20.89,27.977,13.445,4.2,98.0,100.8,86.0,1602,1,93.6,0.25
474,176,1.825,45.11,1,90.9,93.30000000000001,1342,193.5,76.8,20.88,27.922,13.434,4.2,98.0,100.8,86.0,1602,1,93.6,0.25
475,177,1.85,44.93,1,90.8,93.30000000000001,1343,193.5,76.8,20.83,27.867,13.426,4.2,98.0,100.8,86.0,1602,1,93.6,0.25
476,177,1.85,44.97,1,90.9,93.4,1343,193.6,77.0,20.85,27.797,13.418,4.2,98.0,100.7,86.0,1602,1,93.5,0.25
477,177,1.85,44.82,1,90.9,93.30000000000001,1342,193.7,77.0,20.84,27.75,13.41,4.2,98.0,100.7,86.0,1602,1,93.5,0.25
478,178,1.875,44.91,1,90.9,93.4,1343,193.8,77.0,20.88,27.703,13.402,4.2,98.0,100.7,86.0,1602,1,93.5,0.25
479,178,1.875,44.91,1,91.0,93.4,1343,194.0,76.7,20.84,27.648,13.395,4.2,98.0,100.6,86.0,1602,1,93.5,0.25
480,178,1.875,44.83,1,90.9,93.30000000000001,1343,194.1,76.9,20.83,27.586,13.387,4.2,98.0,100.6,86.0,1602,1,93.4,0.25
481,178,1.9,44.95,1,91.0,93.4,1343,194.2,76.9,20.89,27.547,13.375,4.2,98.0,100.6,86.0,1602,1,93.4,0.24
482,178,1.9,44.85,1,91.0,93.30000000000001,1343,194.4,76.9,20.79,27.492,13.363,4.2,98.0,100.6,86.0,1602,1,93.4,0.25
483,178,1.925,45.02,1,91.0,93.30000000000001,1343,194.4,76.7,20.86,27.43,13.355,4.2,98.0,100.5,86.0,1602,1,93.3,0.25
484,179,1.925,44.99,1,91.10000000000001,93.4,1343,194.5,77.0,20.84,27.383,13.344,4.2,98.0,100.5,86.0,1603,1,93.3,0.25
485,179,1.925,44.94,1,91.0,93.4,1343,194.5,76.7,20.87,27.32,13.332,4.2,98.0,100.5,86.0,1603,1,93.3,0.23
486,179,1.95,44.92,1,91.10000000000001,93.4,1343,194.5,76.9,20.84,27.266,13.324,4.2,98.0,100.4,86.0,1603,1,93.2,0.24
487,179,1.95,44.81,1,91.10000000000001,93.4,1343,194.5,77.0,20.84,27.203,13.313,4.2,98.0,100.4,86.0,1603,1,93.2,0.25
488,179,1.95,44.91,1,91.10000000000001,93.4,1343,194.5,77.0,20.86,27.148,13.305,4.2,98.0,100.4,86.0,1603,1,93.2,0.25
489,179,1.975,44.93,1,91.10000000000001,93.30000000000001,1344,194.6,77.0,20.85,27.086,13.293,4.2,98.0,100.3,86.0,1603,1,93.1,0.24
490,179,1.975,45.12,1,91.2,93.4,1344,194.5,77.0,20.83,27.016,13.281,4.2,97.0,100.3,86.0,1603,1,93.1,0.25
491,180,2.0,44.79,1,91.2,93.4,1344,194.5,77.1,20.83,26.953,13.27,4.2,97.0,100.2,86.0,1603,1,93.1,0.25
492,180,2.0,45.0,1,91.2,93.4,1344,194.5,77.2,20.88,26.891,13.262,4.2,98.0,100.2,86.0,1603,1,93.1,0.25
493,180,2.0,44.81,1,91.2,93.4,1345,194.6,76.8,20.84,26.828,13.25,4.2,98.0,100.1,86.0,1603,1,93.0,0.24
494,180,2.025,44.77,1,91.3,93.4,1345,194.6,76.9,20.82,26.766,13.242,4.2,97.0,100.1,86.0,1603,1,93.0,0.24
495,180,2.025,44.87,1,91.3,93.4,1345,194.7,77.0,20.82,26.703,13.234,4.2,98.0,100.0,86.0,1603,1,93.0,0.25
496,180,2.05,44.83,1,91.3,93.4,1345,194.7,76.9,20.86,26.656,13.227,4.2,98.0,100.0,86.0,1603,1,92.9,0.25
497,180,2.05,44.75,1,91.4,93.4,1345,194.6,76.7,20.81,26.594,13.219,4.2,97.0,100.0,86.0,1603,1,92.9,0.25
498,180,2.05,44.92,1,91.4,93.4,1345,194.6,76.9,20.85,26.539,13.207,4.2,97.0,99.9,86.0,1603,1,92.9,0.25
499,179,2.075,44.95,1,91.4,93.4,1345,194.7,77.0,20.86,26.477,13.195,4.2,97.0,99.9,86.0,1603,1,92.9,0.24
500,179,2.075,44.86,1,91.4,93.4,1346,194.7,77.1,20.84,26.406,13.184,4.2,97.0,99.8,86.0,1603,1,92.8,0.24
501,179,2.1,44.76,1,91.4,93.4,1346,194.7,77.2,20.85,26.344,13.172,4.2,97.0,99.8,86.0,1603,1,92.8,0.24
502,179,2.1,45.01,1,91.5,93.4,1347,194.7,77.0,20.89,26.289,13.16,4.2,97.0,99.8,86.0,1603,1,92.8,0.24
503,179,2.125,44.81,1,91.5,93.4,1347,194.7,77.1,20.86,26.227,13.148,4.2,97.0,99.7,86.0,1603,1,92.7,0.25
504,179,2.125,44.6,1,91.5,93.4,1346,194.7,77.1,20.89,26.148,13.137,4.2,97.0,99.6,86.0,1604,1,92.7,0.24
505,179,2.125,44.7,1,91.60000000000001,93.4,1346,194.7,76.7,21.19,26.094,13.125,4.2,97.0,99.6,86.0,1604,1,92.7,0.24
506,179,2.15,44.84,1,91.60000000000001,93.5,1347,194.6,76.8,21.3,26.023,13.109,4.2,97.0,99.6,86.0,1604,1,92.7,0.24
507,179,2.15,44.78,1,91.60000000000001,93.5,1347,194.7,76.8,21.34,25.945,13.098,4.2,97.0,99.5,86.0,1604,1,92.6,0.24
508,179,2.175,44.82,1,91.60000000000001,93.5,1348,194.7,76.8,21.32,25.875,13.086,4.2,97.0,99.5,86.0,1604,1,92.6,0.26
509,179,2.175,44.77,1,91.7,93.5,1348,194.7,76.8,21.25,25.812,13.074,4.2,97.0,99.4,86.0,1604,1,92.5,0.25
510,179,2.2,44.71,1,91.7,93.5,1348,194.7,76.9,21.32,25.742,13.063,4.2,97.0,99.4,86.0,1604,1,92.5,0.25
511,180,2.2,44.76,1,91.8,93.5,1348,194.6,76.9,21.33,25.664,13.051,4.2,97.0,99.3,86.0,1604,1,92.5,0.23
512,180,2.2,44.67,1,91.8,93.5,1349,194.7,76.8,21.32,25.594,13.039,4.2,97.0,99.2,86.0,1604,1,92.5,0.24
513,180,2.225,44.77,1,91.8,93.5,1350,194.7,76.8,21.34,25.547,13.027,4.2,96.0,99.2,86.0,1604,1,92.4,0.24
514,180,2.225,44.79,1,91.8,93.5,1351,194.7,76.9,21.34,25.5,13.016,4.2,96.0,99.2,86.0,1604,1,92.4,0.24
515,180,2.25,44.76,1,91.8,93.5,1352,194.6,76.9,21.32,25.469,13.004,4.2,97.0,99.1,85.0,1604,1,92.4,0.24
516,180,2.25,44.87,1,91.9,93.5,1353,194.6,77.1,21.34,25.453,12.992,4.2,97.0,99.0,85.0,1604,1,92.4,0.24
517,180,2.25,44.76,1,91.9,93.5,1354,194.6,77.1,21.32,25.445,12.98,4.2,96.0,99.0,85.0,1604,1,92.3,0.25
518,181,2.275,44.6,1,91.9,93.5,1355,194.6,77.1,21.35,25.445,12.969,4.2,96.0,98.9,85.0,1604,1,92.3,0.24
519,181,2.275,44.7,1,91.9,93.60000000000001,1356,194.7,76.9,21.32,25.445,12.957,4.2,96.0,98.8,85.0,1604,1,92.2,0.25
520,181,2.275,44.81,1,91.9,93.5,1357,194.8,77.0,21.34,25.469,12.945,4.2,96.0,98.7,85.0,1604,1,92.2,0.24
521,182,2.3,44.53,1,91.9,93.5,1357,194.8,77.0,21.33,25.492,12.938,4.2,96.0,98.6,85.0,1604,1,92.2,0.24
522,182,2.3,44.76,1,91.9,93.5,1357,194.8,77.0,21.34,25.508,12.926,4.2,96.0,98.6,85.0,1605,1,92.2,0.25
523,182,2.3,44.81,1,91.9,93.5,1357,194.8,77.0,21.34,25.523,12.918,4.2,96.0,98.5,85.0,1605,1,92.1,0.25
524,183,2.325,44.83,1,91.9,93.5,1357,194.9,77.0,21.3,25.539,12.91,4.2,96.0,98.4,85.0,1605,1,92.1,0.25
525,183,2.325,44.68,1,91.9,93.5,1358,195.0,76.9,21.33,25.555,12.902,4.2,96.0,98.3,85.0,1605,1,92.1,0.24
526,183,2.325,44.76,1,91.9,93.5,1358,194.9,76.9,21.31,25.57,12.895,4.2,95.0,98.2,85.0,1605,1,92.0,0.24
527,184,2.35,44.79,1,91.9,93.60000000000001,1358,195.0,76.9,21.36,25.578,12.887,4.199,96.0,98.2,85.0,1605,1,92.0,0.25
528,184,2.35,44.64,1,91.9,93.5,1358,195.2,76.8,21.36,25.578,12.879,4.2,95.0,98.1,85.0,1605,1,92.0,0.24
529,184,2.375,44.65,1,91.9,93.5,1359,195.2,77.0,21.34,25.578,12.871,4.2,95.0,98.0,85.0,1605,1,91.9,0.24
530,184,2.375,44.65,1,91.9,93.5,1359,195.3,76.7,21.31,25.586,12.859,4.2,95.0,97.9,85.0,1605,1,91.9,0.24
531,184,2.375,44.69,1,91.9,93.5,1359,195.3,77.1,21.32,25.594,12.852,4.2,95.0,97.9,85.0,1605,1,91.9,0.24
532,184,2.4,44.49,1,91.9,93.60000000000001,1360,195.3,77.2,21.29,25.594,12.84,4.2,95.0,97.8,85.0,1605,1,91.8,0.24
533,184,2.4,44.51,1,91.9,93.5,1360,195.4,77.1,21.31,25.602,12.832,4.2,95.0,97.7,85.0,1605,1,91.8,0.24
534,185,2.4,44.68,1,91.9,93.5,1359,195.5,77.0,21.33,25.609,12.82,4.2,95.0,97.7,85.0,1605,1,91.8,0.23
535,185,2.425,44.6,1,91.9,93.5,1359,195.6,77.0,21.34,25.617,12.812,4.2,95.0,97.6,85.0,1605,1,91.8,0.25
536,185,2.425,44.49,1,91.9,93.5,1359,195.6,77.0,21.32,25.617,12.801,4.2,95.0,97.6,85.0,1605,1,91.7,0.24
537,185,2.45,44.65,1,91.9,93.60000000000001,1360,195.7,76.8,21.29,25.625,12.789,4.2,95.0,97.5,85.0,1605,1,91.7,0.26
538,185,2.45,44.7,1,91.9,93.5,1360,195.7,77.0,21.33,25.617,12.781,4.2,95.0,97.4,85.0,1605,1,91.6,0.24
539,185,2.45,44.68,1,91.9,93.5,1360,195.8,76.9,21.3,25.609,12.77,4.2,95.0,97.3,85.0,1606,1,91.6,0.24
540,185,2.475,44.67,1,91.9,93.5,1361,195.9,76.8,21.28,25.602,12.762,4.2,95.0,97.3,85.0,1606,1,91.6,0.25
541,185,2.475,44.46,1,91.9,93.5,1361,195.8,76.9,21.31,25.586,12.75,4.2,95.0,97.2,85.0,1606,1,91.6,0.24
542,185,2.5,44.64,1,92.0,93.60000000000001,1361,195.9,76.9,21.32,25.57,12.738,4.2,95.0,97.2,85.0,1606,1,91.5,0.24
543,185,2.5,44.56,1,92.0,93.5,1361,196.0,76.8,21.27,25.547,12.727,4.2,94.0,97.1,85.0,1606,1,91.5,0.25
544,185,2.5,44.55,1,91.9,93.5,1361,196.0,77.0,21.38,25.523,12.715,4.2,94.0,97.1,85.0,1606,1,91.5,0.24
545,185,2.525,44.42,1,92.0,93.5,1361,196.1,76.6,21.29,25.492,12.703,4.2,94.0,97.0,85.0,1606,1,91.5,0.25
546,185,2.525,44.43,1,92.0,93.5,1360,196.1,76.7,21.34,25.453,12.691,4.2,94.0,97.0,85.0,1606,1,91.4,0.25
547,185,2.55,44.44,1,92.0,93.5,1360,196.2,76.8,21.28,25.414,12.68,4.2,94.0,96.9,85.0,1606,1,91.4,0.25
548,185,2.55,44.54,1,92.0,93.5,1360,196.2,76.8,21.33,25.375,12.668,4.2,94.0,96.9,85.0,1606,1,91.3,0.25
549,185,2.55,44.58,1,92.0,93.5,1361,196.3,76.9,21.32,25.328,12.656,4.2,94.0,96.9,85.0,1606,1,91.3,0.24
550,185,2.575,44.82,1,92.10000000000001,93.5,1361,196.3,76.9,21.31,25.281,12.645,4.2,94.0,96.8,85.0,1606,1,91.3,0.25
551,185,2.575,44.59,1,92.10000000000001,93.5,1361,196.3,76.9,21.34,25.227,12.633,4.2,94.0,96.8,85.0,1606,1,91.2,0.25
552,185,2.6,44.62,1,92.10000000000001,93.5,1361,196.3,76.8,21.32,25.172,12.625,4.2,94.0,96.7,85.0,1606,1,91.2,0.25
553,185,2.6,44.5,1,92.10000000000001,93.5,1361,196.4,76.8,21.29,25.109,12.613,4.2,94.0,96.7,85.0,1606,1,91.2,0.25
554,185,2.6,44.46,1,92.2,93.60000000000001,1361,196.5,76.9,21.34,25.039,12.602,4.2,94.0,96.7,85.0,1606,1,91.1,0.24
555,185,2.625,44.44,1,92.2,93.60000000000001,1361,196.5,76.8,21.29,24.969,12.59,4.2,94.0,96.6,85.0,1606,1,91.1,0.25
556,185,2.625,44.41,1,92.2,93.60000000000001,1361,196.5,77.0,21.03,24.906,12.582,4.2,94.0,96.6,85.0,1606,1,91.1,0.25
557,185,2.65,44.49,1,92.2,93.60000000000001,1361,196.5,77.0,20.97,24.844,12.566,4.2,94.0,96.6,85.0,1607,1,91.1,0.24
558,185,2.65,44.58,1,92.30000000000001,93.60000000000001,1362,196.5,77.0,20.95,24.773,12.559,4.2,94.0,96.5,85.0,1607,1,91.0,0.24
559,185,2.675,44.58,1,92.30000000000001,93.60000000000001,1361,196.5,77.0,20.97,24.711,12.547,4.2,94.0,96.5,85.0,1607,1,91.0,0.24
560,185,2.675,44.53,1,92.30000000000001,93.60000000000001,1362,196.4,77.0,20.94,24.656,12.539,4.2,94.0,96.5,85.0,1607,1,90.9,0.25
561,185,2.675,44.66,1,92.30000000000001,93.60000000000001,1362,196.5,76.9,20.94,24.586,12.527,4.2,94.0,96.5,85.0,1607,1,90.9,0.24
562,185,2.7,44.4,1,92.30000000000001,93.5,1362,196.5,76.9,20.93,24.523,12.516,4.2,94.0,96.4,85.0,1607,1,90.9,0.24
563,185,2.7,44.61,1,92.30000000000001,93.60000000000001,1363,196.5,77.0,20.97,24.461,12.508,4.2,94.0,96.4,85.0,1607,1,90.9,0.25
564,185,2.725,44.47,1,92.30000000000001,93.60000000000001,1363,196.6,76.8,20.98,24.406,12.496,4.2,94.0,96.4,85.0,1607,1,90.8,0.25
565,185,2.725,44.55,1,92.4,93.60000000000001,1363,196.5,76.8,20.98,24.352,12.484,4.2,94.0,96.3,85.0,1607,1,90.8,0.24
566,184,2.75,44.42,1,92.30000000000001,93.60000000000001,1363,196.6,76.7,20.95,24.289,12.473,4.2,94.0,96.3,85.0,1607,1,90.8,0.25
567,184,2.75,44.46,1,92.30000000000001,93.60000000000001,1362,196.6,76.9,20.95,24.219,12.457,4.2,94.0,96.3,85.0,1607,1,90.7,0.24
568,184,2.75,44.32,1,92.30000000000001,93.60000000000001,1363,196.6,77.1,20.93,24.164,12.441,4.2,94.0,96.2,85.0,1607,1,90.7,0.24
569,184,2.775,44.15,1,92.30000000000001,93.60000000000001,1362,196.7,76.8,20.94,24.102,12.43,4.2,93.0,96.2,85.0,1607,1,90.7,0.24
570,184,2.775,44.25,1,92.4,93.5,1362,196.7,76.9,20.94,24.039,12.414,4.2,94.0,96.2,85.0,1607,1,90.6,0.25
571,185,2.8,44.39,1,92.4,93.60000000000001,1362,196.7,77.0,21.0,23.969,12.398,4.2,94.0,96.2,85.0,1607,1,90.6,0.25
572,185,2.8,44.19,1,92.4,93.60000000000001,1362,196.8,76.9,20.97,23.906,12.383,4.2,94.0,96.1,85.0,1607,1,90.6,0.25
573,185,2.8,44.38,1,92.4,93.60000000000001,1362,196.8,76.8,20.98,23.852,12.371,4.2,93.0,96.1,85.0,1607,1,90.5,0.25
574,186,2.825,44.49,1,92.4,93.60000000000001,1363,196.9,76.8,20.96,23.781,12.359,4.2,93.0,96.1,85.0,1607,1,90.5,0.25
575,186,2.825,44.42,1,92.4,93.60000000000001,1363,196.9,76.8,20.96,23.734,12.352,4.2,94.0,96.1,85.0,1607,1,90.5,0.25
576,187,2.825,44.7,1,92.4,93.60000000000001,1363,196.9,76.7,20.96,23.68,12.344,4.2,93.0,96.1,85.0,1608,1,90.4,0.25
577,187,2.85,44.47,1,92.5,93.60000000000001,1363,196.9,76.9,20.94,23.641,12.336,4.2,93.0,96.1,85.0,1608,1,90.4,0.24
578,188,2.85,44.38,1,92.5,93.60000000000001,1363,196.9,76.9,20.94,23.602,12.328,4.2,93.0,96.0,85.0,1608,1,90.4,0.25
579,188,2.85,44.4,1,92.5,93.60000000000001,1363,196.9,76.9,20.98,23.57,12.32,4.2,93.0,96.0,85.0,1608,1,90.3,0.25
580,189,2.85,44.2,1,92.5,93.60000000000001,1363,197.0,77.2,20.96,23.539,12.313,4.2,93.0,96.0,85.0,1608,1,90.3,0.24
581,189,2.875,44.43,1,92.4,93.60000000000001,1364,196.9,76.8,20.96,23.516,12.305,4.2,93.0,96.0,85.0,1608,1,90.3,0.24
582,190,2.875,43.93,1,92.5,93.60000000000001,1364,197.0,77.1,20.96,23.492,12.297,4.2,94.0,96.0,85.0,1608,1,90.2,0.24
583,190,2.875,44.38,1,92.5,93.60000000000001,1364,197.0,76.8,20.95,23.477,12.293,4.2,93.0,96.0,85.0,1608,1,90.2,0.24
584,191,2.875,44.54,1,92.5,93.60000000000001,1364,197.1,77.1,20.92,23.469,12.285,4.2,93.0,95.9,85.0,1608,1,90.2,0.25
585,191,2.9,44.31,1,92.5,93.60000000000001,1364,197.2,77.1,20.95,23.445,12.277,4.2,93.0,95.9,85.0,1608,1,90.1,0.24
586,192,2.9,44.39,1,92.5,93.60000000000001,1365,197.3,76.9,20.94,23.438,12.27,4.2,93.0,95.9,85.0,1608,1,90.1,0.25
587,192,2.9,44.56,1,92.5,93.60000000000001,1365,197.3,76.8,20.96,23.422,12.266,4.2,93.0,95.9,85.0,1608,1,90.1,0.24
588,192,2.925,44.58,1,92.5,93.60000000000001,1364,197.3,77.0,20.95,23.414,12.258,4.2,93.0,95.9,85.0,1608,1,90.0,0.24
589,193,2.925,44.42,1,92.4,93.60000000000001,1364,197.3,77.1,20.91,23.391,12.254,4.2,93.0,95.9,85.0,1608,1,90.0,0.25
590,193,2.925,44.55,1,92.5,93.60000000000001,1364,197.3,77.1,20.97,23.383,12.246,4.2,93.0,95.9,85.0,1608,1,90.0,0.24
591,193,2.925,44.13,1,92.5,93.60000000000001,1363,197.5,77.1,20.98,23.359,12.238,4.2,93.0,95.8,85.0,1608,1,90.0,0.24
592,193,2.95,44.2,1,92.5,93.60000000000001,1363,197.6,77.0,20.98,23.344,12.23,4.2,93.0,95.8,85.0,1608,1,89.9,0.24
593,194,2.95,44.2,1,92.5,93.5,1363,197.7,77.0,20.98,23.328,12.223,4.2,93.0,95.8,85.0,1608,1,89.9,0.24
594,194,2.95,44.45,1,92.5,93.60000000000001,1364,197.7,77.0,20.95,23.305,12.215,4.2,93.0,95.8,85.0,1608,1,89.8,0.26
595,194,2.975,44.28,1,92.5,93.60000000000001,1364,197.7,76.7,20.95,23.281,12.207,4.2,93.0,95.8,85.0,1609,1,89.8,0.25
596,194,2.975,44.45,1,92.5,93.60000000000001,1364,197.8,76.9,20.96,23.266,12.199,4.2,93.0,95.8,85.0,1609,1,89.8,0.25
597,194,2.975,44.14,1,92.5,93.60000000000001,1364,197.7,76.8,20.96,23.234,12.191,4.2,93.0,95.7,85.0,1609,1,89.7,0.25
598,194,3.0,44.21,1,92.5,93.5,1364,197.8,76.8,20.95,23.211,12.18,4.2,93.0,95.7,85.0,1609,1,89.7,0.25
599,194,3.0,44.3,1,92.5,93.5,1364,197.8,76.7,20.96,23.18,12.172,4.2,93.0,95.7,85.0,1609,1,89.7,0.25
600,194,3.025,44.47,1,92.5,93.5,1364,197.9,76.7,20.98,23.148,12.164,4.2,93.0,95.7,85.0,1609,1,89.6,0.24
601,194,3.025,44.33,1,92.5,93.5,1363,197.9,76.5,21.0,23.109,12.156,4.2,93.0,95.7,85.0,1609,1,89.6,0.24
602,194,3.025,44.49,1,92.5,93.5,1363,197.9,76.6,20.96,23.07,12.145,4.2,93.0,95.7,85.0,1609,1,89.6,0.25
603,194,3.05,44.23,1,92.5,93.5,1364,197.9,76.7,20.99,23.023,12.137,4.2,93.0,95.6,85.0,1609,1,89.5,0.24
604,194,3.05,44.42,1,92.5,93.60000000000001,1364,197.9,76.8,20.98,22.984,12.125,4.2,93.0,95.6,85.0,1609,1,89.5,0.25
605,194,3.075,44.23,1,92.5,93.5,1364,197.9,76.8,20.96,22.93,12.117,4.2,93.0,95.6,85.0,1609,1,89.5,0.25
606,194,3.075,44.25,1,92.5,93.5,1364,197.9,76.9,21.02,22.891,12.105,4.2,93.0,95.6,85.0,1609,1,89.4,0.24
607,194,3.075,44.14,1,92.5,93.5,1365,197.9,76.6,20.93,22.852,12.094,4.2,93.0,95.5,85.0,1609,1,89.4,0.24
608,193,3.1,44.15,1,92.60000000000001,93.5,1365,197.9,76.6,20.96,22.812,12.082,4.2,93.0,95.5,85.0,1609,1,89.4,0.24
609,193,3.1,44.34,1,92.5,93.5,1365,197.9,76.5,20.98,22.773,12.07,4.2,93.0,95.5,85.0,1609,1,89.3,0.25
610,193,3.125,44.6,1,92.60000000000001,93.60000000000001,1365,197.9,76.6,20.96,22.734,12.059,4.2,93.0,95.4,85.0,1609,1,89.3,0.24
611,192,3.125,44.35,1,92.5,93.5,1364,198.0,76.7,20.97,22.695,12.043,4.2,93.0,95.4,85.0,1609,1,89.3,0.24
612,192,3.15,44.25,1,92.5,93.5,1364,198.0,76.7,20.94,22.648,12.031,4.2,93.0,95.3,85.0,1609,1,89.2,0.24
613,192,3.15,44.08,1,92.5,93.5,1364,198.1,76.8,20.94,22.594,12.02,4.2,93.0,95.3,85.0,1609,1,89.2,0.24
614,192,3.175,44.52,1,92.60000000000001,93.5,1364,198.1,76.8,20.99,22.547,12.004,4.2,93.0,95.3,85.0,1610,1,89.2,0.24
615,191,3.175,44.17,1,92.60000000000001,93.5,1365,198.1,76.8,20.96,22.508,11.992,4.2,93.0,95.2,85.0,1610,1,89.1,0.24
616,191,3.175,44.36,1,92.60000000000001,93.5,1365,198.1,76.7,20.97,22.469,11.98,4.2,93.0,95.2,85.0,1610,1,89.1,0.24
617,191,3.2,43.98,1,92.60000000000001,93.5,1366,198.1,76.8,20.97,22.43,11.965,4.2,93.0,95.2,85.0,1610,1,89.1,0.25
618,191,3.2,44.33,1,92.60000000000001,93.5,1366,198.1,76.9,20.98,22.391,11.949,4.2,93.0,95.1,85.0,1610,1,89.0,0.25
619,191,3.225,44.17,1,92.60000000000001,93.5,1366,198.1,76.6,20.97,22.352,11.934,4.2,93.0,95.1,85.0,1610,1,89.0,0.25
620,191,3.225,44.1,1,92.60000000000001,93.5,1366,198.1,76.7,20.98,22.32,11.918,4.2,93.0,95.1,85.0,1610,1,88.9,0.25
621,191,3.25,44.17,1,92.60000000000001,93.5,1366,198.2,76.8,20.93,22.289,11.902,4.2,93.0,95.0,85.0,1610,1,88.9,0.25
622,191,3.25,44.26,1,92.60000000000001,93.5,1367,198.2,76.6,20.98,22.25,11.891,4.2,93.0,95.0,85.0,1610,1,88.9,0.25
623,192,3.25,44.32,1,92.60000000000001,93.5,1366,198.2,76.6,20.98,22.203,11.883,4.2,92.0,95.0,85.0,1610,1,88.8,0.25
624,192,3.25,44.03,1,92.60000000000001,93.5,1366,198.3,76.5,20.95,22.156,11.871,4.2,92.0,95.0,85.0,1610,1,88.8,0.25
625,192,3.275,44.27,1,92.60000000000001,93.5,1366,198.3,76.6,20.93,22.117,11.863,4.2,93.0,95.0,85.0,1610,1,88.8,0.25
626,193,3.275,44.23,1,92.60000000000001,93.5,1366,198.3,76.7,20.97,22.078,11.859,4.2,92.0,94.9,85.0,1610,1,88.7,0.26
627,193,3.275,44.09,1,92.60000000000001,93.5,1366,198.3,76.6,21.02,22.031,11.852,4.2,93.0,94.9,85.0,1610,1,88.7,0.25
628,193,3.3,44.07,1,92.60000000000001,93.5,1365,198.2,76.4,20.98,21.992,11.844,4.2,93.0,94.9,85.0,1610,1,88.7,0.26
629,194,3.3,44.25,1,92.60000000000001,93.5,1365,198.3,76.6,20.98,21.953,11.836,4.2,92.0,94.9,85.0,1610,1,88.6,0.25
630,194,3.3,44.44,1,92.60000000000001,93.5,1365,198.2,76.6,20.95,21.906,11.832,4.2,92.0,94.9,85.0,1610,1,88.6,0.24
631,195,3.3,44.2,1,92.60000000000001,93.5,1366,198.2,76.7,20.97,21.867,11.824,4.2,92.0,94.8,85.0,1610,1,88.6,0.25
632,195,3.325,44.1,1,92.60000000000001,93.5,1366,198.3,76.4,20.98,21.828,11.816,4.2,92.0,94.8,85.0,1610,1,88.5,0.24
633,195,3.325,44.19,1,92.7,93.5,1367,198.3,76.7,20.98,21.789,11.809,4.2,92.0,94.8,85.0,1610,1,88.5,0.24
634,195,3.325,44.07,1,92.7,93.5,1367,198.4,76.6,20.96,21.75,11.801,4.2,92.0,94.8,85.0,1611,1,88.4,0.25
635,195,3.35,44.22,1,92.7,93.5,1366,198.3,76.6,20.96,21.711,11.793,4.2,92.0,94.8,85.0,1611,1,88.4,0.25
636,196,3.35,44.25,1,92.7,93.5,1366,198.3,76.8,21.01,21.672,11.785,4.2,92.0,94.7,85.0,1611,1,88.4,0.25
637,196,3.35,44.33,1,92.7,93.5,1364,198.4,76.7,21.03,21.625,11.777,4.2,92.0,94.7,85.0,1611,1,88.3,0.25
638,196,3.35,44.22,1,92.7,93.5,1364,198.4,76.7,20.98,21.578,11.77,4.2,92.0,94.7,85.0,1611,1,88.3,0.24
639,196,3.375,44.19,1,92.7,93.5,1365,198.5,76.7,20.92,21.531,11.762,4.2,92.0,94.7,85.0,1611,1,88.3,0.24
640,197,3.375,44.15,1,92.7,93.5,1365,198.5,76.6,20.94,21.492,11.754,4.2,92.0,94.6,85.0,1611,1,88.2,0.25
641,197,3.375,44.18,1,92.7,93.5,1365,198.5,76.8,20.96,21.453,11.746,4.2,92.0,94.7,85.0,1611,1,88.2,0.25
642,197,3.4,44.14,1,92.7,93.5,1366,198.5,76.8,21.11,21.406,11.734,4.2,92.0,94.6,85.0,1611,1,88.2,0.24
643,197,3.4,44.09,1,92.7,93.5,1365,198.6,76.7,21.2,21.359,11.727,4.2,92.0,94.6,85.0,1611,1,88.1,0.25
644,197,3.4,44.26,1,92.80000000000001,93.5,1365,198.5,76.5,21.17,21.305,11.719,4.2,92.0,94.6,85.0,1611,1,88.1,0.24
645,197,3.425,44.2,1,92.7,93.5,1365,198.6,76.6,21.2,21.266,11.707,4.2,92.0,94.5,85.0,1611,1,88.0,0.25
646,198,3.425,44.16,1,92.80000000000001,93.5,1365,198.6,76.6,21.29,21.211,11.695,4.2,92.0,94.5,85.0,1611,1,88.0,0.24
647,198,3.425,44.15,1,92.80000000000001,93.5,1365,198.5,76.9,21.33,21.156,11.688,4.2,92.0,94.5,85.0,1611,1,88.0,0.24
648,198,3.45,44.1,1,92.80000000000001,93.5,1365,198.5,76.6,21.25,21.109,11.68,4.2,92.0,94.5,85.0,1611,1,87.9,0.25
649,198,3.45,44.27,1,92.80000000000001,93.5,1365,198.5,76.7,21.56,21.055,11.672,4.2,92.0,94.4,85.0,1611,1,87.9,0.25
650,198,3.45,44.22,1,92.80000000000001,93.5,1366,198.6,76.6,22.03,21.008,11.664,4.2,92.0,94.4,85.0,1611,1,87.9,0.24
651,199,3.475,44.08,1,92.80000000000001,93.5,1366,198.7,76.9,22.05,20.953,11.656,4.2,92.0,94.4,85.0,1611,1,87.8,0.24
652,199,3.475,44.31,1,92.80000000000001,93.5,1365,198.8,76.8,22.06,20.906,11.648,4.2,92.0,94.4,85.0,1611,1,87.8,0.25
653,199,3.475,44.31,1,92.80000000000001,93.5,1365,198.7,76.7,22.09,20.859,11.641,4.2,92.0,94.3,85.0,1611,1,87.7,0.24
654,199,3.5,44.36,1,92.80000000000001,93.5,1365,198.9,76.5,22.06,20.82,11.633,4.2,92.0,94.3,85.0,1612,1,87.7,0.24
655,199,3.5,44.23,1,92.80000000000001,93.5,1365,199.0,76.4,22.06,20.773,11.625,4.2,92.0,94.3,85.0,1612,1,87.7,0.25
656,199,3.5,44.32,1,92.9,93.5,1366,198.9,76.6,22.02,20.734,11.613,4.2,92.0,94.2,85.0,1612,1,87.6,0.25
657,199,3.525,44.1,1,92.9,93.5,1366,198.8,76.7,21.42,20.703,11.605,4.2,92.0,94.2,85.0,1612,1,87.6,0.25
658,199,3.525,44.19,1,92.9,93.5,1367,198.8,76.7,21.36,20.664,11.594,4.2,92.0,94.2,85.0,1612,1,87.6,0.24
659,199,3.525,44.34,1,92.9,93.5,1367,198.8,76.7,21.31,20.641,11.582,4.2,92.0,94.1,85.0,1612,1,87.5,0.24
660,199,3.55,44.46,1,92.80000000000001,93.5,1367,198.9,76.7,21.35,20.609,11.574,4.2,92.0,94.1,85.0,1612,1,87.4,0.24
661,199,3.55,44.15,1,92.9,93.5,1367,198.9,76.5,21.31,20.586,11.566,4.2,92.0,94.1,85.0,1612,1,87.4,0.24
662,199,3.55,44.08,1,92.9,93.5,1367,198.8,76.6,21.35,20.57,11.559,4.2,92.0,94.0,85.0,1612,1,87.4,0.24
663,199,3.575,44.03,1,92.9,93.5,1367,198.9,76.7,21.31,20.539,11.547,4.2,92.0,94.0,85.0,1612,1,87.4,0.25
664,199,3.575,44.28,1,92.9,93.5,1367,198.9,76.5,21.36,20.523,11.539,4.2,91.0,94.0,85.0,1612,1,87.3,0.24
665,199,3.575,43.97,1,92.9,93.5,1367,198.9,76.6,21.34,20.492,11.527,4.2,92.0,94.0,85.0,1612,1,87.3,0.24
666,200,3.6,44.14,1,92.9,93.5,1367,198.9,76.4,21.39,20.461,11.52,4.2,91.0,93.9,85.0,1612,1,87.2,0.24
667,200,3.6,44.03,1,92.9,93.5,1367,199.0,76.3,21.3,20.43,11.508,4.2,91.0,93.9,85.0,1612,1,87.2,0.24
668,200,3.6,44.2,1,92.9,93.5,1367,199.1,76.3,21.35,20.398,11.496,4.2,92.0,93.9,85.0,1612,1,87.2,0.23
669,200,3.625,44.15,1,92.9,93.5,1367,199.0,76.4,21.34,20.359,11.484,4.2,91.0,93.8,85.0,1612,1,87.1,0.25
670,200,3.625,44.09,1,92.9,93.5,1368,199.1,76.5,21.32,20.328,11.477,4.2,92.0,93.8,85.0,1612,1,87.1,0.25
671,200,3.625,44.1,1,92.80000000000001,93.5,1368,199.2,76.8,21.13,20.289,11.465,4.2,92.0,93.8,85.0,1612,1,87.0,0.24
672,201,3.625,44.09,1,92.9,93.5,1368,199.1,76.6,21.11,20.25,11.457,4.2,91.0,93.8,85.0,1612,1,87.0,0.24
673,201,3.65,43.96,1,92.9,93.5,1368,199.2,76.4,21.07,20.211,11.449,4.2,91.0,93.8,85.0,1612,1,87.0,0.24
674,201,3.65,44.12,1,92.9,93.5,1368,199.2,76.4,21.09,20.172,11.441,4.2,91.0,93.7,85.0,1612,1,86.9,0.25
675,201,3.65,44.13,1,92.9,93.5,1368,199.2,76.4,21.13,20.133,11.434,4.2,92.0,93.7,85.0,1613,1,86.9,0.25
676,202,3.675,44.11,1,92.9,93.5,1367,199.1,76.4,21.13,20.094,11.426,4.2,92.0,93.7,85.0,1613,1,86.8,0.24
677,202,3.675,43.97,1,92.9,93.5,1367,199.1,76.4,21.07,20.055,11.418,4.2,91.0,93.6,85.0,1613,1,86.8,0.24
678,202,3.675,44.4,1,92.9,93.5,1367,199.2,76.5,21.14,20.008,11.41,4.2,91.0,93.6,85.0,1613,1,86.7,0.24
679,202,3.7,44.03,1,92.9,93.5,1367,199.2,76.7,21.05,19.969,11.402,4.2,91.0,93.6,85.0,1613,1,86.7,0.24
680,203,3.7,44.07,1,92.9,93.5,1367,199.3,76.6,21.07,19.938,11.395,4.2,91.0,93.6,85.0,1613,1,86.7,0.25
681,203,3.7,43.94,1,93.0,93.5,1367,199.4,76.5,21.04,19.898,11.383,4.2,91.0,93.5,85.0,1613,1,86.6,0.24
682,203,3.7,44.08,1,92.9,93.5,1367,199.5,76.3,21.09,19.867,11.375,4.2,91.0,93.5,85.0,1613,1,86.6,0.24
683,203,3.725,44.15,1,92.9,93.5,1367,199.5,76.5,21.11,19.828,11.367,4.2,91.0,93.5,85.0,1613,1,86.5,0.24
684,204,3.725,44.07,1,93.0,93.5,1368,199.5,76.7,21.12,19.797,11.355,4.2,91.0,93.4,85.0,1613,1,86.5,0.24
685,204,3.725,44.05,1,93.0,93.5,1368,199.6,76.7,21.07,19.766,11.348,4.2,91.0,93.4,85.0,1613,1,86.5,0.25
686,204,3.75,44.08,1,93.0,93.5,1367,199.6,76.3,21.09,19.734,11.34,4.2,91.0,93.4,85.0,1613,1,86.4,0.24
687,205,3.75,43.83,1,93.0,93.5,1368,199.6,76.3,21.09,19.703,11.336,4.2,91.0,93.4,85.0,1613,1,86.4,0.24
688,205,3.75,43.82,1,93.0,93.5,1369,199.6,76.4,21.08,19.68,11.328,4.2,91.0,93.3,85.0,1613,1,86.3,0.25
689,205,3.75,44.22,1,93.0,93.5,1368,199.6,76.5,21.12,19.656,11.32,4.2,91.0,93.3,85.0,1613,1,86.3,0.25
690,205,3.775,44.28,1,93.0,93.5,1368,199.6,76.5,21.09,19.633,11.316,4.2,91.0,93.3,85.0,1613,1,86.3,0.25
691,206,3.775,44.02,1,93.0,93.5,1368,199.6,76.4,21.15,19.609,11.309,4.2,91.0,93.3,85.0,1613,1,86.2,0.25
692,206,3.775,43.74,1,93.0,93.5,1368,199.6,76.6,21.14,19.586,11.301,4.2,91.0,93.2,85.0,1613,1,86.2,0.25
693,206,3.775,44.04,1,93.0,93.5,1368,199.6,76.5,21.06,19.555,11.297,4.2,91.0,93.2,85.0,1613,1,86.1,0.25
694,206,3.8,44.05,1,93.0,93.5,1368,199.7,76.6,21.13,19.531,11.285,4.2,91.0,93.2,85.0,1613,1,86.1,0.25
695,207,3.8,44.14,1,93.0,93.5,1368,199.7,76.8,21.1,19.492,11.277,4.2,91.0,93.2,85.0,1613,1,86.0,0.25
696,207,3.8,43.95,1,93.0,93.5,1368,199.7,76.6,21.09,19.469,11.273,4.2,91.0,93.1,85.0,1614,1,86.0,0.25
697,207,3.825,43.99,1,93.0,93.5,1368,199.7,76.5,21.12,19.438,11.262,4.2,91.0,93.1,85.0,1614,1,86.0,0.24
698,207,3.825,44.01,1,93.0,93.5,1368,199.8,76.5,21.1,19.414,11.254,4.2,91.0,93.1,85.0,1614,1,85.9,0.24
699,208,3.825,44.14,1,93.0,93.4,1368,199.8,76.5,21.12,19.383,11.246,4.2,91.0,93.0,85.0,1614,1,85.9,0.24
700,208,3.85,44.13,1,93.0,93.4,1368,199.9,76.6,21.08,19.344,11.238,4.2,91.0,93.0,85.0,1614,1,85.8,0.24
701,209,3.85,43.9,1,93.0,93.5,1367,199.9,76.6,21.14,19.312,11.227,4.2,91.0,93.0,85.0,1614,1,85.8,0.24
702,209,3.85,44.06,1,93.0,93.4,1367,199.9,76.4,21.13,19.273,11.219,4.2,91.0,93.0,85.0,1614,1,85.7,0.25
703,209,3.85,43.95,1,93.0,93.4,1368,200.0,76.4,21.09,19.234,11.211,4.2,91.0,92.9,85.0,1614,1,85.7,0.24
704,210,3.875,43.76,1,93.0,93.4,1368,200.0,76.4,21.13,19.203,11.203,4.2,91.0,92.9,85.0,1614,1,85.7,0.24
705,210,3.875,44.12,1,93.0,93.4,1368,200.1,76.4,21.14,19.164,11.195,4.2,90.0,92.9,85.0,1614,1,85.6,0.25
706,211,3.875,44.01,1,93.0,93.5,1368,200.0,76.3,21.11,19.125,11.188,4.2,91.0,92.9,85.0,1614,1,85.6,0.24
707,211,3.875,43.95,1,93.0,93.5,1368,200.1,76.5,21.05,19.102,11.18,4.2,91.0,92.8,85.0,1614,1,85.5,0.24
708,211,3.9,43.89,1,93.0,93.5,1368,200.1,76.4,21.09,19.07,11.176,4.2,91.0,92.8,85.0,1614,1,85.5,0.24
709,212,3.9,44.0,1,93.10000000000001,93.5,1369,200.1,76.4,21.12,19.047,11.168,4.2,90.0,92.8,85.0,1614,1,85.5,0.24
710,212,3.9,43.9,1,93.10000000000001,93.5,1369,200.2,76.3,21.12,19.023,11.16,4.2,91.0,92.8,85.0,1614,1,85.4,0.24
711,212,3.925,43.89,1,93.10000000000001,93.5,1369,200.3,76.2,21.09,18.992,11.152,4.2,90.0,92.7,85.0,1614,1,85.4,0.24
712,212,3.925,43.9,1,93.10000000000001,93.5,1368,200.2,76.4,21.09,18.969,11.145,4.2,91.0,92.7,85.0,1614,1,85.3,0.24
713,212,3.925,44.02,1,93.10000000000001,93.4,1368,200.2,76.4,21.09,18.938,11.133,4.2,90.0,92.7,85.0,1614,1,85.3,0.25
714,212,3.925,43.92,1,93.10000000000001,93.5,1368,200.2,76.4,21.1,18.906,11.129,4.2,90.0,92.7,85.0,1614,1,85.2,0.24
715,213,3.95,43.98,1,93.10000000000001,93.5,1368,200.1,76.3,21.12,18.875,11.121,4.2,90.0,92.7,85.0,1614,1,85.2,0.24
716,213,3.95,43.99,1,93.10000000000001,93.5,1368,200.2,76.1,21.13,18.852,11.109,4.2,91.0,92.7,85.0,1614,1,85.1,0.25
717,213,3.95,43.88,1,93.10000000000001,93.5,1368,200.3,76.3,21.12,18.82,11.105,4.2,90.0,92.6,85.0,1614,1,85.1,0.24
718,213,3.975,43.91,1,93.10000000000001,93.5,1368,200.4,76.4,21.08,18.805,11.094,4.2,90.0,92.6,85.0,1614,1,85.1,0.26
719,213,3.975,43.84,1,93.10000000000001,93.4,1369,200.4,76.4,21.08,18.773,11.086,4.2,90.0,92.6,85.0,1615,1,85.0,0.24
720,213,3.975,44.03,1,93.10000000000001,93.4,1370,200.5,76.4,21.11,18.742,11.074,4.2,90.0,92.6,85.0,1615,1,85.0,0.24
721,213,4.0,43.74,1,93.10000000000001,93.5,1370,200.4,76.3,21.07,18.719,11.066,4.2,90.0,92.5,85.0,1615,1,84.9,0.24
722,213,4.0,43.94,1,93.10000000000001,93.4,1370,200.3,76.5,21.07,18.703,11.059,4.2,90.0,92.5,85.0,1615,1,84.9,0.23
723,213,4.0,43.72,1,93.10000000000001,93.4,1369,200.4,76.5,21.1,18.68,11.051,4.2,90.0,92.5,85.0,1615,1,84.9,0.24
724,213,4.0,43.77,1,93.10000000000001,93.4,1369,200.4,76.4,21.13,18.648,11.043,4.2,90.0,92.5,85.0,1615,1,84.8,0.24
725,213,4.025,43.98,1,93.10000000000001,93.4,1370,200.4,76.3,21.09,18.617,11.031,4.2,90.0,92.4,85.0,1615,1,84.8,0.24
726,213,4.025,43.96,1,93.10000000000001,93.4,1370,200.4,76.5,21.09,18.586,11.02,4.2,90.0,92.4,85.0,1615,1,84.7,0.24
727,214,4.025,43.83,1,93.10000000000001,93.4,1369,200.4,76.4,21.08,18.562,11.012,4.2,90.0,92.4,85.0,1615,1,84.7,0.24
728,214,4.05,44.0,1,93.10000000000001,93.4,1369,200.5,76.5,21.08,18.531,11.004,4.2,90.0,92.3,85.0,1615,1,84.6,0.25
729,214,4.05,43.9,1,93.10000000000001,93.4,1368,200.5,76.3,21.05,18.492,10.996,4.2,90.0,92.3,85.0,1615,1,84.6,0.25
730,214,4.05,44.09,1,93.10000000000001,93.4,1368,200.5,76.2,21.11,18.461,10.984,4.2,90.0,92.3,85.0,1615,1,84.6,0.25
731,215,4.05,43.92,1,93.10000000000001,93.4,1368,200.5,76.3,21.16,18.422,10.98,4.2,90.0,92.3,85.0,1615,1,84.5,0.24
732,215,4.075,43.99,1,93.10000000000001,93.4,1368,200.6,76.4,21.12,18.391,10.973,4.2,90.0,92.2,85.0,1615,1,84.5,0.24
733,215,4.075,43.73,1,93.10000000000001,93.4,1367,200.6,76.4,21.07,18.359,10.965,4.2,90.0,92.2,85.0,1615,1,84.4,0.24
734,215,4.075,44.07,1,93.10000000000001,93.4,1367,200.6,76.2,21.12,18.312,10.957,4.2,90.0,92.2,85.0,1615,1,84.4,0.24
735,216,4.075,43.87,1,93.2,93.4,1366,200.6,76.3,21.08,18.281,10.953,4.2,90.0,92.2,85.0,1615,1,84.3,0.24
736,216,4.1,43.83,1,93.10000000000001,93.4,1366,200.6,76.4,21.08,18.242,10.945,4.2,90.0,92.1,85.0,1615,1,84.3,0.23
737,216,4.1,43.88,1,93.2,93.4,1366,200.6,76.3,21.11,18.195,10.941,4.2,90.0,92.1,85.0,1615,1,84.3,0.24
738,217,4.1,44.0,1,93.2,93.4,1366,200.7,76.4,21.09,18.148,10.934,4.2,90.0,92.1,85.0,1615,1,84.2,0.25
739,217,4.1,44.15,1,93.2,93.4,1365,200.7,76.2,21.08,18.094,10.926,4.2,90.0,92.0,85.0,1615,1,84.2,0.23
740,217,4.125,43.79,1,93.2,93.4,1365,200.7,76.2,21.08,18.055,10.922,4.2,90.0,92.0,85.0,1615,1,84.1,0.23
741,217,4.125,43.97,1,93.2,93.4,1365,200.8,76.1,21.07,18.0,10.914,4.2,90.0,92.0,85.0,1615,1,84.1,0.24
742,217,4.125,43.99,1,93.2,93.4,1365,200.9,76.2,21.08,17.953,10.906,4.2,90.0,92.0,85.0,1616,1,84.1,0.24
743,218,4.125,44.04,1,93.2,93.4,1365,200.9,76.4,21.07,17.906,10.902,4.2,90.0,91.9,85.0,1616,1,84.0,0.24
744,218,4.15,43.79,1,93.2,93.4,1365,200.9,76.3,21.11,17.859,10.895,4.2,90.0,91.9,85.0,1616,1,84.0,0.24
745,218,4.15,43.97,1,93.2,93.4,1366,200.9,76.4,21.08,17.805,10.887,4.2,89.0,91.8,85.0,1616,1,83.9,0.24
746,218,4.15,43.99,1,93.30000000000001,93.4,1367,201.0,76.3,21.11,17.766,10.879,4.2,90.0,91.8,85.0,1616,1,83.9,0.24
747,218,4.175,44.06,1,93.2,93.4,1368,201.1,76.4,21.06,17.719,10.871,4.2,90.0,91.8,85.0,1616,1,83.8,0.24
748,218,4.175,43.75,1,93.2,93.4,1367,201.1,76.5,21.12,17.672,10.863,4.2,90.0,91.7,85.0,1616,1,83.8,0.23
749,218,4.175,43.64,1,93.30000000000001,93.4,1367,201.1,76.5,21.1,17.617,10.855,4.2,90.0,91.7,85.0,1616,1,83.7,0.24
750,218,4.2,43.84,1,93.30000000000001,93.4,1367,201.1,76.6,21.05,17.555,10.848,4.2,89.0,91.7,85.0,1616,1,83.7,0.24
751,218,4.2,43.78,1,93.30000000000001,93.4,1367,201.1,76.4,21.13,17.5,10.84,4.2,90.0,91.6,85.0,1616,1,83.7,0.24
752,218,4.2,43.61,1,93.30000000000001,93.4,1366,201.0,76.4,21.09,17.43,10.828,4.2,89.0,91.6,85.0,1616,1,83.6,0.24
753,218,4.225,43.66,1,93.30000000000001,93.4,1366,201.1,76.4,21.13,17.383,10.82,4.2,89.0,91.5,85.0,1616,1,83.6,0.24
754,218,4.225,43.76,1,93.30000000000001,93.4,1365,201.1,76.5,21.14,17.328,10.813,4.2,89.0,91.5,85.0,1616,1,83.5,0.24
755,218,4.225,43.78,1,93.30000000000001,93.4,1365,201.1,76.5,21.11,17.266,10.805,4.2,89.0,91.5,85.0,1616,1,83.5,0.24
756,218,4.25,43.59,1,93.30000000000001,93.4,1365,201.1,76.5,21.12,17.203,10.793,4.2,89.0,91.4,85.0,1616,1,83.4,0.25
757,218,4.25,43.82,1,93.4,93.4,1365,201.1,76.6,21.09,17.141,10.785,4.2,89.0,91.3,85.0,1616,1,83.4,0.24
758,218,4.25,43.83,1,93.4,93.4,1365,201.1,76.4,21.09,17.086,10.777,4.2,89.0,91.3,85.0,1616,1,83.4,0.24
759,218,4.25,43.9,1,93.4,93.4,1365,201.0,76.5,21.09,17.023,10.766,4.2,88.0,91.3,85.0,1616,1,83.3,0.23
760,218,4.275,43.76,1,93.4,93.4,1365,200.9,76.3,21.1,16.961,10.758,4.2,88.0,91.2,85.0,1616,1,83.3,0.24
761,218,4.275,43.87,1,93.4,93.4,1365,200.9,76.4,21.06,16.906,10.746,4.2,89.0,91.2,85.0,1616,1,83.2,0.24
762,218,4.275,43.87,1,93.4,93.4,1365,200.9,76.4,21.09,16.836,10.738,4.2,88.0,91.1,85.0,1616,1,83.2,0.24
763,218,4.3,43.72,1,93.4,93.4,1365,200.9,76.3,21.11,16.773,10.73,4.2,88.0,91.1,85.0,1616,1,83.1,0.24
764,218,4.3,43.85,1,93.4,93.4,1366,200.8,76.3,21.1,16.711,10.723,4.2,88.0,91.0,85.0,1616,1,83.1,0.24
765,218,4.3,43.93,1,93.4,93.4,1366,200.8,76.4,21.11,16.648,10.711,4.2,88.0,91.0,85.0,1616,1,83.0,0.24
766,218,4.325,43.82,1,93.4,93.4,1366,200.8,76.4,21.09,16.578,10.703,4.2,88.0,90.9,85.0,1616,1,83.0,0.24
767,218,4.325,43.8,1,93.5,93.4,1365,200.8,76.3,21.12,16.531,10.695,4.2,88.0,90.9,85.0,1617,1,83.0,0.24
768,219,4.325,43.94,1,93.5,93.4,1366,200.7,76.3,21.06,16.469,10.688,4.2,88.0,90.8,85.0,1617,1,82.9,0.24
769,219,4.35,43.82,1,93.5,93.4,1366,200.6,76.3,21.07,16.406,10.68,4.2,88.0,90.8,85.0,1617,1,82.9,0.24
770,219,4.35,43.79,1,93.5,93.4,1366,200.7,76.4,21.14,16.344,10.672,4.2,88.0,90.7,85.0,1617,1,82.8,0.25
771,219,4.35,43.81,1,93.5,93.4,1365,200.7,76.3,21.09,16.281,10.664,4.2,88.0,90.7,85.0,1617,1,82.8,0.24
772,219,4.375,43.87,1,93.5,93.4,1364,200.7,76.4,21.11,16.219,10.656,4.2,88.0,90.6,85.0,1617,1,82.7,0.24
773,219,4.375,43.76,1,93.5,93.4,1364,200.6,76.5,21.07,16.164,10.648,4.2,88.0,90.5,85.0,1617,1,82.7,0.24
774,219,4.375,43.89,1,93.5,93.4,1365,200.7,76.3,21.11,16.109,10.641,4.2,88.0,90.5,85.0,1617,1,82.7,0.24
775,219,4.375,43.91,1,93.5,93.4,1365,200.6,76.4,21.09,16.047,10.629,4.2,88.0,90.4,85.0,1617,1,82.6,0.24
776,219,4.4,43.99,1,93.5,93.4,1365,200.5,76.2,21.08,15.992,10.617,4.2,88.0,90.4,85.0,1617,1,82.6,0.24
777,218,4.4,44.03,1,93.60000000000001,93.4,1366,200.5,76.4,21.09,15.93,10.609,4.2,88.0,90.3,85.0,1617,1,82.5,0.24
778,218,4.4,43.89,1,93.60000000000001,93.4,1365,200.6,76.6,21.11,15.867,10.602,4.2,87.0,90.3,85.0,1617,1,82.5,0.23
779,218,4.4,43.91,1,93.60000000000001,93.4,1365,200.6,76.5,21.09,15.805,10.59,4.2,87.0,90.2,85.0,1617,1,82.4,0.25
780,218,4.4,43.78,1,93.60000000000001,93.4,1365,200.7,76.5,21.07,15.742,10.582,4.2,87.0,90.1,85.0,1617,1,82.4,0.25
781,218,4.425,43.95,1,93.60000000000001,93.4,1365,200.6,76.6,21.08,15.68,10.574,4.2,87.0,90.1,85.0,1617,1,82.3,0.24
782,218,4.425,43.83,1,93.60000000000001,93.4,1365,200.6,76.4,21.1,15.617,10.563,4.2,87.0,90.0,85.0,1617,1,82.3,0.25
783,218,4.425,43.57,1,93.60000000000001,93.4,1365,200.6,76.3,21.07,15.555,10.555,4.2,87.0,89.9,85.0,1617,1,82.2,0.25
784,218,4.425,43.88,1,93.60000000000001,93.4,1365,200.7,76.5,21.06,15.477,10.547,4.2,87.0,89.9,85.0,1617,1,82.2,0.25
785,218,4.45,43.96,1,93.7,93.4,1366,200.6,76.3,21.08,15.422,10.535,4.2,87.0,89.8,85.0,1617,1,82.2,0.25
786,218,4.45,43.79,1,93.7,93.4,1367,200.6,76.4,21.07,15.359,10.527,4.2,87.0,89.8,85.0,1617,1,82.1,0.25
787,218,4.45,43.88,1,93.7,93.4,1367,200.6,76.4,21.11,15.305,10.52,4.2,87.0,89.7,85.0,1617,1,82.1,0.25
788,218,4.45,43.77,1,93.7,93.4,1367,200.6,76.5,21.09,15.25,10.512,4.2,87.0,89.7,85.0,1617,1,82.0,0.25
789,218,4.475,43.77,1,93.7,93.4,1368,200.5,76.5,21.09,15.195,10.504,4.2,87.0,89.6,85.0,1617,1,82.0,0.25
790,218,4.475,43.82,1,93.7,93.4,1368,200.5,76.5,21.12,15.156,10.492,4.2,87.0,89.5,85.0,1617,1,82.0,0.25
791,218,4.475,43.78,1,93.7,93.4,1369,200.6,76.4,21.08,15.109,10.484,4.2,87.0,89.5,85.0,1617,1,81.9,0.25
792,218,4.475,43.87,1,93.7,93.4,1369,200.6,76.5,21.12,15.07,10.477,4.2,87.0,89.4,85.0,1617,1,81.9,0.25
793,218,4.5,43.73,1,93.7,93.4,1369,200.6,76.6,21.06,15.031,10.469,4.2,87.0,89.4,85.0,1618,1,81.8,0.24
794,218,4.5,43.83,1,93.7,93.4,1369,200.5,76.4,21.11,14.992,10.457,4.2,86.0,89.3,85.0,1618,1,81.8,0.24
795,217,4.5,43.84,1,93.7,93.4,1369,200.5,76.5,21.09,14.961,10.449,4.2,86.0,89.2,85.0,1618,1,81.7,0.24
796,217,4.5,43.78,1,93.7,93.4,1369,200.6,76.3,21.09,14.922,10.438,4.2,86.0,89.2,85.0,1618,1,81.7,0.24
797,217,4.5,43.85,1,93.7,93.4,1370,200.6,76.4,21.09,14.883,10.426,4.2,86.0,89.1,85.0,1618,1,81.6,0.25
798,217,4.5,43.55,1,93.8,93.4,1370,200.6,76.4,21.09,14.836,10.418,4.2,86.0,89.1,85.0,1618,1,81.6,0.24
799,217,4.525,43.83,1,93.8,93.4,1371,200.5,76.4,21.07,14.797,10.406,4.2,86.0,89.0,85.0,1618,1,81.5,0.24
800,217,4.525,43.79,1,93.8,93.4,1370,200.5,76.5,21.09,14.758,10.398,4.2,86.0,89.0,85.0,1618,1,81.5,0.24
801,217,4.525,43.68,1,93.7,93.4,1370,200.5,76.6,21.09,14.711,10.387,4.2,86.0,88.9,85.0,1618,1,81.5,0.24
802,217,4.525,43.8,1,93.8,93.4,1369,200.5,76.4,21.06,14.656,10.379,4.2,86.0,88.9,85.0,1618,1,81.4,0.24
803,217,4.55,43.77,1,93.8,93.4,1369,200.5,76.3,21.12,14.609,10.367,4.2,86.0,88.8,85.0,1618,1,81.4,0.25
804,217,4.55,43.87,1,93.8,93.4,1369,200.5,76.3,21.12,14.562,10.359,4.2,86.0,88.8,85.0,1618,1,81.3,0.25
805,217,4.55,43.62,1,93.8,93.4,1369,200.5,76.6,21.12,14.516,10.352,4.2,86.0,88.7,85.0,1618,1,81.3,0.24
806,217,4.55,43.72,1,93.8,93.4,1368,200.6,76.5,21.12,14.461,10.34,4.2,86.0,88.7,85.0,1618,1,81.2,0.24
807,217,4.55,43.84,1,93.8,93.4,1368,200.6,76.6,21.07,14.406,10.332,4.2,86.0,88.6,85.0,1618,1,81.2,0.24
808,217,4.575,43.6,1,93.8,93.4,1369,200.6,76.5,21.09,14.352,10.324,4.2,86.0,88.6,85.0,1618,1,81.1,0.24
809,217,4.575,43.7,1,93.8,93.4,1369,200.6,76.6,21.14,14.297,10.316,4.2,86.0,88.5,85.0,1618,1,81.1,0.24
810,217,4.575,43.68,1,93.8,93.4,1369,200.6,76.5,21.11,14.234,10.309,4.2,86.0,88.5,85.0,1618,1,81.0,0.24
811,217,4.575,43.7,1,93.8,93.4,1369,200.6,76.4,21.09,14.18,10.301,4.2,86.0,88.5,85.0,1618,1,81.0,0.24
812,217,4.575,43.78,1,93.8,93.4,1369,200.6,76.2,21.07,14.125,10.289,4.2,86.0,88.4,85.0,1618,1,80.9,0.25
813,217,4.6,43.7,1,93.8,93.4,1369,200.6,76.5,21.05,14.086,10.281,4.2,85.0,88.3,85.0,1618,1,80.9,0.25
814,217,4.6,43.71,1,93.8,93.4,1370,200.7,76.4,21.08,14.039,10.273,4.2,86.0,88.3,85.0,1618,1,80.8,0.25
815,217,4.6,43.78,1,93.89999999999999,93.4,1371,200.7,76.3,21.09,13.992,10.27,4.2,86.0,88.2,85.0,1618,1,80.8,0.25
816,217,4.6,43.62,1,93.89999999999999,93.4,1371,200.7,76.4,21.09,13.961,10.262,4.2,85.0,88.2,85.0,1618,1,80.8,0.25
817,217,4.625,43.73,1,93.89999999999999,93.4,1371,200.6,76.4,21.07,13.938,10.254,4.2,86.0,88.2,85.0,1618,1,80.7,0.25
818,217,4.625,43.71,1,93.89999999999999,93.4,1371,200.6,76.3,21.14,13.922,10.246,4.2,85.0,88.1,85.0,1618,1,80.6,0.25
819,217,4.625,43.7,1,93.89999999999999,93.4,1371,200.6,76.4,21.09,13.906,10.238,4.2,85.0,88.1,85.0,1619,1,80.6,0.25
820,216,4.625,43.75,1,93.89999999999999,93.4,1373,200.7,76.3,21.05,13.891,10.23,4.2,85.0,88.0,85.0,1619,1,80.6,0.24
821,216,4.625,43.76,1,93.89999999999999,93.4,1373,200.6,76.2,21.11,13.883,10.219,4.2,85.0,88.0,85.0,1619,1,80.5,0.25
822,216,4.65,43.7,1,93.8,93.4,1373,200.7,76.3,21.1,13.867,10.211,4.2,85.0,87.9,85.0,1619,1,80.4,0.25
823,216,4.65,43.65,1,93.89999999999999,93.4,1373,200.9,76.5,21.11,13.844,10.199,4.2,85.0,87.9,85.0,1619,1,80.4,0.25
824,215,4.65,43.85,1,93.89999999999999,93.4,1372,200.9,76.3,21.11,13.82,10.188,4.2,85.0,87.9,85.0,1619,1,80.4,0.24
825,215,4.65,43.48,1,93.89999999999999,93.4,1372,201.0,76.1,21.11,13.797,10.176,4.2,85.0,87.8,85.0,1619,1,80.3,0.25
826,215,4.675,43.93,1,93.89999999999999,93.4,1372,201.0,76.2,21.06,13.773,10.168,4.2,85.0,87.8,85.0,1619,1,80.3,0.25
827,215,4.675,43.62,1,93.8,93.4,1372,201.0,76.2,21.08,13.742,10.156,4.2,85.0,87.7,85.0,1619,1,80.2,0.25
828,215,4.675,43.63,1,93.8,93.4,1372,201.0,76.3,21.09,13.719,10.148,4.2,85.0,87.7,85.0,1619,1,80.2,0.25
829,215,4.675,43.48,1,93.8,93.4,1371,201.0,76.3,21.08,13.688,10.137,4.2,85.0,87.7,85.0,1619,1,80.1,0.25
830,215,4.675,43.72,1,93.8,93.4,1372,200.9,76.3,21.08,13.648,10.125,4.2,85.0,87.6,85.0,1619,1,80.1,0.25
831,215,4.7,43.69,1,93.89999999999999,93.4,1371,201.0,76.3,21.09,13.609,10.117,4.2,85.0,87.6,85.0,1619,1,80.0,0.24
832,215,4.7,43.53,1,93.8,93.4,1371,201.0,76.2,21.11,13.57,10.105,4.2,85.0,87.6,85.0,1619,1,80.0,0.25
833,215,4.7,43.61,1,93.89999999999999,93.4,1371,201.1,76.2,21.09,13.523,10.102,4.2,85.0,87.5,85.0,1619,1,79.9,0.24
834,215,4.7,43.6,1,93.89999999999999,93.4,1371,201.1,76.4,21.1,13.484,10.09,4.2,85.0,87.5,85.0,1619,1,79.9,0.25
835,215,4.7,43.72,1,93.89999999999999,93.4,1371,201.0,76.4,21.12,13.438,10.082,4.2,85.0,87.5,85.0,1619,1,79.8,0.24
836,215,4.7,43.49,1,93.89999999999999,93.4,1371,201.0,76.3,21.09,13.391,10.074,4.2,85.0,87.4,85.0,1619,1,79.8,0.25
837,216,4.725,43.48,1,93.8,93.4,1371,201.0,76.3,21.09,13.344,10.066,4.2,85.0,87.4,85.0,1619,1,79.7,0.24
838,216,4.725,43.66,1,93.89999999999999,93.4,1372,201.0,76.3,21.1,13.297,10.059,4.2,85.0,87.4,85.0,1619,1,79.7,0.24
839,216,4.725,43.91,1,93.89999999999999,93.4,1372,201.0,76.2,21.06,13.258,10.051,4.2,85.0,87.4,85.0,1619,1,79.6,0.24
840,216,4.725,43.69,1,93.89999999999999,93.4,1372,201.0,76.1,21.09,13.219,10.043,4.2,84.0,87.3,85.0,1619,1,79.6,0.24
841,217,4.75,43.76,1,93.89999999999999,93.4,1372,201.0,76.2,21.08,13.18,10.039,4.2,85.0,87.3,85.0,1619,1,79.5,0.24
842,217,4.725,43.56,1,93.89999999999999,93.4,1371,201.0,76.3,21.09,13.141,10.031,4.2,85.0,87.3,85.0,1619,1,79.5,0.24
843,217,4.725,43.54,1,93.89999999999999,93.4,1372,201.1,76.2,21.08,13.109,10.027,4.2,85.0,87.3,85.0,1619,1,79.4,0.25
844,217,4.75,43.37,1,93.89999999999999,93.4,1371,201.1,76.2,21.07,13.078,10.02,4.2,85.0,87.2,85.0,1619,1,79.4,0.24
845,218,4.75,43.54,1,93.89999999999999,93.4,1371,201.1,76.2,21.04,13.047,10.016,4.2,84.0,87.2,85.0,1619,1,79.3,0.25
846,218,4.75,43.7,1,93.89999999999999,93.4,1371,201.1,76.4,21.09,13.016,10.012,4.2,85.0,87.2,85.0,1619,1,79.3,0.25
847,218,4.75,43.7,1,94.0,93.4,1371,201.1,76.3,21.07,12.984,10.004,4.2,85.0,87.1,85.0,1620,1,79.2,0.26
848,218,4.75,43.65,1,94.0,93.4,1371,201.2,76.0,21.09,12.961,10.0,4.2,84.0,87.1,85.0,1620,1,79.2,0.25
849,218,4.775,43.73,1,93.89999999999999,93.4,1371,201.2,76.1,21.14,12.93,9.992,4.2,84.0,87.1,85.0,1620,1,79.1,0.25
850,218,4.775,43.57,1,94.0,93.4,1372,201.3,76.0,21.11,12.898,9.988,4.2,84.0,87.0,85.0,1620,1,79.1,0.25
851,219,4.775,43.58,1,93.89999999999999,93.4,1372,201.4,76.3,21.12,12.867,9.98,4.2,84.0,87.0,85.0,1620,1,79.0,0.25
852,219,4.775,43.57,1,94.0,93.4,1371,201.4,76.2,21.07,12.836,9.977,4.2,84.0,87.0,85.0,1620,1,79.0,0.25
853,219,4.775,43.64,1,94.0,93.4,1372,201.5,76.2,21.1,12.797,9.969,4.2,84.0,86.9,85.0,1620,1,78.9,0.25
854,219,4.8,43.46,1,94.0,93.4,1371,201.4,76.0,21.13,12.766,9.961,4.2,84.0,86.9,85.0,1620,1,78.9,0.25
855,219,4.775,43.65,1,94.0,93.4,1372,201.5,76.2,21.05,12.727,9.953,4.2,84.0,86.9,85.0,1620,1,78.8,0.24
856,219,4.775,43.58,1,94.0,93.4,1372,201.5,76.2,21.04,12.68,9.945,4.2,84.0,86.8,85.0,1620,1,78.8,0.25
857,219,4.8,43.64,1,94.0,93.30000000000001,1372,201.5,76.4,21.09,12.641,9.938,4.2,84.0,86.8,85.0,1620,1,78.7,0.25
858,220,4.8,43.63,1,94.0,93.4,1372,201.6,76.2,21.08,12.594,9.93,4.2,84.0,86.8,85.0,1620,1,78.7,0.26
859,220,4.8,43.61,1,94.0,93.30000000000001,1371,201.6,76.3,21.09,12.555,9.926,4.2,84.0,86.7,85.0,1620,1,78.6,0.25
860,220,4.8,43.65,1,94.0,93.30000000000001,1371,201.7,76.1,21.09,12.508,9.918,4.2,84.0,86.7,85.0,1620,1,78.6,0.25
861,220,4.825,43.41,1,94.0,93.4,1371,201.6,76.2,21.09,12.461,9.914,4.2,84.0,86.7,85.0,1620,1,78.5,0.25
862,221,4.825,43.64,1,94.0,93.4,1371,201.7,76.2,21.07,12.422,9.906,4.2,84.0,86.6,85.0,1620,1,78.5,0.24
863,221,4.825,43.46,1,94.0,93.4,1371,201.7,76.2,21.09,12.383,9.902,4.2,84.0,86.6,85.0,1620,1,78.4,0.25
864,221,4.825,43.84,1,94.0,93.30000000000001,1371,201.7,76.2,21.06,12.344,9.895,4.2,84.0,86.5,85.0,1620,1,78.4,0.24
865,221,4.825,43.69,1,94.0,93.4,1371,201.7,76.3,21.12,12.305,9.887,4.2,84.0,86.5,85.0,1620,1,78.3,0.24
866,221,4.85,43.42,1,94.0,93.30000000000001,1371,201.8,76.1,21.1,12.281,9.883,4.2,84.0,86.4,85.0,1620,1,78.3,0.23
867,221,4.825,43.79,1,94.1,93.4,1372,201.8,76.2,21.13,12.25,9.875,4.2,84.0,86.4,85.0,1620,1,78.2,0.24
868,222,4.825,43.41,1,94.0,93.4,1372,201.7,76.3,21.1,12.219,9.867,4.2,84.0,86.4,85.0,1620,1,78.2,0.25
869,222,4.85,43.62,1,94.0,93.4,1372,201.7,76.3,21.11,12.18,9.859,4.2,84.0,86.3,85.0,1620,1,78.1,0.24
870,222,4.85,43.5,1,94.0,93.30000000000001,1372,201.7,76.2,21.09,12.148,9.852,4.2,84.0,86.3,85.0,1620,1,78.1,0.25
871,222,4.85,43.54,1,94.1,93.4,1372,201.7,76.3,21.05,12.125,9.844,4.2,84.0,86.3,85.0,1620,1,78.0,0.25
872,222,4.825,43.49,1,94.0,93.30000000000001,1372,201.7,76.4,21.05,12.086,9.836,4.2,84.0,86.2,85.0,1620,1,78.0,0.25
873,223,4.85,43.61,1,94.0,93.4,1372,201.7,76.1,21.05,12.062,9.832,4.2,84.0,86.1,85.0,1620,1,77.9,0.24
874,223,4.85,43.51,1,94.1,93.4,1373,201.7,76.1,21.08,12.031,9.824,4.2,84.0,86.1,85.0,1620,1,77.9,0.25
875,223,4.875,43.65,1,94.1,93.4,1372,201.7,76.1,21.09,12.0,9.82,4.2,84.0,86.1,85.0,1620,1,77.8,0.25
876,223,4.875,43.58,1,94.1,93.4,1373,201.7,76.1,21.1,11.969,9.813,4.2,83.0,86.0,85.0,1620,1,77.8,0.25
877,223,4.875,43.4,1,94.1,93.4,1373,201.7,76.2,21.08,11.945,9.809,4.2,84.0,86.0,85.0,1620,1,77.7,0.25
878,224,4.875,43.65,1,94.1,93.4,1373,201.7,76.1,21.1,11.914,9.801,4.2,83.0,85.9,85.0,1620,1,77.7,0.24
879,224,4.875,43.55,1,94.1,93.30000000000001,1372,201.7,76.1,21.11,11.883,9.797,4.2,83.0,85.9,85.0,1621,1,77.6,0.25
880,224,4.9,43.46,1,94.0,93.30000000000001,1373,201.7,76.0,21.07,11.844,9.789,4.2,83.0,85.8,85.0,1621,1,77.5,0.25
881,224,4.875,43.52,1,94.1,93.4,1373,201.8,76.2,21.09,11.812,9.781,4.2,83.0,85.8,85.0,1621,1,77.5,0.25
882,224,4.9,43.71,1,94.1,93.30000000000001,1372,201.8,76.3,21.08,11.781,9.777,4.2,83.0,85.8,85.0,1621,1,77.4,0.26
883,225,4.9,43.57,1,94.1,93.4,1372,201.9,76.1,21.08,11.75,9.77,4.2,83.0,85.7,85.0,1621,1,77.4,0.25
884,225,4.9,43.62,1,94.1,93.30000000000001,1372,201.9,75.9,21.1,11.719,9.762,4.2,83.0,85.7,85.0,1621,1,77.3,0.25
885,225,4.9,43.56,1,94.1,93.30000000000001,1371,201.9,76.2,21.11,11.688,9.754,4.2,83.0,85.7,85.0,1621,1,77.3,0.25
886,225,4.9,43.68,1,94.1,93.4,1372,201.9,76.1,21.14,11.656,9.75,4.2,83.0,85.6,85.0,1621,1,77.2,0.25
887,225,4.925,43.59,1,94.1,93.4,1372,201.9,76.0,21.11,11.625,9.746,4.2,83.0,85.6,85.0,1621,1,77.2,0.25
888,226,4.925,43.44,1,94.1,93.4,1372,201.9,76.1,21.06,11.586,9.742,4.2,83.0,85.5,85.0,1621,1,77.1,0.25
889,226,4.925,43.52,1,94.1,93.4,1372,201.9,76.1,21.11,11.562,9.738,4.2,83.0,85.5,85.0,1621,1,77.1,0.25
890,226,4.925,43.45,1,94.1,93.30000000000001,1372,201.9,76.1,21.09,11.531,9.734,4.2,83.0,85.5,85.0,1621,1,77.0,0.26
891,226,4.95,43.58,1,94.1,93.30000000000001,1372,202.0,76.0,21.08,11.508,9.727,4.2,83.0,85.4,85.0,1621,1,77.0,0.25
892,226,4.95,43.35,1,94.1,93.30000000000001,1371,202.1,76.0,21.08,11.492,9.723,4.2,83.0,85.4,85.0,1621,1,76.9,0.25
893,225,4.95,43.61,1,94.1,93.30000000000001,1371,202.0,76.2,21.11,11.469,9.715,4.2,83.0,85.4,85.0,1621,1,76.9,0.25
894,225,4.95,43.58,1,94.19999999999999,93.4,1372,202.1,76.0,21.06,11.445,9.707,4.2,83.0,85.3,85.0,1621,1,76.8,0.24
895,225,4.975,43.39,1,94.1,93.30000000000001,1372,202.1,76.1,21.13,11.406,9.699,4.2,83.0,85.3,85.0,1621,1,76.8,0.25
896,225,4.975,43.4,1,94.19999999999999,93.30000000000001,1371,202.2,76.2,21.08,11.367,9.688,4.2,82.0,85.2,85.0,1621,1,76.7,0.25
897,225,4.975,43.56,1,94.19999999999999,93.30000000000001,1371,202.2,76.2,21.09,11.32,9.68,4.2,82.0,85.2,85.0,1621,1,76.7,0.24
898,225,4.975,43.35,1,94.1,93.30000000000001,1371,202.1,76.3,21.11,11.281,9.672,4.2,83.0,85.2,85.0,1621,1,76.6,0.25
899,225,5.0,43.58,1,94.1,93.30000000000001,1370,202.2,76.1,21.01,11.242,9.66,4.2,83.0,85.1,85.0,1621,1,76.5,0.25
900,225,5.0,43.59,1,94.1,93.30000000000001,1370,202.2,76.0,21.08,11.188,9.652,4.2,82.0,85.1,85.0,1621,1,76.5,0.25
901,225,5.0,43.48,1,94.1,93.30000000000001,1370,202.2,75.8,21.07,11.141,9.645,4.2,82.0,85.0,85.0,1621,1,76.4,0.24
902,225,5.0,43.47,1,94.1,93.30000000000001,1370,202.2,76.0,21.09,11.086,9.637,4.2,82.0,85.0,85.0,1621,1,76.4,0.25
903,225,5.0,43.45,1,94.19999999999999,93.30000000000001,1370,202.2,76.0,21.12,11.031,9.625,4.2,82.0,84.9,85.0,1621,1,76.4,0.25
904,225,5.0,43.69,1,94.19999999999999,93.30000000000001,1370,202.2,76.3,21.14,10.984,9.621,4.2,82.0,84.9,85.0,1621,1,76.3,0.24
905,225,5.025,43.37,1,94.19999999999999,93.30000000000001,1369,202.2,76.0,21.06,10.93,9.613,4.2,82.0,84.8,85.0,1621,1,76.2,0.25
906,226,5.025,43.49,1,94.19999999999999,93.30000000000001,1370,202.2,76.0,21.11,10.883,9.609,4.2,82.0,84.8,85.0,1621,1,76.2,0.25
907,226,5.025,43.48,1,94.19999999999999,93.30000000000001,1371,202.1,76.1,21.09,10.828,9.602,4.2,82.0,84.8,85.0,1621,1,76.1,0.25
908,226,5.025,43.51,1,94.19999999999999,93.30000000000001,1371,202.1,76.2,21.07,10.781,9.594,4.2,82.0,84.7,85.0,1621,1,76.1,0.25
909,226,5.025,43.63,1,94.19999999999999,93.30000000000001,1371,202.0,76.2,21.06,10.742,9.59,4.2,82.0,84.7,85.0,1621,1,76.0,0.24
910,226,5.025,43.64,1,94.19999999999999,93.30000000000001,1371,202.0,76.1,21.12,10.703,9.586,4.2,82.0,84.6,85.0,1621,1,76.0,0.25
911,226,5.05,43.65,1,94.19999999999999,93.30000000000001,1370,202.1,76.4,21.12,10.656,9.578,4.2,82.0,84.6,85.0,1621,1,75.9,0.24
912,226,5.05,43.5,1,94.19999999999999,93.30000000000001,1370,202.1,76.0,21.09,10.617,9.574,4.2,82.0,84.5,85.0,1621,1,75.9,0.25
913,226,5.05,43.54,1,94.19999999999999,93.30000000000001,1369,202.1,76.0,21.11,10.578,9.566,4.2,82.0,84.5,85.0,1622,1,75.8,0.26
914,226,5.05,43.39,1,94.19999999999999,93.30000000000001,1369,202.0,75.9,21.08,10.539,9.559,4.2,82.0,84.5,85.0,1622,1,75.8,0.25
915,226,5.05,43.53,1,94.3,93.30000000000001,1369,202.0,76.1,21.15,10.492,9.555,4.2,82.0,84.4,85.0,1622,1,75.7,0.26
916,225,5.075,43.48,1,94.3,93.30000000000001,1370,202.1,76.2,21.1,10.461,9.547,4.2,82.0,84.4,85.0,1622,1,75.7,0.25
917,225,5.075,43.62,1,94.19999999999999,93.30000000000001,1370,202.2,76.3,21.07,10.422,9.539,4.2,82.0,84.3,85.0,1622,1,75.6,0.25
918,225,5.075,43.34,1,94.19999999999999,93.30000000000001,1369,202.2,76.2,21.11,10.383,9.531,4.2,82.0,84.3,85.0,1622,1,75.5,0.25
919,225,5.075,43.57,1,94.3,93.30000000000001,1370,202.2,76.1,21.05,10.359,9.52,4.2,82.0,84.3,85.0,1622,1,75.5,0.25
920,224,5.075,43.43,1,94.3,93.30000000000001,1370,202.2,76.0,21.13,10.312,9.516,4.2,82.0,84.2,85.0,1622,1,75.5,0.25
921,224,5.1,43.61,1,94.19999999999999,93.30000000000001,1370,202.2,76.2,21.13,10.281,9.504,4.2,82.0,84.2,85.0,1622,1,75.4,0.25
922,224,5.1,43.34,1,94.3,93.30000000000001,1371,202.2,76.1,21.07,10.242,9.496,4.2,81.0,84.1,85.0,1622,1,75.3,0.26
923,223,5.1,43.54,1,94.3,93.30000000000001,1371,202.1,76.1,21.07,10.203,9.488,4.2,81.0,84.1,85.0,1622,1,75.3,0.25
924,223,5.1,43.6,1,94.3,93.30000000000001,1371,202.1,75.9,21.06,10.172,9.477,4.2,82.0,84.1,85.0,1622,1,75.2,0.25
925,223,5.125,43.19,1,94.3,93.30000000000001,1371,202.1,76.0,21.09,10.141,9.465,4.2,81.0,84.0,85.0,1622,1,75.2,0.25
926,222,5.125,43.52,1,94.3,93.2,1371,202.1,75.8,21.07,10.102,9.457,4.2,81.0,84.0,85.0,1622,1,75.1,0.25
927,222,5.125,43.56,1,94.3,93.30000000000001,1371,202.1,76.0,21.07,10.07,9.445,4.2,81.0,83.9,85.0,1622,1,75.0,0.26
928,222,5.125,43.57,1,94.19999999999999,93.2,1371,202.1,76.0,21.08,10.031,9.43,4.2,82.0,83.9,85.0,1622,1,75.0,0.26
929,222,5.125,43.46,1,94.3,93.2,1371,202.1,75.9,21.09,9.984,9.422,4.2,81.0,83.8,85.0,1622,1,75.0,0.26
930,222,5.15,43.48,1,94.3,93.2,1370,202.0,75.8,21.11,9.93,9.41,4.2,81.0,83.8,85.0,1622,1,74.9,0.25
931,221,5.15,43.39,1,94.3,93.30000000000001,1370,202.1,75.9,21.05,9.875,9.398,4.2,81.0,83.8,85.0,1622,1,74.8,0.25
932,221,5.15,43.42,1,94.3,93.30000000000001,1369,202.0,76.0,21.09,9.812,9.391,4.2,81.0,83.7,85.0,1622,1,74.8,0.26
933,221,5.15,43.41,1,94.3,93.2,1369,202.0,76.0,21.07,9.75,9.383,4.2,81.0,83.7,85.0,1622,1,74.7,0.26
934,221,5.15,43.41,1,94.3,93.30000000000001,1370,202.0,76.0,21.1,9.688,9.371,4.2,81.0,83.6,85.0,1622,1,74.7,0.26
935,221,5.15,43.56,1,94.3,93.30000000000001,1370,202.0,75.8,21.09,9.633,9.363,4.2,81.0,83.6,85.0,1622,1,74.6,0.25
936,221,5.175,43.19,1,94.3,93.2,1371,202.0,76.0,21.11,9.57,9.355,4.2,81.0,83.6,85.0,1622,1,74.6,0.25
937,221,5.175,43.29,1,94.39999999999999,93.30000000000001,1370,202.0,75.9,21.1,9.5,9.348,4.2,81.0,83.5,85.0,1622,1,74.5,0.26
938,222,5.175,43.5,1,94.39999999999999,93.30000000000001,1370,202.1,76.0,21.09,9.43,9.34,4.2,81.0,83.5,85.0,1622,1,74.5,0.26
939,222,5.175,43.48,1,94.39999999999999,93.30000000000001,1370,202.1,76.2,21.05,9.367,9.336,4.2,81.0,83.4,85.0,1622,1,74.4,0.26
940,222,5.175,43.33,1,94.39999999999999,93.30000000000001,1370,202.2,76.1,21.02,9.32,9.328,4.2,81.0,83.4,85.0,1622,1,74.4,0.26
941,222,5.175,43.34,1,94.39999999999999,93.30000000000001,1371,202.3,76.2,21.04,9.258,9.32,4.2,81.0,83.4,85.0,1622,1,74.3,0.26
942,222,5.2,43.36,1,94.39999999999999,93.30000000000001,1371,202.2,76.2,21.06,9.195,9.316,4.2,81.0,83.3,85.0,1622,1,74.2,0.27
943,222,5.2,43.43,1,94.39999999999999,93.30000000000001,1371,202.2,76.1,21.1,9.148,9.309,4.2,80.0,83.3,85.0,1622,1,74.2,0.27
944,222,5.2,43.43,1,94.5,93.30000000000001,1371,202.2,76.0,21.07,9.094,9.305,4.2,80.0,83.2,85.0,1622,1,74.2,0.27
945,222,5.2,43.4,1,94.39999999999999,93.30000000000001,1371,202.1,76.1,21.07,9.039,9.297,4.2,81.0,83.2,85.0,1622,1,74.1,0.27
946,222,5.2,43.6,1,94.5,93.2,1371,202.0,75.9,21.09,8.992,9.293,4.2,80.0,83.1,85.0,1622,1,74.0,0.27
947,222,5.2,43.51,1,94.5,93.30000000000001,1371,202.0,76.2,21.09,8.945,9.289,4.2,80.0,83.1,85.0,1622,1,74.0,0.27
948,222,5.2,43.57,1,94.5,93.30000000000001,1372,202.1,76.2,21.08,8.891,9.281,4.2,80.0,83.0,85.0,1622,1,73.9,0.27
949,222,5.2,43.4,1,94.5,93.30000000000001,1373,202.1,76.2,21.07,8.852,9.277,4.2,80.0,83.0,85.0,1622,1,73.8,0.26
950,222,5.225,43.47,1,94.5,93.30000000000001,1373,202.2,76.1,21.1,8.797,9.27,4.2,80.0,82.9,85.0,1622,1,73.8,0.26
951,222,5.225,43.48,1,94.6,93.30000000000001,1373,202.1,76.1,21.05,8.758,9.266,4.2,80.0,82.9,85.0,1622,1,73.7,0.26
952,222,5.225,43.33,1,94.5,93.30000000000001,1372,202.2,76.1,21.09,8.703,9.258,4.2,80.0,82.9,85.0,1622,1,73.7,0.25
953,222,5.225,43.49,1,94.5,93.30000000000001,1371,202.2,76.0,21.06,8.656,9.25,4.2,80.0,82.8,85.0,1623,1,73.6,0.26
954,222,5.225,43.53,1,94.6,93.30000000000001,1371,202.1,76.2,21.07,8.617,9.246,4.2,80.0,82.7,85.0,1623,1,73.6,0.27
955,222,5.25,43.43,1,94.6,93.30000000000001,1371,202.1,76.1,21.11,8.578,9.238,4.2,80.0,82.7,85.0,1623,1,73.5,0.26
956,222,5.25,43.48,1,94.5,93.30000000000001,1372,202.1,76.1,21.08,8.539,9.23,4.2,80.0,82.7,85.0,1623,1,73.5,0.25
957,222,5.25,43.33,1,94.6,93.30000000000001,1372,202.2,76.0,21.07,8.484,9.223,4.2,80.0,82.6,85.0,1623,1,73.4,0.25
958,222,5.25,43.33,1,94.6,93.30000000000001,1371,202.1,75.9,21.04,8.438,9.215,4.2,80.0,82.6,85.0,1623,1,73.4,0.25
959,222,5.25,43.46,1,94.6,93.30000000000001,1372,202.1,75.8,21.06,8.391,9.211,4.2,79.0,82.5,85.0,1623,1,73.3,0.25
960,221,5.25,43.57,1,94.6,93.30000000000001,1373,202.1,76.1,21.07,8.352,9.203,4.2,79.0,82.5,85.0,1623,1,73.3,0.25
961,221,5.275,43.28,1,94.6,93.30000000000001,1373,202.2,76.0,21.11,8.312,9.195,4.2,80.0,82.4,85.0,1623,1,73.2,0.26
962,221,5.275,43.41,1,94.6,93.30000000000001,1374,202.1,75.8,21.08,8.273,9.191,4.2,79.0,82.3,85.0,1623,1,73.1,0.25
963,220,5.275,43.45,1,94.6,93.30000000000001,1373,202.1,76.1,21.09,8.234,9.184,4.2,79.0,82.3,85.0,1623,1,73.1,0.26
964,220,5.275,43.59,1,94.6,93.30000000000001,1373,202.1,76.1,21.12,8.203,9.176,4.2,79.0,82.2,85.0,1623,1,73.1,0.25
965,220,5.3,43.4,1,94.6,93.30000000000001,1373,202.1,76.1,21.09,8.172,9.164,4.2,79.0,82.2,85.0,1623,1,73.0,0.25
966,219,5.3,43.38,1,94.6,93.30000000000001,1374,202.2,76.0,21.06,8.141,9.156,4.2,79.0,82.1,85.0,1623,1,72.9,0.25
967,219,5.3,43.4,1,94.6,93.30000000000001,1374,202.1,75.9,21.06,8.117,9.145,4.2,79.0,82.1,85.0,1623,1,72.9,0.25
968,218,5.3,43.37,1,94.69999999999999,93.30000000000001,1373,202.1,75.8,21.14,8.086,9.133,4.2,79.0,82.0,85.0,1623,1,72.8,0.25
969,218,5.3,43.43,1,94.6,93.30000000000001,1373,202.1,76.0,21.07,8.055,9.121,4.2,79.0,82.0,85.0,1623,1,72.7,0.25
970,218,5.325,43.44,1,94.6,93.30000000000001,1373,202.1,76.1,21.09,8.008,9.109,4.2,79.0,81.9,85.0,1623,1,72.7,0.25
971,218,5.325,43.35,1,94.6,93.2,1374,202.1,76.1,21.06,7.961,9.098,4.2,79.0,81.9,85.0,1623,1,72.6,0.25
972,217,5.325,43.04,1,94.6,93.30000000000001,1374,202.1,76.2,21.11,7.906,9.086,4.2,79.0,81.8,85.0,1623,1,72.6,0.25
973,217,5.325,43.3,1,94.69999999999999,93.30000000000001,1373,202.0,75.9,21.07,7.844,9.078,4.2,79.0,81.8,85.0,1623,1,72.5,0.25
974,217,5.325,43.3,1,94.69999999999999,93.2,1373,202.0,75.9,21.11,7.789,9.07,4.2,79.0,81.7,85.0,1623,1,72.5,0.26
975,217,5.35,43.34,1,94.69999999999999,93.30000000000001,1373,202.0,76.2,21.14,7.719,9.059,4.2,79.0,81.7,85.0,1623,1,72.4,0.26
976,217,5.35,43.4,1,94.69999999999999,93.30000000000001,1373,201.9,76.3,21.12,7.656,9.051,4.2,79.0,81.6,85.0,1623,1,72.3,0.26
977,217,5.35,43.45,1,94.69999999999999,93.2,1373,201.9,76.0,21.08,7.586,9.043,4.2,79.0,81.6,85.0,1623,1,72.3,0.26
978,217,5.35,43.36,1,94.69999999999999,93.30000000000001,1373,201.9,76.0,21.1,7.523,9.039,4.2,79.0,81.5,85.0,1623,1,72.2,0.25
979,217,5.35,43.25,1,94.69999999999999,93.30000000000001,1373,201.9,76.1,21.06,7.461,9.031,4.2,79.0,81.5,85.0,1623,1,72.2,0.25
980,218,5.35,43.41,1,94.8,93.30000000000001,1373,201.9,76.3,21.06,7.398,9.027,4.2,79.0,81.4,85.0,1623,1,72.1,0.25
981,218,5.35,43.48,1,94.8,93.30000000000001,1373,201.9,76.4,21.07,7.344,9.02,4.2,79.0,81.4,85.0,1623,1,72.1,0.25
982,218,5.35,43.29,1,94.69999999999999,93.30000000000001,1373,201.9,76.3,21.09,7.281,9.012,4.2,79.0,81.4,85.0,1623,1,72.0,0.25
983,218,5.375,43.42,1,94.69999999999999,93.2,1374,201.8,76.1,21.12,7.219,9.004,4.2,79.0,81.3,85.0,1623,1,71.9,0.25
984,218,5.375,43.27,1,94.8,93.30000000000001,1374,201.8,76.1,21.11,7.164,8.996,4.2,79.0,81.2,85.0,1623,1,71.9,0.26
985,218,5.375,43.44,1,94.8,93.30000000000001,1374,201.7,76.2,21.12,7.109,8.992,4.2,79.0,81.2,85.0,1623,1,71.8,0.25
986,218,5.375,43.43,1,94.8,93.30000000000001,1374,201.7,76.2,21.1,7.047,8.984,4.2,78.0,81.2,85.0,1623,1,71.8,0.26
987,218,5.375,43.36,1,94.8,93.30000000000001,1373,201.7,76.0,21.11,7.0,8.977,4.2,78.0,81.1,85.0,1623,1,71.7,0.27
988,218,5.375,43.3,1,94.8,93.30000000000001,1373,201.6,76.1,21.12,6.945,8.973,4.2,79.0,81.0,85.0,1623,1,71.7,0.26
989,218,5.375,43.41,1,94.89999999999999,93.30000000000001,1373,201.6,76.0,21.12,6.891,8.965,4.2,78.0,81.0,85.0,1623,1,71.6,0.26
990,218,5.4,43.46,1,94.89999999999999,93.30000000000001,1373,201.6,76.2,21.11,6.844,8.961,4.2,78.0,80.9,85.0,1623,1,71.5,0.25
991,218,5.4,43.45,1,94.89999999999999,93.30000000000001,1373,201.6,76.4,21.08,6.789,8.953,4.2,78.0,80.9,85.0,1623,1,71.5,0.25
992,218,5.4,43.27,1,94.89999999999999,93.30000000000001,1373,201.6,76.4,21.08,6.742,8.949,4.2,78.0,80.8,85.0,1623,1,71.4,0.25
993,218,5.4,43.35,1,94.89999999999999,93.30000000000001,1373,201.6,76.2,21.11,6.695,8.941,4.2,78.0,80.8,85.0,1623,1,71.4,0.26
994,218,5.4,43.3,1,94.89999999999999,93.30000000000001,1374,201.7,76.2,21.1,6.656,8.938,4.2,78.0,80.7,85.0,1623,1,71.3,0.26
995,218,5.4,43.38,1,94.89999999999999,93.30000000000001,1374,201.7,76.1,21.05,6.609,8.93,4.2,78.0,80.7,85.0,1623,1,71.3,0.27
996,218,5.425,43.33,1,94.89999999999999,93.30000000000001,1375,201.7,76.2,21.12,6.57,8.926,4.2,78.0,80.6,85.0,1623,1,71.2,0.26
997,218,5.425,43.11,1,94.89999999999999,93.30000000000001,1374,201.7,76.2,21.07,6.531,8.918,4.2,78.0,80.5,85.0,1623,1,71.1,0.26
998,218,5.425,43.39,1,95.0,93.30000000000001,1375,201.7,76.0,21.1,6.492,8.914,4.2,78.0,80.5,85.0,1623,1,71.1,0.27
999,218,5.425,43.4,1,94.89999999999999,93.30000000000001,1375,201.7,76.2,21.07,6.453,8.906,4.2,78.0,80.4,85.0,1623,1,71.0,0.26
1000,218,5.425,43.44,1,94.89999999999999,93.30000000000001,1375,201.7,76.1,21.07,6.406,8.898,4.2,77.0,80.4,85.0,1623,1,71.0,0.26
1001,218,5.425,43.23,1,94.89999999999999,93.30000000000001,1375,201.7,76.2,21.11,6.359,8.891,4.2,77.0,80.3,85.0,1623,1,70.9,0.26
1002,217,5.45,43.38,1,95.0,93.30000000000001,1375,201.6,76.0,21.07,6.32,8.883,4.2,77.0,80.3,85.0,1623,1,70.9,0.26
1003,217,5.45,43.3,1,95.0,93.30000000000001,1375,201.7,76.0,21.08,6.273,8.875,4.2,78.0,80.2,85.0,1624,1,70.8,0.26
1004,217,5.45,43.24,1,95.0,93.30000000000001,1375,201.7,75.9,21.1,6.227,8.867,4.2,77.0,80.2,85.0,1624,1,70.7,0.26
1005,217,5.45,43.3,1,95.0,93.30000000000001,1375,201.7,76.3,21.12,6.172,8.859,4.2,77.0,80.1,85.0,1624,1,70.7,0.26
1006,217,5.45,43.24,1,95.0,93.30000000000001,1375,201.7,76.1,21.09,6.125,8.852,4.2,77.0,80.1,85.0,1624,1,70.6,0.26
1007,217,5.45,43.41,1,95.0,93.30000000000001,1375,201.6,76.1,21.09,6.078,8.844,4.2,77.0,80.0,85.0,1624,1,70.6,0.26
1008,217,5.475,43.18,1,95.0,93.30000000000001,1375,201.6,76.0,21.08,6.023,8.836,4.2,77.0,80.0,85.0,1624,1,70.5,0.26
1009,217,5.475,43.3,1,95.0,93.30000000000001,1374,201.6,76.0,21.08,5.977,8.828,4.2,77.0,79.9,85.0,1624,1,70.5,0.26
1010,217,5.475,43.28,1,95.0,93.30000000000001,1375,201.7,76.2,21.11,5.93,8.824,4.2,77.0,79.9,85.0,1624,1,70.4,0.27
1011,217,5.475,43.45,1,95.1,93.30000000000001,1375,201.7,76.1,21.1,5.867,8.816,4.2,77.0,79.8,85.0,1624,1,70.3,0.26
1012,216,5.475,43.35,1,95.1,93.30000000000001,1375,201.7,76.0,21.09,5.812,8.805,4.2,77.0,79.8,85.0,1624,1,70.3,0.25
1013,216,5.475,43.32,1,95.1,93.30000000000001,1375,201.6,76.0,21.09,5.766,8.797,4.2,77.0,79.7,85.0,1624,1,70.2,0.26
1014,216,5.475,43.3,1,95.1,93.30000000000001,1375,201.7,76.1,21.07,5.711,8.789,4.2,77.0,79.7,85.0,1624,1,70.2,0.26
1015,216,5.5,43.24,1,95.1,93.30000000000001,1375,201.6,76.2,21.08,5.648,8.781,4.2,77.0,79.6,85.0,1624,1,70.1,0.26
1016,216,5.5,43.14,1,95.1,93.30000000000001,1375,201.6,76.3,21.1,5.594,8.773,4.2,77.0,79.5,85.0,1624,1,70.0,0.25
1017,216,5.5,43.16,1,95.1,93.30000000000001,1375,201.5,76.2,21.09,5.547,8.77,4.2,77.0,79.5,85.0,1624,1,70.0,0.25
1018,216,5.5,43.43,1,95.1,93.30000000000001,1375,201.7,76.0,21.1,5.492,8.762,4.2,77.0,79.4,85.0,1624,1,69.9,0.26
1019,216,5.5,43.44,1,95.1,93.30000000000001,1375,201.8,76.2,21.06,5.445,8.754,4.2,77.0,79.4,85.0,1624,1,69.9,0.26
1020,216,5.5,43.08,1,95.1,93.30000000000001,1377,201.8,76.4,21.06,5.406,8.746,4.2,77.0,79.4,85.0,1624,1,69.8,0.25
1021,216,5.5,43.48,1,95.19999999999999,93.4,1378,201.8,76.2,21.1,5.359,8.742,4.2,77.0,79.3,85.0,1624,1,69.8,0.25
1022,216,5.525,43.48,1,95.19999999999999,93.30000000000001,1378,201.9,76.3,21.1,5.305,8.734,4.2,77.0,79.3,85.0,1624,1,69.7,0.25
1023,216,5.525,43.53,1,95.1,93.30000000000001,1377,201.9,76.2,21.07,5.258,8.727,4.2,77.0,79.2,85.0,1624,1,69.7,0.25
1024,216,5.525,43.29,1,95.1,93.30000000000001,1377,201.9,76.2,21.05,5.211,8.719,4.2,77.0,79.1,85.0,1624,1,69.6,0.26
1025,216,5.525,43.2,1,95.19999999999999,93.30000000000001,1377,201.9,76.0,21.07,5.164,8.711,4.2,76.0,79.1,85.0,1624,1,69.5,0.26
1026,216,5.525,43.34,1,95.19999999999999,93.30000000000001,1377,201.9,76.2,21.09,5.117,8.703,4.2,76.0,79.1,85.0,1624,1,69.5,0.27
1027,216,5.525,43.33,1,95.19999999999999,93.30000000000001,1377,201.8,76.3,21.1,5.07,8.699,4.2,76.0,79.0,85.0,1624,1,69.4,0.26
1028,216,5.525,43.34,1,95.19999999999999,93.4,1377,201.8,76.1,21.07,5.016,8.691,4.2,76.0,79.0,85.0,1624,1,69.4,0.26
1029,217,5.55,43.26,1,95.19999999999999,93.30000000000001,1377,201.9,76.1,21.08,4.969,8.684,4.2,76.0,78.9,85.0,1624,1,69.3,0.26
1030,217,5.55,43.52,1,95.19999999999999,93.30000000000001,1377,202.1,76.2,21.07,4.922,8.68,4.2,76.0,78.9,85.0,1624,1,69.2,0.26
1031,217,5.55,43.35,1,95.19999999999999,93.30000000000001,1378,202.0,76.3,21.12,4.867,8.672,4.2,76.0,78.8,85.0,1624,1,69.2,0.26
1032,217,5.55,43.21,1,95.3,93.4,1378,202.1,76.3,21.11,4.82,8.668,4.2,76.0,78.8,85.0,1624,1,69.1,0.26
1033,217,5.55,43.18,1,95.3,93.30000000000001,1378,202.0,76.2,21.12,4.766,8.66,4.2,76.0,78.7,85.0,1624,1,69.1,0.26
1034,217,5.55,43.35,1,95.19999999999999,93.30000000000001,1378,202.0,76.1,21.1,4.719,8.652,4.2,76.0,78.6,85.0,1624,1,69.0,0.26
1035,217,5.55,43.25,1,95.19999999999999,93.30000000000001,1378,201.9,76.0,21.05,4.672,8.648,4.2,76.0,78.6,85.0,1624,1,68.9,0.25
1036,217,5.55,43.51,1,95.3,93.4,1378,202.0,76.0,21.04,4.625,8.645,4.2,76.0,78.6,85.0,1624,1,68.9,0.26
1037,217,5.55,43.3,1,95.3,93.30000000000001,1378,202.0,76.1,21.05,4.578,8.637,4.2,76.0,78.5,85.0,1624,1,68.8,0.26
1038,217,5.575,43.38,1,95.3,93.4,1378,202.0,76.5,21.1,4.531,8.633,4.2,76.0,78.5,85.0,1624,1,68.8,0.25
1039,217,5.575,43.37,1,95.3,93.30000000000001,1377,202.0,76.5,21.05,4.492,8.629,4.2,76.0,78.4,85.0,1624,1,68.7,0.26
1040,217,5.575,43.36,1,95.3,93.30000000000001,1376,202.0,76.3,21.12,4.453,8.621,4.2,76.0,78.3,85.0,1624,1,68.6,0.26
1041,217,5.575,43.23,1,95.3,93.30000000000001,1376,202.0,76.2,21.05,4.406,8.613,4.2,76.0,78.3,85.0,1624,1,68.6,0.26
1042,217,5.575,43.08,1,95.3,93.30000000000001,1376,201.9,76.3,21.07,4.359,8.609,4.2,76.0,78.3,85.0,1624,1,68.5,0.26
1043,217,5.575,43.04,1,95.3,93.30000000000001,1376,201.9,76.3,21.04,4.32,8.602,4.2,76.0,78.2,85.0,1624,1,68.4,0.26
1044,217,5.575,43.33,1,95.39999999999999,93.4,1377,202.0,76.1,21.09,4.281,8.594,4.2,76.0,78.1,85.0,1624,1,68.4,0.27
1045,217,5.575,43.42,1,95.3,93.30000000000001,1378,202.0,76.2,21.08,4.25,8.59,4.2,76.0,78.1,85.0,1624,1,68.3,0.28
1046,217,5.6,43.43,1,95.3,93.30000000000001,1377,202.1,76.1,21.08,4.203,8.582,4.2,76.0,78.0,85.0,1624,1,68.3,0.27
1047,217,5.6,43.26,1,95.3,93.30000000000001,1377,202.1,76.0,21.07,4.164,8.574,4.2,76.0,78.0,85.0,1624,1,68.2,0.27
1048,217,5.6,43.32,1,95.39999999999999,93.30000000000001,1377,202.1,76.1,21.12,4.125,8.566,4.2,76.0,77.9,85.0,1624,1,68.2,0.27
1049,217,5.6,42.84,1,95.39999999999999,93.30000000000001,1377,202.1,76.0,21.11,4.078,8.559,4.2,76.0,77.9,85.0,1624,1,68.1,0.27
1050,217,5.6,43.29,1,95.39999999999999,93.30000000000001,1378,202.2,76.0,21.09,4.031,8.551,4.2,76.0,77.8,85.0,1624,1,68.0,0.27
1051,217,5.6,43.14,1,95.3,93.30000000000001,1377,202.2,76.0,21.09,3.984,8.543,4.2,76.0,77.7,85.0,1624,1,68.0,0.28
1052,217,5.6,43.23,1,95.3,93.30000000000001,1377,202.2,76.2,21.11,3.938,8.535,4.2,76.0,77.7,85.0,1624,1,67.9,0.27
1053,217,5.625,43.24,1,95.3,93.30000000000001,1377,202.2,76.2,21.05,3.891,8.531,4.2,76.0,77.6,85.0,1624,1,67.9,0.26
1054,217,5.625,43.24,1,95.3,93.30000000000001,1378,202.2,76.0,21.13,3.844,8.523,4.2,76.0,77.6,85.0,1624,1,67.8,0.27
1055,217,5.625,43.28,1,95.39999999999999,93.4,1378,202.1,76.1,21.06,3.797,8.516,4.2,76.0,77.5,85.0,1624,1,67.7,0.27
1056,217,5.625,43.05,1,95.39999999999999,93.4,1378,202.2,76.2,21.08,3.742,8.512,4.2,76.0,77.5,85.0,1624,1,67.7,0.27
1057,217,5.625,43.59,1,95.39999999999999,93.30000000000001,1378,202.3,76.3,21.1,3.703,8.504,4.2,76.0,77.4,85.0,1624,1,67.6,0.27
1058,217,5.625,43.46,1,95.39999999999999,93.30000000000001,1377,202.3,76.1,21.08,3.656,8.496,4.2,76.0,77.4,85.0,1624,1,67.6,0.27
1059,217,5.625,43.4,1,95.39999999999999,93.30000000000001,1377,202.3,76.0,21.03,3.617,8.488,4.2,76.0,77.3,85.0,1624,1,67.5,0.27
1060,217,5.625,43.11,1,95.39999999999999,93.30000000000001,1377,202.3,75.9,21.11,3.578,8.484,4.2,76.0,77.3,85.0,1624,1,67.4,0.27
1061,218,5.625,43.31,1,95.39999999999999,93.30000000000001,1377,202.3,75.9,21.07,3.547,8.477,4.2,76.0,77.2,85.0,1624,1,67.4,0.26
1062,218,5.65,43.47,1,95.39999999999999,93.30000000000001,1376,202.3,75.8,21.07,3.516,8.473,4.2,76.0,77.1,85.0,1624,1,67.3,0.26
1063,218,5.65,43.07,1,95.39999999999999,93.30000000000001,1376,202.4,76.0,21.09,3.484,8.469,4.2,76.0,77.1,85.0,1624,1,67.3,0.27
1064,218,5.65,43.43,1,95.39999999999999,93.30000000000001,1376,202.4,76.2,21.05,3.453,8.461,4.2,76.0,77.0,85.0,1624,1,67.2,0.27
1065,218,5.65,43.18,1,95.39999999999999,93.30000000000001,1377,202.4,76.2,21.11,3.414,8.457,4.2,76.0,77.0,85.0,1624,1,67.1,0.26
1066,218,5.65,43.23,1,95.39999999999999,93.30000000000001,1376,202.4,76.1,21.05,3.383,8.453,4.2,76.0,76.9,85.0,1624,1,67.0,0.27
1067,219,5.65,43.18,1,95.39999999999999,93.30000000000001,1376,202.4,76.1,21.1,3.344,8.449,4.2,75.0,76.9,85.0,1624,1,67.0,0.27
1068,219,5.65,43.37,1,95.39999999999999,93.30000000000001,1375,202.3,76.0,21.07,3.312,8.441,4.2,76.0,76.8,85.0,1624,1,67.0,0.26
1069,219,5.65,43.08,1,95.5,93.30000000000001,1375,202.4,75.9,21.11,3.273,8.438,4.2,74.0,76.8,85.0,1624,1,66.9,0.27
1070,219,5.65,43.21,1,95.39999999999999,93.30000000000001,1375,202.4,76.0,21.11,3.234,8.43,4.2,74.0,76.7,85.0,1624,1,66.8,0.26
1071,219,5.675,43.31,1,95.39999999999999,93.30000000000001,1376,202.4,75.9,21.03,3.195,8.426,4.2,74.0,76.7,85.0,1624,1,66.7,0.26
1072,219,5.675,43.33,1,95.39999999999999,93.30000000000001,1375,202.5,76.0,21.08,3.156,8.422,4.2,74.0,76.6,85.0,1624,1,66.7,0.27
1073,219,5.675,43.33,1,95.39999999999999,93.30000000000001,1375,202.5,75.9,21.09,3.117,8.414,4.2,74.0,76.6,85.0,1624,1,66.6,0.26
1074,219,5.675,43.18,1,95.39999999999999,93.30000000000001,1375,202.6,76.1,21.09,3.07,8.41,4.2,74.0,76.5,85.0,1625,1,66.6,0.26
1075,219,5.675,43.01,1,95.39999999999999,93.30000000000001,1375,202.5,76.2,21.11,3.031,8.402,4.2,74.0,76.5,85.0,1625,1,66.5,0.26
1076,219,5.675,43.33,1,95.39999999999999,93.30000000000001,1375,202.4,76.1,21.1,2.984,8.398,4.2,74.0,76.4,85.0,1625,1,66.5,0.27
1077,219,5.675,43.27,1,95.5,93.30000000000001,1376,202.4,76.1,21.06,2.938,8.391,4.2,74.0,76.4,85.0,1625,1,66.4,0.26
1078,219,5.675,43.17,1,95.5,93.30000000000001,1376,202.4,76.2,21.11,2.898,8.387,4.2,74.0,76.3,85.0,1625,1,66.3,0.26
1079,220,5.675,43.14,1,95.39999999999999,93.30000000000001,1375,202.4,76.0,21.1,2.844,8.379,4.2,74.0,76.3,85.0,1625,1,66.2,0.26
1080,220,5.7,43.21,1,95.5,93.30000000000001,1375,202.4,76.1,21.11,2.797,8.375,4.2,74.0,76.2,85.0,1625,1,66.2,0.27
1081,220,5.7,43.09,1,95.5,93.30000000000001,1376,202.4,76.2,21.12,2.75,8.371,4.2,74.0,76.1,85.0,1625,1,66.2,0.27
1082,220,5.7,43.55,1,95.5,93.30000000000001,1376,202.4,76.0,21.1,2.695,8.363,4.2,74.0,76.1,85.0,1625,1,66.1,0.27
1083,220,5.7,43.5,1,95.5,93.2,1377,202.4,76.0,21.12,2.648,8.355,4.2,74.0,76.0,85.0,1625,1,66.0,0.27
1084,220,5.7,43.04,1,95.5,93.30000000000001,1376,202.4,76.1,21.11,2.602,8.352,4.2,74.0,76.0,85.0,1625,1,66.0,0.27
1085,220,5.7,43.15,1,95.5,93.30000000000001,1375,202.5,75.9,21.04,2.555,8.344,4.2,73.0,75.9,85.0,1625,1,65.9,0.26
1086,220,5.7,43.23,1,95.5,93.30000000000001,1375,202.5,76.1,21.07,2.508,8.34,4.2,73.0,75.8,85.0,1625,1,65.8,0.26
1087,220,5.7,43.41,1,95.5,93.30000000000001,1375,202.5,76.0,21.07,2.461,8.332,4.2,73.0,75.8,85.0,1625,1,65.8,0.27
1088,220,5.725,43.31,1,95.5,93.2,1375,202.6,76.1,21.13,2.406,8.328,4.2,73.0,75.7,85.0,1625,1,65.7,0.26
1089,220,5.725,43.2,1,95.5,93.2,1375,202.5,76.1,21.07,2.359,8.32,4.2,73.0,75.7,85.0,1625,1,65.6,0.27
1090,220,5.725,43.47,1,95.5,93.30000000000001,1375,202.5,75.9,21.12,2.312,8.316,4.2,73.0,75.6,85.0,1625,1,65.6,0.27
1091,220,5.725,43.46,1,95.5,93.30000000000001,1375,202.4,75.9,21.07,2.258,8.309,4.2,73.0,75.6,85.0,1625,1,65.5,0.28
1092,220,5.725,43.4,1,95.6,93.30000000000001,1375,202.4,76.0,21.07,2.211,8.305,4.2,73.0,75.5,85.0,1625,1,65.4,0.26
1093,220,5.725,43.19,1,95.6,93.30000000000001,1375,202.4,76.1,21.09,2.156,8.297,4.2,73.0,75.5,85.0,1625,1,65.4,0.26
1094,220,5.725,43.34,1,95.6,93.30000000000001,1375,202.4,76.1,21.11,2.102,8.289,4.2,73.0,75.4,85.0,1625,1,65.3,0.27
1095,220,5.75,43.34,1,95.6,93.30000000000001,1375,202.4,76.0,21.09,2.047,8.285,4.2,72.0,75.4,85.0,1625,1,65.2,0.27
1096,220,5.75,43.3,1,95.6,93.30000000000001,1375,202.5,76.1,21.09,1.992,8.277,4.2,73.0,75.3,85.0,1625,1,65.2,0.27
1097,220,5.75,43.08,1,95.6,93.2,1376,202.5,76.0,21.07,1.938,8.273,4.2,73.0,75.2,85.0,1625,1,65.1,0.26
1098,220,5.75,43.09,1,95.6,93.2,1376,202.6,76.0,21.09,1.883,8.266,4.2,72.0,75.2,85.0,1625,1,65.1,0.27
1099,220,5.75,43.28,1,95.6,93.30000000000001,1375,202.6,76.1,21.05,1.828,8.258,4.2,72.0,75.1,85.0,1625,1,65.0,0.26
1100,220,5.75,43.13,1,95.6,93.2,1376,202.6,76.0,21.1,1.773,8.25,4.2,72.0,75.1,85.0,1625,1,65.0,0.26
1101,220,5.75,43.19,1,95.6,93.30000000000001,1375,202.6,76.0,21.12,1.727,8.242,4.2,72.0,75.0,85.0,1625,1,64.9,0.27
1102,220,5.75,43.08,1,95.6,93.30000000000001,1376,202.5,75.9,21.09,1.672,8.238,4.2,72.0,75.0,85.0,1625,1,64.8,0.26
1103,220,5.75,43.49,1,95.7,93.30000000000001,1376,202.5,76.2,21.1,1.625,8.23,4.2,72.0,74.9,85.0,1625,1,64.7,0.27
1104,220,5.775,43.42,1,95.6,93.30000000000001,1376,202.5,76.1,21.09,1.578,8.223,4.2,72.0,74.8,85.0,1625,1,64.7,0.28
1105,220,5.775,43.07,1,95.6,93.2,1376,202.4,76.0,21.1,1.539,8.219,4.2,72.0,74.8,85.0,1625,1,64.6,0.27
1106,220,5.775,43.22,1,95.6,93.30000000000001,1376,202.4,76.0,21.09,1.484,8.211,4.2,72.0,74.7,85.0,1625,1,64.6,0.27
1107,220,5.775,43.18,1,95.6,93.30000000000001,1375,202.4,75.9,21.09,1.438,8.207,4.2,72.0,74.7,85.0,1625,1,64.5,0.27
1108,220,5.775,43.58,1,95.6,93.30000000000001,1376,202.3,76.0,21.08,1.391,8.199,4.2,72.0,74.6,85.0,1625,1,64.4,0.27
1109,220,5.775,43.13,1,95.6,93.2,1375,202.3,76.1,21.06,1.344,8.195,4.2,72.0,74.5,85.0,1625,1,64.4,0.27
1110,220,5.775,42.97,1,95.7,93.30000000000001,1375,202.2,76.2,21.06,1.305,8.188,4.2,72.0,74.5,85.0,1625,1,64.3,0.27
1111,221,5.775,43.25,1,95.7,93.2,1375,202.1,76.0,21.07,1.25,8.184,4.2,72.0,74.4,85.0,1625,1,64.3,0.27
1112,221,5.775,43.63,1,95.6,93.2,1375,202.1,76.2,21.09,1.211,8.176,4.2,72.0,74.4,85.0,1625,1,64.2,0.27
1113,221,5.8,42.77,1,95.7,93.2,1375,202.1,75.9,21.05,1.172,8.172,4.2,72.0,74.3,85.0,1625,1,64.1,0.27
1114,221,5.8,43.43,1,95.7,93.30000000000001,1375,202.1,76.0,21.05,1.117,8.168,4.2,72.0,74.3,85.0,1625,1,64.1,0.26
1115,221,5.8,42.96,1,95.7,93.30000000000001,1375,202.1,76.0,21.09,1.07,8.164,4.2,72.0,74.2,85.0,1625,1,64.0,0.27
1116,221,5.8,42.82,1,95.7,93.30000000000001,1375,202.1,76.0,21.06,1.023,8.156,4.2,71.0,74.2,85.0,1625,1,63.9,0.27
1117,221,5.8,43.43,1,95.7,93.30000000000001,1375,202.1,76.0,21.06,0.977,8.152,4.2,71.0,74.1,85.0,1625,1,63.9,0.27
1118,221,5.8,43.01,1,95.7,93.2,1375,202.1,76.1,21.08,0.922,8.148,4.2,72.0,74.0,85.0,1625,1,63.8,0.27
1119,221,5.8,43.35,1,95.7,93.30000000000001,1375,202.1,76.0,21.09,0.867,8.141,4.2,72.0,74.0,85.0,1625,1,63.7,0.27
1120,222,5.8,43.29,1,95.7,93.30000000000001,1375,202.1,76.0,21.07,0.812,8.137,4.2,71.0,73.9,85.0,1625,1,63.7,0.27
1121,222,5.8,43.61,1,95.8,93.30000000000001,1375,202.1,76.3,21.06,0.766,8.133,4.2,71.0,73.9,85.0,1625,1,63.6,0.27
1122,222,5.8,43.01,1,95.8,93.2,1376,202.1,76.1,21.07,0.719,8.125,4.2,71.0,73.8,85.0,1625,1,63.5,0.26
1123,222,5.8,43.35,1,95.8,93.30000000000001,1376,202.0,76.2,21.09,0.664,8.121,4.2,71.0,73.8,85.0,1625,1,63.5,0.27
1124,222,5.825,43.4,1,95.8,93.30000000000001,1377,202.0,76.2,21.08,0.617,8.113,4.2,71.0,73.7,85.0,1625,1,63.4,0.26
1125,222,5.825,43.07,1,95.8,93.2,1377,201.9,76.2,21.06,0.57,8.109,4.2,71.0,73.6,85.0,1625,1,63.3,0.27
1126,222,5.825,43.08,1,95.8,93.30000000000001,1377,201.8,76.2,21.14,0.523,8.105,4.2,71.0,73.6,85.0,1625,1,63.3,0.27
1127,222,5.825,43.08,1,95.8,93.2,1377,201.8,76.0,21.07,0.477,8.098,4.2,71.0,73.5,85.0,1625,1,63.2,0.27
1128,223,5.825,43.08,1,95.8,93.30000000000001,1376,201.9,76.0,21.1,0.43,8.094,4.2,71.0,73.5,85.0,1625,1,63.2,0.27
1129,223,5.825,42.99,1,95.8,93.30000000000001,1375,201.9,75.7,21.05,0.383,8.09,4.2,71.0,73.4,85.0,1625,1,63.1,0.26
1130,223,5.825,43.38,1,95.8,93.30000000000001,1376,201.8,75.9,21.07,0.336,8.086,4.2,71.0,73.3,85.0,1625,1,63.0,0.27
1131,223,5.825,42.97,1,95.8,93.30000000000001,1376,201.8,76.0,21.08,0.289,8.078,4.2,71.0,73.3,85.0,1625,1,63.0,0.26
1132,223,5.825,43.42,1,95.8,93.30000000000001,1377,201.8,76.1,21.1,0.25,8.074,4.2,71.0,73.2,85.0,1625,1,62.9,0.26
1133,223,5.825,43.35,1,95.8,93.2,1377,201.7,75.9,21.08,0.203,8.066,4.2,71.0,73.1,85.0,1625,1,62.9,0.27
1134,223,5.85,43.24,1,95.8,93.30000000000001,1377,201.7,76.3,21.1,0.156,8.062,4.2,70.0,73.1,85.0,1625,1,62.8,0.26
1135,223,5.85,43.31,1,95.8,93.2,1377,201.7,75.9,21.08,0.117,8.059,4.2,70.0,73.0,85.0,1625,1,62.7,0.26
1136,223,5.85,43.16,1,95.8,93.30000000000001,1377,201.6,76.1,21.07,0.062,8.051,4.2,70.0,73.0,85.0,1625,1,62.6,0.27
1137,223,5.85,43.13,1,95.89999999999999,93.2,1376,201.6,76.0,21.06,0.016,8.047,4.2,70.0,72.9,85.0,1625,1,62.6,0.27
1138,223,5.85,43.19,1,95.89999999999999,93.30000000000001,1376,201.6,76.0,21.09,-0.031,8.039,4.2,70.0,72.9,85.0,1625,1,62.5,0.27
1139,223,5.85,43.16,1,95.89999999999999,93.2,1377,201.5,76.0,21.07,-0.086,8.031,4.2,70.0,72.8,85.0,1625,1,62.5,0.26
1140,223,5.85,43.09,1,95.89999999999999,93.30000000000001,1376,201.5,76.0,21.1,-0.141,8.027,4.2,70.0,72.7,85.0,1625,1,62.4,0.26
1141,223,5.85,43.24,1,95.89999999999999,93.2,1376,201.6,76.0,21.09,-0.195,8.02,4.2,70.0,72.7,85.0,1625,1,62.3,0.26
1142,223,5.875,43.18,1,95.89999999999999,93.2,1376,201.6,76.2,21.1,-0.242,8.016,4.2,70.0,72.6,85.0,1625,1,62.3,0.26
1143,223,5.875,43.17,1,95.89999999999999,93.2,1377,201.6,76.0,21.09,-0.297,8.008,4.2,70.0,72.6,85.0,1625,1,62.2,0.26
1144,223,5.875,43.31,1,95.89999999999999,93.2,1376,201.5,76.0,21.09,-0.352,8.004,4.2,70.0,72.5,85.0,1625,1,62.1,0.26
1145,223,5.875,43.43,1,96.0,93.30000000000001,1376,201.5,76.2,21.07,-0.406,7.996,4.2,69.0,72.5,85.0,1625,1,62.1,0.27
1146,223,5.875,43.07,1,95.89999999999999,93.30000000000001,1377,201.5,76.2,21.11,-0.453,7.992,4.2,69.0,72.4,85.0,1625,1,62.0,0.27
1147,223,5.875,42.93,1,95.89999999999999,93.2,1377,201.5,76.2,21.12,-0.5,7.984,4.2,69.0,72.3,85.0,1625,1,61.9,0.27
1148,223,5.875,43.2,1,96.0,93.30000000000001,1376,201.4,76.2,21.05,-0.555,7.98,4.2,69.0,72.3,85.0,1625,1,61.9,0.27
1149,223,5.875,43.38,1,96.0,93.2,1377,201.4,76.0,21.1,-0.602,7.973,4.2,69.0,72.3,85.0,1625,1,61.8,0.27
1150,223,5.9,43.33,1,96.0,93.30000000000001,1377,201.4,76.0,21.09,-0.656,7.969,4.2,69.0,72.2,85.0,1625,1,61.8,0.26
1151,223,5.9,43.34,1,96.0,93.2,1377,201.4,75.8,21.1,-0.703,7.961,4.2,69.0,72.2,85.0,1625,1,61.7,0.26
1152,223,5.9,43.33,1,96.0,93.2,1376,201.5,75.9,21.06,-0.75,7.957,4.2,69.0,72.1,85.0,1625,1,61.6,0.27
1153,223,5.9,43.21,1,96.0,93.2,1377,201.5,76.0,21.07,-0.805,7.949,4.2,69.0,72.0,85.0,1625,1,61.5,0.27
1154,223,5.9,42.95,1,96.0,93.2,1376,201.4,76.0,21.05,-0.852,7.941,4.2,69.0,72.0,85.0,1625,1,61.5,0.27
1155,223,5.9,42.91,1,96.0,93.30000000000001,1375,201.4,76.1,21.07,-0.906,7.934,4.2,69.0,71.9,85.0,1625,1,61.4,0.27
1156,223,5.9,43.08,1,96.1,93.30000000000001,1375,201.4,76.2,21.09,-0.953,7.93,4.2,69.0,71.9,85.0,1625,1,61.4,0.27
1157,223,5.9,43.17,1,96.1,93.30000000000001,1375,201.4,76.2,21.06,-1.008,7.922,4.2,69.0,71.8,85.0,1625,1,61.3,0.27
1158,223,5.9,43.23,1,96.1,93.30000000000001,1376,201.4,76.2,21.11,-1.062,7.914,4.2,69.0,71.8,85.0,1625,1,61.2,0.27
1159,223,5.925,42.89,1,96.0,93.2,1376,201.4,76.1,21.07,-1.125,7.91,4.2,69.0,71.7,85.0,1625,1,61.2,0.28
1160,223,5.925,43.03,1,96.0,93.2,1376,201.4,76.0,21.13,-1.18,7.906,4.2,69.0,71.6,85.0,1625,1,61.1,0.27
1161,223,5.925,42.97,1,96.1,93.2,1376,201.4,76.0,21.09,-1.234,7.898,4.2,69.0,71.6,85.0,1625,1,61.0,0.27
1162,223,5.925,43.01,1,96.0,93.2,1376,201.5,76.0,21.08,-1.289,7.895,4.2,69.0,71.6,85.0,1625,1,61.0,0.27
1163,223,5.925,43.63,1,96.1,93.30000000000001,1376,201.5,75.9,21.12,-1.336,7.891,4.2,69.0,71.5,85.0,1625,1,60.9,0.28
1164,223,5.925,43.11,1,96.1,93.30000000000001,1375,201.5,75.9,21.02,-1.391,7.887,4.2,68.0,71.4,85.0,1625,1,60.8,0.28
1165,223,5.925,43.12,1,96.1,93.2,1376,201.4,76.1,21.11,-1.438,7.879,4.2,68.0,71.4,85.0,1625,1,60.8,0.27
1166,223,5.925,43.38,1,96.1,93.2,1376,201.3,76.2,21.1,-1.484,7.875,4.2,68.0,71.3,85.0,1625,1,60.7,0.28
1167,223,5.925,43.15,1,96.1,93.30000000000001,1376,201.3,76.0,21.12,-1.531,7.871,4.2,68.0,71.3,85.0,1625,1,60.6,0.27
1168,223,5.95,43.43,1,96.1,93.30000000000001,1377,201.2,76.2,21.07,-1.57,7.863,4.2,68.0,71.2,85.0,1625,1,60.6,0.27
1169,223,5.95,43.37,1,96.1,93.2,1378,201.1,76.1,21.14,-1.602,7.859,4.2,67.0,71.2,85.0,1625,1,60.5,0.28
1170,223,5.95,43.33,1,96.1,93.30000000000001,1378,201.1,76.1,21.09,-1.633,7.855,4.2,67.0,71.1,85.0,1625,1,60.4,0.28
1171,223,5.95,43.04,1,96.1,93.30000000000001,1378,201.1,76.2,21.12,-1.656,7.848,4.2,68.0,71.1,85.0,1625,1,60.4,0.28
1172,223,5.95,43.47,1,96.2,93.30000000000001,1378,201.1,76.0,21.11,-1.68,7.844,4.2,68.0,71.0,85.0,1625,1,60.3,0.27
1173,223,5.95,42.91,1,96.1,93.30000000000001,1378,201.1,75.9,21.06,-1.703,7.836,4.2,67.0,71.0,85.0,1625,1,60.2,0.27
1174,223,5.95,43.19,1,96.1,93.30000000000001,1378,201.2,75.8,21.1,-1.727,7.828,4.2,67.0,70.9,85.0,1625,1,60.2,0.28
1175,223,5.95,43.25,1,96.1,93.30000000000001,1378,201.2,76.0,21.1,-1.758,7.824,4.2,67.0,70.9,85.0,1625,1,60.1,0.27
1176,223,5.95,43.42,1,96.1,93.2,1378,201.1,76.0,21.09,-1.789,7.816,4.2,67.0,70.8,85.0,1625,1,60.0,0.27
1177,223,5.975,43.72,1,96.1,93.2,1378,201.1,76.1,21.08,-1.812,7.809,4.2,67.0,70.7,85.0,1625,1,60.0,0.27
1178,223,5.975,42.94,1,96.1,93.2,1378,201.1,76.0,21.12,-1.852,7.801,4.2,67.0,70.7,85.0,1625,1,59.9,0.27
1179,223,5.975,43.17,1,96.1,93.2,1377,201.1,76.1,21.11,-1.891,7.797,4.2,67.0,70.6,85.0,1625,1,59.8,0.27
1180,223,5.975,43.1,1,96.1,93.30000000000001,1377,201.1,76.3,21.11,-1.93,7.789,4.2,67.0,70.6,85.0,1625,1,59.8,0.28
1181,223,5.975,42.94,1,96.2,93.2,1377,201.1,76.2,21.07,-1.969,7.781,4.2,67.0,70.6,85.0,1625,1,59.7,0.28
1182,223,5.975,43.38,1,96.2,93.30000000000001,1377,201.0,75.9,21.09,-2.008,7.773,4.2,67.0,70.5,85.0,1625,1,59.6,0.29
1183,223,5.975,43.13,1,96.2,93.2,1377,201.0,75.8,21.05,-2.039,7.77,4.2,67.0,70.5,85.0,1625,1,59.6,0.28
1184,223,5.975,43.12,1,96.1,93.30000000000001,1377,200.9,76.0,21.1,-2.078,7.762,4.2,67.0,70.4,85.0,1625,1,59.5,0.27
1185,224,5.975,43.12,1,96.2,93.2,1378,200.9,76.0,21.11,-2.109,7.758,4.2,67.0,70.4,85.0,1625,1,59.4,0.27
1186,224,5.975,43.22,1,96.2,93.30000000000001,1379,200.9,75.9,21.14,-2.141,7.754,4.2,67.0,70.3,85.0,1625,1,59.4,0.28
1187,224,6.0,43.09,1,96.2,93.2,1378,200.9,76.1,21.06,-2.172,7.746,4.2,67.0,70.3,85.0,1625,1,59.3,0.28
1188,224,6.0,43.23,1,96.2,93.30000000000001,1377,200.9,75.9,21.08,-2.195,7.742,4.2,67.0,70.2,85.0,1625,1,59.2,0.27
1189,224,6.0,43.15,1,96.2,93.30000000000001,1377,201.0,75.9,21.03,-2.227,7.734,4.2,67.0,70.2,85.0,1625,1,59.2,0.27
1190,224,6.0,43.16,1,96.2,93.30000000000001,1377,201.0,76.0,21.08,-2.258,7.73,4.2,67.0,70.1,85.0,1625,1,59.1,0.28
1191,224,6.0,43.13,1,96.2,93.2,1377,200.9,76.0,21.06,-2.289,7.723,4.2,67.0,70.1,85.0,1626,1,59.0,0.28
1192,224,6.0,43.18,1,96.2,93.2,1377,200.9,76.2,21.09,-2.328,7.719,4.2,67.0,70.0,85.0,1625,1,59.0,0.27
1193,224,6.0,43.13,1,96.2,93.30000000000001,1378,201.0,76.2,21.05,-2.352,7.715,4.2,67.0,70.0,85.0,1626,1,58.9,0.27
1194,225,6.0,43.13,1,96.2,93.30000000000001,1378,201.0,76.0,21.04,-2.383,7.707,4.2,67.0,70.0,85.0,1625,1,58.8,0.27
1195,225,6.0,43.03,1,96.2,93.30000000000001,1378,201.1,75.9,21.05,-2.398,7.703,4.2,67.0,69.9,85.0,1625,1,58.8,0.27
1196,225,6.0,42.95,1,96.2,93.30000000000001,1378,201.1,76.0,21.09,-2.422,7.699,4.2,67.0,69.9,85.0,1625,1,58.7,0.27
1197,225,6.0,42.87,1,96.2,93.2,1378,201.1,75.9,21.09,-2.445,7.695,4.2,67.0,69.8,85.0,1625,1,58.6,0.27
1198,226,6.0,43.18,1,96.2,93.30000000000001,1378,201.1,76.2,21.12,-2.469,7.688,4.2,67.0,69.8,85.0,1625,1,58.6,0.28
1199,226,6.025,43.13,1,96.2,93.30000000000001,1379,201.1,76.1,21.07,-2.484,7.684,4.2,67.0,69.8,85.0,1625,1,58.5,0.27
1200,226,6.025,43.09,1,96.2,93.30000000000001,1379,201.1,75.9,21.04,-2.5,7.68,4.2,67.0,69.7,85.0,1626,1,58.4,0.27
1201,226,6.025,43.12,1,96.2,93.30000000000001,1379,201.1,76.0,21.07,-2.516,7.676,4.2,67.0,69.7,85.0,1626,1,58.4,0.28
1202,226,6.025,43.24,1,96.2,93.2,1379,201.1,76.0,21.05,-2.531,7.672,4.2,67.0,69.7,85.0,1626,1,58.3,0.28
1203,227,6.025,43.18,1,96.2,93.30000000000001,1378,201.1,76.1,21.07,-2.547,7.668,4.2,67.0,69.6,85.0,1626,1,58.2,0.27
1204,227,6.025,43.28,1,96.2,93.2,1378,201.1,76.0,21.08,-2.562,7.664,4.2,67.0,69.6,85.0,1626,1,58.2,0.26
1205,227,6.025,43.09,1,96.2,93.2,1379,201.1,76.0,21.05,-2.586,7.66,4.2,67.0,69.6,85.0,1625,1,58.1,0.28
1206,227,6.025,43.09,1,96.2,93.2,1379,201.1,75.9,21.06,-2.609,7.656,4.2,67.0,69.6,85.0,1625,1,58.1,0.27
1207,227,6.025,43.12,1,96.2,93.2,1380,201.1,76.0,21.08,-2.633,7.652,4.2,67.0,69.5,85.0,1625,1,58.0,0.27
1208,228,6.025,43.3,1,96.2,93.2,1380,201.2,76.1,21.06,-2.656,7.652,4.2,67.0,69.5,85.0,1626,1,57.9,0.28
1209,228,6.025,43.29,1,96.2,93.30000000000001,1380,201.2,76.1,21.12,-2.68,7.648,4.2,67.0,69.5,85.0,1626,1,57.8,0.28
1210,228,6.025,43.2,1,96.2,93.2,1379,201.2,75.9,21.09,-2.711,7.645,4.2,67.0,69.4,85.0,1626,1,57.7,0.28
1211,228,6.05,43.13,1,96.3,93.30000000000001,1379,201.2,76.1,21.07,-2.742,7.641,4.2,67.0,69.4,85.0,1626,1,57.7,0.27
1212,228,6.05,43.17,1,96.3,93.30000000000001,1379,201.2,76.0,21.07,-2.773,7.633,4.2,67.0,69.4,85.0,1626,1,57.6,0.27
1213,228,6.05,43.17,1,96.2,93.2,1379,201.2,75.9,21.05,-2.797,7.629,4.2,67.0,69.3,85.0,1626,1,57.5,0.27
1214,228,6.05,43.05,1,96.2,93.2,1378,201.3,75.9,21.09,-2.836,7.625,4.2,67.0,69.3,85.0,1626,1,57.5,0.27
1215,228,6.05,43.24,1,96.3,93.2,1378,201.3,75.9,21.11,-2.867,7.617,4.2,67.0,69.3,85.0,1626,1,57.4,0.27
1216,228,6.05,43.22,1,96.3,93.2,1379,201.2,75.9,21.1,-2.906,7.613,4.2,67.0,69.2,85.0,1626,1,57.3,0.28
1217,228,6.05,43.19,1,96.2,93.2,1379,201.2,75.8,21.1,-2.938,7.605,4.2,67.0,69.2,85.0,1626,1,57.3,0.28
1218,228,6.05,43.18,1,96.3,93.30000000000001,1379,201.2,76.1,21.11,-2.977,7.602,4.2,67.0,69.1,85.0,1626,1,57.2,0.28
1219,228,6.05,43.17,1,96.3,93.2,1378,201.3,76.1,21.08,-3.016,7.594,4.2,67.0,69.1,85.0,1626,1,57.1,0.28
1220,228,6.05,43.25,1,96.3,93.2,1378,201.3,76.1,21.17,-3.062,7.586,4.2,66.0,69.1,85.0,1626,1,57.1,0.28
1221,228,6.075,43.31,1,96.3,93.2,1379,201.3,76.1,21.09,-3.102,7.582,4.2,67.0,69.0,85.0,1626,1,57.0,0.28
1222,228,6.075,43.03,1,96.3,93.2,1380,201.3,76.1,21.09,-3.148,7.574,4.2,66.0,69.0,85.0,1626,1,56.9,0.27
1223,228,6.075,43.01,1,96.2,93.2,1379,201.3,76.0,21.1,-3.195,7.57,4.2,67.0,68.9,85.0,1626,1,56.9,0.28
1224,229,6.075,43.11,1,96.2,93.2,1379,201.3,76.0,21.11,-3.227,7.562,4.2,66.0,68.9,85.0,1626,1,56.8,0.27
1225,229,6.075,43.12,1,96.3,93.2,1379,201.4,75.8,21.12,-3.266,7.559,4.2,66.0,68.9,85.0,1626,1,56.7,0.28
1226,229,6.075,43.2,1,96.3,93.2,1378,201.4,76.0,21.09,-3.312,7.555,4.2,66.0,68.8,85.0,1625,1,56.7,0.28
1227,229,6.075,43.08,1,96.3,93.30000000000001,1379,201.4,76.0,21.08,-3.352,7.551,4.2,66.0,68.8,85.0,1625,1,56.6,0.29
1228,230,6.075,43.05,1,96.3,93.2,1379,201.4,75.9,21.09,-3.391,7.547,4.2,66.0,68.7,85.0,1625,1,56.5,0.28
1229,230,6.075,43.16,1,96.3,93.2,1379,201.4,76.0,21.08,-3.43,7.543,4.2,66.0,68.7,85.0,1625,1,56.5,0.28
1230,230,6.075,43.31,1,96.3,93.2,1378,201.4,76.1,21.07,-3.469,7.539,4.2,66.0,68.7,85.0,1625,1,56.4,0.28
1231,230,6.075,43.43,1,96.39999999999999,93.2,1379,201.4,76.0,21.02,-3.508,7.535,4.2,66.0,68.6,85.0,1625,1,56.3,0.27
1232,231,6.075,43.15,1,96.3,93.2,1379,201.5,76.1,21.1,-3.539,7.531,4.2,66.0,68.6,85.0,1625,1,56.3,0.28
1233,231,6.075,43.18,1,96.39999999999999,93.2,1380,201.4,76.0,21.07,-3.57,7.527,4.2,66.0,68.6,85.0,1625,1,56.2,0.28
1234,231,6.075,43.12,1,96.39999999999999,93.30000000000001,1380,201.4,76.1,21.09,-3.609,7.523,4.2,66.0,68.5,85.0,1625,1,56.1,0.28
1235,231,6.1,43.1,1,96.39999999999999,93.2,1381,201.4,76.1,21.08,-3.641,7.523,4.2,66.0,68.5,85.0,1625,1,56.1,0.28
1236,231,6.1,43.36,1,96.39999999999999,93.2,1380,201.4,76.0,21.09,-3.68,7.52,4.2,66.0,68.5,85.0,1625,1,56.0,0.28
1237,232,6.1,43.25,1,96.39999999999999,93.30000000000001,1380,201.5,76.0,21.13,-3.711,7.516,4.2,66.0,68.4,85.0,1625,1,55.9,0.27
1238,232,6.1,43.13,1,96.39999999999999,93.2,1380,201.5,76.1,21.12,-3.742,7.512,4.2,66.0,68.4,85.0,1625,1,55.9,0.27
1239,232,6.1,43.09,1,96.39999999999999,93.2,1380,201.5,76.0,21.07,-3.773,7.508,4.2,66.0,68.3,85.0,1625,1,55.8,0.28
1240,232,6.1,43.11,1,96.39999999999999,93.30000000000001,1380,201.5,76.1,21.1,-3.812,7.504,4.2,66.0,68.3,85.0,1625,1,55.7,0.27
1241,232,6.1,43.04,1,96.39999999999999,93.2,1379,201.5,76.1,21.09,-3.852,7.5,4.2,66.0,68.3,85.0,1625,1,55.7,0.27
1242,232,6.1,43.25,1,96.39999999999999,93.30000000000001,1379,201.5,75.9,21.11,-3.883,7.496,4.2,66.0,68.2,85.0,1625,1,55.6,0.28
1243,232,6.1,43.12,1,96.39999999999999,93.30000000000001,1380,201.6,75.8,21.12,-3.922,7.492,4.2,66.0,68.2,85.0,1625,1,55.5,0.28
1244,232,6.1,43.05,1,96.39999999999999,93.30000000000001,1380,201.5,76.0,21.09,-3.961,7.484,4.2,66.0,68.1,85.0,1625,1,55.4,0.28
1245,233,6.1,43.21,1,96.39999999999999,93.2,1380,201.5,76.1,21.08,-4.0,7.48,4.2,66.0,68.1,85.0,1625,1,55.4,0.28
1246,233,6.125,43.12,1,96.39999999999999,93.2,1380,201.5,75.9,21.07,-4.039,7.477,4.2,66.0,68.0,85.0,1625,1,55.3,0.28
1247,233,6.125,43.16,1,96.39999999999999,93.2,1380,201.6,76.1,21.05,-4.094,7.473,4.2,66.0,68.0,85.0,1625,1,55.2,0.28
1248,233,6.125,42.89,1,96.5,93.2,1380,201.7,75.9,20.99,-4.133,7.469,4.2,66.0,68.0,85.0,1625,1,55.2,0.28
1249,233,6.125,42.87,1,96.5,93.30000000000001,1380,201.6,75.7,21.09,-4.18,7.461,4.2,66.0,67.9,85.0,1625,1,55.1,0.27
1250,233,6.125,43.16,1,96.5,93.30000000000001,1380,201.6,75.9,21.13,-4.219,7.457,4.2,66.0,67.9,85.0,1625,1,55.0,0.27
1251,233,6.125,43.09,1,96.5,93.30000000000001,1380,201.7,75.7,21.1,-4.266,7.449,4.2,66.0,67.8,85.0,1625,1,55.0,0.28
1252,233,6.125,43.05,1,96.5,93.30000000000001,1380,201.7,75.7,21.08,-4.305,7.445,4.2,66.0,67.8,85.0,1625,1,54.9,0.29
1253,233,6.125,43.09,1,96.5,93.30000000000001,1380,201.8,75.9,21.12,-4.352,7.441,4.2,65.0,67.7,85.0,1625,1,54.8,0.28
1254,234,6.125,43.12,1,96.5,93.2,1380,201.7,76.0,21.11,-4.398,7.438,4.2,66.0,67.7,85.0,1625,1,54.8,0.28
1255,234,6.125,43.07,1,96.5,93.30000000000001,1380,201.6,75.9,21.07,-4.438,7.43,4.2,65.0,67.7,85.0,1625,1,54.7,0.28
1256,234,6.125,43.25,1,96.6,93.30000000000001,1379,201.6,75.8,21.11,-4.484,7.426,4.2,65.0,67.6,85.0,1625,1,54.6,0.29
1257,234,6.125,43.13,1,96.5,93.30000000000001,1380,201.6,76.0,21.06,-4.523,7.422,4.2,65.0,67.6,85.0,1625,1,54.6,0.28
1258,234,6.15,43.09,1,96.5,93.2,1381,201.5,75.9,21.1,-4.57,7.418,4.2,65.0,67.5,85.0,1625,1,54.5,0.27
1259,234,6.15,43.11,1,96.6,93.30000000000001,1380,201.5,76.1,21.06,-4.609,7.414,4.2,65.0,67.5,85.0,1625,1,54.4,0.28
1260,234,6.15,43.2,1,96.6,93.2,1380,201.5,76.1,21.09,-4.656,7.406,4.2,65.0,67.5,85.0,1625,1,54.4,0.27
1261,234,6.15,43.08,1,96.5,93.30000000000001,1380,201.6,76.2,21.1,-4.711,7.402,4.2,65.0,67.4,85.0,1625,1,54.3,0.27
1262,234,6.15,43.26,1,96.6,93.30000000000001,1380,201.5,76.0,21.13,-4.75,7.398,4.2,65.0,67.4,85.0,1625,1,54.2,0.27
1263,234,6.15,43.06,1,96.6,93.30000000000001,1380,201.4,76.0,21.02,-4.797,7.395,4.2,65.0,67.3,85.0,1625,1,54.2,0.27
1264,235,6.15,43.09,1,96.6,93.30000000000001,1380,201.4,75.9,21.12,-4.836,7.391,4.2,64.0,67.3,85.0,1625,1,54.1,0.27
1265,235,6.15,43.17,1,96.7,93.30000000000001,1380,201.4,75.9,21.08,-4.883,7.383,4.2,64.0,67.2,85.0,1625,1,54.0,0.27
1266,235,6.15,43.05,1,96.6,93.2,1380,201.4,75.9,21.03,-4.922,7.379,4.2,64.0,67.2,85.0,1625,1,53.9,0.28
1267,235,6.15,43.09,1,96.7,93.30000000000001,1380,201.4,76.0,21.12,-4.969,7.375,4.2,64.0,67.2,85.0,1625,1,53.9,0.28
1268,235,6.15,43.07,1,96.6,93.30000000000001,1381,201.3,76.0,21.12,-5.016,7.367,4.2,64.0,67.1,85.0,1625,1,53.8,0.27
1269,235,6.175,43.09,1,96.6,93.2,1381,201.3,75.9,21.12,-5.062,7.363,4.2,64.0,67.1,85.0,1625,1,53.8,0.28
1270,235,6.175,43.13,1,96.6,93.30000000000001,1380,201.3,76.1,21.08,-5.109,7.359,4.2,64.0,67.0,85.0,1625,1,53.7,0.28
1271,235,6.175,43.19,1,96.6,93.2,1380,201.3,76.0,21.11,-5.156,7.355,4.2,64.0,67.0,85.0,1625,1,53.6,0.28
1272,235,6.175,43.3,1,96.6,93.30000000000001,1380,201.3,76.3,21.07,-5.203,7.348,4.2,64.0,66.9,85.0,1625,1,53.6,0.28
1273,235,6.175,43.0,1,96.6,93.2,1381,201.3,76.1,21.07,-5.25,7.344,4.2,64.0,66.9,85.0,1625,1,53.5,0.28
1274,235,6.175,43.26,1,96.6,93.2,1380,201.3,76.0,21.09,-5.297,7.34,4.2,64.0,66.8,85.0,1625,1,53.4,0.28
1275,235,6.175,43.18,1,96.7,93.30000000000001,1381,201.3,76.0,21.02,-5.336,7.332,4.2,64.0,66.8,85.0,1625,1,53.3,0.28
1276,235,6.175,43.14,1,96.7,93.2,1381,201.4,76.1,21.05,-5.383,7.328,4.2,64.0,66.7,85.0,1625,1,53.3,0.28
1277,235,6.175,43.05,1,96.7,93.30000000000001,1381,201.4,75.9,21.08,-5.438,7.324,4.2,64.0,66.7,85.0,1625,1,53.2,0.28
1278,236,6.175,43.16,1,96.7,93.30000000000001,1381,201.4,76.0,21.07,-5.477,7.316,4.2,64.0,66.6,85.0,1625,1,53.2,0.28
1279,236,6.175,43.17,1,96.7,93.30000000000001,1381,201.3,76.1,21.12,-5.523,7.312,4.2,64.0,66.6,85.0,1625,1,53.1,0.28
1280,236,6.175,43.15,1,96.7,93.30000000000001,1381,201.2,76.1,21.09,-5.562,7.309,4.2,64.0,66.5,85.0,1625,1,53.0,0.28
1281,236,6.2,43.05,1,96.7,93.30000000000001,1382,201.2,76.2,21.12,-5.609,7.305,4.2,64.0,66.5,85.0,1625,1,52.9,0.27
1282,236,6.2,43.16,1,96.7,93.30000000000001,1381,201.3,76.2,21.07,-5.656,7.301,4.2,64.0,66.4,85.0,1625,1,52.9,0.27
1283,236,6.2,43.07,1,96.7,93.30000000000001,1381,201.2,76.0,21.05,-5.695,7.293,4.2,64.0,66.4,85.0,1625,1,52.8,0.27
1284,236,6.2,43.1,1,96.8,93.30000000000001,1381,201.2,75.9,21.04,-5.742,7.289,4.2,64.0,66.3,85.0,1625,1,52.7,0.27
1285,236,6.2,43.03,1,96.7,93.30000000000001,1381,201.2,75.9,21.04,-5.789,7.285,4.2,64.0,66.3,85.0,1625,1,52.7,0.27
1286,237,6.2,43.15,1,96.8,93.30000000000001,1382,201.2,75.8,21.06,-5.828,7.277,4.2,64.0,66.2,85.0,1625,1,52.6,0.27
1287,237,6.2,43.03,1,96.8,93.30000000000001,1382,201.1,75.9,21.09,-5.859,7.273,4.2,64.0,66.2,85.0,1625,1,52.5,0.27
1288,237,6.2,43.18,1,96.8,93.30000000000001,1382,201.1,76.0,21.12,-5.898,7.27,4.2,64.0,66.1,85.0,1625,1,52.5,0.27
1289,237,6.2,43.05,1,96.8,93.30000000000001,1382,201.1,75.8,21.08,-5.93,7.266,4.2,64.0,66.1,85.0,1625,1,52.4,0.28
1290,237,6.2,43.01,1,96.8,93.30000000000001,1382,201.0,76.0,21.09,-5.969,7.262,4.2,64.0,66.0,85.0,1625,1,52.3,0.29
1291,237,6.2,43.15,1,96.8,93.30000000000001,1382,201.0,76.1,21.04,-5.992,7.258,4.2,64.0,66.0,85.0,1625,1,52.3,0.28
1292,238,6.2,43.2,1,96.8,93.30000000000001,1382,201.0,75.9,21.09,-6.023,7.254,4.2,64.0,65.9,85.0,1625,1,52.2,0.28
1293,238,6.2,43.23,1,96.89999999999999,93.30000000000001,1383,201.0,76.1,21.07,-6.039,7.25,4.2,64.0,65.8,85.0,1625,1,52.1,0.28
1294,238,6.2,43.13,1,96.8,93.30000000000001,1383,200.9,75.9,21.09,-6.062,7.246,4.2,64.0,65.8,85.0,1625,1,52.1,0.28
1295,238,6.225,43.13,1,96.8,93.30000000000001,1383,201.0,76.0,21.1,-6.078,7.242,4.2,63.0,65.8,85.0,1625,1,52.0,0.29
1296,238,6.225,43.14,1,96.8,93.30000000000001,1384,201.0,76.1,21.09,-6.086,7.238,4.2,63.0,65.7,85.0,1625,1,51.9,0.28
1297,238,6.225,43.12,1,96.8,93.30000000000001,1384,201.0,76.0,21.11,-6.094,7.234,4.2,63.0,65.7,85.0,1625,1,51.9,0.28
1298,239,6.225,43.1,1,96.8,93.30000000000001,1384,201.0,75.8,21.11,-6.102,7.23,4.2,63.0,65.6,85.0,1625,1,51.8,0.29
1299,239,6.225,43.0,1,96.8,93.30000000000001,1384,201.0,76.1,21.07,-6.117,7.227,4.2,63.0,65.6,85.0,1625,1,51.7,0.28
1300,239,6.225,43.22,1,96.8,93.30000000000001,1384,201.0,76.1,21.1,-6.133,7.223,4.2,63.0,65.5,85.0,1625,1,51.7,0.28
1301,239,6.225,43.16,1,96.8,93.30000000000001,1384,201.0,75.8,21.09,-6.141,7.219,4.2,63.0,65.5,85.0,1625,1,51.6,0.29
1302,239,6.225,43.31,1,96.8,93.30000000000001,1384,201.0,75.9,21.09,-6.148,7.215,4.2,63.0,65.4,85.0,1625,1,51.5,0.28
1303,239,6.225,43.25,1,96.89999999999999,93.30000000000001,1384,200.9,76.0,21.12,-6.156,7.211,4.2,63.0,65.4,85.0,1625,1,51.4,0.28
1304,240,6.225,43.32,1,96.8,93.30000000000001,1385,200.9,75.8,21.12,-6.172,7.203,4.2,63.0,65.4,85.0,1625,1,51.4,0.29
1305,240,6.225,43.3,1,96.8,93.30000000000001,1385,200.8,75.8,21.11,-6.188,7.199,4.2,63.0,65.3,85.0,1625,1,51.3,0.28
1306,240,6.225,43.13,1,96.8,93.30000000000001,1384,200.8,75.9,21.08,-6.203,7.195,4.2,63.0,65.3,85.0,1625,1,51.2,0.28
1307,240,6.25,43.29,1,96.8,93.30000000000001,1384,200.8,76.0,21.07,-6.211,7.191,4.2,63.0,65.3,85.0,1625,1,51.2,0.29
1308,240,6.25,43.17,1,96.8,93.30000000000001,1383,200.7,75.8,21.13,-6.234,7.188,4.2,63.0,65.2,85.0,1625,1,51.1,0.28
1309,240,6.25,43.24,1,96.8,93.30000000000001,1383,200.7,75.8,21.09,-6.25,7.184,4.2,63.0,65.2,85.0,1625,1,51.0,0.28
1310,240,6.25,43.09,1,96.8,93.30000000000001,1383,200.7,75.9,21.1,-6.266,7.184,4.2,63.0,65.2,85.0,1625,1,51.0,0.28
1311,240,6.25,42.95,1,96.8,93.30000000000001,1384,200.7,75.7,21.11,-6.289,7.18,4.2,63.0,65.1,85.0,1625,1,50.9,0.28
1312,241,6.25,42.81,1,96.8,93.30000000000001,1384,200.7,75.8,21.13,-6.305,7.176,4.2,63.0,65.1,85.0,1625,1,50.8,0.28
1313,241,6.25,43.18,1,96.8,93.30000000000001,1384,200.7,75.9,21.16,-6.32,7.168,4.2,63.0,65.1,85.0,1625,1,50.8,0.28
1314,241,6.25,43.08,1,96.8,93.30000000000001,1384,200.7,76.0,21.11,-6.344,7.168,4.2,63.0,65.0,85.0,1625,1,50.7,0.29
1315,241,6.25,43.05,1,96.8,93.30000000000001,1384,200.6,76.1,21.12,-6.352,7.164,4.2,63.0,65.0,85.0,1625,1,50.6,0.29
1316,241,6.25,43.08,1,96.8,93.30000000000001,1384,200.6,76.1,21.08,-6.367,7.16,4.2,63.0,65.0,85.0,1625,1,50.6,0.29
1317,241,6.25,42.89,1,96.8,93.2,1384,200.6,76.0,21.08,-6.383,7.156,4.2,63.0,64.9,85.0,1625,1,50.5,0.28
1318,241,6.25,42.93,1,96.8,93.30000000000001,1385,200.5,75.9,21.11,-6.406,7.152,4.2,62.0,64.9,85.0,1625,1,50.4,0.28
1319,240,6.275,43.1,1,96.8,93.30000000000001,1385,200.5,75.9,21.13,-6.422,7.145,4.2,62.0,64.9,85.0,1625,1,50.4,0.28
1320,240,6.275,43.1,1,96.8,93.30000000000001,1385,200.5,75.8,21.06,-6.438,7.141,4.2,62.0,64.8,85.0,1625,1,50.3,0.28
1321,240,6.275,43.2,1,96.8,93.30000000000001,1384,200.5,75.9,21.13,-6.461,7.137,4.2,62.0,64.8,85.0,1625,1,50.2,0.29
1322,240,6.275,43.09,1,96.8,93.30000000000001,1384,200.6,75.6,21.08,-6.477,7.129,4.2,62.0,64.7,85.0,1625,1,50.2,0.29
1323,240,6.275,42.94,1,96.8,93.30000000000001,1384,200.6,75.8,21.11,-6.5,7.125,4.2,62.0,64.7,85.0,1625,1,50.1,0.28
1324,240,6.275,42.9,1,96.8,93.30000000000001,1384,200.6,75.9,21.12,-6.523,7.117,4.2,62.0,64.7,85.0,1625,1,50.0,0.28
1325,239,6.275,43.26,1,96.8,93.30000000000001,1384,200.6,76.1,21.08,-6.562,7.113,4.2,62.0,64.6,85.0,1625,1,49.9,0.28
1326,239,6.275,43.16,1,96.8,93.30000000000001,1384,200.5,75.9,21.08,-6.586,7.105,4.2,62.0,64.6,85.0,1625,1,49.9,0.29
1327,239,6.3,43.09,1,96.8,93.2,1384,200.6,75.9,21.09,-6.617,7.098,4.2,62.0,64.5,85.0,1625,1,49.8,0.29
1328,238,6.3,42.84,1,96.8,93.30000000000001,1384,200.6,75.7,21.08,-6.648,7.09,4.2,62.0,64.5,85.0,1625,1,49.8,0.29
1329,238,6.3,43.08,1,96.8,93.2,1384,200.6,75.7,21.06,-6.688,7.082,4.2,62.0,64.5,85.0,1625,1,49.7,0.29
1330,237,6.3,42.74,1,96.8,93.2,1384,200.5,76.0,21.1,-6.734,7.07,4.2,62.0,64.4,85.0,1625,1,49.6,0.29
1331,237,6.3,43.21,1,96.8,93.30000000000001,1384,200.5,75.9,21.11,-6.773,7.063,4.2,62.0,64.4,85.0,1625,1,49.5,0.28
1332,237,6.3,43.22,1,96.8,93.2,1384,200.5,76.1,21.11,-6.82,7.055,4.2,62.0,64.3,85.0,1625,1,49.5,0.28
1333,236,6.3,43.32,1,96.8,93.2,1383,200.5,76.0,21.08,-6.867,7.047,4.2,62.0,64.3,85.0,1625,1,49.4,0.28
1334,236,6.325,42.73,1,96.8,93.2,1383,200.5,75.7,21.11,-6.93,7.039,4.2,62.0,64.2,85.0,1625,1,49.3,0.28
1335,236,6.325,43.01,1,96.8,93.2,1383,200.5,75.7,21.07,-6.977,7.031,4.2,62.0,64.2,85.0,1625,1,49.3,0.27
1336,235,6.325,43.11,1,96.89999999999999,93.2,1383,200.6,75.8,21.07,-7.031,7.023,4.2,62.0,64.2,85.0,1625,1,49.2,0.28
1337,235,6.325,43.1,1,96.89999999999999,93.2,1383,200.7,75.7,21.08,-7.102,7.016,4.2,62.0,64.1,85.0,1625,1,49.1,0.29
1338,235,6.325,43.22,1,96.89999999999999,93.2,1383,200.6,76.0,21.09,-7.156,7.008,4.2,62.0,64.1,85.0,1625,1,49.1,0.28
1339,235,6.325,42.94,1,96.89999999999999,93.2,1382,200.6,75.8,21.11,-7.227,7.0,4.2,62.0,64.1,85.0,1624,1,49.0,0.28
1340,234,6.325,43.14,1,96.89999999999999,93.2,1382,200.6,75.9,21.09,-7.281,6.992,4.2,62.0,64.0,85.0,1624,1,48.9,0.28
1341,234,6.325,43.17,1,96.89999999999999,93.2,1382,200.6,75.7,21.07,-7.352,6.984,4.2,62.0,64.0,85.0,1624,1,48.8,0.28
1342,234,6.325,42.93,1,96.89999999999999,93.2,1382,200.6,75.8,21.08,-7.398,6.977,4.2,62.0,64.0,84.0,1624,1,48.8,0.28
1343,234,6.325,43.07,1,96.89999999999999,93.2,1383,200.6,75.8,21.09,-7.461,6.969,4.2,62.0,63.9,84.0,1624,1,48.7,0.28
1344,234,6.35,42.86,1,96.89999999999999,93.2,1383,200.6,75.7,21.06,-7.523,6.961,4.2,62.0,63.9,85.0,1624,1,48.6,0.28
1345,233,6.35,42.78,1,96.89999999999999,93.2,1383,200.6,75.6,21.07,-7.578,6.953,4.2,62.0,63.8,84.0,1624,1,48.6,0.28
1346,233,6.35,42.91,1,97.0,93.2,1383,200.6,75.6,21.08,-7.641,6.945,4.2,62.0,63.8,84.0,1624,1,48.5,0.28
1347,233,6.35,42.94,1,96.89999999999999,93.2,1383,200.6,75.7,21.08,-7.695,6.938,4.2,62.0,63.8,84.0,1624,1,48.4,0.28
1348,233,6.35,43.05,1,97.0,93.2,1383,200.6,75.8,21.11,-7.758,6.934,4.2,62.0,63.7,84.0,1624,1,48.4,0.29
1349,233,6.35,43.02,1,97.0,93.2,1384,200.6,75.9,21.04,-7.812,6.926,4.2,62.0,63.7,84.0,1624,1,48.3,0.28
1350,232,6.35,42.99,1,97.0,93.2,1384,200.6,75.9,21.09,-7.883,6.918,4.2,61.0,63.7,84.0,1624,1,48.2,0.28
1351,232,6.35,43.33,1,97.0,93.2,1384,200.6,75.7,21.09,-7.93,6.91,4.2,61.0,63.7,84.0,1624,1,48.2,0.28
1352,232,6.35,43.09,1,97.0,93.2,1383,200.6,75.8,21.14,-7.992,6.902,4.2,61.0,63.6,84.0,1624,1,48.1,0.28
1353,232,6.35,43.08,1,97.0,93.2,1383,200.6,75.9,21.09,-8.047,6.898,4.2,61.0,63.6,84.0,1624,1,48.0,0.28
1354,232,6.375,42.98,1,97.0,93.2,1383,200.6,75.8,21.12,-8.102,6.891,4.2,61.0,63.6,84.0,1624,1,48.0,0.28
1355,232,6.375,42.88,1,97.0,93.30000000000001,1383,200.6,76.0,21.04,-8.156,6.883,4.2,61.0,63.5,84.0,1624,1,47.9,0.28
1356,232,6.375,43.05,1,97.0,93.30000000000001,1384,200.6,75.8,21.05,-8.195,6.875,4.2,61.0,63.5,84.0,1624,1,47.8,0.28
1357,232,6.375,43.09,1,97.0,93.2,1384,200.5,75.7,21.07,-8.25,6.871,4.2,61.0,63.5,84.0,1624,1,47.8,0.29
1358,232,6.375,42.71,1,97.0,93.30000000000001,1385,200.5,75.9,21.09,-8.281,6.867,4.2,61.0,63.5,84.0,1624,1,47.7,0.29
1359,232,6.375,42.67,1,97.0,93.2,1386,200.4,75.8,21.12,-8.305,6.863,4.2,61.0,63.4,84.0,1624,1,47.6,0.29
1360,232,6.375,42.84,1,97.1,93.30000000000001,1386,200.5,75.8,21.06,-8.336,6.859,4.2,61.0,63.4,84.0,1624,1,47.6,0.29
1361,232,6.375,42.69,1,97.0,93.2,1386,200.5,75.9,21.09,-8.359,6.855,4.2,61.0,63.4,84.0,1624,1,47.5,0.28
1362,233,6.375,42.86,1,97.0,93.30000000000001,1385,200.5,75.7,21.05,-8.391,6.852,4.2,61.0,63.3,84.0,1624,1,47.4,0.29
1363,233,6.375,42.74,1,97.1,93.30000000000001,1385,200.5,75.7,21.08,-8.406,6.848,4.2,61.0,63.3,84.0,1624,1,47.4,0.29
1364,232,6.375,42.81,1,97.0,93.2,1385,200.5,75.4,21.09,-8.43,6.844,4.2,61.0,63.3,84.0,1624,1,47.3,0.29
1365,232,6.375,42.78,1,97.0,93.30000000000001,1385,200.6,75.6,21.07,-8.445,6.84,4.2,61.0,63.3,84.0,1624,1,47.2,0.28
1366,232,6.375,42.8,1,97.1,93.2,1385,200.5,75.5,21.1,-8.469,6.836,4.2,61.0,63.3,84.0,1624,1,47.2,0.28
1367,232,6.375,42.99,1,97.0,93.2,1385,200.4,75.6,21.09,-8.484,6.832,4.2,61.0,63.2,84.0,1624,1,47.1,0.27
1368,232,6.4,42.93,1,97.1,93.2,1385,200.5,75.5,21.13,-8.508,6.824,4.2,61.0,63.2,84.0,1624,1,47.0,0.28
1369,232,6.4,42.99,1,97.0,93.2,1384,200.5,75.7,21.11,-8.531,6.82,4.2,61.0,63.2,84.0,1624,1,47.0,0.29
1370,232,6.4,43.01,1,97.0,93.2,1384,200.4,75.7,21.1,-8.562,6.812,4.2,61.0,63.1,84.0,1624,1,46.9,0.28
1371,232,6.4,42.98,1,97.0,93.2,1384,200.5,75.6,21.09,-8.594,6.809,4.2,61.0,63.1,84.0,1624,1,46.8,0.28
1372,231,6.4,43.03,1,97.0,93.2,1384,200.6,75.8,21.11,-8.625,6.801,4.2,61.0,63.1,84.0,1624,1,46.8,0.28
1373,231,6.4,42.98,1,97.0,93.2,1385,200.6,75.5,21.15,-8.664,6.797,4.2,61.0,63.1,84.0,1624,1,46.7,0.29
1374,231,6.4,42.99,1,97.1,93.2,1384,200.5,75.7,21.12,-8.695,6.789,4.2,61.0,63.0,84.0,1624,1,46.6,0.29
1375,231,6.4,43.05,1,97.1,93.2,1384,200.5,75.6,21.09,-8.742,6.785,4.2,61.0,63.0,84.0,1624,1,46.6,0.29
1376,231,6.4,43.1,1,97.1,93.2,1385,200.5,75.6,21.09,-8.781,6.777,4.2,61.0,63.0,84.0,1624,1,46.5,0.29
1377,231,6.4,43.09,1,97.0,93.2,1385,200.6,75.7,21.07,-8.828,6.773,4.2,61.0,62.9,84.0,1624,1,46.4,0.29
1378,231,6.4,43.0,1,97.1,93.2,1384,200.6,75.6,21.12,-8.875,6.766,4.2,61.0,62.9,84.0,1624,1,46.4,0.29
1379,231,6.4,43.13,1,97.0,93.2,1384,200.6,75.7,21.13,-8.914,6.762,4.2,61.0,62.9,84.0,1624,1,46.3,0.29
1380,231,6.425,42.98,1,97.1,93.2,1383,200.6,75.6,21.06,-8.977,6.754,4.2,60.0,62.9,84.0,1624,1,46.2,0.29
1381,231,6.425,42.96,1,97.1,93.2,1383,200.7,75.6,21.1,-9.023,6.75,4.2,60.0,62.8,84.0,1624,1,46.2,0.29
1382,231,6.425,43.03,1,97.1,93.2,1384,200.8,75.6,21.12,-9.07,6.746,4.2,60.0,62.8,84.0,1624,1,46.1,0.28
1383,231,6.425,42.88,1,97.1,93.2,1384,200.8,75.7,21.12,-9.125,6.738,4.2,60.0,62.8,84.0,1624,1,46.1,0.28
1384,231,6.425,43.1,1,97.1,93.2,1384,200.8,75.6,21.12,-9.164,6.734,4.2,60.0,62.7,84.0,1624,1,46.0,0.28
1385,231,6.425,43.01,1,97.1,93.2,1384,200.8,75.6,21.06,-9.219,6.73,4.2,60.0,62.7,84.0,1624,1,45.9,0.28
1386,231,6.425,43.05,1,97.1,93.2,1384,200.8,75.7,21.09,-9.266,6.723,4.2,60.0,62.7,84.0,1624,1,45.9,0.29
1387,230,6.425,43.0,1,97.1,93.2,1384,200.8,75.7,21.12,-9.32,6.719,4.2,60.0,62.7,84.0,1624,1,45.8,0.29
1388,230,6.425,43.03,1,97.1,93.2,1385,200.8,75.6,21.08,-9.359,6.715,4.2,60.0,62.6,84.0,1624,1,45.7,0.29
1389,230,6.425,42.95,1,97.1,93.2,1384,200.9,75.7,21.11,-9.406,6.711,4.2,60.0,62.6,84.0,1624,1,45.6,0.29
1390,230,6.425,43.03,1,97.1,93.2,1384,200.9,75.7,21.11,-9.461,6.703,4.2,60.0,62.6,84.0,1624,1,45.6,0.29
1391,230,6.425,42.99,1,97.1,93.2,1384,200.9,75.5,21.08,-9.5,6.699,4.2,60.0,62.5,84.0,1624,1,45.5,0.29
1392,230,6.45,43.07,1,97.1,93.2,1384,200.9,75.8,21.1,-9.555,6.695,4.2,60.0,62.5,84.0,1624,1,45.4,0.29
1393,230,6.45,42.98,1,97.1,93.2,1385,201.0,75.6,21.1,-9.594,6.688,4.2,60.0,62.5,84.0,1624,1,45.4,0.28
1394,230,6.45,43.06,1,97.2,93.2,1385,201.0,75.7,21.12,-9.648,6.684,4.2,60.0,62.4,84.0,1624,1,45.3,0.29
1395,230,6.45,42.98,1,97.2,93.2,1385,201.0,75.7,21.09,-9.688,6.68,4.2,60.0,62.4,84.0,1624,1,45.3,0.29
1396,229,6.45,42.98,1,97.2,93.2,1384,201.0,75.6,21.1,-9.742,6.676,4.2,60.0,62.4,84.0,1624,1,45.2,0.29
1397,229,6.45,43.04,1,97.2,93.2,1384,201.0,75.8,21.06,-9.781,6.668,4.2,60.0,62.3,84.0,1624,1,45.1,0.29
1398,229,6.45,42.96,1,97.2,93.2,1385,200.9,75.6,21.12,-9.82,6.66,4.2,60.0,62.3,84.0,1624,1,45.0,0.29
1399,229,6.45,42.92,1,97.2,93.2,1385,200.9,75.6,21.11,-9.867,6.652,4.2,60.0,62.2,84.0,1624,1,45.0,0.29
1400,229,6.45,42.97,1,97.2,93.2,1384,200.9,75.7,21.1,-9.906,6.645,4.2,60.0,62.2,84.0,1624,1,44.9,0.29
1401,228,6.45,43.03,1,97.2,93.2,1384,200.9,75.6,21.12,-9.961,6.637,4.2,60.0,62.1,84.0,1624,1,44.8,0.28
1402,228,6.475,42.95,1,97.2,93.2,1384,200.9,75.5,21.11,-10.008,6.629,4.2,60.0,62.1,84.0,1624,1,44.8,0.28
1403,228,6.475,43.01,1,97.2,93.2,1383,200.9,75.5,21.09,-10.055,6.621,4.2,60.0,62.1,84.0,1624,1,44.7,0.29
1404,228,6.475,42.96,1,97.2,93.2,1383,200.9,75.6,21.09,-10.117,6.613,4.2,60.0,62.1,84.0,1624,1,44.7,0.28
1405,228,6.475,43.01,1,97.2,93.10000000000001,1384,200.9,75.8,21.12,-10.172,6.609,4.2,60.0,62.0,84.0,1624,1,44.6,0.28
1406,228,6.475,42.89,1,97.2,93.2,1384,200.9,75.8,21.08,-10.227,6.602,4.2,60.0,62.0,84.0,1623,1,44.5,0.29
1407,228,6.475,42.92,1,97.2,93.2,1383,200.9,75.6,21.11,-10.281,6.598,4.2,60.0,62.0,84.0,1623,1,44.5,0.28
1408,229,6.475,43.01,1,97.2,93.2,1383,200.9,75.7,21.04,-10.336,6.594,4.2,60.0,61.9,84.0,1623,1,44.4,0.29
1409,229,6.475,42.98,1,97.2,93.10000000000001,1383,200.9,75.5,21.09,-10.391,6.59,4.2,60.0,61.9,84.0,1623,1,44.3,0.28
1410,229,6.475,42.96,1,97.2,93.2,1384,200.9,75.6,21.09,-10.445,6.586,4.2,60.0,61.9,84.0,1623,1,44.3,0.29
1411,229,6.475,42.92,1,97.2,93.2,1384,200.9,75.7,21.1,-10.484,6.582,4.2,60.0,61.8,84.0,1623,1,44.2,0.28
1412,229,6.475,43.0,1,97.2,93.2,1384,200.8,75.5,21.1,-10.547,6.574,4.2,60.0,61.8,84.0,1623,1,44.2,0.29
1413,229,6.475,42.99,1,97.3,93.2,1384,200.8,75.7,21.08,-10.586,6.57,4.2,60.0,61.8,84.0,1623,1,44.1,0.29
1414,229,6.475,43.01,1,97.3,93.2,1385,200.8,75.6,21.11,-10.633,6.566,4.2,60.0,61.8,84.0,1623,1,44.0,0.28
1415,229,6.475,42.94,1,97.3,93.10000000000001,1385,200.9,75.6,21.09,-10.68,6.563,4.2,60.0,61.7,84.0,1623,1,44.0,0.29
1416,230,6.475,43.1,1,97.2,93.2,1384,200.9,75.6,21.06,-10.719,6.559,4.2,60.0,61.7,84.0,1623,1,43.9,0.29
1417,230,6.475,43.0,1,97.3,93.2,1384,200.9,75.6,21.12,-10.766,6.555,4.2,60.0,61.7,84.0,1623,1,43.8,0.29
1418,230,6.475,43.08,1,97.3,93.2,1384,200.9,75.7,21.06,-10.797,6.551,4.2,60.0,61.7,84.0,1623,1,43.8,0.28
1419,230,6.5,43.0,1,97.3,93.2,1385,200.9,75.7,21.07,-10.844,6.547,4.2,60.0,61.6,84.0,1623,1,43.7,0.28
1420,230,6.5,42.99,1,97.3,93.10000000000001,1385,200.9,75.7,21.05,-10.883,6.543,4.2,60.0,61.6,84.0,1623,1,43.6,0.29
1421,230,6.5,43.01,1,97.3,93.2,1384,201.0,75.6,21.09,-10.922,6.539,4.2,60.0,61.6,84.0,1623,1,43.5,0.28
1422,230,6.5,42.86,1,97.3,93.2,1384,201.0,75.6,21.1,-10.961,6.535,4.2,60.0,61.5,84.0,1623,1,43.5,0.29
1423,231,6.5,42.88,1,97.3,93.2,1384,201.0,75.7,21.12,-11.0,6.531,4.2,60.0,61.5,84.0,1623,1,43.5,0.28
1424,231,6.5,43.06,1,97.3,93.2,1384,201.0,75.5,21.1,-11.031,6.527,4.2,60.0,61.5,84.0,1623,1,43.4,0.29
1425,231,6.5,43.04,1,97.3,93.2,1384,201.0,75.5,21.12,-11.055,6.523,4.2,60.0,61.4,84.0,1623,1,43.3,0.29
1426,231,6.5,43.07,1,97.3,93.2,1384,201.1,75.4,21.08,-11.086,6.516,4.2,60.0,61.4,84.0,1623,1,43.2,0.29
1427,231,6.5,42.91,1,97.3,93.2,1384,201.1,75.6,21.09,-11.117,6.512,4.2,60.0,61.4,84.0,1623,1,43.2,0.28
1428,231,6.5,43.06,1,97.3,93.2,1384,201.1,75.6,21.1,-11.148,6.508,4.2,60.0,61.3,84.0,1623,1,43.1,0.28
1429,231,6.5,42.8,1,97.3,93.2,1384,201.1,75.7,21.1,-11.18,6.504,4.2,60.0,61.3,84.0,1623,1,43.0,0.29
1430,231,6.5,43.03,1,97.3,93.2,1384,201.1,75.6,21.09,-11.203,6.5,4.199,60.0,61.3,84.0,1623,1,43.0,0.29
1431,231,6.5,42.94,1,97.3,93.10000000000001,1385,201.0,75.4,21.12,-11.234,6.496,4.2,60.0,61.2,84.0,1623,1,42.9,0.3
1432,231,6.5,42.94,1,97.3,93.2,1384,201.1,75.5,21.13,-11.258,6.492,4.2,60.0,61.2,84.0,1623,1,42.9,0.28
1433,231,6.5,42.95,1,97.3,93.10000000000001,1385,201.1,75.6,21.07,-11.281,6.484,4.2,60.0,61.2,84.0,1623,1,42.8,0.29
1434,231,6.525,43.01,1,97.3,93.10000000000001,1384,201.2,75.4,21.09,-11.305,6.48,4.2,60.0,61.2,84.0,1623,1,42.7,0.29
1435,231,6.525,42.96,1,97.3,93.2,1384,201.2,75.6,21.09,-11.336,6.477,4.2,60.0,61.1,84.0,1623,1,42.7,0.29
1436,231,6.525,42.87,1,97.3,93.10000000000001,1384,201.1,75.6,21.09,-11.367,6.473,4.2,60.0,61.0,84.0,1623,1,42.6,0.29
1437,231,6.525,42.94,1,97.3,93.2,1384,201.2,75.6,21.1,-11.391,6.465,4.2,60.0,61.0,84.0,1623,1,42.5,0.3
1438,231,6.525,42.95,1,97.3,93.2,1385,201.2,75.5,21.12,-11.422,6.461,4.2,60.0,61.0,84.0,1623,1,42.5,0.29
1439,231,6.525,42.95,1,97.3,93.10000000000001,1385,201.2,75.5,21.1,-11.453,6.457,4.2,60.0,61.0,84.0,1623,1,42.4,0.3
1440,231,6.525,42.86,1,97.3,93.2,1385,201.2,75.7,21.07,-11.484,6.453,4.2,60.0,60.9,84.0,1623,1,42.4,0.29
1441,231,6.525,43.0,1,97.3,93.10000000000001,1384,201.2,75.6,21.1,-11.523,6.449,4.2,60.0,60.9,84.0,1623,1,42.3,0.3
1442,231,6.525,43.07,1,97.3,93.2,1384,201.2,75.5,21.1,-11.555,6.441,4.2,60.0,60.9,84.0,1623,1,42.2,0.29
1443,231,6.525,43.09,1,97.3,93.10000000000001,1384,201.2,75.5,21.07,-11.602,6.438,4.2,60.0,60.9,84.0,1623,1,42.2,0.29
1444,231,6.525,42.95,1,97.3,93.2,1384,201.2,75.4,21.07,-11.641,6.434,4.2,60.0,60.8,84.0,1623,1,42.1,0.29
1445,231,6.525,42.8,1,97.3,93.10000000000001,1385,201.1,75.5,21.09,-11.68,6.426,4.2,59.0,60.8,84.0,1623,1,42.0,0.3
1446,231,6.525,43.06,1,97.3,93.10000000000001,1385,201.2,75.7,21.12,-11.719,6.422,4.2,59.0,60.8,84.0,1623,1,42.0,0.29
1447,231,6.525,42.87,1,97.3,93.10000000000001,1384,201.2,75.5,21.11,-11.758,6.418,4.2,60.0,60.7,84.0,1623,1,41.9,0.3
1448,231,6.55,42.88,1,97.39999999999999,93.10000000000001,1385,201.3,75.5,21.07,-11.789,6.41,4.2,58.0,60.7,84.0,1623,1,41.8,0.29
1449,231,6.55,43.05,1,97.3,93.10000000000001,1384,201.2,75.5,21.11,-11.828,6.406,4.2,59.0,60.7,84.0,1623,1,41.8,0.29
1450,231,6.55,43.06,1,97.3,93.10000000000001,1384,201.2,75.4,21.09,-11.867,6.402,4.2,58.0,60.6,84.0,1623,1,41.7,0.3
1451,231,6.55,42.94,1,97.3,93.10000000000001,1384,201.3,75.5,21.09,-11.898,6.398,4.2,59.0,60.6,84.0,1623,1,41.6,0.3
1452,231,6.55,43.06,1,97.3,93.10000000000001,1384,201.3,75.5,21.08,-11.945,6.391,4.2,58.0,60.6,84.0,1623,1,41.6,0.3
1453,231,6.55,42.92,1,97.3,93.10000000000001,1384,201.3,75.3,21.06,-11.977,6.387,4.2,58.0,60.5,84.0,1623,1,41.5,0.29
1454,231,6.55,42.97,1,97.39999999999999,93.10000000000001,1384,201.3,75.5,21.11,-12.031,6.383,4.2,58.0,60.5,84.0,1623,1,41.5,0.29
1455,231,6.55,42.83,1,97.39999999999999,93.10000000000001,1384,201.4,75.7,21.05,-12.062,6.379,4.2,58.0,60.5,84.0,1623,1,41.4,0.3
1456,231,6.55,42.8,1,97.3,93.10000000000001,1384,201.4,75.7,21.09,-12.102,6.375,4.2,58.0,60.5,84.0,1622,1,41.3,0.3
1457,231,6.55,42.85,1,97.3,93.10000000000001,1384,201.4,75.5,21.14,-12.133,6.371,4.199,58.0,60.4,84.0,1622,1,41.3,0.3
1458,231,6.55,43.03,1,97.3,93.10000000000001,1384,201.5,75.6,21.13,-12.164,6.363,4.2,58.0,60.4,84.0,1622,1,41.2,0.3
1459,230,6.55,42.88,1,97.3,93.10000000000001,1383,201.4,75.4,21.12,-12.203,6.359,4.2,58.0,60.3,84.0,1622,1,41.1,0.29
1460,230,6.55,42.95,1,97.3,93.10000000000001,1383,201.4,75.3,21.14,-12.234,6.352,4.2,58.0,60.3,84.0,1622,1,41.1,0.29
1461,230,6.575,42.78,1,97.39999999999999,93.10000000000001,1384,201.4,75.3,21.13,-12.266,6.348,4.2,58.0,60.3,84.0,1622,1,41.0,0.3
1462,230,6.575,42.9,1,97.39999999999999,93.10000000000001,1384,201.5,75.3,21.12,-12.289,6.34,4.2,58.0,60.3,84.0,1622,1,41.0,0.29
1463,230,6.575,43.0,1,97.3,93.10000000000001,1383,201.6,75.4,21.12,-12.32,6.336,4.2,58.0,60.2,84.0,1622,1,40.9,0.29
1464,230,6.575,42.92,1,97.3,93.10000000000001,1383,201.6,75.4,21.09,-12.359,6.328,4.2,58.0,60.2,84.0,1622,1,40.8,0.29
1465,230,6.575,42.97,1,97.3,93.10000000000001,1383,201.8,75.6,21.06,-12.383,6.324,4.2,58.0,60.1,84.0,1622,1,40.8,0.29
1466,229,6.575,42.81,1,97.3,93.10000000000001,1383,201.9,75.5,21.04,-12.422,6.32,4.2,58.0,60.1,84.0,1622,1,40.7,0.29
1467,229,6.575,43.01,1,97.39999999999999,93.10000000000001,1383,201.9,75.3,21.16,-12.453,6.312,4.2,58.0,60.1,84.0,1622,1,40.7,0.29
1468,229,6.575,42.91,1,97.39999999999999,93.10000000000001,1384,201.9,75.2,21.08,-12.484,6.309,4.2,58.0,60.1,84.0,1622,1,40.6,0.29
1469,229,6.575,42.88,1,97.39999999999999,93.10000000000001,1384,202.0,75.3,21.1,-12.516,6.301,4.2,58.0,60.0,84.0,1622,1,40.5,0.28
1470,229,6.575,42.94,1,97.39999999999999,93.10000000000001,1384,201.9,75.4,21.09,-12.547,6.297,4.2,58.0,60.0,84.0,1622,1,40.5,0.29
1471,229,6.575,42.86,1,97.39999999999999,93.10000000000001,1384,201.9,75.4,21.17,-12.586,6.289,4.2,58.0,60.0,84.0,1622,1,40.4,0.28
1472,229,6.575,42.84,1,97.3,93.10000000000001,1384,201.9,75.4,21.25,-12.625,6.281,4.2,57.0,59.9,84.0,1622,1,40.3,0.29
1473,228,6.6,42.69,1,97.3,93.0,1383,201.9,75.2,21.07,-12.656,6.277,4.2,58.0,59.9,84.0,1622,1,40.3,0.28
1474,228,6.6,42.75,1,97.3,93.10000000000001,1383,201.8,75.4,21.15,-12.703,6.273,4.2,58.0,59.9,84.0,1622,1,40.2,0.29
1475,228,6.6,43.07,1,97.3,93.10000000000001,1383,201.7,75.3,21.03,-12.742,6.266,4.2,57.0,59.9,84.0,1622,1,40.1,0.29
1476,228,6.6,42.86,1,97.39999999999999,93.10000000000001,1383,201.8,75.4,21.06,-12.781,6.262,4.2,58.0,59.8,84.0,1622,1,40.1,0.29
1477,228,6.6,43.01,1,97.3,93.0,1383,201.8,75.2,21.01,-12.836,6.258,4.2,57.0,59.8,84.0,1622,1,40.0,0.29
1478,228,6.6,43.0,1,97.3,93.0,1383,201.8,75.2,21.13,-12.875,6.25,4.2,58.0,59.8,84.0,1622,1,40.0,0.29
1479,228,6.6,42.92,1,97.3,93.0,1382,201.7,75.3,21.14,-12.922,6.246,4.2,57.0,59.8,84.0,1622,1,39.9,0.29
1480,228,6.6,42.99,1,97.3,93.0,1382,201.6,75.2,21.11,-12.969,6.238,4.2,57.0,59.7,84.0,1622,1,39.8,0.29
1481,228,6.6,42.95,1,97.3,93.0,1382,201.5,75.1,21.09,-13.008,6.234,4.2,58.0,59.7,84.0,1622,1,39.8,0.29
1482,228,6.6,43.0,1,97.3,93.0,1384,201.5,75.3,21.11,-13.062,6.227,4.199,58.0,59.7,84.0,1622,1,39.7,0.29
1483,227,6.6,43.06,1,97.3,93.0,1384,201.5,75.2,21.08,-13.102,6.223,4.2,58.0,59.7,84.0,1622,1,39.6,0.28
1484,227,6.6,42.99,1,97.3,93.0,1384,201.5,75.2,21.05,-13.156,6.219,4.2,57.0,59.7,84.0,1622,1,39.6,0.28
1485,227,6.6,42.69,1,97.3,93.0,1383,201.4,75.1,21.14,-13.203,6.211,4.2,57.0,59.7,84.0,1622,1,39.5,0.28
1486,227,6.6,42.65,1,97.3,93.0,1383,201.4,75.2,21.05,-13.258,6.207,4.2,57.0,59.6,84.0,1622,1,39.5,0.3
1487,227,6.625,42.98,1,97.3,93.0,1382,201.3,75.4,21.09,-13.297,6.203,4.2,57.0,59.6,84.0,1622,1,39.4,0.29
1488,227,6.625,42.74,1,97.3,93.0,1383,201.3,75.1,21.04,-13.352,6.199,4.2,57.0,59.6,84.0,1622,1,39.3,0.29
1489,227,6.625,42.82,1,97.39999999999999,93.0,1382,201.3,75.2,21.07,-13.406,6.191,4.2,57.0,59.6,84.0,1622,1,39.3,0.29
1490,227,6.625,42.93,1,97.39999999999999,93.0,1382,201.3,75.1,21.11,-13.461,6.188,4.2,57.0,59.5,84.0,1622,1,39.2,0.3
1491,227,6.625,42.84,1,97.39999999999999,93.0,1382,201.3,75.1,21.1,-13.516,6.184,4.2,57.0,59.5,84.0,1622,1,39.2,0.29
1492,227,6.625,42.86,1,97.39999999999999,93.0,1382,201.3,75.1,21.08,-13.562,6.176,4.2,57.0,59.5,84.0,1622,1,39.1,0.3
1493,227,6.625,43.01,1,97.39999999999999,93.0,1382,201.3,75.1,21.08,-13.633,6.172,4.2,57.0,59.5,84.0,1622,1,39.0,0.29
1494,226,6.625,42.91,1,97.39999999999999,93.0,1382,201.4,75.3,21.1,-13.688,6.164,4.2,57.0,59.5,84.0,1622,1,39.0,0.29
1495,226,6.625,42.85,1,97.39999999999999,93.0,1382,201.3,75.1,21.06,-13.742,6.16,4.2,57.0,59.5,84.0,1622,1,38.9,0.29
1496,226,6.625,42.92,1,97.39999999999999,93.0,1382,201.3,75.2,21.07,-13.805,6.152,4.2,57.0,59.4,84.0,1621,1,38.8,0.29
1497,226,6.625,42.88,1,97.39999999999999,93.0,1382,201.3,75.2,21.13,-13.852,6.148,4.2,57.0,59.4,84.0,1621,1,38.8,0.3
1498,226,6.625,42.88,1,97.39999999999999,93.0,1382,201.3,75.2,21.07,-13.914,6.145,4.2,57.0,59.4,84.0,1621,1,38.7,0.29
1499,226,6.625,42.9,1,97.39999999999999,93.0,1381,201.3,75.2,21.09,-13.961,6.137,4.199,57.0,59.4,84.0,1621,1,38.7,0.29
1500,226,6.625,42.82,1,97.39999999999999,93.0,1380,201.3,75.1,21.09,-14.023,6.133,4.2,57.0,59.4,84.0,1621,1,38.6,0.29
1501,226,6.625,42.89,1,97.39999999999999,92.9,1381,201.3,75.1,21.1,-14.078,6.125,4.2,57.0,59.3,84.0,1621,1,38.5,0.29
1502,226,6.65,42.84,1,97.39999999999999,93.0,1381,201.3,75.3,21.09,-14.133,6.121,4.199,57.0,59.3,84.0,1621,1,38.5,0.29
1503,226,6.65,42.75,1,97.39999999999999,93.0,1380,201.2,75.2,21.09,-14.195,6.113,4.2,57.0,59.3,84.0,1621,1,38.4,0.29
1504,226,6.65,42.87,1,97.39999999999999,93.0,1381,201.2,75.2,21.08,-14.242,6.109,4.2,57.0,59.3,84.0,1621,1,38.4,0.3
1505,226,6.65,42.86,1,97.39999999999999,93.0,1380,201.2,75.2,21.08,-14.305,6.105,4.2,57.0,59.3,84.0,1621,1,38.3,0.29
1506,226,6.65,42.86,1,97.39999999999999,93.0,1381,201.2,75.0,21.09,-14.352,6.102,4.2,57.0,59.3,84.0,1621,1,38.2,0.29
1507,226,6.65,42.8,1,97.5,93.0,1381,201.2,75.3,21.11,-14.406,6.094,4.199,57.0,59.2,84.0,1621,1,38.2,0.29
1508,226,6.65,42.85,1,97.39999999999999,93.0,1380,201.2,75.2,21.09,-14.461,6.09,4.2,57.0,59.2,84.0,1621,1,38.1,0.3
1509,226,6.65,42.89,1,97.39999999999999,92.9,1381,201.2,75.1,21.09,-14.508,6.086,4.2,57.0,59.2,84.0,1621,1,38.1,0.29
1510,226,6.65,42.87,1,97.39999999999999,92.9,1381,201.2,75.0,21.09,-14.562,6.082,4.2,57.0,59.2,84.0,1621,1,38.0,0.29
1511,226,6.65,42.85,1,97.5,93.0,1381,201.2,75.1,21.06,-14.609,6.078,4.2,57.0,59.2,84.0,1621,1,37.9,0.29
1512,226,6.65,42.9,1,97.5,93.0,1382,201.1,75.1,21.07,-14.664,6.074,4.2,57.0,59.1,84.0,1621,1,37.9,0.29
1513,226,6.65,42.91,1,97.39999999999999,92.9,1382,201.0,75.2,21.1,-14.703,6.066,4.199,57.0,59.1,84.0,1621,1,37.8,0.3
1514,226,6.65,42.85,1,97.39999999999999,92.9,1381,201.0,75.1,21.11,-14.758,6.062,4.2,57.0,59.1,84.0,1621,1,37.8,0.29
1515,226,6.65,42.91,1,97.39999999999999,92.9,1381,201.0,74.9,21.07,-14.805,6.059,4.2,57.0,59.1,84.0,1621,1,37.7,0.29
1516,226,6.65,42.88,1,97.5,92.9,1381,201.0,75.1,21.11,-14.844,6.055,4.199,57.0,59.0,84.0,1621,1,37.6,0.29
1517,226,6.65,42.9,1,97.5,92.9,1381,201.0,75.1,21.11,-14.898,6.051,4.2,57.0,59.0,84.0,1621,1,37.6,0.29
1518,226,6.675,42.92,1,97.39999999999999,92.9,1382,201.0,75.3,21.07,-14.945,6.047,4.2,57.0,59.0,84.0,1621,1,37.5,0.29
1519,226,6.675,42.86,1,97.5,92.9,1381,201.0,75.2,21.07,-14.992,6.039,4.199,57.0,59.0,84.0,1621,1,37.4,0.29
1520,226,6.675,42.85,1,97.5,92.9,1380,201.0,75.0,21.09,-15.031,6.035,4.199,57.0,59.0,84.0,1621,1,37.4,0.29
1521,226,6.675,42.8,1,97.39999999999999,92.9,1380,201.0,75.0,21.12,-15.078,6.031,4.2,57.0,58.9,84.0,1621,1,37.3,0.29
1522,226,6.675,42.83,1,97.39999999999999,92.9,1380,201.0,75.2,21.13,-15.125,6.027,4.2,57.0,58.9,84.0,1621,1,37.3,0.3
1523,226,6.675,42.81,1,97.39999999999999,92.9,1380,201.1,75.2,21.11,-15.164,6.023,4.2,56.0,58.9,84.0,1621,1,37.2,0.29
1524,226,6.675,42.85,1,97.5,92.9,1381,201.1,75.1,21.11,-15.219,6.02,4.2,57.0,58.9,84.0,1621,1,37.2,0.3
1525,226,6.675,42.89,1,97.5,92.9,1380,201.1,75.1,21.04,-15.258,6.016,4.2,56.0,58.9,84.0,1621,1,37.1,0.3
1526,226,6.675,42.86,1,97.5,92.9,1380,201.1,75.0,21.11,-15.312,6.012,4.199,56.0,58.8,84.0,1621,1,37.0,0.3
1527,226,6.675,42.76,1,97.5,92.9,1381,201.1,75.0,21.07,-15.352,6.004,4.2,56.0,58.8,84.0,1621,1,37.0,0.3
1528,226,6.675,42.9,1,97.5,92.9,1381,201.0,75.2,21.07,-15.406,6.004,4.2,56.0,58.8,84.0,1621,1,36.9,0.3
1529,226,6.675,42.88,1,97.5,92.9,1381,201.0,75.1,21.11,-15.461,5.996,4.2,56.0,58.8,84.0,1621,1,36.8,0.31
1530,226,6.675,42.82,1,97.5,92.9,1381,201.0,75.2,21.07,-15.516,5.992,4.2,56.0,58.8,84.0,1621,1,36.8,0.3
1531,226,6.675,42.84,1,97.5,92.9,1380,201.0,75.0,21.12,-15.562,5.988,4.2,56.0,58.7,84.0,1621,1,36.7,0.3
1532,226,6.675,42.8,1,97.5,92.9,1379,200.9,75.0,21.1,-15.617,5.984,4.2,56.0,58.7,84.0,1621,1,36.7,0.3
1533,226,6.675,42.91,1,97.5,92.9,1379,200.9,74.9,21.07,-15.656,5.98,4.2,56.0,58.7,84.0,1621,1,36.6,0.31
1534,226,6.675,42.84,1,97.5,92.9,1379,200.8,74.9,21.07,-15.711,5.977,4.2,56.0,58.6,84.0,1621,1,36.5,0.3
1535,226,6.675,42.77,1,97.5,92.9,1380,200.9,74.9,21.08,-15.758,5.973,4.2,56.0,58.6,84.0,1621,1,36.5,0.3
1536,226,6.7,42.83,1,97.5,92.9,1380,200.8,74.9,21.09,-15.797,5.965,4.2,56.0,58.6,84.0,1621,1,36.4,0.29
1537,227,6.7,42.9,1,97.5,92.9,1380,200.9,75.0,21.13,-15.844,5.961,4.2,56.0,58.6,84.0,1621,1,36.3,0.3
1538,227,6.7,42.9,1,97.5,92.9,1380,200.9,75.0,21.09,-15.883,5.957,4.2,56.0,58.5,84.0,1621,1,36.3,0.3
1539,227,6.7,42.83,1,97.5,92.9,1380,200.8,75.2,21.11,-15.93,5.953,4.199,56.0,58.5,84.0,1621,1,36.2,0.31
1540,227,6.7,42.75,1,97.5,92.9,1380,200.8,75.4,21.11,-15.961,5.953,4.199,56.0,58.5,84.0,1621,1,36.2,0.31
1541,227,6.7,42.77,1,97.5,92.9,1380,200.9,75.1,21.11,-16.0,5.949,4.2,56.0,58.5,84.0,1620,1,36.1,0.3
1542,227,6.7,42.75,1,97.5,92.9,1380,200.8,75.0,21.07,-16.039,5.945,4.199,56.0,58.4,84.0,1620,1,36.1,0.31
1543,227,6.7,42.86,1,97.5,92.9,1380,200.8,74.9,21.14,-16.07,5.941,4.199,56.0,58.4,84.0,1620,1,36.0,0.3
1544,228,6.7,42.88,1,97.5,92.9,1379,200.8,75.1,21.05,-16.117,5.938,4.199,56.0,58.4,84.0,1620,1,36.0,0.3
1545,228,6.7,42.75,1,97.5,92.9,1380,200.7,75.0,21.11,-16.148,5.934,4.2,56.0,58.4,83.0,1620,1,35.9,0.31
1546,228,6.7,42.93,1,97.5,92.9,1380,200.7,75.2,21.07,-16.188,5.93,4.2,56.0,58.3,83.0,1620,1,35.8,0.31
1547,228,6.7,42.8,1,97.5,92.9,1380,200.7,75.1,21.12,-16.219,5.926,4.2,56.0,58.3,83.0,1620,1,35.8,0.31
1548,228,6.7,42.82,1,97.5,92.9,1381,200.7,75.0,21.09,-16.242,5.922,4.2,56.0,58.3,83.0,1620,1,35.7,0.3
1549,228,6.7,42.79,1,97.5,92.9,1380,200.6,75.0,21.11,-16.266,5.918,4.2,56.0,58.3,83.0,1620,1,35.6,0.31
1550,228,6.7,42.78,1,97.5,92.9,1380,200.7,75.1,21.11,-16.289,5.914,4.2,56.0,58.2,83.0,1620,1,35.6,0.31
1551,228,6.7,42.8,1,97.5,92.9,1380,200.6,75.1,21.07,-16.312,5.914,4.2,56.0,58.2,83.0,1620,1,35.5,0.3
1552,228,6.7,42.77,1,97.5,92.9,1381,200.7,75.1,21.07,-16.328,5.91,4.2,56.0,58.2,83.0,1620,1,35.5,0.31
1553,228,6.7,42.86,1,97.5,92.9,1381,200.6,75.1,21.08,-16.352,5.906,4.2,56.0,58.2,83.0,1620,1,35.4,0.31
1554,229,6.7,42.81,1,97.5,92.9,1381,200.6,74.8,21.11,-16.367,5.902,4.2,56.0,58.1,83.0,1620,1,35.3,0.31
1555,229,6.7,42.73,1,97.5,92.9,1381,200.7,75.0,21.13,-16.391,5.898,4.2,56.0,58.1,83.0,1620,1,35.3,0.31
1556,229,6.7,42.78,1,97.5,92.9,1380,200.7,74.9,21.1,-16.414,5.895,4.199,56.0,58.1,83.0,1620,1,35.2,0.3
1557,229,6.7,42.84,1,97.5,92.9,1380,200.6,75.0,21.1,-16.43,5.891,4.2,56.0,58.1,83.0,1620,1,35.2,0.3
1558,229,6.7,42.82,1,97.5,92.9,1380,200.6,75.0,21.09,-16.453,5.887,4.199,56.0,58.0,83.0,1620,1,35.1,0.3
1559,229,6.725,42.76,1,97.5,92.9,1381,200.6,74.9,21.12,-16.477,5.883,4.2,56.0,58.0,83.0,1620,1,35.0,0.3
1560,229,6.725,42.87,1,97.5,92.9,1381,200.6,75.0,21.07,-16.508,5.879,4.2,56.0,58.0,83.0,1620,1,35.0,0.3
1561,229,6.725,42.78,1,97.5,92.9,1381,200.7,74.9,21.11,-16.531,5.875,4.2,56.0,58.0,83.0,1620,1,34.9,0.3
1562,229,6.725,42.76,1,97.5,92.9,1380,200.7,75.0,21.11,-16.555,5.871,4.199,56.0,57.9,83.0,1620,1,34.9,0.3
1563,229,6.725,42.67,1,97.5,92.9,1380,200.5,74.8,21.06,-16.586,5.867,4.2,56.0,57.9,83.0,1620,1,34.8,0.3
1564,229,6.725,42.64,1,97.5,92.9,1380,200.5,75.0,21.09,-16.609,5.863,4.2,56.0,57.9,83.0,1620,1,34.8,0.3
1565,229,6.725,42.86,1,97.5,92.9,1380,200.6,74.9,21.1,-16.641,5.859,4.2,55.0,57.9,83.0,1620,1,34.7,0.31
1566,229,6.725,42.81,1,97.5,92.80000000000001,1380,200.6,74.9,21.1,-16.672,5.855,4.2,56.0,57.8,83.0,1620,1,34.6,0.3
1567,229,6.725,42.75,1,97.5,92.9,1380,200.7,75.0,21.12,-16.695,5.855,4.2,55.0,57.8,83.0,1620,1,34.6,0.3
1568,229,6.725,42.77,1,97.5,92.80000000000001,1380,200.7,74.8,21.12,-16.719,5.852,4.2,55.0,57.8,83.0,1620,1,34.5,0.3
1569,229,6.725,42.77,1,97.5,92.9,1380,200.6,75.1,21.11,-16.742,5.848,4.2,56.0,57.8,83.0,1620,1,34.4,0.3
1570,229,6.725,42.84,1,97.5,92.80000000000001,1380,200.6,74.9,21.07,-16.781,5.844,4.2,55.0,57.7,83.0,1620,1,34.4,0.3
1571,229,6.725,42.76,1,97.5,92.80000000000001,1379,200.6,74.9,21.06,-16.805,5.84,4.2,56.0,57.7,83.0,1620,1,34.3,0.3
1572,229,6.725,42.7,1,97.5,92.80000000000001,1379,200.6,74.8,21.07,-16.844,5.832,4.2,55.0,57.7,83.0,1620,1,34.3,0.3
1573,228,6.725,42.79,1,97.5,92.80000000000001,1379,200.6,74.7,21.1,-16.867,5.828,4.199,56.0,57.7,83.0,1620,1,34.2,0.31
1574,228,6.725,42.74,1,97.5,92.80000000000001,1380,200.6,75.1,21.12,-16.906,5.824,4.199,55.0,57.6,83.0,1620,1,34.1,0.3
1575,228,6.75,42.72,1,97.5,92.80000000000001,1381,200.6,74.9,21.14,-16.945,5.816,4.199,55.0,57.6,83.0,1620,1,34.1,0.31
1576,228,6.75,42.8,1,97.5,92.80000000000001,1381,200.6,74.9,21.12,-16.984,5.813,4.2,55.0,57.6,83.0,1620,1,34.0,0.3
1577,228,6.75,42.72,1,97.5,92.80000000000001,1380,200.6,74.8,21.1,-17.031,5.805,4.199,55.0,57.6,83.0,1620,1,34.0,0.29
1578,228,6.75,42.74,1,97.5,92.80000000000001,1380,200.6,74.9,21.1,-17.078,5.801,4.2,55.0,57.5,83.0,1620,1,33.9,0.3
1579,228,6.75,42.65,1,97.5,92.80000000000001,1379,200.5,74.7,21.13,-17.117,5.793,4.2,55.0,57.5,83.0,1620,1,33.9,0.29
1580,228,6.75,42.83,1,97.5,92.80000000000001,1380,200.5,74.8,21.11,-17.164,5.789,4.199,55.0,57.5,83.0,1620,1,33.8,0.3
1581,228,6.75,42.74,1,97.5,92.80000000000001,1380,200.6,74.9,21.13,-17.211,5.781,4.199,55.0,57.5,83.0,1620,1,33.7,0.3
1582,227,6.75,42.7,1,97.5,92.80000000000001,1380,200.6,74.8,21.09,-17.258,5.777,4.2,55.0,57.4,83.0,1620,1,33.7,0.31
1583,227,6.75,42.78,1,97.5,92.80000000000001,1380,200.6,74.9,21.1,-17.305,5.773,4.2,55.0,57.4,83.0,1620,1,33.6,0.3
1584,227,6.75,42.6,1,97.5,92.80000000000001,1379,200.7,74.7,21.09,-17.352,5.766,4.199,55.0,57.4,83.0,1620,1,33.6,0.3
1585,227,6.75,42.79,1,97.5,92.80000000000001,1379,200.7,75.0,21.11,-17.398,5.762,4.2,55.0,57.4,83.0,1620,1,33.5,0.3
1586,227,6.75,42.84,1,97.6,92.80000000000001,1379,200.8,74.9,21.09,-17.445,5.758,4.199,55.0,57.4,83.0,1620,1,33.4,0.31
1587,227,6.75,42.88,1,97.5,92.80000000000001,1379,200.9,74.7,21.12,-17.5,5.754,4.199,55.0,57.3,83.0,1619,1,33.4,0.3
1588,227,6.75,42.8,1,97.6,92.80000000000001,1379,200.9,74.8,21.13,-17.555,5.75,4.2,55.0,57.3,83.0,1619,1,33.3,0.31
1589,227,6.75,42.75,1,97.6,92.80000000000001,1379,201.0,74.9,21.1,-17.602,5.746,4.199,55.0,57.3,83.0,1619,1,33.2,0.3
1590,227,6.75,42.79,1,97.6,92.80000000000001,1379,200.9,74.9,21.09,-17.648,5.738,4.199,55.0,57.3,83.0,1619,1,33.2,0.3
1591,227,6.775,42.79,1,97.6,92.80000000000001,1378,200.9,74.6,21.09,-17.695,5.734,4.199,55.0,57.3,83.0,1619,1,33.1,0.31
1592,227,6.775,42.78,1,97.6,92.80000000000001,1379,200.9,74.6,21.09,-17.742,5.73,4.199,55.0,57.3,83.0,1619,1,33.1,0.3
1593,227,6.775,42.65,1,97.6,92.80000000000001,1378,200.9,74.6,21.09,-17.789,5.723,4.2,55.0,57.2,83.0,1619,1,33.0,0.31
1594,227,6.775,42.72,1,97.6,92.80000000000001,1379,200.9,74.7,21.06,-17.828,5.719,4.2,55.0,57.2,83.0,1619,1,33.0,0.31
1595,227,6.775,42.78,1,97.6,92.80000000000001,1379,200.9,74.8,21.09,-17.875,5.715,4.2,55.0,57.2,83.0,1619,1,32.9,0.3
1596,227,6.775,42.78,1,97.5,92.80000000000001,1380,200.9,74.8,21.08,-17.922,5.707,4.2,55.0,57.2,83.0,1619,1,32.9,0.3
1597,227,6.775,42.75,1,97.6,92.80000000000001,1380,200.9,74.9,21.09,-17.969,5.703,4.2,55.0,57.2,83.0,1619,1,32.8,0.29
1598,227,6.775,42.68,1,97.6,92.80000000000001,1380,200.9,75.0,21.09,-18.008,5.699,4.2,55.0,57.1,83.0,1619,1,32.7,0.3
1599,228,6.775,42.74,1,97.6,92.80000000000001,1379,200.9,74.9,21.15,-18.055,5.695,4.2,55.0,57.1,83.0,1619,1,32.6,0.3
1600,228,6.775,42.75,1,97.7,92.80000000000001,1380,200.9,75.0,21.14,-18.102,5.691,4.199,55.0,57.1,83.0,1619,1,32.6,0.3
1601,228,6.775,42.75,1,97.7,92.80000000000001,1381,200.9,74.9,21.05,-18.141,5.688,4.2,55.0,57.1,83.0,1619,1,32.6,0.3
1602,228,6.775,42.75,1,97.7,92.80000000000001,1381,200.9,74.9,21.1,-18.188,5.684,4.2,55.0,57.1,83.0,1619,1,32.5,0.3
1603,228,6.775,42.75,1,97.7,92.80000000000001,1381,200.9,74.9,21.07,-18.234,5.68,4.2,55.0,57.0,83.0,1619,1,32.4,0.3
1604,228,6.775,42.73,1,97.8,92.80000000000001,1381,200.9,74.8,21.11,-18.281,5.676,4.2,55.0,57.0,83.0,1619,1,32.4,0.3
1605,228,6.775,42.73,1,97.8,92.80000000000001,1382,200.9,74.9,21.09,-18.312,5.676,4.199,55.0,57.0,83.0,1619,1,32.3,0.29
1606,228,6.775,42.75,1,97.8,92.80000000000001,1381,200.9,75.0,21.08,-18.359,5.672,4.2,55.0,57.0,83.0,1619,1,32.2,0.29
1607,228,6.775,42.72,1,97.8,92.9,1382,200.9,74.9,21.1,-18.391,5.668,4.2,54.0,57.0,83.0,1619,1,32.2,0.31
1608,229,6.775,42.72,1,97.89999999999999,92.9,1382,200.9,75.0,21.11,-18.438,5.664,4.2,55.0,57.0,83.0,1619,1,32.1,0.3
1609,229,6.775,42.74,1,97.89999999999999,92.9,1384,200.9,74.9,21.11,-18.477,5.66,4.2,55.0,56.9,83.0,1619,1,32.1,0.3
1610,229,6.775,42.77,1,97.89999999999999,92.9,1383,200.9,75.0,21.11,-18.516,5.656,4.2,55.0,56.9,83.0,1619,1,32.0,0.31
1611,229,6.775,42.76,1,97.89999999999999,92.9,1383,200.8,75.1,21.07,-18.547,5.652,4.2,54.0,56.9,83.0,1619,1,32.0,0.31
1612,229,6.8,42.78,1,97.89999999999999,92.9,1383,200.8,75.0,21.1,-18.586,5.648,4.2,55.0,56.9,83.0,1619,1,31.9,0.3
1613,229,6.8,42.74,1,98.0,92.9,1383,200.8,74.8,21.13,-18.617,5.645,4.199,55.0,56.9,83.0,1619,1,31.8,0.3
1614,229,6.8,42.74,1,98.0,92.9,1383,200.8,75.0,21.09,-18.648,5.645,4.199,55.0,56.9,83.0,1619,1,31.8,0.31
1615,229,6.8,42.74,1,98.0,92.9,1383,200.8,74.9,21.09,-18.688,5.641,4.199,55.0,56.8,83.0,1619,1,31.7,0.31
1616,229,6.8,42.76,1,98.0,92.9,1383,200.8,75.0,21.09,-18.719,5.637,4.2,55.0,56.8,83.0,1619,1,31.6,0.31
1617,229,6.8,42.74,1,98.0,92.9,1384,200.7,75.0,21.09,-18.742,5.633,4.199,54.0,56.8,83.0,1619,1,31.6,0.31
1618,229,6.8,42.77,1,98.0,92.9,1384,200.7,74.8,21.09,-18.766,5.629,4.199,54.0,56.8,83.0,1619,1,31.5,0.32
1619,229,6.8,42.72,1,98.1,92.9,1384,200.7,74.8,21.06,-18.789,5.625,4.2,54.0,56.8,83.0,1619,1,31.5,0.31
1620,229,6.8,42.7,1,98.0,92.9,1384,200.7,74.9,21.08,-18.828,5.621,4.199,54.0,56.7,83.0,1619,1,31.4,0.31
1621,229,6.8,42.69,1,98.1,92.9,1384,200.7,75.1,21.08,-18.859,5.617,4.199,55.0,56.7,83.0,1619,1,31.4,0.31
1622,229,6.8,42.69,1,98.1,92.9,1384,200.7,75.1,21.11,-18.883,5.609,4.2,54.0,56.7,83.0,1619,1,31.3,0.31
1623,229,6.8,42.69,1,98.1,92.9,1385,200.7,74.9,21.11,-18.914,5.605,4.2,55.0,56.7,83.0,1619,1,31.2,0.31
1624,228,6.8,42.68,1,98.1,93.0,1385,200.6,74.9,21.11,-18.945,5.602,4.2,54.0,56.6,83.0,1619,1,31.2,0.31
1625,228,6.8,42.64,1,98.2,93.0,1385,200.6,75.0,21.1,-18.984,5.598,4.199,54.0,56.6,83.0,1619,1,31.1,0.31
1626,228,6.8,42.73,1,98.1,93.0,1385,200.6,74.8,21.11,-19.008,5.59,4.199,54.0,56.6,83.0,1618,1,31.1,0.31
1627,228,6.8,42.63,1,98.2,93.0,1386,200.6,75.0,21.09,-19.039,5.586,4.2,54.0,56.6,83.0,1618,1,31.0,0.31
1628,228,6.8,42.67,1,98.2,93.0,1386,200.6,74.9,21.12,-19.07,5.582,4.2,54.0,56.6,83.0,1618,1,30.9,0.31
1629,228,6.825,42.64,1,98.2,92.9,1386,200.6,75.0,21.1,-19.102,5.578,4.199,54.0,56.6,83.0,1618,1,30.9,0.3
1630,228,6.825,42.78,1,98.2,93.0,1387,200.6,75.0,21.09,-19.133,5.574,4.2,54.0,56.5,83.0,1618,1,30.8,0.3
1631,228,6.825,42.71,1,98.2,93.0,1388,200.6,74.9,21.08,-19.164,5.57,4.199,54.0,56.5,83.0,1618,1,30.8,0.3
1632,228,6.825,42.69,1,98.2,93.0,1388,200.6,75.0,21.1,-19.203,5.562,4.2,54.0,56.5,83.0,1618,1,30.7,0.3
1633,228,6.825,42.64,1,98.2,93.0,1387,200.6,75.0,21.07,-19.234,5.559,4.2,54.0,56.5,83.0,1618,1,30.7,0.29
1634,228,6.825,42.72,1,98.3,93.0,1387,200.6,74.8,21.14,-19.273,5.555,4.2,54.0,56.5,83.0,1618,1,30.6,0.3
1635,228,6.825,42.75,1,98.3,93.0,1388,200.5,74.9,21.02,-19.312,5.551,4.2,54.0,56.5,83.0,1618,1,30.6,0.3
1636,228,6.825,42.71,1,98.3,93.0,1389,200.5,74.9,21.09,-19.352,5.543,4.199,54.0,56.4,83.0,1618,1,30.5,0.3
1637,228,6.825,42.7,1,98.3,93.0,1388,200.5,74.7,21.11,-19.398,5.539,4.2,54.0,56.4,83.0,1618,1,30.4,0.3
1638,228,6.825,42.73,1,98.3,93.0,1389,200.5,74.8,21.1,-19.445,5.535,4.2,54.0,56.4,83.0,1618,1,30.4,0.3
1639,228,6.825,42.64,1,98.4,93.0,1389,200.6,74.9,21.09,-19.484,5.531,4.199,54.0,56.4,83.0,1618,1,30.3,0.31
1640,228,6.825,42.66,1,98.4,93.0,1389,200.6,74.8,21.14,-19.539,5.527,4.2,54.0,56.4,83.0,1618,1,30.3,0.31
1641,228,6.825,42.7,1,98.4,93.0,1389,200.5,75.0,21.09,-19.578,5.523,4.199,54.0,56.4,83.0,1618,1,30.2,0.31
1642,228,6.825,42.68,1,98.4,93.0,1389,200.6,75.0,21.12,-19.633,5.52,4.199,54.0,56.4,83.0,1618,1,30.1,0.31
1643,228,6.825,42.71,1,98.5,93.10000000000001,1389,200.5,75.0,21.12,-19.672,5.516,4.2,54.0,56.3,83.0,1618,1,30.1,0.31
1644,229,6.825,42.74,1,98.5,93.10000000000001,1389,200.5,74.9,21.23,-19.719,5.508,4.2,54.0,56.4,83.0,1618,1,30.0,0.31
1645,228,6.825,42.68,1,98.5,93.0,1390,200.5,75.1,21.1,-19.758,5.504,4.2,54.0,56.3,83.0,1618,1,30.0,0.32
1646,229,6.825,42.69,1,98.5,93.10000000000001,1390,200.5,74.9,21.05,-19.797,5.5,4.2,54.0,56.3,83.0,1618,1,29.9,0.31
1647,229,6.825,42.71,1,98.5,93.10000000000001,1390,200.5,74.8,21.07,-19.844,5.496,4.199,54.0,56.3,83.0,1618,1,29.9,0.31
1648,229,6.825,42.66,1,98.6,93.10000000000001,1390,200.4,74.9,21.11,-19.875,5.492,4.2,54.0,56.3,83.0,1618,1,29.8,0.31
1649,229,6.825,42.74,1,98.6,93.10000000000001,1390,200.4,74.9,21.13,-19.914,5.488,4.2,54.0,56.3,83.0,1618,1,29.7,0.31
1650,229,6.85,42.75,1,98.6,93.10000000000001,1391,200.4,74.9,21.09,-19.953,5.484,4.2,54.0,56.3,83.0,1618,1,29.7,0.32
1651,229,6.85,42.66,1,98.6,93.10000000000001,1392,200.3,75.0,21.13,-20.0,5.48,4.199,54.0,56.3,83.0,1618,1,29.6,0.32
1652,229,6.85,42.71,1,98.6,93.10000000000001,1393,200.3,75.1,21.15,-20.039,5.477,4.2,54.0,56.3,83.0,1618,1,29.5,0.32
1653,229,6.85,42.7,1,98.7,93.10000000000001,1393,200.3,75.0,21.12,-20.07,5.473,4.199,54.0,56.3,83.0,1618,1,29.5,0.31
1654,230,6.85,42.74,1,98.7,93.10000000000001,1393,200.3,75.1,21.08,-20.117,5.469,4.199,54.0,56.3,83.0,1618,1,29.5,0.31
1655,230,6.85,42.74,1,98.7,93.10000000000001,1393,200.3,75.0,21.09,-20.148,5.465,4.199,54.0,56.3,83.0,1618,1,29.4,0.31
1656,230,6.85,42.75,1,98.7,93.10000000000001,1392,200.3,75.0,21.14,-20.188,5.461,4.2,54.0,56.2,83.0,1618,1,29.3,0.31
1657,230,6.85,42.68,1,98.7,93.10000000000001,1392,200.3,75.1,21.1,-20.227,5.461,4.199,54.0,56.3,83.0,1618,1,29.3,0.31
1658,230,6.85,42.67,1,98.7,93.10000000000001,1392,200.3,75.0,21.05,-20.266,5.457,4.2,54.0,56.2,83.0,1618,1,29.2,0.31
1659,231,6.85,42.73,1,98.8,93.2,1393,200.3,75.1,21.09,-20.297,5.453,4.199,54.0,56.2,83.0,1618,1,29.2,0.3
1660,231,6.85,42.73,1,98.8,93.10000000000001,1393,200.4,75.0,21.11,-20.328,5.449,4.199,54.0,56.2,83.0,1617,1,29.1,0.3
1661,231,6.85,42.68,1,98.8,93.10000000000001,1394,200.4,75.1,21.09,-20.367,5.445,4.2,54.0,56.2,83.0,1617,1,29.0,0.31
1662,231,6.85,42.74,1,98.8,93.2,1394,200.4,75.0,21.1,-20.398,5.441,4.199,54.0,56.2,83.0,1617,1,29.0,0.31
1663,231,6.85,42.72,1,98.8,93.2,1394,200.4,75.1,21.1,-20.43,5.438,4.2,54.0,56.2,83.0,1617,1,28.9,0.31
1664,231,6.85,42.71,1,98.8,93.2,1394,200.4,75.1,21.06,-20.453,5.438,4.199,54.0,56.2,83.0,1617,1,28.9,0.31
1665,231,6.85,42.69,1,98.9,93.2,1394,200.4,75.1,21.11,-20.484,5.434,4.199,54.0,56.2,83.0,1617,1,28.8,0.3
1666,231,6.85,42.73,1,98.9,93.2,1394,200.4,75.1,21.12,-20.516,5.43,4.199,54.0,56.2,83.0,1617,1,28.7,0.31
1667,231,6.85,42.67,1,98.9,93.2,1395,200.4,75.1,21.09,-20.539,5.426,4.2,54.0,56.2,83.0,1617,1,28.7,0.31
1668,231,6.85,42.72,1,98.9,93.2,1396,200.5,75.1,21.09,-20.562,5.426,4.199,54.0,56.2,83.0,1617,1,28.6,0.31
1669,231,6.85,42.68,1,98.9,93.2,1395,200.5,75.2,21.09,-20.594,5.418,4.199,54.0,56.2,83.0,1617,1,28.6,0.31
1670,231,6.85,42.68,1,98.9,93.2,1396,200.5,75.2,21.05,-20.625,5.414,4.2,54.0,56.2,83.0,1617,1,28.5,0.31
1671,231,6.85,42.67,1,98.9,93.2,1396,200.4,75.2,21.09,-20.656,5.41,4.2,54.0,56.2,83.0,1617,1,28.5,0.31
1672,231,6.85,42.65,1,98.9,93.2,1396,200.4,75.0,21.14,-20.688,5.402,4.199,54.0,56.2,83.0,1617,1,28.4,0.3
1673,231,6.85,42.73,1,98.9,93.2,1396,200.4,75.1,21.09,-20.719,5.398,4.199,54.0,56.1,83.0,1617,1,28.3,0.31
1674,230,6.85,42.63,1,99.0,93.2,1396,200.4,75.2,21.07,-20.758,5.395,4.2,54.0,56.1,83.0,1617,1,28.3,0.3
1675,230,6.85,42.69,1,99.0,93.2,1396,200.4,75.2,21.05,-20.797,5.391,4.2,54.0,56.1,83.0,1617,1,28.2,0.31
1676,230,6.85,42.68,1,99.0,93.2,1396,200.4,75.2,21.13,-20.836,5.383,4.2,54.0,56.1,83.0,1617,1,28.2,0.32
1677,230,6.85,42.66,1,99.0,93.2,1396,200.3,75.1,21.08,-20.875,5.379,4.199,54.0,56.1,83.0,1617,1,28.1,0.32
1678,230,6.85,42.69,1,99.0,93.2,1396,200.4,75.1,21.09,-20.914,5.375,4.199,54.0,56.1,83.0,1617,1,28.1,0.32
1679,230,6.85,42.67,1,99.0,93.2,1396,200.3,75.0,21.13,-20.961,5.367,4.199,54.0,56.1,83.0,1617,1,28.0,0.32
1680,230,6.85,42.73,1,99.1,93.2,1396,200.3,75.0,21.13,-21.008,5.363,4.199,54.0,56.1,83.0,1617,1,27.9,0.32
1681,230,6.85,42.69,1,99.1,93.2,1396,200.3,75.0,21.13,-21.047,5.359,4.199,54.0,56.1,83.0,1617,1,27.9,0.33
1682,230,6.85,42.84,1,99.1,93.2,1397,200.3,75.1,21.11,-21.094,5.355,4.199,54.0,56.1,83.0,1617,1,27.8,0.33
1683,230,6.85,42.64,1,99.1,93.30000000000001,1396,200.3,75.1,21.09,-21.141,5.348,4.2,54.0,56.1,83.0,1617,1,27.8,0.32
1684,230,6.85,42.62,1,99.2,93.30000000000001,1397,200.3,75.1,21.07,-21.188,5.344,4.2,54.0,56.0,83.0,1617,1,27.7,0.31
1685,230,6.85,42.78,1,99.1,93.2,1397,200.3,75.1,21.13,-21.227,5.34,4.199,54.0,56.0,83.0,1617,1,27.6,0.31
1686,230,6.85,42.67,1,99.1,93.2,1397,200.3,75.1,21.11,-21.266,5.336,4.199,54.0,56.0,83.0,1617,1,27.6,0.32
1687,229,6.85,42.63,1,99.2,93.2,1398,200.4,75.1,21.07,-21.312,5.328,4.199,54.0,56.0,82.0,1617,1,27.5,0.31
1688,229,6.85,42.64,1,99.2,93.2,1398,200.4,75.0,21.11,-21.359,5.324,4.2,54.0,56.0,83.0,1617,1,27.5,0.32
1689,229,6.85,42.64,1,99.3,93.30000000000001,1399,200.4,75.1,21.09,-21.406,5.316,4.199,54.0,56.0,82.0,1617,1,27.4,0.33
1690,229,6.85,42.62,1,99.2,93.30000000000001,1399,200.4,75.2,21.1,-21.445,5.313,4.2,54.0,56.0,82.0,1617,1,27.4,0.32
1691,229,6.85,42.64,1,99.2,93.30000000000001,1398,200.4,75.1,21.05,-21.492,5.309,4.2,54.0,56.0,82.0,1617,1,27.3,0.32
1692,229,6.85,42.6,1,99.3,93.30000000000001,1399,200.3,74.9,21.11,-21.531,5.305,4.199,54.0,56.0,82.0,1617,1,27.3,0.32
1693,229,6.85,42.73,1,99.3,93.30000000000001,1399,200.3,75.2,21.06,-21.578,5.297,4.199,54.0,56.0,82.0,1617,1,27.2,0.32
1694,229,6.85,42.59,1,99.3,93.2,1399,200.3,75.1,21.03,-21.625,5.293,4.2,54.0,56.0,82.0,1616,1,27.1,0.32
1695,229,6.85,42.7,1,99.3,93.30000000000001,1398,200.3,75.1,21.16,-21.672,5.289,4.199,54.0,55.9,82.0,1616,1,27.1,0.31
1696,229,6.85,42.75,1,99.3,93.30000000000001,1399,200.2,75.0,21.12,-21.711,5.285,4.199,54.0,56.0,82.0,1616,1,27.0,0.31
1697,230,6.85,42.7,1,99.3,93.30000000000001,1399,200.2,75.0,21.07,-21.758,5.281,4.2,54.0,56.0,82.0,1616,1,27.0,0.31
1698,230,6.85,42.77,1,99.3,93.30000000000001,1399,200.1,75.0,21.03,-21.797,5.277,4.199,54.0,56.0,82.0,1616,1,26.9,0.31
1699,230,6.85,42.69,1,99.4,93.2,1399,200.1,75.1,21.11,-21.836,5.273,4.199,54.0,56.0,82.0,1616,1,26.9,0.31
1700,230,6.85,42.63,1,99.4,93.30000000000001,1400,200.1,75.0,21.12,-21.883,5.266,4.2,54.0,55.9,82.0,1616,1,26.8,0.31
1701,229,6.85,42.73,1,99.4,93.30000000000001,1399,200.1,74.8,21.11,-21.914,5.262,4.2,54.0,55.9,82.0,1616,1,26.7,0.31
1702,229,6.85,42.64,1,99.4,93.30000000000001,1400,200.1,74.9,21.09,-21.953,5.258,4.199,54.0,55.9,82.0,1616,1,26.7,0.31
1703,229,6.85,42.68,1,99.5,93.30000000000001,1400,200.1,74.9,21.08,-21.992,5.254,4.199,54.0,55.9,82.0,1616,1,26.6,0.31
1704,229,6.85,42.72,1,99.4,93.30000000000001,1400,200.1,74.9,21.13,-22.031,5.25,4.199,54.0,55.9,82.0,1616,1,26.6,0.31
1705,229,6.85,42.84,1,99.5,93.2,1400,200.0,75.0,21.08,-22.062,5.246,4.2,54.0,55.9,82.0,1616,1,26.5,0.32
1706,229,6.85,42.61,1,99.5,93.30000000000001,1400,200.1,75.0,21.1,-22.102,5.242,4.2,54.0,55.9,82.0,1616,1,26.5,0.31
1707,229,6.85,42.79,1,99.5,93.30000000000001,1400,200.0,75.0,21.09,-22.141,5.238,4.2,54.0,55.9,82.0,1616,1,26.4,0.32
1708,229,6.85,42.64,1,99.5,93.30000000000001,1400,200.1,75.0,21.07,-22.18,5.234,4.2,54.0,55.9,82.0,1616,1,26.4,0.32
1709,229,6.85,42.6,1,99.5,93.30000000000001,1399,200.2,75.0,21.12,-22.219,5.227,4.199,54.0,55.9,82.0,1616,1,26.3,0.32
1710,229,6.85,42.57,1,99.6,93.30000000000001,1399,200.1,75.0,21.11,-22.258,5.223,4.2,54.0,55.9,82.0,1616,1,26.2,0.32
1711,229,6.85,42.54,1,99.6,93.30000000000001,1400,200.1,75.0,21.13,-22.305,5.219,4.2,54.0,55.9,82.0,1616,1,26.2,0.32
1712,229,6.85,42.61,1,99.6,93.30000000000001,1400,200.0,75.0,21.04,-22.344,5.215,4.2,54.0,55.9,82.0,1616,1,26.1,0.32
1713,229,6.85,42.69,1,99.6,93.30000000000001,1400,200.0,74.9,21.07,-22.383,5.211,4.2,54.0,55.9,82.0,1616,1,26.1,0.32
1714,229,6.85,42.74,1,99.6,93.30000000000001,1401,200.0,74.9,21.11,-22.414,5.207,4.199,54.0,55.9,82.0,1616,1,26.0,0.32
1715,229,6.85,42.71,1,99.6,93.30000000000001,1400,200.0,74.9,21.08,-22.453,5.203,4.2,54.0,55.9,82.0,1616,1,25.9,0.33
1716,229,6.85,42.7,1,99.7,93.30000000000001,1400,200.0,75.0,21.08,-22.5,5.199,4.2,54.0,56.0,82.0,1616,1,25.9,0.32
1717,229,6.85,42.79,1,99.7,93.30000000000001,1400,200.0,74.9,21.1,-22.547,5.195,4.199,54.0,56.0,82.0,1616,1,25.8,0.32
1718,229,6.85,42.72,1,99.7,93.30000000000001,1401,200.0,75.0,21.04,-22.594,5.191,4.199,54.0,56.0,82.0,1616,1,25.8,0.32
1719,229,6.85,42.66,1,99.7,93.2,1401,200.0,75.0,21.06,-22.641,5.184,4.2,54.0,55.9,82.0,1616,1,25.7,0.32
1720,229,6.85,42.75,1,99.8,93.30000000000001,1401,200.0,74.9,21.11,-22.688,5.18,4.199,54.0,56.0,82.0,1616,1,25.7,0.32
1721,229,6.85,42.8,1,99.8,93.30000000000001,1401,200.1,74.9,21.1,-22.734,5.176,4.2,54.0,56.0,82.0,1616,1,25.6,0.32
1722,229,6.85,42.7,1,99.8,93.30000000000001,1402,200.2,75.0,21.07,-22.781,5.172,4.2,54.0,56.0,82.0,1616,1,25.5,0.31
1723,229,6.85,42.72,1,99.8,93.30000000000001,1402,200.3,75.1,21.04,-22.828,5.168,4.199,54.0,56.0,82.0,1616,1,25.5,0.33
1724,229,6.85,42.67,1,99.8,93.30000000000001,1401,200.2,74.9,21.1,-22.875,5.16,4.2,54.0,56.0,82.0,1616,1,25.4,0.31
1725,229,6.85,42.69,1,99.9,93.30000000000001,1401,200.2,75.0,21.11,-22.938,5.156,4.199,54.0,56.0,82.0,1616,1,25.4,0.32
1726,229,6.85,42.7,1,99.8,93.30000000000001,1401,200.2,75.0,21.1,-22.984,5.152,4.199,54.0,56.0,82.0,1616,1,25.3,0.33
1727,229,6.85,42.71,1,99.9,93.2,1401,200.2,75.0,21.12,-23.039,5.148,4.2,54.0,56.0,82.0,1616,1,25.3,0.33
1728,229,6.85,42.7,1,100.0,93.30000000000001,1401,200.2,75.0,21.1,-23.094,5.145,4.199,54.0,56.0,82.0,1615,1,25.2,0.32
1729,229,6.85,42.7,1,99.9,93.30000000000001,1401,200.2,74.9,21.09,-23.156,5.137,4.199,54.0,56.0,82.0,1615,1,25.1,0.32
1730,229,6.85,42.66,1,99.9,93.30000000000001,1401,200.2,75.1,21.06,-23.211,5.133,4.2,54.0,56.0,82.0,1615,1,25.1,0.32
1731,229,6.85,42.72,1,100.0,93.30000000000001,1401,200.1,74.9,21.09,-23.273,5.129,4.199,54.0,56.0,82.0,1615,1,25.0,0.33
1732,229,6.85,42.66,1,100.0,93.30000000000001,1401,200.1,74.9,21.08,-23.32,5.121,4.199,54.0,56.0,82.0,1615,1,25.0,0.33
1733,229,6.85,42.68,1,100.0,93.30000000000001,1401,200.0,75.0,21.05,-23.375,5.117,4.2,54.0,56.0,82.0,1615,1,24.9,0.33
1734,229,6.85,42.71,1,100.0,93.30000000000001,1402,200.0,74.9,21.14,-23.43,5.113,4.2,54.0,56.0,82.0,1615,1,24.9,0.33
1735,229,6.85,42.64,1,100.1,93.30000000000001,1402,200.0,74.9,21.14,-23.477,5.109,4.199,54.0,56.1,82.0,1615,1,24.8,0.32
1736,229,6.85,42.73,1,100.1,93.30000000000001,1402,200.0,74.9,21.12,-23.531,5.105,4.199,54.0,56.1,82.0,1615,1,24.7,0.32
1737,229,6.85,42.8,1,100.1,93.30000000000001,1402,199.9,75.0,21.07,-23.578,5.102,4.2,54.0,56.1,82.0,1615,1,24.7,0.33
1738,229,6.85,42.74,1,100.1,93.30000000000001,1402,199.9,74.8,21.14,-23.633,5.098,4.2,54.0,56.1,82.0,1615,1,24.7,0.33
1739,229,6.85,42.7,1,100.1,93.30000000000001,1402,199.9,75.0,21.12,-23.688,5.094,4.199,54.0,56.1,82.0,1615,1,24.6,0.32
1740,229,6.85,42.73,1,100.1,93.30000000000001,1402,199.9,74.9,21.06,-23.727,5.09,4.199,54.0,56.1,82.0,1615,1,24.5,0.32
1741,229,6.85,42.65,1,100.2,93.30000000000001,1402,199.9,75.0,21.11,-23.773,5.086,4.2,54.0,56.1,82.0,1615,1,24.5,0.32
1742,229,6.85,42.64,1,100.2,93.30000000000001,1402,200.0,75.0,21.06,-23.828,5.078,4.199,54.0,56.1,82.0,1615,1,24.4,0.32
1743,229,6.85,42.69,1,100.2,93.30000000000001,1402,200.0,75.0,21.1,-23.867,5.074,4.199,54.0,56.1,82.0,1615,1,24.4,0.32
1744,229,6.85,42.65,1,100.2,93.30000000000001,1401,199.9,75.1,21.09,-23.914,5.074,4.199,54.0,56.1,82.0,1615,1,24.3,0.32
1745,230,6.85,42.74,1,100.2,93.30000000000001,1401,199.9,75.0,21.1,-23.953,5.07,4.2,54.0,56.1,82.0,1615,1,24.3,0.31
1746,230,6.825,42.67,1,100.2,93.30000000000001,1401,199.9,74.9,21.08,-24.0,5.066,4.199,54.0,56.1,82.0,1615,1,24.2,0.32
1747,230,6.825,42.65,1,100.29999999999998,93.30000000000001,1402,199.9,74.8,21.06,-24.039,5.062,4.199,54.0,56.1,82.0,1615,1,24.1,0.31
1748,230,6.825,42.67,1,100.29999999999998,93.30000000000001,1402,199.8,74.8,21.07,-24.086,5.059,4.2,54.0,56.1,82.0,1615,1,24.1,0.32
1749,230,6.825,42.64,1,100.29999999999998,93.30000000000001,1402,199.8,74.8,21.09,-24.133,5.055,4.199,54.0,56.1,82.0,1615,1,24.0,0.32
1750,230,6.825,42.62,1,100.29999999999998,93.30000000000001,1402,199.8,74.8,21.09,-24.172,5.051,4.2,54.0,56.1,82.0,1615,1,24.0,0.32
1751,230,6.825,42.64,1,100.4,93.2,1402,199.8,74.8,21.11,-24.219,5.047,4.199,54.0,56.1,82.0,1615,1,23.9,0.32
1752,230,6.825,42.68,1,100.4,93.30000000000001,1402,199.8,74.9,21.09,-24.25,5.043,4.199,54.0,56.1,82.0,1615,1,23.9,0.32
1753,230,6.825,42.69,1,100.4,93.30000000000001,1402,199.8,74.9,21.06,-24.289,5.039,4.2,54.0,56.1,82.0,1615,1,23.8,0.32
1754,230,6.825,42.64,1,100.4,93.30000000000001,1402,199.8,75.0,21.13,-24.336,5.039,4.199,54.0,56.1,82.0,1615,1,23.8,0.32
1755,230,6.825,42.68,1,100.4,93.30000000000001,1403,199.8,74.9,21.11,-24.375,5.035,4.199,54.0,56.2,82.0,1615,1,23.7,0.32
1756,230,6.825,42.68,1,100.4,93.30000000000001,1403,199.8,75.0,21.11,-24.414,5.031,4.199,54.0,56.1,82.0,1615,1,23.6,0.32
1757,230,6.825,42.66,1,100.49999999999999,93.30000000000001,1402,199.7,74.9,21.09,-24.461,5.023,4.199,54.0,56.1,82.0,1615,1,23.6,0.32
1758,230,6.825,42.67,1,100.4,93.30000000000001,1402,199.8,75.0,21.1,-24.5,5.023,4.199,54.0,56.2,82.0,1615,1,23.5,0.32
1759,230,6.825,42.66,1,100.49999999999999,93.2,1402,199.8,74.9,21.06,-24.539,5.016,4.199,54.0,56.1,82.0,1615,1,23.5,0.32
1760,230,6.825,42.61,1,100.49999999999999,93.30000000000001,1402,199.8,74.9,21.04,-24.578,5.012,4.199,54.0,56.1,82.0,1615,1,23.4,0.32
1761,230,6.825,42.63,1,100.49999999999999,93.30000000000001,1402,199.8,74.8,21.11,-24.625,5.008,4.2,54.0,56.1,82.0,1615,1,23.3,0.32
1762,230,6.825,42.68,1,100.49999999999999,93.30000000000001,1402,199.7,74.9,21.09,-24.664,5.004,4.199,54.0,56.1,82.0,1615,1,23.3,0.32
1763,230,6.825,42.66,1,100.6,93.30000000000001,1402,199.7,75.0,21.11,-24.711,5.0,4.199,54.0,56.1,82.0,1614,1,23.2,0.33
1764,230,6.825,42.63,1,100.49999999999999,93.30000000000001,1403,199.6,74.9,21.09,-24.758,4.996,4.199,54.0,56.1,82.0,1614,1,23.2,0.32
1765,229,6.825,42.57,1,100.49999999999999,93.30000000000001,1403,199.6,74.9,21.08,-24.805,4.992,4.199,54.0,56.1,82.0,1614,1,23.1,0.32
1766,229,6.825,42.55,1,100.6,93.30000000000001,1403,199.7,74.9,21.08,-24.852,4.984,4.199,54.0,56.2,82.0,1614,1,23.1,0.32
1767,229,6.825,42.58,1,100.6,93.30000000000001,1403,199.7,74.9,21.12,-24.898,4.98,4.2,54.0,56.2,82.0,1614,1,23.0,0.33
1768,229,6.825,42.59,1,100.6,93.30000000000001,1402,199.8,74.9,21.17,-24.945,4.977,4.199,54.0,56.2,82.0,1614,1,23.0,0.33
1769,229,6.825,42.58,1,100.6,93.30000000000001,1403,199.8,74.9,21.12,-24.992,4.973,4.199,54.0,56.1,82.0,1614,1,22.9,0.32
1770,229,6.825,42.65,1,100.6,93.30000000000001,1403,199.8,75.0,21.04,-25.047,4.969,4.199,54.0,56.2,82.0,1614,1,22.9,0.33
1771,229,6.825,42.59,1,100.69999999999999,93.30000000000001,1403,199.8,74.9,21.09,-25.094,4.965,4.199,54.0,56.2,82.0,1614,1,22.8,0.32
1772,230,6.825,42.61,1,100.6,93.30000000000001,1402,199.8,74.9,21.06,-25.141,4.961,4.199,54.0,56.2,82.0,1614,1,22.7,0.32
1773,230,6.825,42.56,1,100.69999999999999,93.30000000000001,1402,199.9,75.0,21.1,-25.195,4.953,4.2,54.0,56.2,82.0,1614,1,22.7,0.31
1774,230,6.825,42.65,1,100.69999999999999,93.30000000000001,1402,200.0,74.9,21.08,-25.234,4.949,4.2,54.0,56.2,82.0,1614,1,22.6,0.32
1775,230,6.825,42.76,1,100.69999999999999,93.2,1402,200.0,75.0,21.11,-25.281,4.945,4.2,54.0,56.2,82.0,1614,1,22.6,0.32
1776,230,6.825,42.65,1,100.8,93.30000000000001,1402,200.0,74.9,21.11,-25.328,4.945,4.199,54.0,56.2,82.0,1614,1,22.5,0.32
1777,230,6.825,42.62,1,100.8,93.30000000000001,1402,199.9,74.9,21.11,-25.375,4.941,4.199,54.0,56.2,82.0,1614,1,22.4,0.31
1778,230,6.825,42.66,1,100.8,93.30000000000001,1402,199.8,74.8,21.05,-25.414,4.934,4.2,54.0,56.2,82.0,1614,1,22.4,0.32
1779,230,6.825,42.61,1,100.8,93.30000000000001,1402,199.8,74.9,21.08,-25.461,4.93,4.199,54.0,56.2,82.0,1614,1,22.3,0.32
1780,230,6.825,42.6,1,100.8,93.30000000000001,1403,199.8,74.8,21.11,-25.508,4.926,4.2,54.0,56.2,82.0,1614,1,22.3,0.32
1781,230,6.825,42.59,1,100.8,93.2,1402,199.8,74.7,21.08,-25.547,4.922,4.2,54.0,56.2,82.0,1614,1,22.2,0.32
1782,230,6.825,42.59,1,100.89999999999999,93.30000000000001,1402,199.9,74.8,21.06,-25.594,4.918,4.199,54.0,56.2,82.0,1614,1,22.2,0.32
1783,230,6.825,42.6,1,100.89999999999999,93.30000000000001,1402,199.9,74.9,21.07,-25.641,4.914,4.199,54.0,56.2,82.0,1614,1,22.1,0.32
1784,230,6.825,42.58,1,100.89999999999999,93.30000000000001,1402,200.0,74.9,21.13,-25.688,4.906,4.199,54.0,56.2,82.0,1614,1,22.1,0.32
1785,230,6.825,42.63,1,100.89999999999999,93.30000000000001,1402,200.0,74.9,21.07,-25.734,4.902,4.199,54.0,56.3,82.0,1614,1,22.0,0.32
1786,230,6.825,42.58,1,100.89999999999999,93.2,1402,200.0,74.7,21.04,-25.789,4.898,4.2,54.0,56.3,82.0,1614,1,21.9,0.32
1787,230,6.825,42.6,1,100.89999999999999,93.2,1402,199.9,74.8,21.1,-25.836,4.895,4.2,54.0,56.3,82.0,1614,1,21.9,0.31
1788,230,6.825,42.55,1,101.0,93.30000000000001,1402,200.0,74.8,21.12,-25.883,4.891,4.199,54.0,56.3,82.0,1614,1,21.8,0.32
1789,230,6.825,42.66,1,101.0,93.30000000000001,1402,200.0,74.8,21.13,-25.938,4.887,4.199,54.0,56.3,82.0,1614,1,21.8,0.31
1790,230,6.825,42.63,1,100.89999999999999,93.30000000000001,1402,200.0,74.8,21.1,-25.984,4.883,4.199,54.0,56.3,82.0,1614,1,21.7,0.32
1791,230,6.825,42.62,1,101.0,93.2,1402,200.0,74.9,21.13,-26.039,4.879,4.199,55.0,56.3,82.0,1614,1,21.6,0.32
1792,230,6.825,42.61,1,101.0,93.2,1401,200.1,74.8,21.12,-26.086,4.875,4.199,55.0,56.3,82.0,1614,1,21.6,0.33
1793,230,6.825,42.59,1,101.0,93.30000000000001,1401,200.1,74.7,21.09,-26.141,4.871,4.2,54.0,56.3,82.0,1614,1,21.5,0.32
1794,230,6.825,42.61,1,101.0,93.2,1401,200.1,74.8,21.07,-26.195,4.867,4.199,54.0,56.4,82.0,1614,1,21.5,0.31
1795,230,6.825,42.58,1,101.0,93.2,1400,200.1,74.7,21.07,-26.242,4.863,4.199,54.0,56.4,82.0,1613,1,21.4,0.32
1796,230,6.8,42.67,1,101.1,93.2,1401,200.1,74.8,21.1,-26.289,4.859,4.2,54.0,56.4,82.0,1613,1,21.4,0.32
1797,230,6.8,42.52,1,101.1,93.2,1402,200.1,74.8,21.09,-26.344,4.855,4.199,54.0,56.4,82.0,1613,1,21.3,0.39
1798,230,6.8,42.57,1,101.1,93.2,1401,200.0,74.7,21.09,-26.391,4.848,4.199,54.0,56.4,82.0,1613,1,21.3,0.38
1799,230,6.8,42.55,1,101.1,93.2,1401,200.1,74.8,21.11,-26.438,4.844,4.2,54.0,56.4,82.0,1613,1,21.2,0.4
1800,230,6.8,42.58,1,101.2,93.2,1401,200.2,74.8,21.08,-26.492,4.84,4.2,54.0,56.4,82.0,1613,1,21.2,0.39
1801,230,6.8,42.65,1,101.2,93.2,1401,200.2,74.7,21.1,-26.539,4.836,4.2,55.0,56.4,82.0,1613,1,21.1,0.39
1802,230,6.8,42.53,1,101.1,93.2,1400,200.3,74.7,21.13,-26.586,4.832,4.199,55.0,56.4,82.0,1613,1,21.0,0.4
1803,230,6.8,42.59,1,101.2,93.2,1400,200.3,74.7,21.09,-26.633,4.828,4.2,54.0,56.4,82.0,1613,1,21.0,0.4
1804,230,6.8,42.61,1,101.2,93.2,1400,200.3,74.9,21.09,-26.68,4.824,4.199,54.0,56.4,82.0,1613,1,20.9,0.4
1805,230,6.8,42.62,1,101.2,93.2,1400,200.3,74.7,21.12,-26.727,4.82,4.199,55.0,56.4,81.0,1613,1,20.9,0.4
1806,230,6.8,42.62,1,101.29999999999998,93.2,1401,200.4,74.7,21.08,-26.773,4.816,4.2,55.0,56.4,81.0,1613,1,20.8,0.4
1807,230,6.8,42.47,1,101.29999999999998,93.2,1401,200.3,74.9,21.09,-26.82,4.812,4.199,55.0,56.4,81.0,1613,1,20.8,0.41
1808,231,6.8,42.6,1,101.29999999999998,93.2,1401,200.3,74.8,21.07,-26.867,4.809,4.2,55.0,56.4,81.0,1613,1,20.7,0.4
1809,231,6.8,42.6,1,101.29999999999998,93.2,1402,200.3,75.0,21.1,-26.914,4.805,4.199,55.0,56.4,81.0,1613,1,20.6,0.41
1810,231,6.8,42.57,1,101.29999999999998,93.2,1402,200.2,74.7,21.11,-26.961,4.801,4.199,55.0,56.4,81.0,1613,1,20.6,0.41
1811,231,6.8,42.63,1,101.4,93.2,1401,200.2,74.8,21.06,-27.008,4.801,4.199,55.0,56.5,81.0,1613,1,20.5,0.4
1812,231,6.8,42.46,1,101.29999999999998,93.2,1401,200.2,74.8,21.06,-27.055,4.797,4.2,55.0,56.5,81.0,1613,1,20.5,0.41
1813,231,6.8,42.55,1,101.4,93.2,1401,200.2,74.8,21.12,-27.094,4.793,4.199,55.0,56.5,81.0,1613,1,20.4,0.41
1814,231,6.8,42.62,1,101.4,93.2,1401,200.2,74.7,21.13,-27.141,4.789,4.2,55.0,56.5,81.0,1613,1,20.4,0.4
1815,231,6.8,42.55,1,101.4,93.2,1401,200.2,74.7,21.12,-27.18,4.785,4.2,54.0,56.5,81.0,1613,1,20.3,0.41
1816,232,6.8,42.68,1,101.4,93.2,1401,200.3,74.9,21.12,-27.227,4.785,4.199,55.0,56.5,81.0,1613,1,20.3,0.41
1817,232,6.8,42.54,1,101.4,93.2,1401,200.3,74.8,21.11,-27.266,4.781,4.2,55.0,56.5,81.0,1613,1,20.2,0.4
1818,232,6.8,42.59,1,101.4,93.2,1401,200.4,74.8,21.05,-27.312,4.777,4.199,55.0,56.5,81.0,1613,1,20.2,0.41
1819,232,6.8,42.53,1,101.49999999999999,93.2,1402,200.4,74.7,21.09,-27.352,4.773,4.199,55.0,56.5,81.0,1613,1,20.1,0.4
1820,232,6.8,42.6,1,101.49999999999999,93.2,1402,200.4,74.6,21.12,-27.391,4.77,4.199,55.0,56.5,81.0,1613,1,20.0,0.4
1821,232,6.8,42.54,1,101.49999999999999,93.2,1402,200.4,74.8,21.13,-27.43,4.766,4.199,55.0,56.5,81.0,1613,1,20.0,0.4
1822,232,6.8,42.49,1,101.49999999999999,93.2,1402,200.5,74.9,21.07,-27.469,4.762,4.199,55.0,56.5,81.0,1613,1,19.9,0.41
1823,232,6.8,42.64,1,101.49999999999999,93.2,1402,200.5,74.8,21.09,-27.516,4.762,4.199,55.0,56.5,81.0,1613,1,19.9,0.42
1824,232,6.8,42.59,1,101.49999999999999,93.2,1402,200.6,74.7,21.09,-27.555,4.758,4.199,55.0,56.5,81.0,1613,1,19.8,0.41
1825,232,6.8,42.57,1,101.49999999999999,93.2,1402,200.6,74.8,21.14,-27.594,4.754,4.2,55.0,56.6,81.0,1612,1,19.8,0.41
1826,232,6.8,42.52,1,101.6,93.2,1402,200.6,74.8,21.11,-27.633,4.75,4.199,55.0,56.6,81.0,1612,1,19.7,0.41
1827,233,6.8,42.58,1,101.6,93.2,1402,200.7,74.9,21.08,-27.672,4.75,4.199,55.0,56.6,81.0,1612,1,19.6,0.42
1828,233,6.8,42.63,1,101.6,93.2,1401,200.7,74.9,21.12,-27.711,4.746,4.199,55.0,56.5,81.0,1612,1,19.6,0.4
1829,234,6.8,42.63,1,101.6,93.2,1402,200.8,74.9,21.02,-27.742,4.746,4.199,55.0,56.6,81.0,1612,1,19.5,0.42
1830,235,6.8,42.58,1,101.6,93.2,1401,200.9,74.8,21.05,-27.773,4.746,4.199,55.0,56.5,81.0,1612,1,19.4,0.41
1831,235,6.8,42.58,1,101.6,93.2,1401,200.9,74.8,21.07,-27.797,4.75,4.199,55.0,56.5,81.0,1612,1,19.4,0.41
1832,236,6.775,42.58,1,101.6,93.2,1402,201.0,74.9,21.12,-27.82,4.754,4.199,54.0,56.5,81.0,1612,1,19.4,0.41
1833,237,6.775,42.56,1,101.69999999999999,93.30000000000001,1402,201.1,74.9,21.12,-27.844,4.754,4.199,55.0,56.5,81.0,1612,1,19.3,0.41
1834,238,6.775,42.56,1,101.6,93.30000000000001,1402,201.1,75.0,21.07,-27.852,4.758,4.199,55.0,56.5,81.0,1612,1,19.3,0.41
1835,239,6.775,42.6,1,101.69999999999999,93.30000000000001,1403,201.1,74.9,21.09,-27.852,4.762,4.199,54.0,56.5,81.0,1612,1,19.2,0.41
1836,240,6.775,42.58,1,101.69999999999999,93.30000000000001,1403,201.2,74.9,21.09,-27.852,4.762,4.199,55.0,56.5,81.0,1612,1,19.1,0.41
1837,240,6.775,42.59,1,101.69999999999999,93.30000000000001,1403,201.2,74.9,21.07,-27.844,4.766,4.199,55.0,56.5,81.0,1612,1,19.1,0.4
1838,241,6.775,42.66,1,101.69999999999999,93.30000000000001,1403,201.1,74.9,21.08,-27.836,4.77,4.199,55.0,56.5,81.0,1612,1,19.0,0.4
1839,242,6.775,42.59,1,101.69999999999999,93.30000000000001,1404,201.1,75.0,21.11,-27.828,4.773,4.199,54.0,56.4,81.0,1612,1,19.0,0.4
1840,243,6.775,42.61,1,101.69999999999999,93.30000000000001,1403,201.1,74.9,21.07,-27.797,4.777,4.2,55.0,56.4,81.0,1612,1,18.9,0.4
1841,244,6.775,42.59,1,101.69999999999999,93.30000000000001,1403,201.1,74.9,21.08,-27.781,4.781,4.199,54.0,56.4,81.0,1612,1,18.8,0.4
1842,245,6.775,42.6,1,101.69999999999999,93.30000000000001,1404,201.1,75.1,21.12,-27.75,4.781,4.199,55.0,56.3,81.0,1612,1,18.8,0.4
1843,246,6.775,42.61,1,101.69999999999999,93.30000000000001,1404,201.0,74.9,21.07,-27.734,4.785,4.199,54.0,56.3,81.0,1612,1,18.7,0.4
1844,247,6.775,42.6,1,101.69999999999999,93.30000000000001,1404,201.0,75.1,21.11,-27.703,4.793,4.199,54.0,56.3,81.0,1612,1,18.7,0.4
1845,247,6.775,42.65,1,101.69999999999999,93.30000000000001,1404,200.9,75.2,21.09,-27.672,4.797,4.199,54.0,56.2,81.0,1612,1,18.6,0.4
1846,248,6.775,42.67,1,101.69999999999999,93.30000000000001,1404,200.9,75.1,21.1,-27.641,4.801,4.2,54.0,56.1,81.0,1612,1,18.5,0.41
1847,249,6.775,42.65,1,101.69999999999999,93.30000000000001,1405,200.9,75.0,21.09,-27.609,4.805,4.199,54.0,56.1,81.0,1612,1,18.5,0.41
1848,250,6.775,42.69,1,101.69999999999999,93.4,1405,200.9,75.0,21.04,-27.57,4.809,4.2,54.0,56.0,81.0,1612,1,18.4,0.41
1849,251,6.775,42.69,1,101.69999999999999,93.4,1405,200.8,75.0,21.12,-27.539,4.812,4.199,54.0,55.9,81.0,1612,1,18.4,0.41
1850,252,6.775,42.65,1,101.6,93.30000000000001,1405,200.8,74.9,21.05,-27.5,4.816,4.199,54.0,55.8,81.0,1612,1,18.3,0.41
1851,253,6.775,42.62,1,101.6,93.4,1405,200.8,74.9,21.08,-27.453,4.82,4.199,54.0,55.8,81.0,1612,1,18.3,0.41
1852,253,6.775,42.62,1,101.6,93.30000000000001,1404,200.7,74.8,21.11,-27.414,4.824,4.199,54.0,55.7,81.0,1612,1,18.2,0.4
1853,254,6.775,42.63,1,101.6,93.30000000000001,1405,200.7,74.9,21.11,-27.367,4.828,4.199,54.0,55.6,81.0,1612,1,18.2,0.41
1854,255,6.775,42.63,1,101.6,93.4,1405,200.7,75.1,21.09,-27.32,4.832,4.199,54.0,55.5,81.0,1612,1,18.1,0.41
1855,256,6.775,42.65,1,101.6,93.4,1405,200.7,75.1,21.13,-27.273,4.836,4.2,54.0,55.4,81.0,1611,1,18.0,0.41
1856,257,6.775,42.57,1,101.6,93.4,1405,200.7,75.1,21.15,-27.227,4.84,4.2,54.0,55.3,81.0,1611,1,18.0,0.41
1857,257,6.775,42.69,1,101.49999999999999,93.4,1405,200.6,74.9,21.11,-27.172,4.84,4.199,54.0,55.2,81.0,1611,1,17.9,0.4
1858,258,6.775,42.71,1,101.49999999999999,93.30000000000001,1405,200.6,75.0,21.1,-27.125,4.844,4.199,54.0,55.1,81.0,1611,1,17.9,0.41
1859,259,6.775,42.63,1,101.49999999999999,93.4,1406,200.6,75.0,21.06,-27.07,4.848,4.199,53.0,55.0,81.0,1611,1,17.8,0.4
1860,260,6.775,42.63,1,101.49999999999999,93.4,1406,200.6,75.1,21.04,-27.023,4.852,4.199,53.0,54.9,81.0,1611,1,17.7,0.39
1861,260,6.775,42.62,1,101.4,93.30000000000001,1405,200.6,75.0,21.09,-26.969,4.855,4.2,53.0,54.7,81.0,1611,1,17.7,0.39
1862,261,6.775,42.64,1,101.49999999999999,93.4,1405,200.6,75.1,21.07,-26.922,4.855,4.199,53.0,54.6,81.0,1611,1,17.6,0.4
1863,262,6.775,42.65,1,101.4,93.4,1405,200.6,75.0,21.09,-26.875,4.863,4.199,53.0,54.5,81.0,1611,1,17.6,0.39
1864,262,6.775,42.7,1,101.4,93.4,1406,200.6,75.0,21.13,-26.836,4.863,4.199,53.0,54.4,81.0,1611,1,17.5,0.41
1865,263,6.775,42.63,1,101.4,93.4,1406,200.6,75.1,21.14,-26.789,4.867,4.199,53.0,54.3,81.0,1611,1,17.4,0.4
1866,264,6.775,42.66,1,101.4,93.30000000000001,1406,200.7,75.1,21.16,-26.742,4.871,4.199,53.0,54.2,81.0,1611,1,17.4,0.39
1867,265,6.775,42.64,1,101.4,93.4,1406,200.7,75.1,21.08,-26.695,4.875,4.199,53.0,54.0,81.0,1611,1,17.3,0.4
1868,265,6.775,42.65,1,101.4,93.4,1406,200.6,75.2,21.1,-26.656,4.879,4.199,52.0,53.9,81.0,1611,1,17.3,0.4
1869,266,6.775,42.62,1,101.29999999999998,93.4,1407,200.7,75.1,21.09,-26.617,4.883,4.199,52.0,53.7,81.0,1611,1,17.2,0.41
1870,267,6.775,42.62,1,101.29999999999998,93.4,1407,200.7,75.1,21.11,-26.578,4.887,4.199,52.0,53.6,81.0,1611,1,17.2,0.4
1871,267,6.775,42.65,1,101.29999999999998,93.4,1406,200.6,75.0,21.14,-26.531,4.887,4.199,52.0,53.5,81.0,1611,1,17.1,0.4
1872,268,6.775,42.65,1,101.29999999999998,93.4,1406,200.6,75.1,21.05,-26.484,4.891,4.199,52.0,53.4,81.0,1611,1,17.0,0.39
1873,269,6.775,42.61,1,101.29999999999998,93.4,1406,200.6,75.1,21.07,-26.445,4.895,4.199,52.0,53.3,81.0,1611,1,17.0,0.4
1874,269,6.775,42.73,1,101.29999999999998,93.4,1405,200.6,75.0,21.09,-26.406,4.898,4.199,51.0,53.1,81.0,1611,1,16.9,0.4
1875,270,6.775,42.67,1,101.2,93.4,1404,200.6,75.0,21.1,-26.367,4.902,4.199,51.0,53.0,81.0,1611,1,16.9,0.4
1876,271,6.775,42.64,1,101.2,93.4,1405,200.6,75.0,21.12,-26.328,4.906,4.199,51.0,52.9,81.0,1611,1,16.8,0.4
1877,271,6.775,42.69,1,101.2,93.4,1405,200.6,75.1,21.14,-26.297,4.906,4.199,51.0,52.7,81.0,1611,1,16.7,0.4
1878,272,6.775,42.73,1,101.2,93.4,1405,200.7,75.1,21.1,-26.258,4.91,4.199,51.0,52.6,81.0,1611,1,16.7,0.39
1879,273,6.775,42.67,1,101.2,93.4,1406,200.6,75.3,21.16,-26.211,4.914,4.199,51.0,52.5,81.0,1611,1,16.6,0.4
1880,273,6.775,42.68,1,101.2,93.4,1405,200.6,75.1,21.07,-26.172,4.918,4.199,51.0,52.3,81.0,1611,1,16.5,0.4
1881,274,6.775,42.62,1,101.1,93.4,1405,200.5,75.2,21.07,-26.133,4.922,4.199,50.0,52.2,81.0,1611,1,16.5,0.4
1882,275,6.775,42.69,1,101.1,93.4,1405,200.5,75.2,21.09,-26.094,4.926,4.199,50.0,52.1,81.0,1611,1,16.4,0.4
1883,275,6.775,42.68,1,101.1,93.4,1405,200.6,75.3,21.09,-26.055,4.93,4.2,50.0,51.9,81.0,1611,1,16.4,0.4
1884,276,6.775,42.68,1,101.1,93.4,1405,200.6,75.1,21.1,-26.008,4.934,4.199,50.0,51.8,81.0,1611,1,16.3,0.41
1885,276,6.775,42.67,1,101.1,93.4,1405,200.5,75.2,21.07,-25.961,4.938,4.199,49.0,51.7,81.0,1610,1,16.3,0.42
1886,277,6.775,42.65,1,101.1,93.4,1406,200.6,75.1,21.09,-25.922,4.938,4.199,49.0,51.6,81.0,1610,1,16.2,0.41
1887,278,6.775,42.66,1,101.1,93.4,1406,200.6,75.1,21.08,-25.883,4.941,4.199,49.0,51.4,81.0,1610,1,16.1,0.42
1888,278,6.775,42.66,1,101.1,93.4,1406,200.7,75.3,21.11,-25.836,4.945,4.199,49.0,51.3,81.0,1610,1,16.1,0.42
1889,279,6.775,42.66,1,101.0,93.4,1407,200.7,75.3,21.16,-25.797,4.949,4.199,49.0,51.2,81.0,1610,1,16.0,0.41
1890,279,6.775,42.65,1,101.0,93.4,1407,200.7,75.2,21.08,-25.75,4.953,4.199,48.0,51.0,81.0,1610,1,15.9,0.41
1891,280,6.775,42.69,1,101.0,93.4,1406,200.6,75.1,21.12,-25.711,4.953,4.199,48.0,50.9,81.0,1610,1,15.9,0.41
1892,281,6.775,42.67,1,101.0,93.4,1406,200.6,75.2,21.13,-25.672,4.957,4.199,48.0,50.8,81.0,1610,1,15.8,0.41
1893,281,6.775,42.72,1,101.0,93.4,1406,200.6,75.2,21.11,-25.625,4.961,4.2,48.0,50.7,81.0,1610,1,15.8,0.41
1894,282,6.775,42.67,1,100.89999999999999,93.4,1406,200.5,75.1,21.11,-25.586,4.965,4.199,48.0,50.5,81.0,1610,1,15.7,0.41
1895,282,6.775,42.61,1,101.0,93.4,1407,200.5,75.3,21.1,-25.539,4.965,4.199,48.0,50.4,81.0,1610,1,15.6,0.41
1896,283,6.775,42.67,1,100.89999999999999,93.4,1407,200.5,75.3,21.12,-25.5,4.969,4.2,48.0,50.3,81.0,1610,1,15.6,0.41
1897,283,6.775,42.66,1,100.89999999999999,93.4,1407,200.5,75.2,21.11,-25.461,4.973,4.199,48.0,50.2,81.0,1610,1,15.5,0.4
1898,284,6.775,42.66,1,100.89999999999999,93.4,1407,200.5,75.2,21.14,-25.422,4.977,4.199,48.0,50.1,81.0,1610,1,15.4,0.4
1899,284,6.775,42.66,1,100.89999999999999,93.4,1407,200.4,75.2,21.09,-25.383,4.977,4.199,47.0,49.9,81.0,1610,1,15.4,0.4
1900,285,6.775,42.79,1,100.89999999999999,93.4,1406,200.4,75.2,21.1,-25.336,4.98,4.199,48.0,49.8,81.0,1610,1,15.3,0.41
1901,285,6.775,42.69,1,100.89999999999999,93.4,1406,200.4,75.1,21.07,-25.297,4.984,4.199,48.0,49.7,81.0,1610,1,15.2,0.41
1902,286,6.775,42.67,1,100.89999999999999,93.4,1406,200.4,75.1,21.12,-25.266,4.988,4.199,47.0,49.6,81.0,1610,1,15.2,0.41
1903,286,6.775,42.68,1,100.89999999999999,93.4,1407,200.4,75.1,21.14,-25.227,4.988,4.199,47.0,49.5,81.0,1610,1,15.1,0.41
1904,287,6.775,42.66,1,100.8,93.4,1406,200.5,75.2,21.1,-25.195,4.992,4.199,47.0,49.4,81.0,1610,1,15.1,0.41
1905,287,6.775,42.67,1,100.8,93.4,1406,200.5,75.3,21.1,-25.164,4.992,4.199,47.0,49.3,81.0,1610,1,15.0,0.4
1906,288,6.775,42.62,1,100.8,93.4,1406,200.5,75.3,21.13,-25.133,4.996,4.199,46.0,49.1,81.0,1610,1,14.9,0.4
1907,288,6.775,42.67,1,100.8,93.4,1406,200.5,75.2,21.11,-25.094,5.0,4.199,47.0,49.0,81.0,1610,1,14.9,0.4
1908,289,6.775,42.71,1,100.69999999999999,93.4,1407,200.6,75.1,21.12,-25.062,5.0,4.199,46.0,48.9,81.0,1610,1,14.8,0.4
1909,289,6.775,42.72,1,100.69999999999999,93.4,1407,200.5,75.0,21.07,-25.031,5.004,4.199,46.0,48.8,81.0,1610,1,14.7,0.41
1910,290,6.775,42.65,1,100.69999999999999,93.4,1407,200.5,75.1,21.07,-25.0,5.004,4.199,46.0,48.7,81.0,1610,1,14.7,0.41
1911,290,6.775,42.71,1,100.69999999999999,93.4,1407,200.5,75.2,21.07,-24.969,5.008,4.199,46.0,48.6,81.0,1610,1,14.6,0.41
1912,290,6.775,42.65,1,100.69999999999999,93.4,1406,200.5,75.3,21.12,-24.938,5.012,4.199,46.0,48.5,81.0,1609,1,14.5,0.41
1913,291,6.75,42.64,1,100.69999999999999,93.4,1406,200.4,75.3,21.11,-24.914,5.012,4.199,46.0,48.4,81.0,1609,1,14.5,0.41
1914,291,6.75,42.66,1,100.69999999999999,93.4,1405,200.3,75.3,21.09,-24.875,5.016,4.2,46.0,48.3,81.0,1609,1,14.4,0.41
1915,292,6.775,42.73,1,100.69999999999999,93.4,1407,200.2,75.2,21.11,-24.844,5.02,4.199,46.0,48.2,81.0,1609,1,14.3,0.41
1916,292,6.775,42.66,1,100.6,93.4,1407,200.1,75.2,21.09,-24.812,5.02,4.199,45.0,48.0,81.0,1609,1,14.3,0.41
1917,292,6.775,42.72,1,100.6,93.4,1407,200.1,75.1,21.11,-24.773,5.023,4.199,45.0,47.9,81.0,1609,1,14.2,0.41
1918,293,6.775,42.69,1,100.6,93.4,1406,200.1,75.0,21.13,-24.75,5.027,4.199,45.0,47.8,81.0,1609,1,14.1,0.41
1919,293,6.775,42.67,1,100.6,93.4,1406,200.0,75.2,21.11,-24.727,5.027,4.199,45.0,47.7,81.0,1609,1,14.1,0.41
1920,293,6.775,42.63,1,100.6,93.4,1406,200.0,75.2,21.07,-24.695,5.031,4.199,45.0,47.6,81.0,1609,1,14.0,0.41
1921,294,6.775,42.72,1,100.6,93.4,1406,200.0,75.2,21.11,-24.672,5.031,4.199,45.0,47.6,81.0,1609,1,13.9,0.41
1922,294,6.775,42.7,1,100.6,93.4,1406,200.0,75.1,21.1,-24.648,5.035,4.199,45.0,47.5,80.0,1609,1,13.9,0.4
1923,294,6.775,42.67,1,100.6,93.4,1406,200.0,75.2,21.08,-24.625,5.035,4.2,45.0,47.4,80.0,1609,1,13.8,0.4
1924,295,6.775,42.69,1,100.6,93.4,1406,199.9,75.3,21.1,-24.594,5.039,4.199,45.0,47.3,80.0,1609,1,13.8,0.41
1925,295,6.775,42.73,1,100.6,93.4,1406,199.9,75.4,21.1,-24.57,5.039,4.199,45.0,47.2,80.0,1609,1,13.7,0.41
1926,295,6.775,42.72,1,100.6,93.4,1406,199.8,75.4,21.06,-24.547,5.039,4.199,45.0,47.0,80.0,1609,1,13.6,0.41
1927,296,6.775,42.69,1,100.6,93.4,1406,199.7,75.3,21.11,-24.523,5.043,4.199,45.0,47.0,80.0,1609,1,13.6,0.4
1928,296,6.775,42.66,1,100.6,93.4,1407,199.6,75.3,21.1,-24.492,5.043,4.199,45.0,46.9,80.0,1609,1,13.5,0.4
1929,297,6.775,42.67,1,100.49999999999999,93.4,1406,199.6,75.3,21.08,-24.477,5.047,4.199,44.0,46.8,80.0,1609,1,13.4,0.4
1930,297,6.775,42.65,1,100.49999999999999,93.4,1407,199.5,75.5,21.08,-24.445,5.047,4.199,44.0,46.7,80.0,1609,1,13.4,0.41
1931,297,6.775,42.7,1,100.49999999999999,93.4,1407,199.5,75.3,21.07,-24.414,5.051,4.199,45.0,46.6,80.0,1609,1,13.3,0.4
1932,298,6.775,42.71,1,100.49999999999999,93.4,1407,199.5,75.3,21.08,-24.391,5.055,4.199,44.0,46.5,80.0,1609,1,13.2,0.41
1933,298,6.775,42.73,1,100.49999999999999,93.4,1407,199.5,75.3,21.1,-24.367,5.055,4.199,44.0,46.5,80.0,1609,1,13.2,0.42
1934,298,6.775,42.77,1,100.4,93.4,1407,199.5,75.1,21.09,-24.344,5.059,4.199,44.0,46.4,80.0,1609,1,13.1,0.42
1935,299,6.775,42.68,1,100.4,93.4,1407,199.4,75.2,21.12,-24.32,5.059,4.199,44.0,46.3,80.0,1609,1,13.0,0.42
1936,299,6.775,42.73,1,100.49999999999999,93.4,1407,199.4,75.3,21.1,-24.297,5.062,4.199,44.0,46.2,80.0,1609,1,13.0,0.42
1937,299,6.775,42.76,1,100.49999999999999,93.4,1407,199.3,75.3,21.11,-24.273,5.062,4.199,44.0,46.1,80.0,1609,1,12.9,0.42
1938,300,6.775,42.73,1,100.4,93.4,1407,199.3,75.3,21.09,-24.242,5.066,4.199,44.0,46.1,80.0,1609,1,12.9,0.41
1939,300,6.75,42.77,1,100.4,93.4,1407,199.3,75.4,21.08,-24.219,5.066,4.199,43.0,46.0,80.0,1608,1,12.8,0.41
1940,301,6.775,42.76,1,100.4,93.4,1407,199.3,75.1,21.09,-24.188,5.07,4.199,44.0,45.9,80.0,1608,1,12.7,0.42
1941,301,6.75,42.76,1,100.4,93.4,1408,199.3,75.2,21.07,-24.164,5.07,4.199,43.0,45.8,80.0,1608,1,12.6,0.41
1942,301,6.775,42.79,1,100.4,93.4,1407,199.2,75.3,21.12,-24.133,5.074,4.199,44.0,45.7,80.0,1608,1,12.6,0.41
1943,301,6.775,42.76,1,100.4,93.4,1407,199.1,75.3,21.11,-24.102,5.074,4.199,43.0,45.6,80.0,1608,1,12.5,0.42
1944,302,6.775,42.72,1,100.4,93.4,1407,199.2,75.3,21.08,-24.07,5.078,4.199,43.0,45.6,80.0,1608,1,12.4,0.42
1945,302,6.775,42.7,1,100.4,93.4,1407,199.2,75.3,21.09,-24.047,5.082,4.199,43.0,45.5,80.0,1608,1,12.4,0.41
1946,302,6.775,42.77,1,100.4,93.4,1408,199.2,75.3,21.14,-24.016,5.082,4.199,43.0,45.5,80.0,1608,1,12.3,0.41
1947,303,6.775,42.79,1,100.29999999999998,93.4,1408,199.2,75.5,21.09,-23.992,5.082,4.199,43.0,45.4,80.0,1608,1,12.3,0.42
1948,303,6.775,42.75,1,100.29999999999998,93.4,1407,199.2,75.4,21.08,-23.961,5.086,4.199,43.0,45.3,80.0,1608,1,12.2,0.41
1949,303,6.775,42.76,1,100.29999999999998,93.4,1407,199.2,75.3,21.12,-23.938,5.086,4.199,43.0,45.2,80.0,1608,1,12.1,0.41
1950,303,6.75,42.76,1,100.29999999999998,93.4,1407,199.1,75.3,21.07,-23.906,5.086,4.199,43.0,45.1,80.0,1608,1,12.1,0.4
1951,304,6.775,42.75,1,100.29999999999998,93.4,1407,199.0,75.4,21.11,-23.883,5.09,4.199,43.0,45.1,80.0,1608,1,12.0,0.4
1952,304,6.775,42.8,1,100.29999999999998,93.4,1407,199.0,75.4,21.08,-23.859,5.09,4.199,42.0,45.0,80.0,1608,1,11.9,0.41
1953,304,6.775,42.78,1,100.2,93.4,1407,199.0,75.2,21.08,-23.836,5.094,4.199,42.0,44.9,80.0,1608,1,11.9,0.41
1954,304,6.775,42.75,1,100.29999999999998,93.4,1407,198.9,75.3,21.12,-23.812,5.094,4.199,42.0,44.9,80.0,1608,1,11.8,0.41
1955,305,6.775,42.77,1,100.29999999999998,93.4,1407,198.9,75.3,21.1,-23.789,5.098,4.199,42.0,44.8,80.0,1608,1,11.7,0.41
1956,305,6.775,42.75,1,100.2,93.4,1408,198.9,75.2,21.11,-23.766,5.098,4.199,42.0,44.7,80.0,1608,1,11.7,0.41
1957,305,6.775,42.78,1,100.2,93.4,1408,198.9,75.4,21.09,-23.742,5.098,4.199,42.0,44.7,80.0,1608,1,11.6,0.41
1958,305,6.75,42.78,1,100.2,93.4,1408,198.8,75.5,21.12,-23.719,5.102,4.199,42.0,44.6,80.0,1608,1,11.5,0.41
1959,306,6.75,42.77,1,100.2,93.4,1408,198.8,75.4,21.07,-23.695,5.102,4.199,42.0,44.5,80.0,1608,1,11.5,0.41
1960,306,6.775,42.82,1,100.1,93.4,1408,198.7,75.3,21.1,-23.672,5.105,4.199,42.0,44.5,80.0,1608,1,11.4,0.41
1961,306,6.775,42.81,1,100.1,93.4,1407,198.7,75.3,21.09,-23.648,5.105,4.199,42.0,44.4,80.0,1608,1,11.4,0.41
1962,306,6.775,42.81,1,100.1,93.4,1407,198.7,75.4,21.1,-23.633,5.105,4.199,42.0,44.3,80.0,1608,1,11.3,0.41
1963,307,6.775,42.81,1,100.2,93.4,1408,198.7,75.3,21.07,-23.609,5.109,4.199,42.0,44.3,80.0,1608,1,11.2,0.41
1964,307,6.775,42.77,1,100.1,93.4,1407,198.6,75.4,21.08,-23.586,5.109,4.199,42.0,44.2,80.0,1608,1,11.2,0.41
1965,307,6.775,42.81,1,100.2,93.4,1408,198.7,75.4,21.07,-23.562,5.113,4.199,42.0,44.1,80.0,1608,1,11.1,0.41
1966,307,6.775,42.8,1,100.1,93.4,1408,198.7,75.5,21.15,-23.539,5.113,4.199,42.0,44.1,80.0,1607,1,11.0,0.41
1967,307,6.75,42.85,1,100.1,93.4,1408,198.7,75.4,21.11,-23.523,5.113,4.199,41.0,44.0,80.0,1607,1,11.0,0.42
1968,308,6.775,42.84,1,100.1,93.4,1407,198.7,75.4,21.13,-23.508,5.117,4.199,41.0,44.0,80.0,1607,1,10.9,0.41
1969,308,6.775,42.81,1,100.1,93.4,1407,198.7,75.3,21.12,-23.484,5.117,4.199,41.0,43.9,80.0,1607,1,10.8,0.41
1970,308,6.775,42.83,1,100.1,93.4,1407,198.7,75.5,21.11,-23.469,5.117,4.199,41.0,43.8,80.0,1607,1,10.7,0.41
1971,308,6.775,42.83,1,100.1,93.4,1407,198.7,75.4,21.12,-23.453,5.117,4.199,41.0,43.8,80.0,1607,1,10.7,0.41
1972,309,6.75,42.87,1,100.1,93.4,1407,198.6,75.3,21.09,-23.43,5.117,4.199,41.0,43.7,80.0,1607,1,10.6,0.4
1973,309,6.775,42.8,1,100.1,93.4,1407,198.5,75.4,21.07,-23.414,5.121,4.2,41.0,43.6,80.0,1607,1,10.6,0.4
1974,309,6.775,42.79,1,100.0,93.4,1407,198.5,75.6,21.11,-23.391,5.121,4.199,41.0,43.6,80.0,1607,1,10.5,0.41
1975,309,6.775,42.85,1,100.1,93.4,1407,198.6,75.4,21.1,-23.375,5.121,4.199,41.0,43.5,80.0,1607,1,10.4,0.41
1976,309,6.75,42.83,1,100.0,93.4,1407,198.6,75.4,21.09,-23.352,5.121,4.199,41.0,43.4,80.0,1607,1,10.4,0.41
1977,309,6.75,42.78,1,100.0,93.4,1407,198.6,75.3,21.1,-23.336,5.125,4.199,41.0,43.4,80.0,1607,1,10.3,0.4
1978,310,6.775,42.84,1,100.0,93.4,1407,198.5,75.2,21.09,-23.312,5.125,4.199,41.0,43.3,80.0,1607,1,10.2,0.41
1979,310,6.775,42.84,1,100.0,93.4,1407,198.5,75.4,21.12,-23.289,5.125,4.199,41.0,43.3,80.0,1607,1,10.2,0.41
1980,310,6.775,42.8,1,100.0,93.4,1407,198.5,75.3,21.14,-23.266,5.129,4.199,41.0,43.2,80.0,1607,1,10.1,0.42
1981,310,6.775,42.85,1,100.0,93.4,1407,198.5,75.2,21.08,-23.25,5.129,4.199,41.0,43.1,80.0,1607,1,10.1,0.41
1982,310,6.75,42.84,1,100.0,93.4,1406,198.5,75.3,21.11,-23.219,5.129,4.199,41.0,43.1,80.0,1607,1,10.0,0.41
1983,311,6.75,42.83,1,100.0,93.4,1406,198.6,75.2,21.08,-23.195,5.133,4.199,41.0,43.0,80.0,1607,1,9.9,0.41
1984,311,6.775,42.82,1,100.0,93.4,1407,198.5,75.3,21.06,-23.172,5.133,4.199,41.0,43.0,80.0,1607,1,9.9,0.41
1985,311,6.775,42.82,1,99.9,93.4,1407,198.5,75.2,21.05,-23.141,5.133,4.199,40.0,42.9,80.0,1607,1,9.8,0.41
1986,311,6.775,42.83,1,99.9,93.4,1407,198.5,75.3,21.11,-23.117,5.133,4.199,40.0,42.9,80.0,1607,1,9.7,0.41
1987,311,6.775,42.85,1,99.9,93.4,1406,198.6,75.4,21.11,-23.094,5.137,4.199,40.0,42.8,80.0,1606,1,9.7,0.41
1988,311,6.775,42.83,1,99.9,93.4,1406,198.6,75.4,21.1,-23.078,5.137,4.199,40.0,42.8,80.0,1606,1,9.6,0.41
1989,311,6.775,42.84,1,99.9,93.4,1406,198.5,75.5,21.07,-23.062,5.137,4.199,40.0,42.7,80.0,1606,1,9.5,0.41
1990,312,6.775,42.84,1,99.9,93.4,1407,198.5,75.4,21.11,-23.039,5.137,4.199,40.0,42.7,80.0,1606,1,9.5,0.41
1991,312,6.775,42.86,1,99.9,93.4,1407,198.5,75.4,21.12,-23.023,5.141,4.199,40.0,42.6,80.0,1606,1,9.4,0.41
1992,312,6.775,42.81,1,99.8,93.30000000000001,1407,198.5,75.3,21.08,-23.0,5.141,4.199,40.0,42.6,80.0,1606,1,9.4,0.42
1993,312,6.775,42.84,1,99.8,93.4,1406,198.6,75.5,21.08,-22.984,5.141,4.199,40.0,42.5,80.0,1606,1,9.3,0.41
1994,312,6.775,42.8,1,99.8,93.4,1406,198.6,75.4,21.08,-22.969,5.141,4.199,40.0,42.5,80.0,1606,1,9.2,0.42
1995,312,6.775,42.85,1,99.8,93.4,1406,198.6,75.5,21.09,-22.953,5.141,4.199,40.0,42.4,80.0,1606,1,9.2,0.41
1996,313,6.75,42.83,1,99.8,93.4,1406,198.6,75.4,21.08,-22.938,5.141,4.199,40.0,42.4,80.0,1606,1,9.1,0.41
1997,313,6.775,42.84,1,99.8,93.4,1406,198.7,75.4,21.11,-22.914,5.145,4.199,40.0,42.4,80.0,1606,1,9.1,0.41
1998,313,6.775,42.84,1,99.8,93.4,1406,198.7,75.3,21.09,-22.898,5.145,4.199,40.0,42.3,80.0,1606,1,9.0,0.42
1999,313,6.75,42.84,1,99.8,93.4,1406,198.7,75.4,21.12,-22.883,5.145,4.199,40.0,42.3,80.0,1606,1,8.9,0.41
2000,313,6.75,42.83,1,99.8,93.4,1407,198.6,75.4,21.07,-22.875,5.148,4.199,40.0,42.2,80.0,1606,1,8.9,0.41
2001,313,6.775,42.83,1,99.8,93.4,1406,198.6,75.5,21.11,-22.859,5.148,4.199,40.0,42.2,80.0,1606,1,8.8,0.41
2002,313,6.775,42.83,1,99.8,93.4,1405,198.6,75.4,21.07,-22.844,5.148,4.199,40.0,42.2,80.0,1606,1,8.7,0.41
2003,313,6.775,42.87,1,99.8,93.4,1406,198.7,75.5,21.11,-22.828,5.148,4.199,40.0,42.1,80.0,1606,1,8.7,0.41
2004,314,6.775,42.81,1,99.8,93.4,1407,198.7,75.3,21.1,-22.812,5.152,4.199,40.0,42.1,80.0,1606,1,8.6,0.41
2005,314,6.775,42.84,1,99.7,93.4,1406,198.7,75.4,21.13,-22.805,5.152,4.199,40.0,42.1,80.0,1606,1,8.5,0.41
2006,314,6.775,42.82,1,99.7,93.4,1407,198.7,75.5,21.12,-22.789,5.152,4.199,40.0,42.0,80.0,1606,1,8.5,0.41
2007,314,6.775,42.85,1,99.8,93.4,1407,198.6,75.5,21.11,-22.773,5.152,4.199,40.0,42.0,80.0,1605,1,8.4,0.41
2008,314,6.775,42.84,1,99.7,93.4,1407,198.6,75.5,21.09,-22.766,5.152,4.199,40.0,41.9,80.0,1605,1,8.3,0.42
2009,314,6.775,42.83,1,99.7,93.4,1407,198.6,75.4,21.12,-22.758,5.156,4.199,40.0,41.9,80.0,1605,1,8.3,0.41
2010,314,6.75,42.81,1,99.7,93.4,1406,198.6,75.4,21.13,-22.742,5.156,4.199,40.0,41.9,80.0,1605,1,8.2,0.42
2011,314,6.775,42.86,1,99.7,93.4,1406,198.6,75.4,21.12,-22.734,5.156,4.199,40.0,41.8,80.0,1605,1,8.2,0.41
2012,315,6.775,42.87,1,99.7,93.4,1406,198.6,75.3,21.06,-22.719,5.156,4.199,40.0,41.8,80.0,1605,1,8.1,0.4
2013,315,6.775,42.84,1,99.8,93.4,1406,198.5,75.4,21.12,-22.703,5.156,4.199,40.0,41.8,80.0,1605,1,8.0,0.41
2014,315,6.75,42.85,1,99.7,93.4,1406,198.5,75.4,21.08,-22.695,5.16,4.199,40.0,41.7,80.0,1605,1,8.0,0.4
2015,315,6.75,42.83,1,99.7,93.4,1406,198.5,75.4,21.11,-22.68,5.16,4.199,40.0,41.7,80.0,1605,1,7.9,0.4
2016,315,6.775,42.86,1,99.7,93.4,1406,198.5,75.5,21.11,-22.672,5.16,4.199,40.0,41.7,80.0,1605,1,7.9,0.41
2017,315,6.775,42.84,1,99.7,93.4,1407,198.5,75.5,21.1,-22.656,5.16,4.199,40.0,41.6,80.0,1605,1,7.8,0.4
2018,315,6.75,42.87,1,99.7,93.4,1407,198.5,75.4,21.09,-22.648,5.164,4.199,39.0,41.6,80.0,1605,1,7.8,0.4
2019,315,6.775,42.86,1,99.7,93.4,1406,198.5,75.4,21.05,-22.633,5.164,4.199,39.0,41.5,80.0,1605,1,7.7,0.41
2020,315,6.775,42.87,1,99.7,93.4,1405,198.5,75.4,21.14,-22.617,5.164,4.199,39.0,41.5,80.0,1605,1,7.6,0.41
2021,316,6.775,42.87,1,99.7,93.4,1405,198.5,75.5,21.07,-22.609,5.164,4.199,39.0,41.5,80.0,1605,1,7.6,0.4
2022,316,6.775,42.86,1,99.7,93.4,1405,198.5,75.5,21.11,-22.602,5.164,4.199,39.0,41.4,80.0,1605,1,7.5,0.41
2023,316,6.775,42.81,1,99.6,93.4,1405,198.6,75.4,21.08,-22.594,5.168,4.199,39.0,41.4,80.0,1605,1,7.4,0.41
2024,316,6.775,42.83,1,99.7,93.4,1406,198.6,75.4,21.09,-22.586,5.168,4.199,39.0,41.4,80.0,1605,1,7.4,0.41
2025,316,6.775,42.86,1,99.6,93.4,1406,198.6,75.5,21.08,-22.57,5.168,4.199,40.0,41.4,80.0,1605,1,7.3,0.4
2026,316,6.775,42.88,1,99.7,93.4,1406,198.6,75.5,21.09,-22.562,5.168,4.199,40.0,41.3,80.0,1604,1,7.3,0.4
2027,316,6.775,42.86,1,99.6,93.4,1406,198.6,75.3,21.11,-22.555,5.168,4.199,39.0,41.3,80.0,1604,1,7.2,0.41
2028,316,6.775,42.82,1,99.6,93.30000000000001,1405,198.6,75.3,21.1,-22.547,5.172,4.199,39.0,41.3,80.0,1604,1,7.2,0.4
2029,316,6.75,42.82,1,99.6,93.30000000000001,1406,198.5,75.2,21.1,-22.531,5.172,4.199,39.0,41.3,80.0,1604,1,7.1,0.4
2030,316,6.75,42.84,1,99.6,93.4,1405,198.6,75.3,21.08,-22.523,5.172,4.199,39.0,41.2,80.0,1604,1,7.0,0.41
2031,317,6.775,42.84,1,99.6,93.4,1405,198.6,75.5,21.09,-22.516,5.172,4.199,39.0,41.2,80.0,1604,1,7.0,0.41
2032,317,6.775,42.85,1,99.6,93.4,1405,198.6,75.4,21.12,-22.508,5.172,4.199,39.0,41.1,80.0,1604,1,6.9,0.41
2033,317,6.775,42.83,1,99.6,93.4,1405,198.5,75.5,21.07,-22.5,5.176,4.199,39.0,41.1,80.0,1604,1,6.8,0.41
2034,317,6.775,42.85,1,99.6,93.4,1405,198.4,75.4,21.08,-22.492,5.176,4.199,39.0,41.1,80.0,1604,1,6.8,0.41
2035,317,6.75,42.91,1,99.6,93.4,1405,198.4,75.4,21.09,-22.477,5.176,4.199,39.0,41.1,80.0,1604,1,6.7,0.41
2036,317,6.775,42.87,1,99.6,93.4,1405,198.5,75.4,21.07,-22.469,5.176,4.199,39.0,41.0,79.0,1604,1,6.7,0.41
2037,317,6.775,42.84,1,99.6,93.4,1405,198.5,75.4,21.09,-22.461,5.176,4.199,39.0,41.0,80.0,1604,1,6.6,0.43
2038,317,6.775,42.88,1,99.6,93.4,1405,198.5,75.5,21.1,-22.453,5.176,4.199,39.0,41.0,79.0,1604,1,6.6,0.41
2039,317,6.775,42.87,1,99.6,93.4,1406,198.5,75.4,21.04,-22.445,5.176,4.199,39.0,40.9,79.0,1604,1,6.5,0.42
2040,317,6.75,42.86,1,99.6,93.4,1405,198.5,75.4,21.13,-22.438,5.176,4.199,39.0,40.9,79.0,1604,1,6.4,0.42
2041,317,6.775,42.96,1,99.6,93.30000000000001,1405,198.5,75.3,21.06,-22.438,5.176,4.199,39.0,40.9,79.0,1604,1,6.4,0.42
2042,317,6.75,42.86,1,99.6,93.4,1405,198.5,75.3,21.11,-22.43,5.176,4.199,39.0,40.8,79.0,1604,1,6.3,0.42
2043,317,6.775,42.83,1,99.6,93.30000000000001,1404,198.5,75.3,21.1,-22.43,5.176,4.199,39.0,40.8,79.0,1604,1,6.3,0.41
2044,317,6.775,42.82,1,99.6,93.30000000000001,1404,198.5,75.4,21.07,-22.43,5.176,4.199,39.0,40.8,79.0,1604,1,6.2,0.41
2045,317,6.775,42.8,1,99.6,93.30000000000001,1404,198.5,75.3,21.11,-22.422,5.176,4.199,38.0,40.7,79.0,1603,1,6.2,0.41
2046,317,6.75,42.88,1,99.6,93.30000000000001,1405,198.5,75.5,21.13,-22.422,5.176,4.199,39.0,40.7,79.0,1603,1,6.1,0.42
2047,317,6.775,42.82,1,99.6,93.4,1405,198.5,75.4,21.16,-22.414,5.176,4.199,39.0,40.7,79.0,1603,1,6.0,0.42
2048,317,6.775,42.84,1,99.6,93.4,1405,198.5,75.4,21.08,-22.406,5.176,4.199,39.0,40.7,79.0,1603,1,6.0,0.42
2049,317,6.775,42.8,1,99.6,93.30000000000001,1406,198.5,75.3,21.09,-22.398,5.176,4.199,39.0,40.6,79.0,1603,1,5.9,0.42
2050,318,6.775,42.81,1,99.5,93.30000000000001,1406,198.5,75.3,21.11,-22.391,5.176,4.199,38.0,40.6,79.0,1603,1,5.9,0.41
2051,318,6.775,42.81,1,99.6,93.30000000000001,1406,198.6,75.4,21.09,-22.391,5.176,4.199,39.0,40.6,79.0,1603,1,5.8,0.42
2052,318,6.75,42.85,1,99.6,93.4,1406,198.5,75.4,21.09,-22.383,5.176,4.199,39.0,40.6,79.0,1603,1,5.8,0.41
2053,318,6.775,42.85,1,99.6,93.4,1406,198.5,75.3,21.07,-22.375,5.176,4.199,38.0,40.6,79.0,1603,1,5.7,0.41
2054,318,6.775,42.83,1,99.6,93.4,1406,198.5,75.4,21.12,-22.367,5.176,4.199,38.0,40.5,79.0,1603,1,5.7,0.42
2055,318,6.775,42.8,1,99.5,93.30000000000001,1406,198.6,75.4,21.07,-22.359,5.176,4.199,39.0,40.5,79.0,1603,1,5.6,0.41
2056,318,6.75,42.84,1,99.5,93.4,1405,198.6,75.4,21.05,-22.359,5.176,4.199,38.0,40.5,79.0,1603,1,5.5,0.41
2057,318,6.75,42.84,1,99.6,93.4,1405,198.6,75.5,21.1,-22.352,5.176,4.199,38.0,40.4,79.0,1603,1,5.5,0.41
2058,318,6.775,42.81,1,99.5,93.30000000000001,1404,198.5,75.3,21.12,-22.344,5.176,4.199,38.0,40.4,79.0,1603,1,5.4,0.42
2059,318,6.775,42.82,1,99.5,93.4,1404,198.5,75.4,21.11,-22.344,5.176,4.199,38.0,40.4,79.0,1603,1,5.4,0.42
2060,318,6.775,42.85,1,99.6,93.4,1404,198.5,75.5,21.07,-22.336,5.176,4.199,38.0,40.4,79.0,1603,1,5.3,0.41
2061,318,6.775,42.8,1,99.5,93.30000000000001,1405,198.5,75.4,21.11,-22.328,5.176,4.199,38.0,40.3,79.0,1603,1,5.3,0.42
2062,318,6.775,42.8,1,99.5,93.30000000000001,1405,198.6,75.3,21.07,-22.328,5.176,4.199,38.0,40.3,79.0,1603,1,5.2,0.41
2063,318,6.775,42.82,1,99.5,93.30000000000001,1405,198.6,75.4,21.11,-22.328,5.176,4.199,38.0,40.3,79.0,1602,1,5.2,0.41
2064,318,6.775,42.84,1,99.5,93.30000000000001,1404,198.6,75.5,21.09,-22.328,5.176,4.199,38.0,40.3,79.0,1602,1,5.1,0.41
2065,318,6.75,42.8,1,99.5,93.30000000000001,1404,198.6,75.4,21.1,-22.328,5.176,4.199,38.0,40.3,79.0,1602,1,5.0,0.41
2066,318,6.75,42.83,1,99.5,93.4,1404,198.5,75.4,21.08,-22.328,5.176,4.199,38.0,40.3,79.0,1602,1,5.0,0.41
2067,318,6.775,42.8,1,99.5,93.30000000000001,1404,198.4,75.4,21.07,-22.328,5.176,4.199,38.0,40.2,79.0,1602,1,4.9,0.42
2068,318,6.775,42.87,1,99.6,93.4,1404,198.5,75.3,21.12,-22.32,5.18,4.199,38.0,40.2,79.0,1602,1,4.9,0.41
2069,318,6.75,42.8,1,99.6,93.30000000000001,1404,198.5,75.3,21.1,-22.32,5.18,4.199,38.0,40.2,79.0,1602,1,4.8,0.42
2070,318,6.75,42.85,1,99.5,93.4,1405,198.4,75.5,21.09,-22.32,5.18,4.199,38.0,40.2,79.0,1602,1,4.8,0.42
2071,318,6.75,42.86,1,99.5,93.30000000000001,1404,198.4,75.3,21.1,-22.32,5.18,4.199,38.0,40.2,79.0,1602,1,4.7,0.41
2072,318,6.775,42.92,1,99.5,93.30000000000001,1405,198.4,75.4,21.12,-22.32,5.176,4.199,38.0,40.2,79.0,1602,1,4.7,0.42
2073,318,6.775,42.8,1,99.5,93.30000000000001,1405,198.5,75.2,21.14,-22.32,5.176,4.199,38.0,40.1,79.0,1602,1,4.6,0.42
2074,318,6.775,42.8,1,99.5,93.30000000000001,1404,198.5,75.3,21.09,-22.312,5.176,4.199,38.0,40.1,79.0,1602,1,4.6,0.41
2075,318,6.775,42.76,1,99.5,93.30000000000001,1404,198.5,75.2,21.12,-22.305,5.176,4.199,38.0,40.1,79.0,1602,1,4.5,0.41
2076,318,6.75,42.77,1,99.5,93.30000000000001,1404,198.6,75.4,21.12,-22.305,5.176,4.199,38.0,40.1,79.0,1602,1,4.5,0.41
2077,318,6.75,42.8,1,99.5,93.30000000000001,1404,198.6,75.4,21.14,-22.297,5.176,4.199,38.0,40.1,79.0,1602,1,4.4,0.41
2078,319,6.75,42.81,1,99.5,93.30000000000001,1404,198.6,75.4,21.11,-22.289,5.176,4.199,38.0,40.0,79.0,1602,1,4.4,0.41
2079,319,6.775,42.8,1,99.5,93.30000000000001,1404,198.6,75.3,21.06,-22.289,5.176,4.199,38.0,40.0,79.0,1602,1,4.3,0.41
2080,319,6.775,42.77,1,99.5,93.30000000000001,1404,198.5,75.4,21.08,-22.273,5.176,4.199,38.0,40.0,79.0,1601,1,4.3,0.42
2081,319,6.775,42.78,1,99.5,93.30000000000001,1404,198.5,75.4,21.07,-22.273,5.176,4.199,38.0,40.0,79.0,1601,1,4.2,0.41
2082,319,6.75,42.81,1,99.5,93.30000000000001,1404,198.5,75.5,21.12,-22.281,5.176,4.199,38.0,40.0,79.0,1601,1,4.1,0.41
2083,319,6.775,42.89,1,99.5,93.30000000000001,1404,198.5,75.3,21.12,-22.273,5.176,4.199,38.0,39.9,79.0,1601,1,4.1,0.41
2084,319,6.775,42.85,1,99.5,93.4,1404,198.5,75.3,21.07,-22.273,5.176,4.199,38.0,39.9,79.0,1601,1,4.1,0.41
2085,319,6.775,42.78,1,99.5,93.30000000000001,1405,198.5,75.4,21.11,-22.273,5.176,4.199,38.0,39.9,79.0,1601,1,4.0,0.42
2086,319,6.775,42.78,1,99.5,93.30000000000001,1405,198.6,75.4,21.08,-22.266,5.176,4.199,38.0,39.9,79.0,1601,1,4.0,0.42
2087,319,6.75,42.83,1,99.5,93.30000000000001,1405,198.6,75.3,21.05,-22.266,5.176,4.199,38.0,39.9,79.0,1601,1,3.9,0.42
2088,319,6.775,42.76,1,99.5,93.30000000000001,1405,198.6,75.4,21.1,-22.258,5.176,4.199,38.0,39.9,79.0,1601,1,3.8,0.42
2089,319,6.775,42.8,1,99.5,93.30000000000001,1404,198.6,75.5,21.09,-22.258,5.176,4.199,37.0,39.9,79.0,1601,1,3.8,0.41
2090,319,6.775,42.82,1,99.5,93.4,1404,198.6,75.4,21.11,-22.25,5.176,4.199,38.0,39.8,79.0,1601,1,3.8,0.41
2091,319,6.775,42.82,1,99.5,93.30000000000001,1405,198.6,75.3,21.09,-22.25,5.176,4.199,37.0,39.8,79.0,1601,1,3.7,0.41
2092,319,6.75,42.83,1,99.5,93.30000000000001,1405,198.6,75.3,21.1,-22.242,5.176,4.199,38.0,39.8,79.0,1601,1,3.7,0.41
2093,319,6.75,42.81,1,99.5,93.30000000000001,1405,198.6,75.3,21.07,-22.234,5.176,4.199,37.0,39.8,79.0,1601,1,3.6,0.42
2094,319,6.775,42.79,1,99.5,93.30000000000001,1405,198.7,75.4,21.07,-22.234,5.176,4.199,37.0,39.8,79.0,1601,1,3.6,0.42
2095,319,6.775,42.86,1,99.4,93.30000000000001,1405,198.7,75.3,21.1,-22.227,5.176,4.199,37.0,39.7,79.0,1601,1,3.5,0.41
2096,319,6.775,42.81,1,99.5,93.30000000000001,1405,198.6,75.3,21.13,-22.227,5.176,4.199,38.0,39.7,79.0,1601,1,3.5,0.42
2097,319,6.775,42.87,1,99.4,93.30000000000001,1404,198.6,75.3,21.17,-22.219,5.176,4.199,38.0,39.7,79.0,1600,1,3.4,0.41
2098,319,6.775,42.79,1,99.5,93.30000000000001,1404,198.7,75.6,21.09,-22.219,5.176,4.199,37.0,39.7,79.0,1600,1,3.4,0.43
2099,319,6.775,42.84,1,99.5,93.30000000000001,1405,198.7,75.4,21.13,-22.211,5.176,4.199,37.0,39.7,79.0,1600,1,3.3,0.42
2100,319,6.75,42.82,1,99.4,93.30000000000001,1405,198.7,75.4,21.13,-22.211,5.176,4.199,38.0,39.7,79.0,1600,1,3.3,0.42
2101,320,6.75,42.76,1,99.4,93.30000000000001,1405,198.7,75.3,21.11,-22.203,5.176,4.199,38.0,39.7,79.0,1600,1,3.2,0.41
2102,320,6.775,42.82,1,99.4,93.30000000000001,1404,198.7,75.2,21.12,-22.195,5.176,4.199,37.0,39.6,79.0,1600,1,3.2,0.42
2103,320,6.775,42.76,1,99.4,93.30000000000001,1404,198.7,75.3,21.11,-22.195,5.176,4.199,37.0,39.6,79.0,1600,1,3.1,0.42
2104,320,6.775,42.81,1,99.4,93.30000000000001,1404,198.6,75.2,21.09,-22.195,5.176,4.199,37.0,39.6,79.0,1600,1,3.1,0.42
2105,320,6.75,42.79,1,99.4,93.30000000000001,1404,198.6,75.3,21.09,-22.188,5.176,4.199,37.0,39.6,79.0,1600,1,3.0,0.41
2106,320,6.75,42.85,1,99.5,93.30000000000001,1404,198.6,75.5,21.1,-22.188,5.176,4.199,37.0,39.6,79.0,1600,1,3.0,0.42
2107,320,6.775,42.77,1,99.4,93.30000000000001,1404,198.6,75.4,21.09,-22.18,5.176,4.199,37.0,39.6,79.0,1600,1,2.9,0.42
2108,320,6.775,42.91,1,99.5,93.30000000000001,1404,198.6,75.3,21.09,-22.172,5.176,4.199,37.0,39.6,79.0,1600,1,2.9,0.42
2109,320,6.775,42.83,1,99.4,93.30000000000001,1404,198.6,75.3,21.13,-22.172,5.176,4.199,37.0,39.6,79.0,1600,1,2.8,0.42
2110,320,6.775,42.78,1,99.4,93.30000000000001,1404,198.6,75.2,21.07,-22.172,5.176,4.199,37.0,39.6,79.0,1600,1,2.8,0.43
2111,320,6.75,42.79,1,99.4,93.30000000000001,1404,198.7,75.3,21.14,-22.164,5.176,4.199,37.0,39.5,79.0,1600,1,2.8,0.43
2112,320,6.775,42.82,1,99.4,93.30000000000001,1404,198.7,75.3,21.05,-22.156,5.176,4.199,37.0,39.5,79.0,1600,1,2.7,0.42
2113,320,6.75,42.78,1,99.4,93.30000000000001,1404,198.7,75.4,21.11,-22.156,5.176,4.199,37.0,39.5,79.0,1599,1,2.6,0.42
2114,320,6.775,42.81,1,99.4,93.30000000000001,1404,198.7,75.3,21.11,-22.156,5.176,4.199,37.0,39.5,79.0,1599,1,2.6,0.42
2115,320,6.775,42.87,1,99.4,93.30000000000001,1404,198.7,75.3,21.07,-22.148,5.176,4.199,37.0,39.5,79.0,1599,1,2.6,0.42
2116,320,6.775,42.83,1,99.4,93.30000000000001,1404,198.6,75.3,21.12,-22.148,5.176,4.199,37.0,39.4,79.0,1599,1,2.5,0.42
2117,320,6.75,42.84,1,99.4,93.30000000000001,1404,198.6,75.5,21.11,-22.148,5.176,4.199,37.0,39.5,79.0,1599,1,2.5,0.42
2118,320,6.75,42.76,1,99.4,93.30000000000001,1404,198.6,75.4,21.14,-22.156,5.176,4.199,37.0,39.5,79.0,1599,1,2.4,0.42
2119,320,6.775,42.8,1,99.4,93.30000000000001,1404,198.6,75.4,21.11,-22.156,5.176,4.199,37.0,39.4,79.0,1599,1,2.4,0.41
2120,320,6.775,42.78,1,99.4,93.30000000000001,1404,198.6,75.4,21.09,-22.148,5.176,4.199,37.0,39.4,79.0,1599,1,2.3,0.41
2121,320,6.775,42.83,1,99.4,93.30000000000001,1405,198.6,75.5,21.11,-22.148,5.172,4.199,38.0,39.4,79.0,1599,1,2.3,0.41
2122,320,6.775,42.85,1,99.4,93.30000000000001,1405,198.6,75.3,21.13,-22.148,5.176,4.199,37.0,39.4,79.0,1599,1,2.3,0.41
2123,320,6.75,42.82,1,99.4,93.30000000000001,1405,198.6,75.3,21.12,-22.141,5.176,4.199,37.0,39.4,79.0,1599,1,2.2,0.42
2124,320,6.75,42.79,1,99.4,93.30000000000001,1405,198.5,75.3,21.1,-22.141,5.176,4.199,37.0,39.4,79.0,1599,1,2.2,0.4
2125,320,6.75,42.79,1,99.4,93.30000000000001,1405,198.4,75.3,21.13,-22.141,5.176,4.199,37.0,39.4,79.0,1599,1,2.1,0.41
2126,320,6.775,42.81,1,99.4,93.30000000000001,1404,198.4,75.4,21.12,-22.148,5.176,4.199,37.0,39.4,79.0,1599,1,2.1,0.42
2127,320,6.775,42.82,1,99.4,93.30000000000001,1404,198.4,75.4,21.09,-22.148,5.18,4.199,37.0,39.4,79.0,1599,1,2.0,0.42
2128,320,6.75,42.84,1,99.4,93.30000000000001,1404,198.4,75.3,21.08,-22.148,5.18,4.199,37.0,39.4,79.0,1599,1,2.0,0.42
2129,320,6.75,42.85,1,99.4,93.30000000000001,1404,198.4,75.3,21.1,-22.148,5.18,4.199,37.0,39.4,79.0,1599,1,2.0,0.42
2130,320,6.775,42.82,1,99.4,93.30000000000001,1404,198.5,75.2,21.08,-22.141,5.18,4.199,37.0,39.3,79.0,1599,1,1.9,0.41
2131,320,6.775,42.89,1,99.5,93.4,1404,198.5,75.3,21.11,-22.141,5.18,4.199,37.0,39.3,79.0,1598,1,1.9,0.41
2132,320,6.75,42.81,1,99.4,93.30000000000001,1404,198.5,75.4,21.13,-22.148,5.18,4.199,37.0,39.3,79.0,1598,1,1.8,0.42
2133,320,6.75,42.84,1,99.4,93.30000000000001,1404,198.4,75.4,21.09,-22.156,5.18,4.199,37.0,39.3,79.0,1598,1,1.8,0.41
2134,320,6.775,42.84,1,99.4,93.30000000000001,1404,198.4,75.5,21.1,-22.156,5.18,4.199,37.0,39.3,79.0,1598,1,1.7,0.4
2135,320,6.775,42.85,1,99.4,93.30000000000001,1404,198.4,75.4,21.06,-22.156,5.18,4.199,37.0,39.3,79.0,1598,1,1.7,0.41
2136,320,6.775,42.83,1,99.4,93.30000000000001,1404,198.3,75.4,21.11,-22.164,5.18,4.199,37.0,39.3,79.0,1598,1,1.7,0.41
2137,320,6.775,42.86,1,99.4,93.30000000000001,1404,198.3,75.3,21.12,-22.164,5.18,4.199,37.0,39.3,79.0,1598,1,1.6,0.42
2138,320,6.75,42.85,1,99.4,93.30000000000001,1404,198.2,75.4,21.09,-22.164,5.18,4.199,37.0,39.3,79.0,1598,1,1.6,0.42
2139,320,6.775,42.91,1,99.5,93.4,1404,198.2,75.4,21.09,-22.164,5.18,4.199,37.0,39.2,78.0,1598,1,1.5,0.42
2140,320,6.775,42.87,1,99.4,93.30000000000001,1404,198.1,75.4,21.07,-22.164,5.18,4.199,37.0,39.2,78.0,1598,1,1.5,0.42
2141,320,6.775,42.82,1,99.4,93.30000000000001,1404,198.1,75.4,21.13,-22.164,5.18,4.199,37.0,39.2,78.0,1598,1,1.5,0.42
2142,320,6.775,42.83,1,99.4,93.30000000000001,1404,198.0,75.2,21.08,-22.156,5.18,4.199,37.0,39.2,78.0,1598,1,1.4,0.42
2143,320,6.775,42.83,1,99.4,93.30000000000001,1405,198.0,75.3,21.12,-22.164,5.18,4.199,37.0,39.2,78.0,1598,1,1.4,0.42
2144,320,6.775,42.86,1,99.4,93.30000000000001,1405,197.9,75.4,21.08,-22.164,5.18,4.199,37.0,39.2,78.0,1598,1,1.3,0.42
2145,321,6.75,42.86,1,99.4,93.30000000000001,1405,197.9,75.3,21.12,-22.164,5.18,4.199,37.0,39.2,78.0,1598,1,1.3,0.42
2146,321,6.75,42.91,1,99.4,93.30000000000001,1404,198.0,75.3,21.11,-22.164,5.18,4.199,37.0,39.2,78.0,1597,1,1.2,0.42
2147,320,6.75,42.84,1,99.4,93.30000000000001,1404,198.0,75.5,21.11,-22.156,5.18,4.199,37.0,39.2,78.0,1597,1,1.2,0.41
2148,320,6.75,42.85,1,99.4,93.30000000000001,1404,197.9,75.3,21.1,-22.156,5.184,4.199,37.0,39.2,78.0,1597,1,1.2,0.42
2149,320,6.775,42.81,1,99.4,93.30000000000001,1404,198.0,75.3,21.17,-22.156,5.184,4.199,37.0,39.1,78.0,1597,1,1.1,0.4
2150,320,6.775,42.83,1,99.4,93.30000000000001,1404,198.0,75.4,21.1,-22.156,5.184,4.199,37.0,39.1,78.0,1597,1,1.1,0.42
2151,321,6.75,42.84,1,99.4,93.30000000000001,1404,198.0,75.5,21.09,-22.156,5.184,4.199,37.0,39.1,78.0,1597,1,1.1,0.41
2152,321,6.75,42.82,1,99.4,93.30000000000001,1404,197.9,75.4,21.08,-22.148,5.18,4.199,37.0,39.1,78.0,1597,1,1.0,0.41
2153,321,6.775,42.83,1,99.4,93.30000000000001,1404,197.9,75.4,21.07,-22.148,5.18,4.199,37.0,39.1,78.0,1597,1,1.0,0.42
2154,321,6.775,42.86,1,99.4,93.30000000000001,1404,197.9,75.3,21.1,-22.148,5.184,4.199,37.0,39.1,78.0,1597,1,0.9,0.42
2155,321,6.775,42.88,1,99.4,93.30000000000001,1405,197.9,75.2,21.1,-22.148,5.184,4.199,37.0,39.1,78.0,1597,1,0.9,0.41
2156,321,6.75,42.88,1,99.4,93.30000000000001,1404,197.9,75.5,21.13,-22.141,5.184,4.199,37.0,39.1,78.0,1597,1,0.8,0.42
2157,321,6.75,42.86,1,99.4,93.30000000000001,1404,197.9,75.4,21.1,-22.141,5.184,4.199,37.0,39.0,78.0,1597,1,0.8,0.41
2158,321,6.775,42.82,1,99.4,93.30000000000001,1404,197.9,75.4,21.08,-22.141,5.184,4.199,37.0,39.0,78.0,1597,1,0.8,0.41
2159,321,6.75,42.84,1,99.4,93.30000000000001,1404,197.9,75.3,21.11,-22.141,5.184,4.199,37.0,39.0,78.0,1597,1,0.7,0.41
2160,321,6.775,42.85,1,99.4,93.30000000000001,1404,197.8,75.3,21.13,-22.141,5.184,4.199,37.0,39.0,78.0,1597,1,0.7,0.41
2161,321,6.75,42.83,1,99.4,93.30000000000001,1404,197.8,75.3,21.12,-22.141,5.184,4.199,37.0,39.0,78.0,1597,1,0.7,0.41
2162,321,6.75,42.81,1,99.4,93.30000000000001,1404,197.8,75.4,21.14,-22.141,5.184,4.199,37.0,39.0,78.0,1596,1,0.6,0.42
2163,321,6.775,42.84,1,99.4,93.30000000000001,1404,197.8,75.4,21.08,-22.133,5.184,4.199,37.0,39.0,78.0,1596,1,0.6,0.41
2164,321,6.775,42.86,1,99.4,93.30000000000001,1404,197.8,75.4,21.11,-22.133,5.184,4.199,37.0,39.0,78.0,1596,1,0.5,0.41
2165,321,6.775,42.85,1,99.4,93.30000000000001,1404,197.7,75.4,21.11,-22.133,5.184,4.199,37.0,39.0,78.0,1596,1,0.5,0.42
2166,321,6.775,42.85,1,99.4,93.30000000000001,1404,197.7,75.4,21.1,-22.133,5.184,4.199,37.0,38.9,78.0,1596,1,0.5,0.42
2167,321,6.75,42.87,1,99.4,93.30000000000001,1404,197.7,75.4,21.13,-22.125,5.184,4.199,37.0,38.9,78.0,1596,1,0.4,0.41
2168,321,6.75,42.86,1,99.4,93.30000000000001,1404,197.7,75.4,21.11,-22.133,5.184,4.199,37.0,38.9,78.0,1596,1,0.4,0.41
2169,321,6.775,42.87,1,99.4,93.30000000000001,1404,197.7,75.4,21.1,-22.125,5.184,4.199,37.0,38.9,78.0,1596,1,0.4,0.41
2170,321,6.775,42.88,1,99.4,93.30000000000001,1404,197.6,75.3,21.08,-22.125,5.184,4.199,37.0,38.9,78.0,1596,1,0.3,0.42
2171,321,6.775,42.94,1,99.4,93.30000000000001,1404,197.6,75.4,21.09,-22.125,5.184,4.199,37.0,38.9,78.0,1596,1,0.3,0.42
2172,321,6.75,42.94,1,99.4,93.30000000000001,1404,197.6,75.3,21.11,-22.125,5.184,4.199,37.0,38.9,78.0,1596,1,0.3,0.42
2173,321,6.75,42.92,1,99.4,93.30000000000001,1404,197.7,75.5,21.11,-22.133,5.184,4.199,37.0,38.9,78.0,1596,1,0.2,0.41
2174,321,6.775,42.93,1,99.4,93.30000000000001,1404,197.7,75.3,21.07,-22.133,5.184,4.199,37.0,38.9,78.0,1596,1,0.2,0.41
2175,321,6.775,42.89,1,99.4,93.30000000000001,1404,197.6,75.4,21.1,-22.133,5.184,4.199,37.0,38.8,78.0,1596,1,0.1,0.42
2176,321,6.775,42.91,1,99.4,93.30000000000001,1405,197.6,75.3,21.07,-22.125,5.184,4.199,37.0,38.8,78.0,1596,1,0.1,0.41
2177,321,6.775,42.91,1,99.4,93.30000000000001,1405,197.7,75.5,21.08,-22.125,5.184,4.199,37.0,38.8,78.0,1595,1,0.1,0.41
2178,321,6.775,42.9,1,99.4,93.30000000000001,1405,197.6,75.2,21.09,-22.125,5.184,4.199,37.0,38.8,78.0,1595,1,0.1,0.42
2179,321,6.75,42.86,1,99.4,93.30000000000001,1405,197.6,75.4,21.06,-22.125,5.184,4.199,37.0,38.8,78.0,1595,1,-0.0,0.42
2180,321,6.775,42.92,1,99.4,93.30000000000001,1405,197.6,75.4,21.09,-22.125,5.184,4.199,37.0,38.8,78.0,1595,1,-0.0,0.41
2181,321,6.775,42.93,1,99.4,93.30000000000001,1404,197.6,75.3,21.08,-22.117,5.184,4.199,37.0,38.8,78.0,1595,1,-0.1,0.41
2182,321,6.775,42.92,1,99.4,93.30000000000001,1404,197.6,75.4,21.11,-22.117,5.184,4.199,37.0,38.8,78.0,1595,1,-0.1,0.41
2183,321,6.75,42.91,1,99.4,93.30000000000001,1404,197.6,75.3,21.13,-22.117,5.184,4.199,37.0,38.8,78.0,1595,1,-0.1,0.41
2184,321,6.75,42.93,1,99.4,93.30000000000001,1404,197.6,75.3,21.11,-22.117,5.184,4.199,37.0,38.8,78.0,1595,1,-0.2,0.41
2185,321,6.75,42.91,1,99.4,93.30000000000001,1404,197.5,75.2,21.12,-22.117,5.184,4.199,37.0,38.8,78.0,1595,1,-0.2,0.41
2186,321,6.775,42.93,1,99.4,93.30000000000001,1404,197.5,75.2,21.1,-22.109,5.184,4.199,37.0,38.7,78.0,1595,1,-0.3,0.42
2187,321,6.775,42.88,1,99.4,93.30000000000001,1404,197.5,75.2,21.08,-22.109,5.184,4.199,37.0,38.7,78.0,1595,1,-0.3,0.41
2188,321,6.775,42.92,1,99.4,93.30000000000001,1404,197.5,75.3,21.1,-22.102,5.184,4.199,37.0,38.7,78.0,1595,1,-0.3,0.41
2189,321,6.775,42.88,1,99.4,93.30000000000001,1404,197.5,75.2,21.12,-22.102,5.184,4.199,37.0,38.7,78.0,1595,1,-0.4,0.41
2190,321,6.75,42.91,1,99.4,93.30000000000001,1404,197.4,75.3,21.12,-22.102,5.184,4.199,37.0,38.7,78.0,1595,1,-0.4,0.41
2191,321,6.775,42.91,1,99.4,93.30000000000001,1404,197.5,75.4,21.11,-22.102,5.184,4.199,37.0,38.7,78.0,1595,1,-0.4,0.41
2192,321,6.775,42.89,1,99.4,93.30000000000001,1404,197.5,75.4,21.11,-22.094,5.184,4.199,37.0,38.7,78.0,1595,1,-0.5,0.41
2193,321,6.775,42.94,1,99.4,93.30000000000001,1404,197.6,75.4,21.09,-22.094,5.184,4.199,37.0,38.6,78.0,1594,1,-0.5,0.42
2194,321,6.75,42.85,1,99.4,93.30000000000001,1405,197.5,75.3,21.15,-22.094,5.184,4.199,37.0,38.6,78.0,1594,1,-0.5,0.41
2195,321,6.75,42.93,1,99.4,93.30000000000001,1404,197.5,75.3,21.12,-22.094,5.184,4.199,37.0,38.6,78.0,1594,1,-0.6,0.41
2196,321,6.775,42.87,1,99.4,93.30000000000001,1405,197.5,75.4,21.12,-22.094,5.184,4.199,37.0,38.6,78.0,1594,1,-0.6,0.41
2197,321,6.775,42.91,1,99.4,93.30000000000001,1405,197.4,75.3,21.13,-22.086,5.184,4.199,37.0,38.6,78.0,1594,1,-0.6,0.42
2198,321,6.775,42.92,1,99.4,93.30000000000001,1405,197.4,75.3,21.08,-22.086,5.184,4.199,36.0,38.6,78.0,1594,1,-0.7,0.41
2199,321,6.775,42.85,1,99.4,93.30000000000001,1405,197.4,75.3,21.13,-22.086,5.184,4.199,36.0,38.6,78.0,1594,1,-0.7,0.41
2200,321,6.75,42.89,1,99.4,93.30000000000001,1405,197.4,75.4,21.05,-22.078,5.184,4.199,37.0,38.6,78.0,1594,1,-0.7,0.41
2201,321,6.775,42.89,1,99.4,93.30000000000001,1405,197.4,75.3,21.08,-22.078,5.184,4.199,36.0,38.5,78.0,1594,1,-0.7,0.41
2202,321,6.775,42.89,1,99.4,93.30000000000001,1405,197.4,75.2,21.14,-22.078,5.188,4.199,37.0,38.5,78.0,1594,1,-0.8,0.41
2203,321,6.775,42.89,1,99.4,93.30000000000001,1405,197.4,75.4,21.12,-22.07,5.184,4.199,36.0,38.5,78.0,1594,1,-0.8,0.4
2204,321,6.775,42.88,1,99.4,93.30000000000001,1405,197.4,75.3,21.09,-22.07,5.184,4.199,37.0,38.5,78.0,1594,1,-0.8,0.41
2205,321,6.775,42.95,1,99.4,93.30000000000001,1405,197.4,75.4,21.13,-22.07,5.188,4.199,37.0,38.5,78.0,1594,1,-0.9,0.41
2206,321,6.75,42.93,1,99.4,93.30000000000001,1405,197.4,75.5,21.09,-22.062,5.188,4.199,37.0,38.5,78.0,1594,1,-0.9,0.41
2207,321,6.75,42.91,1,99.4,93.30000000000001,1405,197.3,75.3,21.11,-22.062,5.188,4.199,36.0,38.5,78.0,1594,1,-0.9,0.41
2208,321,6.775,42.9,1,99.4,93.30000000000001,1405,197.3,75.3,21.11,-22.062,5.184,4.199,37.0,38.5,78.0,1593,1,-1.0,0.42
2209,321,6.775,42.89,1,99.3,93.30000000000001,1405,197.3,75.5,21.14,-22.062,5.184,4.199,36.0,38.5,78.0,1593,1,-1.0,0.41
2210,321,6.775,42.88,1,99.3,93.30000000000001,1405,197.3,75.3,21.14,-22.055,5.184,4.199,36.0,38.4,78.0,1593,1,-1.0,0.42
2211,321,6.75,42.89,1,99.4,93.30000000000001,1405,197.3,75.3,21.11,-22.055,5.188,4.199,37.0,38.4,78.0,1593,1,-1.1,0.41
2212,321,6.775,42.87,1,99.4,93.30000000000001,1405,197.3,75.2,21.09,-22.047,5.184,4.199,36.0,38.4,78.0,1593,1,-1.1,0.42
2213,321,6.775,42.95,1,99.4,93.30000000000001,1404,197.3,75.2,21.14,-22.047,5.184,4.199,36.0,38.4,78.0,1593,1,-1.1,0.41
2214,321,6.75,42.93,1,99.4,93.30000000000001,1404,197.3,75.3,21.12,-22.047,5.184,4.199,36.0,38.4,78.0,1593,1,-1.2,0.42
2215,321,6.75,42.89,1,99.4,93.30000000000001,1404,197.3,75.4,21.07,-22.039,5.184,4.199,37.0,38.4,78.0,1593,1,-1.2,0.42
2216,321,6.75,42.86,1,99.3,93.30000000000001,1404,197.4,75.2,21.11,-22.039,5.184,4.199,36.0,38.4,78.0,1593,1,-1.2,0.43
2217,321,6.775,42.86,1,99.4,93.30000000000001,1404,197.4,75.3,21.12,-22.039,5.184,4.199,36.0,38.4,78.0,1593,1,-1.3,0.42
2218,321,6.775,42.84,1,99.3,93.30000000000001,1404,197.4,75.3,21.1,-22.039,5.184,4.199,36.0,38.4,78.0,1593,1,-1.3,0.42
2219,321,6.75,42.92,1,99.4,93.30000000000001,1404,197.3,75.3,21.1,-22.039,5.184,4.199,36.0,38.4,78.0,1593,1,-1.3,0.42
2220,321,6.775,42.93,1,99.4,93.30000000000001,1404,197.3,75.2,21.09,-22.039,5.184,4.199,36.0,38.3,78.0,1593,1,-1.3,0.42
2221,321,6.75,42.92,1,99.4,93.30000000000001,1405,197.3,75.3,21.13,-22.039,5.184,4.199,36.0,38.3,78.0,1593,1,-1.4,0.42
2222,321,6.75,42.93,1,99.4,93.30000000000001,1405,197.2,75.2,21.13,-22.039,5.184,4.199,36.0,38.3,78.0,1593,1,-1.4,0.42
2223,321,6.775,42.88,1,99.4,93.30000000000001,1405,197.3,75.3,21.09,-22.047,5.18,4.199,36.0,38.3,78.0,1593,1,-1.4,0.42
2224,321,6.775,42.87,1,99.4,93.30000000000001,1404,197.3,75.4,21.08,-22.039,5.18,4.199,36.0,38.3,78.0,1592,1,-1.5,0.42
2225,321,6.775,42.88,1,99.4,93.30000000000001,1404,197.4,75.2,21.12,-22.047,5.18,4.199,36.0,38.3,78.0,1592,1,-1.5,0.41
2226,321,6.75,42.87,1,99.4,93.30000000000001,1404,197.4,75.2,21.13,-22.047,5.18,4.199,36.0,38.3,78.0,1592,1,-1.5,0.41
2227,321,6.75,42.88,1,99.4,93.30000000000001,1404,197.4,75.2,21.11,-22.055,5.18,4.199,36.0,38.3,78.0,1592,1,-1.6,0.41
2228,321,6.75,42.85,1,99.4,93.30000000000001,1404,197.4,75.3,21.14,-22.062,5.18,4.199,36.0,38.2,78.0,1592,1,-1.6,0.41
2229,321,6.775,42.85,1,99.4,93.30000000000001,1403,197.4,75.4,21.09,-22.062,5.18,4.199,36.0,38.3,78.0,1592,1,-1.6,0.41
2230,321,6.75,42.91,1,99.4,93.30000000000001,1404,197.4,75.4,21.14,-22.07,5.18,4.199,36.0,38.2,78.0,1592,1,-1.6,0.42
2231,321,6.775,42.91,1,99.4,93.30000000000001,1404,197.4,75.4,21.1,-22.078,5.18,4.199,36.0,38.2,78.0,1592,1,-1.7,0.41
2232,321,6.75,42.93,1,99.4,93.30000000000001,1404,197.4,75.4,21.11,-22.078,5.18,4.199,36.0,38.2,78.0,1592,1,-1.7,0.41
2233,321,6.75,42.85,1,99.4,93.30000000000001,1405,197.4,75.4,21.08,-22.078,5.18,4.199,36.0,38.2,78.0,1592,1,-1.7,0.42
2234,321,6.75,42.86,1,99.4,93.30000000000001,1404,197.4,75.2,21.14,-22.086,5.18,4.199,36.0,38.2,77.0,1592,1,-1.8,0.41
2235,321,6.75,42.95,1,99.4,93.30000000000001,1404,197.4,75.2,21.09,-22.086,5.18,4.199,36.0,38.2,78.0,1592,1,-1.8,0.41
2236,321,6.75,42.92,1,99.4,93.30000000000001,1404,197.4,75.3,21.1,-22.086,5.18,4.199,36.0,38.2,77.0,1592,1,-1.8,0.41
2237,321,6.75,42.9,1,99.4,93.30000000000001,1404,197.4,75.2,21.11,-22.086,5.18,4.199,36.0,38.2,77.0,1592,1,-1.9,0.41
2238,321,6.75,42.87,1,99.4,93.30000000000001,1404,197.4,75.2,21.11,-22.086,5.176,4.199,36.0,38.2,77.0,1591,1,-1.9,0.42
2239,321,6.75,42.95,1,99.4,93.30000000000001,1404,197.4,75.3,21.12,-22.094,5.176,4.199,36.0,38.2,77.0,1591,1,-1.9,0.41
2240,321,6.775,42.89,1,99.4,93.30000000000001,1405,197.5,75.3,21.12,-22.094,5.18,4.199,36.0,38.2,77.0,1591,1,-1.9,0.41
2241,321,6.775,42.88,1,99.4,93.30000000000001,1405,197.4,75.3,21.11,-22.094,5.176,4.199,36.0,38.2,77.0,1591,1,-2.0,0.42
2242,321,6.775,42.84,1,99.4,93.30000000000001,1405,197.4,75.3,21.11,-22.102,5.18,4.199,36.0,38.2,77.0,1591,1,-2.0,0.43
2243,321,6.75,42.87,1,99.4,93.30000000000001,1404,197.5,75.3,21.09,-22.109,5.176,4.199,36.0,38.2,77.0,1591,1,-2.0,0.42
2244,321,6.775,42.89,1,99.4,93.30000000000001,1404,197.5,75.4,21.1,-22.109,5.176,4.199,36.0,38.1,77.0,1591,1,-2.0,0.43
2245,321,6.775,42.87,1,99.4,93.30000000000001,1404,197.5,75.4,21.12,-22.109,5.176,4.199,36.0,38.2,77.0,1591,1,-2.1,0.43
2246,321,6.775,42.9,1,99.4,93.30000000000001,1404,197.5,75.4,21.1,-22.117,5.176,4.199,36.0,38.1,77.0,1591,1,-2.1,0.41
2247,321,6.775,42.95,1,99.4,93.30000000000001,1404,197.5,75.2,21.12,-22.117,5.18,4.199,36.0,38.1,77.0,1591,1,-2.1,0.42
2248,322,6.75,42.88,1,99.4,93.30000000000001,1404,197.5,75.3,21.12,-22.117,5.176,4.199,36.0,38.1,77.0,1591,1,-2.2,0.42
2249,321,6.75,42.88,1,99.4,93.30000000000001,1404,197.5,75.4,21.15,-22.125,5.176,4.199,36.0,38.1,77.0,1591,1,-2.2,0.42
2250,321,6.75,42.86,1,99.4,93.30000000000001,1404,197.5,75.3,21.12,-22.125,5.176,4.199,36.0,38.1,77.0,1591,1,-2.2,0.43
2251,321,6.775,42.83,1,99.4,93.30000000000001,1404,197.5,75.2,21.09,-22.125,5.176,4.199,36.0,38.1,77.0,1591,1,-2.2,0.42
2252,321,6.775,42.9,1,99.4,93.30000000000001,1404,197.5,75.3,21.12,-22.133,5.176,4.199,36.0,38.1,77.0,1591,1,-2.3,0.42
2253,321,6.775,42.92,1,99.4,93.30000000000001,1404,197.5,75.3,21.12,-22.133,5.176,4.199,36.0,38.1,77.0,1591,1,-2.3,0.42
2254,322,6.775,42.89,1,99.4,93.30000000000001,1404,197.4,75.3,21.14,-22.133,5.176,4.199,36.0,38.1,77.0,1590,1,-2.3,0.42
2255,322,6.775,42.87,1,99.4,93.30000000000001,1404,197.5,75.3,21.12,-22.133,5.176,4.199,36.0,38.1,77.0,1590,1,-2.3,0.41
2256,322,6.75,42.87,1,99.4,93.30000000000001,1404,197.5,75.4,21.09,-22.133,5.176,4.199,36.0,38.0,77.0,1590,1,-2.4,0.42
2257,322,6.775,42.89,1,99.4,93.30000000000001,1404,197.5,75.3,21.13,-22.141,5.176,4.199,36.0,38.0,77.0,1590,1,-2.4,0.42
2258,322,6.775,42.93,1,99.4,93.30000000000001,1404,197.5,75.3,21.1,-22.141,5.176,4.199,36.0,38.0,77.0,1590,1,-2.4,0.42
2259,322,6.775,42.98,1,99.4,93.30000000000001,1404,197.5,75.1,21.08,-22.148,5.176,4.199,36.0,38.0,77.0,1590,1,-2.5,0.42
2260,322,6.775,42.92,1,99.4,93.30000000000001,1404,197.5,75.3,21.11,-22.148,5.176,4.199,36.0,38.0,77.0,1590,1,-2.5,0.42
2261,322,6.75,42.93,1,99.4,93.30000000000001,1404,197.5,75.2,21.13,-22.156,5.176,4.199,36.0,38.0,77.0,1590,1,-2.5,0.42
2262,322,6.75,42.92,1,99.4,93.30000000000001,1405,197.5,75.4,21.1,-22.156,5.176,4.199,36.0,38.0,77.0,1590,1,-2.5,0.41
2263,322,6.75,42.95,1,99.5,93.30000000000001,1404,197.5,75.3,21.12,-22.156,5.176,4.199,36.0,38.0,77.0,1590,1,-2.6,0.42
2264,322,6.75,42.87,1,99.4,93.30000000000001,1405,197.4,75.4,21.12,-22.156,5.176,4.199,36.0,38.0,77.0,1590,1,-2.6,0.42
2265,322,6.75,42.88,1,99.4,93.30000000000001,1404,197.4,75.4,21.08,-22.156,5.176,4.199,36.0,38.0,77.0,1590,1,-2.6,0.43
2266,322,6.775,42.91,1,99.4,93.30000000000001,1404,197.4,75.3,21.11,-22.156,5.176,4.199,36.0,38.0,77.0,1590,1,-2.6,0.43
2267,322,6.75,42.93,1,99.4,93.30000000000001,1404,197.5,75.3,21.11,-22.156,5.176,4.199,36.0,38.0,77.0,1590,1,-2.6,0.43
2268,322,6.75,42.93,1,99.5,93.30000000000001,1405,197.5,75.3,21.13,-22.156,5.176,4.199,36.0,37.9,77.0,1589,1,-2.7,0.43
2269,322,6.75,42.9,1,99.4,93.30000000000001,1405,197.5,75.3,21.14,-22.156,5.172,4.199,36.0,37.9,77.0,1589,1,-2.7,0.43
2270,322,6.775,42.86,1,99.4,93.30000000000001,1404,197.5,75.3,21.12,-22.164,5.172,4.199,36.0,37.9,77.0,1589,1,-2.7,0.42
2271,322,6.775,42.86,1,99.4,93.30000000000001,1404,197.5,75.3,21.1,-22.164,5.176,4.199,36.0,37.9,77.0,1589,1,-2.7,0.42
2272,322,6.75,42.84,1,99.4,93.30000000000001,1404,197.5,75.3,21.1,-22.164,5.176,4.199,36.0,37.9,77.0,1589,1,-2.8,0.42
2273,322,6.75,42.9,1,99.4,93.30000000000001,1405,197.5,75.3,21.1,-22.164,5.176,4.199,36.0,37.9,77.0,1589,1,-2.8,0.42
2274,322,6.775,42.9,1,99.4,93.30000000000001,1406,197.5,75.4,21.08,-22.164,5.176,4.199,36.0,37.9,77.0,1589,1,-2.8,0.42
2275,322,6.775,42.93,1,99.4,93.30000000000001,1406,197.5,75.4,21.11,-22.172,5.176,4.199,36.0,37.9,77.0,1589,1,-2.9,0.42
2276,322,6.775,42.95,1,99.5,93.30000000000001,1406,197.5,75.3,21.15,-22.172,5.176,4.199,36.0,37.9,77.0,1589,1,-2.9,0.42
2277,322,6.75,42.94,1,99.5,93.30000000000001,1405,197.5,75.3,21.08,-22.172,5.176,4.199,36.0,37.9,77.0,1589,1,-2.9,0.42
2278,322,6.75,42.93,1,99.4,93.30000000000001,1405,197.4,75.3,21.09,-22.172,5.176,4.199,36.0,37.9,77.0,1589,1,-2.9,0.41
2279,322,6.75,42.88,1,99.4,93.30000000000001,1404,197.4,75.4,21.11,-22.172,5.176,4.199,36.0,37.9,77.0,1589,1,-2.9,0.42
2280,322,6.775,42.9,1,99.4,93.30000000000001,1404,197.5,75.4,21.13,-22.172,5.176,4.199,36.0,37.9,77.0,1589,1,-3.0,0.42
2281,322,6.775,42.88,1,99.4,93.30000000000001,1404,197.4,75.3,21.09,-22.172,5.172,4.199,36.0,37.9,77.0,1589,1,-3.0,0.42
2282,322,6.775,42.9,1,99.4,93.30000000000001,1404,197.4,75.3,21.11,-22.172,5.172,4.199,36.0,37.9,77.0,1588,1,-3.0,0.43
2283,322,6.775,42.93,1,99.4,93.30000000000001,1404,197.5,75.4,21.14,-22.172,5.172,4.199,36.0,37.9,77.0,1588,1,-3.0,0.43
2284,322,6.775,42.87,1,99.4,93.30000000000001,1404,197.5,75.3,21.14,-22.172,5.172,4.199,36.0,37.8,77.0,1588,1,-3.1,0.43
2285,322,6.775,42.9,1,99.4,93.30000000000001,1404,197.6,75.1,21.13,-22.172,5.172,4.199,36.0,37.8,77.0,1588,1,-3.1,0.43
2286,322,6.775,42.85,1,99.4,93.30000000000001,1405,197.6,75.2,21.15,-22.172,5.172,4.199,36.0,37.8,77.0,1588,1,-3.1,0.43
2287,322,6.775,42.93,1,99.4,93.4,1405,197.6,75.2,21.11,-22.172,5.172,4.199,36.0,37.8,77.0,1588,1,-3.1,0.42
2288,322,6.775,42.91,1,99.4,93.30000000000001,1405,197.6,75.3,21.12,-22.164,5.172,4.199,36.0,37.8,77.0,1588,1,-3.2,0.43
2289,322,6.775,42.86,1,99.4,93.30000000000001,1404,197.6,75.4,21.11,-22.164,5.172,4.199,36.0,37.8,77.0,1588,1,-3.2,0.42
2290,322,6.775,42.9,1,99.4,93.30000000000001,1404,197.6,75.4,21.07,-22.164,5.172,4.199,36.0,37.8,77.0,1588,1,-3.2,0.43
2291,322,6.775,42.87,1,99.4,93.30000000000001,1405,197.7,75.3,21.06,-22.164,5.172,4.199,36.0,37.8,77.0,1588,1,-3.2,0.43
2292,322,6.775,42.87,1,99.4,93.30000000000001,1404,197.6,75.4,21.1,-22.156,5.172,4.199,36.0,37.8,77.0,1588,1,-3.2,0.43
2293,322,6.775,42.84,1,99.4,93.30000000000001,1404,197.7,75.3,21.16,-22.156,5.172,4.199,36.0,37.8,77.0,1587,1,-3.3,0.43
2294,322,6.775,42.86,1,99.4,93.30000000000001,1404,197.8,75.3,21.12,-22.156,5.172,4.199,36.0,37.8,77.0,1587,1,-3.3,0.43
2295,322,6.75,42.84,1,99.4,93.30000000000001,1404,197.7,75.2,21.14,-22.156,5.172,4.199,36.0,37.8,77.0,1587,1,-3.3,0.42
2296,322,6.775,42.84,1,99.4,93.30000000000001,1404,197.8,75.2,21.1,-22.156,5.172,4.199,36.0,37.8,77.0,1587,1,-3.4,0.42
2297,322,6.775,42.82,1,99.4,93.30000000000001,1405,197.7,75.3,21.12,-22.156,5.172,4.199,36.0,37.8,77.0,1587,1,-3.4,0.43
2298,323,6.775,42.83,1,99.4,93.30000000000001,1404,197.7,75.2,21.09,-22.156,5.172,4.199,36.0,37.8,77.0,1587,1,-3.4,0.42
2299,323,6.75,42.83,1,99.4,93.30000000000001,1404,197.7,75.3,21.14,-22.156,5.172,4.199,36.0,37.8,77.0,1587,1,-3.4,0.43
2300,323,6.75,42.83,1,99.4,93.30000000000001,1404,197.6,75.4,21.11,-22.156,5.172,4.199,36.0,37.8,77.0,1587,1,-3.4,0.44
2301,323,6.75,42.91,1,99.4,93.30000000000001,1405,197.6,75.3,21.12,-22.156,5.172,4.199,36.0,37.8,77.0,1587,1,-3.5,0.43
2302,323,6.775,42.9,1,99.4,93.30000000000001,1405,197.6,75.2,21.09,-22.156,5.172,4.199,36.0,37.8,77.0,1587,1,-3.5,0.43
2303,323,6.775,42.88,1,99.4,93.30000000000001,1405,197.5,75.3,21.08,-22.156,5.172,4.199,36.0,37.8,77.0,1587,1,-3.5,0.43
2304,323,6.775,42.93,1,99.5,93.4,1404,197.5,75.2,21.1,-22.156,5.172,4.199,36.0,37.8,77.0,1587,1,-3.5,0.43
2305,323,6.75,42.81,1,99.4,93.30000000000001,1404,197.5,75.3,21.12,-22.156,5.172,4.199,36.0,37.8,77.0,1587,1,-3.5,0.42
2306,323,6.75,42.91,1,99.4,93.30000000000001,1404,197.5,75.4,21.1,-22.156,5.172,4.199,36.0,37.7,77.0,1587,1,-3.6,0.42
2307,323,6.775,42.86,1,99.4,93.30000000000001,1404,197.5,75.4,21.11,-22.156,5.172,4.199,36.0,37.7,77.0,1587,1,-3.6,0.42
2308,323,6.775,42.91,1,99.4,93.30000000000001,1404,197.5,75.3,21.12,-22.156,5.172,4.199,36.0,37.7,77.0,1586,1,-3.6,0.42
2309,323,6.775,42.86,1,99.4,93.30000000000001,1403,197.5,75.3,21.09,-22.164,5.172,4.199,36.0,37.7,77.0,1586,1,-3.6,0.42
2310,323,6.775,42.88,1,99.4,93.30000000000001,1403,197.5,75.4,21.14,-22.164,5.172,4.199,36.0,37.7,77.0,1586,1,-3.7,0.42
2311,323,6.75,42.81,1,99.4,93.30000000000001,1403,197.6,75.3,21.12,-22.164,5.172,4.199,36.0,37.7,77.0,1586,1,-3.7,0.42
2312,323,6.75,42.87,1,99.4,93.30000000000001,1404,197.6,75.3,21.11,-22.164,5.172,4.199,36.0,37.7,77.0,1586,1,-3.7,0.42
2313,323,6.775,42.89,1,99.4,93.30000000000001,1404,197.5,75.4,21.11,-22.164,5.172,4.199,36.0,37.7,77.0,1586,1,-3.7,0.41
2314,323,6.775,42.87,1,99.4,93.30000000000001,1404,197.6,75.3,21.14,-22.172,5.172,4.199,36.0,37.7,77.0,1586,1,-3.7,0.42
2315,323,6.775,42.88,1,99.4,93.30000000000001,1404,197.5,75.3,21.07,-22.172,5.172,4.199,36.0,37.7,77.0,1586,1,-3.7,0.42
2316,323,6.75,42.86,1,99.4,93.30000000000001,1404,197.5,75.3,21.11,-22.172,5.172,4.199,36.0,37.7,77.0,1586,1,-3.8,0.42
2317,323,6.75,42.88,1,99.4,93.30000000000001,1404,197.5,75.2,21.1,-22.172,5.172,4.199,36.0,37.7,77.0,1586,1,-3.8,0.43
2318,323,6.75,42.92,1,99.4,93.30000000000001,1404,197.4,75.3,21.12,-22.172,5.172,4.199,36.0,37.7,77.0,1586,1,-3.8,0.41
2319,323,6.775,42.9,1,99.4,93.30000000000001,1404,197.5,75.3,21.12,-22.172,5.172,4.199,36.0,37.7,77.0,1586,1,-3.8,0.42
2320,323,6.775,42.91,1,99.4,93.30000000000001,1404,197.4,75.4,21.17,-22.172,5.172,4.199,36.0,37.7,77.0,1586,1,-3.9,0.42
2321,323,6.775,42.91,1,99.4,93.30000000000001,1404,197.5,75.3,21.13,-22.172,5.172,4.199,36.0,37.6,77.0,1586,1,-3.9,0.42
2322,323,6.775,42.88,1,99.4,93.30000000000001,1404,197.5,75.2,21.11,-22.172,5.172,4.199,36.0,37.6,77.0,1585,1,-3.9,0.41
2323,323,6.75,42.83,1,99.4,93.30000000000001,1404,197.5,75.5,21.05,-22.172,5.172,4.199,36.0,37.6,77.0,1585,1,-3.9,0.42
2324,323,6.75,42.84,1,99.4,93.30000000000001,1404,197.4,75.4,21.11,-22.164,5.176,4.199,36.0,37.6,77.0,1585,1,-4.0,0.42
2325,323,6.775,42.85,1,99.4,93.30000000000001,1403,197.5,75.4,21.15,-22.164,5.176,4.199,36.0,37.7,77.0,1585,1,-4.0,0.42
2326,323,6.775,42.9,1,99.4,93.30000000000001,1403,197.4,75.3,21.11,-22.156,5.176,4.199,36.0,37.6,77.0,1585,1,-4.0,0.42
2327,323,6.775,42.87,1,99.4,93.30000000000001,1403,197.4,75.3,21.11,-22.156,5.176,4.199,36.0,37.6,77.0,1585,1,-4.0,0.41
2328,323,6.75,42.92,1,99.5,93.4,1404,197.4,75.3,21.09,-22.156,5.176,4.199,36.0,37.6,77.0,1585,1,-4.0,0.42
2329,323,6.775,42.91,1,99.4,93.30000000000001,1404,197.4,75.4,21.11,-22.148,5.176,4.199,36.0,37.6,77.0,1585,1,-4.1,0.41
2330,323,6.775,42.88,1,99.4,93.30000000000001,1404,197.4,75.3,21.1,-22.148,5.176,4.199,36.0,37.6,76.0,1585,1,-4.1,0.41
2331,323,6.775,42.87,1,99.4,93.30000000000001,1404,197.4,75.2,21.13,-22.141,5.176,4.199,36.0,37.6,76.0,1585,1,-4.1,0.42
2332,323,6.775,42.83,1,99.4,93.30000000000001,1404,197.4,75.4,21.1,-22.141,5.176,4.199,36.0,37.6,76.0,1585,1,-4.1,0.42
2333,323,6.75,42.89,1,99.4,93.30000000000001,1404,197.4,75.5,21.1,-22.133,5.176,4.199,36.0,37.6,76.0,1585,1,-4.1,0.43
2334,323,6.75,42.9,1,99.4,93.30000000000001,1404,197.4,75.5,21.12,-22.133,5.176,4.199,36.0,37.6,76.0,1585,1,-4.2,0.42
2335,323,6.775,42.88,1,99.4,93.30000000000001,1404,197.4,75.6,21.1,-22.141,5.176,4.199,36.0,37.6,76.0,1585,1,-4.2,0.42
2336,323,6.775,42.92,1,99.4,93.30000000000001,1404,197.5,75.5,21.09,-22.133,5.176,4.198,36.0,37.6,76.0,1585,1,-4.2,0.43
2337,323,6.775,42.88,1,99.4,93.30000000000001,1404,197.5,75.4,21.11,-22.133,5.176,4.199,36.0,37.6,76.0,1584,1,-4.2,0.43
2338,323,6.775,42.89,1,99.4,93.30000000000001,1404,197.4,75.4,21.07,-22.133,5.176,4.199,36.0,37.6,76.0,1584,1,-4.2,0.42
2339,323,6.775,42.87,1,99.4,93.30000000000001,1404,197.5,75.3,21.1,-22.125,5.176,4.199,36.0,37.5,76.0,1584,1,-4.2,0.42
2340,324,6.775,42.87,1,99.4,93.30000000000001,1404,197.5,75.4,21.14,-22.133,5.176,4.199,36.0,37.5,76.0,1584,1,-4.3,0.43
2341,324,6.775,43.0,1,99.4,93.30000000000001,1404,197.5,75.6,21.17,-22.133,5.176,4.199,36.0,37.5,76.0,1584,1,-4.3,0.43
2342,324,6.775,42.9,1,99.4,93.30000000000001,1405,197.6,75.5,21.08,-22.125,5.176,4.199,36.0,37.5,76.0,1584,1,-4.3,0.43
2343,324,6.775,42.85,1,99.4,93.30000000000001,1404,197.5,75.3,21.11,-22.125,5.176,4.199,36.0,37.5,76.0,1584,1,-4.3,0.43
2344,324,6.775,42.88,1,99.4,93.30000000000001,1404,197.6,75.4,21.11,-22.125,5.176,4.199,36.0,37.5,76.0,1584,1,-4.3,0.43
2345,324,6.775,42.9,1,99.4,93.30000000000001,1403,197.6,75.3,21.12,-22.133,5.176,4.199,36.0,37.5,76.0,1584,1,-4.4,0.42
2346,324,6.775,42.86,1,99.4,93.30000000000001,1404,197.6,75.3,21.09,-22.133,5.176,4.198,35.0,37.5,76.0,1584,1,-4.4,0.42
2347,324,6.775,42.88,1,99.4,93.30000000000001,1404,197.6,75.4,21.11,-22.125,5.176,4.199,35.0,37.5,76.0,1584,1,-4.4,0.43
2348,324,6.775,42.93,1,99.4,93.30000000000001,1404,197.6,75.5,21.12,-22.125,5.176,4.199,35.0,37.5,76.0,1584,1,-4.4,0.42
2349,324,6.775,42.83,1,99.4,93.30000000000001,1405,197.5,75.3,21.1,-22.133,5.172,4.199,36.0,37.5,76.0,1584,1,-4.4,0.42
2350,324,6.775,42.89,1,99.4,93.30000000000001,1405,197.5,75.3,21.1,-22.125,5.172,4.199,36.0,37.5,76.0,1584,1,-4.5,0.42
2351,324,6.775,42.86,1,99.4,93.30000000000001,1405,197.5,75.3,21.09,-22.125,5.172,4.199,36.0,37.4,76.0,1584,1,-4.5,0.42
2352,324,6.775,42.89,1,99.4,93.30000000000001,1404,197.5,75.3,21.12,-22.125,5.172,4.199,36.0,37.4,76.0,1583,1,-4.5,0.41
2353,324,6.75,42.88,1,99.4,93.30000000000001,1404,197.5,75.3,21.09,-22.125,5.172,4.199,36.0,37.4,76.0,1583,1,-4.5,0.42
2354,324,6.75,42.86,1,99.4,93.30000000000001,1404,197.4,75.3,21.16,-22.125,5.176,4.199,36.0,37.4,76.0,1583,1,-4.5,0.42
2355,324,6.75,42.9,1,99.4,93.30000000000001,1403,197.4,75.4,21.12,-22.125,5.176,4.198,35.0,37.4,76.0,1583,1,-4.5,0.42
2356,324,6.775,42.88,1,99.4,93.30000000000001,1403,197.3,75.3,21.1,-22.125,5.176,4.199,36.0,37.4,76.0,1583,1,-4.6,0.43
2357,324,6.775,42.82,1,99.4,93.30000000000001,1403,197.3,75.3,21.09,-22.125,5.176,4.199,36.0,37.4,76.0,1583,1,-4.6,0.42
2358,324,6.775,42.88,1,99.4,93.30000000000001,1403,197.3,75.4,21.07,-22.125,5.176,4.199,36.0,37.4,76.0,1583,1,-4.6,0.43
2359,324,6.775,42.88,1,99.4,93.30000000000001,1403,197.2,75.4,21.12,-22.125,5.176,4.199,35.0,37.4,76.0,1583,1,-4.6,0.43
2360,324,6.775,42.9,1,99.4,93.30000000000001,1404,197.2,75.3,21.14,-22.125,5.176,4.199,36.0,37.4,76.0,1583,1,-4.6,0.43
2361,324,6.775,42.91,1,99.4,93.30000000000001,1404,197.1,75.4,21.12,-22.125,5.176,4.199,35.0,37.4,76.0,1583,1,-4.6,0.43
2362,324,6.75,42.87,1,99.4,93.30000000000001,1404,197.0,75.3,21.09,-22.117,5.176,4.199,35.0,37.4,76.0,1583,1,-4.7,0.42
2363,324,6.75,42.9,1,99.4,93.30000000000001,1404,197.0,75.4,21.12,-22.117,5.176,4.199,35.0,37.4,76.0,1583,1,-4.7,0.41
2364,324,6.75,42.9,1,99.4,93.30000000000001,1404,197.1,75.2,21.12,-22.109,5.176,4.199,35.0,37.4,76.0,1583,1,-4.7,0.42
2365,324,6.775,42.87,1,99.4,93.30000000000001,1404,197.0,75.2,21.12,-22.109,5.176,4.198,36.0,37.4,76.0,1582,1,-4.7,0.42
2366,324,6.775,42.84,1,99.4,93.30000000000001,1404,197.0,75.3,21.09,-22.109,5.176,4.199,35.0,37.4,76.0,1582,1,-4.7,0.42
2367,324,6.775,42.87,1,99.4,93.30000000000001,1404,197.0,75.1,21.11,-22.109,5.176,4.199,35.0,37.3,76.0,1582,1,-4.8,0.42
2368,324,6.775,42.84,1,99.4,93.30000000000001,1404,197.0,75.3,21.16,-22.102,5.176,4.199,35.0,37.3,76.0,1582,1,-4.8,0.42
2369,324,6.775,42.9,1,99.4,93.30000000000001,1404,196.9,75.3,21.11,-22.102,5.176,4.199,35.0,37.3,76.0,1582,1,-4.8,0.41
2370,324,6.75,42.86,1,99.4,93.30000000000001,1404,196.8,75.2,21.09,-22.102,5.176,4.199,35.0,37.3,76.0,1582,1,-4.8,0.42
2371,324,6.75,42.84,1,99.4,93.30000000000001,1404,196.9,75.3,21.13,-22.102,5.176,4.199,36.0,37.3,76.0,1582,1,-4.8,0.41
2372,324,6.775,42.86,1,99.4,93.30000000000001,1403,196.9,75.3,21.07,-22.102,5.176,4.199,35.0,37.3,76.0,1582,1,-4.8,0.42
2373,324,6.775,42.99,1,99.4,93.4,1403,196.9,75.3,21.09,-22.109,5.176,4.199,35.0,37.3,76.0,1582,1,-4.9,0.43
2374,324,6.75,42.94,1,99.4,93.30000000000001,1404,196.9,75.3,21.12,-22.102,5.176,4.199,35.0,37.3,76.0,1582,1,-4.9,0.42
2375,324,6.75,42.84,1,99.4,93.30000000000001,1404,196.8,75.3,21.11,-22.109,5.176,4.198,35.0,37.3,76.0,1582,1,-4.9,0.41
2376,324,6.75,42.9,1,99.4,93.30000000000001,1404,196.8,75.2,21.15,-22.109,5.176,4.199,35.0,37.3,76.0,1582,1,-4.9,0.41
2377,325,6.775,42.85,1,99.4,93.30000000000001,1404,196.8,75.3,21.11,-22.109,5.176,4.199,35.0,37.3,76.0,1582,1,-4.9,0.4
2378,325,6.775,42.89,1,99.4,93.30000000000001,1404,196.8,75.3,21.12,-22.109,5.176,4.199,36.0,37.3,76.0,1582,1,-4.9,0.42
2379,325,6.75,42.95,1,99.4,93.30000000000001,1404,196.8,75.3,21.14,-22.102,5.176,4.199,35.0,37.3,76.0,1582,1,-4.9,0.42
2380,325,6.775,42.92,1,99.4,93.30000000000001,1404,196.8,75.3,21.15,-22.102,5.176,4.199,36.0,37.3,76.0,1581,1,-5.0,0.42
2381,325,6.75,42.98,1,99.4,93.30000000000001,1404,196.8,75.4,21.15,-22.102,5.176,4.199,36.0,37.3,76.0,1581,1,-5.0,0.42
2382,325,6.75,42.88,1,99.4,93.30000000000001,1405,196.8,75.3,21.14,-22.102,5.176,4.199,35.0,37.3,76.0,1581,1,-5.0,0.42
2383,325,6.75,42.9,1,99.4,93.30000000000001,1405,196.8,75.2,21.11,-22.102,5.176,4.199,35.0,37.3,76.0,1581,1,-5.0,0.42
2384,325,6.775,42.95,1,99.4,93.30000000000001,1404,196.8,75.3,21.16,-22.109,5.176,4.198,35.0,37.3,76.0,1581,1,-5.0,0.42
2385,325,6.775,42.85,1,99.4,93.30000000000001,1404,196.8,75.3,21.1,-22.102,5.176,4.199,35.0,37.3,76.0,1581,1,-5.0,0.41
2386,325,6.775,42.88,1,99.4,93.30000000000001,1404,196.8,75.4,21.11,-22.102,5.176,4.199,35.0,37.2,76.0,1581,1,-5.1,0.42
2387,325,6.75,42.91,1,99.4,93.30000000000001,1404,196.8,75.5,21.13,-22.102,5.176,4.199,35.0,37.2,76.0,1581,1,-5.1,0.42
2388,325,6.775,42.89,1,99.4,93.30000000000001,1404,196.8,75.4,21.14,-22.094,5.176,4.198,35.0,37.2,76.0,1581,1,-5.1,0.41
2389,325,6.775,42.91,1,99.4,93.30000000000001,1404,196.8,75.3,21.11,-22.094,5.176,4.199,35.0,37.2,76.0,1581,1,-5.1,0.42
2390,325,6.775,42.85,1,99.4,93.30000000000001,1405,196.8,75.3,21.12,-22.094,5.172,4.199,35.0,37.2,76.0,1581,1,-5.1,0.43
2391,325,6.775,42.89,1,99.3,93.30000000000001,1404,196.8,75.4,21.09,-22.102,5.176,4.199,35.0,37.2,76.0,1581,1,-5.1,0.43
2392,325,6.75,42.94,1,99.4,93.30000000000001,1404,196.7,75.2,21.16,-22.102,5.176,4.199,35.0,37.2,76.0,1581,1,-5.2,0.42
2393,325,6.75,42.97,1,99.4,93.30000000000001,1404,196.7,75.4,21.05,-22.109,5.176,4.199,35.0,37.2,76.0,1581,1,-5.2,0.42
2394,325,6.75,42.89,1,99.4,93.30000000000001,1404,196.8,75.4,21.09,-22.102,5.176,4.199,35.0,37.2,76.0,1581,1,-5.2,0.41
2395,325,6.75,42.87,1,99.4,93.30000000000001,1404,196.7,75.4,21.11,-22.109,5.176,4.199,35.0,37.2,76.0,1580,1,-5.2,0.42
2396,325,6.775,42.91,1,99.4,93.30000000000001,1404,196.7,75.3,21.11,-22.117,5.176,4.199,36.0,37.2,76.0,1580,1,-5.2,0.43
2397,325,6.75,42.85,1,99.4,93.30000000000001,1404,196.7,75.3,21.15,-22.117,5.176,4.198,35.0,37.2,76.0,1580,1,-5.2,0.43
2398,325,6.75,42.91,1,99.4,93.30000000000001,1404,196.6,75.4,21.08,-22.117,5.176,4.199,35.0,37.2,76.0,1580,1,-5.3,0.43
2399,325,6.775,42.9,1,99.4,93.30000000000001,1404,196.6,75.3,21.1,-22.117,5.176,4.198,35.0,37.2,76.0,1580,1,-5.3,0.44
2400,325,6.75,42.88,1,99.4,93.30000000000001,1404,196.6,75.3,21.15,-22.125,5.176,4.199,35.0,37.2,76.0,1580,1,-5.3,0.42
2401,325,6.775,42.87,1,99.4,93.30000000000001,1404,196.6,75.2,21.06,-22.133,5.176,4.199,35.0,37.1,76.0,1580,1,-5.3,0.43
2402,325,6.775,42.89,1,99.4,93.30000000000001,1404,196.6,75.3,21.12,-22.133,5.176,4.199,35.0,37.1,76.0,1580,1,-5.3,0.42
2403,325,6.775,42.86,1,99.4,93.30000000000001,1405,196.6,75.3,21.14,-22.141,5.176,4.198,35.0,37.1,76.0,1580,1,-5.3,0.43
2404,325,6.775,42.89,1,99.4,93.30000000000001,1404,196.6,75.3,21.13,-22.141,5.176,4.199,35.0,37.1,76.0,1580,1,-5.3,0.42
2405,325,6.775,42.85,1,99.4,93.30000000000001,1404,196.6,75.4,21.17,-22.141,5.176,4.198,35.0,37.1,76.0,1580,1,-5.4,0.43
2406,325,6.75,42.89,1,99.4,93.30000000000001,1404,196.6,75.3,21.1,-22.141,5.176,4.198,35.0,37.1,76.0,1580,1,-5.4,0.42
2407,325,6.75,43.02,1,99.4,93.30000000000001,1404,196.6,75.2,21.11,-22.141,5.176,4.199,35.0,37.1,76.0,1579,1,-5.4,0.42
2408,325,6.75,42.91,1,99.4,93.30000000000001,1405,196.6,75.3,21.15,-22.148,5.176,4.199,35.0,37.1,76.0,1579,1,-5.4,0.42
2409,325,6.75,42.96,1,99.4,93.30000000000001,1405,196.6,75.3,21.11,-22.148,5.176,4.199,35.0,37.1,76.0,1579,1,-5.4,0.41
2410,325,6.775,42.95,1,99.4,93.30000000000001,1405,196.6,75.4,21.09,-22.156,5.176,4.199,35.0,37.1,76.0,1579,1,-5.4,0.42
2411,325,6.775,42.95,1,99.4,93.30000000000001,1404,196.6,75.3,21.1,-22.156,5.176,4.198,35.0,37.1,76.0,1579,1,-5.5,0.42
2412,325,6.775,42.94,1,99.4,93.30000000000001,1404,196.7,75.1,21.12,-22.156,5.176,4.199,35.0,37.1,76.0,1579,1,-5.5,0.42
2413,325,6.75,43.01,1,99.4,93.30000000000001,1405,196.7,75.3,21.09,-22.156,5.176,4.199,35.0,37.0,76.0,1579,1,-5.5,0.43
2414,325,6.75,42.98,1,99.4,93.30000000000001,1404,196.7,75.4,21.11,-22.164,5.176,4.199,35.0,37.0,76.0,1579,1,-5.5,0.43
2415,326,6.775,43.02,1,99.4,93.30000000000001,1404,196.7,75.4,21.09,-22.164,5.176,4.199,35.0,37.0,76.0,1579,1,-5.5,0.42
2416,326,6.75,42.98,1,99.4,93.30000000000001,1404,196.7,75.3,21.1,-22.164,5.176,4.199,35.0,37.0,76.0,1579,1,-5.5,0.42
2417,326,6.75,42.95,1,99.4,93.30000000000001,1405,196.6,75.2,21.12,-22.164,5.176,4.199,35.0,37.0,76.0,1579,1,-5.5,0.43
2418,326,6.775,42.94,1,99.5,93.30000000000001,1405,196.6,75.2,21.12,-22.172,5.176,4.199,35.0,37.0,76.0,1579,1,-5.6,0.43
2419,326,6.775,42.94,1,99.4,93.30000000000001,1405,196.6,75.2,21.12,-22.164,5.176,4.199,35.0,37.0,76.0,1579,1,-5.6,0.42
2420,326,6.75,42.94,1,99.4,93.30000000000001,1405,196.6,75.2,21.09,-22.172,5.176,4.199,35.0,37.0,76.0,1579,1,-5.6,0.41
2421,326,6.75,42.97,1,99.4,93.30000000000001,1405,196.6,75.3,21.1,-22.172,5.176,4.198,35.0,37.0,76.0,1578,1,-5.6,0.42
2422,326,6.75,43.0,1,99.4,93.30000000000001,1405,196.5,75.2,21.05,-22.172,5.176,4.198,35.0,37.0,75.0,1578,1,-5.6,0.42
2423,326,6.775,42.94,1,99.4,93.30000000000001,1405,196.5,75.3,21.1,-22.172,5.176,4.198,35.0,37.0,75.0,1578,1,-5.6,0.42
2424,326,6.775,42.95,1,99.4,93.30000000000001,1404,196.5,75.3,21.1,-22.18,5.176,4.199,35.0,37.0,75.0,1578,1,-5.6,0.42
2425,326,6.775,42.98,1,99.5,93.4,1404,196.5,75.3,21.13,-22.172,5.176,4.199,35.0,37.0,75.0,1578,1,-5.6,0.42
2426,326,6.75,42.97,1,99.4,93.30000000000001,1404,196.5,75.5,21.14,-22.172,5.176,4.198,35.0,36.9,75.0,1578,1,-5.7,0.42
2427,326,6.75,42.9,1,99.4,93.30000000000001,1404,196.5,75.4,21.11,-22.18,5.176,4.198,35.0,37.0,75.0,1578,1,-5.7,0.42
2428,326,6.775,42.94,1,99.4,93.30000000000001,1404,196.5,75.4,21.12,-22.18,5.18,4.199,35.0,36.9,75.0,1578,1,-5.7,0.42
2429,326,6.775,42.97,1,99.5,93.30000000000001,1404,196.5,75.3,21.1,-22.188,5.176,4.198,35.0,36.9,75.0,1578,1,-5.7,0.42
2430,326,6.775,42.96,1,99.5,93.30000000000001,1405,196.4,75.4,21.11,-22.188,5.18,4.198,35.0,36.9,75.0,1578,1,-5.7,0.42
2431,326,6.775,42.95,1,99.5,93.30000000000001,1405,196.5,75.3,21.12,-22.195,5.18,4.199,35.0,36.9,75.0,1578,1,-5.7,0.42
2432,326,6.75,42.88,1,99.4,93.30000000000001,1405,196.5,75.3,21.12,-22.203,5.18,4.198,35.0,36.9,75.0,1578,1,-5.7,0.42
2433,326,6.75,42.97,1,99.4,93.30000000000001,1405,196.5,75.4,21.08,-22.195,5.18,4.198,35.0,36.9,75.0,1578,1,-5.8,0.42
2434,326,6.775,42.96,1,99.4,93.30000000000001,1404,196.4,75.4,21.15,-22.203,5.18,4.199,35.0,36.9,75.0,1578,1,-5.8,0.43
2435,326,6.75,42.97,1,99.4,93.30000000000001,1404,196.4,75.5,21.13,-22.203,5.18,4.198,35.0,36.9,75.0,1578,1,-5.8,0.42
2436,326,6.775,42.96,1,99.4,93.30000000000001,1404,196.4,75.4,21.1,-22.195,5.18,4.198,35.0,36.9,75.0,1577,1,-5.8,0.42
2437,326,6.775,42.97,1,99.5,93.30000000000001,1404,196.5,75.3,21.1,-22.195,5.18,4.198,35.0,36.9,75.0,1577,1,-5.8,0.42
2438,326,6.75,42.97,1,99.5,93.30000000000001,1405,196.4,75.3,21.09,-22.195,5.18,4.199,35.0,36.9,75.0,1577,1,-5.8,0.43
2439,326,6.75,42.95,1,99.4,93.30000000000001,1405,196.4,75.3,21.06,-22.195,5.18,4.199,35.0,36.9,75.0,1577,1,-5.8,0.42
2440,326,6.775,42.95,1,99.4,93.30000000000001,1405,196.4,75.3,21.09,-22.188,5.18,4.199,35.0,36.9,75.0,1577,1,-5.8,0.42
2441,326,6.775,42.97,1,99.4,93.30000000000001,1405,196.4,75.2,21.11,-22.18,5.18,4.198,35.0,36.9,75.0,1577,1,-5.9,0.43
2442,326,6.75,42.96,1,99.4,93.30000000000001,1405,196.4,75.2,21.11,-22.18,5.18,4.199,35.0,36.9,75.0,1577,1,-5.9,0.43
2443,326,6.75,42.98,1,99.4,93.30000000000001,1406,196.4,75.4,21.09,-22.172,5.18,4.199,35.0,36.9,75.0,1577,1,-5.9,0.42
2444,326,6.775,42.98,1,99.5,93.30000000000001,1405,196.3,75.4,21.09,-22.172,5.18,4.199,35.0,36.8,75.0,1577,1,-5.9,0.43
2445,327,6.775,42.96,1,99.5,93.30000000000001,1405,196.3,75.4,21.1,-22.164,5.18,4.199,35.0,36.8,75.0,1577,1,-5.9,0.42
2446,327,6.775,42.97,1,99.5,93.30000000000001,1405,196.3,75.4,21.09,-22.164,5.18,4.198,35.0,36.8,75.0,1577,1,-5.9,0.42
2447,327,6.775,42.99,1,99.4,93.30000000000001,1405,196.3,75.2,21.1,-22.164,5.184,4.198,35.0,36.8,75.0,1577,1,-5.9,0.42
2448,327,6.75,42.98,1,99.4,93.30000000000001,1405,196.3,75.3,21.12,-22.164,5.184,4.198,35.0,36.8,75.0,1577,1,-6.0,0.42
2449,327,6.75,42.96,1,99.4,93.30000000000001,1404,196.3,75.3,21.05,-22.156,5.184,4.198,35.0,36.8,75.0,1577,1,-6.0,0.42
2450,327,6.775,43.02,1,99.4,93.30000000000001,1404,196.3,75.3,21.09,-22.164,5.184,4.198,35.0,36.8,75.0,1577,1,-6.0,0.42
2451,327,6.775,42.98,1,99.4,93.30000000000001,1404,196.2,75.3,21.1,-22.156,5.184,4.198,35.0,36.8,75.0,1576,1,-6.0,0.43
2452,327,6.75,42.94,1,99.5,93.30000000000001,1404,196.2,75.3,21.1,-22.156,5.184,4.199,35.0,36.8,75.0,1576,1,-6.0,0.42
2453,327,6.775,42.99,1,99.4,93.30000000000001,1405,196.2,75.2,21.11,-22.156,5.18,4.198,35.0,36.8,75.0,1576,1,-6.0,0.42
2454,327,6.775,42.94,1,99.4,93.30000000000001,1405,196.2,75.2,21.11,-22.164,5.18,4.199,35.0,36.8,75.0,1576,1,-6.0,0.42
2455,327,6.775,42.88,1,99.4,93.30000000000001,1404,196.2,75.4,21.1,-22.164,5.18,4.199,35.0,36.8,75.0,1576,1,-6.0,0.42
2456,327,6.775,42.94,1,99.4,93.30000000000001,1404,196.2,75.3,21.15,-22.164,5.18,4.199,35.0,36.8,75.0,1576,1,-6.1,0.42
2457,327,6.775,42.94,1,99.4,93.30000000000001,1404,196.2,75.3,21.14,-22.164,5.18,4.199,35.0,36.8,75.0,1576,1,-6.1,0.41
2458,327,6.75,43.04,1,99.4,93.30000000000001,1404,196.2,75.4,21.12,-22.164,5.18,4.198,35.0,36.8,75.0,1576,1,-6.1,0.42
2459,327,6.775,42.98,1,99.4,93.30000000000001,1404,196.3,75.4,21.09,-22.164,5.18,4.198,35.0,36.7,75.0,1576,1,-6.1,0.42
2460,328,6.775,42.98,1,99.5,93.30000000000001,1404,196.3,75.3,21.07,-22.172,5.18,4.198,35.0,36.8,75.0,1576,1,-6.1,0.42
2461,328,6.75,42.97,1,99.5,93.30000000000001,1404,196.3,75.4,21.11,-22.172,5.18,4.199,35.0,36.7,75.0,1576,1,-6.1,0.42
2462,328,6.75,42.91,1,99.4,93.30000000000001,1404,196.3,75.3,21.1,-22.18,5.18,4.198,35.0,36.8,75.0,1576,1,-6.1,0.41
2463,328,6.75,42.92,1,99.4,93.30000000000001,1405,196.4,75.4,21.08,-22.172,5.18,4.198,35.0,36.8,75.0,1576,1,-6.1,0.41
2464,328,6.75,42.94,1,99.4,93.30000000000001,1406,196.4,75.4,21.11,-22.172,5.18,4.199,35.0,36.7,75.0,1576,1,-6.2,0.42
2465,328,6.775,42.96,1,99.5,93.30000000000001,1407,196.4,75.4,21.11,-22.172,5.18,4.198,35.0,36.7,75.0,1576,1,-6.2,0.41
2466,328,6.775,43.0,1,99.5,93.30000000000001,1406,196.4,75.4,21.09,-22.172,5.18,4.198,35.0,36.7,75.0,1575,1,-6.2,0.41
2467,328,6.775,42.96,1,99.4,93.30000000000001,1405,196.5,75.5,21.1,-22.18,5.18,4.198,35.0,36.7,75.0,1575,1,-6.2,0.43
2468,328,6.775,42.98,1,99.5,93.30000000000001,1405,196.4,75.5,21.09,-22.18,5.18,4.199,35.0,36.7,75.0,1575,1,-6.2,0.42
2469,328,6.75,42.97,1,99.5,93.30000000000001,1405,196.4,75.4,21.09,-22.18,5.18,4.198,35.0,36.7,75.0,1575,1,-6.2,0.42
2470,328,6.75,42.94,1,99.5,93.30000000000001,1405,196.4,75.4,21.09,-22.188,5.18,4.198,35.0,36.7,75.0,1575,1,-6.2,0.42
2471,328,6.75,42.93,1,99.5,93.30000000000001,1405,196.4,75.3,21.07,-22.188,5.18,4.198,35.0,36.7,75.0,1575,1,-6.2,0.42
2472,328,6.775,42.92,1,99.4,93.30000000000001,1405,196.5,75.3,21.11,-22.188,5.18,4.199,35.0,36.7,75.0,1575,1,-6.3,0.41
2473,328,6.775,42.92,1,99.4,93.30000000000001,1405,196.5,75.4,21.11,-22.188,5.18,4.198,35.0,36.7,75.0,1575,1,-6.3,0.42
2474,328,6.775,42.95,1,99.5,93.30000000000001,1405,196.4,75.3,21.11,-22.195,5.18,4.199,35.0,36.7,75.0,1575,1,-6.3,0.43
2475,328,6.775,42.9,1,99.4,93.30000000000001,1405,196.4,75.4,21.12,-22.195,5.18,4.199,35.0,36.7,75.0,1575,1,-6.3,0.42
2476,328,6.75,42.98,1,99.4,93.30000000000001,1405,196.4,75.4,21.09,-22.195,5.18,4.199,35.0,36.7,75.0,1575,1,-6.3,0.42
2477,328,6.75,42.92,1,99.4,93.30000000000001,1405,196.3,75.3,21.06,-22.195,5.18,4.198,35.0,36.6,75.0,1575,1,-6.3,0.42
2478,328,6.775,42.96,1,99.5,93.30000000000001,1405,196.3,75.5,21.1,-22.195,5.18,4.198,35.0,36.6,75.0,1575,1,-6.3,0.41
2479,328,6.775,42.96,1,99.4,93.30000000000001,1405,196.3,75.4,21.07,-22.195,5.18,4.199,35.0,36.6,75.0,1575,1,-6.3,0.41
2480,328,6.775,42.89,1,99.4,93.30000000000001,1405,196.3,75.2,21.14,-22.203,5.18,4.199,35.0,36.6,75.0,1575,1,-6.3,0.4
2481,328,6.75,43.05,1,99.4,93.30000000000001,1405,196.2,75.3,21.11,-22.203,5.18,4.199,35.0,36.6,75.0,1574,1,-6.4,0.41
2482,328,6.75,42.96,1,99.4,93.30000000000001,1405,196.3,75.4,21.1,-22.203,5.18,4.198,35.0,36.6,75.0,1574,1,-6.4,0.41
2483,328,6.775,42.95,1,99.5,93.30000000000001,1405,196.2,75.3,21.09,-22.203,5.18,4.199,35.0,36.6,75.0,1574,1,-6.4,0.41
2484,328,6.775,42.94,1,99.5,93.30000000000001,1405,196.3,75.3,21.04,-22.203,5.18,4.198,35.0,36.6,75.0,1574,1,-6.4,0.4
2485,328,6.775,42.95,1,99.5,93.30000000000001,1404,196.2,75.3,21.09,-22.203,5.18,4.198,35.0,36.6,75.0,1574,1,-6.4,0.41
2486,328,6.75,42.95,1,99.5,93.30000000000001,1404,196.3,75.3,21.1,-22.203,5.18,4.198,35.0,36.6,75.0,1574,1,-6.4,0.42
2487,328,6.75,42.95,1,99.4,93.30000000000001,1404,196.3,75.2,21.14,-22.203,5.18,4.198,35.0,36.6,75.0,1574,1,-6.4,0.41
2488,328,6.775,42.95,1,99.4,93.30000000000001,1404,196.3,75.4,21.09,-22.203,5.18,4.198,35.0,36.6,75.0,1574,1,-6.4,0.42
2489,328,6.775,42.96,1,99.5,93.30000000000001,1404,196.3,75.4,21.07,-22.203,5.18,4.198,35.0,36.6,75.0,1574,1,-6.4,0.41
2490,328,6.75,43.0,1,99.5,93.4,1404,196.3,75.4,21.1,-22.203,5.18,4.199,35.0,36.6,75.0,1574,1,-6.5,0.42
2491,328,6.75,42.94,1,99.5,93.30000000000001,1404,196.3,75.4,21.14,-22.203,5.18,4.198,35.0,36.6,75.0,1574,1,-6.5,0.42
2492,328,6.775,42.91,1,99.4,93.30000000000001,1404,196.3,75.4,21.13,-22.203,5.18,4.199,35.0,36.6,75.0,1574,1,-6.5,0.42
2493,328,6.775,42.96,1,99.4,93.30000000000001,1405,196.3,75.4,21.09,-22.203,5.18,4.198,35.0,36.6,75.0,1574,1,-6.5,0.41
2494,329,6.775,42.91,1,99.4,93.30000000000001,1405,196.2,75.5,21.09,-22.195,5.18,4.198,35.0,36.6,75.0,1574,1,-6.5,0.43
2495,329,6.775,42.96,1,99.5,93.30000000000001,1405,196.2,75.4,21.08,-22.195,5.18,4.198,35.0,36.6,75.0,1573,1,-6.5,0.42
2496,329,6.75,43.0,1,99.5,93.4,1405,196.2,75.3,21.1,-22.203,5.18,4.198,35.0,36.6,75.0,1573,1,-6.5,0.42
2497,329,6.75,42.97,1,99.5,93.30000000000001,1405,196.3,75.3,21.09,-22.203,5.18,4.198,35.0,36.6,75.0,1573,1,-6.5,0.41
2498,329,6.775,42.98,1,99.5,93.30000000000001,1405,196.2,75.4,21.07,-22.211,5.18,4.199,35.0,36.6,75.0,1573,1,-6.5,0.41
2499,329,6.775,42.96,1,99.4,93.30000000000001,1405,196.2,75.4,21.11,-22.211,5.18,4.198,35.0,36.5,75.0,1573,1,-6.6,0.41
2500,329,6.775,42.97,1,99.5,93.30000000000001,1404,196.3,75.4,21.12,-22.219,5.18,4.199,35.0,36.6,75.0,1573,1,-6.5,0.41
2501,329,6.775,42.95,1,99.5,93.30000000000001,1405,196.3,75.4,21.08,-22.219,5.18,4.198,35.0,36.5,75.0,1573,1,-6.6,0.42
2502,329,6.775,42.97,1,99.5,93.30000000000001,1405,196.3,75.4,21.11,-22.227,5.18,4.198,35.0,36.6,75.0,1573,1,-6.6,0.41
2503,329,6.775,42.97,1,99.5,93.30000000000001,1405,196.3,75.5,21.11,-22.227,5.18,4.199,35.0,36.5,75.0,1573,1,-6.6,0.41
2504,329,6.75,42.99,1,99.5,93.30000000000001,1404,196.2,75.5,21.11,-22.227,5.18,4.198,35.0,36.5,75.0,1573,1,-6.6,0.42
2505,329,6.775,42.92,1,99.4,93.30000000000001,1404,196.3,75.6,21.09,-22.234,5.18,4.199,35.0,36.5,75.0,1573,1,-6.6,0.41
2506,329,6.775,42.96,1,99.5,93.30000000000001,1405,196.3,75.4,21.15,-22.234,5.18,4.198,35.0,36.5,75.0,1573,1,-6.6,0.41
2507,329,6.775,42.97,1,99.5,93.30000000000001,1405,196.3,75.3,21.08,-22.234,5.18,4.199,35.0,36.5,75.0,1573,1,-6.6,0.42
2508,329,6.775,42.95,1,99.5,93.30000000000001,1405,196.3,75.3,21.09,-22.234,5.18,4.199,35.0,36.5,75.0,1573,1,-6.6,0.41
2509,329,6.75,43.02,1,99.5,93.4,1405,196.2,75.3,21.09,-22.242,5.18,4.198,35.0,36.5,75.0,1573,1,-6.7,0.41
2510,329,6.775,43.0,1,99.5,93.4,1404,196.2,75.4,21.11,-22.242,5.18,4.199,35.0,36.5,75.0,1572,1,-6.7,0.42
2511,329,6.775,42.99,1,99.5,93.30000000000001,1405,196.2,75.3,21.11,-22.234,5.18,4.199,35.0,36.5,75.0,1572,1,-6.7,0.41
2512,329,6.75,43.03,1,99.4,93.30000000000001,1405,196.2,75.4,21.08,-22.234,5.18,4.198,35.0,36.5,75.0,1572,1,-6.7,0.41
2513,329,6.775,43.01,1,99.5,93.30000000000001,1405,196.2,75.5,21.16,-22.234,5.18,4.198,35.0,36.5,75.0,1572,1,-6.7,0.42
2514,329,6.775,43.03,1,99.5,93.4,1405,196.3,75.6,21.07,-22.234,5.18,4.198,35.0,36.5,75.0,1572,1,-6.7,0.42
2515,329,6.775,42.96,1,99.5,93.30000000000001,1405,196.3,75.3,21.1,-22.234,5.18,4.198,35.0,36.5,75.0,1572,1,-6.7,0.41
2516,329,6.775,42.96,1,99.5,93.30000000000001,1405,196.4,75.5,21.11,-22.234,5.18,4.198,35.0,36.5,75.0,1572,1,-6.7,0.43
2517,329,6.75,42.98,1,99.5,93.30000000000001,1405,196.4,75.4,21.14,-22.234,5.18,4.199,35.0,36.5,75.0,1572,1,-6.8,0.42
2518,329,6.775,43.0,1,99.5,93.30000000000001,1405,196.4,75.3,21.09,-22.234,5.18,4.199,35.0,36.5,75.0,1572,1,-6.7,0.42
2519,329,6.775,42.98,1,99.5,93.4,1405,196.4,75.3,21.13,-22.227,5.18,4.199,35.0,36.5,75.0,1572,1,-6.8,0.43
2520,329,6.775,43.01,1,99.5,93.30000000000001,1405,196.4,75.2,21.08,-22.227,5.184,4.199,35.0,36.4,74.0,1572,1,-6.8,0.43
2521,329,6.75,43.01,1,99.5,93.30000000000001,1405,196.4,75.4,21.11,-22.227,5.184,4.198,35.0,36.4,74.0,1572,1,-6.8,0.43
2522,329,6.75,42.99,1,99.5,93.30000000000001,1405,196.4,75.5,21.11,-22.227,5.184,4.198,35.0,36.4,74.0,1572,1,-6.8,0.43
2523,329,6.775,43.01,1,99.5,93.30000000000001,1405,196.4,75.4,21.1,-22.227,5.184,4.199,35.0,36.4,74.0,1572,1,-6.8,0.43
2524,329,6.775,42.95,1,99.5,93.30000000000001,1405,196.4,75.4,21.12,-22.227,5.184,4.198,35.0,36.4,74.0,1572,1,-6.8,0.43
2525,329,6.775,43.0,1,99.5,93.30000000000001,1406,196.2,75.4,21.09,-22.227,5.184,4.198,35.0,36.4,74.0,1571,1,-6.8,0.42
2526,329,6.775,42.98,1,99.5,93.30000000000001,1406,196.2,75.4,21.11,-22.219,5.184,4.198,35.0,36.4,74.0,1571,1,-6.8,0.42
2527,329,6.775,42.94,1,99.5,93.30000000000001,1406,196.2,75.6,21.15,-22.219,5.184,4.198,35.0,36.4,74.0,1571,1,-6.8,0.42
2528,329,6.775,42.95,1,99.5,93.30000000000001,1405,196.3,75.6,21.12,-22.219,5.184,4.198,35.0,36.4,74.0,1571,1,-6.9,0.42
2529,329,6.75,43.0,1,99.5,93.30000000000001,1406,196.3,75.5,21.1,-22.219,5.184,4.198,35.0,36.4,74.0,1571,1,-6.9,0.43
2530,329,6.75,42.98,1,99.5,93.30000000000001,1406,196.4,75.4,21.11,-22.219,5.184,4.198,35.0,36.4,74.0,1571,1,-6.9,0.43
2531,329,6.775,42.99,1,99.5,93.30000000000001,1405,196.4,75.3,21.12,-22.211,5.184,4.198,35.0,36.4,74.0,1571,1,-6.9,0.43
2532,329,6.775,42.99,1,99.5,93.30000000000001,1404,196.3,75.5,21.14,-22.219,5.184,4.198,35.0,36.4,74.0,1571,1,-6.9,0.42
2533,329,6.75,42.99,1,99.5,93.4,1404,196.2,75.4,21.13,-22.211,5.184,4.199,35.0,36.4,74.0,1571,1,-6.9,0.43
2534,329,6.775,43.01,1,99.5,93.30000000000001,1405,196.3,75.6,21.15,-22.203,5.184,4.198,35.0,36.4,74.0,1571,1,-6.9,0.42
2535,329,6.775,42.97,1,99.5,93.30000000000001,1405,196.3,75.4,21.12,-22.203,5.184,4.198,35.0,36.4,74.0,1571,1,-6.9,0.42
2536,329,6.775,42.99,1,99.5,93.30000000000001,1405,196.3,75.3,21.12,-22.203,5.188,4.198,35.0,36.3,74.0,1571,1,-6.9,0.43
2537,329,6.75,42.98,1,99.4,93.30000000000001,1406,196.3,75.3,21.15,-22.203,5.188,4.198,35.0,36.4,74.0,1571,1,-6.9,0.42
2538,329,6.75,42.99,1,99.4,93.30000000000001,1405,196.3,75.3,21.12,-22.195,5.184,4.198,35.0,36.3,74.0,1571,1,-7.0,0.42
2539,329,6.775,42.94,1,99.5,93.30000000000001,1405,196.3,75.3,21.16,-22.203,5.184,4.198,35.0,36.3,74.0,1571,1,-6.9,0.42
2540,329,6.775,42.98,1,99.5,93.30000000000001,1405,196.3,75.3,21.08,-22.203,5.184,4.199,35.0,36.3,74.0,1571,1,-7.0,0.42
2541,329,6.775,43.02,1,99.5,93.4,1405,196.3,75.4,21.1,-22.203,5.184,4.198,35.0,36.3,74.0,1570,1,-7.0,0.42
2542,329,6.75,43.06,1,99.5,93.30000000000001,1405,196.3,75.3,21.09,-22.203,5.184,4.198,35.0,36.3,74.0,1570,1,-7.0,0.42
2543,329,6.75,42.99,1,99.4,93.30000000000001,1405,196.3,75.3,21.09,-22.203,5.188,4.198,35.0,36.3,74.0,1570,1,-7.0,0.43
2544,329,6.75,42.97,1,99.4,93.30000000000001,1405,196.3,75.5,21.12,-22.195,5.184,4.198,35.0,36.3,74.0,1570,1,-7.0,0.43
2545,329,6.75,43.01,1,99.5,93.30000000000001,1405,196.3,75.3,21.09,-22.203,5.184,4.199,35.0,36.3,74.0,1570,1,-7.0,0.42
2546,329,6.775,42.97,1,99.5,93.30000000000001,1405,196.4,75.3,21.12,-22.203,5.184,4.198,35.0,36.3,74.0,1570,1,-7.0,0.42
2547,329,6.775,42.97,1,99.5,93.30000000000001,1405,196.3,75.3,21.07,-22.203,5.184,4.198,35.0,36.3,74.0,1570,1,-7.0,0.42
2548,329,6.775,42.96,1,99.5,93.30000000000001,1405,196.3,75.4,21.11,-22.203,5.184,4.198,35.0,36.3,74.0,1570,1,-7.0,0.42
2549,329,6.775,42.98,1,99.5,93.30000000000001,1405,196.3,75.5,21.12,-22.203,5.184,4.198,35.0,36.3,74.0,1570,1,-7.0,0.41
2550,329,6.75,42.9,1,99.4,93.30000000000001,1405,196.3,75.5,21.16,-22.203,5.184,4.198,35.0,36.3,74.0,1570,1,-7.1,0.42
2551,329,6.775,42.98,1,99.5,93.30000000000001,1405,196.3,75.4,21.09,-22.211,5.184,4.198,35.0,36.3,74.0,1570,1,-7.1,0.42
2552,329,6.775,43.0,1,99.5,93.30000000000001,1405,196.4,75.2,21.08,-22.211,5.184,4.198,35.0,36.2,74.0,1570,1,-7.1,0.42
2553,330,6.775,42.99,1,99.4,93.30000000000001,1405,196.4,75.3,21.11,-22.211,5.184,4.198,35.0,36.2,74.0,1570,1,-7.1,0.42
2554,330,6.75,42.96,1,99.5,93.30000000000001,1405,196.4,75.3,21.14,-22.211,5.184,4.198,35.0,36.2,74.0,1570,1,-7.1,0.42
2555,330,6.75,43.01,1,99.5,93.4,1405,196.4,75.5,21.09,-22.203,5.188,4.199,35.0,36.2,74.0,1570,1,-7.1,0.42
2556,330,6.75,42.97,1,99.4,93.30000000000001,1405,196.4,75.4,21.11,-22.203,5.188,4.198,35.0,36.2,74.0,1569,1,-7.1,0.42
2557,330,6.775,42.98,1,99.5,93.30000000000001,1404,196.4,75.4,21.04,-22.203,5.188,4.198,35.0,36.2,74.0,1569,1,-7.1,0.42
2558,330,6.775,43.0,1,99.4,93.30000000000001,1405,196.4,75.4,21.1,-22.203,5.188,4.198,35.0,36.2,74.0,1569,1,-7.1,0.42
2559,330,6.775,42.98,1,99.5,93.30000000000001,1405,196.5,75.4,21.09,-22.203,5.188,4.198,35.0,36.2,74.0,1569,1,-7.1,0.42
2560,330,6.75,43.02,1,99.5,93.4,1405,196.5,75.3,21.11,-22.195,5.188,4.198,35.0,36.2,74.0,1569,1,-7.1,0.42
2561,330,6.75,42.96,1,99.5,93.30000000000001,1405,196.4,75.3,21.06,-22.195,5.188,4.198,35.0,36.2,74.0,1569,1,-7.2,0.41
2562,330,6.775,43.0,1,99.5,93.30000000000001,1405,196.5,75.5,21.11,-22.203,5.188,4.198,35.0,36.2,74.0,1569,1,-7.2,0.41
2563,330,6.775,43.0,1,99.4,93.30000000000001,1405,196.5,75.5,21.15,-22.195,5.188,4.198,35.0,36.2,74.0,1569,1,-7.2,0.42
2564,330,6.75,43.02,1,99.4,93.30000000000001,1405,196.4,75.3,21.11,-22.203,5.188,4.198,35.0,36.2,74.0,1569,1,-7.2,0.41
2565,330,6.75,43.01,1,99.5,93.4,1404,196.4,75.2,21.12,-22.203,5.188,4.198,35.0,36.2,74.0,1569,1,-7.2,0.41
2566,330,6.775,43.0,1,99.4,93.30000000000001,1404,196.4,75.4,21.11,-22.203,5.188,4.198,35.0,36.2,74.0,1569,1,-7.2,0.41
2567,330,6.775,42.99,1,99.4,93.30000000000001,1405,196.4,75.3,21.12,-22.195,5.188,4.198,35.0,36.2,74.0,1569,1,-7.2,0.42
2568,330,6.775,43.01,1,99.5,93.30000000000001,1405,196.3,75.3,21.1,-22.195,5.188,4.198,35.0,36.2,74.0,1569,1,-7.2,0.42
2569,330,6.775,43.03,1,99.5,93.4,1405,196.4,75.2,21.18,-22.195,5.188,4.198,35.0,36.2,74.0,1569,1,-7.2,0.41
2570,330,6.775,42.99,1,99.5,93.30000000000001,1405,196.4,75.3,21.13,-22.195,5.188,4.198,35.0,36.2,74.0,1569,1,-7.2,0.42
2571,330,6.75,43.03,1,99.4,93.30000000000001,1405,196.3,75.4,21.17,-22.188,5.188,4.198,35.0,36.2,74.0,1568,1,-7.3,0.42
2572,330,6.75,43.06,1,99.5,93.4,1404,196.2,75.4,21.11,-22.188,5.188,4.199,35.0,36.2,74.0,1568,1,-7.3,0.42
2573,330,6.775,43.02,1,99.5,93.4,1404,196.2,75.4,21.14,-22.195,5.188,4.198,35.0,36.2,74.0,1568,1,-7.3,0.41
2574,330,6.775,42.96,1,99.4,93.30000000000001,1404,196.2,75.3,21.09,-22.188,5.188,4.198,35.0,36.1,74.0,1568,1,-7.3,0.41
2575,330,6.775,43.05,1,99.5,93.30000000000001,1405,196.2,75.3,21.07,-22.188,5.188,4.198,35.0,36.2,74.0,1568,1,-7.3,0.42
2576,330,6.775,43.04,1,99.5,93.4,1405,196.2,75.4,21.13,-22.188,5.188,4.198,34.0,36.1,74.0,1568,1,-7.3,0.42
2577,330,6.75,42.98,1,99.5,93.30000000000001,1405,196.2,75.4,21.11,-22.18,5.188,4.198,35.0,36.1,74.0,1568,1,-7.3,0.41
2578,330,6.75,42.99,1,99.5,93.30000000000001,1405,196.2,75.4,21.11,-22.188,5.188,4.198,35.0,36.1,74.0,1568,1,-7.3,0.42
2579,330,6.775,43.01,1,99.5,93.30000000000001,1404,196.2,75.4,21.15,-22.188,5.188,4.198,35.0,36.1,74.0,1568,1,-7.3,0.41
2580,330,6.775,43.03,1,99.5,93.30000000000001,1404,196.2,75.3,21.09,-22.188,5.188,4.198,35.0,36.1,74.0,1568,1,-7.3,0.41
2581,330,6.775,43.01,1,99.5,93.4,1404,196.2,75.3,21.08,-22.188,5.188,4.198,35.0,36.1,74.0,1568,1,-7.3,0.42
2582,330,6.75,43.0,1,99.4,93.30000000000001,1405,196.1,75.6,21.08,-22.188,5.188,4.198,35.0,36.1,74.0,1568,1,-7.3,0.42
2583,329,6.75,43.0,1,99.5,93.30000000000001,1405,196.1,75.3,21.13,-22.188,5.191,4.198,35.0,36.1,74.0,1568,1,-7.4,0.42
2584,329,6.775,42.93,1,99.5,93.30000000000001,1406,196.1,75.4,21.1,-22.188,5.191,4.198,35.0,36.1,74.0,1568,1,-7.3,0.41
2585,329,6.775,42.98,1,99.5,93.30000000000001,1405,196.1,75.5,21.09,-22.188,5.191,4.198,35.0,36.1,74.0,1568,1,-7.4,0.42
2586,329,6.775,43.04,1,99.5,93.30000000000001,1405,196.1,75.4,21.1,-22.188,5.191,4.198,35.0,36.1,74.0,1567,1,-7.4,0.41
2587,329,6.775,42.99,1,99.5,93.30000000000001,1406,196.1,75.4,21.11,-22.188,5.191,4.198,35.0,36.1,74.0,1567,1,-7.4,0.42
2588,329,6.775,43.02,1,99.5,93.30000000000001,1406,196.2,75.5,21.1,-22.18,5.191,4.198,35.0,36.1,74.0,1567,1,-7.4,0.42
2589,329,6.775,42.99,1,99.5,93.30000000000001,1406,196.2,75.4,21.12,-22.18,5.191,4.198,35.0,36.1,74.0,1567,1,-7.4,0.42
2590,329,6.775,43.02,1,99.5,93.30000000000001,1405,196.2,75.3,21.12,-22.18,5.191,4.198,35.0,36.1,74.0,1567,1,-7.4,0.41
2591,329,6.775,43.01,1,99.5,93.4,1405,196.2,75.3,21.12,-22.18,5.191,4.198,35.0,36.1,74.0,1567,1,-7.4,0.42
2592,329,6.775,42.99,1,99.5,93.30000000000001,1405,196.2,75.4,21.11,-22.18,5.191,4.198,34.0,36.1,74.0,1567,1,-7.4,0.42
2593,329,6.775,43.0,1,99.5,93.30000000000001,1406,196.2,75.3,21.09,-22.18,5.191,4.198,35.0,36.1,74.0,1567,1,-7.4,0.41
2594,329,6.775,42.99,1,99.5,93.30000000000001,1407,196.1,75.4,21.11,-22.18,5.191,4.198,34.0,36.1,74.0,1567,1,-7.4,0.42
2595,329,6.775,42.98,1,99.5,93.30000000000001,1406,196.0,75.2,21.1,-22.18,5.191,4.198,35.0,36.1,74.0,1567,1,-7.4,0.42
2596,329,6.775,43.02,1,99.5,93.4,1406,195.9,75.3,21.12,-22.18,5.191,4.198,34.0,36.1,74.0,1567,1,-7.4,0.42
2597,329,6.775,42.99,1,99.5,93.30000000000001,1406,196.0,75.2,21.12,-22.18,5.191,4.198,35.0,36.0,74.0,1567,1,-7.5,0.42
2598,329,6.75,43.02,1,99.4,93.30000000000001,1406,196.0,75.5,21.12,-22.18,5.191,4.198,34.0,36.0,74.0,1567,1,-7.5,0.42
2599,329,6.75,43.02,1,99.5,93.4,1406,195.9,75.5,21.12,-22.18,5.188,4.198,35.0,36.0,74.0,1567,1,-7.5,0.42
2600,329,6.75,42.98,1,99.4,93.30000000000001,1406,195.9,75.4,21.09,-22.18,5.188,4.198,35.0,36.0,74.0,1567,1,-7.5,0.43
2601,329,6.75,42.96,1,99.4,93.30000000000001,1405,195.9,75.3,21.07,-22.18,5.188,4.198,35.0,36.0,74.0,1567,1,-7.5,0.42
2602,329,6.75,42.98,1,99.5,93.30000000000001,1405,195.8,75.3,21.11,-22.188,5.188,4.198,35.0,36.0,74.0,1566,1,-7.5,0.42
2603,329,6.775,43.03,1,99.5,93.4,1405,195.8,75.4,21.12,-22.188,5.188,4.198,34.0,36.0,74.0,1566,1,-7.5,0.42
2604,329,6.775,43.0,1,99.5,93.30000000000001,1405,195.7,75.3,21.13,-22.188,5.188,4.198,35.0,36.0,74.0,1566,1,-7.5,0.42
2605,329,6.775,42.99,1,99.5,93.30000000000001,1405,195.6,75.4,21.13,-22.188,5.188,4.198,35.0,36.0,74.0,1566,1,-7.5,0.42
2606,329,6.75,42.99,1,99.5,93.30000000000001,1404,195.6,75.3,21.12,-22.188,5.188,4.198,34.0,36.0,74.0,1566,1,-7.5,0.42
2607,329,6.75,43.01,1,99.5,93.4,1405,195.7,75.4,21.11,-22.188,5.188,4.198,35.0,36.0,74.0,1566,1,-7.5,0.42
2608,329,6.775,42.96,1,99.5,93.30000000000001,1405,195.7,75.4,21.05,-22.188,5.188,4.198,34.0,36.0,74.0,1566,1,-7.5,0.42
2609,329,6.775,43.02,1,99.4,93.4,1404,195.7,75.3,21.14,-22.188,5.188,4.198,34.0,36.0,74.0,1566,1,-7.6,0.42
2610,329,6.775,42.98,1,99.5,93.30000000000001,1404,195.6,75.3,21.12,-22.195,5.188,4.198,35.0,36.0,74.0,1566,1,-7.5,0.42
2611,329,6.775,42.97,1,99.5,93.30000000000001,1405,195.5,75.3,21.09,-22.195,5.188,4.198,34.0,36.0,74.0,1566,1,-7.6,0.43
2612,329,6.75,42.97,1,99.4,93.30000000000001,1405,195.5,75.4,21.11,-22.195,5.188,4.198,34.0,36.0,74.0,1566,1,-7.6,0.42
2613,329,6.75,43.04,1,99.5,93.4,1405,195.6,75.5,21.12,-22.203,5.188,4.198,34.0,36.0,74.0,1566,1,-7.6,0.42
2614,329,6.75,43.01,1,99.5,93.30000000000001,1405,195.6,75.3,21.09,-22.203,5.188,4.198,35.0,36.0,74.0,1566,1,-7.6,0.41
2615,329,6.775,43.02,1,99.5,93.30000000000001,1405,195.5,75.4,21.11,-22.203,5.188,4.198,34.0,36.0,74.0,1566,1,-7.6,0.43
2616,329,6.75,42.98,1,99.5,93.30000000000001,1406,195.4,75.3,21.13,-22.211,5.188,4.198,34.0,36.0,74.0,1566,1,-7.6,0.41
2617,329,6.75,42.96,1,99.5,93.30000000000001,1406,195.4,75.3,21.09,-22.219,5.188,4.198,35.0,36.0,74.0,1565,1,-7.6,0.42
2618,329,6.75,43.02,1,99.5,93.30000000000001,1406,195.5,75.4,21.09,-22.211,5.188,4.198,35.0,35.9,74.0,1565,1,-7.6,0.42
2619,329,6.75,43.01,1,99.5,93.30000000000001,1405,195.5,75.4,21.11,-22.219,5.188,4.198,35.0,35.9,74.0,1565,1,-7.6,0.43
2620,329,6.775,42.98,1,99.5,93.30000000000001,1405,195.4,75.4,21.1,-22.211,5.188,4.198,35.0,35.9,74.0,1565,1,-7.6,0.43
2621,329,6.775,42.97,1,99.5,93.30000000000001,1405,195.4,75.3,21.12,-22.211,5.188,4.198,34.0,35.9,74.0,1565,1,-7.6,0.43
2622,329,6.775,42.95,1,99.5,93.30000000000001,1405,195.4,75.3,21.11,-22.211,5.188,4.198,35.0,35.9,74.0,1565,1,-7.6,0.42
2623,329,6.775,42.94,1,99.5,93.30000000000001,1405,195.3,75.4,21.08,-22.211,5.188,4.198,34.0,35.9,73.0,1565,1,-7.6,0.42
2624,329,6.75,42.95,1,99.5,93.30000000000001,1405,195.4,75.3,21.14,-22.211,5.188,4.198,35.0,35.9,73.0,1565,1,-7.7,0.42
2625,329,6.775,43.01,1,99.5,93.30000000000001,1405,195.3,75.3,21.14,-22.211,5.188,4.198,35.0,35.9,73.0,1565,1,-7.7,0.41
2626,329,6.775,42.99,1,99.5,93.30000000000001,1405,195.2,75.3,21.12,-22.211,5.188,4.198,35.0,35.9,73.0,1565,1,-7.7,0.43
2627,329,6.75,42.98,1,99.5,93.30000000000001,1405,195.3,75.3,21.09,-22.211,5.188,4.198,34.0,35.9,73.0,1565,1,-7.7,0.42
2628,329,6.775,43.02,1,99.5,93.4,1405,195.3,75.4,21.18,-22.211,5.188,4.198,34.0,35.9,73.0,1565,1,-7.7,0.43
2629,329,6.775,43.02,1,99.5,93.30000000000001,1406,195.3,75.3,21.11,-22.203,5.188,4.198,34.0,35.9,73.0,1565,1,-7.7,0.42
2630,329,6.775,43.01,1,99.5,93.30000000000001,1406,195.3,75.3,21.08,-22.211,5.188,4.198,35.0,35.9,73.0,1565,1,-7.7,0.42
2631,329,6.75,42.98,1,99.5,93.30000000000001,1405,195.3,75.4,21.11,-22.203,5.188,4.198,35.0,35.9,73.0,1565,1,-7.7,0.43
2632,329,6.75,42.97,1,99.5,93.30000000000001,1405,195.3,75.4,21.13,-22.203,5.188,4.198,34.0,35.9,73.0,1564,1,-7.7,0.43
2633,329,6.75,42.98,1,99.5,93.30000000000001,1405,195.3,75.4,21.13,-22.203,5.188,4.198,34.0,35.9,73.0,1564,1,-7.7,0.42
2634,329,6.775,43.01,1,99.5,93.30000000000001,1405,195.3,75.4,21.12,-22.211,5.188,4.198,34.0,35.9,73.0,1564,1,-7.7,0.42
2635,329,6.75,43.02,1,99.5,93.30000000000001,1405,195.2,75.5,21.07,-22.211,5.188,4.198,34.0,35.8,73.0,1564,1,-7.7,0.42
2636,329,6.75,42.98,1,99.5,93.30000000000001,1405,195.3,75.5,21.14,-22.211,5.188,4.198,34.0,35.8,73.0,1564,1,-7.7,0.42
2637,329,6.775,42.93,1,99.5,93.30000000000001,1406,195.3,75.4,21.14,-22.211,5.188,4.198,34.0,35.8,73.0,1564,1,-7.8,0.43
2638,329,6.75,42.97,1,99.5,93.30000000000001,1407,195.3,75.3,21.1,-22.219,5.188,4.198,34.0,35.9,73.0,1564,1,-7.8,0.43
2639,329,6.75,42.97,1,99.5,93.30000000000001,1406,195.2,75.4,21.1,-22.219,5.188,4.198,34.0,35.8,73.0,1564,1,-7.8,0.42
2640,329,6.775,42.97,1,99.5,93.30000000000001,1406,195.2,75.2,21.14,-22.219,5.188,4.198,35.0,35.8,73.0,1564,1,-7.8,0.43
2641,329,6.775,43.0,1,99.4,93.30000000000001,1405,195.2,75.2,21.09,-22.227,5.188,4.198,34.0,35.8,73.0,1564,1,-7.8,0.43
2642,329,6.775,43.02,1,99.5,93.30000000000001,1405,195.2,75.4,21.04,-22.234,5.188,4.198,34.0,35.8,73.0,1564,1,-7.8,0.43
2643,329,6.75,43.02,1,99.5,93.30000000000001,1405,195.2,75.3,21.12,-22.234,5.188,4.198,34.0,35.9,73.0,1564,1,-7.8,0.43
2644,329,6.75,43.04,1,99.5,93.30000000000001,1405,195.2,75.4,21.13,-22.242,5.188,4.198,34.0,35.8,73.0,1564,1,-7.8,0.43
2645,329,6.75,43.05,1,99.5,93.30000000000001,1405,195.3,75.4,21.08,-22.25,5.188,4.198,35.0,35.8,73.0,1564,1,-7.8,0.43
2646,329,6.775,43.01,1,99.5,93.30000000000001,1405,195.2,75.4,21.13,-22.25,5.188,4.199,34.0,35.8,73.0,1564,1,-7.8,0.43
2647,329,6.775,43.04,1,99.5,93.30000000000001,1406,195.3,75.5,21.12,-22.242,5.188,4.198,34.0,35.8,73.0,1564,1,-7.8,0.43
2648,329,6.775,43.03,1,99.5,93.30000000000001,1405,195.3,75.3,21.14,-22.25,5.188,4.198,35.0,35.8,73.0,1564,1,-7.8,0.42
2649,329,6.775,43.04,1,99.5,93.30000000000001,1405,195.3,75.3,21.15,-22.25,5.188,4.198,34.0,35.8,73.0,1563,1,-7.8,0.42
2650,329,6.75,43.04,1,99.5,93.30000000000001,1405,195.3,75.5,21.14,-22.258,5.188,4.198,34.0,35.8,73.0,1563,1,-7.8,0.43
2651,329,6.775,43.03,1,99.5,93.30000000000001,1405,195.3,75.4,21.1,-22.258,5.188,4.198,34.0,35.8,73.0,1563,1,-7.8,0.42
2652,329,6.775,43.06,1,99.5,93.30000000000001,1405,195.3,75.5,21.11,-22.25,5.188,4.198,34.0,35.8,73.0,1563,1,-7.8,0.42
2653,329,6.75,43.05,1,99.5,93.30000000000001,1405,195.3,75.5,21.08,-22.258,5.188,4.198,34.0,35.8,73.0,1563,1,-7.9,0.43
2654,329,6.75,43.02,1,99.5,93.30000000000001,1405,195.2,75.4,21.14,-22.25,5.188,4.198,35.0,35.8,73.0,1563,1,-7.8,0.42
2655,329,6.75,43.05,1,99.5,93.30000000000001,1405,195.2,75.4,21.07,-22.25,5.188,4.198,34.0,35.8,73.0,1563,1,-7.8,0.42
2656,329,6.75,43.04,1,99.5,93.30000000000001,1405,195.2,75.5,21.14,-22.258,5.188,4.198,34.0,35.8,73.0,1563,1,-7.9,0.43
2657,329,6.75,43.0,1,99.5,93.4,1405,195.2,75.3,21.13,-22.258,5.188,4.198,35.0,35.8,73.0,1563,1,-7.9,0.43
2658,329,6.75,43.04,1,99.5,93.4,1405,195.2,75.4,21.08,-22.266,5.188,4.198,34.0,35.8,73.0,1563,1,-7.9,0.43
2659,329,6.775,42.99,1,99.5,93.30000000000001,1404,195.3,75.4,21.09,-22.266,5.188,4.198,34.0,35.8,73.0,1563,1,-7.9,0.43
2660,329,6.775,43.03,1,99.5,93.30000000000001,1405,195.3,75.5,21.12,-22.266,5.188,4.198,34.0,35.8,73.0,1563,1,-7.9,0.43
2661,329,6.775,43.08,1,99.5,93.30000000000001,1405,195.2,75.3,21.11,-22.258,5.188,4.198,34.0,35.8,73.0,1563,1,-7.9,0.42
2662,329,6.75,43.05,1,99.5,93.30000000000001,1405,195.2,75.3,21.1,-22.258,5.188,4.198,34.0,35.8,73.0,1563,1,-7.9,0.42
2663,329,6.75,43.02,1,99.5,93.30000000000001,1405,195.2,75.4,21.11,-22.258,5.188,4.198,35.0,35.8,73.0,1563,1,-7.9,0.43
2664,329,6.75,43.03,1,99.5,93.30000000000001,1405,195.2,75.3,21.1,-22.258,5.188,4.198,34.0,35.8,73.0,1562,1,-7.9,0.43
2665,329,6.775,43.07,1,99.5,93.4,1405,195.2,75.4,21.11,-22.25,5.188,4.198,34.0,35.8,73.0,1562,1,-8.0,0.43
2666,329,6.775,43.02,1,99.5,93.30000000000001,1406,195.2,75.4,21.11,-22.25,5.191,4.198,34.0,35.7,73.0,1562,1,-7.9,0.42
2667,329,6.775,43.02,1,99.5,93.30000000000001,1406,195.2,75.4,21.11,-22.242,5.191,4.198,34.0,35.8,73.0,1562,1,-7.9,0.42
2668,329,6.775,43.03,1,99.5,93.30000000000001,1406,195.2,75.6,21.11,-22.242,5.191,4.198,34.0,35.8,73.0,1562,1,-7.9,0.41
2669,329,6.75,43.04,1,99.5,93.30000000000001,1405,195.2,75.5,21.06,-22.25,5.191,4.198,34.0,35.8,73.0,1562,1,-8.0,0.42
2670,329,6.775,43.03,1,99.5,93.30000000000001,1405,195.1,75.5,21.08,-22.242,5.191,4.198,34.0,35.7,73.0,1562,1,-8.0,0.42
2671,329,6.775,43.05,1,99.5,93.30000000000001,1405,195.1,75.4,21.09,-22.242,5.191,4.198,34.0,35.7,73.0,1562,1,-8.0,0.42
2672,329,6.775,43.0,1,99.5,93.30000000000001,1406,195.2,75.5,21.11,-22.234,5.188,4.198,34.0,35.7,73.0,1562,1,-8.0,0.42
2673,329,6.775,42.99,1,99.5,93.30000000000001,1406,195.2,75.4,21.09,-22.234,5.191,4.198,34.0,35.7,73.0,1562,1,-8.0,0.42
2674,329,6.75,43.0,1,99.5,93.30000000000001,1407,195.2,75.5,21.11,-22.227,5.191,4.198,34.0,35.7,73.0,1562,1,-8.0,0.43
2675,329,6.775,43.04,1,99.5,93.30000000000001,1406,195.3,75.6,21.09,-22.227,5.191,4.198,34.0,35.7,73.0,1562,1,-8.0,0.42
2676,329,6.775,43.02,1,99.5,93.30000000000001,1405,195.3,75.7,21.1,-22.227,5.191,4.198,34.0,35.7,73.0,1562,1,-8.0,0.42
2677,329,6.775,43.02,1,99.5,93.30000000000001,1405,195.3,75.4,21.16,-22.234,5.191,4.198,34.0,35.7,73.0,1562,1,-8.0,0.43
2678,329,6.775,43.08,1,99.5,93.30000000000001,1405,195.4,75.4,21.16,-22.227,5.191,4.198,34.0,35.7,73.0,1562,1,-8.0,0.41
2679,329,6.75,43.06,1,99.5,93.30000000000001,1404,195.3,75.3,21.12,-22.234,5.188,4.198,34.0,35.7,73.0,1562,1,-8.0,0.42
2680,330,6.775,43.07,1,99.5,93.30000000000001,1404,195.3,75.4,21.13,-22.227,5.188,4.198,34.0,35.7,73.0,1561,1,-8.0,0.42
2681,330,6.775,43.07,1,99.5,93.30000000000001,1404,195.3,75.5,21.12,-22.227,5.188,4.198,34.0,35.6,73.0,1561,1,-8.0,0.42
2682,330,6.775,43.05,1,99.5,93.30000000000001,1405,195.4,75.4,21.11,-22.227,5.188,4.198,34.0,35.6,73.0,1561,1,-8.0,0.43
2683,330,6.75,43.09,1,99.4,93.30000000000001,1405,195.3,75.4,21.11,-22.227,5.188,4.198,34.0,35.6,73.0,1561,1,-8.0,0.42
2684,330,6.75,43.07,1,99.5,93.30000000000001,1404,195.4,75.5,21.1,-22.227,5.188,4.198,34.0,35.6,73.0,1561,1,-8.0,0.42
2685,330,6.75,43.08,1,99.5,93.4,1404,195.4,75.5,21.14,-22.227,5.188,4.198,34.0,35.6,73.0,1561,1,-8.0,0.42
2686,330,6.75,43.07,1,99.5,93.30000000000001,1404,195.4,75.4,21.11,-22.227,5.188,4.198,34.0,35.6,73.0,1561,1,-8.0,0.42
2687,330,6.775,43.09,1,99.5,93.30000000000001,1404,195.5,75.4,21.09,-22.227,5.191,4.198,34.0,35.6,73.0,1561,1,-8.1,0.41
2688,330,6.75,43.09,1,99.5,93.30000000000001,1404,195.5,75.3,21.12,-22.227,5.188,4.198,34.0,35.6,73.0,1561,1,-8.1,0.42
2689,329,6.75,43.03,1,99.5,93.30000000000001,1404,195.4,75.4,21.13,-22.227,5.188,4.198,34.0,35.6,73.0,1561,1,-8.1,0.42
2690,329,6.75,43.09,1,99.5,93.30000000000001,1404,195.4,75.4,21.09,-22.219,5.188,4.198,34.0,35.6,73.0,1561,1,-8.1,0.43
2691,329,6.775,43.09,1,99.5,93.30000000000001,1405,195.3,75.4,21.1,-22.219,5.188,4.198,34.0,35.6,73.0,1561,1,-8.1,0.43
2692,329,6.775,43.12,1,99.5,93.4,1405,195.3,75.5,21.12,-22.219,5.188,4.198,34.0,35.6,73.0,1561,1,-8.1,0.43
2693,329,6.75,43.1,1,99.5,93.30000000000001,1405,195.4,75.4,21.11,-22.219,5.188,4.198,34.0,35.6,73.0,1561,1,-8.1,0.43
2694,329,6.75,43.1,1,99.5,93.30000000000001,1405,195.3,75.6,21.11,-22.219,5.188,4.198,34.0,35.6,73.0,1561,1,-8.1,0.42
2695,329,6.775,43.08,1,99.5,93.30000000000001,1405,195.3,75.5,21.08,-22.211,5.188,4.198,34.0,35.6,73.0,1561,1,-8.1,0.42
2696,329,6.775,43.06,1,99.5,93.4,1405,195.3,75.5,21.16,-22.219,5.188,4.198,34.0,35.5,73.0,1560,1,-8.1,0.42
2697,329,6.775,43.09,1,99.5,93.30000000000001,1405,195.4,75.5,21.11,-22.219,5.188,4.198,34.0,35.5,73.0,1560,1,-8.1,0.42
2698,329,6.75,43.04,1,99.5,93.30000000000001,1404,195.4,75.5,21.12,-22.227,5.188,4.198,34.0,35.5,73.0,1560,1,-8.1,0.42
2699,330,6.75,43.08,1,99.5,93.30000000000001,1404,195.4,75.4,21.1,-22.227,5.188,4.198,34.0,35.5,73.0,1560,1,-8.1,0.42
2700,330,6.775,43.13,1,99.5,93.30000000000001,1404,195.4,75.5,21.11,-22.219,5.188,4.198,34.0,35.5,73.0,1560,1,-8.1,0.42
2701,330,6.775,43.1,1,99.5,93.30000000000001,1405,195.5,75.5,21.13,-22.219,5.188,4.198,34.0,35.5,73.0,1560,1,-8.1,0.42
2702,330,6.775,43.11,1,99.5,93.30000000000001,1404,195.5,75.6,21.12,-22.219,5.188,4.198,34.0,35.5,73.0,1560,1,-8.1,0.43
2703,329,6.775,43.08,1,99.5,93.30000000000001,1404,195.5,75.5,21.12,-22.211,5.188,4.198,34.0,35.5,73.0,1560,1,-8.1,0.43
2704,329,6.775,43.09,1,99.5,93.30000000000001,1404,195.5,75.5,21.12,-22.211,5.188,4.198,34.0,35.5,73.0,1560,1,-8.1,0.42
2705,329,6.775,43.12,1,99.5,93.30000000000001,1404,195.5,75.3,21.11,-22.211,5.188,4.198,34.0,35.5,73.0,1560,1,-8.2,0.43
2706,329,6.775,43.04,1,99.5,93.30000000000001,1405,195.5,75.4,21.1,-22.203,5.188,4.198,34.0,35.5,73.0,1560,1,-8.2,0.42
2707,330,6.775,43.06,1,99.5,93.4,1404,195.4,75.5,21.16,-22.211,5.191,4.198,34.0,35.4,73.0,1560,1,-8.2,0.42
2708,330,6.775,43.07,1,99.5,93.30000000000001,1404,195.5,75.5,21.12,-22.203,5.191,4.198,34.0,35.4,73.0,1560,1,-8.2,0.42
2709,330,6.775,43.11,1,99.5,93.30000000000001,1404,195.5,75.4,21.16,-22.203,5.191,4.198,34.0,35.4,73.0,1560,1,-8.2,0.42
2710,329,6.75,43.1,1,99.5,93.30000000000001,1404,195.4,75.4,21.09,-22.203,5.191,4.198,34.0,35.4,73.0,1560,1,-8.2,0.42
2711,329,6.775,43.09,1,99.5,93.4,1404,195.4,75.4,21.17,-22.195,5.191,4.198,34.0,35.4,73.0,1560,1,-8.2,0.43
2712,329,6.775,43.01,1,99.5,93.30000000000001,1404,195.4,75.3,21.12,-22.195,5.191,4.198,34.0,35.4,73.0,1560,1,-8.2,0.42
2713,329,6.775,43.08,1,99.5,93.30000000000001,1405,195.4,75.4,21.11,-22.188,5.191,4.198,34.0,35.4,73.0,1559,1,-8.2,0.43
2714,329,6.775,43.09,1,99.5,93.30000000000001,1405,195.4,75.4,21.13,-22.188,5.191,4.198,34.0,35.4,73.0,1559,1,-8.2,0.43
2715,329,6.775,43.09,1,99.5,93.30000000000001,1405,195.4,75.4,21.11,-22.18,5.191,4.198,34.0,35.4,73.0,1559,1,-8.2,0.43
2716,329,6.775,43.06,1,99.5,93.30000000000001,1405,195.4,75.2,21.13,-22.18,5.191,4.198,34.0,35.4,73.0,1559,1,-8.2,0.42
2717,329,6.775,43.08,1,99.5,93.30000000000001,1405,195.4,75.4,21.12,-22.188,5.191,4.198,34.0,35.4,73.0,1559,1,-8.2,0.43
2718,329,6.75,43.06,1,99.5,93.30000000000001,1405,195.3,75.4,21.1,-22.18,5.191,4.198,34.0,35.4,73.0,1559,1,-8.2,0.43
2719,329,6.775,43.07,1,99.5,93.30000000000001,1404,195.4,75.5,21.09,-22.18,5.191,4.198,34.0,35.3,73.0,1559,1,-8.2,0.43
2720,329,6.75,43.07,1,99.4,93.30000000000001,1404,195.4,75.4,21.13,-22.172,5.191,4.198,34.0,35.3,73.0,1559,1,-8.2,0.42
2721,329,6.75,43.08,1,99.4,93.30000000000001,1404,195.4,75.3,21.12,-22.18,5.191,4.198,34.0,35.3,73.0,1559,1,-8.3,0.43
2722,329,6.775,43.09,1,99.5,93.30000000000001,1404,195.4,75.5,21.14,-22.18,5.195,4.198,34.0,35.3,73.0,1559,1,-8.2,0.43
2723,329,6.775,43.09,1,99.5,93.30000000000001,1404,195.4,75.4,21.1,-22.18,5.195,4.198,34.0,35.3,73.0,1559,1,-8.2,0.43
2724,329,6.75,43.08,1,99.5,93.4,1404,195.4,75.3,21.11,-22.18,5.195,4.198,34.0,35.3,73.0,1559,1,-8.3,0.43
2725,329,6.75,43.12,1,99.5,93.4,1405,195.4,75.4,21.12,-22.172,5.195,4.198,34.0,35.3,73.0,1559,1,-8.3,0.43
2726,329,6.75,43.12,1,99.5,93.30000000000001,1405,195.5,75.4,21.08,-22.172,5.195,4.198,34.0,35.3,73.0,1559,1,-8.3,0.42
2727,329,6.775,43.1,1,99.5,93.4,1404,195.5,75.4,21.09,-22.164,5.195,4.198,34.0,35.3,73.0,1559,1,-8.3,0.42
2728,329,6.775,43.06,1,99.4,93.30000000000001,1404,195.4,75.5,21.11,-22.156,5.195,4.198,34.0,35.3,73.0,1559,1,-8.3,0.42
2729,329,6.75,43.03,1,99.5,93.30000000000001,1404,195.4,75.4,21.07,-22.156,5.195,4.198,34.0,35.3,72.0,1558,1,-8.3,0.42
2730,329,6.75,43.06,1,99.5,93.30000000000001,1404,195.5,75.4,21.11,-22.148,5.195,4.198,34.0,35.3,72.0,1558,1,-8.3,0.42
2731,329,6.75,43.05,1,99.4,93.30000000000001,1404,195.5,75.4,21.12,-22.148,5.195,4.198,34.0,35.3,72.0,1558,1,-8.3,0.42
2732,329,6.75,43.09,1,99.4,93.30000000000001,1405,195.6,75.5,21.09,-22.141,5.195,4.198,34.0,35.3,72.0,1558,1,-8.3,0.42
2733,329,6.75,43.08,1,99.4,93.30000000000001,1405,195.6,75.4,21.11,-22.141,5.195,4.198,34.0,35.3,72.0,1558,1,-8.3,0.43
2734,329,6.775,43.13,1,99.4,93.30000000000001,1404,195.6,75.4,21.1,-22.133,5.195,4.198,34.0,35.3,72.0,1558,1,-8.3,0.42
2735,329,6.775,43.1,1,99.4,93.30000000000001,1404,195.6,75.4,21.15,-22.125,5.195,4.198,34.0,35.3,72.0,1558,1,-8.3,0.43
2736,329,6.775,43.06,1,99.4,93.30000000000001,1404,195.5,75.4,21.09,-22.125,5.195,4.198,34.0,35.3,72.0,1558,1,-8.3,0.42
2737,329,6.775,43.07,1,99.4,93.30000000000001,1404,195.5,75.4,21.1,-22.125,5.195,4.198,34.0,35.3,72.0,1558,1,-8.3,0.42
2738,329,6.775,43.06,1,99.4,93.30000000000001,1405,195.5,75.4,21.14,-22.125,5.195,4.198,34.0,35.3,72.0,1558,1,-8.3,0.42
2739,329,6.775,43.04,1,99.5,93.30000000000001,1405,195.5,75.5,21.15,-22.125,5.195,4.198,34.0,35.2,72.0,1558,1,-8.3,0.41
2740,329,6.775,43.07,1,99.4,93.30000000000001,1405,195.6,75.5,21.08,-22.109,5.195,4.198,34.0,35.2,72.0,1558,1,-8.3,0.41
2741,329,6.75,43.08,1,99.4,93.30000000000001,1405,195.5,75.5,21.11,-22.109,5.195,4.198,34.0,35.2,72.0,1558,1,-8.3,0.41
2742,329,6.775,43.08,1,99.4,93.30000000000001,1404,195.6,75.5,21.07,-22.109,5.195,4.198,34.0,35.2,72.0,1558,1,-8.3,0.41
2743,329,6.775,43.07,1,99.4,93.30000000000001,1404,195.5,75.5,21.12,-22.102,5.195,4.198,34.0,35.2,72.0,1558,1,-8.4,0.42
2744,329,6.75,43.09,1,99.5,93.30000000000001,1404,195.5,75.4,21.15,-22.109,5.195,4.198,34.0,35.2,72.0,1558,1,-8.4,0.42
2745,329,6.775,43.08,1,99.4,93.30000000000001,1404,195.5,75.5,21.1,-22.109,5.195,4.198,34.0,35.2,72.0,1558,1,-8.4,0.42
2746,329,6.775,43.04,1,99.4,93.30000000000001,1404,195.5,75.3,21.1,-22.102,5.195,4.198,34.0,35.2,72.0,1557,1,-8.4,0.41
2747,329,6.775,43.09,1,99.4,93.30000000000001,1404,195.5,75.2,21.13,-22.102,5.195,4.198,34.0,35.2,72.0,1557,1,-8.4,0.41
2748,329,6.75,43.08,1,99.4,93.30000000000001,1404,195.5,75.3,21.12,-22.102,5.195,4.198,34.0,35.2,72.0,1557,1,-8.4,0.42
2749,329,6.75,43.08,1,99.4,93.30000000000001,1404,195.5,75.3,21.15,-22.109,5.195,4.198,34.0,35.2,72.0,1557,1,-8.4,0.42
2750,329,6.775,43.08,1,99.4,93.30000000000001,1404,195.5,75.4,21.12,-22.102,5.195,4.198,34.0,35.2,72.0,1557,1,-8.4,0.41
2751,329,6.775,43.08,1,99.4,93.30000000000001,1404,195.5,75.4,21.1,-22.102,5.195,4.198,34.0,35.2,72.0,1557,1,-8.4,0.41
2752,329,6.775,43.06,1,99.4,93.30000000000001,1404,195.5,75.4,21.14,-22.094,5.195,4.198,34.0,35.2,72.0,1557,1,-8.4,0.43
2753,329,6.775,43.11,1,99.4,93.30000000000001,1404,195.5,75.4,21.12,-22.094,5.195,4.198,34.0,35.2,72.0,1557,1,-8.4,0.42
2754,329,6.75,43.06,1,99.4,93.30000000000001,1404,195.5,75.3,21.1,-22.094,5.195,4.198,33.0,35.1,72.0,1557,1,-8.4,0.42
2755,329,6.75,43.1,1,99.4,93.30000000000001,1404,195.5,75.4,21.09,-22.094,5.195,4.198,34.0,35.2,72.0,1557,1,-8.4,0.42
2756,329,6.75,43.07,1,99.4,93.30000000000001,1405,195.5,75.3,21.09,-22.094,5.195,4.198,34.0,35.1,72.0,1557,1,-8.4,0.43
2757,329,6.75,43.04,1,99.4,93.30000000000001,1405,195.5,75.3,21.14,-22.094,5.195,4.198,34.0,35.1,72.0,1557,1,-8.4,0.42
2758,329,6.775,43.07,1,99.5,93.30000000000001,1405,195.5,75.5,21.13,-22.102,5.195,4.198,34.0,35.1,72.0,1557,1,-8.4,0.42
2759,329,6.775,43.06,1,99.4,93.30000000000001,1404,195.4,75.3,21.12,-22.102,5.195,4.198,34.0,35.1,72.0,1557,1,-8.4,0.42
2760,329,6.75,43.05,1,99.4,93.30000000000001,1404,195.5,75.4,21.11,-22.094,5.195,4.198,34.0,35.1,72.0,1557,1,-8.4,0.42
2761,329,6.75,43.04,1,99.4,93.30000000000001,1404,195.5,75.3,21.09,-22.094,5.195,4.198,34.0,35.1,72.0,1557,1,-8.4,0.42
2762,329,6.775,43.05,1,99.4,93.30000000000001,1404,195.5,75.3,21.12,-22.094,5.195,4.198,33.0,35.1,72.0,1556,1,-8.4,0.42
2763,329,6.775,43.09,1,99.4,93.30000000000001,1404,195.4,75.3,21.12,-22.102,5.191,4.198,34.0,35.1,72.0,1556,1,-8.4,0.43
2764,329,6.775,43.06,1,99.4,93.30000000000001,1404,195.4,75.3,21.12,-22.102,5.195,4.198,34.0,35.1,72.0,1556,1,-8.4,0.42
2765,329,6.775,43.1,1,99.4,93.30000000000001,1404,195.4,75.5,21.16,-22.102,5.195,4.198,34.0,35.1,72.0,1556,1,-8.4,0.42
2766,329,6.775,43.07,1,99.4,93.30000000000001,1404,195.3,75.5,21.12,-22.102,5.195,4.198,34.0,35.1,72.0,1556,1,-8.4,0.42
2767,329,6.75,43.06,1,99.4,93.30000000000001,1404,195.4,75.3,21.11,-22.102,5.195,4.198,34.0,35.1,72.0,1556,1,-8.5,0.42
2768,329,6.75,43.05,1,99.4,93.30000000000001,1403,195.4,75.4,21.11,-22.102,5.195,4.198,34.0,35.1,72.0,1556,1,-8.5,0.42
2769,329,6.775,43.08,1,99.4,93.30000000000001,1403,195.4,75.4,21.11,-22.109,5.195,4.198,34.0,35.1,72.0,1556,1,-8.5,0.42
2770,329,6.775,43.03,1,99.4,93.30000000000001,1403,195.5,75.3,21.15,-22.102,5.195,4.198,34.0,35.1,72.0,1556,1,-8.5,0.42
2771,329,6.775,43.07,1,99.4,93.30000000000001,1404,195.4,75.3,21.07,-22.102,5.195,4.198,34.0,35.1,72.0,1556,1,-8.5,0.41
2772,329,6.75,43.04,1,99.4,93.30000000000001,1404,195.5,75.2,21.21,-22.102,5.195,4.198,33.0,35.0,72.0,1556,1,-8.5,0.41
2773,329,6.75,43.03,1,99.4,93.30000000000001,1404,195.5,75.3,21.14,-22.109,5.191,4.198,33.0,35.1,72.0,1556,1,-8.5,0.41
2774,329,6.775,43.03,1,99.4,93.30000000000001,1404,195.5,75.3,21.11,-22.109,5.191,4.198,34.0,35.1,72.0,1556,1,-8.5,0.41
2775,329,6.775,43.07,1,99.4,93.30000000000001,1404,195.5,75.3,21.13,-22.109,5.191,4.198,34.0,35.0,72.0,1556,1,-8.5,0.41
2776,329,6.775,43.05,1,99.4,93.30000000000001,1404,195.5,75.4,21.07,-22.109,5.195,4.198,33.0,35.0,72.0,1556,1,-8.5,0.42
2777,329,6.775,43.07,1,99.4,93.30000000000001,1404,195.5,75.4,21.09,-22.125,5.191,4.198,33.0,35.0,72.0,1556,1,-8.5,0.43
2778,329,6.775,43.07,1,99.4,93.30000000000001,1404,195.4,75.3,21.13,-22.125,5.191,4.198,34.0,35.0,72.0,1556,1,-8.5,0.43
2779,329,6.775,43.08,1,99.5,93.30000000000001,1404,195.4,75.3,21.1,-22.125,5.195,4.198,34.0,35.0,72.0,1555,1,-8.5,0.43
2780,329,6.75,43.1,1,99.4,93.30000000000001,1404,195.5,75.6,21.13,-22.133,5.195,4.198,34.0,35.0,72.0,1555,1,-8.5,0.43
2781,329,6.75,43.09,1,99.4,93.30000000000001,1404,195.6,75.5,21.1,-22.125,5.195,4.198,34.0,35.0,72.0,1555,1,-8.5,0.43
2782,329,6.75,43.05,1,99.5,93.30000000000001,1404,195.6,75.4,21.08,-22.125,5.195,4.198,33.0,35.0,72.0,1555,1,-8.5,0.43
2783,329,6.75,43.08,1,99.5,93.30000000000001,1405,195.5,75.5,21.09,-22.125,5.195,4.198,33.0,35.0,72.0,1555,1,-8.5,0.42
2784,329,6.775,43.1,1,99.5,93.30000000000001,1405,195.5,75.5,21.1,-22.125,5.195,4.198,33.0,35.0,72.0,1555,1,-8.5,0.43
2785,329,6.775,43.1,1,99.4,93.30000000000001,1406,195.6,75.5,21.08,-22.125,5.195,4.198,33.0,35.0,72.0,1555,1,-8.5,0.43
2786,329,6.775,43.07,1,99.4,93.30000000000001,1406,195.5,75.4,21.14,-22.125,5.195,4.198,33.0,35.0,72.0,1555,1,-8.5,0.43
2787,329,6.775,43.08,1,99.4,93.30000000000001,1405,195.4,75.4,21.11,-22.125,5.195,4.198,34.0,35.0,72.0,1555,1,-8.5,0.42
2788,329,6.775,43.04,1,99.5,93.30000000000001,1405,195.4,75.5,21.07,-22.125,5.195,4.198,33.0,35.0,72.0,1555,1,-8.5,0.43
2789,329,6.775,43.08,1,99.4,93.30000000000001,1405,195.4,75.4,21.11,-22.125,5.195,4.198,33.0,35.0,72.0,1555,1,-8.6,0.42
2790,329,6.775,43.05,1,99.4,93.30000000000001,1405,195.4,75.5,21.08,-22.133,5.195,4.198,34.0,35.0,72.0,1555,1,-8.5,0.43
2791,329,6.75,43.04,1,99.4,93.30000000000001,1404,195.3,75.5,21.14,-22.141,5.195,4.198,33.0,35.0,72.0,1555,1,-8.5,0.43
2792,329,6.75,43.07,1,99.4,93.30000000000001,1404,195.3,75.4,21.07,-22.141,5.195,4.198,33.0,34.9,72.0,1555,1,-8.6,0.43
2793,329,6.775,43.04,1,99.4,93.30000000000001,1404,195.3,75.4,21.12,-22.141,5.191,4.198,34.0,35.0,72.0,1555,1,-8.6,0.43
2794,328,6.775,43.08,1,99.4,93.30000000000001,1404,195.2,75.3,21.12,-22.148,5.191,4.198,33.0,34.9,72.0,1555,1,-8.6,0.43
2795,328,6.775,43.07,1,99.5,93.30000000000001,1404,195.2,75.3,21.11,-22.156,5.191,4.198,34.0,34.9,72.0,1555,1,-8.6,0.43
2796,328,6.775,43.09,1,99.5,93.30000000000001,1404,195.2,75.3,21.13,-22.156,5.191,4.198,34.0,34.9,72.0,1555,1,-8.6,0.42
2797,328,6.75,43.1,1,99.5,93.30000000000001,1404,195.1,75.3,21.13,-22.156,5.191,4.198,33.0,34.9,72.0,1554,1,-8.6,0.42
2798,328,6.75,43.06,1,99.5,93.30000000000001,1405,195.0,75.4,21.11,-22.164,5.191,4.198,33.0,34.9,72.0,1554,1,-8.6,0.43
2799,328,6.775,43.08,1,99.5,93.30000000000001,1404,195.0,75.3,21.11,-22.164,5.195,4.198,33.0,34.9,72.0,1554,1,-8.6,0.42
2800,328,6.775,43.05,1,99.5,93.30000000000001,1404,194.9,75.3,21.12,-22.172,5.195,4.198,33.0,34.9,72.0,1554,1,-8.6,0.43
2801,328,6.75,43.06,1,99.5,93.30000000000001,1404,194.8,75.4,21.16,-22.18,5.195,4.198,33.0,34.9,72.0,1554,1,-8.6,0.42
2802,328,6.75,43.08,1,99.4,93.30000000000001,1404,194.9,75.5,21.1,-22.18,5.191,4.198,33.0,34.9,72.0,1554,1,-8.6,0.41
2803,328,6.75,43.1,1,99.5,93.30000000000001,1404,194.9,75.5,21.12,-22.188,5.191,4.198,33.0,34.9,72.0,1554,1,-8.6,0.42
2804,328,6.775,43.1,1,99.5,93.30000000000001,1404,194.8,75.4,21.12,-22.195,5.195,4.198,33.0,34.9,72.0,1554,1,-8.6,0.43
2805,328,6.775,43.07,1,99.5,93.30000000000001,1405,194.8,75.5,21.14,-22.203,5.195,4.198,34.0,34.9,72.0,1554,1,-8.6,0.42
2806,328,6.775,43.08,1,99.5,93.30000000000001,1405,194.8,75.3,21.12,-22.203,5.195,4.198,33.0,34.9,72.0,1554,1,-8.6,0.42
2807,328,6.775,43.07,1,99.5,93.30000000000001,1405,194.8,75.4,21.09,-22.211,5.191,4.198,33.0,34.9,72.0,1554,1,-8.6,0.43
2808,328,6.75,43.11,1,99.5,93.30000000000001,1405,194.8,75.4,21.14,-22.219,5.191,4.198,33.0,34.9,72.0,1554,1,-8.6,0.43
2809,328,6.75,43.06,1,99.5,93.30000000000001,1405,194.9,75.5,21.07,-22.219,5.191,4.198,33.0,34.9,72.0,1554,1,-8.6,0.42
2810,328,6.75,43.09,1,99.5,93.30000000000001,1405,194.9,75.5,21.1,-22.227,5.191,4.198,33.0,34.9,72.0,1554,1,-8.6,0.42
2811,328,6.75,43.11,1,99.5,93.4,1406,194.8,75.4,21.11,-22.234,5.195,4.198,33.0,34.9,72.0,1554,1,-8.6,0.43
2812,328,6.775,43.06,1,99.5,93.30000000000001,1406,194.8,75.4,21.13,-22.234,5.195,4.198,34.0,34.9,72.0,1554,1,-8.6,0.42
2813,328,6.75,43.1,1,99.5,93.30000000000001,1405,194.8,75.4,21.12,-22.234,5.195,4.198,33.0,34.8,72.0,1554,1,-8.6,0.43
2814,328,6.75,43.08,1,99.5,93.4,1405,194.8,75.5,21.08,-22.242,5.195,4.198,34.0,34.8,72.0,1553,1,-8.6,0.43
2815,328,6.75,43.09,1,99.5,93.30000000000001,1405,194.8,75.4,21.13,-22.25,5.195,4.198,33.0,34.8,72.0,1553,1,-8.6,0.42
2816,328,6.775,43.08,1,99.5,93.30000000000001,1405,194.8,75.5,21.12,-22.25,5.195,4.198,33.0,34.8,72.0,1553,1,-8.7,0.42
2817,328,6.75,43.06,1,99.5,93.30000000000001,1406,194.9,75.4,21.1,-22.25,5.195,4.198,33.0,34.8,72.0,1553,1,-8.6,0.43
2818,328,6.75,43.11,1,99.5,93.4,1406,194.9,75.3,21.11,-22.25,5.195,4.198,33.0,34.8,72.0,1553,1,-8.7,0.43
2819,328,6.775,43.09,1,99.5,93.30000000000001,1406,194.9,75.4,21.14,-22.25,5.195,4.198,33.0,34.8,72.0,1553,1,-8.7,0.43
2820,328,6.775,43.04,1,99.5,93.30000000000001,1406,194.8,75.5,21.12,-22.242,5.195,4.198,33.0,34.8,72.0,1553,1,-8.7,0.43
2821,328,6.75,43.08,1,99.5,93.30000000000001,1405,194.8,75.4,21.12,-22.242,5.195,4.198,33.0,34.8,72.0,1553,1,-8.6,0.42
2822,328,6.775,43.06,1,99.5,93.30000000000001,1405,194.9,75.4,21.1,-22.242,5.195,4.198,33.0,34.8,72.0,1553,1,-8.7,0.43
2823,328,6.75,43.09,1,99.5,93.30000000000001,1406,194.8,75.6,21.13,-22.242,5.191,4.198,33.0,34.8,72.0,1553,1,-8.7,0.42
2824,328,6.75,43.13,1,99.5,93.4,1406,194.8,75.4,21.11,-22.242,5.191,4.198,34.0,34.8,72.0,1553,1,-8.7,0.43
2825,328,6.775,43.09,1,99.5,93.30000000000001,1405,194.7,75.4,21.12,-22.242,5.191,4.198,33.0,34.8,72.0,1553,1,-8.7,0.42
2826,328,6.775,43.09,1,99.5,93.30000000000001,1405,194.7,75.4,21.14,-22.242,5.191,4.198,34.0,34.8,72.0,1553,1,-8.7,0.43
2827,328,6.75,43.08,1,99.5,93.30000000000001,1405,194.7,75.5,21.1,-22.242,5.191,4.198,34.0,34.8,72.0,1553,1,-8.7,0.42
2828,328,6.775,43.09,1,99.5,93.30000000000001,1404,194.7,75.4,21.11,-22.25,5.191,4.198,33.0,34.8,72.0,1553,1,-8.7,0.44
2829,328,6.775,43.15,1,99.5,93.30000000000001,1404,194.6,75.4,21.12,-22.25,5.191,4.198,33.0,34.8,72.0,1553,1,-8.7,0.43
2830,328,6.75,43.13,1,99.5,93.30000000000001,1405,194.6,75.4,21.14,-22.258,5.191,4.198,33.0,34.8,72.0,1553,1,-8.7,0.43
2831,328,6.75,43.11,1,99.5,93.30000000000001,1405,194.6,75.4,21.08,-22.266,5.191,4.198,33.0,34.8,72.0,1552,1,-8.7,0.43
2832,328,6.75,43.08,1,99.5,93.30000000000001,1405,194.6,75.5,21.11,-22.266,5.191,4.198,33.0,34.8,72.0,1552,1,-8.7,0.43
2833,328,6.75,43.09,1,99.5,93.30000000000001,1405,194.6,75.3,21.12,-22.266,5.191,4.198,34.0,34.8,72.0,1552,1,-8.7,0.43
2834,328,6.775,43.1,1,99.5,93.30000000000001,1405,194.5,75.4,21.08,-22.273,5.191,4.198,33.0,34.8,72.0,1552,1,-8.7,0.43
2835,328,6.775,43.07,1,99.5,93.30000000000001,1405,194.5,75.4,21.16,-22.266,5.191,4.198,33.0,34.8,71.0,1552,1,-8.7,0.43
2836,328,6.775,43.06,1,99.5,93.30000000000001,1405,194.4,75.5,21.12,-22.266,5.191,4.198,33.0,34.8,71.0,1552,1,-8.7,0.43
2837,328,6.775,43.1,1,99.5,93.30000000000001,1405,194.4,75.5,21.12,-22.258,5.191,4.198,33.0,34.8,71.0,1552,1,-8.7,0.43
2838,328,6.75,43.09,1,99.5,93.30000000000001,1405,194.4,75.5,21.14,-22.258,5.191,4.198,33.0,34.8,71.0,1552,1,-8.7,0.42
2839,328,6.775,43.08,1,99.5,93.30000000000001,1405,194.4,75.5,21.12,-22.266,5.191,4.198,33.0,34.7,71.0,1552,1,-8.7,0.43
2840,328,6.775,43.12,1,99.5,93.30000000000001,1404,194.4,75.4,21.1,-22.266,5.191,4.198,33.0,34.7,71.0,1552,1,-8.7,0.42
2841,328,6.775,43.08,1,99.5,93.30000000000001,1405,194.4,75.2,21.13,-22.273,5.191,4.198,33.0,34.7,71.0,1552,1,-8.7,0.43
2842,328,6.775,43.08,1,99.5,93.30000000000001,1405,194.4,75.5,21.12,-22.281,5.191,4.198,33.0,34.7,71.0,1552,1,-8.7,0.43
2843,328,6.75,43.07,1,99.5,93.30000000000001,1405,194.3,75.5,21.1,-22.289,5.191,4.198,33.0,34.7,71.0,1552,1,-8.7,0.42
2844,328,6.75,43.06,1,99.5,93.30000000000001,1405,194.3,75.4,21.17,-22.281,5.191,4.198,34.0,34.7,71.0,1552,1,-8.7,0.43
2845,328,6.775,43.09,1,99.5,93.30000000000001,1405,194.3,75.4,21.14,-22.289,5.191,4.198,33.0,34.7,71.0,1552,1,-8.7,0.43
2846,328,6.775,43.07,1,99.5,93.30000000000001,1405,194.3,75.4,21.14,-22.297,5.191,4.198,33.0,34.7,71.0,1552,1,-8.7,0.43
2847,328,6.75,43.09,1,99.5,93.30000000000001,1405,194.3,75.3,21.16,-22.305,5.191,4.198,33.0,34.7,71.0,1552,1,-8.7,0.44
2848,328,6.75,43.06,1,99.5,93.30000000000001,1405,194.2,75.4,21.13,-22.312,5.191,4.198,33.0,34.7,71.0,1552,1,-8.7,0.43
2849,328,6.75,43.14,1,99.6,93.30000000000001,1405,194.3,75.5,21.13,-22.312,5.191,4.198,33.0,34.7,71.0,1552,1,-8.7,0.43
2850,328,6.775,43.07,1,99.6,93.30000000000001,1406,194.2,75.6,21.09,-22.312,5.191,4.198,33.0,34.7,71.0,1551,1,-8.8,0.43
2851,328,6.775,43.06,1,99.6,93.30000000000001,1406,194.2,75.5,21.11,-22.312,5.191,4.198,33.0,34.7,71.0,1551,1,-8.8,0.42
2852,328,6.775,43.08,1,99.5,93.30000000000001,1405,194.2,75.5,21.12,-22.32,5.191,4.198,33.0,34.7,71.0,1551,1,-8.8,0.44
2853,328,6.775,43.04,1,99.6,93.30000000000001,1406,194.3,75.4,21.1,-22.328,5.191,4.198,33.0,34.6,71.0,1551,1,-8.8,0.43
2854,328,6.775,43.08,1,99.5,93.30000000000001,1405,194.3,75.4,21.13,-22.328,5.191,4.198,33.0,34.6,71.0,1551,1,-8.8,0.43
2855,328,6.775,43.12,1,99.5,93.30000000000001,1405,194.3,75.4,21.12,-22.328,5.191,4.198,33.0,34.6,71.0,1551,1,-8.8,0.43
2856,328,6.75,43.12,1,99.6,93.30000000000001,1405,194.4,75.6,21.16,-22.328,5.191,4.198,33.0,34.6,71.0,1551,1,-8.8,0.43
2857,328,6.75,43.1,1,99.5,93.30000000000001,1405,194.4,75.5,21.1,-22.328,5.191,4.198,33.0,34.6,71.0,1551,1,-8.8,0.44
2858,328,6.75,43.11,1,99.6,93.30000000000001,1405,194.4,75.6,21.12,-22.336,5.191,4.198,33.0,34.6,71.0,1551,1,-8.8,0.43
2859,328,6.775,43.08,1,99.6,93.30000000000001,1405,194.4,75.4,21.12,-22.344,5.191,4.198,33.0,34.6,71.0,1551,1,-8.8,0.43
2860,328,6.775,43.11,1,99.6,93.30000000000001,1405,194.4,75.5,21.11,-22.336,5.191,4.198,33.0,34.6,71.0,1551,1,-8.8,0.43
2861,328,6.775,43.07,1,99.5,93.30000000000001,1405,194.5,75.5,21.08,-22.336,5.191,4.198,33.0,34.6,71.0,1551,1,-8.8,0.43
2862,328,6.75,43.1,1,99.5,93.30000000000001,1406,194.5,75.6,21.14,-22.336,5.191,4.198,33.0,34.6,71.0,1551,1,-8.8,0.43
2863,328,6.75,43.11,1,99.5,93.30000000000001,1405,194.5,75.5,21.09,-22.344,5.191,4.198,33.0,34.6,71.0,1551,1,-8.8,0.42
2864,328,6.775,43.11,1,99.6,93.30000000000001,1405,194.5,75.3,21.15,-22.344,5.191,4.198,33.0,34.6,71.0,1551,1,-8.8,0.42
2865,328,6.775,43.03,1,99.6,93.30000000000001,1405,194.5,75.4,21.14,-22.336,5.191,4.198,33.0,34.6,71.0,1551,1,-8.8,0.42
2866,328,6.75,43.11,1,99.6,93.30000000000001,1405,194.5,75.6,21.14,-22.344,5.191,4.198,33.0,34.6,71.0,1551,1,-8.8,0.42
2867,328,6.75,43.1,1,99.6,93.30000000000001,1405,194.4,75.4,21.11,-22.344,5.191,4.198,33.0,34.6,71.0,1550,1,-8.8,0.43
2868,328,6.75,43.08,1,99.6,93.30000000000001,1405,194.4,75.5,21.11,-22.344,5.191,4.198,33.0,34.6,71.0,1550,1,-8.8,0.42
2869,328,6.75,43.12,1,99.6,93.30000000000001,1405,194.4,75.6,21.08,-22.344,5.191,4.198,33.0,34.6,71.0,1550,1,-8.8,0.42
2870,328,6.775,43.08,1,99.6,93.30000000000001,1405,194.4,75.5,21.15,-22.344,5.191,4.198,33.0,34.6,71.0,1550,1,-8.8,0.43
2871,328,6.775,43.09,1,99.6,93.30000000000001,1405,194.4,75.4,21.09,-22.336,5.191,4.198,33.0,34.6,71.0,1550,1,-8.8,0.42
2872,328,6.775,43.09,1,99.5,93.30000000000001,1405,194.4,75.3,21.09,-22.336,5.191,4.198,33.0,34.6,71.0,1550,1,-8.8,0.43
2873,328,6.75,43.1,1,99.6,93.30000000000001,1406,194.5,75.3,21.1,-22.336,5.191,4.198,33.0,34.6,71.0,1550,1,-8.8,0.42
2874,328,6.775,43.13,1,99.6,93.4,1405,194.6,75.4,21.14,-22.336,5.191,4.198,33.0,34.6,71.0,1550,1,-8.8,0.42
2875,328,6.775,43.06,1,99.6,93.30000000000001,1405,194.6,75.5,21.12,-22.336,5.191,4.198,33.0,34.6,71.0,1550,1,-8.8,0.42
2876,328,6.775,43.09,1,99.5,93.30000000000001,1405,194.5,75.5,21.1,-22.336,5.191,4.198,33.0,34.6,71.0,1550,1,-8.8,0.42
2877,328,6.75,43.1,1,99.5,93.30000000000001,1406,194.5,75.5,21.14,-22.336,5.191,4.198,33.0,34.6,71.0,1550,1,-8.8,0.42
2878,328,6.775,43.08,1,99.5,93.30000000000001,1406,194.5,75.5,21.13,-22.336,5.191,4.198,33.0,34.6,71.0,1550,1,-8.9,0.43
2879,328,6.775,43.13,1,99.5,93.30000000000001,1406,194.5,75.5,21.13,-22.336,5.191,4.198,33.0,34.6,71.0,1550,1,-8.9,0.42
2880,328,6.775,43.13,1,99.5,93.30000000000001,1406,194.5,75.4,21.14,-22.336,5.191,4.198,33.0,34.6,71.0,1550,1,-8.9,0.43
2881,328,6.775,43.09,1,99.6,93.30000000000001,1405,194.5,75.6,21.12,-22.328,5.191,4.198,33.0,34.6,71.0,1550,1,-8.9,0.42
2882,328,6.75,43.1,1,99.5,93.30000000000001,1405,194.6,75.4,21.11,-22.328,5.191,4.198,33.0,34.6,71.0,1550,1,-8.9,0.42
2883,328,6.75,43.14,1,99.6,93.30000000000001,1405,194.5,75.5,21.12,-22.328,5.191,4.198,33.0,34.6,71.0,1550,1,-8.9,0.42
2884,328,6.775,43.14,1,99.6,93.4,1405,194.5,75.5,21.16,-22.328,5.191,4.198,33.0,34.6,71.0,1550,1,-8.9,0.43
2885,328,6.775,43.05,1,99.5,93.30000000000001,1405,194.6,75.4,21.14,-22.32,5.191,4.198,33.0,34.5,71.0,1549,1,-8.9,0.41
2886,328,6.775,43.11,1,99.5,93.30000000000001,1405,194.6,75.4,21.12,-22.32,5.191,4.198,33.0,34.5,71.0,1549,1,-8.9,0.42
2887,328,6.75,43.14,1,99.5,93.4,1405,194.7,75.4,21.13,-22.32,5.191,4.198,33.0,34.5,71.0,1549,1,-8.9,0.42
2888,328,6.775,43.07,1,99.5,93.30000000000001,1404,194.6,75.4,21.09,-22.32,5.191,4.198,33.0,34.5,71.0,1549,1,-8.9,0.42
2889,328,6.75,43.04,1,99.5,93.30000000000001,1404,194.6,75.7,21.14,-22.32,5.191,4.198,33.0,34.5,71.0,1549,1,-8.9,0.42
2890,328,6.75,43.11,1,99.5,93.30000000000001,1404,194.6,75.5,21.14,-22.32,5.191,4.198,33.0,34.5,71.0,1549,1,-8.9,0.43
2891,328,6.75,43.07,1,99.5,93.30000000000001,1405,194.6,75.4,21.08,-22.32,5.191,4.198,33.0,34.5,71.0,1549,1,-8.9,0.43
2892,328,6.75,43.07,1,99.5,93.30000000000001,1405,194.6,75.6,21.11,-22.312,5.191,4.198,33.0,34.5,71.0,1549,1,-8.9,0.43
2893,328,6.75,43.11,1,99.5,93.30000000000001,1405,194.6,75.6,21.11,-22.312,5.191,4.198,33.0,34.5,71.0,1549,1,-8.9,0.43
2894,328,6.775,43.09,1,99.6,93.30000000000001,1405,194.6,75.5,21.08,-22.312,5.191,4.198,33.0,34.5,71.0,1549,1,-8.9,0.42
2895,328,6.775,43.11,1,99.6,93.30000000000001,1405,194.7,75.5,21.12,-22.305,5.191,4.198,33.0,34.5,71.0,1549,1,-8.9,0.43
2896,328,6.775,43.11,1,99.5,93.30000000000001,1405,194.8,75.4,21.14,-22.312,5.191,4.198,33.0,34.5,71.0,1549,1,-8.9,0.43
2897,328,6.75,43.07,1,99.6,93.30000000000001,1404,194.8,75.4,21.11,-22.312,5.191,4.198,33.0,34.5,71.0,1549,1,-8.9,0.41
2898,328,6.75,43.1,1,99.5,93.30000000000001,1404,194.8,75.2,21.14,-22.312,5.191,4.198,33.0,34.5,71.0,1549,1,-8.9,0.43
2899,328,6.75,43.06,1,99.5,93.30000000000001,1404,194.8,75.2,21.12,-22.32,5.191,4.198,33.0,34.5,71.0,1549,1,-8.9,0.42
2900,328,6.775,43.07,1,99.5,93.30000000000001,1404,194.8,75.3,21.07,-22.32,5.191,4.198,33.0,34.5,71.0,1549,1,-8.9,0.42
2901,328,6.775,43.11,1,99.5,93.30000000000001,1404,194.8,75.4,21.11,-22.32,5.191,4.198,33.0,34.5,71.0,1549,1,-8.9,0.42
2902,328,6.775,43.11,1,99.5,93.30000000000001,1404,194.7,75.5,21.08,-22.32,5.191,4.198,33.0,34.5,71.0,1549,1,-8.9,0.43
2903,328,6.775,43.11,1,99.6,93.30000000000001,1404,194.7,75.4,21.07,-22.328,5.191,4.198,33.0,34.5,71.0,1548,1,-8.9,0.43
2904,328,6.75,43.07,1,99.5,93.30000000000001,1404,194.7,75.4,21.13,-22.328,5.191,4.198,33.0,34.5,71.0,1548,1,-8.9,0.44
2905,328,6.75,43.08,1,99.6,93.30000000000001,1404,194.8,75.3,21.11,-22.336,5.191,4.198,33.0,34.5,71.0,1548,1,-8.9,0.43
2906,328,6.775,43.09,1,99.5,93.30000000000001,1405,194.7,75.5,21.11,-22.336,5.191,4.198,33.0,34.5,71.0,1548,1,-8.9,0.42
2907,328,6.775,43.07,1,99.5,93.30000000000001,1405,194.8,75.3,21.09,-22.336,5.191,4.198,33.0,34.5,71.0,1548,1,-8.9,0.43
2908,328,6.775,43.09,1,99.5,93.30000000000001,1406,194.8,75.4,21.07,-22.336,5.191,4.198,33.0,34.5,71.0,1548,1,-9.0,0.41
2909,328,6.775,43.12,1,99.5,93.30000000000001,1406,194.7,75.4,21.11,-22.336,5.191,4.198,33.0,34.5,71.0,1548,1,-9.0,0.43
2910,328,6.75,43.1,1,99.5,93.30000000000001,1406,194.7,75.2,21.11,-22.344,5.191,4.198,33.0,34.5,71.0,1548,1,-8.9,0.42
2911,328,6.75,43.08,1,99.5,93.30000000000001,1406,194.7,75.3,21.14,-22.352,5.191,4.198,33.0,34.5,71.0,1548,1,-8.9,0.41
2912,328,6.775,43.13,1,99.6,93.30000000000001,1406,194.7,75.4,21.12,-22.352,5.191,4.198,33.0,34.5,71.0,1548,1,-8.9,0.42
2913,328,6.775,43.11,1,99.6,93.30000000000001,1405,194.7,75.4,21.16,-22.359,5.191,4.198,33.0,34.5,71.0,1548,1,-9.0,0.42
2914,328,6.775,43.1,1,99.6,93.30000000000001,1405,194.7,75.4,21.11,-22.367,5.191,4.198,33.0,34.5,71.0,1548,1,-9.0,0.42
2915,328,6.775,43.09,1,99.6,93.30000000000001,1405,194.6,75.4,21.1,-22.367,5.191,4.198,33.0,34.5,71.0,1548,1,-9.0,0.42
2916,328,6.775,43.1,1,99.6,93.30000000000001,1405,194.6,75.4,21.09,-22.367,5.191,4.198,33.0,34.5,71.0,1548,1,-9.0,0.43
2917,328,6.775,43.06,1,99.6,93.30000000000001,1406,194.7,75.4,21.04,-22.375,5.191,4.198,33.0,34.5,71.0,1548,1,-9.0,0.43
2918,328,6.775,43.07,1,99.6,93.30000000000001,1406,194.7,75.5,21.09,-22.383,5.191,4.198,33.0,34.4,71.0,1548,1,-9.0,0.42
2919,329,6.775,43.13,1,99.6,93.4,1406,194.7,75.6,21.09,-22.383,5.191,4.198,33.0,34.4,71.0,1548,1,-9.0,0.42
2920,329,6.75,43.08,1,99.5,93.30000000000001,1405,194.7,75.4,21.18,-22.391,5.191,4.198,33.0,34.4,71.0,1548,1,-9.0,0.42
2921,329,6.775,43.1,1,99.6,93.30000000000001,1405,194.7,75.5,21.11,-22.398,5.188,4.198,33.0,34.4,71.0,1548,1,-9.0,0.42
2922,329,6.775,43.12,1,99.6,93.30000000000001,1405,194.7,75.6,21.11,-22.398,5.191,4.198,33.0,34.4,71.0,1547,1,-9.0,0.42
2923,329,6.775,43.08,1,99.6,93.30000000000001,1405,194.6,75.5,21.11,-22.406,5.191,4.198,33.0,34.4,71.0,1547,1,-9.0,0.41
2924,329,6.775,43.1,1,99.6,93.30000000000001,1405,194.6,75.5,21.14,-22.406,5.191,4.198,33.0,34.4,71.0,1547,1,-9.0,0.42
2925,329,6.775,43.07,1,99.6,93.30000000000001,1405,194.6,75.5,21.1,-22.414,5.188,4.198,33.0,34.4,71.0,1547,1,-9.0,0.42
2926,329,6.775,43.11,1,99.6,93.30000000000001,1405,194.5,75.4,21.12,-22.422,5.188,4.198,33.0,34.4,71.0,1547,1,-9.0,0.41
2927,329,6.775,43.1,1,99.6,93.30000000000001,1406,194.5,75.4,21.09,-22.43,5.188,4.198,33.0,34.4,71.0,1547,1,-9.0,0.42
2928,329,6.75,43.12,1,99.6,93.30000000000001,1406,194.5,75.3,21.09,-22.438,5.188,4.198,33.0,34.4,71.0,1547,1,-9.0,0.41
2929,329,6.75,43.09,1,99.6,93.30000000000001,1405,194.4,75.3,21.12,-22.445,5.188,4.198,33.0,34.4,71.0,1547,1,-9.0,0.42
2930,329,6.75,43.08,1,99.6,93.4,1405,194.5,75.4,21.12,-22.453,5.188,4.198,33.0,34.4,71.0,1547,1,-9.0,0.41
2931,329,6.775,43.13,1,99.6,93.30000000000001,1405,194.5,75.4,21.14,-22.453,5.188,4.198,33.0,34.4,71.0,1547,1,-9.0,0.42
2932,329,6.775,43.13,1,99.6,93.4,1405,194.5,75.2,21.14,-22.461,5.188,4.198,33.0,34.4,71.0,1547,1,-9.0,0.42
2933,329,6.75,43.13,1,99.6,93.30000000000001,1406,194.5,75.4,21.14,-22.469,5.188,4.197,33.0,34.4,71.0,1547,1,-9.0,0.41
2934,329,6.75,43.09,1,99.6,93.30000000000001,1406,194.5,75.5,21.11,-22.477,5.188,4.198,33.0,34.3,71.0,1547,1,-9.0,0.42
2935,329,6.75,43.13,1,99.7,93.4,1406,194.5,75.5,21.12,-22.477,5.188,4.198,33.0,34.4,71.0,1547,1,-9.0,0.42
2936,329,6.775,43.14,1,99.6,93.30000000000001,1406,194.5,75.3,21.13,-22.477,5.188,4.198,33.0,34.3,71.0,1547,1,-9.0,0.42
2937,329,6.775,43.13,1,99.6,93.30000000000001,1406,194.4,75.4,21.1,-22.477,5.188,4.198,33.0,34.3,71.0,1547,1,-9.0,0.43
2938,329,6.775,43.13,1,99.6,93.30000000000001,1407,194.4,75.4,21.14,-22.484,5.188,4.198,33.0,34.3,71.0,1547,1,-9.0,0.42
2939,329,6.775,43.09,1,99.6,93.30000000000001,1406,194.4,75.5,21.11,-22.492,5.188,4.198,33.0,34.3,71.0,1547,1,-9.0,0.42
2940,329,6.75,43.11,1,99.7,93.4,1406,194.4,75.3,21.11,-22.5,5.188,4.198,33.0,34.3,71.0,1546,1,-9.1,0.43
2941,329,6.75,43.13,1,99.6,93.4,1405,194.5,75.5,21.13,-22.5,5.188,4.198,33.0,34.3,70.0,1546,1,-9.0,0.43
2942,329,6.775,43.08,1,99.7,93.4,1406,194.4,75.4,21.1,-22.5,5.188,4.198,33.0,34.3,71.0,1546,1,-9.1,0.42
2943,329,6.775,43.11,1,99.6,93.4,1406,194.5,75.2,21.08,-22.5,5.188,4.198,33.0,34.3,70.0,1546,1,-9.1,0.42
2944,329,6.75,43.1,1,99.6,93.30000000000001,1406,194.4,75.3,21.11,-22.5,5.188,4.198,33.0,34.3,70.0,1546,1,-9.1,0.42
2945,329,6.775,43.11,1,99.7,93.4,1405,194.4,75.4,21.16,-22.508,5.188,4.198,33.0,34.3,70.0,1546,1,-9.1,0.43
2946,329,6.775,43.11,1,99.7,93.4,1405,194.4,75.4,21.11,-22.516,5.188,4.198,33.0,34.3,70.0,1546,1,-9.1,0.43
2947,329,6.775,43.13,1,99.7,93.30000000000001,1405,194.5,75.3,21.12,-22.523,5.188,4.198,33.0,34.3,70.0,1546,1,-9.1,0.44
2948,329,6.75,43.1,1,99.6,93.30000000000001,1405,194.5,75.4,21.12,-22.523,5.188,4.198,33.0,34.3,70.0,1546,1,-9.1,0.42
2949,329,6.775,43.12,1,99.7,93.4,1405,194.5,75.4,21.08,-22.523,5.188,4.198,33.0,34.3,70.0,1546,1,-9.1,0.42
2950,329,6.775,43.12,1,99.6,93.4,1405,194.5,75.4,21.14,-22.523,5.188,4.198,33.0,34.3,70.0,1546,1,-9.1,0.43
2951,329,6.775,43.13,1,99.7,93.4,1405,194.5,75.6,21.09,-22.523,5.188,4.198,33.0,34.3,70.0,1546,1,-9.1,0.43
2952,329,6.75,43.09,1,99.6,93.30000000000001,1406,194.6,75.5,21.11,-22.531,5.191,4.198,33.0,34.3,70.0,1546,1,-9.1,0.43
2953,329,6.75,43.13,1,99.7,93.30000000000001,1406,194.5,75.4,21.12,-22.531,5.191,4.198,33.0,34.3,70.0,1546,1,-9.1,0.43
2954,329,6.75,43.11,1,99.7,93.4,1406,194.6,75.4,21.11,-22.531,5.191,4.198,33.0,34.3,70.0,1546,1,-9.1,0.42
2955,329,6.775,43.1,1,99.7,93.30000000000001,1405,194.6,75.5,21.11,-22.539,5.191,4.198,33.0,34.3,70.0,1546,1,-9.1,0.42
2956,330,6.775,43.14,1,99.6,93.30000000000001,1405,194.6,75.5,21.13,-22.539,5.191,4.198,33.0,34.2,70.0,1546,1,-9.1,0.42
2957,330,6.75,43.1,1,99.7,93.30000000000001,1405,194.6,75.5,21.15,-22.539,5.191,4.198,33.0,34.2,70.0,1546,1,-9.1,0.43
2958,330,6.75,43.11,1,99.7,93.4,1406,194.5,75.4,21.09,-22.539,5.191,4.198,33.0,34.3,70.0,1546,1,-9.1,0.43
2959,330,6.775,43.15,1,99.7,93.4,1406,194.5,75.4,21.16,-22.539,5.191,4.198,33.0,34.3,70.0,1545,1,-9.1,0.42
2960,330,6.775,43.13,1,99.7,93.30000000000001,1406,194.5,75.4,21.1,-22.539,5.188,4.198,33.0,34.2,70.0,1545,1,-9.1,0.42
2961,330,6.775,43.1,1,99.6,93.30000000000001,1405,194.4,75.5,21.11,-22.539,5.188,4.198,33.0,34.2,70.0,1545,1,-9.1,0.43
2962,330,6.775,43.08,1,99.7,93.4,1406,194.4,75.6,21.18,-22.539,5.188,4.197,33.0,34.2,70.0,1545,1,-9.1,0.43
2963,330,6.75,43.12,1,99.7,93.30000000000001,1406,194.4,75.5,21.14,-22.539,5.188,4.198,32.0,34.3,70.0,1545,1,-9.1,0.43
2964,330,6.75,43.14,1,99.7,93.4,1406,194.4,75.5,21.15,-22.539,5.188,4.198,33.0,34.2,70.0,1545,1,-9.1,0.42
2965,330,6.775,43.08,1,99.7,93.4,1406,194.5,75.4,21.09,-22.539,5.188,4.198,33.0,34.2,70.0,1545,1,-9.1,0.43
2966,330,6.775,43.12,1,99.7,93.4,1406,194.5,75.5,21.14,-22.547,5.191,4.198,33.0,34.2,70.0,1545,1,-9.1,0.43
2967,330,6.775,43.1,1,99.7,93.30000000000001,1406,194.5,75.6,21.11,-22.547,5.188,4.198,33.0,34.2,70.0,1545,1,-9.1,0.43
2968,330,6.75,43.11,1,99.6,93.30000000000001,1406,194.5,75.6,21.08,-22.547,5.191,4.198,33.0,34.2,70.0,1545,1,-9.1,0.43
2969,330,6.75,43.09,1,99.6,93.30000000000001,1405,194.5,75.5,21.17,-22.547,5.188,4.198,33.0,34.2,70.0,1545,1,-9.1,0.43
2970,330,6.775,43.07,1,99.7,93.4,1405,194.5,75.6,21.12,-22.547,5.188,4.198,33.0,34.2,70.0,1545,1,-9.2,0.43
2971,330,6.775,43.12,1,99.6,93.30000000000001,1405,194.5,75.6,21.11,-22.547,5.188,4.198,33.0,34.2,70.0,1545,1,-9.2,0.43
2972,330,6.775,43.1,1,99.7,93.4,1405,194.5,75.6,21.13,-22.555,5.188,4.198,33.0,34.2,70.0,1545,1,-9.2,0.42
2973,330,6.775,43.13,1,99.7,93.30000000000001,1405,194.5,75.5,21.08,-22.555,5.188,4.198,33.0,34.2,70.0,1545,1,-9.1,0.42
2974,330,6.75,43.11,1,99.7,93.4,1405,194.5,75.6,21.14,-22.562,5.188,4.197,33.0,34.2,70.0,1545,1,-9.2,0.42
2975,330,6.75,43.12,1,99.7,93.4,1406,194.6,75.4,21.14,-22.57,5.188,4.198,33.0,34.2,70.0,1545,1,-9.2,0.42
2976,330,6.775,43.11,1,99.7,93.4,1406,194.6,75.4,21.14,-22.57,5.188,4.198,33.0,34.2,70.0,1545,1,-9.2,0.43
2977,330,6.775,43.09,1,99.7,93.4,1406,194.5,75.6,21.09,-22.57,5.188,4.198,33.0,34.2,70.0,1545,1,-9.2,0.42
2978,330,6.75,43.09,1,99.7,93.30000000000001,1406,194.5,75.6,21.11,-22.578,5.188,4.198,33.0,34.2,70.0,1544,1,-9.2,0.42
2979,330,6.75,43.13,1,99.7,93.4,1405,194.6,75.5,21.11,-22.578,5.188,4.198,33.0,34.2,70.0,1544,1,-9.2,0.42
2980,330,6.775,43.14,1,99.7,93.4,1405,194.6,75.5,21.14,-22.586,5.188,4.198,33.0,34.2,70.0,1544,1,-9.2,0.42
2981,330,6.775,43.12,1,99.7,93.4,1405,194.6,75.5,21.15,-22.594,5.188,4.198,33.0,34.2,70.0,1544,1,-9.2,0.41
2982,330,6.775,43.1,1,99.7,93.4,1405,194.6,75.4,21.12,-22.602,5.188,4.198,33.0,34.2,70.0,1544,1,-9.2,0.42
2983,330,6.775,43.11,1,99.7,93.4,1405,194.6,75.4,21.16,-22.602,5.188,4.197,32.0,34.1,70.0,1544,1,-9.2,0.41
2984,331,6.75,43.1,1,99.7,93.30000000000001,1406,194.6,75.3,21.16,-22.602,5.188,4.198,32.0,34.2,70.0,1544,1,-9.2,0.42
2985,331,6.775,43.15,1,99.7,93.4,1405,194.5,75.4,21.1,-22.609,5.188,4.197,33.0,34.1,70.0,1544,1,-9.2,0.42
2986,331,6.775,43.12,1,99.7,93.4,1405,194.5,75.5,21.09,-22.609,5.188,4.198,33.0,34.1,70.0,1544,1,-9.2,0.42
2987,331,6.775,43.11,1,99.7,93.4,1405,194.4,75.5,21.11,-22.609,5.188,4.197,33.0,34.1,70.0,1544,1,-9.2,0.42
2988,331,6.775,43.1,1,99.7,93.30000000000001,1406,194.4,75.5,21.0,-22.625,5.188,4.198,32.0,34.1,70.0,1544,1,-9.2,0.42
2989,331,6.775,43.13,1,99.7,93.4,1406,194.4,75.5,20.95,-22.625,5.188,4.198,32.0,34.1,70.0,1544,1,-9.2,0.42
2990,331,6.75,43.16,1,99.8,93.4,1406,194.4,75.5,20.99,-22.633,5.188,4.198,33.0,34.1,70.0,1544,1,-9.2,0.42
2991,331,6.75,43.1,1,99.7,93.30000000000001,1406,194.4,75.4,20.97,-22.641,5.188,4.198,33.0,34.1,70.0,1544,1,-9.2,0.42
2992,331,6.775,43.14,1,99.7,93.30000000000001,1405,194.4,75.4,20.98,-22.641,5.188,4.198,33.0,34.1,70.0,1544,1,-9.2,0.43
2993,331,6.775,43.1,1,99.7,93.4,1405,194.4,75.3,20.95,-22.641,5.188,4.198,33.0,34.1,70.0,1544,1,-9.2,0.43
2994,331,6.775,43.09,1,99.7,93.4,1405,194.3,75.4,21.01,-22.641,5.188,4.198,33.0,34.1,70.0,1544,1,-9.2,0.43
2995,331,6.775,43.12,1,99.7,93.30000000000001,1405,194.4,75.4,20.96,-22.648,5.188,4.197,33.0,34.1,70.0,1544,1,-9.2,0.42
2996,331,6.75,43.12,1,99.7,93.4,1405,194.4,75.5,20.99,-22.656,5.188,4.198,33.0,34.1,70.0,1544,1,-9.2,0.43
2997,331,6.75,43.13,1,99.8,93.4,1405,194.4,75.5,21.0,-22.656,5.188,4.198,33.0,34.1,70.0,1543,1,-9.2,0.42
2998,331,6.75,43.15,1,99.7,93.4,1406,194.3,75.5,20.96,-22.656,5.188,4.198,32.0,34.1,70.0,1543,1,-9.2,0.42
2999,331,6.75,43.04,1,99.8,93.4,1406,194.3,75.5,20.99,-22.656,5.188,4.197,32.0,34.1,70.0,1543,1,-9.2,0.42
3000,331,6.775,43.12,1,99.7,93.4,1406,194.3,75.6,20.98,-22.656,5.188,4.198,32.0,34.1,70.0,1543,1,-9.2,0.42
3001,331,6.75,43.07,1,99.7,93.4,1406,194.3,75.8,20.96,-22.664,5.188,4.197,32.0,34.1,70.0,1543,1,-9.2,0.43
3002,331,6.75,43.12,1,99.7,93.4,1405,194.3,75.5,20.93,-22.664,5.188,4.198,33.0,34.1,70.0,1543,1,-9.2,0.42
3003,331,6.775,43.16,1,99.8,93.4,1406,194.3,75.5,21.01,-22.664,5.188,4.198,32.0,34.1,70.0,1543,1,-9.2,0.42
3004,331,6.775,43.16,1,99.8,93.4,1407,194.3,75.5,20.98,-22.664,5.188,4.198,33.0,34.1,70.0,1543,1,-9.2,0.43
3005,331,6.775,43.17,1,99.8,93.4,1406,194.4,75.6,21.0,-22.664,5.188,4.198,33.0,34.1,70.0,1543,1,-9.2,0.43
3006,331,6.775,43.1,1,99.8,93.4,1406,194.3,75.5,21.0,-22.664,5.188,4.198,33.0,34.1,70.0,1543,1,-9.2,0.42
3007,331,6.775,43.11,1,99.8,93.4,1405,194.2,75.6,20.97,-22.664,5.191,4.198,32.0,34.1,70.0,1543,1,-9.3,0.42
3008,331,6.775,43.13,1,99.8,93.4,1405,194.3,75.5,20.98,-22.656,5.188,4.198,33.0,34.1,70.0,1543,1,-9.3,0.41
3009,331,6.775,43.11,1,99.8,93.4,1405,194.3,75.5,20.97,-22.656,5.191,4.198,32.0,34.1,70.0,1543,1,-9.3,0.43
3010,331,6.775,43.12,1,99.8,93.4,1405,194.2,75.5,20.95,-22.656,5.191,4.198,33.0,34.1,70.0,1543,1,-9.3,0.42
3011,331,6.775,43.08,1,99.7,93.4,1406,194.1,75.5,20.91,-22.656,5.191,4.198,32.0,34.1,70.0,1543,1,-9.3,0.42
3012,332,6.775,43.04,1,99.8,93.4,1406,194.1,75.7,20.98,-22.648,5.191,4.198,32.0,34.1,70.0,1543,1,-9.3,0.42
3013,332,6.75,43.13,1,99.8,93.4,1406,194.1,75.6,20.95,-22.648,5.191,4.198,32.0,34.1,70.0,1543,1,-9.3,0.43
3014,332,6.75,43.11,1,99.7,93.4,1406,194.1,75.5,20.97,-22.648,5.191,4.198,32.0,34.1,70.0,1543,1,-9.3,0.41
3015,332,6.75,43.15,1,99.7,93.4,1407,194.2,75.6,20.93,-22.656,5.191,4.198,32.0,34.1,70.0,1543,1,-9.3,0.42
3016,332,6.775,43.16,1,99.7,93.4,1406,194.1,75.5,20.95,-22.648,5.191,4.198,33.0,34.1,70.0,1543,1,-9.3,0.42
3017,332,6.775,43.12,1,99.7,93.4,1406,194.1,75.4,21.01,-22.648,5.191,4.198,33.0,34.1,70.0,1542,1,-9.3,0.42
3018,332,6.775,43.14,1,99.7,93.4,1406,193.9,75.5,20.93,-22.648,5.191,4.198,32.0,34.1,70.0,1542,1,-9.3,0.41
3019,332,6.75,43.13,1,99.8,93.4,1406,193.9,75.6,20.97,-22.641,5.191,4.198,32.0,34.1,70.0,1542,1,-9.3,0.41
3020,332,6.75,43.14,1,99.7,93.4,1406,193.9,75.8,20.95,-22.641,5.191,4.198,33.0,34.0,70.0,1542,1,-9.3,0.41
3021,332,6.75,43.11,1,99.7,93.4,1405,193.9,75.6,20.99,-22.641,5.191,4.198,33.0,34.0,70.0,1542,1,-9.3,0.42
3022,332,6.775,43.13,1,99.7,93.4,1406,193.8,75.6,21.01,-22.641,5.191,4.198,33.0,34.1,70.0,1542,1,-9.3,0.41
3023,332,6.775,43.11,1,99.7,93.4,1406,193.8,75.6,20.94,-22.633,5.191,4.198,32.0,34.0,70.0,1542,1,-9.3,0.41
3024,332,6.775,43.13,1,99.7,93.4,1406,193.8,75.6,20.95,-22.633,5.191,4.198,33.0,34.0,70.0,1542,1,-9.3,0.42
3025,332,6.775,43.16,1,99.7,93.4,1406,193.8,75.4,20.98,-22.633,5.191,4.197,33.0,34.0,70.0,1542,1,-9.3,0.41
3026,332,6.75,43.1,1,99.7,93.4,1406,193.8,75.5,20.95,-22.625,5.191,4.198,32.0,34.0,70.0,1542,1,-9.3,0.41
3027,332,6.75,43.12,1,99.8,93.4,1405,193.8,75.5,21.0,-22.625,5.191,4.198,32.0,34.0,70.0,1542,1,-9.3,0.41
3028,332,6.75,43.11,1,99.7,93.4,1406,193.8,75.5,20.96,-22.617,5.191,4.198,32.0,34.0,70.0,1542,1,-9.3,0.42
3029,332,6.75,43.13,1,99.7,93.4,1407,193.8,75.5,20.98,-22.617,5.191,4.198,33.0,34.0,70.0,1542,1,-9.3,0.41
3030,332,6.775,43.1,1,99.7,93.4,1406,193.8,75.6,20.94,-22.625,5.191,4.198,32.0,34.0,70.0,1542,1,-9.3,0.42
3031,332,6.775,43.13,1,99.8,93.4,1406,193.8,75.7,20.98,-22.625,5.191,4.198,33.0,34.0,70.0,1542,1,-9.3,0.41
3032,332,6.75,43.14,1,99.7,93.4,1407,193.8,75.6,20.92,-22.625,5.191,4.198,33.0,34.0,70.0,1542,1,-9.3,0.42
3033,332,6.75,43.16,1,99.7,93.4,1406,193.7,75.6,20.96,-22.625,5.191,4.198,32.0,34.0,70.0,1542,1,-9.3,0.42
3034,332,6.775,43.11,1,99.8,93.4,1407,193.7,75.5,20.95,-22.625,5.191,4.198,32.0,34.0,70.0,1542,1,-9.4,0.43
3035,332,6.775,43.13,1,99.7,93.4,1407,193.7,75.6,20.99,-22.625,5.191,4.197,32.0,34.0,70.0,1542,1,-9.3,0.41
3036,332,6.775,43.09,1,99.8,93.4,1406,193.8,75.5,20.95,-22.633,5.191,4.198,32.0,34.0,70.0,1541,1,-9.4,0.42
3037,332,6.775,43.1,1,99.7,93.4,1406,193.8,75.5,20.94,-22.633,5.191,4.198,32.0,34.0,70.0,1541,1,-9.4,0.42
3038,333,6.775,43.14,1,99.8,93.4,1406,193.9,75.6,21.01,-22.641,5.191,4.198,32.0,34.0,70.0,1541,1,-9.4,0.42
3039,333,6.75,43.13,1,99.8,93.4,1406,193.9,75.4,20.98,-22.641,5.191,4.197,32.0,34.0,70.0,1541,1,-9.3,0.43
3040,333,6.75,43.14,1,99.7,93.4,1406,193.8,75.5,20.99,-22.641,5.191,4.198,32.0,34.0,70.0,1541,1,-9.3,0.42
3041,333,6.75,43.15,1,99.7,93.4,1406,193.8,75.5,21.02,-22.648,5.191,4.198,32.0,34.0,70.0,1541,1,-9.4,0.43
3042,333,6.775,43.13,1,99.8,93.4,1406,193.8,75.5,20.97,-22.648,5.195,4.198,32.0,34.0,70.0,1541,1,-9.4,0.42
3043,333,6.775,43.1,1,99.8,93.4,1406,193.8,75.4,21.0,-22.648,5.195,4.197,32.0,34.0,70.0,1541,1,-9.4,0.42
3044,333,6.75,43.14,1,99.7,93.4,1406,193.8,75.4,21.04,-22.648,5.195,4.197,32.0,34.0,70.0,1541,1,-9.4,0.42
3045,333,6.775,43.08,1,99.8,93.4,1406,193.8,75.3,20.96,-22.641,5.195,4.197,33.0,34.0,70.0,1541,1,-9.4,0.42
3046,333,6.75,43.14,1,99.8,93.4,1405,193.8,75.6,20.93,-22.641,5.195,4.197,32.0,34.0,70.0,1541,1,-9.4,0.42
3047,333,6.75,43.15,1,99.8,93.4,1406,193.7,75.5,20.97,-22.648,5.195,4.198,32.0,33.9,70.0,1541,1,-9.4,0.41
3048,333,6.775,43.14,1,99.7,93.4,1406,193.7,75.4,20.95,-22.648,5.195,4.198,32.0,33.9,70.0,1541,1,-9.4,0.41
3049,333,6.775,43.11,1,99.7,93.30000000000001,1407,193.7,75.4,20.96,-22.641,5.191,4.198,32.0,34.0,70.0,1541,1,-9.4,0.42
3050,333,6.775,43.13,1,99.7,93.4,1407,193.7,75.6,20.98,-22.648,5.195,4.198,32.0,34.0,70.0,1541,1,-9.4,0.42
3051,333,6.775,43.08,1,99.7,93.4,1406,193.7,75.5,20.95,-22.648,5.191,4.198,32.0,34.0,70.0,1541,1,-9.4,0.42
3052,333,6.775,43.09,1,99.8,93.4,1406,193.7,75.6,20.96,-22.648,5.191,4.198,33.0,33.9,70.0,1541,1,-9.4,0.42
3053,333,6.75,43.14,1,99.7,93.4,1406,193.7,75.5,20.96,-22.648,5.195,4.198,32.0,33.9,70.0,1541,1,-9.4,0.42
3054,333,6.775,43.17,1,99.8,93.4,1405,193.7,75.6,20.96,-22.641,5.191,4.197,32.0,33.9,70.0,1541,1,-9.4,0.42
3055,333,6.775,43.07,1,99.8,93.4,1406,193.7,75.5,20.98,-22.648,5.195,4.197,32.0,33.9,70.0,1541,1,-9.4,0.42
3056,333,6.775,43.14,1,99.7,93.4,1406,193.7,75.5,20.96,-22.648,5.195,4.198,32.0,33.9,70.0,1540,1,-9.4,0.42
3057,333,6.75,43.13,1,99.7,93.4,1405,193.7,75.5,20.95,-22.648,5.195,4.198,32.0,33.9,70.0,1540,1,-9.4,0.42
3058,333,6.75,43.06,1,99.8,93.4,1406,193.6,75.6,20.96,-22.648,5.195,4.198,33.0,33.9,70.0,1540,1,-9.4,0.41
3059,333,6.775,43.12,1,99.7,93.4,1406,193.6,75.5,20.95,-22.648,5.195,4.198,32.0,33.9,70.0,1540,1,-9.4,0.42
3060,333,6.775,43.15,1,99.8,93.4,1406,193.7,75.5,21.0,-22.648,5.195,4.197,32.0,33.9,69.0,1540,1,-9.4,0.42
3061,333,6.775,43.13,1,99.8,93.4,1406,193.8,75.5,21.01,-22.648,5.195,4.198,32.0,33.9,69.0,1540,1,-9.4,0.41
3062,333,6.775,43.12,1,99.8,93.4,1406,193.8,75.4,20.97,-22.648,5.191,4.198,32.0,33.9,69.0,1540,1,-9.4,0.41
3063,333,6.75,43.14,1,99.7,93.4,1406,193.8,75.5,21.0,-22.641,5.195,4.198,32.0,33.9,69.0,1540,1,-9.4,0.41
3064,333,6.775,43.08,1,99.7,93.4,1406,193.7,75.5,21.0,-22.641,5.195,4.198,32.0,33.9,69.0,1540,1,-9.4,0.41
3065,333,6.775,43.08,1,99.7,93.4,1406,193.8,75.5,20.98,-22.641,5.195,4.197,32.0,33.9,69.0,1540,1,-9.5,0.41
3066,333,6.775,43.1,1,99.8,93.4,1406,193.9,75.4,20.96,-22.641,5.195,4.197,32.0,33.9,69.0,1540,1,-9.4,0.41
3067,333,6.775,43.08,1,99.8,93.4,1406,193.9,75.3,21.0,-22.641,5.195,4.197,32.0,33.9,69.0,1540,1,-9.5,0.42
3068,333,6.75,43.11,1,99.8,93.4,1406,193.9,75.5,20.95,-22.633,5.195,4.197,32.0,33.9,69.0,1540,1,-9.5,0.42
3069,333,6.75,43.15,1,99.8,93.4,1406,193.9,75.6,20.96,-22.641,5.195,4.197,32.0,33.9,69.0,1540,1,-9.5,0.43
3070,333,6.75,43.11,1,99.8,93.4,1406,193.9,75.5,20.91,-22.633,5.195,4.198,32.0,33.9,69.0,1540,1,-9.5,0.41
3071,333,6.775,43.13,1,99.8,93.4,1406,193.8,75.5,20.95,-22.633,5.195,4.197,32.0,33.9,69.0,1540,1,-9.5,0.42
3072,333,6.775,43.11,1,99.7,93.4,1406,193.9,75.4,21.0,-22.633,5.195,4.197,32.0,33.9,69.0,1540,1,-9.5,0.42
3073,333,6.775,43.15,1,99.7,93.4,1406,193.9,75.4,20.98,-22.633,5.195,4.198,32.0,33.9,69.0,1540,1,-9.5,0.41
3074,333,6.75,43.15,1,99.7,93.4,1406,193.9,75.5,20.99,-22.633,5.195,4.198,32.0,33.9,69.0,1540,1,-9.5,0.41
3075,333,6.75,43.12,1,99.7,93.4,1406,193.9,75.4,21.01,-22.633,5.195,4.197,32.0,33.9,69.0,1540,1,-9.5,0.43
3076,333,6.75,43.13,1,99.7,93.4,1406,194.0,75.6,20.97,-22.625,5.199,4.197,32.0,33.8,69.0,1539,1,-9.5,0.42
3077,333,6.75,43.08,1,99.8,93.4,1406,193.9,75.4,21.0,-22.625,5.195,4.198,32.0,33.8,69.0,1539,1,-9.5,0.42
3078,333,6.75,43.11,1,99.7,93.4,1406,193.9,75.4,20.98,-22.617,5.195,4.198,32.0,33.8,69.0,1539,1,-9.5,0.41
3079,333,6.75,43.11,1,99.7,93.4,1407,194.0,75.5,20.94,-22.617,5.195,4.198,32.0,33.8,69.0,1539,1,-9.5,0.41
3080,333,6.775,43.12,1,99.7,93.4,1407,193.9,75.3,20.95,-22.617,5.195,4.198,32.0,33.8,69.0,1539,1,-9.5,0.42
3081,333,6.775,43.06,1,99.7,93.4,1407,193.9,75.3,21.01,-22.625,5.195,4.198,32.0,33.8,69.0,1539,1,-9.5,0.42
3082,333,6.775,43.12,1,99.7,93.4,1407,193.8,75.4,20.97,-22.625,5.195,4.198,32.0,33.8,69.0,1539,1,-9.5,0.42
3083,333,6.775,43.13,1,99.7,93.4,1407,193.8,75.2,20.98,-22.625,5.195,4.198,32.0,33.8,69.0,1539,1,-9.5,0.41
3084,333,6.75,43.12,1,99.8,93.4,1407,193.8,75.3,20.97,-22.617,5.195,4.198,32.0,33.8,69.0,1539,1,-9.5,0.42
3085,333,6.775,43.11,1,99.7,93.4,1407,193.7,75.6,21.33,-22.617,5.195,4.197,32.0,33.8,69.0,1539,1,-9.5,0.42
3086,333,6.775,43.12,1,99.7,93.4,1406,193.7,75.5,21.4,-22.617,5.195,4.197,32.0,33.8,69.0,1539,1,-9.5,0.41
3087,333,6.775,43.1,1,99.8,93.4,1406,193.7,75.5,21.41,-22.617,5.195,4.198,32.0,33.8,69.0,1539,1,-9.5,0.42
3088,333,6.775,43.12,1,99.7,93.4,1406,193.7,75.5,21.36,-22.609,5.195,4.198,32.0,33.8,69.0,1539,1,-9.5,0.41
3089,333,6.75,43.14,1,99.7,93.4,1405,193.7,75.4,21.45,-22.609,5.199,4.197,32.0,33.8,69.0,1539,1,-9.5,0.42
3090,333,6.75,43.06,1,99.7,93.30000000000001,1405,193.7,75.4,21.37,-22.609,5.199,4.197,32.0,33.8,69.0,1539,1,-9.5,0.42
3091,333,6.775,43.08,1,99.8,93.4,1405,193.6,75.4,21.4,-22.609,5.199,4.197,32.0,33.8,69.0,1539,1,-9.5,0.41
3092,333,6.775,43.18,1,99.7,93.4,1405,193.5,75.4,21.4,-22.609,5.199,4.197,32.0,33.8,69.0,1539,1,-9.5,0.41
3093,333,6.775,43.17,1,99.7,93.4,1406,193.5,75.6,21.34,-22.602,5.199,4.198,32.0,33.8,69.0,1539,1,-9.5,0.42
3094,333,6.775,43.14,1,99.7,93.4,1406,193.6,75.5,21.39,-22.602,5.199,4.198,32.0,33.8,69.0,1539,1,-9.5,0.41
3095,333,6.775,43.13,1,99.7,93.4,1406,193.6,75.6,21.44,-22.609,5.199,4.197,32.0,33.8,69.0,1539,1,-9.5,0.42
3096,334,6.75,43.1,1,99.8,93.4,1406,193.6,75.5,21.4,-22.609,5.199,4.197,32.0,33.8,69.0,1538,1,-9.5,0.41
3097,334,6.775,43.13,1,99.7,93.4,1406,193.6,75.6,21.41,-22.602,5.199,4.198,32.0,33.8,69.0,1538,1,-9.5,0.41
3098,334,6.775,43.11,1,99.7,93.4,1406,193.6,75.5,21.41,-22.609,5.199,4.197,32.0,33.8,69.0,1538,1,-9.5,0.41
3099,334,6.775,43.1,1,99.7,93.4,1406,193.6,75.5,21.42,-22.609,5.199,4.197,32.0,33.8,69.0,1538,1,-9.5,0.42
3100,334,6.75,43.13,1,99.7,93.4,1405,193.6,75.5,21.4,-22.617,5.199,4.197,32.0,33.8,69.0,1538,1,-9.6,0.42
3101,334,6.75,43.14,1,99.7,93.4,1405,193.6,75.4,21.42,-22.617,5.199,4.197,32.0,33.7,69.0,1538,1,-9.6,0.42
3102,334,6.75,43.14,1,99.7,93.30000000000001,1405,193.6,75.3,21.46,-22.617,5.199,4.198,32.0,33.7,69.0,1538,1,-9.6,0.42
3103,334,6.775,43.14,1,99.8,93.4,1405,193.6,75.4,21.43,-22.625,5.199,4.198,32.0,33.7,69.0,1538,1,-9.6,0.41
3104,334,6.775,43.15,1,99.8,93.4,1405,193.6,75.5,21.41,-22.625,5.199,4.197,32.0,33.7,69.0,1538,1,-9.6,0.42
3105,334,6.75,43.08,1,99.8,93.4,1406,193.7,75.7,21.39,-22.625,5.199,4.198,32.0,33.7,69.0,1538,1,-9.6,0.41
3106,334,6.75,43.14,1,99.8,93.4,1405,193.6,75.4,21.38,-22.625,5.199,4.197,32.0,33.7,69.0,1538,1,-9.6,0.41
3107,334,6.75,43.16,1,99.7,93.4,1405,193.6,75.5,21.42,-22.633,5.195,4.197,32.0,33.7,69.0,1538,1,-9.6,0.42
3108,334,6.775,43.15,1,99.8,93.4,1405,193.6,75.5,21.39,-22.633,5.195,4.197,32.0,33.7,69.0,1538,1,-9.6,0.42
3109,334,6.75,43.12,1,99.7,93.30000000000001,1405,193.6,75.5,21.41,-22.633,5.195,4.197,32.0,33.7,69.0,1538,1,-9.6,0.42
3110,334,6.75,43.07,1,99.7,93.4,1406,193.7,75.4,21.41,-22.641,5.195,4.197,32.0,33.7,69.0,1538,1,-9.6,0.41
3111,334,6.75,43.12,1,99.7,93.4,1406,193.7,75.5,21.41,-22.641,5.195,4.197,32.0,33.7,69.0,1538,1,-9.6,0.4
3112,334,6.75,43.16,1,99.8,93.4,1406,193.7,75.7,21.39,-22.633,5.195,4.197,32.0,33.7,69.0,1538,1,-9.6,0.4
3113,334,6.775,43.11,1,99.7,93.4,1406,193.7,75.5,21.38,-22.641,5.199,4.197,32.0,33.7,69.0,1538,1,-9.6,0.42
3114,334,6.75,43.1,1,99.8,93.4,1405,193.7,75.3,21.44,-22.641,5.199,4.197,32.0,33.7,69.0,1538,1,-9.6,0.41
3115,334,6.75,43.15,1,99.8,93.4,1406,193.7,75.5,21.41,-22.648,5.199,4.197,32.0,33.7,69.0,1538,1,-9.6,0.42
3116,334,6.775,43.16,1,99.8,93.4,1406,193.7,75.5,21.41,-22.656,5.199,4.197,32.0,33.7,69.0,1537,1,-9.6,0.42
3117,334,6.775,43.12,1,99.8,93.4,1406,193.7,75.5,21.43,-22.656,5.199,4.197,32.0,33.7,69.0,1537,1,-9.6,0.42
3118,334,6.775,43.16,1,99.8,93.4,1406,193.7,75.6,21.43,-22.664,5.199,4.197,32.0,33.7,69.0,1537,1,-9.6,0.42
3119,334,6.775,43.16,1,99.8,93.4,1406,193.7,75.7,21.47,-22.656,5.199,4.197,32.0,33.7,69.0,1537,1,-9.6,0.41
3120,334,6.75,43.14,1,99.8,93.4,1406,193.8,75.6,21.09,-22.656,5.203,4.197,32.0,33.7,69.0,1537,1,-9.6,0.41
3121,334,6.775,43.11,1,99.8,93.4,1406,193.8,75.6,20.82,-22.664,5.203,4.197,32.0,33.7,69.0,1537,1,-9.6,0.41
3122,334,6.775,43.12,1,99.7,93.30000000000001,1406,193.8,75.6,20.79,-22.664,5.203,4.197,32.0,33.7,69.0,1537,1,-9.6,0.41
3123,334,6.775,43.17,1,99.7,93.30000000000001,1405,193.8,75.4,20.75,-22.656,5.203,4.198,32.0,33.7,69.0,1537,1,-9.6,0.4
3124,334,6.775,43.13,1,99.7,93.4,1405,193.7,75.5,20.75,-22.656,5.203,4.198,32.0,33.7,69.0,1537,1,-9.6,0.41
3125,334,6.75,43.11,1,99.6,93.30000000000001,1405,193.7,75.4,20.75,-22.664,5.203,4.197,32.0,33.6,69.0,1537,1,-9.6,0.41
3126,334,6.775,43.12,1,99.6,93.30000000000001,1405,193.6,75.5,20.77,-22.664,5.203,4.198,32.0,33.6,69.0,1537,1,-9.6,0.4
3127,334,6.775,43.11,1,99.6,93.30000000000001,1406,193.6,75.4,20.77,-22.664,5.203,4.197,32.0,33.6,69.0,1537,1,-9.6,0.41
3128,334,6.775,43.11,1,99.7,93.30000000000001,1405,193.6,75.5,20.77,-22.664,5.203,4.197,32.0,33.6,69.0,1537,1,-9.6,0.41
3129,334,6.775,43.13,1,99.7,93.30000000000001,1405,193.6,75.5,20.78,-22.664,5.203,4.197,32.0,33.6,69.0,1537,1,-9.6,0.41
3130,334,6.775,43.12,1,99.7,93.4,1405,193.6,75.5,20.81,-22.672,5.203,4.197,32.0,33.6,69.0,1537,1,-9.7,0.42
3131,334,6.75,43.13,1,99.7,93.4,1405,193.6,75.6,20.77,-22.672,5.203,4.197,32.0,33.6,69.0,1537,1,-9.7,0.41
3132,334,6.775,43.11,1,99.7,93.30000000000001,1405,193.6,75.4,20.75,-22.68,5.203,4.197,32.0,33.6,69.0,1537,1,-9.6,0.42
3133,334,6.775,43.15,1,99.7,93.4,1405,193.6,75.5,20.75,-22.68,5.203,4.197,32.0,33.6,69.0,1537,1,-9.6,0.42
3134,334,6.775,43.05,1,99.7,93.30000000000001,1405,193.6,75.5,20.75,-22.68,5.203,4.197,32.0,33.6,69.0,1537,1,-9.7,0.42
3135,334,6.75,43.14,1,99.7,93.30000000000001,1405,193.6,75.4,20.77,-22.672,5.203,4.197,32.0,33.6,69.0,1537,1,-9.6,0.41
3136,334,6.75,43.1,1,99.7,93.4,1405,193.5,75.5,20.76,-22.672,5.203,4.197,32.0,33.5,69.0,1536,1,-9.7,0.42
3137,334,6.75,43.05,1,99.7,93.30000000000001,1405,193.5,75.5,20.77,-22.68,5.203,4.197,32.0,33.5,69.0,1536,1,-9.7,0.41
3138,334,6.775,43.09,1,99.7,93.30000000000001,1404,193.5,75.5,20.82,-22.68,5.203,4.197,32.0,33.5,69.0,1536,1,-9.7,0.41
3139,334,6.775,43.11,1,99.7,93.30000000000001,1404,193.4,75.5,20.79,-22.68,5.203,4.197,32.0,33.5,69.0,1536,1,-9.7,0.42
3140,334,6.775,43.13,1,99.7,93.30000000000001,1405,193.5,75.6,20.8,-22.68,5.203,4.197,32.0,33.5,69.0,1536,1,-9.7,0.41
3141,334,6.775,43.14,1,99.7,93.4,1405,193.5,75.4,20.74,-22.68,5.203,4.197,32.0,33.5,69.0,1536,1,-9.7,0.42
3142,334,6.75,43.11,1,99.7,93.30000000000001,1405,193.6,75.6,20.8,-22.688,5.203,4.197,32.0,33.5,69.0,1536,1,-9.7,0.41
3143,334,6.775,43.09,1,99.7,93.4,1406,193.5,75.6,20.79,-22.688,5.203,4.197,32.0,33.5,69.0,1536,1,-9.7,0.42
3144,334,6.775,43.16,1,99.7,93.4,1406,193.6,75.5,20.76,-22.688,5.203,4.197,32.0,33.5,69.0,1536,1,-9.7,0.42
3145,334,6.775,43.09,1,99.7,93.4,1406,193.6,75.5,20.83,-22.688,5.203,4.197,32.0,33.5,69.0,1536,1,-9.7,0.42
3146,334,6.775,43.15,1,99.7,93.4,1406,193.6,75.3,20.79,-22.688,5.203,4.197,32.0,33.5,69.0,1536,1,-9.7,0.42
3147,334,6.775,43.16,1,99.7,93.4,1406,193.5,75.4,20.76,-22.688,5.199,4.197,32.0,33.5,69.0,1536,1,-9.7,0.42
3148,334,6.75,43.15,1,99.7,93.30000000000001,1406,193.5,75.5,20.78,-22.688,5.199,4.198,32.0,33.5,69.0,1536,1,-9.7,0.42
3149,334,6.75,43.14,1,99.7,93.30000000000001,1406,193.5,75.4,20.8,-22.688,5.199,4.198,32.0,33.5,69.0,1536,1,-9.7,0.42
3150,335,6.775,43.13,1,99.7,93.4,1406,193.5,75.5,20.8,-22.688,5.199,4.197,32.0,33.5,69.0,1536,1,-9.7,0.41
3151,335,6.775,43.11,1,99.7,93.4,1406,193.6,75.4,20.84,-22.68,5.199,4.197,32.0,33.5,69.0,1536,1,-9.7,0.41
3152,335,6.775,43.17,1,99.8,93.4,1406,193.6,75.3,20.79,-22.68,5.199,4.197,32.0,33.5,69.0,1536,1,-9.7,0.41
3153,335,6.75,43.1,1,99.7,93.4,1406,193.6,75.3,20.8,-22.68,5.199,4.197,32.0,33.5,69.0,1536,1,-9.7,0.41
3154,335,6.775,43.14,1,99.7,93.4,1406,193.6,75.5,20.74,-22.672,5.199,4.197,32.0,33.5,69.0,1536,1,-9.7,0.41
3155,335,6.75,43.12,1,99.7,93.4,1406,193.6,75.6,20.85,-22.672,5.199,4.197,32.0,33.5,69.0,1536,1,-9.7,0.41
3156,335,6.775,43.15,1,99.7,93.4,1406,193.6,75.5,21.27,-22.672,5.199,4.197,32.0,33.4,69.0,1536,1,-9.7,0.42
3157,335,6.775,43.1,1,99.7,93.4,1406,193.6,75.6,21.27,-22.672,5.199,4.197,32.0,33.5,69.0,1535,1,-9.7,0.42
3158,335,6.775,43.12,1,99.7,93.4,1406,193.5,75.5,21.27,-22.664,5.199,4.197,32.0,33.5,69.0,1535,1,-9.7,0.41
3159,335,6.75,43.16,1,99.8,93.4,1406,193.5,75.6,21.29,-22.664,5.199,4.197,32.0,33.5,69.0,1535,1,-9.7,0.42
3160,335,6.75,43.13,1,99.8,93.4,1407,193.5,75.5,21.3,-22.648,5.199,4.197,32.0,33.5,69.0,1535,1,-9.7,0.42
3161,335,6.75,43.11,1,99.8,93.4,1407,193.5,75.5,21.29,-22.648,5.199,4.197,32.0,33.4,69.0,1535,1,-9.7,0.42
3162,335,6.775,43.16,1,99.8,93.4,1407,193.5,75.6,21.27,-22.641,5.199,4.197,32.0,33.4,69.0,1535,1,-9.7,0.43
3163,335,6.775,43.14,1,99.7,93.4,1407,193.5,75.4,21.29,-22.641,5.199,4.197,32.0,33.4,69.0,1535,1,-9.7,0.42
3164,335,6.775,43.13,1,99.8,93.4,1406,193.5,75.4,21.34,-22.641,5.199,4.197,32.0,33.4,69.0,1535,1,-9.7,0.41
3165,335,6.75,43.1,1,99.8,93.4,1407,193.5,75.6,21.33,-22.633,5.199,4.197,32.0,33.4,69.0,1535,1,-9.7,0.42
3166,335,6.775,43.08,1,99.8,93.4,1407,193.4,75.7,21.27,-22.625,5.199,4.197,32.0,33.4,68.0,1535,1,-9.8,0.41
3167,335,6.75,43.13,1,99.8,93.4,1407,193.4,75.5,21.26,-22.617,5.199,4.197,32.0,33.4,68.0,1535,1,-9.7,0.43
3168,335,6.75,43.1,1,99.8,93.4,1407,193.5,75.5,21.28,-22.609,5.199,4.197,32.0,33.4,69.0,1535,1,-9.7,0.42
3169,335,6.775,43.13,1,99.7,93.4,1407,193.5,75.5,21.3,-22.602,5.199,4.197,32.0,33.4,68.0,1535,1,-9.7,0.41
3170,335,6.775,43.13,1,99.8,93.4,1407,193.5,75.5,21.29,-22.594,5.199,4.197,32.0,33.4,68.0,1535,1,-9.7,0.42
3171,335,6.775,43.05,1,99.7,93.4,1407,193.3,75.5,21.31,-22.594,5.199,4.197,32.0,33.4,68.0,1535,1,-9.7,0.42
3172,335,6.75,43.15,1,99.7,93.4,1406,193.3,75.5,21.31,-22.586,5.199,4.197,32.0,33.4,68.0,1535,1,-9.8,0.41
3173,335,6.775,43.1,1,99.7,93.4,1406,193.3,75.4,21.3,-22.586,5.199,4.197,32.0,33.4,68.0,1535,1,-9.8,0.42
3174,335,6.775,43.16,1,99.8,93.4,1406,193.4,75.6,21.28,-22.586,5.199,4.197,32.0,33.4,68.0,1535,1,-9.8,0.42
3175,335,6.775,43.17,1,99.7,93.4,1406,193.4,75.5,21.32,-22.594,5.199,4.197,32.0,33.4,68.0,1535,1,-9.8,0.42
3176,335,6.75,43.14,1,99.7,93.4,1407,193.5,75.4,21.28,-22.602,5.199,4.197,32.0,33.4,68.0,1535,1,-9.8,0.42
3177,335,6.75,43.04,1,99.7,93.30000000000001,1406,193.5,75.4,21.28,-22.609,5.199,4.197,32.0,33.4,68.0,1535,1,-9.8,0.43
3178,335,6.75,43.12,1,99.8,93.4,1406,193.5,75.5,21.27,-22.617,5.199,4.197,32.0,33.4,68.0,1534,1,-9.8,0.43
3179,335,6.775,43.2,1,99.8,93.4,1407,193.6,75.4,21.23,-22.625,5.199,4.197,32.0,33.4,68.0,1534,1,-9.8,0.43
3180,335,6.775,43.12,1,99.8,93.4,1406,193.5,75.5,21.32,-22.633,5.199,4.197,32.0,33.4,68.0,1534,1,-9.8,0.42
3181,335,6.775,43.12,1,99.7,93.4,1406,193.5,75.5,21.29,-22.641,5.199,4.197,32.0,33.4,68.0,1534,1,-9.8,0.42
3182,335,6.775,43.11,1,99.8,93.4,1406,193.5,75.5,21.27,-22.648,5.199,4.197,32.0,33.4,68.0,1534,1,-9.8,0.42
3183,335,6.75,43.15,1,99.7,93.4,1406,193.5,75.4,21.32,-22.648,5.199,4.197,32.0,33.4,68.0,1534,1,-9.8,0.42
3184,335,6.75,43.16,1,99.7,93.4,1406,193.6,75.5,21.3,-22.656,5.199,4.197,32.0,33.4,68.0,1534,1,-9.8,0.42
3185,335,6.775,43.15,1,99.7,93.4,1406,193.6,75.6,21.28,-22.664,5.199,4.197,32.0,33.4,68.0,1534,1,-9.8,0.41
3186,335,6.775,43.14,1,99.7,93.4,1406,193.6,75.6,21.29,-22.672,5.203,4.197,32.0,33.4,68.0,1534,1,-9.8,0.42
3187,335,6.75,43.09,1,99.8,93.4,1406,193.6,75.6,21.28,-22.672,5.203,4.197,32.0,33.4,68.0,1534,1,-9.8,0.42
3188,335,6.775,43.12,1,99.8,93.30000000000001,1406,193.6,75.6,21.25,-22.68,5.203,4.197,32.0,33.4,68.0,1534,1,-9.8,0.41
3189,335,6.775,43.16,1,99.8,93.4,1406,193.6,75.5,21.27,-22.688,5.203,4.197,32.0,33.4,68.0,1534,1,-9.8,0.41
3190,335,6.775,43.13,1,99.8,93.4,1406,193.6,75.5,21.29,-22.688,5.203,4.197,32.0,33.4,68.0,1534,1,-9.8,0.41
3191,335,6.775,43.11,1,99.8,93.4,1406,193.5,75.7,21.31,-22.688,5.203,4.197,32.0,33.4,68.0,1534,1,-9.8,0.42
3192,335,6.775,43.15,1,99.8,93.4,1406,193.4,75.7,21.3,-22.68,5.203,4.197,32.0,33.4,68.0,1534,1,-9.8,0.42
3193,335,6.75,43.16,1,99.8,93.4,1406,193.5,75.6,21.28,-22.68,5.207,4.197,32.0,33.4,68.0,1534,1,-9.8,0.41
3194,335,6.775,43.17,1,99.8,93.4,1406,193.6,75.5,21.32,-22.68,5.207,4.197,32.0,33.4,68.0,1534,1,-9.8,0.42
3195,335,6.775,43.2,1,99.8,93.4,1406,193.6,75.7,21.3,-22.68,5.207,4.197,32.0,33.3,68.0,1534,1,-9.8,0.41
3196,335,6.775,43.18,1,99.8,93.4,1406,193.6,75.6,21.29,-22.68,5.207,4.197,32.0,33.3,68.0,1534,1,-9.8,0.41
3197,335,6.775,43.14,1,99.8,93.4,1406,193.6,75.7,21.27,-22.68,5.207,4.197,31.0,33.4,68.0,1534,1,-9.8,0.41
3198,335,6.775,43.15,1,99.8,93.4,1406,193.6,75.6,21.29,-22.68,5.207,4.197,32.0,33.3,68.0,1534,1,-9.8,0.42
3199,335,6.775,43.1,1,99.8,93.4,1407,193.6,75.7,21.29,-22.672,5.207,4.197,32.0,33.3,68.0,1534,1,-9.8,0.41
3200,335,6.775,43.12,1,99.8,93.4,1407,193.6,75.6,21.3,-22.672,5.207,4.197,32.0,33.3,68.0,1534,1,-9.8,0.41
3201,335,6.775,43.19,1,99.8,93.4,1407,193.6,75.6,21.28,-22.672,5.207,4.197,32.0,33.3,68.0,1534,1,-9.8,0.41
3202,335,6.75,43.11,1,99.8,93.4,1407,193.7,75.7,21.3,-22.672,5.211,4.197,32.0,33.3,68.0,1534,1,-9.8,0.42
3203,335,6.75,43.09,1,99.8,93.4,1407,193.7,75.6,21.2,-22.664,5.211,4.197,32.0,33.3,68.0,1533,1,-9.8,0.43
3204,335,6.75,43.17,1,99.8,93.4,1406,193.6,75.6,20.37,-22.664,5.211,4.197,32.0,33.3,68.0,1533,1,-9.8,0.41
3205,335,6.775,43.08,1,99.5,93.30000000000001,1405,193.7,75.5,20.14,-22.664,5.211,4.197,32.0,33.3,68.0,1533,1,-9.8,0.42
3206,335,6.75,43.02,1,99.3,93.2,1403,193.7,75.5,20.21,-22.656,5.211,4.197,32.0,33.3,68.0,1533,1,-9.8,0.41
3207,335,6.75,43.03,1,99.3,93.2,1403,193.7,75.5,20.2,-22.648,5.211,4.197,32.0,33.3,68.0,1533,1,-9.8,0.42
3208,335,6.775,43.03,1,99.3,93.2,1402,193.6,75.3,20.21,-22.648,5.211,4.197,32.0,33.3,68.0,1533,1,-9.8,0.42
3209,335,6.775,43.04,1,99.3,93.2,1402,193.6,75.3,20.22,-22.648,5.211,4.197,32.0,33.3,68.0,1533,1,-9.8,0.41
3210,334,6.775,42.99,1,99.3,93.2,1401,193.6,75.4,20.18,-22.656,5.211,4.197,32.0,33.3,68.0,1533,1,-9.9,0.41
3211,334,6.775,43.08,1,99.3,93.2,1400,193.6,75.4,20.14,-22.656,5.211,4.197,32.0,33.3,68.0,1533,1,-9.8,0.42
3212,334,6.775,43.09,1,99.3,93.2,1400,193.7,75.3,20.16,-22.656,5.211,4.197,32.0,33.3,68.0,1533,1,-9.9,0.42
3213,334,6.775,43.04,1,99.3,93.2,1400,193.7,75.3,20.16,-22.648,5.211,4.197,32.0,33.2,68.0,1533,1,-9.9,0.42
3214,334,6.775,42.98,1,99.3,93.2,1401,193.8,75.4,20.21,-22.648,5.211,4.197,32.0,33.2,68.0,1533,1,-9.9,0.42
3215,334,6.75,43.02,1,99.3,93.2,1400,193.8,75.4,20.17,-22.648,5.211,4.197,32.0,33.2,68.0,1533,1,-9.9,0.42
3216,334,6.775,43.05,1,99.3,93.2,1400,193.7,75.5,20.2,-22.641,5.211,4.197,32.0,33.2,68.0,1533,1,-9.9,0.42
3217,334,6.775,43.06,1,99.3,93.2,1400,193.8,75.3,20.2,-22.633,5.211,4.197,32.0,33.2,68.0,1533,1,-9.9,0.42
3218,334,6.775,42.98,1,99.3,93.2,1400,193.8,75.4,20.2,-22.633,5.211,4.197,32.0,33.2,68.0,1533,1,-9.9,0.43
3219,334,6.775,43.01,1,99.2,93.2,1400,193.9,75.2,20.27,-22.633,5.211,4.197,32.0,33.2,68.0,1533,1,-9.9,0.42
3220,334,6.75,43.11,1,99.4,93.30000000000001,1400,193.9,75.4,20.86,-22.633,5.211,4.197,31.0,33.2,68.0,1533,1,-9.9,0.42
3221,334,6.75,43.19,1,99.6,93.4,1402,193.9,75.5,21.04,-22.625,5.211,4.197,31.0,33.2,68.0,1533,1,-9.9,0.43
3222,334,6.75,43.11,1,99.7,93.4,1404,194.0,75.6,21.07,-22.625,5.211,4.197,31.0,33.1,68.0,1533,1,-9.9,0.42
3223,334,6.75,43.19,1,99.8,93.4,1405,194.0,75.6,21.05,-22.625,5.211,4.197,31.0,33.1,68.0,1532,1,-9.9,0.42
3224,334,6.75,43.19,1,99.8,93.4,1405,194.0,75.3,21.02,-22.617,5.211,4.197,31.0,33.1,68.0,1532,1,-9.9,0.43
3225,334,6.75,43.16,1,99.8,93.4,1407,193.8,75.6,21.02,-22.617,5.211,4.197,31.0,33.1,68.0,1532,1,-9.9,0.43
3226,334,6.75,43.18,1,99.8,93.4,1407,193.7,75.7,21.05,-22.609,5.211,4.197,31.0,33.1,68.0,1532,1,-9.9,0.43
3227,334,6.75,43.1,1,99.8,93.4,1407,193.7,75.6,21.09,-22.609,5.211,4.197,31.0,33.1,68.0,1532,1,-9.9,0.43
3228,334,6.75,43.16,1,99.8,93.4,1407,193.7,75.7,21.07,-22.609,5.211,4.197,31.0,33.1,68.0,1532,1,-9.9,0.42
3229,334,6.775,43.11,1,99.8,93.4,1407,193.7,75.6,21.04,-22.609,5.211,4.197,31.0,33.1,68.0,1532,1,-9.9,0.43
3230,334,6.75,43.14,1,99.8,93.4,1406,193.6,75.6,21.03,-22.609,5.211,4.197,31.0,33.1,68.0,1532,1,-9.9,0.42
3231,334,6.775,43.18,1,99.8,93.4,1406,193.6,75.6,21.05,-22.609,5.211,4.197,31.0,33.1,68.0,1532,1,-9.9,0.43
3232,334,6.775,43.12,1,99.8,93.4,1407,193.6,75.6,21.06,-22.609,5.211,4.197,31.0,33.0,68.0,1532,1,-9.9,0.42
3233,334,6.75,43.11,1,99.8,93.4,1407,193.6,75.5,21.05,-22.609,5.211,4.197,31.0,33.1,68.0,1532,1,-9.9,0.41
3234,334,6.75,43.15,1,99.7,93.4,1406,193.5,75.5,21.05,-22.602,5.211,4.197,31.0,33.1,68.0,1532,1,-9.9,0.42
3235,334,6.775,43.13,1,99.7,93.30000000000001,1406,193.6,75.7,21.05,-22.602,5.211,4.197,31.0,33.0,68.0,1532,1,-9.9,0.41
3236,334,6.775,43.12,1,99.8,93.4,1406,193.6,75.6,21.01,-22.602,5.211,4.197,31.0,33.0,68.0,1532,1,-9.9,0.42
3237,334,6.775,43.17,1,99.8,93.4,1406,193.5,75.5,21.04,-22.602,5.211,4.197,31.0,33.0,68.0,1532,1,-9.9,0.42
3238,334,6.775,43.09,1,99.7,93.4,1407,193.5,75.5,21.07,-22.594,5.211,4.197,31.0,33.0,68.0,1532,1,-9.9,0.42
3239,334,6.775,43.16,1,99.8,93.4,1407,193.4,75.5,21.05,-22.586,5.211,4.197,31.0,33.0,68.0,1532,1,-9.9,0.41
3240,334,6.775,43.06,1,99.8,93.4,1407,193.4,75.4,21.01,-22.578,5.211,4.198,32.0,33.0,68.0,1532,1,-9.9,0.42
3241,334,6.775,43.16,1,99.7,93.4,1407,193.3,75.4,21.06,-22.578,5.211,4.197,32.0,33.0,68.0,1532,1,-9.9,0.42
3242,334,6.75,43.08,1,99.7,93.4,1407,193.3,75.4,21.07,-22.562,5.211,4.197,31.0,33.0,68.0,1532,1,-9.9,0.42
3243,334,6.775,43.1,1,99.7,93.4,1407,193.3,75.6,21.03,-22.57,5.207,4.197,31.0,33.0,68.0,1532,1,-9.9,0.42
3244,334,6.775,43.16,1,99.7,93.4,1408,193.2,75.5,21.0,-22.57,5.207,4.197,31.0,33.0,68.0,1531,1,-9.9,0.42
3245,334,6.75,43.15,1,99.7,93.4,1407,193.2,75.6,21.05,-22.57,5.207,4.197,31.0,33.0,68.0,1531,1,-9.9,0.41
3246,334,6.75,43.1,1,99.7,93.4,1407,193.2,75.4,20.98,-22.562,5.207,4.197,31.0,33.0,68.0,1531,1,-9.9,0.41
3247,334,6.75,43.14,1,99.7,93.4,1407,193.2,75.7,21.03,-22.562,5.207,4.197,31.0,33.0,68.0,1531,1,-9.9,0.42
3248,334,6.75,43.18,1,99.7,93.4,1407,193.2,75.6,21.06,-22.562,5.207,4.197,31.0,33.0,68.0,1531,1,-9.9,0.43
3249,334,6.75,43.13,1,99.7,93.4,1407,193.2,75.7,21.07,-22.562,5.207,4.197,31.0,33.0,68.0,1531,1,-9.9,0.42
3250,334,6.75,43.09,1,99.7,93.4,1408,193.2,75.6,21.05,-22.562,5.203,4.197,31.0,33.0,68.0,1531,1,-9.9,0.43
3251,334,6.75,43.08,1,99.7,93.4,1407,193.2,75.4,21.02,-22.562,5.203,4.197,32.0,33.0,68.0,1531,1,-9.9,0.43
3252,334,6.75,43.12,1,99.7,93.30000000000001,1407,193.2,75.5,21.02,-22.562,5.207,4.197,31.0,33.0,68.0,1531,1,-9.9,0.42
3253,334,6.75,43.12,1,99.7,93.4,1407,193.2,75.5,21.08,-22.555,5.203,4.197,32.0,33.0,68.0,1531,1,-9.9,0.42
3254,334,6.75,43.12,1,99.7,93.4,1407,193.1,75.4,21.04,-22.555,5.203,4.197,31.0,33.0,68.0,1531,1,-9.9,0.42
3255,334,6.75,43.08,1,99.7,93.4,1407,193.1,75.6,21.03,-22.555,5.203,4.197,31.0,33.0,68.0,1531,1,-10.0,0.42
3256,334,6.75,43.12,1,99.7,93.30000000000001,1408,193.2,75.5,21.06,-22.555,5.203,4.197,31.0,33.0,68.0,1531,1,-9.9,0.42
3257,334,6.775,43.13,1,99.7,93.4,1408,193.1,75.5,21.04,-22.562,5.199,4.197,32.0,33.0,68.0,1531,1,-10.0,0.43
3258,334,6.775,43.11,1,99.7,93.4,1407,193.1,75.6,21.04,-22.562,5.199,4.197,31.0,33.0,68.0,1531,1,-9.9,0.43
3259,334,6.775,43.09,1,99.7,93.30000000000001,1407,193.1,75.4,21.03,-22.562,5.199,4.197,31.0,33.0,68.0,1531,1,-9.9,0.42
3260,334,6.75,43.12,1,99.7,93.4,1407,193.1,75.4,21.05,-22.57,5.199,4.197,31.0,33.0,68.0,1531,1,-10.0,0.42
3261,334,6.75,43.1,1,99.7,93.30000000000001,1406,193.0,75.5,21.09,-22.578,5.199,4.197,31.0,33.0,68.0,1531,1,-10.0,0.42
3262,334,6.75,43.1,1,99.7,93.30000000000001,1406,193.0,75.6,21.03,-22.586,5.199,4.197,31.0,33.0,68.0,1531,1,-9.9,0.42
3263,334,6.775,43.13,1,99.7,93.4,1406,193.1,75.4,21.07,-22.594,5.195,4.197,31.0,33.0,68.0,1531,1,-10.0,0.42
3264,334,6.75,43.12,1,99.7,93.30000000000001,1406,193.1,75.5,21.05,-22.602,5.195,4.197,31.0,33.0,68.0,1531,1,-10.0,0.42
3265,334,6.75,43.13,1,99.7,93.4,1406,193.1,75.5,21.03,-22.609,5.195,4.197,31.0,33.0,68.0,1530,1,-10.0,0.42
3266,334,6.75,43.12,1,99.7,93.4,1406,193.0,75.5,21.06,-22.617,5.195,4.197,31.0,33.0,68.0,1530,1,-10.0,0.42
3267,334,6.75,43.05,1,99.8,93.4,1407,193.0,75.5,21.03,-22.625,5.195,4.197,31.0,33.0,68.0,1530,1,-10.0,0.43
3268,334,6.75,43.13,1,99.7,93.4,1407,193.0,75.5,21.06,-22.633,5.195,4.197,32.0,33.0,68.0,1530,1,-10.0,0.42
3269,334,6.75,43.14,1,99.7,93.4,1407,192.9,75.4,21.04,-22.641,5.195,4.197,32.0,33.0,68.0,1530,1,-10.0,0.43
3270,334,6.75,43.14,1,99.8,93.4,1406,192.9,75.5,21.0,-22.648,5.195,4.197,31.0,33.1,68.0,1530,1,-10.0,0.42
3271,334,6.775,43.14,1,99.7,93.4,1407,193.0,75.5,21.05,-22.656,5.195,4.197,31.0,33.0,68.0,1530,1,-10.0,0.43
3272,334,6.775,43.13,1,99.8,93.4,1407,192.9,75.4,21.04,-22.664,5.195,4.197,31.0,33.1,68.0,1530,1,-10.0,0.41
3273,334,6.775,43.08,1,99.8,93.4,1408,193.0,75.5,21.03,-22.664,5.195,4.197,32.0,33.1,68.0,1530,1,-10.0,0.42
3274,334,6.75,43.1,1,99.7,93.30000000000001,1408,193.0,75.5,21.04,-22.672,5.195,4.197,32.0,33.1,68.0,1530,1,-10.0,0.41
3275,334,6.75,43.11,1,99.8,93.4,1407,193.0,75.4,21.01,-22.68,5.195,4.197,32.0,33.1,68.0,1530,1,-10.0,0.41
3276,334,6.75,43.11,1,99.7,93.4,1407,193.0,75.4,21.02,-22.68,5.195,4.197,32.0,33.1,68.0,1530,1,-10.0,0.41
3277,334,6.75,43.12,1,99.8,93.4,1407,193.0,75.5,21.0,-22.68,5.195,4.197,31.0,33.1,68.0,1530,1,-10.0,0.42
3278,334,6.75,43.1,1,99.8,93.4,1407,193.0,75.5,21.0,-22.688,5.191,4.197,31.0,33.1,68.0,1530,1,-10.0,0.42
3279,334,6.775,43.13,1,99.8,93.4,1407,193.0,75.5,21.03,-22.695,5.191,4.197,31.0,33.1,68.0,1530,1,-10.0,0.42
3280,334,6.775,43.12,1,99.8,93.4,1407,193.0,75.4,21.02,-22.688,5.191,4.197,32.0,33.1,68.0,1530,1,-10.0,0.41
3281,334,6.775,43.09,1,99.8,93.4,1407,193.0,75.5,21.01,-22.688,5.191,4.197,31.0,33.1,68.0,1530,1,-10.0,0.41
3282,334,6.775,43.12,1,99.7,93.4,1407,193.0,75.4,21.06,-22.688,5.191,4.197,31.0,33.1,68.0,1530,1,-10.0,0.41
3283,335,6.75,43.16,1,99.8,93.4,1406,192.9,75.5,21.09,-22.695,5.191,4.197,31.0,33.1,68.0,1530,1,-10.0,0.42
3284,335,6.75,43.14,1,99.8,93.4,1406,192.9,75.4,21.04,-22.695,5.195,4.197,31.0,33.1,68.0,1530,1,-10.0,0.42
3285,335,6.775,43.13,1,99.8,93.4,1406,192.9,75.5,21.01,-22.703,5.195,4.197,31.0,33.1,68.0,1530,1,-10.0,0.43
3286,335,6.775,43.11,1,99.8,93.4,1406,193.0,75.6,21.02,-22.711,5.195,4.197,32.0,33.1,68.0,1530,1,-10.0,0.42
3287,335,6.775,43.15,1,99.8,93.4,1406,192.9,75.5,21.09,-22.711,5.195,4.197,31.0,33.1,68.0,1529,1,-10.0,0.42
3288,335,6.75,43.13,1,99.8,93.4,1407,193.0,75.5,21.06,-22.719,5.191,4.197,32.0,33.1,68.0,1529,1,-10.0,0.44
3289,335,6.75,43.1,1,99.8,93.4,1407,193.0,75.5,21.08,-22.719,5.195,4.197,31.0,33.1,68.0,1529,1,-10.0,0.43
3290,335,6.75,43.13,1,99.8,93.4,1407,193.0,75.5,21.06,-22.727,5.195,4.197,31.0,33.1,68.0,1529,1,-10.0,0.43
3291,335,6.775,43.16,1,99.8,93.4,1407,193.1,75.4,20.97,-22.727,5.195,4.197,32.0,33.1,68.0,1529,1,-10.0,0.42
3292,335,6.775,43.11,1,99.8,93.4,1407,193.1,75.4,21.01,-22.734,5.191,4.197,31.0,33.1,68.0,1529,1,-10.0,0.42
3293,335,6.775,43.1,1,99.8,93.4,1407,193.0,75.4,21.05,-22.742,5.195,4.197,31.0,33.1,68.0,1529,1,-10.0,0.42
3294,335,6.775,43.09,1,99.8,93.4,1407,193.1,75.5,21.01,-22.742,5.195,4.197,31.0,33.1,68.0,1529,1,-10.0,0.42
3295,335,6.75,43.15,1,99.8,93.4,1407,193.1,75.5,21.06,-22.742,5.191,4.197,32.0,33.1,68.0,1529,1,-10.0,0.43
3296,335,6.75,43.15,1,99.8,93.4,1407,193.1,75.5,21.03,-22.75,5.191,4.197,31.0,33.1,68.0,1529,1,-10.0,0.43
3297,335,6.775,43.07,1,99.8,93.4,1406,193.2,75.5,21.04,-22.75,5.191,4.197,32.0,33.1,67.0,1529,1,-10.0,0.44
3298,335,6.775,43.12,1,99.8,93.4,1407,193.2,75.6,21.09,-22.75,5.191,4.197,32.0,33.1,67.0,1529,1,-10.0,0.43
3299,335,6.775,43.14,1,99.8,93.4,1406,193.1,75.4,21.06,-22.758,5.195,4.197,31.0,33.1,67.0,1529,1,-10.0,0.43
3300,335,6.775,43.17,1,99.8,93.4,1406,193.1,75.5,21.13,-22.766,5.195,4.197,31.0,33.1,68.0,1529,1,-10.0,0.43
3301,335,6.75,43.17,1,99.8,93.4,1406,193.0,75.6,21.17,-22.766,5.195,4.197,32.0,33.1,67.0,1529,1,-10.0,0.43
3302,335,6.75,43.15,1,99.8,93.4,1406,193.0,75.4,21.12,-22.773,5.195,4.197,31.0,33.1,67.0,1529,1,-10.0,0.42
3303,335,6.775,43.12,1,99.8,93.4,1407,193.1,75.4,21.18,-22.773,5.195,4.197,31.0,33.1,67.0,1529,1,-10.0,0.44
3304,335,6.775,43.1,1,99.8,93.4,1407,193.1,75.5,21.14,-22.781,5.195,4.197,32.0,33.1,67.0,1529,1,-10.0,0.42
3305,335,6.775,43.19,1,99.9,93.4,1406,193.0,75.5,21.15,-22.781,5.195,4.197,32.0,33.1,67.0,1529,1,-10.0,0.43
3306,335,6.75,43.16,1,99.8,93.4,1406,193.0,75.7,21.18,-22.789,5.195,4.197,31.0,33.1,67.0,1529,1,-10.0,0.41
3307,335,6.75,43.09,1,99.8,93.4,1406,192.9,75.7,21.14,-22.789,5.195,4.197,32.0,33.1,67.0,1529,1,-10.0,0.41
3308,335,6.75,43.11,1,99.8,93.4,1407,192.9,75.6,21.18,-22.789,5.195,4.197,32.0,33.1,67.0,1528,1,-10.0,0.41
3309,335,6.775,43.16,1,99.8,93.4,1407,192.9,75.8,21.15,-22.797,5.195,4.197,31.0,33.1,67.0,1528,1,-10.1,0.41
3310,335,6.775,43.13,1,99.9,93.4,1406,192.9,75.6,21.14,-22.805,5.195,4.197,31.0,33.1,67.0,1528,1,-10.0,0.42
3311,334,6.75,43.15,1,99.9,93.4,1407,192.9,75.6,21.17,-22.812,5.195,4.197,31.0,33.1,67.0,1528,1,-10.0,0.42
3312,334,6.75,43.14,1,99.8,93.4,1407,192.9,75.4,21.14,-22.812,5.195,4.197,32.0,33.1,67.0,1528,1,-10.0,0.42
3313,334,6.75,43.14,1,99.8,93.4,1406,192.9,75.3,21.13,-22.812,5.195,4.197,31.0,33.1,67.0,1528,1,-10.0,0.42
3314,333,6.775,43.16,1,99.9,93.4,1406,192.9,75.5,21.11,-22.82,5.195,4.197,31.0,33.1,67.0,1528,1,-10.1,0.43
3315,333,6.775,43.09,1,99.9,93.4,1406,192.9,75.5,21.12,-22.836,5.191,4.197,31.0,33.1,67.0,1528,1,-10.1,0.43
3316,333,6.775,43.16,1,99.9,93.4,1407,192.8,75.5,21.15,-22.836,5.195,4.197,32.0,33.1,67.0,1528,1,-10.1,0.43
3317,332,6.75,43.14,1,99.9,93.4,1407,192.8,75.4,21.13,-22.836,5.195,4.197,31.0,33.1,67.0,1528,1,-10.1,0.42
3318,332,6.75,43.15,1,99.8,93.4,1407,192.9,75.5,21.18,-22.836,5.195,4.197,31.0,33.1,67.0,1528,1,-10.1,0.43
3319,331,6.75,43.1,1,99.9,93.4,1407,192.9,75.4,21.15,-22.82,5.195,4.197,31.0,33.1,67.0,1528,1,-10.1,0.42
3320,330,6.775,43.14,1,99.8,93.4,1407,192.9,75.3,21.17,-22.82,5.195,4.197,31.0,33.0,67.0,1528,1,-10.1,0.42
3321,330,6.775,43.06,1,99.9,93.4,1407,192.8,75.3,21.18,-22.82,5.191,4.197,31.0,33.1,67.0,1528,1,-10.1,0.42
3322,330,6.775,43.12,1,99.9,93.4,1407,192.8,75.4,21.16,-22.82,5.191,4.197,32.0,33.0,67.0,1528,1,-10.1,0.42
3323,329,6.775,43.15,1,99.9,93.4,1408,192.8,75.5,21.16,-22.812,5.191,4.197,31.0,33.0,67.0,1528,1,-10.1,0.42
3324,329,6.775,43.17,1,99.9,93.4,1407,192.7,75.5,21.18,-22.812,5.188,4.197,31.0,33.0,67.0,1528,1,-10.1,0.42
3325,329,6.775,43.13,1,99.8,93.4,1408,192.7,75.4,21.18,-22.812,5.191,4.197,31.0,33.0,67.0,1528,1,-10.1,0.41
3326,328,6.775,43.13,1,99.8,93.4,1407,192.8,75.3,21.12,-22.812,5.188,4.197,31.0,33.0,67.0,1528,1,-10.1,0.41
3327,328,6.775,43.12,1,99.9,93.4,1408,192.7,75.5,21.16,-22.805,5.188,4.197,31.0,33.0,67.0,1528,1,-10.1,0.42
3328,328,6.775,43.15,1,99.8,93.4,1408,192.8,75.7,21.14,-22.805,5.188,4.197,31.0,33.0,67.0,1528,1,-10.1,0.42
3329,328,6.775,43.07,1,99.8,93.4,1408,192.9,75.6,21.12,-22.797,5.188,4.197,31.0,33.0,67.0,1527,1,-10.1,0.42
3330,328,6.775,43.12,1,99.8,93.4,1408,193.0,75.5,21.14,-22.789,5.188,4.197,31.0,33.0,67.0,1527,1,-10.1,0.42
3331,328,6.775,43.08,1,99.8,93.4,1407,193.0,75.5,21.17,-22.781,5.188,4.197,31.0,33.0,67.0,1527,1,-10.1,0.43
3332,327,6.775,43.14,1,99.8,93.4,1407,193.1,75.5,21.17,-22.773,5.191,4.197,31.0,33.0,67.0,1527,1,-10.1,0.44
3333,327,6.75,43.12,1,99.8,93.4,1407,193.1,75.6,21.18,-22.773,5.191,4.197,31.0,33.0,67.0,1527,1,-10.1,0.43
3334,327,6.75,43.06,1,99.8,93.4,1406,193.0,75.4,21.18,-22.766,5.191,4.197,31.0,33.0,67.0,1527,1,-10.1,0.43
3335,327,6.775,43.11,1,99.8,93.4,1406,193.0,75.6,21.18,-22.758,5.191,4.197,31.0,33.0,67.0,1527,1,-10.1,0.43
3336,328,6.775,43.07,1,99.8,93.4,1407,193.0,75.6,21.13,-22.758,5.191,4.197,32.0,33.0,67.0,1527,1,-10.1,0.43
3337,328,6.775,43.14,1,99.8,93.4,1407,193.0,75.5,21.15,-22.75,5.191,4.197,32.0,33.0,67.0,1527,1,-10.1,0.43
3338,328,6.775,43.15,1,99.8,93.4,1406,193.0,75.4,21.18,-22.75,5.191,4.197,31.0,33.1,67.0,1527,1,-10.1,0.43
3339,328,6.75,43.11,1,99.8,93.4,1407,192.9,75.5,21.13,-22.75,5.191,4.197,31.0,33.0,67.0,1527,1,-10.1,0.43
3340,328,6.75,43.08,1,99.8,93.4,1407,192.9,75.6,21.14,-22.742,5.191,4.197,31.0,33.1,67.0,1527,1,-10.1,0.43
3341,328,6.775,43.08,1,99.8,93.4,1406,193.0,75.4,21.2,-22.742,5.191,4.197,31.0,33.1,67.0,1527,1,-10.1,0.43
3342,328,6.775,43.12,1,99.8,93.4,1406,193.0,75.5,21.12,-22.742,5.191,4.197,32.0,33.0,67.0,1527,1,-10.1,0.43
3343,328,6.775,43.1,1,99.8,93.4,1407,193.0,75.5,21.17,-22.734,5.191,4.197,31.0,33.0,67.0,1527,1,-10.1,0.42
3344,328,6.775,43.15,1,99.8,93.4,1407,193.0,75.6,21.11,-22.727,5.191,4.197,31.0,33.1,67.0,1527,1,-10.1,0.42
3345,328,6.75,43.07,1,99.8,93.4,1407,193.0,75.6,21.14,-22.727,5.191,4.197,31.0,33.1,67.0,1527,1,-10.1,0.43
3346,328,6.775,43.09,1,99.8,93.4,1407,192.9,75.6,21.19,-22.719,5.191,4.197,31.0,33.1,67.0,1527,1,-10.1,0.42
3347,328,6.775,43.16,1,99.8,93.4,1407,192.9,75.5,21.18,-22.719,5.191,4.197,31.0,33.1,67.0,1527,1,-10.1,0.42
3348,328,6.775,43.14,1,99.8,93.4,1407,192.9,75.5,21.16,-22.719,5.191,4.197,31.0,33.1,67.0,1527,1,-10.1,0.41
3349,328,6.775,43.12,1,99.8,93.4,1407,192.9,75.5,21.16,-22.719,5.188,4.197,32.0,33.1,67.0,1527,1,-10.1,0.42
3350,328,6.775,43.11,1,99.8,93.4,1407,192.9,75.5,21.18,-22.719,5.188,4.197,32.0,33.1,67.0,1527,1,-10.1,0.42
3351,328,6.75,43.08,1,99.8,93.4,1407,192.9,75.6,21.13,-22.727,5.188,4.197,31.0,33.1,67.0,1526,1,-10.1,0.41
3352,328,6.75,43.1,1,99.8,93.4,1407,193.0,75.6,21.17,-22.727,5.188,4.197,31.0,33.1,67.0,1526,1,-10.1,0.42
3353,328,6.75,43.07,1,99.8,93.4,1407,192.9,75.7,21.2,-22.719,5.188,4.197,32.0,33.1,67.0,1526,1,-10.1,0.42
3354,328,6.775,43.01,1,99.8,93.4,1407,193.0,75.6,21.15,-22.719,5.188,4.197,32.0,33.1,67.0,1526,1,-10.1,0.43
3355,328,6.75,43.06,1,99.8,93.4,1407,192.9,75.5,21.14,-22.719,5.188,4.197,31.0,33.1,67.0,1526,1,-10.1,0.42
3356,329,6.775,43.09,1,99.8,93.4,1407,193.0,75.6,21.16,-22.719,5.188,4.197,32.0,33.1,67.0,1526,1,-10.1,0.41
3357,329,6.775,43.13,1,99.8,93.4,1408,193.0,75.7,21.15,-22.719,5.188,4.197,32.0,33.1,67.0,1526,1,-10.1,0.42
3358,329,6.75,43.08,1,99.8,93.4,1407,193.0,75.5,21.16,-22.719,5.188,4.197,31.0,33.1,67.0,1526,1,-10.1,0.42
3359,329,6.75,43.09,1,99.8,93.4,1407,193.0,75.5,21.16,-22.727,5.188,4.197,32.0,33.1,67.0,1526,1,-10.1,0.43
3360,329,6.75,43.05,1,99.8,93.4,1407,193.0,75.6,21.15,-22.727,5.188,4.197,31.0,33.1,67.0,1526,1,-10.1,0.42
3361,329,6.775,43.15,1,99.8,93.4,1407,192.9,75.5,21.11,-22.727,5.191,4.197,31.0,33.1,67.0,1526,1,-10.1,0.42
3362,329,6.775,43.14,1,99.8,93.4,1407,193.0,75.5,21.15,-22.727,5.188,4.197,32.0,33.1,67.0,1526,1,-10.1,0.43
3363,329,6.775,43.07,1,99.8,93.4,1407,193.0,75.5,21.19,-22.734,5.188,4.197,32.0,33.1,67.0,1526,1,-10.1,0.42
3364,329,6.775,43.1,1,99.8,93.4,1407,193.0,75.5,21.19,-22.727,5.188,4.197,32.0,33.1,67.0,1526,1,-10.1,0.42
3365,329,6.775,43.12,1,99.8,93.4,1406,193.0,75.6,21.21,-22.734,5.188,4.197,32.0,33.1,67.0,1526,1,-10.1,0.42
3366,329,6.775,43.12,1,99.8,93.4,1407,193.0,75.6,21.17,-22.727,5.188,4.197,32.0,33.1,67.0,1526,1,-10.1,0.42
3367,329,6.775,43.11,1,99.8,93.4,1407,193.0,75.6,21.16,-22.727,5.188,4.197,32.0,33.1,67.0,1526,1,-10.1,0.43
3368,329,6.775,43.09,1,99.8,93.4,1408,192.9,75.7,21.18,-22.727,5.191,4.197,32.0,33.1,67.0,1526,1,-10.1,0.42
3369,329,6.75,43.1,1,99.8,93.4,1408,193.0,75.5,21.16,-22.727,5.191,4.197,32.0,33.1,67.0,1526,1,-10.1,0.43
3370,329,6.75,43.12,1,99.8,93.4,1408,193.0,75.6,21.19,-22.727,5.191,4.197,32.0,33.1,67.0,1526,1,-10.1,0.42
3371,329,6.775,43.12,1,99.8,93.4,1408,193.0,75.3,21.2,-22.711,5.191,4.197,31.0,33.1,67.0,1525,1,-10.1,0.43
3372,329,6.775,43.1,1,99.8,93.4,1407,193.0,75.4,21.15,-22.711,5.191,4.197,31.0,33.1,67.0,1525,1,-10.1,0.43
3373,329,6.775,43.1,1,99.8,93.4,1407,193.0,75.5,21.14,-22.703,5.191,4.197,32.0,33.1,67.0,1525,1,-10.1,0.43
3374,329,6.775,43.12,1,99.8,93.4,1407,193.0,75.5,21.2,-22.711,5.191,4.197,32.0,33.1,67.0,1525,1,-10.1,0.43
3375,329,6.775,43.09,1,99.8,93.4,1407,193.0,75.4,21.21,-22.711,5.191,4.197,32.0,33.1,67.0,1525,1,-10.1,0.43
3376,329,6.75,43.11,1,99.8,93.4,1407,193.0,75.5,21.2,-22.711,5.191,4.197,31.0,33.1,67.0,1525,1,-10.1,0.43
3377,329,6.775,43.1,1,99.8,93.4,1407,193.1,75.6,21.17,-22.711,5.191,4.197,31.0,33.1,67.0,1525,1,-10.1,0.43
3378,329,6.775,43.11,1,99.8,93.4,1407,193.1,75.5,21.15,-22.703,5.195,4.197,31.0,33.1,67.0,1525,1,-10.1,0.43
3379,329,6.775,43.12,1,99.8,93.4,1407,193.1,75.6,21.18,-22.695,5.195,4.197,32.0,33.1,67.0,1525,1,-10.1,0.43
3380,329,6.775,43.16,1,99.8,93.4,1407,193.1,75.6,21.16,-22.688,5.195,4.197,32.0,33.1,67.0,1525,1,-10.1,0.43
3381,329,6.75,43.1,1,99.8,93.4,1407,193.1,75.7,21.14,-22.688,5.191,4.197,32.0,33.1,67.0,1525,1,-10.1,0.43
3382,329,6.75,43.13,1,99.8,93.4,1407,193.1,75.7,21.21,-22.68,5.191,4.197,31.0,33.1,67.0,1525,1,-10.1,0.43
3383,329,6.775,43.11,1,99.8,93.4,1407,193.1,75.7,21.15,-22.672,5.191,4.197,32.0,33.1,67.0,1525,1,-10.1,0.43
3384,329,6.775,43.1,1,99.8,93.4,1407,193.1,75.6,21.2,-22.656,5.191,4.197,31.0,33.1,67.0,1525,1,-10.1,0.43
3385,329,6.775,43.1,1,99.7,93.4,1407,193.1,75.7,21.2,-22.656,5.191,4.197,31.0,33.1,67.0,1525,1,-10.1,0.42
3386,329,6.775,43.12,1,99.7,93.4,1407,193.1,75.5,21.16,-22.648,5.195,4.197,31.0,33.1,67.0,1525,1,-10.1,0.43
3387,329,6.775,43.09,1,99.8,93.4,1407,193.1,75.5,21.17,-22.641,5.195,4.197,31.0,33.1,67.0,1525,1,-10.1,0.42
3388,329,6.775,43.09,1,99.8,93.4,1408,193.1,75.5,21.16,-22.641,5.195,4.197,31.0,33.1,67.0,1525,1,-10.1,0.43
3389,329,6.75,43.08,1,99.8,93.4,1408,193.1,75.4,21.17,-22.633,5.195,4.197,31.0,33.1,67.0,1525,1,-10.1,0.43
3390,329,6.75,43.13,1,99.7,93.4,1408,193.1,75.6,21.17,-22.625,5.195,4.197,31.0,33.1,67.0,1525,1,-10.2,0.43
3391,329,6.75,43.13,1,99.7,93.4,1407,193.1,75.6,21.19,-22.617,5.191,4.197,31.0,33.1,67.0,1525,1,-10.1,0.42
3392,329,6.775,43.05,1,99.8,93.4,1407,193.1,75.5,21.14,-22.609,5.195,4.197,31.0,33.1,67.0,1525,1,-10.1,0.42
3393,329,6.75,43.14,1,99.7,93.4,1407,193.1,75.5,21.18,-22.602,5.195,4.197,31.0,33.1,67.0,1524,1,-10.1,0.42
3394,329,6.75,43.08,1,99.7,93.4,1407,193.1,75.5,21.16,-22.594,5.195,4.197,31.0,33.1,67.0,1524,1,-10.1,0.43
3395,329,6.75,43.11,1,99.7,93.4,1407,193.2,75.5,21.17,-22.586,5.195,4.197,31.0,33.1,67.0,1524,1,-10.2,0.42
3396,329,6.75,43.11,1,99.7,93.4,1407,193.2,75.4,21.17,-22.578,5.195,4.197,32.0,33.1,67.0,1524,1,-10.1,0.42
3397,329,6.75,43.1,1,99.7,93.4,1408,193.2,75.4,21.16,-22.57,5.195,4.197,31.0,33.1,67.0,1524,1,-10.1,0.43
3398,329,6.775,43.09,1,99.7,93.4,1408,193.2,75.4,21.17,-22.555,5.195,4.197,32.0,33.1,67.0,1524,1,-10.2,0.43
3399,329,6.775,43.07,1,99.7,93.4,1407,193.2,75.4,21.2,-22.555,5.195,4.197,31.0,33.1,67.0,1524,1,-10.1,0.43
3400,329,6.775,43.08,1,99.7,93.4,1407,193.3,75.5,21.24,-22.547,5.195,4.197,31.0,33.1,67.0,1524,1,-10.1,0.43
3401,329,6.775,43.07,1,99.7,93.4,1407,193.2,75.5,21.2,-22.531,5.195,4.197,31.0,33.1,67.0,1524,1,-10.2,0.43
3402,329,6.75,43.09,1,99.7,93.4,1407,193.2,75.5,21.18,-22.531,5.195,4.197,31.0,33.1,67.0,1524,1,-10.1,0.43
3403,329,6.75,43.1,1,99.7,93.4,1407,193.2,75.6,21.12,-22.531,5.195,4.197,31.0,33.1,67.0,1524,1,-10.2,0.42
3404,329,6.775,43.08,1,99.7,93.4,1408,193.2,75.6,21.18,-22.523,5.195,4.197,32.0,33.1,67.0,1524,1,-10.1,0.43
3405,329,6.775,43.05,1,99.7,93.4,1407,193.3,75.5,21.14,-22.516,5.195,4.197,31.0,33.1,67.0,1524,1,-10.2,0.43
3406,329,6.775,43.1,1,99.7,93.4,1407,193.3,75.6,21.17,-22.508,5.195,4.197,31.0,33.1,67.0,1524,1,-10.1,0.43
3407,329,6.775,43.1,1,99.6,93.4,1407,193.3,75.6,21.14,-22.5,5.195,4.197,31.0,33.0,67.0,1524,1,-10.1,0.43
3408,329,6.75,43.09,1,99.7,93.4,1407,193.3,75.5,21.21,-22.492,5.195,4.197,32.0,33.1,67.0,1524,1,-10.1,0.42
3409,329,6.775,43.1,1,99.7,93.4,1407,193.4,75.4,21.14,-22.492,5.195,4.197,31.0,33.1,67.0,1524,1,-10.2,0.43
3410,329,6.775,43.07,1,99.7,93.4,1407,193.4,75.5,21.11,-22.484,5.195,4.197,31.0,33.1,67.0,1524,1,-10.2,0.43
3411,329,6.75,43.09,1,99.7,93.4,1407,193.4,75.5,21.16,-22.484,5.195,4.197,31.0,33.0,67.0,1524,1,-10.1,0.43
3412,329,6.75,43.07,1,99.6,93.4,1407,193.4,75.4,21.15,-22.477,5.195,4.197,31.0,33.1,67.0,1524,1,-10.2,0.44
3413,329,6.75,43.06,1,99.7,93.4,1406,193.4,75.2,21.19,-22.477,5.199,4.197,31.0,33.0,67.0,1524,1,-10.1,0.43
3414,329,6.775,43.07,1,99.6,93.4,1406,193.4,75.5,21.12,-22.469,5.199,4.197,32.0,33.0,67.0,1524,1,-10.1,0.42
3415,329,6.775,43.1,1,99.6,93.4,1406,193.4,75.4,21.14,-22.477,5.199,4.197,31.0,33.0,67.0,1523,1,-10.1,0.43
3416,329,6.775,43.08,1,99.7,93.4,1406,193.4,75.4,21.15,-22.469,5.195,4.197,31.0,33.1,67.0,1523,1,-10.2,0.42
3417,329,6.775,43.06,1,99.6,93.4,1405,193.4,75.4,21.14,-22.469,5.195,4.197,32.0,33.1,67.0,1523,1,-10.2,0.43
3418,329,6.775,43.09,1,99.6,93.4,1406,193.5,75.4,21.16,-22.469,5.195,4.197,31.0,33.1,67.0,1523,1,-10.1,0.43
3419,329,6.75,43.05,1,99.6,93.4,1406,193.5,75.5,21.19,-22.461,5.195,4.197,31.0,33.1,67.0,1523,1,-10.2,0.43
3420,329,6.775,43.09,1,99.7,93.4,1406,193.5,75.3,21.24,-22.477,5.195,4.197,31.0,33.0,67.0,1523,1,-10.2,0.43
3421,329,6.775,43.05,1,99.6,93.4,1406,193.5,75.6,21.16,-22.469,5.195,4.197,31.0,33.1,67.0,1523,1,-10.2,0.43
3422,329,6.75,43.03,1,99.6,93.30000000000001,1407,193.6,75.4,21.16,-22.477,5.195,4.197,31.0,33.0,67.0,1523,1,-10.2,0.43
3423,329,6.75,43.07,1,99.6,93.4,1406,193.6,75.5,21.17,-22.477,5.195,4.197,31.0,33.0,67.0,1523,1,-10.2,0.44
3424,329,6.75,43.13,1,99.6,93.4,1406,193.5,75.4,21.21,-22.477,5.195,4.197,31.0,33.0,67.0,1523,1,-10.1,0.43
3425,329,6.775,43.02,1,99.6,93.4,1406,193.5,75.5,21.16,-22.477,5.195,4.197,31.0,33.0,67.0,1523,1,-10.2,0.44
3426,329,6.775,43.1,1,99.6,93.4,1406,193.6,75.3,21.16,-22.477,5.195,4.197,31.0,33.0,67.0,1523,1,-10.2,0.42
3427,329,6.75,43.09,1,99.6,93.4,1406,193.6,75.4,21.16,-22.477,5.195,4.197,31.0,33.0,67.0,1523,1,-10.1,0.43
3428,329,6.75,43.1,1,99.6,93.4,1406,193.5,75.4,21.2,-22.477,5.195,4.197,31.0,33.0,67.0,1523,1,-10.2,0.42
3429,329,6.775,43.09,1,99.6,93.4,1406,193.5,75.4,21.18,-22.484,5.195,4.197,31.0,33.0,67.0,1523,1,-10.2,0.42
3430,329,6.775,43.07,1,99.6,93.4,1406,193.6,75.6,21.13,-22.484,5.195,4.197,31.0,33.0,67.0,1523,1,-10.2,0.43
3431,329,6.775,43.12,1,99.7,93.4,1407,193.4,75.5,21.13,-22.484,5.195,4.197,31.0,33.0,67.0,1523,1,-10.2,0.42
3432,329,6.775,43.08,1,99.6,93.4,1407,193.5,75.5,21.18,-22.484,5.195,4.197,31.0,33.0,67.0,1523,1,-10.1,0.42
3433,329,6.75,43.08,1,99.7,93.4,1407,193.5,75.5,21.2,-22.484,5.195,4.197,32.0,33.0,67.0,1523,1,-10.2,0.43
3434,329,6.75,43.09,1,99.7,93.4,1407,193.4,75.7,21.18,-22.477,5.195,4.197,31.0,33.0,67.0,1523,1,-10.1,0.43
3435,329,6.775,43.1,1,99.7,93.4,1406,193.4,75.6,21.13,-22.477,5.195,4.197,31.0,33.0,67.0,1523,1,-10.1,0.44
3436,329,6.775,43.05,1,99.6,93.4,1406,193.4,75.6,21.2,-22.469,5.195,4.197,31.0,33.0,67.0,1523,1,-10.1,0.44
3437,329,6.775,42.99,1,99.6,93.30000000000001,1406,193.4,75.5,21.2,-22.469,5.195,4.197,32.0,33.0,67.0,1522,1,-10.2,0.44
3438,329,6.775,43.08,1,99.7,93.4,1406,193.3,75.3,21.19,-22.461,5.195,4.197,31.0,33.0,67.0,1522,1,-10.2,0.43
3439,329,6.75,43.1,1,99.7,93.4,1407,193.3,75.4,21.17,-22.453,5.195,4.197,31.0,33.0,67.0,1522,1,-10.1,0.43
3440,329,6.75,43.02,1,99.6,93.4,1406,193.2,75.4,21.16,-22.445,5.199,4.197,31.0,33.0,67.0,1522,1,-10.2,0.44
3441,329,6.775,43.06,1,99.6,93.4,1407,193.2,75.4,21.16,-22.438,5.195,4.197,31.0,33.0,67.0,1522,1,-10.1,0.43
3442,329,6.775,43.12,1,99.6,93.4,1406,193.1,75.3,21.14,-22.43,5.195,4.197,31.0,33.0,67.0,1522,1,-10.1,0.43
3443,329,6.775,43.08,1,99.6,93.4,1406,193.1,75.3,21.16,-22.43,5.195,4.197,31.0,33.0,67.0,1522,1,-10.1,0.43
3444,329,6.775,43.04,1,99.6,93.4,1407,193.0,75.5,21.15,-22.43,5.195,4.197,31.0,33.0,67.0,1522,1,-10.1,0.43
3445,329,6.775,43.05,1,99.6,93.4,1406,193.0,75.4,21.2,-22.43,5.195,4.197,31.0,33.0,67.0,1522,1,-10.2,0.44
3446,329,6.75,43.07,1,99.6,93.30000000000001,1407,193.0,75.5,21.18,-22.43,5.195,4.197,32.0,33.0,67.0,1522,1,-10.2,0.43
3447,329,6.75,43.06,1,99.6,93.4,1406,192.9,75.5,21.16,-22.422,5.195,4.197,31.0,33.0,67.0,1522,1,-10.1,0.42
3448,329,6.775,43.06,1,99.6,93.4,1406,192.9,75.3,21.15,-22.422,5.195,4.197,31.0,33.0,67.0,1522,1,-10.2,0.44
3449,329,6.75,43.1,1,99.6,93.4,1406,192.8,75.4,21.14,-22.414,5.195,4.197,31.0,33.0,67.0,1522,1,-10.2,0.43
3450,329,6.75,43.08,1,99.6,93.4,1407,192.8,75.4,21.2,-22.414,5.199,4.197,31.0,33.0,67.0,1522,1,-10.1,0.42
3451,329,6.75,42.98,1,99.6,93.30000000000001,1407,192.8,75.5,21.16,-22.398,5.195,4.197,32.0,33.0,67.0,1522,1,-10.1,0.42
3452,329,6.775,43.06,1,99.6,93.4,1406,192.8,75.6,21.17,-22.391,5.195,4.197,31.0,33.0,67.0,1522,1,-10.2,0.42
3453,329,6.775,43.03,1,99.6,93.4,1407,192.8,75.5,21.15,-22.383,5.195,4.197,32.0,33.0,67.0,1522,1,-10.2,0.42
3454,329,6.775,43.07,1,99.6,93.4,1407,192.7,75.6,21.19,-22.367,5.195,4.197,31.0,33.0,67.0,1522,1,-10.2,0.42
3455,329,6.75,43.0,1,99.6,93.4,1407,192.7,75.5,21.14,-22.352,5.195,4.197,31.0,33.0,67.0,1522,1,-10.1,0.42
3456,329,6.775,43.04,1,99.6,93.4,1407,192.7,75.4,21.17,-22.336,5.195,4.197,31.0,33.0,67.0,1522,1,-10.1,0.42
3457,329,6.775,43.05,1,99.6,93.4,1407,192.7,75.3,21.14,-22.328,5.199,4.197,31.0,33.0,67.0,1521,1,-10.1,0.42
3458,329,6.75,43.06,1,99.6,93.4,1406,192.7,75.2,21.14,-22.312,5.199,4.197,31.0,33.0,67.0,1521,1,-10.2,0.42
3459,329,6.775,43.06,1,99.6,93.4,1406,192.7,75.3,21.2,-22.305,5.199,4.197,31.0,33.0,67.0,1521,1,-10.2,0.42
3460,329,6.775,43.02,1,99.6,93.4,1407,192.7,75.3,21.15,-22.289,5.199,4.197,32.0,33.0,67.0,1521,1,-10.1,0.43
3461,329,6.775,43.07,1,99.5,93.4,1407,192.7,75.5,21.18,-22.273,5.199,4.197,32.0,33.0,67.0,1521,1,-10.1,0.42
3462,329,6.75,43.0,1,99.5,93.4,1407,192.7,75.5,21.19,-22.25,5.199,4.197,31.0,33.0,67.0,1521,1,-10.1,0.42
3463,329,6.775,42.98,1,99.5,93.4,1407,192.7,75.5,21.21,-22.242,5.199,4.197,31.0,33.1,67.0,1521,1,-10.1,0.42
3464,329,6.775,43.03,1,99.5,93.30000000000001,1407,192.7,75.4,21.18,-22.219,5.199,4.197,31.0,33.1,67.0,1521,1,-10.1,0.41
3465,329,6.775,43.05,1,99.5,93.30000000000001,1407,192.7,75.5,21.17,-22.203,5.199,4.197,31.0,33.1,67.0,1521,1,-10.1,0.43
3466,329,6.775,43.04,1,99.5,93.4,1406,192.7,75.6,21.15,-22.195,5.199,4.197,31.0,33.1,67.0,1521,1,-10.2,0.42
3467,329,6.75,43.01,1,99.5,93.4,1407,192.7,75.3,21.13,-22.18,5.199,4.197,31.0,33.0,67.0,1521,1,-10.1,0.43
3468,329,6.75,43.0,1,99.5,93.4,1407,192.6,75.4,21.18,-22.164,5.203,4.197,32.0,33.1,67.0,1521,1,-10.1,0.43
3469,328,6.75,43.0,1,99.5,93.30000000000001,1407,192.7,75.4,21.16,-22.156,5.199,4.197,32.0,33.1,67.0,1521,1,-10.1,0.42
3470,328,6.775,43.02,1,99.4,93.30000000000001,1407,192.7,75.4,21.15,-22.141,5.199,4.197,32.0,33.0,67.0,1521,1,-10.1,0.42
3471,328,6.775,43.01,1,99.4,93.30000000000001,1406,192.8,75.4,21.16,-22.133,5.199,4.197,32.0,33.1,67.0,1521,1,-10.1,0.42
3472,328,6.775,43.04,1,99.5,93.4,1404,192.7,75.4,21.18,-22.133,5.199,4.197,32.0,33.1,67.0,1521,1,-10.1,0.42
3473,328,6.775,42.93,1,99.5,93.4,1405,192.7,75.3,21.18,-22.125,5.199,4.197,31.0,33.1,67.0,1521,1,-10.1,0.42
3474,328,6.775,42.98,1,99.4,93.30000000000001,1405,192.7,75.1,21.19,-22.117,5.199,4.197,32.0,33.0,67.0,1521,1,-10.2,0.43
3475,328,6.75,42.9,1,99.4,93.30000000000001,1406,192.7,75.4,21.2,-22.117,5.199,4.197,31.0,33.1,67.0,1521,1,-10.1,0.43
3476,328,6.75,42.95,1,99.4,93.30000000000001,1406,192.7,75.5,21.18,-22.109,5.199,4.197,31.0,33.1,67.0,1521,1,-10.1,0.43
3477,328,6.75,43.04,1,99.4,93.30000000000001,1406,192.6,75.4,21.13,-22.109,5.199,4.197,31.0,33.1,67.0,1521,1,-10.1,0.43
3478,328,6.775,43.02,1,99.5,93.30000000000001,1407,192.7,75.3,21.11,-22.102,5.199,4.197,31.0,33.1,67.0,1521,1,-10.1,0.43
3479,328,6.75,42.99,1,99.5,93.4,1407,192.6,75.3,21.09,-22.094,5.199,4.197,31.0,33.1,67.0,1520,1,-10.1,0.43
3480,328,6.775,43.04,1,99.4,93.30000000000001,1406,192.6,75.4,21.12,-22.094,5.199,4.197,31.0,33.1,67.0,1520,1,-10.1,0.42
3481,328,6.75,43.04,1,99.4,93.30000000000001,1405,192.6,75.5,21.08,-22.086,5.203,4.197,31.0,33.1,67.0,1520,1,-10.1,0.42
3482,328,6.75,43.01,1,99.4,93.30000000000001,1405,192.6,75.5,21.09,-22.086,5.203,4.197,31.0,33.1,67.0,1520,1,-10.1,0.42
3483,328,6.75,43.04,1,99.4,93.30000000000001,1405,192.5,75.3,21.14,-22.078,5.203,4.197,31.0,33.1,67.0,1520,1,-10.1,0.42
3484,328,6.775,43.05,1,99.4,93.30000000000001,1406,192.5,75.4,21.02,-22.078,5.203,4.197,31.0,33.1,67.0,1520,1,-10.1,0.43
3485,328,6.775,43.02,1,99.4,93.30000000000001,1406,192.5,75.3,20.98,-22.078,5.203,4.197,32.0,33.1,67.0,1520,1,-10.1,0.42
3486,328,6.775,42.96,1,99.4,93.30000000000001,1405,192.5,75.3,20.97,-22.086,5.203,4.197,32.0,33.1,67.0,1520,1,-10.1,0.43
3487,328,6.775,43.0,1,99.4,93.4,1405,192.5,75.3,21.02,-22.086,5.199,4.197,31.0,33.1,67.0,1520,1,-10.1,0.42
3488,328,6.775,42.97,1,99.4,93.30000000000001,1405,192.5,75.4,21.03,-22.078,5.199,4.197,31.0,33.1,67.0,1520,1,-10.1,0.42
3489,328,6.75,42.99,1,99.4,93.30000000000001,1405,192.5,75.5,20.96,-22.078,5.199,4.197,31.0,33.1,67.0,1520,1,-10.1,0.43
3490,328,6.75,43.04,1,99.4,93.30000000000001,1405,192.6,75.5,20.94,-22.078,5.199,4.197,32.0,33.1,67.0,1520,1,-10.1,0.43
3491,328,6.75,43.01,1,99.4,93.30000000000001,1405,192.6,75.2,20.98,-22.086,5.199,4.197,31.0,33.1,67.0,1520,1,-10.1,0.42
3492,328,6.775,42.96,1,99.4,93.30000000000001,1405,192.5,75.2,20.99,-22.086,5.199,4.197,32.0,33.1,67.0,1520,1,-10.1,0.41
3493,328,6.775,43.02,1,99.4,93.30000000000001,1405,192.6,75.4,20.95,-22.094,5.199,4.197,32.0,33.1,67.0,1520,1,-10.1,0.43
3494,328,6.775,42.94,1,99.4,93.30000000000001,1405,192.6,75.4,20.98,-22.094,5.199,4.197,32.0,33.1,67.0,1520,1,-10.1,0.4
3495,328,6.75,42.91,1,99.4,93.30000000000001,1405,192.6,75.5,21.03,-22.102,5.199,4.197,31.0,33.1,67.0,1520,1,-10.1,0.42
3496,328,6.75,42.95,1,99.5,93.30000000000001,1405,192.7,75.4,20.95,-22.109,5.195,4.197,31.0,33.1,67.0,1520,1,-10.1,0.41
3497,328,6.775,42.92,1,99.4,93.30000000000001,1405,192.7,75.4,20.97,-22.117,5.195,4.197,32.0,33.1,67.0,1520,1,-10.1,0.41
3498,328,6.775,42.96,1,99.5,93.30000000000001,1406,192.7,75.6,20.95,-22.125,5.195,4.197,31.0,33.1,67.0,1520,1,-10.1,0.42
3499,328,6.775,42.91,1,99.4,93.30000000000001,1406,192.6,75.5,20.96,-22.133,5.195,4.197,31.0,33.1,67.0,1520,1,-10.1,0.42
3500,328,6.775,43.02,1,99.4,93.30000000000001,1406,192.6,75.3,20.9,-22.148,5.195,4.197,31.0,33.1,67.0,1519,1,-10.1,0.42
3501,328,6.775,42.98,1,99.4,93.30000000000001,1406,192.7,75.3,20.96,-22.156,5.199,4.197,32.0,33.1,67.0,1519,1,-10.1,0.42
3502,328,6.75,43.02,1,99.5,93.4,1405,192.8,75.4,20.97,-22.156,5.195,4.197,32.0,33.1,67.0,1519,1,-10.1,0.42
3503,328,6.75,42.96,1,99.5,93.30000000000001,1405,192.8,75.5,21.04,-22.156,5.195,4.197,31.0,33.1,67.0,1519,1,-10.1,0.42
3504,328,6.775,42.98,1,99.5,93.30000000000001,1406,192.7,75.5,20.99,-22.164,5.199,4.197,32.0,33.1,67.0,1519,1,-10.1,0.42
3505,328,6.775,42.91,1,99.5,93.30000000000001,1406,192.7,75.5,20.97,-22.164,5.195,4.197,32.0,33.1,67.0,1519,1,-10.1,0.42
3506,328,6.775,43.11,1,99.5,93.30000000000001,1406,192.7,75.4,20.97,-22.164,5.195,4.197,31.0,33.1,67.0,1519,1,-10.1,0.42
3507,328,6.775,42.98,1,99.5,93.30000000000001,1405,192.8,75.3,20.99,-22.18,5.195,4.197,31.0,33.1,67.0,1519,1,-10.1,0.43
3508,328,6.75,43.09,1,99.5,93.30000000000001,1405,192.7,75.4,20.96,-22.188,5.195,4.197,32.0,33.1,67.0,1519,1,-10.1,0.42
3509,328,6.75,43.03,1,99.5,93.30000000000001,1405,192.7,75.5,20.98,-22.195,5.195,4.197,31.0,33.1,67.0,1519,1,-10.1,0.42
3510,328,6.775,43.04,1,99.5,93.30000000000001,1406,192.6,75.4,20.98,-22.203,5.195,4.197,31.0,33.1,67.0,1519,1,-10.1,0.42
3511,328,6.775,42.99,1,99.5,93.30000000000001,1406,192.7,75.4,20.96,-22.211,5.195,4.197,32.0,33.1,67.0,1519,1,-10.1,0.43
3512,328,6.775,43.06,1,99.5,93.4,1406,192.7,75.4,20.97,-22.219,5.195,4.197,32.0,33.1,67.0,1519,1,-10.1,0.42
3513,328,6.775,43.01,1,99.5,93.30000000000001,1406,192.7,75.5,20.96,-22.219,5.195,4.197,32.0,33.1,67.0,1519,1,-10.1,0.42
3514,328,6.75,43.01,1,99.5,93.30000000000001,1406,192.7,75.5,20.95,-22.227,5.195,4.197,32.0,33.1,67.0,1519,1,-10.1,0.43
3515,328,6.75,43.04,1,99.5,93.30000000000001,1406,192.7,75.6,20.96,-22.234,5.195,4.197,32.0,33.1,67.0,1519,1,-10.1,0.42
3516,328,6.75,42.98,1,99.5,93.4,1406,192.7,75.5,20.96,-22.242,5.195,4.197,31.0,33.1,67.0,1519,1,-10.1,0.42
3517,328,6.775,42.95,1,99.5,93.30000000000001,1406,192.7,75.5,20.95,-22.242,5.195,4.197,32.0,33.1,67.0,1519,1,-10.1,0.42
3518,328,6.775,43.01,1,99.5,93.30000000000001,1406,192.9,75.4,20.96,-22.25,5.195,4.197,32.0,33.1,67.0,1519,1,-10.1,0.42
3519,328,6.775,43.09,1,99.5,93.30000000000001,1407,192.9,75.5,20.96,-22.25,5.195,4.197,32.0,33.1,67.0,1519,1,-10.1,0.41
3520,328,6.775,43.0,1,99.5,93.4,1406,192.9,75.5,20.96,-22.258,5.195,4.197,32.0,33.1,67.0,1518,1,-10.1,0.41
3521,328,6.75,42.93,1,99.5,93.30000000000001,1406,192.8,75.4,21.0,-22.258,5.195,4.197,32.0,33.1,67.0,1518,1,-10.0,0.42
3522,328,6.75,42.99,1,99.5,93.4,1406,192.8,75.5,20.98,-22.266,5.195,4.197,32.0,33.1,67.0,1518,1,-10.1,0.41
3523,328,6.775,42.96,1,99.5,93.4,1406,192.8,75.3,20.95,-22.266,5.195,4.197,32.0,33.1,67.0,1518,1,-10.1,0.42
3524,328,6.775,43.1,1,99.5,93.4,1407,192.8,75.5,20.99,-22.266,5.195,4.197,32.0,33.1,67.0,1518,1,-10.1,0.41
3525,328,6.775,43.0,1,99.5,93.4,1407,192.9,75.4,20.92,-22.266,5.195,4.197,32.0,33.1,67.0,1518,1,-10.0,0.41
3526,328,6.775,43.06,1,99.5,93.4,1407,193.0,75.6,20.95,-22.273,5.195,4.197,31.0,33.1,67.0,1518,1,-10.0,0.41
3527,328,6.775,43.04,1,99.5,93.30000000000001,1407,193.0,75.4,21.01,-22.281,5.195,4.197,32.0,33.1,67.0,1518,1,-10.1,0.43
3528,328,6.75,43.01,1,99.5,93.30000000000001,1407,193.1,75.5,20.96,-22.281,5.195,4.197,31.0,33.1,67.0,1518,1,-10.0,0.42
3529,328,6.75,43.1,1,99.5,93.30000000000001,1407,193.1,75.4,21.01,-22.281,5.195,4.197,32.0,33.1,67.0,1518,1,-10.1,0.42
3530,328,6.775,43.06,1,99.5,93.30000000000001,1407,193.1,75.5,20.97,-22.289,5.195,4.197,32.0,33.1,67.0,1518,1,-10.0,0.41
3531,328,6.775,43.0,1,99.5,93.4,1407,193.1,75.6,20.98,-22.297,5.195,4.197,32.0,33.1,67.0,1518,1,-10.0,0.42
3532,328,6.775,43.02,1,99.5,93.4,1407,193.1,75.5,20.96,-22.305,5.195,4.197,32.0,33.1,67.0,1518,1,-10.0,0.41
3533,328,6.775,43.02,1,99.6,93.4,1406,193.1,75.3,20.92,-22.312,5.195,4.197,32.0,33.1,67.0,1518,1,-10.0,0.42
3534,327,6.75,42.98,1,99.5,93.4,1406,193.1,75.3,20.98,-22.32,5.195,4.197,31.0,33.1,67.0,1518,1,-10.0,0.42
3535,327,6.75,42.99,1,99.5,93.30000000000001,1406,193.1,75.5,20.97,-22.32,5.195,4.197,32.0,33.1,67.0,1518,1,-10.0,0.42
3536,327,6.775,42.99,1,99.5,93.4,1405,193.1,75.3,20.92,-22.32,5.195,4.197,32.0,33.1,67.0,1518,1,-10.0,0.42
3537,327,6.775,43.03,1,99.6,93.4,1405,193.1,75.3,20.96,-22.32,5.195,4.197,32.0,33.1,67.0,1518,1,-10.0,0.43
3538,327,6.775,42.96,1,99.5,93.30000000000001,1406,193.1,75.4,20.96,-22.312,5.195,4.197,31.0,33.1,67.0,1518,1,-10.0,0.42
3539,327,6.775,42.99,1,99.6,93.4,1406,193.0,75.5,20.98,-22.312,5.195,4.197,32.0,33.1,67.0,1518,1,-10.0,0.42
3540,327,6.75,43.06,1,99.6,93.4,1406,193.0,75.4,21.0,-22.312,5.195,4.197,31.0,33.1,67.0,1518,1,-10.0,0.42
3541,327,6.75,43.0,1,99.6,93.30000000000001,1406,192.9,75.4,21.0,-22.312,5.195,4.197,32.0,33.1,67.0,1517,1,-10.0,0.42
3542,327,6.775,43.11,1,99.6,93.30000000000001,1406,192.9,75.5,20.98,-22.32,5.195,4.197,32.0,33.1,67.0,1517,1,-10.0,0.41
3543,327,6.775,43.0,1,99.6,93.30000000000001,1406,193.0,75.3,20.98,-22.32,5.195,4.197,31.0,33.1,67.0,1517,1,-10.0,0.43
3544,327,6.75,42.94,1,99.5,93.30000000000001,1405,193.0,75.4,20.99,-22.32,5.195,4.197,32.0,33.1,67.0,1517,1,-10.0,0.42
3545,327,6.75,43.04,1,99.5,93.4,1406,193.0,75.4,20.93,-22.32,5.195,4.197,31.0,33.1,67.0,1517,1,-10.0,0.43
3546,327,6.75,43.06,1,99.5,93.30000000000001,1406,193.0,75.3,20.98,-22.328,5.195,4.197,32.0,33.1,67.0,1517,1,-10.0,0.42
3547,327,6.75,42.99,1,99.6,93.4,1406,193.0,75.4,20.96,-22.328,5.195,4.197,31.0,33.1,67.0,1517,1,-10.0,0.42
3548,327,6.75,43.01,1,99.6,93.4,1407,193.0,75.3,21.04,-22.328,5.195,4.197,32.0,33.1,67.0,1517,1,-10.0,0.42
3549,327,6.775,42.93,1,99.5,93.30000000000001,1407,193.0,75.4,21.02,-22.328,5.195,4.197,32.0,33.1,67.0,1517,1,-10.0,0.43
3550,327,6.775,42.94,1,99.5,93.30000000000001,1407,192.9,75.3,20.95,-22.32,5.195,4.197,32.0,33.1,67.0,1517,1,-10.0,0.42
3551,327,6.775,42.94,1,99.5,93.30000000000001,1407,192.9,75.4,20.98,-22.32,5.195,4.197,32.0,33.1,67.0,1517,1,-10.0,0.42
3552,327,6.775,43.01,1,99.6,93.4,1407,192.9,75.5,20.96,-22.32,5.191,4.197,32.0,33.1,67.0,1517,1,-10.0,0.42
3553,327,6.775,42.94,1,99.5,93.30000000000001,1407,192.9,75.5,21.0,-22.328,5.191,4.197,31.0,33.1,67.0,1517,1,-10.0,0.41
3554,327,6.775,43.05,1,99.5,93.4,1407,192.9,75.4,20.98,-22.328,5.191,4.197,31.0,33.1,67.0,1517,1,-10.0,0.42
3555,327,6.75,42.96,1,99.5,93.4,1407,192.9,75.4,21.02,-22.328,5.191,4.197,31.0,33.1,67.0,1517,1,-10.0,0.42
3556,327,6.75,43.0,1,99.6,93.30000000000001,1407,192.9,75.4,20.99,-22.336,5.191,4.197,32.0,33.1,67.0,1517,1,-10.0,0.42
3557,327,6.775,42.95,1,99.5,93.30000000000001,1407,193.0,75.4,20.98,-22.336,5.191,4.197,32.0,33.0,67.0,1517,1,-10.0,0.42
3558,327,6.775,43.01,1,99.6,93.4,1406,193.0,75.6,20.97,-22.344,5.191,4.197,31.0,33.0,67.0,1517,1,-10.0,0.42
3559,327,6.75,42.92,1,99.6,93.30000000000001,1406,193.0,75.4,20.96,-22.344,5.191,4.197,31.0,33.0,67.0,1517,1,-10.0,0.42
3560,327,6.75,43.02,1,99.6,93.4,1405,192.9,75.4,20.97,-22.352,5.195,4.197,32.0,33.1,67.0,1517,1,-10.0,0.42
3561,327,6.75,43.01,1,99.6,93.4,1406,192.9,75.4,20.96,-22.344,5.195,4.197,31.0,33.0,67.0,1517,1,-10.0,0.42
3562,327,6.775,43.0,1,99.6,93.4,1406,193.0,75.5,20.98,-22.344,5.195,4.197,32.0,33.0,67.0,1516,1,-10.0,0.42
3563,327,6.775,43.04,1,99.5,93.30000000000001,1406,193.0,75.4,21.0,-22.344,5.191,4.197,31.0,33.1,67.0,1516,1,-10.0,0.42
3564,327,6.775,43.05,1,99.5,93.30000000000001,1406,193.0,75.4,21.01,-22.344,5.191,4.197,32.0,33.1,67.0,1516,1,-10.0,0.42
3565,327,6.775,43.08,1,99.6,93.30000000000001,1406,193.0,75.4,20.96,-22.344,5.191,4.197,31.0,33.1,67.0,1516,1,-10.0,0.41
3566,327,6.775,43.02,1,99.6,93.30000000000001,1406,193.0,75.4,20.96,-22.344,5.191,4.197,31.0,33.1,67.0,1516,1,-10.0,0.41
3567,327,6.75,43.08,1,99.6,93.4,1407,193.1,75.5,20.97,-22.336,5.191,4.197,31.0,33.1,67.0,1516,1,-10.0,0.41
3568,327,6.775,42.96,1,99.6,93.4,1407,193.1,75.5,20.99,-22.336,5.191,4.197,32.0,33.1,67.0,1516,1,-10.0,0.41
3569,327,6.775,42.99,1,99.5,93.4,1407,193.1,75.5,20.98,-22.328,5.191,4.197,31.0,33.1,67.0,1516,1,-10.0,0.42
3570,327,6.775,42.99,1,99.5,93.4,1407,193.1,75.5,20.99,-22.328,5.191,4.197,32.0,33.1,67.0,1516,1,-10.0,0.41
3571,327,6.775,42.96,1,99.5,93.4,1406,193.2,75.3,21.02,-22.328,5.191,4.197,31.0,33.1,67.0,1516,1,-10.0,0.42
3572,327,6.775,42.94,1,99.5,93.30000000000001,1406,193.2,75.5,20.99,-22.32,5.191,4.197,31.0,33.1,67.0,1516,1,-10.0,0.42
3573,327,6.75,43.01,1,99.6,93.4,1406,193.1,75.4,21.01,-22.32,5.191,4.197,32.0,33.1,67.0,1516,1,-10.0,0.42
3574,327,6.75,43.0,1,99.6,93.4,1406,193.1,75.5,21.0,-22.32,5.191,4.197,32.0,33.1,67.0,1516,1,-10.0,0.42
3575,327,6.75,43.02,1,99.5,93.30000000000001,1406,193.2,75.3,20.96,-22.305,5.191,4.197,32.0,33.1,67.0,1516,1,-10.0,0.41
3576,327,6.75,43.0,1,99.5,93.4,1407,193.1,75.4,20.97,-22.305,5.191,4.197,32.0,33.1,67.0,1516,1,-10.0,0.42
3577,327,6.75,43.04,1,99.5,93.30000000000001,1407,193.2,75.4,20.99,-22.297,5.195,4.197,32.0,33.1,67.0,1516,1,-10.0,0.41
3578,327,6.75,42.98,1,99.5,93.4,1406,193.2,75.3,20.97,-22.289,5.195,4.197,31.0,33.1,67.0,1516,1,-10.0,0.41
3579,327,6.75,42.94,1,99.6,93.4,1407,193.1,75.5,20.97,-22.281,5.195,4.197,32.0,33.1,67.0,1516,1,-10.0,0.41
3580,327,6.775,43.06,1,99.5,93.4,1407,193.0,75.3,20.98,-22.273,5.195,4.197,32.0,33.1,67.0,1516,1,-9.9,0.42
3581,327,6.775,42.92,1,99.5,93.30000000000001,1407,193.0,75.3,20.97,-22.266,5.195,4.197,32.0,33.1,67.0,1516,1,-10.0,0.41
3582,327,6.75,42.99,1,99.5,93.4,1407,193.0,75.3,21.0,-22.258,5.195,4.197,32.0,33.1,67.0,1515,1,-10.0,0.41
3583,327,6.75,43.07,1,99.5,93.30000000000001,1407,193.0,75.4,20.96,-22.25,5.195,4.197,31.0,33.1,67.0,1515,1,-10.0,0.4
3584,327,6.775,43.06,1,99.5,93.4,1407,193.0,75.4,21.11,-22.242,5.195,4.197,32.0,33.1,67.0,1515,1,-10.0,0.41
3585,327,6.775,42.97,1,99.5,93.4,1407,193.0,75.5,21.25,-22.234,5.195,4.197,31.0,33.1,67.0,1515,1,-10.0,0.41
3586,327,6.775,43.07,1,99.5,93.4,1407,193.0,75.4,21.29,-22.227,5.195,4.197,32.0,33.1,67.0,1515,1,-9.9,0.42
3587,327,6.75,43.06,1,99.5,93.4,1407,193.0,75.4,21.28,-22.211,5.195,4.197,31.0,33.1,67.0,1515,1,-9.9,0.41
3588,327,6.775,42.96,1,99.5,93.30000000000001,1406,193.0,75.4,21.29,-22.211,5.195,4.197,31.0,33.1,67.0,1515,1,-9.9,0.41
3589,327,6.75,43.02,1,99.5,93.30000000000001,1406,193.0,75.3,21.28,-22.203,5.195,4.197,31.0,33.1,67.0,1515,1,-9.9,0.41
3590,327,6.775,42.99,1,99.5,93.30000000000001,1406,192.9,75.3,21.31,-22.195,5.195,4.197,31.0,33.1,67.0,1515,1,-10.0,0.41
3591,328,6.775,43.04,1,99.5,93.30000000000001,1407,193.0,75.5,21.29,-22.188,5.195,4.197,32.0,33.1,67.0,1515,1,-9.9,0.41
3592,328,6.775,43.06,1,99.5,93.30000000000001,1407,193.0,75.3,21.32,-22.18,5.195,4.197,32.0,33.1,67.0,1515,1,-9.9,0.41
3593,328,6.775,43.06,1,99.4,93.30000000000001,1407,193.0,75.4,21.3,-22.172,5.195,4.197,32.0,33.1,67.0,1515,1,-9.9,0.41
3594,328,6.75,43.0,1,99.5,93.30000000000001,1407,193.0,75.3,21.31,-22.164,5.195,4.197,32.0,33.1,67.0,1515,1,-9.9,0.43
3595,328,6.75,42.98,1,99.5,93.30000000000001,1406,193.0,75.3,21.3,-22.164,5.195,4.197,32.0,33.2,67.0,1515,1,-9.9,0.41
3596,328,6.775,43.0,1,99.5,93.30000000000001,1406,193.1,75.5,21.32,-22.156,5.195,4.197,32.0,33.1,67.0,1515,1,-9.9,0.41
3597,328,6.775,43.1,1,99.4,93.30000000000001,1406,193.2,75.4,21.27,-22.156,5.195,4.196,31.0,33.1,67.0,1515,1,-9.9,0.41
3598,328,6.775,42.93,1,99.4,93.30000000000001,1407,193.2,75.4,21.3,-22.148,5.195,4.197,32.0,33.1,67.0,1515,1,-9.9,0.42
3599,328,6.75,42.91,1,99.4,93.30000000000001,1406,193.2,75.4,21.35,-22.148,5.195,4.197,32.0,33.1,67.0,1515,1,-9.9,0.43
3600,328,6.75,42.96,1,99.5,93.4,1406,193.2,75.4,21.33,-22.148,5.195,4.197,31.0,33.2,67.0,1515,1,-9.9,0.41
3601,328,6.75,43.0,1,99.5,93.4,1406,193.2,75.4,21.27,-22.141,5.195,4.197,32.0,33.1,67.0,1515,1,-9.9,0.41
3602,328,6.775,42.96,1,99.5,93.30000000000001,1406,193.2,75.4,21.3,-22.141,5.195,4.197,32.0,33.1,67.0,1515,1,-9.9,0.41
3603,328,6.775,42.93,1,99.4,93.30000000000001,1405,193.2,75.4,21.29,-22.141,5.195,4.197,31.0,33.2,67.0,1514,1,-9.9,0.42
3604,328,6.75,43.03,1,99.4,93.30000000000001,1405,193.1,75.4,21.33,-22.133,5.191,4.197,32.0,33.2,67.0,1514,1,-9.9,0.41
3605,328,6.75,43.12,1,99.4,93.30000000000001,1405,193.1,75.4,21.31,-22.133,5.191,4.197,31.0,33.2,67.0,1514,1,-9.9,0.42
3606,328,6.775,43.0,1,99.5,93.30000000000001,1405,193.2,75.5,21.32,-22.133,5.191,4.197,31.0,33.2,67.0,1514,1,-9.9,0.42
3607,328,6.775,42.96,1,99.4,93.30000000000001,1406,193.2,75.4,21.27,-22.125,5.191,4.196,32.0,33.1,67.0,1514,1,-9.9,0.43
3608,328,6.775,42.94,1,99.4,93.30000000000001,1405,193.2,75.4,21.3,-22.125,5.191,4.197,32.0,33.1,67.0,1514,1,-9.9,0.42
3609,328,6.775,43.0,1,99.4,93.30000000000001,1405,193.2,75.3,21.34,-22.125,5.191,4.197,31.0,33.1,67.0,1514,1,-9.9,0.42
3610,328,6.75,43.0,1,99.4,93.30000000000001,1405,193.1,75.2,21.32,-22.117,5.191,4.197,32.0,33.2,67.0,1514,1,-9.9,0.43
3611,328,6.75,43.0,1,99.4,93.30000000000001,1406,193.1,75.3,21.31,-22.117,5.191,4.197,32.0,33.2,67.0,1514,1,-9.9,0.42
3612,328,6.775,42.97,1,99.4,93.30000000000001,1405,193.1,75.4,21.26,-22.117,5.191,4.197,32.0,33.2,67.0,1514,1,-9.9,0.42
3613,328,6.775,42.99,1,99.4,93.30000000000001,1405,193.1,75.5,21.33,-22.109,5.191,4.197,31.0,33.2,67.0,1514,1,-9.9,0.43
3614,328,6.775,43.07,1,99.4,93.30000000000001,1405,193.0,75.2,21.32,-22.109,5.191,4.197,32.0,33.2,67.0,1514,1,-9.9,0.42
3615,328,6.775,42.99,1,99.4,93.30000000000001,1405,193.0,75.5,21.32,-22.109,5.191,4.197,32.0,33.2,67.0,1514,1,-9.9,0.43
3616,328,6.775,43.06,1,99.4,93.30000000000001,1405,193.0,75.5,21.36,-22.117,5.191,4.196,31.0,33.2,67.0,1514,1,-9.9,0.42
3617,328,6.775,43.0,1,99.4,93.30000000000001,1405,193.0,75.5,21.36,-22.109,5.191,4.197,32.0,33.2,67.0,1514,1,-9.9,0.42
3618,328,6.75,42.89,1,99.4,93.30000000000001,1406,192.9,75.4,21.32,-22.117,5.191,4.197,32.0,33.2,67.0,1514,1,-9.9,0.43
3619,328,6.75,43.04,1,99.4,93.30000000000001,1406,192.9,75.6,21.31,-22.117,5.191,4.197,32.0,33.2,67.0,1514,1,-9.9,0.42
3620,328,6.75,42.97,1,99.4,93.30000000000001,1405,193.0,75.5,21.29,-22.117,5.191,4.197,32.0,33.2,67.0,1514,1,-9.9,0.42
3621,328,6.775,43.03,1,99.4,93.30000000000001,1405,193.2,75.5,21.32,-22.117,5.191,4.197,31.0,33.2,67.0,1514,1,-9.9,0.42
3622,328,6.775,43.05,1,99.4,93.30000000000001,1405,193.2,75.4,21.32,-22.117,5.191,4.196,32.0,33.2,67.0,1514,1,-9.9,0.42
3623,328,6.775,43.02,1,99.4,93.30000000000001,1405,193.2,75.3,21.34,-22.117,5.191,4.196,32.0,33.2,67.0,1514,1,-9.9,0.43
3624,328,6.775,42.98,1,99.4,93.30000000000001,1405,193.3,75.3,21.33,-22.117,5.191,4.197,32.0,33.2,67.0,1513,1,-9.9,0.42
3625,328,6.775,43.01,1,99.4,93.30000000000001,1405,193.2,75.4,21.29,-22.125,5.191,4.197,32.0,33.2,67.0,1513,1,-9.9,0.42
3626,328,6.775,42.9,1,99.4,93.30000000000001,1406,193.3,75.4,21.3,-22.117,5.191,4.197,32.0,33.2,67.0,1513,1,-9.9,0.42
3627,328,6.75,42.88,1,99.4,93.30000000000001,1406,193.3,75.3,21.32,-22.117,5.195,4.197,32.0,33.2,67.0,1513,1,-9.9,0.42
3628,328,6.775,43.0,1,99.4,93.30000000000001,1406,193.3,75.3,21.29,-22.117,5.191,4.197,32.0,33.2,67.0,1513,1,-9.9,0.42
3629,328,6.775,43.01,1,99.4,93.30000000000001,1406,193.3,75.5,21.32,-22.117,5.195,4.197,32.0,33.2,67.0,1513,1,-9.9,0.42
3630,328,6.775,43.07,1,99.4,93.30000000000001,1406,193.3,75.5,21.29,-22.109,5.195,4.197,32.0,33.2,67.0,1513,1,-9.9,0.42
3631,328,6.775,42.99,1,99.4,93.30000000000001,1407,193.4,75.5,21.31,-22.109,5.195,4.197,32.0,33.2,67.0,1513,1,-9.9,0.42
3632,328,6.75,42.89,1,99.4,93.30000000000001,1407,193.4,75.3,21.34,-22.102,5.191,4.197,32.0,33.2,67.0,1513,1,-9.9,0.42
3633,328,6.75,43.02,1,99.4,93.30000000000001,1407,193.3,75.4,21.33,-22.102,5.191,4.197,32.0,33.2,67.0,1513,1,-9.9,0.43
3634,328,6.775,42.92,1,99.4,93.30000000000001,1406,193.3,75.5,21.3,-22.094,5.191,4.197,32.0,33.2,67.0,1513,1,-9.9,0.42
3635,328,6.775,42.98,1,99.4,93.30000000000001,1406,193.3,75.4,21.3,-22.094,5.191,4.197,32.0,33.2,67.0,1513,1,-9.8,0.42
3636,328,6.775,43.03,1,99.4,93.30000000000001,1406,193.2,75.5,21.34,-22.094,5.191,4.196,32.0,33.2,67.0,1513,1,-9.9,0.41
3637,328,6.75,43.04,1,99.4,93.30000000000001,1406,193.3,75.5,21.31,-22.094,5.191,4.197,31.0,33.2,67.0,1513,1,-9.9,0.42
3638,328,6.75,42.95,1,99.4,93.30000000000001,1405,193.3,75.3,21.29,-22.094,5.191,4.196,32.0,33.2,67.0,1513,1,-9.8,0.42
3639,328,6.75,42.99,1,99.4,93.30000000000001,1405,193.3,75.3,21.28,-22.094,5.191,4.197,32.0,33.2,67.0,1513,1,-9.9,0.41
3640,328,6.75,43.0,1,99.4,93.4,1405,193.3,75.4,21.32,-22.094,5.191,4.196,32.0,33.2,67.0,1513,1,-9.9,0.41
3641,328,6.75,42.97,1,99.4,93.30000000000001,1406,193.3,75.4,21.09,-22.094,5.191,4.197,32.0,33.2,67.0,1513,1,-9.8,0.43
3642,328,6.75,42.94,1,99.4,93.30000000000001,1406,193.3,75.6,20.93,-22.094,5.191,4.196,32.0,33.2,67.0,1513,1,-9.8,0.42
3643,328,6.775,42.98,1,99.4,93.30000000000001,1405,193.3,75.5,20.92,-22.094,5.191,4.197,32.0,33.2,67.0,1513,1,-9.9,0.42
3644,328,6.775,43.04,1,99.4,93.30000000000001,1405,193.3,75.3,20.93,-22.094,5.191,4.197,32.0,33.2,67.0,1513,1,-9.9,0.42
3645,328,6.775,42.92,1,99.4,93.30000000000001,1405,193.3,75.4,20.89,-22.094,5.191,4.197,32.0,33.2,67.0,1512,1,-9.8,0.42
3646,328,6.775,42.91,1,99.4,93.30000000000001,1405,193.3,75.3,20.91,-22.094,5.191,4.197,32.0,33.2,67.0,1512,1,-9.8,0.42
3647,328,6.775,43.02,1,99.4,93.30000000000001,1406,193.3,75.4,20.91,-22.094,5.188,4.197,32.0,33.2,67.0,1512,1,-9.8,0.43
3648,328,6.775,42.98,1,99.4,93.30000000000001,1405,193.3,75.5,20.89,-22.086,5.188,4.197,32.0,33.2,67.0,1512,1,-9.8,0.42
3649,328,6.75,42.92,1,99.4,93.30000000000001,1405,193.4,75.4,20.91,-22.086,5.188,4.196,32.0,33.3,67.0,1512,1,-9.8,0.42
3650,328,6.75,42.88,1,99.4,93.30000000000001,1405,193.4,75.4,20.87,-22.078,5.188,4.196,32.0,33.2,67.0,1512,1,-9.8,0.42
3651,328,6.75,42.97,1,99.4,93.30000000000001,1405,193.4,75.4,20.93,-22.078,5.188,4.197,32.0,33.3,67.0,1512,1,-9.9,0.42
3652,328,6.75,42.93,1,99.4,93.30000000000001,1406,193.5,75.4,20.91,-22.078,5.188,4.196,32.0,33.2,67.0,1512,1,-9.8,0.42
3653,328,6.775,42.91,1,99.4,93.30000000000001,1406,193.5,75.3,20.89,-22.078,5.188,4.196,32.0,33.2,67.0,1512,1,-9.8,0.42
3654,328,6.775,42.96,1,99.4,93.30000000000001,1406,193.5,75.5,20.91,-22.07,5.188,4.197,32.0,33.3,67.0,1512,1,-9.8,0.42
3655,328,6.775,43.02,1,99.4,93.30000000000001,1406,193.5,75.4,20.88,-22.078,5.188,4.197,32.0,33.3,67.0,1512,1,-9.8,0.41
3656,328,6.775,42.99,1,99.4,93.30000000000001,1406,193.5,75.4,20.89,-22.07,5.188,4.197,32.0,33.3,67.0,1512,1,-9.8,0.42
3657,328,6.775,42.96,1,99.4,93.30000000000001,1405,193.4,75.4,20.91,-22.078,5.188,4.197,32.0,33.3,67.0,1512,1,-9.8,0.42
3658,328,6.75,42.95,1,99.3,93.30000000000001,1405,193.4,75.3,20.86,-22.078,5.184,4.197,32.0,33.3,67.0,1512,1,-9.8,0.42
3659,328,6.775,42.93,1,99.3,93.30000000000001,1405,193.3,75.4,20.89,-22.086,5.188,4.196,32.0,33.3,67.0,1512,1,-9.8,0.43
3660,328,6.775,43.0,1,99.4,93.30000000000001,1406,193.2,75.5,20.89,-22.086,5.188,4.197,32.0,33.3,67.0,1512,1,-9.8,0.43
3661,328,6.775,43.03,1,99.4,93.30000000000001,1405,193.2,75.3,20.87,-22.086,5.184,4.197,32.0,33.3,67.0,1512,1,-9.8,0.43
3662,328,6.775,42.99,1,99.4,93.30000000000001,1406,193.3,75.4,20.95,-22.094,5.184,4.197,32.0,33.3,67.0,1512,1,-9.8,0.43
3663,328,6.75,42.96,1,99.4,93.30000000000001,1405,193.2,75.4,20.9,-22.094,5.188,4.197,32.0,33.3,67.0,1512,1,-9.8,0.42
3664,328,6.775,43.06,1,99.4,93.30000000000001,1405,193.2,75.3,20.89,-22.086,5.184,4.197,32.0,33.3,67.0,1512,1,-9.8,0.42
3665,328,6.775,43.04,1,99.3,93.30000000000001,1405,193.1,75.3,20.88,-22.094,5.184,4.196,32.0,33.3,67.0,1512,1,-9.8,0.42
3666,328,6.75,42.98,1,99.4,93.30000000000001,1405,193.0,75.3,20.94,-22.086,5.188,4.196,32.0,33.3,67.0,1511,1,-9.8,0.42
3667,328,6.75,43.02,1,99.4,93.30000000000001,1405,193.0,75.4,20.91,-22.086,5.188,4.197,32.0,33.3,67.0,1511,1,-9.8,0.41
3668,328,6.775,42.91,1,99.4,93.30000000000001,1405,193.0,75.5,20.87,-22.094,5.188,4.197,32.0,33.3,67.0,1511,1,-9.8,0.42
3669,328,6.775,43.01,1,99.4,93.30000000000001,1405,193.0,75.5,20.87,-22.102,5.188,4.196,32.0,33.3,67.0,1511,1,-9.8,0.43
3670,328,6.775,42.87,1,99.4,93.30000000000001,1405,193.0,75.4,20.87,-22.102,5.188,4.196,32.0,33.3,67.0,1511,1,-9.8,0.42
3671,328,6.75,42.98,1,99.4,93.30000000000001,1405,193.1,75.3,20.91,-22.109,5.188,4.196,32.0,33.3,67.0,1511,1,-9.8,0.43
3672,328,6.775,42.98,1,99.4,93.30000000000001,1405,193.0,75.4,20.91,-22.117,5.188,4.196,32.0,33.3,67.0,1511,1,-9.8,0.44
3673,328,6.775,43.02,1,99.4,93.30000000000001,1405,193.0,75.4,20.92,-22.117,5.188,4.196,32.0,33.3,67.0,1511,1,-9.8,0.44
3674,328,6.775,42.89,1,99.4,93.30000000000001,1405,192.9,75.5,20.89,-22.125,5.184,4.196,32.0,33.3,67.0,1511,1,-9.8,0.43
3675,328,6.775,43.04,1,99.4,93.30000000000001,1405,192.9,75.3,20.88,-22.133,5.184,4.197,32.0,33.3,67.0,1511,1,-9.8,0.43
3676,328,6.775,42.95,1,99.4,93.30000000000001,1405,193.0,75.3,20.85,-22.141,5.184,4.197,32.0,33.3,67.0,1511,1,-9.8,0.43
3677,328,6.775,42.93,1,99.4,93.4,1405,193.0,75.4,20.91,-22.141,5.184,4.197,32.0,33.3,67.0,1511,1,-9.8,0.43
3678,328,6.75,42.9,1,99.4,93.30000000000001,1405,193.0,75.4,20.87,-22.148,5.184,4.197,32.0,33.4,67.0,1511,1,-9.8,0.43
3679,328,6.75,42.89,1,99.4,93.30000000000001,1405,193.0,75.4,20.87,-22.141,5.184,4.197,32.0,33.4,67.0,1511,1,-9.8,0.43
3680,328,6.775,42.96,1,99.4,93.30000000000001,1406,193.0,75.5,20.93,-22.141,5.184,4.196,32.0,33.3,67.0,1511,1,-9.8,0.42
3681,328,6.775,43.01,1,99.4,93.30000000000001,1406,193.0,75.4,20.85,-22.141,5.184,4.196,32.0,33.3,67.0,1511,1,-9.8,0.44
3682,328,6.775,42.93,1,99.4,93.30000000000001,1405,193.0,75.5,20.9,-22.148,5.184,4.197,32.0,33.3,67.0,1511,1,-9.8,0.42
3683,328,6.775,43.1,1,99.4,93.30000000000001,1405,193.0,75.4,20.87,-22.148,5.184,4.196,32.0,33.4,67.0,1511,1,-9.8,0.43
3684,328,6.75,42.94,1,99.4,93.30000000000001,1405,192.9,75.4,20.91,-22.148,5.184,4.196,32.0,33.4,67.0,1511,1,-9.8,0.42
3685,328,6.75,43.01,1,99.4,93.30000000000001,1405,193.0,75.5,20.93,-22.156,5.184,4.196,32.0,33.4,67.0,1511,1,-9.8,0.42
3686,328,6.75,42.96,1,99.4,93.30000000000001,1406,193.0,75.4,20.92,-22.156,5.18,4.196,32.0,33.4,67.0,1511,1,-9.8,0.43
3687,328,6.775,42.99,1,99.5,93.4,1406,192.9,75.4,20.89,-22.164,5.184,4.196,32.0,33.4,67.0,1510,1,-9.7,0.43
3688,328,6.775,43.06,1,99.4,93.30000000000001,1405,193.0,75.4,20.9,-22.172,5.184,4.196,32.0,33.4,67.0,1510,1,-9.7,0.44
3689,328,6.775,42.95,1,99.4,93.30000000000001,1406,193.0,75.3,20.92,-22.172,5.184,4.197,32.0,33.4,67.0,1510,1,-9.8,0.43
3690,328,6.775,42.94,1,99.4,93.30000000000001,1406,193.0,75.4,20.88,-22.18,5.184,4.196,32.0,33.4,67.0,1510,1,-9.8,0.42
3691,328,6.75,42.97,1,99.4,93.30000000000001,1405,193.0,75.5,20.91,-22.188,5.184,4.197,32.0,33.4,67.0,1510,1,-9.7,0.43
3692,328,6.75,43.01,1,99.4,93.30000000000001,1405,192.9,75.4,20.89,-22.188,5.184,4.197,32.0,33.4,67.0,1510,1,-9.7,0.43
3693,328,6.775,42.98,1,99.4,93.30000000000001,1406,192.9,75.3,20.87,-22.195,5.184,4.197,32.0,33.4,67.0,1510,1,-9.7,0.43
3694,328,6.775,42.98,1,99.5,93.30000000000001,1405,193.0,75.5,20.89,-22.188,5.184,4.197,32.0,33.4,67.0,1510,1,-9.7,0.43
3695,328,6.775,42.99,1,99.5,93.30000000000001,1406,192.9,75.5,20.91,-22.188,5.184,4.196,32.0,33.4,67.0,1510,1,-9.7,0.43
3696,328,6.775,43.05,1,99.5,93.30000000000001,1405,192.9,75.4,20.91,-22.18,5.184,4.196,32.0,33.4,67.0,1510,1,-9.7,0.43
3697,328,6.775,43.03,1,99.5,93.4,1406,192.9,75.5,20.91,-22.18,5.184,4.196,32.0,33.4,67.0,1510,1,-9.7,0.43
3698,328,6.75,43.04,1,99.5,93.30000000000001,1405,192.8,75.6,21.14,-22.172,5.184,4.196,32.0,33.4,67.0,1510,1,-9.7,0.44
3699,328,6.775,42.96,1,99.4,93.30000000000001,1406,192.8,75.4,21.18,-22.164,5.184,4.196,32.0,33.4,67.0,1510,1,-9.7,0.43
3700,328,6.75,43.07,1,99.4,93.30000000000001,1406,192.8,75.5,21.17,-22.164,5.184,4.197,32.0,33.4,67.0,1510,1,-9.7,0.43
3701,328,6.75,43.02,1,99.4,93.30000000000001,1405,192.9,75.4,21.2,-22.156,5.184,4.197,32.0,33.4,67.0,1510,1,-9.7,0.43
3702,328,6.75,43.01,1,99.4,93.30000000000001,1406,192.9,75.4,21.15,-22.156,5.184,4.196,32.0,33.4,67.0,1510,1,-9.7,0.43
3703,328,6.775,42.95,1,99.4,93.30000000000001,1405,193.0,75.4,21.17,-22.156,5.184,4.197,32.0,33.4,67.0,1510,1,-9.7,0.43
3704,328,6.775,42.94,1,99.4,93.30000000000001,1405,193.0,75.5,21.21,-22.156,5.184,4.197,32.0,33.4,67.0,1510,1,-9.7,0.42
3705,328,6.775,42.99,1,99.4,93.30000000000001,1404,193.0,75.4,21.21,-22.164,5.184,4.197,32.0,33.4,67.0,1510,1,-9.7,0.43
3706,328,6.75,42.99,1,99.4,93.30000000000001,1405,193.0,75.3,21.16,-22.156,5.184,4.197,32.0,33.4,67.0,1510,1,-9.7,0.43
3707,328,6.75,43.01,1,99.4,93.30000000000001,1405,193.0,75.4,21.2,-22.156,5.184,4.196,32.0,33.4,67.0,1510,1,-9.7,0.44
3708,328,6.75,42.95,1,99.4,93.30000000000001,1405,192.9,75.4,21.16,-22.164,5.184,4.196,32.0,33.4,67.0,1509,1,-9.7,0.43
3709,328,6.75,42.9,1,99.5,93.30000000000001,1405,192.9,75.3,21.15,-22.164,5.184,4.196,32.0,33.4,67.0,1509,1,-9.7,0.42
3710,328,6.775,43.06,1,99.4,93.30000000000001,1405,192.9,75.3,21.16,-22.172,5.184,4.197,32.0,33.4,67.0,1509,1,-9.7,0.42
3711,328,6.775,43.0,1,99.4,93.30000000000001,1405,192.8,75.3,21.19,-22.164,5.184,4.196,32.0,33.4,67.0,1509,1,-9.7,0.43
3712,328,6.775,43.01,1,99.4,93.30000000000001,1405,192.8,75.3,21.21,-22.172,5.184,4.196,32.0,33.4,67.0,1509,1,-9.7,0.42
3713,328,6.75,43.0,1,99.5,93.4,1405,192.8,75.4,21.23,-22.172,5.184,4.196,32.0,33.4,67.0,1509,1,-9.7,0.43
3714,328,6.75,43.01,1,99.4,93.30000000000001,1405,192.9,75.2,21.2,-22.172,5.188,4.197,32.0,33.4,67.0,1509,1,-9.7,0.43
3715,328,6.775,42.98,1,99.5,93.30000000000001,1405,192.9,75.3,21.18,-22.172,5.188,4.197,32.0,33.3,67.0,1509,1,-9.7,0.43
3716,328,6.775,42.91,1,99.4,93.30000000000001,1405,192.9,75.1,21.2,-22.172,5.188,4.197,32.0,33.4,67.0,1509,1,-9.7,0.42
3717,328,6.775,42.94,1,99.5,93.4,1405,192.9,75.2,21.2,-22.172,5.188,4.196,32.0,33.4,67.0,1509,1,-9.7,0.41
3718,328,6.75,42.92,1,99.5,93.4,1405,192.9,75.4,21.2,-22.172,5.191,4.197,32.0,33.3,67.0,1509,1,-9.7,0.42
3719,328,6.75,43.05,1,99.4,93.30000000000001,1405,192.9,75.4,21.21,-22.172,5.191,4.196,32.0,33.4,67.0,1509,1,-9.7,0.42
3720,328,6.775,43.02,1,99.4,93.30000000000001,1406,192.9,75.4,21.18,-22.164,5.191,4.196,32.0,33.4,67.0,1509,1,-9.7,0.42
3721,328,6.775,43.01,1,99.4,93.30000000000001,1406,192.9,75.4,21.13,-22.164,5.188,4.196,32.0,33.4,67.0,1509,1,-9.7,0.43
3722,328,6.775,42.96,1,99.5,93.30000000000001,1405,192.9,75.5,21.2,-22.164,5.191,4.197,32.0,33.4,67.0,1509,1,-9.7,0.42
3723,328,6.775,42.99,1,99.5,93.30000000000001,1405,192.8,75.3,21.2,-22.164,5.188,4.196,32.0,33.4,67.0,1509,1,-9.7,0.43
3724,328,6.75,43.0,1,99.4,93.30000000000001,1405,192.9,75.5,21.18,-22.164,5.188,4.196,32.0,33.4,67.0,1509,1,-9.7,0.42
3725,328,6.775,42.92,1,99.4,93.30000000000001,1405,193.1,75.5,21.2,-22.164,5.188,4.197,32.0,33.4,67.0,1509,1,-9.7,0.43
3726,328,6.775,43.07,1,99.5,93.30000000000001,1405,193.0,75.4,21.2,-22.164,5.188,4.197,32.0,33.4,67.0,1509,1,-9.7,0.43
3727,328,6.775,43.07,1,99.5,93.30000000000001,1405,193.0,75.4,21.14,-22.164,5.188,4.196,32.0,33.4,67.0,1509,1,-9.7,0.42
3728,328,6.775,43.03,1,99.4,93.30000000000001,1405,193.0,75.3,21.18,-22.164,5.188,4.197,32.0,33.4,67.0,1509,1,-9.7,0.43
3729,328,6.775,43.01,1,99.4,93.30000000000001,1405,193.0,75.2,21.18,-22.164,5.188,4.196,32.0,33.4,67.0,1508,1,-9.7,0.44
3730,328,6.75,42.96,1,99.4,93.30000000000001,1404,193.0,75.3,21.2,-22.172,5.188,4.197,32.0,33.4,67.0,1508,1,-9.7,0.42
3731,328,6.75,42.92,1,99.4,93.30000000000001,1404,193.0,75.4,21.14,-22.18,5.188,4.197,32.0,33.3,67.0,1508,1,-9.7,0.42
3732,328,6.75,42.93,1,99.4,93.30000000000001,1404,193.1,75.3,21.15,-22.18,5.188,4.197,32.0,33.4,67.0,1508,1,-9.7,0.43
3733,328,6.75,43.0,1,99.5,93.30000000000001,1405,193.0,75.5,21.15,-22.18,5.188,4.196,32.0,33.4,67.0,1508,1,-9.7,0.43
3734,328,6.775,42.94,1,99.5,93.30000000000001,1405,193.0,75.4,21.18,-22.188,5.188,4.197,32.0,33.3,67.0,1508,1,-9.7,0.43
3735,328,6.775,42.94,1,99.5,93.30000000000001,1405,193.1,75.5,21.2,-22.188,5.188,4.196,32.0,33.3,67.0,1508,1,-9.6,0.43
3736,328,6.75,43.02,1,99.4,93.30000000000001,1406,193.1,75.3,21.21,-22.195,5.188,4.197,32.0,33.3,67.0,1508,1,-9.7,0.43
3737,328,6.75,42.97,1,99.4,93.30000000000001,1405,193.0,75.4,21.12,-22.195,5.188,4.197,32.0,33.3,67.0,1508,1,-9.7,0.44
3738,328,6.75,42.98,1,99.5,93.30000000000001,1406,193.0,75.6,21.2,-22.195,5.188,4.196,32.0,33.3,67.0,1508,1,-9.7,0.43
3739,328,6.75,42.89,1,99.5,93.30000000000001,1406,192.9,75.5,21.15,-22.188,5.188,4.196,32.0,33.3,67.0,1508,1,-9.7,0.43
3740,328,6.75,42.9,1,99.5,93.30000000000001,1406,192.9,75.5,21.17,-22.188,5.188,4.196,32.0,33.3,67.0,1508,1,-9.7,0.44
3741,328,6.75,43.02,1,99.4,93.30000000000001,1405,192.8,75.6,21.16,-22.195,5.188,4.196,32.0,33.3,67.0,1508,1,-9.7,0.43
3742,328,6.75,42.93,1,99.5,93.30000000000001,1405,192.8,75.4,21.19,-22.195,5.188,4.196,32.0,33.3,67.0,1508,1,-9.7,0.44
3743,328,6.775,42.97,1,99.5,93.4,1405,192.8,75.4,21.16,-22.195,5.188,4.196,32.0,33.3,67.0,1508,1,-9.6,0.43
3744,328,6.775,42.92,1,99.5,93.30000000000001,1405,192.9,75.3,21.2,-22.195,5.188,4.197,32.0,33.3,67.0,1508,1,-9.6,0.43
3745,328,6.775,43.08,1,99.5,93.30000000000001,1405,192.9,75.4,21.16,-22.195,5.188,4.197,32.0,33.3,67.0,1508,1,-9.6,0.44
3746,328,6.775,42.99,1,99.5,93.4,1405,192.9,75.3,21.17,-22.188,5.188,4.196,32.0,33.3,67.0,1508,1,-9.7,0.43
3747,328,6.75,42.98,1,99.5,93.30000000000001,1406,192.9,75.4,21.21,-22.195,5.188,4.196,32.0,33.3,67.0,1508,1,-9.6,0.43
3748,328,6.775,43.02,1,99.5,93.30000000000001,1406,192.9,75.4,21.18,-22.195,5.188,4.197,32.0,33.3,67.0,1508,1,-9.6,0.43
3749,328,6.775,42.97,1,99.5,93.30000000000001,1405,192.9,75.5,21.2,-22.188,5.188,4.196,32.0,33.3,67.0,1508,1,-9.6,0.43
3750,328,6.775,42.98,1,99.5,93.4,1405,192.9,75.4,21.16,-22.188,5.188,4.197,32.0,33.3,67.0,1508,1,-9.6,0.42
3751,328,6.75,42.99,1,99.5,93.4,1405,192.9,75.3,21.2,-22.188,5.188,4.197,32.0,33.3,67.0,1507,1,-9.6,0.42
3752,328,6.75,42.92,1,99.4,93.30000000000001,1405,192.8,75.4,21.16,-22.188,5.188,4.197,32.0,33.3,67.0,1507,1,-9.6,0.42
3753,328,6.75,42.9,1,99.5,93.30000000000001,1405,192.8,75.4,21.16,-22.188,5.188,4.196,32.0,33.3,67.0,1507,1,-9.6,0.42
3754,328,6.775,42.96,1,99.5,93.4,1405,192.8,75.5,21.18,-22.18,5.188,4.196,32.0,33.3,67.0,1507,1,-9.6,0.42
3755,328,6.775,42.9,1,99.5,93.30000000000001,1406,192.8,75.4,21.2,-22.18,5.188,4.197,32.0,33.3,67.0,1507,1,-9.6,0.44
3756,328,6.775,43.01,1,99.5,93.30000000000001,1406,192.7,75.4,21.18,-22.18,5.188,4.197,32.0,33.3,67.0,1507,1,-9.6,0.44
3757,328,6.75,43.04,1,99.5,93.30000000000001,1405,192.7,75.4,21.18,-22.172,5.188,4.196,32.0,33.3,67.0,1507,1,-9.6,0.43
3758,328,6.75,43.0,1,99.5,93.4,1405,192.7,75.4,21.2,-22.172,5.188,4.196,32.0,33.3,67.0,1507,1,-9.6,0.44
3759,328,6.775,42.91,1,99.5,93.30000000000001,1405,192.7,75.4,21.19,-22.172,5.188,4.196,32.0,33.3,67.0,1507,1,-9.6,0.44
3760,328,6.775,43.04,1,99.4,93.30000000000001,1405,192.8,75.2,21.17,-22.164,5.188,4.196,32.0,33.3,67.0,1507,1,-9.6,0.44
3761,328,6.775,43.02,1,99.5,93.4,1406,192.8,75.4,21.18,-22.164,5.188,4.197,32.0,33.3,67.0,1507,1,-9.6,0.43
3762,328,6.775,42.98,1,99.5,93.4,1406,192.9,75.3,21.19,-22.164,5.188,4.197,32.0,33.3,67.0,1507,1,-9.6,0.43
3763,329,6.75,42.95,1,99.4,93.30000000000001,1406,192.9,75.4,21.2,-22.156,5.188,4.196,32.0,33.3,67.0,1507,1,-9.6,0.42
3764,329,6.775,42.98,1,99.4,93.30000000000001,1406,192.9,75.3,21.19,-22.156,5.188,4.196,32.0,33.3,67.0,1507,1,-9.6,0.43
3765,329,6.775,42.98,1,99.4,93.30000000000001,1406,192.9,75.3,21.17,-22.156,5.188,4.196,32.0,33.3,67.0,1507,1,-9.6,0.43
3766,329,6.775,43.01,1,99.5,93.4,1406,192.9,75.7,21.2,-22.148,5.188,4.196,32.0,33.3,67.0,1507,1,-9.6,0.43
3767,329,6.75,43.05,1,99.5,93.30000000000001,1406,192.9,75.5,21.18,-22.148,5.188,4.196,32.0,33.3,67.0,1507,1,-9.6,0.43
3768,329,6.775,42.97,1,99.4,93.30000000000001,1406,192.9,75.6,21.18,-22.148,5.188,4.196,32.0,33.3,67.0,1507,1,-9.6,0.42
3769,329,6.775,42.99,1,99.4,93.30000000000001,1406,192.8,75.4,21.18,-22.141,5.188,4.197,32.0,33.3,67.0,1507,1,-9.6,0.43
3770,329,6.775,42.91,1,99.4,93.30000000000001,1405,192.8,75.4,21.17,-22.141,5.188,4.197,32.0,33.3,67.0,1507,1,-9.6,0.43
3771,329,6.775,42.95,1,99.4,93.30000000000001,1406,192.8,75.3,21.17,-22.133,5.188,4.197,32.0,33.3,67.0,1507,1,-9.6,0.43
3772,329,6.775,42.93,1,99.4,93.30000000000001,1406,192.8,75.3,21.18,-22.125,5.188,4.196,32.0,33.3,67.0,1506,1,-9.6,0.43
3773,329,6.75,42.85,1,99.4,93.30000000000001,1406,192.8,75.5,21.15,-22.125,5.188,4.197,32.0,33.3,67.0,1506,1,-9.6,0.42
3774,329,6.775,42.97,1,99.4,93.30000000000001,1407,192.9,75.4,21.24,-22.117,5.184,4.197,32.0,33.3,67.0,1506,1,-9.6,0.43
3775,329,6.775,42.98,1,99.4,93.30000000000001,1407,192.9,75.5,21.2,-22.117,5.184,4.196,32.0,33.3,67.0,1506,1,-9.6,0.43
3776,329,6.775,43.0,1,99.4,93.30000000000001,1407,192.9,75.4,21.18,-22.109,5.184,4.196,32.0,33.3,67.0,1506,1,-9.6,0.42
3777,329,6.75,42.97,1,99.4,93.4,1406,192.8,75.4,21.14,-22.102,5.184,4.196,32.0,33.3,67.0,1506,1,-9.6,0.42
3778,329,6.75,42.92,1,99.4,93.30000000000001,1406,192.8,75.3,21.21,-22.102,5.184,4.196,32.0,33.3,67.0,1506,1,-9.6,0.42
3779,329,6.75,42.92,1,99.4,93.30000000000001,1406,192.8,75.4,21.14,-22.094,5.184,4.196,32.0,33.3,67.0,1506,1,-9.6,0.42
3780,329,6.75,42.9,1,99.4,93.30000000000001,1406,192.8,75.5,21.17,-22.094,5.184,4.197,32.0,33.3,67.0,1506,1,-9.6,0.42
3781,329,6.775,43.02,1,99.4,93.30000000000001,1406,192.8,75.4,21.18,-22.094,5.184,4.196,32.0,33.3,67.0,1506,1,-9.6,0.43
3782,329,6.75,42.98,1,99.4,93.30000000000001,1406,192.9,75.4,21.18,-22.086,5.184,4.196,32.0,33.3,67.0,1506,1,-9.6,0.42
3783,329,6.75,42.88,1,99.4,93.30000000000001,1406,192.8,75.2,21.17,-22.078,5.18,4.196,32.0,33.3,67.0,1506,1,-9.6,0.43
3784,329,6.75,42.99,1,99.4,93.4,1405,192.8,75.4,21.14,-22.078,5.184,4.197,32.0,33.3,67.0,1506,1,-9.6,0.43
3785,329,6.75,42.94,1,99.4,93.30000000000001,1406,192.8,75.3,21.19,-22.078,5.184,4.196,32.0,33.3,67.0,1506,1,-9.6,0.43
3786,329,6.775,42.94,1,99.4,93.30000000000001,1406,192.8,75.4,21.18,-22.078,5.18,4.196,32.0,33.4,67.0,1506,1,-9.6,0.42
3787,329,6.775,43.0,1,99.4,93.30000000000001,1406,192.9,75.4,21.18,-22.078,5.18,4.196,32.0,33.4,67.0,1506,1,-9.6,0.43
3788,329,6.775,43.0,1,99.4,93.30000000000001,1406,192.9,75.3,21.2,-22.078,5.184,4.196,32.0,33.3,67.0,1506,1,-9.6,0.42
3789,329,6.775,42.96,1,99.4,93.30000000000001,1406,192.9,75.4,21.18,-22.078,5.184,4.197,32.0,33.4,67.0,1506,1,-9.6,0.42
3790,329,6.775,42.96,1,99.4,93.30000000000001,1406,192.8,75.4,21.19,-22.078,5.184,4.196,32.0,33.4,67.0,1506,1,-9.6,0.42
3791,329,6.775,43.03,1,99.4,93.30000000000001,1406,192.8,75.5,21.19,-22.078,5.184,4.196,32.0,33.4,67.0,1506,1,-9.6,0.42
3792,329,6.775,42.98,1,99.4,93.30000000000001,1405,192.8,75.3,21.21,-22.078,5.184,4.196,32.0,33.4,67.0,1506,1,-9.6,0.42
3793,329,6.775,43.04,1,99.4,93.30000000000001,1405,192.9,75.2,21.15,-22.086,5.184,4.196,32.0,33.4,67.0,1506,1,-9.6,0.42
3794,329,6.775,42.99,1,99.4,93.30000000000001,1405,192.8,75.4,21.17,-22.086,5.184,4.197,32.0,33.4,67.0,1505,1,-9.6,0.42
3795,329,6.775,42.99,1,99.4,93.30000000000001,1405,192.8,75.4,21.18,-22.086,5.184,4.196,32.0,33.4,67.0,1505,1,-9.6,0.41
3796,329,6.775,42.98,1,99.4,93.30000000000001,1405,192.8,75.4,21.18,-22.086,5.184,4.197,32.0,33.4,67.0,1505,1,-9.6,0.42
3797,329,6.775,42.99,1,99.4,93.30000000000001,1405,192.8,75.4,21.21,-22.086,5.184,4.196,32.0,33.4,67.0,1505,1,-9.6,0.41
3798,329,6.775,42.98,1,99.4,93.30000000000001,1405,192.8,75.4,21.22,-22.086,5.184,4.196,32.0,33.4,67.0,1505,1,-9.6,0.42
3799,329,6.775,42.96,1,99.4,93.30000000000001,1406,192.8,75.3,21.19,-22.086,5.184,4.196,32.0,33.4,67.0,1505,1,-9.6,0.43
3800,329,6.75,42.96,1,99.4,93.30000000000001,1406,192.9,75.4,21.22,-22.086,5.184,4.196,32.0,33.4,67.0,1505,1,-9.6,0.42
3801,329,6.75,42.92,1,99.4,93.30000000000001,1406,192.9,75.4,21.2,-22.086,5.184,4.196,32.0,33.4,67.0,1505,1,-9.6,0.42
3802,329,6.775,42.95,1,99.4,93.30000000000001,1406,192.9,75.4,21.21,-22.078,5.184,4.196,32.0,33.4,67.0,1505,1,-9.6,0.42
3803,329,6.75,42.93,1,99.4,93.30000000000001,1406,192.9,75.3,21.23,-22.086,5.184,4.196,32.0,33.4,67.0,1505,1,-9.6,0.42
3804,329,6.75,42.95,1,99.4,93.30000000000001,1406,192.8,75.2,21.23,-22.078,5.184,4.196,32.0,33.4,67.0,1505,1,-9.6,0.42
3805,329,6.75,42.95,1,99.4,93.30000000000001,1405,192.8,75.4,21.18,-22.078,5.18,4.196,32.0,33.4,67.0,1505,1,-9.6,0.42
3806,329,6.75,42.98,1,99.4,93.30000000000001,1405,192.8,75.4,21.18,-22.078,5.184,4.196,32.0,33.4,67.0,1505,1,-9.5,0.43
3807,329,6.775,42.96,1,99.4,93.30000000000001,1405,192.8,75.6,21.18,-22.078,5.184,4.196,32.0,33.4,67.0,1505,1,-9.5,0.42
3808,329,6.775,42.97,1,99.4,93.30000000000001,1405,192.9,75.5,21.16,-22.078,5.184,4.196,32.0,33.4,67.0,1505,1,-9.5,0.42
3809,329,6.75,42.95,1,99.4,93.30000000000001,1405,193.0,75.3,21.2,-22.07,5.184,4.196,32.0,33.4,67.0,1505,1,-9.6,0.41
3810,329,6.75,42.93,1,99.4,93.30000000000001,1405,193.0,75.5,21.17,-22.07,5.184,4.196,32.0,33.4,67.0,1505,1,-9.5,0.41
3811,329,6.75,42.95,1,99.4,93.30000000000001,1405,192.9,75.5,21.21,-22.07,5.18,4.196,32.0,33.4,67.0,1505,1,-9.5,0.42
3812,329,6.775,42.92,1,99.4,93.30000000000001,1405,193.0,75.4,21.18,-22.07,5.18,4.196,32.0,33.4,67.0,1505,1,-9.5,0.42
3813,329,6.775,42.96,1,99.4,93.30000000000001,1404,193.0,75.4,21.2,-22.078,5.18,4.196,32.0,33.4,67.0,1505,1,-9.5,0.41
3814,329,6.75,42.96,1,99.4,93.30000000000001,1405,193.0,75.4,21.21,-22.086,5.18,4.196,32.0,33.4,67.0,1505,1,-9.5,0.42
3815,329,6.75,42.95,1,99.4,93.30000000000001,1405,193.0,75.4,21.19,-22.086,5.18,4.196,32.0,33.4,67.0,1504,1,-9.6,0.42
3816,329,6.775,42.98,1,99.4,93.30000000000001,1405,193.1,75.4,21.17,-22.086,5.18,4.196,32.0,33.4,67.0,1504,1,-9.5,0.42
3817,329,6.775,43.0,1,99.4,93.30000000000001,1405,193.0,75.5,21.19,-22.078,5.18,4.196,32.0,33.4,67.0,1504,1,-9.5,0.42
3818,329,6.775,42.95,1,99.4,93.30000000000001,1405,193.1,75.3,21.18,-22.086,5.18,4.197,32.0,33.4,67.0,1504,1,-9.5,0.42
3819,329,6.75,42.94,1,99.4,93.30000000000001,1404,193.1,75.3,21.18,-22.086,5.18,4.196,32.0,33.4,67.0,1504,1,-9.5,0.41
3820,329,6.75,42.94,1,99.4,93.30000000000001,1405,193.1,75.3,21.16,-22.094,5.18,4.196,32.0,33.4,67.0,1504,1,-9.5,0.43
3821,329,6.775,42.97,1,99.4,93.30000000000001,1404,193.1,75.4,21.2,-22.094,5.18,4.197,32.0,33.4,67.0,1504,1,-9.5,0.42
3822,329,6.775,42.92,1,99.4,93.30000000000001,1404,193.1,75.5,21.14,-22.094,5.18,4.196,32.0,33.4,67.0,1504,1,-9.5,0.42
3823,329,6.775,42.94,1,99.4,93.30000000000001,1405,193.2,75.3,21.18,-22.102,5.18,4.196,32.0,33.4,67.0,1504,1,-9.5,0.42
3824,329,6.75,42.93,1,99.4,93.30000000000001,1405,193.2,75.4,21.16,-22.102,5.184,4.197,32.0,33.4,67.0,1504,1,-9.5,0.42
3825,329,6.75,42.95,1,99.4,93.30000000000001,1406,193.2,75.3,21.19,-22.094,5.18,4.196,32.0,33.4,67.0,1504,1,-9.5,0.42
3826,329,6.775,42.92,1,99.4,93.30000000000001,1405,193.3,75.4,21.23,-22.094,5.18,4.196,32.0,33.4,67.0,1504,1,-9.5,0.42
3827,329,6.775,42.95,1,99.4,93.30000000000001,1405,193.3,75.6,21.2,-22.094,5.18,4.196,32.0,33.4,67.0,1504,1,-9.5,0.42
3828,329,6.775,42.94,1,99.4,93.30000000000001,1405,193.3,75.6,21.21,-22.094,5.184,4.196,32.0,33.4,67.0,1504,1,-9.5,0.42
3829,329,6.775,42.95,1,99.4,93.30000000000001,1405,193.3,75.4,21.22,-22.094,5.184,4.196,32.0,33.4,67.0,1504,1,-9.5,0.42
3830,329,6.775,43.01,1,99.4,93.30000000000001,1405,193.3,75.4,21.18,-22.086,5.18,4.196,32.0,33.4,67.0,1504,1,-9.5,0.42
3831,329,6.775,42.95,1,99.4,93.30000000000001,1405,193.3,75.5,21.2,-22.094,5.18,4.196,32.0,33.4,67.0,1504,1,-9.5,0.42
3832,329,6.775,43.02,1,99.4,93.30000000000001,1405,193.2,75.4,21.13,-22.094,5.18,4.196,32.0,33.4,67.0,1504,1,-9.5,0.42
3833,329,6.75,42.95,1,99.4,93.30000000000001,1405,193.2,75.5,21.14,-22.102,5.18,4.197,32.0,33.4,67.0,1504,1,-9.5,0.42
3834,329,6.75,43.0,1,99.4,93.30000000000001,1405,193.2,75.4,21.17,-22.102,5.18,4.196,32.0,33.4,67.0,1504,1,-9.5,0.42
3835,329,6.75,42.96,1,99.4,93.30000000000001,1404,193.2,75.3,21.2,-22.109,5.18,4.196,32.0,33.4,67.0,1504,1,-9.5,0.42
3836,329,6.775,42.96,1,99.4,93.30000000000001,1404,193.2,75.3,21.23,-22.102,5.18,4.196,32.0,33.4,67.0,1503,1,-9.5,0.42
3837,329,6.775,42.93,1,99.4,93.30000000000001,1404,193.2,75.4,20.86,-22.109,5.184,4.196,32.0,33.4,67.0,1503,1,-9.5,0.42
3838,329,6.775,42.9,1,99.4,93.30000000000001,1404,193.2,75.5,20.79,-22.102,5.18,4.196,32.0,33.4,67.0,1503,1,-9.5,0.43
3839,329,6.75,42.95,1,99.3,93.30000000000001,1404,193.3,75.3,20.74,-22.102,5.18,4.196,32.0,33.4,67.0,1503,1,-9.5,0.41
3840,329,6.75,43.18,1,99.3,93.30000000000001,1404,193.3,75.5,20.78,-22.102,5.18,4.196,32.0,33.4,67.0,1503,1,-9.5,0.42
3841,329,6.75,42.88,1,99.3,93.30000000000001,1404,193.2,75.3,20.7,-22.102,5.18,4.196,32.0,33.4,67.0,1503,1,-9.5,0.42
3842,329,6.75,42.92,1,99.3,93.30000000000001,1404,193.2,75.3,20.77,-22.102,5.18,4.197,32.0,33.4,67.0,1503,1,-9.5,0.42
3843,329,6.775,42.96,1,99.4,93.30000000000001,1404,193.2,75.4,20.77,-22.102,5.18,4.196,32.0,33.4,67.0,1503,1,-9.5,0.42
3844,329,6.775,42.96,1,99.3,93.30000000000001,1404,193.2,75.4,20.8,-22.102,5.18,4.196,32.0,33.4,67.0,1503,1,-9.5,0.43
3845,329,6.775,42.93,1,99.3,93.30000000000001,1405,193.2,75.3,20.85,-22.102,5.18,4.196,32.0,33.4,67.0,1503,1,-9.5,0.42
3846,329,6.775,42.98,1,99.3,93.30000000000001,1406,193.1,75.5,20.78,-22.102,5.18,4.196,32.0,33.4,67.0,1503,1,-9.5,0.43
3847,329,6.775,42.93,1,99.3,93.30000000000001,1406,193.2,75.3,20.73,-22.094,5.18,4.196,32.0,33.4,67.0,1503,1,-9.5,0.42
3848,329,6.75,42.91,1,99.3,93.30000000000001,1406,193.2,75.5,20.79,-22.102,5.18,4.196,32.0,33.4,67.0,1503,1,-9.5,0.43
3849,329,6.75,42.92,1,99.3,93.30000000000001,1405,193.2,75.4,20.82,-22.102,5.18,4.196,32.0,33.4,67.0,1503,1,-9.5,0.41
3850,329,6.75,42.9,1,99.3,93.30000000000001,1405,193.2,75.3,20.73,-22.102,5.18,4.196,32.0,33.4,67.0,1503,1,-9.5,0.42
3851,329,6.75,42.98,1,99.4,93.30000000000001,1405,193.1,75.4,20.81,-22.094,5.18,4.196,32.0,33.4,67.0,1503,1,-9.5,0.42
3852,329,6.775,42.97,1,99.3,93.30000000000001,1405,193.1,75.4,20.78,-22.102,5.18,4.196,32.0,33.4,67.0,1503,1,-9.5,0.42
3853,329,6.75,42.93,1,99.3,93.30000000000001,1405,193.2,75.4,20.76,-22.109,5.184,4.196,32.0,33.4,67.0,1503,1,-9.5,0.42
3854,329,6.775,42.93,1,99.3,93.30000000000001,1405,193.2,75.2,20.76,-22.109,5.184,4.196,32.0,33.4,67.0,1503,1,-9.5,0.43
3855,329,6.75,42.96,1,99.3,93.30000000000001,1404,193.0,75.2,20.78,-22.109,5.184,4.196,32.0,33.4,67.0,1503,1,-9.5,0.43
3856,329,6.775,42.89,1,99.3,93.30000000000001,1404,193.0,75.4,20.81,-22.117,5.184,4.196,32.0,33.4,67.0,1503,1,-9.5,0.42
3857,329,6.775,42.99,1,99.3,93.30000000000001,1405,193.0,75.4,20.79,-22.117,5.184,4.196,32.0,33.4,67.0,1503,1,-9.5,0.42
3858,329,6.775,42.9,1,99.3,93.30000000000001,1404,193.0,75.4,20.82,-22.125,5.184,4.196,32.0,33.4,67.0,1503,1,-9.5,0.41
3859,329,6.75,42.91,1,99.3,93.30000000000001,1404,193.0,75.2,20.8,-22.125,5.184,4.196,32.0,33.4,67.0,1502,1,-9.5,0.42
3860,330,6.775,43.11,1,99.3,93.30000000000001,1404,193.0,75.3,20.84,-22.133,5.18,4.196,32.0,33.4,67.0,1502,1,-9.5,0.42
3861,330,6.75,42.95,1,99.4,93.30000000000001,1405,193.0,75.4,20.79,-22.133,5.18,4.196,32.0,33.4,67.0,1502,1,-9.5,0.43
3862,330,6.75,42.94,1,99.4,93.30000000000001,1405,193.0,75.3,20.79,-22.133,5.18,4.196,32.0,33.4,67.0,1502,1,-9.5,0.43
3863,330,6.775,42.91,1,99.4,93.30000000000001,1406,193.1,75.4,20.76,-22.125,5.18,4.196,32.0,33.4,67.0,1502,1,-9.5,0.42
3864,330,6.775,42.94,1,99.3,93.30000000000001,1406,193.1,75.4,20.73,-22.125,5.18,4.196,32.0,33.4,67.0,1502,1,-9.5,0.43
3865,330,6.775,42.92,1,99.3,93.30000000000001,1405,193.1,75.4,20.78,-22.125,5.18,4.197,32.0,33.4,67.0,1502,1,-9.5,0.42
3866,330,6.775,42.95,1,99.3,93.30000000000001,1405,193.1,75.4,20.77,-22.125,5.18,4.196,32.0,33.4,67.0,1502,1,-9.5,0.43
3867,330,6.75,42.95,1,99.3,93.30000000000001,1405,193.2,75.3,20.82,-22.117,5.18,4.196,32.0,33.4,67.0,1502,1,-9.5,0.44
3868,330,6.75,42.86,1,99.3,93.30000000000001,1405,193.3,75.3,20.8,-22.117,5.18,4.196,32.0,33.4,67.0,1502,1,-9.5,0.43
3869,330,6.75,42.93,1,99.3,93.30000000000001,1405,193.3,75.3,20.78,-22.125,5.18,4.196,32.0,33.4,67.0,1502,1,-9.5,0.42
3870,330,6.75,42.97,1,99.4,93.30000000000001,1405,193.3,75.2,20.77,-22.125,5.18,4.196,32.0,33.4,67.0,1502,1,-9.5,0.43
3871,330,6.775,42.92,1,99.3,93.30000000000001,1405,193.3,75.2,20.82,-22.125,5.18,4.196,32.0,33.4,67.0,1502,1,-9.5,0.42
3872,330,6.75,42.87,1,99.3,93.30000000000001,1406,193.3,75.4,20.75,-22.125,5.18,4.196,32.0,33.4,67.0,1502,1,-9.4,0.42
3873,330,6.75,42.91,1,99.3,93.30000000000001,1405,193.3,75.3,21.11,-22.125,5.18,4.196,32.0,33.4,67.0,1502,1,-9.5,0.42
3874,330,6.775,42.95,1,99.4,93.30000000000001,1405,193.3,75.3,21.23,-22.117,5.18,4.196,32.0,33.4,67.0,1502,1,-9.4,0.42
3875,330,6.775,42.97,1,99.4,93.30000000000001,1405,193.3,75.3,21.25,-22.117,5.18,4.196,32.0,33.4,67.0,1502,1,-9.4,0.42
3876,330,6.75,42.94,1,99.4,93.30000000000001,1405,193.3,75.4,21.25,-22.117,5.18,4.196,32.0,33.4,67.0,1502,1,-9.5,0.43
3877,330,6.75,42.93,1,99.4,93.30000000000001,1405,193.2,75.5,21.27,-22.117,5.18,4.196,32.0,33.4,67.0,1502,1,-9.4,0.42
3878,330,6.775,42.97,1,99.4,93.30000000000001,1405,193.2,75.2,21.29,-22.125,5.18,4.196,32.0,33.4,67.0,1502,1,-9.4,0.43
3879,330,6.775,43.03,1,99.4,93.30000000000001,1405,193.1,75.2,21.27,-22.125,5.18,4.196,32.0,33.4,67.0,1502,1,-9.4,0.43
3880,330,6.775,42.96,1,99.4,93.30000000000001,1406,193.1,75.3,21.3,-22.125,5.18,4.196,32.0,33.4,67.0,1502,1,-9.5,0.42
3881,330,6.775,42.97,1,99.4,93.30000000000001,1406,193.1,75.3,21.3,-22.125,5.18,4.196,32.0,33.4,67.0,1501,1,-9.4,0.42
3882,330,6.775,42.95,1,99.4,93.30000000000001,1407,193.1,75.5,21.3,-22.125,5.18,4.196,32.0,33.4,67.0,1501,1,-9.4,0.41
3883,330,6.75,42.92,1,99.4,93.30000000000001,1407,193.1,75.4,21.28,-22.125,5.184,4.196,32.0,33.4,67.0,1501,1,-9.5,0.42
3884,330,6.775,42.98,1,99.4,93.30000000000001,1407,193.1,75.4,21.27,-22.125,5.18,4.196,32.0,33.4,67.0,1501,1,-9.4,0.43
3885,330,6.775,42.96,1,99.4,93.30000000000001,1406,193.0,75.6,21.27,-22.125,5.18,4.196,32.0,33.4,67.0,1501,1,-9.5,0.42
3886,330,6.75,43.02,1,99.4,93.30000000000001,1406,192.9,75.4,21.3,-22.125,5.184,4.196,32.0,33.4,67.0,1501,1,-9.4,0.43
3887,330,6.75,43.07,1,99.4,93.30000000000001,1406,193.0,75.5,21.3,-22.133,5.184,4.196,32.0,33.4,67.0,1501,1,-9.4,0.42
3888,330,6.75,42.95,1,99.4,93.30000000000001,1406,193.0,75.4,21.33,-22.133,5.184,4.196,32.0,33.4,67.0,1501,1,-9.4,0.43
3889,330,6.775,42.93,1,99.4,93.30000000000001,1406,192.9,75.4,21.28,-22.141,5.184,4.196,32.0,33.4,67.0,1501,1,-9.4,0.42
3890,330,6.775,42.99,1,99.4,93.30000000000001,1405,192.9,75.4,21.29,-22.141,5.184,4.196,32.0,33.4,67.0,1501,1,-9.4,0.43
3891,330,6.775,43.0,1,99.4,93.30000000000001,1406,192.9,75.2,21.34,-22.148,5.184,4.196,32.0,33.4,67.0,1501,1,-9.4,0.43
3892,330,6.775,42.98,1,99.4,93.30000000000001,1406,192.8,75.2,21.31,-22.148,5.184,4.196,32.0,33.4,67.0,1501,1,-9.4,0.42
3893,330,6.75,42.98,1,99.4,93.30000000000001,1406,192.8,75.3,21.25,-22.148,5.184,4.196,32.0,33.4,67.0,1501,1,-9.4,0.43
3894,330,6.75,42.97,1,99.4,93.30000000000001,1406,192.8,75.3,21.26,-22.148,5.184,4.196,32.0,33.4,67.0,1501,1,-9.4,0.42
3895,330,6.75,42.96,1,99.4,93.30000000000001,1406,192.8,75.2,21.3,-22.156,5.184,4.196,32.0,33.4,67.0,1501,1,-9.4,0.43
3896,330,6.775,43.06,1,99.4,93.30000000000001,1407,192.7,75.3,21.28,-22.156,5.184,4.196,32.0,33.4,67.0,1501,1,-9.4,0.42
3897,330,6.775,43.02,1,99.4,93.30000000000001,1407,192.7,75.4,21.29,-22.148,5.184,4.196,32.0,33.4,67.0,1501,1,-9.4,0.42
3898,330,6.775,43.01,1,99.4,93.30000000000001,1407,192.7,75.4,21.32,-22.148,5.184,4.196,32.0,33.4,67.0,1501,1,-9.4,0.42
3899,330,6.775,43.04,1,99.4,93.30000000000001,1407,192.7,75.4,21.33,-22.148,5.184,4.196,32.0,33.4,67.0,1501,1,-9.4,0.42
3900,330,6.75,43.07,1,99.4,93.30000000000001,1407,192.7,75.3,21.3,-22.148,5.184,4.196,32.0,33.4,67.0,1501,1,-9.4,0.43
3901,330,6.775,42.96,1,99.4,93.30000000000001,1407,192.7,75.2,21.29,-22.141,5.188,4.196,32.0,33.4,67.0,1501,1,-9.4,0.42
3902,330,6.775,43.05,1,99.4,93.4,1407,192.7,75.2,21.29,-22.133,5.188,4.196,32.0,33.4,67.0,1501,1,-9.4,0.43
3903,330,6.775,43.0,1,99.5,93.4,1407,192.8,75.3,21.33,-22.125,5.188,4.196,32.0,33.4,67.0,1500,1,-9.4,0.43
3904,330,6.775,43.05,1,99.4,93.30000000000001,1407,192.8,75.5,21.28,-22.117,5.188,4.196,32.0,33.4,67.0,1500,1,-9.4,0.42
3905,330,6.775,42.97,1,99.4,93.30000000000001,1407,192.7,75.5,21.29,-22.109,5.188,4.196,32.0,33.4,67.0,1500,1,-9.4,0.43
3906,330,6.775,42.97,1,99.4,93.30000000000001,1407,192.7,75.5,21.32,-22.102,5.188,4.196,32.0,33.4,67.0,1500,1,-9.4,0.43
3907,330,6.775,43.01,1,99.4,93.30000000000001,1407,192.8,75.5,21.31,-22.086,5.188,4.196,32.0,33.4,67.0,1500,1,-9.4,0.42
3908,330,6.775,42.96,1,99.4,93.4,1407,192.7,75.3,21.29,-22.078,5.188,4.196,32.0,33.4,67.0,1500,1,-9.4,0.43
3909,330,6.775,42.96,1,99.4,93.30000000000001,1407,192.7,75.4,21.25,-22.07,5.188,4.196,32.0,33.4,67.0,1500,1,-9.4,0.43
3910,330,6.775,42.98,1,99.4,93.30000000000001,1407,192.7,75.3,21.32,-22.062,5.188,4.196,32.0,33.4,67.0,1500,1,-9.4,0.42
3911,330,6.775,43.04,1,99.4,93.4,1406,192.7,75.3,21.31,-22.062,5.188,4.196,32.0,33.4,67.0,1500,1,-9.4,0.43
3912,330,6.775,43.03,1,99.4,93.4,1406,192.6,75.3,21.31,-22.047,5.188,4.196,32.0,33.4,67.0,1500,1,-9.4,0.42
3913,330,6.75,43.05,1,99.4,93.4,1406,192.6,75.3,21.33,-22.047,5.188,4.196,32.0,33.4,67.0,1500,1,-9.4,0.42
3914,330,6.75,42.96,1,99.4,93.30000000000001,1407,192.5,75.4,21.3,-22.039,5.188,4.196,32.0,33.3,67.0,1500,1,-9.4,0.42
3915,330,6.75,42.95,1,99.4,93.30000000000001,1407,192.6,75.3,21.31,-22.039,5.188,4.196,32.0,33.4,67.0,1500,1,-9.4,0.42
3916,330,6.775,42.95,1,99.3,93.30000000000001,1407,192.6,75.2,21.29,-22.031,5.188,4.196,32.0,33.4,67.0,1500,1,-9.4,0.42
3917,330,6.775,42.95,1,99.4,93.30000000000001,1407,192.6,75.3,21.28,-22.023,5.188,4.196,32.0,33.4,67.0,1500,1,-9.4,0.42
3918,330,6.775,42.93,1,99.3,93.30000000000001,1407,192.6,75.4,21.32,-22.016,5.188,4.196,32.0,33.4,67.0,1500,1,-9.4,0.41
3919,330,6.75,42.95,1,99.4,93.30000000000001,1406,192.6,75.4,21.27,-22.008,5.188,4.196,32.0,33.4,67.0,1500,1,-9.4,0.42
3920,330,6.75,43.0,1,99.3,93.30000000000001,1406,192.5,75.3,21.34,-22.008,5.188,4.196,32.0,33.4,67.0,1500,1,-9.4,0.42
3921,330,6.75,43.1,1,99.3,93.30000000000001,1406,192.5,75.3,21.31,-22.008,5.188,4.196,32.0,33.4,67.0,1500,1,-9.4,0.41
3922,331,6.775,43.01,1,99.4,93.30000000000001,1405,192.5,75.3,21.32,-22.016,5.188,4.196,32.0,33.4,67.0,1500,1,-9.4,0.41
3923,331,6.775,43.05,1,99.3,93.30000000000001,1405,192.4,75.5,21.27,-22.016,5.188,4.196,32.0,33.4,67.0,1500,1,-9.4,0.42
3924,331,6.775,43.02,1,99.4,93.30000000000001,1405,192.4,75.4,21.3,-22.016,5.188,4.196,32.0,33.4,67.0,1500,1,-9.4,0.41
3925,331,6.775,42.93,1,99.3,93.30000000000001,1406,192.4,75.4,21.36,-22.016,5.188,4.196,32.0,33.4,67.0,1500,1,-9.4,0.42
3926,331,6.75,43.0,1,99.3,93.30000000000001,1406,192.4,75.4,21.31,-22.023,5.188,4.196,32.0,33.4,67.0,1499,1,-9.4,0.41
3927,331,6.75,42.94,1,99.4,93.30000000000001,1406,192.4,75.3,21.27,-22.023,5.188,4.196,32.0,33.4,67.0,1499,1,-9.4,0.42
3928,331,6.75,42.97,1,99.4,93.30000000000001,1407,192.4,75.5,21.25,-22.023,5.188,4.197,32.0,33.4,67.0,1499,1,-9.4,0.42
3929,331,6.75,42.96,1,99.4,93.30000000000001,1406,192.4,75.4,20.95,-22.031,5.188,4.196,32.0,33.4,67.0,1499,1,-9.4,0.41
3930,331,6.775,43.01,1,99.4,93.30000000000001,1406,192.5,75.3,20.91,-22.031,5.188,4.196,32.0,33.4,67.0,1499,1,-9.4,0.41
3931,330,6.775,42.96,1,99.4,93.30000000000001,1405,192.5,75.4,20.88,-22.039,5.188,4.196,32.0,33.4,67.0,1499,1,-9.4,0.42
3932,330,6.775,42.96,1,99.4,93.30000000000001,1405,192.5,75.3,20.91,-22.039,5.188,4.196,32.0,33.4,67.0,1499,1,-9.4,0.41
3933,330,6.75,43.02,1,99.4,93.30000000000001,1405,192.5,75.5,20.91,-22.039,5.188,4.196,32.0,33.4,67.0,1499,1,-9.4,0.42
3934,330,6.75,42.95,1,99.4,93.30000000000001,1405,192.5,75.3,20.9,-22.039,5.188,4.196,32.0,33.4,67.0,1499,1,-9.4,0.42
3935,330,6.75,43.0,1,99.4,93.30000000000001,1405,192.5,75.3,20.93,-22.047,5.188,4.196,32.0,33.4,67.0,1499,1,-9.4,0.42
3936,330,6.775,42.95,1,99.4,93.30000000000001,1406,192.4,75.3,20.86,-22.047,5.188,4.196,32.0,33.4,67.0,1499,1,-9.4,0.41
3937,330,6.775,42.98,1,99.4,93.30000000000001,1406,192.5,75.3,20.9,-22.047,5.188,4.196,32.0,33.4,67.0,1499,1,-9.4,0.42
3938,330,6.775,42.95,1,99.4,93.30000000000001,1406,192.5,75.3,20.91,-22.047,5.188,4.196,32.0,33.4,67.0,1499,1,-9.4,0.42
3939,330,6.775,43.04,1,99.4,93.30000000000001,1406,192.5,75.4,20.88,-22.047,5.188,4.196,32.0,33.4,66.0,1499,1,-9.4,0.42
3940,330,6.775,42.93,1,99.4,93.30000000000001,1406,192.4,75.4,20.9,-22.055,5.188,4.196,32.0,33.4,67.0,1499,1,-9.4,0.41
3941,330,6.75,42.94,1,99.4,93.30000000000001,1406,192.4,75.4,20.86,-22.062,5.188,4.196,32.0,33.4,66.0,1499,1,-9.4,0.41
3942,330,6.775,43.0,1,99.4,93.30000000000001,1405,192.4,75.3,20.86,-22.062,5.188,4.196,32.0,33.4,66.0,1499,1,-9.4,0.41
3943,330,6.775,43.03,1,99.4,93.30000000000001,1405,192.4,75.3,20.92,-22.07,5.188,4.196,32.0,33.4,66.0,1499,1,-9.4,0.42
3944,330,6.775,42.99,1,99.4,93.30000000000001,1406,192.4,75.4,20.93,-22.07,5.188,4.196,32.0,33.4,66.0,1499,1,-9.4,0.41
3945,330,6.75,43.09,1,99.4,93.30000000000001,1405,192.4,75.4,20.89,-22.07,5.188,4.196,32.0,33.4,66.0,1499,1,-9.4,0.42
3946,330,6.775,42.97,1,99.4,93.30000000000001,1405,192.4,75.4,20.92,-22.07,5.188,4.196,32.0,33.3,67.0,1499,1,-9.4,0.41
3947,330,6.775,43.02,1,99.4,93.30000000000001,1406,192.4,75.3,20.9,-22.078,5.188,4.196,32.0,33.4,66.0,1499,1,-9.4,0.42
3948,330,6.775,42.92,1,99.4,93.30000000000001,1406,192.4,75.5,20.91,-22.078,5.188,4.196,32.0,33.4,66.0,1498,1,-9.4,0.42
3949,330,6.75,42.92,1,99.4,93.30000000000001,1406,192.3,75.3,20.87,-22.086,5.188,4.196,32.0,33.4,66.0,1498,1,-9.4,0.41
3950,330,6.75,42.93,1,99.4,93.30000000000001,1406,192.3,75.4,20.89,-22.086,5.188,4.196,32.0,33.4,66.0,1498,1,-9.4,0.42
3951,330,6.775,42.95,1,99.4,93.30000000000001,1405,192.3,75.2,20.88,-22.094,5.191,4.196,32.0,33.4,66.0,1498,1,-9.4,0.42
3952,330,6.775,42.93,1,99.4,93.30000000000001,1406,192.3,75.4,20.94,-22.094,5.188,4.196,32.0,33.4,66.0,1498,1,-9.4,0.43
3953,330,6.775,42.95,1,99.4,93.30000000000001,1406,192.2,75.2,20.93,-22.094,5.188,4.196,32.0,33.4,66.0,1498,1,-9.4,0.43
3954,330,6.75,42.94,1,99.4,93.30000000000001,1406,192.2,75.3,20.93,-22.086,5.188,4.196,32.0,33.4,66.0,1498,1,-9.4,0.43
3955,330,6.75,42.99,1,99.4,93.30000000000001,1406,192.2,75.3,20.92,-22.086,5.191,4.196,32.0,33.4,66.0,1498,1,-9.4,0.41
3956,330,6.775,42.92,1,99.4,93.30000000000001,1406,192.2,75.5,20.89,-22.078,5.191,4.196,32.0,33.4,66.0,1498,1,-9.4,0.42
3957,330,6.775,43.0,1,99.4,93.30000000000001,1406,192.2,75.3,20.91,-22.078,5.191,4.196,32.0,33.3,66.0,1498,1,-9.4,0.43
3958,330,6.775,43.0,1,99.4,93.30000000000001,1406,192.2,75.3,20.91,-22.078,5.191,4.196,32.0,33.3,66.0,1498,1,-9.4,0.42
3959,330,6.775,42.97,1,99.4,93.30000000000001,1406,192.3,75.4,20.92,-22.07,5.191,4.196,32.0,33.3,66.0,1498,1,-9.4,0.41
3960,330,6.775,42.98,1,99.4,93.30000000000001,1406,192.3,75.3,20.89,-22.07,5.188,4.196,32.0,33.3,66.0,1498,1,-9.4,0.42
3961,330,6.775,42.97,1,99.4,93.30000000000001,1406,192.3,75.4,20.91,-22.062,5.188,4.196,32.0,33.3,66.0,1498,1,-9.4,0.42
3962,330,6.775,43.03,1,99.4,93.30000000000001,1406,192.3,75.4,20.9,-22.062,5.188,4.196,32.0,33.3,66.0,1498,1,-9.4,0.42
3963,330,6.75,42.94,1,99.4,93.4,1405,192.3,75.5,20.93,-22.062,5.188,4.196,32.0,33.3,66.0,1498,1,-9.3,0.42
3964,330,6.75,42.96,1,99.4,93.30000000000001,1405,192.3,75.4,20.89,-22.055,5.191,4.196,32.0,33.3,66.0,1498,1,-9.4,0.42
3965,330,6.775,43.01,1,99.4,93.30000000000001,1406,192.3,75.4,20.94,-22.047,5.188,4.196,32.0,33.3,66.0,1498,1,-9.3,0.42
3966,330,6.775,43.01,1,99.4,93.30000000000001,1406,192.3,75.4,20.91,-22.047,5.188,4.196,32.0,33.3,66.0,1498,1,-9.4,0.42
3967,330,6.775,43.02,1,99.4,93.30000000000001,1406,192.3,75.4,20.97,-22.047,5.188,4.196,32.0,33.3,66.0,1498,1,-9.4,0.42
3968,330,6.75,42.98,1,99.4,93.30000000000001,1405,192.3,75.4,20.89,-22.039,5.188,4.196,32.0,33.3,66.0,1497,1,-9.4,0.42
3969,330,6.75,42.95,1,99.4,93.30000000000001,1405,192.3,75.5,20.93,-22.031,5.188,4.196,32.0,33.3,66.0,1497,1,-9.3,0.42
3970,330,6.775,42.91,1,99.4,93.30000000000001,1405,192.2,75.3,20.89,-22.031,5.188,4.196,32.0,33.3,66.0,1497,1,-9.3,0.42
3971,330,6.775,42.95,1,99.4,93.30000000000001,1405,192.2,75.4,20.91,-22.023,5.188,4.196,32.0,33.3,66.0,1497,1,-9.4,0.42
3972,330,6.775,42.94,1,99.4,93.30000000000001,1405,192.2,75.4,20.94,-22.023,5.188,4.196,32.0,33.3,66.0,1497,1,-9.4,0.42
3973,330,6.775,42.94,1,99.4,93.30000000000001,1406,192.2,75.3,20.94,-22.016,5.188,4.196,32.0,33.3,66.0,1497,1,-9.4,0.42
3974,330,6.775,42.9,1,99.3,93.30000000000001,1406,192.2,75.3,20.85,-22.016,5.191,4.196,32.0,33.3,66.0,1497,1,-9.3,0.42
3975,330,6.75,42.89,1,99.3,93.30000000000001,1406,192.3,75.3,20.93,-22.008,5.191,4.196,32.0,33.3,66.0,1497,1,-9.3,0.42
3976,330,6.775,42.94,1,99.4,93.30000000000001,1406,192.2,75.3,20.86,-22.0,5.191,4.196,32.0,33.3,66.0,1497,1,-9.3,0.41
3977,330,6.775,42.9,1,99.3,93.30000000000001,1405,192.2,75.5,20.93,-22.008,5.191,4.196,32.0,33.3,66.0,1497,1,-9.3,0.43
3978,330,6.775,42.99,1,99.3,93.30000000000001,1405,192.2,75.3,20.91,-22.008,5.188,4.196,32.0,33.3,66.0,1497,1,-9.3,0.41
3979,330,6.775,42.94,1,99.3,93.30000000000001,1404,192.3,75.4,20.9,-22.0,5.188,4.196,32.0,33.3,66.0,1497,1,-9.3,0.43
3980,330,6.775,42.92,1,99.3,93.30000000000001,1404,192.2,75.4,20.89,-22.0,5.188,4.196,32.0,33.3,66.0,1497,1,-9.3,0.41
3981,330,6.75,42.9,1,99.3,93.30000000000001,1404,192.2,75.4,20.88,-22.0,5.188,4.196,32.0,33.3,66.0,1497,1,-9.3,0.41
3982,330,6.75,42.93,1,99.3,93.30000000000001,1404,192.2,75.4,20.89,-22.0,5.188,4.196,32.0,33.3,66.0,1497,1,-9.3,0.42
3983,330,6.775,42.97,1,99.4,93.30000000000001,1405,192.3,75.5,20.9,-22.0,5.188,4.196,32.0,33.3,66.0,1497,1,-9.3,0.41
3984,330,6.775,42.92,1,99.3,93.30000000000001,1405,192.4,75.5,20.88,-22.0,5.188,4.196,32.0,33.3,66.0,1497,1,-9.3,0.41
3985,330,6.775,42.91,1,99.4,93.30000000000001,1406,192.4,75.4,20.93,-22.0,5.191,4.196,32.0,33.3,66.0,1497,1,-9.3,0.42
3986,330,6.775,42.92,1,99.3,93.30000000000001,1406,192.4,75.4,20.94,-22.008,5.188,4.196,32.0,33.2,66.0,1497,1,-9.3,0.41
3987,330,6.775,42.96,1,99.3,93.30000000000001,1406,192.5,75.5,21.28,-22.0,5.191,4.196,32.0,33.3,66.0,1497,1,-9.3,0.41
3988,330,6.75,42.95,1,99.3,93.30000000000001,1405,192.5,75.3,21.31,-22.0,5.191,4.196,32.0,33.3,66.0,1497,1,-9.3,0.41
3989,330,6.75,43.05,1,99.3,93.30000000000001,1405,192.5,75.5,21.29,-21.992,5.195,4.196,32.0,33.3,66.0,1497,1,-9.3,0.42
3990,330,6.775,42.96,1,99.3,93.30000000000001,1405,192.6,75.4,21.31,-21.984,5.195,4.196,32.0,33.2,66.0,1497,1,-9.3,0.41
3991,330,6.775,42.96,1,99.4,93.30000000000001,1405,192.5,75.4,21.33,-21.977,5.195,4.196,32.0,33.3,66.0,1496,1,-9.3,0.42
3992,330,6.775,42.96,1,99.4,93.30000000000001,1406,192.5,75.4,21.34,-21.969,5.195,4.196,32.0,33.3,66.0,1496,1,-9.3,0.42
3993,330,6.775,43.0,1,99.4,93.30000000000001,1405,192.6,75.4,21.29,-21.961,5.195,4.196,32.0,33.3,66.0,1496,1,-9.3,0.42
3994,330,6.775,42.98,1,99.4,93.30000000000001,1405,192.7,75.4,21.3,-21.953,5.195,4.196,32.0,33.3,66.0,1496,1,-9.3,0.42
3995,330,6.75,42.95,1,99.3,93.30000000000001,1405,192.7,75.4,21.26,-21.953,5.199,4.196,32.0,33.3,66.0,1496,1,-9.3,0.42
3996,330,6.775,42.96,1,99.3,93.30000000000001,1405,192.7,75.4,21.3,-21.953,5.199,4.196,32.0,33.3,66.0,1496,1,-9.3,0.42
3997,330,6.775,43.01,1,99.4,93.30000000000001,1405,192.7,75.4,21.28,-21.953,5.199,4.196,32.0,33.3,66.0,1496,1,-9.3,0.43
3998,330,6.775,42.95,1,99.3,93.30000000000001,1405,192.7,75.3,21.3,-21.945,5.199,4.196,32.0,33.3,66.0,1496,1,-9.3,0.42
3999,330,6.775,42.95,1,99.4,93.30000000000001,1405,192.7,75.4,21.28,-21.945,5.199,4.196,32.0,33.3,66.0,1496,1,-9.3,0.42
4000,330,6.775,42.96,1,99.3,93.30000000000001,1405,192.7,75.5,21.28,-21.938,5.199,4.196,32.0,33.3,66.0,1496,1,-9.3,0.43
4001,330,6.775,43.0,1,99.3,93.30000000000001,1405,192.7,75.4,21.29,-21.93,5.199,4.196,32.0,33.2,66.0,1496,1,-9.3,0.42
4002,330,6.775,42.98,1,99.4,93.30000000000001,1405,192.6,75.4,21.32,-21.93,5.199,4.196,32.0,33.2,66.0,1496,1,-9.3,0.42
4003,330,6.775,42.96,1,99.3,93.30000000000001,1405,192.7,75.5,21.32,-21.93,5.199,4.196,32.0,33.2,66.0,1496,1,-9.3,0.42
4004,330,6.775,42.96,1,99.4,93.30000000000001,1405,192.6,75.5,21.29,-21.93,5.199,4.196,32.0,33.2,66.0,1496,1,-9.3,0.43
4005,330,6.775,42.99,1,99.4,93.30000000000001,1405,192.6,75.4,21.27,-21.93,5.199,4.196,32.0,33.2,66.0,1496,1,-9.3,0.42
4006,330,6.775,42.99,1,99.4,93.30000000000001,1405,192.6,75.5,21.32,-21.93,5.195,4.196,32.0,33.2,66.0,1496,1,-9.3,0.42
4007,330,6.75,42.96,1,99.3,93.30000000000001,1405,192.6,75.5,21.3,-21.93,5.195,4.196,32.0,33.2,66.0,1496,1,-9.3,0.42
4008,330,6.75,42.96,1,99.3,93.30000000000001,1404,192.6,75.5,21.27,-21.938,5.195,4.196,32.0,33.2,66.0,1496,1,-9.3,0.42
4009,330,6.75,42.95,1,99.3,93.30000000000001,1405,192.6,75.4,21.28,-21.945,5.195,4.196,32.0,33.2,66.0,1496,1,-9.3,0.43
4010,330,6.775,42.99,1,99.3,93.30000000000001,1405,192.7,75.5,21.28,-21.945,5.195,4.196,32.0,33.2,66.0,1496,1,-9.3,0.41
4011,330,6.775,42.96,1,99.3,93.30000000000001,1404,192.7,75.5,21.29,-21.945,5.195,4.196,32.0,33.3,66.0,1496,1,-9.3,0.42
4012,330,6.75,42.97,1,99.3,93.30000000000001,1404,192.7,75.4,21.31,-21.945,5.195,4.196,32.0,33.2,66.0,1496,1,-9.3,0.42
4013,330,6.775,42.97,1,99.3,93.30000000000001,1404,192.7,75.4,21.31,-21.945,5.195,4.196,32.0,33.2,66.0,1496,1,-9.3,0.42
4014,330,6.75,42.93,1,99.3,93.30000000000001,1404,192.7,75.4,21.29,-21.961,5.195,4.196,32.0,33.2,66.0,1496,1,-9.3,0.41
4015,330,6.75,42.95,1,99.3,93.30000000000001,1404,192.7,75.4,21.32,-21.969,5.195,4.196,32.0,33.2,66.0,1495,1,-9.3,0.42
4016,330,6.775,42.93,1,99.3,93.30000000000001,1404,192.7,75.5,21.28,-21.977,5.195,4.196,31.0,33.2,66.0,1495,1,-9.3,0.42
4017,330,6.775,42.89,1,99.3,93.30000000000001,1404,192.6,75.4,21.29,-21.984,5.195,4.196,32.0,33.2,66.0,1495,1,-9.3,0.42
4018,330,6.775,43.03,1,99.4,93.30000000000001,1404,192.6,75.4,21.34,-21.992,5.191,4.196,32.0,33.2,66.0,1495,1,-9.3,0.42
4019,330,6.775,42.98,1,99.4,93.30000000000001,1405,192.6,75.3,21.3,-22.0,5.191,4.196,32.0,33.2,66.0,1495,1,-9.3,0.41
4020,330,6.75,42.98,1,99.4,93.30000000000001,1405,192.6,75.4,21.34,-22.008,5.191,4.196,32.0,33.2,66.0,1495,1,-9.3,0.42
4021,330,6.75,42.97,1,99.4,93.30000000000001,1405,192.6,75.5,21.33,-22.016,5.191,4.196,32.0,33.2,66.0,1495,1,-9.3,0.41
4022,330,6.75,42.99,1,99.4,93.30000000000001,1404,192.5,75.4,21.31,-22.023,5.191,4.196,32.0,33.2,66.0,1495,1,-9.3,0.42
4023,330,6.775,43.01,1,99.4,93.30000000000001,1405,192.5,75.4,21.32,-22.031,5.191,4.196,32.0,33.2,66.0,1495,1,-9.3,0.4
4024,330,6.775,42.94,1,99.4,93.30000000000001,1405,192.6,75.4,21.29,-22.031,5.191,4.196,32.0,33.2,66.0,1495,1,-9.3,0.41
4025,330,6.75,42.99,1,99.4,93.30000000000001,1405,192.6,75.4,21.32,-22.047,5.191,4.196,32.0,33.2,66.0,1495,1,-9.3,0.42
4026,330,6.75,42.97,1,99.4,93.30000000000001,1406,192.7,75.4,21.29,-22.047,5.188,4.196,32.0,33.2,66.0,1495,1,-9.3,0.41
4027,330,6.75,42.9,1,99.4,93.30000000000001,1405,192.7,75.5,21.33,-22.055,5.188,4.196,31.0,33.2,66.0,1495,1,-9.3,0.4
4028,330,6.75,42.95,1,99.4,93.30000000000001,1406,192.7,75.5,21.33,-22.062,5.188,4.196,32.0,33.2,66.0,1495,1,-9.3,0.41
4029,330,6.775,42.97,1,99.4,93.30000000000001,1406,192.7,75.3,21.31,-22.062,5.188,4.196,32.0,33.2,66.0,1495,1,-9.3,0.41
4030,330,6.75,42.94,1,99.4,93.30000000000001,1406,192.7,75.4,21.31,-22.062,5.188,4.196,32.0,33.2,66.0,1495,1,-9.3,0.41
4031,330,6.75,43.01,1,99.4,93.30000000000001,1406,192.7,75.3,21.27,-22.07,5.188,4.196,32.0,33.2,66.0,1495,1,-9.3,0.41
4032,330,6.775,43.0,1,99.4,93.30000000000001,1406,192.6,75.5,21.33,-22.062,5.188,4.196,32.0,33.2,66.0,1495,1,-9.3,0.41
4033,329,6.775,42.95,1,99.4,93.30000000000001,1407,192.6,75.2,21.32,-22.062,5.188,4.196,32.0,33.2,66.0,1495,1,-9.3,0.4
4034,329,6.775,42.97,1,99.4,93.30000000000001,1406,192.5,75.3,21.25,-22.062,5.188,4.196,32.0,33.2,66.0,1495,1,-9.3,0.41
4035,329,6.75,42.98,1,99.4,93.30000000000001,1406,192.6,75.4,21.32,-22.055,5.188,4.196,32.0,33.2,66.0,1495,1,-9.3,0.42
4036,329,6.75,42.98,1,99.4,93.30000000000001,1405,192.6,75.5,21.3,-22.055,5.188,4.196,31.0,33.2,66.0,1495,1,-9.3,0.41
4037,329,6.775,43.03,1,99.4,93.30000000000001,1405,192.6,75.3,21.32,-22.047,5.188,4.196,32.0,33.2,66.0,1495,1,-9.3,0.42
4038,329,6.775,43.0,1,99.4,93.30000000000001,1405,192.6,75.4,21.27,-22.047,5.191,4.196,32.0,33.2,66.0,1494,1,-9.3,0.42
4039,329,6.75,42.97,1,99.4,93.30000000000001,1405,192.7,75.4,21.29,-22.047,5.191,4.196,32.0,33.2,66.0,1494,1,-9.3,0.41
4040,329,6.75,42.98,1,99.4,93.30000000000001,1405,192.7,75.3,21.3,-22.039,5.191,4.196,31.0,33.2,66.0,1494,1,-9.3,0.41
4041,329,6.775,42.93,1,99.4,93.30000000000001,1406,192.7,75.2,21.26,-22.031,5.191,4.196,32.0,33.2,66.0,1494,1,-9.3,0.4
4042,329,6.775,43.04,1,99.4,93.30000000000001,1405,192.8,75.3,20.73,-22.031,5.191,4.196,31.0,33.2,66.0,1494,1,-9.3,0.41
4043,329,6.775,42.91,1,99.3,93.30000000000001,1405,192.9,75.3,20.63,-22.031,5.191,4.196,32.0,33.2,66.0,1494,1,-9.3,0.42
4044,329,6.775,42.91,1,99.2,93.2,1405,192.9,75.3,20.71,-22.023,5.191,4.196,32.0,33.2,66.0,1494,1,-9.3,0.42
4045,329,6.775,42.98,1,99.2,93.2,1404,193.0,75.2,20.6,-22.023,5.191,4.196,32.0,33.2,66.0,1494,1,-9.3,0.4
4046,329,6.775,42.91,1,99.2,93.2,1404,192.9,75.3,20.66,-22.031,5.195,4.196,31.0,33.2,66.0,1494,1,-9.3,0.41
4047,329,6.775,42.87,1,99.2,93.2,1403,192.9,75.3,20.67,-22.023,5.195,4.196,32.0,33.2,66.0,1494,1,-9.3,0.42
4048,329,6.775,42.91,1,99.2,93.30000000000001,1404,192.8,75.4,20.71,-22.023,5.195,4.196,32.0,33.2,66.0,1494,1,-9.3,0.41
4049,329,6.75,42.95,1,99.2,93.30000000000001,1404,192.8,75.4,20.68,-22.016,5.195,4.196,32.0,33.2,66.0,1494,1,-9.3,0.41
4050,329,6.75,42.88,1,99.2,93.30000000000001,1404,192.8,75.3,20.63,-22.016,5.195,4.196,32.0,33.2,66.0,1494,1,-9.3,0.41
4051,329,6.775,42.89,1,99.2,93.30000000000001,1405,192.8,75.4,20.64,-22.016,5.195,4.196,32.0,33.2,66.0,1494,1,-9.3,0.42
4052,329,6.775,42.88,1,99.2,93.2,1404,192.9,75.4,20.66,-22.016,5.195,4.196,32.0,33.2,66.0,1494,1,-9.3,0.41
4053,329,6.775,42.91,1,99.2,93.30000000000001,1403,192.9,75.5,20.71,-22.016,5.195,4.196,32.0,33.2,66.0,1494,1,-9.3,0.42
4054,329,6.775,42.89,1,99.2,93.30000000000001,1403,192.9,75.2,20.69,-22.008,5.195,4.196,32.0,33.2,66.0,1494,1,-9.3,0.41
4055,329,6.75,42.88,1,99.2,93.30000000000001,1403,192.9,75.3,20.65,-22.0,5.199,4.196,32.0,33.2,66.0,1494,1,-9.3,0.41
4056,329,6.775,42.99,1,99.2,93.30000000000001,1403,192.9,75.3,20.66,-21.992,5.199,4.196,32.0,33.2,66.0,1494,1,-9.3,0.41
4057,329,6.775,42.85,1,99.2,93.30000000000001,1403,192.8,75.4,20.68,-21.984,5.199,4.196,31.0,33.2,66.0,1494,1,-9.3,0.41
4058,329,6.775,43.17,1,99.2,93.2,1403,192.8,75.2,20.67,-21.977,5.199,4.196,31.0,33.2,66.0,1494,1,-9.3,0.41
4059,329,6.775,42.83,1,99.2,93.2,1403,192.9,75.3,20.63,-21.969,5.199,4.196,32.0,33.2,66.0,1494,1,-9.3,0.4
4060,329,6.75,42.88,1,99.2,93.2,1403,192.9,75.2,20.64,-21.961,5.199,4.196,32.0,33.2,66.0,1494,1,-9.3,0.4
4061,329,6.775,42.85,1,99.2,93.30000000000001,1403,192.9,75.2,20.69,-21.961,5.195,4.196,32.0,33.2,66.0,1494,1,-9.2,0.41
4062,329,6.775,42.82,1,99.2,93.2,1403,193.0,75.2,20.7,-21.961,5.195,4.196,32.0,33.2,66.0,1493,1,-9.3,0.41
4063,328,6.75,42.88,1,99.2,93.30000000000001,1404,193.1,75.5,20.7,-21.953,5.195,4.196,32.0,33.2,66.0,1493,1,-9.3,0.41
4064,328,6.75,43.05,1,99.2,93.30000000000001,1403,193.0,75.3,20.68,-21.945,5.195,4.196,31.0,33.2,66.0,1493,1,-9.3,0.41
4065,328,6.75,42.91,1,99.2,93.30000000000001,1403,193.0,75.3,20.6,-21.938,5.195,4.196,32.0,33.2,66.0,1493,1,-9.2,0.41
4066,328,6.75,42.87,1,99.2,93.30000000000001,1403,193.1,75.4,20.71,-21.945,5.195,4.196,31.0,33.2,66.0,1493,1,-9.3,0.41
4067,328,6.775,42.98,1,99.2,93.30000000000001,1402,193.1,75.3,21.44,-21.938,5.195,4.196,32.0,33.2,66.0,1493,1,-9.3,0.42
4068,328,6.775,42.94,1,99.3,93.30000000000001,1403,193.0,75.3,21.52,-21.938,5.195,4.196,32.0,33.2,66.0,1493,1,-9.2,0.41
4069,328,6.75,42.96,1,99.3,93.30000000000001,1404,193.0,75.4,21.57,-21.938,5.195,4.196,31.0,33.2,66.0,1493,1,-9.2,0.4
4070,328,6.75,42.94,1,99.3,93.30000000000001,1404,193.0,75.4,21.55,-21.938,5.195,4.196,32.0,33.2,66.0,1493,1,-9.2,0.42
4071,328,6.75,42.94,1,99.3,93.30000000000001,1404,192.9,75.3,21.57,-21.938,5.195,4.196,31.0,33.1,66.0,1493,1,-9.2,0.41
4072,328,6.75,42.96,1,99.3,93.30000000000001,1404,192.9,75.4,21.58,-21.945,5.195,4.196,31.0,33.1,66.0,1493,1,-9.3,0.41
4073,328,6.775,43.03,1,99.3,93.30000000000001,1404,192.9,75.5,21.54,-21.945,5.195,4.196,32.0,33.1,66.0,1493,1,-9.2,0.42
4074,328,6.775,43.06,1,99.3,93.30000000000001,1405,193.0,75.4,21.55,-21.945,5.195,4.196,31.0,33.1,66.0,1493,1,-9.3,0.41
4075,328,6.775,42.99,1,99.3,93.30000000000001,1405,192.9,75.4,21.58,-21.953,5.195,4.196,32.0,33.1,66.0,1493,1,-9.2,0.42
4076,328,6.75,42.93,1,99.3,93.30000000000001,1405,192.9,75.4,21.59,-21.953,5.195,4.196,32.0,33.1,66.0,1493,1,-9.2,0.41
4077,328,6.75,42.95,1,99.3,93.30000000000001,1405,192.9,75.3,21.58,-21.961,5.191,4.196,32.0,33.1,66.0,1493,1,-9.2,0.42
4078,328,6.75,43.01,1,99.3,93.30000000000001,1405,193.0,75.3,21.63,-21.961,5.191,4.196,32.0,33.1,66.0,1493,1,-9.2,0.4
4079,328,6.775,42.94,1,99.3,93.30000000000001,1405,192.9,75.5,21.62,-21.961,5.191,4.196,31.0,33.1,66.0,1493,1,-9.2,0.41
4080,328,6.775,42.89,1,99.3,93.30000000000001,1405,193.0,75.5,21.65,-21.961,5.191,4.196,31.0,33.1,66.0,1493,1,-9.2,0.41
4081,328,6.775,42.93,1,99.3,93.30000000000001,1406,192.9,75.3,21.68,-21.969,5.191,4.196,31.0,33.1,66.0,1493,1,-9.2,0.41
4082,328,6.775,42.93,1,99.3,93.30000000000001,1405,192.9,75.3,21.65,-21.977,5.191,4.196,32.0,33.1,66.0,1493,1,-9.2,0.42
4083,328,6.775,42.93,1,99.3,93.30000000000001,1405,192.9,75.3,21.59,-21.984,5.191,4.196,32.0,33.1,66.0,1493,1,-9.2,0.42
4084,328,6.75,42.94,1,99.3,93.30000000000001,1405,192.9,75.4,21.62,-21.984,5.191,4.196,31.0,33.1,66.0,1493,1,-9.2,0.42
4085,328,6.75,42.93,1,99.4,93.30000000000001,1406,193.0,75.4,21.64,-21.992,5.191,4.196,32.0,33.1,66.0,1493,1,-9.2,0.42
4086,328,6.775,42.96,1,99.3,93.30000000000001,1406,193.0,75.5,21.25,-22.0,5.191,4.196,31.0,33.1,66.0,1492,1,-9.2,0.42
4087,328,6.775,42.93,1,99.3,93.30000000000001,1405,193.0,75.5,20.92,-21.992,5.191,4.196,32.0,33.1,66.0,1492,1,-9.2,0.41
4088,328,6.775,42.97,1,99.3,93.30000000000001,1405,193.0,75.4,20.92,-21.992,5.191,4.196,31.0,33.1,66.0,1492,1,-9.2,0.41
4089,327,6.75,42.98,1,99.3,93.30000000000001,1405,192.9,75.3,20.88,-21.992,5.191,4.196,31.0,33.1,66.0,1492,1,-9.2,0.42
4090,327,6.75,42.95,1,99.3,93.30000000000001,1404,192.9,75.4,20.9,-22.0,5.195,4.196,31.0,33.1,66.0,1492,1,-9.2,0.41
4091,327,6.75,42.97,1,99.3,93.30000000000001,1404,192.9,75.4,20.93,-22.0,5.195,4.196,32.0,33.2,66.0,1492,1,-9.2,0.41
4092,327,6.775,42.95,1,99.3,93.30000000000001,1405,193.1,75.3,20.86,-22.008,5.195,4.196,32.0,33.2,66.0,1492,1,-9.2,0.41
4093,327,6.775,42.92,1,99.3,93.30000000000001,1404,193.1,75.3,20.88,-22.008,5.195,4.196,32.0,33.2,66.0,1492,1,-9.2,0.42
4094,327,6.775,42.91,1,99.3,93.30000000000001,1404,193.0,75.3,20.88,-22.008,5.191,4.196,32.0,33.2,66.0,1492,1,-9.2,0.42
4095,327,6.775,42.94,1,99.3,93.30000000000001,1405,192.9,75.3,20.92,-22.016,5.191,4.196,32.0,33.1,66.0,1492,1,-9.2,0.42
4096,327,6.775,43.0,1,99.3,93.30000000000001,1405,192.9,75.2,20.95,-22.016,5.191,4.196,32.0,33.2,66.0,1492,1,-9.2,0.42
4097,327,6.775,42.97,1,99.4,93.30000000000001,1405,192.8,75.4,20.94,-22.016,5.191,4.196,32.0,33.2,66.0,1492,1,-9.2,0.42
4098,327,6.775,43.0,1,99.3,93.30000000000001,1405,192.8,75.4,20.89,-22.016,5.191,4.196,32.0,33.2,66.0,1492,1,-9.2,0.43
4099,327,6.775,42.94,1,99.4,93.30000000000001,1405,192.8,75.4,20.91,-22.016,5.195,4.196,32.0,33.2,66.0,1492,1,-9.2,0.41
4100,327,6.775,42.97,1,99.3,93.30000000000001,1405,192.9,75.5,20.88,-22.023,5.195,4.196,32.0,33.2,66.0,1492,1,-9.2,0.42
4101,327,6.775,42.95,1,99.4,93.30000000000001,1405,192.7,75.6,20.9,-22.023,5.195,4.196,32.0,33.2,66.0,1492,1,-9.2,0.41
4102,327,6.75,42.94,1,99.4,93.30000000000001,1404,192.6,75.5,20.92,-22.031,5.195,4.196,32.0,33.2,66.0,1492,1,-9.2,0.42
4103,327,6.75,43.04,1,99.4,93.30000000000001,1405,192.5,75.4,20.86,-22.031,5.195,4.196,32.0,33.2,66.0,1492,1,-9.2,0.4
4104,327,6.75,43.03,1,99.4,93.30000000000001,1405,192.5,75.4,20.91,-22.039,5.195,4.196,32.0,33.2,66.0,1492,1,-9.2,0.42
4105,327,6.775,42.98,1,99.4,93.30000000000001,1406,192.6,75.4,20.89,-22.039,5.195,4.196,32.0,33.2,66.0,1492,1,-9.2,0.41
4106,327,6.775,42.96,1,99.4,93.30000000000001,1406,192.6,75.5,20.88,-22.047,5.191,4.196,31.0,33.2,66.0,1492,1,-9.2,0.41
4107,327,6.775,43.02,1,99.4,93.30000000000001,1405,192.6,75.5,20.9,-22.047,5.195,4.196,31.0,33.2,66.0,1492,1,-9.2,0.42
4108,327,6.775,42.99,1,99.4,93.30000000000001,1405,192.5,75.4,20.89,-22.047,5.195,4.196,32.0,33.2,66.0,1492,1,-9.2,0.41
4109,327,6.775,42.98,1,99.4,93.30000000000001,1406,192.5,75.3,20.94,-22.055,5.195,4.196,31.0,33.2,66.0,1492,1,-9.2,0.42
4110,327,6.75,43.13,1,99.4,93.30000000000001,1407,192.5,75.2,20.9,-22.055,5.195,4.196,31.0,33.2,66.0,1491,1,-9.2,0.41
4111,327,6.75,42.96,1,99.4,93.30000000000001,1407,192.6,75.3,20.9,-22.062,5.195,4.196,32.0,33.2,66.0,1491,1,-9.2,0.42
4112,327,6.775,42.95,1,99.4,93.30000000000001,1407,192.6,75.2,20.91,-22.062,5.195,4.196,32.0,33.2,66.0,1491,1,-9.2,0.41
4113,327,6.775,42.96,1,99.4,93.30000000000001,1406,192.5,75.3,20.92,-22.062,5.195,4.196,32.0,33.1,66.0,1491,1,-9.2,0.41
4114,327,6.775,42.96,1,99.4,93.30000000000001,1406,192.5,75.3,20.94,-22.07,5.195,4.196,31.0,33.1,66.0,1491,1,-9.2,0.42
4115,327,6.75,42.96,1,99.4,93.30000000000001,1406,192.5,75.3,20.89,-22.062,5.191,4.196,31.0,33.1,66.0,1491,1,-9.2,0.42
4116,327,6.75,42.95,1,99.4,93.30000000000001,1406,192.4,75.3,20.89,-22.07,5.191,4.196,32.0,33.1,66.0,1491,1,-9.2,0.41
4117,327,6.75,42.98,1,99.4,93.4,1405,192.5,75.4,20.89,-22.062,5.191,4.196,32.0,33.1,66.0,1491,1,-9.2,0.41
4118,328,6.775,42.94,1,99.4,93.30000000000001,1404,192.4,75.4,20.92,-22.062,5.191,4.196,31.0,33.1,66.0,1491,1,-9.2,0.41
4119,328,6.775,42.94,1,99.4,93.30000000000001,1405,192.4,75.4,20.88,-22.062,5.191,4.196,31.0,33.1,66.0,1491,1,-9.2,0.41
4120,328,6.775,42.94,1,99.4,93.30000000000001,1406,192.4,75.3,20.89,-22.055,5.191,4.196,32.0,33.1,66.0,1491,1,-9.2,0.4
4121,328,6.75,42.93,1,99.4,93.30000000000001,1406,192.4,75.3,20.93,-22.047,5.191,4.196,32.0,33.1,66.0,1491,1,-9.2,0.41
4122,328,6.75,42.9,1,99.4,93.30000000000001,1406,192.4,75.2,20.88,-22.039,5.191,4.196,31.0,33.1,66.0,1491,1,-9.2,0.42
4123,328,6.75,42.97,1,99.4,93.30000000000001,1406,192.3,75.4,20.9,-22.031,5.191,4.196,31.0,33.1,66.0,1491,1,-9.2,0.42
4124,328,6.75,42.95,1,99.4,93.30000000000001,1407,192.3,75.3,20.91,-22.023,5.191,4.196,31.0,33.1,66.0,1491,1,-9.2,0.41
4125,328,6.75,42.96,1,99.4,93.30000000000001,1406,192.2,75.4,20.93,-22.023,5.191,4.196,31.0,33.1,66.0,1491,1,-9.2,0.4
4126,327,6.75,42.98,1,99.4,93.30000000000001,1405,192.2,75.5,20.89,-22.016,5.191,4.196,32.0,33.1,66.0,1491,1,-9.2,0.41
4127,327,6.75,42.99,1,99.4,93.30000000000001,1405,192.2,75.3,20.89,-22.008,5.195,4.196,32.0,33.1,66.0,1491,1,-9.2,0.41
4128,327,6.75,43.01,1,99.4,93.30000000000001,1405,192.1,75.4,20.91,-22.0,5.195,4.196,32.0,33.1,66.0,1491,1,-9.2,0.42
4129,327,6.775,42.95,1,99.4,93.30000000000001,1406,192.1,75.3,20.93,-21.992,5.195,4.196,31.0,33.1,66.0,1491,1,-9.2,0.41
4130,327,6.775,42.92,1,99.3,93.30000000000001,1407,192.1,75.4,20.87,-21.984,5.195,4.196,31.0,33.1,66.0,1491,1,-9.2,0.42
4131,327,6.775,43.0,1,99.3,93.30000000000001,1407,192.2,75.3,20.89,-21.977,5.195,4.196,32.0,33.1,66.0,1491,1,-9.2,0.42
4132,327,6.775,42.97,1,99.4,93.30000000000001,1407,192.2,75.2,20.89,-21.977,5.195,4.196,32.0,33.1,66.0,1491,1,-9.2,0.42
4133,327,6.75,42.94,1,99.4,93.30000000000001,1406,192.2,75.3,20.9,-21.969,5.195,4.196,32.0,33.1,66.0,1491,1,-9.2,0.42
4134,327,6.75,42.97,1,99.4,93.30000000000001,1406,192.2,75.4,20.93,-21.969,5.195,4.196,31.0,33.1,66.0,1491,1,-9.2,0.42
4135,327,6.775,43.0,1,99.4,93.4,1406,192.3,75.3,20.94,-21.961,5.195,4.196,31.0,33.1,66.0,1490,1,-9.2,0.42
4136,327,6.775,42.96,1,99.4,93.30000000000001,1406,192.3,75.4,20.89,-21.961,5.195,4.196,32.0,33.1,66.0,1490,1,-9.2,0.41
4137,327,6.775,42.95,1,99.3,93.30000000000001,1405,192.3,75.4,20.91,-21.953,5.191,4.196,32.0,33.1,66.0,1490,1,-9.2,0.4
4138,327,6.775,43.0,1,99.4,93.30000000000001,1405,192.3,75.4,21.07,-21.953,5.191,4.196,32.0,33.1,66.0,1490,1,-9.2,0.42
4139,327,6.75,42.95,1,99.3,93.30000000000001,1405,192.2,75.4,21.3,-21.945,5.191,4.196,31.0,33.1,66.0,1490,1,-9.2,0.41
4140,327,6.75,42.93,1,99.3,93.30000000000001,1405,192.2,75.4,21.3,-21.953,5.191,4.196,32.0,33.1,66.0,1490,1,-9.2,0.42
4141,327,6.75,42.98,1,99.4,93.30000000000001,1405,192.2,75.4,21.29,-21.961,5.191,4.196,31.0,33.1,66.0,1490,1,-9.2,0.43
4142,327,6.775,42.95,1,99.3,93.30000000000001,1405,192.2,75.4,21.27,-21.961,5.191,4.196,31.0,33.2,66.0,1490,1,-9.2,0.42
4143,327,6.775,42.94,1,99.3,93.30000000000001,1405,192.2,75.3,21.26,-21.969,5.191,4.196,32.0,33.1,66.0,1490,1,-9.2,0.42
4144,327,6.775,42.94,1,99.4,93.30000000000001,1405,192.2,75.4,21.36,-21.969,5.191,4.196,32.0,33.1,66.0,1490,1,-9.2,0.41
4145,327,6.775,42.95,1,99.4,93.30000000000001,1405,192.1,75.5,21.27,-21.969,5.191,4.196,31.0,33.2,66.0,1490,1,-9.2,0.41
4146,327,6.75,42.94,1,99.4,93.30000000000001,1405,192.2,75.3,21.3,-21.977,5.191,4.196,31.0,33.1,66.0,1490,1,-9.2,0.41
4147,327,6.75,42.96,1,99.3,93.30000000000001,1405,192.2,75.3,21.33,-21.977,5.191,4.196,32.0,33.2,66.0,1490,1,-9.2,0.41
4148,327,6.75,42.95,1,99.3,93.30000000000001,1405,192.2,75.4,21.3,-21.977,5.191,4.196,32.0,33.1,66.0,1490,1,-9.2,0.41
4149,327,6.775,42.96,1,99.4,93.30000000000001,1405,192.2,75.4,21.34,-21.984,5.191,4.196,32.0,33.2,66.0,1490,1,-9.2,0.41
4150,327,6.775,42.93,1,99.4,93.30000000000001,1405,192.2,75.3,21.33,-21.984,5.191,4.196,31.0,33.1,66.0,1490,1,-9.2,0.42
4151,327,6.775,42.99,1,99.3,93.30000000000001,1405,192.3,75.4,21.29,-21.984,5.191,4.196,31.0,33.1,66.0,1490,1,-9.2,0.42
4152,327,6.775,42.96,1,99.4,93.30000000000001,1405,192.2,75.4,21.32,-21.984,5.191,4.196,31.0,33.2,66.0,1490,1,-9.2,0.42
4153,327,6.75,42.94,1,99.3,93.30000000000001,1405,192.2,75.4,21.34,-21.984,5.191,4.196,32.0,33.1,66.0,1490,1,-9.2,0.41
4154,327,6.75,42.95,1,99.4,93.30000000000001,1405,192.2,75.3,21.31,-21.977,5.191,4.196,31.0,33.1,66.0,1490,1,-9.2,0.42
4155,327,6.775,42.94,1,99.4,93.30000000000001,1405,192.2,75.5,21.34,-21.977,5.191,4.196,32.0,33.1,66.0,1490,1,-9.2,0.42
4156,327,6.775,42.95,1,99.3,93.30000000000001,1405,192.2,75.4,21.29,-21.984,5.191,4.196,32.0,33.1,66.0,1490,1,-9.2,0.42
4157,327,6.775,42.92,1,99.4,93.30000000000001,1405,192.2,75.4,21.33,-21.992,5.191,4.196,32.0,33.1,66.0,1490,1,-9.2,0.42
4158,327,6.775,42.93,1,99.3,93.30000000000001,1405,192.3,75.4,21.3,-21.992,5.188,4.196,32.0,33.1,66.0,1490,1,-9.2,0.42
4159,327,6.75,43.05,1,99.4,93.30000000000001,1404,192.2,75.3,21.31,-22.0,5.188,4.196,32.0,33.1,66.0,1489,1,-9.2,0.42
4160,327,6.75,42.95,1,99.4,93.30000000000001,1405,192.2,75.5,21.32,-22.008,5.188,4.196,32.0,33.1,66.0,1489,1,-9.2,0.41
4161,327,6.75,43.0,1,99.4,93.30000000000001,1405,192.2,75.4,21.33,-22.016,5.191,4.196,32.0,33.1,66.0,1489,1,-9.2,0.41
4162,327,6.775,42.97,1,99.4,93.30000000000001,1405,192.2,75.4,21.3,-22.023,5.188,4.196,32.0,33.1,66.0,1489,1,-9.2,0.41
4163,327,6.775,42.99,1,99.4,93.30000000000001,1405,192.1,75.4,21.32,-22.031,5.188,4.196,32.0,33.1,66.0,1489,1,-9.1,0.42
4164,327,6.775,42.99,1,99.4,93.30000000000001,1405,192.1,75.6,21.32,-22.039,5.188,4.196,32.0,33.1,66.0,1489,1,-9.2,0.42
4165,327,6.75,42.94,1,99.4,93.30000000000001,1405,192.1,75.4,21.32,-22.039,5.191,4.196,32.0,33.1,66.0,1489,1,-9.2,0.41
4166,327,6.75,43.0,1,99.4,93.30000000000001,1404,192.2,75.3,21.32,-22.047,5.191,4.196,31.0,33.1,66.0,1489,1,-9.2,0.41
4167,327,6.75,42.91,1,99.4,93.30000000000001,1405,192.2,75.3,21.32,-22.047,5.191,4.196,32.0,33.1,66.0,1489,1,-9.2,0.42
4168,327,6.775,42.89,1,99.4,93.30000000000001,1404,192.2,75.3,21.3,-22.055,5.188,4.196,32.0,33.1,66.0,1489,1,-9.1,0.41
4169,327,6.775,42.94,1,99.4,93.30000000000001,1404,192.2,75.4,21.36,-22.055,5.188,4.196,32.0,33.1,66.0,1489,1,-9.2,0.41
4170,327,6.775,42.94,1,99.4,93.30000000000001,1405,192.2,75.4,21.32,-22.055,5.188,4.196,32.0,33.1,66.0,1489,1,-9.2,0.41
4171,327,6.75,43.1,1,99.4,93.30000000000001,1405,192.2,75.4,21.35,-22.055,5.188,4.196,32.0,33.1,66.0,1489,1,-9.2,0.41
4172,327,6.75,42.97,1,99.4,93.30000000000001,1406,192.1,75.4,21.34,-22.07,5.188,4.196,32.0,33.1,66.0,1489,1,-9.1,0.42
4173,327,6.775,43.03,1,99.4,93.30000000000001,1406,192.1,75.4,21.3,-22.07,5.188,4.196,32.0,33.1,66.0,1489,1,-9.2,0.41
4174,327,6.775,43.0,1,99.4,93.4,1406,192.2,75.4,21.3,-22.07,5.188,4.196,32.0,33.2,66.0,1489,1,-9.1,0.41
4175,327,6.75,42.98,1,99.4,93.30000000000001,1406,192.1,75.4,21.3,-22.078,5.188,4.196,32.0,33.2,66.0,1489,1,-9.2,0.41
4176,327,6.75,43.01,1,99.4,93.30000000000001,1406,192.1,75.3,21.31,-22.078,5.188,4.196,32.0,33.1,66.0,1489,1,-9.2,0.41
4177,327,6.75,42.94,1,99.4,93.30000000000001,1406,192.1,75.4,21.27,-22.078,5.191,4.196,32.0,33.2,66.0,1489,1,-9.2,0.41
4178,327,6.75,42.99,1,99.4,93.30000000000001,1406,192.1,75.4,21.32,-22.086,5.188,4.196,32.0,33.2,66.0,1489,1,-9.1,0.42
4179,327,6.75,42.98,1,99.4,93.30000000000001,1405,192.1,75.3,21.3,-22.086,5.191,4.196,32.0,33.2,66.0,1489,1,-9.1,0.41
4180,327,6.75,43.01,1,99.4,93.30000000000001,1405,192.1,75.2,21.29,-22.086,5.188,4.196,31.0,33.2,66.0,1489,1,-9.1,0.42
4181,327,6.75,42.99,1,99.4,93.30000000000001,1406,192.1,75.3,21.32,-22.086,5.188,4.196,31.0,33.2,66.0,1489,1,-9.1,0.42
4182,327,6.775,42.99,1,99.4,93.30000000000001,1406,192.1,75.4,21.32,-22.078,5.191,4.196,32.0,33.2,66.0,1489,1,-9.1,0.42
4183,327,6.775,43.01,1,99.4,93.30000000000001,1407,192.1,75.5,21.36,-22.086,5.188,4.196,32.0,33.2,66.0,1489,1,-9.2,0.43
4184,327,6.775,43.01,1,99.4,93.30000000000001,1406,192.1,75.2,21.3,-22.086,5.191,4.196,32.0,33.2,66.0,1489,1,-9.1,0.41
4185,327,6.75,42.99,1,99.4,93.4,1406,192.2,75.4,21.34,-22.094,5.191,4.196,32.0,33.2,66.0,1488,1,-9.1,0.41
4186,327,6.775,42.98,1,99.4,93.30000000000001,1406,192.2,75.5,21.32,-22.094,5.191,4.196,32.0,33.2,66.0,1488,1,-9.2,0.41
4187,327,6.775,42.99,1,99.4,93.30000000000001,1405,192.2,75.6,21.36,-22.094,5.191,4.196,32.0,33.2,66.0,1488,1,-9.1,0.42
4188,327,6.775,42.98,1,99.4,93.30000000000001,1405,192.3,75.3,21.33,-22.102,5.191,4.196,32.0,33.2,66.0,1488,1,-9.1,0.42
4189,327,6.775,43.02,1,99.4,93.30000000000001,1406,192.2,75.3,21.32,-22.109,5.191,4.196,31.0,33.2,66.0,1488,1,-9.1,0.42
4190,327,6.775,43.01,1,99.4,93.30000000000001,1406,192.2,75.5,21.3,-22.109,5.191,4.196,32.0,33.2,66.0,1488,1,-9.1,0.42
4191,327,6.775,42.96,1,99.4,93.30000000000001,1406,192.2,75.4,21.31,-22.117,5.191,4.196,32.0,33.2,66.0,1488,1,-9.1,0.42
4192,327,6.75,42.97,1,99.4,93.30000000000001,1405,192.2,75.4,20.97,-22.125,5.191,4.196,32.0,33.2,66.0,1488,1,-9.1,0.42
4193,327,6.75,42.95,1,99.4,93.30000000000001,1405,192.3,75.3,20.89,-22.133,5.191,4.196,32.0,33.2,66.0,1488,1,-9.1,0.42
4194,327,6.75,43.06,1,99.4,93.30000000000001,1405,192.3,75.4,20.89,-22.141,5.191,4.196,32.0,33.2,66.0,1488,1,-9.1,0.42
4195,327,6.775,42.98,1,99.4,93.30000000000001,1405,192.3,75.3,20.91,-22.148,5.191,4.196,31.0,33.2,66.0,1488,1,-9.1,0.42
4196,327,6.775,43.03,1,99.4,93.30000000000001,1405,192.3,75.3,20.88,-22.156,5.191,4.196,32.0,33.1,66.0,1488,1,-9.1,0.42
4197,327,6.75,43.03,1,99.4,93.30000000000001,1406,192.3,75.4,20.89,-22.156,5.191,4.196,32.0,33.2,66.0,1488,1,-9.1,0.41
4198,327,6.75,43.03,1,99.4,93.30000000000001,1406,192.3,75.5,20.9,-22.164,5.191,4.196,32.0,33.2,66.0,1488,1,-9.1,0.41
4199,327,6.775,42.98,1,99.4,93.30000000000001,1406,192.2,75.4,20.94,-22.164,5.191,4.196,32.0,33.1,66.0,1488,1,-9.1,0.42
4200,327,6.775,42.96,1,99.4,93.30000000000001,1406,192.3,75.5,20.9,-22.172,5.191,4.196,32.0,33.2,66.0,1488,1,-9.1,0.42
4201,327,6.775,42.95,1,99.4,93.30000000000001,1406,192.3,75.5,20.88,-22.18,5.191,4.196,32.0,33.2,66.0,1488,1,-9.1,0.42
4202,327,6.775,42.99,1,99.5,93.4,1406,192.3,75.4,20.87,-22.172,5.191,4.196,32.0,33.2,66.0,1488,1,-9.1,0.42
4203,327,6.75,42.98,1,99.4,93.30000000000001,1406,192.3,75.5,20.9,-22.18,5.191,4.196,32.0,33.2,66.0,1488,1,-9.1,0.42
4204,327,6.75,42.98,1,99.5,93.30000000000001,1406,192.3,75.4,20.92,-22.18,5.191,4.196,32.0,33.2,66.0,1488,1,-9.1,0.42
4205,327,6.775,42.99,1,99.4,93.30000000000001,1405,192.3,75.4,20.92,-22.18,5.191,4.196,32.0,33.2,66.0,1488,1,-9.1,0.42
4206,327,6.775,43.02,1,99.5,93.30000000000001,1406,192.3,75.4,20.88,-22.188,5.191,4.196,32.0,33.2,66.0,1488,1,-9.1,0.42
4207,327,6.775,42.99,1,99.5,93.30000000000001,1406,192.3,75.4,20.93,-22.18,5.191,4.196,32.0,33.2,66.0,1488,1,-9.1,0.43
4208,327,6.775,42.98,1,99.5,93.30000000000001,1406,192.3,75.4,20.92,-22.18,5.191,4.196,32.0,33.1,66.0,1488,1,-9.1,0.42
4209,327,6.775,43.01,1,99.5,93.30000000000001,1407,192.3,75.6,20.89,-22.18,5.191,4.196,32.0,33.2,66.0,1488,1,-9.2,0.42
4210,327,6.775,43.01,1,99.5,93.30000000000001,1407,192.3,75.5,20.92,-22.172,5.191,4.196,32.0,33.1,66.0,1487,1,-9.1,0.42
4211,327,6.75,42.98,1,99.5,93.30000000000001,1406,192.3,75.4,20.9,-22.172,5.191,4.196,32.0,33.1,66.0,1487,1,-9.1,0.42
4212,327,6.775,43.1,1,99.5,93.30000000000001,1406,192.3,75.4,20.9,-22.172,5.191,4.196,31.0,33.1,66.0,1487,1,-9.1,0.41
4213,327,6.775,42.94,1,99.5,93.30000000000001,1406,192.2,75.3,20.88,-22.172,5.191,4.196,32.0,33.2,66.0,1487,1,-9.1,0.42
4214,327,6.775,43.01,1,99.5,93.30000000000001,1406,192.2,75.4,20.93,-22.172,5.191,4.196,32.0,33.1,66.0,1487,1,-9.1,0.43
4215,327,6.75,42.99,1,99.5,93.30000000000001,1405,192.4,75.4,20.88,-22.172,5.191,4.196,31.0,33.1,66.0,1487,1,-9.1,0.42
4216,327,6.75,42.93,1,99.4,93.30000000000001,1405,192.3,75.2,20.92,-22.164,5.191,4.196,32.0,33.1,66.0,1487,1,-9.1,0.41
4217,327,6.75,42.99,1,99.5,93.30000000000001,1405,192.3,75.3,20.93,-22.164,5.191,4.196,32.0,33.1,66.0,1487,1,-9.1,0.41
4218,327,6.775,43.04,1,99.5,93.30000000000001,1405,192.2,75.3,20.91,-22.156,5.191,4.196,32.0,33.1,66.0,1487,1,-9.1,0.41
4219,327,6.775,43.03,1,99.5,93.30000000000001,1405,192.2,75.4,20.91,-22.156,5.191,4.196,31.0,33.1,66.0,1487,1,-9.1,0.41
4220,327,6.775,42.95,1,99.5,93.30000000000001,1406,192.2,75.5,20.9,-22.156,5.191,4.196,31.0,33.1,66.0,1487,1,-9.1,0.42
4221,327,6.775,42.96,1,99.4,93.30000000000001,1406,192.2,75.4,20.9,-22.156,5.191,4.196,32.0,33.1,66.0,1487,1,-9.1,0.41
4222,327,6.75,43.05,1,99.4,93.30000000000001,1406,192.2,75.4,20.9,-22.148,5.191,4.196,31.0,33.1,66.0,1487,1,-9.1,0.41
4223,327,6.75,42.98,1,99.5,93.4,1406,192.3,75.2,20.92,-22.156,5.191,4.196,32.0,33.1,66.0,1487,1,-9.1,0.42
4224,327,6.75,43.0,1,99.4,93.30000000000001,1406,192.3,75.2,20.9,-22.156,5.191,4.196,32.0,33.1,66.0,1487,1,-9.1,0.42
4225,327,6.75,42.99,1,99.4,93.30000000000001,1405,192.3,75.4,20.89,-22.156,5.191,4.196,31.0,33.1,66.0,1487,1,-9.1,0.41
4226,327,6.775,42.92,1,99.4,93.30000000000001,1405,192.3,75.3,20.93,-22.164,5.191,4.196,31.0,33.1,66.0,1487,1,-9.1,0.41
4227,327,6.775,42.92,1,99.4,93.30000000000001,1406,192.2,75.3,20.88,-22.156,5.191,4.196,31.0,33.1,66.0,1487,1,-9.1,0.42
4228,327,6.775,42.92,1,99.4,93.30000000000001,1406,192.1,75.4,20.93,-22.164,5.191,4.196,32.0,33.1,66.0,1487,1,-9.1,0.42
4229,327,6.775,42.99,1,99.5,93.30000000000001,1406,192.2,75.3,20.88,-22.164,5.191,4.196,31.0,33.1,66.0,1487,1,-9.1,0.42
4230,327,6.775,42.99,1,99.5,93.30000000000001,1406,192.2,75.2,20.89,-22.164,5.191,4.196,31.0,33.1,66.0,1487,1,-9.1,0.43
4231,327,6.775,42.94,1,99.5,93.30000000000001,1405,192.2,75.4,20.9,-22.172,5.191,4.196,31.0,33.1,66.0,1487,1,-9.1,0.41
4232,327,6.75,43.04,1,99.5,93.30000000000001,1406,192.2,75.5,20.94,-22.172,5.191,4.196,31.0,33.1,66.0,1487,1,-9.1,0.42
4233,327,6.75,43.13,1,99.5,93.30000000000001,1406,192.2,75.4,20.91,-22.18,5.191,4.196,31.0,33.1,66.0,1487,1,-9.1,0.42
4234,327,6.75,42.96,1,99.5,93.30000000000001,1407,192.2,75.4,20.95,-22.18,5.191,4.196,32.0,33.1,66.0,1487,1,-9.1,0.42
4235,327,6.775,42.98,1,99.5,93.30000000000001,1407,192.3,75.3,20.93,-22.195,5.191,4.196,31.0,33.1,66.0,1486,1,-9.1,0.43
4236,327,6.775,43.0,1,99.5,93.30000000000001,1407,192.2,75.3,20.91,-22.203,5.191,4.196,31.0,33.1,66.0,1486,1,-9.1,0.42
4237,327,6.775,43.0,1,99.5,93.30000000000001,1407,192.2,75.3,20.85,-22.211,5.191,4.196,32.0,33.1,66.0,1486,1,-9.1,0.42
4238,327,6.775,42.96,1,99.5,93.30000000000001,1406,192.3,75.4,20.91,-22.211,5.191,4.196,32.0,33.1,66.0,1486,1,-9.1,0.42
4239,327,6.75,43.02,1,99.5,93.30000000000001,1406,192.2,75.4,20.89,-22.211,5.191,4.196,31.0,33.1,66.0,1486,1,-9.1,0.42
4240,327,6.75,43.0,1,99.5,93.4,1406,192.1,75.3,20.91,-22.211,5.191,4.196,31.0,33.1,66.0,1486,1,-9.1,0.42
4241,327,6.75,43.06,1,99.5,93.30000000000001,1406,192.2,75.3,20.89,-22.219,5.191,4.196,32.0,33.1,66.0,1486,1,-9.1,0.43
4242,327,6.775,42.99,1,99.5,93.30000000000001,1406,192.1,75.5,20.92,-22.219,5.188,4.196,31.0,33.1,66.0,1486,1,-9.1,0.42
4243,327,6.75,43.08,1,99.5,93.30000000000001,1406,192.2,75.2,20.88,-22.219,5.188,4.196,31.0,33.1,66.0,1486,1,-9.1,0.42
4244,327,6.75,42.9,1,99.5,93.30000000000001,1406,192.2,75.5,20.92,-22.219,5.188,4.196,32.0,33.1,66.0,1486,1,-9.1,0.42
4245,327,6.75,42.96,1,99.5,93.30000000000001,1407,192.2,75.5,20.86,-22.219,5.188,4.196,32.0,33.1,66.0,1486,1,-9.1,0.42
4246,327,6.75,42.92,1,99.4,93.30000000000001,1407,192.2,75.4,20.9,-22.219,5.188,4.196,32.0,33.0,66.0,1486,1,-9.1,0.42
4247,327,6.775,42.96,1,99.5,93.30000000000001,1406,192.3,75.4,20.92,-22.227,5.188,4.196,31.0,33.1,66.0,1486,1,-9.1,0.42
4248,327,6.775,42.94,1,99.5,93.30000000000001,1406,192.3,75.4,20.89,-22.227,5.188,4.196,32.0,33.1,66.0,1486,1,-9.1,0.41
4249,327,6.775,42.98,1,99.5,93.4,1406,192.3,75.5,20.93,-22.227,5.188,4.196,32.0,33.1,66.0,1486,1,-9.1,0.41
4250,327,6.775,42.97,1,99.5,93.30000000000001,1406,192.3,75.4,21.13,-22.227,5.188,4.196,32.0,33.1,66.0,1486,1,-9.1,0.42
4251,327,6.75,43.04,1,99.5,93.4,1406,192.3,75.4,21.18,-22.227,5.188,4.196,32.0,33.0,66.0,1486,1,-9.1,0.42
4252,327,6.75,43.0,1,99.5,93.30000000000001,1406,192.3,75.4,21.22,-22.227,5.188,4.196,31.0,33.1,66.0,1486,1,-9.1,0.42
4253,327,6.75,42.98,1,99.5,93.30000000000001,1405,192.3,75.4,21.18,-22.227,5.188,4.196,32.0,33.1,66.0,1486,1,-9.1,0.42
4254,327,6.75,42.96,1,99.5,93.30000000000001,1406,192.3,75.4,21.2,-22.227,5.188,4.196,32.0,33.1,66.0,1486,1,-9.1,0.42
4255,327,6.775,42.98,1,99.5,93.30000000000001,1406,192.2,75.3,21.23,-22.227,5.188,4.196,31.0,33.0,66.0,1486,1,-9.1,0.42
4256,327,6.775,43.01,1,99.5,93.30000000000001,1406,192.2,75.4,21.18,-22.227,5.191,4.196,32.0,33.0,66.0,1486,1,-9.1,0.42
4257,327,6.775,43.07,1,99.5,93.4,1406,192.2,75.5,21.19,-22.227,5.188,4.196,32.0,33.1,66.0,1486,1,-9.1,0.42
4258,327,6.75,43.0,1,99.5,93.4,1405,192.2,75.4,21.21,-22.227,5.188,4.196,32.0,33.0,66.0,1486,1,-9.1,0.43
4259,327,6.775,42.94,1,99.5,93.30000000000001,1405,192.2,75.4,21.19,-22.227,5.188,4.196,31.0,33.0,66.0,1486,1,-9.1,0.43
4260,327,6.775,43.0,1,99.5,93.30000000000001,1406,192.3,75.5,21.2,-22.227,5.191,4.196,32.0,33.0,66.0,1486,1,-9.1,0.43
4261,327,6.775,43.05,1,99.5,93.4,1406,192.4,75.6,21.18,-22.227,5.191,4.196,31.0,33.0,66.0,1485,1,-9.1,0.42
4262,327,6.775,43.0,1,99.5,93.30000000000001,1406,192.4,75.5,21.21,-22.234,5.191,4.196,31.0,33.0,66.0,1486,1,-9.1,0.42
4263,327,6.75,42.98,1,99.5,93.30000000000001,1406,192.4,75.4,21.24,-22.234,5.191,4.196,32.0,33.0,66.0,1486,1,-9.1,0.43
4264,327,6.75,43.1,1,99.5,93.30000000000001,1406,192.4,75.5,21.19,-22.234,5.191,4.196,31.0,33.0,66.0,1485,1,-9.1,0.43
4265,327,6.75,42.97,1,99.5,93.30000000000001,1405,192.3,75.4,21.2,-22.234,5.191,4.196,31.0,33.0,66.0,1485,1,-9.1,0.42
4266,327,6.775,43.03,1,99.5,93.30000000000001,1406,192.3,75.4,21.18,-22.242,5.188,4.196,31.0,33.0,66.0,1485,1,-9.1,0.42
4267,327,6.775,42.97,1,99.5,93.30000000000001,1406,192.3,75.4,21.23,-22.25,5.188,4.196,32.0,33.0,66.0,1485,1,-9.1,0.43
4268,327,6.775,42.95,1,99.5,93.30000000000001,1405,192.4,75.3,21.22,-22.25,5.188,4.196,32.0,33.0,66.0,1485,1,-9.1,0.42
4269,327,6.775,42.93,1,99.5,93.30000000000001,1405,192.4,75.6,21.2,-22.25,5.188,4.196,32.0,33.0,66.0,1485,1,-9.1,0.42
4270,327,6.775,42.92,1,99.5,93.30000000000001,1406,192.4,75.6,21.21,-22.25,5.188,4.196,32.0,33.0,66.0,1485,1,-9.1,0.42
4271,327,6.75,43.02,1,99.5,93.30000000000001,1405,192.4,75.3,21.18,-22.25,5.188,4.196,31.0,33.0,66.0,1485,1,-9.1,0.42
4272,327,6.75,42.98,1,99.5,93.30000000000001,1405,192.4,75.5,21.2,-22.25,5.188,4.196,32.0,33.0,66.0,1485,1,-9.1,0.42
4273,327,6.775,42.97,1,99.5,93.30000000000001,1405,192.3,75.2,21.18,-22.25,5.188,4.196,31.0,33.0,66.0,1485,1,-9.1,0.42
4274,327,6.775,43.03,1,99.5,93.30000000000001,1405,192.2,75.4,21.22,-22.25,5.188,4.196,32.0,33.0,66.0,1485,1,-9.1,0.42
4275,327,6.775,43.03,1,99.5,93.30000000000001,1406,192.3,75.3,21.17,-22.25,5.188,4.196,31.0,33.0,66.0,1485,1,-9.1,0.44
4276,327,6.775,43.01,1,99.5,93.30000000000001,1406,192.4,75.6,21.19,-22.25,5.188,4.196,32.0,33.0,66.0,1485,1,-9.1,0.43
4277,327,6.775,42.97,1,99.5,93.30000000000001,1406,192.4,75.6,21.18,-22.258,5.188,4.196,31.0,33.0,66.0,1485,1,-9.1,0.43
4278,327,6.75,42.96,1,99.5,93.30000000000001,1405,192.3,75.4,21.17,-22.258,5.188,4.196,32.0,33.1,66.0,1485,1,-9.1,0.43
4279,327,6.775,43.0,1,99.5,93.4,1405,192.3,75.3,21.13,-22.258,5.188,4.196,31.0,33.1,66.0,1485,1,-9.1,0.43
4280,327,6.775,43.01,1,99.5,93.30000000000001,1406,192.3,75.6,21.2,-22.25,5.188,4.196,31.0,33.1,66.0,1485,1,-9.1,0.42
4281,327,6.775,42.98,1,99.5,93.30000000000001,1405,192.3,75.4,21.22,-22.25,5.188,4.196,31.0,33.0,66.0,1485,1,-9.1,0.42
4282,327,6.775,42.94,1,99.5,93.30000000000001,1406,192.4,75.4,21.22,-22.25,5.188,4.196,32.0,33.1,66.0,1485,1,-9.1,0.42
4283,327,6.775,42.9,1,99.5,93.30000000000001,1406,192.4,75.4,21.23,-22.25,5.188,4.196,32.0,33.1,66.0,1485,1,-9.1,0.42
4284,327,6.775,43.01,1,99.5,93.30000000000001,1406,192.3,75.3,21.17,-22.25,5.188,4.196,31.0,33.1,66.0,1485,1,-9.1,0.43
4285,327,6.775,42.98,1,99.5,93.30000000000001,1406,192.4,75.4,21.15,-22.25,5.188,4.196,32.0,33.1,66.0,1485,1,-9.1,0.43
4286,327,6.775,42.98,1,99.5,93.30000000000001,1407,192.4,75.5,21.2,-22.242,5.188,4.196,32.0,33.1,66.0,1485,1,-9.1,0.42
4287,327,6.75,42.93,1,99.5,93.30000000000001,1406,192.4,75.5,21.18,-22.242,5.188,4.196,31.0,33.1,65.0,1484,1,-9.1,0.42
4288,327,6.75,42.97,1,99.5,93.30000000000001,1405,192.5,75.5,21.18,-22.242,5.188,4.196,32.0,33.0,65.0,1484,1,-9.1,0.41
4289,327,6.775,42.97,1,99.5,93.30000000000001,1405,192.5,75.5,21.2,-22.242,5.188,4.196,32.0,33.0,65.0,1484,1,-9.1,0.43
4290,327,6.75,43.04,1,99.5,93.30000000000001,1406,192.4,75.5,21.23,-22.25,5.188,4.196,32.0,33.0,65.0,1484,1,-9.1,0.42
4291,327,6.75,42.9,1,99.5,93.30000000000001,1406,192.4,75.4,21.23,-22.25,5.188,4.196,32.0,33.0,65.0,1484,1,-9.2,0.43
4292,327,6.75,42.97,1,99.5,93.30000000000001,1406,192.4,75.3,21.21,-22.258,5.188,4.196,31.0,33.0,65.0,1484,1,-9.1,0.42
4293,327,6.775,42.99,1,99.5,93.30000000000001,1406,192.3,75.3,21.22,-22.258,5.188,4.196,31.0,33.0,65.0,1484,1,-9.1,0.42
4294,327,6.75,42.94,1,99.5,93.30000000000001,1406,192.4,75.4,21.19,-22.258,5.188,4.196,31.0,33.0,65.0,1484,1,-9.1,0.43
4295,327,6.75,43.02,1,99.5,93.30000000000001,1406,192.4,75.4,21.21,-22.266,5.188,4.196,31.0,33.0,65.0,1484,1,-9.1,0.43
4296,327,6.75,42.97,1,99.5,93.30000000000001,1406,192.4,75.3,21.2,-22.273,5.184,4.196,31.0,33.0,65.0,1484,1,-9.1,0.43
4297,327,6.775,42.94,1,99.5,93.30000000000001,1407,192.4,75.3,21.21,-22.273,5.184,4.196,31.0,33.0,65.0,1484,1,-9.1,0.42
4298,327,6.75,42.95,1,99.5,93.30000000000001,1406,192.5,75.3,21.18,-22.281,5.184,4.196,31.0,33.0,65.0,1484,1,-9.1,0.43
4299,328,6.775,42.92,1,99.5,93.30000000000001,1406,192.5,75.4,21.19,-22.281,5.184,4.196,31.0,33.0,65.0,1484,1,-9.1,0.42
4300,328,6.75,42.96,1,99.5,93.30000000000001,1405,192.5,75.4,21.22,-22.281,5.184,4.196,31.0,33.0,65.0,1484,1,-9.2,0.43
4301,328,6.775,42.98,1,99.5,93.30000000000001,1405,192.4,75.4,21.19,-22.289,5.184,4.196,31.0,33.0,65.0,1484,1,-9.1,0.43
4302,328,6.775,43.02,1,99.5,93.30000000000001,1405,192.4,75.4,21.23,-22.281,5.184,4.196,31.0,33.0,65.0,1484,1,-9.1,0.43
4303,328,6.75,42.99,1,99.5,93.30000000000001,1406,192.4,75.4,21.22,-22.281,5.184,4.196,32.0,33.0,65.0,1484,1,-9.2,0.43
4304,328,6.75,42.91,1,99.5,93.30000000000001,1406,192.4,75.4,21.15,-22.289,5.184,4.196,31.0,33.0,65.0,1484,1,-9.1,0.43
4305,328,6.75,42.94,1,99.5,93.30000000000001,1406,192.3,75.5,21.18,-22.289,5.184,4.196,31.0,33.0,65.0,1484,1,-9.1,0.44
4306,328,6.775,43.05,1,99.5,93.30000000000001,1406,192.3,75.5,21.21,-22.297,5.184,4.196,31.0,33.0,65.0,1484,1,-9.1,0.43
4307,328,6.75,43.0,1,99.5,93.30000000000001,1406,192.3,75.4,21.2,-22.305,5.184,4.196,31.0,33.0,65.0,1484,1,-9.1,0.43
4308,328,6.75,43.0,1,99.5,93.4,1405,192.4,75.3,21.2,-22.312,5.184,4.196,31.0,33.0,65.0,1484,1,-9.1,0.43
4309,328,6.775,43.03,1,99.5,93.30000000000001,1405,192.4,75.4,21.21,-22.312,5.184,4.196,31.0,33.0,65.0,1484,1,-9.1,0.43
4310,328,6.775,42.97,1,99.5,93.30000000000001,1406,192.4,75.4,21.2,-22.32,5.184,4.196,31.0,33.0,65.0,1484,1,-9.2,0.43
4311,328,6.75,42.95,1,99.5,93.30000000000001,1406,192.4,75.5,21.21,-22.328,5.184,4.196,31.0,33.0,65.0,1484,1,-9.1,0.43
4312,328,6.775,42.99,1,99.5,93.30000000000001,1406,192.4,75.5,21.17,-22.336,5.184,4.196,32.0,33.0,65.0,1484,1,-9.2,0.42
4313,328,6.775,43.02,1,99.5,93.30000000000001,1406,192.3,75.4,21.22,-22.336,5.184,4.196,32.0,33.0,65.0,1483,1,-9.1,0.43
4314,328,6.775,42.98,1,99.5,93.30000000000001,1406,192.3,75.5,21.22,-22.336,5.184,4.196,31.0,33.0,65.0,1483,1,-9.2,0.43
4315,328,6.775,42.98,1,99.5,93.30000000000001,1406,192.2,75.3,21.18,-22.344,5.184,4.196,31.0,33.0,65.0,1483,1,-9.1,0.42
4316,328,6.75,43.02,1,99.5,93.30000000000001,1406,192.3,75.4,21.21,-22.352,5.184,4.196,32.0,33.0,65.0,1483,1,-9.2,0.42
4317,328,6.75,43.03,1,99.5,93.30000000000001,1406,192.3,75.4,21.22,-22.352,5.184,4.196,31.0,33.0,65.0,1483,1,-9.1,0.43
4318,328,6.75,42.97,1,99.6,93.30000000000001,1406,192.2,75.3,21.22,-22.359,5.184,4.196,32.0,33.0,65.0,1483,1,-9.1,0.43
4319,328,6.775,43.01,1,99.6,93.30000000000001,1407,192.1,75.2,21.25,-22.359,5.184,4.196,31.0,33.0,65.0,1483,1,-9.2,0.43
4320,328,6.75,43.01,1,99.6,93.30000000000001,1407,192.1,75.4,21.23,-22.367,5.184,4.196,31.0,33.0,65.0,1483,1,-9.1,0.43
4321,328,6.75,42.99,1,99.6,93.4,1406,192.1,75.5,21.19,-22.367,5.184,4.196,31.0,33.0,65.0,1483,1,-9.2,0.43
4322,328,6.75,42.96,1,99.6,93.30000000000001,1406,192.1,75.5,21.21,-22.367,5.184,4.196,31.0,33.0,65.0,1483,1,-9.1,0.43
4323,328,6.75,42.96,1,99.6,93.30000000000001,1406,192.0,75.4,21.23,-22.367,5.184,4.196,32.0,33.0,65.0,1483,1,-9.1,0.43
4324,328,6.775,42.99,1,99.6,93.30000000000001,1406,191.9,75.3,21.2,-22.375,5.184,4.196,32.0,33.0,65.0,1483,1,-9.1,0.43
4325,328,6.775,43.0,1,99.6,93.30000000000001,1406,191.8,75.3,21.25,-22.383,5.18,4.196,31.0,33.0,65.0,1483,1,-9.2,0.43
4326,328,6.775,42.98,1,99.6,93.30000000000001,1406,191.7,75.3,21.25,-22.383,5.18,4.196,31.0,33.0,65.0,1483,1,-9.2,0.42
4327,328,6.75,42.99,1,99.6,93.30000000000001,1406,191.7,75.3,21.23,-22.383,5.18,4.196,31.0,33.0,65.0,1483,1,-9.2,0.43
4328,328,6.75,43.02,1,99.6,93.30000000000001,1406,191.7,75.3,21.23,-22.398,5.184,4.196,32.0,33.0,65.0,1483,1,-9.1,0.42
4329,328,6.775,43.03,1,99.6,93.30000000000001,1406,191.7,75.3,21.18,-22.398,5.184,4.196,32.0,33.0,65.0,1483,1,-9.2,0.43
4330,328,6.775,43.01,1,99.6,93.4,1406,191.7,75.5,21.17,-22.398,5.184,4.196,31.0,33.0,65.0,1483,1,-9.2,0.43
4331,328,6.775,43.05,1,99.6,93.30000000000001,1406,191.8,75.2,21.21,-22.398,5.184,4.196,32.0,33.0,65.0,1483,1,-9.2,0.43
4332,328,6.775,43.0,1,99.6,93.30000000000001,1406,191.7,75.4,21.19,-22.406,5.184,4.196,32.0,33.0,65.0,1483,1,-9.2,0.43
4333,328,6.775,42.97,1,99.6,93.30000000000001,1407,191.7,75.5,21.24,-22.406,5.184,4.196,31.0,33.0,65.0,1483,1,-9.2,0.42
4334,328,6.775,43.06,1,99.6,93.4,1407,191.7,75.4,21.2,-22.406,5.184,4.196,31.0,33.0,65.0,1483,1,-9.1,0.42
4335,328,6.75,43.02,1,99.6,93.30000000000001,1406,191.6,75.3,21.21,-22.406,5.184,4.196,31.0,33.0,65.0,1483,1,-9.2,0.42
4336,328,6.75,43.05,1,99.6,93.30000000000001,1406,191.6,75.3,21.19,-22.414,5.184,4.196,31.0,33.0,65.0,1483,1,-9.2,0.42
4337,328,6.775,43.06,1,99.6,93.30000000000001,1406,191.6,75.4,21.19,-22.414,5.184,4.196,31.0,33.0,65.0,1483,1,-9.2,0.42
4338,328,6.775,43.03,1,99.6,93.4,1406,191.6,75.5,21.22,-22.414,5.184,4.196,32.0,33.0,65.0,1483,1,-9.2,0.44
4339,328,6.775,43.01,1,99.6,93.4,1406,191.6,75.6,21.17,-22.414,5.184,4.196,31.0,33.0,65.0,1482,1,-9.2,0.42
4340,328,6.775,42.98,1,99.6,93.30000000000001,1406,191.6,75.4,21.23,-22.414,5.184,4.196,31.0,33.0,65.0,1482,1,-9.1,0.42
4341,328,6.775,43.0,1,99.6,93.30000000000001,1406,191.6,75.4,21.19,-22.406,5.184,4.196,31.0,33.0,65.0,1482,1,-9.2,0.43
4342,329,6.75,43.01,1,99.6,93.30000000000001,1407,191.7,75.5,21.18,-22.406,5.184,4.196,31.0,33.0,65.0,1482,1,-9.2,0.42
4343,329,6.775,43.01,1,99.6,93.30000000000001,1407,191.6,75.4,21.21,-22.406,5.184,4.196,32.0,33.0,65.0,1482,1,-9.2,0.42
4344,329,6.775,42.99,1,99.6,93.30000000000001,1406,191.6,75.5,21.2,-22.406,5.184,4.196,32.0,33.0,65.0,1482,1,-9.2,0.43
4345,329,6.775,42.97,1,99.6,93.30000000000001,1406,191.6,75.5,21.2,-22.406,5.184,4.196,31.0,33.0,65.0,1482,1,-9.2,0.43
4346,329,6.775,43.0,1,99.6,93.30000000000001,1407,191.5,75.4,21.16,-22.406,5.184,4.196,31.0,33.0,65.0,1482,1,-9.2,0.42
4347,329,6.775,43.01,1,99.6,93.30000000000001,1407,191.5,75.4,21.18,-22.406,5.184,4.196,31.0,33.0,65.0,1482,1,-9.2,0.43
4348,329,6.75,43.04,1,99.6,93.4,1406,191.6,75.4,21.17,-22.406,5.184,4.196,31.0,33.0,65.0,1482,1,-9.2,0.43
4349,329,6.75,43.04,1,99.6,93.4,1406,191.7,75.4,21.17,-22.406,5.184,4.196,31.0,33.0,65.0,1482,1,-9.2,0.43
4350,329,6.75,42.97,1,99.6,93.30000000000001,1406,191.7,75.5,21.2,-22.406,5.184,4.196,31.0,33.0,65.0,1482,1,-9.2,0.43
4351,329,6.775,42.95,1,99.6,93.30000000000001,1406,191.7,75.4,21.21,-22.406,5.184,4.196,31.0,33.0,65.0,1482,1,-9.2,0.43
4352,329,6.775,42.98,1,99.6,93.30000000000001,1406,191.7,75.4,21.23,-22.406,5.184,4.196,31.0,33.0,65.0,1482,1,-9.2,0.43
4353,329,6.75,43.05,1,99.6,93.4,1406,191.8,75.6,21.23,-22.406,5.184,4.196,31.0,33.0,65.0,1482,1,-9.2,0.42
4354,329,6.75,43.07,1,99.6,93.30000000000001,1407,191.8,75.5,21.2,-22.406,5.184,4.196,31.0,33.0,65.0,1482,1,-9.2,0.42
4355,329,6.75,42.97,1,99.6,93.30000000000001,1407,191.8,75.4,21.18,-22.406,5.184,4.196,32.0,33.0,65.0,1482,1,-9.2,0.43
4356,329,6.75,42.96,1,99.6,93.30000000000001,1407,191.7,75.3,21.19,-22.406,5.184,4.196,31.0,33.0,65.0,1482,1,-9.2,0.43
4357,329,6.775,43.03,1,99.6,93.30000000000001,1406,191.7,75.4,21.23,-22.406,5.18,4.196,31.0,33.0,65.0,1482,1,-9.2,0.42
4358,329,6.75,43.0,1,99.6,93.4,1406,191.7,75.4,21.19,-22.414,5.184,4.196,31.0,33.0,65.0,1482,1,-9.2,0.44
4359,329,6.75,43.02,1,99.6,93.30000000000001,1406,191.7,75.4,21.19,-22.414,5.184,4.196,31.0,33.0,65.0,1482,1,-9.2,0.44
4360,329,6.75,43.05,1,99.6,93.4,1406,191.7,75.3,21.25,-22.422,5.184,4.196,31.0,33.0,65.0,1482,1,-9.2,0.43
4361,329,6.775,43.05,1,99.6,93.4,1407,191.6,75.3,21.18,-22.422,5.18,4.196,32.0,33.0,65.0,1482,1,-9.2,0.44
4362,329,6.775,42.99,1,99.6,93.30000000000001,1406,191.6,75.5,21.2,-22.422,5.18,4.196,31.0,33.0,65.0,1482,1,-9.2,0.42
4363,329,6.75,43.05,1,99.6,93.4,1407,191.6,75.4,21.23,-22.43,5.18,4.196,31.0,33.0,65.0,1482,1,-9.2,0.43
4364,329,6.775,43.06,1,99.6,93.4,1407,191.6,75.6,21.25,-22.43,5.18,4.196,31.0,33.0,65.0,1482,1,-9.2,0.43
4365,329,6.775,43.04,1,99.6,93.30000000000001,1406,191.6,75.5,21.22,-22.43,5.184,4.196,31.0,33.0,65.0,1482,1,-9.2,0.43
4366,329,6.775,43.01,1,99.6,93.30000000000001,1406,191.6,75.5,21.05,-22.43,5.18,4.196,31.0,33.0,65.0,1481,1,-9.2,0.43
4367,329,6.75,43.0,1,99.6,93.30000000000001,1406,191.6,75.4,20.79,-22.43,5.18,4.196,31.0,33.0,65.0,1481,1,-9.2,0.43
4368,329,6.75,42.95,1,99.5,93.30000000000001,1405,191.6,75.5,20.71,-22.43,5.18,4.196,32.0,33.0,65.0,1481,1,-9.2,0.42
4369,329,6.775,42.93,1,99.5,93.30000000000001,1405,191.6,75.5,20.79,-22.43,5.18,4.196,31.0,33.0,65.0,1481,1,-9.2,0.43
4370,329,6.75,42.95,1,99.5,93.30000000000001,1406,191.7,75.5,20.84,-22.43,5.18,4.196,31.0,33.0,65.0,1481,1,-9.2,0.43
4371,329,6.75,42.95,1,99.5,93.30000000000001,1406,191.7,75.5,20.78,-22.422,5.184,4.196,31.0,32.9,65.0,1481,1,-9.2,0.43
4372,330,6.75,42.94,1,99.5,93.30000000000001,1406,191.7,75.4,20.81,-22.422,5.184,4.196,32.0,33.0,65.0,1481,1,-9.2,0.43
4373,330,6.775,42.99,1,99.5,93.30000000000001,1406,191.7,75.4,20.76,-22.422,5.184,4.196,31.0,33.0,65.0,1481,1,-9.2,0.43
4374,330,6.775,42.91,1,99.5,93.30000000000001,1405,191.7,75.5,20.79,-22.414,5.184,4.196,32.0,33.0,65.0,1481,1,-9.2,0.42
4375,330,6.775,42.87,1,99.5,93.30000000000001,1405,191.8,75.4,20.74,-22.406,5.184,4.196,32.0,32.9,65.0,1481,1,-9.2,0.43
4376,330,6.75,42.95,1,99.5,93.30000000000001,1405,191.7,75.4,20.72,-22.406,5.184,4.196,31.0,32.9,65.0,1481,1,-9.2,0.42
4377,330,6.75,42.95,1,99.5,93.30000000000001,1405,191.8,75.3,20.77,-22.398,5.184,4.196,31.0,33.0,65.0,1481,1,-9.2,0.44
4378,330,6.75,42.93,1,99.5,93.30000000000001,1405,191.8,75.5,20.79,-22.398,5.184,4.196,32.0,33.0,65.0,1481,1,-9.2,0.43
4379,330,6.775,42.96,1,99.5,93.30000000000001,1404,191.7,75.4,20.75,-22.391,5.184,4.196,31.0,32.9,65.0,1481,1,-9.2,0.43
4380,330,6.775,42.91,1,99.5,93.30000000000001,1404,191.7,75.4,20.75,-22.391,5.184,4.196,31.0,32.9,65.0,1481,1,-9.2,0.43
4381,330,6.775,42.94,1,99.5,93.30000000000001,1404,191.6,75.4,20.75,-22.383,5.184,4.196,31.0,32.9,65.0,1481,1,-9.2,0.43
4382,330,6.775,42.96,1,99.5,93.30000000000001,1404,191.7,75.5,20.79,-22.383,5.188,4.196,31.0,32.9,65.0,1481,1,-9.2,0.43
4383,330,6.75,43.08,1,99.5,93.30000000000001,1405,191.6,75.4,20.85,-22.367,5.188,4.196,31.0,32.9,65.0,1481,1,-9.2,0.42
4384,330,6.75,43.0,1,99.5,93.30000000000001,1405,191.7,75.5,20.79,-22.367,5.188,4.196,31.0,32.9,65.0,1481,1,-9.2,0.42
4385,330,6.775,43.01,1,99.5,93.30000000000001,1406,191.8,75.4,20.82,-22.359,5.188,4.196,31.0,32.9,65.0,1481,1,-9.2,0.42
4386,330,6.775,42.9,1,99.5,93.30000000000001,1405,191.7,75.4,20.8,-22.359,5.188,4.195,31.0,32.9,65.0,1481,1,-9.2,0.42
4387,330,6.775,43.02,1,99.5,93.4,1405,191.6,75.5,20.75,-22.352,5.188,4.196,32.0,32.9,65.0,1481,1,-9.2,0.43
4388,330,6.775,43.05,1,99.5,93.30000000000001,1406,191.7,75.5,20.8,-22.344,5.188,4.196,31.0,32.9,65.0,1481,1,-9.2,0.43
4389,330,6.775,43.03,1,99.5,93.30000000000001,1406,191.7,75.4,20.81,-22.336,5.188,4.196,31.0,32.9,65.0,1481,1,-9.2,0.43
4390,330,6.775,42.93,1,99.5,93.30000000000001,1405,191.7,75.4,20.75,-22.32,5.188,4.196,31.0,32.9,65.0,1481,1,-9.2,0.43
4391,330,6.775,42.94,1,99.5,93.30000000000001,1405,191.7,75.4,20.83,-22.312,5.188,4.196,32.0,32.9,65.0,1481,1,-9.2,0.44
4392,330,6.75,43.0,1,99.5,93.30000000000001,1404,191.7,75.3,20.77,-22.312,5.188,4.196,31.0,32.9,65.0,1481,1,-9.2,0.43
4393,330,6.75,42.94,1,99.5,93.30000000000001,1404,191.7,75.4,20.79,-22.297,5.188,4.196,31.0,32.9,65.0,1481,1,-9.2,0.43
4394,330,6.775,42.84,1,99.4,93.30000000000001,1405,191.7,75.5,20.82,-22.297,5.188,4.196,31.0,32.9,65.0,1480,1,-9.2,0.42
4395,330,6.775,42.88,1,99.5,93.30000000000001,1405,191.8,75.4,20.78,-22.289,5.188,4.196,31.0,32.9,65.0,1480,1,-9.2,0.43
4396,330,6.775,42.9,1,99.5,93.30000000000001,1404,191.8,75.4,20.75,-22.289,5.188,4.196,31.0,32.9,65.0,1480,1,-9.2,0.43
4397,330,6.775,42.93,1,99.4,93.30000000000001,1405,191.8,75.4,20.75,-22.289,5.188,4.196,31.0,32.9,65.0,1480,1,-9.2,0.42
4398,330,6.75,42.99,1,99.4,93.30000000000001,1405,191.8,75.4,20.78,-22.289,5.188,4.196,31.0,32.9,65.0,1480,1,-9.2,0.43
4399,330,6.75,42.96,1,99.4,93.30000000000001,1405,191.8,75.3,20.81,-22.281,5.188,4.196,31.0,32.9,65.0,1480,1,-9.2,0.43
4400,330,6.75,42.97,1,99.4,93.30000000000001,1405,191.8,75.4,20.77,-22.281,5.188,4.196,31.0,32.9,65.0,1480,1,-9.2,0.43
4401,330,6.75,42.92,1,99.4,93.30000000000001,1406,191.8,75.5,20.8,-22.289,5.188,4.196,31.0,32.9,65.0,1480,1,-9.2,0.43
4402,330,6.75,42.85,1,99.4,93.30000000000001,1406,191.8,75.5,20.77,-22.289,5.188,4.196,31.0,32.9,65.0,1480,1,-9.2,0.42
4403,330,6.75,42.92,1,99.4,93.30000000000001,1406,191.8,75.3,21.11,-22.289,5.188,4.196,31.0,32.9,65.0,1480,1,-9.2,0.42
4404,330,6.75,42.97,1,99.5,93.30000000000001,1405,191.7,75.5,21.39,-22.289,5.188,4.196,31.0,32.9,65.0,1480,1,-9.2,0.43
4405,330,6.775,43.0,1,99.5,93.4,1406,191.8,75.4,21.41,-22.281,5.188,4.196,32.0,32.9,65.0,1480,1,-9.2,0.43
4406,330,6.775,42.94,1,99.5,93.30000000000001,1406,191.9,75.4,21.44,-22.281,5.188,4.196,31.0,32.9,65.0,1480,1,-9.2,0.43
4407,330,6.775,42.96,1,99.5,93.30000000000001,1406,191.8,75.4,21.39,-22.273,5.188,4.196,31.0,32.9,65.0,1480,1,-9.2,0.44
4408,330,6.75,43.06,1,99.5,93.30000000000001,1406,191.8,75.4,21.41,-22.273,5.188,4.196,31.0,32.9,65.0,1480,1,-9.2,0.42
4409,330,6.75,42.91,1,99.5,93.30000000000001,1406,191.8,75.4,21.39,-22.273,5.188,4.196,32.0,32.9,65.0,1480,1,-9.2,0.43
4410,330,6.75,42.94,1,99.5,93.4,1406,191.8,75.5,21.47,-22.273,5.188,4.196,32.0,32.9,65.0,1480,1,-9.2,0.43
4411,330,6.75,42.88,1,99.5,93.30000000000001,1406,191.8,75.4,21.45,-22.273,5.188,4.196,31.0,32.9,65.0,1480,1,-9.2,0.43
4412,330,6.775,42.97,1,99.5,93.30000000000001,1406,191.8,75.6,21.45,-22.273,5.188,4.196,31.0,32.9,65.0,1480,1,-9.2,0.43
4413,330,6.775,43.03,1,99.5,93.30000000000001,1406,191.8,75.5,21.46,-22.273,5.188,4.196,31.0,32.9,65.0,1480,1,-9.2,0.43
4414,330,6.775,42.97,1,99.5,93.30000000000001,1407,191.8,75.4,21.39,-22.273,5.184,4.196,31.0,32.9,65.0,1480,1,-9.2,0.42
4415,330,6.775,42.97,1,99.5,93.30000000000001,1406,191.8,75.4,21.44,-22.273,5.184,4.196,31.0,32.9,65.0,1480,1,-9.2,0.43
4416,330,6.75,42.9,1,99.5,93.30000000000001,1406,191.8,75.4,21.41,-22.273,5.188,4.196,31.0,32.9,65.0,1480,1,-9.2,0.44
4417,330,6.75,42.89,1,99.5,93.30000000000001,1406,191.8,75.5,21.42,-22.266,5.188,4.196,31.0,32.9,65.0,1480,1,-9.2,0.44
4418,330,6.75,42.9,1,99.5,93.30000000000001,1406,191.8,75.5,21.42,-22.266,5.188,4.196,31.0,32.9,65.0,1480,1,-9.2,0.43
4419,330,6.775,42.95,1,99.5,93.4,1406,191.8,75.6,21.44,-22.266,5.188,4.196,31.0,32.9,65.0,1480,1,-9.3,0.43
4420,330,6.775,42.93,1,99.5,93.30000000000001,1406,191.8,75.5,21.44,-22.266,5.184,4.196,32.0,32.9,65.0,1480,1,-9.2,0.43
4421,330,6.775,42.87,1,99.5,93.30000000000001,1406,191.8,75.5,21.45,-22.266,5.184,4.196,31.0,32.9,65.0,1480,1,-9.2,0.41
4422,330,6.775,42.98,1,99.5,93.30000000000001,1406,191.9,75.4,21.46,-22.266,5.184,4.196,31.0,32.9,65.0,1479,1,-9.3,0.42
4423,330,6.775,42.96,1,99.5,93.30000000000001,1406,191.9,75.5,21.46,-22.258,5.184,4.196,31.0,32.9,65.0,1479,1,-9.2,0.42
4424,330,6.775,43.0,1,99.5,93.30000000000001,1406,191.9,75.4,21.45,-22.258,5.184,4.196,31.0,33.0,65.0,1479,1,-9.3,0.42
4425,330,6.775,42.97,1,99.5,93.30000000000001,1406,191.9,75.5,21.46,-22.258,5.184,4.196,31.0,32.9,65.0,1479,1,-9.3,0.42
4426,330,6.775,42.98,1,99.5,93.4,1406,191.9,75.4,21.47,-22.258,5.184,4.196,31.0,33.0,65.0,1479,1,-9.2,0.42
4427,330,6.775,42.87,1,99.5,93.30000000000001,1406,191.9,75.4,21.45,-22.258,5.184,4.196,32.0,33.0,65.0,1479,1,-9.3,0.43
4428,330,6.775,42.93,1,99.5,93.30000000000001,1407,191.9,75.4,21.48,-22.25,5.184,4.196,31.0,33.0,65.0,1479,1,-9.3,0.43
4429,330,6.775,42.91,1,99.4,93.30000000000001,1406,191.9,75.5,21.48,-22.25,5.188,4.196,31.0,33.0,65.0,1479,1,-9.2,0.42
4430,331,6.775,42.93,1,99.5,93.30000000000001,1406,191.9,75.5,21.48,-22.25,5.184,4.196,31.0,33.0,65.0,1479,1,-9.2,0.43
4431,331,6.775,42.94,1,99.5,93.30000000000001,1406,191.9,75.5,21.45,-22.25,5.184,4.196,31.0,33.0,65.0,1479,1,-9.3,0.43
4432,331,6.775,42.98,1,99.5,93.4,1406,191.9,75.6,21.49,-22.25,5.188,4.196,32.0,33.0,65.0,1479,1,-9.3,0.42
4433,331,6.75,42.93,1,99.5,93.30000000000001,1405,192.0,75.4,21.45,-22.25,5.188,4.196,31.0,33.0,65.0,1479,1,-9.3,0.42
4434,331,6.75,42.93,1,99.5,93.30000000000001,1405,192.0,75.3,21.41,-22.242,5.188,4.196,32.0,33.0,65.0,1479,1,-9.3,0.43
4435,331,6.75,42.92,1,99.5,93.30000000000001,1405,192.1,75.5,20.98,-22.242,5.188,4.196,31.0,33.0,65.0,1479,1,-9.3,0.42
4436,331,6.775,42.97,1,99.5,93.30000000000001,1405,192.1,75.4,20.89,-22.242,5.188,4.196,31.0,33.0,65.0,1479,1,-9.2,0.42
4437,331,6.775,42.95,1,99.5,93.30000000000001,1406,192.0,75.4,20.94,-22.242,5.188,4.196,32.0,33.0,65.0,1479,1,-9.3,0.42
4438,331,6.775,42.97,1,99.5,93.4,1405,192.0,75.4,20.9,-22.242,5.188,4.196,32.0,33.0,65.0,1479,1,-9.3,0.42
4439,331,6.775,42.96,1,99.5,93.30000000000001,1405,192.0,75.3,20.91,-22.242,5.188,4.196,32.0,33.0,65.0,1479,1,-9.3,0.42
4440,331,6.775,42.95,1,99.5,93.30000000000001,1405,192.0,75.3,20.92,-22.234,5.188,4.196,31.0,33.0,65.0,1479,1,-9.3,0.42
4441,331,6.775,42.89,1,99.5,93.30000000000001,1405,192.0,75.4,20.84,-22.227,5.188,4.196,31.0,33.0,65.0,1479,1,-9.3,0.41
4442,331,6.775,42.95,1,99.5,93.30000000000001,1405,191.9,75.3,20.89,-22.219,5.188,4.196,32.0,33.0,65.0,1479,1,-9.3,0.42
4443,331,6.775,42.94,1,99.5,93.30000000000001,1405,191.9,75.4,20.95,-22.219,5.188,4.196,31.0,33.0,65.0,1479,1,-9.3,0.42
4444,331,6.75,42.96,1,99.5,93.30000000000001,1405,191.9,75.3,20.89,-22.211,5.188,4.196,31.0,33.0,65.0,1479,1,-9.2,0.42
4445,331,6.75,42.95,1,99.5,93.30000000000001,1405,192.0,75.2,20.89,-22.211,5.188,4.196,32.0,33.0,65.0,1479,1,-9.3,0.42
4446,331,6.775,42.95,1,99.5,93.30000000000001,1405,192.0,75.5,20.89,-22.211,5.188,4.196,31.0,33.0,65.0,1479,1,-9.3,0.41
4447,331,6.75,42.93,1,99.4,93.30000000000001,1405,191.9,75.4,20.92,-22.203,5.188,4.196,32.0,33.0,65.0,1479,1,-9.3,0.42
4448,331,6.75,42.9,1,99.5,93.30000000000001,1405,191.9,75.4,20.91,-22.203,5.188,4.195,31.0,33.0,65.0,1479,1,-9.3,0.42
4449,331,6.75,42.92,1,99.4,93.30000000000001,1405,191.9,75.5,20.91,-22.211,5.188,4.196,32.0,33.0,65.0,1479,1,-9.3,0.42
4450,331,6.75,42.95,1,99.5,93.30000000000001,1405,191.9,75.5,20.89,-22.203,5.188,4.196,31.0,33.0,65.0,1479,1,-9.3,0.42
4451,331,6.75,42.96,1,99.5,93.30000000000001,1406,192.0,75.5,20.89,-22.203,5.188,4.196,31.0,33.0,65.0,1478,1,-9.3,0.42
4452,331,6.775,42.91,1,99.5,93.30000000000001,1405,191.9,75.5,20.92,-22.195,5.188,4.196,31.0,33.0,65.0,1478,1,-9.3,0.42
4453,331,6.75,42.91,1,99.5,93.30000000000001,1405,191.9,75.5,20.91,-22.195,5.188,4.196,32.0,33.0,65.0,1478,1,-9.3,0.42
4454,331,6.75,42.9,1,99.5,93.30000000000001,1405,191.9,75.4,20.89,-22.188,5.188,4.196,31.0,33.0,65.0,1478,1,-9.3,0.42
4455,331,6.75,42.9,1,99.4,93.30000000000001,1405,191.9,75.5,20.89,-22.188,5.188,4.196,32.0,33.0,65.0,1478,1,-9.3,0.43
4456,331,6.775,42.92,1,99.5,93.30000000000001,1405,191.9,75.5,20.87,-22.18,5.188,4.196,32.0,33.0,65.0,1478,1,-9.3,0.42
4457,331,6.775,43.09,1,99.5,93.4,1404,191.8,75.5,20.95,-22.18,5.188,4.196,31.0,33.0,65.0,1478,1,-9.3,0.41
4458,331,6.775,42.92,1,99.5,93.30000000000001,1404,191.9,75.4,20.91,-22.18,5.188,4.196,31.0,33.0,65.0,1478,1,-9.3,0.42
4459,331,6.775,42.94,1,99.5,93.30000000000001,1405,191.9,75.3,20.91,-22.188,5.188,4.196,31.0,33.0,65.0,1478,1,-9.3,0.43
4460,331,6.775,42.94,1,99.5,93.30000000000001,1405,191.9,75.3,20.89,-22.188,5.188,4.196,32.0,33.0,65.0,1478,1,-9.3,0.42
4461,331,6.75,42.91,1,99.5,93.30000000000001,1404,191.9,75.4,20.93,-22.188,5.188,4.196,31.0,33.0,65.0,1478,1,-9.3,0.41
4462,331,6.75,43.0,1,99.5,93.30000000000001,1405,191.9,75.4,20.89,-22.188,5.188,4.196,32.0,33.0,65.0,1478,1,-9.3,0.42
4463,331,6.775,42.94,1,99.4,93.30000000000001,1406,191.9,75.4,20.91,-22.188,5.188,4.196,32.0,33.0,65.0,1478,1,-9.3,0.41
4464,331,6.775,42.93,1,99.5,93.30000000000001,1406,191.9,75.3,20.93,-22.188,5.188,4.196,31.0,33.0,65.0,1478,1,-9.3,0.41
4465,331,6.75,42.98,1,99.5,93.4,1406,191.9,75.3,20.95,-22.188,5.188,4.196,31.0,33.0,65.0,1478,1,-9.3,0.43
4466,331,6.75,42.94,1,99.5,93.30000000000001,1406,191.8,75.4,20.94,-22.188,5.188,4.195,32.0,33.0,65.0,1478,1,-9.3,0.43
4467,331,6.75,42.95,1,99.5,93.30000000000001,1405,191.8,75.5,20.9,-22.188,5.188,4.196,32.0,33.0,65.0,1478,1,-9.3,0.42
4468,331,6.775,42.91,1,99.5,93.30000000000001,1405,191.8,75.4,20.92,-22.188,5.188,4.196,32.0,33.0,65.0,1478,1,-9.3,0.42
4469,331,6.775,42.92,1,99.5,93.30000000000001,1405,191.8,75.4,20.93,-22.188,5.188,4.196,31.0,33.0,65.0,1478,1,-9.3,0.42
4470,331,6.775,42.91,1,99.5,93.30000000000001,1405,191.8,75.5,20.91,-22.188,5.188,4.196,31.0,33.0,65.0,1478,1,-9.3,0.42
4471,331,6.75,42.94,1,99.5,93.30000000000001,1404,191.8,75.3,20.93,-22.195,5.188,4.196,32.0,33.0,65.0,1478,1,-9.3,0.42
4472,331,6.75,42.89,1,99.4,93.30000000000001,1404,191.8,75.3,20.87,-22.195,5.188,4.195,32.0,33.0,65.0,1478,1,-9.3,0.42
4473,331,6.775,42.95,1,99.5,93.30000000000001,1405,191.9,75.5,20.88,-22.195,5.188,4.196,31.0,33.0,65.0,1478,1,-9.3,0.42
4474,331,6.775,42.94,1,99.5,93.30000000000001,1404,191.8,75.4,20.93,-22.195,5.188,4.196,32.0,33.0,65.0,1478,1,-9.3,0.42
4475,331,6.775,42.93,1,99.5,93.30000000000001,1405,191.8,75.3,20.91,-22.195,5.188,4.195,31.0,33.0,65.0,1478,1,-9.3,0.42
4476,331,6.775,43.0,1,99.5,93.30000000000001,1405,191.9,75.6,20.91,-22.195,5.188,4.196,31.0,33.0,65.0,1478,1,-9.3,0.42
4477,331,6.75,42.95,1,99.5,93.30000000000001,1405,191.9,75.5,20.91,-22.195,5.188,4.196,31.0,33.0,65.0,1478,1,-9.3,0.42
4478,331,6.775,42.93,1,99.5,93.30000000000001,1405,191.9,75.5,20.96,-22.188,5.188,4.196,31.0,33.0,65.0,1477,1,-9.3,0.42
4479,331,6.775,42.96,1,99.5,93.30000000000001,1405,191.9,75.4,20.91,-22.18,5.188,4.196,31.0,33.0,65.0,1477,1,-9.3,0.43
4480,331,6.775,42.95,1,99.4,93.30000000000001,1405,191.9,75.3,20.91,-22.18,5.188,4.196,31.0,33.0,65.0,1477,1,-9.3,0.43
4481,331,6.775,42.92,1,99.5,93.30000000000001,1405,191.9,75.2,20.9,-22.18,5.188,4.196,32.0,33.0,65.0,1477,1,-9.3,0.44
4482,331,6.775,42.93,1,99.5,93.30000000000001,1406,192.0,75.3,20.9,-22.172,5.188,4.196,31.0,33.0,65.0,1477,1,-9.3,0.43
4483,331,6.775,42.96,1,99.5,93.30000000000001,1406,192.0,75.3,20.9,-22.172,5.188,4.196,32.0,33.0,65.0,1477,1,-9.3,0.42
4484,331,6.75,42.9,1,99.5,93.30000000000001,1406,191.9,75.3,20.92,-22.18,5.188,4.196,31.0,33.0,65.0,1477,1,-9.3,0.42
4485,332,6.75,42.84,1,99.4,93.30000000000001,1405,191.9,75.3,20.91,-22.18,5.188,4.196,32.0,33.0,65.0,1477,1,-9.3,0.43
4486,332,6.775,42.86,1,99.4,93.30000000000001,1405,191.9,75.4,20.87,-22.18,5.188,4.196,32.0,33.0,65.0,1477,1,-9.3,0.43
4487,332,6.775,42.86,1,99.4,93.30000000000001,1406,191.9,75.4,20.91,-22.18,5.188,4.196,32.0,33.0,65.0,1477,1,-9.3,0.42
4488,332,6.775,42.9,1,99.4,93.30000000000001,1406,192.0,75.4,20.92,-22.18,5.188,4.196,31.0,33.0,65.0,1477,1,-9.3,0.42
4489,332,6.775,42.88,1,99.5,93.30000000000001,1406,192.0,75.4,20.88,-22.18,5.188,4.195,31.0,33.0,65.0,1477,1,-9.3,0.42
4490,332,6.75,42.92,1,99.5,93.30000000000001,1406,191.9,75.4,20.9,-22.18,5.188,4.195,31.0,33.0,65.0,1477,1,-9.3,0.42
4491,332,6.775,43.0,1,99.5,93.30000000000001,1406,191.9,75.4,20.91,-22.18,5.188,4.196,31.0,33.0,65.0,1477,1,-9.3,0.42
4492,332,6.775,42.92,1,99.4,93.30000000000001,1406,191.9,75.5,21.34,-22.172,5.191,4.196,32.0,33.0,65.0,1477,1,-9.3,0.43
4493,332,6.775,42.89,1,99.5,93.30000000000001,1407,192.0,75.4,21.4,-22.164,5.191,4.196,31.0,33.0,65.0,1477,1,-9.3,0.42
4494,332,6.75,42.96,1,99.4,93.30000000000001,1407,192.0,75.3,21.41,-22.164,5.191,4.196,31.0,33.1,65.0,1477,1,-9.3,0.42
4495,332,6.75,42.9,1,99.5,93.30000000000001,1406,192.0,75.3,21.41,-22.156,5.191,4.196,31.0,33.0,65.0,1477,1,-9.3,0.42
4496,332,6.75,42.9,1,99.5,93.30000000000001,1406,192.0,75.5,21.41,-22.148,5.191,4.196,32.0,33.0,65.0,1477,1,-9.3,0.42
4497,332,6.75,42.94,1,99.5,93.30000000000001,1405,192.0,75.4,21.45,-22.141,5.191,4.196,32.0,33.0,65.0,1477,1,-9.3,0.42
4498,332,6.775,42.92,1,99.4,93.30000000000001,1406,192.0,75.4,21.42,-22.141,5.191,4.196,32.0,33.0,65.0,1477,1,-9.3,0.42
4499,332,6.775,42.87,1,99.4,93.30000000000001,1406,192.0,75.4,21.41,-22.133,5.191,4.196,32.0,33.1,65.0,1477,1,-9.3,0.43
4500,332,6.775,42.9,1,99.4,93.30000000000001,1406,192.0,75.4,21.42,-22.125,5.191,4.196,32.0,33.0,65.0,1477,1,-9.3,0.42
4501,332,6.775,42.93,1,99.4,93.30000000000001,1406,192.0,75.5,21.41,-22.133,5.191,4.196,32.0,33.0,65.0,1477,1,-9.3,0.42
4502,332,6.75,42.88,1,99.4,93.30000000000001,1405,192.0,75.3,21.44,-22.125,5.191,4.196,32.0,33.0,65.0,1477,1,-9.3,0.41
4503,332,6.75,42.92,1,99.4,93.30000000000001,1405,192.1,75.4,21.46,-22.117,5.191,4.196,32.0,33.1,65.0,1477,1,-9.3,0.42
4504,332,6.75,42.99,1,99.5,93.30000000000001,1405,192.0,75.3,21.42,-22.117,5.191,4.196,32.0,33.1,65.0,1477,1,-9.3,0.42
4505,332,6.775,42.87,1,99.4,93.30000000000001,1405,192.0,75.4,21.48,-22.117,5.191,4.196,32.0,33.1,65.0,1477,1,-9.3,0.42
4506,332,6.775,42.91,1,99.5,93.30000000000001,1405,192.0,75.4,21.45,-22.109,5.191,4.196,32.0,33.0,65.0,1476,1,-9.3,0.43
4507,332,6.75,42.93,1,99.4,93.30000000000001,1405,192.1,75.4,21.43,-22.117,5.191,4.196,31.0,33.0,65.0,1476,1,-9.3,0.42
4508,332,6.75,42.92,1,99.5,93.30000000000001,1405,192.2,75.4,21.45,-22.109,5.191,4.195,32.0,33.0,65.0,1476,1,-9.3,0.42
4509,332,6.775,42.92,1,99.4,93.30000000000001,1405,192.2,75.5,21.46,-22.109,5.191,4.196,32.0,33.1,65.0,1476,1,-9.3,0.41
4510,332,6.775,42.83,1,99.4,93.30000000000001,1404,192.1,75.4,21.45,-22.102,5.191,4.196,31.0,33.1,65.0,1476,1,-9.3,0.41
4511,332,6.775,42.89,1,99.4,93.30000000000001,1404,192.2,75.4,21.46,-22.094,5.191,4.196,32.0,33.1,65.0,1476,1,-9.3,0.42
4512,332,6.775,42.85,1,99.4,93.30000000000001,1404,192.1,75.4,21.41,-22.078,5.191,4.196,32.0,33.1,65.0,1476,1,-9.3,0.43
4513,332,6.75,42.84,1,99.4,93.30000000000001,1405,192.1,75.3,21.43,-22.07,5.191,4.196,32.0,33.1,65.0,1476,1,-9.3,0.42
4514,332,6.75,42.93,1,99.4,93.30000000000001,1405,192.1,75.4,21.5,-22.062,5.191,4.196,32.0,33.0,65.0,1476,1,-9.3,0.42
4515,332,6.75,42.86,1,99.4,93.30000000000001,1404,192.1,75.2,21.41,-22.062,5.191,4.196,32.0,33.0,65.0,1476,1,-9.3,0.42
4516,332,6.75,42.83,1,99.4,93.30000000000001,1404,192.1,75.4,21.46,-22.07,5.191,4.196,32.0,33.0,65.0,1476,1,-9.3,0.42
4517,332,6.775,42.92,1,99.4,93.30000000000001,1404,192.1,75.4,21.45,-22.062,5.191,4.196,32.0,33.0,65.0,1476,1,-9.3,0.42
4518,332,6.775,42.9,1,99.4,93.30000000000001,1404,192.1,75.4,21.44,-22.07,5.188,4.196,32.0,33.0,65.0,1476,1,-9.3,0.42
4519,332,6.775,42.93,1,99.4,93.30000000000001,1404,192.1,75.4,21.46,-22.078,5.188,4.195,31.0,33.0,65.0,1476,1,-9.3,0.42
4520,332,6.775,42.92,1,99.4,93.30000000000001,1404,192.1,75.4,21.46,-22.086,5.188,4.195,32.0,33.0,65.0,1476,1,-9.3,0.41
4521,332,6.775,42.84,1,99.4,93.30000000000001,1404,192.1,75.4,21.48,-22.102,5.188,4.196,31.0,33.0,65.0,1476,1,-9.3,0.42
4522,332,6.775,42.88,1,99.4,93.30000000000001,1404,192.1,75.3,21.46,-22.102,5.188,4.196,32.0,33.0,65.0,1476,1,-9.3,0.42
4523,332,6.775,42.86,1,99.4,93.30000000000001,1405,192.2,75.2,21.43,-22.102,5.188,4.196,32.0,33.0,65.0,1476,1,-9.3,0.43
4524,332,6.75,42.92,1,99.4,93.30000000000001,1405,192.1,75.3,21.29,-22.102,5.188,4.196,32.0,33.0,65.0,1476,1,-9.3,0.43
4525,332,6.75,42.93,1,99.4,93.30000000000001,1405,192.0,75.2,20.93,-22.102,5.188,4.196,32.0,33.0,65.0,1476,1,-9.3,0.41
4526,332,6.75,42.91,1,99.4,93.30000000000001,1405,192.0,75.4,20.91,-22.117,5.188,4.196,32.0,33.0,65.0,1476,1,-9.3,0.42
4527,332,6.75,42.88,1,99.4,93.30000000000001,1405,192.1,75.3,20.9,-22.117,5.188,4.196,31.0,33.0,65.0,1476,1,-9.3,0.42
4528,332,6.75,43.03,1,99.4,93.30000000000001,1404,192.1,75.4,20.88,-22.125,5.184,4.195,31.0,33.0,65.0,1476,1,-9.3,0.43
4529,332,6.775,42.86,1,99.4,93.30000000000001,1403,192.1,75.4,20.89,-22.125,5.188,4.196,31.0,33.0,65.0,1476,1,-9.3,0.43
4530,332,6.75,42.82,1,99.4,93.30000000000001,1403,192.2,75.4,20.94,-22.133,5.184,4.196,32.0,33.0,65.0,1476,1,-9.3,0.42
4531,332,6.75,42.79,1,99.4,93.30000000000001,1404,192.2,75.4,20.91,-22.133,5.184,4.196,32.0,33.0,65.0,1476,1,-9.3,0.42
4532,332,6.75,42.85,1,99.4,93.30000000000001,1404,192.2,75.4,20.87,-22.141,5.184,4.196,32.0,33.0,65.0,1476,1,-9.3,0.41
4533,332,6.75,42.84,1,99.4,93.30000000000001,1405,192.1,75.3,20.95,-22.141,5.184,4.196,32.0,33.0,65.0,1476,1,-9.3,0.42
4534,332,6.75,42.86,1,99.4,93.30000000000001,1405,192.1,75.3,20.95,-22.148,5.184,4.196,31.0,33.0,65.0,1476,1,-9.3,0.41
4535,332,6.75,42.89,1,99.4,93.30000000000001,1405,192.0,75.4,20.91,-22.148,5.184,4.196,32.0,33.0,65.0,1475,1,-9.3,0.42
4536,332,6.75,42.88,1,99.4,93.30000000000001,1405,192.0,75.4,20.9,-22.148,5.184,4.196,31.0,33.0,65.0,1475,1,-9.3,0.42
4537,332,6.775,43.01,1,99.4,93.30000000000001,1405,191.9,75.2,20.88,-22.148,5.184,4.196,31.0,33.0,65.0,1475,1,-9.3,0.41
4538,332,6.775,42.88,1,99.4,93.30000000000001,1405,191.9,75.4,20.9,-22.156,5.184,4.196,31.0,33.0,65.0,1475,1,-9.3,0.41
4539,332,6.775,42.84,1,99.4,93.30000000000001,1405,191.9,75.3,20.89,-22.148,5.184,4.196,31.0,33.0,65.0,1475,1,-9.3,0.42
4540,332,6.75,42.88,1,99.4,93.30000000000001,1405,191.9,75.5,20.91,-22.156,5.184,4.196,32.0,33.0,65.0,1475,1,-9.3,0.42
4541,332,6.75,42.87,1,99.4,93.30000000000001,1405,191.9,75.4,20.89,-22.156,5.184,4.196,32.0,33.0,65.0,1475,1,-9.3,0.42
4542,332,6.75,43.05,1,99.4,93.30000000000001,1405,191.8,75.4,20.88,-22.156,5.184,4.196,32.0,33.0,65.0,1475,1,-9.3,0.41
4543,332,6.775,42.84,1,99.4,93.30000000000001,1405,191.7,75.2,20.85,-22.156,5.184,4.196,31.0,33.0,65.0,1475,1,-9.3,0.42
4544,332,6.775,42.84,1,99.4,93.30000000000001,1406,191.8,75.4,20.89,-22.156,5.184,4.195,32.0,33.0,65.0,1475,1,-9.3,0.41
4545,332,6.775,42.89,1,99.4,93.30000000000001,1406,191.7,75.4,20.91,-22.156,5.184,4.196,32.0,33.0,65.0,1475,1,-9.3,0.42
4546,332,6.75,42.94,1,99.5,93.30000000000001,1406,191.7,75.4,20.91,-22.164,5.184,4.196,32.0,33.0,65.0,1475,1,-9.3,0.41
4547,332,6.75,42.91,1,99.4,93.30000000000001,1406,191.7,75.4,20.94,-22.172,5.184,4.196,32.0,33.0,65.0,1475,1,-9.3,0.41
4548,332,6.775,42.95,1,99.4,93.30000000000001,1405,191.6,75.4,20.9,-22.172,5.184,4.196,31.0,33.0,65.0,1475,1,-9.3,0.41
4549,332,6.775,42.88,1,99.4,93.30000000000001,1405,191.6,75.3,20.92,-22.18,5.184,4.196,31.0,33.0,65.0,1475,1,-9.3,0.41
4550,332,6.75,43.02,1,99.5,93.30000000000001,1405,191.6,75.4,20.95,-22.195,5.184,4.196,32.0,33.0,65.0,1475,1,-9.3,0.41
4551,332,6.75,42.95,1,99.5,93.30000000000001,1405,191.6,75.5,20.95,-22.203,5.184,4.196,32.0,33.0,65.0,1475,1,-9.3,0.42
4552,332,6.75,42.94,1,99.5,93.30000000000001,1405,191.7,75.4,20.91,-22.211,5.184,4.196,31.0,33.0,65.0,1475,1,-9.3,0.41
4553,332,6.75,42.93,1,99.5,93.30000000000001,1405,191.6,75.3,20.9,-22.219,5.18,4.196,32.0,33.0,65.0,1475,1,-9.3,0.41
4554,332,6.775,42.95,1,99.5,93.30000000000001,1405,191.6,75.4,20.9,-22.219,5.184,4.196,31.0,33.0,65.0,1475,1,-9.3,0.42
4555,332,6.775,42.9,1,99.5,93.30000000000001,1405,191.6,75.5,20.89,-22.227,5.184,4.196,32.0,33.0,65.0,1475,1,-9.3,0.42
4556,332,6.75,42.92,1,99.5,93.30000000000001,1405,191.6,75.4,20.88,-22.234,5.18,4.196,31.0,33.0,65.0,1475,1,-9.3,0.41
4557,332,6.75,42.91,1,99.5,93.30000000000001,1405,191.6,75.3,20.89,-22.242,5.18,4.196,32.0,33.0,65.0,1475,1,-9.3,0.41
4558,332,6.75,42.92,1,99.5,93.30000000000001,1404,191.6,75.4,20.9,-22.25,5.18,4.196,31.0,33.0,65.0,1475,1,-9.3,0.42
4559,332,6.775,42.83,1,99.5,93.30000000000001,1404,191.6,75.5,20.89,-22.25,5.18,4.196,32.0,33.0,65.0,1475,1,-9.3,0.41
4560,332,6.775,42.9,1,99.4,93.30000000000001,1404,191.6,75.4,20.96,-22.258,5.18,4.196,32.0,33.0,65.0,1475,1,-9.3,0.42
4561,332,6.775,42.93,1,99.5,93.30000000000001,1404,191.6,75.5,20.94,-22.258,5.18,4.195,31.0,33.0,65.0,1475,1,-9.3,0.42
4562,332,6.775,42.94,1,99.5,93.30000000000001,1404,191.5,75.4,20.93,-22.258,5.184,4.196,32.0,33.0,65.0,1475,1,-9.3,0.41
4563,332,6.775,42.95,1,99.5,93.30000000000001,1405,191.5,75.5,20.9,-22.258,5.184,4.195,32.0,33.0,65.0,1475,1,-9.3,0.43
4564,332,6.775,43.03,1,99.5,93.30000000000001,1406,191.6,75.4,20.93,-22.266,5.184,4.196,32.0,33.0,65.0,1475,1,-9.3,0.42
4565,332,6.775,42.96,1,99.5,93.4,1406,191.5,75.3,20.92,-22.266,5.184,4.195,31.0,33.0,65.0,1474,1,-9.3,0.41
4566,332,6.775,42.93,1,99.5,93.30000000000001,1406,191.5,75.4,20.92,-22.266,5.184,4.196,32.0,33.0,65.0,1474,1,-9.3,0.41
4567,332,6.75,42.94,1,99.5,93.30000000000001,1405,191.6,75.3,20.96,-22.266,5.184,4.196,31.0,33.0,65.0,1474,1,-9.3,0.41
4568,332,6.775,43.0,1,99.5,93.4,1405,191.6,75.3,20.98,-22.266,5.184,4.196,32.0,33.0,65.0,1474,1,-9.3,0.42
4569,333,6.775,42.98,1,99.5,93.30000000000001,1405,191.5,75.3,20.92,-22.258,5.18,4.196,31.0,33.0,65.0,1474,1,-9.3,0.42
4570,333,6.75,42.94,1,99.5,93.30000000000001,1405,191.5,75.3,20.93,-22.258,5.184,4.196,31.0,33.0,65.0,1474,1,-9.3,0.43
4571,333,6.75,42.93,1,99.5,93.30000000000001,1405,191.5,75.3,20.93,-22.25,5.184,4.196,32.0,33.0,65.0,1474,1,-9.3,0.43
4572,333,6.775,42.95,1,99.5,93.30000000000001,1405,191.5,75.4,20.89,-22.25,5.184,4.196,31.0,33.0,65.0,1474,1,-9.3,0.42
4573,333,6.775,42.95,1,99.5,93.30000000000001,1405,191.6,75.4,20.95,-22.258,5.184,4.195,32.0,33.0,65.0,1474,1,-9.3,0.42
4574,333,6.775,42.98,1,99.5,93.30000000000001,1406,191.6,75.4,20.88,-22.258,5.184,4.196,32.0,33.0,65.0,1474,1,-9.3,0.41
4575,333,6.775,42.97,1,99.5,93.30000000000001,1406,191.6,75.4,20.9,-22.25,5.184,4.196,31.0,33.0,65.0,1474,1,-9.3,0.43
4576,333,6.775,42.89,1,99.5,93.30000000000001,1406,191.6,75.4,20.94,-22.25,5.184,4.196,31.0,33.0,65.0,1474,1,-9.3,0.42
4577,333,6.75,42.93,1,99.5,93.30000000000001,1405,191.6,75.5,20.9,-22.242,5.184,4.196,31.0,33.0,65.0,1474,1,-9.3,0.42
4578,333,6.775,42.91,1,99.4,93.30000000000001,1405,191.5,75.5,20.92,-22.242,5.184,4.196,32.0,33.0,65.0,1474,1,-9.3,0.42
4579,333,6.775,42.97,1,99.5,93.30000000000001,1405,191.4,75.6,20.93,-22.242,5.184,4.196,32.0,33.0,65.0,1474,1,-9.3,0.43
4580,333,6.775,42.92,1,99.5,93.30000000000001,1405,191.3,75.3,20.91,-22.234,5.188,4.196,32.0,33.0,65.0,1474,1,-9.3,0.42
4581,333,6.775,42.99,1,99.5,93.30000000000001,1405,191.3,75.5,20.93,-22.227,5.188,4.196,31.0,33.0,65.0,1474,1,-9.3,0.43
4582,333,6.775,42.88,1,99.4,93.30000000000001,1405,191.3,75.5,20.91,-22.227,5.188,4.195,32.0,33.0,65.0,1474,1,-9.3,0.43
4583,333,6.775,42.93,1,99.5,93.30000000000001,1406,191.3,75.4,21.28,-22.219,5.188,4.196,31.0,33.0,65.0,1474,1,-9.3,0.42
4584,333,6.75,42.94,1,99.5,93.30000000000001,1406,191.3,75.4,21.42,-22.211,5.188,4.196,32.0,33.0,65.0,1474,1,-9.3,0.42
4585,333,6.775,42.96,1,99.5,93.30000000000001,1406,191.3,75.3,21.42,-22.203,5.188,4.195,32.0,33.0,65.0,1474,1,-9.3,0.42
4586,333,6.775,42.97,1,99.5,93.4,1406,191.3,75.4,21.45,-22.203,5.188,4.196,31.0,33.0,65.0,1474,1,-9.3,0.42
4587,333,6.775,42.93,1,99.5,93.30000000000001,1406,191.4,75.3,21.41,-22.195,5.188,4.196,32.0,33.0,65.0,1474,1,-9.3,0.42
4588,333,6.775,42.96,1,99.5,93.30000000000001,1406,191.4,75.4,21.44,-22.188,5.188,4.196,31.0,33.0,65.0,1474,1,-9.3,0.41
4589,333,6.775,42.96,1,99.5,93.30000000000001,1406,191.4,75.3,21.41,-22.188,5.188,4.196,31.0,33.0,65.0,1474,1,-9.3,0.42
4590,333,6.775,42.96,1,99.5,93.30000000000001,1405,191.3,75.4,21.44,-22.188,5.188,4.196,32.0,33.0,65.0,1474,1,-9.3,0.42
4591,333,6.775,42.96,1,99.5,93.30000000000001,1406,191.4,75.2,21.43,-22.18,5.188,4.196,31.0,33.0,65.0,1474,1,-9.3,0.42
4592,333,6.75,42.92,1,99.5,93.30000000000001,1405,191.4,75.2,21.45,-22.172,5.188,4.196,32.0,33.0,65.0,1474,1,-9.3,0.42
4593,333,6.75,42.93,1,99.5,93.30000000000001,1405,191.3,75.4,21.44,-22.172,5.191,4.196,32.0,33.0,65.0,1474,1,-9.3,0.42
4594,333,6.775,42.96,1,99.5,93.30000000000001,1405,191.2,75.4,21.44,-22.164,5.188,4.196,32.0,33.0,65.0,1474,1,-9.3,0.42
4595,333,6.775,43.0,1,99.5,93.30000000000001,1405,191.3,75.4,21.45,-22.164,5.191,4.195,32.0,33.0,65.0,1473,1,-9.3,0.42
4596,333,6.75,42.94,1,99.4,93.30000000000001,1405,191.4,75.4,21.45,-22.164,5.188,4.196,32.0,33.0,65.0,1473,1,-9.3,0.42
4597,333,6.75,42.99,1,99.5,93.30000000000001,1405,191.5,75.4,21.47,-22.156,5.188,4.196,32.0,33.0,65.0,1473,1,-9.3,0.42
4598,333,6.775,42.91,1,99.5,93.30000000000001,1405,191.4,75.3,21.49,-22.156,5.191,4.196,31.0,33.0,65.0,1473,1,-9.3,0.42
4599,333,6.775,42.91,1,99.4,93.30000000000001,1405,191.3,75.3,21.44,-22.156,5.191,4.196,32.0,33.0,65.0,1473,1,-9.3,0.42
4600,333,6.775,42.91,1,99.5,93.30000000000001,1405,191.3,75.4,21.45,-22.156,5.191,4.195,31.0,33.0,65.0,1473,1,-9.3,0.42
4601,333,6.775,42.91,1,99.5,93.30000000000001,1405,191.2,75.5,21.43,-22.148,5.191,4.196,32.0,33.0,65.0,1473,1,-9.3,0.42
4602,333,6.775,42.9,1,99.4,93.30000000000001,1405,191.2,75.4,21.46,-22.156,5.191,4.196,31.0,33.0,65.0,1473,1,-9.3,0.42
4603,333,6.775,42.89,1,99.4,93.30000000000001,1405,191.2,75.3,21.44,-22.148,5.191,4.196,32.0,33.0,65.0,1473,1,-9.3,0.42
4604,333,6.75,42.94,1,99.4,93.30000000000001,1405,191.2,75.5,21.48,-22.148,5.191,4.195,31.0,33.0,65.0,1473,1,-9.3,0.42
4605,333,6.75,42.94,1,99.4,93.30000000000001,1405,191.3,75.4,21.45,-22.148,5.191,4.196,32.0,33.0,65.0,1473,1,-9.3,0.42
4606,333,6.775,42.98,1,99.5,93.4,1405,191.3,75.4,21.46,-22.141,5.191,4.196,32.0,33.0,65.0,1473,1,-9.3,0.43
4607,333,6.775,42.92,1,99.4,93.30000000000001,1406,191.3,75.4,21.43,-22.141,5.191,4.196,32.0,33.0,65.0,1473,1,-9.3,0.42
4608,333,6.775,42.9,1,99.5,93.30000000000001,1406,191.3,75.3,21.43,-22.141,5.191,4.196,32.0,33.0,65.0,1473,1,-9.3,0.42
4609,333,6.775,42.96,1,99.5,93.30000000000001,1405,191.4,75.3,21.42,-22.141,5.191,4.196,31.0,33.0,65.0,1473,1,-9.3,0.42
4610,333,6.775,42.91,1,99.4,93.30000000000001,1406,191.4,75.3,21.46,-22.133,5.191,4.196,31.0,33.0,65.0,1473,1,-9.3,0.42
4611,333,6.775,42.93,1,99.4,93.30000000000001,1406,191.4,75.3,21.5,-22.133,5.191,4.196,32.0,33.0,65.0,1473,1,-9.3,0.42
4612,333,6.75,42.95,1,99.4,93.30000000000001,1406,191.4,75.5,21.46,-22.125,5.191,4.196,32.0,33.0,65.0,1473,1,-9.3,0.42
4613,333,6.75,42.96,1,99.4,93.30000000000001,1405,191.4,75.4,21.44,-22.125,5.191,4.195,32.0,33.0,65.0,1473,1,-9.3,0.41
4614,333,6.75,42.89,1,99.4,93.30000000000001,1405,191.5,75.4,21.45,-22.117,5.191,4.196,31.0,33.0,65.0,1473,1,-9.3,0.42
4615,333,6.75,42.91,1,99.4,93.30000000000001,1405,191.5,75.4,21.05,-22.125,5.191,4.196,31.0,33.0,65.0,1473,1,-9.3,0.42
4616,333,6.775,42.99,1,99.4,93.30000000000001,1404,191.5,75.5,20.9,-22.125,5.191,4.196,31.0,33.0,65.0,1473,1,-9.3,0.42
4617,333,6.775,42.93,1,99.4,93.30000000000001,1404,191.5,75.5,20.92,-22.125,5.191,4.195,31.0,33.0,65.0,1473,1,-9.3,0.41
4618,333,6.775,42.93,1,99.4,93.30000000000001,1404,191.5,75.5,20.87,-22.125,5.191,4.195,31.0,33.0,65.0,1473,1,-9.3,0.42
4619,333,6.775,42.95,1,99.4,93.30000000000001,1404,191.4,75.3,20.9,-22.125,5.191,4.195,32.0,33.0,64.0,1473,1,-9.3,0.42
4620,333,6.775,42.94,1,99.4,93.30000000000001,1404,191.5,75.6,20.9,-22.125,5.191,4.195,31.0,33.0,65.0,1473,1,-9.3,0.42
4621,333,6.775,42.93,1,99.4,93.30000000000001,1405,191.5,75.2,20.88,-22.117,5.191,4.196,31.0,33.0,65.0,1473,1,-9.3,0.41
4622,333,6.775,42.91,1,99.4,93.30000000000001,1405,191.4,75.3,20.9,-22.117,5.191,4.196,31.0,33.0,64.0,1473,1,-9.3,0.42
4623,333,6.775,42.96,1,99.4,93.30000000000001,1405,191.5,75.4,20.91,-22.117,5.191,4.196,32.0,33.0,64.0,1473,1,-9.3,0.42
4624,333,6.75,42.97,1,99.4,93.30000000000001,1405,191.6,75.4,20.91,-22.117,5.191,4.195,31.0,33.0,64.0,1473,1,-9.3,0.42
4625,333,6.75,42.97,1,99.5,93.30000000000001,1405,191.5,75.4,20.91,-22.117,5.191,4.195,31.0,33.0,64.0,1472,1,-9.3,0.42
4626,333,6.75,42.96,1,99.4,93.30000000000001,1405,191.5,75.4,20.93,-22.125,5.191,4.195,31.0,33.0,64.0,1472,1,-9.3,0.43
4627,333,6.775,42.93,1,99.4,93.30000000000001,1405,191.5,75.3,20.88,-22.133,5.191,4.196,31.0,33.0,64.0,1472,1,-9.3,0.43
4628,333,6.775,42.95,1,99.4,93.30000000000001,1404,191.5,75.5,20.89,-22.133,5.191,4.196,32.0,33.0,64.0,1472,1,-9.3,0.42
4629,333,6.775,42.94,1,99.4,93.30000000000001,1404,191.5,75.5,20.87,-22.141,5.191,4.195,32.0,33.0,64.0,1472,1,-9.3,0.42
4630,333,6.75,42.94,1,99.4,93.30000000000001,1405,191.5,75.4,20.87,-22.141,5.191,4.196,31.0,33.0,64.0,1472,1,-9.3,0.42
4631,333,6.75,42.93,1,99.4,93.30000000000001,1405,191.4,75.5,20.89,-22.141,5.191,4.195,32.0,33.0,64.0,1472,1,-9.3,0.43
4632,333,6.75,42.9,1,99.4,93.30000000000001,1405,191.5,75.4,20.92,-22.148,5.191,4.196,31.0,33.0,64.0,1472,1,-9.3,0.43
4633,333,6.775,42.92,1,99.4,93.30000000000001,1405,191.5,75.4,20.91,-22.148,5.191,4.195,31.0,33.0,64.0,1472,1,-9.3,0.43
4634,333,6.775,43.0,1,99.4,93.30000000000001,1404,191.5,75.4,20.89,-22.148,5.191,4.195,32.0,33.0,64.0,1472,1,-9.3,0.43
4635,333,6.775,43.02,1,99.4,93.30000000000001,1404,191.5,75.4,20.91,-22.156,5.191,4.195,31.0,33.0,64.0,1472,1,-9.3,0.43
4636,333,6.75,42.95,1,99.4,93.30000000000001,1405,191.5,75.4,20.92,-22.156,5.191,4.196,32.0,33.1,64.0,1472,1,-9.3,0.43
4637,333,6.775,42.99,1,99.4,93.30000000000001,1405,191.5,75.3,20.92,-22.156,5.191,4.196,31.0,33.1,64.0,1472,1,-9.3,0.42
4638,333,6.775,42.9,1,99.4,93.30000000000001,1405,191.6,75.4,20.87,-22.156,5.191,4.196,31.0,33.0,64.0,1472,1,-9.3,0.42
4639,333,6.775,42.97,1,99.5,93.30000000000001,1405,191.6,75.3,20.85,-22.156,5.191,4.196,32.0,33.0,64.0,1472,1,-9.3,0.43
4640,333,6.775,42.9,1,99.4,93.30000000000001,1405,191.7,75.4,20.87,-22.156,5.191,4.196,32.0,33.0,64.0,1472,1,-9.3,0.43
4641,333,6.775,42.89,1,99.4,93.30000000000001,1405,191.7,75.5,20.85,-22.156,5.191,4.196,31.0,33.0,64.0,1472,1,-9.3,0.43
4642,333,6.775,42.9,1,99.4,93.30000000000001,1405,191.7,75.5,20.93,-22.156,5.191,4.196,31.0,33.0,64.0,1472,1,-9.3,0.43
4643,333,6.775,42.95,1,99.5,93.30000000000001,1404,191.7,75.4,20.87,-22.156,5.191,4.196,32.0,33.0,64.0,1472,1,-9.3,0.43
4644,333,6.775,42.95,1,99.4,93.30000000000001,1405,191.7,75.5,20.94,-22.156,5.191,4.196,31.0,33.0,64.0,1472,1,-9.3,0.44
4645,333,6.775,42.92,1,99.4,93.30000000000001,1405,191.7,75.5,20.93,-22.156,5.191,4.196,32.0,33.0,64.0,1472,1,-9.3,0.44
4646,333,6.775,42.98,1,99.5,93.30000000000001,1405,191.7,75.5,20.94,-22.148,5.191,4.196,32.0,33.0,64.0,1472,1,-9.3,0.44
4647,333,6.775,42.96,1,99.4,93.30000000000001,1405,191.7,75.5,20.9,-22.148,5.191,4.196,31.0,33.0,64.0,1472,1,-9.3,0.44
4648,333,6.775,42.95,1,99.4,93.30000000000001,1405,191.7,75.5,20.94,-22.141,5.191,4.196,32.0,33.0,64.0,1472,1,-9.3,0.43
4649,333,6.75,42.98,1,99.5,93.30000000000001,1405,191.8,75.5,20.92,-22.141,5.191,4.195,31.0,33.0,64.0,1472,1,-9.3,0.43
4650,333,6.75,42.97,1,99.4,93.30000000000001,1405,191.8,75.4,20.93,-22.141,5.191,4.196,32.0,33.0,64.0,1472,1,-9.3,0.43
4651,333,6.75,42.97,1,99.5,93.30000000000001,1405,191.8,75.5,20.88,-22.133,5.191,4.196,32.0,33.0,64.0,1472,1,-9.3,0.42
4652,333,6.75,43.0,1,99.5,93.30000000000001,1405,191.8,75.5,20.92,-22.133,5.191,4.195,32.0,33.0,64.0,1472,1,-9.3,0.43
4653,333,6.775,42.98,1,99.5,93.30000000000001,1406,191.7,75.3,20.93,-22.133,5.191,4.196,32.0,33.0,64.0,1472,1,-9.3,0.43
4654,333,6.775,42.95,1,99.4,93.30000000000001,1406,191.7,75.4,20.88,-22.133,5.191,4.195,31.0,33.0,64.0,1472,1,-9.3,0.44
4655,333,6.775,42.91,1,99.4,93.30000000000001,1405,191.7,75.4,20.91,-22.133,5.191,4.195,32.0,33.0,64.0,1472,1,-9.3,0.42
4656,333,6.775,42.92,1,99.4,93.30000000000001,1404,191.6,75.3,20.94,-22.141,5.195,4.196,31.0,33.0,64.0,1472,1,-9.3,0.42
4657,333,6.75,42.9,1,99.4,93.30000000000001,1404,191.7,75.4,20.92,-22.133,5.195,4.195,32.0,33.0,64.0,1471,1,-9.3,0.43
4658,333,6.75,42.89,1,99.4,93.30000000000001,1405,191.7,75.4,20.89,-22.133,5.195,4.195,32.0,33.0,64.0,1471,1,-9.3,0.42
4659,333,6.775,42.91,1,99.4,93.30000000000001,1405,191.7,75.5,20.88,-22.133,5.191,4.196,31.0,33.0,64.0,1471,1,-9.3,0.43
4660,333,6.775,42.95,1,99.5,93.30000000000001,1406,191.7,75.3,20.91,-22.133,5.191,4.195,31.0,33.0,64.0,1471,1,-9.3,0.43
4661,333,6.775,42.92,1,99.4,93.30000000000001,1406,191.6,75.4,20.91,-22.133,5.191,4.195,32.0,33.0,64.0,1471,1,-9.3,0.43
4662,333,6.775,42.93,1,99.4,93.30000000000001,1406,191.6,75.4,20.89,-22.133,5.191,4.196,31.0,33.0,64.0,1471,1,-9.3,0.43
4663,333,6.75,42.9,1,99.4,93.30000000000001,1405,191.5,75.5,20.96,-22.133,5.191,4.195,31.0,33.0,64.0,1471,1,-9.3,0.43
4664,333,6.75,42.9,1,99.4,93.30000000000001,1405,191.6,75.5,20.94,-22.125,5.191,4.196,32.0,33.0,64.0,1471,1,-9.3,0.43
4665,333,6.75,42.9,1,99.4,93.30000000000001,1406,191.6,75.4,20.94,-22.125,5.191,4.196,32.0,33.0,64.0,1471,1,-9.3,0.44
4666,333,6.775,42.89,1,99.4,93.30000000000001,1406,191.5,75.5,20.95,-22.125,5.191,4.196,31.0,33.0,64.0,1471,1,-9.3,0.44
4667,333,6.75,42.9,1,99.4,93.30000000000001,1405,191.5,75.5,20.92,-22.125,5.191,4.196,31.0,33.0,64.0,1471,1,-9.3,0.44
4668,333,6.775,42.9,1,99.4,93.30000000000001,1405,191.5,75.4,20.9,-22.133,5.191,4.195,32.0,33.0,64.0,1471,1,-9.3,0.43
4669,333,6.75,42.87,1,99.4,93.30000000000001,1406,191.5,75.4,20.89,-22.125,5.191,4.196,31.0,33.0,64.0,1471,1,-9.3,0.44
4670,333,6.75,42.85,1,99.4,93.30000000000001,1405,191.5,75.4,20.87,-22.133,5.191,4.196,31.0,33.0,64.0,1471,1,-9.3,0.43
4671,333,6.75,42.87,1,99.4,93.30000000000001,1405,191.5,75.4,21.22,-22.133,5.191,4.196,31.0,33.0,64.0,1471,1,-9.3,0.43
4672,333,6.775,42.96,1,99.5,93.30000000000001,1405,191.5,75.5,21.45,-22.141,5.191,4.195,32.0,33.0,64.0,1471,1,-9.3,0.43
4673,333,6.775,42.95,1,99.4,93.30000000000001,1405,191.5,75.4,21.44,-22.133,5.191,4.195,31.0,32.9,64.0,1471,1,-9.3,0.43
4674,333,6.75,42.98,1,99.5,93.30000000000001,1405,191.5,75.5,21.43,-22.141,5.191,4.195,31.0,33.0,64.0,1471,1,-9.3,0.43
4675,333,6.75,42.94,1,99.4,93.30000000000001,1405,191.5,75.4,21.45,-22.141,5.191,4.196,31.0,33.0,64.0,1471,1,-9.3,0.43
4676,333,6.75,42.93,1,99.4,93.30000000000001,1406,191.5,75.4,21.44,-22.141,5.191,4.195,32.0,33.0,64.0,1471,1,-9.3,0.43
4677,333,6.775,42.93,1,99.4,93.30000000000001,1406,191.5,75.4,21.43,-22.148,5.191,4.196,32.0,33.0,64.0,1471,1,-9.3,0.42
4678,333,6.775,42.94,1,99.5,93.30000000000001,1406,191.5,75.4,21.44,-22.141,5.191,4.196,32.0,32.9,64.0,1471,1,-9.3,0.43
4679,333,6.75,42.96,1,99.4,93.30000000000001,1406,191.5,75.5,21.43,-22.148,5.191,4.196,31.0,33.0,64.0,1471,1,-9.3,0.42
4680,333,6.75,42.97,1,99.4,93.30000000000001,1405,191.4,75.4,21.44,-22.148,5.191,4.196,31.0,32.9,64.0,1471,1,-9.3,0.44
4681,333,6.775,42.94,1,99.4,93.30000000000001,1405,191.5,75.5,21.45,-22.148,5.191,4.196,31.0,33.0,64.0,1471,1,-9.3,0.44
4682,333,6.775,42.9,1,99.4,93.30000000000001,1405,191.5,75.5,21.45,-22.148,5.191,4.196,31.0,32.9,64.0,1471,1,-9.3,0.44
4683,333,6.775,42.92,1,99.4,93.30000000000001,1405,191.5,75.4,22.08,-22.148,5.191,4.195,31.0,32.9,64.0,1471,1,-9.3,0.43
4684,333,6.775,42.94,1,99.4,93.30000000000001,1406,191.5,75.5,22.2,-22.156,5.191,4.196,31.0,32.9,64.0,1471,1,-9.3,0.44
4685,333,6.775,43.0,1,99.4,93.30000000000001,1406,191.4,75.5,22.11,-22.156,5.191,4.195,31.0,32.9,64.0,1471,1,-9.3,0.44
4686,333,6.775,43.0,1,99.4,93.30000000000001,1405,191.4,75.3,21.48,-22.164,5.191,4.196,31.0,32.9,64.0,1471,1,-9.3,0.44
4687,333,6.775,42.94,1,99.5,93.30000000000001,1405,191.4,75.3,21.41,-22.164,5.191,4.195,32.0,32.9,64.0,1471,1,-9.3,0.43
4688,333,6.75,42.92,1,99.5,93.30000000000001,1405,191.5,75.5,21.39,-22.164,5.191,4.196,31.0,32.9,64.0,1470,1,-9.3,0.43
4689,333,6.75,42.98,1,99.5,93.30000000000001,1405,191.5,75.3,21.4,-22.172,5.191,4.196,31.0,32.9,64.0,1470,1,-9.3,0.42
4690,333,6.775,42.95,1,99.5,93.30000000000001,1406,191.5,75.5,21.39,-22.172,5.191,4.196,32.0,32.9,64.0,1470,1,-9.3,0.43
4691,333,6.775,42.97,1,99.5,93.30000000000001,1406,191.5,75.3,21.38,-22.172,5.191,4.196,31.0,32.9,64.0,1470,1,-9.3,0.44
4692,333,6.775,42.96,1,99.5,93.30000000000001,1406,191.5,75.4,21.36,-22.172,5.191,4.195,31.0,32.9,64.0,1470,1,-9.3,0.43
4693,333,6.775,42.98,1,99.5,93.30000000000001,1406,191.5,75.4,21.34,-22.172,5.191,4.196,31.0,32.9,64.0,1470,1,-9.3,0.43
4694,333,6.775,42.93,1,99.5,93.30000000000001,1406,191.5,75.4,21.41,-22.172,5.191,4.195,31.0,32.9,64.0,1470,1,-9.3,0.44
4695,333,6.75,42.96,1,99.5,93.30000000000001,1406,191.4,75.4,21.39,-22.172,5.191,4.196,31.0,32.9,64.0,1470,1,-9.3,0.43
4696,333,6.75,42.96,1,99.5,93.30000000000001,1407,191.5,75.4,21.4,-22.172,5.191,4.195,31.0,32.9,64.0,1470,1,-9.3,0.44
4697,333,6.775,43.0,1,99.5,93.4,1407,191.5,75.6,21.36,-22.18,5.191,4.195,31.0,32.9,64.0,1470,1,-9.3,0.44
4698,333,6.775,42.92,1,99.4,93.30000000000001,1406,191.6,75.3,21.28,-22.18,5.191,4.195,32.0,32.9,64.0,1470,1,-9.3,0.44
4699,333,6.775,42.92,1,99.4,93.30000000000001,1406,191.6,75.4,21.2,-22.172,5.191,4.196,31.0,32.9,64.0,1470,1,-9.3,0.44
4700,333,6.75,42.98,1,99.4,93.30000000000001,1406,191.6,75.4,21.12,-22.172,5.191,4.195,31.0,32.9,64.0,1470,1,-9.3,0.43
4701,333,6.775,42.97,1,99.5,93.30000000000001,1406,191.5,75.3,21.14,-22.172,5.188,4.195,31.0,32.9,64.0,1470,1,-9.3,0.44
4702,333,6.775,42.99,1,99.5,93.30000000000001,1407,191.6,75.5,21.16,-22.18,5.188,4.195,31.0,32.9,64.0,1470,1,-9.3,0.43
4703,333,6.775,42.99,1,99.5,93.30000000000001,1406,191.5,75.4,21.16,-22.18,5.188,4.195,31.0,32.9,64.0,1470,1,-9.3,0.43
4704,333,6.75,43.0,1,99.5,93.30000000000001,1406,191.6,75.4,21.09,-22.188,5.188,4.196,32.0,32.9,64.0,1470,1,-9.3,0.44
4705,333,6.75,43.0,1,99.5,93.30000000000001,1406,191.5,75.5,21.18,-22.195,5.188,4.195,32.0,32.9,64.0,1470,1,-9.3,0.43
4706,333,6.75,43.04,1,99.5,93.30000000000001,1407,191.4,75.4,21.18,-22.203,5.188,4.195,31.0,32.9,64.0,1470,1,-9.3,0.43
4707,333,6.75,42.97,1,99.5,93.30000000000001,1406,191.4,75.7,21.16,-22.203,5.191,4.195,31.0,32.9,64.0,1470,1,-9.3,0.43
4708,333,6.775,42.94,1,99.5,93.30000000000001,1406,191.4,75.5,21.18,-22.195,5.191,4.195,31.0,32.9,64.0,1470,1,-9.3,0.42
4709,333,6.775,42.97,1,99.5,93.30000000000001,1406,191.4,75.6,21.14,-22.203,5.191,4.196,31.0,33.0,64.0,1470,1,-9.3,0.43
4710,333,6.775,42.96,1,99.5,93.30000000000001,1406,191.5,75.6,21.14,-22.195,5.188,4.195,31.0,32.9,64.0,1470,1,-9.3,0.44
4711,333,6.775,42.91,1,99.4,93.30000000000001,1407,191.5,75.4,21.16,-22.203,5.191,4.195,31.0,32.9,64.0,1470,1,-9.3,0.43
4712,333,6.775,42.92,1,99.4,93.30000000000001,1407,191.6,75.5,21.14,-22.203,5.188,4.196,31.0,32.9,64.0,1470,1,-9.3,0.43
4713,333,6.775,42.96,1,99.5,93.30000000000001,1406,191.6,75.4,21.16,-22.203,5.188,4.195,31.0,33.0,64.0,1470,1,-9.3,0.43
4714,333,6.775,42.91,1,99.4,93.30000000000001,1406,191.6,75.4,21.19,-22.195,5.188,4.195,31.0,33.0,64.0,1470,1,-9.3,0.43
4715,333,6.75,42.97,1,99.5,93.30000000000001,1406,191.6,75.5,21.13,-22.203,5.188,4.195,31.0,33.0,64.0,1470,1,-9.3,0.42
4716,333,6.775,42.94,1,99.4,93.30000000000001,1406,191.7,75.4,21.16,-22.203,5.188,4.196,31.0,33.0,64.0,1470,1,-9.3,0.43
4717,333,6.775,42.99,1,99.5,93.30000000000001,1406,191.7,75.4,21.05,-22.203,5.188,4.196,32.0,33.0,64.0,1470,1,-9.3,0.43
4718,333,6.775,42.94,1,99.5,93.30000000000001,1406,191.7,75.3,21.0,-22.203,5.188,4.196,31.0,33.0,64.0,1470,1,-9.3,0.43
4719,333,6.775,42.95,1,99.4,93.30000000000001,1405,191.7,75.5,20.99,-22.203,5.188,4.195,32.0,33.0,64.0,1469,1,-9.3,0.43
4720,334,6.75,42.95,1,99.5,93.30000000000001,1405,191.8,75.5,21.05,-22.211,5.188,4.195,31.0,33.0,64.0,1469,1,-9.3,0.43
4721,334,6.75,42.95,1,99.5,93.30000000000001,1406,191.8,75.6,21.0,-22.219,5.188,4.195,32.0,33.0,64.0,1469,1,-9.3,0.43
4722,334,6.75,42.96,1,99.5,93.30000000000001,1406,191.8,75.5,21.04,-22.219,5.188,4.196,32.0,33.0,64.0,1469,1,-9.3,0.43
4723,334,6.775,42.98,1,99.5,93.30000000000001,1405,191.9,75.4,21.03,-22.227,5.188,4.195,32.0,33.0,64.0,1469,1,-9.3,0.43
4724,334,6.775,42.98,1,99.5,93.30000000000001,1406,191.9,75.3,21.05,-22.227,5.188,4.195,32.0,33.0,64.0,1469,1,-9.3,0.43
4725,334,6.75,42.99,1,99.5,93.30000000000001,1406,191.9,75.5,21.0,-22.227,5.188,4.195,31.0,33.0,64.0,1469,1,-9.3,0.44
4726,334,6.75,42.98,1,99.5,93.30000000000001,1406,191.9,75.4,21.02,-22.227,5.188,4.195,31.0,33.0,64.0,1469,1,-9.3,0.43
4727,334,6.75,42.96,1,99.5,93.30000000000001,1406,191.9,75.4,21.0,-22.227,5.188,4.195,32.0,33.0,64.0,1469,1,-9.3,0.43
4728,334,6.775,42.94,1,99.5,93.30000000000001,1405,191.9,75.3,21.03,-22.227,5.188,4.195,32.0,33.0,64.0,1469,1,-9.3,0.43
4729,334,6.75,42.96,1,99.5,93.30000000000001,1406,191.9,75.4,20.98,-22.227,5.188,4.196,32.0,33.0,64.0,1469,1,-9.3,0.43
4730,334,6.75,42.95,1,99.5,93.30000000000001,1406,191.9,75.4,21.03,-22.234,5.188,4.195,32.0,33.0,64.0,1469,1,-9.3,0.44
4731,334,6.75,42.94,1,99.5,93.30000000000001,1406,191.9,75.4,21.07,-22.227,5.188,4.196,32.0,33.0,64.0,1469,1,-9.3,0.44
4732,334,6.775,43.1,1,99.5,93.30000000000001,1406,191.9,75.5,21.0,-22.234,5.191,4.196,31.0,33.0,64.0,1469,1,-9.3,0.43
4733,334,6.775,42.97,1,99.5,93.30000000000001,1405,192.0,75.5,21.02,-22.227,5.191,4.195,31.0,33.0,64.0,1469,1,-9.3,0.44
4734,334,6.775,42.98,1,99.5,93.30000000000001,1405,192.0,75.5,21.04,-22.227,5.191,4.196,32.0,33.0,64.0,1469,1,-9.3,0.44
4735,334,6.775,42.96,1,99.5,93.30000000000001,1405,191.9,75.6,21.02,-22.227,5.191,4.195,32.0,33.0,64.0,1469,1,-9.3,0.43
4736,334,6.75,42.93,1,99.5,93.30000000000001,1405,191.8,75.4,21.04,-22.211,5.191,4.195,31.0,33.0,64.0,1469,1,-9.3,0.43
4737,334,6.775,42.91,1,99.5,93.30000000000001,1405,191.9,75.5,21.01,-22.211,5.191,4.195,31.0,33.0,64.0,1469,1,-9.3,0.42
4738,334,6.775,42.9,1,99.4,93.30000000000001,1405,191.9,75.6,20.95,-22.203,5.191,4.195,32.0,33.0,64.0,1469,1,-9.3,0.44
4739,334,6.775,42.91,1,99.5,93.30000000000001,1406,191.9,75.5,21.01,-22.203,5.191,4.195,32.0,33.0,64.0,1469,1,-9.3,0.44
4740,334,6.775,42.99,1,99.5,93.30000000000001,1406,191.9,75.6,21.03,-22.195,5.191,4.196,32.0,33.0,64.0,1469,1,-9.3,0.42
4741,334,6.775,42.95,1,99.5,93.30000000000001,1406,191.9,75.5,21.02,-22.195,5.191,4.196,31.0,33.0,64.0,1469,1,-9.3,0.42
4742,334,6.75,42.96,1,99.5,93.30000000000001,1406,191.9,75.4,21.0,-22.188,5.191,4.195,31.0,33.0,64.0,1469,1,-9.3,0.42
4743,334,6.75,42.99,1,99.5,93.30000000000001,1406,192.0,75.5,21.0,-22.18,5.191,4.196,31.0,33.0,64.0,1469,1,-9.3,0.42
4744,334,6.75,42.97,1,99.5,93.30000000000001,1406,191.9,75.6,21.0,-22.18,5.191,4.195,31.0,33.0,64.0,1469,1,-9.3,0.43
4745,334,6.775,43.0,1,99.5,93.30000000000001,1406,191.9,75.3,21.03,-22.18,5.191,4.195,31.0,33.0,64.0,1469,1,-9.3,0.43
4746,334,6.75,42.93,1,99.5,93.30000000000001,1406,191.9,75.5,20.98,-22.172,5.191,4.195,32.0,33.0,64.0,1469,1,-9.3,0.43
4747,334,6.75,42.92,1,99.4,93.30000000000001,1406,191.9,75.4,20.98,-22.172,5.191,4.195,31.0,33.0,64.0,1469,1,-9.3,0.42
4748,334,6.75,42.92,1,99.5,93.30000000000001,1406,191.9,75.4,20.99,-22.172,5.191,4.195,31.0,33.0,64.0,1469,1,-9.3,0.43
4749,334,6.75,42.94,1,99.5,93.30000000000001,1406,191.9,75.4,21.03,-22.18,5.191,4.196,31.0,33.0,64.0,1469,1,-9.3,0.43
4750,334,6.75,42.94,1,99.4,93.30000000000001,1406,191.8,75.4,21.0,-22.172,5.191,4.195,32.0,33.0,64.0,1469,1,-9.3,0.43
4751,334,6.775,42.96,1,99.5,93.30000000000001,1406,191.8,75.5,21.02,-22.172,5.191,4.195,32.0,33.0,64.0,1469,1,-9.3,0.43
4752,334,6.75,42.97,1,99.5,93.30000000000001,1407,191.8,75.4,20.99,-22.164,5.195,4.196,31.0,33.0,64.0,1468,1,-9.3,0.43
4753,334,6.775,42.98,1,99.5,93.30000000000001,1406,191.8,75.4,21.02,-22.156,5.195,4.195,31.0,33.0,64.0,1468,1,-9.3,0.44
4754,334,6.775,42.97,1,99.5,93.30000000000001,1406,191.7,75.4,20.99,-22.148,5.195,4.195,32.0,33.0,64.0,1468,1,-9.3,0.43
4755,334,6.775,42.97,1,99.5,93.30000000000001,1406,191.7,75.5,21.01,-22.141,5.195,4.195,32.0,33.0,64.0,1468,1,-9.3,0.43
4756,334,6.75,42.94,1,99.4,93.30000000000001,1406,191.7,75.5,21.0,-22.141,5.195,4.195,32.0,33.0,64.0,1468,1,-9.3,0.43
4757,334,6.775,42.93,1,99.4,93.30000000000001,1406,191.6,75.3,20.97,-22.141,5.195,4.196,31.0,32.9,64.0,1468,1,-9.3,0.43
4758,334,6.775,42.91,1,99.4,93.30000000000001,1405,191.6,75.4,21.02,-22.133,5.195,4.195,31.0,33.0,64.0,1468,1,-9.3,0.42
4759,334,6.775,42.94,1,99.4,93.30000000000001,1405,191.6,75.3,21.0,-22.133,5.195,4.195,31.0,33.0,64.0,1468,1,-9.3,0.42
4760,334,6.75,42.88,1,99.4,93.30000000000001,1405,191.7,75.4,21.05,-22.125,5.195,4.195,32.0,32.9,64.0,1468,1,-9.3,0.43
4761,334,6.75,42.94,1,99.4,93.30000000000001,1405,191.6,75.4,21.0,-22.125,5.195,4.196,31.0,33.0,64.0,1468,1,-9.3,0.43
4762,334,6.75,42.91,1,99.4,93.30000000000001,1405,191.5,75.3,21.0,-22.117,5.195,4.196,32.0,32.9,64.0,1468,1,-9.3,0.42
4763,334,6.775,42.94,1,99.4,93.30000000000001,1405,191.6,75.3,21.02,-22.117,5.195,4.195,31.0,32.9,64.0,1468,1,-9.3,0.43
4764,334,6.775,42.93,1,99.4,93.30000000000001,1406,191.6,75.3,21.02,-22.117,5.195,4.195,31.0,32.9,64.0,1468,1,-9.3,0.42
4765,334,6.775,42.94,1,99.4,93.30000000000001,1406,191.5,75.4,21.0,-22.117,5.195,4.195,32.0,32.9,64.0,1468,1,-9.3,0.42
4766,334,6.75,42.93,1,99.4,93.30000000000001,1406,191.5,75.4,21.01,-22.109,5.195,4.196,31.0,33.0,64.0,1468,1,-9.3,0.43
4767,334,6.75,42.95,1,99.5,93.30000000000001,1405,191.5,75.5,20.98,-22.109,5.195,4.195,31.0,32.9,64.0,1468,1,-9.3,0.43
4768,334,6.775,42.93,1,99.5,93.30000000000001,1405,191.5,75.3,21.05,-22.109,5.195,4.195,31.0,32.9,64.0,1468,1,-9.3,0.43
4769,334,6.775,42.9,1,99.4,93.30000000000001,1405,191.5,75.3,21.0,-22.109,5.195,4.195,32.0,32.9,64.0,1468,1,-9.3,0.43
4770,334,6.75,42.93,1,99.4,93.30000000000001,1405,191.5,75.3,21.02,-22.109,5.195,4.195,31.0,32.9,64.0,1468,1,-9.3,0.43
4771,334,6.75,42.94,1,99.4,93.30000000000001,1405,191.5,75.4,21.0,-22.109,5.199,4.195,31.0,32.9,64.0,1468,1,-9.3,0.43
4772,334,6.75,42.95,1,99.4,93.30000000000001,1405,191.5,75.4,21.04,-22.102,5.199,4.195,31.0,32.9,64.0,1468,1,-9.3,0.43
4773,333,6.75,42.92,1,99.4,93.30000000000001,1405,191.5,75.5,21.01,-22.094,5.199,4.195,31.0,32.9,64.0,1468,1,-9.3,0.43
4774,333,6.75,42.93,1,99.4,93.30000000000001,1405,191.5,75.3,21.0,-22.094,5.199,4.195,31.0,32.9,64.0,1468,1,-9.3,0.43
4775,333,6.775,42.93,1,99.4,93.30000000000001,1405,191.5,75.5,20.99,-22.094,5.195,4.195,31.0,32.9,64.0,1468,1,-9.3,0.43
4776,333,6.75,42.89,1,99.4,93.30000000000001,1405,191.4,75.4,21.05,-22.086,5.195,4.196,31.0,32.9,64.0,1468,1,-9.3,0.42
4777,333,6.775,42.94,1,99.4,93.30000000000001,1405,191.4,75.4,21.03,-22.094,5.195,4.195,31.0,32.9,64.0,1468,1,-9.3,0.41
4778,333,6.775,42.91,1,99.4,93.30000000000001,1405,191.4,75.3,21.0,-22.094,5.195,4.195,31.0,32.9,64.0,1468,1,-9.3,0.43
4779,333,6.775,42.91,1,99.4,93.30000000000001,1404,191.4,75.4,21.05,-22.086,5.195,4.195,31.0,32.9,64.0,1468,1,-9.3,0.42
4780,333,6.775,42.97,1,99.4,93.30000000000001,1404,191.4,75.3,21.03,-22.086,5.195,4.195,31.0,32.9,64.0,1468,1,-9.3,0.43
4781,333,6.775,42.94,1,99.4,93.30000000000001,1404,191.4,75.3,20.96,-22.094,5.195,4.195,32.0,32.9,64.0,1468,1,-9.3,0.42
4782,333,6.75,42.9,1,99.4,93.30000000000001,1404,191.3,75.4,21.03,-22.102,5.191,4.196,31.0,32.9,64.0,1468,1,-9.3,0.42
4783,333,6.75,42.92,1,99.4,93.30000000000001,1405,191.4,75.3,20.98,-22.109,5.191,4.195,32.0,32.9,64.0,1468,1,-9.3,0.42
4784,333,6.75,42.93,1,99.4,93.30000000000001,1405,191.4,75.3,21.01,-22.117,5.191,4.195,31.0,32.9,64.0,1468,1,-9.3,0.43
4785,333,6.75,42.96,1,99.4,93.30000000000001,1405,191.4,75.4,21.01,-22.125,5.191,4.195,31.0,32.9,64.0,1467,1,-9.3,0.43
4786,333,6.75,42.95,1,99.4,93.30000000000001,1406,191.4,75.4,21.02,-22.125,5.191,4.195,31.0,32.9,64.0,1467,1,-9.3,0.43
4787,333,6.775,42.93,1,99.4,93.30000000000001,1405,191.4,75.3,20.98,-22.133,5.191,4.195,31.0,32.9,64.0,1467,1,-9.3,0.42
4788,333,6.75,42.98,1,99.5,93.30000000000001,1405,191.4,75.4,21.04,-22.141,5.191,4.196,31.0,32.9,64.0,1467,1,-9.3,0.42
4789,333,6.775,43.0,1,99.5,93.30000000000001,1405,191.3,75.3,20.99,-22.141,5.191,4.195,31.0,32.9,64.0,1467,1,-9.3,0.43
4790,333,6.75,42.92,1,99.4,93.30000000000001,1405,191.3,75.3,21.03,-22.148,5.191,4.195,31.0,32.9,64.0,1467,1,-9.3,0.41
4791,333,6.75,42.95,1,99.5,93.30000000000001,1405,191.3,75.3,20.97,-22.164,5.191,4.195,31.0,32.9,64.0,1467,1,-9.3,0.42
4792,333,6.75,42.95,1,99.5,93.30000000000001,1404,191.2,75.4,21.02,-22.172,5.191,4.195,31.0,32.9,64.0,1467,1,-9.3,0.42
4793,333,6.75,42.96,1,99.5,93.30000000000001,1405,191.2,75.3,20.99,-22.18,5.191,4.195,32.0,32.9,64.0,1467,1,-9.3,0.43
4794,333,6.775,42.93,1,99.5,93.30000000000001,1405,191.2,75.3,21.01,-22.18,5.191,4.195,32.0,32.9,64.0,1467,1,-9.3,0.43
4795,333,6.775,42.92,1,99.5,93.30000000000001,1405,191.2,75.2,21.01,-22.18,5.191,4.195,31.0,32.9,64.0,1467,1,-9.3,0.42
4796,333,6.775,42.95,1,99.5,93.30000000000001,1405,191.1,75.5,21.03,-22.188,5.191,4.195,31.0,32.9,64.0,1467,1,-9.3,0.42
4797,333,6.75,42.97,1,99.5,93.30000000000001,1405,191.2,75.4,21.04,-22.188,5.191,4.195,31.0,32.9,64.0,1467,1,-9.3,0.42
4798,333,6.75,42.95,1,99.5,93.30000000000001,1405,191.2,75.3,21.05,-22.195,5.191,4.196,31.0,32.9,64.0,1467,1,-9.3,0.43
4799,333,6.75,42.98,1,99.5,93.30000000000001,1405,191.2,75.4,21.03,-22.188,5.191,4.195,31.0,32.9,64.0,1467,1,-9.3,0.42
4800,333,6.775,42.96,1,99.5,93.30000000000001,1405,191.2,75.5,21.05,-22.195,5.191,4.196,31.0,32.9,64.0,1467,1,-9.3,0.42
4801,333,6.775,42.93,1,99.5,93.30000000000001,1405,191.3,75.5,21.01,-22.195,5.191,4.196,31.0,32.9,64.0,1467,1,-9.3,0.43
4802,333,6.775,42.98,1,99.5,93.30000000000001,1405,191.4,75.4,20.99,-22.195,5.191,4.195,31.0,32.9,64.0,1467,1,-9.3,0.43
4803,333,6.775,42.97,1,99.5,93.30000000000001,1406,191.5,75.3,21.04,-22.195,5.191,4.195,32.0,32.9,64.0,1467,1,-9.3,0.42
4804,333,6.75,42.95,1,99.5,93.30000000000001,1406,191.5,75.3,21.01,-22.195,5.191,4.196,31.0,32.9,64.0,1467,1,-9.3,0.42
4805,333,6.75,42.94,1,99.5,93.30000000000001,1406,191.4,75.5,21.01,-22.195,5.191,4.195,31.0,32.9,64.0,1467,1,-9.3,0.42
4806,333,6.75,42.96,1,99.5,93.30000000000001,1405,191.4,75.4,21.02,-22.195,5.191,4.195,31.0,32.9,64.0,1467,1,-9.3,0.42
4807,333,6.775,42.97,1,99.5,93.30000000000001,1405,191.5,75.4,21.04,-22.195,5.191,4.195,31.0,32.9,64.0,1467,1,-9.3,0.42
4808,333,6.775,42.94,1,99.5,93.30000000000001,1405,191.5,75.5,21.01,-22.195,5.195,4.195,31.0,32.9,64.0,1467,1,-9.3,0.42
4809,333,6.775,42.98,1,99.5,93.30000000000001,1405,191.5,75.6,21.02,-22.188,5.195,4.195,31.0,32.9,64.0,1467,1,-9.3,0.42
4810,333,6.775,42.94,1,99.5,93.30000000000001,1405,191.5,75.6,21.0,-22.18,5.195,4.195,31.0,32.9,64.0,1467,1,-9.3,0.43
4811,333,6.775,42.96,1,99.5,93.30000000000001,1405,191.5,75.5,21.0,-22.172,5.195,4.195,31.0,32.9,64.0,1467,1,-9.3,0.42
4812,333,6.75,42.9,1,99.5,93.30000000000001,1406,191.5,75.3,21.02,-22.164,5.195,4.195,31.0,32.9,64.0,1467,1,-9.3,0.42
4813,333,6.775,42.96,1,99.4,93.30000000000001,1405,191.5,75.5,21.01,-22.164,5.195,4.196,31.0,32.9,64.0,1467,1,-9.3,0.42
4814,333,6.775,42.93,1,99.4,93.30000000000001,1405,191.4,75.2,21.0,-22.156,5.195,4.195,31.0,32.9,64.0,1467,1,-9.3,0.43
4815,333,6.775,42.97,1,99.5,93.30000000000001,1405,191.4,75.5,20.98,-22.156,5.195,4.195,32.0,32.9,64.0,1467,1,-9.3,0.42
4816,333,6.775,42.95,1,99.5,93.30000000000001,1405,191.4,75.4,21.02,-22.148,5.195,4.195,31.0,32.9,64.0,1467,1,-9.3,0.43
4817,333,6.775,42.94,1,99.5,93.30000000000001,1406,191.4,75.4,21.02,-22.141,5.195,4.196,32.0,32.9,64.0,1466,1,-9.3,0.43
4818,333,6.775,42.93,1,99.4,93.30000000000001,1406,191.5,75.3,21.05,-22.141,5.195,4.195,32.0,32.9,64.0,1466,1,-9.3,0.42
4819,333,6.775,42.96,1,99.4,93.30000000000001,1406,191.5,75.4,21.05,-22.133,5.195,4.195,31.0,32.9,64.0,1466,1,-9.3,0.42
4820,333,6.75,43.0,1,99.5,93.30000000000001,1406,191.4,75.4,21.01,-22.133,5.195,4.195,31.0,32.9,64.0,1466,1,-9.3,0.42
4821,333,6.775,42.97,1,99.5,93.30000000000001,1405,191.4,75.3,21.01,-22.133,5.195,4.195,31.0,32.9,64.0,1466,1,-9.3,0.42
4822,333,6.775,42.96,1,99.5,93.30000000000001,1405,191.4,75.3,21.04,-22.133,5.195,4.195,31.0,32.9,64.0,1466,1,-9.3,0.42
4823,333,6.775,42.9,1,99.5,93.30000000000001,1405,191.4,75.4,21.01,-22.125,5.195,4.195,31.0,32.9,64.0,1466,1,-9.3,0.41
4824,333,6.75,42.91,1,99.4,93.30000000000001,1405,191.4,75.4,21.01,-22.125,5.195,4.196,31.0,32.9,64.0,1466,1,-9.3,0.42
4825,333,6.75,42.94,1,99.4,93.30000000000001,1405,191.3,75.4,21.05,-22.125,5.195,4.195,31.0,32.9,64.0,1466,1,-9.3,0.42
4826,333,6.775,42.97,1,99.4,93.30000000000001,1405,191.3,75.4,21.01,-22.117,5.195,4.195,31.0,32.9,64.0,1466,1,-9.3,0.43
4827,333,6.775,42.93,1,99.4,93.30000000000001,1406,191.3,75.4,21.03,-22.117,5.195,4.195,31.0,32.9,64.0,1466,1,-9.3,0.42
4828,333,6.775,42.95,1,99.5,93.30000000000001,1406,191.3,75.4,21.02,-22.117,5.195,4.196,31.0,32.9,64.0,1466,1,-9.3,0.43
4829,333,6.775,42.98,1,99.5,93.30000000000001,1406,191.3,75.3,21.05,-22.109,5.195,4.195,31.0,32.9,64.0,1466,1,-9.3,0.43
4830,333,6.75,42.92,1,99.5,93.30000000000001,1406,191.3,75.3,20.99,-22.109,5.195,4.195,32.0,32.9,64.0,1466,1,-9.3,0.42
4831,333,6.75,42.94,1,99.5,93.30000000000001,1405,191.3,75.3,20.99,-22.109,5.195,4.195,32.0,32.9,64.0,1466,1,-9.3,0.43
4832,333,6.775,42.92,1,99.4,93.30000000000001,1405,191.4,75.4,21.05,-22.109,5.195,4.195,31.0,32.9,64.0,1466,1,-9.3,0.42
4833,333,6.775,42.96,1,99.4,93.30000000000001,1405,191.4,75.3,21.03,-22.102,5.195,4.195,32.0,32.9,64.0,1466,1,-9.3,0.42
4834,333,6.775,42.93,1,99.4,93.30000000000001,1405,191.4,75.4,20.98,-22.102,5.195,4.195,31.0,32.9,64.0,1466,1,-9.3,0.42
4835,333,6.775,42.96,1,99.4,93.30000000000001,1405,191.3,75.5,21.03,-22.102,5.199,4.195,31.0,32.9,64.0,1466,1,-9.3,0.43
4836,333,6.775,42.95,1,99.4,93.30000000000001,1405,191.3,75.5,21.02,-22.094,5.199,4.195,31.0,32.9,64.0,1466,1,-9.3,0.42
4837,333,6.775,42.96,1,99.5,93.30000000000001,1405,191.3,75.4,21.06,-22.094,5.195,4.195,31.0,32.9,64.0,1466,1,-9.3,0.41
4838,333,6.75,42.97,1,99.5,93.30000000000001,1406,191.3,75.5,21.01,-22.094,5.195,4.195,31.0,32.9,64.0,1466,1,-9.3,0.42
4839,333,6.775,42.99,1,99.4,93.30000000000001,1406,191.3,75.5,21.02,-22.086,5.195,4.195,31.0,32.9,64.0,1466,1,-9.3,0.43
4840,333,6.775,42.89,1,99.4,93.30000000000001,1406,191.3,75.5,21.04,-22.086,5.195,4.195,31.0,32.9,64.0,1466,1,-9.3,0.43
4841,333,6.775,42.93,1,99.4,93.30000000000001,1406,191.4,75.4,21.02,-22.086,5.195,4.195,31.0,32.9,64.0,1466,1,-9.3,0.42
4842,333,6.75,42.91,1,99.4,93.30000000000001,1405,191.4,75.4,21.03,-22.078,5.199,4.196,31.0,32.9,64.0,1466,1,-9.3,0.42
4843,333,6.75,42.94,1,99.4,93.30000000000001,1405,191.3,75.3,21.05,-22.086,5.195,4.195,31.0,32.9,64.0,1466,1,-9.3,0.42
4844,333,6.75,43.02,1,99.4,93.30000000000001,1405,191.4,75.4,21.01,-22.086,5.195,4.195,31.0,32.9,64.0,1466,1,-9.3,0.43
4845,333,6.775,42.93,1,99.4,93.30000000000001,1404,191.4,75.5,21.02,-22.086,5.195,4.195,31.0,32.9,64.0,1466,1,-9.3,0.42
4846,333,6.75,42.91,1,99.4,93.30000000000001,1404,191.5,75.4,21.0,-22.078,5.199,4.195,31.0,32.9,64.0,1466,1,-9.3,0.42
4847,333,6.75,42.96,1,99.4,93.30000000000001,1404,191.5,75.5,21.0,-22.086,5.199,4.195,31.0,32.9,64.0,1466,1,-9.3,0.42
4848,333,6.75,42.9,1,99.4,93.30000000000001,1405,191.5,75.5,21.04,-22.086,5.199,4.195,31.0,32.9,64.0,1466,1,-9.3,0.43
4849,333,6.775,42.95,1,99.4,93.30000000000001,1405,191.5,75.5,21.04,-22.078,5.199,4.195,32.0,32.9,64.0,1466,1,-9.3,0.43
4850,333,6.75,42.94,1,99.4,93.30000000000001,1405,191.5,75.4,21.04,-22.078,5.199,4.195,31.0,32.9,64.0,1466,1,-9.3,0.42
4851,333,6.775,42.96,1,99.4,93.30000000000001,1405,191.5,75.4,21.05,-22.07,5.199,4.195,31.0,32.9,64.0,1465,1,-9.3,0.42
4852,333,6.775,42.95,1,99.4,93.30000000000001,1405,191.6,75.4,21.05,-22.062,5.199,4.195,31.0,32.9,64.0,1465,1,-9.3,0.42
4853,333,6.75,42.95,1,99.4,93.30000000000001,1404,191.6,75.4,21.02,-22.062,5.199,4.195,32.0,32.9,64.0,1465,1,-9.3,0.43
4854,333,6.775,42.95,1,99.4,93.30000000000001,1404,191.6,75.5,21.04,-22.062,5.199,4.195,31.0,32.9,64.0,1465,1,-9.3,0.42
4855,333,6.775,42.97,1,99.4,93.30000000000001,1404,191.6,75.3,21.01,-22.062,5.199,4.195,31.0,32.9,64.0,1465,1,-9.3,0.42
4856,333,6.775,43.03,1,99.4,93.30000000000001,1404,191.6,75.4,21.0,-22.062,5.199,4.195,31.0,32.9,64.0,1465,1,-9.3,0.43
4857,333,6.775,42.96,1,99.4,93.30000000000001,1405,191.6,75.4,21.02,-22.055,5.199,4.195,31.0,32.9,64.0,1465,1,-9.3,0.43
4858,333,6.775,42.98,1,99.4,93.30000000000001,1405,191.5,75.4,21.05,-22.062,5.199,4.196,31.0,32.9,64.0,1465,1,-9.3,0.43
4859,333,6.775,42.94,1,99.4,93.30000000000001,1406,191.5,75.5,21.02,-22.055,5.199,4.195,31.0,32.9,64.0,1465,1,-9.3,0.42
4860,333,6.75,42.91,1,99.4,93.30000000000001,1405,191.6,75.4,21.04,-22.055,5.203,4.195,31.0,32.9,64.0,1465,1,-9.3,0.42
4861,333,6.75,42.91,1,99.4,93.30000000000001,1404,191.5,75.4,21.05,-22.047,5.203,4.195,31.0,32.9,64.0,1465,1,-9.3,0.42
4862,333,6.75,42.94,1,99.4,93.30000000000001,1404,191.5,75.5,21.02,-22.047,5.203,4.195,31.0,32.9,64.0,1465,1,-9.3,0.43
4863,333,6.75,42.9,1,99.4,93.30000000000001,1404,191.5,75.4,21.0,-22.047,5.203,4.195,31.0,32.9,64.0,1465,1,-9.3,0.43
4864,333,6.75,42.93,1,99.4,93.30000000000001,1404,191.5,75.3,21.03,-22.039,5.203,4.195,31.0,32.9,64.0,1465,1,-9.3,0.43
4865,332,6.775,42.88,1,99.4,93.30000000000001,1405,191.5,75.4,21.02,-22.039,5.203,4.195,31.0,32.9,64.0,1465,1,-9.3,0.44
4866,332,6.775,42.88,1,99.4,93.30000000000001,1405,191.5,75.3,21.0,-22.031,5.203,4.195,31.0,32.9,64.0,1465,1,-9.3,0.43
4867,332,6.775,42.87,1,99.4,93.30000000000001,1405,191.5,75.6,21.0,-22.031,5.203,4.196,31.0,32.9,64.0,1465,1,-9.3,0.43
4868,332,6.775,42.93,1,99.4,93.30000000000001,1406,191.5,75.4,20.98,-22.031,5.203,4.196,31.0,32.9,64.0,1465,1,-9.3,0.43
4869,332,6.75,42.93,1,99.4,93.30000000000001,1406,191.5,75.4,20.99,-22.023,5.203,4.195,31.0,32.9,64.0,1465,1,-9.3,0.43
4870,332,6.775,42.92,1,99.4,93.30000000000001,1406,191.5,75.4,20.97,-22.023,5.203,4.195,31.0,32.9,64.0,1465,1,-9.3,0.43
4871,331,6.775,43.14,1,99.4,93.30000000000001,1405,191.5,75.4,20.98,-22.016,5.203,4.195,31.0,32.9,64.0,1465,1,-9.3,0.42
4872,331,6.775,42.95,1,99.4,93.30000000000001,1405,191.4,75.6,20.99,-22.008,5.203,4.195,31.0,32.9,64.0,1465,1,-9.3,0.44
4873,331,6.75,43.04,1,99.4,93.30000000000001,1405,191.4,75.6,21.02,-22.0,5.203,4.195,31.0,32.9,64.0,1465,1,-9.3,0.43
4874,331,6.75,42.97,1,99.4,93.30000000000001,1405,191.4,75.4,21.02,-22.0,5.203,4.195,32.0,32.9,64.0,1465,1,-9.3,0.43
4875,331,6.75,42.94,1,99.4,93.30000000000001,1406,191.5,75.4,21.03,-21.992,5.203,4.195,31.0,32.9,64.0,1465,1,-9.3,0.43
4876,330,6.75,42.93,1,99.4,93.30000000000001,1406,191.4,75.4,20.97,-21.992,5.203,4.195,32.0,32.9,64.0,1465,1,-9.3,0.42
4877,330,6.775,42.96,1,99.4,93.30000000000001,1405,191.4,75.3,21.0,-21.984,5.203,4.195,31.0,32.9,64.0,1465,1,-9.3,0.43
4878,330,6.775,43.0,1,99.4,93.30000000000001,1405,191.4,75.4,20.99,-21.984,5.203,4.195,31.0,32.9,64.0,1465,1,-9.3,0.42
4879,330,6.775,42.9,1,99.3,93.30000000000001,1405,191.4,75.3,21.07,-21.984,5.203,4.195,31.0,32.9,64.0,1465,1,-9.3,0.42
4880,330,6.75,42.87,1,99.3,93.30000000000001,1405,191.3,75.3,21.02,-21.984,5.203,4.195,31.0,32.9,64.0,1465,1,-9.3,0.43
4881,329,6.75,42.89,1,99.4,93.30000000000001,1405,191.3,75.4,20.96,-21.977,5.203,4.195,31.0,32.9,64.0,1465,1,-9.3,0.43
4882,329,6.75,42.89,1,99.4,93.30000000000001,1404,191.4,75.3,21.0,-21.984,5.203,4.195,31.0,32.9,64.0,1465,1,-9.3,0.42
4883,329,6.775,42.89,1,99.4,93.30000000000001,1404,191.4,75.4,21.03,-21.984,5.203,4.195,31.0,32.9,64.0,1465,1,-9.3,0.43
4884,329,6.775,42.96,1,99.4,93.30000000000001,1404,191.4,75.6,21.0,-22.0,5.203,4.196,31.0,32.9,64.0,1464,1,-9.3,0.42
4885,328,6.75,42.91,1,99.4,93.30000000000001,1404,191.3,75.6,21.07,-22.0,5.203,4.195,32.0,32.9,64.0,1464,1,-9.3,0.43
4886,328,6.775,42.9,1,99.4,93.30000000000001,1404,191.3,75.3,21.13,-22.0,5.203,4.195,31.0,32.9,64.0,1464,1,-9.3,0.43
4887,328,6.775,42.93,1,99.4,93.30000000000001,1404,191.3,75.2,21.18,-22.008,5.199,4.195,31.0,32.9,64.0,1464,1,-9.3,0.43
4888,328,6.775,43.0,1,99.4,93.30000000000001,1404,191.3,75.5,21.14,-22.008,5.199,4.195,31.0,32.9,64.0,1464,1,-9.3,0.43
4889,328,6.775,42.86,1,99.4,93.30000000000001,1405,191.3,75.4,21.15,-22.016,5.199,4.195,32.0,32.9,64.0,1464,1,-9.3,0.42
4890,328,6.775,42.94,1,99.4,93.30000000000001,1405,191.4,75.3,21.22,-22.016,5.199,4.195,31.0,32.9,64.0,1464,1,-9.3,0.42
4891,327,6.775,42.85,1,99.4,93.30000000000001,1404,191.4,75.4,21.21,-22.016,5.199,4.195,31.0,32.9,64.0,1464,1,-9.3,0.42
4892,327,6.75,42.88,1,99.4,93.30000000000001,1404,191.4,75.4,21.21,-22.016,5.199,4.196,31.0,32.8,64.0,1464,1,-9.3,0.43
4893,327,6.75,42.89,1,99.4,93.30000000000001,1404,191.3,75.5,21.16,-22.023,5.199,4.195,31.0,32.9,64.0,1464,1,-9.3,0.43
4894,327,6.75,42.88,1,99.4,93.30000000000001,1404,191.3,75.5,21.23,-22.023,5.199,4.195,31.0,32.9,64.0,1464,1,-9.3,0.43
4895,327,6.75,42.91,1,99.4,93.30000000000001,1404,191.3,75.4,21.15,-22.031,5.199,4.195,32.0,32.9,64.0,1464,1,-9.3,0.43
4896,327,6.75,42.92,1,99.4,93.30000000000001,1404,191.4,75.2,21.18,-22.031,5.195,4.195,31.0,32.8,64.0,1464,1,-9.3,0.43
4897,327,6.775,42.93,1,99.4,93.30000000000001,1404,191.4,75.4,21.23,-22.031,5.195,4.195,31.0,32.9,64.0,1464,1,-9.3,0.43
4898,327,6.775,42.89,1,99.4,93.30000000000001,1404,191.3,75.3,21.16,-22.047,5.195,4.195,31.0,32.9,64.0,1464,1,-9.3,0.42
4899,327,6.75,42.97,1,99.4,93.30000000000001,1404,191.3,75.4,21.24,-22.055,5.195,4.195,31.0,32.9,64.0,1464,1,-9.3,0.43
4900,327,6.75,42.9,1,99.4,93.30000000000001,1404,191.2,75.4,21.19,-22.055,5.195,4.195,31.0,32.9,64.0,1464,1,-9.3,0.42
4901,326,6.75,42.91,1,99.4,93.30000000000001,1404,191.2,75.4,21.25,-22.062,5.195,4.195,31.0,32.9,64.0,1464,1,-9.3,0.42
4902,326,6.75,42.89,1,99.4,93.30000000000001,1404,191.2,75.4,21.16,-22.07,5.195,4.195,31.0,32.9,64.0,1464,1,-9.3,0.43
4903,326,6.75,42.82,1,99.4,93.30000000000001,1404,191.3,75.4,21.27,-22.078,5.191,4.195,31.0,32.9,64.0,1464,1,-9.3,0.43
4904,326,6.75,42.82,1,99.4,93.30000000000001,1404,191.3,75.3,21.25,-22.078,5.195,4.195,31.0,32.9,64.0,1464,1,-9.3,0.43
4905,326,6.775,42.88,1,99.4,93.30000000000001,1404,191.3,75.4,21.2,-22.078,5.195,4.195,31.0,32.9,64.0,1464,1,-9.3,0.43
4906,326,6.75,42.92,1,99.4,93.30000000000001,1404,191.3,75.4,21.23,-22.078,5.195,4.195,31.0,32.9,64.0,1464,1,-9.3,0.43
4907,326,6.775,42.95,1,99.5,93.30000000000001,1404,191.3,75.4,21.21,-22.086,5.195,4.195,32.0,32.8,64.0,1464,1,-9.3,0.42
4908,326,6.775,42.94,1,99.4,93.30000000000001,1404,191.3,75.5,21.19,-22.094,5.191,4.195,31.0,32.8,64.0,1464,1,-9.3,0.42
4909,326,6.75,42.89,1,99.4,93.30000000000001,1404,191.3,75.4,21.23,-22.094,5.191,4.195,31.0,32.8,64.0,1464,1,-9.3,0.42
4910,326,6.75,42.85,1,99.4,93.30000000000001,1405,191.4,75.4,21.22,-22.094,5.191,4.195,31.0,32.9,64.0,1464,1,-9.3,0.42
4911,326,6.775,42.93,1,99.4,93.30000000000001,1405,191.4,75.3,21.15,-22.086,5.195,4.195,31.0,32.9,64.0,1464,1,-9.3,0.43
4912,326,6.775,42.9,1,99.4,93.30000000000001,1405,191.4,75.5,21.2,-22.086,5.195,4.195,31.0,32.8,64.0,1464,1,-9.3,0.43
4913,326,6.775,42.89,1,99.4,93.30000000000001,1404,191.4,75.3,21.22,-22.094,5.195,4.196,31.0,32.9,64.0,1464,1,-9.3,0.43
4914,326,6.775,42.97,1,99.4,93.30000000000001,1404,191.5,75.3,21.2,-22.094,5.191,4.195,31.0,32.9,64.0,1464,1,-9.3,0.43
4915,326,6.775,42.91,1,99.4,93.30000000000001,1404,191.5,75.4,21.19,-22.094,5.191,4.196,31.0,32.9,64.0,1464,1,-9.3,0.42
4916,326,6.775,42.86,1,99.4,93.30000000000001,1404,191.6,75.6,21.22,-22.094,5.191,4.195,31.0,32.9,64.0,1464,1,-9.3,0.43
4917,326,6.775,42.86,1,99.4,93.30000000000001,1404,191.6,75.4,21.25,-22.086,5.191,4.195,31.0,32.9,64.0,1464,1,-9.3,0.42
4918,326,6.775,42.92,1,99.4,93.30000000000001,1405,191.5,75.3,21.23,-22.094,5.191,4.195,31.0,32.9,64.0,1464,1,-9.3,0.43
4919,326,6.75,42.84,1,99.4,93.30000000000001,1405,191.6,75.4,21.22,-22.094,5.191,4.195,31.0,32.9,64.0,1463,1,-9.3,0.43
4920,326,6.75,42.83,1,99.4,93.30000000000001,1405,191.6,75.4,21.23,-22.094,5.191,4.195,31.0,32.9,64.0,1463,1,-9.3,0.43
4921,326,6.75,42.92,1,99.4,93.30000000000001,1405,191.6,75.5,21.18,-22.094,5.195,4.195,31.0,32.9,64.0,1463,1,-9.3,0.42
4922,326,6.775,42.93,1,99.4,93.30000000000001,1405,191.6,75.4,21.25,-22.094,5.195,4.195,31.0,32.9,64.0,1463,1,-9.3,0.42
4923,326,6.775,42.91,1,99.4,93.30000000000001,1405,191.5,75.6,21.25,-22.094,5.195,4.195,31.0,32.9,64.0,1463,1,-9.3,0.42
4924,326,6.775,42.93,1,99.4,93.30000000000001,1405,191.6,75.5,21.24,-22.094,5.195,4.196,32.0,32.9,64.0,1463,1,-9.3,0.43
4925,326,6.775,42.94,1,99.4,93.30000000000001,1404,191.6,75.6,21.21,-22.086,5.195,4.195,31.0,32.9,64.0,1463,1,-9.3,0.43
4926,326,6.75,43.06,1,99.4,93.30000000000001,1405,191.6,75.4,21.2,-22.078,5.195,4.195,31.0,32.9,64.0,1463,1,-9.3,0.43
4927,326,6.775,42.92,1,99.4,93.30000000000001,1405,191.6,75.4,21.25,-22.07,5.195,4.195,32.0,32.9,64.0,1463,1,-9.3,0.43
4928,326,6.775,42.91,1,99.4,93.30000000000001,1405,191.4,75.5,21.25,-22.07,5.195,4.195,31.0,32.9,64.0,1463,1,-9.3,0.43
4929,326,6.775,42.89,1,99.4,93.30000000000001,1405,191.4,75.3,21.2,-22.062,5.195,4.195,31.0,32.9,64.0,1463,1,-9.3,0.43
4930,326,6.775,42.84,1,99.3,93.30000000000001,1404,191.4,75.3,21.23,-22.062,5.195,4.195,31.0,32.9,64.0,1463,1,-9.3,0.43
4931,326,6.775,42.83,1,99.4,93.30000000000001,1404,191.4,75.4,21.22,-22.062,5.195,4.195,32.0,32.9,64.0,1463,1,-9.3,0.43
4932,326,6.75,42.88,1,99.4,93.30000000000001,1405,191.4,75.5,21.2,-22.062,5.195,4.195,31.0,32.9,64.0,1463,1,-9.3,0.42
4933,326,6.75,42.88,1,99.4,93.30000000000001,1405,191.4,75.3,21.23,-22.055,5.195,4.195,31.0,32.9,64.0,1463,1,-9.3,0.43
4934,326,6.75,42.87,1,99.4,93.30000000000001,1405,191.4,75.4,21.23,-22.055,5.195,4.195,32.0,32.9,64.0,1463,1,-9.3,0.43
4935,326,6.775,42.86,1,99.4,93.30000000000001,1404,191.3,75.5,21.25,-22.047,5.199,4.195,31.0,32.9,64.0,1463,1,-9.3,0.42
4936,326,6.775,42.91,1,99.4,93.30000000000001,1404,191.4,75.5,21.25,-22.039,5.199,4.195,32.0,32.9,64.0,1463,1,-9.3,0.43
4937,326,6.775,42.88,1,99.4,93.30000000000001,1404,191.4,75.4,21.21,-22.031,5.203,4.195,31.0,32.9,64.0,1463,1,-9.3,0.42
4938,326,6.75,42.9,1,99.4,93.30000000000001,1404,191.4,75.3,21.22,-22.023,5.203,4.195,32.0,32.9,64.0,1463,1,-9.3,0.43
4939,326,6.75,42.86,1,99.4,93.30000000000001,1404,191.4,75.3,20.77,-22.008,5.203,4.195,31.0,32.9,64.0,1463,1,-9.3,0.43
4940,326,6.75,42.9,1,99.2,93.2,1404,191.4,75.4,20.28,-22.0,5.203,4.195,31.0,32.9,64.0,1463,1,-9.3,0.44
4941,326,6.775,42.92,1,99.0,93.2,1403,191.5,75.4,20.24,-21.984,5.203,4.195,32.0,32.9,64.0,1463,1,-9.3,0.43
4942,326,6.775,43.05,1,98.9,93.10000000000001,1402,191.5,75.3,20.26,-21.977,5.203,4.195,31.0,32.9,64.0,1463,1,-9.3,0.43
4943,326,6.775,43.08,1,98.9,93.10000000000001,1401,191.5,75.3,20.21,-21.969,5.203,4.195,31.0,32.9,64.0,1463,1,-9.3,0.42
4944,326,6.775,42.8,1,98.9,93.10000000000001,1400,191.6,75.1,20.2,-21.961,5.203,4.195,32.0,32.9,64.0,1463,1,-9.3,0.42
4945,325,6.75,42.8,1,98.9,93.10000000000001,1400,191.7,75.2,20.19,-21.953,5.203,4.195,32.0,32.9,64.0,1463,1,-9.3,0.43
4946,325,6.775,42.97,1,98.8,93.10000000000001,1399,191.7,75.1,20.18,-21.945,5.203,4.195,31.0,32.9,64.0,1463,1,-9.3,0.42
4947,325,6.775,42.86,1,98.8,93.10000000000001,1398,191.7,75.1,20.25,-21.938,5.203,4.195,31.0,32.9,64.0,1463,1,-9.3,0.43
4948,325,6.775,42.83,1,99.0,93.2,1398,191.6,75.4,20.9,-21.938,5.203,4.195,31.0,32.9,64.0,1463,1,-9.3,0.42
4949,325,6.775,43.06,1,99.2,93.30000000000001,1400,191.7,75.3,21.08,-21.93,5.203,4.195,31.0,32.9,64.0,1463,1,-9.3,0.43
4950,325,6.775,42.93,1,99.3,93.30000000000001,1400,191.6,75.4,21.07,-21.922,5.203,4.195,31.0,32.9,64.0,1463,1,-9.3,0.42
4951,325,6.75,42.87,1,99.3,93.30000000000001,1401,191.7,75.4,21.06,-21.914,5.203,4.195,31.0,32.9,64.0,1463,1,-9.3,0.42
4952,325,6.75,42.88,1,99.3,93.30000000000001,1402,191.8,75.4,21.06,-21.914,5.203,4.195,31.0,32.9,64.0,1463,1,-9.3,0.42
4953,325,6.75,42.86,1,99.3,93.30000000000001,1403,191.8,75.4,21.07,-21.914,5.199,4.195,31.0,32.9,64.0,1463,1,-9.3,0.44
4954,325,6.775,42.84,1,99.3,93.30000000000001,1403,191.8,75.4,21.05,-21.914,5.199,4.195,31.0,32.9,64.0,1462,1,-9.3,0.43
4955,325,6.775,42.79,1,99.3,93.30000000000001,1403,191.7,75.4,21.11,-21.914,5.199,4.195,31.0,32.9,64.0,1462,1,-9.3,0.43
4956,325,6.775,42.88,1,99.4,93.30000000000001,1403,191.7,75.4,21.05,-21.922,5.199,4.195,31.0,32.9,64.0,1462,1,-9.3,0.42
4957,325,6.775,42.88,1,99.3,93.30000000000001,1403,191.7,75.3,21.04,-21.93,5.199,4.195,31.0,32.9,64.0,1462,1,-9.3,0.42
4958,325,6.775,42.87,1,99.3,93.30000000000001,1403,191.7,75.4,21.07,-21.938,5.199,4.195,31.0,32.9,64.0,1462,1,-9.3,0.43
4959,325,6.75,42.85,1,99.3,93.30000000000001,1403,191.8,75.4,21.07,-21.938,5.199,4.195,31.0,32.9,64.0,1462,1,-9.3,0.43
4960,325,6.775,42.74,1,99.3,93.30000000000001,1403,191.8,75.3,21.07,-21.938,5.199,4.195,31.0,32.9,64.0,1462,1,-9.3,0.42
4961,325,6.775,42.9,1,99.4,93.30000000000001,1404,191.7,75.4,21.11,-21.938,5.199,4.195,31.0,32.9,64.0,1462,1,-9.3,0.42
4962,325,6.775,42.84,1,99.3,93.30000000000001,1404,191.7,75.5,21.1,-21.945,5.199,4.195,31.0,32.9,64.0,1462,1,-9.3,0.42
4963,325,6.775,42.88,1,99.4,93.30000000000001,1404,191.7,75.5,21.07,-21.938,5.199,4.195,31.0,32.9,64.0,1462,1,-9.3,0.41
4964,325,6.775,42.87,1,99.4,93.30000000000001,1405,191.8,75.3,21.06,-21.938,5.199,4.196,31.0,32.9,64.0,1462,1,-9.3,0.43
4965,325,6.75,42.79,1,99.3,93.30000000000001,1404,191.8,75.4,21.09,-21.938,5.195,4.195,31.0,32.9,64.0,1462,1,-9.3,0.43
4966,325,6.75,42.99,1,99.3,93.30000000000001,1404,191.8,75.3,21.06,-21.938,5.195,4.196,31.0,32.9,64.0,1462,1,-9.3,0.43
4967,325,6.75,42.92,1,99.3,93.30000000000001,1404,191.8,75.3,21.05,-21.938,5.195,4.195,31.0,32.9,64.0,1462,1,-9.3,0.42
4968,325,6.75,43.04,1,99.3,93.30000000000001,1404,191.8,75.3,21.06,-21.938,5.195,4.195,31.0,32.9,64.0,1462,1,-9.3,0.42
4969,325,6.775,42.86,1,99.3,93.30000000000001,1404,191.7,75.4,21.07,-21.945,5.195,4.195,31.0,32.9,64.0,1462,1,-9.3,0.43
4970,325,6.775,42.8,1,99.3,93.30000000000001,1403,191.7,75.2,21.1,-21.945,5.195,4.195,31.0,32.9,64.0,1462,1,-9.3,0.42
4971,325,6.775,42.86,1,99.3,93.30000000000001,1403,191.6,75.3,21.09,-21.938,5.195,4.195,31.0,32.9,64.0,1462,1,-9.3,0.43
4972,325,6.75,42.9,1,99.3,93.30000000000001,1403,191.6,75.4,21.07,-21.938,5.195,4.195,31.0,32.9,64.0,1462,1,-9.3,0.43
4973,325,6.75,43.11,1,99.3,93.30000000000001,1404,191.7,75.5,21.07,-21.938,5.195,4.195,31.0,32.8,64.0,1462,1,-9.3,0.43
4974,325,6.775,42.79,1,99.3,93.30000000000001,1404,191.7,75.5,20.98,-21.945,5.195,4.195,31.0,32.8,64.0,1462,1,-9.3,0.43
4975,325,6.775,42.8,1,99.3,93.30000000000001,1404,191.6,75.4,21.09,-21.945,5.195,4.195,31.0,32.8,64.0,1462,1,-9.3,0.42
4976,325,6.75,42.78,1,99.3,93.30000000000001,1405,191.5,75.2,21.09,-21.945,5.195,4.195,31.0,32.9,64.0,1462,1,-9.3,0.43
4977,325,6.75,43.0,1,99.3,93.30000000000001,1406,191.5,75.3,21.08,-21.938,5.195,4.195,31.0,32.9,64.0,1462,1,-9.3,0.43
4978,325,6.75,43.07,1,99.3,93.30000000000001,1405,191.5,75.4,21.09,-21.938,5.191,4.195,31.0,32.9,64.0,1462,1,-9.3,0.44
4979,325,6.75,42.89,1,99.3,93.30000000000001,1405,191.4,75.3,21.08,-21.938,5.191,4.195,31.0,32.9,64.0,1462,1,-9.3,0.44
4980,325,6.775,42.87,1,99.3,93.30000000000001,1405,191.4,75.4,21.05,-21.938,5.191,4.195,31.0,32.9,64.0,1462,1,-9.2,0.43
4981,325,6.775,43.08,1,99.3,93.30000000000001,1405,191.3,75.4,21.11,-21.938,5.191,4.195,31.0,32.9,64.0,1462,1,-9.3,0.43
4982,325,6.75,42.78,1,99.3,93.30000000000001,1405,191.4,75.5,21.03,-21.938,5.191,4.195,31.0,32.9,64.0,1462,1,-9.3,0.43
4983,325,6.775,42.78,1,99.3,93.30000000000001,1405,191.4,75.5,21.07,-21.938,5.195,4.195,32.0,32.9,64.0,1462,1,-9.3,0.43
4984,325,6.775,42.83,1,99.3,93.30000000000001,1405,191.4,75.3,21.1,-21.938,5.195,4.195,31.0,32.9,63.0,1462,1,-9.2,0.42
4985,325,6.775,42.81,1,99.3,93.30000000000001,1405,191.4,75.4,21.02,-21.938,5.195,4.195,31.0,32.9,63.0,1462,1,-9.2,0.42
4986,325,6.775,42.78,1,99.3,93.30000000000001,1404,191.4,75.5,21.03,-21.938,5.195,4.195,31.0,32.9,64.0,1462,1,-9.2,0.43
4987,325,6.775,42.8,1,99.3,93.30000000000001,1404,191.4,75.4,21.03,-21.938,5.195,4.195,31.0,32.9,64.0,1462,1,-9.2,0.42
4988,325,6.775,42.77,1,99.3,93.30000000000001,1404,191.5,75.4,21.05,-21.945,5.195,4.195,31.0,32.9,64.0,1462,1,-9.2,0.42
4989,325,6.775,42.8,1,99.3,93.30000000000001,1404,191.5,75.5,21.05,-21.945,5.195,4.195,31.0,32.9,64.0,1462,1,-9.2,0.43
4990,325,6.775,42.91,1,99.3,93.30000000000001,1404,191.5,75.5,21.09,-21.938,5.195,4.195,31.0,32.9,64.0,1461,1,-9.2,0.43
4991,325,6.775,42.87,1,99.3,93.30000000000001,1404,191.5,75.4,21.07,-21.945,5.195,4.195,31.0,32.9,63.0,1461,1,-9.2,0.42
4992,325,6.775,42.83,1,99.3,93.30000000000001,1405,191.4,75.5,21.09,-21.945,5.191,4.195,32.0,32.9,63.0,1461,1,-9.2,0.42
4993,325,6.75,42.77,1,99.3,93.30000000000001,1405,191.5,75.3,21.09,-21.945,5.191,4.195,31.0,32.9,63.0,1461,1,-9.2,0.42
4994,325,6.75,42.99,1,99.3,93.30000000000001,1405,191.4,75.5,21.06,-21.945,5.191,4.195,32.0,32.9,63.0,1461,1,-9.2,0.42
4995,325,6.75,42.84,1,99.4,93.30000000000001,1405,191.3,75.4,21.07,-21.945,5.191,4.195,31.0,32.9,63.0,1461,1,-9.2,0.43
4996,325,6.775,42.81,1,99.3,93.30000000000001,1404,191.3,75.4,21.08,-21.945,5.191,4.195,32.0,32.9,63.0,1461,1,-9.2,0.43
4997,325,6.775,42.83,1,99.3,93.30000000000001,1403,191.1,75.4,21.09,-21.945,5.191,4.195,31.0,32.9,63.0,1461,1,-9.2,0.43
4998,325,6.775,42.72,1,99.3,93.30000000000001,1403,191.2,75.3,21.11,-21.953,5.191,4.195,31.0,32.9,63.0,1461,1,-9.2,0.43
4999,325,6.775,42.78,1,99.3,93.30000000000001,1404,191.2,75.4,21.07,-21.953,5.191,4.195,31.0,32.9,63.0,1461,1,-9.2,0.43
5000,325,6.75,42.83,1,99.3,93.30000000000001,1404,191.2,75.4,21.04,-21.953,5.191,4.195,31.0,32.9,63.0,1461,1,-9.2,0.42
5001,325,6.75,42.87,1,99.3,93.30000000000001,1404,191.3,75.4,21.04,-21.953,5.191,4.195,31.0,32.9,63.0,1461,1,-9.2,0.41
5002,325,6.775,43.06,1,99.3,93.30000000000001,1404,191.3,75.2,21.04,-21.961,5.191,4.195,31.0,32.9,63.0,1461,1,-9.2,0.43
5003,325,6.775,42.81,1,99.4,93.30000000000001,1404,191.3,75.4,21.05,-21.969,5.191,4.195,32.0,32.9,63.0,1461,1,-9.2,0.43
5004,325,6.75,42.79,1,99.3,93.30000000000001,1404,191.3,75.5,21.03,-21.969,5.188,4.195,32.0,32.9,63.0,1461,1,-9.2,0.43
5005,325,6.75,42.81,1,99.3,93.30000000000001,1404,191.4,75.3,21.05,-21.969,5.188,4.195,31.0,32.9,63.0,1461,1,-9.2,0.43
5006,325,6.75,42.77,1,99.3,93.30000000000001,1404,191.4,75.3,21.04,-21.977,5.191,4.195,31.0,32.9,63.0,1461,1,-9.2,0.43
5007,325,6.775,42.76,1,99.3,93.30000000000001,1404,191.3,75.4,21.07,-21.977,5.191,4.195,31.0,32.9,63.0,1461,1,-9.2,0.43
5008,325,6.775,42.8,1,99.3,93.30000000000001,1404,191.3,75.4,21.08,-21.977,5.191,4.195,31.0,32.9,63.0,1461,1,-9.2,0.43
5009,325,6.75,42.97,1,99.3,93.30000000000001,1404,191.3,75.2,21.02,-21.984,5.191,4.195,32.0,32.9,63.0,1461,1,-9.2,0.44
5010,325,6.75,42.87,1,99.3,93.30000000000001,1404,191.3,75.4,21.07,-21.984,5.191,4.195,31.0,32.9,63.0,1461,1,-9.2,0.44
5011,325,6.75,42.94,1,99.3,93.30000000000001,1404,191.4,75.2,21.12,-21.984,5.191,4.195,31.0,32.9,63.0,1461,1,-9.2,0.45
5012,325,6.75,42.8,1,99.4,93.30000000000001,1405,191.3,75.4,21.11,-21.984,5.191,4.195,32.0,32.9,63.0,1461,1,-9.2,0.44
5013,325,6.775,42.82,1,99.4,93.30000000000001,1405,191.3,75.3,21.05,-21.992,5.191,4.195,32.0,32.9,63.0,1461,1,-9.2,0.43
5014,325,6.775,42.83,1,99.4,93.30000000000001,1405,191.3,75.4,21.04,-22.0,5.188,4.195,32.0,32.9,63.0,1461,1,-9.2,0.45
5015,325,6.775,43.13,1,99.4,93.30000000000001,1405,191.2,75.2,21.07,-22.0,5.188,4.195,31.0,32.9,63.0,1461,1,-9.2,0.44
5016,325,6.75,42.89,1,99.3,93.30000000000001,1404,191.2,75.5,21.04,-22.0,5.188,4.195,32.0,32.9,63.0,1461,1,-9.2,0.44
5017,325,6.75,42.81,1,99.4,93.30000000000001,1404,191.2,75.3,21.11,-22.008,5.188,4.195,31.0,33.0,63.0,1461,1,-9.2,0.43
5018,325,6.75,42.79,1,99.4,93.30000000000001,1404,191.1,75.3,21.07,-22.008,5.188,4.195,31.0,33.0,63.0,1461,1,-9.2,0.43
5019,325,6.775,42.98,1,99.3,93.30000000000001,1404,191.1,75.3,21.03,-22.0,5.188,4.195,31.0,32.9,63.0,1461,1,-9.2,0.43
5020,325,6.775,43.18,1,99.3,93.30000000000001,1403,191.1,75.4,21.11,-22.008,5.188,4.195,31.0,33.0,63.0,1461,1,-9.2,0.44
5021,325,6.775,42.77,1,99.3,93.30000000000001,1403,191.1,75.3,21.05,-22.016,5.188,4.195,31.0,33.0,63.0,1461,1,-9.2,0.43
5022,325,6.775,42.86,1,99.4,93.30000000000001,1404,191.1,75.4,21.07,-22.016,5.188,4.195,32.0,33.0,63.0,1461,1,-9.2,0.43
5023,325,6.75,42.87,1,99.4,93.30000000000001,1404,191.1,75.4,21.03,-22.016,5.188,4.195,32.0,33.0,63.0,1461,1,-9.2,0.44
5024,325,6.75,42.87,1,99.4,93.30000000000001,1404,191.1,75.3,21.06,-22.016,5.188,4.195,32.0,33.0,63.0,1461,1,-9.2,0.43
5025,325,6.775,43.09,1,99.4,93.30000000000001,1404,191.1,75.1,21.05,-22.008,5.188,4.195,32.0,33.0,63.0,1461,1,-9.2,0.43
5026,325,6.775,42.83,1,99.4,93.30000000000001,1404,191.1,75.3,21.05,-22.016,5.188,4.195,32.0,33.0,63.0,1461,1,-9.2,0.43
5027,325,6.775,42.87,1,99.3,93.30000000000001,1404,191.0,75.2,21.05,-22.008,5.188,4.195,31.0,33.0,63.0,1460,1,-9.2,0.44
5028,325,6.775,43.17,1,99.3,93.30000000000001,1404,191.1,75.3,21.07,-22.008,5.188,4.195,31.0,33.0,63.0,1460,1,-9.2,0.43
5029,325,6.775,43.15,1,99.3,93.30000000000001,1404,191.1,75.4,21.08,-22.008,5.188,4.195,31.0,33.0,63.0,1460,1,-9.2,0.43
5030,325,6.775,42.8,1,99.3,93.30000000000001,1405,191.1,75.4,21.07,-22.0,5.188,4.195,32.0,33.0,63.0,1460,1,-9.2,0.44
5031,325,6.75,42.82,1,99.4,93.30000000000001,1405,191.1,75.4,21.04,-22.0,5.191,4.195,31.0,33.0,63.0,1460,1,-9.2,0.43
5032,325,6.775,42.88,1,99.4,93.30000000000001,1406,191.0,75.4,21.05,-22.0,5.191,4.195,32.0,33.0,63.0,1460,1,-9.2,0.42
5033,325,6.775,42.85,1,99.4,93.30000000000001,1406,191.0,75.2,21.07,-21.992,5.191,4.195,31.0,33.0,63.0,1460,1,-9.2,0.43
5034,325,6.775,42.78,1,99.4,93.30000000000001,1406,191.0,75.3,21.07,-21.992,5.188,4.195,32.0,33.0,63.0,1460,1,-9.2,0.43
5035,325,6.75,42.8,1,99.4,93.30000000000001,1405,191.0,75.3,21.04,-21.992,5.188,4.195,31.0,33.0,63.0,1460,1,-9.2,0.43
5036,325,6.75,42.97,1,99.4,93.30000000000001,1405,191.0,75.4,21.03,-21.992,5.188,4.195,32.0,33.0,63.0,1460,1,-9.2,0.44
5037,325,6.775,42.99,1,99.3,93.30000000000001,1405,191.1,75.3,21.13,-21.984,5.188,4.195,32.0,33.0,63.0,1460,1,-9.2,0.43
5038,325,6.775,42.88,1,99.3,93.30000000000001,1404,191.1,75.4,21.1,-21.984,5.188,4.195,32.0,33.0,63.0,1460,1,-9.2,0.43
5039,325,6.775,43.13,1,99.3,93.30000000000001,1404,191.1,75.4,21.06,-21.977,5.191,4.195,31.0,33.0,63.0,1460,1,-9.2,0.43
5040,325,6.775,42.85,1,99.3,93.30000000000001,1404,191.1,75.3,21.07,-21.977,5.191,4.195,32.0,33.0,63.0,1460,1,-9.2,0.42
5041,325,6.775,42.77,1,99.4,93.30000000000001,1404,191.1,75.4,21.07,-21.977,5.191,4.195,32.0,33.0,63.0,1460,1,-9.2,0.43
5042,325,6.775,42.82,1,99.4,93.30000000000001,1405,191.1,75.6,21.05,-21.969,5.191,4.195,31.0,33.0,63.0,1460,1,-9.2,0.43
5043,325,6.775,43.02,1,99.3,93.30000000000001,1405,191.2,75.5,21.07,-21.977,5.191,4.195,31.0,33.0,63.0,1460,1,-9.2,0.43
5044,325,6.75,43.06,1,99.3,93.30000000000001,1405,191.2,75.4,21.07,-21.977,5.191,4.195,31.0,33.0,63.0,1460,1,-9.2,0.43
5045,325,6.75,42.89,1,99.3,93.30000000000001,1405,191.3,75.4,21.05,-21.969,5.191,4.195,32.0,33.0,63.0,1460,1,-9.2,0.44
5046,325,6.775,42.83,1,99.3,93.30000000000001,1405,191.4,75.5,21.08,-21.969,5.191,4.195,31.0,33.0,63.0,1460,1,-9.2,0.44
5047,325,6.775,42.92,1,99.3,93.30000000000001,1404,191.3,75.4,21.04,-21.961,5.191,4.195,32.0,33.0,63.0,1460,1,-9.2,0.43
5048,325,6.775,42.93,1,99.3,93.30000000000001,1404,191.2,75.3,21.2,-21.953,5.191,4.195,31.0,33.1,63.0,1460,1,-9.2,0.43
5049,325,6.775,42.83,1,99.3,93.30000000000001,1404,191.3,75.4,21.28,-21.953,5.191,4.195,31.0,33.0,63.0,1460,1,-9.2,0.44
5050,325,6.75,42.87,1,99.3,93.30000000000001,1403,191.3,75.3,21.33,-21.953,5.191,4.195,32.0,33.1,63.0,1460,1,-9.2,0.43
5051,325,6.75,42.79,1,99.3,93.30000000000001,1403,191.4,75.2,21.31,-21.945,5.191,4.195,31.0,33.1,63.0,1460,1,-9.2,0.44
5052,326,6.75,42.77,1,99.3,93.30000000000001,1404,191.4,75.2,21.29,-21.953,5.191,4.195,32.0,33.1,63.0,1460,1,-9.2,0.44
5053,326,6.75,42.82,1,99.3,93.30000000000001,1404,191.4,75.4,21.34,-21.945,5.191,4.195,31.0,33.1,63.0,1460,1,-9.2,0.44
5054,326,6.775,42.84,1,99.4,93.30000000000001,1405,191.4,75.3,21.31,-21.945,5.191,4.195,31.0,33.1,63.0,1460,1,-9.2,0.44
5055,327,6.775,42.85,1,99.4,93.30000000000001,1405,191.4,75.3,21.3,-21.938,5.191,4.195,32.0,33.1,63.0,1460,1,-9.2,0.44
5056,327,6.75,42.93,1,99.3,93.30000000000001,1405,191.4,75.3,21.29,-21.938,5.191,4.195,32.0,33.1,63.0,1460,1,-9.2,0.43
5057,327,6.75,42.76,1,99.3,93.30000000000001,1404,191.4,75.3,21.35,-21.938,5.191,4.195,31.0,33.1,63.0,1460,1,-9.2,0.43
5058,328,6.75,43.11,1,99.3,93.30000000000001,1404,191.4,75.2,21.33,-21.938,5.188,4.195,32.0,33.1,63.0,1460,1,-9.2,0.44
5059,328,6.75,42.85,1,99.3,93.30000000000001,1404,191.5,75.3,21.35,-21.938,5.191,4.195,32.0,33.1,63.0,1460,1,-9.2,0.44
5060,328,6.775,42.79,1,99.3,93.30000000000001,1404,191.4,75.3,21.32,-21.938,5.191,4.195,32.0,33.1,63.0,1460,1,-9.2,0.44
5061,329,6.775,42.82,1,99.3,93.30000000000001,1404,191.4,75.2,21.32,-21.938,5.188,4.195,32.0,33.1,63.0,1460,1,-9.2,0.43
5062,329,6.775,42.97,1,99.3,93.30000000000001,1405,191.4,75.3,21.34,-21.938,5.188,4.195,31.0,33.1,63.0,1460,1,-9.2,0.44
5063,329,6.775,43.01,1,99.3,93.30000000000001,1404,191.3,75.2,21.28,-21.93,5.188,4.195,32.0,33.1,63.0,1460,1,-9.2,0.42
5064,329,6.775,42.8,1,99.3,93.30000000000001,1404,191.3,75.2,21.33,-21.93,5.191,4.195,31.0,33.1,63.0,1459,1,-9.2,0.42
5065,329,6.775,42.83,1,99.4,93.30000000000001,1404,191.2,75.1,21.39,-21.922,5.188,4.195,32.0,33.1,63.0,1459,1,-9.2,0.42
5066,330,6.775,42.81,1,99.3,93.30000000000001,1405,191.3,75.4,21.33,-21.922,5.188,4.195,31.0,33.1,63.0,1459,1,-9.1,0.42
5067,330,6.775,42.79,1,99.3,93.30000000000001,1405,191.3,75.3,21.32,-21.922,5.188,4.195,31.0,33.1,63.0,1459,1,-9.2,0.43
5068,330,6.775,43.13,1,99.3,93.30000000000001,1405,191.3,75.3,21.32,-21.922,5.188,4.195,31.0,33.1,63.0,1459,1,-9.2,0.43
5069,330,6.775,42.82,1,99.3,93.30000000000001,1404,191.3,75.3,21.3,-21.922,5.188,4.195,32.0,33.1,63.0,1459,1,-9.2,0.42
5070,330,6.775,43.06,1,99.3,93.30000000000001,1404,191.3,75.4,21.25,-21.922,5.188,4.195,32.0,33.1,63.0,1459,1,-9.2,0.43
5071,330,6.775,42.96,1,99.3,93.30000000000001,1404,191.3,75.5,21.32,-21.922,5.188,4.195,31.0,33.1,63.0,1459,1,-9.2,0.43
5072,330,6.775,42.82,1,99.3,93.30000000000001,1404,191.3,75.3,21.31,-21.922,5.188,4.196,31.0,33.1,63.0,1459,1,-9.2,0.43
5073,330,6.775,42.89,1,99.3,93.30000000000001,1404,191.3,75.3,21.28,-21.93,5.188,4.195,32.0,33.1,63.0,1459,1,-9.2,0.43
5074,330,6.75,42.73,1,99.3,93.30000000000001,1404,191.3,75.3,21.33,-21.922,5.188,4.195,32.0,33.1,63.0,1459,1,-9.1,0.43
5075,330,6.75,42.72,1,99.3,93.30000000000001,1404,191.3,75.3,21.32,-21.922,5.188,4.195,32.0,33.1,63.0,1459,1,-9.2,0.43
5076,330,6.775,42.8,1,99.3,93.30000000000001,1404,191.3,75.4,21.33,-21.922,5.188,4.195,31.0,33.1,63.0,1459,1,-9.1,0.42
5077,329,6.775,42.83,1,99.3,93.30000000000001,1404,191.2,75.4,21.26,-21.922,5.188,4.195,32.0,33.1,63.0,1459,1,-9.1,0.43
5078,329,6.775,42.81,1,99.3,93.30000000000001,1404,191.2,75.4,21.29,-21.922,5.188,4.195,31.0,33.1,63.0,1459,1,-9.2,0.43
5079,329,6.75,43.04,1,99.3,93.30000000000001,1404,191.2,75.4,21.33,-21.922,5.188,4.195,31.0,33.1,63.0,1459,1,-9.1,0.43
5080,329,6.75,42.69,1,99.3,93.30000000000001,1404,191.3,75.3,21.32,-21.922,5.188,4.195,32.0,33.1,63.0,1459,1,-9.2,0.44
5081,329,6.75,42.86,1,99.3,93.30000000000001,1404,191.3,75.2,21.26,-21.914,5.188,4.195,31.0,33.1,63.0,1459,1,-9.2,0.43
5082,329,6.775,42.82,1,99.3,93.30000000000001,1404,191.3,75.3,21.3,-21.914,5.188,4.195,31.0,33.1,63.0,1459,1,-9.2,0.43
5083,329,6.775,42.81,1,99.3,93.30000000000001,1404,191.2,75.3,21.3,-21.906,5.188,4.195,32.0,33.1,63.0,1459,1,-9.2,0.43
5084,329,6.775,42.89,1,99.3,93.30000000000001,1404,191.2,75.4,21.26,-21.906,5.188,4.195,32.0,33.1,63.0,1459,1,-9.2,0.43
5085,329,6.75,42.95,1,99.3,93.30000000000001,1404,191.2,75.3,21.3,-21.906,5.188,4.195,32.0,33.2,63.0,1459,1,-9.2,0.43
5086,329,6.75,42.73,1,99.3,93.30000000000001,1404,191.0,75.3,21.27,-21.906,5.188,4.195,32.0,33.1,63.0,1459,1,-9.1,0.44
5087,329,6.75,42.84,1,99.3,93.30000000000001,1404,191.0,75.4,21.29,-21.898,5.188,4.195,32.0,33.1,63.0,1459,1,-9.2,0.43
5088,329,6.775,42.79,1,99.3,93.30000000000001,1404,191.1,75.4,21.32,-21.898,5.188,4.195,32.0,33.2,63.0,1459,1,-9.1,0.42
5089,329,6.775,42.8,1,99.3,93.30000000000001,1403,191.1,75.4,21.26,-21.906,5.188,4.195,32.0,33.2,63.0,1459,1,-9.1,0.43
5090,329,6.775,43.06,1,99.3,93.30000000000001,1403,191.2,75.4,21.37,-21.914,5.188,4.195,32.0,33.1,63.0,1459,1,-9.1,0.42
5091,329,6.775,42.79,1,99.3,93.30000000000001,1404,191.2,75.3,21.35,-21.906,5.188,4.195,32.0,33.1,63.0,1459,1,-9.1,0.42
5092,329,6.775,42.77,1,99.3,93.30000000000001,1404,191.2,75.3,21.31,-21.914,5.188,4.195,32.0,33.2,63.0,1459,1,-9.1,0.44
5093,329,6.75,42.86,1,99.3,93.30000000000001,1404,191.2,75.4,21.34,-21.922,5.188,4.195,32.0,33.2,63.0,1459,1,-9.1,0.44
5094,329,6.75,43.0,1,99.3,93.30000000000001,1406,191.1,75.5,21.35,-21.922,5.188,4.195,32.0,33.2,63.0,1459,1,-9.1,0.44
5095,329,6.775,42.94,1,99.3,93.30000000000001,1406,191.1,75.3,21.29,-21.922,5.188,4.195,32.0,33.2,63.0,1459,1,-9.1,0.43
5096,329,6.775,42.78,1,99.3,93.30000000000001,1405,191.1,75.3,21.27,-21.922,5.188,4.195,32.0,33.2,63.0,1459,1,-9.1,0.44
5097,329,6.775,42.72,1,99.3,93.30000000000001,1405,191.2,75.3,21.27,-21.93,5.188,4.195,32.0,33.2,63.0,1459,1,-9.1,0.43
5098,329,6.775,42.75,1,99.3,93.30000000000001,1404,191.2,75.3,21.3,-21.922,5.188,4.195,31.0,33.2,63.0,1459,1,-9.1,0.43
5099,329,6.75,42.74,1,99.3,93.30000000000001,1404,191.2,75.4,21.35,-21.93,5.188,4.195,32.0,33.2,63.0,1459,1,-9.1,0.44
5100,329,6.75,42.83,1,99.3,93.30000000000001,1404,191.1,75.3,21.3,-21.938,5.188,4.195,32.0,33.2,63.0,1459,1,-9.1,0.44
5101,329,6.75,42.76,1,99.3,93.30000000000001,1405,191.2,75.5,21.34,-21.938,5.188,4.195,32.0,33.2,63.0,1459,1,-9.1,0.44
5102,329,6.775,42.79,1,99.3,93.30000000000001,1404,191.3,75.5,21.34,-21.93,5.191,4.195,32.0,33.2,63.0,1459,1,-9.1,0.44
5103,329,6.775,43.0,1,99.3,93.30000000000001,1405,191.3,75.4,21.32,-21.93,5.188,4.195,32.0,33.2,63.0,1458,1,-9.1,0.43
5104,329,6.775,43.11,1,99.3,93.30000000000001,1405,191.2,75.3,21.36,-21.922,5.188,4.195,32.0,33.2,63.0,1458,1,-9.1,0.43
5105,329,6.75,42.78,1,99.3,93.30000000000001,1406,191.3,75.4,21.12,-21.922,5.188,4.195,32.0,33.2,63.0,1458,1,-9.1,0.43
5106,329,6.775,42.8,1,99.3,93.30000000000001,1405,191.4,75.6,20.9,-21.922,5.188,4.195,32.0,33.2,63.0,1458,1,-9.1,0.43
5107,329,6.775,42.83,1,99.3,93.30000000000001,1404,191.4,75.4,20.91,-21.922,5.188,4.195,32.0,33.2,63.0,1458,1,-9.1,0.42
5108,329,6.775,42.81,1,99.3,93.30000000000001,1404,191.4,75.3,20.95,-21.922,5.188,4.195,31.0,33.2,63.0,1458,1,-9.1,0.44
5109,329,6.775,42.92,1,99.3,93.30000000000001,1404,191.5,75.3,20.88,-21.922,5.188,4.195,32.0,33.2,63.0,1458,1,-9.1,0.43
5110,329,6.775,42.82,1,99.3,93.30000000000001,1404,191.5,75.4,20.89,-21.922,5.191,4.195,31.0,33.2,63.0,1458,1,-9.1,0.43
5111,329,6.775,42.97,1,99.3,93.30000000000001,1404,191.5,75.3,20.85,-21.922,5.191,4.195,32.0,33.2,63.0,1458,1,-9.1,0.43
5112,329,6.75,42.81,1,99.3,93.30000000000001,1404,191.4,75.3,20.93,-21.922,5.191,4.195,32.0,33.2,63.0,1458,1,-9.1,0.43
5113,329,6.75,42.81,1,99.3,93.30000000000001,1404,191.6,75.4,20.92,-21.922,5.191,4.195,32.0,33.2,63.0,1458,1,-9.1,0.43
5114,329,6.75,42.73,1,99.3,93.30000000000001,1405,191.6,75.4,20.91,-21.922,5.191,4.195,32.0,33.1,63.0,1458,1,-9.1,0.43
5115,329,6.75,42.79,1,99.3,93.30000000000001,1405,191.5,75.3,20.92,-21.922,5.191,4.195,32.0,33.1,63.0,1458,1,-9.1,0.43
5116,329,6.775,43.06,1,99.3,93.30000000000001,1405,191.4,75.4,20.89,-21.914,5.191,4.195,32.0,33.2,63.0,1458,1,-9.1,0.43
5117,329,6.775,42.78,1,99.3,93.30000000000001,1405,191.4,75.4,20.88,-21.914,5.191,4.195,32.0,33.1,63.0,1458,1,-9.1,0.42
5118,329,6.775,42.79,1,99.3,93.30000000000001,1404,191.5,75.5,20.92,-21.914,5.191,4.195,31.0,33.1,63.0,1458,1,-9.1,0.43
5119,329,6.775,42.86,1,99.3,93.30000000000001,1405,191.4,75.4,20.86,-21.906,5.191,4.195,32.0,33.2,63.0,1458,1,-9.1,0.43
5120,329,6.75,42.92,1,99.3,93.30000000000001,1404,191.4,75.3,20.95,-21.914,5.191,4.195,31.0,33.2,63.0,1458,1,-9.1,0.43
5121,329,6.75,42.83,1,99.3,93.30000000000001,1404,191.4,75.5,20.94,-21.914,5.191,4.195,32.0,33.1,63.0,1458,1,-9.1,0.44
5122,329,6.775,42.77,1,99.3,93.30000000000001,1404,191.5,75.4,20.96,-21.906,5.191,4.195,31.0,33.1,63.0,1458,1,-9.1,0.43
5123,329,6.775,42.82,1,99.3,93.30000000000001,1404,191.5,75.4,20.91,-21.906,5.188,4.195,32.0,33.1,63.0,1458,1,-9.1,0.44
5124,329,6.775,42.83,1,99.3,93.30000000000001,1405,191.5,75.2,20.89,-21.906,5.191,4.195,32.0,33.1,63.0,1458,1,-9.1,0.43
5125,329,6.775,42.91,1,99.3,93.30000000000001,1404,191.5,75.2,20.94,-21.906,5.191,4.195,32.0,33.1,63.0,1458,1,-9.1,0.43
5126,329,6.75,42.9,1,99.3,93.30000000000001,1405,191.5,75.3,20.89,-21.906,5.191,4.195,32.0,33.1,63.0,1458,1,-9.1,0.43
5127,329,6.75,43.05,1,99.3,93.30000000000001,1404,191.5,75.3,20.9,-21.898,5.191,4.195,32.0,33.1,63.0,1458,1,-9.1,0.43
5128,329,6.75,42.88,1,99.3,93.30000000000001,1404,191.5,75.3,20.89,-21.898,5.191,4.195,32.0,33.2,63.0,1458,1,-9.1,0.43
5129,329,6.775,42.76,1,99.3,93.30000000000001,1404,191.5,75.5,20.94,-21.891,5.191,4.195,32.0,33.2,63.0,1458,1,-9.1,0.43
5130,329,6.775,43.1,1,99.3,93.30000000000001,1404,191.5,75.2,20.87,-21.898,5.191,4.195,32.0,33.2,63.0,1458,1,-9.1,0.43
5131,329,6.775,42.89,1,99.3,93.30000000000001,1404,191.5,75.3,20.89,-21.891,5.191,4.195,31.0,33.2,63.0,1458,1,-9.1,0.42
5132,329,6.775,42.76,1,99.3,93.30000000000001,1404,191.4,75.3,20.95,-21.883,5.191,4.195,32.0,33.2,63.0,1458,1,-9.1,0.43
5133,329,6.775,42.89,1,99.3,93.30000000000001,1404,191.5,75.4,20.91,-21.883,5.191,4.195,32.0,33.2,63.0,1458,1,-9.1,0.44
5134,329,6.775,42.96,1,99.3,93.2,1404,191.5,75.5,20.88,-21.875,5.191,4.195,31.0,33.2,63.0,1458,1,-9.1,0.42
5135,329,6.75,42.93,1,99.3,93.30000000000001,1404,191.5,75.6,20.97,-21.867,5.191,4.195,32.0,33.2,63.0,1458,1,-9.1,0.42
5136,329,6.75,42.86,1,99.3,93.30000000000001,1404,191.5,75.3,20.94,-21.875,5.191,4.195,31.0,33.2,63.0,1458,1,-9.1,0.43
5137,329,6.75,42.82,1,99.3,93.2,1404,191.5,75.4,20.91,-21.875,5.191,4.195,32.0,33.2,63.0,1458,1,-9.1,0.43
5138,329,6.75,42.88,1,99.3,93.2,1404,191.5,75.3,20.92,-21.875,5.191,4.195,32.0,33.2,63.0,1458,1,-9.1,0.42
5139,329,6.75,42.79,1,99.3,93.30000000000001,1404,191.5,75.4,20.91,-21.875,5.191,4.195,31.0,33.2,63.0,1458,1,-9.1,0.43
5140,329,6.775,42.79,1,99.3,93.30000000000001,1404,191.6,75.3,20.96,-21.883,5.191,4.195,32.0,33.2,63.0,1458,1,-9.1,0.44
5141,329,6.75,42.9,1,99.3,93.30000000000001,1403,191.5,75.3,20.89,-21.883,5.188,4.195,32.0,33.2,63.0,1458,1,-9.1,0.43
5142,329,6.75,42.9,1,99.3,93.30000000000001,1403,191.5,75.4,20.93,-21.883,5.188,4.195,32.0,33.2,63.0,1457,1,-9.1,0.43
5143,329,6.775,42.89,1,99.3,93.30000000000001,1403,191.5,75.3,20.93,-21.883,5.191,4.195,32.0,33.2,63.0,1457,1,-9.1,0.43
5144,329,6.775,42.75,1,99.3,93.30000000000001,1403,191.6,75.4,20.93,-21.883,5.191,4.195,32.0,33.2,63.0,1457,1,-9.1,0.43
5145,329,6.775,42.86,1,99.3,93.30000000000001,1403,191.6,75.5,20.93,-21.883,5.191,4.195,32.0,33.2,63.0,1457,1,-9.1,0.44
5146,329,6.75,42.9,1,99.3,93.30000000000001,1404,191.6,75.4,20.9,-21.875,5.191,4.195,32.0,33.2,63.0,1457,1,-9.1,0.43
5147,329,6.775,42.78,1,99.3,93.30000000000001,1404,191.6,75.4,20.87,-21.875,5.191,4.195,32.0,33.2,63.0,1457,1,-9.1,0.43
5148,329,6.775,42.88,1,99.3,93.30000000000001,1404,191.6,75.3,20.89,-21.875,5.191,4.195,32.0,33.2,63.0,1457,1,-9.1,0.43
5149,329,6.775,42.99,1,99.3,93.30000000000001,1404,191.6,75.3,20.86,-21.875,5.191,4.195,32.0,33.2,63.0,1457,1,-9.1,0.43
5150,329,6.775,42.85,1,99.3,93.30000000000001,1404,191.5,75.4,20.92,-21.875,5.191,4.195,32.0,33.2,63.0,1457,1,-9.1,0.43
5151,329,6.775,42.81,1,99.3,93.30000000000001,1405,191.5,75.5,20.93,-21.875,5.188,4.195,31.0,33.2,63.0,1457,1,-9.1,0.43
5152,329,6.75,42.75,1,99.3,93.30000000000001,1405,191.5,75.3,20.95,-21.875,5.188,4.195,31.0,33.2,63.0,1457,1,-9.1,0.44
5153,329,6.775,42.9,1,99.3,93.30000000000001,1406,191.5,75.4,20.89,-21.875,5.188,4.195,32.0,33.2,63.0,1457,1,-9.1,0.44
5154,329,6.775,42.81,1,99.3,93.30000000000001,1406,191.5,75.4,20.91,-21.875,5.188,4.195,32.0,33.2,63.0,1457,1,-9.1,0.44
5155,329,6.775,42.78,1,99.3,93.30000000000001,1405,191.5,75.4,20.89,-21.875,5.188,4.195,32.0,33.2,63.0,1457,1,-9.1,0.43
5156,329,6.775,42.77,1,99.3,93.30000000000001,1405,191.5,75.4,20.89,-21.883,5.188,4.195,32.0,33.2,63.0,1457,1,-9.1,0.44
5157,329,6.775,42.8,1,99.3,93.30000000000001,1405,191.6,75.3,20.92,-21.891,5.188,4.195,32.0,33.2,63.0,1457,1,-9.1,0.44
5158,329,6.775,42.87,1,99.3,93.30000000000001,1406,191.6,75.4,20.89,-21.891,5.188,4.195,31.0,33.2,63.0,1457,1,-9.1,0.44
5159,329,6.75,42.76,1,99.3,93.30000000000001,1405,191.6,75.5,20.95,-21.883,5.188,4.195,31.0,33.2,63.0,1457,1,-9.1,0.44
5160,329,6.775,43.0,1,99.3,93.30000000000001,1405,191.5,75.4,20.93,-21.883,5.188,4.195,32.0,33.2,63.0,1457,1,-9.1,0.44
5161,329,6.75,42.79,1,99.3,93.30000000000001,1404,191.5,75.4,20.89,-21.883,5.188,4.195,32.0,33.2,63.0,1457,1,-9.1,0.43
5162,329,6.75,42.82,1,99.3,93.30000000000001,1404,191.6,75.4,20.9,-21.891,5.188,4.195,32.0,33.2,63.0,1457,1,-9.1,0.43
5163,329,6.75,42.86,1,99.3,93.30000000000001,1403,191.6,75.4,20.92,-21.883,5.188,4.195,32.0,33.2,63.0,1457,1,-9.1,0.43
5164,329,6.75,42.9,1,99.3,93.30000000000001,1403,191.6,75.3,20.94,-21.891,5.188,4.195,32.0,33.2,63.0,1457,1,-9.1,0.42
5165,329,6.75,42.91,1,99.3,93.30000000000001,1403,191.6,75.3,20.91,-21.891,5.188,4.195,32.0,33.2,63.0,1457,1,-9.1,0.43
5166,329,6.775,42.81,1,99.3,93.30000000000001,1403,191.6,75.4,21.13,-21.891,5.188,4.195,32.0,33.2,63.0,1457,1,-9.1,0.42
5167,329,6.775,42.83,1,99.3,93.30000000000001,1403,191.6,75.4,21.13,-21.891,5.191,4.195,32.0,33.2,63.0,1457,1,-9.1,0.42
5168,329,6.775,42.85,1,99.3,93.30000000000001,1404,191.6,75.4,21.14,-21.891,5.191,4.195,32.0,33.2,63.0,1457,1,-9.1,0.41
5169,329,6.775,43.14,1,99.3,93.30000000000001,1404,191.7,75.4,21.17,-21.891,5.191,4.195,32.0,33.2,63.0,1457,1,-9.1,0.42
5170,329,6.75,42.87,1,99.3,93.30000000000001,1404,191.7,75.4,21.2,-21.883,5.191,4.195,32.0,33.2,63.0,1457,1,-9.1,0.43
5171,329,6.75,42.81,1,99.3,93.30000000000001,1404,191.8,75.3,21.23,-21.883,5.191,4.195,32.0,33.2,63.0,1457,1,-9.1,0.42
5172,329,6.775,42.84,1,99.3,93.30000000000001,1404,191.7,75.4,21.2,-21.875,5.191,4.195,31.0,33.2,63.0,1457,1,-9.1,0.43
5173,329,6.775,42.92,1,99.3,93.30000000000001,1404,191.6,75.4,21.23,-21.867,5.188,4.195,32.0,33.2,63.0,1457,1,-9.1,0.42
5174,329,6.775,42.76,1,99.3,93.30000000000001,1404,191.6,75.5,21.21,-21.867,5.188,4.195,32.0,33.2,63.0,1457,1,-9.1,0.42
5175,329,6.775,42.84,1,99.3,93.30000000000001,1403,191.7,75.5,21.23,-21.867,5.188,4.195,32.0,33.2,63.0,1457,1,-9.1,0.42
5176,329,6.75,42.76,1,99.3,93.30000000000001,1403,191.7,75.3,21.2,-21.867,5.191,4.195,32.0,33.2,63.0,1457,1,-9.1,0.43
5177,329,6.775,42.9,1,99.2,93.30000000000001,1403,191.7,75.4,21.23,-21.875,5.191,4.195,32.0,33.2,63.0,1457,1,-9.1,0.43
5178,329,6.775,42.91,1,99.3,93.30000000000001,1404,191.7,75.4,21.27,-21.875,5.191,4.195,32.0,33.2,63.0,1457,1,-9.1,0.43
5179,329,6.775,42.86,1,99.3,93.30000000000001,1404,191.7,75.4,21.17,-21.875,5.188,4.195,32.0,33.2,63.0,1457,1,-9.0,0.43
5180,329,6.775,42.88,1,99.3,93.30000000000001,1404,191.8,75.3,21.14,-21.875,5.191,4.195,32.0,33.2,63.0,1457,1,-9.1,0.43
5181,329,6.75,42.75,1,99.3,93.30000000000001,1404,191.8,75.4,21.25,-21.867,5.191,4.195,31.0,33.2,63.0,1457,1,-9.1,0.43
5182,329,6.75,42.7,1,99.3,93.30000000000001,1404,191.8,75.3,21.17,-21.867,5.191,4.195,32.0,33.2,63.0,1457,1,-9.1,0.43
5183,329,6.75,42.72,1,99.3,93.30000000000001,1404,191.8,75.2,21.26,-21.867,5.191,4.195,32.0,33.2,63.0,1456,1,-9.1,0.43
5184,329,6.75,42.81,1,99.3,93.30000000000001,1404,191.8,75.2,21.27,-21.859,5.191,4.195,32.0,33.2,63.0,1456,1,-9.1,0.43
5185,329,6.75,42.85,1,99.3,93.30000000000001,1404,191.8,75.4,21.18,-21.859,5.191,4.195,32.0,33.1,63.0,1456,1,-9.1,0.44
5186,329,6.75,42.75,1,99.3,93.30000000000001,1404,191.8,75.2,21.22,-21.859,5.191,4.195,32.0,33.1,63.0,1456,1,-9.1,0.43
5187,329,6.75,42.84,1,99.3,93.30000000000001,1404,191.8,75.5,21.21,-21.852,5.191,4.195,32.0,33.2,63.0,1456,1,-9.1,0.44
5188,329,6.75,42.83,1,99.3,93.30000000000001,1404,191.8,75.5,21.2,-21.844,5.191,4.195,32.0,33.1,63.0,1456,1,-9.0,0.44
5189,329,6.75,43.15,1,99.3,93.2,1403,191.8,75.4,21.23,-21.844,5.191,4.195,32.0,33.1,63.0,1456,1,-9.1,0.43
5190,329,6.775,42.78,1,99.2,93.2,1404,191.8,75.4,21.18,-21.836,5.188,4.195,32.0,33.1,63.0,1456,1,-9.1,0.43
5191,329,6.775,42.82,1,99.3,93.30000000000001,1404,191.8,75.3,21.16,-21.844,5.188,4.195,32.0,33.1,63.0,1456,1,-9.0,0.42
5192,329,6.775,42.93,1,99.3,93.30000000000001,1403,191.8,75.2,21.24,-21.844,5.188,4.195,32.0,33.1,63.0,1456,1,-9.1,0.43
5193,329,6.75,42.75,1,99.3,93.30000000000001,1403,191.8,75.3,21.2,-21.844,5.188,4.195,32.0,33.1,63.0,1456,1,-9.1,0.43
5194,329,6.75,42.97,1,99.3,93.30000000000001,1403,191.7,75.3,21.16,-21.844,5.191,4.195,32.0,33.1,63.0,1456,1,-9.1,0.43
5195,329,6.775,43.01,1,99.2,93.30000000000001,1403,191.6,75.3,21.22,-21.844,5.191,4.195,31.0,33.1,63.0,1456,1,-9.0,0.44
5196,329,6.775,42.78,1,99.3,93.30000000000001,1404,191.6,75.3,21.16,-21.836,5.191,4.195,31.0,33.2,63.0,1456,1,-9.1,0.44
5197,329,6.775,43.06,1,99.3,93.30000000000001,1404,191.6,75.2,21.2,-21.836,5.191,4.195,32.0,33.1,63.0,1456,1,-9.0,0.43
5198,329,6.775,42.8,1,99.3,93.30000000000001,1404,191.5,75.3,21.18,-21.836,5.191,4.195,32.0,33.1,63.0,1456,1,-9.0,0.43
5199,329,6.75,42.84,1,99.3,93.30000000000001,1404,191.5,75.4,21.23,-21.836,5.191,4.195,32.0,33.1,63.0,1456,1,-9.0,0.43
5200,329,6.775,42.79,1,99.2,93.2,1404,191.5,75.2,21.22,-21.836,5.191,4.195,32.0,33.2,63.0,1456,1,-9.0,0.43
5201,329,6.775,42.8,1,99.3,93.30000000000001,1404,191.5,75.3,21.16,-21.828,5.191,4.195,32.0,33.1,63.0,1456,1,-9.0,0.43
5202,328,6.75,42.79,1,99.3,93.30000000000001,1404,191.5,75.2,21.23,-21.836,5.191,4.195,31.0,33.1,63.0,1456,1,-9.0,0.43
5203,328,6.775,42.85,1,99.3,93.30000000000001,1403,191.4,75.4,21.23,-21.836,5.191,4.195,32.0,33.2,63.0,1456,1,-9.1,0.44
5204,328,6.775,42.81,1,99.2,93.30000000000001,1404,191.4,75.3,21.13,-21.828,5.191,4.195,31.0,33.2,63.0,1456,1,-9.0,0.43
5205,328,6.75,42.73,1,99.3,93.30000000000001,1404,191.4,75.2,21.15,-21.836,5.191,4.195,32.0,33.2,63.0,1456,1,-9.0,0.44
5206,328,6.75,42.75,1,99.3,93.30000000000001,1404,191.3,75.3,21.18,-21.836,5.191,4.195,31.0,33.2,63.0,1456,1,-9.1,0.43
5207,328,6.775,43.07,1,99.3,93.30000000000001,1405,191.2,75.3,21.21,-21.828,5.191,4.195,32.0,33.2,63.0,1456,1,-9.0,0.43
5208,328,6.775,42.84,1,99.3,93.30000000000001,1404,191.2,75.4,21.21,-21.828,5.191,4.195,32.0,33.2,63.0,1456,1,-9.0,0.44
5209,328,6.775,42.85,1,99.3,93.30000000000001,1404,191.2,75.4,21.23,-21.828,5.191,4.195,32.0,33.2,63.0,1456,1,-9.0,0.44
5210,328,6.775,42.84,1,99.3,93.30000000000001,1404,191.2,75.3,21.24,-21.828,5.191,4.195,32.0,33.2,63.0,1456,1,-9.0,0.43
5211,328,6.75,42.94,1,99.3,93.30000000000001,1404,191.2,75.2,21.21,-21.828,5.195,4.195,32.0,33.2,63.0,1456,1,-9.0,0.44
5212,328,6.75,42.84,1,99.3,93.30000000000001,1404,191.3,75.3,21.2,-21.828,5.195,4.195,32.0,33.2,63.0,1456,1,-9.0,0.44
5213,328,6.75,42.82,1,99.2,93.30000000000001,1404,191.3,75.4,21.21,-21.82,5.195,4.195,32.0,33.2,63.0,1456,1,-9.0,0.45
5214,328,6.775,42.82,1,99.3,93.30000000000001,1404,191.2,75.3,21.21,-21.82,5.195,4.195,32.0,33.2,63.0,1456,1,-9.0,0.42
5215,328,6.775,43.0,1,99.3,93.30000000000001,1404,191.3,75.2,21.25,-21.82,5.195,4.195,32.0,33.2,63.0,1456,1,-9.0,0.43
5216,328,6.775,42.81,1,99.2,93.2,1403,191.3,75.3,21.14,-21.82,5.195,4.195,32.0,33.2,63.0,1456,1,-9.0,0.43
5217,328,6.775,42.84,1,99.3,93.30000000000001,1403,191.4,75.2,21.24,-21.82,5.191,4.195,32.0,33.2,63.0,1456,1,-9.0,0.43
5218,328,6.775,42.93,1,99.3,93.30000000000001,1403,191.4,75.4,21.22,-21.828,5.191,4.195,31.0,33.2,63.0,1456,1,-9.0,0.44
5219,328,6.75,42.9,1,99.3,93.30000000000001,1403,191.3,75.4,21.21,-21.836,5.191,4.195,32.0,33.2,63.0,1456,1,-9.0,0.43
5220,328,6.775,42.82,1,99.2,93.30000000000001,1403,191.3,75.4,21.27,-21.836,5.191,4.195,32.0,33.2,63.0,1456,1,-9.0,0.43
5221,328,6.775,42.91,1,99.3,93.30000000000001,1403,191.4,75.4,21.23,-21.844,5.191,4.195,32.0,33.2,63.0,1456,1,-9.0,0.43
5222,328,6.775,42.95,1,99.3,93.30000000000001,1402,191.5,75.4,21.21,-21.852,5.191,4.195,32.0,33.2,63.0,1456,1,-9.0,0.43
5223,328,6.775,42.91,1,99.3,93.2,1403,191.5,75.3,21.23,-21.852,5.191,4.195,32.0,33.2,63.0,1456,1,-9.0,0.43
5224,328,6.775,42.93,1,99.3,93.30000000000001,1403,191.5,75.3,21.23,-21.859,5.191,4.195,32.0,33.2,63.0,1456,1,-9.0,0.43
5225,328,6.75,43.2,1,99.3,93.2,1403,191.5,75.4,21.16,-21.859,5.195,4.195,32.0,33.2,63.0,1456,1,-9.0,0.43
5226,328,6.775,42.97,1,99.3,93.30000000000001,1404,191.4,75.3,21.2,-21.867,5.191,4.195,32.0,33.2,63.0,1456,1,-9.0,0.43
5227,328,6.775,42.91,1,99.3,93.30000000000001,1403,191.5,75.3,21.18,-21.867,5.195,4.195,32.0,33.2,63.0,1455,1,-9.0,0.45
5228,328,6.775,42.98,1,99.3,93.30000000000001,1403,191.5,75.6,21.16,-21.875,5.195,4.195,32.0,33.2,63.0,1455,1,-9.0,0.43
5229,328,6.75,42.95,1,99.3,93.30000000000001,1403,191.5,75.4,21.19,-21.883,5.191,4.195,32.0,33.1,63.0,1455,1,-9.0,0.42
5230,328,6.775,42.86,1,99.3,93.2,1403,191.5,75.3,21.21,-21.883,5.195,4.195,32.0,33.2,63.0,1455,1,-9.0,0.43
5231,328,6.775,43.02,1,99.3,93.2,1404,191.4,75.4,21.2,-21.891,5.195,4.195,32.0,33.2,63.0,1455,1,-9.0,0.43
5232,328,6.775,42.81,1,99.3,93.30000000000001,1404,191.4,75.4,21.21,-21.898,5.191,4.195,32.0,33.2,63.0,1455,1,-9.0,0.44
5233,328,6.775,42.95,1,99.3,93.2,1404,191.3,75.3,21.23,-21.898,5.191,4.195,32.0,33.2,63.0,1455,1,-9.0,0.44
5234,328,6.75,43.08,1,99.3,93.30000000000001,1404,191.2,75.3,21.22,-21.898,5.191,4.195,32.0,33.2,63.0,1455,1,-9.0,0.44
5235,328,6.75,42.89,1,99.3,93.30000000000001,1404,191.2,75.3,21.2,-21.898,5.191,4.195,32.0,33.1,63.0,1455,1,-9.0,0.42
5236,328,6.75,42.77,1,99.3,93.30000000000001,1403,191.1,75.2,21.2,-21.898,5.191,4.195,32.0,33.2,63.0,1455,1,-9.0,0.43
5237,328,6.775,42.87,1,99.3,93.30000000000001,1403,191.0,75.4,21.22,-21.906,5.188,4.195,32.0,33.1,63.0,1455,1,-9.0,0.43
5238,328,6.775,42.84,1,99.3,93.30000000000001,1403,191.0,75.5,21.21,-21.898,5.188,4.195,32.0,33.1,63.0,1455,1,-9.0,0.43
5239,328,6.775,42.91,1,99.3,93.30000000000001,1403,191.1,75.4,21.16,-21.898,5.188,4.195,32.0,33.1,63.0,1455,1,-9.0,0.43
5240,328,6.75,42.87,1,99.3,93.2,1403,191.0,75.4,21.22,-21.898,5.188,4.195,32.0,33.1,63.0,1455,1,-9.0,0.44
5241,328,6.75,42.85,1,99.3,93.30000000000001,1404,191.0,75.4,21.22,-21.898,5.188,4.195,31.0,33.1,63.0,1455,1,-9.0,0.43
5242,328,6.75,42.89,1,99.3,93.30000000000001,1404,191.0,75.4,21.22,-21.891,5.188,4.195,32.0,33.1,63.0,1455,1,-9.0,0.43
5243,328,6.775,42.88,1,99.3,93.30000000000001,1404,191.0,75.3,21.23,-21.891,5.191,4.195,32.0,33.1,63.0,1455,1,-9.0,0.43
5244,328,6.775,42.81,1,99.3,93.30000000000001,1404,191.2,75.4,21.19,-21.891,5.191,4.195,32.0,33.1,63.0,1455,1,-9.0,0.43
5245,328,6.775,42.85,1,99.3,93.2,1403,191.1,75.2,21.19,-21.891,5.191,4.195,32.0,33.1,63.0,1455,1,-9.0,0.43
5246,328,6.75,42.87,1,99.3,93.30000000000001,1403,191.0,75.3,21.2,-21.898,5.191,4.195,31.0,33.1,63.0,1455,1,-9.0,0.43
5247,328,6.75,42.82,1,99.3,93.30000000000001,1403,191.1,75.3,21.22,-21.898,5.191,4.195,32.0,33.1,63.0,1455,1,-9.0,0.45
5248,328,6.775,42.76,1,99.3,93.2,1403,191.1,75.4,21.28,-21.914,5.191,4.195,32.0,33.1,63.0,1455,1,-9.0,0.44
5249,328,6.775,42.86,1,99.3,93.2,1403,191.0,75.3,21.24,-21.914,5.191,4.195,31.0,33.1,63.0,1455,1,-9.0,0.43
5250,328,6.775,42.83,1,99.3,93.30000000000001,1403,191.0,75.4,21.25,-21.914,5.188,4.195,32.0,33.1,63.0,1455,1,-9.0,0.43
5251,328,6.775,42.87,1,99.3,93.2,1403,191.0,75.2,21.2,-21.922,5.188,4.195,31.0,33.1,63.0,1455,1,-9.0,0.44
5252,328,6.775,42.82,1,99.3,93.30000000000001,1402,191.0,75.4,21.24,-21.93,5.188,4.195,32.0,33.1,63.0,1455,1,-9.0,0.43
5253,328,6.75,42.81,1,99.3,93.30000000000001,1402,190.9,75.4,21.14,-21.938,5.188,4.195,32.0,33.1,63.0,1455,1,-9.0,0.44
5254,328,6.75,42.88,1,99.3,93.30000000000001,1402,191.0,75.2,21.26,-21.945,5.188,4.195,32.0,33.1,63.0,1455,1,-9.0,0.44
5255,328,6.775,42.84,1,99.3,93.30000000000001,1402,191.0,75.3,21.29,-21.953,5.188,4.195,32.0,33.1,63.0,1455,1,-9.0,0.43
5256,328,6.775,42.79,1,99.3,93.30000000000001,1402,191.1,75.4,21.23,-21.961,5.188,4.195,32.0,33.1,63.0,1455,1,-9.0,0.43
5257,328,6.775,42.85,1,99.4,93.30000000000001,1402,191.0,75.4,21.23,-21.969,5.188,4.195,32.0,33.1,63.0,1455,1,-9.0,0.44
5258,328,6.75,42.86,1,99.3,93.30000000000001,1403,191.0,75.3,21.26,-21.969,5.188,4.195,32.0,33.1,63.0,1455,1,-9.0,0.43
5259,328,6.75,43.03,1,99.3,93.30000000000001,1403,191.0,75.3,21.23,-21.969,5.188,4.195,32.0,33.1,63.0,1455,1,-9.0,0.43
5260,328,6.775,42.81,1,99.3,93.2,1404,191.0,75.3,21.21,-21.977,5.188,4.195,32.0,33.1,63.0,1455,1,-9.0,0.43
5261,328,6.775,42.88,1,99.3,93.30000000000001,1404,191.0,75.3,21.18,-21.977,5.188,4.195,32.0,33.1,63.0,1455,1,-9.0,0.43
5262,327,6.775,42.76,1,99.3,93.30000000000001,1403,191.0,75.3,21.21,-21.977,5.188,4.195,32.0,33.1,63.0,1455,1,-9.0,0.44
5263,327,6.775,42.78,1,99.3,93.30000000000001,1403,191.1,75.3,21.25,-21.984,5.188,4.195,32.0,33.1,63.0,1455,1,-9.0,0.44
5264,327,6.775,42.76,1,99.3,93.30000000000001,1403,191.0,75.3,21.22,-21.984,5.188,4.195,31.0,33.1,63.0,1455,1,-9.0,0.43
5265,327,6.775,42.74,1,99.3,93.30000000000001,1402,191.1,75.3,21.2,-21.992,5.188,4.195,32.0,33.1,63.0,1455,1,-9.0,0.43
5266,327,6.775,42.81,1,99.4,93.30000000000001,1403,191.0,75.2,21.23,-21.992,5.188,4.195,31.0,33.1,63.0,1455,1,-9.0,0.43
5267,328,6.775,42.9,1,99.4,93.30000000000001,1404,191.0,75.2,21.25,-22.0,5.188,4.195,32.0,33.1,63.0,1455,1,-9.0,0.43
5268,328,6.75,42.76,1,99.4,93.30000000000001,1404,191.0,75.4,21.17,-22.0,5.188,4.195,31.0,33.1,63.0,1455,1,-9.0,0.44
5269,328,6.75,42.84,1,99.4,93.30000000000001,1404,191.0,75.4,21.2,-22.0,5.188,4.195,32.0,33.1,63.0,1455,1,-9.0,0.45
5270,328,6.775,42.87,1,99.4,93.30000000000001,1404,191.0,75.4,21.18,-22.0,5.184,4.195,32.0,33.1,63.0,1455,1,-9.0,0.44
5271,328,6.775,42.94,1,99.3,93.30000000000001,1404,190.9,75.4,21.25,-22.0,5.184,4.195,32.0,33.1,63.0,1454,1,-9.0,0.44
5272,328,6.775,42.93,1,99.4,93.30000000000001,1404,190.9,75.4,21.24,-22.008,5.184,4.195,32.0,33.1,63.0,1454,1,-9.0,0.45
5273,328,6.775,42.95,1,99.3,93.30000000000001,1404,190.9,75.3,20.98,-22.016,5.184,4.195,31.0,33.1,63.0,1454,1,-9.0,0.45
5274,328,6.775,42.91,1,99.4,93.30000000000001,1404,190.9,75.3,20.89,-22.016,5.184,4.195,32.0,33.1,63.0,1454,1,-9.0,0.43
5275,328,6.775,42.85,1,99.3,93.30000000000001,1404,190.9,75.3,20.85,-22.016,5.188,4.195,31.0,33.1,63.0,1454,1,-9.0,0.44
5276,328,6.775,42.98,1,99.3,93.30000000000001,1404,190.8,75.4,20.75,-22.016,5.188,4.195,32.0,33.1,63.0,1454,1,-9.0,0.44
5277,328,6.775,43.07,1,99.3,93.2,1404,190.8,75.2,20.79,-22.016,5.188,4.195,31.0,33.1,63.0,1454,1,-9.0,0.44
5278,328,6.75,42.93,1,99.3,93.30000000000001,1403,190.8,75.2,20.8,-22.016,5.188,4.195,32.0,33.1,63.0,1454,1,-9.0,0.45
5279,328,6.75,42.9,1,99.3,93.30000000000001,1403,190.8,75.3,20.84,-22.023,5.188,4.195,32.0,33.1,63.0,1454,1,-9.0,0.43
5280,328,6.775,43.0,1,99.3,93.2,1403,190.8,75.3,20.81,-22.023,5.188,4.195,31.0,33.1,63.0,1454,1,-9.0,0.44
5281,328,6.775,43.02,1,99.3,93.30000000000001,1403,190.8,75.4,20.74,-22.023,5.188,4.195,32.0,33.1,63.0,1454,1,-9.0,0.43
5282,328,6.75,42.91,1,99.3,93.2,1403,190.9,75.4,20.8,-22.023,5.188,4.195,32.0,33.1,63.0,1454,1,-9.0,0.43
5283,328,6.75,42.88,1,99.3,93.30000000000001,1403,190.9,75.4,20.77,-22.023,5.188,4.195,31.0,33.1,63.0,1454,1,-9.0,0.43
5284,328,6.75,42.97,1,99.3,93.2,1403,191.0,75.3,20.76,-22.023,5.184,4.195,32.0,33.1,63.0,1454,1,-9.0,0.43
5285,328,6.775,42.89,1,99.3,93.30000000000001,1403,190.9,75.2,20.83,-22.023,5.184,4.195,32.0,33.1,63.0,1454,1,-9.0,0.44
5286,328,6.775,43.05,1,99.3,93.30000000000001,1403,190.9,75.2,20.78,-22.023,5.184,4.195,32.0,33.1,63.0,1454,1,-9.0,0.44
5287,328,6.775,42.93,1,99.3,93.30000000000001,1404,191.0,75.4,20.78,-22.023,5.184,4.195,32.0,33.1,63.0,1454,1,-9.0,0.43
5288,328,6.775,43.06,1,99.3,93.2,1404,191.0,75.3,20.8,-22.023,5.184,4.195,32.0,33.1,63.0,1454,1,-9.0,0.44
5289,328,6.775,42.99,1,99.3,93.2,1403,191.0,75.4,20.74,-22.023,5.184,4.195,32.0,33.1,63.0,1454,1,-9.0,0.44
5290,328,6.75,42.96,1,99.3,93.30000000000001,1402,191.0,75.5,20.78,-22.023,5.184,4.195,31.0,33.1,63.0,1454,1,-9.0,0.44
5291,328,6.75,42.83,1,99.3,93.2,1403,191.0,75.4,20.81,-22.016,5.184,4.195,31.0,33.1,63.0,1454,1,-9.0,0.44
5292,328,6.775,42.81,1,99.3,93.30000000000001,1403,191.0,75.4,20.78,-22.016,5.184,4.195,31.0,33.1,63.0,1454,1,-9.0,0.44
5293,328,6.775,42.84,1,99.3,93.2,1403,191.1,75.5,20.83,-22.016,5.184,4.195,32.0,33.1,63.0,1454,1,-9.0,0.43
5294,328,6.775,42.79,1,99.3,93.2,1403,191.0,75.3,20.82,-22.008,5.188,4.195,32.0,33.1,63.0,1454,1,-9.0,0.43
5295,328,6.75,42.77,1,99.3,93.30000000000001,1403,191.0,75.3,20.74,-22.008,5.188,4.195,32.0,33.1,63.0,1454,1,-9.0,0.43
5296,328,6.75,42.75,1,99.3,93.2,1403,191.1,75.3,20.82,-22.008,5.188,4.195,32.0,33.1,63.0,1454,1,-9.0,0.42
5297,328,6.775,42.79,1,99.3,93.30000000000001,1402,191.1,75.3,20.75,-22.0,5.188,4.195,32.0,33.1,63.0,1454,1,-9.0,0.42
5298,328,6.775,42.93,1,99.3,93.30000000000001,1402,191.1,75.3,20.76,-22.0,5.188,4.195,32.0,33.1,63.0,1454,1,-9.0,0.42
5299,328,6.775,42.85,1,99.3,93.2,1403,191.1,75.3,20.77,-21.992,5.188,4.195,32.0,33.1,63.0,1454,1,-9.0,0.43
5300,328,6.775,43.06,1,99.3,93.2,1402,191.1,75.4,20.79,-21.984,5.188,4.195,32.0,33.1,63.0,1454,1,-9.0,0.43
5301,328,6.775,42.81,1,99.3,93.30000000000001,1402,191.0,75.4,20.84,-21.984,5.188,4.195,31.0,33.1,63.0,1454,1,-9.0,0.43
5302,328,6.75,42.83,1,99.3,93.30000000000001,1402,191.0,75.3,20.84,-21.977,5.188,4.195,32.0,33.1,63.0,1454,1,-9.0,0.43
5303,328,6.75,43.04,1,99.3,93.2,1403,191.0,75.4,20.79,-21.977,5.188,4.195,32.0,33.1,63.0,1454,1,-9.0,0.43
5304,328,6.75,42.99,1,99.3,93.30000000000001,1403,191.0,75.6,20.8,-21.969,5.191,4.195,31.0,33.1,63.0,1454,1,-9.0,0.43
5305,328,6.775,42.85,1,99.3,93.30000000000001,1403,191.0,75.3,20.75,-21.969,5.191,4.195,32.0,33.1,63.0,1454,1,-9.0,0.43
5306,328,6.775,42.9,1,99.2,93.2,1403,191.0,75.4,20.82,-21.969,5.191,4.195,32.0,33.1,63.0,1454,1,-9.0,0.43
5307,328,6.775,42.89,1,99.3,93.2,1403,191.1,75.5,20.82,-21.961,5.191,4.195,32.0,33.1,63.0,1454,1,-9.0,0.43
5308,328,6.775,42.83,1,99.3,93.30000000000001,1403,191.0,75.4,20.78,-21.961,5.188,4.195,32.0,33.1,63.0,1454,1,-9.0,0.43
5309,328,6.775,42.86,1,99.3,93.2,1404,191.1,75.4,20.82,-21.953,5.188,4.195,32.0,33.1,63.0,1454,1,-9.0,0.42
5310,328,6.75,42.8,1,99.3,93.30000000000001,1404,191.1,75.5,20.82,-21.953,5.191,4.195,31.0,33.1,63.0,1454,1,-9.0,0.42
5311,328,6.75,42.9,1,99.3,93.30000000000001,1404,191.0,75.5,21.14,-21.945,5.191,4.195,32.0,33.1,63.0,1454,1,-9.0,0.43
5312,328,6.775,42.88,1,99.3,93.30000000000001,1404,191.0,75.5,21.19,-21.945,5.191,4.195,32.0,33.1,63.0,1454,1,-9.0,0.43
5313,328,6.775,42.89,1,99.3,93.2,1404,191.0,75.4,21.16,-21.938,5.191,4.195,32.0,33.1,63.0,1454,1,-9.0,0.43
5314,328,6.75,42.77,1,99.3,93.30000000000001,1403,191.0,75.5,21.23,-21.938,5.191,4.195,32.0,33.1,63.0,1454,1,-9.0,0.45
5315,328,6.75,42.76,1,99.3,93.2,1403,191.1,75.4,21.15,-21.93,5.191,4.195,32.0,33.1,63.0,1454,1,-9.0,0.44
5316,328,6.75,42.78,1,99.3,93.30000000000001,1403,191.1,75.2,21.21,-21.93,5.191,4.195,32.0,33.1,63.0,1454,1,-9.0,0.43
5317,328,6.775,42.94,1,99.3,93.30000000000001,1403,191.1,75.4,21.23,-21.93,5.191,4.195,32.0,33.1,63.0,1454,1,-9.0,0.44
5318,328,6.775,42.95,1,99.3,93.30000000000001,1403,191.1,75.4,21.25,-21.93,5.191,4.195,32.0,33.1,63.0,1454,1,-9.0,0.43
5319,328,6.775,42.96,1,99.3,93.30000000000001,1404,191.1,75.4,21.18,-21.93,5.191,4.195,32.0,33.1,63.0,1454,1,-9.0,0.44
5320,328,6.775,42.95,1,99.3,93.30000000000001,1404,191.1,75.4,21.19,-21.93,5.188,4.195,31.0,33.1,63.0,1454,1,-9.0,0.44
5321,328,6.75,42.86,1,99.3,93.2,1404,191.1,75.3,21.2,-21.93,5.188,4.195,31.0,33.1,63.0,1454,1,-9.0,0.44
5322,328,6.75,42.74,1,99.3,93.30000000000001,1404,191.1,75.4,21.21,-21.938,5.188,4.195,32.0,33.1,63.0,1454,1,-9.0,0.44
5323,328,6.75,42.78,1,99.3,93.30000000000001,1404,191.2,75.4,21.17,-21.93,5.188,4.195,31.0,33.1,63.0,1454,1,-9.0,0.44
5324,328,6.775,42.89,1,99.3,93.30000000000001,1404,191.2,75.5,21.12,-21.93,5.188,4.195,32.0,33.1,63.0,1454,1,-9.0,0.44
5325,328,6.775,42.86,1,99.3,93.30000000000001,1403,191.2,75.4,21.14,-21.922,5.188,4.195,31.0,33.1,63.0,1454,1,-9.0,0.44
5326,328,6.775,42.82,1,99.3,93.2,1404,191.3,75.5,21.23,-21.93,5.188,4.195,31.0,33.1,63.0,1453,1,-9.0,0.44
5327,328,6.775,42.82,1,99.3,93.30000000000001,1404,191.3,75.3,21.19,-21.93,5.188,4.195,31.0,33.1,63.0,1453,1,-9.0,0.44
5328,328,6.75,42.78,1,99.3,93.30000000000001,1404,191.2,75.3,21.25,-21.93,5.188,4.195,31.0,33.1,63.0,1453,1,-9.0,0.44
5329,328,6.775,42.9,1,99.3,93.30000000000001,1404,191.2,75.3,21.2,-21.93,5.188,4.195,32.0,33.1,63.0,1453,1,-9.0,0.44
5330,328,6.775,42.93,1,99.3,93.30000000000001,1403,191.2,75.3,21.19,-21.93,5.191,4.195,31.0,33.1,63.0,1453,1,-9.0,0.44
5331,328,6.775,42.94,1,99.3,93.30000000000001,1404,191.3,75.4,21.18,-21.93,5.188,4.195,32.0,33.1,63.0,1453,1,-9.0,0.44
5332,328,6.75,42.97,1,99.3,93.30000000000001,1404,191.4,75.2,21.19,-21.93,5.188,4.195,31.0,33.1,63.0,1453,1,-9.0,0.42
5333,328,6.75,42.97,1,99.3,93.2,1404,191.4,75.3,21.21,-21.93,5.188,4.195,31.0,33.1,63.0,1453,1,-9.0,0.44
5334,328,6.75,42.8,1,99.3,93.30000000000001,1404,191.5,75.3,21.22,-21.93,5.188,4.195,32.0,33.1,63.0,1453,1,-9.0,0.44
5335,328,6.775,43.08,1,99.3,93.2,1404,191.5,75.2,21.13,-21.93,5.188,4.195,31.0,33.1,63.0,1453,1,-9.0,0.43
5336,328,6.775,42.85,1,99.3,93.30000000000001,1404,191.5,75.4,21.22,-21.922,5.188,4.195,31.0,33.1,63.0,1453,1,-9.0,0.43
5337,328,6.775,42.88,1,99.3,93.2,1404,191.4,75.3,21.16,-21.922,5.188,4.195,32.0,33.1,63.0,1453,1,-9.0,0.43
5338,328,6.75,42.85,1,99.3,93.30000000000001,1404,191.3,75.4,21.21,-21.93,5.188,4.195,31.0,33.1,63.0,1453,1,-9.0,0.43
5339,328,6.75,42.95,1,99.3,93.30000000000001,1404,191.3,75.4,21.25,-21.93,5.188,4.195,31.0,33.1,63.0,1453,1,-9.0,0.43
5340,328,6.75,42.83,1,99.3,93.2,1404,191.3,75.3,21.2,-21.922,5.188,4.195,32.0,33.0,63.0,1453,1,-9.0,0.43
5341,328,6.775,42.87,1,99.3,93.30000000000001,1404,191.3,75.3,21.17,-21.922,5.188,4.195,32.0,33.1,63.0,1453,1,-9.0,0.44
5342,328,6.75,42.86,1,99.3,93.30000000000001,1403,191.3,75.3,21.18,-21.922,5.188,4.195,32.0,33.1,63.0,1453,1,-9.0,0.44
5343,328,6.75,42.79,1,99.3,93.30000000000001,1403,191.3,75.3,21.21,-21.922,5.191,4.195,32.0,33.1,62.0,1453,1,-9.0,0.43
5344,328,6.75,42.96,1,99.3,93.30000000000001,1404,191.4,75.3,21.24,-21.922,5.191,4.195,32.0,33.1,62.0,1453,1,-9.0,0.43
5345,328,6.775,42.86,1,99.3,93.30000000000001,1404,191.3,75.4,21.25,-21.922,5.188,4.195,32.0,33.1,63.0,1453,1,-9.0,0.42
5346,328,6.775,42.89,1,99.3,93.30000000000001,1404,191.3,75.3,21.17,-21.922,5.191,4.195,31.0,33.1,62.0,1453,1,-9.0,0.42
5347,328,6.775,43.03,1,99.3,93.30000000000001,1404,191.3,75.3,21.23,-21.93,5.188,4.195,31.0,33.1,62.0,1453,1,-9.0,0.43
5348,328,6.775,42.88,1,99.3,93.30000000000001,1404,191.3,75.3,21.15,-21.922,5.188,4.195,32.0,33.1,62.0,1453,1,-9.0,0.43
5349,328,6.775,42.78,1,99.3,93.30000000000001,1404,191.3,75.3,21.24,-21.922,5.191,4.195,31.0,33.1,62.0,1453,1,-9.0,0.43
5350,328,6.775,42.93,1,99.3,93.30000000000001,1403,191.3,75.2,21.26,-21.922,5.188,4.195,31.0,33.1,62.0,1453,1,-9.0,0.43
5351,328,6.75,42.87,1,99.3,93.30000000000001,1403,191.3,75.3,21.2,-21.93,5.188,4.195,31.0,33.1,62.0,1453,1,-9.0,0.42
5352,328,6.75,42.92,1,99.3,93.30000000000001,1404,191.3,75.4,21.19,-21.93,5.188,4.195,32.0,33.1,62.0,1453,1,-8.9,0.43
5353,328,6.775,42.91,1,99.3,93.30000000000001,1405,191.4,75.4,21.22,-21.93,5.188,4.195,31.0,33.1,62.0,1453,1,-9.0,0.42
5354,328,6.775,42.95,1,99.3,93.30000000000001,1405,191.4,75.3,21.2,-21.93,5.188,4.195,32.0,33.1,62.0,1453,1,-9.0,0.42
5355,328,6.775,42.95,1,99.3,93.2,1404,191.4,75.3,21.2,-21.93,5.188,4.195,32.0,33.1,62.0,1453,1,-9.0,0.43
5356,328,6.775,42.77,1,99.3,93.30000000000001,1404,191.3,75.3,21.17,-21.93,5.188,4.195,32.0,33.1,62.0,1453,1,-9.0,0.42
5357,328,6.75,42.86,1,99.3,93.2,1403,191.3,75.3,21.2,-21.93,5.188,4.195,31.0,33.1,62.0,1453,1,-9.0,0.42
5358,328,6.75,42.89,1,99.3,93.30000000000001,1403,191.3,75.3,21.23,-21.93,5.188,4.195,31.0,33.1,62.0,1453,1,-9.0,0.43
5359,328,6.75,42.82,1,99.3,93.30000000000001,1403,191.4,75.3,21.18,-21.93,5.188,4.195,31.0,33.1,62.0,1453,1,-9.0,0.43
5360,328,6.775,43.0,1,99.3,93.2,1403,191.4,75.3,21.2,-21.93,5.188,4.195,32.0,33.1,62.0,1453,1,-9.0,0.43
5361,328,6.775,42.78,1,99.3,93.30000000000001,1403,191.4,75.4,21.22,-21.93,5.188,4.195,32.0,33.1,62.0,1453,1,-9.0,0.43
5362,328,6.775,42.76,1,99.3,93.30000000000001,1403,191.4,75.3,21.19,-21.93,5.188,4.195,31.0,33.1,62.0,1453,1,-9.0,0.43
5363,328,6.775,42.85,1,99.3,93.30000000000001,1403,191.4,75.4,21.13,-21.93,5.188,4.195,32.0,33.1,62.0,1453,1,-9.0,0.43
5364,328,6.775,43.06,1,99.3,93.2,1403,191.4,75.3,21.21,-21.938,5.188,4.195,32.0,33.1,62.0,1453,1,-9.0,0.42
5365,328,6.75,43.0,1,99.3,93.2,1404,191.4,75.3,21.21,-21.938,5.188,4.195,31.0,33.1,62.0,1453,1,-9.0,0.42
5366,328,6.75,42.92,1,99.3,93.30000000000001,1404,191.4,75.3,21.25,-21.93,5.188,4.195,32.0,33.1,62.0,1453,1,-9.0,0.43
5367,328,6.775,42.9,1,99.3,93.30000000000001,1403,191.4,75.4,21.21,-21.938,5.188,4.195,31.0,33.1,62.0,1453,1,-9.0,0.42
5368,328,6.775,42.85,1,99.3,93.2,1403,191.3,75.3,21.16,-21.945,5.188,4.195,32.0,33.1,62.0,1453,1,-9.0,0.42
5369,328,6.775,42.86,1,99.4,93.30000000000001,1403,191.3,75.2,21.19,-21.945,5.188,4.195,31.0,33.1,62.0,1453,1,-9.0,0.44
5370,328,6.75,42.82,1,99.3,93.30000000000001,1403,191.2,75.5,21.17,-21.945,5.188,4.195,32.0,33.1,62.0,1453,1,-9.0,0.43
5371,328,6.75,42.85,1,99.3,93.30000000000001,1404,191.2,75.4,21.14,-21.953,5.188,4.195,32.0,33.2,62.0,1453,1,-9.0,0.43
5372,328,6.75,42.98,1,99.3,93.30000000000001,1404,191.2,75.3,21.22,-21.953,5.188,4.195,32.0,33.1,62.0,1452,1,-9.0,0.44
5373,328,6.775,42.98,1,99.3,93.30000000000001,1404,191.1,75.3,21.21,-21.961,5.188,4.195,32.0,33.1,62.0,1452,1,-9.0,0.43
5374,328,6.775,42.89,1,99.3,93.30000000000001,1404,191.2,75.3,21.25,-21.961,5.188,4.195,32.0,33.1,62.0,1452,1,-9.0,0.43
5375,328,6.775,42.76,1,99.3,93.2,1404,191.1,75.2,21.21,-21.953,5.188,4.195,31.0,33.1,62.0,1452,1,-9.0,0.43
5376,328,6.75,42.87,1,99.3,93.30000000000001,1404,191.2,75.2,21.19,-21.953,5.188,4.195,32.0,33.2,62.0,1452,1,-9.0,0.43
5377,328,6.75,42.82,1,99.3,93.30000000000001,1404,191.1,75.3,21.2,-21.945,5.188,4.195,32.0,33.2,62.0,1452,1,-9.0,0.43
5378,328,6.75,42.91,1,99.4,93.30000000000001,1404,191.2,75.2,21.26,-21.953,5.188,4.195,32.0,33.2,62.0,1452,1,-9.0,0.42
5379,328,6.775,42.83,1,99.3,93.30000000000001,1404,191.2,75.3,21.26,-21.953,5.188,4.195,32.0,33.2,62.0,1452,1,-9.0,0.43
5380,328,6.775,42.84,1,99.3,93.2,1404,191.2,75.3,21.2,-21.961,5.188,4.195,32.0,33.2,62.0,1452,1,-9.0,0.43
5381,328,6.775,42.91,1,99.3,93.30000000000001,1404,191.3,75.4,21.2,-21.953,5.188,4.195,32.0,33.2,62.0,1452,1,-9.0,0.44
5382,328,6.775,42.91,1,99.3,93.2,1404,191.3,75.3,21.15,-21.953,5.188,4.195,32.0,33.2,62.0,1452,1,-9.0,0.43
5383,328,6.775,43.08,1,99.3,93.30000000000001,1403,191.2,75.4,21.21,-21.953,5.188,4.195,32.0,33.2,62.0,1452,1,-9.0,0.43
5384,328,6.775,42.85,1,99.3,93.30000000000001,1403,191.3,75.4,21.2,-21.953,5.188,4.195,32.0,33.2,62.0,1452,1,-9.0,0.43
5385,328,6.775,42.81,1,99.3,93.30000000000001,1403,191.3,75.5,21.21,-21.953,5.188,4.195,32.0,33.2,62.0,1452,1,-9.0,0.43
5386,328,6.775,42.87,1,99.3,93.30000000000001,1404,191.3,75.3,21.21,-21.953,5.188,4.195,32.0,33.2,62.0,1452,1,-9.0,0.42
5387,328,6.75,42.85,1,99.3,93.30000000000001,1403,191.3,75.3,21.16,-21.953,5.188,4.195,32.0,33.2,62.0,1452,1,-9.0,0.43
5388,328,6.775,43.02,1,99.3,93.30000000000001,1403,191.3,75.3,21.13,-21.945,5.188,4.195,32.0,33.2,62.0,1452,1,-9.0,0.42
5389,328,6.775,42.84,1,99.3,93.30000000000001,1403,191.3,75.4,21.23,-21.953,5.188,4.195,32.0,33.2,62.0,1452,1,-9.0,0.43
5390,328,6.775,43.12,1,99.3,93.2,1403,191.3,75.4,21.23,-21.953,5.188,4.195,32.0,33.2,62.0,1452,1,-9.0,0.43
5391,328,6.775,42.98,1,99.3,93.30000000000001,1404,191.3,75.4,21.25,-21.953,5.184,4.195,32.0,33.2,62.0,1452,1,-9.0,0.43
5392,328,6.775,42.87,1,99.4,93.30000000000001,1404,191.3,75.2,21.21,-21.961,5.184,4.195,32.0,33.2,62.0,1452,1,-9.0,0.43
5393,328,6.75,42.82,1,99.3,93.30000000000001,1404,191.3,75.3,21.2,-21.961,5.184,4.195,32.0,33.2,62.0,1452,1,-9.0,0.42
5394,328,6.75,42.92,1,99.3,93.30000000000001,1404,191.3,75.4,21.19,-21.969,5.184,4.195,32.0,33.2,62.0,1452,1,-9.0,0.43
5395,328,6.75,42.83,1,99.3,93.30000000000001,1404,191.3,75.4,21.18,-21.969,5.184,4.195,32.0,33.2,62.0,1452,1,-9.0,0.41
5396,328,6.775,42.93,1,99.3,93.30000000000001,1404,191.3,75.4,21.16,-21.969,5.184,4.195,32.0,33.2,62.0,1452,1,-9.0,0.43
5397,328,6.75,42.87,1,99.3,93.30000000000001,1404,191.3,75.3,21.2,-21.969,5.184,4.195,32.0,33.2,62.0,1452,1,-9.0,0.42
5398,328,6.75,42.93,1,99.3,93.30000000000001,1403,191.3,75.3,21.2,-21.969,5.184,4.195,32.0,33.2,62.0,1452,1,-9.0,0.42
5399,328,6.75,42.87,1,99.3,93.2,1404,191.4,75.4,21.2,-21.969,5.184,4.195,32.0,33.2,62.0,1452,1,-9.0,0.43
5400,328,6.75,42.88,1,99.3,93.30000000000001,1404,191.4,75.3,21.2,-21.969,5.184,4.195,32.0,33.2,62.0,1452,1,-9.0,0.42
5401,328,6.75,42.95,1,99.3,93.30000000000001,1404,191.5,75.3,21.18,-21.969,5.184,4.195,32.0,33.2,62.0,1452,1,-9.0,0.43
5402,328,6.775,42.91,1,99.4,93.30000000000001,1404,191.5,75.4,21.19,-21.969,5.184,4.195,32.0,33.2,62.0,1452,1,-9.0,0.43
5403,328,6.775,43.1,1,99.3,93.30000000000001,1404,191.5,75.4,21.21,-21.969,5.184,4.195,32.0,33.2,62.0,1452,1,-9.0,0.43
5404,328,6.775,42.86,1,99.3,93.30000000000001,1403,191.5,75.3,21.23,-21.969,5.184,4.195,32.0,33.2,62.0,1452,1,-9.0,0.42
5405,328,6.775,43.02,1,99.3,93.30000000000001,1404,191.6,75.2,21.21,-21.969,5.184,4.195,32.0,33.3,62.0,1452,1,-9.0,0.43
5406,328,6.75,42.91,1,99.4,93.30000000000001,1404,191.5,75.3,21.27,-21.977,5.184,4.195,32.0,33.2,62.0,1452,1,-9.0,0.42
5407,328,6.75,42.83,1,99.3,93.30000000000001,1403,191.5,75.2,21.17,-21.977,5.184,4.195,32.0,33.2,62.0,1452,1,-9.0,0.43
5408,328,6.75,42.92,1,99.3,93.30000000000001,1404,191.5,75.3,21.2,-21.977,5.184,4.195,32.0,33.2,62.0,1452,1,-9.0,0.43
5409,328,6.75,42.9,1,99.4,93.30000000000001,1404,191.4,75.3,21.2,-21.969,5.184,4.195,32.0,33.2,62.0,1452,1,-9.0,0.43
5410,328,6.775,42.89,1,99.3,93.30000000000001,1404,191.4,75.3,21.2,-21.977,5.184,4.195,32.0,33.2,62.0,1452,1,-9.0,0.44
5411,328,6.775,42.76,1,99.3,93.30000000000001,1404,191.4,75.2,21.18,-21.977,5.184,4.195,32.0,33.2,62.0,1452,1,-9.0,0.43
5412,328,6.75,42.91,1,99.3,93.30000000000001,1404,191.4,75.3,21.21,-21.977,5.184,4.195,32.0,33.2,62.0,1452,1,-9.0,0.42
5413,328,6.75,42.86,1,99.3,93.2,1404,191.5,75.3,21.19,-21.969,5.184,4.195,32.0,33.2,62.0,1452,1,-9.0,0.44
5414,328,6.75,42.86,1,99.4,93.30000000000001,1403,191.4,75.2,21.21,-21.977,5.184,4.195,32.0,33.2,62.0,1452,1,-9.0,0.43
5415,328,6.775,42.88,1,99.3,93.30000000000001,1403,191.4,75.4,21.2,-21.969,5.184,4.195,32.0,33.2,62.0,1452,1,-9.0,0.43
5416,328,6.775,42.87,1,99.3,93.30000000000001,1404,191.3,75.3,21.21,-21.969,5.184,4.195,32.0,33.3,62.0,1452,1,-9.0,0.42
5417,328,6.775,42.9,1,99.3,93.30000000000001,1404,191.3,75.3,21.18,-21.977,5.184,4.195,32.0,33.3,62.0,1452,1,-9.0,0.42
5418,328,6.75,42.85,1,99.3,93.30000000000001,1405,191.2,75.3,21.19,-21.984,5.184,4.195,32.0,33.3,62.0,1452,1,-9.0,0.42
5419,328,6.75,42.89,1,99.3,93.30000000000001,1405,191.2,75.2,21.17,-21.984,5.184,4.195,32.0,33.3,62.0,1452,1,-9.0,0.43
5420,328,6.775,42.82,1,99.4,93.30000000000001,1404,191.1,75.2,21.15,-21.984,5.184,4.195,32.0,33.3,62.0,1451,1,-9.0,0.42
5421,328,6.775,42.95,1,99.4,93.30000000000001,1404,191.0,75.1,21.23,-21.977,5.184,4.195,32.0,33.3,62.0,1451,1,-9.0,0.43
5422,328,6.775,42.83,1,99.3,93.30000000000001,1404,191.0,75.3,21.21,-21.977,5.184,4.195,32.0,33.3,62.0,1451,1,-9.0,0.43
5423,328,6.75,42.89,1,99.3,93.30000000000001,1404,190.9,75.5,21.23,-21.977,5.184,4.195,32.0,33.3,62.0,1451,1,-9.0,0.42
5424,328,6.75,42.97,1,99.3,93.30000000000001,1404,190.9,75.4,21.16,-21.977,5.184,4.195,32.0,33.3,62.0,1451,1,-9.0,0.42
5425,328,6.75,42.97,1,99.3,93.30000000000001,1404,190.9,75.3,21.24,-21.977,5.18,4.195,32.0,33.3,62.0,1451,1,-9.0,0.43
5426,328,6.775,42.92,1,99.3,93.30000000000001,1403,190.8,75.3,20.85,-21.977,5.18,4.195,32.0,33.3,62.0,1451,1,-9.0,0.42
5427,328,6.775,42.86,1,99.3,93.2,1403,190.8,75.3,20.67,-21.977,5.18,4.195,32.0,33.3,62.0,1451,1,-9.0,0.42
5428,328,6.775,42.91,1,99.2,93.2,1403,190.8,75.2,20.66,-21.977,5.18,4.195,32.0,33.3,62.0,1451,1,-9.0,0.42
5429,328,6.75,43.01,1,99.2,93.2,1402,190.8,75.2,20.65,-21.977,5.18,4.195,32.0,33.3,62.0,1451,1,-9.0,0.42
5430,328,6.75,42.87,1,99.2,93.2,1402,190.9,75.2,20.67,-21.984,5.18,4.195,32.0,33.3,62.0,1451,1,-9.0,0.41
5431,328,6.75,42.81,1,99.2,93.2,1402,190.9,75.3,20.7,-21.984,5.18,4.195,32.0,33.3,62.0,1451,1,-9.0,0.41
5432,328,6.75,42.82,1,99.2,93.2,1402,190.9,75.4,20.64,-21.984,5.184,4.195,32.0,33.3,62.0,1451,1,-9.0,0.41
5433,328,6.75,42.86,1,99.2,93.2,1401,190.9,75.2,20.63,-21.992,5.184,4.195,32.0,33.3,62.0,1451,1,-9.0,0.42
5434,328,6.75,42.89,1,99.2,93.2,1401,190.9,75.2,20.61,-21.992,5.184,4.195,32.0,33.3,62.0,1451,1,-9.0,0.43
5435,328,6.775,42.82,1,99.1,93.2,1401,191.0,75.2,20.66,-21.992,5.18,4.195,32.0,33.3,62.0,1451,1,-9.0,0.42
5436,328,6.775,42.95,1,99.1,93.2,1401,191.0,75.3,20.66,-21.992,5.184,4.195,32.0,33.4,62.0,1451,1,-9.0,0.42
5437,328,6.775,42.9,1,99.1,93.2,1401,191.0,75.3,20.7,-21.984,5.18,4.195,32.0,33.4,62.0,1451,1,-9.0,0.42
5438,328,6.775,42.78,1,99.2,93.2,1402,191.0,75.3,20.71,-21.984,5.18,4.195,32.0,33.3,62.0,1451,1,-9.0,0.43
5439,328,6.75,42.83,1,99.2,93.2,1401,191.0,75.3,20.66,-21.984,5.184,4.195,32.0,33.4,62.0,1451,1,-9.0,0.42
5440,328,6.75,43.04,1,99.2,93.2,1401,191.0,75.4,20.68,-21.984,5.18,4.195,32.0,33.4,62.0,1451,1,-9.0,0.43
5441,328,6.775,42.85,1,99.2,93.2,1402,191.0,75.2,20.7,-21.984,5.18,4.195,32.0,33.4,62.0,1451,1,-9.0,0.43
5442,328,6.775,42.76,1,99.2,93.2,1402,191.0,75.1,20.68,-21.992,5.18,4.195,32.0,33.4,62.0,1451,1,-9.0,0.43
5443,328,6.775,42.83,1,99.2,93.2,1402,191.1,75.2,20.63,-22.0,5.18,4.195,32.0,33.4,62.0,1451,1,-9.0,0.42
5444,328,6.775,42.88,1,99.2,93.2,1401,191.0,75.2,20.64,-22.0,5.18,4.195,32.0,33.4,62.0,1451,1,-9.0,0.43
5445,328,6.775,42.87,1,99.2,93.2,1401,191.0,75.2,20.66,-22.0,5.18,4.195,32.0,33.4,62.0,1451,1,-9.0,0.43
5446,328,6.75,43.07,1,99.1,93.2,1401,190.9,75.2,20.68,-22.0,5.18,4.195,32.0,33.4,62.0,1451,1,-9.0,0.43
5447,328,6.775,43.04,1,99.1,93.2,1401,190.8,75.2,20.66,-22.0,5.18,4.195,32.0,33.4,62.0,1451,1,-9.0,0.42
5448,328,6.775,42.84,1,99.2,93.2,1401,190.8,75.2,20.68,-22.0,5.18,4.195,32.0,33.4,62.0,1451,1,-9.0,0.43
5449,328,6.775,43.15,1,99.2,93.2,1400,190.9,75.1,20.73,-22.0,5.18,4.195,32.0,33.4,62.0,1451,1,-9.0,0.43
5450,328,6.775,43.05,1,99.2,93.2,1401,190.9,75.2,20.68,-22.008,5.18,4.195,32.0,33.4,62.0,1451,1,-9.0,0.42
5451,328,6.75,42.87,1,99.2,93.2,1401,190.9,75.3,20.67,-22.008,5.184,4.195,32.0,33.4,62.0,1451,1,-9.0,0.43
5452,328,6.75,42.82,1,99.2,93.2,1401,190.9,75.2,21.19,-22.008,5.184,4.195,32.0,33.4,62.0,1451,1,-9.0,0.43
5453,328,6.775,42.88,1,99.3,93.30000000000001,1402,190.8,75.3,21.46,-22.008,5.18,4.195,32.0,33.4,62.0,1451,1,-9.0,0.43
5454,328,6.775,42.92,1,99.3,93.30000000000001,1403,190.8,75.3,21.47,-22.0,5.18,4.195,32.0,33.4,62.0,1451,1,-9.0,0.43
5455,328,6.775,42.78,1,99.4,93.30000000000001,1403,190.8,75.2,21.46,-22.0,5.18,4.195,32.0,33.4,62.0,1451,1,-9.0,0.42
5456,328,6.775,42.75,1,99.4,93.30000000000001,1403,190.8,75.3,21.45,-22.0,5.18,4.195,32.0,33.4,62.0,1451,1,-8.9,0.44
5457,328,6.75,42.86,1,99.3,93.30000000000001,1403,190.9,75.4,21.45,-21.992,5.18,4.195,32.0,33.4,62.0,1451,1,-9.0,0.44
5458,328,6.75,43.05,1,99.3,93.30000000000001,1403,190.9,75.3,21.43,-22.0,5.18,4.195,32.0,33.4,62.0,1451,1,-9.0,0.43
5459,328,6.75,42.86,1,99.4,93.30000000000001,1403,190.9,75.4,21.41,-22.0,5.18,4.195,32.0,33.4,62.0,1451,1,-9.0,0.43
5460,328,6.75,43.05,1,99.3,93.30000000000001,1404,191.0,75.4,21.44,-21.992,5.18,4.195,32.0,33.4,62.0,1451,1,-9.0,0.43
5461,328,6.775,42.87,1,99.3,93.30000000000001,1404,191.0,75.4,21.42,-21.992,5.18,4.195,32.0,33.4,62.0,1451,1,-9.0,0.43
5462,328,6.775,42.91,1,99.3,93.30000000000001,1404,191.0,75.4,21.46,-22.0,5.18,4.195,32.0,33.4,62.0,1451,1,-9.0,0.43
5463,328,6.775,42.93,1,99.3,93.30000000000001,1404,190.9,75.4,21.42,-22.0,5.18,4.195,32.0,33.4,62.0,1450,1,-9.0,0.42
5464,329,6.775,42.84,1,99.4,93.30000000000001,1404,190.9,75.5,21.4,-22.008,5.18,4.195,32.0,33.4,62.0,1450,1,-9.0,0.43
5465,329,6.775,42.76,1,99.4,93.30000000000001,1404,190.8,75.5,21.44,-22.008,5.18,4.195,32.0,33.4,62.0,1450,1,-9.0,0.42
5466,329,6.775,42.85,1,99.3,93.30000000000001,1403,190.9,75.3,21.4,-22.008,5.18,4.195,32.0,33.4,62.0,1450,1,-9.0,0.42
5467,329,6.775,42.82,1,99.3,93.30000000000001,1403,190.9,75.3,21.43,-22.008,5.18,4.195,32.0,33.4,62.0,1450,1,-9.0,0.42
5468,329,6.775,42.8,1,99.4,93.30000000000001,1403,190.9,75.5,21.39,-22.008,5.18,4.195,32.0,33.4,62.0,1450,1,-9.0,0.43
5469,329,6.775,42.95,1,99.3,93.30000000000001,1403,190.9,75.4,21.45,-22.008,5.18,4.195,32.0,33.4,62.0,1450,1,-9.0,0.42
5470,329,6.775,42.83,1,99.3,93.30000000000001,1404,190.9,75.3,21.43,-22.008,5.18,4.195,32.0,33.4,62.0,1450,1,-9.0,0.44
5471,329,6.775,42.79,1,99.4,93.30000000000001,1403,190.8,75.2,21.39,-22.016,5.18,4.195,32.0,33.4,62.0,1450,1,-9.0,0.42
5472,329,6.775,42.9,1,99.4,93.30000000000001,1403,190.9,75.2,21.43,-22.008,5.18,4.195,32.0,33.4,62.0,1450,1,-9.0,0.42
5473,329,6.75,43.02,1,99.3,93.30000000000001,1403,191.0,75.3,21.47,-22.008,5.18,4.195,32.0,33.4,62.0,1450,1,-9.0,0.42
5474,329,6.775,42.88,1,99.3,93.30000000000001,1403,190.9,75.5,21.47,-22.0,5.18,4.195,32.0,33.4,62.0,1450,1,-9.0,0.41
5475,329,6.775,42.85,1,99.3,93.30000000000001,1404,190.9,75.3,21.46,-22.0,5.18,4.195,32.0,33.4,62.0,1450,1,-9.0,0.42
5476,329,6.775,42.88,1,99.3,93.30000000000001,1404,190.9,75.4,21.45,-22.0,5.18,4.195,32.0,33.4,62.0,1450,1,-9.0,0.42
5477,329,6.775,42.82,1,99.3,93.30000000000001,1404,190.9,75.3,21.46,-22.0,5.184,4.195,32.0,33.4,62.0,1450,1,-9.0,0.43
5478,329,6.75,42.83,1,99.4,93.30000000000001,1403,190.9,75.4,21.47,-22.0,5.184,4.195,32.0,33.4,62.0,1450,1,-9.0,0.42
5479,329,6.75,42.92,1,99.3,93.30000000000001,1403,190.9,75.5,21.44,-21.992,5.184,4.195,32.0,33.4,62.0,1450,1,-9.0,0.43
5480,329,6.775,42.88,1,99.3,93.30000000000001,1404,190.8,75.4,21.43,-21.992,5.184,4.195,32.0,33.4,62.0,1450,1,-9.0,0.43
5481,329,6.775,42.77,1,99.4,93.30000000000001,1404,190.8,75.4,21.41,-21.984,5.184,4.195,32.0,33.4,62.0,1450,1,-9.0,0.42
5482,329,6.775,42.75,1,99.4,93.30000000000001,1403,190.7,75.3,21.36,-21.977,5.184,4.195,32.0,33.4,62.0,1450,1,-9.0,0.42
5483,329,6.775,42.91,1,99.3,93.30000000000001,1403,190.6,75.5,20.86,-21.977,5.184,4.195,32.0,33.4,62.0,1450,1,-8.9,0.42
5484,329,6.75,42.83,1,99.3,93.30000000000001,1403,190.6,75.3,20.88,-21.977,5.184,4.195,32.0,33.4,62.0,1450,1,-9.0,0.42
5485,329,6.75,42.98,1,99.3,93.30000000000001,1404,190.7,75.4,20.84,-21.969,5.184,4.195,32.0,33.4,62.0,1450,1,-9.0,0.41
5486,329,6.775,42.89,1,99.3,93.2,1404,190.8,75.3,20.83,-21.969,5.188,4.195,32.0,33.4,62.0,1450,1,-9.0,0.42
5487,329,6.775,43.22,1,99.3,93.2,1404,190.9,75.4,20.81,-21.961,5.188,4.195,32.0,33.4,62.0,1450,1,-9.0,0.42
5488,329,6.775,42.83,1,99.3,93.2,1403,190.9,75.4,20.84,-21.953,5.188,4.195,32.0,33.4,62.0,1450,1,-9.0,0.41
5489,329,6.75,42.87,1,99.3,93.30000000000001,1403,191.0,75.3,20.8,-21.945,5.188,4.195,32.0,33.4,62.0,1450,1,-9.0,0.42
5490,329,6.75,42.86,1,99.3,93.30000000000001,1403,190.9,75.5,20.81,-21.938,5.188,4.195,32.0,33.4,62.0,1450,1,-9.0,0.42
5491,329,6.775,42.89,1,99.2,93.30000000000001,1403,191.0,75.4,20.8,-21.938,5.188,4.195,32.0,33.4,62.0,1450,1,-9.0,0.43
5492,329,6.775,42.88,1,99.3,93.30000000000001,1402,191.0,75.3,20.73,-21.93,5.188,4.195,32.0,33.4,62.0,1450,1,-9.0,0.43
5493,329,6.775,42.92,1,99.2,93.2,1402,191.0,75.4,20.79,-21.93,5.188,4.195,32.0,33.4,62.0,1450,1,-9.0,0.43
5494,329,6.775,42.85,1,99.2,93.2,1402,190.9,75.3,20.77,-21.922,5.188,4.195,32.0,33.4,62.0,1450,1,-9.0,0.42
5495,329,6.775,42.9,1,99.2,93.2,1402,190.9,75.3,20.81,-21.914,5.188,4.195,32.0,33.4,62.0,1450,1,-9.0,0.43
5496,329,6.775,42.81,1,99.2,93.2,1402,190.9,75.3,20.79,-21.906,5.188,4.195,32.0,33.4,62.0,1450,1,-9.0,0.43
5497,329,6.75,42.81,1,99.2,93.30000000000001,1402,190.9,75.4,20.74,-21.898,5.188,4.195,32.0,33.4,62.0,1450,1,-9.0,0.43
5498,329,6.75,42.85,1,99.2,93.2,1402,190.8,75.4,20.86,-21.891,5.188,4.195,32.0,33.4,62.0,1450,1,-9.0,0.43
5499,329,6.75,42.86,1,99.2,93.2,1402,190.8,75.3,20.83,-21.883,5.191,4.195,32.0,33.4,62.0,1450,1,-9.0,0.43
5500,329,6.775,42.86,1,99.2,93.2,1402,190.8,75.4,20.84,-21.883,5.191,4.195,32.0,33.4,62.0,1450,1,-9.0,0.43
5501,329,6.775,42.85,1,99.2,93.2,1402,190.9,75.5,20.8,-21.875,5.191,4.195,32.0,33.4,62.0,1450,1,-9.0,0.42
5502,329,6.775,42.86,1,99.2,93.2,1402,190.9,75.2,20.8,-21.875,5.188,4.195,32.0,33.4,62.0,1450,1,-9.0,0.41
5503,329,6.775,42.89,1,99.2,93.2,1403,190.9,75.3,20.83,-21.875,5.188,4.195,32.0,33.4,62.0,1450,1,-9.0,0.42
5504,329,6.75,42.83,1,99.2,93.2,1404,190.9,75.3,20.8,-21.875,5.188,4.195,32.0,33.4,62.0,1450,1,-9.0,0.43
5505,329,6.75,42.86,1,99.2,93.2,1403,190.9,75.4,20.84,-21.875,5.188,4.195,32.0,33.4,62.0,1450,1,-9.0,0.42
5506,329,6.75,42.88,1,99.2,93.30000000000001,1403,190.9,75.3,20.77,-21.875,5.188,4.195,32.0,33.4,62.0,1450,1,-9.0,0.42
5507,329,6.775,42.88,1,99.2,93.2,1403,190.9,75.4,20.8,-21.875,5.188,4.195,32.0,33.4,62.0,1450,1,-9.0,0.42
5508,329,6.775,42.88,1,99.2,93.2,1402,190.9,75.4,20.81,-21.867,5.188,4.195,32.0,33.4,62.0,1450,1,-9.0,0.41
5509,329,6.775,42.85,1,99.2,93.2,1402,190.9,75.3,20.79,-21.875,5.188,4.195,32.0,33.4,62.0,1450,1,-9.0,0.42
5510,329,6.75,42.87,1,99.2,93.2,1403,190.9,75.4,20.8,-21.875,5.188,4.195,32.0,33.4,62.0,1450,1,-9.0,0.42
5511,329,6.75,42.93,1,99.2,93.2,1403,190.9,75.4,20.79,-21.867,5.188,4.195,32.0,33.4,62.0,1449,1,-9.0,0.43
5512,329,6.775,42.83,1,99.2,93.2,1403,191.0,75.4,20.81,-21.867,5.188,4.195,32.0,33.4,62.0,1449,1,-9.0,0.42
5513,329,6.775,42.82,1,99.2,93.2,1403,190.9,75.3,20.78,-21.867,5.188,4.195,32.0,33.4,62.0,1449,1,-9.0,0.42
5514,329,6.775,42.88,1,99.2,93.2,1402,190.9,75.3,20.79,-21.867,5.188,4.195,32.0,33.3,62.0,1449,1,-9.0,0.42
5515,329,6.775,42.92,1,99.2,93.2,1402,190.9,75.4,20.79,-21.867,5.188,4.195,32.0,33.3,62.0,1449,1,-9.0,0.42
5516,329,6.775,42.95,1,99.2,93.2,1402,190.9,75.3,20.8,-21.867,5.188,4.195,32.0,33.3,62.0,1449,1,-9.0,0.41
5517,329,6.75,42.85,1,99.2,93.2,1402,190.9,75.4,20.81,-21.867,5.188,4.195,32.0,33.3,62.0,1449,1,-9.0,0.42
5518,329,6.75,42.82,1,99.2,93.2,1402,191.0,75.2,20.84,-21.867,5.188,4.195,32.0,33.3,62.0,1449,1,-9.0,0.42
5519,329,6.75,42.87,1,99.2,93.30000000000001,1402,191.1,75.3,21.12,-21.867,5.188,4.195,32.0,33.3,62.0,1449,1,-9.0,0.43
5520,329,6.775,42.85,1,99.3,93.30000000000001,1403,191.1,75.3,21.16,-21.867,5.188,4.195,32.0,33.3,62.0,1449,1,-9.0,0.42
5521,329,6.775,42.89,1,99.3,93.30000000000001,1403,191.1,75.5,21.23,-21.859,5.188,4.195,32.0,33.3,62.0,1449,1,-9.0,0.43
5522,329,6.775,42.86,1,99.3,93.30000000000001,1403,191.1,75.4,21.18,-21.867,5.188,4.195,32.0,33.3,62.0,1449,1,-9.0,0.43
5523,329,6.775,42.86,1,99.3,93.30000000000001,1403,191.0,75.4,21.14,-21.867,5.188,4.195,32.0,33.3,62.0,1449,1,-9.0,0.43
5524,329,6.775,42.96,1,99.3,93.2,1403,191.0,75.4,21.19,-21.867,5.188,4.195,32.0,33.3,62.0,1449,1,-9.0,0.42
5525,329,6.75,42.86,1,99.3,93.30000000000001,1403,190.9,75.6,21.21,-21.867,5.188,4.195,32.0,33.3,62.0,1449,1,-9.0,0.42
5526,329,6.75,42.99,1,99.3,93.30000000000001,1404,190.9,75.2,21.26,-21.867,5.188,4.195,32.0,33.3,62.0,1449,1,-9.0,0.42
5527,329,6.75,42.87,1,99.2,93.2,1403,190.9,75.3,21.2,-21.867,5.188,4.195,32.0,33.3,62.0,1449,1,-9.0,0.42
5528,329,6.775,42.91,1,99.3,93.30000000000001,1403,190.8,75.3,21.14,-21.867,5.188,4.195,32.0,33.3,62.0,1449,1,-9.0,0.43
5529,329,6.775,42.91,1,99.3,93.30000000000001,1403,190.8,75.4,21.19,-21.867,5.188,4.195,32.0,33.3,62.0,1449,1,-9.0,0.42
5530,329,6.775,42.81,1,99.3,93.2,1403,190.9,75.5,21.16,-21.875,5.188,4.195,32.0,33.3,62.0,1449,1,-9.0,0.43
5531,329,6.75,42.9,1,99.3,93.30000000000001,1403,190.9,75.4,21.27,-21.875,5.188,4.195,32.0,33.3,62.0,1449,1,-9.0,0.42
5532,329,6.75,42.89,1,99.3,93.30000000000001,1403,191.0,75.4,21.2,-21.883,5.188,4.195,32.0,33.3,62.0,1449,1,-9.0,0.42
5533,329,6.775,42.86,1,99.3,93.30000000000001,1404,191.0,75.4,21.25,-21.875,5.188,4.195,32.0,33.3,62.0,1449,1,-9.0,0.42
5534,329,6.775,42.86,1,99.3,93.30000000000001,1403,191.0,75.3,21.16,-21.875,5.188,4.195,32.0,33.3,62.0,1449,1,-9.0,0.41
5535,329,6.775,42.84,1,99.3,93.2,1404,191.0,75.3,21.25,-21.875,5.188,4.195,32.0,33.3,62.0,1449,1,-9.0,0.42
5536,329,6.775,42.81,1,99.3,93.30000000000001,1404,191.0,75.2,21.23,-21.875,5.188,4.195,32.0,33.3,62.0,1449,1,-9.0,0.42
5537,329,6.775,42.87,1,99.3,93.30000000000001,1403,191.1,75.3,21.25,-21.883,5.188,4.195,32.0,33.3,62.0,1449,1,-9.0,0.42
5538,329,6.75,42.85,1,99.3,93.30000000000001,1403,191.1,75.3,21.16,-21.883,5.188,4.195,32.0,33.3,62.0,1449,1,-9.0,0.42
5539,329,6.75,42.89,1,99.3,93.30000000000001,1404,191.0,75.5,21.22,-21.891,5.188,4.195,32.0,33.3,62.0,1449,1,-9.0,0.42
5540,329,6.775,42.87,1,99.3,93.30000000000001,1404,191.0,75.3,21.16,-21.891,5.188,4.195,32.0,33.3,62.0,1449,1,-9.0,0.42
5541,329,6.775,42.84,1,99.3,93.30000000000001,1404,191.0,75.4,21.18,-21.891,5.188,4.195,32.0,33.3,62.0,1449,1,-9.0,0.42
5542,329,6.775,42.88,1,99.3,93.30000000000001,1404,190.9,75.4,21.21,-21.883,5.188,4.195,32.0,33.3,62.0,1449,1,-9.0,0.43
5543,329,6.775,42.82,1,99.3,93.30000000000001,1404,190.9,75.4,21.18,-21.883,5.188,4.195,32.0,33.3,62.0,1449,1,-9.0,0.43
5544,329,6.775,42.85,1,99.3,93.30000000000001,1404,191.0,75.3,21.17,-21.883,5.188,4.195,32.0,33.3,62.0,1449,1,-9.0,0.44
5545,329,6.75,42.94,1,99.3,93.30000000000001,1404,191.0,75.3,21.2,-21.883,5.188,4.195,32.0,33.3,62.0,1449,1,-9.0,0.43
5546,329,6.775,42.9,1,99.3,93.30000000000001,1404,191.0,75.5,21.28,-21.883,5.191,4.195,32.0,33.3,62.0,1449,1,-9.0,0.42
5547,329,6.775,42.8,1,99.3,93.30000000000001,1404,191.0,75.5,21.25,-21.883,5.188,4.195,32.0,33.3,62.0,1449,1,-9.0,0.43
5548,329,6.775,43.1,1,99.3,93.30000000000001,1404,191.1,75.3,21.22,-21.875,5.191,4.195,32.0,33.3,62.0,1449,1,-9.0,0.43
5549,329,6.775,42.9,1,99.3,93.30000000000001,1404,191.0,75.3,21.25,-21.875,5.191,4.195,32.0,33.3,62.0,1449,1,-9.0,0.42
5550,329,6.775,42.84,1,99.2,93.30000000000001,1404,191.0,75.2,21.27,-21.867,5.191,4.195,32.0,33.3,62.0,1449,1,-9.0,0.42
5551,329,6.775,42.86,1,99.3,93.30000000000001,1404,191.0,75.1,21.16,-21.867,5.191,4.195,32.0,33.3,62.0,1449,1,-9.0,0.42
5552,329,6.75,42.79,1,99.3,93.30000000000001,1405,191.1,75.4,21.12,-21.875,5.191,4.195,32.0,33.3,62.0,1449,1,-9.0,0.42
5553,329,6.75,42.91,1,99.3,93.30000000000001,1405,191.2,75.4,21.2,-21.875,5.191,4.195,32.0,33.3,62.0,1449,1,-9.0,0.42
5554,329,6.775,42.85,1,99.3,93.2,1405,191.1,75.4,21.22,-21.867,5.191,4.195,32.0,33.3,62.0,1449,1,-9.0,0.42
5555,329,6.775,42.85,1,99.2,93.30000000000001,1405,191.1,75.3,21.23,-21.867,5.191,4.195,32.0,33.3,62.0,1449,1,-9.0,0.43
5556,329,6.775,42.87,1,99.3,93.2,1404,191.1,75.3,21.2,-21.859,5.191,4.195,32.0,33.3,62.0,1449,1,-9.0,0.42
5557,329,6.775,42.86,1,99.3,93.30000000000001,1404,191.2,75.1,21.17,-21.859,5.191,4.195,32.0,33.3,62.0,1449,1,-9.0,0.42
5558,329,6.775,42.81,1,99.3,93.2,1404,191.2,75.3,21.23,-21.859,5.191,4.195,32.0,33.3,62.0,1449,1,-9.0,0.42
5559,329,6.775,42.92,1,99.3,93.30000000000001,1404,191.2,75.3,21.21,-21.859,5.191,4.195,32.0,33.3,62.0,1449,1,-9.0,0.42
5560,329,6.75,42.88,1,99.3,93.30000000000001,1405,191.1,75.3,21.21,-21.852,5.191,4.195,32.0,33.3,62.0,1449,1,-9.0,0.43
5561,329,6.75,42.84,1,99.3,93.2,1404,191.0,75.4,21.21,-21.859,5.191,4.195,32.0,33.4,62.0,1449,1,-9.0,0.43
5562,329,6.775,42.88,1,99.3,93.30000000000001,1404,191.0,75.5,21.17,-21.852,5.191,4.195,32.0,33.3,62.0,1449,1,-9.0,0.42
5563,329,6.775,42.83,1,99.3,93.30000000000001,1404,191.1,75.3,21.16,-21.844,5.191,4.195,32.0,33.3,62.0,1448,1,-9.0,0.42
5564,329,6.775,42.9,1,99.3,93.30000000000001,1403,191.1,75.5,21.21,-21.844,5.191,4.195,32.0,33.3,62.0,1448,1,-9.0,0.42
5565,329,6.75,42.88,1,99.3,93.30000000000001,1403,191.1,75.3,21.21,-21.844,5.191,4.195,32.0,33.3,62.0,1448,1,-9.0,0.42
5566,329,6.75,42.85,1,99.2,93.2,1403,191.1,75.5,21.23,-21.844,5.191,4.195,32.0,33.4,62.0,1448,1,-9.0,0.42
5567,329,6.75,42.85,1,99.3,93.2,1404,191.1,75.2,21.22,-21.844,5.191,4.195,32.0,33.4,62.0,1448,1,-9.0,0.43
5568,329,6.75,42.87,1,99.3,93.30000000000001,1403,191.0,75.4,21.16,-21.844,5.191,4.195,32.0,33.4,62.0,1448,1,-9.0,0.42
5569,329,6.775,42.87,1,99.3,93.2,1404,191.0,75.5,21.21,-21.844,5.191,4.195,32.0,33.4,62.0,1448,1,-9.0,0.42
5570,329,6.775,42.85,1,99.3,93.2,1403,191.0,75.3,21.14,-21.844,5.191,4.195,32.0,33.4,62.0,1448,1,-9.0,0.42
5571,329,6.775,42.84,1,99.3,93.30000000000001,1403,191.0,75.4,21.25,-21.844,5.191,4.195,32.0,33.4,62.0,1448,1,-9.0,0.42
5572,329,6.775,42.95,1,99.3,93.30000000000001,1404,191.0,75.3,21.2,-21.844,5.191,4.195,32.0,33.3,62.0,1448,1,-9.0,0.43
5573,329,6.75,42.87,1,99.3,93.30000000000001,1404,191.1,75.2,21.23,-21.844,5.191,4.195,32.0,33.4,62.0,1448,1,-9.0,0.43
5574,329,6.75,42.88,1,99.3,93.30000000000001,1404,191.1,75.2,21.22,-21.836,5.191,4.195,32.0,33.4,62.0,1448,1,-9.0,0.42
5575,329,6.775,42.84,1,99.3,93.30000000000001,1404,191.1,75.3,21.18,-21.844,5.191,4.195,32.0,33.3,62.0,1448,1,-9.0,0.42
5576,329,6.775,42.87,1,99.3,93.30000000000001,1404,191.1,75.3,21.21,-21.844,5.191,4.195,32.0,33.3,62.0,1448,1,-9.0,0.42
5577,329,6.75,42.9,1,99.3,93.30000000000001,1404,191.0,75.3,21.25,-21.844,5.191,4.195,32.0,33.4,62.0,1448,1,-9.0,0.41
5578,329,6.75,42.85,1,99.3,93.2,1404,191.1,75.1,21.15,-21.844,5.191,4.195,32.0,33.4,62.0,1448,1,-9.0,0.42
5579,329,6.775,42.89,1,99.3,93.30000000000001,1404,191.1,75.3,21.18,-21.844,5.191,4.195,32.0,33.4,62.0,1448,1,-9.0,0.43
5580,329,6.775,42.89,1,99.3,93.30000000000001,1404,191.1,75.2,21.19,-21.844,5.191,4.195,32.0,33.4,62.0,1448,1,-9.0,0.42
5581,329,6.75,42.92,1,99.2,93.30000000000001,1403,191.1,75.2,21.2,-21.844,5.191,4.195,32.0,33.4,62.0,1448,1,-9.0,0.43
5582,329,6.775,42.84,1,99.3,93.2,1403,191.1,75.3,21.17,-21.836,5.191,4.195,32.0,33.3,62.0,1448,1,-9.0,0.43
5583,329,6.775,42.86,1,99.2,93.2,1402,191.1,75.2,21.17,-21.836,5.191,4.195,32.0,33.4,62.0,1448,1,-9.0,0.43
5584,329,6.775,42.84,1,99.2,93.2,1403,191.2,75.4,21.2,-21.844,5.191,4.195,32.0,33.4,62.0,1448,1,-9.0,0.42
5585,329,6.775,42.86,1,99.3,93.2,1403,191.2,75.3,21.24,-21.836,5.191,4.195,32.0,33.4,62.0,1448,1,-9.0,0.42
5586,329,6.775,42.89,1,99.3,93.30000000000001,1403,191.1,75.3,21.26,-21.844,5.191,4.195,32.0,33.4,62.0,1448,1,-9.0,0.42
5587,329,6.75,42.84,1,99.2,93.2,1404,191.1,75.2,21.21,-21.836,5.188,4.195,32.0,33.4,62.0,1448,1,-9.0,0.42
5588,329,6.75,42.86,1,99.2,93.30000000000001,1403,191.1,75.2,21.25,-21.836,5.188,4.195,32.0,33.4,62.0,1448,1,-9.0,0.43
5589,329,6.775,42.87,1,99.3,93.30000000000001,1403,191.1,75.3,21.23,-21.836,5.191,4.195,32.0,33.4,62.0,1448,1,-9.0,0.42
5590,329,6.775,42.82,1,99.2,93.30000000000001,1403,191.1,75.5,21.2,-21.836,5.191,4.195,32.0,33.4,62.0,1448,1,-9.0,0.42
5591,329,6.775,42.82,1,99.2,93.2,1402,191.2,75.5,21.21,-21.844,5.191,4.195,32.0,33.4,62.0,1448,1,-9.0,0.43
5592,329,6.75,42.88,1,99.3,93.30000000000001,1403,191.2,75.5,21.25,-21.844,5.188,4.195,32.0,33.3,62.0,1448,1,-9.0,0.42
5593,329,6.75,42.83,1,99.3,93.2,1403,191.1,75.3,21.21,-21.844,5.191,4.195,32.0,33.4,62.0,1448,1,-9.0,0.43
5594,329,6.75,42.88,1,99.3,93.30000000000001,1403,191.1,75.3,21.21,-21.844,5.188,4.195,32.0,33.3,62.0,1448,1,-9.0,0.42
5595,329,6.775,42.85,1,99.3,93.2,1403,191.1,75.4,21.22,-21.844,5.191,4.195,32.0,33.3,62.0,1448,1,-9.0,0.41
5596,329,6.775,42.86,1,99.3,93.30000000000001,1403,191.2,75.3,21.2,-21.844,5.191,4.195,32.0,33.3,62.0,1448,1,-9.0,0.42
5597,329,6.75,42.86,1,99.3,93.30000000000001,1403,191.2,75.4,21.22,-21.844,5.191,4.195,32.0,33.3,62.0,1448,1,-9.0,0.43
5598,329,6.75,42.88,1,99.3,93.30000000000001,1403,191.2,75.4,21.15,-21.844,5.188,4.195,32.0,33.3,62.0,1448,1,-9.0,0.42
5599,329,6.75,42.88,1,99.3,93.2,1403,191.4,75.3,21.18,-21.836,5.188,4.195,32.0,33.4,62.0,1448,1,-9.0,0.42
5600,329,6.75,42.82,1,99.2,93.2,1403,191.4,75.2,21.2,-21.836,5.188,4.195,32.0,33.4,62.0,1448,1,-9.0,0.42
5601,329,6.75,42.9,1,99.3,93.30000000000001,1403,191.4,75.3,21.23,-21.836,5.188,4.195,32.0,33.4,62.0,1448,1,-9.0,0.42
5602,329,6.75,42.87,1,99.3,93.2,1403,191.3,75.4,21.2,-21.836,5.188,4.195,32.0,33.4,62.0,1448,1,-9.0,0.42
5603,329,6.75,42.91,1,99.3,93.30000000000001,1403,191.3,75.4,21.2,-21.836,5.188,4.195,32.0,33.4,62.0,1448,1,-9.0,0.42
5604,329,6.75,42.88,1,99.3,93.30000000000001,1403,191.3,75.2,21.2,-21.836,5.191,4.195,32.0,33.4,62.0,1448,1,-9.0,0.41
5605,329,6.775,42.89,1,99.3,93.30000000000001,1404,191.3,75.3,21.21,-21.828,5.191,4.195,32.0,33.4,62.0,1448,1,-9.0,0.42
5606,328,6.775,42.86,1,99.3,93.30000000000001,1403,191.4,75.3,21.21,-21.828,5.188,4.195,32.0,33.4,62.0,1448,1,-9.0,0.43
5607,328,6.775,42.86,1,99.3,93.30000000000001,1403,191.4,75.3,21.16,-21.828,5.188,4.195,32.0,33.4,62.0,1448,1,-9.0,0.42
5608,328,6.75,42.85,1,99.3,93.2,1403,191.4,75.4,21.17,-21.828,5.188,4.195,32.0,33.4,62.0,1448,1,-9.0,0.43
5609,328,6.75,42.91,1,99.2,93.30000000000001,1403,191.4,75.2,21.2,-21.828,5.188,4.195,32.0,33.4,62.0,1448,1,-9.0,0.43
5610,328,6.775,42.92,1,99.2,93.2,1402,191.3,75.3,21.2,-21.836,5.188,4.195,32.0,33.4,62.0,1448,1,-9.0,0.42
5611,328,6.775,43.12,1,99.2,93.2,1402,191.3,75.2,21.19,-21.828,5.188,4.195,32.0,33.4,62.0,1448,1,-9.0,0.43
5612,328,6.775,42.88,1,99.3,93.30000000000001,1402,191.3,75.3,21.2,-21.828,5.191,4.195,32.0,33.4,62.0,1448,1,-9.0,0.42
5613,328,6.775,42.87,1,99.2,93.2,1403,191.3,75.3,21.18,-21.828,5.191,4.195,32.0,33.4,62.0,1448,1,-9.0,0.42
5614,328,6.775,42.89,1,99.3,93.30000000000001,1403,191.3,75.3,21.14,-21.828,5.191,4.195,32.0,33.4,62.0,1448,1,-9.0,0.43
5615,328,6.775,42.95,1,99.3,93.30000000000001,1403,191.3,75.3,21.18,-21.828,5.191,4.195,32.0,33.4,62.0,1448,1,-9.0,0.43
5616,328,6.775,42.87,1,99.2,93.2,1403,191.3,75.3,21.17,-21.82,5.191,4.195,32.0,33.4,62.0,1448,1,-9.0,0.43
5617,328,6.775,42.89,1,99.3,93.30000000000001,1403,191.3,75.3,21.19,-21.82,5.191,4.195,32.0,33.4,62.0,1447,1,-9.0,0.44
5618,328,6.775,42.81,1,99.2,93.2,1403,191.3,75.3,21.21,-21.812,5.191,4.195,32.0,33.4,62.0,1447,1,-9.0,0.43
5619,328,6.775,42.87,1,99.2,93.2,1403,191.3,75.3,21.17,-21.812,5.191,4.195,32.0,33.4,62.0,1447,1,-9.0,0.43
5620,328,6.775,42.88,1,99.2,93.30000000000001,1402,191.3,75.2,21.23,-21.812,5.191,4.195,32.0,33.4,62.0,1447,1,-9.0,0.44
5621,328,6.775,42.89,1,99.3,93.30000000000001,1402,191.3,75.4,21.19,-21.812,5.191,4.195,32.0,33.4,62.0,1447,1,-9.0,0.44
5622,328,6.775,42.84,1,99.2,93.2,1404,191.3,75.4,21.22,-21.82,5.191,4.195,32.0,33.4,62.0,1447,1,-9.0,0.43
5623,328,6.75,42.84,1,99.2,93.2,1404,191.4,75.2,21.21,-21.82,5.191,4.195,32.0,33.4,62.0,1447,1,-9.0,0.43
5624,328,6.775,42.94,1,99.2,93.30000000000001,1404,191.4,75.4,21.23,-21.82,5.191,4.195,32.0,33.4,62.0,1447,1,-9.0,0.43
5625,328,6.775,42.85,1,99.2,93.2,1404,191.4,75.3,21.16,-21.812,5.191,4.195,32.0,33.4,62.0,1447,1,-9.0,0.42
5626,328,6.775,42.91,1,99.2,93.30000000000001,1403,191.4,75.4,21.16,-21.812,5.191,4.195,32.0,33.4,62.0,1447,1,-9.0,0.42
5627,328,6.75,42.84,1,99.2,93.2,1403,191.4,75.3,21.18,-21.812,5.191,4.195,32.0,33.4,62.0,1447,1,-9.0,0.43
5628,328,6.75,42.81,1,99.2,93.2,1402,191.3,75.3,21.16,-21.82,5.191,4.195,32.0,33.4,62.0,1447,1,-9.0,0.43
5629,328,6.75,42.89,1,99.3,93.30000000000001,1403,191.3,75.4,21.19,-21.812,5.191,4.195,32.0,33.4,62.0,1447,1,-9.0,0.43
5630,328,6.775,42.87,1,99.2,93.30000000000001,1403,191.2,75.3,21.21,-21.82,5.188,4.195,32.0,33.4,62.0,1447,1,-9.0,0.43
5631,328,6.775,42.85,1,99.2,93.2,1403,191.2,75.4,21.2,-21.82,5.188,4.195,32.0,33.4,62.0,1447,1,-9.0,0.43
5632,328,6.775,42.87,1,99.2,93.2,1403,191.1,75.5,21.13,-21.82,5.188,4.195,32.0,33.4,62.0,1447,1,-9.0,0.42
5633,328,6.75,42.86,1,99.3,93.30000000000001,1403,191.1,75.3,20.88,-21.82,5.188,4.195,32.0,33.4,62.0,1447,1,-9.0,0.42
5634,328,6.75,42.86,1,99.2,93.30000000000001,1403,191.0,75.3,21.0,-21.828,5.188,4.195,32.0,33.4,62.0,1447,1,-9.0,0.42
5635,328,6.775,42.86,1,99.3,93.30000000000001,1404,191.0,75.4,20.89,-21.828,5.188,4.195,32.0,33.4,62.0,1447,1,-9.0,0.42
5636,328,6.775,43.04,1,99.3,93.30000000000001,1404,190.9,75.3,20.92,-21.828,5.188,4.195,32.0,33.4,62.0,1447,1,-9.0,0.42
5637,328,6.775,42.87,1,99.3,93.2,1404,190.9,75.4,20.88,-21.82,5.188,4.195,32.0,33.4,62.0,1447,1,-9.0,0.42
5638,328,6.775,42.88,1,99.2,93.30000000000001,1404,190.9,75.3,20.86,-21.82,5.188,4.195,32.0,33.4,62.0,1447,1,-9.0,0.43
5639,328,6.775,42.88,1,99.2,93.2,1404,190.9,75.3,20.87,-21.82,5.191,4.195,32.0,33.4,62.0,1447,1,-9.0,0.42
5640,328,6.75,42.83,1,99.2,93.2,1403,190.9,75.3,20.92,-21.82,5.188,4.195,32.0,33.3,62.0,1447,1,-9.0,0.43
5641,328,6.75,42.81,1,99.2,93.2,1403,190.9,75.2,20.9,-21.82,5.191,4.195,32.0,33.4,62.0,1447,1,-9.0,0.43
5642,328,6.775,42.84,1,99.2,93.30000000000001,1403,190.9,75.5,20.94,-21.82,5.191,4.195,32.0,33.4,62.0,1447,1,-8.9,0.41
5643,328,6.775,42.81,1,99.2,93.2,1404,190.9,75.5,20.9,-21.82,5.191,4.195,32.0,33.4,62.0,1447,1,-9.0,0.43
5644,328,6.775,42.94,1,99.2,93.30000000000001,1404,190.8,75.3,20.94,-21.82,5.191,4.195,32.0,33.4,62.0,1447,1,-8.9,0.43
5645,328,6.775,42.85,1,99.2,93.2,1403,190.8,75.3,20.92,-21.82,5.191,4.195,32.0,33.3,62.0,1447,1,-9.0,0.42
5646,328,6.775,42.85,1,99.2,93.2,1403,190.8,75.2,20.91,-21.82,5.188,4.195,32.0,33.4,62.0,1447,1,-8.9,0.42
5647,328,6.75,42.86,1,99.2,93.30000000000001,1403,190.7,75.3,20.93,-21.828,5.191,4.195,32.0,33.4,62.0,1447,1,-9.0,0.43
5648,328,6.75,42.86,1,99.3,93.30000000000001,1403,190.7,75.3,20.93,-21.828,5.191,4.195,32.0,33.4,62.0,1447,1,-8.9,0.42
5649,328,6.75,42.83,1,99.3,93.2,1404,190.7,75.4,20.91,-21.828,5.191,4.195,32.0,33.4,62.0,1447,1,-9.0,0.44
5650,328,6.75,42.83,1,99.2,93.30000000000001,1404,190.7,75.4,20.91,-21.82,5.191,4.195,32.0,33.3,62.0,1447,1,-8.9,0.43
5651,328,6.775,42.86,1,99.2,93.30000000000001,1404,190.7,75.3,20.92,-21.82,5.191,4.195,32.0,33.3,62.0,1447,1,-9.0,0.43
5652,328,6.75,42.9,1,99.3,93.30000000000001,1404,190.6,75.3,20.91,-21.82,5.191,4.195,32.0,33.3,62.0,1447,1,-9.0,0.43
5653,328,6.775,42.88,1,99.3,93.30000000000001,1404,190.6,75.2,20.86,-21.82,5.191,4.195,32.0,33.3,62.0,1447,1,-8.9,0.43
5654,328,6.775,43.0,1,99.2,93.2,1404,190.6,75.2,20.9,-21.828,5.188,4.195,32.0,33.3,62.0,1447,1,-8.9,0.43
5655,328,6.775,42.86,1,99.2,93.30000000000001,1403,190.7,75.2,20.91,-21.828,5.188,4.195,32.0,33.4,62.0,1447,1,-9.0,0.43
5656,328,6.775,42.87,1,99.3,93.30000000000001,1403,190.7,75.2,20.9,-21.828,5.188,4.195,32.0,33.3,62.0,1447,1,-9.0,0.42
5657,328,6.75,42.87,1,99.2,93.30000000000001,1403,190.7,75.3,20.89,-21.828,5.188,4.195,32.0,33.4,62.0,1447,1,-9.0,0.42
5658,328,6.75,42.88,1,99.2,93.2,1403,190.6,75.3,20.87,-21.828,5.188,4.195,32.0,33.3,62.0,1447,1,-9.0,0.42
5659,328,6.775,42.93,1,99.2,93.2,1403,190.6,75.2,20.9,-21.82,5.188,4.195,32.0,33.3,62.0,1447,1,-9.0,0.41
5660,328,6.75,42.93,1,99.3,93.30000000000001,1403,190.7,75.3,20.99,-21.828,5.188,4.195,32.0,33.3,62.0,1447,1,-8.9,0.41
5661,328,6.75,42.89,1,99.3,93.30000000000001,1402,190.6,75.3,20.95,-21.828,5.188,4.195,32.0,33.3,62.0,1447,1,-9.0,0.41
5662,328,6.775,42.88,1,99.3,93.30000000000001,1402,190.6,75.3,20.95,-21.828,5.188,4.195,32.0,33.3,62.0,1447,1,-8.9,0.43
5663,328,6.775,42.86,1,99.3,93.30000000000001,1403,190.7,75.3,20.86,-21.82,5.188,4.195,32.0,33.3,62.0,1447,1,-9.0,0.42
5664,328,6.75,42.85,1,99.3,93.30000000000001,1403,190.7,75.3,20.87,-21.82,5.188,4.195,32.0,33.3,62.0,1447,1,-9.0,0.42
5665,328,6.75,42.84,1,99.2,93.2,1403,190.7,75.3,20.89,-21.828,5.188,4.195,32.0,33.3,62.0,1447,1,-9.0,0.43
5666,328,6.75,42.93,1,99.3,93.30000000000001,1402,190.7,75.3,20.92,-21.828,5.188,4.195,32.0,33.3,62.0,1447,1,-8.9,0.42
5667,328,6.75,42.82,1,99.2,93.2,1403,190.7,75.3,20.94,-21.828,5.188,4.195,32.0,33.3,62.0,1447,1,-9.0,0.43
5668,328,6.75,42.81,1,99.2,93.2,1403,190.7,75.3,20.94,-21.828,5.188,4.195,32.0,33.4,62.0,1447,1,-8.9,0.42
5669,328,6.75,42.8,1,99.2,93.2,1403,190.7,75.3,20.91,-21.828,5.188,4.195,32.0,33.4,62.0,1447,1,-9.0,0.43
5670,328,6.75,42.82,1,99.2,93.2,1404,190.7,75.2,20.91,-21.828,5.188,4.195,32.0,33.4,62.0,1447,1,-9.0,0.42
5671,328,6.775,42.84,1,99.3,93.30000000000001,1404,190.7,75.3,20.93,-21.828,5.188,4.195,32.0,33.4,62.0,1447,1,-9.0,0.42
5672,328,6.775,42.84,1,99.2,93.2,1403,190.7,75.3,20.96,-21.836,5.188,4.195,32.0,33.4,62.0,1447,1,-9.0,0.42
5673,328,6.75,42.88,1,99.3,93.30000000000001,1402,190.6,75.3,20.9,-21.836,5.184,4.195,32.0,33.4,62.0,1447,1,-8.9,0.43
5674,328,6.75,42.88,1,99.3,93.30000000000001,1402,190.6,75.3,20.94,-21.844,5.188,4.195,32.0,33.4,62.0,1447,1,-8.9,0.43
5675,328,6.775,42.89,1,99.3,93.30000000000001,1403,190.7,75.4,20.89,-21.844,5.188,4.195,32.0,33.4,62.0,1447,1,-8.9,0.42
5676,328,6.775,42.9,1,99.3,93.30000000000001,1403,190.6,75.3,20.96,-21.844,5.188,4.195,32.0,33.4,62.0,1447,1,-9.0,0.41
5677,328,6.775,42.89,1,99.3,93.30000000000001,1403,190.6,75.5,20.92,-21.844,5.188,4.195,32.0,33.4,62.0,1447,1,-8.9,0.42
5678,328,6.75,43.08,1,99.3,93.30000000000001,1404,190.6,75.4,20.89,-21.852,5.188,4.195,32.0,33.4,62.0,1447,1,-8.9,0.41
5679,328,6.75,42.9,1,99.3,93.30000000000001,1404,190.6,75.3,20.89,-21.844,5.184,4.195,32.0,33.4,62.0,1447,1,-9.0,0.42
5680,328,6.775,42.82,1,99.3,93.30000000000001,1404,190.6,75.5,20.93,-21.844,5.184,4.195,32.0,33.4,62.0,1447,1,-8.9,0.42
5681,328,6.775,42.94,1,99.3,93.30000000000001,1403,190.6,75.4,20.93,-21.852,5.184,4.195,32.0,33.4,62.0,1447,1,-8.9,0.42
5682,328,6.775,42.88,1,99.3,93.30000000000001,1403,190.6,75.3,20.94,-21.844,5.184,4.195,32.0,33.4,62.0,1447,1,-8.9,0.42
5683,328,6.775,42.87,1,99.3,93.30000000000001,1402,190.6,75.3,20.89,-21.852,5.184,4.195,32.0,33.4,62.0,1447,1,-8.9,0.42
5684,328,6.775,42.85,1,99.3,93.30000000000001,1403,190.6,75.3,20.96,-21.859,5.184,4.195,32.0,33.4,62.0,1446,1,-8.9,0.42
5685,328,6.75,42.87,1,99.2,93.2,1403,190.6,75.6,20.89,-21.859,5.184,4.195,32.0,33.4,62.0,1446,1,-8.9,0.42
5686,328,6.75,42.84,1,99.3,93.2,1403,190.6,75.4,20.9,-21.859,5.188,4.195,32.0,33.4,62.0,1446,1,-9.0,0.41
5687,328,6.775,42.89,1,99.3,93.30000000000001,1403,190.6,75.2,20.91,-21.859,5.188,4.195,32.0,33.4,62.0,1446,1,-9.0,0.42
5688,328,6.775,42.84,1,99.3,93.30000000000001,1403,190.6,75.4,20.92,-21.859,5.188,4.195,32.0,33.3,62.0,1446,1,-9.0,0.42
5689,328,6.75,42.89,1,99.3,93.30000000000001,1403,190.6,75.4,20.89,-21.852,5.184,4.195,32.0,33.4,62.0,1446,1,-8.9,0.42
5690,328,6.75,42.85,1,99.3,93.30000000000001,1403,190.7,75.3,20.94,-21.844,5.184,4.195,32.0,33.4,62.0,1446,1,-8.9,0.42
5691,328,6.75,42.79,1,99.3,93.2,1403,190.6,75.2,20.89,-21.844,5.184,4.195,32.0,33.4,62.0,1446,1,-9.0,0.42
5692,328,6.75,42.87,1,99.3,93.2,1403,190.6,75.3,20.89,-21.852,5.184,4.195,32.0,33.4,62.0,1446,1,-8.9,0.42
5693,328,6.775,42.88,1,99.3,93.30000000000001,1403,190.6,75.2,20.88,-21.852,5.184,4.195,32.0,33.4,62.0,1446,1,-8.9,0.42
5694,328,6.775,42.84,1,99.2,93.30000000000001,1403,190.7,75.2,20.92,-21.859,5.184,4.195,32.0,33.4,62.0,1446,1,-8.9,0.42
5695,328,6.775,42.82,1,99.3,93.30000000000001,1403,190.6,75.3,20.96,-21.859,5.184,4.195,32.0,33.4,62.0,1446,1,-8.9,0.42
5696,328,6.775,42.96,1,99.3,93.30000000000001,1403,190.7,75.3,20.89,-21.867,5.184,4.195,32.0,33.4,62.0,1446,1,-8.9,0.43
5697,328,6.775,42.85,1,99.3,93.30000000000001,1404,190.7,75.3,20.96,-21.867,5.184,4.195,32.0,33.4,62.0,1446,1,-8.9,0.42
5698,328,6.75,42.9,1,99.3,93.30000000000001,1403,190.8,75.2,21.23,-21.867,5.184,4.195,32.0,33.4,62.0,1446,1,-8.9,0.42
5699,328,6.75,42.85,1,99.3,93.2,1403,190.7,75.4,21.2,-21.875,5.184,4.195,32.0,33.4,62.0,1446,1,-8.9,0.43
5700,328,6.75,42.9,1,99.3,93.30000000000001,1403,190.7,75.2,21.2,-21.875,5.184,4.195,32.0,33.4,62.0,1446,1,-8.9,0.41
5701,328,6.75,42.82,1,99.3,93.30000000000001,1403,190.7,75.4,21.18,-21.883,5.184,4.195,32.0,33.4,62.0,1446,1,-8.9,0.41
5702,328,6.75,42.88,1,99.3,93.30000000000001,1403,190.7,75.4,21.19,-21.883,5.184,4.195,32.0,33.4,62.0,1446,1,-8.9,0.41
5703,328,6.75,42.88,1,99.3,93.30000000000001,1403,190.7,75.4,21.25,-21.883,5.184,4.195,32.0,33.4,62.0,1446,1,-8.9,0.42
5704,328,6.775,42.87,1,99.3,93.30000000000001,1403,190.8,75.3,21.2,-21.875,5.184,4.195,32.0,33.4,62.0,1446,1,-8.9,0.42
5705,328,6.775,42.93,1,99.3,93.30000000000001,1403,190.8,75.2,21.21,-21.875,5.184,4.195,32.0,33.4,62.0,1446,1,-8.9,0.42
5706,328,6.75,42.85,1,99.3,93.30000000000001,1403,190.8,75.4,21.2,-21.875,5.184,4.195,32.0,33.4,62.0,1446,1,-8.9,0.42
5707,328,6.775,42.85,1,99.2,93.30000000000001,1403,190.7,75.2,21.21,-21.867,5.188,4.195,32.0,33.4,62.0,1446,1,-9.0,0.42
5708,328,6.775,42.82,1,99.3,93.2,1403,190.7,75.3,21.21,-21.859,5.184,4.195,32.0,33.4,62.0,1446,1,-8.9,0.42
5709,328,6.775,42.88,1,99.3,93.30000000000001,1403,190.6,75.3,21.17,-21.859,5.184,4.195,32.0,33.4,62.0,1446,1,-9.0,0.43
5710,328,6.775,42.83,1,99.3,93.30000000000001,1404,190.6,75.4,21.24,-21.859,5.184,4.195,32.0,33.4,62.0,1446,1,-8.9,0.43
5711,328,6.75,42.89,1,99.3,93.30000000000001,1403,190.7,75.2,21.23,-21.859,5.184,4.195,32.0,33.4,62.0,1446,1,-8.9,0.43
5712,328,6.75,42.84,1,99.2,93.2,1403,190.7,75.2,21.23,-21.859,5.184,4.195,32.0,33.4,62.0,1446,1,-8.9,0.41
5713,328,6.775,42.9,1,99.3,93.30000000000001,1403,190.7,75.3,21.23,-21.859,5.18,4.195,32.0,33.4,62.0,1446,1,-9.0,0.42
5714,328,6.775,42.83,1,99.3,93.30000000000001,1403,190.7,75.4,21.23,-21.867,5.18,4.195,32.0,33.4,62.0,1446,1,-8.9,0.42
5715,328,6.775,42.85,1,99.3,93.30000000000001,1404,190.7,75.3,21.22,-21.875,5.18,4.195,32.0,33.4,62.0,1446,1,-9.0,0.42
5716,328,6.75,42.86,1,99.3,93.30000000000001,1404,190.7,75.3,21.2,-21.867,5.18,4.195,32.0,33.5,62.0,1446,1,-8.9,0.42
5717,328,6.75,42.8,1,99.3,93.2,1403,190.8,75.4,21.28,-21.867,5.18,4.195,32.0,33.4,62.0,1446,1,-8.9,0.42
5718,328,6.75,42.86,1,99.2,93.30000000000001,1403,190.8,75.3,21.21,-21.875,5.18,4.195,32.0,33.5,62.0,1446,1,-8.9,0.42
5719,328,6.775,42.9,1,99.3,93.30000000000001,1403,190.8,75.4,21.17,-21.883,5.18,4.195,32.0,33.5,62.0,1446,1,-8.9,0.43
5720,328,6.775,42.83,1,99.3,93.2,1404,190.9,75.3,21.18,-21.883,5.18,4.195,32.0,33.5,62.0,1446,1,-8.9,0.42
5721,328,6.775,42.98,1,99.3,93.2,1404,190.9,75.3,21.21,-21.883,5.18,4.195,32.0,33.5,62.0,1446,1,-8.9,0.42
5722,328,6.775,42.92,1,99.3,93.2,1404,190.9,75.3,21.15,-21.883,5.18,4.195,32.0,33.5,62.0,1446,1,-8.9,0.42
5723,328,6.75,42.88,1,99.3,93.30000000000001,1403,190.9,75.2,21.2,-21.891,5.18,4.195,32.0,33.5,62.0,1446,1,-8.9,0.44
5724,328,6.75,43.01,1,99.3,93.30000000000001,1403,190.9,75.3,21.2,-21.891,5.18,4.195,32.0,33.5,62.0,1446,1,-8.9,0.42
5725,328,6.75,42.88,1,99.3,93.30000000000001,1403,190.9,75.3,21.21,-21.891,5.18,4.195,32.0,33.5,62.0,1446,1,-8.9,0.43
5726,328,6.775,42.92,1,99.3,93.30000000000001,1403,191.0,75.3,21.2,-21.891,5.18,4.195,32.0,33.5,62.0,1446,1,-8.9,0.42
5727,328,6.775,42.93,1,99.3,93.30000000000001,1403,191.0,75.3,21.14,-21.891,5.18,4.195,32.0,33.5,62.0,1446,1,-8.9,0.42
5728,328,6.775,42.91,1,99.2,93.30000000000001,1403,191.0,75.4,21.22,-21.891,5.18,4.195,32.0,33.5,62.0,1446,1,-8.9,0.41
5729,328,6.775,42.88,1,99.3,93.2,1403,191.0,75.3,21.14,-21.883,5.18,4.195,32.0,33.5,62.0,1446,1,-8.9,0.42
5730,328,6.75,42.96,1,99.2,93.30000000000001,1403,190.9,75.3,21.18,-21.891,5.18,4.195,32.0,33.5,62.0,1446,1,-9.0,0.42
5731,328,6.75,43.02,1,99.3,93.30000000000001,1403,190.8,75.3,21.18,-21.883,5.18,4.195,32.0,33.5,62.0,1446,1,-8.9,0.42
5732,328,6.775,42.91,1,99.3,93.30000000000001,1403,190.9,75.4,21.17,-21.883,5.184,4.195,32.0,33.5,62.0,1446,1,-8.9,0.42
5733,328,6.775,42.81,1,99.3,93.2,1403,190.9,75.3,21.18,-21.883,5.184,4.195,32.0,33.5,62.0,1446,1,-9.0,0.42
5734,328,6.775,42.89,1,99.2,93.30000000000001,1403,190.9,75.2,21.21,-21.875,5.184,4.195,32.0,33.5,62.0,1446,1,-8.9,0.42
5735,328,6.775,42.93,1,99.3,93.2,1403,190.9,75.2,21.16,-21.875,5.184,4.195,32.0,33.5,62.0,1446,1,-8.9,0.43
5736,328,6.775,42.94,1,99.3,93.30000000000001,1403,190.9,75.3,21.22,-21.875,5.184,4.195,32.0,33.5,62.0,1446,1,-8.9,0.43
5737,328,6.75,42.91,1,99.2,93.2,1403,190.9,75.4,21.16,-21.875,5.184,4.195,32.0,33.5,62.0,1446,1,-8.9,0.43
5738,328,6.75,42.87,1,99.3,93.2,1404,190.9,75.2,21.2,-21.875,5.184,4.195,32.0,33.5,62.0,1446,1,-8.9,0.42
5739,328,6.775,42.83,1,99.3,93.2,1404,190.9,75.2,21.25,-21.867,5.184,4.195,32.0,33.5,62.0,1446,1,-8.9,0.43
5740,328,6.775,42.82,1,99.3,93.30000000000001,1403,190.9,75.4,21.23,-21.875,5.184,4.195,32.0,33.5,62.0,1446,1,-8.9,0.42
5741,328,6.775,42.84,1,99.3,93.30000000000001,1403,190.9,75.2,21.24,-21.875,5.18,4.195,32.0,33.5,62.0,1445,1,-9.0,0.42
5742,328,6.775,42.79,1,99.3,93.2,1404,190.9,75.2,21.19,-21.875,5.18,4.195,32.0,33.5,62.0,1445,1,-9.0,0.41
5743,328,6.775,42.91,1,99.3,93.30000000000001,1403,191.0,75.3,21.2,-21.875,5.18,4.195,32.0,33.6,62.0,1445,1,-8.9,0.41
5744,328,6.775,42.83,1,99.3,93.30000000000001,1404,191.0,75.2,21.16,-21.875,5.184,4.195,32.0,33.5,62.0,1445,1,-8.9,0.43
5745,328,6.75,42.85,1,99.3,93.30000000000001,1403,191.0,75.4,21.25,-21.883,5.18,4.195,32.0,33.5,62.0,1445,1,-8.9,0.42
5746,328,6.775,42.84,1,99.2,93.30000000000001,1403,191.0,75.3,21.16,-21.883,5.184,4.195,32.0,33.6,62.0,1445,1,-8.9,0.42
5747,328,6.775,42.82,1,99.3,93.2,1403,191.0,75.2,21.19,-21.883,5.184,4.195,32.0,33.6,62.0,1445,1,-8.9,0.42
5748,328,6.75,42.96,1,99.3,93.30000000000001,1404,191.0,75.2,21.21,-21.875,5.184,4.195,32.0,33.6,62.0,1445,1,-8.9,0.41
5749,328,6.75,42.87,1,99.3,93.30000000000001,1404,191.0,75.2,21.17,-21.875,5.184,4.195,32.0,33.6,62.0,1445,1,-8.9,0.42
5750,328,6.75,42.91,1,99.3,93.30000000000001,1404,191.0,75.2,21.21,-21.883,5.184,4.195,32.0,33.6,62.0,1445,1,-8.9,0.42
5751,329,6.775,42.85,1,99.3,93.30000000000001,1404,191.1,75.3,21.15,-21.883,5.184,4.195,32.0,33.6,62.0,1445,1,-8.9,0.42
5752,329,6.775,42.86,1,99.3,93.30000000000001,1404,191.1,75.2,21.2,-21.883,5.184,4.195,32.0,33.6,62.0,1445,1,-8.9,0.42
5753,329,6.775,42.88,1,99.3,93.30000000000001,1404,191.2,75.3,21.2,-21.875,5.184,4.195,32.0,33.6,62.0,1445,1,-8.9,0.42
5754,329,6.775,42.82,1,99.3,93.2,1404,191.2,75.3,21.22,-21.867,5.184,4.195,32.0,33.5,62.0,1445,1,-8.9,0.43
5755,329,6.775,42.86,1,99.3,93.30000000000001,1404,191.1,75.3,21.2,-21.867,5.184,4.195,32.0,33.5,62.0,1445,1,-8.9,0.42
5756,329,6.75,42.85,1,99.3,93.30000000000001,1404,191.0,75.3,21.2,-21.867,5.184,4.195,32.0,33.5,62.0,1445,1,-8.9,0.42
5757,329,6.775,42.88,1,99.3,93.30000000000001,1404,191.1,75.4,21.18,-21.867,5.184,4.195,32.0,33.5,62.0,1445,1,-8.9,0.41
5758,329,6.775,42.9,1,99.3,93.30000000000001,1404,191.0,75.3,21.2,-21.859,5.184,4.195,32.0,33.5,62.0,1445,1,-9.0,0.42
5759,329,6.775,42.96,1,99.3,93.30000000000001,1404,190.9,75.3,21.24,-21.859,5.184,4.195,32.0,33.5,62.0,1445,1,-8.9,0.42
5760,329,6.775,42.91,1,99.3,93.30000000000001,1404,190.9,75.4,21.17,-21.859,5.184,4.195,32.0,33.5,61.0,1445,1,-8.9,0.42
5761,329,6.75,42.84,1,99.3,93.30000000000001,1404,190.9,75.3,21.14,-21.859,5.184,4.195,32.0,33.5,62.0,1445,1,-8.9,0.42
5762,329,6.75,42.85,1,99.3,93.30000000000001,1404,190.9,75.3,21.18,-21.859,5.188,4.195,32.0,33.5,62.0,1445,1,-8.9,0.42
5763,329,6.75,42.85,1,99.3,93.30000000000001,1404,190.9,75.3,21.2,-21.852,5.184,4.195,32.0,33.5,62.0,1445,1,-8.9,0.42
5764,329,6.775,42.86,1,99.3,93.30000000000001,1404,190.8,75.3,21.14,-21.852,5.184,4.195,32.0,33.5,62.0,1445,1,-8.9,0.43
5765,329,6.775,42.88,1,99.3,93.30000000000001,1403,190.9,75.5,21.16,-21.852,5.184,4.195,32.0,33.5,62.0,1445,1,-8.9,0.42
5766,329,6.775,42.84,1,99.3,93.30000000000001,1403,190.9,75.4,21.25,-21.852,5.184,4.195,32.0,33.5,62.0,1445,1,-8.9,0.42
5767,329,6.775,42.91,1,99.2,93.30000000000001,1403,190.9,75.4,21.27,-21.852,5.184,4.195,32.0,33.5,61.0,1445,1,-8.9,0.42
5768,329,6.775,42.82,1,99.2,93.2,1403,190.8,75.3,21.23,-21.852,5.184,4.195,32.0,33.5,61.0,1445,1,-8.9,0.42
5769,329,6.775,42.83,1,99.2,93.30000000000001,1403,190.9,75.3,21.2,-21.852,5.184,4.195,32.0,33.5,61.0,1445,1,-8.9,0.42
5770,329,6.75,42.86,1,99.2,93.2,1403,190.9,75.4,21.19,-21.859,5.184,4.195,32.0,33.5,61.0,1445,1,-8.9,0.42
5771,329,6.775,42.87,1,99.2,93.30000000000001,1403,191.0,75.3,21.27,-21.859,5.184,4.195,32.0,33.5,61.0,1445,1,-8.9,0.42
5772,329,6.775,42.8,1,99.2,93.2,1404,191.1,75.3,21.25,-21.859,5.184,4.195,32.0,33.5,61.0,1445,1,-8.9,0.41
5773,329,6.775,42.87,1,99.3,93.30000000000001,1404,191.0,75.3,21.18,-21.859,5.184,4.195,32.0,33.5,61.0,1445,1,-9.0,0.42
5774,329,6.75,42.84,1,99.3,93.30000000000001,1404,190.9,75.1,21.25,-21.852,5.184,4.195,32.0,33.5,61.0,1445,1,-9.0,0.42
5775,329,6.75,42.84,1,99.3,93.30000000000001,1404,190.9,75.3,21.22,-21.852,5.184,4.195,32.0,33.5,61.0,1445,1,-8.9,0.43
5776,329,6.775,42.83,1,99.2,93.30000000000001,1404,190.9,75.2,21.22,-21.844,5.184,4.195,32.0,33.5,61.0,1445,1,-8.9,0.42
5777,329,6.775,42.75,1,99.2,93.2,1404,191.0,75.2,21.16,-21.844,5.184,4.195,32.0,33.5,61.0,1445,1,-8.9,0.42
5778,329,6.775,42.93,1,99.3,93.30000000000001,1404,191.0,75.3,21.18,-21.844,5.184,4.195,32.0,33.5,61.0,1445,1,-8.9,0.42
5779,329,6.775,42.84,1,99.2,93.2,1403,191.0,75.3,21.2,-21.844,5.184,4.195,32.0,33.5,61.0,1445,1,-8.9,0.41
5780,329,6.775,42.86,1,99.3,93.30000000000001,1403,191.0,75.3,21.22,-21.844,5.184,4.195,32.0,33.5,61.0,1445,1,-8.9,0.42
5781,329,6.775,42.8,1,99.3,93.2,1403,190.9,75.3,21.19,-21.844,5.184,4.195,32.0,33.5,61.0,1445,1,-8.9,0.43
5782,329,6.75,42.82,1,99.2,93.2,1404,190.9,75.3,21.21,-21.844,5.184,4.195,32.0,33.5,61.0,1445,1,-8.9,0.42
5783,329,6.75,42.76,1,99.2,93.2,1404,190.8,75.3,21.24,-21.844,5.184,4.195,32.0,33.5,61.0,1445,1,-8.9,0.42
5784,329,6.775,42.82,1,99.3,93.30000000000001,1403,190.9,75.3,21.18,-21.844,5.18,4.195,32.0,33.5,61.0,1445,1,-8.9,0.41
5785,329,6.775,42.84,1,99.2,93.2,1404,190.9,75.3,21.24,-21.844,5.184,4.195,32.0,33.5,61.0,1445,1,-8.9,0.41
5786,329,6.775,42.83,1,99.3,93.2,1404,190.9,75.3,21.22,-21.852,5.184,4.195,32.0,33.5,61.0,1445,1,-9.0,0.41
5787,329,6.775,42.85,1,99.3,93.30000000000001,1404,190.9,75.3,21.23,-21.852,5.184,4.195,32.0,33.5,61.0,1445,1,-8.9,0.42
5788,329,6.775,42.87,1,99.3,93.30000000000001,1404,190.9,75.3,21.2,-21.859,5.184,4.195,32.0,33.5,61.0,1445,1,-8.9,0.42
5789,329,6.75,42.86,1,99.2,93.30000000000001,1403,190.8,75.4,21.2,-21.859,5.184,4.195,32.0,33.5,61.0,1445,1,-8.9,0.42
5790,329,6.75,42.84,1,99.3,93.2,1403,190.9,75.4,21.23,-21.859,5.184,4.195,32.0,33.5,61.0,1445,1,-8.9,0.42
5791,329,6.775,42.89,1,99.3,93.30000000000001,1404,190.9,75.3,21.25,-21.859,5.184,4.195,32.0,33.5,61.0,1445,1,-8.9,0.41
5792,329,6.75,42.8,1,99.3,93.2,1404,190.9,75.1,21.23,-21.859,5.184,4.195,32.0,33.5,61.0,1445,1,-8.9,0.42
5793,329,6.75,42.83,1,99.2,93.30000000000001,1404,190.8,75.3,21.17,-21.859,5.184,4.195,32.0,33.5,61.0,1445,1,-8.9,0.42
5794,329,6.775,42.85,1,99.3,93.30000000000001,1404,190.8,75.3,21.25,-21.859,5.184,4.195,32.0,33.5,61.0,1445,1,-8.9,0.42
5795,329,6.775,42.88,1,99.3,93.30000000000001,1404,190.7,75.5,21.2,-21.859,5.184,4.195,32.0,33.5,61.0,1445,1,-8.9,0.43
5796,329,6.775,42.96,1,99.3,93.30000000000001,1404,190.8,75.5,21.19,-21.867,5.184,4.195,32.0,33.5,61.0,1445,1,-9.0,0.41
5797,329,6.775,42.87,1,99.3,93.30000000000001,1404,190.9,75.4,21.2,-21.867,5.18,4.195,32.0,33.5,61.0,1445,1,-8.9,0.41
5798,329,6.775,42.93,1,99.3,93.30000000000001,1404,190.9,75.4,21.17,-21.867,5.184,4.195,32.0,33.5,61.0,1445,1,-8.9,0.41
5799,329,6.75,42.93,1,99.3,93.30000000000001,1404,190.9,75.4,21.23,-21.875,5.184,4.195,32.0,33.5,61.0,1445,1,-9.0,0.42
5800,329,6.75,42.94,1,99.3,93.30000000000001,1403,190.9,75.3,21.28,-21.867,5.184,4.195,32.0,33.5,61.0,1445,1,-8.9,0.42
5801,329,6.75,42.85,1,99.3,93.30000000000001,1403,191.0,75.5,21.2,-21.867,5.184,4.195,32.0,33.5,61.0,1444,1,-8.9,0.42
5802,329,6.75,42.88,1,99.3,93.2,1403,190.9,75.4,21.21,-21.875,5.184,4.195,32.0,33.5,61.0,1444,1,-8.9,0.42
5803,329,6.775,42.83,1,99.3,93.30000000000001,1403,190.9,75.4,21.23,-21.875,5.184,4.195,32.0,33.5,61.0,1444,1,-8.9,0.42
5804,329,6.775,42.83,1,99.3,93.2,1403,190.9,75.4,21.2,-21.875,5.184,4.195,32.0,33.5,61.0,1444,1,-8.9,0.42
5805,329,6.775,42.91,1,99.3,93.30000000000001,1403,191.0,75.3,21.18,-21.883,5.18,4.195,32.0,33.5,61.0,1444,1,-8.9,0.43
5806,329,6.75,43.06,1,99.3,93.30000000000001,1404,191.0,75.4,21.2,-21.883,5.18,4.195,32.0,33.5,61.0,1444,1,-9.0,0.43
5807,329,6.75,42.91,1,99.3,93.30000000000001,1404,190.9,75.4,21.13,-21.883,5.18,4.195,32.0,33.5,61.0,1444,1,-8.9,0.42
5808,329,6.75,42.85,1,99.2,93.30000000000001,1404,190.9,75.4,21.15,-21.883,5.18,4.195,32.0,33.5,61.0,1444,1,-8.9,0.43
5809,329,6.75,42.9,1,99.2,93.2,1404,190.9,75.3,21.23,-21.875,5.18,4.195,32.0,33.5,61.0,1444,1,-8.9,0.43
5810,329,6.75,42.97,1,99.2,93.30000000000001,1404,190.9,75.4,21.26,-21.875,5.184,4.195,32.0,33.5,61.0,1444,1,-8.9,0.43
5811,329,6.775,42.8,1,99.3,93.2,1403,190.9,75.3,20.65,-21.875,5.184,4.195,32.0,33.5,61.0,1444,1,-8.9,0.42
5812,329,6.75,42.84,1,99.1,93.2,1403,190.9,75.3,20.57,-21.875,5.18,4.195,32.0,33.5,61.0,1444,1,-8.9,0.43
5813,329,6.75,43.02,1,99.1,93.2,1402,190.9,75.4,20.58,-21.875,5.18,4.194,32.0,33.5,61.0,1444,1,-8.9,0.42
5814,329,6.775,42.9,1,99.0,93.10000000000001,1401,191.0,75.1,20.57,-21.875,5.18,4.195,32.0,33.5,61.0,1444,1,-8.9,0.42
5815,329,6.775,43.13,1,99.0,93.10000000000001,1401,191.0,75.3,20.6,-21.875,5.184,4.195,32.0,33.5,61.0,1444,1,-8.9,0.41
5816,329,6.775,42.89,1,99.0,93.2,1400,191.0,75.2,20.58,-21.875,5.184,4.195,32.0,33.5,61.0,1444,1,-8.9,0.41
5817,329,6.75,42.99,1,99.1,93.2,1400,191.1,75.3,20.52,-21.867,5.184,4.194,32.0,33.5,61.0,1444,1,-8.9,0.42
5818,329,6.75,43.0,1,99.0,93.2,1400,191.1,75.3,20.54,-21.867,5.184,4.195,32.0,33.5,61.0,1444,1,-8.9,0.42
5819,329,6.775,42.87,1,99.0,93.2,1400,191.1,75.3,20.56,-21.859,5.184,4.195,32.0,33.5,61.0,1444,1,-8.9,0.43
5820,329,6.775,43.04,1,99.0,93.2,1400,191.1,75.2,20.57,-21.852,5.184,4.194,32.0,33.5,61.0,1444,1,-8.9,0.42
5821,329,6.775,42.88,1,99.0,93.2,1400,191.1,75.2,20.55,-21.844,5.184,4.195,32.0,33.5,61.0,1444,1,-8.9,0.43
5822,329,6.775,42.88,1,99.0,93.2,1400,191.2,75.4,20.56,-21.844,5.184,4.195,32.0,33.5,61.0,1444,1,-8.9,0.43
5823,329,6.775,42.95,1,99.0,93.10000000000001,1401,191.2,75.3,20.58,-21.836,5.184,4.195,32.0,33.5,61.0,1444,1,-8.9,0.41
5824,329,6.75,42.87,1,99.0,93.2,1400,191.3,75.2,20.57,-21.828,5.184,4.195,32.0,33.5,61.0,1444,1,-9.0,0.42
5825,329,6.75,43.1,1,99.0,93.2,1400,191.3,75.3,20.56,-21.828,5.184,4.195,32.0,33.5,61.0,1444,1,-9.0,0.43
5826,329,6.775,42.97,1,99.0,93.10000000000001,1400,191.3,75.4,20.54,-21.82,5.184,4.195,32.0,33.5,61.0,1444,1,-8.9,0.41
5827,329,6.775,43.02,1,99.0,93.2,1400,191.2,75.2,20.59,-21.82,5.188,4.195,32.0,33.5,61.0,1444,1,-9.0,0.42
5828,329,6.775,42.93,1,99.0,93.2,1400,191.2,75.3,20.59,-21.812,5.188,4.195,32.0,33.5,61.0,1444,1,-8.9,0.42
5829,329,6.775,43.04,1,99.0,93.10000000000001,1400,191.2,75.3,20.56,-21.805,5.188,4.195,32.0,33.5,61.0,1444,1,-8.9,0.42
5830,329,6.775,42.83,1,99.0,93.10000000000001,1400,191.2,75.0,20.5,-21.805,5.188,4.195,32.0,33.5,61.0,1444,1,-8.9,0.42
5831,329,6.75,42.93,1,99.0,93.2,1400,191.3,75.3,21.1,-21.797,5.188,4.195,32.0,33.5,61.0,1444,1,-9.0,0.42
5832,329,6.75,42.9,1,99.2,93.30000000000001,1400,191.3,75.2,21.3,-21.797,5.188,4.195,32.0,33.5,61.0,1444,1,-8.9,0.42
5833,329,6.775,42.87,1,99.2,93.2,1401,191.2,75.3,21.34,-21.797,5.184,4.195,32.0,33.5,61.0,1444,1,-8.9,0.43
5834,329,6.775,42.92,1,99.2,93.2,1402,191.3,75.3,21.33,-21.789,5.184,4.195,32.0,33.5,61.0,1444,1,-8.9,0.41
5835,329,6.775,43.01,1,99.2,93.30000000000001,1403,191.3,75.3,21.3,-21.789,5.184,4.195,32.0,33.5,61.0,1444,1,-8.9,0.41
5836,329,6.775,42.89,1,99.2,93.30000000000001,1403,191.3,75.2,21.36,-21.789,5.184,4.195,32.0,33.5,61.0,1444,1,-8.9,0.41
5837,329,6.775,42.91,1,99.2,93.30000000000001,1403,191.3,75.4,21.35,-21.781,5.184,4.195,32.0,33.6,61.0,1444,1,-9.0,0.42
5838,329,6.775,42.87,1,99.2,93.2,1403,191.2,75.3,21.34,-21.781,5.184,4.195,32.0,33.5,61.0,1444,1,-8.9,0.42
5839,329,6.775,42.9,1,99.2,93.30000000000001,1402,191.2,75.3,21.31,-21.781,5.184,4.195,32.0,33.6,61.0,1444,1,-8.9,0.42
5840,329,6.775,42.89,1,99.2,93.2,1402,191.2,75.2,21.24,-21.781,5.184,4.195,32.0,33.6,61.0,1444,1,-8.9,0.42
5841,329,6.75,42.91,1,99.2,93.30000000000001,1403,191.1,75.3,21.32,-21.781,5.184,4.195,32.0,33.5,61.0,1444,1,-8.9,0.41
5842,329,6.75,42.9,1,99.2,93.30000000000001,1403,191.2,75.3,21.28,-21.781,5.184,4.195,32.0,33.5,61.0,1444,1,-8.9,0.42
5843,329,6.75,42.88,1,99.2,93.30000000000001,1403,191.2,75.2,21.29,-21.789,5.184,4.195,32.0,33.5,61.0,1444,1,-8.9,0.43
5844,329,6.75,42.85,1,99.2,93.2,1403,191.1,75.3,21.36,-21.789,5.184,4.195,32.0,33.5,61.0,1444,1,-8.9,0.42
5845,329,6.775,42.95,1,99.2,93.2,1403,191.2,75.2,21.3,-21.789,5.184,4.195,32.0,33.5,61.0,1444,1,-8.9,0.42
5846,329,6.775,42.87,1,99.2,93.30000000000001,1403,191.2,75.3,21.21,-21.789,5.188,4.194,32.0,33.5,61.0,1444,1,-9.0,0.42
5847,329,6.775,43.1,1,99.2,93.2,1403,191.2,75.3,21.32,-21.789,5.188,4.195,32.0,33.5,61.0,1444,1,-8.9,0.42
5848,329,6.775,42.84,1,99.2,93.2,1402,191.2,75.2,21.3,-21.789,5.188,4.195,32.0,33.6,61.0,1444,1,-9.0,0.42
5849,329,6.775,42.87,1,99.2,93.30000000000001,1402,191.2,75.2,21.27,-21.789,5.188,4.195,32.0,33.6,61.0,1444,1,-8.9,0.42
5850,329,6.75,42.87,1,99.2,93.30000000000001,1402,191.2,75.4,21.31,-21.797,5.184,4.195,32.0,33.5,61.0,1444,1,-8.9,0.42
5851,329,6.775,42.81,1,99.2,93.2,1402,191.1,75.3,21.31,-21.789,5.188,4.195,32.0,33.5,61.0,1444,1,-8.9,0.42
5852,329,6.775,42.87,1,99.2,93.30000000000001,1402,191.1,75.2,21.33,-21.797,5.188,4.195,32.0,33.5,61.0,1444,1,-9.0,0.42
5853,329,6.775,42.79,1,99.2,93.2,1402,191.0,75.3,21.33,-21.797,5.188,4.195,32.0,33.5,61.0,1444,1,-9.0,0.42
5854,329,6.775,42.86,1,99.2,93.2,1402,191.0,75.3,21.29,-21.789,5.188,4.195,32.0,33.5,61.0,1444,1,-9.0,0.41
5855,329,6.775,42.84,1,99.3,93.30000000000001,1403,190.9,75.1,21.33,-21.789,5.188,4.195,32.0,33.5,61.0,1444,1,-8.9,0.42
5856,329,6.75,42.89,1,99.2,93.2,1403,190.8,75.2,21.29,-21.789,5.188,4.195,32.0,33.5,61.0,1444,1,-9.0,0.42
5857,329,6.75,42.85,1,99.2,93.2,1403,190.8,75.3,21.33,-21.797,5.188,4.195,32.0,33.5,61.0,1444,1,-9.0,0.42
5858,329,6.75,42.9,1,99.2,93.30000000000001,1402,190.8,75.2,21.35,-21.797,5.188,4.195,32.0,33.5,61.0,1444,1,-8.9,0.41
5859,330,6.75,42.86,1,99.2,93.30000000000001,1403,190.7,75.2,21.22,-21.789,5.188,4.195,32.0,33.5,61.0,1444,1,-9.0,0.42
5860,330,6.775,42.82,1,99.2,93.2,1403,190.7,75.2,21.33,-21.789,5.188,4.195,32.0,33.5,61.0,1444,1,-9.0,0.41
5861,330,6.775,42.83,1,99.2,93.2,1402,190.7,75.2,21.35,-21.797,5.188,4.195,32.0,33.5,61.0,1444,1,-9.0,0.43
5862,330,6.775,42.86,1,99.2,93.30000000000001,1402,190.6,75.4,21.32,-21.797,5.188,4.195,32.0,33.5,61.0,1444,1,-9.0,0.42
5863,330,6.75,42.84,1,99.2,93.2,1402,190.6,75.4,21.31,-21.797,5.188,4.195,32.0,33.5,61.0,1444,1,-9.0,0.43
5864,330,6.75,42.86,1,99.2,93.2,1402,190.6,75.4,21.31,-21.797,5.188,4.195,32.0,33.5,61.0,1443,1,-9.0,0.42
5865,330,6.775,42.84,1,99.2,93.2,1402,190.5,75.3,21.3,-21.797,5.184,4.195,32.0,33.5,61.0,1443,1,-8.9,0.42
5866,330,6.775,42.87,1,99.2,93.30000000000001,1402,190.6,75.3,21.32,-21.797,5.184,4.195,32.0,33.5,61.0,1443,1,-8.9,0.42
5867,330,6.775,42.83,1,99.2,93.2,1402,190.7,75.2,21.32,-21.797,5.188,4.194,32.0,33.5,61.0,1443,1,-8.9,0.41
5868,330,6.775,42.8,1,99.2,93.2,1403,190.7,75.2,21.31,-21.797,5.184,4.195,32.0,33.5,61.0,1443,1,-9.0,0.41
5869,330,6.75,42.85,1,99.2,93.30000000000001,1403,190.6,75.2,21.31,-21.797,5.184,4.195,32.0,33.5,61.0,1443,1,-8.9,0.41
5870,330,6.75,42.83,1,99.2,93.2,1403,190.6,75.1,21.28,-21.797,5.184,4.195,32.0,33.5,61.0,1443,1,-8.9,0.42
5871,330,6.775,42.84,1,99.2,93.2,1403,190.7,75.2,21.34,-21.805,5.184,4.195,32.0,33.5,61.0,1443,1,-8.9,0.41
5872,330,6.775,42.84,1,99.2,93.2,1403,190.7,75.3,21.3,-21.797,5.188,4.195,32.0,33.5,61.0,1443,1,-8.9,0.42
5873,330,6.775,42.89,1,99.3,93.30000000000001,1403,190.7,75.3,21.28,-21.797,5.188,4.195,32.0,33.5,61.0,1443,1,-9.0,0.42
5874,330,6.75,42.91,1,99.2,93.30000000000001,1403,190.7,75.3,21.32,-21.797,5.188,4.195,32.0,33.5,61.0,1443,1,-8.9,0.42
5875,330,6.75,43.03,1,99.2,93.2,1403,190.7,75.2,21.3,-21.797,5.184,4.195,32.0,33.5,61.0,1443,1,-9.0,0.41
5876,330,6.75,42.86,1,99.2,93.2,1403,190.7,75.2,21.33,-21.797,5.188,4.195,32.0,33.5,61.0,1443,1,-8.9,0.43
5877,330,6.775,42.96,1,99.2,93.30000000000001,1403,190.7,75.3,21.3,-21.797,5.188,4.195,32.0,33.5,61.0,1443,1,-9.0,0.42
5878,330,6.775,42.86,1,99.3,93.30000000000001,1403,190.7,75.2,21.32,-21.797,5.188,4.195,32.0,33.5,61.0,1443,1,-8.9,0.43
5879,330,6.775,42.84,1,99.2,93.2,1403,190.7,75.3,21.3,-21.789,5.188,4.195,32.0,33.5,61.0,1443,1,-8.9,0.42
5880,330,6.775,42.8,1,99.2,93.2,1403,190.6,75.2,20.9,-21.789,5.184,4.195,32.0,33.5,61.0,1443,1,-8.9,0.42
5881,330,6.775,42.89,1,99.2,93.2,1403,190.6,75.4,20.77,-21.789,5.184,4.195,32.0,33.5,61.0,1443,1,-8.9,0.42
5882,330,6.775,42.81,1,99.2,93.2,1403,190.6,75.3,20.8,-21.789,5.188,4.195,32.0,33.5,61.0,1443,1,-8.9,0.43
5883,330,6.775,42.83,1,99.2,93.2,1403,190.6,75.3,20.81,-21.781,5.188,4.195,32.0,33.5,61.0,1443,1,-9.0,0.42
5884,330,6.775,43.14,1,99.1,93.2,1403,190.6,75.1,20.78,-21.789,5.188,4.195,32.0,33.5,61.0,1443,1,-9.0,0.43
5885,330,6.775,42.97,1,99.1,93.2,1402,190.6,75.3,20.8,-21.789,5.188,4.195,32.0,33.5,61.0,1443,1,-8.9,0.43
5886,330,6.775,42.83,1,99.1,93.2,1402,190.7,75.2,20.8,-21.781,5.188,4.195,32.0,33.5,61.0,1443,1,-9.0,0.43
5887,330,6.775,42.86,1,99.2,93.2,1402,190.6,75.3,20.82,-21.789,5.188,4.195,32.0,33.5,61.0,1443,1,-8.9,0.41
5888,330,6.775,43.1,1,99.2,93.2,1403,190.7,75.4,20.84,-21.781,5.188,4.195,32.0,33.5,61.0,1443,1,-8.9,0.42
5889,330,6.75,42.85,1,99.2,93.2,1404,190.7,75.4,20.75,-21.781,5.188,4.195,32.0,33.5,61.0,1443,1,-9.0,0.42
5890,330,6.75,43.01,1,99.2,93.2,1404,190.6,75.3,20.8,-21.773,5.188,4.195,32.0,33.5,61.0,1443,1,-9.0,0.42
5891,330,6.75,42.97,1,99.2,93.2,1404,190.5,75.4,20.82,-21.773,5.188,4.195,32.0,33.5,61.0,1443,1,-8.9,0.42
5892,330,6.775,42.85,1,99.1,93.2,1403,190.5,75.2,20.77,-21.773,5.188,4.194,32.0,33.5,61.0,1443,1,-9.0,0.43
5893,330,6.775,42.81,1,99.2,93.2,1402,190.5,75.3,20.8,-21.773,5.188,4.195,32.0,33.5,61.0,1443,1,-8.9,0.42
5894,330,6.775,43.0,1,99.2,93.2,1403,190.5,75.2,20.78,-21.766,5.188,4.195,32.0,33.5,61.0,1443,1,-8.9,0.42
5895,330,6.775,42.86,1,99.2,93.2,1402,190.5,75.3,20.81,-21.766,5.188,4.195,32.0,33.5,61.0,1443,1,-8.9,0.42
5896,330,6.775,43.0,1,99.1,93.2,1402,190.5,75.3,20.77,-21.766,5.188,4.195,32.0,33.5,61.0,1443,1,-8.9,0.42
5897,330,6.75,43.01,1,99.1,93.2,1403,190.4,75.4,20.8,-21.766,5.188,4.195,32.0,33.5,61.0,1443,1,-9.0,0.42
5898,330,6.75,43.02,1,99.1,93.2,1403,190.5,75.3,20.79,-21.766,5.188,4.195,32.0,33.5,61.0,1443,1,-8.9,0.42
5899,330,6.75,42.82,1,99.2,93.2,1403,190.5,75.3,20.82,-21.766,5.188,4.195,32.0,33.5,61.0,1443,1,-9.0,0.42
5900,330,6.775,42.84,1,99.1,93.2,1403,190.5,75.3,20.8,-21.766,5.188,4.195,32.0,33.5,61.0,1443,1,-9.0,0.42
5901,330,6.775,42.91,1,99.1,93.2,1402,190.5,75.3,20.84,-21.766,5.188,4.195,32.0,33.5,61.0,1443,1,-8.9,0.42
5902,330,6.775,42.82,1,99.1,93.2,1402,190.6,75.2,20.8,-21.773,5.188,4.195,32.0,33.5,61.0,1443,1,-8.9,0.42
5903,330,6.75,42.84,1,99.2,93.2,1402,190.5,75.2,20.85,-21.773,5.188,4.195,32.0,33.5,61.0,1443,1,-8.9,0.43
5904,330,6.775,42.97,1,99.1,93.2,1402,190.6,75.2,20.82,-21.773,5.188,4.195,32.0,33.5,61.0,1443,1,-9.0,0.42
5905,330,6.775,42.94,1,99.1,93.2,1403,190.7,75.3,20.85,-21.773,5.188,4.195,32.0,33.5,61.0,1443,1,-9.0,0.42
5906,330,6.775,43.07,1,99.1,93.2,1402,190.6,75.2,20.75,-21.773,5.188,4.195,32.0,33.5,61.0,1443,1,-8.9,0.42
5907,330,6.775,43.02,1,99.1,93.2,1402,190.7,75.2,20.8,-21.773,5.188,4.195,32.0,33.5,61.0,1443,1,-9.0,0.42
5908,330,6.775,42.83,1,99.1,93.2,1402,190.7,75.3,20.82,-21.773,5.188,4.195,32.0,33.5,61.0,1443,1,-9.0,0.42
5909,330,6.75,42.85,1,99.1,93.2,1402,190.6,75.4,20.8,-21.766,5.188,4.195,32.0,33.5,61.0,1443,1,-8.9,0.42
5910,330,6.75,43.04,1,99.1,93.2,1402,190.6,75.5,20.82,-21.766,5.188,4.195,32.0,33.5,61.0,1443,1,-9.0,0.43
5911,330,6.75,42.84,1,99.1,93.2,1402,190.7,75.4,20.83,-21.766,5.188,4.195,32.0,33.5,61.0,1443,1,-9.0,0.43
5912,330,6.75,42.85,1,99.2,93.2,1403,190.6,75.3,20.83,-21.766,5.188,4.195,32.0,33.5,61.0,1443,1,-8.9,0.43
5913,330,6.75,42.83,1,99.1,93.2,1402,190.7,75.4,20.78,-21.766,5.188,4.195,32.0,33.5,61.0,1443,1,-8.9,0.42
5914,330,6.75,42.8,1,99.2,93.2,1402,190.7,75.3,20.79,-21.766,5.188,4.195,32.0,33.5,61.0,1443,1,-8.9,0.42
5915,330,6.775,42.81,1,99.1,93.2,1402,190.7,75.4,20.79,-21.766,5.184,4.195,32.0,33.5,61.0,1443,1,-8.9,0.43
5916,330,6.775,42.81,1,99.1,93.2,1402,190.8,75.5,20.85,-21.766,5.184,4.195,32.0,33.5,61.0,1443,1,-9.0,0.42
5917,330,6.75,42.92,1,99.1,93.2,1402,190.8,75.1,20.76,-21.758,5.184,4.195,32.0,33.6,61.0,1443,1,-8.9,0.42
5918,330,6.75,42.97,1,99.1,93.2,1402,190.9,75.1,21.11,-21.758,5.184,4.195,32.0,33.5,61.0,1443,1,-8.9,0.42
5919,330,6.775,42.83,1,99.2,93.2,1402,190.8,75.0,21.27,-21.758,5.184,4.195,32.0,33.6,61.0,1443,1,-8.9,0.41
5920,330,6.75,42.83,1,99.2,93.2,1402,190.8,75.1,21.29,-21.758,5.184,4.195,32.0,33.6,61.0,1443,1,-8.9,0.42
5921,330,6.775,42.87,1,99.2,93.2,1402,190.8,75.3,21.29,-21.766,5.184,4.195,32.0,33.6,61.0,1443,1,-8.9,0.42
5922,330,6.75,42.9,1,99.2,93.2,1403,190.7,75.2,21.26,-21.758,5.184,4.195,32.0,33.6,61.0,1443,1,-9.0,0.41
5923,330,6.75,42.82,1,99.2,93.2,1403,190.8,75.3,21.32,-21.758,5.184,4.195,32.0,33.6,61.0,1443,1,-9.0,0.42
5924,330,6.75,42.9,1,99.2,93.2,1402,190.8,75.3,21.33,-21.758,5.188,4.195,32.0,33.6,61.0,1443,1,-8.9,0.42
5925,330,6.775,42.82,1,99.2,93.2,1403,190.7,75.3,21.31,-21.758,5.184,4.195,32.0,33.6,61.0,1443,1,-8.9,0.42
5926,330,6.775,43.02,1,99.2,93.2,1403,190.7,75.3,21.34,-21.758,5.184,4.195,32.0,33.6,61.0,1443,1,-8.9,0.42
5927,330,6.775,42.89,1,99.2,93.2,1403,190.7,75.3,21.35,-21.758,5.184,4.195,32.0,33.6,61.0,1443,1,-8.9,0.43
5928,330,6.75,42.96,1,99.2,93.2,1403,190.8,75.2,21.32,-21.758,5.184,4.194,32.0,33.6,61.0,1443,1,-9.0,0.43
5929,330,6.75,43.0,1,99.2,93.2,1403,190.7,75.2,21.32,-21.758,5.184,4.195,32.0,33.6,61.0,1443,1,-8.9,0.41
5930,330,6.75,42.84,1,99.2,93.2,1403,190.8,75.3,21.32,-21.758,5.184,4.195,32.0,33.6,61.0,1442,1,-8.9,0.42
5931,330,6.75,42.85,1,99.2,93.2,1403,190.8,75.4,21.29,-21.758,5.184,4.195,32.0,33.6,61.0,1442,1,-8.9,0.42
5932,330,6.775,42.86,1,99.2,93.30000000000001,1403,190.7,75.5,21.35,-21.758,5.184,4.195,32.0,33.6,61.0,1442,1,-8.9,0.42
5933,330,6.775,42.94,1,99.2,93.2,1402,190.6,75.3,21.3,-21.758,5.184,4.195,32.0,33.5,61.0,1442,1,-9.0,0.42
5934,330,6.775,42.89,1,99.2,93.2,1402,190.7,75.3,21.31,-21.758,5.184,4.195,32.0,33.6,61.0,1442,1,-9.0,0.42
5935,330,6.775,42.83,1,99.2,93.2,1404,190.6,75.3,21.35,-21.758,5.184,4.195,32.0,33.5,61.0,1442,1,-8.9,0.42
5936,330,6.75,42.85,1,99.2,93.2,1405,190.6,75.3,21.3,-21.758,5.184,4.195,32.0,33.5,61.0,1442,1,-8.9,0.42
5937,330,6.75,42.82,1,99.2,93.2,1405,190.7,75.2,21.31,-21.758,5.184,4.195,32.0,33.5,61.0,1442,1,-9.0,0.43
5938,330,6.775,42.81,1,99.2,93.2,1404,190.6,75.3,21.31,-21.758,5.184,4.195,32.0,33.6,61.0,1442,1,-9.0,0.43
5939,330,6.775,42.87,1,99.2,93.30000000000001,1403,190.6,75.2,21.34,-21.766,5.184,4.195,32.0,33.5,61.0,1442,1,-8.9,0.43
5940,330,6.775,42.89,1,99.2,93.30000000000001,1403,190.5,75.2,21.32,-21.758,5.184,4.195,32.0,33.5,61.0,1442,1,-9.0,0.43
5941,330,6.775,42.85,1,99.2,93.2,1403,190.5,75.2,21.34,-21.758,5.184,4.195,32.0,33.5,61.0,1442,1,-9.0,0.42
5942,330,6.775,42.87,1,99.2,93.30000000000001,1403,190.5,75.3,21.31,-21.758,5.184,4.195,32.0,33.5,61.0,1442,1,-8.9,0.42
5943,330,6.775,42.91,1,99.2,93.30000000000001,1403,190.5,75.4,21.29,-21.758,5.184,4.194,32.0,33.6,61.0,1442,1,-9.0,0.43
5944,330,6.775,42.82,1,99.2,93.2,1403,190.5,75.4,21.28,-21.758,5.188,4.195,32.0,33.6,61.0,1442,1,-8.9,0.42
5945,330,6.775,42.83,1,99.2,93.2,1404,190.5,75.2,21.33,-21.75,5.188,4.195,32.0,33.6,61.0,1442,1,-8.9,0.42
5946,330,6.775,42.88,1,99.2,93.2,1404,190.5,75.3,21.33,-21.75,5.188,4.195,32.0,33.5,61.0,1442,1,-9.0,0.42
5947,330,6.775,42.85,1,99.2,93.2,1404,190.5,75.4,21.33,-21.75,5.188,4.195,32.0,33.5,61.0,1442,1,-9.0,0.43
5948,330,6.75,42.85,1,99.2,93.2,1404,190.5,75.3,21.28,-21.734,5.188,4.195,32.0,33.5,61.0,1442,1,-8.9,0.43
5949,330,6.75,42.84,1,99.2,93.2,1404,190.6,75.4,20.24,-21.734,5.191,4.194,32.0,33.5,61.0,1442,1,-8.9,0.42
5950,330,6.75,42.79,1,98.6,92.80000000000001,1403,190.6,75.0,17.98,-21.734,5.191,4.195,32.0,33.5,61.0,1442,1,-8.9,0.42
5951,331,6.75,42.4,1,97.39999999999999,92.2,1396,190.7,74.7,15.8,-21.734,5.195,4.195,32.0,33.5,61.0,1442,1,-8.9,0.42
5952,331,6.75,42.65,1,95.89999999999999,91.60000000000001,1384,190.9,74.2,14.1,-21.742,5.199,4.195,32.0,33.5,61.0,1442,1,-8.9,0.42
5953,331,6.75,42.77,1,94.8,91.10000000000001,1369,190.9,73.7,12.99,-21.758,5.203,4.195,32.0,33.5,61.0,1442,1,-8.9,0.42
5954,331,6.75,42.74,1,93.89999999999999,90.8,1356,191.0,73.4,12.7,-21.758,5.207,4.195,32.0,33.5,61.0,1442,1,-8.9,0.42
5955,331,6.75,42.65,1,93.60000000000001,90.7,1345,191.2,73.3,12.6,-21.758,5.211,4.195,32.0,33.5,61.0,1442,1,-9.0,0.42
5956,331,6.75,42.67,1,93.4,90.60000000000001,1337,191.4,73.1,12.64,-21.742,5.215,4.195,32.0,33.6,61.0,1442,1,-8.9,0.42
5957,331,6.75,42.7,1,93.4,90.60000000000001,1332,191.7,73.1,12.74,-21.727,5.223,4.195,32.0,33.5,61.0,1442,1,-8.9,0.41
5958,331,6.75,42.62,1,93.4,90.60000000000001,1329,191.8,73.0,12.63,-21.695,5.227,4.195,32.0,33.5,61.0,1442,1,-8.9,0.42
5959,331,6.725,42.66,1,93.4,90.60000000000001,1326,191.9,73.0,12.61,-21.656,5.23,4.194,32.0,33.5,61.0,1442,1,-9.0,0.41
5960,332,6.725,42.69,1,93.30000000000001,90.60000000000001,1324,192.1,73.2,12.66,-21.625,5.234,4.195,32.0,33.5,61.0,1442,1,-9.0,0.41
5961,332,6.725,42.75,1,93.30000000000001,90.60000000000001,1323,192.3,73.2,12.65,-21.578,5.238,4.195,32.0,33.5,61.0,1442,1,-8.9,0.41
5962,332,6.725,42.66,1,93.30000000000001,90.60000000000001,1321,192.6,73.2,12.7,-21.531,5.242,4.195,32.0,33.5,61.0,1442,1,-8.9,0.41
5963,332,6.725,42.68,1,93.30000000000001,90.60000000000001,1320,192.8,73.2,12.7,-21.484,5.25,4.195,32.0,33.5,61.0,1442,1,-8.9,0.43
5964,332,6.725,42.55,1,93.30000000000001,90.60000000000001,1319,193.0,73.2,12.57,-21.43,5.254,4.195,32.0,33.5,61.0,1442,1,-8.9,0.42
5965,332,6.725,42.62,1,93.0,90.5,1318,193.2,73.1,11.54,-21.375,5.258,4.195,32.0,33.5,61.0,1442,1,-9.0,0.42
5966,332,6.725,42.66,1,92.5,90.2,1314,193.5,72.9,11.41,-21.32,5.262,4.195,32.0,33.5,61.0,1442,1,-8.9,0.41
5967,332,6.7,42.68,1,92.2,90.10000000000001,1309,193.7,72.8,11.39,-21.273,5.266,4.195,32.0,33.4,61.0,1442,1,-9.0,0.41
5968,332,6.7,42.69,1,92.10000000000001,90.10000000000001,1306,193.9,72.6,11.41,-21.227,5.266,4.195,32.0,33.4,61.0,1442,1,-8.9,0.41
5969,332,6.7,42.55,1,92.10000000000001,90.10000000000001,1303,194.1,72.7,11.57,-21.18,5.27,4.195,32.0,33.4,61.0,1442,1,-9.0,0.41
5970,332,6.7,42.62,1,92.2,90.2,1302,194.2,72.9,12.42,-21.125,5.273,4.195,32.0,33.4,61.0,1442,1,-8.9,0.42
5971,332,6.7,42.67,1,92.7,90.4,1303,194.4,73.0,12.58,-21.07,5.277,4.195,32.0,33.3,61.0,1442,1,-8.9,0.42
5972,332,6.7,42.68,1,92.9,90.5,1306,194.5,73.1,12.54,-21.016,5.281,4.195,32.0,33.3,61.0,1442,1,-8.9,0.42
5973,332,6.7,42.73,1,92.9,90.5,1308,194.5,73.2,12.63,-20.961,5.289,4.195,32.0,33.3,61.0,1442,1,-8.9,0.41
5974,332,6.675,42.7,1,92.9,90.5,1308,194.6,73.1,12.6,-20.906,5.293,4.194,32.0,33.3,61.0,1442,1,-8.9,0.41
5975,332,6.675,42.7,1,92.9,90.5,1308,194.7,73.2,12.54,-20.852,5.297,4.195,32.0,33.2,61.0,1442,1,-8.9,0.42
5976,332,6.675,42.77,1,92.9,90.5,1308,194.9,73.1,12.58,-20.789,5.301,4.195,31.0,33.2,61.0,1442,1,-8.9,0.42
5977,332,6.675,42.69,1,92.80000000000001,90.5,1308,195.0,73.1,12.57,-20.734,5.305,4.194,31.0,33.2,61.0,1442,1,-8.9,0.41
5978,332,6.675,42.66,1,92.9,90.5,1308,195.0,73.1,12.41,-20.68,5.309,4.195,32.0,33.1,61.0,1442,1,-8.9,0.42
5979,332,6.675,42.7,1,92.80000000000001,90.4,1308,195.1,73.1,12.55,-20.625,5.313,4.195,32.0,33.1,61.0,1442,1,-8.9,0.42
5980,332,6.675,42.66,1,92.80000000000001,90.5,1308,195.1,73.1,12.53,-20.57,5.316,4.195,31.0,33.1,61.0,1442,1,-8.9,0.41
5981,332,6.65,42.72,1,92.7,90.4,1307,195.1,73.1,12.56,-20.516,5.32,4.195,31.0,33.1,61.0,1442,1,-8.9,0.41
5982,332,6.65,42.72,1,92.7,90.4,1307,195.1,73.1,12.6,-20.469,5.324,4.194,31.0,33.0,61.0,1442,1,-8.9,0.41
5983,332,6.65,42.69,1,92.7,90.4,1307,195.1,73.1,12.58,-20.422,5.328,4.195,31.0,33.0,61.0,1442,1,-8.9,0.41
5984,332,6.65,42.74,1,92.7,90.4,1307,195.2,73.1,12.58,-20.367,5.332,4.195,31.0,33.0,61.0,1442,1,-8.9,0.41
5985,332,6.65,42.68,1,92.60000000000001,90.4,1306,195.2,73.0,12.55,-20.32,5.336,4.195,31.0,32.9,61.0,1442,1,-8.9,0.42
5986,332,6.65,42.71,1,92.60000000000001,90.4,1306,195.2,73.2,12.55,-20.266,5.34,4.195,31.0,32.9,61.0,1442,1,-8.9,0.42
5987,331,6.65,42.72,1,92.60000000000001,90.4,1306,195.2,73.1,12.56,-20.219,5.344,4.195,31.0,32.9,61.0,1442,1,-8.9,0.41
5988,332,6.65,42.73,1,92.60000000000001,90.4,1306,195.2,73.1,12.63,-20.164,5.348,4.194,31.0,32.8,61.0,1442,1,-8.9,0.41
5989,331,6.65,42.79,1,92.7,90.5,1306,195.2,73.2,13.47,-20.109,5.352,4.195,31.0,32.8,61.0,1442,1,-8.9,0.41
5990,332,6.65,42.71,1,93.0,90.60000000000001,1307,195.2,73.3,13.47,-20.055,5.352,4.195,31.0,32.8,61.0,1442,1,-8.9,0.4
5991,332,6.65,42.7,1,93.10000000000001,90.7,1310,195.1,73.4,13.77,-20.0,5.355,4.195,31.0,32.8,61.0,1442,1,-8.9,0.42
5992,332,6.625,42.79,1,93.4,90.8,1312,195.2,73.4,14.82,-19.953,5.359,4.195,31.0,32.8,61.0,1442,1,-8.9,0.4
5993,332,6.625,42.82,1,93.89999999999999,91.10000000000001,1316,195.2,73.6,15.24,-19.891,5.363,4.195,31.0,32.7,61.0,1442,1,-8.9,0.41
5994,332,6.625,42.83,1,94.19999999999999,91.2,1321,195.1,73.7,15.32,-19.836,5.367,4.195,31.0,32.7,61.0,1442,1,-8.9,0.41
5995,332,6.625,42.84,1,94.3,91.2,1325,195.0,73.6,15.6,-19.781,5.371,4.194,31.0,32.7,61.0,1441,1,-8.9,0.41
5996,332,6.625,42.83,1,94.5,91.4,1328,195.0,73.9,16.09,-19.727,5.375,4.195,31.0,32.7,61.0,1441,1,-8.9,0.41
5997,332,6.625,42.95,1,94.69999999999999,91.4,1331,194.9,73.8,16.11,-19.672,5.379,4.195,31.0,32.7,61.0,1441,1,-8.9,0.41
5998,333,6.625,42.9,1,94.8,91.5,1334,194.8,73.9,16.13,-19.625,5.383,4.195,31.0,32.7,61.0,1441,1,-8.9,0.4
5999,333,6.625,42.93,1,94.8,91.5,1336,194.7,74.0,16.1,-19.578,5.387,4.195,31.0,32.6,61.0,1441,1,-8.9,0.4
6000,333,6.625,42.85,1,94.89999999999999,91.5,1338,194.5,73.9,16.5,-19.523,5.391,4.195,31.0,32.7,61.0,1441,1,-8.9,0.4
6001,333,6.625,42.9,1,95.0,91.60000000000001,1340,194.4,74.1,16.51,-19.477,5.395,4.195,31.0,32.6,61.0,1441,1,-8.9,0.41
6002,333,6.625,42.89,1,95.1,91.60000000000001,1341,194.2,74.2,16.65,-19.43,5.398,4.194,31.0,32.6,61.0,1441,1,-8.9,0.4
6003,334,6.625,42.86,1,95.1,91.60000000000001,1343,194.1,74.2,16.77,-19.383,5.402,4.195,31.0,32.6,61.0,1441,1,-8.9,0.41
6004,334,6.6,42.86,1,95.19999999999999,91.7,1344,194.0,74.0,17.1,-19.336,5.406,4.195,31.0,32.6,61.0,1441,1,-8.8,0.42
6005,334,6.6,42.95,1,95.3,91.7,1345,193.8,74.2,17.17,-19.289,5.41,4.195,31.0,32.6,61.0,1441,1,-8.8,0.41
6006,334,6.6,42.92,1,95.39999999999999,91.7,1347,193.7,74.3,17.14,-19.242,5.414,4.195,31.0,32.6,61.0,1441,1,-8.8,0.41
6007,334,6.6,42.93,1,95.39999999999999,91.7,1348,193.6,74.2,17.16,-19.195,5.418,4.195,31.0,32.7,61.0,1441,1,-8.8,0.4
6008,335,6.6,42.92,1,95.39999999999999,91.7,1349,193.4,74.3,17.16,-19.148,5.422,4.195,31.0,32.7,61.0,1441,1,-8.8,0.4
6009,335,6.6,42.96,1,95.3,91.7,1349,193.3,74.2,17.11,-19.094,5.426,4.195,31.0,32.7,61.0,1441,1,-8.8,0.4
6010,335,6.6,42.91,1,95.3,91.7,1349,193.1,74.3,17.12,-19.047,5.434,4.194,31.0,32.7,61.0,1441,1,-8.8,0.4
6011,335,6.6,42.95,1,95.3,91.7,1350,193.0,74.3,17.14,-18.992,5.438,4.195,31.0,32.7,61.0,1441,1,-8.8,0.41
6012,335,6.6,42.93,1,95.3,91.7,1350,192.9,74.2,17.14,-18.938,5.441,4.194,31.0,32.7,61.0,1441,1,-8.8,0.4
6013,336,6.6,42.94,1,95.19999999999999,91.7,1350,192.8,74.2,17.16,-18.891,5.445,4.195,31.0,32.7,61.0,1441,1,-8.8,0.41
6014,336,6.6,42.88,1,95.19999999999999,91.7,1350,192.8,74.2,17.14,-18.836,5.453,4.195,31.0,32.7,61.0,1441,1,-8.8,0.42
6015,336,6.6,42.92,1,95.19999999999999,91.7,1350,192.7,74.3,17.12,-18.773,5.457,4.195,31.0,32.7,61.0,1441,1,-8.8,0.41
6016,336,6.6,42.92,1,95.1,91.7,1350,192.6,74.4,17.09,-18.719,5.461,4.195,31.0,32.8,61.0,1441,1,-8.8,0.41
6017,336,6.6,42.82,1,95.0,91.60000000000001,1350,192.5,74.1,16.18,-18.664,5.469,4.195,31.0,32.8,61.0,1441,1,-8.8,0.4
6018,336,6.575,42.8,1,94.5,91.3,1347,192.5,73.9,15.6,-18.602,5.473,4.195,31.0,32.8,61.0,1441,1,-8.8,0.41
6019,336,6.575,42.79,1,94.1,91.2,1342,192.4,73.9,15.5,-18.555,5.477,4.195,31.0,32.8,61.0,1441,1,-8.8,0.41
6020,336,6.575,42.83,1,93.89999999999999,91.10000000000001,1339,192.4,73.8,15.5,-18.5,5.48,4.195,31.0,32.8,61.0,1441,1,-8.8,0.4
6021,336,6.575,42.8,1,93.89999999999999,91.10000000000001,1337,192.4,73.7,15.52,-18.445,5.484,4.195,31.0,32.9,61.0,1441,1,-8.7,0.42
6022,336,6.575,42.78,1,93.8,91.10000000000001,1335,192.4,73.7,15.49,-18.398,5.488,4.195,31.0,32.9,61.0,1441,1,-8.7,0.41
6023,336,6.575,42.77,1,93.7,91.0,1334,192.4,73.6,15.49,-18.344,5.492,4.195,31.0,32.9,61.0,1441,1,-8.7,0.4
6024,337,6.575,42.83,1,93.7,91.0,1333,192.3,73.6,15.31,-18.297,5.496,4.195,31.0,32.9,61.0,1441,1,-8.7,0.4
6025,337,6.575,42.77,1,93.60000000000001,90.9,1332,192.3,73.6,15.27,-18.258,5.5,4.195,31.0,32.9,61.0,1441,1,-8.7,0.4
6026,337,6.575,42.81,1,93.60000000000001,91.0,1331,192.3,73.6,15.3,-18.203,5.504,4.195,31.0,33.0,61.0,1441,1,-8.7,0.41
6027,337,6.575,42.83,1,93.5,90.9,1330,192.4,73.6,15.25,-18.156,5.508,4.194,31.0,33.0,61.0,1441,1,-8.7,0.41
6028,337,6.575,42.81,1,93.5,90.9,1329,192.4,73.6,15.27,-18.117,5.512,4.195,31.0,33.0,61.0,1441,1,-8.7,0.41
6029,337,6.575,42.81,1,93.5,90.9,1328,192.4,73.7,15.23,-18.07,5.516,4.195,32.0,33.1,61.0,1441,1,-8.7,0.41
6030,337,6.575,42.82,1,93.5,90.9,1327,192.4,73.6,15.23,-18.023,5.52,4.195,32.0,33.1,61.0,1441,1,-8.7,0.41
6031,337,6.575,42.84,1,93.4,90.9,1327,192.4,73.7,15.28,-17.977,5.523,4.194,32.0,33.1,61.0,1441,1,-8.7,0.4
6032,337,6.55,42.78,1,93.4,90.9,1327,192.4,73.5,15.2,-17.93,5.527,4.195,32.0,33.1,61.0,1441,1,-8.6,0.41
6033,337,6.55,42.76,1,93.30000000000001,90.9,1326,192.4,73.6,15.26,-17.891,5.527,4.195,32.0,33.2,61.0,1441,1,-8.6,0.41
6034,337,6.55,42.85,1,93.30000000000001,90.9,1325,192.5,73.5,15.23,-17.844,5.535,4.195,32.0,33.2,61.0,1441,1,-8.6,0.41
6035,337,6.55,42.81,1,93.30000000000001,90.9,1324,192.6,73.6,15.63,-17.812,5.539,4.195,31.0,33.2,61.0,1441,1,-8.6,0.4
6036,337,6.55,42.87,1,93.60000000000001,91.0,1324,192.5,73.6,16.14,-17.781,5.543,4.195,32.0,33.2,61.0,1441,1,-8.6,0.41
6037,337,6.55,42.87,1,93.8,91.10000000000001,1326,192.5,73.7,16.02,-17.742,5.547,4.194,32.0,33.3,61.0,1441,1,-8.6,0.41
6038,337,6.55,42.85,1,93.89999999999999,91.2,1328,192.5,73.8,16.21,-17.703,5.551,4.195,32.0,33.3,61.0,1441,1,-8.6,0.41
6039,337,6.55,42.85,1,94.0,91.2,1330,192.6,73.7,16.28,-17.672,5.559,4.195,32.0,33.3,61.0,1441,1,-8.6,0.4
6040,337,6.55,42.88,1,94.0,91.2,1332,192.5,73.9,16.25,-17.633,5.562,4.195,32.0,33.3,61.0,1441,1,-8.6,0.41
6041,337,6.55,42.9,1,94.0,91.2,1333,192.5,73.9,16.22,-17.586,5.566,4.195,32.0,33.3,61.0,1441,1,-8.6,0.41
6042,337,6.55,42.85,1,94.0,91.2,1333,192.5,73.8,16.16,-17.547,5.57,4.195,32.0,33.3,61.0,1441,1,-8.5,0.41
6043,337,6.55,42.91,1,94.0,91.2,1334,192.4,73.9,16.26,-17.508,5.574,4.194,32.0,33.4,61.0,1441,1,-8.5,0.4
6044,337,6.55,42.89,1,94.0,91.2,1334,192.4,73.8,16.21,-17.461,5.578,4.195,32.0,33.4,61.0,1441,1,-8.5,0.4
6045,337,6.525,42.89,1,94.0,91.2,1334,192.3,73.9,16.23,-17.414,5.582,4.195,32.0,33.4,61.0,1441,1,-8.5,0.41
6046,337,6.525,42.91,1,94.0,91.2,1333,192.4,73.9,16.2,-17.375,5.586,4.195,32.0,33.4,61.0,1441,1,-8.5,0.41
6047,337,6.525,42.88,1,94.0,91.2,1334,192.3,73.9,16.2,-17.328,5.59,4.194,32.0,33.5,61.0,1441,1,-8.5,0.4
6048,337,6.525,42.86,1,94.0,91.2,1335,192.3,73.9,16.2,-17.281,5.594,4.195,32.0,33.5,61.0,1441,1,-8.5,0.41
6049,337,6.525,42.84,1,94.0,91.2,1335,192.3,74.0,16.2,-17.234,5.598,4.194,32.0,33.5,61.0,1441,1,-8.5,0.41
6050,337,6.525,42.88,1,93.89999999999999,91.2,1335,192.3,74.0,16.18,-17.18,5.602,4.195,32.0,33.5,61.0,1441,1,-8.4,0.41
6051,337,6.525,42.9,1,93.89999999999999,91.2,1335,192.3,73.9,16.22,-17.133,5.605,4.195,32.0,33.5,61.0,1441,1,-8.4,0.41
6052,337,6.525,42.88,1,93.89999999999999,91.2,1336,192.2,73.9,16.23,-17.086,5.609,4.195,32.0,33.6,61.0,1441,1,-8.4,0.41
6053,337,6.525,42.8,1,93.89999999999999,91.2,1335,192.2,74.1,16.2,-17.039,5.613,4.195,32.0,33.6,61.0,1441,1,-8.4,0.4
6054,337,6.525,42.87,1,93.89999999999999,91.2,1335,192.2,73.9,15.74,-16.984,5.621,4.195,32.0,33.6,61.0,1441,1,-8.4,0.4
6055,337,6.525,42.92,1,93.60000000000001,91.0,1334,192.2,73.9,15.23,-16.945,5.625,4.195,32.0,33.6,61.0,1441,1,-8.4,0.4
6056,337,6.525,42.83,1,93.30000000000001,90.9,1331,192.1,73.6,15.15,-16.898,5.625,4.195,32.0,33.6,61.0,1441,1,-8.4,0.4
6057,337,6.525,42.88,1,93.2,90.9,1329,192.1,73.6,15.13,-16.844,5.629,4.195,32.0,33.7,61.0,1441,1,-8.4,0.4
6058,337,6.5,42.88,1,93.2,90.9,1328,192.1,73.5,15.19,-16.797,5.637,4.195,32.0,33.7,61.0,1441,1,-8.3,0.41
6059,337,6.5,42.9,1,93.10000000000001,90.9,1327,192.1,73.5,15.14,-16.75,5.641,4.195,32.0,33.7,61.0,1441,1,-8.3,0.4
6060,337,6.5,42.85,1,93.10000000000001,90.9,1326,192.1,73.6,15.11,-16.695,5.645,4.195,32.0,33.8,61.0,1441,1,-8.3,0.41
6061,337,6.5,42.91,1,93.10000000000001,90.9,1326,192.1,73.6,15.12,-16.656,5.648,4.195,32.0,33.8,61.0,1441,1,-8.3,0.4
6062,337,6.5,42.78,1,93.10000000000001,90.9,1325,192.1,73.8,15.12,-16.609,5.652,4.194,33.0,33.8,61.0,1441,1,-8.3,0.42
6063,337,6.5,42.79,1,93.10000000000001,90.9,1325,192.2,73.7,15.14,-16.555,5.656,4.195,33.0,33.8,61.0,1441,1,-8.3,0.41
6064,337,6.5,42.86,1,93.10000000000001,90.9,1325,192.1,73.7,15.21,-16.508,5.66,4.195,33.0,33.8,61.0,1441,1,-8.3,0.41
6065,337,6.5,42.83,1,93.10000000000001,90.9,1324,192.2,73.7,15.15,-16.453,5.668,4.195,32.0,33.9,61.0,1441,1,-8.2,0.41
6066,337,6.5,42.85,1,93.10000000000001,90.9,1324,192.3,73.7,15.17,-16.398,5.672,4.195,32.0,33.9,61.0,1441,1,-8.2,0.4
6067,337,6.5,42.79,1,93.10000000000001,90.9,1324,192.3,73.7,15.13,-16.352,5.676,4.195,32.0,33.9,61.0,1441,1,-8.2,0.4
6068,337,6.5,42.87,1,93.10000000000001,90.9,1324,192.3,73.7,15.12,-16.305,5.676,4.195,32.0,33.9,61.0,1440,1,-8.2,0.41
6069,336,6.5,42.83,1,93.10000000000001,90.9,1324,192.3,73.9,15.23,-16.258,5.684,4.195,32.0,34.0,61.0,1440,1,-8.2,0.41
6070,336,6.5,42.84,1,93.10000000000001,90.9,1324,192.3,73.7,15.17,-16.203,5.688,4.195,33.0,34.0,61.0,1440,1,-8.2,0.4
6071,336,6.5,42.84,1,93.0,90.9,1325,192.2,73.6,14.48,-16.148,5.691,4.195,33.0,34.0,61.0,1440,1,-8.1,0.41
6072,336,6.475,42.88,1,92.60000000000001,90.60000000000001,1323,192.2,73.6,13.96,-16.094,5.699,4.195,32.0,34.0,61.0,1440,1,-8.1,0.42
6073,336,6.475,42.89,1,92.4,90.5,1320,192.2,73.6,13.88,-16.047,5.703,4.195,32.0,34.1,61.0,1440,1,-8.1,0.4
6074,336,6.475,42.77,1,92.2,90.5,1317,192.3,73.6,13.85,-15.992,5.707,4.195,33.0,34.1,61.0,1440,1,-8.1,0.4
6075,336,6.475,42.89,1,92.10000000000001,90.5,1315,192.3,73.5,13.94,-15.945,5.711,4.195,33.0,34.1,61.0,1440,1,-8.1,0.4
6076,336,6.475,42.81,1,92.10000000000001,90.5,1313,192.3,73.4,13.86,-15.891,5.719,4.195,33.0,34.1,61.0,1440,1,-8.0,0.4
6077,335,6.475,42.85,1,92.10000000000001,90.5,1313,192.2,73.4,13.89,-15.828,5.723,4.195,33.0,34.2,61.0,1440,1,-8.0,0.4
6078,335,6.475,42.84,1,92.10000000000001,90.5,1312,192.1,73.3,14.0,-15.781,5.723,4.195,33.0,34.2,61.0,1440,1,-8.0,0.4
6079,335,6.475,42.79,1,92.2,90.5,1311,192.2,73.5,14.09,-15.719,5.727,4.195,33.0,34.2,61.0,1440,1,-8.0,0.4
6080,335,6.475,42.9,1,92.2,90.5,1310,192.3,73.4,13.95,-15.68,5.73,4.194,33.0,34.2,61.0,1440,1,-8.0,0.4
6081,335,6.475,42.89,1,92.10000000000001,90.5,1311,192.2,73.3,13.98,-15.633,5.734,4.195,33.0,34.2,61.0,1440,1,-7.9,0.4
6082,335,6.475,42.87,1,92.10000000000001,90.5,1310,192.3,73.3,13.9,-15.586,5.738,4.195,33.0,34.3,61.0,1440,1,-7.9,0.41
6083,335,6.475,42.92,1,92.10000000000001,90.5,1310,192.3,73.4,13.89,-15.547,5.738,4.195,33.0,34.3,61.0,1440,1,-7.9,0.41
6084,335,6.475,42.87,1,92.10000000000001,90.5,1310,192.4,73.3,14.64,-15.508,5.742,4.195,33.0,34.3,61.0,1440,1,-7.9,0.41
6085,334,6.45,42.84,1,92.60000000000001,90.8,1312,192.5,73.5,15.79,-15.461,5.746,4.195,33.0,34.3,61.0,1440,1,-7.9,0.41
6086,334,6.45,42.91,1,93.30000000000001,91.2,1317,192.5,73.8,16.96,-15.422,5.75,4.195,33.0,34.4,61.0,1440,1,-7.9,0.42
6087,334,6.45,43.04,1,94.0,91.5,1324,192.4,74.0,17.25,-15.367,5.754,4.195,33.0,34.4,61.0,1440,1,-7.8,0.42
6088,334,6.45,42.99,1,94.3,91.60000000000001,1330,192.4,74.3,17.29,-15.32,5.758,4.195,33.0,34.4,61.0,1440,1,-7.8,0.41
6089,334,6.45,43.03,1,94.39999999999999,91.60000000000001,1335,192.3,74.3,17.26,-15.273,5.762,4.195,33.0,34.5,61.0,1440,1,-7.8,0.4
6090,335,6.45,43.06,1,94.5,91.60000000000001,1339,192.2,74.3,17.31,-15.227,5.766,4.195,33.0,34.5,61.0,1440,1,-7.8,0.4
6091,335,6.45,43.03,1,94.5,91.60000000000001,1342,192.2,74.4,17.3,-15.18,5.77,4.195,33.0,34.5,61.0,1440,1,-7.8,0.4
6092,335,6.45,43.06,1,94.5,91.60000000000001,1343,192.1,74.3,17.29,-15.133,5.773,4.195,33.0,34.5,61.0,1440,1,-7.7,0.4
6093,335,6.45,43.04,1,94.5,91.7,1344,192.1,74.3,17.54,-15.086,5.777,4.195,33.0,34.5,61.0,1440,1,-7.7,0.4
6094,335,6.45,42.99,1,94.6,91.7,1345,191.9,74.6,17.6,-15.031,5.785,4.195,33.0,34.6,61.0,1440,1,-7.7,0.41
6095,335,6.45,43.06,1,94.69999999999999,91.7,1346,191.8,74.4,18.0,-14.984,5.789,4.195,33.0,34.6,61.0,1440,1,-7.7,0.4
6096,335,6.45,43.09,1,94.89999999999999,91.9,1348,191.7,74.6,18.13,-14.938,5.793,4.195,33.0,34.6,61.0,1440,1,-7.6,0.41
6097,335,6.45,43.04,1,95.0,91.9,1350,191.6,74.7,18.18,-14.883,5.801,4.195,33.0,34.7,61.0,1440,1,-7.6,0.41
6098,335,6.425,43.08,1,95.1,91.9,1352,191.4,74.6,18.21,-14.836,5.805,4.194,34.0,34.7,61.0,1440,1,-7.6,0.42
6099,335,6.425,43.07,1,95.1,91.9,1354,191.3,74.8,18.18,-14.781,5.813,4.195,33.0,34.8,61.0,1440,1,-7.6,0.42
6100,335,6.425,43.07,1,95.1,92.0,1354,191.2,74.8,18.2,-14.734,5.816,4.194,34.0,34.8,61.0,1440,1,-7.6,0.42
6101,335,6.425,43.0,1,95.1,91.9,1355,191.1,74.7,18.15,-14.68,5.82,4.195,34.0,34.8,61.0,1440,1,-7.5,0.41
6102,335,6.425,43.03,1,95.1,91.9,1356,190.9,74.7,18.17,-14.625,5.828,4.195,33.0,34.9,61.0,1440,1,-7.5,0.4
6103,335,6.425,43.09,1,95.0,91.9,1357,190.8,74.8,18.22,-14.57,5.832,4.195,33.0,34.9,61.0,1440,1,-7.5,0.4
6104,335,6.425,43.04,1,95.0,91.9,1357,190.6,74.8,17.53,-14.516,5.836,4.195,33.0,34.9,61.0,1440,1,-7.5,0.41
6105,335,6.425,43.11,1,94.6,91.7,1356,190.6,74.5,17.11,-14.469,5.84,4.195,34.0,35.0,61.0,1440,1,-7.4,0.41
6106,336,6.425,43.07,1,94.39999999999999,91.60000000000001,1353,190.5,74.4,17.09,-14.422,5.844,4.194,34.0,35.0,61.0,1440,1,-7.4,0.41
6107,336,6.425,43.11,1,94.3,91.60000000000001,1351,190.3,74.3,17.09,-14.367,5.848,4.195,34.0,35.1,61.0,1440,1,-7.4,0.4
6108,336,6.425,43.08,1,94.19999999999999,91.60000000000001,1349,190.2,74.4,17.04,-14.32,5.852,4.195,34.0,35.1,61.0,1440,1,-7.4,0.4
6109,336,6.425,43.03,1,94.19999999999999,91.60000000000001,1348,190.1,74.3,17.14,-14.273,5.855,4.195,34.0,35.2,61.0,1440,1,-7.4,0.41
6110,336,6.425,42.99,1,94.19999999999999,91.60000000000001,1347,190.0,74.3,17.12,-14.227,5.859,4.195,34.0,35.2,61.0,1440,1,-7.3,0.4
6111,336,6.4,42.97,1,94.19999999999999,91.60000000000001,1346,190.0,74.2,17.07,-14.18,5.863,4.194,34.0,35.2,61.0,1440,1,-7.3,0.4
6112,336,6.4,43.02,1,94.19999999999999,91.60000000000001,1346,189.9,74.4,17.09,-14.125,5.867,4.195,34.0,35.3,61.0,1440,1,-7.2,0.42
6113,336,6.4,43.02,1,94.19999999999999,91.60000000000001,1346,189.9,74.3,17.09,-14.07,5.871,4.195,34.0,35.3,61.0,1440,1,-7.2,0.41
6114,336,6.4,43.02,1,94.19999999999999,91.60000000000001,1347,189.8,74.3,17.09,-14.023,5.875,4.194,34.0,35.3,61.0,1440,1,-7.2,0.42
6115,336,6.4,43.08,1,94.19999999999999,91.60000000000001,1347,189.8,74.2,17.08,-13.969,5.879,4.195,34.0,35.4,61.0,1440,1,-7.2,0.41
6116,336,6.4,43.01,1,94.19999999999999,91.60000000000001,1347,189.8,74.2,17.14,-13.93,5.879,4.194,34.0,35.4,61.0,1440,1,-7.2,0.41
6117,336,6.4,43.05,1,94.19999999999999,91.60000000000001,1348,189.7,74.4,17.08,-13.883,5.883,4.195,34.0,35.4,61.0,1440,1,-7.1,0.41
6118,336,6.4,43.1,1,94.19999999999999,91.60000000000001,1347,189.6,74.4,17.86,-13.844,5.887,4.195,34.0,35.5,61.0,1440,1,-7.1,0.41
6119,336,6.4,43.09,1,94.69999999999999,91.9,1348,189.5,74.4,18.28,-13.797,5.895,4.195,34.0,35.5,61.0,1440,1,-7.1,0.41
6120,336,6.4,43.1,1,94.89999999999999,92.0,1351,189.5,74.6,18.41,-13.75,5.898,4.194,34.0,35.6,61.0,1440,1,-7.0,0.4
6121,336,6.4,43.07,1,95.1,92.0,1354,189.4,74.7,18.43,-13.695,5.902,4.195,34.0,35.6,61.0,1440,1,-7.0,0.4
6122,336,6.4,43.09,1,95.1,92.0,1357,189.4,74.8,18.38,-13.648,5.906,4.195,35.0,35.6,61.0,1440,1,-7.0,0.4
6123,336,6.4,43.14,1,95.1,92.0,1357,189.4,74.7,18.37,-13.594,5.91,4.194,35.0,35.7,61.0,1440,1,-7.0,0.4
6124,336,6.375,43.15,1,95.1,92.0,1358,189.3,74.8,18.45,-13.539,5.914,4.195,35.0,35.7,61.0,1440,1,-6.9,0.4
6125,336,6.375,43.1,1,95.1,92.10000000000001,1359,189.3,74.8,18.34,-13.484,5.922,4.195,34.0,35.8,61.0,1440,1,-6.9,0.41
6126,336,6.375,43.17,1,95.0,92.0,1360,189.2,74.7,18.34,-13.438,5.926,4.194,35.0,35.8,61.0,1440,1,-6.9,0.4
6127,336,6.375,43.08,1,95.0,92.0,1360,189.2,74.8,18.39,-13.391,5.93,4.195,35.0,35.9,61.0,1440,1,-6.8,0.39
6128,336,6.375,43.09,1,95.1,92.0,1361,189.1,74.8,18.44,-13.336,5.938,4.194,35.0,35.9,61.0,1440,1,-6.8,0.4
6129,336,6.375,43.11,1,95.1,92.0,1361,189.2,74.7,18.41,-13.297,5.941,4.195,35.0,35.9,61.0,1440,1,-6.8,0.4
6130,336,6.375,43.08,1,95.1,92.0,1362,189.1,74.8,18.4,-13.242,5.945,4.195,35.0,36.0,61.0,1440,1,-6.8,0.4
6131,336,6.375,43.05,1,95.0,92.0,1362,189.0,74.8,18.42,-13.188,5.949,4.195,35.0,36.0,61.0,1440,1,-6.7,0.41
6132,336,6.375,43.15,1,95.1,92.0,1362,188.9,74.7,18.42,-13.141,5.953,4.195,35.0,36.1,61.0,1440,1,-6.7,0.41
6133,336,6.375,43.02,1,95.1,92.0,1361,188.9,74.7,18.4,-13.094,5.957,4.194,35.0,36.1,61.0,1440,1,-6.7,0.41
6134,336,6.375,43.08,1,95.1,92.10000000000001,1361,188.8,74.7,18.41,-13.047,5.961,4.195,35.0,36.2,61.0,1439,1,-6.6,0.4
6135,337,6.375,43.09,1,95.0,92.10000000000001,1362,188.7,74.6,18.39,-12.992,5.965,4.195,35.0,36.2,61.0,1439,1,-6.6,0.4
6136,337,6.35,43.11,1,95.0,92.0,1362,188.8,74.8,18.61,-12.945,5.969,4.194,35.0,36.2,61.0,1439,1,-6.6,0.41
6137,337,6.35,43.05,1,95.3,92.2,1362,188.7,74.9,19.25,-12.898,5.973,4.195,35.0,36.3,61.0,1439,1,-6.5,0.41
6138,337,6.35,43.09,1,95.5,92.30000000000001,1365,188.7,75.1,19.29,-12.844,5.977,4.194,35.0,36.3,61.0,1439,1,-6.5,0.41
6139,337,6.35,43.02,1,95.7,92.4,1367,188.6,74.9,19.3,-12.789,5.984,4.195,35.0,36.3,61.0,1439,1,-6.5,0.41
6140,337,6.35,43.08,1,95.7,92.4,1368,188.6,75.1,19.32,-12.742,5.988,4.195,35.0,36.4,61.0,1439,1,-6.5,0.41
6141,337,6.35,43.09,1,95.7,92.4,1369,188.5,75.1,19.35,-12.688,5.992,4.195,35.0,36.4,61.0,1439,1,-6.4,0.41
6142,337,6.35,43.09,1,95.7,92.4,1371,188.5,75.0,19.31,-12.641,5.996,4.195,35.0,36.5,61.0,1439,1,-6.4,0.41
6143,337,6.35,43.05,1,95.7,92.4,1371,188.5,75.0,19.31,-12.586,6.0,4.195,35.0,36.5,61.0,1439,1,-6.4,0.41
6144,337,6.35,43.14,1,95.7,92.4,1372,188.5,75.2,19.28,-12.539,6.004,4.195,35.0,36.5,61.0,1439,1,-6.3,0.41
6145,337,6.35,43.05,1,95.7,92.4,1373,188.4,75.1,19.29,-12.492,6.008,4.195,35.0,36.6,61.0,1439,1,-6.3,0.41
6146,337,6.35,42.98,1,95.7,92.4,1373,188.5,75.2,18.97,-12.445,6.016,4.194,35.0,36.6,61.0,1439,1,-6.3,0.41
6147,338,6.35,43.11,1,95.39999999999999,92.2,1372,188.4,75.1,18.59,-12.398,6.016,4.195,35.0,36.7,61.0,1439,1,-6.2,0.4
6148,338,6.35,42.97,1,95.19999999999999,92.10000000000001,1370,188.3,75.0,18.57,-12.352,6.023,4.195,35.0,36.7,61.0,1439,1,-6.2,0.42
6149,338,6.325,43.02,1,95.1,92.10000000000001,1368,188.2,74.8,18.59,-12.305,6.027,4.194,35.0,36.7,61.0,1439,1,-6.2,0.4
6150,338,6.325,43.05,1,95.1,92.10000000000001,1367,188.3,74.6,18.6,-12.266,6.031,4.194,35.0,36.8,61.0,1439,1,-6.1,0.41
6151,338,6.325,43.01,1,95.1,92.10000000000001,1366,188.3,74.6,18.6,-12.219,6.035,4.194,35.0,36.8,61.0,1439,1,-6.1,0.41
6152,338,6.325,43.14,1,95.1,92.10000000000001,1366,188.3,74.9,18.57,-12.172,6.039,4.195,35.0,36.9,61.0,1439,1,-6.1,0.41
6153,338,6.325,43.11,1,95.1,92.10000000000001,1365,188.4,75.0,18.55,-12.117,6.043,4.194,35.0,36.9,61.0,1439,1,-6.0,0.41
6154,338,6.325,42.98,1,95.1,92.10000000000001,1365,188.4,74.9,18.55,-12.07,6.051,4.195,35.0,37.0,61.0,1439,1,-6.0,0.4
6155,338,6.325,43.04,1,95.1,92.10000000000001,1364,188.4,74.9,18.49,-12.023,6.055,4.195,35.0,37.0,61.0,1439,1,-6.0,0.42
6156,338,6.325,43.11,1,95.1,92.10000000000001,1365,188.5,74.9,18.55,-11.984,6.059,4.195,35.0,37.0,61.0,1439,1,-5.9,0.4
6157,338,6.325,43.12,1,95.1,92.10000000000001,1365,188.5,75.1,18.57,-11.938,6.062,4.195,36.0,37.1,61.0,1439,1,-5.9,0.41
6158,338,6.325,43.06,1,95.1,92.10000000000001,1365,188.4,75.0,18.62,-11.891,6.066,4.195,35.0,37.1,61.0,1439,1,-5.9,0.4
6159,338,6.325,43.07,1,95.1,92.2,1365,188.4,74.8,18.59,-11.844,6.07,4.194,36.0,37.2,61.0,1439,1,-5.8,0.41
6160,338,6.325,43.11,1,95.1,92.10000000000001,1365,188.5,74.9,18.54,-11.797,6.074,4.194,36.0,37.2,61.0,1439,1,-5.8,0.41
6161,338,6.3,43.11,1,95.1,92.10000000000001,1365,188.5,75.0,18.56,-11.758,6.078,4.194,36.0,37.2,61.0,1439,1,-5.7,0.4
6162,338,6.3,43.02,1,95.1,92.2,1364,188.5,75.1,18.53,-11.719,6.082,4.195,36.0,37.3,61.0,1439,1,-5.7,0.41
6163,338,6.3,43.17,1,95.0,92.10000000000001,1364,188.5,74.9,18.55,-11.68,6.086,4.195,36.0,37.3,61.0,1439,1,-5.7,0.4
6164,338,6.3,43.03,1,95.1,92.10000000000001,1364,188.5,74.9,18.6,-11.641,6.09,4.195,36.0,37.4,61.0,1439,1,-5.6,0.4
6165,338,6.3,42.94,1,95.0,92.10000000000001,1364,188.5,74.8,18.55,-11.602,6.094,4.195,36.0,37.4,61.0,1439,1,-5.6,0.41
6166,338,6.3,43.0,1,95.0,92.10000000000001,1363,188.5,74.9,18.57,-11.57,6.098,4.195,36.0,37.4,61.0,1439,1,-5.5,0.41
6167,338,6.3,43.06,1,95.1,92.2,1363,188.5,75.0,19.27,-11.547,6.102,4.194,36.0,37.5,61.0,1439,1,-5.5,0.41
6168,339,6.3,43.24,1,95.6,92.5,1365,188.6,75.1,20.44,-11.508,6.102,4.195,36.0,37.5,61.0,1439,1,-5.5,0.41
6169,339,6.3,43.26,1,96.3,92.80000000000001,1371,188.7,75.3,21.22,-11.469,6.109,4.194,36.0,37.6,61.0,1439,1,-5.4,0.41
6170,339,6.3,43.26,1,96.6,92.9,1377,188.6,75.4,21.29,-11.422,6.113,4.195,36.0,37.6,61.0,1439,1,-5.4,0.42
6171,339,6.3,43.33,1,96.7,92.9,1381,188.6,75.5,21.34,-11.383,6.117,4.195,36.0,37.6,61.0,1439,1,-5.4,0.41
6172,339,6.3,43.4,1,96.7,92.9,1383,188.6,75.7,21.33,-11.352,6.121,4.195,36.0,37.7,61.0,1439,1,-5.3,0.41
6173,339,6.275,43.32,1,96.7,92.9,1385,188.5,75.7,21.35,-11.312,6.129,4.194,36.0,37.7,61.0,1439,1,-5.3,0.42
6174,340,6.275,43.33,1,96.8,93.0,1387,188.3,75.8,21.36,-11.273,6.133,4.194,37.0,37.8,61.0,1439,1,-5.2,0.42
6175,340,6.275,43.27,1,96.8,93.0,1388,188.3,75.6,21.36,-11.242,6.141,4.195,37.0,37.8,61.0,1439,1,-5.2,0.42
6176,340,6.275,43.37,1,96.8,93.0,1388,188.2,75.5,21.34,-11.203,6.145,4.195,36.0,37.9,61.0,1439,1,-5.2,0.42
6177,340,6.275,43.3,1,96.8,93.0,1388,188.0,75.5,21.33,-11.164,6.152,4.194,37.0,37.9,61.0,1439,1,-5.1,0.42
6178,340,6.275,43.36,1,96.8,93.0,1389,188.0,75.6,21.34,-11.117,6.156,4.194,37.0,37.9,61.0,1439,1,-5.1,0.41
6179,340,6.275,43.29,1,96.7,93.0,1390,187.9,75.5,21.37,-11.07,6.16,4.195,37.0,38.0,61.0,1439,1,-5.1,0.41
6180,341,6.275,43.36,1,96.7,93.0,1391,187.8,75.6,21.3,-11.023,6.168,4.195,37.0,38.0,61.0,1439,1,-5.0,0.42
6181,341,6.275,43.35,1,96.7,93.0,1391,187.9,75.7,20.43,-10.977,6.172,4.195,37.0,38.1,61.0,1439,1,-5.0,0.41
6182,341,6.275,43.3,1,96.3,92.7,1390,187.9,75.6,19.38,-10.93,6.18,4.194,37.0,38.1,61.0,1439,1,-4.9,0.41
6183,341,6.275,43.32,1,95.8,92.5,1386,187.7,75.3,19.15,-10.883,6.188,4.195,37.0,38.2,61.0,1439,1,-4.9,0.42
6184,341,6.275,43.29,1,95.6,92.4,1381,187.7,75.0,18.93,-10.844,6.191,4.195,37.0,38.2,61.0,1439,1,-4.8,0.41
6185,341,6.275,43.21,1,95.3,92.30000000000001,1378,187.8,75.1,18.02,-10.797,6.199,4.194,37.0,38.3,61.0,1439,1,-4.8,0.41
6186,341,6.25,43.14,1,94.8,92.0,1373,187.8,74.9,17.93,-10.75,6.207,4.194,37.0,38.3,61.0,1439,1,-4.8,0.42
6187,341,6.25,43.13,1,94.6,92.0,1368,187.9,74.8,17.9,-10.711,6.211,4.194,37.0,38.4,61.0,1439,1,-4.7,0.42
6188,341,6.25,42.99,1,94.6,92.0,1365,187.9,74.9,17.63,-10.664,6.215,4.195,37.0,38.4,61.0,1439,1,-4.7,0.41
6189,341,6.25,43.01,1,94.3,91.8,1362,187.9,74.7,17.36,-10.625,6.219,4.195,37.0,38.4,61.0,1439,1,-4.6,0.41
6190,341,6.25,43.06,1,94.1,91.8,1359,187.9,74.8,17.29,-10.586,6.223,4.194,37.0,38.5,61.0,1439,1,-4.6,0.41
6191,341,6.25,42.92,1,94.1,91.8,1355,188.0,74.7,17.32,-10.539,6.227,4.195,37.0,38.5,61.0,1439,1,-4.6,0.41
6192,341,6.25,43.19,1,94.1,91.8,1354,188.2,74.7,17.31,-10.5,6.23,4.195,37.0,38.5,61.0,1439,1,-4.5,0.42
6193,340,6.25,43.0,1,94.1,91.8,1353,188.2,74.6,17.22,-10.445,6.234,4.194,37.0,38.6,61.0,1439,1,-4.5,0.41
6194,340,6.25,43.22,1,94.1,91.8,1352,188.4,74.7,17.22,-10.406,6.234,4.194,37.0,38.6,61.0,1439,1,-4.4,0.42
6195,340,6.25,43.16,1,94.0,91.7,1352,188.4,74.5,17.33,-10.367,6.238,4.195,37.0,38.6,61.0,1439,1,-4.4,0.42
6196,340,6.25,43.12,1,94.1,91.8,1351,188.5,74.5,17.23,-10.328,6.242,4.195,37.0,38.7,61.0,1439,1,-4.3,0.42
6197,340,6.225,43.18,1,94.0,91.8,1350,188.7,74.5,17.39,-10.289,6.246,4.195,37.0,38.7,61.0,1439,1,-4.3,0.42
6198,340,6.225,43.11,1,94.1,91.8,1349,188.7,74.5,17.28,-10.25,6.25,4.195,37.0,38.7,61.0,1439,1,-4.3,0.42
6199,340,6.225,42.97,1,94.1,91.8,1349,188.8,74.6,17.47,-10.211,6.254,4.194,37.0,38.7,61.0,1439,1,-4.2,0.42
6200,340,6.225,43.13,1,94.19999999999999,91.9,1349,188.8,74.8,18.37,-10.172,6.258,4.195,37.0,38.8,61.0,1439,1,-4.2,0.41
6201,340,6.225,43.3,1,94.8,92.2,1352,188.9,75.1,19.0,-10.133,6.262,4.194,37.0,38.8,61.0,1439,1,-4.1,0.41
6202,340,6.225,43.33,1,95.1,92.30000000000001,1357,189.0,75.1,19.01,-10.094,6.266,4.195,37.0,38.8,61.0,1439,1,-4.1,0.42
6203,340,6.225,43.34,1,95.3,92.4,1361,189.0,75.2,19.04,-10.055,6.27,4.195,37.0,38.8,61.0,1439,1,-4.0,0.41
6204,340,6.225,43.29,1,95.3,92.4,1364,189.0,75.3,19.02,-10.008,6.273,4.194,37.0,38.9,61.0,1439,1,-4.0,0.41
6205,340,6.225,43.37,1,95.3,92.4,1366,189.0,75.2,19.07,-9.977,6.281,4.194,37.0,38.9,61.0,1439,1,-4.0,0.41
6206,340,6.225,43.34,1,95.3,92.4,1367,189.0,75.3,19.15,-9.93,6.285,4.195,37.0,38.9,61.0,1438,1,-3.9,0.42
6207,340,6.225,43.31,1,95.39999999999999,92.4,1368,189.0,75.1,19.17,-9.891,6.289,4.195,37.0,39.0,61.0,1438,1,-3.9,0.41
6208,340,6.225,43.37,1,95.39999999999999,92.4,1368,189.0,75.1,19.08,-9.844,6.297,4.195,37.0,39.0,61.0,1438,1,-3.8,0.41
6209,340,6.2,43.37,1,95.3,92.4,1368,189.0,75.1,19.05,-9.812,6.301,4.194,38.0,39.0,61.0,1438,1,-3.8,0.41
6210,340,6.2,43.32,1,95.3,92.4,1368,188.9,75.0,19.24,-9.766,6.309,4.195,38.0,39.0,61.0,1438,1,-3.7,0.41
6211,340,6.2,43.26,1,95.39999999999999,92.4,1369,188.9,75.2,19.08,-9.727,6.312,4.194,37.0,39.1,61.0,1438,1,-3.7,0.41
6212,340,6.2,43.28,1,95.3,92.4,1369,188.9,75.2,18.61,-9.68,6.316,4.195,37.0,39.1,61.0,1438,1,-3.6,0.41
6213,340,6.2,43.26,1,94.89999999999999,92.2,1369,188.9,75.1,17.76,-9.641,6.324,4.195,38.0,39.1,61.0,1438,1,-3.6,0.4
6214,340,6.2,43.1,1,94.39999999999999,91.9,1365,188.8,74.8,17.63,-9.609,6.328,4.195,38.0,39.2,61.0,1438,1,-3.6,0.4
6215,340,6.2,43.08,1,94.19999999999999,91.9,1361,188.8,74.8,17.57,-9.57,6.332,4.194,38.0,39.2,61.0,1438,1,-3.5,0.4
6216,340,6.2,43.12,1,94.19999999999999,91.9,1358,188.7,74.7,17.55,-9.523,6.336,4.194,38.0,39.2,61.0,1438,1,-3.5,0.41
6217,339,6.2,43.02,1,94.19999999999999,91.9,1355,188.8,74.7,17.53,-9.484,6.34,4.194,38.0,39.3,61.0,1438,1,-3.4,0.42
6218,339,6.2,42.99,1,94.1,91.9,1354,188.7,74.7,17.52,-9.445,6.344,4.194,38.0,39.3,61.0,1438,1,-3.4,0.4
6219,339,6.2,43.17,1,94.1,91.9,1353,188.8,74.7,17.49,-9.398,6.348,4.195,38.0,39.3,61.0,1438,1,-3.3,0.41
6220,339,6.2,43.07,1,94.1,91.9,1353,188.8,74.8,17.58,-9.352,6.352,4.195,38.0,39.3,61.0,1438,1,-3.3,0.41
6221,339,6.175,43.05,1,94.1,91.9,1353,188.9,74.6,17.58,-9.305,6.355,4.194,38.0,39.4,61.0,1438,1,-3.2,0.41
6222,339,6.175,43.03,1,94.1,91.9,1353,189.0,74.9,17.61,-9.266,6.359,4.195,38.0,39.4,61.0,1438,1,-3.2,0.41
6223,339,6.175,43.06,1,94.1,91.9,1353,189.0,74.7,17.55,-9.219,6.363,4.194,38.0,39.4,61.0,1438,1,-3.1,0.41
6224,339,6.175,43.07,1,94.1,91.9,1353,189.1,74.7,17.56,-9.172,6.367,4.195,38.0,39.5,61.0,1438,1,-3.1,0.4
6225,338,6.175,43.05,1,94.1,91.9,1352,189.1,74.9,17.58,-9.125,6.371,4.195,38.0,39.5,61.0,1438,1,-3.0,0.41
6226,338,6.175,43.12,1,94.1,91.9,1353,189.1,74.8,17.57,-9.078,6.375,4.194,38.0,39.5,61.0,1438,1,-3.0,0.41
6227,338,6.175,43.07,1,94.1,91.9,1353,189.2,74.7,17.57,-9.023,6.379,4.194,38.0,39.5,61.0,1438,1,-3.0,0.4
6228,338,6.175,43.07,1,94.1,91.9,1353,189.2,74.9,17.57,-8.977,6.383,4.194,38.0,39.6,61.0,1438,1,-2.9,0.41
6229,338,6.175,43.1,1,94.1,91.9,1352,189.1,74.6,17.58,-8.93,6.387,4.195,38.0,39.6,61.0,1438,1,-2.9,0.41
6230,338,6.175,43.06,1,94.1,91.9,1351,189.2,74.8,17.57,-8.891,6.391,4.195,38.0,39.6,61.0,1438,1,-2.8,0.41
6231,338,6.175,43.1,1,94.1,91.9,1351,189.3,74.8,17.59,-8.844,6.395,4.195,39.0,39.7,61.0,1438,1,-2.8,0.41
6232,338,6.15,43.18,1,94.1,91.9,1351,189.3,74.8,18.27,-8.797,6.398,4.195,38.0,39.7,61.0,1438,1,-2.7,0.41
6233,338,6.15,43.3,1,94.5,92.2,1353,189.3,74.9,18.59,-8.75,6.402,4.194,38.0,39.7,61.0,1438,1,-2.7,0.4
6234,337,6.15,43.29,1,94.69999999999999,92.2,1356,189.4,75.1,18.6,-8.695,6.406,4.194,39.0,39.7,61.0,1438,1,-2.6,0.4
6235,337,6.15,43.21,1,94.8,92.2,1358,189.4,75.1,18.71,-8.648,6.41,4.194,39.0,39.8,61.0,1438,1,-2.5,0.4
6236,337,6.15,43.31,1,95.0,92.4,1360,189.4,75.2,19.18,-8.602,6.418,4.194,39.0,39.8,61.0,1438,1,-2.5,0.39
6237,337,6.15,43.32,1,95.19999999999999,92.4,1364,189.3,75.2,19.28,-8.547,6.422,4.195,39.0,39.8,61.0,1438,1,-2.5,0.41
6238,337,6.15,43.32,1,95.3,92.5,1367,189.2,75.3,19.62,-8.5,6.426,4.195,39.0,39.9,61.0,1438,1,-2.4,0.4
6239,337,6.15,43.41,1,95.5,92.60000000000001,1369,189.2,75.5,19.9,-8.453,6.43,4.195,39.0,39.9,61.0,1438,1,-2.4,0.4
6240,337,6.15,43.37,1,95.7,92.7,1372,189.2,75.6,19.9,-8.398,6.434,4.194,39.0,39.9,61.0,1438,1,-2.3,0.41
6241,337,6.15,43.33,1,95.7,92.7,1374,189.2,75.8,19.9,-8.344,6.438,4.195,39.0,40.0,61.0,1438,1,-2.3,0.4
6242,337,6.15,43.44,1,95.8,92.7,1375,189.1,75.7,20.19,-8.297,6.441,4.194,39.0,40.0,61.0,1438,1,-2.2,0.4
6243,337,6.125,43.46,1,95.89999999999999,92.80000000000001,1376,189.0,75.6,20.25,-8.242,6.449,4.194,39.0,40.1,61.0,1438,1,-2.2,0.41
6244,337,6.125,43.46,1,96.0,92.9,1378,189.0,75.7,20.68,-8.195,6.453,4.194,39.0,40.1,61.0,1438,1,-2.1,0.41
6245,338,6.125,43.4,1,96.3,93.0,1380,188.9,75.8,21.01,-8.141,6.453,4.195,39.0,40.2,61.0,1438,1,-2.1,0.41
6246,338,6.125,43.47,1,96.39999999999999,93.10000000000001,1383,188.8,75.8,20.95,-8.086,6.461,4.194,39.0,40.2,61.0,1438,1,-2.0,0.4
6247,338,6.125,43.41,1,96.39999999999999,93.10000000000001,1386,188.8,75.8,20.87,-8.039,6.465,4.194,39.0,40.2,61.0,1438,1,-2.0,0.4
6248,338,6.125,43.43,1,96.5,93.10000000000001,1388,188.7,75.9,21.76,-7.992,6.469,4.194,39.0,40.3,61.0,1438,1,-1.9,0.4
6249,338,6.125,43.47,1,96.39999999999999,93.0,1389,188.6,75.9,21.82,-7.945,6.473,4.195,39.0,40.4,61.0,1438,1,-1.9,0.39
6250,338,6.125,43.46,1,96.39999999999999,93.0,1389,188.5,76.0,21.98,-7.906,6.477,4.195,39.0,40.4,61.0,1438,1,-1.8,0.4
6251,338,6.125,43.45,1,96.39999999999999,93.10000000000001,1390,188.5,75.9,22.29,-7.859,6.48,4.194,39.0,40.5,61.0,1438,1,-1.8,0.4
6252,338,6.125,43.48,1,96.39999999999999,93.10000000000001,1390,188.5,75.7,22.41,-7.812,6.484,4.194,39.0,40.5,61.0,1438,1,-1.7,0.4
6253,338,6.125,43.52,1,96.39999999999999,93.10000000000001,1389,188.4,75.8,22.12,-7.773,6.492,4.194,39.0,40.6,61.0,1438,1,-1.7,0.39
6254,338,6.1,43.49,1,96.39999999999999,93.10000000000001,1390,188.3,75.8,21.47,-7.727,6.496,4.195,39.0,40.6,61.0,1438,1,-1.6,0.4
6255,339,6.1,43.53,1,96.39999999999999,93.0,1389,188.3,75.8,21.4,-7.688,6.5,4.194,39.0,40.7,61.0,1438,1,-1.6,0.41
6256,339,6.1,43.46,1,96.39999999999999,93.0,1389,188.3,75.8,21.36,-7.648,6.504,4.194,40.0,40.7,61.0,1438,1,-1.5,0.4
6257,339,6.1,43.52,1,96.3,93.0,1389,188.2,75.8,21.41,-7.609,6.508,4.195,40.0,40.8,61.0,1438,1,-1.5,0.4
6258,339,6.1,43.5,1,96.39999999999999,93.0,1389,188.2,75.7,21.4,-7.578,6.516,4.194,40.0,40.8,61.0,1438,1,-1.4,0.4
6259,339,6.1,43.4,1,96.39999999999999,93.0,1389,188.1,75.6,21.34,-7.547,6.52,4.194,40.0,40.9,61.0,1438,1,-1.4,0.4
6260,339,6.1,43.48,1,96.39999999999999,93.0,1389,188.1,75.6,21.36,-7.516,6.523,4.194,40.0,40.9,61.0,1438,1,-1.3,0.4
6261,339,6.1,43.44,1,96.39999999999999,93.0,1389,188.0,75.8,21.45,-7.477,6.527,4.195,40.0,41.0,61.0,1438,1,-1.3,0.39
6262,339,6.1,43.43,1,96.39999999999999,93.0,1388,188.0,75.9,21.43,-7.445,6.535,4.194,40.0,41.0,61.0,1438,1,-1.2,0.38
6263,339,6.1,43.44,1,96.3,93.0,1388,188.0,75.8,21.3,-7.414,6.539,4.195,40.0,41.1,61.0,1438,1,-1.2,0.39
6264,339,6.1,43.44,1,96.39999999999999,93.0,1388,187.8,75.8,21.32,-7.375,6.543,4.195,40.0,41.1,61.0,1438,1,-1.1,0.4
6265,339,6.075,43.44,1,96.39999999999999,93.0,1388,187.9,75.7,21.43,-7.336,6.547,4.194,40.0,41.2,61.0,1438,1,-1.1,0.41
6266,340,6.075,43.56,1,96.3,93.0,1388,187.9,75.7,21.3,-7.305,6.551,4.195,40.0,41.3,61.0,1438,1,-1.0,0.41
6267,340,6.075,43.52,1,96.3,93.0,1388,187.8,75.8,21.05,-7.266,6.559,4.194,40.0,41.3,61.0,1438,1,-0.9,0.4
6268,340,6.075,43.47,1,96.3,93.10000000000001,1389,187.8,75.8,21.11,-7.227,6.563,4.194,40.0,41.4,61.0,1438,1,-0.9,0.41
6269,340,6.075,43.46,1,96.3,93.0,1389,187.7,75.7,21.19,-7.18,6.566,4.194,40.0,41.4,61.0,1438,1,-0.9,0.41
6270,340,6.075,43.43,1,96.3,93.0,1389,187.8,75.8,21.04,-7.148,6.574,4.194,40.0,41.5,61.0,1438,1,-0.8,0.4
6271,340,6.075,43.45,1,96.39999999999999,93.10000000000001,1389,187.7,75.8,21.06,-7.117,6.578,4.194,40.0,41.5,61.0,1438,1,-0.7,0.41
6272,340,6.075,43.41,1,96.3,93.0,1389,187.7,75.8,20.96,-7.086,6.582,4.194,40.0,41.6,61.0,1438,1,-0.7,0.4
6273,340,6.075,43.52,1,96.3,93.0,1389,187.7,75.7,21.11,-7.055,6.586,4.194,40.0,41.6,61.0,1438,1,-0.6,0.41
6274,340,6.075,43.45,1,96.3,93.10000000000001,1388,187.6,75.9,21.07,-7.031,6.594,4.195,40.0,41.7,61.0,1438,1,-0.6,0.4
6275,340,6.075,43.4,1,96.3,93.0,1388,187.6,75.7,21.0,-7.0,6.598,4.195,40.0,41.7,61.0,1438,1,-0.5,0.4
6276,340,6.05,43.49,1,96.3,93.0,1388,187.6,75.8,21.04,-6.969,6.605,4.195,40.0,41.7,61.0,1438,1,-0.5,0.4
6277,340,6.05,43.5,1,96.3,93.0,1389,187.6,75.8,20.94,-6.938,6.609,4.194,40.0,41.8,61.0,1438,1,-0.4,0.41
6278,341,6.05,43.48,1,96.3,93.10000000000001,1389,187.6,75.8,20.96,-6.898,6.613,4.194,40.0,41.9,61.0,1438,1,-0.4,0.4
6279,341,6.05,43.44,1,96.39999999999999,93.10000000000001,1389,187.6,75.9,20.93,-6.859,6.621,4.194,40.0,41.9,61.0,1438,1,-0.3,0.41
6280,341,6.05,43.51,1,96.3,93.10000000000001,1389,187.6,76.0,20.98,-6.828,6.629,4.195,41.0,41.9,61.0,1438,1,-0.3,0.4
6281,341,6.05,43.5,1,96.2,93.0,1388,187.6,75.8,20.31,-6.781,6.629,4.194,41.0,42.0,61.0,1438,1,-0.2,0.4
6282,341,6.05,43.44,1,96.0,92.9,1387,187.7,75.7,20.34,-6.75,6.637,4.194,40.0,42.0,61.0,1438,1,-0.1,0.4
6283,341,6.05,43.44,1,95.89999999999999,92.9,1386,187.6,75.5,20.34,-6.711,6.641,4.194,40.0,42.1,61.0,1438,1,-0.1,0.4
6284,341,6.05,43.45,1,95.8,92.9,1385,187.7,75.6,20.36,-6.672,6.648,4.195,40.0,42.1,61.0,1438,1,-0.0,0.41
6285,341,6.05,43.43,1,95.89999999999999,92.9,1384,187.8,75.7,20.27,-6.633,6.652,4.194,41.0,42.2,61.0,1438,1,0.0,0.4
6286,341,6.05,43.52,1,95.8,92.9,1384,187.7,75.8,20.32,-6.586,6.656,4.195,41.0,42.2,61.0,1438,1,0.1,0.4
6287,341,6.025,43.45,1,95.8,92.9,1384,187.7,75.6,20.35,-6.539,6.664,4.194,41.0,42.2,61.0,1438,1,0.1,0.4
6288,341,6.025,43.42,1,95.8,92.9,1383,187.7,75.7,20.12,-6.5,6.668,4.195,41.0,42.3,61.0,1438,1,0.2,0.4
6289,341,6.025,43.44,1,95.7,92.80000000000001,1382,187.7,75.6,19.88,-6.445,6.672,4.195,41.0,42.3,61.0,1438,1,0.2,0.4
6290,341,6.025,43.43,1,95.5,92.7,1381,187.8,75.7,19.87,-6.391,6.676,4.195,41.0,42.4,61.0,1438,1,0.3,0.41
6291,340,6.025,43.42,1,95.5,92.7,1380,187.9,75.6,19.79,-6.344,6.684,4.194,41.0,42.4,61.0,1438,1,0.3,0.4
6292,340,6.025,43.56,1,95.39999999999999,92.7,1379,188.0,75.5,19.86,-6.289,6.688,4.194,41.0,42.4,61.0,1438,1,0.4,0.41
6293,340,6.025,43.39,1,95.39999999999999,92.7,1379,188.1,75.7,19.82,-6.242,6.691,4.195,41.0,42.5,61.0,1438,1,0.5,0.4
6294,340,6.025,43.5,1,95.39999999999999,92.7,1379,188.1,75.4,19.8,-6.188,6.695,4.195,41.0,42.5,61.0,1438,1,0.5,0.4
6295,340,6.025,43.59,1,95.39999999999999,92.7,1380,188.1,75.4,19.84,-6.141,6.699,4.194,41.0,42.6,61.0,1438,1,0.6,0.41
6296,340,6.025,43.45,1,95.39999999999999,92.7,1379,188.2,75.4,19.77,-6.086,6.703,4.194,41.0,42.6,61.0,1438,1,0.6,0.4
6297,340,6.025,43.51,1,95.39999999999999,92.7,1378,188.3,75.4,19.8,-6.031,6.707,4.194,41.0,42.6,61.0,1437,1,0.7,0.4
6298,340,6.0,43.43,1,95.3,92.7,1378,188.3,75.5,19.76,-5.984,6.711,4.194,41.0,42.7,61.0,1437,1,0.7,0.4
6299,340,6.0,43.33,1,95.39999999999999,92.7,1378,188.3,75.6,19.84,-5.945,6.715,4.194,41.0,42.7,61.0,1437,1,0.8,0.39
6300,340,6.0,43.39,1,95.3,92.7,1377,188.4,75.6,19.79,-5.898,6.719,4.194,41.0,42.7,61.0,1437,1,0.8,0.39
6301,340,6.0,43.49,1,95.3,92.7,1378,188.4,75.6,20.09,-5.844,6.723,4.195,41.0,42.8,61.0,1437,1,0.9,0.4
6302,340,6.0,43.45,1,95.6,92.9,1378,188.4,75.7,20.85,-5.797,6.727,4.195,41.0,42.8,61.0,1437,1,1.0,0.4
6303,340,6.0,43.53,1,96.0,93.0,1380,188.5,75.8,20.96,-5.75,6.73,4.195,41.0,42.9,61.0,1437,1,1.0,0.4
6304,340,6.0,43.55,1,96.1,93.10000000000001,1383,188.6,75.8,20.98,-5.703,6.734,4.194,41.0,42.9,61.0,1437,1,1.1,0.39
6305,340,6.0,43.48,1,96.1,93.10000000000001,1386,188.6,76.0,21.03,-5.648,6.738,4.195,41.0,43.0,61.0,1437,1,1.1,0.39
6306,340,6.0,43.49,1,96.1,93.10000000000001,1387,188.6,76.0,20.98,-5.602,6.742,4.194,41.0,43.0,61.0,1437,1,1.2,0.39
6307,340,6.0,43.51,1,96.1,93.10000000000001,1387,188.5,76.1,20.92,-5.547,6.746,4.195,42.0,43.0,61.0,1437,1,1.3,0.4
6308,340,5.975,43.53,1,96.1,93.10000000000001,1387,188.5,76.1,20.93,-5.5,6.754,4.194,42.0,43.1,61.0,1437,1,1.3,0.4
6309,340,5.975,43.45,1,96.1,93.10000000000001,1387,188.6,75.9,21.0,-5.453,6.758,4.194,42.0,43.2,61.0,1437,1,1.4,0.4
6310,340,5.975,43.5,1,96.1,93.10000000000001,1387,188.6,75.9,20.9,-5.406,6.762,4.195,42.0,43.2,61.0,1437,1,1.4,0.4
6311,340,5.975,43.55,1,96.0,93.10000000000001,1388,188.7,75.8,20.97,-5.359,6.766,4.194,42.0,43.2,61.0,1437,1,1.5,0.4
6312,340,5.975,43.49,1,96.0,93.10000000000001,1388,188.6,75.7,20.98,-5.312,6.773,4.195,42.0,43.3,61.0,1437,1,1.5,0.4
6313,340,5.975,43.43,1,96.1,93.10000000000001,1388,188.5,75.7,20.98,-5.266,6.777,4.194,42.0,43.3,61.0,1437,1,1.6,0.39
6314,340,5.975,43.44,1,96.0,93.10000000000001,1389,188.6,75.7,20.99,-5.219,6.781,4.195,42.0,43.4,61.0,1437,1,1.7,0.39
6315,340,5.975,43.4,1,96.0,93.10000000000001,1389,188.6,75.8,20.79,-5.172,6.781,4.194,42.0,43.4,61.0,1437,1,1.7,0.39
6316,339,5.975,43.43,1,95.89999999999999,93.0,1388,188.6,75.8,20.88,-5.125,6.785,4.195,42.0,43.5,61.0,1437,1,1.8,0.4
6317,339,5.975,43.49,1,96.0,93.10000000000001,1387,188.6,75.7,20.98,-5.086,6.785,4.194,42.0,43.5,61.0,1437,1,1.8,0.39
6318,339,5.975,43.48,1,96.0,93.10000000000001,1387,188.6,76.0,20.97,-5.047,6.789,4.194,42.0,43.6,61.0,1437,1,1.9,0.39
6319,339,5.975,43.4,1,95.89999999999999,93.0,1387,188.7,75.9,19.37,-5.008,6.793,4.195,42.0,43.6,61.0,1437,1,2.0,0.39
6320,339,5.975,43.4,1,94.69999999999999,92.2,1383,188.6,75.5,16.85,-4.977,6.801,4.195,42.0,43.7,61.0,1437,1,2.0,0.39
6321,339,5.95,43.06,1,93.0,91.4,1372,188.5,74.9,14.64,-4.953,6.805,4.194,42.0,43.7,61.0,1437,1,2.1,0.38
6322,339,5.95,43.0,1,91.60000000000001,90.8,1355,188.5,74.2,13.5,-4.945,6.812,4.195,43.0,43.7,61.0,1437,1,2.1,0.39
6323,338,5.95,42.95,1,90.7,90.5,1338,188.7,74.0,13.32,-4.945,6.816,4.195,42.0,43.8,61.0,1437,1,2.2,0.38
6324,338,5.95,43.05,1,90.4,90.4,1326,188.8,73.6,13.27,-4.945,6.82,4.194,43.0,43.8,61.0,1437,1,2.2,0.39
6325,338,5.95,43.09,1,90.2,90.4,1318,189.0,73.5,13.27,-4.938,6.828,4.195,43.0,43.9,61.0,1437,1,2.3,0.39
6326,338,5.95,42.93,1,90.2,90.4,1312,189.2,73.3,13.28,-4.93,6.832,4.194,43.0,43.9,61.0,1437,1,2.3,0.4
6327,338,5.925,43.02,1,90.2,90.4,1308,189.4,73.6,13.29,-4.922,6.84,4.195,43.0,44.0,61.0,1437,1,2.4,0.39
6328,338,5.925,43.04,1,90.3,90.5,1306,189.6,73.5,14.04,-4.906,6.848,4.195,43.0,44.0,61.0,1437,1,2.5,0.4
6329,338,5.925,42.86,1,90.8,90.8,1306,189.8,73.6,15.03,-4.883,6.855,4.194,43.0,44.0,61.0,1437,1,2.5,0.39
6330,338,5.925,43.07,1,91.5,91.10000000000001,1309,190.0,74.1,16.05,-4.859,6.863,4.195,43.0,44.1,61.0,1437,1,2.6,0.39
6331,338,5.925,43.16,1,92.2,91.4,1315,190.3,74.3,16.51,-4.82,6.867,4.194,43.0,44.1,61.0,1437,1,2.7,0.39
6332,338,5.925,43.24,1,92.60000000000001,91.5,1322,190.5,74.6,16.59,-4.781,6.875,4.194,43.0,44.1,61.0,1437,1,2.7,0.41
6333,338,5.9,43.23,1,92.7,91.60000000000001,1327,190.8,74.6,16.61,-4.742,6.887,4.194,43.0,44.1,61.0,1437,1,2.8,0.39
6334,338,5.9,43.28,1,92.7,91.60000000000001,1330,191.0,74.6,16.58,-4.703,6.895,4.194,43.0,44.2,61.0,1437,1,2.8,0.39
6335,338,5.9,43.27,1,92.80000000000001,91.60000000000001,1331,191.1,74.8,17.15,-4.664,6.902,4.194,43.0,44.2,61.0,1437,1,2.9,0.4
6336,338,5.9,43.37,1,93.10000000000001,91.8,1334,191.2,74.9,17.32,-4.609,6.906,4.194,43.0,44.2,61.0,1437,1,3.0,0.39
6337,338,5.9,43.38,1,93.30000000000001,91.9,1336,191.2,75.0,17.71,-4.562,6.914,4.194,43.0,44.2,61.0,1437,1,3.0,0.4
6338,338,5.9,43.32,1,93.60000000000001,92.10000000000001,1339,191.1,75.2,18.8,-4.516,6.922,4.194,43.0,44.2,61.0,1437,1,3.1,0.39
6339,339,5.875,43.47,1,94.3,92.4,1345,191.1,75.4,19.16,-4.469,6.926,4.194,43.0,44.2,61.0,1437,1,3.1,0.4
6340,339,5.875,43.34,1,94.6,92.5,1352,191.0,75.5,19.23,-4.422,6.934,4.195,43.0,44.3,61.0,1437,1,3.2,0.4
6341,339,5.875,43.49,1,94.8,92.5,1357,190.9,75.7,20.08,-4.391,6.941,4.195,43.0,44.3,61.0,1437,1,3.3,0.4
6342,340,5.875,43.57,1,95.3,92.80000000000001,1362,190.9,75.8,20.39,-4.367,6.949,4.195,43.0,44.3,61.0,1437,1,3.3,0.39
6343,340,5.875,43.45,1,95.5,92.9,1366,190.8,75.8,20.34,-4.336,6.961,4.194,43.0,44.3,61.0,1437,1,3.4,0.4
6344,341,5.85,43.52,1,95.5,92.9,1370,190.6,76.1,20.4,-4.32,6.973,4.194,43.0,44.4,61.0,1437,1,3.4,0.39
6345,341,5.85,43.63,1,95.6,92.9,1373,190.4,76.1,20.38,-4.297,6.984,4.195,43.0,44.4,61.0,1437,1,3.5,0.4
6346,341,5.85,43.58,1,95.6,92.9,1375,190.2,76.1,20.39,-4.273,6.996,4.195,43.0,44.4,61.0,1437,1,3.6,0.4
6347,342,5.85,43.55,1,95.6,92.9,1377,190.1,76.1,20.33,-4.25,7.008,4.195,43.0,44.4,61.0,1437,1,3.6,0.4
6348,342,5.85,43.55,1,95.6,92.9,1377,189.9,76.1,20.38,-4.211,7.016,4.195,43.0,44.5,61.0,1437,1,3.7,0.4
6349,343,5.85,43.59,1,95.6,92.9,1378,189.7,76.0,20.34,-4.164,7.027,4.194,43.0,44.5,61.0,1437,1,3.7,0.4
6350,343,5.825,43.58,1,95.6,92.9,1378,189.5,76.1,20.35,-4.117,7.039,4.195,43.0,44.5,61.0,1437,1,3.8,0.39
6351,343,5.825,43.59,1,95.6,92.9,1378,189.4,76.0,19.91,-4.07,7.051,4.194,43.0,44.6,61.0,1437,1,3.8,0.4
6352,344,5.825,43.46,1,95.19999999999999,92.7,1378,189.2,76.1,18.97,-4.008,7.059,4.195,43.0,44.6,61.0,1437,1,3.9,0.4
6353,344,5.825,43.57,1,94.6,92.4,1374,189.1,76.0,18.93,-3.945,7.07,4.195,43.0,44.6,61.0,1437,1,4.0,0.4
6354,344,5.825,43.51,1,94.5,92.4,1370,188.9,75.7,18.75,-3.875,7.078,4.194,43.0,44.6,61.0,1437,1,4.0,0.39
6355,345,5.825,43.46,1,94.39999999999999,92.4,1367,188.8,75.6,18.95,-3.805,7.09,4.195,43.0,44.6,61.0,1437,1,4.1,0.39
6356,345,5.8,43.44,1,94.5,92.5,1366,188.8,75.5,18.85,-3.734,7.102,4.194,43.0,44.7,61.0,1437,1,4.2,0.39
6357,345,5.8,43.43,1,94.39999999999999,92.4,1366,188.8,75.6,18.78,-3.656,7.113,4.195,43.0,44.7,61.0,1437,1,4.2,0.4
6358,346,5.8,43.42,1,94.39999999999999,92.4,1365,188.7,75.4,18.84,-3.57,7.125,4.194,43.0,44.7,61.0,1437,1,4.3,0.4
6359,346,5.8,43.57,1,94.39999999999999,92.4,1364,188.7,75.5,18.86,-3.484,7.137,4.194,43.0,44.8,61.0,1437,1,4.4,0.4
6360,346,5.775,43.48,1,94.39999999999999,92.4,1365,188.7,75.4,18.88,-3.398,7.145,4.195,43.0,44.8,61.0,1437,1,4.4,0.39
6361,346,5.775,43.44,1,94.39999999999999,92.4,1365,188.7,75.5,18.75,-3.305,7.156,4.194,43.0,44.8,61.0,1437,1,4.5,0.39
6362,347,5.775,43.54,1,94.3,92.4,1364,188.7,75.8,18.86,-3.211,7.168,4.194,43.0,44.9,61.0,1437,1,4.5,0.41
6363,347,5.775,43.53,1,94.19999999999999,92.30000000000001,1364,188.6,75.8,18.3,-3.117,7.18,4.194,44.0,44.9,61.0,1437,1,4.6,0.4
6364,347,5.775,43.51,1,93.89999999999999,92.2,1363,188.6,75.6,18.19,-3.023,7.188,4.195,44.0,45.0,61.0,1437,1,4.7,0.4
6365,347,5.775,43.49,1,93.8,92.2,1360,188.6,75.5,18.23,-2.93,7.199,4.194,44.0,45.0,61.0,1437,1,4.7,0.4
6366,347,5.75,43.44,1,94.0,92.4,1359,188.7,75.3,19.58,-2.836,7.207,4.194,44.0,45.0,61.0,1437,1,4.8,0.4
6367,347,5.75,43.72,1,94.89999999999999,92.9,1362,188.7,75.8,21.12,-2.734,7.211,4.195,44.0,45.1,61.0,1437,1,4.8,0.41
6368,347,5.75,43.61,1,95.6,93.10000000000001,1370,188.7,76.2,21.41,-2.633,7.219,4.194,44.0,45.1,61.0,1437,1,4.9,0.4
6369,347,5.75,43.62,1,95.8,93.10000000000001,1377,188.6,76.2,21.44,-2.539,7.227,4.195,44.0,45.1,61.0,1437,1,5.0,0.4
6370,347,5.75,43.62,1,95.8,93.2,1381,188.5,76.1,21.48,-2.445,7.234,4.195,44.0,45.2,61.0,1437,1,5.0,0.4
6371,347,5.75,43.78,1,95.8,93.10000000000001,1383,188.5,76.2,21.46,-2.352,7.238,4.195,44.0,45.3,61.0,1437,1,5.1,0.39
6372,347,5.75,43.65,1,95.7,93.10000000000001,1384,188.4,76.1,21.47,-2.273,7.242,4.194,44.0,45.3,61.0,1437,1,5.2,0.39
6373,346,5.75,43.69,1,95.7,93.10000000000001,1385,188.4,76.2,21.52,-2.203,7.25,4.195,44.0,45.3,61.0,1437,1,5.2,0.4
6374,346,5.75,43.68,1,95.7,93.10000000000001,1385,188.3,76.3,21.45,-2.125,7.254,4.195,44.0,45.4,61.0,1437,1,5.3,0.39
6375,346,5.75,43.67,1,95.7,93.10000000000001,1385,188.2,76.1,21.45,-2.055,7.258,4.195,44.0,45.4,61.0,1437,1,5.4,0.4
6376,346,5.725,43.61,1,95.7,93.2,1385,188.0,76.2,21.48,-2.0,7.262,4.194,44.0,45.5,61.0,1437,1,5.4,0.4
6377,346,5.725,43.57,1,95.6,93.10000000000001,1385,187.9,76.2,21.38,-1.938,7.27,4.195,44.0,45.5,61.0,1437,1,5.5,0.4
6378,346,5.725,43.7,1,95.6,93.10000000000001,1385,187.8,76.1,21.55,-1.883,7.273,4.195,45.0,45.6,61.0,1437,1,5.6,0.4
6379,346,5.725,43.69,1,95.7,93.10000000000001,1385,187.8,76.2,21.51,-1.836,7.277,4.194,44.0,45.6,61.0,1437,1,5.6,0.4
6380,346,5.725,43.59,1,95.7,93.10000000000001,1385,187.7,76.3,21.5,-1.781,7.281,4.195,44.0,45.7,61.0,1437,1,5.7,0.4
6381,346,5.725,43.72,1,95.6,93.10000000000001,1385,187.6,76.2,21.44,-1.742,7.289,4.195,45.0,45.8,61.0,1437,1,5.8,0.4
6382,346,5.725,43.77,1,95.7,93.10000000000001,1385,187.5,76.1,21.45,-1.695,7.293,4.195,45.0,45.8,61.0,1437,1,5.8,0.39
6383,346,5.725,43.65,1,95.6,93.10000000000001,1385,187.4,76.2,21.55,-1.641,7.297,4.194,45.0,45.9,61.0,1437,1,5.9,0.39
6384,346,5.725,43.78,1,95.6,93.10000000000001,1386,187.4,76.3,21.51,-1.602,7.305,4.194,45.0,45.9,61.0,1437,1,6.0,0.39
6385,345,5.725,43.76,1,95.6,93.10000000000001,1386,187.3,76.2,21.52,-1.555,7.309,4.194,45.0,46.0,61.0,1437,1,6.0,0.39
6386,345,5.7,43.67,1,95.6,93.10000000000001,1385,187.3,76.3,21.11,-1.508,7.316,4.195,45.0,46.0,61.0,1437,1,6.1,0.39
6387,345,5.7,43.59,1,95.6,93.10000000000001,1386,187.3,76.2,21.1,-1.469,7.32,4.194,45.0,46.1,61.0,1437,1,6.2,0.39
6388,345,5.7,43.68,1,95.6,93.10000000000001,1385,187.2,76.2,21.05,-1.422,7.324,4.194,45.0,46.2,61.0,1437,1,6.2,0.38
6389,345,5.7,43.62,1,95.6,93.10000000000001,1385,187.2,76.1,21.04,-1.383,7.328,4.195,45.0,46.2,61.0,1437,1,6.3,0.39
6390,345,5.7,43.69,1,95.6,93.10000000000001,1384,187.1,76.2,21.03,-1.336,7.332,4.195,45.0,46.3,61.0,1437,1,6.4,0.39
6391,345,5.7,43.71,1,95.6,93.10000000000001,1384,187.1,76.3,21.03,-1.297,7.34,4.195,45.0,46.3,61.0,1437,1,6.4,0.4
6392,345,5.7,43.68,1,95.6,93.10000000000001,1384,187.2,76.2,20.98,-1.25,7.344,4.195,45.0,46.4,61.0,1437,1,6.5,0.39
6393,345,5.7,43.91,1,95.5,93.10000000000001,1384,187.2,76.2,21.04,-1.203,7.352,4.195,45.0,46.5,61.0,1437,1,6.6,0.39
6394,345,5.675,43.77,1,95.6,93.10000000000001,1384,187.2,76.1,21.03,-1.164,7.355,4.194,45.0,46.5,61.0,1437,1,6.6,0.39
6395,344,5.675,43.71,1,95.6,93.10000000000001,1385,187.2,76.1,21.09,-1.125,7.363,4.195,45.0,46.6,61.0,1437,1,6.7,0.39
6396,344,5.675,43.66,1,95.5,93.10000000000001,1385,187.2,76.4,21.03,-1.078,7.367,4.195,45.0,46.6,61.0,1437,1,6.8,0.39
6397,344,5.675,43.84,1,95.5,93.10000000000001,1384,187.2,76.2,21.02,-1.039,7.371,4.195,45.0,46.7,61.0,1437,1,6.8,0.39
6398,344,5.675,43.67,1,95.5,93.10000000000001,1384,187.1,76.2,21.0,-0.992,7.375,4.194,45.0,46.7,61.0,1437,1,6.9,0.39
6399,344,5.675,43.66,1,95.5,93.10000000000001,1384,187.1,76.2,21.01,-0.945,7.383,4.194,45.0,46.8,61.0,1437,1,7.0,0.4
6400,344,5.675,43.69,1,95.5,93.10000000000001,1384,187.1,76.1,21.07,-0.906,7.387,4.194,45.0,46.9,61.0,1437,1,7.1,0.39
6401,344,5.675,43.73,1,95.5,93.10000000000001,1384,187.1,76.3,21.0,-0.867,7.395,4.195,45.0,46.9,61.0,1437,1,7.1,0.39
6402,344,5.675,43.68,1,95.5,93.10000000000001,1384,187.1,76.1,21.01,-0.828,7.398,4.194,46.0,47.0,61.0,1437,1,7.2,0.39
6403,343,5.65,43.74,1,95.5,93.10000000000001,1383,187.2,76.0,21.02,-0.797,7.402,4.195,45.0,47.0,61.0,1437,1,7.3,0.39
6404,343,5.65,43.76,1,95.5,93.10000000000001,1383,187.3,76.2,21.09,-0.758,7.41,4.195,46.0,47.1,61.0,1437,1,7.3,0.39
6405,343,5.65,43.67,1,95.5,93.10000000000001,1384,187.2,76.3,21.07,-0.727,7.414,4.195,46.0,47.1,61.0,1437,1,7.4,0.39
6406,343,5.65,43.71,1,95.5,93.10000000000001,1385,187.2,76.1,20.96,-0.695,7.418,4.194,46.0,47.2,61.0,1437,1,7.5,0.39
6407,343,5.65,43.58,1,95.5,93.10000000000001,1385,187.2,76.3,21.03,-0.672,7.422,4.194,46.0,47.2,61.0,1437,1,7.5,0.39
6408,343,5.65,43.61,1,95.5,93.10000000000001,1384,187.2,76.3,21.07,-0.633,7.426,4.194,46.0,47.3,61.0,1437,1,7.6,0.39
6409,343,5.65,43.57,1,95.5,93.10000000000001,1383,187.2,76.2,20.95,-0.602,7.434,4.194,46.0,47.4,61.0,1437,1,7.7,0.4
6410,343,5.65,43.55,1,95.5,93.10000000000001,1382,187.3,76.3,20.99,-0.578,7.438,4.195,46.0,47.4,61.0,1437,1,7.8,0.4
6411,343,5.65,43.75,1,95.5,93.10000000000001,1383,187.2,76.4,20.98,-0.539,7.441,4.195,46.0,47.5,61.0,1437,1,7.8,0.39
6412,343,5.625,43.86,1,95.5,93.10000000000001,1383,187.3,76.2,21.08,-0.5,7.445,4.195,46.0,47.5,61.0,1437,1,7.9,0.39
6413,343,5.625,43.82,1,95.5,93.10000000000001,1383,187.3,76.1,21.01,-0.461,7.453,4.194,46.0,47.6,61.0,1437,1,8.0,0.4
6414,342,5.625,43.73,1,95.5,93.10000000000001,1382,187.2,76.2,21.08,-0.438,7.457,4.194,46.0,47.6,61.0,1437,1,8.0,0.39
6415,342,5.625,43.28,1,95.39999999999999,93.10000000000001,1382,187.2,76.2,20.93,-0.398,7.461,4.195,46.0,47.6,61.0,1437,1,8.1,0.39
6416,342,5.625,43.7,1,95.39999999999999,93.10000000000001,1383,187.2,76.2,21.02,-0.359,7.465,4.194,46.0,47.7,61.0,1437,1,8.2,0.39
6417,342,5.625,43.71,1,95.39999999999999,93.10000000000001,1383,187.1,76.2,21.01,-0.32,7.473,4.195,46.0,47.8,61.0,1437,1,8.3,0.38
6418,342,5.625,43.67,1,95.39999999999999,93.10000000000001,1383,187.2,76.3,21.02,-0.273,7.477,4.195,46.0,47.8,61.0,1437,1,8.3,0.39
6419,342,5.625,43.77,1,95.39999999999999,93.10000000000001,1383,187.2,76.2,20.91,-0.234,7.48,4.194,46.0,47.9,61.0,1437,1,8.4,0.39
6420,342,5.6,43.71,1,95.39999999999999,93.10000000000001,1383,187.2,76.2,21.02,-0.18,7.488,4.194,46.0,47.9,61.0,1437,1,8.5,0.39
6421,342,5.6,43.55,1,95.39999999999999,93.10000000000001,1383,187.3,76.3,20.96,-0.133,7.492,4.194,46.0,48.0,61.0,1437,1,8.6,0.39
6422,342,5.6,43.74,1,95.3,93.10000000000001,1384,187.3,76.2,21.09,-0.086,7.496,4.195,46.0,48.0,61.0,1437,1,8.6,0.39
6423,342,5.6,43.64,1,95.39999999999999,93.10000000000001,1383,187.3,76.2,21.05,-0.039,7.504,4.195,47.0,48.1,61.0,1437,1,8.7,0.39
6424,342,5.6,43.58,1,95.39999999999999,93.10000000000001,1383,187.2,76.1,21.04,0.008,7.508,4.195,47.0,48.1,61.0,1437,1,8.8,0.39
6425,342,5.6,43.85,1,95.39999999999999,93.10000000000001,1383,187.2,76.2,21.03,0.062,7.516,4.194,46.0,48.2,61.0,1437,1,8.8,0.4
6426,342,5.6,43.71,1,95.39999999999999,93.10000000000001,1383,187.2,75.9,21.07,0.109,7.52,4.194,47.0,48.2,61.0,1437,1,8.9,0.38
6427,342,5.6,43.74,1,95.3,93.10000000000001,1383,187.2,76.2,20.98,0.164,7.527,4.194,47.0,48.3,61.0,1437,1,9.0,0.38
6428,342,5.575,43.76,1,95.3,93.10000000000001,1384,187.2,76.1,21.0,0.219,7.531,4.195,47.0,48.3,61.0,1437,1,9.1,0.39
6429,342,5.575,43.64,1,95.3,93.10000000000001,1385,187.2,76.1,21.09,0.281,7.539,4.194,47.0,48.4,61.0,1437,1,9.1,0.39
6430,342,5.575,43.65,1,95.3,93.10000000000001,1385,187.3,76.0,20.97,0.336,7.543,4.195,47.0,48.5,61.0,1437,1,9.2,0.39
6431,342,5.575,43.73,1,95.3,93.10000000000001,1384,187.3,76.2,20.96,0.383,7.547,4.195,47.0,48.5,61.0,1437,1,9.3,0.39
6432,342,5.575,43.82,1,95.3,93.10000000000001,1384,187.3,76.2,21.05,0.438,7.555,4.195,47.0,48.6,61.0,1437,1,9.4,0.39
6433,342,5.575,43.68,1,95.3,93.10000000000001,1384,187.3,76.2,20.95,0.492,7.559,4.195,47.0,48.6,61.0,1437,1,9.4,0.39
6434,342,5.575,43.67,1,95.3,93.10000000000001,1383,187.3,76.2,21.02,0.547,7.566,4.195,47.0,48.7,61.0,1437,1,9.5,0.39
6435,342,5.575,43.77,1,95.19999999999999,93.10000000000001,1383,187.3,76.4,21.07,0.602,7.57,4.194,47.0,48.7,61.0,1437,1,9.6,0.38
6436,342,5.575,43.71,1,95.3,93.10000000000001,1382,187.3,76.1,21.01,0.648,7.578,4.195,47.0,48.8,61.0,1437,1,9.6,0.39
6437,342,5.55,43.78,1,95.19999999999999,93.10000000000001,1381,187.3,76.1,21.03,0.703,7.582,4.195,48.0,48.8,61.0,1437,1,9.7,0.39
6438,342,5.55,43.62,1,95.19999999999999,93.10000000000001,1382,187.2,76.1,21.03,0.742,7.59,4.195,48.0,48.9,61.0,1437,1,9.8,0.39
6439,342,5.55,43.66,1,95.3,93.10000000000001,1382,187.4,76.2,21.05,0.797,7.594,4.195,48.0,49.0,61.0,1437,1,9.9,0.39
6440,342,5.55,43.65,1,95.19999999999999,93.10000000000001,1382,187.4,76.1,21.04,0.844,7.598,4.195,48.0,49.0,61.0,1437,1,9.9,0.39
6441,342,5.55,43.82,1,95.19999999999999,93.10000000000001,1381,187.4,76.1,20.98,0.898,7.605,4.194,48.0,49.1,61.0,1437,1,10.0,0.39
6442,342,5.55,43.73,1,95.19999999999999,93.10000000000001,1381,187.5,76.1,21.02,0.953,7.613,4.195,48.0,49.1,61.0,1437,1,10.1,0.39
6443,342,5.55,43.59,1,95.19999999999999,93.10000000000001,1382,187.4,76.1,21.09,1.0,7.617,4.195,48.0,49.2,61.0,1437,1,10.2,0.39
6444,342,5.55,43.63,1,95.1,93.10000000000001,1382,187.4,76.2,21.07,1.055,7.621,4.194,48.0,49.2,61.0,1437,1,10.2,0.4
6445,342,5.525,43.59,1,95.1,93.10000000000001,1382,187.4,76.3,20.97,1.102,7.625,4.194,48.0,49.3,61.0,1437,1,10.3,0.39
6446,342,5.525,43.73,1,95.19999999999999,93.10000000000001,1382,187.4,76.1,21.08,1.156,7.633,4.194,48.0,49.3,61.0,1437,1,10.4,0.38
6447,342,5.525,43.45,1,95.19999999999999,93.10000000000001,1382,187.5,76.2,21.09,1.203,7.637,4.194,48.0,49.4,61.0,1437,1,10.5,0.38
6448,342,5.525,43.76,1,95.1,93.0,1383,187.5,76.4,21.05,1.258,7.641,4.195,48.0,49.5,61.0,1437,1,10.6,0.39
6449,342,5.525,43.74,1,95.1,93.10000000000001,1383,187.6,76.3,20.96,1.297,7.648,4.195,48.0,49.5,61.0,1437,1,10.6,0.38
6450,342,5.525,43.65,1,95.1,93.10000000000001,1382,187.6,76.0,21.02,1.352,7.652,4.195,48.0,49.6,61.0,1437,1,10.7,0.39
6451,341,5.525,43.66,1,95.1,93.10000000000001,1382,187.6,76.3,21.02,1.398,7.656,4.194,48.0,49.6,61.0,1437,1,10.8,0.39
6452,341,5.525,43.63,1,95.1,93.10000000000001,1382,187.5,76.3,21.03,1.445,7.66,4.195,48.0,49.7,61.0,1437,1,10.9,0.39
6453,341,5.5,43.69,1,95.1,93.10000000000001,1381,187.5,76.2,21.06,1.484,7.668,4.195,48.0,49.7,61.0,1437,1,10.9,0.39
6454,341,5.5,43.59,1,95.1,93.10000000000001,1381,187.5,76.3,21.06,1.539,7.672,4.195,48.0,49.8,61.0,1437,1,11.0,0.39
6455,341,5.5,43.72,1,95.1,93.0,1380,187.5,76.3,20.96,1.578,7.676,4.195,48.0,49.8,61.0,1437,1,11.1,0.39
6456,341,5.5,43.72,1,95.0,93.0,1380,187.5,76.3,20.94,1.617,7.684,4.194,48.0,49.9,61.0,1437,1,11.2,0.39
6457,341,5.5,43.81,1,95.1,93.10000000000001,1380,187.4,76.1,21.0,1.664,7.688,4.195,48.0,49.9,61.0,1437,1,11.3,0.4
6458,341,5.5,43.79,1,95.1,93.10000000000001,1380,187.5,76.2,21.05,1.695,7.691,4.195,48.0,50.0,61.0,1437,1,11.3,0.4
6459,341,5.5,43.86,1,95.1,93.10000000000001,1380,187.5,76.2,20.97,1.742,7.699,4.195,48.0,50.1,61.0,1437,1,11.4,0.39
6460,341,5.5,43.72,1,95.0,93.0,1380,187.6,76.1,20.98,1.773,7.707,4.194,48.0,50.1,61.0,1437,1,11.5,0.39
6461,341,5.5,43.68,1,95.1,93.0,1380,187.6,76.3,21.06,1.812,7.715,4.195,48.0,50.2,61.0,1437,1,11.5,0.39
6462,341,5.475,43.72,1,95.0,93.10000000000001,1380,187.6,76.3,21.03,1.852,7.719,4.195,48.0,50.2,61.0,1437,1,11.6,0.4
6463,341,5.475,43.74,1,95.1,93.10000000000001,1380,187.5,76.2,21.15,1.883,7.727,4.195,48.0,50.3,61.0,1437,1,11.7,0.4
6464,341,5.475,43.79,1,95.0,93.10000000000001,1380,187.5,76.3,21.02,1.922,7.73,4.195,49.0,50.3,61.0,1437,1,11.8,0.39
6465,341,5.475,43.72,1,95.0,93.10000000000001,1380,187.5,76.4,21.0,1.961,7.738,4.195,49.0,50.4,61.0,1437,1,11.8,0.4
6466,341,5.475,43.89,1,95.0,93.10000000000001,1381,187.6,76.2,21.01,2.0,7.742,4.195,49.0,50.4,61.0,1437,1,11.9,0.39
6467,341,5.475,43.7,1,95.0,93.10000000000001,1381,187.6,76.3,21.09,2.039,7.75,4.195,49.0,50.4,61.0,1437,1,12.0,0.4
6468,341,5.475,43.82,1,95.0,93.10000000000001,1380,187.6,76.3,21.02,2.078,7.758,4.195,49.0,50.5,61.0,1437,1,12.1,0.39
6469,340,5.45,43.54,1,95.0,93.10000000000001,1380,187.6,76.2,21.02,2.125,7.762,4.195,49.0,50.5,61.0,1438,1,12.2,0.39
6470,340,5.45,43.74,1,95.1,93.10000000000001,1380,187.6,76.1,21.02,2.164,7.77,4.194,49.0,50.6,61.0,1438,1,12.2,0.38
6471,340,5.45,43.47,1,95.0,93.10000000000001,1380,187.6,76.2,21.06,2.203,7.773,4.194,49.0,50.6,61.0,1438,1,12.3,0.38
6472,340,5.45,43.73,1,95.0,93.10000000000001,1381,187.6,76.2,21.07,2.25,7.781,4.195,49.0,50.7,61.0,1438,1,12.4,0.38
6473,340,5.45,43.53,1,95.0,93.10000000000001,1380,187.6,76.2,21.0,2.289,7.789,4.195,49.0,50.7,61.0,1438,1,12.5,0.39
6474,340,5.45,43.79,1,95.0,93.10000000000001,1380,187.6,76.2,21.0,2.328,7.797,4.195,49.0,50.8,61.0,1438,1,12.5,0.39
6475,340,5.45,43.62,1,95.0,93.10000000000001,1380,187.7,76.1,21.04,2.375,7.805,4.195,49.0,50.8,61.0,1438,1,12.6,0.39
6476,340,5.425,43.66,1,95.0,93.10000000000001,1380,187.7,76.1,21.02,2.422,7.809,4.194,50.0,50.9,61.0,1438,1,12.7,0.37
6477,340,5.425,43.85,1,95.0,93.10000000000001,1380,187.6,76.3,21.0,2.461,7.813,4.195,49.0,50.9,61.0,1438,1,12.8,0.38
6478,340,5.425,43.62,1,95.0,93.10000000000001,1380,187.6,76.3,21.11,2.508,7.82,4.194,50.0,51.0,61.0,1438,1,12.8,0.39
6479,340,5.425,43.64,1,95.0,93.10000000000001,1380,187.7,76.1,21.04,2.539,7.824,4.195,49.0,51.0,61.0,1438,1,12.9,0.38
6480,340,5.425,43.73,1,95.0,93.10000000000001,1380,187.8,76.2,21.02,2.586,7.828,4.195,50.0,51.0,61.0,1438,1,13.0,0.38
6481,340,5.425,43.58,1,94.89999999999999,93.10000000000001,1380,187.7,76.1,20.91,2.633,7.836,4.195,50.0,51.1,61.0,1438,1,13.1,0.39
6482,339,5.425,43.75,1,94.89999999999999,93.10000000000001,1380,187.7,76.1,20.97,2.672,7.84,4.194,50.0,51.2,61.0,1438,1,13.2,0.38
6483,339,5.4,43.74,1,94.89999999999999,93.10000000000001,1379,187.6,76.1,20.98,2.719,7.848,4.195,50.0,51.2,61.0,1438,1,13.2,0.38
6484,339,5.4,43.73,1,94.89999999999999,93.10000000000001,1378,187.6,76.3,21.09,2.758,7.855,4.195,50.0,51.2,61.0,1438,1,13.3,0.38
6485,339,5.4,43.89,1,94.89999999999999,93.10000000000001,1379,187.6,76.2,20.99,2.805,7.863,4.194,50.0,51.3,61.0,1438,1,13.4,0.38
6486,339,5.4,43.7,1,94.89999999999999,93.10000000000001,1379,187.5,76.0,20.96,2.836,7.871,4.195,50.0,51.3,61.0,1438,1,13.5,0.38
6487,339,5.4,43.48,1,94.89999999999999,93.10000000000001,1379,187.5,76.2,21.05,2.883,7.875,4.195,50.0,51.4,61.0,1438,1,13.6,0.38
6488,339,5.4,43.67,1,94.89999999999999,93.10000000000001,1379,187.6,76.3,21.04,2.914,7.883,4.195,50.0,51.4,61.0,1438,1,13.6,0.38
6489,339,5.4,43.96,1,94.89999999999999,93.10000000000001,1379,187.7,76.1,20.99,2.953,7.891,4.194,50.0,51.5,61.0,1438,1,13.7,0.39
6490,339,5.4,43.8,1,94.89999999999999,93.10000000000001,1379,187.7,76.2,20.98,3.0,7.895,4.195,51.0,51.6,61.0,1438,1,13.8,0.38
6491,339,5.375,43.64,1,94.89999999999999,93.10000000000001,1378,187.8,76.3,20.93,3.039,7.902,4.194,51.0,51.6,61.0,1438,1,13.9,0.38
6492,338,5.375,43.76,1,94.89999999999999,93.10000000000001,1378,187.8,76.2,21.05,3.086,7.91,4.194,50.0,51.7,61.0,1438,1,14.0,0.39
6493,338,5.375,43.72,1,94.89999999999999,93.10000000000001,1379,187.8,76.2,21.04,3.125,7.914,4.195,51.0,51.7,61.0,1438,1,14.0,0.38
6494,338,5.375,43.72,1,94.89999999999999,93.10000000000001,1379,187.9,76.3,21.02,3.172,7.922,4.195,51.0,51.7,61.0,1438,1,14.1,0.38
6495,338,5.375,43.99,1,94.89999999999999,93.10000000000001,1379,187.9,76.3,21.07,3.211,7.93,4.195,51.0,51.8,61.0,1438,1,14.2,0.38
6496,338,5.375,43.79,1,94.89999999999999,93.10000000000001,1379,187.9,76.2,21.07,3.25,7.934,4.195,51.0,51.9,61.0,1438,1,14.3,0.38
6497,338,5.375,43.68,1,94.89999999999999,93.10000000000001,1380,188.0,76.2,21.06,3.297,7.938,4.195,51.0,51.9,61.0,1438,1,14.4,0.39
6498,338,5.35,43.85,1,94.89999999999999,93.10000000000001,1379,188.0,76.3,21.09,3.328,7.945,4.195,51.0,51.9,61.0,1438,1,14.4,0.39
6499,338,5.35,43.85,1,94.89999999999999,93.10000000000001,1379,187.9,76.2,21.05,3.367,7.949,4.195,51.0,52.0,61.0,1438,1,14.5,0.38
6500,338,5.35,43.78,1,94.89999999999999,93.10000000000001,1378,187.8,76.1,20.97,3.398,7.957,4.195,51.0,52.1,61.0,1438,1,14.6,0.38
6501,338,5.35,43.87,1,94.89999999999999,93.10000000000001,1378,187.8,76.3,21.05,3.438,7.961,4.195,51.0,52.1,61.0,1438,1,14.7,0.39
6502,337,5.35,43.81,1,94.89999999999999,93.10000000000001,1378,187.9,76.4,21.03,3.477,7.969,4.195,51.0,52.1,61.0,1438,1,14.7,0.38
6503,337,5.35,43.77,1,94.89999999999999,93.10000000000001,1378,187.8,76.4,21.02,3.516,7.973,4.195,51.0,52.2,61.0,1438,1,14.9,0.38
6504,337,5.35,43.88,1,94.89999999999999,93.10000000000001,1378,187.8,76.4,21.05,3.555,7.98,4.195,51.0,52.2,61.0,1438,1,14.9,0.38
6505,337,5.325,43.89,1,94.89999999999999,93.10000000000001,1378,187.8,76.5,20.91,3.602,7.984,4.195,51.0,52.3,61.0,1438,1,15.0,0.39
6506,337,5.325,43.66,1,94.89999999999999,93.10000000000001,1378,187.8,76.5,21.01,3.641,7.992,4.195,51.0,52.3,61.0,1438,1,15.1,0.38
6507,337,5.325,43.83,1,94.89999999999999,93.10000000000001,1378,187.8,76.5,20.97,3.688,8.0,4.195,51.0,52.4,61.0,1438,1,15.2,0.4
6508,337,5.325,43.76,1,94.89999999999999,93.10000000000001,1378,187.7,76.3,21.04,3.734,8.012,4.195,51.0,52.4,61.0,1438,1,15.2,0.38
6509,337,5.325,43.87,1,94.8,93.10000000000001,1378,187.7,76.2,21.03,3.773,8.02,4.195,51.0,52.5,61.0,1438,1,15.3,0.38
6510,336,5.325,43.78,1,94.89999999999999,93.10000000000001,1378,187.7,76.3,20.98,3.812,8.023,4.195,51.0,52.5,61.0,1438,1,15.4,0.39
6511,336,5.325,43.69,1,94.89999999999999,93.10000000000001,1378,187.7,76.3,21.02,3.852,8.031,4.195,51.0,52.6,61.0,1438,1,15.5,0.38
6512,336,5.3,43.81,1,94.8,93.10000000000001,1378,187.8,76.2,20.98,3.898,8.035,4.195,52.0,52.6,61.0,1438,1,15.6,0.38
6513,336,5.3,43.81,1,94.8,93.10000000000001,1378,187.8,76.2,21.02,3.93,8.043,4.194,51.0,52.7,61.0,1438,1,15.6,0.38
6514,336,5.3,43.86,1,94.8,93.10000000000001,1378,187.8,76.2,20.88,3.961,8.047,4.194,51.0,52.7,61.0,1438,1,15.7,0.37
6515,336,5.3,43.71,1,94.8,93.10000000000001,1378,187.9,76.1,21.02,3.992,8.051,4.195,52.0,52.8,61.0,1438,1,15.8,0.39
6516,336,5.3,43.75,1,94.8,93.10000000000001,1378,187.9,76.3,21.13,4.016,8.055,4.195,52.0,52.8,61.0,1438,1,15.9,0.39
6517,336,5.3,43.65,1,94.8,93.10000000000001,1378,187.8,76.4,21.05,4.055,8.059,4.195,52.0,52.9,61.0,1438,1,16.0,0.38
6518,336,5.3,43.79,1,94.8,93.10000000000001,1378,187.9,76.3,20.96,4.078,8.066,4.195,52.0,52.9,61.0,1438,1,16.1,0.39
6519,336,5.275,43.93,1,94.8,93.10000000000001,1378,187.8,76.3,20.97,4.117,8.07,4.195,52.0,53.0,61.0,1438,1,16.1,0.38
6520,335,5.275,43.84,1,94.8,93.10000000000001,1378,187.8,76.3,21.0,4.148,8.074,4.195,52.0,53.0,61.0,1438,1,16.2,0.38
6521,335,5.275,43.76,1,94.8,93.10000000000001,1378,187.8,76.3,20.97,4.18,8.078,4.195,52.0,53.1,61.0,1438,1,16.3,0.39
6522,335,5.275,43.7,1,94.8,93.10000000000001,1378,187.8,76.4,21.09,4.219,8.086,4.195,52.0,53.1,61.0,1438,1,16.4,0.38
6523,335,5.275,43.72,1,94.8,93.10000000000001,1378,187.9,76.3,21.07,4.25,8.09,4.195,52.0,53.2,61.0,1438,1,16.5,0.38
6524,335,5.275,43.71,1,94.8,93.10000000000001,1378,187.8,76.2,21.12,4.289,8.098,4.195,52.0,53.2,61.0,1438,1,16.5,0.38
6525,335,5.275,43.36,1,94.8,93.10000000000001,1378,187.9,76.5,21.05,4.328,8.102,4.195,53.0,53.3,61.0,1438,1,16.6,0.38
6526,335,5.25,43.78,1,94.8,93.10000000000001,1378,187.8,76.3,21.01,4.367,8.109,4.195,53.0,53.3,61.0,1438,1,16.7,0.37
6527,335,5.25,43.79,1,94.8,93.10000000000001,1377,187.8,76.3,20.99,4.398,8.113,4.195,53.0,53.3,61.0,1438,1,16.8,0.38
6528,335,5.25,43.83,1,94.8,93.10000000000001,1377,187.8,76.3,21.04,4.438,8.121,4.195,53.0,53.4,61.0,1438,1,16.9,0.38
6529,335,5.25,43.71,1,94.69999999999999,93.10000000000001,1378,187.8,76.4,20.96,4.484,8.125,4.194,53.0,53.5,61.0,1438,1,16.9,0.39
6530,335,5.25,43.89,1,94.69999999999999,93.10000000000001,1378,187.8,76.4,21.02,4.531,8.129,4.195,53.0,53.5,61.0,1438,1,17.0,0.39
6531,335,5.25,43.83,1,94.8,93.10000000000001,1378,187.7,76.4,21.04,4.57,8.137,4.195,53.0,53.6,61.0,1438,1,17.1,0.38
6532,335,5.25,43.8,1,94.69999999999999,93.10000000000001,1378,187.7,76.4,21.06,4.609,8.141,4.195,53.0,53.6,61.0,1438,1,17.2,0.38
6533,335,5.225,43.62,1,94.69999999999999,93.10000000000001,1378,187.6,76.3,20.95,4.648,8.148,4.195,53.0,53.7,61.0,1439,1,17.3,0.39
6534,335,5.225,43.78,1,94.69999999999999,93.10000000000001,1378,187.5,76.3,20.97,4.688,8.152,4.195,53.0,53.7,61.0,1439,1,17.3,0.37
6535,335,5.225,43.7,1,94.69999999999999,93.10000000000001,1377,187.6,76.3,21.0,4.727,8.156,4.195,53.0,53.8,61.0,1439,1,17.4,0.38
6536,335,5.225,43.76,1,94.69999999999999,93.10000000000001,1377,187.5,76.6,21.02,4.766,8.164,4.195,53.0,53.8,61.0,1439,1,17.5,0.38
6537,334,5.225,43.6,1,94.69999999999999,93.10000000000001,1378,187.4,76.5,21.06,4.797,8.172,4.195,53.0,53.8,61.0,1439,1,17.6,0.39
6538,334,5.225,43.81,1,94.69999999999999,93.10000000000001,1378,187.4,76.4,21.04,4.836,8.176,4.195,53.0,53.9,61.0,1439,1,17.7,0.38
6539,334,5.225,43.7,1,94.69999999999999,93.10000000000001,1378,187.5,76.4,21.03,4.867,8.184,4.195,53.0,54.0,61.0,1439,1,17.8,0.37
6540,334,5.2,43.81,1,94.69999999999999,93.10000000000001,1378,187.6,76.4,20.95,4.898,8.191,4.195,53.0,54.0,61.0,1439,1,17.8,0.38
6541,334,5.2,43.69,1,94.69999999999999,93.10000000000001,1377,187.6,76.4,21.25,4.922,8.195,4.195,53.0,54.1,61.0,1439,1,17.9,0.39
6542,334,5.2,43.83,1,94.69999999999999,93.10000000000001,1376,187.7,76.3,21.36,4.953,8.203,4.195,53.0,54.1,61.0,1439,1,18.0,0.39
6543,334,5.2,43.83,1,94.69999999999999,93.10000000000001,1377,187.6,76.2,21.32,4.977,8.211,4.195,53.0,54.2,61.0,1439,1,18.1,0.38
6544,334,5.2,43.87,1,94.69999999999999,93.10000000000001,1377,187.6,76.3,21.37,5.0,8.215,4.195,53.0,54.2,61.0,1439,1,18.2,0.38
6545,334,5.2,43.54,1,94.69999999999999,93.10000000000001,1377,187.6,76.5,21.37,5.031,8.223,4.194,53.0,54.3,61.0,1439,1,18.2,0.38
6546,334,5.175,43.69,1,94.69999999999999,93.10000000000001,1377,187.6,76.3,21.42,5.055,8.23,4.195,53.0,54.3,61.0,1439,1,18.3,0.37
6547,334,5.175,43.96,1,94.69999999999999,93.10000000000001,1377,187.6,76.3,21.35,5.086,8.234,4.195,53.0,54.4,61.0,1439,1,18.4,0.38
6548,334,5.175,43.77,1,94.69999999999999,93.10000000000001,1377,187.6,76.4,21.37,5.109,8.242,4.194,53.0,54.4,61.0,1439,1,18.5,0.38
6549,334,5.175,43.76,1,94.69999999999999,93.10000000000001,1377,187.6,76.5,21.31,5.141,8.246,4.195,53.0,54.5,61.0,1439,1,18.6,0.37
6550,334,5.175,43.86,1,94.69999999999999,93.10000000000001,1377,187.5,76.6,21.34,5.188,8.254,4.195,53.0,54.5,61.0,1439,1,18.7,0.37
6551,334,5.175,43.97,1,94.69999999999999,93.10000000000001,1377,187.5,76.2,21.41,5.219,8.258,4.195,53.0,54.6,61.0,1439,1,18.7,0.38
6552,334,5.175,43.91,1,94.69999999999999,93.2,1377,187.6,76.4,21.36,5.258,8.266,4.195,54.0,54.6,61.0,1439,1,18.8,0.38
6553,334,5.15,43.91,1,94.69999999999999,93.10000000000001,1377,187.6,76.4,21.35,5.281,8.27,4.195,54.0,54.7,61.0,1439,1,18.9,0.38
6554,333,5.15,43.81,1,94.69999999999999,93.10000000000001,1377,187.6,76.4,21.35,5.328,8.277,4.195,54.0,54.7,61.0,1439,1,19.0,0.38
6555,333,5.15,43.9,1,94.69999999999999,93.10000000000001,1377,187.6,76.4,21.42,5.352,8.281,4.195,54.0,54.8,61.0,1439,1,19.0,0.38
6556,333,5.15,43.74,1,94.69999999999999,93.10000000000001,1377,187.6,76.4,21.38,5.391,8.285,4.195,54.0,54.8,61.0,1439,1,19.1,0.38
6557,333,5.15,43.94,1,94.69999999999999,93.10000000000001,1377,187.5,76.4,21.36,5.43,8.293,4.195,54.0,54.9,61.0,1439,1,19.2,0.38
6558,333,5.15,43.93,1,94.6,93.10000000000001,1376,187.5,76.5,21.45,5.461,8.297,4.195,54.0,54.9,61.0,1439,1,19.3,0.38
6559,333,5.15,43.76,1,94.69999999999999,93.10000000000001,1376,187.5,76.5,21.39,5.5,8.305,4.195,54.0,55.0,61.0,1439,1,19.4,0.38
6560,333,5.125,43.82,1,94.69999999999999,93.10000000000001,1376,187.4,76.3,21.36,5.523,8.312,4.195,54.0,55.0,61.0,1439,1,19.5,0.37
6561,333,5.125,43.68,1,94.69999999999999,93.2,1376,187.6,76.3,21.44,5.57,8.316,4.195,54.0,55.1,61.0,1439,1,19.6,0.37
6562,333,5.125,43.83,1,94.6,93.10000000000001,1377,187.6,76.3,21.45,5.594,8.324,4.195,54.0,55.1,61.0,1439,1,19.6,0.38
6563,333,5.125,43.71,1,94.6,93.10000000000001,1375,187.6,76.4,21.39,5.625,8.332,4.195,54.0,55.2,61.0,1439,1,19.7,0.38
6564,333,5.125,43.71,1,94.6,93.10000000000001,1375,187.6,76.4,21.39,5.656,8.336,4.195,54.0,55.2,61.0,1439,1,19.8,0.37
6565,333,5.125,43.97,1,94.6,93.10000000000001,1375,187.5,76.4,21.41,5.672,8.344,4.195,54.0,55.3,61.0,1439,1,19.9,0.37
6566,333,5.125,43.89,1,94.6,93.10000000000001,1375,187.5,76.4,21.43,5.711,8.348,4.195,54.0,55.3,61.0,1439,1,19.9,0.37
6567,333,5.1,44.08,1,94.6,93.10000000000001,1375,187.4,76.4,21.38,5.727,8.352,4.195,54.0,55.4,61.0,1439,1,20.0,0.37
6568,333,5.1,43.89,1,94.6,93.10000000000001,1375,187.4,76.3,21.39,5.742,8.359,4.195,54.0,55.4,61.0,1439,1,20.1,0.37
6569,333,5.1,43.78,1,94.6,93.10000000000001,1376,187.4,76.4,21.43,5.758,8.363,4.195,54.0,55.4,61.0,1439,1,20.2,0.37
6570,333,5.1,43.87,1,94.6,93.10000000000001,1375,187.5,76.4,21.48,5.773,8.367,4.195,54.0,55.5,61.0,1439,1,20.3,0.38
6571,333,5.1,43.62,1,94.6,93.10000000000001,1375,187.5,76.4,21.36,5.781,8.371,4.195,54.0,55.5,61.0,1439,1,20.4,0.38
6572,333,5.1,43.7,1,94.6,93.10000000000001,1375,187.4,76.4,21.42,5.781,8.379,4.195,54.0,55.6,61.0,1439,1,20.4,0.37
6573,333,5.075,43.75,1,94.6,93.10000000000001,1375,187.3,76.5,21.41,5.781,8.387,4.195,54.0,55.6,61.0,1440,1,20.5,0.37
6574,333,5.075,43.95,1,94.69999999999999,93.10000000000001,1375,187.3,76.4,21.38,5.773,8.391,4.195,54.0,55.7,61.0,1440,1,20.6,0.38
6575,333,5.075,43.88,1,94.69999999999999,93.10000000000001,1375,187.2,76.5,21.39,5.773,8.398,4.195,54.0,55.7,61.0,1440,1,20.7,0.37
6576,333,5.075,43.92,1,94.6,93.10000000000001,1375,187.2,76.3,21.37,5.773,8.406,4.195,54.0,55.7,61.0,1440,1,20.8,0.38
6577,333,5.075,43.67,1,94.69999999999999,93.10000000000001,1375,187.3,76.4,21.43,5.781,8.414,4.195,54.0,55.8,61.0,1440,1,20.9,0.38
6578,333,5.075,43.6,1,94.69999999999999,93.10000000000001,1375,187.3,76.4,21.45,5.789,8.422,4.195,54.0,55.8,61.0,1440,1,20.9,0.37
6579,333,5.075,43.75,1,94.69999999999999,93.10000000000001,1375,187.4,76.4,21.32,5.789,8.43,4.195,54.0,55.8,61.0,1440,1,21.0,0.38
6580,333,5.05,43.83,1,94.69999999999999,93.10000000000001,1375,187.3,76.5,21.39,5.797,8.438,4.195,54.0,55.9,61.0,1440,1,21.1,0.38
6581,333,5.05,43.84,1,94.69999999999999,93.10000000000001,1376,187.2,76.5,21.37,5.805,8.445,4.195,54.0,55.9,61.0,1440,1,21.2,0.37
6582,333,5.05,43.77,1,94.69999999999999,93.2,1376,187.2,76.5,20.93,5.82,8.449,4.195,54.0,56.0,61.0,1440,1,21.2,0.38
6583,333,5.05,43.48,1,94.6,93.10000000000001,1375,187.2,76.5,20.73,5.828,8.457,4.195,54.0,56.0,61.0,1440,1,21.3,0.37
6584,332,5.05,43.89,1,94.6,93.10000000000001,1374,187.2,76.4,20.59,5.844,8.465,4.195,54.0,56.0,61.0,1440,1,21.4,0.37
6585,332,5.05,43.81,1,94.5,93.10000000000001,1373,187.2,76.4,20.76,5.852,8.473,4.195,54.0,56.0,61.0,1440,1,21.5,0.38
6586,332,5.05,43.89,1,94.6,93.10000000000001,1373,187.3,76.5,20.69,5.875,8.48,4.195,54.0,56.1,61.0,1440,1,21.6,0.38
6587,332,5.025,43.92,1,94.5,93.10000000000001,1374,187.3,76.6,20.69,5.898,8.484,4.195,54.0,56.1,61.0,1440,1,21.6,0.37
6588,332,5.025,44.09,1,94.5,93.10000000000001,1373,187.3,76.3,20.59,5.914,8.492,4.195,55.0,56.1,61.0,1440,1,21.7,0.37
6589,332,5.025,44.02,1,94.5,93.10000000000001,1373,187.2,76.4,20.59,5.945,8.5,4.194,54.0,56.2,61.0,1440,1,21.8,0.38
6590,332,5.025,43.91,1,94.5,93.10000000000001,1372,187.2,76.3,20.66,5.961,8.504,4.195,55.0,56.2,61.0,1440,1,21.9,0.38
6591,332,5.025,43.65,1,94.5,93.10000000000001,1373,187.2,76.2,20.69,6.0,8.508,4.195,55.0,56.2,61.0,1440,1,21.9,0.37
6592,332,5.025,43.97,1,94.5,93.10000000000001,1372,187.2,76.4,20.65,6.023,8.516,4.195,54.0,56.2,61.0,1440,1,22.0,0.37
6593,332,5.0,43.96,1,94.5,93.10000000000001,1372,187.0,76.5,20.74,6.055,8.52,4.195,54.0,56.2,61.0,1440,1,22.1,0.38
6594,332,5.0,43.73,1,94.5,93.10000000000001,1373,187.0,76.5,20.61,6.078,8.523,4.195,55.0,56.3,61.0,1440,1,22.2,0.37
6595,332,5.0,43.91,1,94.5,93.10000000000001,1373,187.1,76.6,20.67,6.109,8.531,4.195,55.0,56.3,61.0,1440,1,22.3,0.38
6596,332,5.0,43.98,1,94.5,93.10000000000001,1373,187.1,76.4,20.71,6.141,8.535,4.195,54.0,56.3,61.0,1440,1,22.4,0.37
6597,332,5.0,43.84,1,94.5,93.10000000000001,1373,187.1,76.5,20.68,6.172,8.539,4.195,55.0,56.4,61.0,1440,1,22.4,0.37
6598,332,5.0,43.86,1,94.5,93.10000000000001,1373,187.1,76.6,20.7,6.211,8.543,4.195,55.0,56.4,61.0,1440,1,22.5,0.36
6599,332,5.0,43.89,1,94.5,93.10000000000001,1373,187.1,76.7,20.67,6.234,8.551,4.195,55.0,56.4,61.0,1440,1,22.6,0.37
6600,332,4.975,43.93,1,94.5,93.10000000000001,1374,187.1,76.4,20.63,6.266,8.555,4.195,55.0,56.4,61.0,1440,1,22.7,0.37
6601,332,4.975,43.92,1,94.5,93.10000000000001,1373,187.1,76.5,20.69,6.289,8.559,4.195,55.0,56.4,61.0,1440,1,22.7,0.37
6602,332,4.975,43.95,1,94.5,93.10000000000001,1373,187.0,76.5,20.7,6.32,8.566,4.195,55.0,56.5,61.0,1440,1,22.8,0.38
6603,332,4.975,43.71,1,94.39999999999999,93.10000000000001,1372,186.9,76.5,20.69,6.344,8.57,4.195,55.0,56.5,61.0,1440,1,22.9,0.38
6604,332,4.975,43.97,1,94.5,93.10000000000001,1372,186.9,76.5,20.7,6.375,8.578,4.195,55.0,56.5,61.0,1440,1,23.0,0.38
6605,332,4.975,43.6,1,94.5,93.10000000000001,1373,186.9,76.6,20.69,6.406,8.586,4.195,55.0,56.5,61.0,1440,1,23.1,0.38
6606,332,4.95,43.79,1,94.5,93.10000000000001,1373,187.0,76.5,20.71,6.43,8.594,4.195,55.0,56.6,61.0,1441,1,23.1,0.37
6607,332,4.95,43.92,1,94.6,93.2,1373,186.9,76.5,21.15,6.461,8.602,4.195,55.0,56.6,61.0,1441,1,23.2,0.36
6608,332,4.95,44.03,1,94.6,93.2,1374,187.0,76.5,21.22,6.492,8.605,4.195,55.0,56.6,61.0,1441,1,23.3,0.38
6609,332,4.95,44.21,1,94.6,93.2,1375,187.0,76.5,21.19,6.523,8.617,4.195,55.0,56.7,61.0,1441,1,23.3,0.39
6610,332,4.95,43.85,1,94.6,93.2,1376,186.9,76.5,21.22,6.57,8.625,4.195,55.0,56.7,61.0,1441,1,23.4,0.38
6611,332,4.95,43.79,1,94.6,93.2,1375,186.9,76.6,21.2,6.602,8.633,4.195,55.0,56.7,61.0,1441,1,23.5,0.37
6612,332,4.95,43.75,1,94.6,93.2,1376,187.0,76.6,21.22,6.656,8.637,4.195,55.0,56.8,61.0,1441,1,23.6,0.37
6613,332,4.925,44.24,1,94.6,93.2,1375,187.0,76.4,21.25,6.695,8.645,4.195,55.0,56.8,61.0,1441,1,23.7,0.38
6614,332,4.925,43.93,1,94.6,93.2,1375,186.9,76.5,21.23,6.742,8.652,4.195,55.0,56.8,61.0,1441,1,23.7,0.38
6615,332,4.925,43.91,1,94.6,93.2,1376,186.9,76.8,21.25,6.781,8.66,4.194,56.0,56.9,61.0,1441,1,23.8,0.38
6616,332,4.925,43.87,1,94.6,93.2,1375,186.8,76.6,21.23,6.828,8.668,4.195,55.0,56.9,61.0,1441,1,23.9,0.37
6617,332,4.925,43.87,1,94.6,93.2,1375,186.8,76.6,21.27,6.883,8.676,4.195,55.0,57.0,61.0,1441,1,24.0,0.38
6618,332,4.925,43.94,1,94.6,93.2,1375,186.7,76.6,21.21,6.93,8.684,4.195,55.0,57.0,61.0,1441,1,24.1,0.38
6619,332,4.9,44.04,1,94.6,93.2,1376,186.8,76.6,21.29,7.0,8.691,4.195,55.0,57.0,61.0,1441,1,24.1,0.37
6620,332,4.9,43.97,1,94.6,93.2,1376,186.8,76.4,21.25,7.047,8.703,4.195,56.0,57.1,61.0,1441,1,24.2,0.37
6621,332,4.9,43.91,1,94.6,93.2,1376,186.7,76.5,21.23,7.109,8.711,4.195,56.0,57.1,61.0,1441,1,24.3,0.36
6622,332,4.9,43.93,1,94.6,93.2,1375,186.8,76.5,21.26,7.156,8.719,4.195,56.0,57.2,61.0,1441,1,24.4,0.37
6623,332,4.9,44.26,1,94.5,93.2,1374,186.7,76.6,21.23,7.211,8.727,4.195,56.0,57.2,61.0,1441,1,24.4,0.38
6624,331,4.9,43.79,1,94.5,93.2,1374,186.6,76.4,21.23,7.266,8.73,4.195,56.0,57.2,61.0,1441,1,24.5,0.37
6625,331,4.9,43.93,1,94.5,93.2,1374,186.6,76.5,21.25,7.312,8.738,4.195,56.0,57.3,61.0,1441,1,24.6,0.37
6626,331,4.875,43.96,1,94.5,93.2,1374,186.7,76.6,21.26,7.359,8.75,4.195,56.0,57.3,61.0,1441,1,24.7,0.38
6627,331,4.875,43.86,1,94.6,93.2,1374,186.8,76.6,21.25,7.406,8.758,4.195,56.0,57.4,61.0,1441,1,24.8,0.38
6628,331,4.875,43.87,1,94.5,93.2,1375,186.7,76.7,21.24,7.453,8.766,4.195,56.0,57.4,61.0,1441,1,24.8,0.37
6629,331,4.875,44.17,1,94.5,93.2,1375,186.7,76.8,21.24,7.492,8.773,4.195,56.0,57.5,61.0,1441,1,24.9,0.37
6630,331,4.875,43.88,1,94.5,93.2,1375,186.6,76.6,21.25,7.547,8.781,4.195,56.0,57.5,61.0,1441,1,25.0,0.37
6631,331,4.875,43.95,1,94.5,93.2,1374,186.5,76.7,21.25,7.578,8.785,4.195,56.0,57.6,61.0,1441,1,25.1,0.36
6632,331,4.85,43.95,1,94.5,93.2,1374,186.6,76.7,21.21,7.625,8.793,4.195,56.0,57.6,61.0,1441,1,25.1,0.37
6633,331,4.85,44.15,1,94.5,93.2,1374,186.6,76.7,21.23,7.648,8.801,4.195,56.0,57.6,61.0,1441,1,25.2,0.37
6634,331,4.85,44.0,1,94.5,93.2,1374,186.7,76.7,21.26,7.68,8.805,4.195,56.0,57.7,61.0,1442,1,25.3,0.36
6635,331,4.85,43.82,1,94.5,93.2,1375,186.7,76.7,21.25,7.711,8.809,4.195,56.0,57.7,62.0,1442,1,25.4,0.36
6636,331,4.85,43.98,1,94.5,93.2,1375,186.7,76.7,21.23,7.734,8.812,4.195,56.0,57.8,62.0,1442,1,25.4,0.37
6637,331,4.85,44.12,1,94.5,93.2,1375,186.7,76.7,21.25,7.766,8.82,4.195,56.0,57.8,61.0,1442,1,25.5,0.36
6638,331,4.825,43.86,1,94.39999999999999,93.2,1374,186.7,76.5,21.26,7.781,8.824,4.195,56.0,57.8,62.0,1442,1,25.6,0.36
6639,331,4.825,44.18,1,94.5,93.2,1374,186.7,76.6,21.28,7.812,8.832,4.195,56.0,57.9,62.0,1442,1,25.7,0.36
6640,331,4.825,44.02,1,94.39999999999999,93.2,1374,186.7,76.5,21.27,7.836,8.84,4.195,56.0,57.9,62.0,1442,1,25.7,0.37
6641,330,4.825,44.13,1,94.5,93.2,1375,186.6,76.7,21.25,7.859,8.844,4.195,57.0,58.0,62.0,1442,1,25.8,0.37
6642,330,4.825,44.17,1,94.5,93.2,1376,186.6,76.5,21.23,7.891,8.852,4.195,56.0,58.0,62.0,1442,1,25.9,0.36
6643,330,4.825,43.97,1,94.5,93.2,1375,186.5,76.7,21.2,7.914,8.859,4.195,56.0,58.0,62.0,1442,1,26.0,0.37
6644,330,4.8,44.04,1,94.5,93.2,1375,186.6,76.7,21.23,7.953,8.863,4.195,57.0,58.1,62.0,1442,1,26.1,0.37
6645,330,4.8,44.09,1,94.39999999999999,93.2,1375,186.6,76.6,21.23,7.984,8.871,4.195,56.0,58.1,62.0,1442,1,26.1,0.38
6646,330,4.8,43.89,1,94.39999999999999,93.2,1374,186.5,76.7,21.23,8.023,8.879,4.195,57.0,58.2,62.0,1442,1,26.2,0.36
6647,330,4.8,43.95,1,94.39999999999999,93.2,1374,186.5,76.7,21.25,8.055,8.887,4.195,57.0,58.2,62.0,1442,1,26.3,0.37
6648,330,4.8,43.9,1,94.39999999999999,93.2,1374,186.5,76.5,21.21,8.102,8.891,4.195,56.0,58.2,62.0,1442,1,26.4,0.37
6649,330,4.8,44.07,1,94.5,93.2,1375,186.6,76.7,21.27,8.141,8.898,4.195,57.0,58.3,62.0,1442,1,26.4,0.37
6650,330,4.775,44.01,1,94.39999999999999,93.2,1375,186.5,76.7,21.25,8.18,8.906,4.195,57.0,58.3,62.0,1442,1,26.5,0.36
6651,330,4.775,44.02,1,94.39999999999999,93.2,1376,186.5,76.7,21.26,8.227,8.91,4.195,57.0,58.3,62.0,1442,1,26.6,0.36
6652,330,4.775,43.91,1,94.39999999999999,93.2,1375,186.5,76.7,21.21,8.266,8.918,4.195,57.0,58.4,62.0,1442,1,26.7,0.37
6653,330,4.775,44.35,1,94.39999999999999,93.2,1374,186.5,76.6,21.26,8.305,8.926,4.195,57.0,58.4,62.0,1442,1,26.7,0.37
6654,330,4.775,44.11,1,94.39999999999999,93.2,1374,186.5,76.8,21.26,8.344,8.934,4.195,57.0,58.5,62.0,1442,1,26.8,0.37
6655,330,4.775,44.1,1,94.39999999999999,93.2,1373,186.5,76.7,21.22,8.391,8.941,4.195,57.0,58.5,62.0,1442,1,26.9,0.36
6656,330,4.75,43.8,1,94.39999999999999,93.2,1373,186.4,76.7,21.23,8.438,8.949,4.195,57.0,58.5,62.0,1442,1,27.0,0.36
6657,330,4.75,43.69,1,94.39999999999999,93.2,1373,186.4,76.6,21.23,8.477,8.953,4.195,57.0,58.6,62.0,1442,1,27.0,0.36
6658,330,4.75,43.93,1,94.39999999999999,93.2,1373,186.5,76.7,21.21,8.531,8.961,4.195,57.0,58.6,62.0,1442,1,27.1,0.37
6659,330,4.75,44.08,1,94.39999999999999,93.2,1373,186.5,76.8,21.24,8.578,8.969,4.195,57.0,58.7,62.0,1442,1,27.2,0.37
6660,330,4.75,43.99,1,94.3,93.2,1375,186.5,76.9,21.26,8.633,8.973,4.195,57.0,58.7,62.0,1442,1,27.3,0.36
6661,329,4.75,43.92,1,94.3,93.2,1375,186.5,77.0,21.25,8.68,8.98,4.195,57.0,58.8,62.0,1442,1,27.3,0.37
6662,329,4.75,44.07,1,94.3,93.2,1374,186.5,76.6,21.19,8.734,8.984,4.195,57.0,58.8,62.0,1442,1,27.4,0.37
6663,329,4.725,43.64,1,94.3,93.2,1373,186.5,76.6,21.25,8.781,8.988,4.195,57.0,58.9,62.0,1442,1,27.5,0.37
6664,329,4.725,43.86,1,94.3,93.2,1373,186.5,76.7,21.24,8.828,8.996,4.195,57.0,58.9,62.0,1443,1,27.6,0.37
6665,329,4.725,44.12,1,94.3,93.2,1373,186.5,76.6,21.23,8.875,9.0,4.195,58.0,58.9,62.0,1443,1,27.7,0.37
6666,329,4.725,44.01,1,94.3,93.2,1373,186.5,76.6,21.22,8.914,9.008,4.195,58.0,59.0,62.0,1443,1,27.7,0.38
6667,329,4.725,43.61,1,94.3,93.2,1373,186.6,76.7,21.28,8.953,9.016,4.195,58.0,59.0,62.0,1443,1,27.8,0.37
6668,329,4.7,43.96,1,94.19999999999999,93.2,1373,186.6,76.5,21.22,8.992,9.02,4.195,58.0,59.1,62.0,1443,1,27.9,0.37
6669,329,4.7,43.75,1,94.19999999999999,93.2,1373,186.6,76.7,21.23,9.031,9.027,4.195,58.0,59.1,62.0,1443,1,28.0,0.37
6670,329,4.7,44.07,1,94.19999999999999,93.2,1373,186.6,76.8,21.22,9.07,9.031,4.195,58.0,59.2,62.0,1443,1,28.0,0.37
6671,329,4.7,43.98,1,94.19999999999999,93.2,1373,186.5,76.8,21.21,9.102,9.039,4.195,58.0,59.2,62.0,1443,1,28.1,0.36
6672,329,4.7,43.77,1,94.19999999999999,93.2,1372,186.4,76.8,21.21,9.133,9.043,4.195,58.0,59.2,62.0,1443,1,28.2,0.36
6673,329,4.7,44.12,1,94.19999999999999,93.2,1372,186.5,76.9,21.25,9.164,9.051,4.195,58.0,59.3,62.0,1443,1,28.3,0.37
6674,329,4.675,43.92,1,94.19999999999999,93.2,1373,186.5,76.9,21.27,9.203,9.055,4.195,58.0,59.3,62.0,1443,1,28.3,0.37
6675,329,4.675,44.16,1,94.19999999999999,93.2,1373,186.5,76.8,21.24,9.227,9.059,4.195,58.0,59.4,62.0,1443,1,28.4,0.37
6676,329,4.675,44.16,1,94.19999999999999,93.2,1373,186.5,76.7,21.24,9.266,9.063,4.195,58.0,59.4,62.0,1443,1,28.5,0.37
6677,329,4.675,43.96,1,94.19999999999999,93.2,1373,186.5,76.6,21.27,9.297,9.07,4.195,58.0,59.5,62.0,1443,1,28.6,0.37
6678,329,4.675,43.82,1,94.19999999999999,93.2,1373,186.5,76.8,21.25,9.336,9.074,4.195,58.0,59.5,62.0,1443,1,28.6,0.36
6679,329,4.675,44.32,1,94.19999999999999,93.2,1373,186.6,76.6,21.25,9.367,9.082,4.195,58.0,59.6,62.0,1443,1,28.7,0.37
6680,329,4.65,43.81,1,94.19999999999999,93.2,1373,186.6,76.6,21.21,9.398,9.09,4.195,59.0,59.6,62.0,1443,1,28.8,0.36
6681,329,4.65,44.29,1,94.19999999999999,93.2,1374,186.6,76.6,20.71,9.438,9.098,4.195,58.0,59.7,62.0,1443,1,28.9,0.36
6682,329,4.65,44.18,1,94.1,93.10000000000001,1373,186.6,76.5,20.59,9.477,9.105,4.195,58.0,59.7,62.0,1443,1,29.0,0.37
6683,329,4.65,44.04,1,94.0,93.10000000000001,1372,186.5,76.6,20.6,9.516,9.117,4.195,58.0,59.8,62.0,1443,1,29.0,0.36
6684,330,4.65,43.86,1,93.89999999999999,93.10000000000001,1371,186.6,76.5,20.43,9.555,9.125,4.195,59.0,59.8,62.0,1443,1,29.1,0.38
6685,330,4.625,43.81,1,93.89999999999999,93.10000000000001,1369,186.5,76.5,20.49,9.594,9.133,4.195,59.0,59.9,62.0,1443,1,29.2,0.37
6686,330,4.625,43.97,1,93.8,93.10000000000001,1369,186.5,76.6,20.59,9.641,9.145,4.195,60.0,59.9,62.0,1444,1,29.3,0.37
6687,330,4.625,44.02,1,93.8,93.10000000000001,1369,186.5,76.5,20.51,9.695,9.152,4.195,59.0,60.0,62.0,1444,1,29.3,0.36
6688,330,4.625,44.03,1,93.8,93.10000000000001,1369,186.5,76.4,20.54,9.742,9.16,4.195,59.0,60.0,62.0,1444,1,29.4,0.36
6689,330,4.625,44.08,1,93.8,93.10000000000001,1368,186.5,76.6,20.57,9.797,9.168,4.195,60.0,60.1,62.0,1444,1,29.5,0.37
6690,330,4.6,43.96,1,93.8,93.10000000000001,1368,186.5,76.7,20.54,9.852,9.18,4.195,60.0,60.1,62.0,1444,1,29.6,0.37
6691,330,4.6,44.4,1,93.8,93.10000000000001,1368,186.6,76.6,20.59,9.906,9.184,4.195,60.0,60.2,62.0,1444,1,29.6,0.37
6692,330,4.6,44.11,1,93.8,93.10000000000001,1368,186.6,76.8,20.52,9.961,9.195,4.195,60.0,60.2,62.0,1444,1,29.7,0.36
6693,330,4.6,44.0,1,93.8,93.10000000000001,1368,186.7,76.8,20.5,10.016,9.203,4.195,60.0,60.3,62.0,1444,1,29.8,0.37
6694,331,4.6,44.08,1,93.8,93.0,1367,186.7,76.8,20.58,10.062,9.211,4.195,60.0,60.3,62.0,1444,1,29.9,0.36
6695,331,4.575,43.91,1,93.8,93.10000000000001,1367,186.7,76.8,20.56,10.109,9.223,4.195,60.0,60.4,62.0,1444,1,29.9,0.37
6696,331,4.575,43.83,1,93.8,93.10000000000001,1368,186.7,76.7,20.64,10.156,9.23,4.195,60.0,60.4,62.0,1444,1,30.0,0.37
6697,331,4.575,44.28,1,93.89999999999999,93.10000000000001,1368,186.7,76.6,20.6,10.211,9.242,4.195,60.0,60.5,62.0,1444,1,30.1,0.36
6698,331,4.575,44.1,1,93.8,93.10000000000001,1369,186.7,76.9,20.57,10.266,9.254,4.195,60.0,60.5,62.0,1444,1,30.2,0.37
6699,331,4.55,43.76,1,93.8,93.10000000000001,1369,186.7,76.8,20.6,10.32,9.266,4.195,60.0,60.6,62.0,1444,1,30.2,0.36
6700,332,4.55,44.12,1,93.8,93.10000000000001,1369,186.7,76.6,20.56,10.383,9.277,4.195,60.0,60.7,62.0,1444,1,30.3,0.37
6701,332,4.55,44.29,1,93.8,93.10000000000001,1369,186.7,76.7,20.59,10.445,9.289,4.195,60.0,60.7,62.0,1444,1,30.4,0.37
6702,332,4.55,43.79,1,93.8,93.10000000000001,1369,186.7,76.7,20.59,10.508,9.301,4.195,60.0,60.8,62.0,1444,1,30.5,0.36
6703,332,4.525,44.1,1,93.8,93.10000000000001,1370,186.7,76.7,20.58,10.57,9.309,4.195,60.0,60.8,62.0,1444,1,30.5,0.37
6704,332,4.525,43.9,1,93.7,93.10000000000001,1370,186.8,76.6,20.54,10.633,9.32,4.195,60.0,60.9,62.0,1444,1,30.6,0.36
6705,332,4.525,44.09,1,93.7,93.10000000000001,1370,186.7,76.6,20.53,10.703,9.332,4.195,60.0,60.9,62.0,1444,1,30.7,0.37
6706,332,4.525,43.73,1,93.7,93.10000000000001,1370,186.6,76.4,20.55,10.781,9.348,4.195,60.0,61.0,62.0,1445,1,30.8,0.36
6707,332,4.525,44.34,1,93.7,93.10000000000001,1370,186.6,76.5,20.58,10.852,9.355,4.195,60.0,61.0,62.0,1445,1,30.8,0.37
6708,332,4.5,43.93,1,93.7,93.10000000000001,1369,186.6,76.7,20.42,10.93,9.371,4.195,60.0,61.1,62.0,1445,1,30.9,0.37
6709,332,4.5,43.89,1,93.5,92.9,1369,186.5,76.7,19.48,11.016,9.383,4.195,60.0,61.1,62.0,1445,1,31.0,0.37
6710,332,4.5,44.04,1,92.80000000000001,92.60000000000001,1367,186.5,76.4,18.5,11.086,9.395,4.195,60.0,61.2,62.0,1445,1,31.1,0.36
6711,332,4.5,43.95,1,92.10000000000001,92.4,1362,186.5,76.1,18.35,11.164,9.406,4.195,60.0,61.2,62.0,1445,1,31.2,0.36
6712,332,4.475,43.56,1,91.9,92.30000000000001,1355,186.6,75.9,17.87,11.25,9.414,4.195,60.0,61.3,62.0,1445,1,31.2,0.36
6713,332,4.475,43.6,1,91.5,92.10000000000001,1350,186.6,75.6,17.37,11.328,9.426,4.195,60.0,61.3,62.0,1445,1,31.3,0.37
6714,332,4.475,43.93,1,91.10000000000001,92.0,1344,186.7,75.5,17.33,11.406,9.434,4.195,60.0,61.4,62.0,1445,1,31.4,0.37
6715,332,4.475,44.06,1,91.10000000000001,92.0,1341,186.8,75.4,17.34,11.484,9.441,4.195,60.0,61.4,62.0,1445,1,31.5,0.37
6716,332,4.45,43.86,1,91.0,92.0,1339,186.9,75.6,17.31,11.562,9.449,4.195,60.0,61.5,62.0,1445,1,31.5,0.37
6717,331,4.45,43.93,1,91.0,92.0,1338,187.0,75.4,17.31,11.641,9.457,4.195,60.0,61.6,62.0,1445,1,31.6,0.36
6718,331,4.45,43.9,1,90.9,92.0,1336,187.0,75.6,17.3,11.711,9.465,4.195,60.0,61.6,62.0,1445,1,31.7,0.37
6719,331,4.45,43.85,1,90.9,92.0,1334,187.1,75.6,17.31,11.789,9.473,4.195,60.0,61.7,62.0,1445,1,31.8,0.36
6720,331,4.425,43.85,1,90.9,92.0,1333,187.3,75.4,17.31,11.852,9.484,4.195,60.0,61.7,62.0,1445,1,31.8,0.36
6721,331,4.425,43.87,1,91.0,92.0,1332,187.4,75.6,17.32,11.914,9.488,4.195,60.0,61.8,62.0,1445,1,31.9,0.38
6722,330,4.425,43.79,1,90.9,92.0,1333,187.5,75.5,17.33,11.969,9.496,4.195,60.0,61.8,62.0,1445,1,32.0,0.37
6723,330,4.425,44.07,1,90.9,92.0,1333,187.7,75.5,17.34,12.031,9.508,4.195,60.0,61.9,62.0,1445,1,32.1,0.37
6724,330,4.425,43.71,1,90.9,92.0,1333,187.8,75.5,17.32,12.094,9.516,4.195,60.0,61.9,62.0,1445,1,32.1,0.36
6725,330,4.4,43.89,1,90.9,92.0,1332,187.8,75.5,17.47,12.148,9.527,4.195,61.0,62.0,62.0,1446,1,32.2,0.36
6726,330,4.4,43.68,1,91.0,92.10000000000001,1332,187.9,75.7,17.61,12.203,9.535,4.195,61.0,62.0,62.0,1446,1,32.3,0.36
6727,329,4.4,43.77,1,91.10000000000001,92.10000000000001,1333,188.1,75.6,17.61,12.266,9.547,4.195,61.0,62.1,62.0,1446,1,32.4,0.35
6728,329,4.4,43.68,1,91.10000000000001,92.10000000000001,1334,188.2,75.6,17.66,12.32,9.555,4.195,61.0,62.1,62.0,1446,1,32.5,0.36
6729,329,4.375,43.78,1,91.10000000000001,92.10000000000001,1335,188.3,75.6,17.6,12.383,9.562,4.195,61.0,62.2,62.0,1446,1,32.5,0.36
6730,329,4.375,43.79,1,91.10000000000001,92.10000000000001,1334,188.3,75.6,17.63,12.445,9.574,4.195,61.0,62.3,62.0,1446,1,32.6,0.36
6731,329,4.375,43.99,1,91.10000000000001,92.10000000000001,1335,188.3,75.7,17.63,12.5,9.582,4.195,61.0,62.3,62.0,1446,1,32.7,0.36
6732,329,4.375,43.94,1,91.0,92.10000000000001,1335,188.3,75.7,17.65,12.562,9.594,4.195,61.0,62.4,62.0,1446,1,32.8,0.36
6733,328,4.35,43.92,1,91.10000000000001,92.10000000000001,1335,188.2,75.8,17.64,12.617,9.602,4.195,61.0,62.4,62.0,1446,1,32.9,0.36
6734,328,4.35,43.72,1,91.10000000000001,92.10000000000001,1336,188.3,75.7,17.18,12.688,9.613,4.195,61.0,62.5,62.0,1446,1,32.9,0.35
6735,328,4.35,43.61,1,90.60000000000001,91.8,1335,188.3,75.5,16.39,12.742,9.625,4.195,61.0,62.5,62.0,1446,1,33.0,0.35
6736,328,4.35,43.58,1,90.10000000000001,91.60000000000001,1331,188.2,75.3,16.21,12.797,9.633,4.195,61.0,62.6,62.0,1446,1,33.1,0.35
6737,328,4.325,43.66,1,89.9,91.60000000000001,1327,188.3,75.1,16.14,12.859,9.641,4.195,61.0,62.7,62.0,1446,1,33.2,0.35
6738,327,4.325,43.78,1,89.9,91.60000000000001,1324,188.3,75.3,16.15,12.906,9.648,4.195,61.0,62.7,62.0,1446,1,33.2,0.34
6739,327,4.325,43.76,1,89.8,91.60000000000001,1322,188.3,75.3,16.2,12.953,9.656,4.195,61.0,62.7,62.0,1446,1,33.3,0.36
6740,327,4.325,43.51,1,89.8,91.60000000000001,1322,188.3,75.3,16.18,13.008,9.66,4.195,61.0,62.8,62.0,1446,1,33.4,0.36
6741,326,4.3,43.42,1,89.8,91.60000000000001,1321,188.3,75.3,16.16,13.055,9.668,4.195,62.0,62.9,62.0,1446,1,33.5,0.35
6742,326,4.3,43.46,1,89.8,91.60000000000001,1321,188.4,75.3,16.12,13.094,9.676,4.195,62.0,62.9,62.0,1446,1,33.5,0.35
6743,326,4.3,43.86,1,89.7,91.5,1320,188.6,75.2,16.12,13.141,9.688,4.195,62.0,63.0,62.0,1446,1,33.6,0.35
6744,326,4.3,43.78,1,89.8,91.60000000000001,1319,188.7,75.3,16.68,13.188,9.695,4.195,62.0,63.1,62.0,1447,1,33.7,0.35
6745,325,4.3,43.98,1,90.3,91.9,1320,188.7,75.4,17.75,13.227,9.703,4.195,62.0,63.1,62.0,1447,1,33.8,0.35
6746,325,4.275,43.8,1,91.0,92.2,1324,188.8,75.6,18.18,13.281,9.707,4.195,62.0,63.2,62.0,1447,1,33.9,0.36
6747,325,4.275,43.91,1,91.3,92.30000000000001,1330,188.8,75.8,18.21,13.328,9.715,4.195,62.0,63.3,62.0,1447,1,34.0,0.36
6748,325,4.275,43.93,1,91.4,92.30000000000001,1335,188.7,75.8,18.19,13.383,9.727,4.195,62.0,63.3,62.0,1447,1,34.0,0.35
6749,325,4.25,43.85,1,91.4,92.30000000000001,1337,188.7,75.7,18.2,13.43,9.734,4.195,62.0,63.4,62.0,1447,1,34.1,0.35
6750,325,4.25,43.64,1,91.4,92.30000000000001,1338,188.7,75.8,18.19,13.484,9.742,4.195,62.0,63.4,62.0,1447,1,34.2,0.35
6751,325,4.25,43.85,1,91.4,92.30000000000001,1339,188.7,75.8,18.18,13.523,9.75,4.195,62.0,63.5,62.0,1447,1,34.3,0.35
6752,324,4.25,43.75,1,91.4,92.30000000000001,1339,188.6,75.7,18.18,13.578,9.762,4.195,62.0,63.6,62.0,1447,1,34.4,0.35
6753,324,4.25,43.62,1,91.4,92.30000000000001,1339,188.5,75.9,18.18,13.617,9.77,4.195,62.0,63.6,62.0,1447,1,34.5,0.34
6754,324,4.225,43.91,1,91.4,92.30000000000001,1339,188.4,76.0,18.21,13.656,9.781,4.195,62.0,63.7,62.0,1447,1,34.5,0.35
6755,324,4.225,43.76,1,91.4,92.30000000000001,1340,188.2,76.1,18.14,13.695,9.793,4.195,62.0,63.8,62.0,1447,1,34.6,0.35
6756,324,4.225,43.88,1,91.3,92.30000000000001,1341,188.2,76.0,18.11,13.742,9.801,4.195,63.0,63.8,62.0,1447,1,34.7,0.35
6757,324,4.225,44.14,1,91.3,92.30000000000001,1341,188.1,75.9,18.16,13.789,9.813,4.195,63.0,63.9,62.0,1447,1,34.8,0.35
6758,324,4.2,43.7,1,91.4,92.30000000000001,1341,188.0,75.9,18.14,13.836,9.824,4.195,63.0,64.0,62.0,1447,1,34.8,0.34
6759,324,4.2,43.67,1,91.2,92.2,1342,188.0,75.9,17.4,13.883,9.836,4.195,63.0,64.0,62.0,1447,1,34.9,0.34
6760,324,4.2,43.67,1,90.60000000000001,91.9,1340,187.9,75.6,16.23,13.922,9.848,4.195,63.0,64.1,62.0,1447,1,35.0,0.34
6761,324,4.2,43.67,1,89.8,91.5,1334,187.8,75.5,15.77,13.961,9.855,4.195,63.0,64.1,62.0,1448,1,35.1,0.34
6762,323,4.175,43.48,1,89.4,91.4,1327,187.8,75.3,15.68,14.0,9.863,4.195,63.0,64.2,62.0,1448,1,35.2,0.34
6763,323,4.175,43.6,1,89.3,91.4,1322,187.9,75.1,15.72,14.031,9.867,4.195,63.0,64.3,62.0,1448,1,35.3,0.31
6764,323,4.175,43.64,1,89.3,91.4,1319,188.0,75.0,15.74,14.062,9.879,4.195,63.0,64.4,62.0,1448,1,35.4,0.31
6765,323,4.175,43.64,1,89.3,91.4,1317,188.0,75.1,15.67,14.102,9.887,4.195,63.0,64.4,62.0,1448,1,35.4,0.31
6766,322,4.15,43.74,1,89.3,91.4,1315,188.0,75.1,15.72,14.141,9.895,4.195,63.0,64.5,62.0,1448,1,35.5,0.31
6767,322,4.15,43.55,1,89.3,91.4,1314,188.0,75.2,15.66,14.164,9.902,4.195,63.0,64.5,62.0,1448,1,35.6,0.29
6768,322,4.15,43.71,1,89.3,91.4,1314,188.1,75.1,15.81,14.188,9.906,4.195,63.0,64.6,62.0,1448,1,35.7,0.3
6769,322,4.15,43.74,1,89.60000000000001,91.60000000000001,1313,188.1,75.3,16.79,14.219,9.914,4.195,63.0,64.7,62.0,1448,1,35.7,0.3
6770,322,4.125,43.65,1,90.2,91.9,1316,188.2,75.3,17.29,14.25,9.922,4.195,64.0,64.7,62.0,1448,1,35.8,0.28
6771,321,4.125,44.07,1,90.5,92.0,1320,188.2,75.6,17.37,14.281,9.93,4.195,64.0,64.8,62.0,1448,1,35.9,0.26
6772,321,4.125,43.86,1,90.60000000000001,92.0,1324,188.3,75.6,17.39,14.312,9.938,4.195,63.0,64.9,62.0,1448,1,36.0,0.28
6773,321,4.125,44.0,1,90.60000000000001,92.0,1326,188.3,75.7,17.38,14.336,9.949,4.195,64.0,64.9,62.0,1448,1,36.1,0.26
6774,321,4.1,43.83,1,90.8,92.10000000000001,1327,188.2,75.7,17.91,14.367,9.953,4.195,64.0,65.0,62.0,1448,1,36.2,0.28
6775,321,4.1,43.72,1,91.10000000000001,92.2,1330,188.2,75.9,18.09,14.391,9.965,4.195,64.0,65.0,62.0,1448,1,36.3,0.27
6776,321,4.1,43.98,1,91.2,92.2,1333,188.3,76.1,18.05,14.414,9.973,4.195,64.0,65.1,63.0,1448,1,36.3,0.28
6777,321,4.1,43.89,1,91.2,92.2,1335,188.2,76.1,18.0,14.438,9.98,4.195,64.0,65.1,62.0,1448,1,36.4,0.27
6778,321,4.1,43.89,1,91.2,92.30000000000001,1336,188.1,76.1,18.05,14.461,9.988,4.195,64.0,65.2,63.0,1448,1,36.5,0.27
6779,321,4.075,43.93,1,91.2,92.2,1337,188.0,76.0,17.99,14.492,10.0,4.195,64.0,65.3,63.0,1449,1,36.6,0.27
6780,321,4.075,43.94,1,91.2,92.2,1338,188.0,75.9,18.0,14.531,10.008,4.195,64.0,65.3,63.0,1449,1,36.6,0.27
6781,321,4.075,43.63,1,91.2,92.2,1338,187.9,76.1,18.03,14.555,10.02,4.195,64.0,65.4,63.0,1449,1,36.7,0.27
6782,321,4.075,43.91,1,91.2,92.30000000000001,1338,187.8,76.1,18.05,14.586,10.031,4.195,64.0,65.4,63.0,1449,1,36.8,0.27
6783,320,4.05,43.74,1,91.2,92.30000000000001,1338,187.7,75.9,18.07,14.617,10.043,4.195,64.0,65.5,63.0,1449,1,36.9,0.27
6784,320,4.05,43.81,1,91.2,92.30000000000001,1339,187.6,76.2,18.08,14.656,10.051,4.195,64.0,65.6,63.0,1449,1,37.0,0.27
6785,320,4.05,43.92,1,91.2,92.30000000000001,1340,187.4,76.0,18.09,14.695,10.062,4.195,64.0,65.6,63.0,1449,1,37.1,0.27
6786,320,4.05,43.88,1,91.2,92.30000000000001,1340,187.3,75.9,18.05,14.742,10.07,4.195,64.0,65.6,63.0,1449,1,37.2,0.27
6787,320,4.025,43.87,1,91.2,92.30000000000001,1340,187.3,76.0,17.34,14.789,10.082,4.195,64.0,65.7,63.0,1449,1,37.2,0.26
6788,320,4.025,43.65,1,90.2,91.60000000000001,1338,187.2,75.6,13.63,14.828,10.09,4.195,64.0,65.8,63.0,1449,1,37.3,0.27
6789,320,4.025,43.32,1,87.3,90.10000000000001,1326,187.2,74.6,9.2,14.867,10.102,4.195,64.0,65.8,63.0,1449,1,37.4,0.26
6790,319,4.025,43.03,1,83.5,88.5,1299,187.3,73.2,5.39,14.883,10.105,4.195,64.0,65.9,63.0,1449,1,37.5,0.26
6791,318,4.025,42.63,1,79.9,87.2,1263,187.4,72.1,2.7,14.891,10.109,4.195,64.0,65.9,63.0,1449,1,37.5,0.25
6792,317,4.0,42.39,1,77.0,86.1,1226,187.6,71.1,0.51,14.898,10.113,4.195,64.0,66.0,63.0,1449,1,37.6,0.25
6793,316,4.0,42.32,1,74.3,85.0,1191,188.0,70.1,-1.73,14.898,10.113,4.195,64.0,66.0,63.0,1449,1,37.7,0.26
6794,315,4.0,42.25,1,72.0,84.1,1157,188.5,69.1,-2.98,14.883,10.109,4.195,64.0,66.1,63.0,1450,1,37.8,0.26
6795,313,4.0,42.32,1,70.6,83.8,1128,189.0,68.8,-3.11,14.859,10.109,4.195,64.0,66.1,63.0,1450,1,37.9,0.26
6796,312,3.975,42.37,1,70.1,83.7,1108,189.5,68.6,-3.15,14.836,10.105,4.195,65.0,66.1,63.0,1450,1,38.0,0.25
6797,310,3.975,42.37,1,70.0,83.7,1095,190.0,68.6,-3.24,14.805,10.102,4.195,64.0,66.2,63.0,1450,1,38.1,0.26
6798,309,3.975,42.4,1,70.1,83.89999999999999,1087,190.7,68.6,-1.79,14.773,10.102,4.195,65.0,66.2,63.0,1450,1,38.1,0.26
6799,308,3.95,42.57,1,71.89999999999999,85.1,1088,191.3,69.3,1.28,14.734,10.098,4.195,65.0,66.2,63.0,1450,1,38.2,0.26
6800,307,3.95,42.73,1,74.9,86.3,1103,192.0,70.2,3.8,14.703,10.098,4.195,65.0,66.3,63.0,1450,1,38.3,0.27
6801,306,3.95,42.68,1,77.8,87.3,1125,192.7,71.3,5.65,14.695,10.094,4.195,65.0,66.2,63.0,1450,1,38.4,0.27
6802,305,3.95,43.0,1,79.80000000000001,87.9,1149,193.4,71.7,6.91,14.695,10.098,4.195,64.0,66.3,63.0,1450,1,38.5,0.27
6803,305,3.925,43.14,1,81.2,88.4,1170,193.9,72.4,8.33,14.703,10.102,4.195,65.0,66.3,63.0,1450,1,38.5,0.27
6804,304,3.925,43.11,1,82.69999999999999,89.0,1188,194.4,72.9,9.8,14.719,10.105,4.195,65.0,66.3,63.0,1450,1,38.6,0.28
6805,304,3.925,43.15,1,84.0,89.60000000000001,1204,195.0,73.6,11.41,14.734,10.109,4.195,65.0,66.3,63.0,1450,1,38.7,0.27
6806,304,3.925,43.53,1,85.6,90.3,1222,195.2,73.8,12.92,14.758,10.117,4.195,65.0,66.3,63.0,1450,1,38.8,0.27
6807,304,3.9,43.69,1,87.0,90.7,1240,195.4,74.3,14.18,14.773,10.121,4.195,65.0,66.4,63.0,1450,1,38.8,0.26
6808,304,3.9,43.69,1,88.0,91.10000000000001,1257,195.4,74.9,14.97,14.805,10.129,4.195,65.0,66.4,63.0,1450,1,38.9,0.27
6809,304,3.9,43.59,1,88.6,91.3,1271,195.2,75.1,15.41,14.82,10.137,4.195,65.0,66.4,63.0,1450,1,39.0,0.27
6810,304,3.9,43.69,1,89.1,91.60000000000001,1282,194.9,75.5,16.23,14.844,10.148,4.195,65.0,66.4,63.0,1451,1,39.1,0.26
6811,304,3.875,43.76,1,89.60000000000001,91.7,1291,194.5,75.5,16.25,14.875,10.156,4.195,65.0,66.5,63.0,1451,1,39.2,0.27
6812,304,3.875,43.8,1,89.9,91.8,1300,194.0,75.9,17.02,14.898,10.168,4.195,65.0,66.5,63.0,1451,1,39.3,0.27
6813,304,3.875,43.73,1,90.3,92.0,1306,193.5,75.8,17.25,14.938,10.18,4.195,65.0,66.5,63.0,1451,1,39.3,0.26
6814,305,3.875,43.8,1,90.5,92.10000000000001,1313,192.9,75.8,17.27,14.977,10.191,4.195,65.0,66.5,63.0,1451,1,39.4,0.27
6815,305,3.85,43.83,1,90.60000000000001,92.10000000000001,1318,192.2,76.0,17.71,15.008,10.203,4.195,65.0,66.6,63.0,1451,1,39.5,0.27
6816,305,3.85,43.84,1,90.9,92.30000000000001,1322,191.7,76.0,18.1,15.039,10.215,4.195,65.0,66.6,63.0,1451,1,39.6,0.26
6817,306,3.85,43.89,1,91.2,92.30000000000001,1327,191.2,76.1,18.18,15.086,10.227,4.195,66.0,66.7,63.0,1451,1,39.7,0.27
6818,306,3.85,43.8,1,91.3,92.4,1331,190.7,76.2,18.15,15.125,10.238,4.195,66.0,66.7,63.0,1451,1,39.7,0.27
6819,306,3.825,44.01,1,91.3,92.30000000000001,1334,190.3,76.3,18.27,15.172,10.254,4.195,66.0,66.8,63.0,1451,1,39.8,0.28
6820,307,3.825,43.92,1,91.5,92.5,1337,189.7,76.2,18.64,15.211,10.266,4.195,66.0,66.8,63.0,1451,1,39.9,0.28
6821,307,3.825,43.85,1,91.7,92.5,1341,189.3,76.3,18.75,15.258,10.277,4.195,65.0,66.9,63.0,1451,1,40.0,0.28
6822,307,3.825,43.98,1,91.7,92.60000000000001,1344,189.0,76.5,18.73,15.305,10.293,4.195,66.0,66.9,63.0,1451,1,40.0,0.28
6823,308,3.825,43.9,1,91.7,92.60000000000001,1345,188.6,76.3,18.72,15.359,10.305,4.195,66.0,67.0,63.0,1451,1,40.1,0.27
6824,308,3.8,43.95,1,91.7,92.5,1347,188.3,76.4,18.73,15.414,10.32,4.195,66.0,67.1,63.0,1451,1,40.2,0.27
6825,308,3.8,43.96,1,91.7,92.5,1347,187.9,76.3,18.75,15.461,10.332,4.195,66.0,67.1,63.0,1451,1,40.3,0.27
6826,308,3.8,43.98,1,91.7,92.5,1347,187.5,76.4,18.68,15.523,10.348,4.195,66.0,67.2,63.0,1452,1,40.4,0.27
6827,309,3.8,43.97,1,91.7,92.5,1347,187.2,76.4,18.76,15.57,10.359,4.195,66.0,67.2,63.0,1452,1,40.5,0.27
6828,309,3.775,44.01,1,91.7,92.5,1348,186.9,76.5,18.69,15.625,10.371,4.195,66.0,67.3,63.0,1452,1,40.5,0.27
6829,309,3.775,44.13,1,91.7,92.5,1348,186.7,76.7,18.7,15.688,10.387,4.195,66.0,67.4,63.0,1452,1,40.6,0.27
6830,309,3.775,43.99,1,91.7,92.5,1348,186.4,76.6,18.74,15.742,10.402,4.195,66.0,67.4,63.0,1452,1,40.7,0.27
6831,309,3.775,44.02,1,91.7,92.5,1349,186.2,76.5,18.08,15.797,10.418,4.195,66.0,67.5,63.0,1452,1,40.8,0.26
6832,310,3.75,43.87,1,91.10000000000001,92.2,1347,186.0,76.3,17.03,15.852,10.43,4.195,66.0,67.5,63.0,1452,1,40.8,0.26
6833,310,3.75,43.77,1,90.3,91.9,1342,185.8,75.9,16.43,15.906,10.445,4.195,66.0,67.6,63.0,1452,1,40.9,0.26
6834,310,3.75,43.8,1,89.9,91.8,1335,185.5,75.8,16.26,15.953,10.457,4.195,66.0,67.7,63.0,1452,1,41.0,0.26
6835,310,3.75,43.82,1,89.7,91.8,1330,185.4,75.6,16.18,16.016,10.469,4.195,66.0,67.8,63.0,1452,1,41.1,0.26
6836,309,3.725,43.89,1,89.5,91.60000000000001,1327,185.3,75.4,15.39,16.078,10.48,4.195,66.0,67.8,63.0,1452,1,41.1,0.26
6837,309,3.725,43.83,1,89.0,91.4,1323,185.3,75.3,15.28,16.141,10.488,4.195,66.0,67.9,63.0,1452,1,41.2,0.25
6838,309,3.725,43.84,1,88.9,91.4,1319,185.2,75.3,15.26,16.203,10.5,4.195,66.0,67.9,63.0,1452,1,41.3,0.25
6839,309,3.725,43.83,1,88.8,91.4,1316,185.2,75.5,15.23,16.258,10.508,4.195,66.0,68.0,63.0,1452,1,41.4,0.25
6840,309,3.7,43.72,1,88.8,91.4,1314,185.2,75.3,15.26,16.32,10.52,4.195,66.0,68.1,63.0,1453,1,41.5,0.26
6841,309,3.7,43.78,1,88.8,91.4,1314,185.3,75.2,15.24,16.383,10.527,4.195,67.0,68.1,63.0,1453,1,41.5,0.26
6842,309,3.7,43.84,1,88.8,91.4,1312,185.3,75.4,15.22,16.445,10.535,4.195,67.0,68.2,63.0,1453,1,41.6,0.26
6843,309,3.7,43.97,1,88.8,91.4,1311,185.3,75.2,15.27,16.508,10.547,4.195,67.0,68.2,63.0,1453,1,41.7,0.26
6844,309,3.675,43.78,1,88.8,91.4,1311,185.4,75.3,15.3,16.562,10.555,4.195,67.0,68.3,63.0,1453,1,41.8,0.27
6845,309,3.675,43.73,1,88.7,91.4,1311,185.5,75.3,15.27,16.617,10.566,4.195,67.0,68.4,63.0,1453,1,41.9,0.26
6846,308,3.675,43.88,1,88.8,91.4,1312,185.5,75.3,15.3,16.672,10.574,4.195,67.0,68.4,63.0,1453,1,41.9,0.26
6847,308,3.675,43.88,1,88.8,91.4,1312,185.6,75.5,15.28,16.727,10.586,4.195,67.0,68.5,63.0,1453,1,42.0,0.26
6848,308,3.65,43.78,1,88.7,91.4,1311,185.7,75.3,15.25,16.773,10.594,4.195,67.0,68.5,63.0,1453,1,42.1,0.25
6849,308,3.65,43.79,1,88.7,91.4,1311,185.7,75.3,15.25,16.828,10.605,4.195,67.0,68.6,63.0,1453,1,42.2,0.26
6850,308,3.65,43.85,1,88.7,91.4,1311,185.7,75.5,15.77,16.891,10.617,4.195,67.0,68.6,63.0,1453,1,42.2,0.27
6851,308,3.65,43.88,1,89.1,91.60000000000001,1312,185.7,75.7,16.16,16.938,10.625,4.195,67.0,68.7,63.0,1453,1,42.3,0.26
6852,308,3.625,43.89,1,89.4,91.7,1315,185.7,75.7,16.2,17.008,10.637,4.195,67.0,68.8,63.0,1453,1,42.4,0.27
6853,308,3.625,43.84,1,89.4,91.7,1316,185.7,75.8,16.17,17.062,10.645,4.195,67.0,68.8,63.0,1453,1,42.5,0.26
6854,308,3.625,43.81,1,89.4,91.7,1317,185.8,75.7,16.21,17.117,10.656,4.195,67.0,68.9,63.0,1454,1,42.6,0.26
6855,308,3.625,43.86,1,89.4,91.7,1317,185.7,75.8,16.23,17.164,10.668,4.195,67.0,68.9,63.0,1454,1,42.6,0.26
6856,307,3.6,43.81,1,89.4,91.7,1318,185.7,75.7,16.18,17.219,10.68,4.195,67.0,69.0,63.0,1454,1,42.7,0.27
6857,307,3.6,43.91,1,89.4,91.7,1318,185.7,75.7,16.17,17.266,10.691,4.195,67.0,69.1,63.0,1454,1,42.8,0.26
6858,307,3.6,43.81,1,89.4,91.7,1318,185.6,75.8,16.22,17.312,10.699,4.195,67.0,69.1,63.0,1454,1,42.9,0.26
6859,307,3.6,43.88,1,89.4,91.7,1318,185.6,75.7,16.16,17.359,10.711,4.195,67.0,69.2,63.0,1454,1,42.9,0.26
6860,307,3.575,43.82,1,89.4,91.7,1318,185.5,75.6,16.21,17.414,10.719,4.195,67.0,69.2,63.0,1454,1,43.0,0.26
6861,307,3.575,43.99,1,89.4,91.7,1318,185.5,75.6,16.17,17.461,10.727,4.195,67.0,69.3,63.0,1454,1,43.1,0.26
6862,307,3.575,43.94,1,89.4,91.7,1318,185.5,75.9,16.19,17.508,10.738,4.195,67.0,69.3,63.0,1454,1,43.2,0.26
6863,306,3.575,43.85,1,89.4,91.7,1318,185.4,75.7,16.18,17.555,10.746,4.195,67.0,69.4,63.0,1454,1,43.3,0.26
6864,306,3.575,43.78,1,89.4,91.7,1319,185.4,75.7,16.14,17.602,10.758,4.195,67.0,69.5,63.0,1454,1,43.3,0.26
6865,306,3.55,43.88,1,89.3,91.7,1319,185.4,75.7,16.18,17.648,10.766,4.195,67.0,69.5,63.0,1454,1,43.4,0.26
6866,306,3.55,43.79,1,89.3,91.7,1319,185.4,75.7,15.93,17.695,10.777,4.195,67.0,69.6,63.0,1454,1,43.5,0.24
6867,306,3.55,43.79,1,89.0,91.5,1318,185.4,75.6,15.17,17.742,10.785,4.195,67.0,69.6,63.0,1454,1,43.6,0.26
6868,306,3.55,43.86,1,88.6,91.4,1316,185.3,75.5,15.05,17.781,10.793,4.195,67.0,69.7,63.0,1455,1,43.7,0.25
6869,305,3.525,43.97,1,88.4,91.3,1312,185.5,75.3,15.0,17.828,10.801,4.195,67.0,69.8,63.0,1455,1,43.7,0.26
6870,305,3.525,43.94,1,88.4,91.3,1309,185.4,75.3,15.04,17.867,10.809,4.195,67.0,69.8,63.0,1455,1,43.8,0.25
6871,305,3.525,43.96,1,88.3,91.3,1307,185.5,75.3,14.98,17.914,10.816,4.195,67.0,69.9,63.0,1455,1,43.9,0.25
6872,305,3.525,43.85,1,88.3,91.3,1307,185.4,75.2,14.97,17.961,10.82,4.195,68.0,70.0,63.0,1455,1,44.0,0.24
6873,305,3.5,43.91,1,88.3,91.3,1307,185.5,75.2,15.02,18.0,10.828,4.195,68.0,70.0,63.0,1455,1,44.1,0.25
6874,305,3.5,43.85,1,88.4,91.3,1306,185.5,75.4,15.04,18.039,10.836,4.195,68.0,70.1,63.0,1455,1,44.1,0.26
6875,304,3.5,43.69,1,88.3,91.3,1306,185.6,75.2,15.1,18.078,10.844,4.195,68.0,70.2,63.0,1455,1,44.2,0.25
6876,304,3.5,43.86,1,88.5,91.5,1307,185.6,75.5,16.02,18.109,10.852,4.195,68.0,70.2,63.0,1455,1,44.3,0.24
6877,304,3.475,43.78,1,89.1,91.7,1309,185.6,75.7,16.54,18.156,10.859,4.195,69.0,70.3,63.0,1455,1,44.4,0.25
6878,304,3.475,43.84,1,89.5,91.9,1314,185.6,75.9,16.59,18.195,10.867,4.195,69.0,70.3,63.0,1455,1,44.5,0.25
6879,304,3.475,43.89,1,89.60000000000001,91.9,1317,185.7,76.0,16.56,18.242,10.875,4.195,69.0,70.4,63.0,1455,1,44.5,0.25
6880,304,3.475,43.87,1,89.5,91.9,1318,185.7,75.8,16.53,18.281,10.883,4.195,69.0,70.5,64.0,1455,1,44.6,0.25
6881,304,3.45,43.91,1,89.5,91.8,1320,185.7,76.0,16.53,18.32,10.895,4.195,69.0,70.5,64.0,1456,1,44.7,0.27
6882,304,3.45,43.82,1,89.5,91.8,1321,185.6,75.9,16.53,18.352,10.902,4.195,69.0,70.6,64.0,1456,1,44.8,0.27
6883,304,3.45,43.87,1,89.5,91.8,1321,185.5,75.9,16.49,18.391,10.914,4.195,69.0,70.7,64.0,1456,1,44.8,0.26
6884,304,3.45,43.87,1,89.5,91.9,1321,185.5,75.9,16.71,18.43,10.922,4.195,69.0,70.7,64.0,1456,1,44.9,0.26
6885,304,3.425,43.93,1,89.7,92.0,1322,185.4,75.8,17.02,18.477,10.934,4.195,69.0,70.8,64.0,1456,1,45.0,0.26
6886,304,3.425,44.05,1,89.9,92.0,1323,185.2,75.9,17.03,18.508,10.941,4.195,69.0,70.9,64.0,1456,1,45.1,0.26
6887,304,3.425,43.96,1,89.9,92.0,1324,185.0,76.0,17.01,18.555,10.953,4.195,69.0,70.9,64.0,1456,1,45.2,0.26
6888,304,3.425,43.95,1,89.9,92.0,1326,184.9,76.1,17.06,18.602,10.961,4.195,69.0,71.0,64.0,1456,1,45.2,0.25
6889,304,3.4,43.98,1,89.9,92.0,1326,184.9,76.1,17.05,18.633,10.969,4.195,70.0,71.0,64.0,1456,1,45.3,0.26
6890,304,3.4,43.97,1,89.9,92.0,1327,184.9,76.0,17.01,18.68,10.98,4.195,69.0,71.1,64.0,1456,1,45.4,0.26
6891,304,3.4,43.92,1,89.8,92.0,1328,184.8,76.3,16.97,18.727,10.988,4.195,69.0,71.2,64.0,1456,1,45.5,0.26
6892,304,3.4,43.96,1,89.8,92.0,1329,184.8,75.8,17.02,18.773,10.992,4.195,70.0,71.2,64.0,1456,1,45.6,0.27
6893,304,3.375,43.95,1,89.9,92.0,1328,184.7,76.1,17.04,18.82,11.004,4.195,70.0,71.3,64.0,1456,1,45.6,0.26
6894,304,3.375,43.85,1,89.8,92.0,1328,184.7,76.1,17.02,18.867,11.012,4.196,70.0,71.3,64.0,1457,1,45.7,0.26
6895,304,3.375,43.95,1,89.9,92.0,1328,184.6,76.0,16.98,18.914,11.023,4.195,70.0,71.4,64.0,1457,1,45.8,0.26
6896,304,3.375,43.98,1,89.8,92.0,1328,184.7,75.9,17.03,18.961,11.031,4.195,70.0,71.5,64.0,1457,1,45.9,0.25
6897,304,3.35,44.02,1,89.8,92.0,1328,184.6,76.0,16.98,19.008,11.039,4.195,70.0,71.5,64.0,1457,1,46.0,0.25
6898,304,3.35,44.02,1,89.8,92.0,1328,184.5,76.0,17.06,19.047,11.051,4.195,70.0,71.6,64.0,1457,1,46.0,0.25
6899,304,3.35,43.98,1,89.8,92.0,1328,184.5,76.0,17.04,19.094,11.059,4.195,70.0,71.7,64.0,1457,1,46.1,0.26
6900,304,3.35,43.98,1,89.8,92.0,1328,184.4,76.0,16.99,19.148,11.07,4.195,70.0,71.7,64.0,1457,1,46.2,0.25
6901,304,3.325,44.02,1,89.8,92.0,1328,184.3,76.0,17.07,19.188,11.078,4.195,70.0,71.8,64.0,1457,1,46.3,0.25
6902,304,3.325,43.9,1,89.8,92.0,1329,184.3,76.0,17.02,19.242,11.09,4.195,70.0,71.9,64.0,1457,1,46.4,0.24
6903,304,3.325,44.0,1,89.8,92.10000000000001,1330,184.2,76.0,17.05,19.281,11.098,4.195,70.0,71.9,64.0,1457,1,46.4,0.25
6904,304,3.325,43.96,1,89.8,92.0,1330,184.1,75.9,16.99,19.328,11.105,4.195,71.0,72.0,64.0,1457,1,46.5,0.26
6905,304,3.3,43.9,1,89.7,92.0,1329,184.1,75.9,17.04,19.375,11.117,4.195,71.0,72.1,64.0,1457,1,46.6,0.26
6906,304,3.3,43.97,1,89.7,92.0,1329,184.0,75.9,17.06,19.414,11.125,4.195,71.0,72.1,64.0,1458,1,46.7,0.26
6907,304,3.3,43.86,1,89.8,92.0,1329,184.1,76.0,16.98,19.453,11.137,4.195,71.0,72.2,64.0,1458,1,46.7,0.25
6908,304,3.3,43.97,1,89.7,92.0,1328,184.1,76.0,16.99,19.484,11.145,4.195,71.0,72.3,64.0,1458,1,46.8,0.26
6909,304,3.275,43.89,1,89.7,92.0,1327,184.1,75.8,16.98,19.523,11.156,4.195,71.0,72.3,64.0,1458,1,46.9,0.25
6910,304,3.275,43.98,1,89.7,92.0,1327,184.1,75.8,16.97,19.562,11.164,4.195,71.0,72.4,64.0,1458,1,47.0,0.24
6911,304,3.275,43.94,1,89.7,92.0,1326,184.0,75.9,16.49,19.586,11.172,4.195,71.0,72.5,64.0,1458,1,47.1,0.24
6912,304,3.275,43.94,1,89.3,91.8,1324,184.0,76.0,16.03,19.617,11.184,4.195,71.0,72.5,64.0,1458,1,47.1,0.25
6913,304,3.25,43.99,1,89.0,91.7,1321,184.1,75.7,16.11,19.648,11.188,4.196,71.0,72.6,64.0,1458,1,47.2,0.24
6914,304,3.25,43.93,1,89.0,91.7,1319,184.2,75.7,16.1,19.664,11.199,4.195,71.0,72.6,64.0,1458,1,47.3,0.25
6915,304,3.25,44.01,1,89.0,91.7,1319,184.2,75.7,16.13,19.688,11.207,4.195,71.0,72.7,64.0,1458,1,47.4,0.24
6916,304,3.25,43.97,1,89.0,91.7,1318,184.1,75.6,16.09,19.711,11.215,4.195,71.0,72.8,64.0,1458,1,47.5,0.25
6917,303,3.225,44.04,1,89.0,91.7,1317,184.1,75.7,16.12,19.734,11.227,4.195,71.0,72.8,64.0,1458,1,47.5,0.25
6918,303,3.225,43.84,1,89.0,91.7,1316,184.2,75.9,16.11,19.766,11.234,4.195,71.0,72.9,64.0,1459,1,47.6,0.25
6919,303,3.225,44.0,1,88.9,91.7,1316,184.1,75.8,16.1,19.805,11.246,4.195,71.0,72.9,64.0,1459,1,47.7,0.25
6920,303,3.225,43.93,1,89.0,91.7,1316,184.1,75.7,16.14,19.836,11.254,4.195,71.0,73.0,64.0,1459,1,47.8,0.25
6921,303,3.2,43.96,1,89.0,91.7,1316,184.1,75.7,16.1,19.867,11.262,4.195,71.0,73.1,64.0,1459,1,47.9,0.25
6922,303,3.2,44.0,1,89.0,91.7,1316,184.2,75.8,16.13,19.914,11.27,4.196,72.0,73.1,64.0,1459,1,48.0,0.25
6923,303,3.2,44.0,1,89.0,91.7,1316,184.3,75.7,16.15,19.953,11.281,4.196,72.0,73.2,64.0,1459,1,48.0,0.25
6924,303,3.2,43.92,1,89.0,91.8,1317,184.3,75.7,16.12,19.992,11.289,4.196,72.0,73.2,64.0,1459,1,48.1,0.25
6925,303,3.175,44.04,1,89.0,91.8,1317,184.3,75.8,16.18,20.039,11.301,4.195,72.0,73.3,64.0,1459,1,48.2,0.25
6926,303,3.175,43.95,1,88.9,91.8,1317,184.4,75.7,15.97,20.086,11.309,4.195,72.0,73.3,64.0,1459,1,48.3,0.25
6927,303,3.175,43.99,1,88.9,91.8,1317,184.4,75.7,15.92,20.133,11.316,4.195,72.0,73.4,64.0,1459,1,48.4,0.25
6928,303,3.175,44.01,1,88.7,91.7,1317,184.5,75.7,15.71,20.18,11.328,4.196,72.0,73.4,64.0,1459,1,48.4,0.25
6929,303,3.15,43.99,1,88.6,91.60000000000001,1316,184.4,75.7,15.31,20.234,11.34,4.195,72.0,73.5,64.0,1459,1,48.5,0.26
6930,303,3.15,44.02,1,88.2,91.4,1314,184.5,75.4,14.93,20.281,11.348,4.195,72.0,73.6,64.0,1460,1,48.6,0.25
6931,302,3.15,43.99,1,88.0,91.4,1311,184.5,75.5,14.94,20.336,11.355,4.195,72.0,73.6,64.0,1460,1,48.7,0.25
6932,302,3.15,43.74,1,88.0,91.4,1308,184.6,75.5,14.91,20.391,11.363,4.195,72.0,73.7,64.0,1460,1,48.8,0.25
6933,302,3.125,43.99,1,87.9,91.4,1306,184.6,75.5,14.92,20.445,11.371,4.196,72.0,73.7,64.0,1460,1,48.8,0.25
6934,302,3.125,43.83,1,88.0,91.4,1306,184.7,75.4,14.97,20.5,11.383,4.195,72.0,73.8,64.0,1460,1,48.9,0.25
6935,302,3.125,43.78,1,87.9,91.4,1306,184.8,75.1,14.92,20.562,11.391,4.195,72.0,73.8,64.0,1460,1,49.0,0.25
6936,302,3.125,43.93,1,87.9,91.4,1305,184.7,75.2,14.95,20.625,11.398,4.195,72.0,73.9,64.0,1460,1,49.1,0.25
6937,302,3.1,43.88,1,87.9,91.4,1305,184.8,75.2,14.91,20.68,11.41,4.195,72.0,73.9,64.0,1460,1,49.2,0.25
6938,301,3.1,43.88,1,87.9,91.4,1304,184.9,75.3,14.86,20.742,11.422,4.195,72.0,74.0,64.0,1460,1,49.2,0.25
6939,301,3.1,43.88,1,87.8,91.4,1304,184.9,75.3,14.94,20.805,11.43,4.195,72.0,74.1,64.0,1460,1,49.3,0.25
6940,301,3.1,44.14,1,87.8,91.4,1304,185.1,75.4,14.94,20.859,11.438,4.195,72.0,74.1,64.0,1460,1,49.4,0.25
6941,301,3.075,43.7,1,87.8,91.4,1304,185.1,75.3,14.93,20.922,11.445,4.195,73.0,74.2,64.0,1461,1,49.5,0.24
6942,301,3.075,43.86,1,87.8,91.4,1304,185.1,75.3,14.94,20.984,11.453,4.195,73.0,74.3,64.0,1461,1,49.5,0.25
6943,301,3.075,44.13,1,87.8,91.4,1304,185.2,75.4,14.93,21.047,11.461,4.196,73.0,74.3,64.0,1461,1,49.7,0.25
6944,301,3.075,44.04,1,87.8,91.4,1304,185.2,75.5,14.95,21.109,11.473,4.196,73.0,74.4,64.0,1461,1,49.7,0.25
6945,300,3.05,43.88,1,87.8,91.4,1304,185.2,75.5,14.91,21.164,11.48,4.195,73.0,74.5,64.0,1461,1,49.8,0.25
6946,300,3.05,43.86,1,87.8,91.4,1304,185.1,75.4,14.87,21.234,11.488,4.195,73.0,74.5,64.0,1461,1,49.9,0.25
6947,300,3.05,43.96,1,87.7,91.4,1305,185.1,75.3,14.92,21.289,11.5,4.195,73.0,74.6,64.0,1461,1,50.0,0.24
6948,300,3.025,43.94,1,87.7,91.4,1305,185.1,75.4,14.96,21.359,11.508,4.195,73.0,74.6,64.0,1461,1,50.0,0.25
6949,300,3.025,44.01,1,87.7,91.4,1306,185.2,75.2,14.93,21.422,11.52,4.196,73.0,74.7,64.0,1461,1,50.1,0.25
6950,300,3.025,43.93,1,87.7,91.4,1307,185.3,75.2,14.89,21.484,11.527,4.196,73.0,74.8,64.0,1461,1,50.2,0.26
6951,300,3.025,44.15,1,87.7,91.4,1307,185.1,75.4,14.92,21.539,11.539,4.196,73.0,74.9,64.0,1461,1,50.3,0.25
6952,300,3.0,43.99,1,87.7,91.5,1307,185.2,75.4,14.91,21.594,11.547,4.195,74.0,74.9,64.0,1461,1,50.3,0.25
6953,299,3.0,43.79,1,87.7,91.4,1307,185.2,75.5,14.92,21.648,11.559,4.196,74.0,75.0,64.0,1462,1,50.4,0.24
6954,299,3.0,43.97,1,87.6,91.4,1307,185.2,75.4,14.99,21.695,11.566,4.195,74.0,75.0,64.0,1462,1,50.5,0.24
6955,299,3.0,44.01,1,87.6,91.4,1307,185.2,75.5,14.54,21.727,11.574,4.196,74.0,75.1,64.0,1462,1,50.6,0.25
6956,299,2.975,43.8,1,87.3,91.3,1307,185.2,75.3,14.47,21.766,11.582,4.196,74.0,75.2,64.0,1462,1,50.7,0.24
6957,299,2.975,43.86,1,87.3,91.3,1306,185.2,75.2,14.43,21.805,11.59,4.195,74.0,75.3,64.0,1462,1,50.8,0.24
6958,299,2.975,44.06,1,87.3,91.3,1304,185.3,75.2,14.45,21.844,11.602,4.196,74.0,75.3,64.0,1462,1,50.8,0.25
6959,299,2.975,43.91,1,87.3,91.3,1303,185.3,75.3,14.45,21.875,11.609,4.195,74.0,75.4,64.0,1462,1,50.9,0.25
6960,299,2.95,44.02,1,87.3,91.3,1302,185.4,75.3,14.5,21.906,11.621,4.196,74.0,75.5,64.0,1462,1,51.0,0.25
6961,298,2.95,44.05,1,87.2,91.2,1302,185.4,75.3,14.45,21.938,11.629,4.196,74.0,75.5,64.0,1462,1,51.1,0.25
6962,298,2.95,43.9,1,87.3,91.3,1302,185.4,75.4,14.47,21.961,11.633,4.195,75.0,75.6,64.0,1462,1,51.2,0.24
6963,298,2.925,43.78,1,87.3,91.3,1302,185.4,75.5,14.45,21.992,11.645,4.196,75.0,75.7,64.0,1462,1,51.3,0.25
6964,298,2.925,43.74,1,87.2,91.3,1302,185.4,75.4,14.44,22.023,11.652,4.196,74.0,75.8,64.0,1463,1,51.3,0.25
6965,298,2.925,43.87,1,87.3,91.3,1302,185.4,75.3,14.44,22.047,11.66,4.195,75.0,75.8,64.0,1463,1,51.4,0.24
6966,298,2.925,43.72,1,87.3,91.3,1302,185.3,75.4,14.82,22.078,11.672,4.196,76.0,75.9,65.0,1463,1,51.5,0.26
6967,298,2.9,44.22,1,87.6,91.4,1303,185.2,75.4,15.13,22.102,11.68,4.196,76.0,75.9,65.0,1463,1,51.5,0.25
6968,298,2.9,44.24,1,87.8,91.5,1305,185.2,75.5,15.12,22.133,11.691,4.196,76.0,76.0,65.0,1463,1,51.6,0.25
6969,298,2.9,43.87,1,87.8,91.5,1307,185.2,75.6,15.11,22.156,11.703,4.196,76.0,76.1,65.0,1463,1,51.7,0.25
6970,298,2.9,44.07,1,87.8,91.5,1308,185.3,75.7,15.1,22.188,11.715,4.195,76.0,76.1,65.0,1463,1,51.8,0.25
6971,298,2.875,44.13,1,87.8,91.5,1309,185.2,75.4,15.13,22.219,11.727,4.196,76.0,76.2,65.0,1463,1,51.9,0.25
6972,298,2.875,44.12,1,87.8,91.5,1310,185.3,75.6,15.14,22.25,11.738,4.195,76.0,76.3,65.0,1463,1,51.9,0.25
6973,298,2.875,43.93,1,87.8,91.5,1309,185.2,75.6,15.15,22.281,11.75,4.196,76.0,76.3,65.0,1463,1,52.0,0.24
6974,298,2.875,44.02,1,87.8,91.5,1309,185.2,75.5,15.12,22.305,11.762,4.195,76.0,76.4,65.0,1464,1,52.1,0.25
6975,298,2.85,43.99,1,87.7,91.5,1308,185.2,75.6,14.57,22.336,11.773,4.196,76.0,76.5,65.0,1464,1,52.2,0.24
6976,297,2.85,43.9,1,87.2,91.2,1307,185.3,75.3,13.82,22.367,11.781,4.196,76.0,76.5,65.0,1464,1,52.3,0.24
6977,297,2.85,44.18,1,86.7,91.10000000000001,1304,185.1,75.2,13.72,22.398,11.793,4.196,76.0,76.6,65.0,1464,1,52.3,0.24
6978,297,2.85,44.13,1,86.6,91.0,1300,185.0,75.4,13.64,22.43,11.805,4.195,76.0,76.6,65.0,1464,1,52.4,0.24
6979,297,2.825,44.11,1,86.5,91.0,1298,185.0,75.2,13.64,22.461,11.812,4.196,76.0,76.7,65.0,1464,1,52.5,0.25
6980,297,2.825,43.98,1,86.5,91.0,1297,185.1,75.2,13.18,22.484,11.824,4.196,76.0,76.8,65.0,1464,1,52.6,0.24
6981,296,2.825,43.56,1,86.2,90.8,1295,185.1,75.0,12.97,22.516,11.832,4.195,76.0,76.8,65.0,1464,1,52.7,0.25
6982,296,2.8,43.77,1,86.0,90.8,1292,185.2,75.0,13.02,22.547,11.84,4.196,76.0,76.9,65.0,1464,1,52.8,0.25
6983,296,2.8,44.04,1,86.0,90.8,1291,185.2,75.0,13.04,22.586,11.848,4.196,76.0,76.9,65.0,1464,1,52.8,0.25
6984,296,2.8,44.02,1,86.0,90.8,1290,185.2,74.9,13.01,22.617,11.855,4.196,76.0,77.0,65.0,1464,1,52.9,0.24
6985,295,2.8,43.9,1,86.0,90.8,1290,185.3,75.0,13.04,22.641,11.863,4.196,76.0,77.0,65.0,1465,1,53.0,0.24
6986,295,2.775,44.04,1,86.0,90.8,1289,185.4,75.0,13.02,22.672,11.871,4.196,76.0,77.1,65.0,1465,1,53.1,0.24
6987,295,2.775,43.78,1,86.0,90.8,1288,185.4,75.1,12.92,22.719,11.879,4.196,76.0,77.1,65.0,1465,1,53.1,0.24
6988,295,2.775,43.94,1,86.0,90.8,1288,185.4,75.0,12.93,22.75,11.887,4.196,76.0,77.2,65.0,1465,1,53.2,0.24
6989,295,2.75,43.85,1,85.9,90.8,1288,185.5,75.0,12.96,22.789,11.898,4.196,76.0,77.3,65.0,1465,1,53.3,0.24
6990,294,2.75,43.81,1,85.9,90.8,1288,185.5,74.9,12.99,22.828,11.91,4.196,76.0,77.3,65.0,1465,1,53.4,0.24
6991,294,2.75,44.0,1,86.0,90.8,1288,185.5,74.9,12.97,22.859,11.918,4.195,76.0,77.4,65.0,1465,1,53.5,0.24
6992,294,2.75,44.01,1,85.9,90.8,1288,185.5,75.0,12.92,22.898,11.93,4.196,76.0,77.4,65.0,1465,1,53.6,0.25
6993,294,2.725,43.76,1,85.9,90.8,1287,185.5,75.1,13.02,22.93,11.938,4.196,76.0,77.5,65.0,1465,1,53.6,0.24
6994,293,2.725,43.84,1,86.0,90.8,1288,185.5,75.0,13.02,22.961,11.945,4.196,76.0,77.5,65.0,1465,1,53.7,0.24
6995,293,2.725,43.98,1,86.0,90.8,1288,185.6,75.0,13.04,22.992,11.957,4.196,76.0,77.6,65.0,1465,1,53.8,0.24
6996,293,2.725,43.9,1,85.9,90.8,1288,185.6,74.8,13.04,23.016,11.965,4.196,76.0,77.6,65.0,1466,1,53.9,0.24
6997,293,2.7,43.8,1,85.9,90.8,1288,185.7,75.1,13.02,23.047,11.977,4.196,76.0,77.7,65.0,1466,1,54.0,0.24
6998,293,2.7,43.98,1,85.9,90.8,1288,185.7,74.8,12.99,23.07,11.984,4.196,76.0,77.7,65.0,1466,1,54.1,0.24
6999,292,2.7,43.88,1,85.9,90.8,1289,185.7,74.9,13.03,23.094,11.992,4.196,76.0,77.8,65.0,1466,1,54.1,0.24
7000,292,2.675,43.83,1,85.9,90.8,1289,185.7,75.0,13.01,23.125,12.0,4.196,76.0,77.8,65.0,1466,1,54.2,0.24
7001,292,2.675,43.81,1,85.9,90.8,1288,185.7,75.0,12.98,23.133,12.008,4.196,76.0,77.9,65.0,1466,1,54.3,0.24
7002,292,2.675,44.06,1,85.9,90.8,1288,185.7,75.1,13.04,23.156,12.016,4.196,77.0,77.9,65.0,1466,1,54.4,0.24
7003,292,2.675,43.86,1,86.0,90.9,1287,185.7,75.0,13.59,23.164,12.023,4.196,76.0,78.0,65.0,1466,1,54.4,0.25
7004,292,2.65,43.91,1,86.6,91.2,1289,185.8,75.2,14.44,23.188,12.027,4.196,76.0,78.0,65.0,1466,1,54.5,0.25
7005,292,2.65,44.21,1,87.1,91.3,1294,185.7,75.4,14.58,23.211,12.039,4.196,77.0,78.1,65.0,1466,1,54.6,0.25
7006,292,2.65,43.96,1,87.2,91.4,1298,185.7,75.7,14.59,23.234,12.047,4.196,77.0,78.1,65.0,1466,1,54.7,0.24
7007,292,2.625,44.09,1,87.3,91.4,1300,185.6,75.5,14.62,23.258,12.055,4.196,76.0,78.2,65.0,1467,1,54.8,0.25
7008,292,2.625,44.05,1,87.2,91.4,1302,185.5,75.5,14.6,23.266,12.066,4.196,77.0,78.2,65.0,1467,1,54.8,0.25
7009,292,2.625,44.28,1,87.2,91.4,1302,185.5,75.5,14.59,23.289,12.078,4.196,77.0,78.3,65.0,1467,1,54.9,0.25
7010,292,2.625,43.99,1,87.2,91.4,1303,185.4,75.5,14.55,23.32,12.09,4.196,77.0,78.3,65.0,1467,1,55.0,0.25
7011,292,2.6,44.13,1,87.2,91.4,1304,185.3,75.5,14.59,23.336,12.102,4.196,77.0,78.4,65.0,1467,1,55.1,0.25
7012,292,2.6,44.02,1,87.2,91.4,1305,185.3,75.6,14.56,23.359,12.113,4.196,77.0,78.4,65.0,1467,1,55.2,0.25
7013,292,2.6,44.26,1,87.2,91.4,1305,185.2,75.7,14.61,23.383,12.125,4.196,77.0,78.5,65.0,1467,1,55.2,0.24
7014,292,2.6,44.13,1,87.2,91.4,1305,185.2,75.7,14.61,23.406,12.133,4.196,77.0,78.5,65.0,1467,1,55.3,0.24
7015,292,2.575,44.25,1,87.2,91.4,1304,185.1,75.7,14.64,23.414,12.145,4.196,77.0,78.6,65.0,1467,1,55.4,0.24
7016,292,2.575,44.28,1,87.3,91.4,1303,185.0,75.5,14.62,23.422,12.152,4.196,77.0,78.6,65.0,1467,1,55.5,0.24
7017,292,2.575,44.09,1,87.2,91.3,1303,184.9,75.3,14.58,23.43,12.16,4.196,77.0,78.7,65.0,1468,1,55.6,0.24
7018,292,2.55,44.16,1,87.2,91.3,1303,184.8,75.5,14.61,23.422,12.168,4.196,77.0,78.7,65.0,1468,1,55.6,0.24
7019,292,2.55,43.96,1,87.3,91.3,1302,184.8,75.6,14.57,23.414,12.176,4.196,77.0,78.8,65.0,1468,1,55.7,0.25
7020,292,2.55,44.25,1,87.2,91.3,1303,184.8,75.6,14.6,23.398,12.188,4.196,77.0,78.8,65.0,1468,1,55.8,0.24
7021,292,2.55,43.98,1,87.3,91.3,1302,184.7,75.5,14.6,23.383,12.195,4.196,77.0,78.9,65.0,1468,1,55.9,0.25
7022,292,2.525,44.17,1,87.3,91.3,1301,184.6,75.7,14.61,23.352,12.203,4.196,77.0,78.9,65.0,1468,1,55.9,0.25
7023,292,2.525,44.05,1,87.3,91.4,1301,184.7,75.8,14.59,23.336,12.215,4.196,77.0,78.9,65.0,1468,1,56.0,0.23
7024,292,2.525,44.05,1,87.3,91.3,1301,184.6,75.8,14.61,23.312,12.227,4.196,77.0,79.0,65.0,1468,1,56.1,0.24
7025,292,2.5,43.93,1,87.3,91.3,1300,184.5,75.9,14.58,23.297,12.238,4.196,77.0,79.0,65.0,1468,1,56.2,0.25
7026,292,2.5,44.14,1,87.3,91.3,1300,184.5,75.8,14.59,23.281,12.25,4.196,77.0,79.0,65.0,1468,1,56.2,0.24
7027,292,2.5,44.11,1,87.3,91.4,1301,184.4,75.6,14.55,23.273,12.262,4.196,77.0,79.1,65.0,1469,1,56.3,0.25
7028,292,2.5,44.1,1,87.3,91.4,1302,184.4,75.9,14.61,23.281,12.273,4.196,77.0,79.1,65.0,1469,1,56.4,0.25
7029,292,2.5,44.27,1,87.3,91.4,1302,184.3,75.8,14.56,23.281,12.285,4.196,78.0,79.2,65.0,1469,1,56.5,0.25
7030,292,2.5,44.17,1,87.3,91.4,1302,184.2,75.7,14.61,23.297,12.297,4.196,77.0,79.2,65.0,1469,1,56.6,0.25
7031,292,2.475,44.01,1,87.3,91.4,1302,184.1,75.7,14.61,23.32,12.309,4.196,77.0,79.2,65.0,1469,1,56.6,0.25
7032,292,2.475,44.09,1,87.4,91.4,1302,184.0,75.6,14.22,23.344,12.324,4.196,77.0,79.2,65.0,1469,1,56.7,0.25
7033,292,2.475,43.94,1,86.9,91.2,1301,184.0,75.7,13.31,23.375,12.332,4.196,77.0,79.3,65.0,1469,1,56.8,0.24
7034,292,2.475,44.0,1,86.2,90.9,1298,184.0,75.2,12.67,23.398,12.344,4.196,77.0,79.3,65.0,1469,1,56.9,0.24
7035,292,2.475,44.12,1,85.8,90.8,1293,184.0,75.2,12.68,23.438,12.355,4.196,77.0,79.3,65.0,1469,1,56.9,0.25
7036,291,2.45,44.22,1,85.7,90.7,1289,184.1,75.0,12.63,23.484,12.363,4.196,78.0,79.4,65.0,1469,1,57.0,0.25
7037,291,2.45,44.14,1,85.7,90.8,1287,184.1,75.1,12.64,23.523,12.375,4.196,78.0,79.4,65.0,1470,1,57.1,0.24
7038,291,2.45,43.9,1,85.5,90.60000000000001,1285,184.1,74.9,11.82,23.578,12.387,4.196,78.0,79.4,65.0,1470,1,57.1,0.24
7039,291,2.45,43.95,1,84.89999999999999,90.4,1281,184.1,75.1,11.62,23.625,12.395,4.196,78.0,79.5,65.0,1470,1,57.3,0.24
7040,291,2.45,43.69,1,84.7,90.4,1278,184.2,74.8,11.61,23.68,12.406,4.196,78.0,79.5,65.0,1470,1,57.3,0.25
7041,290,2.425,43.8,1,84.6,90.4,1276,184.3,74.7,11.59,23.727,12.418,4.196,78.0,79.5,65.0,1470,1,57.4,0.25
7042,290,2.425,43.9,1,84.6,90.4,1273,184.3,74.9,11.53,23.773,12.426,4.196,78.0,79.6,65.0,1470,1,57.5,0.24
7043,290,2.425,43.82,1,84.6,90.4,1272,184.5,74.9,11.58,23.828,12.438,4.196,78.0,79.6,65.0,1470,1,57.5,0.23
7044,289,2.425,43.95,1,84.5,90.3,1271,184.6,74.6,11.1,23.875,12.445,4.196,78.0,79.6,65.0,1470,1,57.6,0.24
7045,289,2.425,43.84,1,84.2,90.2,1269,184.6,74.7,11.03,23.922,12.457,4.196,78.0,79.7,65.0,1470,1,57.7,0.2
7046,289,2.4,43.94,1,84.1,90.2,1267,184.6,74.4,11.08,23.969,12.465,4.196,78.0,79.7,65.0,1470,1,57.8,0.2
7047,288,2.4,43.87,1,84.0,90.10000000000001,1265,184.7,74.5,11.05,24.016,12.477,4.196,78.0,79.8,66.0,1471,1,57.9,0.22
7048,288,2.4,43.49,1,84.1,90.2,1264,184.9,74.6,10.91,24.055,12.484,4.196,78.0,79.8,66.0,1471,1,57.9,0.22
7049,288,2.4,43.79,1,83.8,90.0,1263,185.0,74.6,10.66,24.094,12.492,4.196,78.0,79.8,66.0,1471,1,58.0,0.21
7050,287,2.4,43.57,1,83.7,90.0,1261,185.1,74.5,10.72,24.125,12.504,4.196,78.0,79.9,66.0,1471,1,58.1,0.22
7051,287,2.4,43.47,1,83.7,90.0,1260,185.3,74.5,10.71,24.156,12.508,4.196,78.0,79.9,66.0,1471,1,58.1,0.21
7052,287,2.375,43.79,1,83.7,90.0,1259,185.3,74.5,10.67,24.172,12.516,4.196,78.0,79.9,66.0,1471,1,58.2,0.21
7053,286,2.375,43.64,1,83.7,90.0,1258,185.4,74.5,10.77,24.188,12.52,4.196,78.0,80.0,66.0,1471,1,58.3,0.19
7054,286,2.375,43.95,1,83.89999999999999,90.10000000000001,1258,185.5,74.5,11.51,24.195,12.527,4.196,78.0,80.0,66.0,1471,1,58.4,0.22
7055,286,2.375,43.89,1,84.7,90.5,1260,185.6,74.7,12.57,24.203,12.535,4.196,78.0,80.0,66.0,1471,1,58.5,0.18
7056,285,2.375,44.08,1,85.6,90.8,1265,185.6,74.9,13.03,24.195,12.539,4.196,79.0,80.1,66.0,1471,1,58.5,0.18
7057,285,2.35,43.89,1,85.9,90.8,1271,185.6,75.3,13.01,24.188,12.547,4.196,79.0,80.1,66.0,1472,1,58.6,0.2
7058,285,2.35,44.17,1,86.0,90.9,1275,185.6,75.3,12.99,24.172,12.555,4.196,79.0,80.1,66.0,1472,1,58.7,0.17
7059,285,2.35,43.83,1,85.9,90.8,1277,185.5,75.3,13.01,24.148,12.562,4.196,79.0,80.2,66.0,1472,1,58.8,0.16
7060,285,2.35,43.79,1,86.0,90.9,1278,185.5,75.5,13.26,24.117,12.57,4.196,78.0,80.2,66.0,1472,1,58.8,0.14
7061,285,2.35,44.1,1,86.3,91.0,1281,185.5,75.5,13.59,24.078,12.578,4.196,79.0,80.2,66.0,1472,1,58.9,0.12
7062,285,2.325,43.89,1,86.5,91.0,1283,185.4,75.5,13.6,24.039,12.586,4.196,79.0,80.3,66.0,1472,1,59.0,0.1
7063,284,2.325,44.09,1,86.6,91.10000000000001,1285,185.4,75.7,14.29,24.0,12.59,4.196,79.0,80.3,66.0,1472,1,59.0,0.12
7064,284,2.325,44.3,1,87.1,91.3,1288,185.2,75.8,14.77,23.953,12.598,4.196,79.0,80.3,66.0,1472,1,59.1,0.07
7065,284,2.325,44.0,1,87.4,91.4,1292,185.0,76.0,14.79,23.906,12.602,4.196,79.0,80.4,66.0,1472,1,59.2,0.08
7066,285,2.325,44.24,1,87.5,91.5,1295,184.9,76.0,14.8,23.867,12.609,4.196,79.0,80.4,66.0,1472,1,59.3,0.08
7067,285,2.3,44.26,1,87.6,91.5,1297,184.7,75.7,15.39,23.828,12.617,4.196,79.0,80.4,66.0,1473,1,59.3,0.07
7068,285,2.3,44.36,1,88.1,91.7,1301,184.5,76.0,16.02,23.797,12.625,4.196,79.0,80.4,66.0,1473,1,59.4,0.07
7069,285,2.3,44.04,1,88.4,91.8,1305,184.4,76.3,15.9,23.773,12.633,4.196,79.0,80.4,66.0,1473,1,59.5,0.07
7070,285,2.3,44.31,1,88.4,91.8,1307,184.2,76.4,15.93,23.75,12.641,4.196,79.0,80.5,66.0,1473,1,59.5,0.07
7071,285,2.275,44.29,1,88.5,91.8,1309,184.0,76.3,15.92,23.734,12.652,4.196,79.0,80.4,66.0,1473,1,59.6,0.07
7072,285,2.275,44.24,1,88.5,91.9,1310,183.8,76.2,15.95,23.734,12.66,4.196,79.0,80.5,66.0,1473,1,59.7,0.07
7073,286,2.275,44.34,1,88.5,91.9,1311,183.7,76.2,15.93,23.742,12.672,4.196,79.0,80.5,66.0,1473,1,59.8,0.07
7074,286,2.275,44.22,1,88.5,91.9,1311,183.5,76.4,15.95,23.75,12.68,4.196,79.0,80.5,66.0,1473,1,59.8,0.08
7075,286,2.25,43.98,1,88.5,91.9,1312,183.3,76.3,15.94,23.766,12.691,4.196,79.0,80.5,66.0,1473,1,59.9,0.07
7076,286,2.25,44.12,1,88.5,91.9,1312,183.1,76.3,15.96,23.789,12.703,4.196,79.0,80.5,66.0,1474,1,60.0,0.07
7077,286,2.25,44.31,1,88.4,91.8,1312,182.9,76.1,15.95,23.812,12.711,4.196,79.0,80.5,66.0,1474,1,60.1,0.07
7078,286,2.25,44.17,1,88.4,91.8,1311,182.7,76.1,15.88,23.836,12.723,4.196,79.0,80.6,66.0,1474,1,60.1,0.06
7079,286,2.25,44.33,1,88.4,91.8,1312,182.6,76.2,15.74,23.875,12.734,4.196,79.0,80.6,66.0,1474,1,60.2,0.07
7080,287,2.225,44.32,1,88.0,91.60000000000001,1311,182.5,76.2,14.73,23.906,12.746,4.196,79.0,80.6,66.0,1474,1,60.3,0.07
7081,287,2.225,44.41,1,87.4,91.4,1308,182.4,75.9,14.44,23.938,12.754,4.196,79.0,80.6,66.0,1474,1,60.3,0.09
7082,287,2.225,44.44,1,87.1,91.4,1303,182.3,75.6,14.47,23.969,12.766,4.196,79.0,80.7,66.0,1474,1,60.4,0.07
7083,287,2.225,44.11,1,87.1,91.3,1301,182.3,75.8,14.43,24.0,12.773,4.196,79.0,80.7,66.0,1474,1,60.5,0.07
7084,287,2.2,44.26,1,87.1,91.3,1299,182.2,75.8,14.43,24.039,12.781,4.196,79.0,80.7,66.0,1474,1,60.5,0.07
7085,287,2.2,44.3,1,87.0,91.3,1298,182.2,75.7,14.39,24.07,12.793,4.196,79.0,80.8,66.0,1474,1,60.6,0.05
7086,287,2.2,44.33,1,87.1,91.4,1298,182.2,75.8,14.45,24.117,12.801,4.196,79.0,80.8,66.0,1475,1,60.6,0.05
7087,287,2.2,44.25,1,87.0,91.3,1297,182.1,75.6,14.47,24.156,12.809,4.196,79.0,80.8,66.0,1475,1,60.8,0.05
7088,287,2.175,44.14,1,87.1,91.4,1297,182.2,75.9,14.45,24.203,12.82,4.196,79.0,80.9,66.0,1475,1,60.8,0.06
7089,287,2.175,44.37,1,87.0,91.3,1296,182.3,75.8,14.47,24.242,12.828,4.196,79.0,80.9,66.0,1475,1,60.9,0.06
7090,287,2.175,44.32,1,87.0,91.3,1296,182.3,75.8,14.39,24.281,12.84,4.196,79.0,80.9,66.0,1475,1,60.9,0.06
7091,287,2.175,44.32,1,87.0,91.3,1296,182.3,75.8,14.48,24.328,12.852,4.196,79.0,81.0,66.0,1475,1,61.0,0.06
7092,287,2.15,44.14,1,87.0,91.3,1296,182.3,75.9,14.45,24.375,12.859,4.196,79.0,81.0,66.0,1475,1,61.1,0.05
7093,287,2.15,44.12,1,86.9,91.3,1296,182.3,75.7,14.45,24.414,12.871,4.196,79.0,81.0,66.0,1475,1,61.1,0.06
7094,287,2.15,44.28,1,86.9,91.3,1296,182.3,75.7,14.48,24.445,12.879,4.196,79.0,81.1,66.0,1475,1,61.2,0.04
7095,287,2.15,44.38,1,86.9,91.3,1295,182.3,75.6,14.44,24.492,12.887,4.196,79.0,81.1,66.0,1476,1,61.3,0.05
7096,287,2.125,44.26,1,86.8,91.3,1295,182.3,75.6,14.18,24.523,12.898,4.196,79.0,81.1,66.0,1476,1,61.4,0.05
7097,286,2.125,44.23,1,86.7,91.2,1294,182.2,75.7,14.1,24.57,12.906,4.196,79.0,81.2,66.0,1476,1,61.4,0.05
7098,286,2.125,44.25,1,86.6,91.2,1292,182.3,75.9,14.05,24.609,12.914,4.196,79.0,81.2,66.0,1476,1,61.5,0.05
7099,286,2.125,43.99,1,86.5,91.2,1291,182.2,75.7,13.77,24.648,12.926,4.196,79.0,81.3,66.0,1476,1,61.5,0.06
7100,286,2.1,43.93,1,86.3,91.10000000000001,1290,182.2,75.4,13.6,24.695,12.934,4.196,79.0,81.3,66.0,1476,1,61.6,0.06
7101,286,2.1,44.11,1,86.1,91.0,1288,182.3,75.5,13.55,24.742,12.941,4.196,79.0,81.3,66.0,1476,1,61.7,0.05
7102,286,2.1,44.35,1,86.1,91.0,1286,182.3,75.4,13.57,24.789,12.949,4.196,79.0,81.4,66.0,1476,1,61.8,0.05
7103,286,2.1,44.29,1,86.0,91.0,1286,182.3,75.4,13.52,24.844,12.957,4.196,79.0,81.4,66.0,1476,1,61.8,0.05
7104,286,2.075,44.31,1,86.1,91.0,1285,182.2,75.4,13.54,24.891,12.965,4.196,79.0,81.4,66.0,1476,1,61.9,0.05
7105,286,2.075,44.09,1,86.0,91.0,1285,182.3,75.5,13.57,24.953,12.977,4.196,79.0,81.5,66.0,1477,1,61.9,0.05
7106,286,2.075,44.2,1,86.0,91.0,1285,182.3,75.6,13.52,25.008,12.984,4.196,80.0,81.5,66.0,1477,1,62.0,0.05
7107,286,2.075,44.03,1,86.0,91.0,1285,182.3,75.6,13.32,25.062,12.992,4.196,80.0,81.5,66.0,1477,1,62.1,0.05
7108,285,2.05,44.01,1,85.6,90.8,1284,182.3,75.3,12.71,25.117,13.0,4.196,79.0,81.6,66.0,1477,1,62.2,0.04
7109,285,2.05,44.05,1,85.2,90.7,1281,182.5,75.2,12.62,25.172,13.012,4.196,80.0,81.6,66.0,1477,1,62.2,0.04
7110,285,2.05,44.18,1,85.2,90.7,1278,182.6,75.2,12.64,25.227,13.02,4.196,80.0,81.7,66.0,1477,1,62.3,0.04
7111,285,2.025,43.82,1,85.1,90.7,1276,182.6,75.1,12.63,25.273,13.031,4.196,80.0,81.7,66.0,1477,1,62.3,0.04
7112,285,2.025,44.07,1,85.1,90.7,1275,182.6,75.1,12.62,25.328,13.043,4.196,80.0,81.8,66.0,1477,1,62.4,0.04
7113,285,2.025,43.98,1,85.1,90.7,1275,182.6,75.0,12.64,25.383,13.051,4.196,80.0,81.8,66.0,1477,1,62.5,0.04
7114,285,2.025,43.82,1,85.1,90.7,1274,182.7,74.8,12.66,25.438,13.063,4.196,80.0,81.9,66.0,1478,1,62.5,0.03
7115,285,2.0,44.07,1,85.1,90.7,1274,182.7,75.1,12.3,25.492,13.07,4.196,80.0,81.9,66.0,1478,1,62.6,0.04
7116,284,2.0,43.93,1,84.7,90.5,1274,182.8,75.2,12.03,25.562,13.082,4.196,80.0,81.9,66.0,1478,1,62.7,0.04
7117,284,2.0,43.9,1,84.39999999999999,90.5,1272,182.8,74.9,12.05,25.633,13.094,4.196,80.0,82.0,66.0,1478,1,62.7,0.03
7118,284,1.975,43.85,1,84.39999999999999,90.4,1270,182.9,74.9,12.0,25.695,13.102,4.196,80.0,82.0,66.0,1478,1,62.8,0.03
7119,284,1.975,44.03,1,84.39999999999999,90.5,1268,182.9,74.7,12.02,25.766,13.109,4.196,80.0,82.1,66.0,1478,1,62.9,0.04
7120,284,1.975,44.01,1,84.39999999999999,90.5,1268,183.0,74.8,12.05,25.836,13.121,4.196,80.0,82.2,66.0,1478,1,62.9,0.04
7121,283,1.975,44.14,1,84.39999999999999,90.5,1268,183.0,75.0,12.0,25.906,13.133,4.196,80.0,82.2,67.0,1478,1,63.0,0.05
7122,283,1.95,44.0,1,84.3,90.4,1268,183.0,74.8,12.01,25.984,13.145,4.196,80.0,82.2,67.0,1478,1,63.1,0.04
7123,283,1.95,44.19,1,84.3,90.4,1267,183.0,74.7,12.05,26.047,13.152,4.196,81.0,82.3,67.0,1479,1,63.1,0.05
7124,283,1.95,43.74,1,84.2,90.4,1267,183.1,74.6,11.94,26.109,13.16,4.196,81.0,82.3,67.0,1479,1,63.2,0.04
7125,283,1.95,44.02,1,84.2,90.4,1267,183.2,74.7,11.66,26.172,13.172,4.196,80.0,82.4,67.0,1479,1,63.3,0.04
7126,282,1.925,43.9,1,83.89999999999999,90.2,1265,183.3,74.9,11.56,26.227,13.18,4.196,81.0,82.5,67.0,1479,1,63.3,0.05
7127,282,1.925,43.87,1,83.7,90.2,1263,183.3,74.7,11.48,26.289,13.188,4.196,81.0,82.5,67.0,1479,1,63.4,0.05
7128,282,1.925,43.72,1,83.7,90.2,1261,183.4,74.6,11.5,26.344,13.195,4.196,81.0,82.6,67.0,1479,1,63.4,0.05
7129,282,1.9,43.96,1,83.7,90.2,1260,183.4,74.7,11.54,26.398,13.203,4.196,81.0,82.6,67.0,1479,1,63.5,0.04
7130,281,1.9,43.86,1,83.7,90.2,1260,183.5,74.7,11.49,26.445,13.211,4.196,81.0,82.7,67.0,1479,1,63.6,0.05
7131,281,1.9,43.7,1,83.6,90.2,1260,183.5,74.7,11.43,26.5,13.223,4.196,81.0,82.7,67.0,1479,1,63.6,0.04
7132,281,1.9,43.87,1,83.5,90.2,1260,183.6,74.7,11.48,26.547,13.23,4.196,81.0,82.8,67.0,1480,1,63.7,0.04
7133,281,1.875,44.04,1,83.6,90.2,1260,183.7,74.5,11.51,26.602,13.238,4.196,81.0,82.9,67.0,1480,1,63.8,0.04
7134,280,1.875,43.97,1,83.6,90.2,1259,183.8,74.6,11.52,26.648,13.246,4.196,81.0,82.9,67.0,1480,1,63.8,0.04
7135,280,1.875,43.89,1,83.6,90.2,1259,183.8,74.5,11.47,26.695,13.254,4.196,81.0,83.0,67.0,1480,1,63.9,0.05
7136,280,1.85,43.81,1,83.5,90.2,1259,183.8,74.8,11.56,26.734,13.262,4.196,82.0,83.1,67.0,1480,1,64.0,0.05
7137,280,1.85,43.92,1,83.7,90.3,1260,183.8,74.7,12.3,26.781,13.27,4.196,81.0,83.1,67.0,1480,1,64.0,0.05
7138,280,1.85,43.85,1,84.3,90.5,1262,183.9,75.1,12.5,26.828,13.281,4.196,82.0,83.2,67.0,1480,1,64.1,0.05
7139,280,1.85,44.05,1,84.5,90.60000000000001,1266,183.9,74.9,12.59,26.875,13.289,4.196,82.0,83.2,67.0,1480,1,64.1,0.04
7140,280,1.825,44.02,1,84.5,90.60000000000001,1268,183.8,75.1,12.55,26.914,13.301,4.196,82.0,83.3,67.0,1480,1,64.2,0.04
7141,279,1.825,44.03,1,84.5,90.60000000000001,1269,183.9,75.3,12.51,26.953,13.309,4.196,82.0,83.3,67.0,1481,1,64.3,0.05
7142,279,1.825,44.13,1,84.39999999999999,90.60000000000001,1269,183.8,75.2,12.52,26.992,13.32,4.196,82.0,83.4,67.0,1481,1,64.3,0.05
7143,279,1.8,43.94,1,84.39999999999999,90.5,1270,183.7,75.4,12.55,27.023,13.328,4.196,82.0,83.5,67.0,1481,1,64.4,0.05
7144,279,1.8,43.77,1,84.39999999999999,90.5,1270,183.7,75.2,12.59,27.055,13.34,4.196,82.0,83.5,67.0,1481,1,64.5,0.04
7145,279,1.8,44.03,1,84.39999999999999,90.5,1270,183.7,75.1,12.55,27.086,13.348,4.196,82.0,83.6,67.0,1481,1,64.5,0.05
7146,279,1.8,44.11,1,84.39999999999999,90.60000000000001,1269,183.7,75.1,12.57,27.117,13.359,4.196,82.0,83.7,67.0,1481,1,64.6,0.05
7147,279,1.775,44.02,1,84.39999999999999,90.60000000000001,1269,183.6,75.0,12.57,27.141,13.367,4.196,82.0,83.7,67.0,1481,1,64.7,0.05
7148,279,1.775,43.84,1,84.39999999999999,90.60000000000001,1269,183.6,75.2,12.59,27.172,13.379,4.196,82.0,83.8,67.0,1481,1,64.7,0.05
7149,279,1.775,44.03,1,84.39999999999999,90.5,1270,183.6,75.0,12.42,27.203,13.387,4.196,82.0,83.8,67.0,1481,1,64.8,0.05
7150,278,1.75,44.06,1,84.39999999999999,90.60000000000001,1269,183.5,75.2,12.91,27.227,13.395,4.196,82.0,83.9,67.0,1482,1,64.9,0.05
7151,278,1.75,43.9,1,84.7,90.7,1270,183.5,75.3,13.03,27.266,13.402,4.196,82.0,84.0,67.0,1482,1,64.9,0.05
7152,278,1.75,44.02,1,84.7,90.7,1272,183.5,75.2,13.02,27.297,13.414,4.196,82.0,84.0,67.0,1482,1,65.0,0.05
7153,278,1.75,44.09,1,84.7,90.7,1272,183.4,75.4,13.04,27.336,13.426,4.196,82.0,84.1,67.0,1482,1,65.1,0.05
7154,278,1.725,44.21,1,84.7,90.7,1273,183.3,75.1,13.05,27.375,13.438,4.196,83.0,84.1,67.0,1482,1,65.1,0.06
7155,278,1.725,44.06,1,84.7,90.7,1274,183.2,75.2,13.04,27.406,13.445,4.196,83.0,84.2,67.0,1482,1,65.2,0.05
7156,278,1.725,44.14,1,84.7,90.7,1274,183.2,75.3,13.04,27.445,13.457,4.196,82.0,84.3,67.0,1482,1,65.3,0.05
7157,278,1.7,43.83,1,84.7,90.7,1273,183.1,75.3,13.03,27.477,13.469,4.196,83.0,84.4,67.0,1482,1,65.3,0.05
7158,278,1.7,44.18,1,84.6,90.7,1274,183.1,75.2,13.07,27.516,13.48,4.196,83.0,84.4,67.0,1482,1,65.4,0.05
7159,278,1.7,43.88,1,84.6,90.7,1273,183.0,75.3,13.05,27.555,13.488,4.196,83.0,84.5,67.0,1483,1,65.5,0.05
7160,278,1.7,44.09,1,84.7,90.7,1273,183.0,75.2,13.05,27.594,13.5,4.196,83.0,84.5,67.0,1483,1,65.5,0.04
7161,278,1.675,44.11,1,84.6,90.7,1273,183.0,75.2,13.05,27.633,13.512,4.196,83.0,84.6,67.0,1483,1,65.6,0.05
7162,278,1.675,44.07,1,84.6,90.7,1273,183.0,75.1,13.08,27.664,13.52,4.196,83.0,84.7,67.0,1483,1,65.6,0.05
7163,278,1.675,44.11,1,84.6,90.7,1273,183.0,75.5,13.05,27.703,13.531,4.196,83.0,84.7,67.0,1483,1,65.7,0.06
7164,278,1.65,44.01,1,84.6,90.7,1273,183.0,75.4,13.01,27.758,13.543,4.196,83.0,84.8,67.0,1483,1,65.8,0.05
7165,278,1.65,44.2,1,84.6,90.7,1274,182.9,75.4,13.04,27.805,13.555,4.196,83.0,84.8,67.0,1483,1,65.9,0.05
7166,278,1.65,43.93,1,84.5,90.7,1274,183.0,75.3,13.04,27.852,13.562,4.196,83.0,84.9,67.0,1483,1,65.9,0.04
7167,277,1.625,44.22,1,84.5,90.7,1273,182.8,75.2,13.04,27.906,13.574,4.196,83.0,84.9,67.0,1484,1,66.0,0.05
7168,277,1.625,44.04,1,84.5,90.7,1273,182.8,75.4,12.97,27.961,13.582,4.196,83.0,85.0,67.0,1484,1,66.1,0.05
7169,277,1.625,44.09,1,84.5,90.7,1273,182.8,75.3,13.02,28.016,13.59,4.196,83.0,85.1,67.0,1484,1,66.1,0.04
7170,277,1.625,43.96,1,84.39999999999999,90.7,1273,182.9,75.3,12.99,28.07,13.602,4.196,84.0,85.1,67.0,1484,1,66.2,0.05
7171,277,1.6,43.94,1,84.39999999999999,90.7,1274,182.8,75.3,13.06,28.133,13.613,4.196,84.0,85.2,67.0,1484,1,66.3,0.04
7172,277,1.6,44.14,1,84.39999999999999,90.7,1274,182.8,75.3,12.87,28.195,13.625,4.196,84.0,85.3,67.0,1484,1,66.3,0.04
7173,277,1.6,43.81,1,84.1,90.5,1274,182.8,75.2,12.04,28.258,13.637,4.196,84.0,85.3,67.0,1484,1,66.4,0.05
7174,277,1.6,44.08,1,83.5,90.3,1271,182.8,75.0,11.94,28.328,13.645,4.196,84.0,85.4,67.0,1484,1,66.4,0.05
7175,277,1.575,44.07,1,83.3,90.3,1267,182.9,74.9,11.87,28.391,13.656,4.196,84.0,85.5,67.0,1484,1,66.5,0.05
7176,277,1.575,43.88,1,83.3,90.2,1265,182.9,74.8,11.91,28.453,13.668,4.196,84.0,85.5,67.0,1485,1,66.6,0.05
7177,276,1.575,43.99,1,83.3,90.3,1263,182.9,74.8,11.88,28.523,13.676,4.196,84.0,85.6,67.0,1485,1,66.7,0.04
7178,276,1.55,43.92,1,83.3,90.3,1262,182.9,74.7,11.9,28.586,13.684,4.196,84.0,85.6,67.0,1485,1,66.7,0.05
7179,276,1.55,43.92,1,83.2,90.2,1262,182.9,74.8,11.93,28.648,13.691,4.196,84.0,85.7,67.0,1485,1,66.8,0.05
7180,276,1.55,43.91,1,83.2,90.2,1262,182.9,74.6,11.92,28.703,13.699,4.196,84.0,85.8,67.0,1485,1,66.9,0.04
7181,276,1.525,43.69,1,83.2,90.2,1261,183.0,74.7,11.91,28.758,13.707,4.196,84.0,85.9,67.0,1485,1,66.9,0.04
7182,276,1.525,43.67,1,83.2,90.2,1261,183.0,74.8,11.9,28.805,13.715,4.196,84.0,85.9,67.0,1485,1,67.0,0.04
7183,276,1.525,43.89,1,83.2,90.2,1260,183.0,74.9,11.91,28.852,13.727,4.196,84.0,86.0,67.0,1485,1,67.0,0.05
7184,275,1.525,44.03,1,83.2,90.2,1260,183.1,74.8,11.98,28.883,13.734,4.196,84.0,86.1,67.0,1486,1,67.1,0.04
7185,275,1.5,43.66,1,83.1,90.2,1260,183.2,74.8,11.88,28.914,13.742,4.196,84.0,86.1,67.0,1486,1,67.2,0.05
7186,275,1.5,44.02,1,83.1,90.2,1259,183.4,74.5,12.07,28.945,13.75,4.196,85.0,86.2,67.0,1486,1,67.2,0.05
7187,275,1.5,43.95,1,83.5,90.4,1260,183.3,74.9,13.04,28.984,13.758,4.196,85.0,86.3,67.0,1486,1,67.3,0.05
7188,275,1.475,44.0,1,84.2,90.7,1263,183.4,75.0,13.44,29.016,13.766,4.196,85.0,86.3,67.0,1486,1,67.4,0.05
7189,275,1.475,44.23,1,84.39999999999999,90.7,1268,183.3,75.3,13.46,29.047,13.777,4.196,85.0,86.4,67.0,1486,1,67.4,0.05
7190,275,1.475,43.97,1,84.5,90.8,1272,183.3,75.4,13.51,29.086,13.789,4.196,85.0,86.5,67.0,1486,1,67.5,0.04
7191,275,1.45,44.14,1,84.5,90.7,1275,183.2,75.3,13.47,29.117,13.801,4.196,85.0,86.5,67.0,1486,1,67.6,0.05
7192,275,1.45,44.16,1,84.39999999999999,90.7,1276,183.2,75.3,13.52,29.156,13.812,4.196,85.0,86.6,67.0,1487,1,67.6,0.04
7193,275,1.45,44.03,1,84.39999999999999,90.7,1276,183.2,75.3,13.48,29.18,13.824,4.196,85.0,86.7,67.0,1487,1,67.7,0.04
7194,275,1.45,44.25,1,84.39999999999999,90.7,1276,183.0,75.3,13.5,29.211,13.832,4.196,85.0,86.7,67.0,1487,1,67.8,0.04
7195,275,1.425,44.17,1,84.39999999999999,90.7,1276,182.9,75.5,13.46,29.25,13.844,4.196,85.0,86.8,67.0,1487,1,67.9,0.05
7196,275,1.425,43.98,1,84.39999999999999,90.7,1276,182.8,75.3,13.44,29.273,13.852,4.196,85.0,86.9,67.0,1487,1,67.9,0.04
7197,275,1.425,44.12,1,84.3,90.7,1275,182.9,75.2,13.48,29.297,13.863,4.196,85.0,86.9,67.0,1487,1,68.0,0.05
7198,275,1.4,44.1,1,84.39999999999999,90.7,1275,182.9,75.4,13.5,29.32,13.871,4.196,85.0,87.0,68.0,1487,1,68.1,0.05
7199,275,1.4,44.07,1,84.39999999999999,90.7,1275,182.8,75.5,13.48,29.352,13.883,4.196,85.0,87.1,68.0,1487,1,68.1,0.04
7200,275,1.4,44.23,1,84.3,90.7,1276,182.8,75.2,13.48,29.383,13.895,4.196,85.0,87.1,68.0,1488,1,68.2,0.05
7201,275,1.375,43.89,1,84.3,90.7,1276,182.7,75.1,13.48,29.414,13.906,4.196,85.0,87.2,68.0,1488,1,68.3,0.05
7202,275,1.375,43.82,1,84.3,90.7,1276,182.7,75.3,13.45,29.445,13.914,4.197,85.0,87.3,68.0,1488,1,68.3,0.05
7203,275,1.375,44.21,1,84.3,90.7,1276,182.6,75.3,13.48,29.484,13.926,4.196,85.0,87.3,68.0,1488,1,68.4,0.05
7204,275,1.375,44.08,1,84.3,90.7,1276,182.6,75.3,13.46,29.516,13.934,4.196,86.0,87.4,68.0,1488,1,68.4,0.05
7205,275,1.35,44.2,1,84.2,90.7,1275,182.6,75.2,13.47,29.539,13.945,4.197,85.0,87.4,68.0,1488,1,68.5,0.05
7206,275,1.35,44.14,1,84.2,90.7,1275,182.6,75.1,13.46,29.57,13.953,4.196,85.0,87.5,68.0,1488,1,68.6,0.06
7207,275,1.35,44.33,1,84.3,90.7,1274,182.7,75.3,13.59,29.594,13.965,4.196,86.0,87.6,68.0,1488,1,68.7,0.05
7208,275,1.325,44.28,1,84.5,90.8,1274,182.7,75.3,14.22,29.609,13.973,4.196,86.0,87.6,68.0,1488,1,68.7,0.06
7209,276,1.325,44.09,1,84.8,90.9,1275,182.7,75.6,14.38,29.633,13.984,4.196,86.0,87.7,68.0,1489,1,68.8,0.04
7210,276,1.325,44.13,1,84.89999999999999,91.0,1277,182.6,75.6,14.38,29.656,13.992,4.196,86.0,87.7,68.0,1489,1,68.9,0.05
7211,276,1.3,44.08,1,84.89999999999999,90.9,1278,182.6,75.5,14.36,29.672,14.004,4.196,86.0,87.8,68.0,1489,1,68.9,0.05
7212,276,1.3,44.32,1,84.89999999999999,90.9,1279,182.6,75.5,14.35,29.688,14.016,4.196,86.0,87.8,68.0,1489,1,69.0,0.05
7213,276,1.3,44.45,1,84.8,90.9,1278,182.6,75.5,14.36,29.695,14.023,4.197,86.0,87.9,68.0,1489,1,69.0,0.05
7214,276,1.3,44.42,1,84.89999999999999,91.0,1278,182.5,75.7,14.36,29.711,14.035,4.196,86.0,88.0,68.0,1489,1,69.1,0.06
7215,276,1.275,44.22,1,84.89999999999999,91.0,1279,182.4,75.4,14.37,29.727,14.047,4.196,86.0,88.0,68.0,1489,1,69.2,0.04
7216,276,1.275,44.17,1,84.89999999999999,90.9,1278,182.3,75.6,14.36,29.734,14.059,4.196,86.0,88.1,68.0,1489,1,69.3,0.05
7217,276,1.275,44.34,1,84.89999999999999,90.9,1278,182.3,75.4,14.4,29.742,14.07,4.196,86.0,88.1,68.0,1490,1,69.3,0.05
7218,277,1.25,44.44,1,84.8,90.9,1277,182.2,75.6,14.36,29.742,14.082,4.196,86.0,88.2,68.0,1490,1,69.4,0.05
7219,277,1.25,44.39,1,84.8,91.0,1277,182.2,75.6,14.34,29.75,14.094,4.196,87.0,88.3,68.0,1490,1,69.5,0.05
7220,277,1.25,44.28,1,84.8,90.9,1277,182.1,75.6,14.39,29.758,14.109,4.196,87.0,88.3,68.0,1490,1,69.6,0.05
7221,277,1.225,44.48,1,84.8,90.9,1277,182.0,75.5,14.41,29.758,14.125,4.196,87.0,88.3,68.0,1490,1,69.6,0.05
7222,277,1.225,44.38,1,84.8,90.9,1277,182.1,75.6,14.36,29.766,14.141,4.197,87.0,88.4,68.0,1490,1,69.7,0.06
7223,277,1.225,44.23,1,84.8,90.9,1277,182.1,75.7,14.36,29.773,14.152,4.196,87.0,88.4,68.0,1490,1,69.8,0.05
7224,277,1.225,44.02,1,84.6,90.8,1277,182.0,75.6,13.66,29.781,14.164,4.197,87.0,88.5,68.0,1490,1,69.8,0.04
7225,277,1.2,43.97,1,84.0,90.5,1275,182.0,75.6,12.54,29.789,14.176,4.196,87.0,88.5,68.0,1491,1,69.9,0.05
7226,277,1.2,44.11,1,83.2,90.2,1270,181.9,74.9,12.09,29.797,14.188,4.197,87.0,88.6,68.0,1491,1,70.0,0.05
7227,277,1.2,44.04,1,82.8,90.10000000000001,1263,182.0,74.9,12.06,29.797,14.199,4.196,87.0,88.6,68.0,1491,1,70.0,0.06
7228,276,1.175,44.13,1,82.8,90.10000000000001,1259,182.1,74.9,12.09,29.805,14.207,4.196,87.0,88.7,68.0,1491,1,70.1,0.05
7229,276,1.175,43.95,1,82.8,90.2,1256,182.1,74.9,12.06,29.812,14.219,4.196,87.0,88.7,68.0,1491,1,70.1,0.05
7230,276,1.175,44.16,1,82.8,90.10000000000001,1255,182.2,74.9,11.96,29.805,14.227,4.196,87.0,88.7,68.0,1491,1,70.2,0.05
7231,276,1.15,43.75,1,82.8,90.2,1254,182.2,74.8,12.02,29.812,14.238,4.196,87.0,88.8,68.0,1491,1,70.3,0.05
7232,276,1.15,43.94,1,82.8,90.10000000000001,1254,182.2,74.9,12.0,29.82,14.246,4.196,87.0,88.8,68.0,1491,1,70.3,0.04
7233,276,1.15,43.95,1,82.8,90.2,1252,182.3,74.8,12.06,29.828,14.254,4.197,87.0,88.8,68.0,1492,1,70.4,0.05
7234,275,1.15,43.86,1,82.8,90.2,1252,182.3,75.0,12.02,29.844,14.266,4.197,87.0,88.9,68.0,1492,1,70.5,0.05
7235,275,1.125,44.12,1,82.69999999999999,90.2,1252,182.5,75.0,11.67,29.852,14.273,4.196,87.0,88.9,68.0,1492,1,70.6,0.04
7236,275,1.125,43.99,1,82.39999999999999,90.0,1251,182.6,75.0,11.47,29.852,14.285,4.196,87.0,88.9,68.0,1492,1,70.6,0.04
7237,275,1.125,43.7,1,82.19999999999999,90.0,1249,182.7,74.9,11.45,29.867,14.297,4.197,87.0,89.0,68.0,1492,1,70.7,0.04
7238,275,1.1,43.63,1,82.19999999999999,89.9,1246,182.7,74.9,11.48,29.875,14.305,4.196,87.0,89.0,68.0,1492,1,70.7,0.04
7239,275,1.1,43.88,1,82.19999999999999,89.9,1245,182.9,74.8,11.52,29.883,14.316,4.196,87.0,89.0,68.0,1492,1,70.8,0.04
7240,274,1.1,43.93,1,82.19999999999999,90.0,1244,182.9,74.7,11.45,29.883,14.324,4.197,87.0,89.0,68.0,1492,1,70.9,0.04
7241,274,1.075,43.65,1,82.19999999999999,90.0,1244,183.0,74.8,11.5,29.898,14.336,4.196,87.0,89.1,68.0,1493,1,70.9,0.05
7242,274,1.075,43.86,1,82.19999999999999,89.9,1244,183.0,74.8,11.43,29.906,14.344,4.197,87.0,89.1,68.0,1493,1,71.0,0.04
7243,274,1.075,44.0,1,82.19999999999999,90.0,1243,183.0,74.7,11.45,29.914,14.355,4.196,87.0,89.1,68.0,1493,1,71.1,0.04
7244,274,1.05,43.85,1,82.19999999999999,90.0,1243,183.0,74.6,11.53,29.922,14.367,4.196,87.0,89.2,68.0,1493,1,71.1,0.05
7245,273,1.05,43.57,1,82.19999999999999,89.9,1243,182.9,74.5,11.48,29.922,14.379,4.197,87.0,89.2,68.0,1493,1,71.2,0.03
7246,273,1.05,43.91,1,82.1,89.9,1243,183.0,74.6,11.51,29.93,14.391,4.197,87.0,89.2,68.0,1493,1,71.3,0.03
7247,273,1.025,43.73,1,82.1,89.9,1244,183.0,74.6,11.44,29.93,14.398,4.197,88.0,89.2,68.0,1493,1,71.3,0.03
7248,272,1.025,44.03,1,82.1,89.9,1243,183.0,74.6,11.6,29.93,14.41,4.197,88.0,89.3,68.0,1493,1,71.4,0.03
7249,272,1.025,43.79,1,82.5,90.10000000000001,1244,183.1,74.6,12.46,29.945,14.418,4.197,87.0,89.3,68.0,1494,1,71.5,0.03
7250,272,1.025,44.02,1,83.3,90.4,1247,183.0,75.0,13.24,29.961,14.43,4.197,88.0,89.3,68.0,1494,1,71.5,0.05
7251,271,1.0,44.31,1,83.7,90.60000000000001,1253,183.0,74.9,13.29,29.984,14.438,4.197,87.0,89.4,68.0,1494,1,71.6,0.04
7252,271,1.0,44.29,1,83.7,90.60000000000001,1257,183.0,75.2,13.23,30.008,14.449,4.197,87.0,89.4,68.0,1494,1,71.6,0.05
7253,271,1.0,43.91,1,83.7,90.60000000000001,1259,183.0,75.0,13.21,30.031,14.457,4.197,87.0,89.4,68.0,1494,1,71.7,0.04
7254,270,1.0,44.18,1,83.7,90.60000000000001,1260,182.9,75.3,13.3,30.055,14.465,4.196,88.0,89.5,68.0,1494,1,71.8,0.05
7255,270,0.975,44.16,1,83.7,90.5,1261,182.9,75.1,13.19,30.07,14.473,4.196,87.0,89.5,68.0,1494,1,71.9,0.04
7256,269,0.975,44.08,1,83.6,90.5,1261,182.8,75.1,13.24,30.094,14.484,4.196,88.0,89.5,68.0,1494,1,71.9,0.04
7257,269,0.975,44.12,1,83.7,90.5,1261,182.8,75.2,13.2,30.117,14.492,4.197,88.0,89.5,68.0,1495,1,72.0,0.05
7258,269,0.975,43.93,1,83.6,90.5,1261,182.7,75.1,13.2,30.148,14.496,4.196,88.0,89.6,68.0,1495,1,72.1,0.04
7259,268,0.975,44.15,1,83.7,90.60000000000001,1262,182.5,75.3,13.23,30.18,14.508,4.197,88.0,89.6,68.0,1495,1,72.1,0.04
7260,268,0.95,44.02,1,83.6,90.5,1262,182.5,75.2,13.25,30.211,14.512,4.197,88.0,89.6,68.0,1495,1,72.2,0.05
7261,267,0.95,44.21,1,83.6,90.5,1263,182.4,75.1,13.21,30.242,14.516,4.196,88.0,89.7,68.0,1495,1,72.2,0.05
7262,267,0.95,44.2,1,83.7,90.60000000000001,1263,182.4,75.2,13.32,30.281,14.523,4.197,88.0,89.7,68.0,1495,1,72.3,0.05
7263,267,0.95,44.17,1,83.8,90.7,1264,182.3,75.1,14.14,30.305,14.527,4.197,88.0,89.8,68.0,1495,1,72.4,0.04
7264,266,0.95,44.22,1,84.5,91.0,1266,182.3,75.4,15.24,30.352,14.535,4.197,88.0,89.8,68.0,1495,1,72.4,0.05
7265,266,0.925,44.44,1,85.2,91.2,1271,182.1,75.7,15.59,30.398,14.539,4.197,88.0,89.9,68.0,1496,1,72.5,0.05
7266,266,0.925,44.39,1,85.39999999999999,91.3,1276,181.9,75.7,15.88,30.445,14.543,4.197,88.0,89.9,68.0,1496,1,72.6,0.05
7267,265,0.925,44.55,1,85.8,91.5,1280,181.8,75.9,16.92,30.5,14.543,4.197,88.0,89.9,69.0,1496,1,72.6,0.05
7268,265,0.925,44.63,1,86.7,91.8,1287,181.7,75.9,18.08,30.547,14.547,4.196,88.0,90.0,69.0,1496,1,72.7,0.04
7269,264,0.925,44.58,1,87.6,92.2,1295,181.6,76.3,19.02,30.586,14.551,4.197,88.0,90.0,69.0,1496,1,72.8,0.04
7270,264,0.925,44.49,1,88.0,92.30000000000001,1304,181.3,76.5,19.13,30.633,14.555,4.197,88.0,90.0,69.0,1496,1,72.8,0.04
7271,264,0.925,44.66,1,88.1,92.4,1310,181.0,76.8,19.18,30.672,14.559,4.197,88.0,90.1,69.0,1496,1,72.9,0.04
7272,264,0.925,44.49,1,88.1,92.30000000000001,1314,180.8,76.8,19.17,30.703,14.562,4.197,88.0,90.1,69.0,1497,1,72.9,0.04
7273,263,0.925,44.56,1,88.1,92.30000000000001,1316,180.6,77.1,19.18,30.742,14.562,4.197,88.0,90.2,69.0,1497,1,73.0,0.04
7274,263,0.925,44.63,1,88.1,92.30000000000001,1317,180.4,76.9,19.2,30.781,14.566,4.197,88.0,90.2,69.0,1497,1,73.1,0.05
7275,263,0.925,44.53,1,88.1,92.30000000000001,1319,180.1,77.0,19.17,30.805,14.57,4.197,88.0,90.2,69.0,1497,1,73.1,0.03
7276,263,0.9,44.42,1,88.1,92.30000000000001,1320,179.9,76.9,19.09,30.836,14.574,4.197,88.0,90.3,69.0,1497,1,73.2,0.04
7277,263,0.9,44.63,1,87.8,92.2,1319,179.7,76.9,18.2,30.859,14.578,4.197,88.0,90.3,69.0,1497,1,73.3,0.05
7278,263,0.9,44.5,1,87.2,91.9,1316,179.5,76.9,17.91,30.891,14.582,4.197,88.0,90.4,69.0,1497,1,73.3,0.05
7279,263,0.9,44.52,1,87.1,91.9,1313,179.3,76.6,17.98,30.914,14.586,4.197,89.0,90.4,69.0,1497,1,73.4,0.03
7280,262,0.9,44.44,1,87.1,92.0,1311,179.2,76.7,17.94,30.938,14.59,4.197,88.0,90.5,69.0,1498,1,73.4,0.04
7281,262,0.9,44.62,1,87.1,91.9,1310,179.1,76.5,17.96,30.969,14.59,4.197,88.0,90.5,69.0,1498,1,73.5,0.05
7282,262,0.9,44.64,1,87.1,91.9,1310,179.0,76.4,17.96,31.0,14.594,4.197,89.0,90.6,69.0,1498,1,73.6,0.04
7283,262,0.9,44.54,1,87.1,91.9,1309,178.9,76.5,17.95,31.023,14.602,4.197,89.0,90.6,69.0,1498,1,73.6,0.04
7284,261,0.9,44.52,1,87.1,91.9,1309,178.8,76.4,17.92,31.039,14.605,4.197,88.0,90.6,69.0,1498,1,73.7,0.04
7285,261,0.9,44.68,1,87.0,91.9,1309,178.8,76.3,17.95,31.047,14.605,4.197,89.0,90.7,69.0,1498,1,73.8,0.05
7286,261,0.875,44.44,1,87.0,91.9,1308,178.8,76.5,17.98,31.039,14.605,4.197,89.0,90.7,69.0,1498,1,73.8,0.04
7287,261,0.875,44.76,1,86.5,91.60000000000001,1307,178.7,76.2,16.68,31.031,14.609,4.197,89.0,90.8,69.0,1498,1,73.9,0.04
7288,261,0.875,44.32,1,86.1,91.5,1303,178.7,76.2,16.6,31.008,14.613,4.197,89.0,90.8,69.0,1499,1,73.9,0.04
7289,260,0.875,44.59,1,86.0,91.5,1299,178.8,75.9,16.52,30.984,14.613,4.197,89.0,90.8,69.0,1499,1,74.0,0.04
7290,260,0.875,44.45,1,86.0,91.5,1297,178.7,75.7,16.51,30.969,14.609,4.197,89.0,90.9,69.0,1499,1,74.1,0.05
7291,260,0.875,44.43,1,85.9,91.5,1296,178.8,75.6,16.54,30.953,14.609,4.197,89.0,90.9,69.0,1499,1,74.1,0.05
7292,259,0.875,42.52,1,79.4,87.7,1291,178.8,74.5,-22.34,30.938,14.609,4.197,90.0,91.0,69.0,1499,1,74.2,0.0
7293,258,0.875,41.96,1,63.0,80.30000000000001,1221,178.9,69.1,-21.82,30.844,14.605,4.197,89.0,91.0,69.0,1499,1,74.2,0.01
7294,255,0.875,42.27,1,53.7,76.2,1122,179.4,66.2,-22.23,30.719,14.594,4.197,89.0,91.0,69.0,1499,1,74.3,0.02
7295,253,0.875,42.79,1,47.599999999999994,72.89999999999999,1033,180.3,63.8,-22.14,30.586,14.578,4.197,89.0,91.0,69.0,1499,1,74.3,0.03
7296,250,0.875,40.21,1,43.2,70.0,968,181.4,62.3,-21.96,30.469,14.559,4.197,89.0,91.0,69.0,1500,1,74.4,0.03
7297,247,0.85,36.85,1,39.900000000000006,67.60000000000001,920,182.5,60.7,-22.2,30.359,14.539,4.197,90.0,91.0,69.0,1500,1,74.4,0.02
7298,245,0.85,32.73,1,37.2,65.4,884,183.4,58.5,-22.35,30.25,14.516,4.197,90.0,91.0,69.0,1500,1,74.5,0.03
7299,242,0.85,29.42,1,35.099999999999994,63.3,857,184.1,59.5,-22.36,30.156,14.496,4.197,90.0,91.0,69.0,1500,1,74.6,0.03
7300,240,0.85,26.51,1,33.2,61.4,835,184.7,58.7,-22.36,30.062,14.473,4.197,89.0,90.9,69.0,1500,1,74.6,0.04
7301,237,0.85,26.09,1,32.0,60.699999999999996,821,185.5,58.1,-22.4,29.961,14.449,4.197,89.0,90.8,69.0,1500,1,74.7,0.05
7302,235,0.85,25.82,1,31.6,60.6,819,186.4,57.9,-22.39,29.859,14.426,4.197,89.0,90.8,69.0,1500,1,74.7,0.04
7303,232,0.85,25.67,1,31.5,60.699999999999996,821,187.4,58.0,-22.35,29.766,14.406,4.197,89.0,90.7,69.0,1500,1,74.8,0.05
7304,230,0.825,25.51,1,31.4,60.699999999999996,823,188.5,58.1,-22.44,29.672,14.387,4.197,89.0,90.6,69.0,1501,1,74.8,0.05
7305,228,0.825,25.33,1,31.4,60.6,824,189.7,58.3,-22.41,29.57,14.371,4.197,88.0,90.6,69.0,1501,1,74.9,0.05
7306,226,0.825,25.19,1,31.3,60.699999999999996,824,190.8,58.2,-22.36,29.469,14.355,4.197,88.0,90.4,69.0,1501,1,74.9,0.05
7307,224,0.825,24.96,1,31.3,60.699999999999996,823,191.9,58.1,-22.38,29.367,14.344,4.197,88.0,90.4,69.0,1501,1,75.0,0.05
7308,222,0.825,25.12,1,31.3,60.699999999999996,821,193.1,58.2,-22.39,29.266,14.328,4.197,88.0,90.3,69.0,1501,1,75.0,0.06
7309,220,0.8,25.06,1,31.3,60.699999999999996,820,194.2,58.2,-22.41,29.156,14.316,4.197,88.0,90.2,69.0,1501,1,75.1,0.06
7310,218,0.8,25.04,1,31.3,60.699999999999996,818,195.3,58.1,-22.4,29.047,14.305,4.197,88.0,90.1,69.0,1501,1,75.1,0.06
7311,216,0.8,25.07,1,31.2,60.699999999999996,815,196.2,58.2,-22.35,28.945,14.297,4.197,88.0,90.1,69.0,1501,1,75.2,0.06
7312,215,0.8,25.03,1,31.2,60.6,813,197.1,58.3,-22.36,28.836,14.285,4.197,88.0,90.0,69.0,1502,1,75.2,0.06
7313,213,0.775,25.01,1,31.2,60.699999999999996,811,197.9,58.2,-22.4,28.734,14.277,4.197,88.0,89.9,69.0,1502,1,75.3,0.05
7314,212,0.775,25.1,1,31.2,60.699999999999996,809,198.6,58.2,-22.38,28.625,14.273,4.197,87.0,89.8,69.0,1502,1,75.3,0.06
7315,210,0.775,25.09,1,31.1,60.699999999999996,808,199.1,58.3,-21.49,28.523,14.266,4.197,87.0,89.8,69.0,1502,1,75.4,0.05
7316,209,0.775,25.0,1,31.1,60.699999999999996,806,199.7,58.3,-21.97,28.422,14.262,4.197,87.0,89.7,69.0,1502,1,75.4,0.06
7317,207,0.75,25.03,1,31.1,60.699999999999996,804,200.2,58.3,-22.34,28.328,14.258,4.197,87.0,89.7,69.0,1502,1,75.5,0.05
7318,206,0.75,25.1,1,31.1,60.699999999999996,802,200.6,58.4,-22.36,28.234,14.25,4.197,87.0,89.6,69.0,1502,1,75.5,0.05
7319,205,0.75,25.04,1,31.0,60.699999999999996,801,201.0,58.4,-22.38,28.141,14.246,4.197,87.0,89.6,69.0,1502,1,75.6,0.06
7320,203,0.725,25.01,1,31.0,60.699999999999996,800,201.4,58.4,-22.35,28.055,14.242,4.197,87.0,89.5,69.0,1503,1,75.6,0.05
7321,202,0.725,25.0,1,31.0,60.6,799,201.7,58.5,-22.38,27.977,14.242,4.197,87.0,89.5,69.0,1503,1,75.6,0.06
7322,201,0.725,25.03,1,31.0,60.699999999999996,799,202.0,58.6,-22.39,27.898,14.242,4.197,87.0,89.4,69.0,1503,1,75.7,0.06
7323,200,0.725,25.03,1,31.0,60.699999999999996,798,202.3,58.7,-22.39,27.836,14.238,4.197,87.0,89.3,69.0,1503,1,75.7,0.05
7324,199,0.7,25.01,1,30.9,60.6,797,202.6,58.8,-22.38,27.773,14.238,4.197,87.0,89.3,69.0,1503,1,75.8,0.06
7325,198,0.7,25.02,1,30.9,60.699999999999996,796,202.8,58.8,-22.38,27.711,14.238,4.197,87.0,89.2,69.0,1503,1,75.8,0.06
7326,197,0.7,25.07,1,30.9,60.699999999999996,795,203.0,58.9,-22.36,27.656,14.238,4.197,87.0,89.2,69.0,1503,1,75.9,0.06
7327,196,0.675,25.07,1,30.9,60.699999999999996,795,203.2,58.8,-22.33,27.594,14.238,4.197,87.0,89.1,69.0,1503,1,75.9,0.06
7328,195,0.675,25.0,1,30.9,60.699999999999996,794,203.4,58.9,-22.31,27.547,14.238,4.197,87.0,89.0,69.0,1504,1,75.9,0.06
7329,194,0.675,25.03,1,30.9,60.699999999999996,793,203.6,58.8,-22.34,27.5,14.234,4.197,87.0,89.0,69.0,1504,1,76.0,0.06
7330,193,0.65,25.09,1,30.9,60.699999999999996,793,203.7,59.0,-22.36,27.445,14.238,4.197,87.0,88.9,69.0,1504,1,76.0,0.06
7331,192,0.65,25.03,1,30.9,60.699999999999996,792,203.8,58.9,-22.36,27.406,14.238,4.197,86.0,88.9,69.0,1504,1,76.1,0.07
7332,191,0.65,25.03,1,30.9,60.699999999999996,792,203.9,58.9,-22.35,27.375,14.242,4.197,86.0,88.8,69.0,1504,1,76.1,0.06
7333,190,0.625,25.03,1,30.9,60.699999999999996,792,204.0,59.0,-22.37,27.336,14.242,4.197,86.0,88.8,69.0,1504,1,76.1,0.06
7334,190,0.625,25.06,1,30.8,60.699999999999996,792,204.1,59.0,-22.39,27.297,14.242,4.197,86.0,88.7,69.0,1504,1,76.2,0.05
7335,188,0.625,25.07,1,30.8,60.699999999999996,792,204.1,59.2,-22.38,27.266,14.242,4.197,86.0,88.7,69.0,1504,1,76.2,0.06
7336,187,0.625,25.15,1,30.9,60.699999999999996,792,204.2,59.0,-22.41,27.234,14.242,4.197,86.0,88.6,69.0,1505,1,76.3,0.06
7337,184,0.625,25.1,1,30.8,60.699999999999996,793,204.2,58.9,-22.38,27.211,14.23,4.197,86.0,88.5,70.0,1505,1,76.3,0.07
7338,180,0.625,25.05,1,30.8,60.699999999999996,794,204.2,59.1,-22.38,27.172,14.219,4.197,86.0,88.5,70.0,1505,1,76.3,0.07
7339,177,0.625,25.01,1,30.8,60.699999999999996,794,204.1,59.4,-22.39,27.141,14.203,4.197,86.0,88.5,70.0,1505,1,76.4,0.07
7340,174,0.6,25.0,1,30.8,60.699999999999996,795,204.2,59.3,-22.34,27.102,14.188,4.197,86.0,88.4,70.0,1505,1,76.4,0.07
7341,172,0.6,24.87,1,30.7,60.699999999999996,795,204.1,59.6,-22.41,27.055,14.172,4.197,86.0,88.4,70.0,1505,1,76.4,0.07
7342,169,0.575,24.91,1,30.599999999999998,60.699999999999996,794,204.1,59.6,-22.36,27.008,14.16,4.197,86.0,88.3,70.0,1505,1,76.5,0.06
7343,167,0.575,24.83,1,30.599999999999998,60.699999999999996,794,204.1,59.4,-22.36,26.945,14.145,4.197,86.0,88.3,70.0,1505,1,76.5,0.06
7344,164,0.575,24.85,1,30.599999999999998,60.699999999999996,793,204.0,59.4,-22.39,26.883,14.137,4.197,86.0,88.3,70.0,1505,1,76.5,0.07
7345,162,0.55,24.76,1,30.599999999999998,60.699999999999996,794,204.0,59.3,-22.38,26.812,14.125,4.197,86.0,88.3,70.0,1506,1,76.6,0.07
7346,160,0.55,24.75,1,30.5,60.699999999999996,794,203.9,59.7,-22.41,26.742,14.113,4.197,86.0,88.3,70.0,1506,1,76.6,0.07
7347,158,0.55,24.78,1,30.5,60.699999999999996,794,203.8,59.6,-22.31,26.688,14.105,4.197,86.0,88.3,70.0,1506,1,76.6,0.07
7348,156,0.55,24.81,1,30.5,60.699999999999996,795,203.7,59.6,-22.37,26.617,14.102,4.197,86.0,88.3,70.0,1506,1,76.7,0.06
7349,154,0.525,24.81,1,30.5,60.699999999999996,795,203.6,59.6,-22.36,26.555,14.094,4.197,86.0,88.2,70.0,1506,1,76.7,0.07
7350,152,0.525,24.75,1,30.5,60.699999999999996,795,203.6,59.8,-22.4,26.484,14.09,4.197,86.0,88.2,70.0,1506,1,76.7,0.07
7351,151,0.525,24.76,1,30.5,60.699999999999996,795,203.5,59.7,-22.34,26.422,14.082,4.197,86.0,88.2,70.0,1506,1,76.7,0.08
7352,149,0.5,24.69,1,30.5,60.699999999999996,796,203.4,59.8,-22.33,26.352,14.078,4.197,86.0,88.2,70.0,1506,1,76.8,0.08
7353,148,0.5,24.73,1,30.4,60.699999999999996,796,203.3,59.7,-22.36,26.289,14.078,4.197,86.0,88.3,70.0,1507,1,76.8,0.08
7354,146,0.475,24.74,1,30.4,60.699999999999996,796,203.2,60.0,-22.37,26.227,14.074,4.197,86.0,88.2,70.0,1507,1,76.8,0.07
7355,145,0.475,24.72,1,30.4,60.699999999999996,796,203.1,59.8,-22.36,26.172,14.074,4.197,86.0,88.3,70.0,1507,1,76.9,0.07
7356,144,0.475,24.85,1,30.599999999999998,60.699999999999996,797,203.0,60.0,-17.91,26.117,14.074,4.197,86.0,88.3,70.0,1507,1,76.9,0.08
7357,142,0.475,35.91,1,34.2,66.8,819,202.9,68.2,-16.19,26.07,14.074,4.197,86.0,88.3,70.0,1507,1,76.9,0.08
7358,141,0.45,37.13,1,37.5,68.8,872,202.8,70.9,-15.52,26.039,14.078,4.197,86.0,88.4,70.0,1507,1,76.9,0.08
7359,140,0.45,42.35,1,40.6,71.5,885,202.8,74.8,-15.12,26.016,14.082,4.197,86.0,88.5,70.0,1507,1,76.9,0.08
7360,139,0.45,42.9,1,42.9,72.6,893,202.7,76.4,-14.21,25.984,14.086,4.197,86.0,88.6,70.0,1507,1,77.0,0.08
7361,138,0.425,42.85,1,44.2,73.2,888,202.7,77.1,-14.04,25.969,14.086,4.197,86.0,88.7,70.0,1507,1,77.0,0.09
7362,138,0.425,42.81,1,45.7,74.2,887,202.7,78.9,-12.27,25.961,14.09,4.197,87.0,88.9,70.0,1508,1,77.0,0.08
7363,137,0.425,42.83,1,49.3,77.10000000000001,896,202.7,83.1,-10.93,25.945,14.094,4.197,87.0,89.1,70.0,1508,1,77.0,0.08
7364,136,0.425,42.83,1,52.2,78.10000000000001,919,202.6,84.6,-11.21,25.945,14.094,4.197,87.0,89.2,70.0,1508,1,77.1,0.09
7365,136,0.4,42.84,1,53.1,78.2,920,202.4,85.0,-11.26,25.938,14.098,4.197,87.0,89.4,70.0,1508,1,77.1,0.08
7366,135,0.4,42.76,1,53.7,78.5,912,202.2,67.6,-10.69,25.938,14.102,4.197,87.0,89.6,70.0,1508,1,77.1,0.09
7367,134,0.4,42.78,1,54.2,78.7,910,201.8,67.3,-10.66,25.938,14.102,4.197,87.0,89.7,70.0,1508,1,77.1,0.08
7368,134,0.4,42.8,1,54.2,78.60000000000001,908,201.3,67.2,-10.74,25.938,14.105,4.197,88.0,89.9,70.0,1508,1,77.2,0.07
7369,133,0.375,42.82,1,54.2,78.60000000000001,907,200.7,67.5,-10.75,25.938,14.109,4.197,88.0,90.0,70.0,1508,1,77.2,0.08
7370,132,0.375,42.85,1,54.300000000000004,78.60000000000001,907,200.2,67.4,-10.85,25.938,14.109,4.197,88.0,90.2,70.0,1508,1,77.2,0.08
7371,132,0.375,42.96,1,54.1,78.5,907,199.6,67.2,-10.6,25.938,14.113,4.197,88.0,90.3,70.0,1509,1,77.2,0.08
7372,131,0.375,42.96,1,54.6,78.9,909,199.0,67.4,-10.26,25.938,14.113,4.197,88.0,90.4,70.0,1509,1,77.2,0.08
7373,131,0.35,42.77,1,55.400000000000006,79.3,916,198.5,67.6,-10.16,25.945,14.117,4.197,88.0,90.5,70.0,1509,1,77.3,0.08
7374,130,0.35,42.86,1,55.7,79.4,922,197.9,67.7,-9.96,25.953,14.121,4.197,89.0,90.6,70.0,1509,1,77.3,0.08
7375,130,0.35,42.84,1,56.00000000000001,79.5,927,197.4,67.8,-9.93,25.969,14.121,4.197,89.0,90.7,70.0,1509,1,77.3,0.08
7376,130,0.35,42.86,1,56.3,79.60000000000001,931,196.9,67.8,-9.94,25.969,14.125,4.197,89.0,90.8,70.0,1509,1,77.3,0.08
7377,129,0.35,42.95,1,56.39999999999999,79.60000000000001,934,196.5,67.9,-10.01,25.977,14.129,4.197,89.0,91.0,70.0,1509,1,77.3,0.08
7378,129,0.35,42.69,1,56.3,79.60000000000001,935,196.1,68.0,-10.0,26.0,14.133,4.197,89.0,91.0,70.0,1509,1,77.3,0.08
7379,129,0.325,42.59,1,56.3,79.60000000000001,936,195.7,67.9,-9.94,26.008,14.137,4.197,90.0,91.2,70.0,1509,1,77.4,0.08
7380,129,0.325,42.74,1,56.3,79.60000000000001,938,195.3,67.9,-9.96,26.016,14.141,4.197,90.0,91.3,70.0,1510,1,77.4,0.08
7381,128,0.325,42.57,1,56.3,79.60000000000001,939,195.0,67.8,-9.97,26.023,14.148,4.197,90.0,91.4,70.0,1510,1,77.4,0.08
7382,128,0.3,42.92,1,56.3,79.60000000000001,939,194.6,67.9,-9.8,26.031,14.156,4.197,90.0,91.5,70.0,1510,1,77.4,0.08
7383,128,0.3,42.59,1,56.89999999999999,79.9,941,194.3,68.1,-9.5,26.031,14.16,4.197,90.0,91.5,70.0,1510,1,77.4,0.08
7384,127,0.3,42.82,1,57.3,80.10000000000001,946,194.0,68.0,-9.32,26.016,14.164,4.197,90.0,91.6,70.0,1510,1,77.4,0.08
7385,127,0.3,42.77,1,57.9,80.4,951,193.7,68.3,-9.15,26.008,14.172,4.197,90.0,91.7,70.0,1510,1,77.5,0.07
7386,127,0.3,42.78,1,58.3,80.60000000000001,957,193.4,68.3,-9.17,25.992,14.176,4.197,90.0,91.8,70.0,1510,1,77.5,0.07
7387,127,0.275,42.74,1,58.199999999999996,80.4,961,193.1,68.4,-8.97,25.977,14.184,4.197,90.0,91.9,70.0,1510,1,77.5,0.06
7388,127,0.275,42.93,1,59.099999999999994,81.0,964,192.8,68.7,-8.32,25.969,14.191,4.197,90.0,92.0,70.0,1510,1,77.5,0.07
7389,126,0.275,42.91,1,59.8,81.2,972,192.6,68.9,-8.34,25.961,14.195,4.197,90.0,92.1,70.0,1510,1,77.5,0.07
7390,126,0.275,42.87,1,59.9,81.2,978,192.3,68.8,-8.46,25.953,14.199,4.197,91.0,92.2,70.0,1511,1,77.5,0.07
7391,126,0.25,42.95,1,59.9,81.2,980,192.1,68.8,-8.38,25.945,14.203,4.197,91.0,92.3,70.0,1511,1,77.5,0.07
7392,126,0.25,42.89,1,60.0,81.2,982,191.8,68.8,-8.46,25.938,14.207,4.197,91.0,92.4,70.0,1511,1,77.6,0.07
7393,126,0.25,42.83,1,59.8,81.10000000000001,983,191.5,68.7,-8.44,25.938,14.211,4.197,91.0,92.5,70.0,1511,1,77.6,0.07
7394,126,0.25,42.9,1,59.9,81.2,983,191.3,68.8,-8.5,25.93,14.219,4.197,91.0,92.6,70.0,1511,1,77.6,0.07
7395,126,0.25,42.84,1,59.599999999999994,81.0,983,191.0,68.7,-8.71,25.93,14.223,4.197,91.0,92.7,70.0,1511,1,77.6,0.06
7396,126,0.25,42.71,1,59.199999999999996,80.80000000000001,980,190.7,68.5,-8.78,25.938,14.227,4.197,91.0,92.8,70.0,1511,1,77.6,0.07
7397,126,0.225,42.67,1,59.199999999999996,80.9,979,190.4,68.5,-8.82,25.945,14.234,4.197,91.0,92.9,70.0,1511,1,77.6,0.07
7398,125,0.225,42.9,1,59.099999999999994,80.80000000000001,978,190.2,68.6,-8.81,25.945,14.238,4.197,92.0,93.0,70.0,1511,1,77.6,0.07
7399,125,0.225,42.84,1,59.199999999999996,80.9,977,189.9,68.5,-8.78,25.938,14.242,4.197,92.0,93.1,70.0,1512,1,77.7,0.08
7400,125,0.225,42.84,1,59.3,80.9,978,189.7,68.6,-8.86,25.93,14.246,4.197,92.0,93.2,70.0,1512,1,77.7,0.07
7401,125,0.2,42.89,1,59.199999999999996,80.9,978,189.5,68.5,-8.8,25.914,14.25,4.197,92.0,93.3,70.0,1512,1,77.7,0.07
7402,125,0.2,42.58,1,59.199999999999996,80.9,978,189.2,68.5,-8.7,25.906,14.258,4.197,92.0,93.4,70.0,1512,1,77.7,0.06
7403,124,0.2,42.71,1,59.199999999999996,80.9,980,189.1,68.5,-8.82,25.914,14.258,4.197,92.0,93.5,70.0,1512,1,77.7,0.07
7404,124,0.2,42.75,1,59.199999999999996,80.9,980,188.9,68.6,-8.9,25.922,14.262,4.197,92.0,93.6,70.0,1512,1,77.7,0.07
7405,123,0.2,42.84,1,59.099999999999994,80.80000000000001,979,188.7,68.6,-8.82,25.945,14.266,4.197,92.0,93.7,70.0,1512,1,77.7,0.08
7406,123,0.2,42.86,1,59.199999999999996,80.9,979,188.5,68.5,-8.75,25.945,14.27,4.197,92.0,93.8,70.0,1512,1,77.7,0.07
7407,122,0.2,42.8,1,59.3,80.9,978,188.4,68.6,-8.76,25.906,14.27,4.197,92.0,93.9,70.0,1512,1,77.7,0.06
7408,121,0.175,42.65,1,59.3,80.9,978,188.2,68.5,-8.72,25.836,14.27,4.197,92.0,94.0,70.0,1512,1,77.8,0.07
7409,120,0.175,42.61,1,59.4,80.9,978,188.0,68.8,-8.74,25.773,14.27,4.197,93.0,94.1,70.0,1512,1,77.8,0.07
7410,119,0.175,42.83,1,59.4,80.9,977,187.9,68.6,-8.82,25.695,14.273,4.197,92.0,94.2,70.0,1513,1,77.8,0.07
7411,118,0.175,42.9,1,59.3,80.9,976,187.7,68.5,-8.79,25.602,14.273,4.197,93.0,94.3,70.0,1513,1,77.8,0.07
7412,117,0.15,42.63,1,59.3,80.9,976,187.5,68.5,-8.85,25.508,14.273,4.197,93.0,94.4,70.0,1513,1,77.8,0.08
7413,116,0.15,42.77,1,59.3,80.9,976,187.4,68.8,-8.86,25.406,14.273,4.197,93.0,94.5,70.0,1513,1,77.8,0.07
7414,115,0.15,42.7,1,59.199999999999996,80.80000000000001,976,187.3,68.6,-8.88,25.32,14.273,4.197,93.0,94.6,70.0,1513,1,77.8,0.08
7415,114,0.15,42.8,1,59.099999999999994,80.80000000000001,975,187.2,68.6,-8.86,25.242,14.273,4.197,93.0,94.7,70.0,1513,1,77.8,0.07
7416,112,0.125,42.72,1,59.199999999999996,80.9,975,187.0,68.6,-8.83,25.172,14.273,4.197,93.0,94.8,70.0,1513,1,77.8,0.08
7417,111,0.125,42.81,1,59.199999999999996,80.80000000000001,976,186.9,68.5,-8.88,25.094,14.27,4.197,93.0,94.9,70.0,1513,1,77.9,0.08
7418,110,0.125,42.51,1,59.099999999999994,80.80000000000001,975,186.7,68.4,-8.88,25.031,14.27,4.197,93.0,95.0,70.0,1513,1,77.9,0.07
7419,109,0.125,42.53,1,59.0,80.80000000000001,975,186.6,68.5,-8.84,24.984,14.27,4.197,93.0,95.1,70.0,1513,1,77.9,0.07
7420,107,0.125,42.64,1,59.0,80.80000000000001,975,186.5,68.5,-8.93,24.953,14.27,4.197,93.0,95.2,70.0,1514,1,77.9,0.08
7421,106,0.125,42.61,1,59.0,80.80000000000001,975,186.4,68.6,-8.89,24.922,14.27,4.197,94.0,95.4,70.0,1514,1,77.9,0.08
7422,105,0.1,42.64,1,59.099999999999994,80.9,976,186.3,68.6,-8.88,24.891,14.266,4.197,94.0,95.5,70.0,1514,1,77.9,0.08
7423,105,0.1,42.58,1,59.0,80.80000000000001,976,186.2,68.7,-8.99,24.859,14.266,4.197,94.0,95.6,70.0,1514,1,77.9,0.07
7424,104,0.1,42.73,1,59.0,80.80000000000001,975,186.1,68.6,-8.95,24.828,14.266,4.197,94.0,95.7,70.0,1514,1,77.9,0.08
7425,103,0.1,42.72,1,58.599999999999994,80.60000000000001,975,186.0,68.5,-9.68,24.812,14.27,4.197,94.0,95.8,70.0,1514,1,77.9,0.07
7426,102,0.1,42.32,1,56.599999999999994,79.2,967,185.9,67.9,-10.81,24.805,14.27,4.197,94.0,96.0,70.0,1514,1,77.9,0.07
7427,102,0.075,42.59,1,54.6,78.4,949,185.8,67.4,-11.05,24.805,14.27,4.197,95.0,96.1,70.0,1514,1,78.0,0.07
7428,101,0.075,42.47,1,54.0,78.4,936,185.8,67.3,-10.9,24.789,14.273,4.197,95.0,96.3,70.0,1514,1,78.0,0.07
7429,100,0.075,42.53,1,53.900000000000006,78.5,930,185.8,67.3,-10.91,24.766,14.273,4.197,95.0,96.4,70.0,1514,1,78.0,0.07
7430,99,0.075,42.75,1,53.900000000000006,78.4,927,185.8,67.3,-10.88,24.758,14.273,4.197,95.0,96.6,70.0,1514,1,78.0,0.07
7431,99,0.075,42.53,1,53.900000000000006,78.4,926,185.7,67.4,-11.09,24.742,14.273,4.197,95.0,96.7,70.0,1515,1,78.0,0.08
7432,98,0.05,42.72,1,53.7,78.3,924,185.7,67.3,-11.0,24.727,14.277,4.197,95.0,96.9,71.0,1515,1,78.0,0.08
7433,97,0.05,42.81,1,53.800000000000004,78.5,922,185.7,67.4,-10.88,24.711,14.281,4.197,95.0,97.0,71.0,1515,1,78.0,0.07
7434,96,0.05,42.45,1,53.900000000000006,78.4,922,185.7,67.2,-10.96,24.703,14.281,4.197,96.0,97.2,71.0,1515,1,78.0,0.07
7435,96,0.05,42.25,1,52.5,77.2,920,185.8,66.9,-13.23,24.688,14.281,4.197,96.0,97.4,71.0,1515,1,78.0,0.07
7436,95,0.05,42.68,1,48.5,74.6,899,185.8,65.5,-13.71,24.664,14.285,4.197,96.0,97.6,71.0,1515,1,78.1,0.08
7437,94,0.025,42.75,1,46.7,74.1,883,185.9,65.3,-13.8,24.648,14.289,4.197,96.0,97.7,71.0,1515,1,78.0,0.07
7438,94,0.025,42.92,1,46.2,74.0,881,186.0,65.1,-13.78,24.641,14.289,4.197,96.0,97.9,71.0,1515,1,78.0,0.08
7439,93,0.025,42.89,1,46.0,74.0,882,186.2,65.4,-13.78,24.617,14.293,4.197,96.0,98.1,71.0,1515,1,78.0,0.08
7440,93,0.025,42.8,1,45.9,74.0,884,186.2,65.2,-13.79,24.602,14.293,4.197,97.0,98.3,71.0,1515,1,78.1,0.08
7441,92,0.025,42.8,1,45.9,74.0,885,186.3,65.2,-13.76,24.594,14.293,4.197,97.0,98.4,71.0,1515,1,78.1,0.08
7442,91,0.0,42.9,1,46.0,74.0,886,186.4,65.1,-13.76,24.594,14.297,4.197,97.0,98.6,71.0,1516,1,78.1,0.08
7443,91,0.0,43.07,1,46.0,74.0,886,186.4,65.3,-13.77,24.594,14.301,4.197,97.0,98.8,71.0,1516,1,78.1,0.08
7444,91,0.0,42.91,1,45.9,74.0,886,186.5,65.4,-13.82,24.594,14.305,4.197,98.0,99.0,71.0,1516,1,78.1,0.08
7445,90,0.0,43.01,1,46.400000000000006,74.6,886,186.6,65.7,-11.9,24.602,14.309,4.197,98.0,99.2,71.0,1516,1,78.1,0.07
7446,89,0.0,42.7,1,50.2,77.60000000000001,907,186.7,66.6,-10.93,24.617,14.312,4.197,98.0,99.4,71.0,1516,1,78.1,0.06
7447,89,0.0,42.56,1,53.7,79.10000000000001,933,186.8,67.7,-9.5,24.656,14.316,4.197,98.0,99.6,71.0,1516,1,78.1,0.07
7448,88,0.0,42.82,1,56.39999999999999,80.0,950,187.0,68.2,-9.48,24.695,14.316,4.197,98.0,99.8,71.0,1516,1,78.1,0.07
7449,88,0.0,42.71,1,57.599999999999994,80.5,956,187.0,68.4,-8.26,24.719,14.316,4.197,98.0,100.0,71.0,1516,1,78.1,0.07
7450,88,0.0,42.87,1,59.699999999999996,81.5,967,187.1,68.9,-8.14,24.758,14.32,4.197,99.0,100.2,71.0,1516,1,78.1,0.07
7451,88,0.0,42.94,1,60.0,81.3,978,187.2,69.0,-8.7,24.797,14.32,4.197,99.0,100.4,71.0,1516,1,78.1,0.06
7452,88,0.0,42.55,1,59.4,81.0,979,187.2,68.8,-8.8,24.828,14.324,4.197,99.0,100.6,71.0,1516,1,78.1,0.07
7453,88,0.0,42.9,1,59.0,80.9,976,187.2,68.7,-8.76,24.844,14.332,4.197,99.0,100.8,71.0,1516,1,78.2,0.07
7454,88,0.0,42.63,1,59.0,80.9,975,187.1,68.6,-8.82,24.859,14.336,4.197,99.0,101.0,71.0,1517,1,78.2,0.07
7455,88,0.0,41.8,1,57.8,80.2,974,186.9,68.5,-22.14,24.875,14.336,4.197,100.0,101.1,71.0,1517,1,78.2,0.08
7456,87,0.0,42.76,1,50.4,74.1,952,186.7,65.7,-22.43,24.875,14.34,4.197,100.0,101.3,71.0,1517,1,78.2,0.07
7457,87,0.0,40.29,1,43.6,70.19999999999999,903,186.5,63.9,-22.31,24.859,14.344,4.197,100.0,101.5,71.0,1517,1,78.2,0.08
7458,86,0.0,36.72,1,39.2,67.5,863,186.3,62.5,-22.36,24.844,14.348,4.197,100.0,101.7,71.0,1517,1,78.2,0.07
7459,84,0.0,32.65,1,36.199999999999996,65.3,837,186.2,61.2,-22.25,24.844,14.344,4.197,100.0,101.8,71.0,1517,1,78.2,0.08
7460,83,0.0,29.18,1,33.900000000000006,63.3,820,186.0,60.0,-22.38,24.852,14.344,4.197,100.0,101.9,71.0,1517,1,78.2,0.07
7461,81,0.0,26.45,1,32.0,61.5,807,185.9,58.5,-22.36,24.867,14.34,4.197,100.0,102.0,71.0,1517,1,78.2,0.08
7462,79,0.0,25.98,1,30.7,60.699999999999996,800,185.8,57.7,-22.41,24.883,14.336,4.197,100.0,102.0,71.0,1517,1,78.2,0.08
7463,78,0.0,25.61,1,30.2,60.699999999999996,804,185.6,57.6,-22.39,24.898,14.332,4.197,100.0,102.0,71.0,1517,1,78.2,0.08
7464,75,0.0,25.56,1,30.0,60.6,812,185.5,57.5,-22.35,24.93,14.324,4.197,100.0,102.0,71.0,1517,1,78.2,0.08
7465,73,0.0,23.28,1,29.5,59.599999999999994,817,185.4,56.6,-22.38,24.953,14.316,4.197,100.0,102.0,71.0,1517,1,78.2,0.08
7466,70,0.0,20.81,1,28.299999999999997,57.599999999999994,809,185.5,57.8,-22.37,24.961,14.309,4.197,100.0,102.0,71.0,1518,1,78.2,0.08
7467,67,0.0,18.88,1,27.0,55.800000000000004,799,185.8,55.2,-22.42,24.977,14.301,4.197,100.0,102.0,71.0,1518,1,78.2,0.08
7468,62,0.0,17.16,1,25.7,54.1,790,186.1,53.2,-22.38,24.992,14.293,4.197,100.0,102.0,71.0,1518,1,78.2,0.08
7469,57,0.0,16.86,1,24.8,53.400000000000006,788,186.4,52.3,-22.36,24.992,14.281,4.197,100.0,101.9,71.0,1518,1,78.2,0.08
7470,52,0.0,16.66,1,24.5,53.400000000000006,797,186.6,52.5,-22.39,24.984,14.27,4.197,100.0,101.8,71.0,1518,1,78.2,0.08
7471,47,0.0,16.45,1,24.3,53.400000000000006,810,186.9,52.5,-22.39,24.977,14.258,4.197,100.0,101.7,71.0,1518,1,78.2,0.07
7472,42,0.0,16.29,1,24.2,53.400000000000006,822,187.1,52.4,-22.39,24.961,14.25,4.197,100.0,101.6,71.0,1518,1,78.2,0.08
7473,37,0.0,16.04,1,24.2,53.300000000000004,831,187.3,52.3,-22.41,24.945,14.238,4.197,100.0,101.5,71.0,1518,1,78.3,0.08
7474,32,0.0,15.92,1,24.2,53.400000000000006,838,187.5,52.3,-22.38,24.938,14.23,4.197,100.0,101.3,71.0,1518,1,78.3,0.08
7475,27,0.0,15.67,1,24.2,53.400000000000006,843,187.7,52.5,-22.42,24.93,14.223,4.197,99.0,101.1,71.0,1518,1,78.3,0.08
7476,23,0.0,15.68,1,24.2,53.400000000000006,847,188.0,52.5,-22.4,24.922,14.219,4.197,99.0,100.9,71.0,1518,1,78.3,0.07
7477,20,0.0,15.66,1,24.099999999999998,53.400000000000006,851,188.2,52.4,-22.41,24.914,14.215,4.197,99.0,100.7,71.0,1518,1,78.3,0.07
7478,18,0.0,15.7,1,24.2,53.400000000000006,852,188.4,52.4,-22.39,24.906,14.211,4.197,98.0,100.4,71.0,1518,1,78.3,0.07
7479,17,0.0,15.72,1,24.2,53.400000000000006,854,188.6,52.5,-22.39,24.891,14.207,4.197,98.0,100.2,71.0,1519,1,78.3,0.08
7480,16,0.0,15.71,1,24.2,53.400000000000006,855,188.7,52.5,-22.24,24.875,14.207,4.197,98.0,99.9,71.0,1519,1,78.3,0.07
7481,15,0.0,15.69,1,24.2,53.400000000000006,855,188.8,52.3,-22.23,24.852,14.207,4.197,98.0,99.7,71.0,1519,1,78.3,0.07
7482,14,0.0,15.71,1,24.2,53.400000000000006,854,188.9,52.5,-22.24,24.82,14.203,4.197,97.0,99.4,71.0,1519,1,78.3,0.07
7483,13,0.0,15.7,1,24.2,53.400000000000006,854,189.0,52.5,-22.24,24.805,14.203,4.197,97.0,99.1,71.0,1519,1,78.3,0.07
7484,13,0.0,15.71,1,24.2,53.400000000000006,854,189.0,52.5,-22.18,24.781,14.203,4.197,96.0,98.8,71.0,1519,1,78.3,0.07
7485,13,0.0,15.71,1,24.2,53.400000000000006,853,189.1,52.5,-22.18,24.758,14.203,4.197,96.0,98.5,71.0,1519,1,78.3,0.08
7486,12,0.0,15.7,1,24.3,53.400000000000006,853,189.2,52.5,-22.23,24.742,14.203,4.197,96.0,98.2,71.0,1519,1,78.3,0.08
7487,11,0.0,15.75,1,24.3,53.400000000000006,853,189.2,52.5,-22.21,24.727,14.203,4.197,96.0,97.9,71.0,1519,1,78.3,0.08
7488,10,0.0,15.77,1,24.3,53.400000000000006,852,189.2,52.5,-22.17,24.719,14.203,4.197,95.0,97.6,71.0,1519,1,78.3,0.08
7489,10,0.0,16.76,1,24.6,53.7,852,189.2,52.9,-16.98,24.703,14.203,4.197,95.0,97.3,71.0,1519,1,78.3,0.07
7490,10,0.0,23.19,1,27.3,59.9,886,189.2,61.2,-17.55,24.695,14.203,4.197,95.0,97.1,71.0,1519,1,78.3,0.07
7491,10,0.0,23.2,1,29.2,60.6,939,189.2,62.1,-17.53,24.695,14.203,4.197,94.0,96.8,71.0,1519,1,78.4,0.07
7492,9,0.0,23.54,1,29.9,60.6,930,189.3,62.1,-17.39,24.695,14.199,4.197,94.0,96.5,71.0,1519,1,78.3,0.08
7493,9,0.0,23.75,1,30.2,60.6,905,189.4,62.4,-17.52,24.719,14.203,4.197,94.0,96.3,71.0,1520,1,78.4,0.07
7494,9,0.0,24.06,1,30.2,60.6,882,189.4,62.4,-17.52,24.75,14.203,4.197,94.0,96.1,71.0,1520,1,78.4,0.07
7495,9,0.0,24.26,1,30.2,60.6,866,189.4,62.5,-17.52,24.781,14.203,4.197,93.0,95.9,71.0,1520,1,78.4,0.08
7496,9,0.0,24.45,1,30.2,60.6,852,189.4,62.4,-17.5,24.82,14.203,4.197,93.0,95.7,71.0,1520,1,78.4,0.08
7497,9,0.0,24.63,1,30.2,60.6,844,189.4,62.4,-17.54,24.852,14.203,4.197,93.0,95.5,71.0,1520,1,78.4,0.08
7498,9,0.0,24.59,1,30.2,60.5,838,189.4,62.3,-17.56,24.883,14.203,4.197,93.0,95.4,71.0,1520,1,78.4,0.07
7499,9,0.0,24.64,1,30.2,60.5,833,189.3,62.2,-17.56,24.898,14.203,4.197,93.0,95.2,71.0,1520,1,78.4,0.07
7500,9,0.0,24.67,1,30.2,60.5,829,189.2,62.5,-17.56,24.914,14.203,4.197,92.0,95.1,71.0,1520,1,78.4,0.07
7501,9,0.0,24.49,1,30.2,60.5,827,189.1,62.2,-17.57,24.914,14.203,4.197,92.0,94.9,71.0,1520,1,78.4,0.08
7502,9,0.0,24.59,1,30.2,60.5,826,188.9,62.3,-17.55,24.922,14.203,4.197,92.0,94.8,71.0,1520,1,78.4,0.08
7503,9,0.0,24.6,1,30.2,60.5,824,188.8,62.4,-17.43,24.914,14.203,4.197,92.0,94.6,71.0,1520,1,78.4,0.08
7504,9,0.0,28.93,1,30.8,62.2,826,188.7,64.5,-15.47,24.906,14.203,4.197,92.0,94.5,71.0,1520,1,78.4,0.08
7505,9,0.0,32.13,1,33.4,65.5,853,188.6,69.1,-15.23,24.898,14.203,4.197,92.0,94.4,71.0,1520,1,78.4,0.07
7506,9,0.0,32.87,1,34.699999999999996,65.9,870,188.6,69.9,-15.21,24.891,14.203,4.197,92.0,94.3,71.0,1521,1,78.4,0.09
7507,9,0.0,33.44,1,35.199999999999996,66.0,865,188.5,70.0,-15.19,24.891,14.203,4.197,92.0,94.2,71.0,1521,1,78.4,0.08
7508,9,0.0,33.67,1,35.4,66.0,855,188.5,70.0,-15.2,24.875,14.203,4.197,92.0,94.1,71.0,1521,1,78.4,0.08
7509,9,0.0,33.91,1,35.5,66.0,846,188.4,70.2,-15.2,24.852,14.203,4.197,92.0,94.0,71.0,1521,1,78.4,0.07
7510,10,0.0,34.01,1,35.5,66.0,838,188.4,70.3,-15.19,24.812,14.203,4.197,91.0,94.0,72.0,1521,1,78.4,0.08
7511,10,0.0,34.11,1,35.5,66.0,834,188.3,70.3,-15.17,24.781,14.203,4.197,92.0,93.9,72.0,1521,1,78.4,0.07
7512,10,0.0,33.76,1,35.5,65.9,830,188.3,70.1,-15.19,24.734,14.203,4.197,92.0,93.8,72.0,1521,1,78.4,0.08
7513,10,0.0,34.14,1,35.5,66.10000000000001,827,188.1,70.3,-15.15,24.695,14.203,4.197,91.0,93.7,72.0,1521,1,78.4,0.07
7514,9,0.0,34.33,1,35.5,66.10000000000001,827,188.0,70.3,-15.12,24.656,14.203,4.197,91.0,93.7,72.0,1521,1,78.4,0.08
7515,9,0.0,34.25,1,35.6,66.2,826,187.8,70.4,-15.1,24.625,14.203,4.197,91.0,93.6,72.0,1521,1,78.4,0.09
7516,9,0.0,34.31,1,35.6,66.2,826,187.7,70.4,-15.11,24.586,14.207,4.197,91.0,93.5,72.0,1521,1,78.4,0.09
7517,9,0.0,34.44,1,35.6,66.2,825,187.5,70.7,-15.06,24.555,14.203,4.197,91.0,93.5,72.0,1521,1,78.4,0.08
7518,9,0.0,34.16,1,35.6,66.2,825,187.4,70.7,-15.08,24.531,14.203,4.197,91.0,93.4,72.0,1521,1,78.4,0.08
7519,9,0.0,34.36,1,35.6,66.2,825,187.2,70.7,-15.09,24.508,14.203,4.197,91.0,93.3,72.0,1521,1,78.4,0.08
7520,9,0.0,34.23,1,35.6,66.2,826,187.1,70.7,-15.09,24.492,14.203,4.197,91.0,93.3,72.0,1522,1,78.5,0.08
7521,10,0.0,34.21,1,35.6,66.2,825,187.0,70.6,-15.14,24.484,14.203,4.197,91.0,93.2,72.0,1522,1,78.5,0.08
7522,10,0.0,34.26,1,35.5,66.2,825,186.9,70.9,-15.09,24.469,14.203,4.197,91.0,93.1,72.0,1522,1,78.5,0.08
7523,11,0.0,34.16,1,35.5,66.2,825,186.8,70.7,-15.1,24.461,14.207,4.197,91.0,93.1,72.0,1522,1,78.5,0.09
7524,11,0.0,34.36,1,35.6,66.3,825,186.6,71.0,-15.07,24.461,14.207,4.197,91.0,93.0,72.0,1522,1,78.4,0.08
7525,11,0.0,34.09,1,35.5,66.10000000000001,826,186.5,70.7,-15.14,24.469,14.207,4.197,91.0,93.0,72.0,1522,1,78.5,0.08
7526,12,0.0,34.13,1,35.5,66.10000000000001,825,186.4,70.7,-15.14,24.469,14.207,4.197,91.0,92.9,72.0,1522,1,78.5,0.08
7527,12,0.0,34.25,1,35.5,66.2,825,186.3,70.9,-15.1,24.469,14.207,4.197,91.0,92.9,72.0,1522,1,78.5,0.09
7528,12,0.0,34.3,1,35.5,66.2,825,186.2,70.7,-15.11,24.461,14.207,4.197,91.0,92.8,72.0,1522,1,78.5,0.09
7529,12,0.0,34.14,1,35.5,66.10000000000001,825,186.1,70.8,-15.08,24.453,14.207,4.197,90.0,92.8,72.0,1522,1,78.5,0.09
7530,12,0.0,34.26,1,35.5,66.2,824,186.0,70.9,-15.12,24.438,14.207,4.197,90.0,92.7,72.0,1522,1,78.5,0.09
7531,13,0.0,34.21,1,35.5,66.2,824,185.9,70.9,-15.11,24.43,14.207,4.197,90.0,92.7,72.0,1522,1,78.5,0.09
7532,13,0.0,34.29,1,35.5,66.2,824,185.8,70.9,-15.09,24.414,14.207,4.197,90.0,92.6,72.0,1522,1,78.5,0.09
7533,13,0.0,34.48,1,35.6,66.3,825,185.6,71.0,-15.04,24.398,14.207,4.197,90.0,92.6,72.0,1523,1,78.5,0.08
7534,13,0.0,34.47,1,35.6,66.3,825,185.6,71.3,-15.16,24.391,14.207,4.197,91.0,92.6,72.0,1523,1,78.5,0.09
7535,13,0.0,34.0,1,35.5,66.10000000000001,825,185.5,70.7,-15.18,24.391,14.207,4.197,90.0,92.5,72.0,1523,1,78.5,0.09
7536,13,0.0,34.04,1,35.4,66.10000000000001,825,185.4,70.8,-15.09,24.398,14.207,4.198,90.0,92.5,72.0,1523,1,78.5,0.08
7537,13,0.0,34.2,1,35.5,66.2,826,185.3,71.0,-15.82,24.414,14.207,4.197,90.0,92.5,72.0,1523,1,78.5,0.09
7538,14,0.0,29.38,1,34.0,64.0,822,185.3,68.2,-22.44,24.422,14.203,4.197,90.0,92.5,72.0,1523,1,78.5,0.09
7539,14,0.0,26.0,1,31.900000000000002,61.4,804,185.2,64.5,-22.38,24.422,14.207,4.197,90.0,92.4,72.0,1523,1,78.5,0.09
7540,14,0.0,23.15,1,30.0,59.4,788,185.1,61.7,-22.48,24.422,14.207,4.198,90.0,92.3,72.0,1523,1,78.5,0.09
7541,14,0.0,20.96,1,28.299999999999997,57.49999999999999,778,185.0,59.2,-22.42,24.445,14.207,4.197,90.0,92.3,72.0,1523,1,78.5,0.09
7542,14,0.0,19.1,1,27.0,55.900000000000006,773,184.8,57.1,-22.43,24.484,14.207,4.197,90.0,92.1,72.0,1523,1,78.5,0.09
7543,13,0.0,17.42,1,25.7,54.300000000000004,771,184.7,55.0,-22.43,24.508,14.207,4.197,90.0,92.1,72.0,1523,1,78.5,0.09
7544,13,0.0,16.95,1,24.8,53.400000000000006,771,184.5,53.9,-22.41,24.531,14.211,4.197,90.0,91.9,72.0,1523,1,78.5,0.1
7545,13,0.0,16.76,1,24.4,53.400000000000006,781,184.4,53.8,-22.4,24.547,14.207,4.197,90.0,91.8,72.0,1523,1,78.5,0.09
7546,13,0.0,16.55,1,24.3,53.400000000000006,796,184.2,53.7,-22.41,24.562,14.207,4.197,89.0,91.7,72.0,1523,1,78.5,0.1
7547,13,0.0,16.44,1,24.2,53.400000000000006,809,184.0,53.7,-22.41,24.586,14.207,4.197,89.0,91.6,72.0,1524,1,78.5,0.1
7548,12,0.0,16.24,1,24.2,53.400000000000006,819,184.0,54.0,-22.41,24.602,14.207,4.197,89.0,91.4,72.0,1524,1,78.5,0.09
7549,11,0.0,16.03,1,24.2,53.400000000000006,826,183.9,54.1,-22.41,24.617,14.207,4.197,89.0,91.2,72.0,1524,1,78.5,0.1
7550,10,0.0,15.8,1,24.2,53.400000000000006,832,183.9,54.0,-22.44,24.625,14.207,4.197,88.0,91.1,72.0,1524,1,78.5,0.08
7551,10,0.0,15.66,1,24.2,53.400000000000006,836,183.9,54.3,-22.41,24.656,14.207,4.197,88.0,90.9,72.0,1524,1,78.5,0.08
7552,9,0.0,15.74,1,24.2,53.400000000000006,840,183.9,54.3,-22.39,24.688,14.207,4.197,88.0,90.8,72.0,1524,1,78.5,0.08
7553,9,0.0,15.78,1,24.2,53.400000000000006,842,183.9,54.3,-22.41,24.719,14.207,4.197,88.0,90.6,72.0,1524,1,78.5,0.09
7554,9,0.0,15.8,1,24.2,53.400000000000006,843,183.9,54.2,-22.39,24.75,14.207,4.197,88.0,90.5,72.0,1524,1,78.5,0.09
7555,8,0.0,15.78,1,24.2,53.400000000000006,844,183.9,54.3,-22.41,24.766,14.207,4.197,87.0,90.4,72.0,1524,1,78.5,0.09
7556,8,0.0,15.76,1,24.2,53.400000000000006,845,183.9,54.2,-22.42,24.781,14.207,4.197,88.0,90.2,72.0,1524,1,78.5,0.09
7557,8,0.0,16.56,1,24.5,53.6,845,183.9,54.4,-16.07,24.797,14.207,4.197,87.0,90.1,72.0,1524,1,78.5,0.09
7558,7,0.0,26.15,1,27.700000000000003,60.9,881,183.9,64.2,-16.17,24.812,14.207,4.197,87.0,90.0,72.0,1524,1,78.6,0.08
7559,7,0.0,27.74,1,31.3,63.7,962,183.9,68.0,-16.16,24.82,14.207,4.197,87.0,89.9,72.0,1524,1,78.6,0.07
7560,6,0.0,28.47,1,32.6,63.7,964,183.9,68.2,-16.17,24.82,14.207,4.197,87.0,89.9,72.0,1524,1,78.6,0.08
7561,6,0.0,28.72,1,33.0,63.6,931,184.0,68.1,-16.29,24.805,14.203,4.197,87.0,89.9,72.0,1525,1,78.5,0.08
7562,6,0.0,28.38,1,33.0,63.3,898,184.0,67.6,-16.42,24.781,14.207,4.197,87.0,89.9,72.0,1525,1,78.6,0.08
7563,6,0.0,28.51,1,32.800000000000004,63.1,873,184.1,67.4,-16.43,24.75,14.207,4.197,87.0,89.9,72.0,1525,1,78.6,0.08
7564,7,0.0,28.59,1,32.7,63.1,855,184.1,67.6,-16.43,24.727,14.207,4.197,87.0,89.9,72.0,1525,1,78.6,0.08
7565,7,0.0,28.71,1,32.6,63.1,844,184.1,67.3,-16.42,24.703,14.207,4.197,87.0,90.0,72.0,1525,1,78.6,0.07
7566,7,0.0,28.74,1,32.5,63.1,837,184.0,67.5,-16.42,24.695,14.207,4.197,87.0,90.0,72.0,1525,1,78.6,0.08
7567,7,0.0,28.8,1,32.5,63.1,832,183.9,67.5,-16.43,24.695,14.207,4.197,88.0,90.1,72.0,1525,1,78.6,0.08
7568,7,0.0,28.79,1,32.5,63.1,829,183.6,67.5,-16.45,24.688,14.207,4.197,87.0,90.1,72.0,1525,1,78.6,0.08
7569,7,0.0,28.75,1,32.5,63.1,826,183.4,67.5,-16.43,24.68,14.207,4.197,88.0,90.1,72.0,1525,1,78.6,0.07
7570,7,0.0,28.75,1,32.4,63.1,824,183.2,67.6,-16.42,24.672,14.207,4.197,87.0,90.2,72.0,1525,1,78.6,0.07
7571,7,0.0,28.77,1,32.4,63.1,823,183.0,67.8,-16.43,24.672,14.207,4.197,88.0,90.2,72.0,1525,1,78.6,0.07
7572,8,0.0,28.81,1,32.4,63.1,822,182.8,67.6,-16.45,24.672,14.207,4.197,88.0,90.2,72.0,1525,1,78.6,0.07
7573,8,0.0,28.72,1,32.4,63.1,822,182.7,67.6,-16.42,24.664,14.207,4.198,88.0,90.2,72.0,1525,1,78.6,0.07
7574,8,0.0,28.71,1,32.4,63.1,822,182.5,67.6,-16.41,24.656,14.207,4.197,88.0,90.2,72.0,1525,1,78.6,0.08
7575,8,0.0,28.73,1,32.4,63.1,822,182.4,67.7,-16.42,24.648,14.207,4.197,88.0,90.2,72.0,1526,1,78.6,0.08
7576,9,0.0,28.75,1,32.4,63.1,822,182.2,67.6,-16.57,24.656,14.207,4.197,88.0,90.2,72.0,1526,1,78.6,0.08
7577,9,0.0,23.87,1,31.0,60.699999999999996,818,182.1,64.2,-22.38,24.664,14.207,4.197,88.0,90.3,72.0,1526,1,78.6,0.08
7578,9,0.0,20.26,1,28.7,57.49999999999999,796,182.0,59.9,-22.41,24.672,14.211,4.197,88.0,90.2,72.0,1526,1,78.6,0.08
7579,9,0.0,17.78,1,26.700000000000003,54.900000000000006,776,181.9,56.5,-22.38,24.68,14.211,4.197,88.0,90.2,72.0,1526,1,78.6,0.08
7580,9,0.0,16.98,1,25.3,53.5,765,181.8,54.6,-22.36,24.695,14.211,4.197,88.0,90.1,73.0,1526,1,78.6,0.08
7581,9,0.0,16.81,1,24.6,53.400000000000006,771,181.7,54.5,-22.43,24.711,14.211,4.197,88.0,90.1,73.0,1526,1,78.6,0.08
7582,9,0.0,16.54,1,24.4,53.400000000000006,787,181.5,54.4,-22.43,24.727,14.211,4.197,87.0,90.0,72.0,1526,1,78.6,0.07
7583,9,0.0,16.31,1,24.2,53.400000000000006,802,181.4,54.6,-22.4,24.734,14.211,4.197,87.0,89.9,73.0,1526,1,78.6,0.07
7584,9,0.0,16.21,1,24.2,53.400000000000006,814,181.2,54.6,-22.42,24.758,14.211,4.197,87.0,89.8,73.0,1526,1,78.6,0.08
7585,9,0.0,15.95,1,24.2,53.400000000000006,824,181.1,54.6,-22.4,24.781,14.211,4.197,87.0,89.8,73.0,1526,1,78.6,0.07
7586,9,0.0,15.85,1,24.2,53.400000000000006,831,181.0,54.7,-22.41,24.797,14.211,4.197,87.0,89.7,73.0,1526,1,78.6,0.08
7587,8,0.0,15.77,1,24.2,53.400000000000006,836,181.0,54.8,-22.4,24.805,14.211,4.197,87.0,89.6,73.0,1526,1,78.6,0.08
7588,7,0.0,15.82,1,24.2,53.400000000000006,839,180.9,55.0,-22.41,24.82,14.211,4.197,87.0,89.5,73.0,1527,1,78.6,0.08
7589,6,0.0,15.83,1,24.2,53.400000000000006,842,180.9,55.0,-22.4,24.82,14.211,4.197,87.0,89.4,73.0,1527,1,78.6,0.08
7590,6,0.0,15.88,1,24.2,53.400000000000006,842,180.9,54.9,-22.41,24.828,14.211,4.197,87.0,89.3,73.0,1527,1,78.6,0.07
7591,6,0.0,15.82,1,24.3,53.400000000000006,843,180.9,54.9,-22.4,24.828,14.211,4.197,86.0,89.2,73.0,1527,1,78.6,0.08
7592,6,0.0,15.84,1,24.3,53.400000000000006,844,180.9,55.0,-22.41,24.828,14.211,4.197,87.0,89.1,73.0,1527,1,78.6,0.07
7593,5,0.0,15.83,1,24.3,53.400000000000006,844,180.9,54.9,-22.4,24.828,14.211,4.197,86.0,89.0,73.0,1527,1,78.6,0.07
7594,5,0.0,15.8,1,24.3,53.400000000000006,845,180.8,54.7,-22.41,24.836,14.211,4.197,86.0,89.0,73.0,1527,1,78.6,0.07
7595,5,0.0,15.75,1,24.3,53.400000000000006,846,180.8,54.8,-22.43,24.852,14.211,4.197,86.0,88.9,73.0,1527,1,78.6,0.07
7596,4,0.0,15.85,1,24.3,53.400000000000006,846,180.8,54.9,-22.41,24.867,14.211,4.197,86.0,88.8,73.0,1527,1,78.6,0.08
7597,4,0.0,15.85,1,24.3,53.400000000000006,846,180.7,54.7,-22.4,24.891,14.207,4.197,86.0,88.8,73.0,1527,1,78.6,0.07
7598,2,0.0,15.83,1,24.3,53.400000000000006,846,180.7,54.9,-22.39,24.898,14.211,4.197,86.0,88.7,73.0,1527,1,78.6,0.08
7599,1,0.0,15.81,1,24.3,53.400000000000006,846,180.6,54.9,-22.43,24.906,14.211,4.198,86.0,88.7,73.0,1527,1,78.6,0.07
7600,0,0.0,15.79,1,24.3,53.400000000000006,846,180.6,54.9,-22.42,24.914,14.211,4.197,86.0,88.6,73.0,1527,1,78.6,0.07
7601,0,0.0,15.8,1,24.3,53.400000000000006,846,180.5,54.9,-22.42,24.922,14.211,4.197,86.0,88.6,73.0,1528,1,78.6,0.08
7602,0,0.0,15.81,1,24.4,53.400000000000006,847,180.5,54.9,-22.42,24.938,14.211,4.197,86.0,88.5,73.0,1528,1,78.7,0.08
7603,0,0.0,15.83,1,24.3,53.400000000000006,847,180.4,55.0,-22.42,24.961,14.211,4.197,86.0,88.5,73.0,1528,1,78.6,0.08
7604,0,0.0,15.8,1,24.3,53.400000000000006,847,180.4,54.9,-22.39,24.984,14.207,4.197,86.0,88.4,73.0,1528,1,78.7,0.07
7605,0,0.0,15.85,1,24.3,53.400000000000006,847,180.3,54.9,-22.39,25.008,14.207,4.197,86.0,88.4,73.0,1528,1,78.6,0.08
7606,0,0.0,15.8,1,24.4,53.400000000000006,847,180.2,54.9,-22.39,25.023,14.207,4.197,86.0,88.4,73.0,1528,1,78.6,0.07
7607,0,0.0,15.82,1,24.4,53.400000000000006,848,180.1,55.0,-22.42,25.047,14.207,4.197,86.0,88.3,73.0,1528,1,78.6,0.06
7608,0,0.0,15.78,1,24.4,53.400000000000006,848,180.1,55.0,-22.4,25.07,14.207,4.197,85.0,88.3,73.0,1528,1,78.7,0.07
7609,0,0.0,15.8,1,24.3,53.400000000000006,848,180.0,55.0,-22.41,25.102,14.203,4.197,86.0,88.3,73.0,1528,1,78.6,0.07
7610,0,0.0,15.85,1,24.4,53.400000000000006,848,179.9,55.1,-22.4,25.133,14.199,4.197,85.0,88.2,73.0,1528,1,78.7,0.07
7611,0,0.0,15.86,1,24.4,53.400000000000006,848,179.8,55.1,-22.41,25.148,14.195,4.197,86.0,88.2,73.0,1528,1,78.7,0.07
7612,0,0.0,15.88,1,24.4,53.400000000000006,847,179.7,55.1,-22.42,25.156,14.195,4.197,85.0,88.2,73.0,1528,1,78.6,0.08
7613,0,0.0,15.88,1,24.4,53.400000000000006,846,179.6,55.0,-22.42,25.133,14.195,4.197,85.0,88.1,73.0,1528,1,78.7,0.07
7614,0,0.0,15.9,1,24.4,53.400000000000006,846,179.5,55.3,-22.41,25.102,14.195,4.197,85.0,88.1,73.0,1529,1,78.7,0.08
7615,0,0.0,15.81,1,24.4,53.400000000000006,846,179.4,55.0,-22.39,25.07,14.195,4.197,85.0,88.1,73.0,1529,1,78.7,0.09
7616,0,0.0,15.82,1,24.3,53.400000000000006,846,179.3,55.4,-22.42,25.047,14.195,4.197,85.0,88.0,73.0,1529,1,78.7,0.07
7617,0,0.0,15.83,1,24.3,53.400000000000006,846,179.3,55.3,-22.42,25.023,14.195,4.198,85.0,88.0,73.0,1529,1,78.7,0.07
7618,0,0.0,15.85,1,24.3,53.400000000000006,846,179.2,55.3,-22.4,25.008,14.191,4.197,85.0,88.0,73.0,1529,1,78.7,0.07
7619,0,0.0,15.91,1,24.3,53.400000000000006,846,179.1,55.3,-22.41,25.0,14.191,4.198,85.0,87.9,73.0,1529,1,78.7,0.08
7620,0,0.0,15.88,1,24.3,53.400000000000006,846,179.0,55.3,-22.42,24.984,14.195,4.197,85.0,87.9,73.0,1529,1,78.7,0.08
7621,0,0.0,15.92,1,24.3,53.400000000000006,846,178.9,55.2,-22.41,24.961,14.195,4.197,85.0,87.9,73.0,1529,1,78.7,0.07
7622,0,0.0,15.9,1,24.3,53.400000000000006,845,178.8,55.3,-22.42,24.93,14.195,4.197,85.0,87.8,73.0,1529,1,78.7,0.07
7623,0,0.0,15.91,1,24.4,53.400000000000006,845,178.7,55.4,-22.41,24.898,14.199,4.197,85.0,87.8,73.0,1529,1,78.7,0.07
7624,0,0.0,15.9,1,24.4,53.400000000000006,845,178.7,55.3,-22.4,24.859,14.203,4.198,85.0,87.8,73.0,1529,1,78.7,0.06
7625,0,0.0,2.64,0,24.4,53.5,845,178.5,55.4,-22.4,24.828,14.207,4.197,85.0,87.7,73.0,1529,1,78.7,0.07
7626,0,0.0,1.93,0,24.4,53.400000000000006,841,178.5,55.5,-22.42,24.797,14.207,4.197,85.0,87.7,73.0,1529,1,78.7,0.07
7627,0,0.0,1.51,0,24.4,53.400000000000006,836,178.3,55.3,-22.41,24.766,14.207,4.197,85.0,87.5,73.0,1530,1,78.7,0.09
7628,0,0.0,0.49,0,24.4,53.400000000000006,832,178.2,55.5,-22.42,24.742,14.207,4.197,85.0,87.5,73.0,1530,1,78.7,0.09
7629,0,0.0,0.49,0,24.4,53.400000000000006,827,178.1,55.4,-22.43,24.711,14.211,4.198,85.0,87.4,73.0,1530,1,78.7,0.08
7630,0,0.0,0.49,0,24.4,53.400000000000006,821,178.0,55.4,-22.39,24.68,14.211,4.197,85.0,87.3,73.0,1530,1,78.7,0.08
7631,0,0.0,0.5,0,24.5,53.400000000000006,817,178.0,55.4,-22.42,24.672,14.211,4.198,85.0,87.2,73.0,1530,1,78.7,0.08
7632,0,0.0,0.49,0,24.4,53.400000000000006,813,177.9,55.4,-22.43,24.656,14.211,4.197,84.0,87.2,73.0,1530,1,78.7,0.07
7633,0,0.0,0.49,0,24.4,53.400000000000006,811,177.8,55.6,-22.42,24.641,14.211,4.197,85.0,87.1,73.0,1530,1,78.7,0.07
7634,0,0.0,0.49,0,24.4,53.400000000000006,809,177.7,55.3,-22.4,24.625,14.207,4.198,84.0,87.1,73.0,1530,1,78.7,0.07
7635,0,0.0,0.5,0,24.5,53.400000000000006,807,177.6,55.6,-22.41,24.609,14.211,4.197,84.0,87.1,73.0,1530,1,78.7,0.07
7636,0,0.0,0.5,0,24.5,53.400000000000006,806,177.6,55.5,-22.42,24.609,14.207,4.197,85.0,87.1,73.0,1530,1,78.7,0.08
7637,0,0.0,0.49,0,24.5,53.400000000000006,805,177.5,55.6,-22.4,24.617,14.211,4.197,84.0,87.0,73.0,1530,1,78.7,0.08
7638,0,0.0,0.49,0,24.5,53.400000000000006,805,177.5,55.5,-22.4,24.633,14.211,4.197,84.0,87.0,73.0,1530,1,78.7,0.08
7639,0,0.0,0.49,0,24.5,53.400000000000006,804,177.4,55.6,-22.41,24.656,14.211,4.197,84.0,87.0,73.0,1530,1,78.7,0.07
7640,0,0.0,0.48,0,24.5,53.400000000000006,805,177.3,55.6,-22.4,24.68,14.211,4.197,85.0,87.0,73.0,1531,1,78.7,0.08
7641,0,0.0,0.47,0,24.5,53.400000000000006,805,177.3,55.5,-22.4,24.719,14.207,4.197,85.0,87.0,73.0,1531,1,78.7,0.08
7642,0,0.0,0.48,0,24.5,53.400000000000006,805,177.2,55.6,-22.41,24.758,14.203,4.197,85.0,87.0,73.0,1531,1,78.7,0.09
7643,0,0.0,0.49,0,24.5,53.400000000000006,805,177.2,55.6,-22.41,24.781,14.203,4.197,84.0,87.0,73.0,1531,1,78.7,0.08
7644,0,0.0,0.47,0,24.5,53.400000000000006,804,177.1,55.6,-22.41,24.805,14.199,4.198,85.0,86.9,73.0,1531,1,78.7,0.09
7645,0,0.0,0.49,0,24.5,53.400000000000006,804,177.0,55.7,-22.39,24.828,14.199,4.197,85.0,86.9,73.0,1531,1,78.7,0.08
7646,0,0.0,0.49,0,24.5,53.400000000000006,804,176.9,55.8,-22.42,24.859,14.199,4.197,85.0,86.9,73.0,1531,1,78.7,0.08
7647,0,0.0,0.48,0,24.5,53.400000000000006,804,176.9,55.7,-22.43,24.883,14.203,4.197,84.0,86.9,74.0,1531,1,78.7,0.09
7648,0,0.0,0.49,0,24.5,53.400000000000006,804,176.8,55.6,-22.41,24.906,14.203,4.198,85.0,86.9,74.0,1531,1,78.7,0.08
7649,0,0.0,0.48,0,24.5,53.400000000000006,804,176.7,55.7,-22.41,24.922,14.207,4.197,85.0,86.8,74.0,1531,1,78.7,0.08
7650,0,0.0,0.48,0,24.5,53.400000000000006,804,176.6,55.9,-22.41,24.938,14.203,4.197,85.0,86.8,74.0,1531,1,78.7,0.09
7651,0,0.0,0.49,0,24.5,53.400000000000006,804,176.6,55.9,-22.4,24.945,14.203,4.197,84.0,86.8,74.0,1531,1,78.7,0.07
7652,0,0.0,0.48,0,24.4,53.400000000000006,804,176.5,55.8,-22.4,24.953,14.199,4.197,85.0,86.8,74.0,1531,1,78.7,0.07
7653,0,0.0,0.48,0,24.4,53.400000000000006,804,176.4,55.9,-22.4,24.953,14.199,4.198,85.0,86.8,74.0,1532,1,78.7,0.08
7654,0,0.0,0.49,0,24.4,53.400000000000006,804,176.3,55.9,-22.4,24.945,14.199,4.197,85.0,86.8,74.0,1532,1,78.8,0.08
7655,0,0.0,0.5,0,24.4,53.400000000000006,804,176.3,55.9,-22.41,24.961,14.203,4.198,85.0,86.7,74.0,1532,1,78.7,0.08
7656,0,0.0,0.48,0,24.4,53.400000000000006,804,176.2,55.8,-22.41,24.969,14.203,4.197,85.0,86.7,74.0,1532,1,78.7,0.08
7657,0,0.0,0.49,0,24.4,53.400000000000006,804,176.1,55.9,-22.4,24.977,14.203,4.197,85.0,86.7,74.0,1532,1,78.7,0.07
7658,0,0.0,0.5,0,24.4,53.400000000000006,804,176.0,55.8,-22.41,24.977,14.207,4.197,85.0,86.7,74.0,1532,1,78.7,0.07
7659,0,0.0,0.48,0,24.5,53.400000000000006,804,176.0,55.9,-22.39,24.977,14.207,4.198,85.0,86.6,74.0,1532,1,78.7,0.08
7660,0,0.0,0.48,0,24.5,53.400000000000006,804,175.9,55.9,-22.41,24.969,14.203,4.198,85.0,86.7,74.0,1532,1,78.8,0.08
7661,0,0.0,0.49,0,24.5,53.400000000000006,803,175.9,56.1,-22.4,24.977,14.203,4.198,85.0,86.6,74.0,1532,1,78.7,0.07
7662,0,0.0,0.48,0,24.5,53.400000000000006,803,175.8,55.9,-22.41,24.977,14.203,4.198,85.0,86.6,74.0,1532,1,78.7,0.07
7663,0,0.0,0.5,0,24.4,53.400000000000006,803,175.7,56.0,-22.4,24.961,14.199,4.197,84.0,86.6,74.0,1532,1,78.7,0.08
7664,0,0.0,0.5,0,24.4,53.400000000000006,803,175.6,56.0,-22.42,24.938,14.199,4.198,85.0,86.6,74.0,1532,1,78.8,0.08
7665,0,0.0,0.51,0,24.4,53.400000000000006,803,175.6,55.9,-22.4,24.922,14.199,4.197,85.0,86.6,74.0,1532,1,78.8,0.07
7666,0,0.0,0.5,0,24.4,53.400000000000006,803,175.5,56.0,-22.42,24.898,14.199,4.197,85.0,86.5,74.0,1532,1,78.7,0.08
7667,0,0.0,0.5,0,24.4,53.400000000000006,803,175.4,56.0,-22.39,24.875,14.199,4.197,85.0,86.5,74.0,1533,1,78.8,0.08
7668,0,0.0,0.49,0,24.4,53.400000000000006,804,175.3,56.2,-22.41,24.859,14.195,4.198,85.0,86.5,74.0,1533,1,78.8,0.08
7669,0,0.0,0.49,0,24.5,53.400000000000006,804,175.3,56.2,-22.42,24.844,14.199,4.198,85.0,86.5,74.0,1533,1,78.8,0.08
7670,0,0.0,0.48,0,24.5,53.400000000000006,804,175.2,56.2,-22.41,24.844,14.203,4.197,85.0,86.5,74.0,1533,1,78.8,0.07
7671,0,0.0,0.49,0,24.5,53.400000000000006,804,175.1,56.2,-22.41,24.844,14.207,4.197,85.0,86.5,74.0,1533,1,78.8,0.07
7672,0,0.0,0.49,0,24.5,53.400000000000006,803,175.0,56.2,-22.41,24.852,14.207,4.197,85.0,86.5,74.0,1533,1,78.8,0.08
7673,0,0.0,0.48,0,24.5,53.400000000000006,803,175.0,56.2,-22.4,24.859,14.211,4.197,85.0,86.5,74.0,1533,1,78.8,0.08
7674,0,0.0,0.49,0,24.5,53.400000000000006,803,174.9,56.1,-22.41,24.875,14.207,4.197,85.0,86.4,74.0,1533,1,78.8,0.08
7675,0,0.0,0.49,0,24.5,53.400000000000006,803,174.8,56.2,-22.42,24.891,14.211,4.198,85.0,86.4,74.0,1533,1,78.8,0.09
7676,0,0.0,0.48,0,24.5,53.400000000000006,802,174.7,56.3,-22.41,24.906,14.211,4.198,85.0,86.4,74.0,1533,1,78.8,0.08
7677,0,0.0,0.47,0,24.4,53.0,801,174.7,55.7,-22.39,24.922,14.211,4.197,85.0,86.4,74.0,1533,1,78.8,0.09
7678,0,0.0,0.47,0,21.3,44.1,761,174.6,44.3,-22.42,24.938,14.211,4.198,85.0,86.4,74.0,1533,1,78.8,0.08
7679,0,0.0,0.45,0,18.4,36.7,682,174.5,35.0,-22.41,24.961,14.211,4.197,85.0,86.4,74.0,1533,1,78.8,0.07
7680,0,0.0,0.46,0,15.8,31.4,596,174.4,28.6,-22.42,24.977,14.211,4.198,85.0,86.4,74.0,1533,1,78.8,0.07
7681,0,0.0,0.46,0,13.8,27.3,529,174.2,24.3,-22.43,24.992,14.211,4.197,84.0,86.3,74.0,1533,1,78.8,0.08
7682,0,0.0,0.47,0,12.2,24.2,478,174.1,20.4,-22.42,25.008,14.211,4.197,85.0,86.3,74.0,1534,1,78.8,0.07
7683,0,0.0,0.47,0,10.9,21.6,440,173.9,17.1,-22.42,25.031,14.211,4.197,85.0,86.3,74.0,1534,1,78.8,0.08
7684,0,0.0,0.46,0,9.9,19.5,410,173.7,14.7,-22.43,25.039,14.211,4.197,85.0,86.3,74.0,1534,1,78.8,0.08
7685,0,0.0,0.45,0,9.0,17.7,387,173.4,12.7,-22.42,25.039,14.211,4.197,85.0,86.3,74.0,1534,1,78.8,0.09
7686,0,0.0,0.47,0,8.200000000000001,16.2,368,173.3,11.0,-22.42,25.039,14.211,4.197,85.0,86.3,74.0,1534,1,78.8,0.08
7687,0,0.0,0.45,0,7.6,14.799999999999999,353,173.1,9.7,-22.42,25.031,14.211,4.198,85.0,86.3,74.0,1534,1,78.8,0.08
7688,0,0.0,0.47,0,7.000000000000001,13.700000000000001,340,173.0,8.7,-22.43,25.031,14.211,4.197,85.0,86.2,74.0,1534,1,78.8,0.08
7689,0,0.0,0.47,0,6.5,12.7,330,172.8,7.9,-22.42,25.016,14.211,4.197,85.0,86.2,74.0,1534,1,78.8,0.08
7690,0,0.0,0.47,0,6.0,11.799999999999999,320,172.6,7.2,-22.42,25.008,14.211,4.197,85.0,86.2,74.0,1534,1,78.8,0.07
7691,0,0.0,0.46,0,5.7,11.0,313,172.5,6.8,-22.41,25.008,14.211,4.198,85.0,86.2,74.0,1534,1,78.8,0.07
7692,0,0.0,0.46,0,5.3,10.299999999999999,307,172.4,6.5,-22.43,25.0,14.211,4.198,85.0,86.2,74.0,1534,1,78.8,0.07
7693,0,0.0,0.46,0,5.0,9.700000000000001,302,172.4,6.1,-22.41,25.008,14.211,4.198,85.0,86.2,74.0,1534,1,78.8,0.07
7694,0,0.0,0.46,0,4.7,9.1,297,172.3,5.7,-22.42,25.008,14.211,4.197,85.0,86.2,74.0,1534,1,78.8,0.08
7695,0,0.0,0.44,0,4.3999999999999995,8.6,293,172.3,5.4,-22.42,25.016,14.215,4.197,85.0,86.2,74.0,1534,1,78.8,0.08
7696,0,0.0,0.44,0,4.2,8.1,289,172.4,5.0,-22.41,25.016,14.211,4.198,85.0,86.1,74.0,1534,1,78.8,0.08
7697,0,0.0,0.47,0,4.0,7.6,285,172.4,4.8,-22.42,25.016,14.215,4.197,85.0,86.1,74.0,1535,1,78.8,0.09
7698,0,0.0,0.46,0,3.8,7.199999999999999,283,172.5,4.5,-22.42,25.023,14.215,4.197,85.0,86.1,74.0,1535,1,78.8,0.08
7699,0,0.0,0.46,0,3.5999999999999996,6.800000000000001,281,172.5,4.2,-22.41,25.031,14.211,4.198,85.0,86.1,74.0,1535,1,78.8,0.07
7700,0,0.0,0.46,0,3.4000000000000004,6.4,279,172.6,4.0,-22.39,25.031,14.211,4.197,85.0,86.1,74.0,1535,1,78.8,0.08
7701,0,0.0,0.46,0,3.2,6.0,277,172.7,3.8,-22.41,25.039,14.211,4.198,84.0,86.1,74.0,1535,1,78.8,0.08
7702,0,0.0,0.45,0,3.1,5.7,276,172.7,3.6,-22.41,25.047,14.211,4.197,85.0,86.1,74.0,1535,1,78.8,0.09
7703,0,0.0,0.46,0,2.9000000000000004,5.4,275,172.8,3.4,-22.41,25.055,14.211,4.198,85.0,86.1,75.0,1535,1,78.8,0.07
7704,0,0.0,0.46,0,2.8000000000000003,5.1,273,172.9,3.2,-22.41,25.062,14.211,4.197,84.0,86.1,75.0,1535,1,78.8,0.06
7705,0,0.0,0.46,0,2.7,4.8,273,172.9,3.0,-22.42,25.062,14.215,4.198,85.0,86.0,75.0,1535,1,78.8,0.07
