Time,Groundspeed,Cabin Diff PSI,Bld Px PSI,Bleed On,N1 %,N2 %,ITT (F),Oil Temp (F),Oil Px PSI,TLA DEG,TT2 (C),PT2 PSI,CHPV,ECS PRI DUCT T (F),ECS PRI DUCT T2 (F),ECS CKPT T (F),O2 BTL Px PSI,O2 VLV Open,EIPS TMP (F),EIPS PRS PSI
1,0,0.0,0.61,0,0.0,11.3,227,101.6,5.4,-22.48,12.016,13.945,4.197,9.899999762399945e+24,55.9,68.0,1696,1,52.3,0.46
2,0,0.0,0.62,0,0.0,14.399999999999999,371,102.1,10.9,-22.48,12.016,13.945,4.197,9.899999762399945e+24,55.8,68.0,1696,1,52.3,0.46
3,0,0.0,0.63,0,1.4000000000000001,17.2,638,102.4,17.2,-22.49,12.023,13.945,4.197,55.0,55.8,9.899999762399945e+24,1696,1,52.3,0.45
4,0,0.0,0.64,0,2.4,19.7,887,102.8,20.5,-22.48,12.016,13.945,4.197,55.0,55.8,68.0,1696,1,52.3,0.45
5,0,0.0,0.65,0,3.5000000000000004,22.0,1062,102.8,25.0,-22.48,12.0,13.945,4.197,55.0,55.8,68.0,1696,1,52.3,0.46
6,0,0.0,0.66,0,4.7,24.2,1167,102.0,28.8,-22.49,11.984,13.945,4.197,55.0,55.8,68.0,1696,1,52.3,0.45
7,0,0.0,0.68,0,5.8999999999999995,26.200000000000003,1214,100.6,32.2,-22.48,11.953,13.945,4.197,55.0,55.8,68.0,1696,1,52.3,0.45
8,0,0.0,0.7,0,7.1,27.900000000000002,1217,99.0,35.6,-22.46,11.914,13.945,4.197,55.0,55.8,68.0,1696,1,52.3,0.45
9,0,0.0,0.7,0,8.200000000000001,29.099999999999998,1192,97.4,38.4,-22.47,11.859,13.945,4.197,55.0,55.8,68.0,1696,1,52.3,0.45
10,0,0.0,0.71,0,9.2,30.0,1147,96.0,40.6,-22.47,11.797,13.945,4.197,55.0,55.8,68.0,1696,1,52.3,0.44
11,0,0.0,0.73,0,10.100000000000001,31.2,1098,94.5,42.8,-22.47,11.703,13.945,4.197,55.0,55.8,68.0,1696,1,52.2,0.45
12,0,0.0,0.75,0,11.0,32.800000000000004,1062,93.0,46.1,-22.48,11.625,13.945,4.197,55.0,55.7,68.0,1696,1,52.2,0.45
13,0,0.0,0.78,0,12.1,33.900000000000006,1048,91.5,48.7,-22.44,11.539,13.945,4.197,55.0,55.7,68.0,1696,1,52.2,0.45
14,0,0.0,0.84,0,13.100000000000001,34.8,1052,90.3,50.8,-22.45,11.43,13.941,4.197,55.0,55.7,68.0,1696,1,52.3,0.45
15,0,0.0,0.89,0,14.099999999999998,36.3,1073,89.4,53.8,-22.45,11.328,13.941,4.197,55.0,55.7,68.0,1696,1,52.2,0.45
16,0,0.0,0.9,0,15.2,38.7,1113,89.0,58.6,-22.43,11.211,13.941,4.197,55.0,55.6,68.0,1696,1,52.2,0.45
17,0,0.0,0.87,0,16.6,41.6,1164,88.9,63.9,-22.41,11.094,13.941,4.197,54.0,55.6,68.0,1696,1,52.2,0.45
18,0,0.0,0.9,0,18.3,45.300000000000004,1200,89.3,52.1,-22.45,10.969,13.945,4.197,54.0,55.5,68.0,1696,1,52.2,0.45
19,0,0.0,0.87,0,20.5,49.3,1211,89.7,52.1,-22.44,10.867,13.945,4.197,54.0,55.5,68.0,1696,1,52.2,0.45
20,0,0.0,0.76,0,23.1,52.900000000000006,1191,90.1,53.8,-22.43,10.758,13.945,4.197,54.0,55.4,68.0,1696,1,52.2,0.45
21,0,0.0,0.7,0,24.6,53.400000000000006,1134,90.6,54.3,-22.42,10.648,13.945,4.197,54.0,55.4,68.0,1696,1,52.2,0.45
22,0,0.0,0.7,0,25.2,53.400000000000006,1048,91.1,54.4,-22.41,10.539,13.945,4.197,54.0,55.3,68.0,1696,1,52.2,0.45
23,0,0.0,0.69,0,25.4,53.400000000000006,972,91.6,54.5,-22.4,10.438,13.945,4.197,54.0,55.3,68.0,1696,1,52.2,0.45
24,0,0.0,0.7,0,25.5,53.400000000000006,913,92.1,54.7,-22.43,10.344,13.945,4.197,54.0,55.3,68.0,1696,1,52.2,0.44
25,0,0.0,0.69,0,25.4,53.400000000000006,870,92.6,54.7,-22.42,10.25,13.945,4.197,54.0,55.2,68.0,1696,1,52.2,0.45
26,0,0.0,0.65,0,25.4,53.400000000000006,839,93.0,54.8,-22.43,10.164,13.941,4.197,54.0,55.2,68.0,1696,1,52.2,0.45
27,0,0.0,0.67,0,25.4,53.400000000000006,817,93.4,54.8,-22.43,10.086,13.945,4.197,54.0,55.2,68.0,1696,1,52.2,0.45
28,0,0.0,0.66,0,25.3,53.400000000000006,801,93.7,54.9,-22.44,10.016,13.945,4.197,54.0,55.1,68.0,1696,1,52.2,0.45
29,0,0.0,0.67,0,25.3,53.400000000000006,790,94.0,55.0,-22.43,9.945,13.945,4.197,54.0,55.1,68.0,1696,1,52.2,0.44
30,0,0.0,0.66,0,25.2,53.400000000000006,782,94.3,55.0,-22.45,9.883,13.945,4.197,54.0,55.1,68.0,1696,1,52.2,0.44
31,0,0.0,0.68,0,25.2,53.400000000000006,776,94.5,55.1,-22.43,9.82,13.945,4.197,54.0,55.1,68.0,1696,1,52.2,0.44
32,0,0.0,0.68,0,25.3,53.400000000000006,771,94.8,55.1,-22.48,9.758,13.945,4.197,54.0,55.1,68.0,1696,1,52.2,0.44
33,0,0.0,0.67,0,25.3,53.400000000000006,768,95.0,55.0,-22.42,9.703,13.945,4.197,54.0,55.1,68.0,1696,1,52.2,0.44
34,0,0.0,0.67,0,25.2,53.400000000000006,767,95.2,55.1,-22.44,9.648,13.949,4.197,54.0,55.0,68.0,1696,1,52.2,0.44
35,0,0.0,0.66,0,25.2,53.400000000000006,765,95.4,55.2,-22.44,9.602,13.945,4.197,54.0,55.0,68.0,1696,1,52.2,0.44
36,0,0.0,0.66,0,25.2,53.400000000000006,763,95.6,55.1,-22.44,9.562,13.949,4.197,54.0,55.0,68.0,1696,1,52.2,0.45
37,0,0.0,0.68,0,25.2,53.400000000000006,762,95.8,55.2,-22.43,9.516,13.945,4.197,54.0,55.0,68.0,1696,1,52.2,0.45
38,0,0.0,0.66,0,25.2,53.400000000000006,762,96.0,55.2,-22.45,9.484,13.945,4.197,54.0,55.0,68.0,1696,1,52.2,0.45
39,0,0.025,7.9,1,25.1,53.2,763,96.3,55.2,-22.43,9.461,13.949,4.197,54.0,55.0,68.0,1696,1,52.1,0.45
40,0,0.025,8.96,1,25.1,53.400000000000006,773,96.5,55.3,-22.43,9.43,13.945,4.197,54.0,54.9,68.0,1696,1,52.1,0.45
41,0,0.025,10.2,1,25.1,53.400000000000006,785,96.7,55.3,-22.41,9.414,13.949,4.197,54.0,54.9,68.0,1696,1,52.1,0.44
42,0,0.0,11.25,1,25.0,53.400000000000006,794,96.9,55.3,-22.45,9.383,13.945,4.197,54.0,54.9,68.0,1696,1,52.1,0.44
43,0,0.0,12.56,1,25.0,53.400000000000006,800,97.1,55.4,-22.42,9.359,13.945,4.197,54.0,55.0,68.0,1696,1,52.1,0.45
44,0,0.0,13.74,1,25.0,53.400000000000006,804,97.4,55.4,-22.44,9.344,13.945,4.197,54.0,55.2,68.0,1696,1,52.1,0.45
45,0,0.0,14.97,1,25.1,53.400000000000006,806,97.6,55.4,-22.42,9.328,13.945,4.197,54.0,55.5,68.0,1696,1,52.1,0.45
46,0,0.0,15.59,1,25.0,53.400000000000006,807,97.9,55.4,-22.4,9.312,13.945,4.197,54.0,55.9,68.0,1696,1,52.1,0.45
47,0,0.0,15.77,1,25.0,53.400000000000006,806,98.1,55.4,-22.46,9.297,13.945,4.197,55.0,56.2,69.0,1696,1,52.1,0.45
48,0,0.0,16.02,1,25.0,53.400000000000006,806,98.3,55.4,-22.42,9.281,13.945,4.197,55.0,56.6,69.0,1696,1,52.1,0.44
49,0,0.0,16.18,1,25.0,53.400000000000006,806,98.6,55.5,-22.43,9.258,13.945,4.197,55.0,57.0,69.0,1696,1,52.1,0.45
50,0,0.0,16.39,1,25.0,53.400000000000006,805,98.8,55.4,-22.43,9.25,13.945,4.197,56.0,57.3,69.0,1696,1,52.1,0.44
51,0,0.0,16.62,1,25.1,53.400000000000006,805,99.0,55.5,-22.45,9.242,13.945,4.197,56.0,57.7,69.0,1696,1,52.1,0.44
52,0,0.0,16.76,1,25.1,53.400000000000006,804,99.3,55.5,-22.46,9.234,13.945,4.197,56.0,58.0,69.0,1696,1,52.1,0.45
53,0,0.0,17.03,1,25.1,53.400000000000006,803,99.5,55.4,-22.42,9.227,13.945,4.197,56.0,58.3,69.0,1696,1,52.1,0.46
54,0,0.0,17.17,1,25.0,53.400000000000006,802,99.7,55.5,-22.44,9.219,13.945,4.197,57.0,58.6,69.0,1696,1,52.1,0.44
55,0,0.0,17.32,1,25.0,53.400000000000006,801,99.9,55.5,-22.43,9.219,13.945,4.197,57.0,58.9,69.0,1696,1,52.1,0.44
56,0,0.0,17.53,1,25.1,53.400000000000006,801,100.2,55.6,-22.44,9.211,13.945,4.197,57.0,59.1,69.0,1696,1,52.1,0.44
57,0,0.0,17.54,1,25.1,53.400000000000006,800,100.4,55.5,-22.43,9.203,13.945,4.197,58.0,59.3,69.0,1696,1,52.1,0.44
58,0,0.0,17.57,1,25.1,53.400000000000006,800,100.6,55.5,-22.42,9.195,13.945,4.197,58.0,59.5,69.0,1696,1,52.1,0.44
59,0,0.0,17.6,1,25.1,53.400000000000006,799,100.8,55.4,-22.45,9.195,13.945,4.197,58.0,59.6,69.0,1696,1,52.1,0.44
60,0,0.0,17.6,1,25.1,53.400000000000006,799,101.0,55.5,-22.45,9.188,13.945,4.197,58.0,59.8,69.0,1696,1,52.0,0.44
61,0,0.0,17.59,1,25.1,53.400000000000006,799,101.2,55.5,-22.42,9.188,13.945,4.197,58.0,59.9,69.0,1696,1,52.0,0.44
62,0,0.0,17.57,1,25.1,53.400000000000006,798,101.4,55.4,-22.45,9.188,13.945,4.197,58.0,60.0,69.0,1696,1,52.0,0.43
63,0,0.0,17.61,1,25.1,53.400000000000006,798,101.6,55.4,-22.43,9.18,13.945,4.197,59.0,60.1,69.0,1696,1,52.0,0.45
64,0,0.0,17.56,1,25.2,53.400000000000006,798,101.8,55.4,-22.46,9.18,13.945,4.197,58.0,60.2,69.0,1696,1,52.0,0.44
65,0,0.0,17.58,1,25.2,53.400000000000006,797,102.0,55.5,-22.43,9.172,13.945,4.197,58.0,60.2,69.0,1696,1,52.0,0.44
66,0,0.0,17.6,1,25.1,53.400000000000006,797,102.2,55.4,-22.41,9.172,13.945,4.197,58.0,60.3,69.0,1696,1,52.0,0.45
67,0,0.0,17.64,1,25.1,53.400000000000006,798,102.4,55.4,-22.44,9.18,13.945,4.197,59.0,60.3,69.0,1696,1,52.0,0.44
68,0,0.0,17.58,1,25.1,53.400000000000006,798,102.6,55.4,-19.34,9.18,13.945,4.197,59.0,60.4,69.0,1696,1,52.0,0.44
69,0,0.0,18.77,1,25.7,54.2,799,102.8,55.8,-19.35,9.18,13.945,4.197,60.0,60.5,69.0,1696,1,52.0,0.44
70,0,0.0,20.36,1,26.3,55.300000000000004,806,103.0,56.3,-18.74,9.172,13.945,4.197,59.0,60.5,69.0,1696,1,52.0,0.44
71,0,0.0,20.81,1,27.1,56.2,814,103.3,56.7,-18.91,9.164,13.945,4.197,59.0,60.6,69.0,1696,1,52.0,0.44
72,0,0.0,20.97,1,27.400000000000002,56.2,812,103.4,56.7,-18.91,9.156,13.945,4.197,59.0,60.6,69.0,1696,1,52.0,0.44
73,0,0.0,20.96,1,27.500000000000004,56.10000000000001,805,103.6,56.6,-18.77,9.148,13.945,4.197,60.0,60.7,69.0,1696,1,52.0,0.44
74,0,0.0,21.21,1,27.6,56.3,799,103.8,56.8,-18.82,9.141,13.945,4.197,60.0,60.7,69.0,1696,1,52.0,0.45
75,0,0.0,21.01,1,27.6,56.10000000000001,795,104.0,56.7,-18.81,9.133,13.945,4.197,60.0,60.8,69.0,1696,1,52.0,0.44
76,0,0.0,21.05,1,27.6,56.2,791,104.2,56.7,-18.79,9.133,13.945,4.197,60.0,60.8,69.0,1696,1,52.0,0.44
77,0,0.0,21.13,1,27.500000000000004,56.2,788,104.4,56.8,-18.82,9.133,13.945,4.197,60.0,60.9,69.0,1696,1,52.0,0.45
78,0,0.0,20.96,1,27.500000000000004,56.10000000000001,787,104.6,56.7,-18.79,9.133,13.945,4.197,60.0,61.0,69.0,1696,1,52.0,0.46
79,0,0.0,21.13,1,27.500000000000004,56.2,785,104.8,56.8,-18.79,9.133,13.945,4.197,60.0,61.0,69.0,1696,1,52.0,0.45
80,0,0.0,21.13,1,27.500000000000004,56.2,785,104.9,56.7,-18.77,9.141,13.945,4.197,60.0,61.1,69.0,1696,1,52.0,0.45
81,0,0.0,20.97,1,27.500000000000004,56.2,785,105.1,56.7,-18.77,9.141,13.945,4.197,60.0,61.1,69.0,1696,1,52.0,0.44
82,0,0.0,20.37,1,27.400000000000002,56.00000000000001,784,105.3,56.6,-19.26,9.141,13.945,4.197,60.0,61.2,69.0,1696,1,52.0,0.44
83,0,0.0,18.95,1,26.700000000000003,54.50000000000001,778,105.4,56.0,-19.43,9.133,13.945,4.197,60.0,61.3,69.0,1696,1,51.9,0.45
84,0,0.0,18.65,1,26.1,54.0,771,105.6,55.8,-19.46,9.133,13.945,4.197,60.0,61.3,69.0,1696,1,51.9,0.44
85,0,0.0,18.51,1,25.8,53.900000000000006,771,105.7,55.7,-19.45,9.133,13.945,4.197,60.0,61.4,69.0,1696,1,51.9,0.44
86,0,0.0,18.4,1,25.7,54.0,776,105.9,55.7,-19.41,9.125,13.945,4.197,60.0,61.4,69.0,1696,1,51.9,0.43
87,0,0.0,18.37,1,25.7,54.0,781,106.0,55.8,-19.46,9.125,13.941,4.197,60.0,61.4,69.0,1696,1,51.9,0.44
88,0,0.0,18.2,1,25.6,53.900000000000006,785,106.1,55.8,-19.46,9.117,13.945,4.197,60.0,61.4,69.0,1696,1,51.9,0.44
89,0,0.0,18.33,1,25.6,53.900000000000006,787,106.3,55.7,-19.45,9.117,13.945,4.197,60.0,61.5,69.0,1696,1,51.9,0.45
90,0,0.0,18.21,1,25.6,53.900000000000006,789,106.4,55.7,-19.47,9.117,13.945,4.197,60.0,61.5,69.0,1696,1,51.9,0.45
91,0,0.0,18.19,1,25.6,53.800000000000004,790,106.6,55.7,-19.49,9.109,13.945,4.197,60.0,61.5,69.0,1696,1,51.9,0.44
92,0,0.0,18.24,1,25.6,53.800000000000004,791,106.7,55.7,-19.47,9.109,13.945,4.197,60.0,61.5,69.0,1696,1,51.9,0.45
93,0,0.0,18.23,1,25.6,53.900000000000006,792,106.9,55.8,-19.48,9.102,13.945,4.197,60.0,61.5,69.0,1696,1,51.9,0.44
94,0,0.0,18.23,1,25.6,53.800000000000004,792,107.0,55.8,-19.46,9.094,13.945,4.197,60.0,61.6,69.0,1696,1,51.9,0.45
95,0,0.0,18.24,1,25.5,53.900000000000006,793,107.2,55.8,-19.46,9.094,13.945,4.197,60.0,61.6,69.0,1696,1,51.9,0.44
96,0,0.0,18.3,1,25.5,53.900000000000006,794,107.3,55.8,-19.47,9.086,13.945,4.197,60.0,61.6,69.0,1696,1,51.9,0.44
97,0,0.0,18.29,1,25.6,53.900000000000006,795,107.5,55.8,-19.43,9.086,13.945,4.197,60.0,61.6,69.0,1696,1,51.9,0.44
98,0,0.0,18.3,1,25.6,53.900000000000006,794,107.6,55.8,-19.44,9.078,13.945,4.197,60.0,61.6,69.0,1696,1,51.9,0.44
99,0,0.0,18.31,1,25.6,54.0,794,107.8,55.8,-19.46,9.07,13.945,4.197,60.0,61.6,69.0,1696,1,51.9,0.44
100,0,0.0,18.31,1,25.6,53.900000000000006,794,107.9,55.9,-19.46,9.062,13.945,4.197,60.0,61.6,69.0,1696,1,51.9,0.44
101,0,0.0,18.24,1,25.6,53.900000000000006,793,108.0,55.9,-19.48,9.055,13.945,4.197,60.0,61.6,69.0,1696,1,51.9,0.44
102,0,0.0,18.22,1,25.6,53.900000000000006,793,108.2,55.8,-19.45,9.047,13.945,4.197,60.0,61.6,69.0,1696,1,51.9,0.44
103,0,0.0,18.25,1,25.6,53.900000000000006,793,108.3,55.8,-19.45,9.039,13.945,4.197,60.0,61.6,69.0,1696,1,51.9,0.44
104,0,0.0,18.28,1,25.6,53.900000000000006,793,108.4,55.9,-19.45,9.039,13.945,4.197,60.0,61.6,69.0,1696,1,51.8,0.44
105,0,0.0,18.31,1,25.6,53.900000000000006,793,108.6,55.9,-19.48,9.023,13.945,4.197,60.0,61.6,69.0,1696,1,51.8,0.45
106,0,0.0,18.22,1,25.6,53.800000000000004,792,108.7,55.8,-19.48,9.016,13.945,4.197,60.0,61.6,69.0,1696,1,51.9,0.45
107,0,0.0,18.25,1,25.6,53.800000000000004,792,108.8,55.8,-19.47,9.008,13.945,4.197,60.0,61.6,69.0,1696,1,51.8,0.44
108,0,0.0,18.29,1,25.6,53.900000000000006,792,108.9,55.9,-19.45,9.0,13.945,4.197,60.0,61.6,69.0,1696,1,51.8,0.45
109,0,0.0,18.28,1,25.6,53.900000000000006,793,109.0,55.9,-19.46,8.992,13.941,4.197,60.0,61.6,69.0,1696,1,51.8,0.45
110,0,0.0,18.24,1,25.6,53.900000000000006,793,109.2,55.9,-19.46,8.992,13.941,4.197,60.0,61.6,69.0,1696,1,51.8,0.45
111,0,0.0,18.33,1,25.6,53.900000000000006,793,109.3,55.8,-19.45,8.984,13.941,4.197,60.0,61.6,69.0,1696,1,51.8,0.45
112,0,0.0,18.37,1,25.7,53.900000000000006,793,109.4,55.9,-19.43,8.977,13.941,4.197,60.0,61.6,69.0,1696,1,51.8,0.45
113,0,0.0,18.41,1,25.7,54.0,794,109.5,55.9,-19.44,8.977,13.941,4.197,60.0,61.6,69.0,1696,1,51.8,0.43
114,0,0.0,18.26,1,25.7,53.900000000000006,794,109.7,55.9,-19.45,8.969,13.941,4.197,60.0,61.6,69.0,1696,1,51.8,0.44
115,0,0.0,18.39,1,25.7,53.900000000000006,793,109.8,55.9,-19.45,8.961,13.941,4.197,60.0,61.6,69.0,1696,1,51.8,0.44
116,0,0.0,18.28,1,25.7,53.900000000000006,793,109.9,55.9,-19.45,8.961,13.941,4.197,60.0,61.6,69.0,1696,1,51.8,0.45
117,0,0.0,18.38,1,25.7,53.900000000000006,793,110.0,55.9,-19.45,8.953,13.941,4.197,60.0,61.5,69.0,1696,1,51.8,0.44
118,0,0.0,18.33,1,25.7,54.0,793,110.1,55.9,-19.48,8.961,13.941,4.197,60.0,61.6,69.0,1696,1,51.8,0.44
119,0,0.0,18.24,1,25.6,53.900000000000006,793,110.2,56.0,-19.45,8.953,13.941,4.197,60.0,61.6,69.0,1696,1,51.8,0.44
120,0,0.0,18.29,1,25.6,53.900000000000006,792,110.3,55.9,-19.46,8.961,13.941,4.197,60.0,61.6,69.0,1696,1,51.8,0.44
121,0,0.0,18.29,1,25.6,53.900000000000006,792,110.4,55.9,-19.43,8.961,13.941,4.197,60.0,61.5,69.0,1696,1,51.8,0.44
122,0,0.0,18.24,1,25.7,53.900000000000006,792,110.5,55.8,-19.48,8.961,13.941,4.197,60.0,61.6,69.0,1696,1,51.8,0.43
123,0,0.0,18.25,1,25.6,53.900000000000006,792,110.6,55.9,-19.45,8.961,13.941,4.197,60.0,61.6,69.0,1696,1,51.8,0.44
124,0,0.0,18.34,1,25.7,54.0,792,110.8,55.9,-19.44,8.961,13.941,4.197,60.0,61.6,69.0,1696,1,51.8,0.44
125,0,0.0,18.25,1,25.7,54.0,792,110.8,56.0,-19.45,8.961,13.941,4.197,60.0,61.6,69.0,1696,1,51.8,0.44
126,0,0.0,18.24,1,25.6,53.900000000000006,792,111.0,55.9,-19.44,8.961,13.945,4.197,60.0,61.6,69.0,1697,1,51.7,0.44
127,0,0.0,18.37,1,25.6,54.0,792,111.1,56.0,-19.45,8.961,13.941,4.197,60.0,61.6,69.0,1697,1,51.8,0.45
128,0,0.0,18.28,1,25.6,53.900000000000006,792,111.2,56.0,-19.45,8.961,13.941,4.197,60.0,61.6,69.0,1697,1,51.8,0.44
129,0,0.0,18.33,1,25.7,53.900000000000006,792,111.3,55.9,-19.46,8.961,13.941,4.197,60.0,61.6,69.0,1697,1,51.7,0.45
130,0,0.0,18.16,1,25.6,53.800000000000004,792,111.4,55.8,-19.46,8.969,13.941,4.197,60.0,61.6,69.0,1697,1,51.7,0.45
131,0,0.0,18.28,1,25.6,53.900000000000006,791,111.5,55.9,-19.43,8.984,13.941,4.197,60.0,61.6,69.0,1697,1,51.7,0.44
132,0,0.0,18.23,1,25.7,53.900000000000006,792,111.6,55.8,-19.46,8.992,13.941,4.197,60.0,61.7,69.0,1697,1,51.7,0.44
133,0,0.0,18.22,1,25.7,53.900000000000006,792,111.7,55.9,-19.46,9.0,13.941,4.197,60.0,61.7,69.0,1697,1,51.7,0.44
134,0,0.0,18.21,1,25.6,53.900000000000006,792,111.7,56.0,-19.48,9.008,13.945,4.197,60.0,61.7,69.0,1697,1,51.7,0.45
135,0,0.0,18.24,1,25.6,53.800000000000004,792,111.8,56.0,-19.44,9.016,13.941,4.197,60.0,61.7,69.0,1697,1,51.7,0.44
136,0,0.0,18.41,1,25.7,54.0,792,111.9,55.9,-19.43,9.023,13.941,4.197,60.0,61.8,69.0,1697,1,51.7,0.44
137,0,0.0,18.24,1,25.7,53.900000000000006,792,112.0,55.9,-19.46,9.023,13.941,4.197,60.0,61.8,69.0,1697,1,51.7,0.44
138,0,0.0,18.26,1,25.6,53.900000000000006,791,112.1,55.9,-19.43,9.008,13.941,4.197,60.0,61.8,69.0,1697,1,51.7,0.44
139,0,0.0,18.26,1,25.6,54.0,791,112.2,56.0,-19.47,9.008,13.941,4.197,60.0,61.8,69.0,1697,1,51.7,0.44
140,0,0.0,18.18,1,25.6,53.800000000000004,791,112.3,56.0,-19.46,9.0,13.941,4.197,60.0,61.8,69.0,1697,1,51.7,0.44
141,0,0.0,18.19,1,25.6,53.900000000000006,790,112.4,56.0,-19.45,9.0,13.941,4.197,60.0,61.8,69.0,1697,1,51.7,0.45
142,0,0.0,18.29,1,25.6,53.900000000000006,791,112.5,56.2,-19.44,9.008,13.941,4.197,60.0,61.9,69.0,1697,1,51.7,0.44
143,0,0.0,18.21,1,25.6,53.900000000000006,791,112.6,56.0,-19.43,9.0,13.941,4.197,60.0,61.8,69.0,1697,1,51.7,0.45
144,0,0.0,18.33,1,25.7,54.0,791,112.7,56.0,-19.46,9.0,13.941,4.197,60.0,61.9,69.0,1697,1,51.7,0.45
145,0,0.0,18.28,1,25.7,53.900000000000006,791,112.8,55.9,-19.43,9.0,13.941,4.197,60.0,61.9,69.0,1697,1,51.7,0.45
146,0,0.0,18.29,1,25.7,54.0,791,112.8,56.0,-19.45,9.0,13.941,4.197,60.0,61.9,69.0,1697,1,51.7,0.45
147,0,0.0,18.28,1,25.7,53.900000000000006,791,112.9,56.0,-19.47,9.0,13.941,4.197,60.0,61.9,69.0,1697,1,51.7,0.45
148,0,0.0,18.2,1,25.6,53.900000000000006,790,113.0,55.9,-19.46,9.0,13.941,4.197,60.0,62.0,69.0,1697,1,51.7,0.44
149,0,0.0,18.26,1,25.7,53.900000000000006,789,113.1,55.9,-19.45,8.992,13.941,4.197,60.0,62.0,69.0,1697,1,51.7,0.44
150,0,0.0,18.23,1,25.7,53.900000000000006,790,113.2,55.9,-19.47,8.984,13.941,4.197,60.0,62.0,69.0,1697,1,51.7,0.44
151,0,0.0,18.2,1,25.7,53.900000000000006,789,113.3,55.9,-19.48,8.984,13.941,4.197,60.0,62.0,69.0,1697,1,51.6,0.44
152,0,0.0,18.21,1,25.7,53.900000000000006,789,113.4,56.0,-19.45,8.992,13.941,4.197,60.0,62.0,70.0,1697,1,51.6,0.44
153,0,0.0,18.28,1,25.8,53.900000000000006,789,113.5,55.9,-19.46,9.0,13.941,4.197,60.0,62.0,69.0,1697,1,51.6,0.44
154,0,0.0,18.24,1,25.7,53.900000000000006,789,113.5,55.9,-19.48,9.0,13.941,4.197,60.0,62.0,70.0,1697,1,51.6,0.44
155,0,0.0,18.16,1,25.6,53.800000000000004,789,113.6,55.9,-19.44,9.008,13.941,4.197,60.0,62.1,70.0,1697,1,51.6,0.44
156,0,0.0,18.33,1,25.6,53.900000000000006,789,113.7,56.1,-19.45,9.008,13.941,4.197,60.0,62.1,70.0,1697,1,51.6,0.44
157,0,0.0,18.21,1,25.6,53.900000000000006,790,113.8,56.0,-19.48,9.008,13.941,4.197,60.0,62.1,70.0,1697,1,51.6,0.44
158,0,0.0,18.15,1,25.6,53.800000000000004,789,113.9,56.0,-19.46,9.008,13.941,4.197,60.0,62.1,70.0,1697,1,51.6,0.45
159,0,0.0,18.24,1,25.6,53.900000000000006,789,114.0,56.0,-19.46,9.008,13.941,4.197,60.0,62.1,70.0,1697,1,51.6,0.44
160,0,0.0,18.18,1,25.6,53.900000000000006,790,114.1,56.0,-19.47,9.0,13.941,4.197,60.0,62.1,70.0,1697,1,51.6,0.44
161,0,0.0,18.23,1,25.6,53.900000000000006,790,114.2,56.1,-19.46,9.0,13.941,4.197,60.0,62.2,70.0,1697,1,51.6,0.44
162,0,0.0,18.26,1,25.6,53.900000000000006,790,114.3,56.1,-19.45,8.992,13.941,4.197,60.0,62.2,70.0,1697,1,51.6,0.45
163,0,0.0,18.2,1,25.6,53.900000000000006,790,114.4,55.9,-19.46,8.992,13.941,4.197,60.0,62.2,70.0,1697,1,51.6,0.44
164,0,0.0,18.21,1,25.6,53.900000000000006,790,114.5,56.1,-19.45,8.992,13.941,4.197,60.0,62.2,70.0,1697,1,51.6,0.45
165,0,0.0,18.28,1,25.6,53.900000000000006,789,114.5,56.1,-19.47,8.984,13.941,4.197,60.0,62.2,70.0,1697,1,51.6,0.44
166,0,0.0,18.24,1,25.6,53.900000000000006,790,114.6,56.2,-19.46,8.977,13.941,4.197,60.0,62.2,70.0,1697,1,51.6,0.45
167,0,0.0,18.23,1,25.6,53.900000000000006,790,114.7,56.1,-19.45,8.977,13.941,4.197,60.0,62.2,70.0,1697,1,51.6,0.45
168,0,0.0,18.23,1,25.6,53.900000000000006,790,114.8,56.1,-19.45,8.977,13.941,4.197,60.0,62.2,70.0,1697,1,51.6,0.45
169,0,0.0,18.22,1,25.6,53.900000000000006,789,114.9,56.1,-19.46,8.969,13.941,4.197,60.0,62.2,70.0,1697,1,51.6,0.45
170,0,0.0,18.28,1,25.6,53.900000000000006,789,115.0,56.1,-19.44,8.969,13.941,4.197,60.0,62.2,70.0,1697,1,51.6,0.44
171,0,0.0,18.24,1,25.6,53.900000000000006,789,115.1,56.2,-19.45,8.961,13.941,4.197,60.0,62.2,70.0,1697,1,51.5,0.45
172,0,0.0,18.18,1,25.6,53.900000000000006,789,115.1,56.2,-19.47,8.961,13.941,4.197,60.0,62.2,70.0,1697,1,51.6,0.45
173,0,0.0,18.21,1,25.6,53.900000000000006,789,115.2,56.3,-19.44,8.961,13.941,4.197,60.0,62.3,70.0,1697,1,51.6,0.44
174,0,0.0,18.26,1,25.7,53.900000000000006,789,115.3,56.2,-19.47,8.969,13.941,4.197,60.0,62.3,70.0,1697,1,51.5,0.44
175,0,0.0,18.14,1,25.7,53.900000000000006,790,115.4,56.2,-19.45,8.977,13.941,4.197,60.0,62.3,70.0,1697,1,51.6,0.45
176,0,0.0,18.22,1,25.6,53.900000000000006,789,115.5,56.2,-19.45,8.984,13.941,4.197,60.0,62.3,70.0,1697,1,51.5,0.44
177,0,0.0,18.29,1,25.7,54.0,790,115.6,56.2,-19.44,8.984,13.941,4.197,60.0,62.3,70.0,1697,1,51.5,0.44
178,0,0.0,18.21,1,25.6,53.900000000000006,790,115.6,56.1,-19.45,8.992,13.941,4.197,60.0,62.3,70.0,1697,1,51.5,0.45
179,0,0.0,18.24,1,25.6,53.900000000000006,789,115.7,56.2,-19.44,8.992,13.941,4.197,60.0,62.3,70.0,1697,1,51.5,0.45
180,0,0.0,18.24,1,25.7,53.900000000000006,789,115.8,56.3,-19.45,8.992,13.941,4.197,60.0,62.3,70.0,1697,1,51.5,0.45
181,0,0.0,18.21,1,25.7,53.900000000000006,789,115.9,56.2,-19.45,9.008,13.941,4.197,60.0,62.4,70.0,1697,1,51.5,0.45
182,0,0.0,18.26,1,25.7,53.900000000000006,789,115.9,56.1,-19.47,9.023,13.941,4.197,60.0,62.4,70.0,1697,1,51.5,0.46
183,0,0.0,18.13,1,25.7,53.800000000000004,789,116.0,56.2,-19.44,9.039,13.941,4.197,60.0,62.4,70.0,1697,1,51.5,0.45
184,0,0.0,18.21,1,25.7,53.900000000000006,789,116.1,56.3,-19.46,9.047,13.941,4.197,60.0,62.4,70.0,1697,1,51.5,0.45
185,0,0.0,18.21,1,25.7,53.900000000000006,789,116.2,56.1,-19.48,9.047,13.941,4.197,60.0,62.5,70.0,1697,1,51.5,0.44
186,0,0.0,18.26,1,25.7,53.900000000000006,789,116.2,56.3,-19.41,9.055,13.941,4.197,60.0,62.5,70.0,1697,1,51.5,0.45
187,0,0.0,18.28,1,25.7,54.0,789,116.3,56.2,-19.43,9.062,13.941,4.197,60.0,62.5,70.0,1697,1,51.5,0.45
188,0,0.0,18.24,1,25.7,53.900000000000006,789,116.4,56.3,-19.45,9.07,13.941,4.197,60.0,62.5,70.0,1697,1,51.5,0.45
189,0,0.0,18.25,1,25.6,53.900000000000006,789,116.4,56.3,-19.45,9.062,13.941,4.197,61.0,62.5,70.0,1697,1,51.5,0.45
190,0,0.0,18.18,1,25.6,53.900000000000006,788,116.5,56.3,-19.45,9.055,13.941,4.197,60.0,62.5,70.0,1697,1,51.5,0.45
191,0,0.0,18.23,1,25.6,53.900000000000006,788,116.6,56.2,-19.46,9.047,13.941,4.197,60.0,62.5,70.0,1697,1,51.5,0.45
192,0,0.0,18.16,1,25.6,53.900000000000006,788,116.6,56.2,-19.46,9.039,13.941,4.197,60.0,62.6,70.0,1697,1,51.5,0.45
193,0,0.0,18.28,1,25.6,53.900000000000006,788,116.7,56.3,-19.45,9.031,13.941,4.197,60.0,62.5,70.0,1697,1,51.5,0.45
194,0,0.0,18.27,1,25.6,53.900000000000006,788,116.8,56.2,-19.45,9.031,13.941,4.197,60.0,62.6,70.0,1697,1,51.5,0.44
195,0,0.0,18.18,1,25.7,53.900000000000006,788,116.9,56.3,-19.46,9.023,13.941,4.197,60.0,62.6,70.0,1697,1,51.5,0.45
196,0,0.0,18.21,1,25.6,53.900000000000006,788,116.9,56.3,-19.47,9.016,13.941,4.197,60.0,62.5,70.0,1697,1,51.4,0.45
197,0,0.0,18.2,1,25.6,53.900000000000006,788,117.0,56.2,-19.47,9.008,13.941,4.197,60.0,62.5,70.0,1697,1,51.5,0.45
198,0,0.0,18.21,1,25.6,53.900000000000006,788,117.0,56.3,-19.47,9.008,13.941,4.197,60.0,62.5,70.0,1697,1,51.5,0.45
199,0,0.0,18.14,1,25.6,53.900000000000006,788,117.1,56.3,-19.46,9.008,13.941,4.197,60.0,62.5,70.0,1697,1,51.4,0.44
200,0,0.0,18.17,1,25.6,53.800000000000004,788,117.2,56.2,-19.48,9.008,13.945,4.197,60.0,62.5,70.0,1697,1,51.4,0.44
201,0,0.0,18.12,1,25.6,53.800000000000004,788,117.2,56.3,-19.48,9.008,13.945,4.197,60.0,62.5,70.0,1697,1,51.4,0.45
202,0,0.0,18.37,1,25.6,54.0,788,117.3,56.4,-19.44,9.0,13.945,4.197,60.0,62.5,70.0,1697,1,51.4,0.44
203,0,0.0,18.22,1,25.6,54.0,790,117.3,56.4,-19.47,9.0,13.945,4.197,60.0,62.5,70.0,1697,1,51.4,0.44
204,0,0.0,18.13,1,25.6,53.900000000000006,789,117.4,56.3,-19.47,9.0,13.941,4.197,60.0,62.5,70.0,1697,1,51.4,0.44
205,0,0.0,18.11,1,25.6,53.800000000000004,788,117.4,56.2,-19.49,9.0,13.945,4.197,60.0,62.5,70.0,1697,1,51.4,0.44
206,0,0.0,18.2,1,25.6,53.800000000000004,787,117.5,56.3,-19.47,9.0,13.945,4.197,60.0,62.5,70.0,1697,1,51.4,0.45
207,0,0.0,18.23,1,25.7,53.900000000000006,788,117.6,56.4,-19.46,9.0,13.941,4.197,60.0,62.5,70.0,1697,1,51.4,0.45
208,0,0.0,18.21,1,25.7,53.900000000000006,788,117.6,56.3,-19.47,9.008,13.941,4.197,60.0,62.5,70.0,1697,1,51.4,0.45
209,0,0.0,18.18,1,25.7,53.900000000000006,788,117.7,56.3,-19.47,9.008,13.941,4.197,60.0,62.5,70.0,1697,1,51.4,0.46
210,0,0.0,18.17,1,25.8,53.900000000000006,788,117.7,56.3,-19.46,9.008,13.945,4.197,60.0,62.5,70.0,1697,1,51.4,0.45
211,0,0.0,18.23,1,25.7,53.900000000000006,787,117.8,56.4,-19.47,9.016,13.945,4.197,60.0,62.5,70.0,1697,1,51.4,0.45
212,0,0.0,18.18,1,25.7,53.900000000000006,788,117.8,56.3,-19.46,9.023,13.945,4.197,60.0,62.5,70.0,1697,1,51.4,0.45
213,0,0.0,18.26,1,25.7,53.900000000000006,787,117.9,56.3,-19.47,9.023,13.945,4.197,60.0,62.5,70.0,1697,1,51.4,0.45
214,0,0.0,18.18,1,25.7,53.900000000000006,788,117.9,56.4,-19.47,9.031,13.945,4.197,60.0,62.5,70.0,1697,1,51.4,0.46
215,0,0.0,18.16,1,25.7,53.900000000000006,788,118.0,56.4,-19.48,9.031,13.945,4.197,60.0,62.5,70.0,1697,1,51.4,0.46
216,0,0.0,18.14,1,25.7,53.800000000000004,788,118.0,56.4,-19.48,9.031,13.945,4.197,60.0,62.6,70.0,1697,1,51.4,0.46
217,0,0.0,18.15,1,25.7,53.800000000000004,787,118.1,56.4,-19.48,9.031,13.945,4.197,60.0,62.6,70.0,1697,1,51.4,0.45
218,0,0.0,18.11,1,25.7,53.800000000000004,787,118.2,56.2,-19.47,9.031,13.945,4.197,60.0,62.6,70.0,1698,1,51.3,0.45
219,0,0.0,18.17,1,25.6,53.800000000000004,787,118.2,56.3,-19.48,9.039,13.945,4.197,60.0,62.6,70.0,1698,1,51.3,0.44
220,0,0.0,18.15,1,25.6,53.800000000000004,787,118.3,56.4,-19.46,9.031,13.941,4.197,61.0,62.6,70.0,1698,1,51.3,0.45
221,0,0.0,18.19,1,25.6,53.900000000000006,787,118.3,56.5,-19.47,9.023,13.941,4.197,60.0,62.6,70.0,1698,1,51.3,0.44
222,0,0.0,18.16,1,25.6,53.900000000000006,788,118.4,56.4,-19.45,9.023,13.941,4.197,60.0,62.6,70.0,1698,1,51.3,0.44
223,0,0.0,18.18,1,25.6,53.900000000000006,788,118.4,56.5,-19.47,9.016,13.941,4.197,60.0,62.6,70.0,1698,1,51.3,0.45
224,0,0.0,18.2,1,25.6,53.900000000000006,788,118.5,56.5,-19.46,9.016,13.941,4.197,60.0,62.6,70.0,1698,1,51.3,0.45
225,0,0.0,18.16,1,25.7,53.800000000000004,788,118.5,56.3,-19.46,9.016,13.941,4.197,60.0,62.6,70.0,1698,1,51.3,0.45
226,0,0.0,18.13,1,25.6,53.900000000000006,788,118.6,56.3,-19.45,9.016,13.941,4.197,60.0,62.6,70.0,1698,1,51.3,0.45
227,0,0.0,24.17,1,26.6,56.89999999999999,792,118.6,57.6,-9.05,9.016,13.941,4.197,60.0,62.6,70.0,1698,1,51.3,0.44
228,0,0.0,38.05,1,32.5,66.3,865,118.7,61.4,-9.05,9.023,13.941,4.197,60.0,62.6,70.0,1698,1,51.3,0.46
229,0,0.0,57.5,1,43.3,75.3,964,118.7,64.9,-8.94,9.039,13.941,4.197,61.0,62.8,70.0,1698,1,51.3,0.46
230,0,0.0,53.65,1,51.5,77.2,1016,118.6,66.3,-8.85,9.055,13.941,4.197,61.0,63.1,70.0,1698,1,51.3,0.46
231,0,0.0,44.48,1,54.2,77.4,1007,118.6,66.6,-7.15,9.078,13.941,4.197,61.0,63.4,70.0,1698,1,51.3,0.46
232,0,0.0,44.75,1,58.8,79.7,994,118.7,67.8,-6.89,9.102,13.941,4.197,61.0,63.7,70.0,1698,1,51.3,0.45
233,0,0.0,44.68,1,60.8,79.9,987,118.7,68.1,-6.86,9.117,13.941,4.197,62.0,64.1,70.0,1698,1,51.3,0.45
234,1,0.0,44.59,1,61.199999999999996,80.0,976,118.8,68.2,-6.96,9.125,13.941,4.197,63.0,64.5,70.0,1698,1,51.3,0.45
235,2,0.0,44.56,1,61.199999999999996,79.9,968,118.9,68.1,-6.93,9.133,13.941,4.197,63.0,64.9,70.0,1698,1,51.3,0.46
236,2,0.0,44.59,1,61.1,79.9,963,118.7,68.0,-6.94,9.133,13.941,4.197,63.0,65.2,70.0,1698,1,51.3,0.46
237,3,0.0,44.51,1,61.0,79.9,960,118.5,67.9,-6.92,9.117,13.941,4.197,64.0,65.6,70.0,1698,1,51.3,0.46
238,4,0.0,44.53,1,61.0,79.9,959,118.3,67.9,-6.91,9.117,13.941,4.197,64.0,66.0,70.0,1698,1,51.3,0.45
239,4,0.0,44.49,1,61.0,79.9,958,117.9,67.9,-6.93,9.109,13.941,4.197,64.0,66.3,70.0,1698,1,51.2,0.44
240,4,0.0,44.55,1,60.9,79.9,958,117.5,67.8,-6.92,9.094,13.941,4.197,64.0,66.6,70.0,1698,1,51.3,0.44
241,5,0.0,44.47,1,60.8,79.9,958,117.1,67.8,-6.91,9.078,13.941,4.197,66.0,67.0,70.0,1698,1,51.3,0.45
242,6,0.0,44.56,1,60.8,79.9,959,116.8,67.9,-6.93,9.07,13.941,4.197,66.0,67.3,70.0,1698,1,51.2,0.44
243,6,0.0,44.48,1,60.699999999999996,79.9,959,116.5,67.8,-6.91,9.055,13.941,4.197,66.0,67.5,70.0,1698,1,51.2,0.44
244,6,0.0,44.42,1,60.6,79.9,960,116.2,67.9,-6.89,9.039,13.941,4.197,66.0,67.8,70.0,1698,1,51.2,0.44
245,7,0.0,44.41,1,60.5,79.9,961,116.0,67.8,-6.9,9.031,13.941,4.197,66.0,68.0,70.0,1698,1,51.2,0.45
246,7,0.0,44.14,1,60.4,79.9,962,115.8,67.7,-6.92,9.023,13.941,4.197,66.0,68.2,70.0,1698,1,51.2,0.44
247,7,0.0,44.03,1,60.3,79.9,962,115.7,67.8,-6.95,9.008,13.941,4.197,66.0,68.4,70.0,1698,1,51.2,0.44
248,7,0.0,44.04,1,60.199999999999996,79.9,962,115.6,67.7,-6.91,9.0,13.941,4.197,67.0,68.7,70.0,1698,1,51.2,0.44
249,8,0.0,44.39,1,60.199999999999996,79.9,963,115.5,67.8,-6.9,8.992,13.941,4.197,67.0,68.8,70.0,1698,1,51.2,0.45
250,9,0.0,44.14,1,60.099999999999994,79.9,963,115.5,67.8,-6.93,8.992,13.941,4.197,67.0,69.0,70.0,1698,1,51.2,0.44
251,9,0.0,44.09,1,60.099999999999994,79.9,963,115.5,67.6,-6.91,8.992,13.941,4.197,67.0,69.2,70.0,1698,1,51.2,0.44
252,10,0.0,44.08,1,60.099999999999994,79.9,963,115.5,67.7,-6.9,8.984,13.945,4.197,67.0,69.3,70.0,1698,1,51.2,0.45
253,11,0.0,44.29,1,60.099999999999994,79.9,963,115.6,67.8,-6.91,8.984,13.941,4.197,67.0,69.5,70.0,1698,1,51.2,0.45
254,11,0.0,44.01,1,60.099999999999994,79.9,963,115.7,67.8,-7.47,8.984,13.941,4.197,67.0,69.6,70.0,1698,1,51.2,0.44
255,12,0.0,44.09,1,57.99999999999999,78.3,958,115.7,67.1,-8.52,8.984,13.945,4.197,67.0,69.8,70.0,1698,1,51.2,0.43
256,12,0.0,44.19,1,55.800000000000004,77.7,937,115.7,66.7,-8.64,8.977,13.945,4.197,67.0,69.9,70.0,1698,1,51.2,0.44
257,12,0.0,44.04,1,55.00000000000001,77.60000000000001,922,115.8,66.7,-8.64,8.961,13.945,4.197,67.0,70.1,70.0,1698,1,51.2,0.44
258,12,0.0,43.9,1,54.6,77.4,914,115.9,66.5,-10.61,8.945,13.945,4.197,67.0,70.2,70.0,1698,1,51.2,0.44
259,12,0.0,43.87,1,50.0,73.6,896,116.0,65.0,-11.99,8.93,13.945,4.197,67.0,70.3,70.0,1698,1,51.1,0.44
260,12,0.0,44.13,1,46.6,72.6,868,116.1,64.4,-12.12,8.906,13.945,4.197,67.0,70.4,70.0,1698,1,51.2,0.45
261,11,0.0,44.18,1,45.5,72.39999999999999,856,116.2,64.2,-12.14,8.898,13.945,4.197,67.0,70.6,70.0,1698,1,51.1,0.44
262,11,0.0,44.17,1,45.2,72.39999999999999,853,116.3,64.2,-12.17,8.883,13.945,4.197,67.0,70.7,70.0,1698,1,51.2,0.44
263,10,0.0,44.22,1,45.1,72.39999999999999,852,116.6,64.1,-12.14,8.875,13.945,4.197,67.0,70.8,70.0,1698,1,51.1,0.45
264,9,0.0,44.23,1,45.2,72.39999999999999,852,116.8,64.2,-12.08,8.883,13.945,4.197,68.0,71.0,70.0,1698,1,51.1,0.45
265,8,0.0,44.27,1,45.300000000000004,72.5,852,117.0,64.3,-11.03,8.883,13.945,4.197,68.0,71.1,70.0,1698,1,51.1,0.45
266,8,0.0,44.11,1,47.8,74.9,862,117.2,65.4,-10.15,8.891,13.945,4.197,69.0,71.2,70.0,1698,1,51.1,0.44
267,7,0.0,43.97,1,50.0,75.5,883,117.3,65.7,-10.07,8.891,13.945,4.197,69.0,71.3,70.0,1698,1,51.1,0.45
268,7,0.0,44.06,1,50.8,75.6,893,117.5,65.8,-10.06,8.898,13.945,4.197,69.0,71.4,70.0,1698,1,51.1,0.46
269,8,0.0,43.91,1,51.1,75.6,895,117.8,66.0,-10.06,8.898,13.945,4.197,69.0,71.5,70.0,1698,1,51.1,0.45
270,8,0.0,43.88,1,51.1,75.6,895,118.1,66.1,-10.05,8.898,13.945,4.197,69.0,71.5,70.0,1698,1,51.1,0.45
271,9,0.0,43.94,1,51.1,75.6,894,118.4,65.9,-10.05,8.898,13.941,4.197,69.0,71.6,70.0,1698,1,51.1,0.45
272,9,0.0,44.01,1,51.2,75.6,893,118.8,66.1,-9.27,8.914,13.941,4.197,69.0,71.7,70.0,1698,1,51.1,0.46
273,8,0.0,44.36,1,53.7,78.10000000000001,900,119.0,67.2,-7.67,8.914,13.941,4.197,69.0,71.7,70.0,1698,1,51.1,0.46
274,8,0.0,44.18,1,57.3,79.0,927,119.3,67.7,-7.59,8.938,13.941,4.197,69.0,71.8,70.0,1698,1,51.1,0.46
275,8,0.0,44.08,1,58.4,79.10000000000001,936,119.6,68.0,-7.55,8.945,13.941,4.197,69.0,71.9,70.0,1698,1,51.1,0.46
276,9,0.0,44.02,1,58.599999999999994,79.10000000000001,935,119.8,68.1,-7.54,8.953,13.941,4.197,69.0,71.9,70.0,1698,1,51.1,0.44
277,9,0.0,44.04,1,58.5,79.10000000000001,933,120.0,68.0,-7.55,8.961,13.941,4.197,69.0,72.0,70.0,1698,1,51.1,0.45
278,9,0.0,43.87,1,58.4,79.10000000000001,933,120.3,68.0,-7.53,8.969,13.941,4.197,69.0,72.1,70.0,1698,1,51.1,0.44
279,9,0.0,43.78,1,58.3,79.10000000000001,932,120.5,67.9,-7.56,8.969,13.941,4.197,69.0,72.1,70.0,1698,1,51.1,0.44
280,9,0.0,44.1,1,58.099999999999994,79.10000000000001,932,120.7,67.9,-7.55,8.969,13.941,4.197,70.0,72.2,70.0,1698,1,51.1,0.44
281,10,0.0,43.94,1,58.099999999999994,79.10000000000001,932,120.8,67.9,-7.54,8.977,13.941,4.197,69.0,72.2,70.0,1698,1,51.1,0.45
282,10,0.0,43.93,1,58.099999999999994,79.10000000000001,932,120.9,67.8,-7.52,8.977,13.941,4.197,70.0,72.2,70.0,1698,1,51.1,0.45
283,10,0.0,44.03,1,58.199999999999996,79.10000000000001,932,121.0,67.8,-7.53,8.977,13.941,4.197,70.0,72.3,70.0,1698,1,51.1,0.44
284,11,0.0,43.79,1,58.099999999999994,79.10000000000001,933,121.0,67.8,-7.54,8.984,13.941,4.197,70.0,72.3,70.0,1698,1,51.0,0.44
285,12,0.0,43.95,1,58.099999999999994,79.10000000000001,933,121.0,67.8,-7.54,8.977,13.941,4.197,70.0,72.4,70.0,1698,1,51.0,0.44
286,12,0.0,43.79,1,58.099999999999994,79.10000000000001,932,121.1,67.9,-7.55,8.969,13.945,4.197,70.0,72.4,70.0,1698,1,51.0,0.45
287,12,0.0,44.02,1,58.099999999999994,79.10000000000001,932,121.1,67.9,-7.55,8.977,13.945,4.197,70.0,72.5,70.0,1698,1,51.0,0.45
288,12,0.0,44.01,1,58.099999999999994,79.10000000000001,932,121.2,67.9,-7.53,8.969,13.945,4.197,70.0,72.5,70.0,1698,1,51.0,0.45
289,13,0.0,44.06,1,58.099999999999994,79.10000000000001,933,121.3,67.9,-7.56,8.969,13.945,4.197,70.0,72.6,70.0,1698,1,51.0,0.44
290,13,0.0,43.99,1,58.099999999999994,79.10000000000001,932,121.5,67.9,-7.54,8.969,13.945,4.197,70.0,72.6,70.0,1698,1,51.0,0.45
291,14,0.0,44.04,1,58.099999999999994,79.10000000000001,932,121.7,67.9,-7.54,8.961,13.945,4.197,70.0,72.7,70.0,1698,1,51.0,0.44
292,14,0.0,44.04,1,58.099999999999994,79.10000000000001,933,121.8,67.9,-7.54,8.961,13.945,4.197,70.0,72.7,70.0,1698,1,51.0,0.44
293,15,0.0,43.9,1,58.099999999999994,79.10000000000001,933,122.0,67.8,-7.85,8.961,13.945,4.197,70.0,72.8,70.0,1698,1,51.0,0.44
294,15,0.0,43.84,1,57.199999999999996,78.4,930,122.1,67.5,-8.58,8.961,13.949,4.197,70.0,72.8,70.0,1698,1,51.0,0.45
295,15,0.0,43.68,1,55.1,77.0,918,122.3,67.1,-10.13,8.953,13.949,4.197,70.0,72.9,70.0,1698,1,51.0,0.45
296,15,0.0,43.66,1,51.6,75.1,894,122.4,65.9,-10.55,8.938,13.949,4.197,71.0,72.9,70.0,1698,1,51.0,0.45
297,15,0.0,43.85,1,49.9,74.9,875,122.6,65.9,-10.59,8.93,13.949,4.197,70.0,72.9,70.0,1698,1,51.0,0.45
298,15,0.0,43.85,1,49.4,74.9,872,122.7,65.9,-10.59,8.922,13.949,4.197,71.0,73.0,70.0,1698,1,51.0,0.45
299,15,0.0,43.89,1,49.3,74.8,875,122.9,66.1,-10.61,8.93,13.949,4.197,70.0,73.1,70.0,1698,1,51.0,0.45
300,15,0.0,43.82,1,49.2,74.9,877,123.1,65.9,-10.59,8.938,13.949,4.197,70.0,73.1,70.0,1698,1,51.0,0.46
301,15,0.0,43.87,1,48.4,73.6,877,123.3,65.5,-12.52,8.938,13.949,4.197,70.0,73.2,70.0,1698,1,51.0,0.45
302,15,0.0,44.44,1,45.1,71.3,859,123.6,64.3,-12.88,8.938,13.949,4.197,71.0,73.2,70.0,1698,1,50.9,0.44
303,14,0.0,44.32,1,43.2,70.39999999999999,841,123.8,63.9,-13.53,8.93,13.949,4.197,71.0,73.3,70.0,1698,1,51.0,0.44
304,14,0.0,43.9,1,41.699999999999996,69.6,827,124.1,63.5,-13.65,8.922,13.949,4.197,71.0,73.3,70.0,1698,1,50.9,0.45
305,13,0.0,43.65,1,41.0,69.39999999999999,819,124.4,63.3,-13.66,8.906,13.949,4.197,71.0,73.4,70.0,1698,1,50.9,0.44
306,13,0.0,43.52,1,40.8,69.39999999999999,816,124.6,63.4,-13.66,8.898,13.945,4.197,71.0,73.4,70.0,1698,1,50.9,0.45
307,12,0.0,43.54,1,40.8,69.39999999999999,816,124.8,63.4,-13.69,8.898,13.945,4.197,71.0,73.5,70.0,1698,1,50.9,0.44
308,10,0.0,43.46,1,40.699999999999996,69.3,815,125.1,63.4,-13.69,8.898,13.945,4.197,71.0,73.5,70.0,1699,1,50.9,0.45
309,9,0.0,43.47,1,40.8,69.39999999999999,814,125.3,63.5,-13.68,8.898,13.945,4.197,71.0,73.5,70.0,1699,1,50.9,0.44
310,9,0.0,43.68,1,40.9,69.39999999999999,813,125.5,63.5,-13.64,8.898,13.945,4.197,71.0,73.5,70.0,1699,1,50.9,0.45
311,9,0.0,43.63,1,40.9,69.39999999999999,813,125.8,63.6,-13.67,8.883,13.945,4.197,71.0,73.5,70.0,1699,1,50.9,0.45
312,8,0.0,43.62,1,40.9,69.39999999999999,811,126.1,63.6,-13.67,8.891,13.945,4.197,71.0,73.6,70.0,1699,1,50.9,0.45
313,8,0.0,43.68,1,41.0,69.39999999999999,810,126.5,63.7,-13.67,8.875,13.945,4.197,71.0,73.6,71.0,1699,1,50.9,0.44
314,8,0.0,43.71,1,41.0,69.39999999999999,809,126.9,63.6,-13.69,8.875,13.945,4.197,71.0,73.5,70.0,1699,1,50.9,0.44
315,8,0.0,43.76,1,41.0,69.39999999999999,808,127.4,63.6,-13.64,8.875,13.945,4.197,71.0,73.5,71.0,1699,1,50.9,0.44
316,8,0.0,43.81,1,41.099999999999994,69.5,808,127.7,63.7,-13.62,8.867,13.945,4.197,71.0,73.5,71.0,1699,1,50.9,0.44
317,8,0.0,43.74,1,41.099999999999994,69.39999999999999,807,128.2,63.7,-13.63,8.875,13.945,4.197,71.0,73.5,71.0,1699,1,50.9,0.45
318,8,0.0,43.75,1,41.099999999999994,69.39999999999999,807,128.6,63.6,-13.66,8.875,13.945,4.197,71.0,73.5,71.0,1699,1,50.9,0.45
319,8,0.0,43.83,1,41.099999999999994,69.39999999999999,806,128.9,63.6,-13.68,8.867,13.945,4.197,71.0,73.5,71.0,1699,1,50.9,0.44
320,8,0.0,43.76,1,41.0,69.39999999999999,805,129.2,63.7,-13.64,8.859,13.941,4.197,71.0,73.4,71.0,1699,1,50.9,0.44
321,8,0.0,43.81,1,41.099999999999994,69.5,804,129.6,63.6,-13.64,8.859,13.945,4.197,71.0,73.4,71.0,1699,1,50.9,0.44
322,8,0.0,43.72,1,41.099999999999994,69.39999999999999,804,130.0,63.6,-13.69,8.852,13.941,4.197,71.0,73.4,71.0,1699,1,50.9,0.44
323,8,0.0,43.72,1,41.0,69.39999999999999,804,130.3,63.6,-13.69,8.852,13.945,4.197,71.0,73.3,71.0,1699,1,50.9,0.44
324,8,0.0,43.82,1,41.0,69.39999999999999,803,130.7,63.6,-13.64,8.844,13.941,4.197,71.0,73.3,71.0,1699,1,50.9,0.44
325,8,0.0,43.68,1,41.099999999999994,69.5,803,131.0,63.6,-13.66,8.844,13.941,4.197,71.0,73.3,71.0,1699,1,50.9,0.45
326,8,0.0,43.67,1,41.099999999999994,69.39999999999999,804,131.3,63.5,-13.66,8.852,13.941,4.197,71.0,73.2,71.0,1699,1,50.8,0.45
327,8,0.0,43.81,1,41.099999999999994,69.5,803,131.5,63.6,-13.65,8.859,13.941,4.197,71.0,73.2,71.0,1699,1,50.9,0.45
328,8,0.0,43.61,1,41.0,69.39999999999999,803,131.8,63.6,-13.66,8.875,13.941,4.197,71.0,73.1,71.0,1699,1,50.8,0.45
329,7,0.0,43.75,1,41.099999999999994,69.39999999999999,802,132.0,63.6,-13.66,8.875,13.941,4.197,71.0,73.1,71.0,1699,1,50.8,0.45
330,6,0.0,43.77,1,41.099999999999994,69.5,802,132.2,63.6,-13.66,8.875,13.941,4.197,71.0,73.1,71.0,1699,1,50.8,0.46
331,5,0.0,43.84,1,41.099999999999994,69.5,802,132.4,63.7,-13.65,8.883,13.941,4.197,71.0,73.0,71.0,1699,1,50.8,0.45
332,4,0.0,43.69,1,41.099999999999994,69.39999999999999,802,132.7,63.6,-13.68,8.891,13.941,4.197,71.0,73.0,71.0,1699,1,50.8,0.46
333,3,0.0,43.79,1,41.099999999999994,69.39999999999999,802,132.9,63.6,-13.64,8.891,13.941,4.197,71.0,73.0,71.0,1699,1,50.8,0.46
334,1,0.0,43.76,1,41.099999999999994,69.39999999999999,801,133.1,63.6,-13.66,8.891,13.941,4.197,70.0,72.9,71.0,1699,1,50.8,0.46
335,1,0.0,43.72,1,41.099999999999994,69.39999999999999,801,133.2,63.5,-13.67,8.891,13.941,4.197,70.0,72.9,71.0,1699,1,50.8,0.46
336,0,0.0,43.67,1,41.099999999999994,69.39999999999999,801,133.4,63.5,-13.68,8.898,13.938,4.197,71.0,72.9,71.0,1699,1,50.8,0.45
337,0,0.0,43.74,1,41.0,69.39999999999999,801,133.5,63.5,-13.64,8.898,13.938,4.197,70.0,72.8,71.0,1699,1,50.8,0.45
338,0,0.0,43.76,1,41.099999999999994,69.5,801,133.7,63.6,-13.69,8.906,13.938,4.197,70.0,72.8,71.0,1699,1,50.8,0.45
339,0,0.0,43.82,1,41.099999999999994,69.39999999999999,801,133.9,63.6,-13.68,8.914,13.938,4.197,70.0,72.8,71.0,1699,1,50.8,0.45
340,0,0.0,43.71,1,41.099999999999994,69.39999999999999,801,134.1,63.5,-13.64,8.914,13.938,4.197,70.0,72.8,71.0,1699,1,50.8,0.45
341,0,0.0,43.82,1,41.199999999999996,69.5,801,134.2,63.6,-13.65,8.922,13.938,4.197,70.0,72.7,71.0,1699,1,50.8,0.44
342,0,0.0,43.83,1,41.199999999999996,69.39999999999999,801,134.4,63.7,-13.64,8.922,13.938,4.197,70.0,72.7,71.0,1699,1,50.8,0.45
343,0,0.0,43.82,1,41.199999999999996,69.5,801,134.5,63.6,-13.69,8.914,13.938,4.197,70.0,72.7,71.0,1699,1,50.8,0.45
344,0,0.0,43.79,1,41.199999999999996,69.39999999999999,800,134.6,63.6,-13.66,8.906,13.938,4.197,70.0,72.7,71.0,1699,1,50.8,0.45
345,0,0.0,43.68,1,41.199999999999996,69.39999999999999,800,134.8,63.7,-13.7,8.898,13.938,4.197,70.0,72.7,71.0,1699,1,50.8,0.45
346,0,0.0,43.77,1,41.099999999999994,69.39999999999999,799,134.9,63.7,-13.66,8.898,13.938,4.197,70.0,72.6,71.0,1699,1,50.7,0.45
347,0,0.0,43.81,1,41.199999999999996,69.39999999999999,800,135.0,63.6,-13.66,8.898,13.938,4.197,70.0,72.6,71.0,1699,1,50.7,0.45
348,0,0.0,43.75,1,41.199999999999996,69.39999999999999,800,135.1,63.6,-13.64,8.898,13.938,4.197,70.0,72.6,71.0,1699,1,50.7,0.45
349,0,0.0,43.92,1,41.199999999999996,69.5,800,135.2,63.6,-13.64,8.898,13.938,4.197,70.0,72.5,71.0,1699,1,50.7,0.45
350,0,0.0,43.83,1,41.199999999999996,69.5,801,135.3,63.6,-13.66,8.898,13.938,4.197,70.0,72.5,71.0,1699,1,50.7,0.45
351,0,0.0,43.75,1,41.199999999999996,69.39999999999999,801,135.4,63.7,-13.66,8.906,13.938,4.197,70.0,72.5,71.0,1699,1,50.7,0.45
352,0,0.0,43.78,1,41.099999999999994,69.39999999999999,800,135.5,63.7,-13.63,8.906,13.938,4.197,70.0,72.5,71.0,1699,1,50.7,0.45
353,0,0.0,43.8,1,41.199999999999996,69.5,800,135.6,63.7,-13.64,8.906,13.938,4.197,70.0,72.4,71.0,1699,1,50.7,0.45
354,0,0.0,43.85,1,41.099999999999994,69.39999999999999,800,135.7,63.6,-13.64,8.906,13.938,4.197,70.0,72.4,71.0,1699,1,50.7,0.44
355,0,0.0,43.77,1,41.099999999999994,69.5,801,135.8,63.6,-13.64,8.906,13.938,4.197,70.0,72.4,71.0,1699,1,50.7,0.44
356,0,0.0,43.82,1,41.099999999999994,69.5,800,135.9,63.7,-13.64,8.906,13.938,4.197,70.0,72.4,71.0,1699,1,50.7,0.45
357,0,0.0,43.81,1,41.099999999999994,69.5,801,136.0,63.6,-13.63,8.906,13.938,4.197,70.0,72.4,71.0,1699,1,50.7,0.45
358,0,0.0,43.76,1,41.099999999999994,69.5,800,136.0,63.6,-13.69,8.906,13.938,4.197,70.0,72.4,71.0,1699,1,50.7,0.44
359,0,0.0,43.7,1,41.099999999999994,69.39999999999999,800,136.1,63.6,-13.66,8.914,13.938,4.197,70.0,72.4,71.0,1699,1,50.7,0.44
360,0,0.0,43.7,1,41.099999999999994,69.39999999999999,800,136.1,63.5,-13.64,8.914,13.938,4.197,70.0,72.3,71.0,1699,1,50.7,0.44
361,0,0.0,43.88,1,41.199999999999996,69.5,800,136.2,63.6,-13.66,8.906,13.938,4.197,70.0,72.3,71.0,1699,1,50.7,0.45
362,0,0.0,43.82,1,41.199999999999996,69.39999999999999,801,136.3,63.7,-13.63,8.914,13.938,4.197,70.0,72.3,71.0,1699,1,50.7,0.45
363,0,0.0,43.85,1,41.3,69.5,801,136.4,63.7,-13.68,8.906,13.938,4.197,70.0,72.3,71.0,1699,1,50.7,0.45
364,0,0.0,43.84,1,41.199999999999996,69.39999999999999,800,136.4,63.5,-13.68,8.906,13.938,4.197,70.0,72.3,71.0,1699,1,50.7,0.44
365,0,0.0,43.7,1,41.199999999999996,69.39999999999999,800,136.5,63.6,-13.68,8.914,13.938,4.197,70.0,72.3,71.0,1699,1,50.7,0.44
366,0,0.0,43.77,1,41.199999999999996,69.39999999999999,800,136.6,63.6,-13.68,8.914,13.938,4.197,69.0,72.3,71.0,1699,1,50.7,0.44
367,0,0.0,43.77,1,41.099999999999994,69.39999999999999,800,136.7,63.6,-13.67,8.922,13.938,4.197,70.0,72.3,71.0,1699,1,50.6,0.44
368,0,0.0,43.75,1,41.099999999999994,69.39999999999999,800,136.8,63.6,-13.68,8.93,13.938,4.197,70.0,72.3,71.0,1699,1,50.7,0.45
369,0,0.0,43.79,1,41.099999999999994,69.39999999999999,800,136.9,63.6,-13.67,8.938,13.938,4.197,69.0,72.3,71.0,1699,1,50.6,0.45
370,0,0.0,43.85,1,41.199999999999996,69.39999999999999,800,137.0,63.7,-13.68,8.945,13.938,4.197,69.0,72.3,71.0,1699,1,50.6,0.46
371,0,0.0,43.83,1,41.099999999999994,69.39999999999999,800,137.2,63.6,-13.68,8.945,13.938,4.197,70.0,72.3,71.0,1699,1,50.6,0.46
372,0,0.0,43.79,1,41.199999999999996,69.39999999999999,800,137.3,63.7,-13.66,8.938,13.938,4.197,70.0,72.3,71.0,1699,1,50.6,0.45
373,0,0.0,43.72,1,41.199999999999996,69.39999999999999,800,137.4,63.6,-13.69,8.938,13.938,4.197,69.0,72.3,71.0,1699,1,50.6,0.45
374,0,0.0,43.71,1,41.199999999999996,69.39999999999999,800,137.5,63.7,-13.67,8.945,13.941,4.197,69.0,72.2,71.0,1699,1,50.6,0.45
375,0,0.0,43.57,1,41.199999999999996,69.39999999999999,800,137.5,63.7,-13.64,8.938,13.938,4.197,69.0,72.2,71.0,1699,1,50.6,0.45
376,0,0.0,43.5,1,41.199999999999996,69.39999999999999,802,137.6,63.6,-13.67,8.93,13.938,4.197,69.0,72.3,71.0,1699,1,50.6,0.44
377,0,0.0,43.46,1,41.199999999999996,69.39999999999999,802,137.7,63.7,-13.67,8.914,13.938,4.197,69.0,72.3,71.0,1699,1,50.6,0.44
378,0,0.0,43.37,1,41.199999999999996,69.39999999999999,803,137.8,63.7,-13.65,8.906,13.938,4.197,70.0,72.4,71.0,1699,1,50.6,0.44
379,0,0.0,43.31,1,41.099999999999994,69.39999999999999,804,137.9,63.7,-13.68,8.898,13.938,4.197,70.0,72.5,71.0,1699,1,50.6,0.45
380,0,0.0,43.3,1,41.099999999999994,69.39999999999999,805,137.9,63.6,-13.68,8.891,13.938,4.197,70.0,72.7,71.0,1699,1,50.6,0.45
381,0,0.0,43.19,1,41.0,69.39999999999999,805,138.0,63.7,-13.67,8.891,13.938,4.197,70.0,72.9,71.0,1699,1,50.6,0.44
382,0,0.0,43.06,1,41.0,69.39999999999999,806,138.1,63.6,-13.66,8.891,13.938,4.197,71.0,73.3,71.0,1699,1,50.6,0.44
383,0,0.0,43.06,1,41.0,69.39999999999999,807,138.2,63.7,-13.64,8.891,13.938,4.197,71.0,73.6,71.0,1699,1,50.6,0.45
384,0,0.0,42.94,1,41.099999999999994,69.5,808,138.3,63.6,-13.63,8.883,13.938,4.197,72.0,74.1,71.0,1699,1,50.6,0.46
385,0,0.0,42.99,1,41.099999999999994,69.5,809,138.3,63.6,-13.68,8.891,13.938,4.197,72.0,74.7,71.0,1699,1,50.6,0.44
386,0,0.0,42.94,1,41.099999999999994,69.39999999999999,810,138.4,63.7,-13.66,8.891,13.938,4.197,73.0,75.3,71.0,1699,1,50.6,0.45
387,0,0.0,42.95,1,41.099999999999994,69.39999999999999,810,138.5,63.7,-13.62,8.891,13.938,4.197,74.0,76.0,71.0,1699,1,50.6,0.45
388,0,0.0,42.89,1,41.099999999999994,69.5,811,138.5,63.7,-13.66,8.898,13.938,4.197,76.0,76.8,71.0,1699,1,50.6,0.45
389,0,0.0,42.81,1,41.0,69.39999999999999,811,138.6,63.7,-13.7,8.906,13.938,4.197,76.0,77.5,71.0,1699,1,50.6,0.44
390,0,0.0,42.9,1,41.0,69.39999999999999,811,138.6,63.7,-13.62,8.914,13.938,4.197,77.0,78.3,71.0,1699,1,50.6,0.44
391,0,0.0,42.9,1,41.099999999999994,69.5,811,138.6,63.7,-13.65,8.93,13.941,4.197,77.0,79.0,71.0,1699,1,50.5,0.45
392,0,0.0,42.95,1,41.099999999999994,69.5,812,138.7,63.7,-13.65,8.938,13.938,4.197,78.0,79.8,71.0,1699,1,50.5,0.45
393,0,0.0,42.8,1,41.099999999999994,69.39999999999999,812,138.7,63.7,-13.65,8.945,13.938,4.197,79.0,80.6,71.0,1699,1,50.5,0.45
394,0,0.0,42.93,1,41.099999999999994,69.5,812,138.7,63.8,-13.65,8.953,13.938,4.197,79.0,81.3,71.0,1699,1,50.5,0.46
395,0,0.0,42.82,1,41.099999999999994,69.39999999999999,812,138.8,63.8,-13.69,8.953,13.938,4.197,80.0,82.0,71.0,1700,1,50.5,0.44
396,0,0.0,42.85,1,41.0,69.39999999999999,812,138.8,63.7,-13.66,8.953,13.938,4.197,81.0,82.7,71.0,1700,1,50.5,0.44
397,0,0.0,42.9,1,41.0,69.39999999999999,812,138.9,63.6,-13.65,8.961,13.941,4.197,82.0,83.4,71.0,1700,1,50.5,0.44
398,0,0.0,42.77,1,41.0,69.39999999999999,812,138.9,63.7,-13.68,8.969,13.941,4.197,82.0,84.0,71.0,1700,1,50.5,0.45
399,0,0.0,42.82,1,41.099999999999994,69.39999999999999,812,138.9,63.6,-13.66,8.969,13.941,4.197,83.0,84.6,71.0,1700,1,50.5,0.45
400,0,0.0,42.87,1,41.0,69.39999999999999,812,138.9,63.6,-13.68,8.977,13.941,4.197,84.0,85.1,71.0,1700,1,50.5,0.45
401,0,0.0,42.92,1,41.099999999999994,69.39999999999999,812,138.9,63.7,-13.64,8.977,13.941,4.197,84.0,85.6,71.0,1700,1,50.5,0.45
402,0,0.0,42.93,1,41.099999999999994,69.5,812,139.0,63.7,-13.65,8.977,13.941,4.197,85.0,86.1,71.0,1700,1,50.5,0.45
403,0,0.0,42.98,1,41.099999999999994,69.5,812,139.1,63.7,-13.65,8.977,13.941,4.197,85.0,86.6,71.0,1700,1,50.5,0.44
404,0,0.0,42.97,1,41.099999999999994,69.5,812,139.1,63.7,-13.64,8.969,13.941,4.197,85.0,87.0,71.0,1700,1,50.5,0.45
405,0,0.0,42.85,1,41.099999999999994,69.39999999999999,812,139.1,63.7,-13.67,8.961,13.941,4.197,86.0,87.4,71.0,1700,1,50.5,0.45
406,0,0.0,42.86,1,41.099999999999994,69.39999999999999,812,138.9,63.6,-13.63,8.961,13.941,4.197,86.0,87.8,71.0,1700,1,50.5,0.46
407,0,0.0,43.02,1,41.099999999999994,69.5,812,138.8,63.7,-13.64,8.969,13.941,4.197,86.0,88.1,71.0,1700,1,50.5,0.46
408,0,0.0,42.91,1,41.099999999999994,69.5,812,138.7,63.7,-13.66,8.969,13.941,4.197,87.0,88.4,71.0,1700,1,50.5,0.46
409,0,0.0,42.91,1,41.0,69.39999999999999,812,138.7,63.7,-13.65,8.961,13.941,4.197,87.0,88.6,71.0,1700,1,50.5,0.45
410,0,0.0,42.87,1,41.099999999999994,69.39999999999999,812,138.8,63.6,-13.65,8.961,13.938,4.197,87.0,89.0,71.0,1700,1,50.5,0.45
411,0,0.0,42.98,1,41.099999999999994,69.5,812,138.8,63.7,-13.65,8.953,13.938,4.197,87.0,89.2,71.0,1700,1,50.5,0.44
412,0,0.0,43.02,1,41.0,69.5,812,138.8,63.6,-13.65,8.945,13.938,4.197,87.0,89.4,71.0,1700,1,50.5,0.45
413,0,0.0,42.87,1,41.0,69.39999999999999,813,138.8,63.7,-13.65,8.945,13.938,4.197,88.0,89.6,71.0,1700,1,50.4,0.45
414,0,0.0,42.91,1,41.099999999999994,69.5,812,138.8,63.7,-13.66,8.938,13.938,4.197,88.0,89.8,71.0,1700,1,50.4,0.45
415,0,0.0,42.89,1,41.099999999999994,69.5,812,138.8,63.7,-13.65,8.93,13.938,4.197,88.0,90.0,71.0,1700,1,50.4,0.44
416,0,0.0,42.82,1,41.099999999999994,69.39999999999999,812,138.9,63.7,-13.65,8.922,13.941,4.197,88.0,90.1,71.0,1700,1,50.4,0.43
417,0,0.0,42.93,1,41.0,69.39999999999999,812,138.9,63.6,-13.64,8.922,13.941,4.197,88.0,90.3,71.0,1700,1,50.4,0.44
418,0,0.0,43.04,1,41.0,69.5,812,139.0,63.7,-13.64,8.914,13.941,4.197,88.0,90.4,71.0,1700,1,50.4,0.44
419,0,0.0,42.87,1,41.099999999999994,69.39999999999999,812,139.0,63.7,-13.67,8.914,13.941,4.197,89.0,90.6,71.0,1700,1,50.4,0.44
420,0,0.0,42.92,1,41.099999999999994,69.39999999999999,812,139.1,63.7,-13.64,8.914,13.941,4.197,89.0,90.7,71.0,1700,1,50.4,0.44
421,0,0.0,43.04,1,41.199999999999996,69.5,813,139.2,63.8,-13.64,8.914,13.941,4.197,89.0,90.9,71.0,1700,1,50.4,0.45
422,0,0.0,43.01,1,41.199999999999996,69.5,813,139.3,63.7,-13.68,8.914,13.941,4.197,90.0,91.0,71.0,1700,1,50.4,0.45
423,0,0.0,42.78,1,41.099999999999994,69.39999999999999,812,139.3,63.6,-13.67,8.914,13.941,4.197,90.0,91.2,71.0,1700,1,50.4,0.44
424,0,0.0,43.07,1,41.099999999999994,69.5,812,139.4,63.7,-13.67,8.914,13.941,4.197,90.0,91.4,71.0,1700,1,50.4,0.44
425,0,0.0,42.94,1,41.099999999999994,69.39999999999999,812,139.5,63.8,-13.67,8.914,13.941,4.197,90.0,91.5,71.0,1700,1,50.4,0.44
426,0,0.0,42.95,1,41.099999999999994,69.5,812,139.5,63.7,-13.66,8.906,13.941,4.197,91.0,91.7,71.0,1700,1,50.4,0.44
427,0,0.0,42.99,1,41.199999999999996,69.5,813,139.6,63.6,-13.62,8.898,13.941,4.197,91.0,91.8,71.0,1700,1,50.4,0.45
428,0,0.0,43.03,1,41.199999999999996,69.5,813,139.6,63.6,-13.63,8.906,13.941,4.197,91.0,91.9,71.0,1700,1,50.4,0.45
429,0,0.0,42.92,1,41.199999999999996,69.39999999999999,812,139.7,63.7,-13.65,8.914,13.941,4.197,91.0,92.1,71.0,1700,1,50.4,0.45
430,0,0.0,42.95,1,41.199999999999996,69.5,812,139.7,63.6,-13.67,8.914,13.941,4.197,91.0,92.2,71.0,1700,1,50.4,0.45
431,0,0.0,43.06,1,41.199999999999996,69.39999999999999,813,139.8,63.6,-13.65,8.922,13.941,4.197,92.0,92.4,71.0,1700,1,50.4,0.45
432,0,0.0,43.05,1,41.3,69.5,813,139.9,63.6,-13.65,8.914,13.941,4.197,92.0,92.5,71.0,1700,1,50.4,0.44
433,0,0.0,42.96,1,41.199999999999996,69.39999999999999,812,139.9,63.6,-13.63,8.906,13.941,4.197,92.0,92.7,71.0,1700,1,50.4,0.44
434,0,0.0,42.98,1,41.199999999999996,69.5,812,140.0,63.7,-13.68,8.898,13.941,4.197,93.0,92.8,71.0,1700,1,50.4,0.44
435,0,0.0,42.91,1,41.199999999999996,69.39999999999999,812,140.0,63.6,-13.67,8.891,13.941,4.197,93.0,93.0,71.0,1700,1,50.4,0.44
436,0,0.0,42.87,1,41.199999999999996,69.39999999999999,811,140.1,63.7,-13.66,8.883,13.941,4.197,93.0,93.1,71.0,1700,1,50.3,0.44
437,0,0.0,43.02,1,41.199999999999996,69.5,811,140.1,63.7,-13.64,8.883,13.941,4.197,93.0,93.3,71.0,1700,1,50.3,0.44
438,0,0.0,42.87,1,41.199999999999996,69.39999999999999,811,140.2,63.7,-13.68,8.875,13.941,4.197,94.0,93.5,71.0,1700,1,50.3,0.44
439,0,0.0,42.99,1,41.199999999999996,69.39999999999999,811,140.2,63.7,-13.65,8.867,13.938,4.197,94.0,93.7,71.0,1700,1,50.3,0.45
440,0,0.0,43.02,1,41.199999999999996,69.39999999999999,811,140.3,63.6,-13.63,8.867,13.938,4.197,94.0,93.9,71.0,1700,1,50.3,0.44
441,0,0.0,43.01,1,41.199999999999996,69.5,812,140.3,63.7,-13.66,8.859,13.938,4.197,94.0,94.1,71.0,1700,1,50.3,0.44
442,0,0.0,43.05,1,41.199999999999996,69.5,812,140.4,63.8,-13.64,8.859,13.938,4.197,95.0,94.4,71.0,1700,1,50.3,0.45
443,0,0.0,42.87,1,41.099999999999994,69.39999999999999,812,140.4,63.7,-13.66,8.859,13.938,4.197,95.0,94.7,71.0,1700,1,50.3,0.44
444,0,0.0,42.86,1,41.099999999999994,69.39999999999999,812,140.5,63.7,-13.66,8.875,13.938,4.197,96.0,95.0,71.0,1700,1,50.3,0.44
445,0,0.0,42.94,1,41.199999999999996,69.39999999999999,813,140.5,63.7,-13.63,8.883,13.938,4.197,96.0,95.4,71.0,1700,1,50.3,0.45
446,0,0.0,42.92,1,41.199999999999996,69.5,813,140.6,63.7,-13.67,8.891,13.938,4.197,96.0,95.7,71.0,1700,1,50.3,0.45
447,0,0.0,42.88,1,41.099999999999994,69.39999999999999,813,140.6,63.7,-13.68,8.898,13.938,4.197,97.0,96.1,71.0,1700,1,50.3,0.44
448,0,0.0,43.01,1,41.099999999999994,69.39999999999999,812,140.7,63.7,-13.66,8.898,13.938,4.197,97.0,96.5,71.0,1700,1,50.3,0.45
449,0,0.0,42.88,1,41.099999999999994,69.39999999999999,813,140.8,63.6,-13.65,8.898,13.941,4.197,97.0,96.9,71.0,1700,1,50.3,0.45
450,0,0.0,42.91,1,41.099999999999994,69.5,813,140.8,63.8,-13.63,8.898,13.941,4.197,98.0,97.2,71.0,1700,1,50.3,0.45
451,0,0.0,42.89,1,41.099999999999994,69.5,813,140.9,63.7,-13.65,8.898,13.938,4.197,98.0,97.6,71.0,1700,1,50.3,0.44
452,0,0.0,42.85,1,41.099999999999994,69.39999999999999,813,140.9,63.6,-13.66,8.898,13.938,4.197,98.0,97.9,71.0,1700,1,50.3,0.44
453,0,0.0,42.96,1,41.199999999999996,69.39999999999999,813,140.9,63.7,-13.64,8.898,13.938,4.197,98.0,98.2,71.0,1700,1,50.3,0.45
454,0,0.0,42.96,1,41.199999999999996,69.5,813,141.0,63.7,-13.64,8.906,13.938,4.197,99.0,98.5,71.0,1700,1,50.3,0.45
455,0,0.0,42.91,1,41.199999999999996,69.5,813,141.0,63.8,-13.66,8.906,13.938,4.197,99.0,98.9,71.0,1700,1,50.3,0.44
456,0,0.0,42.84,1,41.099999999999994,69.39999999999999,813,141.1,63.8,-13.68,8.906,13.938,4.197,99.0,99.1,71.0,1700,1,50.3,0.44
457,0,0.0,42.97,1,41.099999999999994,69.39999999999999,812,141.2,63.6,-13.65,8.914,13.938,4.197,100.0,99.5,71.0,1701,1,50.2,0.44
458,0,0.0,43.08,1,41.099999999999994,69.5,813,141.2,63.7,-13.62,8.914,13.938,4.197,100.0,99.8,71.0,1701,1,50.3,0.44
459,0,0.0,42.9,1,41.099999999999994,69.39999999999999,813,141.3,63.7,-13.64,8.906,13.938,4.197,100.0,100.1,71.0,1701,1,50.2,0.45
460,0,0.0,42.96,1,41.099999999999994,69.5,813,141.3,63.8,-13.63,8.898,13.938,4.197,100.0,100.3,71.0,1701,1,50.2,0.45
461,0,0.0,42.88,1,41.0,69.5,813,141.4,63.8,-13.65,8.898,13.938,4.197,100.0,100.6,71.0,1701,1,50.2,0.44
462,0,0.0,42.96,1,41.099999999999994,69.5,813,141.4,63.7,-13.65,8.891,13.938,4.197,101.0,100.8,71.0,1701,1,50.2,0.45
463,0,0.0,42.85,1,41.099999999999994,69.39999999999999,813,141.5,63.6,-13.68,8.883,13.938,4.197,101.0,101.1,71.0,1701,1,50.2,0.45
464,0,0.0,42.72,1,41.099999999999994,69.39999999999999,813,141.5,63.7,-13.69,8.875,13.938,4.197,101.0,101.3,71.0,1701,1,50.2,0.44
465,0,0.0,42.86,1,41.099999999999994,69.39999999999999,812,141.6,63.7,-13.67,8.875,13.938,4.197,101.0,101.5,71.0,1701,1,50.2,0.45
466,0,0.0,42.95,1,41.099999999999994,69.39999999999999,813,141.6,63.8,-13.65,8.875,13.938,4.197,101.0,101.8,71.0,1701,1,50.2,0.43
467,0,0.0,42.98,1,41.199999999999996,69.5,813,141.6,63.7,-13.64,8.867,13.938,4.197,101.0,102.0,71.0,1701,1,50.2,0.44
468,0,0.0,42.84,1,41.099999999999994,69.39999999999999,813,141.7,63.7,-13.66,8.875,13.938,4.197,102.0,102.2,71.0,1701,1,50.2,0.44
469,0,0.0,42.95,1,41.099999999999994,69.39999999999999,813,141.7,63.7,-13.65,8.875,13.938,4.197,102.0,102.4,71.0,1701,1,50.2,0.44
470,0,0.0,42.87,1,41.099999999999994,69.39999999999999,813,141.8,63.7,-13.66,8.875,13.938,4.197,102.0,102.6,71.0,1701,1,50.2,0.45
471,0,0.0,42.85,1,41.099999999999994,69.39999999999999,813,141.8,63.7,-13.64,8.875,13.941,4.197,103.0,102.8,71.0,1701,1,50.2,0.44
472,0,0.0,42.87,1,41.199999999999996,69.5,813,141.9,63.6,-13.64,8.883,13.938,4.197,103.0,102.9,71.0,1701,1,50.2,0.45
473,0,0.0,43.05,1,41.199999999999996,69.5,813,141.9,63.7,-13.59,8.883,13.941,4.197,103.0,103.1,71.0,1701,1,50.2,0.44
474,0,0.0,42.95,1,41.199999999999996,69.5,813,142.0,63.7,-13.64,8.883,13.941,4.197,103.0,103.3,71.0,1701,1,50.2,0.44
475,0,0.0,42.87,1,41.199999999999996,69.5,813,142.0,63.7,-13.64,8.883,13.938,4.197,103.0,103.4,71.0,1701,1,50.2,0.45
476,0,0.0,42.89,1,41.099999999999994,69.5,813,142.1,63.7,-13.66,8.891,13.938,4.197,103.0,103.6,71.0,1701,1,50.2,0.45
477,0,0.0,42.95,1,41.099999999999994,69.5,813,142.1,63.8,-13.63,8.898,13.941,4.197,104.0,103.8,71.0,1701,1,50.2,0.45
478,0,0.0,42.88,1,41.099999999999994,69.5,813,142.1,63.6,-13.64,8.906,13.938,4.197,104.0,103.9,71.0,1701,1,50.2,0.45
479,0,0.0,42.93,1,41.099999999999994,69.5,814,142.2,63.7,-13.65,8.914,13.938,4.197,104.0,104.1,71.0,1701,1,50.2,0.46
480,0,0.0,42.97,1,41.099999999999994,69.5,813,142.2,63.7,-13.66,8.922,13.938,4.197,104.0,104.3,71.0,1701,1,50.2,0.46
481,0,0.0,42.97,1,41.099999999999994,69.5,813,142.3,63.7,-13.68,8.93,13.938,4.197,104.0,104.5,71.0,1701,1,50.2,0.45
482,0,0.0,42.9,1,41.099999999999994,69.39999999999999,813,142.3,63.6,-13.66,8.938,13.938,4.197,104.0,104.7,71.0,1701,1,50.2,0.45
483,0,0.0,42.81,1,41.099999999999994,69.39999999999999,813,142.3,63.7,-13.65,8.953,13.938,4.197,104.0,104.9,71.0,1701,1,50.2,0.45
484,0,0.0,42.94,1,41.199999999999996,69.5,813,142.4,63.7,-13.62,8.953,13.938,4.197,105.0,105.1,71.0,1701,1,50.1,0.44
485,0,0.0,42.91,1,41.199999999999996,69.5,813,142.4,63.8,-13.59,8.961,13.938,4.197,105.0,105.3,71.0,1701,1,50.2,0.45
486,0,0.0,42.94,1,41.199999999999996,69.5,814,142.5,63.9,-13.64,8.977,13.938,4.197,105.0,105.5,71.0,1701,1,50.1,0.45
487,0,0.0,42.95,1,41.099999999999994,69.5,813,142.5,63.7,-13.63,8.977,13.938,4.197,105.0,105.7,71.0,1701,1,50.1,0.45
488,0,0.0,42.97,1,41.099999999999994,69.5,813,142.5,63.6,-13.65,8.977,13.938,4.197,105.0,106.0,71.0,1701,1,50.1,0.45
489,0,0.0,42.96,1,41.099999999999994,69.5,813,142.6,63.7,-13.65,8.977,13.938,4.197,106.0,106.2,71.0,1701,1,50.1,0.45
490,0,0.0,42.8,1,41.099999999999994,69.39999999999999,813,142.6,63.6,-13.66,8.969,13.938,4.197,106.0,106.4,71.0,1701,1,50.1,0.46
491,0,0.0,42.87,1,41.099999999999994,69.39999999999999,812,142.7,63.6,-13.68,8.969,13.938,4.197,106.0,106.7,71.0,1701,1,50.1,0.45
492,0,0.0,42.93,1,41.099999999999994,69.5,812,142.7,63.7,-13.65,8.961,13.938,4.197,106.0,106.9,71.0,1701,1,50.1,0.44
493,0,0.0,42.86,1,41.099999999999994,69.39999999999999,812,142.8,63.7,-13.68,8.953,13.938,4.197,107.0,107.1,71.0,1701,1,50.1,0.44
494,0,0.0,42.98,1,41.099999999999994,69.39999999999999,813,142.8,63.8,-13.61,8.953,13.938,4.197,107.0,107.3,71.0,1701,1,50.1,0.44
495,0,0.0,42.96,1,41.199999999999996,69.5,813,142.8,63.7,-13.65,8.953,13.938,4.197,107.0,107.5,71.0,1701,1,50.1,0.45
496,0,0.0,42.87,1,41.099999999999994,69.39999999999999,813,142.9,63.7,-13.66,8.953,13.938,4.197,107.0,107.7,71.0,1702,1,50.1,0.45
497,0,0.0,42.84,1,41.099999999999994,69.39999999999999,813,142.9,63.7,-13.64,8.945,13.938,4.197,107.0,107.9,71.0,1702,1,50.1,0.44
498,0,0.0,42.9,1,41.099999999999994,69.5,813,143.0,63.7,-13.66,8.945,13.938,4.197,107.0,108.1,71.0,1702,1,50.1,0.44
499,0,0.0,42.89,1,41.099999999999994,69.39999999999999,813,143.0,63.7,-13.62,8.953,13.938,4.197,108.0,108.3,71.0,1702,1,50.1,0.44
500,0,0.0,42.8,1,41.099999999999994,69.39999999999999,813,143.0,63.7,-13.7,8.961,13.938,4.197,108.0,108.5,71.0,1702,1,50.1,0.44
501,0,0.0,42.83,1,41.099999999999994,69.39999999999999,813,143.0,63.8,-13.68,8.961,13.938,4.197,108.0,108.6,71.0,1702,1,50.1,0.44
502,0,0.0,42.79,1,41.099999999999994,69.39999999999999,813,143.0,63.6,-13.67,8.969,13.938,4.197,108.0,108.8,71.0,1702,1,50.1,0.44
503,0,0.0,42.85,1,41.099999999999994,69.39999999999999,812,143.0,63.7,-13.61,8.969,13.938,4.197,108.0,109.0,71.0,1702,1,50.1,0.44
504,0,0.0,42.76,1,41.099999999999994,69.39999999999999,813,143.1,63.7,-13.63,8.977,13.938,4.197,108.0,109.1,71.0,1702,1,50.1,0.44
505,0,0.0,42.94,1,41.199999999999996,69.5,813,143.1,63.6,-13.66,8.977,13.938,4.197,108.0,109.3,71.0,1702,1,50.1,0.45
506,0,0.0,42.91,1,41.099999999999994,69.39999999999999,813,143.2,63.7,-13.69,8.977,13.938,4.197,108.0,109.4,71.0,1702,1,50.1,0.45
507,0,0.0,42.76,1,41.099999999999994,69.39999999999999,813,143.2,63.6,-13.64,8.969,13.938,4.197,108.0,109.6,71.0,1702,1,50.1,0.44
508,0,0.0,42.86,1,41.099999999999994,69.5,813,143.2,63.8,-13.66,8.961,13.938,4.197,108.0,109.7,71.0,1702,1,50.1,0.44
509,0,0.0,42.82,1,41.099999999999994,69.39999999999999,813,143.3,63.7,-13.68,8.961,13.938,4.197,109.0,109.9,71.0,1702,1,50.0,0.45
510,0,0.0,42.74,1,41.099999999999994,69.39999999999999,812,143.3,63.6,-13.67,8.953,13.938,4.197,109.0,110.1,71.0,1702,1,50.0,0.45
511,0,0.0,42.79,1,41.099999999999994,69.39999999999999,812,143.4,63.7,-13.67,8.945,13.938,4.197,110.0,110.3,71.0,1702,1,50.0,0.44
512,0,0.0,42.88,1,41.099999999999994,69.39999999999999,812,143.4,63.7,-13.68,8.93,13.938,4.197,110.0,110.5,71.0,1702,1,50.0,0.45
513,0,0.0,42.86,1,41.099999999999994,69.39999999999999,812,143.5,63.6,-13.65,8.93,13.938,4.197,110.0,110.7,71.0,1702,1,50.0,0.43
514,0,0.0,42.9,1,41.099999999999994,69.39999999999999,812,143.5,63.8,-13.64,8.914,13.938,4.197,111.0,110.9,71.0,1702,1,50.0,0.44
515,0,0.0,42.89,1,41.099999999999994,69.5,813,143.5,63.7,-13.64,8.914,13.938,4.197,111.0,111.1,71.0,1702,1,50.0,0.44
516,0,0.0,42.9,1,41.099999999999994,69.39999999999999,812,143.6,63.8,-13.68,8.906,13.938,4.197,111.0,111.3,71.0,1702,1,50.0,0.44
517,0,0.0,42.85,1,41.099999999999994,69.39999999999999,812,143.6,63.6,-13.67,8.898,13.938,4.197,111.0,111.5,71.0,1702,1,50.0,0.44
518,0,0.0,42.82,1,41.099999999999994,69.39999999999999,812,143.6,63.7,-13.68,8.891,13.938,4.197,111.0,111.7,71.0,1702,1,50.0,0.44
519,0,0.0,42.8,1,41.099999999999994,69.39999999999999,812,143.6,63.6,-13.67,8.875,13.938,4.197,112.0,112.0,71.0,1702,1,50.0,0.44
520,0,0.0,42.83,1,41.099999999999994,69.39999999999999,812,143.7,63.6,-13.64,8.867,13.938,4.197,112.0,112.1,71.0,1702,1,50.0,0.45
521,0,0.0,42.88,1,41.099999999999994,69.5,812,143.7,63.7,-13.65,8.859,13.938,4.197,112.0,112.4,71.0,1702,1,50.0,0.45
522,0,0.0,43.37,1,41.3,69.6,812,143.7,63.8,-13.29,8.859,13.938,4.197,112.0,112.6,71.0,1702,1,50.0,0.44
523,0,0.0,43.16,1,41.9,70.19999999999999,817,143.7,64.0,-13.22,8.859,13.938,4.197,113.0,112.8,71.0,1702,1,50.0,0.45
524,0,0.0,47.01,1,43.5,71.6,821,143.7,64.4,0.32,8.859,13.938,4.197,113.0,113.0,71.0,1702,1,50.0,0.45
525,0,0.025,76.83,1,55.00000000000001,80.4,875,143.8,68.2,0.36,8.875,13.938,4.197,113.0,113.2,71.0,1702,1,50.0,0.44
526,1,0.025,77.65,1,70.39999999999999,86.2,973,143.8,72.0,0.37,8.914,13.938,4.197,113.0,113.8,71.0,1702,1,50.0,0.46
527,2,0.025,77.65,1,74.3,85.39999999999999,1065,143.7,72.6,0.3,8.977,13.938,4.197,114.0,114.8,71.0,1702,1,50.0,0.46
528,4,0.025,77.65,1,74.8,85.5,1096,143.6,72.9,0.25,9.023,13.938,4.197,116.0,116.2,71.0,1702,1,50.0,0.46
529,6,0.025,77.65,1,74.9,85.5,1107,143.5,72.9,0.13,9.047,13.938,4.197,118.0,118.1,71.0,1702,1,50.0,0.45
530,8,0.025,77.67,1,71.1,83.2,1107,143.5,71.6,-5.05,9.062,13.938,4.197,121.0,120.3,71.0,1702,1,50.0,0.46
531,9,0.0,77.69,1,66.10000000000001,81.6,1076,143.3,70.4,-5.74,9.047,13.938,4.197,122.0,122.1,71.0,1703,1,50.0,0.46
532,10,0.0,77.69,1,64.1,81.39999999999999,1040,142.9,69.7,-6.93,9.023,13.941,4.197,126.0,123.8,71.0,1703,1,50.0,0.45
533,11,0.0,72.02,1,58.9,78.3,1007,142.4,68.0,-8.65,9.008,13.941,4.197,126.0,125.4,71.0,1703,1,50.0,0.45
534,12,0.0,70.08,1,55.900000000000006,77.60000000000001,962,141.8,67.4,-8.63,8.977,13.941,4.197,128.0,126.7,71.0,1703,1,50.0,0.45
535,12,0.0,69.5,1,55.1,77.60000000000001,935,141.2,67.3,-8.62,8.945,13.941,4.197,129.0,127.7,71.0,1703,1,50.0,0.45
536,12,0.0,67.26,1,54.900000000000006,77.5,921,140.7,67.0,-13.23,8.93,13.941,4.197,130.0,128.7,71.0,1703,1,49.9,0.44
537,12,0.0,44.58,1,48.5,72.5,897,140.1,64.7,-22.38,8.906,13.945,4.197,130.0,129.3,71.0,1703,1,49.9,0.44
538,11,0.0,41.73,1,42.5,68.7,853,139.6,63.2,-22.23,8.875,13.945,4.197,130.0,129.7,71.0,1703,1,50.0,0.44
539,11,0.0,36.61,1,38.4,66.0,817,139.4,62.0,-22.27,8.852,13.945,4.197,130.0,129.8,71.0,1703,1,49.9,0.44
540,10,0.0,31.9,1,35.5,63.9,793,139.3,61.1,-22.36,8.844,13.941,4.197,130.0,129.8,71.0,1703,1,49.9,0.44
541,10,0.0,27.93,1,33.2,61.9,777,139.3,60.3,-22.44,8.828,13.941,4.197,130.0,129.7,71.0,1703,1,49.9,0.44
542,9,0.0,24.58,1,31.3,60.099999999999994,766,139.5,59.5,-22.44,8.836,13.941,4.197,130.0,129.4,71.0,1703,1,49.9,0.44
543,8,0.0,21.67,1,29.599999999999998,58.3,759,139.6,58.7,-22.45,8.836,13.941,4.197,130.0,129.1,71.0,1703,1,49.9,0.45
544,7,0.0,19.53,1,28.1,56.599999999999994,754,139.8,57.9,-22.46,8.836,13.938,4.197,129.0,128.7,71.0,1703,1,49.9,0.44
545,6,0.0,17.56,1,26.700000000000003,54.900000000000006,751,140.0,57.2,-22.45,8.836,13.938,4.197,129.0,128.2,71.0,1703,1,49.9,0.44
546,6,0.0,15.85,1,25.6,53.6,749,140.1,56.5,-22.43,8.836,13.938,4.197,128.0,127.7,71.0,1703,1,49.9,0.44
547,5,0.0,15.5,1,25.0,53.400000000000006,755,140.4,56.4,-22.44,8.828,13.938,4.197,127.0,127.2,71.0,1703,1,49.9,0.45
548,5,0.0,15.23,1,25.0,53.400000000000006,768,140.8,56.4,-13.75,8.82,13.938,4.197,126.0,126.5,71.0,1703,1,49.9,0.44
549,4,0.025,24.26,1,28.000000000000004,59.599999999999994,807,141.2,59.1,-8.3,8.82,13.938,4.197,126.0,125.9,71.0,1703,1,49.9,0.45
550,3,0.025,39.69,1,36.4,69.69999999999999,903,141.5,63.4,-8.4,8.828,13.938,4.197,126.0,125.2,71.0,1703,1,49.9,0.45
551,3,0.025,44.02,1,49.9,78.60000000000001,1002,141.7,67.2,-5.59,8.859,13.938,4.197,125.0,124.7,71.0,1703,1,49.9,0.46
552,3,0.025,42.91,1,61.3,81.6,1067,142.2,69.6,-5.67,8.898,13.934,4.197,124.0,124.4,71.0,1703,1,49.9,0.45
553,3,0.025,42.57,1,64.0,81.6,1060,142.6,70.2,-8.88,8.945,13.934,4.197,124.0,124.2,71.0,1703,1,49.9,0.45
554,4,0.025,42.09,1,54.400000000000006,75.0,1014,143.1,67.1,-11.82,8.961,13.934,4.197,124.0,124.1,71.0,1703,1,49.9,0.44
555,3,0.025,42.74,1,48.0,72.89999999999999,940,143.5,65.6,-11.71,8.938,13.934,4.197,124.0,124.0,71.0,1703,1,49.9,0.45
556,3,0.025,43.05,1,46.300000000000004,72.8,900,143.9,65.3,-11.95,8.922,13.938,4.197,124.0,124.1,71.0,1703,1,49.8,0.44
557,3,0.025,43.29,1,45.7,72.8,881,144.2,65.2,-11.73,8.914,13.934,4.197,124.0,124.2,71.0,1703,1,49.8,0.44
558,3,0.0,43.2,1,45.9,73.1,874,144.2,65.1,-11.75,8.906,13.938,4.197,124.0,124.3,71.0,1703,1,49.8,0.45
559,2,0.025,43.29,1,46.0,73.1,870,144.1,65.1,-11.73,8.906,13.938,4.197,124.0,124.4,71.0,1703,1,49.8,0.45
560,1,0.0,43.25,1,46.1,73.1,867,143.8,65.1,-11.7,8.906,13.938,4.197,124.0,124.5,71.0,1703,1,49.9,0.44
561,0,0.0,43.29,1,46.1,73.2,864,143.6,65.2,-11.71,8.906,13.938,4.197,125.0,124.6,71.0,1704,1,49.8,0.45
562,0,0.0,43.29,1,46.1,73.2,863,143.4,65.3,-11.71,8.898,13.938,4.197,126.0,124.7,71.0,1704,1,49.8,0.44
563,0,0.0,43.3,1,46.0,73.2,861,143.3,65.2,-11.75,8.898,13.938,4.197,126.0,124.8,71.0,1704,1,49.8,0.45
564,0,0.0,43.24,1,46.0,73.1,860,143.3,65.2,-11.72,8.898,13.934,4.197,126.0,125.0,71.0,1704,1,49.8,0.45
565,0,0.0,43.29,1,46.0,73.2,860,143.5,65.3,-11.74,8.898,13.934,4.197,126.0,125.1,71.0,1704,1,49.8,0.45
566,0,0.0,43.26,1,46.0,73.1,859,143.5,65.2,-11.72,8.898,13.934,4.197,126.0,125.2,71.0,1704,1,49.8,0.45
567,0,0.0,43.18,1,46.0,73.2,859,143.6,65.3,-11.72,8.891,13.934,4.197,126.0,125.2,71.0,1704,1,49.8,0.45
568,0,0.0,43.2,1,46.2,73.2,859,143.7,65.2,-11.72,8.891,13.934,4.197,126.0,125.3,71.0,1704,1,49.8,0.45
569,0,0.0,43.33,1,46.1,73.2,859,143.8,65.4,-11.51,8.883,13.934,4.197,126.0,125.4,71.0,1704,1,49.8,0.46
570,0,0.0,42.97,1,46.5,73.7,861,143.9,65.5,-10.6,8.875,13.934,4.197,126.0,125.5,71.0,1704,1,49.8,0.46
571,0,0.0,42.95,1,48.5,75.5,873,144.0,66.2,-9.69,8.883,13.934,4.197,126.0,125.5,71.0,1704,1,49.8,0.46
572,0,0.0,42.93,1,50.3,76.2,893,143.9,66.7,-9.6,8.891,13.934,4.197,126.0,125.6,71.0,1704,1,49.8,0.45
573,0,0.0,43.04,1,48.4,73.9,901,144.0,65.8,-13.25,8.898,13.934,4.197,126.0,125.6,71.0,1704,1,49.8,0.45
574,0,0.0,43.44,1,43.4,70.39999999999999,869,144.0,64.3,-12.39,8.898,13.934,4.197,126.0,125.7,71.0,1704,1,49.8,0.45
575,0,0.0,43.05,1,45.300000000000004,73.9,857,144.1,65.6,-8.41,8.891,13.938,4.197,126.0,125.7,71.0,1704,1,49.8,0.46
576,0,0.0,43.42,1,55.400000000000006,80.9,902,144.2,68.3,-4.77,8.898,13.934,4.197,126.0,125.8,71.0,1704,1,49.8,0.46
577,0,0.0,43.24,1,63.9,82.69999999999999,977,144.3,70.2,-4.87,8.93,13.934,4.197,126.0,125.8,71.0,1704,1,49.8,0.45
578,0,0.0,43.18,1,66.10000000000001,82.8,1011,144.2,70.6,-4.77,8.953,13.934,4.197,126.0,125.8,71.0,1704,1,49.8,0.46
579,0,0.0,43.15,1,66.5,82.8,1023,144.1,70.7,-4.62,8.984,13.93,4.197,126.0,125.8,71.0,1704,1,49.8,0.45
580,0,0.0,43.2,1,66.4,82.8,1028,143.9,70.7,-4.69,9.0,13.93,4.197,126.0,125.9,71.0,1704,1,49.8,0.45
581,0,0.0,43.23,1,66.5,82.8,1030,143.8,70.6,-4.68,9.016,13.93,4.197,126.0,125.9,71.0,1704,1,49.8,0.44
582,0,0.0,43.16,1,66.60000000000001,82.8,1032,143.8,70.6,-4.21,9.031,13.934,4.197,126.0,125.9,71.0,1704,1,49.8,0.44
583,2,0.0,43.81,1,72.6,86.3,1044,143.6,72.2,3.71,9.055,13.93,4.197,126.0,125.9,71.0,1704,1,49.8,0.45
584,4,0.0,44.45,1,79.3,88.0,1094,143.2,73.9,7.94,9.109,13.93,4.197,126.0,126.0,71.0,1704,1,49.8,0.45
585,6,0.0,44.83,1,85.0,89.9,1148,142.7,75.8,12.48,9.172,13.934,4.197,126.0,126.0,71.0,1704,1,49.7,0.45
586,9,0.0,45.36,1,88.8,91.10000000000001,1202,141.9,77.6,15.14,9.242,13.93,4.197,126.0,126.2,71.0,1704,1,49.8,0.46
587,12,0.0,45.69,1,91.60000000000001,92.30000000000001,1248,141.1,78.9,18.55,9.32,13.934,4.197,126.0,126.3,71.0,1704,1,49.7,0.46
588,15,0.0,45.97,1,95.1,93.89999999999999,1293,140.4,80.6,23.31,9.383,13.938,4.197,126.0,126.4,71.0,1705,1,49.7,0.47
589,19,0.0,46.05,1,96.7,94.5,1337,139.4,81.1,38.05,9.414,13.941,4.197,126.0,126.6,71.0,1705,1,49.7,0.47
590,23,0.0,45.95,1,98.0,95.0,1374,138.2,81.7,38.0,9.414,13.941,4.197,126.0,126.8,71.0,1705,1,49.7,0.46
591,27,0.0,45.85,1,98.1,94.89999999999999,1398,136.7,81.9,38.09,9.414,13.941,4.197,126.0,127.1,71.0,1705,1,49.7,0.46
592,31,0.0,45.77,1,98.0,94.89999999999999,1411,134.9,81.9,38.03,9.414,13.941,4.197,127.0,127.4,71.0,1705,1,49.7,0.46
593,35,0.0,45.97,1,98.1,94.89999999999999,1418,132.7,81.5,38.0,9.414,13.941,4.197,127.0,127.7,71.0,1705,1,49.7,0.46
594,39,0.0,45.77,1,98.1,94.8,1422,131.0,81.5,37.99,9.414,13.941,4.197,127.0,128.2,71.0,1705,1,49.7,0.46
595,43,0.0,45.77,1,98.0,94.8,1424,129.8,81.3,37.98,9.414,13.941,4.197,128.0,128.5,71.0,1705,1,49.7,0.46
596,47,0.0,45.79,1,98.1,94.8,1425,128.5,81.1,37.98,9.414,13.941,4.197,129.0,129.0,71.0,1705,1,49.7,0.46
597,51,0.0,45.75,1,98.1,94.8,1426,127.5,81.1,37.98,9.414,13.941,4.197,129.0,129.4,71.0,1705,1,49.7,0.47
598,54,0.0,45.64,1,98.1,94.8,1427,126.6,81.0,38.0,9.414,13.941,4.197,130.0,129.8,71.0,1705,1,49.7,0.47
599,58,0.0,45.55,1,98.1,94.69999999999999,1426,126.0,80.9,37.98,9.414,13.941,4.197,130.0,130.2,71.0,1705,1,49.7,0.47
600,61,0.0,45.74,1,98.0,94.69999999999999,1426,125.5,80.8,37.98,9.414,13.941,4.197,130.0,130.7,71.0,1705,1,49.7,0.46
601,65,0.0,45.56,1,98.0,94.69999999999999,1426,125.1,80.8,37.96,9.414,13.941,4.197,130.0,131.2,71.0,1705,1,49.7,0.44
602,69,0.0,45.57,1,98.1,94.6,1425,124.6,80.8,38.0,9.414,13.941,4.197,131.0,131.7,71.0,1705,1,49.7,0.47
603,72,0.0,45.62,1,98.0,94.69999999999999,1424,124.0,81.0,38.0,9.414,13.941,4.197,133.0,132.2,71.0,1705,1,49.7,0.47
604,75,0.0,45.46,1,98.1,94.8,1424,123.1,81.1,37.98,9.414,13.941,4.197,133.0,132.9,71.0,1705,1,49.7,0.48
605,79,0.0,45.52,1,98.1,94.69999999999999,1425,122.5,80.9,37.98,9.414,13.941,4.197,134.0,133.5,71.0,1705,1,49.6,0.48
606,82,0.0,45.55,1,98.1,94.8,1425,121.7,80.5,38.02,9.414,13.941,4.197,135.0,134.2,71.0,1705,1,49.6,0.46
607,86,0.0,45.52,1,98.1,94.8,1425,121.1,81.1,37.98,9.414,13.941,4.197,135.0,134.8,71.0,1705,1,49.6,0.47
608,89,0.0,45.64,1,98.1,94.8,1424,120.7,80.6,38.0,9.414,13.941,4.197,135.0,135.6,71.0,1705,1,49.6,0.45
609,92,0.0,45.52,1,98.1,94.8,1423,120.3,80.7,37.99,9.414,13.941,4.197,136.0,136.3,71.0,1705,1,49.6,0.47
610,95,0.0,45.55,1,98.1,94.8,1422,120.5,80.5,37.98,9.414,13.941,4.197,138.0,137.2,71.0,1705,1,49.6,0.46
611,98,0.0,45.58,1,98.1,94.8,1422,120.6,80.3,37.99,9.414,13.941,4.197,139.0,138.1,71.0,1705,1,49.6,0.48
612,101,0.0,45.34,1,98.1,94.89999999999999,1422,120.5,80.6,37.98,9.414,13.941,4.197,139.0,138.8,71.0,1705,1,49.6,0.47
613,103,0.0,45.41,1,98.1,94.8,1423,120.6,80.6,37.97,9.414,13.941,4.197,140.0,139.7,71.0,1705,1,49.6,0.47
614,104,0.0,45.3,1,98.0,94.8,1423,120.4,80.4,37.99,9.414,13.941,4.197,141.0,140.5,71.0,1706,1,49.6,0.44
615,105,0.0,45.56,1,98.1,94.8,1422,120.7,80.7,37.98,9.414,13.941,4.197,142.0,141.4,71.0,1706,1,49.6,0.46
616,106,0.0,45.45,1,98.1,94.8,1422,120.8,80.4,37.97,9.414,13.941,4.197,144.0,142.1,71.0,1706,1,49.6,0.47
617,106,0.0,45.5,1,98.1,94.8,1422,121.2,80.6,37.98,9.414,13.941,4.197,144.0,142.9,71.0,1706,1,49.6,0.46
618,107,0.0,45.57,1,98.1,94.8,1422,121.8,80.5,38.0,9.414,13.941,4.197,144.0,143.7,71.0,1706,1,49.6,0.46
619,108,0.0,45.31,1,98.1,94.8,1421,122.2,80.3,38.0,9.414,13.941,4.197,145.0,144.4,71.0,1706,1,49.6,0.46
620,109,0.0,45.52,1,98.1,94.8,1420,122.1,80.3,37.98,9.414,13.941,4.197,146.0,145.2,71.0,1706,1,49.6,0.45
621,111,0.0,45.15,1,98.1,94.8,1419,122.6,80.7,37.96,9.414,13.941,4.197,147.0,145.8,71.0,1706,1,49.6,0.46
622,112,0.0,45.34,1,98.0,94.89999999999999,1420,122.8,80.7,37.99,9.414,13.941,4.197,147.0,146.6,71.0,1706,1,49.6,0.46
623,113,0.0,45.37,1,98.1,94.89999999999999,1419,122.8,80.6,38.0,9.414,13.941,4.197,148.0,147.2,71.0,1706,1,49.6,0.45
624,115,0.025,45.47,1,98.1,94.89999999999999,1418,123.5,80.8,38.0,9.414,13.941,4.197,149.0,147.7,71.0,1706,1,49.6,0.45
625,116,0.025,45.34,1,98.1,94.89999999999999,1418,124.2,80.7,37.99,9.414,13.941,4.197,149.0,148.2,71.0,1706,1,49.5,0.46
626,116,0.025,45.15,1,98.0,94.8,1418,124.6,80.8,38.01,9.414,13.941,4.197,149.0,148.5,71.0,1706,1,49.6,0.47
627,117,0.05,45.23,1,98.1,94.89999999999999,1417,125.0,80.3,38.0,9.414,13.941,4.197,150.0,148.8,71.0,1706,1,49.6,0.46
628,117,0.075,45.26,1,98.1,94.89999999999999,1416,125.4,80.3,37.99,9.414,13.941,4.197,150.0,148.8,71.0,1706,1,49.6,0.44
629,117,0.075,45.23,1,98.0,94.8,1417,125.7,80.6,37.98,9.508,13.977,4.197,149.0,148.8,71.0,1706,1,49.6,0.44
630,117,0.1,45.33,1,97.89999999999999,94.8,1416,126.1,80.4,38.0,9.664,14.031,4.197,149.0,148.7,71.0,1706,1,49.6,0.46
631,117,0.125,45.32,1,97.89999999999999,94.8,1415,126.7,80.7,37.99,9.781,14.055,4.197,149.0,148.4,71.0,1706,1,49.5,0.44
632,118,0.15,45.27,1,97.89999999999999,94.69999999999999,1413,127.2,80.2,37.96,9.867,14.063,4.197,149.0,148.1,71.0,1706,1,49.5,0.46
633,118,0.15,45.2,1,97.8,94.69999999999999,1412,127.9,80.3,38.0,9.93,14.063,4.197,148.0,147.7,71.0,1706,1,49.5,0.44
634,119,0.175,45.27,1,97.89999999999999,94.69999999999999,1410,128.5,80.4,38.0,9.953,14.051,4.197,147.0,147.2,71.0,1706,1,49.5,0.46
635,119,0.2,45.03,1,97.89999999999999,94.8,1410,129.0,80.6,37.99,9.953,14.035,4.197,147.0,146.8,71.0,1706,1,49.5,0.45
636,120,0.2,45.25,1,97.89999999999999,94.8,1410,129.7,80.6,38.01,9.945,14.035,4.197,146.0,146.2,71.0,1706,1,49.5,0.45
637,121,0.225,45.27,1,97.89999999999999,94.8,1409,130.2,80.9,37.98,9.93,14.027,4.197,146.0,145.6,71.0,1707,1,49.5,0.45
638,122,0.225,45.08,1,97.89999999999999,94.8,1409,130.7,80.7,37.98,9.898,14.02,4.197,144.0,145.1,71.0,1707,1,49.5,0.45
639,123,0.25,45.14,1,97.89999999999999,94.8,1409,130.9,80.5,37.97,9.875,14.012,4.197,144.0,144.4,71.0,1707,1,49.5,0.45
640,124,0.25,45.14,1,98.0,94.8,1409,131.2,80.8,37.99,9.852,14.008,4.197,144.0,143.8,71.0,1707,1,49.5,0.45
641,125,0.275,45.09,1,98.0,94.8,1409,131.6,80.9,37.99,9.82,13.996,4.197,143.0,143.1,71.0,1707,1,49.5,0.46
642,127,0.3,45.21,1,98.0,94.8,1409,132.3,80.6,38.0,9.789,13.988,4.197,142.0,142.5,71.0,1707,1,49.5,0.44
643,128,0.3,45.17,1,98.0,94.8,1409,132.7,81.1,37.99,9.758,13.984,4.197,141.0,141.8,71.0,1707,1,49.5,0.45
644,129,0.325,45.03,1,98.0,94.8,1409,133.5,80.8,38.0,9.727,13.977,4.197,140.0,141.2,71.0,1707,1,49.5,0.45
645,130,0.325,44.97,1,98.0,94.8,1409,134.0,80.8,38.0,9.703,13.977,4.197,140.0,140.6,71.0,1707,1,49.5,0.45
646,131,0.325,45.26,1,98.0,94.8,1409,134.4,80.8,37.96,9.672,13.969,4.197,139.0,139.8,71.0,1707,1,49.5,0.44
647,132,0.35,45.24,1,98.0,94.89999999999999,1409,134.9,81.0,38.0,9.648,13.969,4.197,138.0,139.2,71.0,1707,1,49.5,0.46
648,133,0.35,45.08,1,98.0,94.89999999999999,1409,135.6,80.9,37.95,9.641,13.973,4.197,138.0,138.5,71.0,1707,1,49.5,0.46
649,133,0.375,44.93,1,98.0,94.89999999999999,1409,136.0,80.8,38.02,9.641,13.965,4.197,137.0,138.0,71.0,1707,1,49.4,0.45
650,132,0.4,45.16,1,98.0,94.89999999999999,1409,136.4,80.7,38.02,9.648,13.961,4.197,135.0,137.3,71.0,1707,1,49.5,0.45
651,132,0.4,45.05,1,98.1,94.89999999999999,1409,136.7,80.7,37.98,9.648,13.953,4.197,135.0,136.8,71.0,1707,1,49.4,0.45
652,131,0.425,44.92,1,98.1,94.89999999999999,1409,136.7,80.6,37.98,9.656,13.945,4.197,135.0,136.1,71.0,1707,1,49.4,0.42
653,130,0.45,45.29,1,98.1,94.89999999999999,1409,136.8,80.7,37.98,9.648,13.93,4.197,134.0,135.5,71.0,1707,1,49.4,0.44
654,129,0.475,45.2,1,98.2,94.89999999999999,1409,137.2,80.8,37.99,9.625,13.91,4.197,134.0,134.9,71.0,1707,1,49.4,0.45
655,128,0.5,45.15,1,98.2,94.89999999999999,1409,137.5,80.7,37.94,9.594,13.887,4.197,133.0,134.3,71.0,1707,1,49.4,0.45
656,127,0.525,44.95,1,98.3,94.89999999999999,1409,138.3,80.6,37.99,9.555,13.859,4.197,132.0,133.7,71.0,1707,1,49.4,0.44
657,126,0.55,45.27,1,98.3,95.0,1409,138.8,81.0,38.0,9.5,13.836,4.197,131.0,133.2,71.0,1707,1,49.4,0.45
658,125,0.575,44.99,1,98.3,94.89999999999999,1409,139.0,81.0,37.99,9.438,13.805,4.197,130.0,132.7,71.0,1708,1,49.4,0.44
659,125,0.6,45.14,1,98.4,95.0,1410,139.0,80.8,38.01,9.367,13.773,4.197,130.0,132.1,71.0,1708,1,49.4,0.45
660,124,0.625,45.01,1,98.5,95.0,1410,139.5,80.8,37.96,9.273,13.746,4.197,130.0,131.7,71.0,1708,1,49.4,0.45
661,124,0.65,44.77,1,98.5,95.0,1411,140.0,80.7,37.97,9.172,13.715,4.197,130.0,131.2,71.0,1708,1,49.4,0.46
662,124,0.675,45.09,1,98.6,95.0,1411,140.4,80.8,37.98,9.047,13.684,4.197,129.0,130.8,71.0,1708,1,49.4,0.45
663,123,0.675,45.04,1,98.7,95.1,1411,140.6,80.8,37.99,8.922,13.664,4.197,129.0,130.4,71.0,1708,1,49.4,0.45
664,122,0.7,44.86,1,98.7,95.1,1412,140.9,80.6,37.98,8.812,13.641,4.197,128.0,130.0,71.0,1708,1,49.4,0.45
665,121,0.725,44.95,1,98.7,95.1,1413,141.5,80.6,37.96,8.703,13.613,4.197,128.0,129.7,71.0,1708,1,49.4,0.44
666,120,0.75,45.03,1,98.7,95.1,1413,141.9,80.4,37.99,8.602,13.586,4.197,127.0,129.4,71.0,1708,1,49.3,0.45
667,120,0.775,45.07,1,98.8,95.1,1413,142.2,80.7,38.0,8.484,13.555,4.197,127.0,129.1,71.0,1708,1,49.3,0.44
668,120,0.8,44.97,1,98.9,95.1,1414,142.6,80.7,38.0,8.375,13.527,4.197,127.0,128.9,71.0,1708,1,49.3,0.45
669,120,0.825,45.02,1,98.9,95.19999999999999,1414,142.8,81.1,37.98,8.273,13.5,4.197,126.0,128.6,71.0,1708,1,49.3,0.45
670,121,0.85,45.0,1,99.0,95.19999999999999,1415,143.3,81.0,37.98,8.164,13.473,4.197,126.0,128.4,71.0,1708,1,49.3,0.46
671,120,0.875,44.99,1,99.0,95.19999999999999,1416,143.5,80.9,37.97,8.062,13.449,4.197,126.0,128.3,71.0,1708,1,49.3,0.46
672,120,0.9,45.09,1,99.1,95.19999999999999,1416,143.6,80.7,38.0,7.961,13.426,4.197,126.0,128.1,71.0,1708,1,49.3,0.45
673,120,0.925,45.07,1,99.1,95.19999999999999,1417,143.5,80.8,37.98,7.852,13.402,4.197,126.0,128.0,71.0,1708,1,49.3,0.44
674,120,0.95,45.07,1,99.2,95.19999999999999,1417,144.0,80.9,37.96,7.75,13.379,4.197,126.0,127.9,71.0,1708,1,49.3,0.43
675,120,0.975,44.97,1,99.2,95.3,1418,144.6,80.7,37.98,7.641,13.355,4.197,126.0,127.8,71.0,1708,1,49.3,0.45
676,120,0.975,45.12,1,99.2,95.19999999999999,1418,144.6,81.0,37.98,7.539,13.332,4.197,126.0,127.7,71.0,1709,1,49.3,0.45
677,120,1.0,45.04,1,99.3,95.3,1419,144.7,80.8,37.98,7.445,13.313,4.197,126.0,127.6,71.0,1709,1,49.3,0.45
678,120,1.025,44.95,1,99.3,95.3,1419,144.8,80.9,37.96,7.359,13.289,4.197,126.0,127.6,71.0,1709,1,49.3,0.44
679,120,1.05,44.94,1,99.4,95.3,1420,145.1,80.8,37.97,7.281,13.273,4.197,126.0,127.6,71.0,1709,1,49.3,0.45
680,120,1.05,45.0,1,99.4,95.3,1420,145.3,81.2,38.0,7.188,13.254,4.197,126.0,127.6,71.0,1709,1,49.3,0.44
681,120,1.075,44.94,1,99.4,95.3,1420,145.5,81.0,37.96,7.109,13.238,4.197,126.0,127.6,71.0,1709,1,49.3,0.45
682,120,1.1,44.96,1,99.5,95.3,1420,145.9,81.1,37.99,7.039,13.223,4.197,126.0,127.6,71.0,1709,1,49.2,0.45
683,120,1.1,45.05,1,99.5,95.3,1419,145.9,81.0,37.98,6.961,13.207,4.197,126.0,127.6,71.0,1709,1,49.2,0.45
684,121,1.125,44.9,1,99.5,95.3,1420,146.1,81.1,37.98,6.883,13.191,4.197,126.0,127.6,71.0,1709,1,49.2,0.45
685,121,1.15,44.79,1,99.5,95.39999999999999,1420,146.2,81.2,37.98,6.805,13.18,4.197,126.0,127.7,71.0,1709,1,49.2,0.45
686,122,1.15,44.96,1,99.5,95.39999999999999,1421,146.4,80.8,37.99,6.727,13.164,4.197,126.0,127.7,71.0,1709,1,49.2,0.44
687,122,1.175,45.07,1,99.5,95.3,1421,146.6,80.9,38.0,6.656,13.148,4.197,126.0,127.7,71.0,1709,1,49.2,0.44
688,122,1.2,44.91,1,99.6,95.39999999999999,1422,146.6,80.7,38.01,6.594,13.137,4.197,126.0,127.8,71.0,1709,1,49.2,0.45
689,122,1.2,44.99,1,99.6,95.39999999999999,1422,147.0,80.8,37.99,6.523,13.125,4.197,126.0,127.8,71.0,1709,1,49.2,0.45
690,122,1.225,44.77,1,99.6,95.39999999999999,1421,147.4,80.9,37.98,6.461,13.105,4.197,126.0,127.8,71.0,1709,1,49.1,0.46
691,122,1.25,44.96,1,99.6,95.39999999999999,1421,147.7,80.7,37.99,6.398,13.09,4.197,126.0,127.8,71.0,1709,1,49.1,0.45
692,122,1.275,44.85,1,99.7,95.39999999999999,1421,147.9,80.9,37.97,6.336,13.07,4.197,126.0,127.9,71.0,1709,1,49.1,0.46
693,122,1.275,44.94,1,99.7,95.39999999999999,1422,148.2,81.0,37.97,6.273,13.051,4.197,126.0,127.8,71.0,1710,1,49.1,0.46
694,122,1.3,45.0,1,99.8,95.39999999999999,1422,148.4,80.9,37.97,6.211,13.035,4.197,126.0,127.9,71.0,1710,1,49.1,0.46
695,123,1.325,44.96,1,99.8,95.39999999999999,1422,148.7,81.0,38.01,6.141,13.016,4.197,126.0,127.9,71.0,1710,1,49.1,0.46
696,123,1.325,44.9,1,99.9,95.39999999999999,1422,148.8,81.3,37.99,6.078,13.0,4.197,126.0,127.9,71.0,1710,1,49.1,0.45
697,124,1.35,44.85,1,99.9,95.39999999999999,1423,148.9,80.8,38.0,6.008,12.98,4.197,126.0,127.9,71.0,1710,1,49.1,0.45
698,124,1.375,44.8,1,99.9,95.39999999999999,1423,149.1,81.0,38.01,5.945,12.961,4.197,126.0,127.9,71.0,1710,1,49.1,0.45
699,124,1.4,44.84,1,100.0,95.5,1424,149.3,81.0,37.98,5.875,12.941,4.197,126.0,127.9,71.0,1710,1,49.0,0.46
700,124,1.425,44.85,1,100.0,95.5,1425,149.6,81.0,37.99,5.812,12.922,4.197,126.0,127.9,71.0,1710,1,49.0,0.45
701,125,1.425,44.77,1,100.0,95.5,1425,149.9,81.0,37.98,5.734,12.902,4.197,126.0,127.9,71.0,1710,1,49.0,0.45
702,126,1.45,44.94,1,100.1,95.5,1426,150.0,81.0,38.0,5.664,12.887,4.197,126.0,127.9,71.0,1710,1,49.0,0.45
703,126,1.45,44.87,1,100.1,95.5,1426,150.0,81.1,37.98,5.594,12.871,4.197,126.0,127.9,71.0,1710,1,49.0,0.44
704,127,1.475,44.98,1,100.1,95.5,1427,150.0,81.0,38.0,5.516,12.855,4.197,126.0,127.9,71.0,1710,1,49.0,0.43
705,128,1.5,44.68,1,100.2,95.6,1427,150.1,81.1,37.99,5.461,12.844,4.197,126.0,127.9,71.0,1710,1,49.0,0.44
706,128,1.5,44.79,1,100.2,95.5,1427,150.2,81.2,37.97,5.398,12.828,4.197,126.0,127.9,71.0,1710,1,48.9,0.44
707,129,1.525,44.88,1,100.2,95.6,1428,150.4,81.2,38.0,5.352,12.812,4.197,126.0,127.9,71.0,1710,1,48.9,0.44
708,129,1.55,44.75,1,100.2,95.6,1428,150.2,81.3,37.99,5.297,12.801,4.197,126.0,127.9,71.0,1710,1,48.9,0.45
709,130,1.55,44.73,1,100.2,95.6,1428,150.6,81.2,37.99,5.242,12.785,4.197,126.0,127.9,71.0,1710,1,48.9,0.45
710,130,1.575,44.84,1,100.2,95.6,1428,150.8,81.1,38.02,5.195,12.77,4.197,126.0,127.9,71.0,1711,1,48.9,0.45
711,131,1.6,44.8,1,100.29999999999998,95.6,1429,150.8,81.0,38.0,5.148,12.758,4.197,126.0,127.9,71.0,1711,1,48.9,0.45
712,131,1.6,44.73,1,100.29999999999998,95.6,1429,151.2,81.2,38.02,5.102,12.742,4.197,126.0,127.9,71.0,1711,1,48.8,0.44
713,131,1.625,44.77,1,100.4,95.6,1430,151.3,81.0,38.01,5.055,12.727,4.197,126.0,127.8,71.0,1711,1,48.9,0.44
714,130,1.65,44.8,1,100.4,95.6,1430,151.4,81.2,37.99,5.008,12.711,4.197,126.0,127.8,71.0,1711,1,48.8,0.44
715,129,1.65,44.86,1,100.4,95.7,1430,151.7,81.3,37.98,4.953,12.691,4.197,126.0,127.8,71.0,1711,1,48.8,0.44
716,127,1.675,44.87,1,100.4,95.6,1431,152.0,81.3,38.0,4.906,12.676,4.197,126.0,127.7,71.0,1711,1,48.8,0.44
717,126,1.7,44.8,1,100.49999999999999,95.7,1431,152.3,81.4,37.98,4.836,12.656,4.197,126.0,127.7,71.0,1711,1,48.7,0.44
718,125,1.725,44.76,1,100.6,95.7,1432,152.1,81.1,38.0,4.766,12.641,4.197,126.0,127.7,71.0,1711,1,48.8,0.44
719,124,1.725,44.83,1,100.6,95.8,1432,152.3,81.1,37.99,4.695,12.621,4.197,126.0,127.6,71.0,1711,1,48.7,0.46
720,123,1.75,44.78,1,100.6,95.8,1434,152.1,81.0,38.0,4.617,12.605,4.197,126.0,127.6,71.0,1711,1,48.7,0.45
721,122,1.775,44.81,1,100.69999999999999,95.7,1435,152.1,81.1,37.99,4.539,12.59,4.197,126.0,127.5,71.0,1711,1,48.7,0.44
722,122,1.775,44.71,1,100.69999999999999,95.8,1435,152.3,81.3,38.0,4.469,12.574,4.197,126.0,127.4,71.0,1711,1,48.7,0.45
723,121,1.8,44.73,1,100.69999999999999,95.8,1435,152.2,81.4,37.98,4.391,12.559,4.197,126.0,127.4,71.0,1711,1,48.7,0.44
724,121,1.825,44.86,1,100.69999999999999,95.8,1435,152.3,81.3,37.99,4.312,12.543,4.197,126.0,127.3,71.0,1711,1,48.7,0.44
725,120,1.825,44.77,1,100.8,95.8,1436,152.3,81.5,37.95,4.25,12.527,4.197,126.0,127.3,71.0,1711,1,48.6,0.44
726,120,1.85,44.71,1,100.89999999999999,95.8,1436,152.2,81.1,37.99,4.188,12.512,4.197,126.0,127.2,71.0,1711,1,48.6,0.45
727,119,1.875,44.98,1,100.89999999999999,95.89999999999999,1436,152.4,81.1,38.03,4.125,12.492,4.197,126.0,127.1,71.0,1712,1,48.6,0.44
728,119,1.9,44.87,1,100.89999999999999,95.8,1436,152.3,81.3,38.0,4.062,12.477,4.197,126.0,127.0,71.0,1712,1,48.6,0.45
729,118,1.9,44.81,1,100.89999999999999,95.8,1437,152.4,81.4,37.98,3.992,12.453,4.197,126.0,127.0,72.0,1712,1,48.5,0.44
730,117,1.925,44.82,1,101.0,95.89999999999999,1438,152.5,81.4,38.0,3.906,12.434,4.197,126.0,126.9,72.0,1712,1,48.5,0.44
731,116,1.95,44.76,1,101.0,95.8,1438,152.9,81.3,37.97,3.797,12.41,4.197,126.0,126.8,72.0,1712,1,48.5,0.44
732,115,1.975,44.87,1,101.1,95.89999999999999,1439,153.1,81.3,37.99,3.688,12.387,4.197,126.0,126.8,72.0,1712,1,48.5,0.44
733,114,2.0,44.58,1,101.1,95.89999999999999,1440,153.4,81.4,37.98,3.57,12.363,4.197,126.0,126.7,72.0,1712,1,48.5,0.44
734,114,2.025,44.79,1,101.2,96.0,1440,153.6,81.3,37.99,3.461,12.34,4.197,126.0,126.6,72.0,1712,1,48.5,0.44
735,113,2.05,44.74,1,101.2,95.89999999999999,1441,153.6,81.2,38.01,3.359,12.313,4.197,126.0,126.5,72.0,1712,1,48.5,0.44
736,113,2.075,44.7,1,101.29999999999998,95.89999999999999,1441,153.8,81.3,37.99,3.258,12.285,4.197,126.0,126.5,72.0,1712,1,48.4,0.43
737,113,2.075,44.71,1,101.29999999999998,96.0,1442,154.1,81.4,38.0,3.164,12.262,4.197,126.0,126.4,72.0,1712,1,48.4,0.44
738,113,2.1,44.74,1,101.4,96.0,1443,154.1,81.4,37.99,3.078,12.234,4.197,126.0,126.3,72.0,1712,1,48.4,0.44
739,113,2.125,44.81,1,101.4,96.0,1444,154.1,81.5,37.99,3.0,12.215,4.197,126.0,126.3,72.0,1712,1,48.3,0.44
740,114,2.125,44.64,1,101.49999999999999,96.1,1445,154.4,81.5,38.0,2.953,12.199,4.197,125.0,126.2,72.0,1712,1,48.3,0.44
741,114,2.15,44.79,1,101.49999999999999,96.1,1447,154.6,81.5,37.98,2.898,12.188,4.197,126.0,126.2,72.0,1712,1,48.3,0.44
742,115,2.175,44.69,1,101.6,96.1,1447,154.7,81.5,37.96,2.859,12.172,4.197,125.0,126.2,72.0,1712,1,48.3,0.44
743,116,2.175,44.71,1,101.6,96.1,1448,154.8,81.4,37.96,2.82,12.16,4.197,125.0,126.1,72.0,1712,1,48.3,0.44
744,117,2.2,44.78,1,101.69999999999999,96.1,1449,154.9,81.5,37.99,2.789,12.152,4.197,125.0,126.1,72.0,1713,1,48.2,0.44
745,118,2.2,44.68,1,101.69999999999999,96.2,1450,154.8,81.5,37.98,2.766,12.141,4.197,126.0,126.1,72.0,1713,1,48.2,0.45
746,118,2.225,44.77,1,101.8,96.2,1450,154.9,81.4,38.0,2.734,12.133,4.197,125.0,126.1,72.0,1713,1,48.2,0.44
747,119,2.225,44.75,1,101.69999999999999,96.2,1451,154.9,81.5,38.0,2.711,12.125,4.197,125.0,126.0,72.0,1713,1,48.2,0.44
748,120,2.25,44.74,1,101.8,96.1,1451,154.9,81.3,38.01,2.688,12.117,4.197,125.0,126.0,72.0,1713,1,48.2,0.44
749,120,2.275,44.69,1,101.89999999999999,96.2,1452,154.9,81.3,38.02,2.672,12.109,4.197,125.0,126.0,72.0,1713,1,48.2,0.44
750,121,2.275,44.72,1,101.89999999999999,96.2,1453,154.9,81.3,38.0,2.656,12.098,4.197,125.0,125.9,72.0,1713,1,48.1,0.44
751,122,2.3,44.63,1,101.89999999999999,96.2,1453,154.9,81.3,37.98,2.648,12.086,4.197,124.0,125.8,72.0,1713,1,48.1,0.44
752,123,2.325,44.61,1,102.0,96.3,1454,155.1,81.3,37.99,2.641,12.074,4.197,125.0,125.7,72.0,1713,1,48.1,0.44
753,123,2.325,44.65,1,102.0,96.3,1454,154.9,81.5,37.98,2.633,12.062,4.197,124.0,125.6,72.0,1713,1,48.1,0.44
754,125,2.35,44.71,1,102.0,96.3,1454,154.8,81.4,38.01,2.625,12.051,4.197,124.0,125.5,72.0,1713,1,48.0,0.44
755,126,2.375,44.75,1,102.1,96.3,1456,154.9,81.4,37.99,2.617,12.039,4.197,124.0,125.4,72.0,1713,1,48.0,0.44
756,128,2.375,44.72,1,102.2,96.3,1456,154.8,81.5,37.98,2.594,12.027,4.197,124.0,125.3,72.0,1713,1,48.0,0.44
757,129,2.4,44.78,1,102.1,96.3,1457,154.8,81.5,37.98,2.578,12.02,4.197,124.0,125.2,72.0,1713,1,47.9,0.44
758,131,2.4,44.61,1,102.2,96.3,1457,155.0,81.5,37.97,2.555,12.016,4.197,124.0,125.0,72.0,1713,1,47.9,0.45
759,132,2.425,44.69,1,102.2,96.3,1458,155.0,81.4,37.98,2.531,12.004,4.197,123.0,124.9,72.0,1713,1,47.9,0.44
760,134,2.425,44.83,1,102.2,96.3,1458,155.0,81.5,37.99,2.508,12.0,4.197,122.0,124.8,72.0,1714,1,47.9,0.44
761,136,2.45,44.77,1,102.2,96.3,1458,154.9,81.2,37.97,2.492,11.988,4.197,122.0,124.6,72.0,1714,1,47.8,0.44
762,138,2.475,44.56,1,102.2,96.3,1458,154.8,81.2,37.99,2.477,11.98,4.197,122.0,124.4,72.0,1714,1,47.8,0.44
763,141,2.475,44.77,1,102.2,96.3,1458,154.8,81.1,37.97,2.461,11.973,4.197,122.0,124.3,72.0,1714,1,47.8,0.44
764,143,2.5,44.63,1,102.2,96.3,1458,155.3,81.2,37.97,2.445,11.965,4.197,122.0,124.1,72.0,1714,1,47.8,0.44
765,146,2.5,44.63,1,102.2,96.3,1457,155.6,81.0,37.95,2.438,11.957,4.197,122.0,123.9,72.0,1714,1,47.7,0.45
766,148,2.525,44.59,1,102.2,96.3,1458,155.6,81.0,38.01,2.43,11.953,4.197,122.0,123.7,72.0,1714,1,47.7,0.43
767,150,2.525,44.57,1,102.2,96.3,1458,155.5,81.1,38.0,2.422,11.945,4.197,122.0,123.6,72.0,1714,1,47.7,0.45
768,150,2.55,44.58,1,102.2,96.3,1458,155.6,80.9,37.99,2.422,11.934,4.197,121.0,123.4,72.0,1714,1,47.7,0.44
769,150,2.575,44.61,1,102.2,96.3,1458,155.5,80.7,37.99,2.414,11.918,4.197,121.0,123.2,72.0,1714,1,47.7,0.44
770,150,2.6,44.51,1,102.2,96.3,1458,155.6,81.1,38.0,2.414,11.906,4.197,121.0,123.0,72.0,1714,1,47.6,0.44
771,148,2.6,44.67,1,102.2,96.3,1457,155.6,81.2,37.98,2.406,11.887,4.197,121.0,122.9,72.0,1714,1,47.6,0.43
772,147,2.625,44.51,1,102.2,96.3,1457,156.0,81.0,37.97,2.391,11.863,4.197,121.0,122.7,72.0,1714,1,47.6,0.43
773,145,2.675,44.7,1,102.2,96.2,1457,156.4,80.8,37.98,2.375,11.84,4.197,121.0,122.5,72.0,1714,1,47.6,0.43
774,143,2.675,44.66,1,102.2,96.2,1456,156.1,80.8,37.98,2.359,11.809,4.197,120.0,122.4,72.0,1714,1,47.6,0.43
775,141,2.7,44.4,1,102.2,96.2,1456,156.1,80.9,38.0,2.328,11.777,4.197,120.0,122.2,72.0,1714,1,47.5,0.43
776,139,2.75,44.52,1,102.2,96.2,1455,156.1,81.0,37.98,2.289,11.746,4.197,120.0,122.0,72.0,1714,1,47.5,0.42
777,138,2.75,44.46,1,102.2,96.2,1455,156.2,80.9,37.99,2.242,11.715,4.197,120.0,121.9,72.0,1715,1,47.5,0.44
778,137,2.775,44.73,1,102.3,96.2,1456,156.4,80.8,38.01,2.195,11.688,4.197,120.0,121.8,72.0,1715,1,47.5,0.44
779,136,2.8,44.52,1,102.2,96.2,1455,156.5,81.1,38.0,2.141,11.656,4.197,120.0,121.7,72.0,1715,1,47.4,0.44
780,135,2.825,44.56,1,102.2,96.2,1455,156.7,80.9,38.0,2.062,11.625,4.197,120.0,121.6,72.0,1715,1,47.4,0.43
781,135,2.85,44.66,1,102.2,96.2,1455,156.6,80.8,37.96,1.992,11.594,4.197,119.0,121.5,72.0,1715,1,47.4,0.44
782,135,2.875,44.61,1,102.3,96.2,1455,156.4,80.9,37.98,1.906,11.566,4.197,119.0,121.4,72.0,1715,1,47.3,0.44
783,135,2.9,44.59,1,102.2,96.2,1454,156.5,80.9,38.0,1.812,11.535,4.197,119.0,121.3,72.0,1715,1,47.3,0.43
784,134,2.925,44.69,1,102.2,96.1,1454,156.8,81.2,38.0,1.719,11.508,4.197,119.0,121.3,72.0,1715,1,47.3,0.44
785,134,2.925,44.38,1,102.2,96.2,1454,157.1,80.9,37.99,1.617,11.477,4.197,119.0,121.2,72.0,1715,1,47.3,0.44
786,134,2.95,44.41,1,102.3,96.2,1454,157.0,80.8,37.99,1.523,11.441,4.197,119.0,121.2,72.0,1715,1,47.2,0.44
787,135,2.975,44.61,1,102.2,96.2,1454,157.3,80.9,38.04,1.422,11.41,4.197,119.0,121.2,72.0,1715,1,47.2,0.44
788,135,3.0,44.57,1,102.2,96.2,1452,157.4,80.9,37.99,1.305,11.375,4.197,120.0,121.2,72.0,1715,1,47.2,0.45
789,136,3.0,44.14,1,102.2,96.1,1452,157.5,80.8,38.01,1.195,11.336,4.197,119.0,121.2,72.0,1715,1,47.2,0.45
790,137,3.025,44.54,1,102.2,96.1,1452,157.6,80.9,38.02,1.086,11.297,4.197,119.0,121.3,72.0,1715,1,47.2,0.44
791,138,3.05,44.54,1,102.2,96.1,1451,157.8,81.1,37.99,0.977,11.258,4.197,120.0,121.4,72.0,1715,1,47.1,0.44
792,139,3.05,44.25,1,102.2,96.1,1452,157.8,81.0,37.98,0.859,11.215,4.197,119.0,121.4,72.0,1715,1,47.1,0.44
793,140,3.075,44.5,1,102.2,96.1,1452,158.1,80.9,38.0,0.75,11.172,4.197,120.0,121.5,72.0,1715,1,47.1,0.45
794,141,3.075,44.18,1,102.2,96.1,1452,158.3,80.9,38.0,0.641,11.129,4.197,120.0,121.7,72.0,1715,1,47.0,0.44
795,141,3.1,44.11,1,102.2,96.1,1452,158.4,80.9,38.0,0.516,11.09,4.197,120.0,121.8,72.0,1716,1,47.0,0.45
796,142,3.1,44.5,1,102.2,96.1,1453,158.8,80.8,37.99,0.414,11.062,4.197,120.0,122.0,72.0,1716,1,47.0,0.45
797,143,3.125,44.2,1,102.2,96.1,1453,158.9,80.5,37.99,0.312,11.039,4.197,121.0,122.2,72.0,1716,1,47.0,0.45
798,144,3.125,44.52,1,102.2,96.1,1453,159.0,80.8,38.02,0.203,11.02,4.197,121.0,122.3,72.0,1716,1,47.0,0.45
799,145,3.15,44.1,1,102.2,96.1,1453,159.0,80.8,38.03,0.117,11.0,4.197,121.0,122.5,72.0,1716,1,46.9,0.45
800,146,3.15,44.27,1,102.2,96.1,1452,159.1,80.8,38.0,0.008,10.98,4.197,121.0,122.7,72.0,1716,1,46.9,0.45
801,147,3.175,44.19,1,102.2,96.1,1452,159.3,80.6,37.98,-0.062,10.957,4.197,121.0,122.8,72.0,1716,1,46.9,0.45
802,148,3.175,44.3,1,102.2,96.2,1452,159.5,80.5,38.0,-0.148,10.938,4.197,122.0,123.0,72.0,1716,1,46.9,0.43
803,148,3.2,44.4,1,102.2,96.1,1452,159.7,80.7,37.98,-0.219,10.922,4.197,122.0,123.1,72.0,1716,1,46.8,0.44
804,149,3.2,44.44,1,102.2,96.1,1451,160.0,80.7,37.98,-0.289,10.902,4.197,122.0,123.3,72.0,1716,1,46.8,0.45
805,150,3.225,44.12,1,102.2,96.1,1451,160.0,80.6,38.0,-0.375,10.891,4.197,122.0,123.4,72.0,1716,1,46.8,0.45
806,150,3.225,44.71,1,102.2,96.1,1451,159.8,80.6,38.0,-0.43,10.879,4.197,122.0,123.5,72.0,1716,1,46.8,0.45
807,151,3.25,44.08,1,102.2,96.1,1451,159.6,80.5,37.98,-0.492,10.863,4.197,122.0,123.6,72.0,1716,1,46.7,0.45
808,151,3.25,44.22,1,102.2,96.1,1452,159.7,80.7,38.01,-0.539,10.848,4.197,122.0,123.7,72.0,1716,1,46.7,0.44
809,151,3.275,44.48,1,102.2,96.1,1451,159.6,80.6,37.99,-0.594,10.832,4.197,122.0,123.8,72.0,1716,1,46.7,0.45
810,152,3.3,44.48,1,102.2,96.1,1452,159.6,80.6,37.99,-0.633,10.82,4.197,122.0,123.8,72.0,1716,1,46.7,0.44
811,152,3.3,44.49,1,102.2,96.2,1452,159.8,80.7,37.97,-0.672,10.809,4.197,122.0,123.9,72.0,1716,1,46.6,0.44
812,152,3.325,44.6,1,102.2,96.1,1452,160.0,80.7,37.99,-0.711,10.793,4.197,122.0,123.9,72.0,1716,1,46.6,0.44
813,153,3.35,44.3,1,102.2,96.1,1452,160.2,80.6,37.99,-0.75,10.777,4.197,122.0,123.9,72.0,1716,1,46.6,0.45
814,153,3.35,44.37,1,102.2,96.1,1452,160.3,80.5,38.0,-0.797,10.766,4.197,122.0,123.9,72.0,1717,1,46.6,0.44
815,153,3.375,44.11,1,102.2,96.1,1452,160.3,80.6,38.03,-0.844,10.75,4.197,122.0,123.9,72.0,1717,1,46.5,0.44
816,153,3.4,44.15,1,102.2,96.1,1452,160.4,80.8,38.0,-0.898,10.734,4.197,122.0,124.0,72.0,1717,1,46.5,0.43
817,154,3.4,44.1,1,102.2,96.1,1452,160.4,80.8,38.01,-0.945,10.719,4.197,122.0,123.9,72.0,1717,1,46.5,0.44
818,154,3.425,44.32,1,102.2,96.1,1451,160.5,80.6,38.0,-0.992,10.703,4.197,122.0,124.0,72.0,1717,1,46.5,0.44
819,154,3.45,43.99,1,102.2,96.2,1453,160.5,80.5,38.01,-1.039,10.688,4.197,122.0,124.0,72.0,1717,1,46.4,0.44
820,154,3.45,44.26,1,102.2,96.1,1453,160.8,80.6,37.98,-1.07,10.672,4.197,122.0,124.0,72.0,1717,1,46.4,0.45
821,154,3.475,43.89,1,102.3,96.1,1453,160.8,80.3,38.0,-1.117,10.656,4.197,122.0,123.9,72.0,1717,1,46.4,0.45
822,154,3.5,44.61,1,102.2,96.1,1452,161.0,80.5,37.99,-1.156,10.641,4.197,122.0,123.9,72.0,1717,1,46.4,0.44
823,154,3.525,44.52,1,102.2,96.1,1452,160.7,80.4,38.0,-1.219,10.625,4.197,122.0,123.9,72.0,1717,1,46.4,0.44
824,154,3.525,44.43,1,102.2,96.1,1453,160.7,80.6,38.02,-1.273,10.605,4.197,122.0,123.9,72.0,1717,1,46.3,0.44
825,154,3.55,44.65,1,102.2,96.1,1452,161.0,80.6,38.0,-1.328,10.59,4.197,122.0,123.9,72.0,1717,1,46.3,0.44
826,154,3.575,44.53,1,102.2,96.1,1452,160.9,80.7,38.01,-1.398,10.57,4.197,122.0,123.9,72.0,1717,1,46.3,0.44
827,153,3.575,44.02,1,102.2,96.0,1451,161.1,80.6,37.97,-1.453,10.555,4.197,122.0,123.9,72.0,1717,1,46.3,0.44
828,153,3.6,44.08,1,102.3,96.1,1451,161.3,80.6,37.99,-1.531,10.535,4.197,122.0,123.8,72.0,1717,1,46.3,0.44
829,153,3.625,44.4,1,102.2,96.1,1451,161.4,80.3,37.99,-1.594,10.52,4.197,122.0,123.8,72.0,1717,1,46.2,0.44
830,153,3.65,44.04,1,102.2,96.0,1450,161.3,80.6,37.99,-1.68,10.5,4.197,122.0,123.8,72.0,1717,1,46.2,0.45
831,153,3.65,44.67,1,102.2,96.0,1450,161.1,80.6,37.99,-1.758,10.48,4.197,122.0,123.7,72.0,1717,1,46.2,0.45
832,153,3.675,44.38,1,102.2,96.0,1450,161.2,80.4,38.0,-1.852,10.465,4.197,122.0,123.7,72.0,1718,1,46.1,0.45
833,153,3.7,44.26,1,102.2,96.0,1450,161.4,80.3,37.99,-1.93,10.445,4.197,122.0,123.7,72.0,1718,1,46.1,0.45
834,153,3.7,44.18,1,102.2,96.0,1450,161.6,80.2,37.99,-2.031,10.43,4.197,122.0,123.7,72.0,1718,1,46.1,0.46
835,154,3.725,44.42,1,102.2,96.0,1450,161.6,80.2,37.98,-2.117,10.414,4.197,122.0,123.6,72.0,1718,1,46.1,0.46
836,154,3.75,44.3,1,102.2,96.0,1449,161.6,80.4,37.98,-2.211,10.402,4.197,122.0,123.6,72.0,1718,1,46.0,0.45
837,155,3.75,44.17,1,102.2,96.0,1449,161.6,80.4,37.98,-2.297,10.387,4.197,122.0,123.6,72.0,1718,1,46.0,0.45
838,156,3.775,44.03,1,102.3,96.0,1449,161.6,80.5,37.99,-2.367,10.371,4.197,122.0,123.6,72.0,1718,1,46.0,0.44
839,156,3.775,43.86,1,102.2,96.0,1450,161.9,80.7,37.98,-2.445,10.359,4.197,122.0,123.6,72.0,1718,1,46.0,0.44
840,157,3.8,44.28,1,102.3,96.0,1450,162.0,80.5,37.98,-2.508,10.348,4.197,122.0,123.6,72.0,1718,1,45.9,0.45
841,158,3.825,43.78,1,102.2,96.0,1450,162.1,80.3,37.99,-2.578,10.336,4.197,122.0,123.6,72.0,1718,1,45.9,0.45
842,158,3.825,44.09,1,102.2,96.0,1449,162.2,80.4,38.0,-2.633,10.324,4.197,122.0,123.6,72.0,1718,1,45.9,0.44
843,159,3.85,44.21,1,102.2,96.0,1449,162.2,80.4,37.97,-2.703,10.312,4.197,122.0,123.6,72.0,1718,1,45.8,0.44
844,159,3.85,44.15,1,102.2,96.0,1449,162.2,80.3,38.01,-2.766,10.305,4.197,122.0,123.6,72.0,1718,1,45.8,0.45
845,159,3.875,44.07,1,102.2,96.0,1450,162.5,80.4,37.98,-2.812,10.293,4.197,122.0,123.6,72.0,1718,1,45.8,0.45
846,159,3.875,44.34,1,102.2,96.0,1450,162.5,80.5,37.99,-2.867,10.281,4.197,122.0,123.7,72.0,1718,1,45.8,0.45
847,160,3.9,44.51,1,102.2,96.0,1450,162.6,80.5,38.0,-2.914,10.27,4.197,122.0,123.6,72.0,1718,1,45.7,0.44
848,160,3.925,44.07,1,102.2,96.0,1449,162.7,80.3,37.98,-2.961,10.258,4.197,122.0,123.6,72.0,1718,1,45.7,0.45
849,160,3.925,43.71,1,102.2,96.0,1449,162.8,80.3,38.0,-3.008,10.242,4.197,122.0,123.6,72.0,1718,1,45.7,0.45
850,161,3.95,44.43,1,102.3,96.0,1449,163.2,80.4,37.97,-3.047,10.227,4.197,122.0,123.6,72.0,1718,1,45.7,0.44
851,161,3.95,43.96,1,102.2,96.0,1450,163.3,80.1,38.01,-3.086,10.215,4.197,122.0,123.5,72.0,1718,1,45.6,0.44
852,161,3.975,44.09,1,102.2,96.0,1450,163.6,80.0,37.98,-3.109,10.199,4.197,122.0,123.5,72.0,1718,1,45.6,0.45
853,161,4.0,43.97,1,102.2,96.0,1451,163.7,80.1,38.0,-3.148,10.184,4.197,122.0,123.4,72.0,1719,1,45.6,0.45
854,161,4.0,44.25,1,102.2,96.0,1451,163.6,80.1,37.98,-3.18,10.172,4.197,122.0,123.4,72.0,1719,1,45.5,0.44
855,161,4.025,44.42,1,102.2,96.0,1450,163.4,79.9,37.96,-3.219,10.156,4.197,122.0,123.3,72.0,1719,1,45.5,0.45
856,162,4.05,44.15,1,102.2,96.0,1450,163.3,80.1,37.98,-3.25,10.141,4.197,122.0,123.2,72.0,1719,1,45.5,0.45
857,163,4.05,44.41,1,102.2,96.0,1450,163.3,80.1,38.0,-3.289,10.129,4.197,122.0,123.2,72.0,1719,1,45.4,0.44
858,164,4.075,44.07,1,102.2,96.0,1450,163.2,80.2,38.0,-3.328,10.121,4.197,121.0,123.1,73.0,1719,1,45.4,0.45
859,165,4.075,43.93,1,102.2,96.0,1450,163.4,80.5,37.98,-3.352,10.109,4.197,122.0,123.0,73.0,1719,1,45.4,0.45
860,166,4.1,44.14,1,102.2,96.0,1450,163.5,80.4,37.98,-3.391,10.102,4.197,122.0,123.0,73.0,1719,1,45.4,0.44
861,167,4.1,43.91,1,102.3,96.0,1450,163.4,80.2,38.0,-3.422,10.094,4.197,122.0,122.9,73.0,1719,1,45.3,0.44
862,167,4.1,44.04,1,102.2,96.0,1450,163.3,80.4,37.89,-3.453,10.082,4.197,122.0,122.9,73.0,1719,1,45.3,0.45
863,168,4.125,43.84,1,100.0,94.6,1447,163.4,79.3,22.45,-3.484,10.074,4.197,121.0,122.8,73.0,1719,1,45.3,0.44
864,168,4.125,43.68,1,98.6,94.3,1423,163.6,78.5,22.96,-3.547,10.066,4.197,121.0,122.7,73.0,1719,1,45.2,0.44
865,167,4.15,43.7,1,98.5,94.19999999999999,1409,163.7,78.4,22.43,-3.602,10.055,4.197,121.0,122.6,73.0,1719,1,45.2,0.44
866,167,4.175,43.7,1,98.4,94.19999999999999,1398,163.9,78.3,22.56,-3.641,10.043,4.197,121.0,122.5,73.0,1719,1,45.2,0.45
867,166,4.175,43.74,1,98.4,94.19999999999999,1393,164.1,78.1,22.75,-3.695,10.027,4.197,121.0,122.4,73.0,1719,1,45.1,0.44
868,165,4.2,43.55,1,98.4,94.19999999999999,1390,164.4,78.2,22.72,-3.742,10.016,4.197,121.0,122.3,73.0,1719,1,45.1,0.43
869,164,4.225,43.69,1,98.4,94.19999999999999,1389,164.8,78.0,22.92,-3.789,9.996,4.197,121.0,122.2,73.0,1719,1,45.1,0.44
870,163,4.225,43.59,1,98.4,94.19999999999999,1387,165.3,78.0,22.75,-3.844,9.977,4.197,121.0,122.1,73.0,1719,1,45.0,0.44
871,163,4.25,43.87,1,98.4,94.19999999999999,1386,165.5,78.0,21.84,-3.906,9.957,4.197,120.0,122.0,73.0,1719,1,45.0,0.44
872,162,4.275,43.71,1,98.5,94.19999999999999,1385,165.7,78.3,21.15,-3.977,9.941,4.197,120.0,121.8,73.0,1719,1,45.0,0.44
873,162,4.3,43.74,1,98.4,94.19999999999999,1385,165.9,78.1,21.11,-4.047,9.922,4.197,120.0,121.7,73.0,1719,1,44.9,0.44
874,163,4.3,43.68,1,98.4,94.19999999999999,1384,166.2,78.2,21.09,-4.125,9.906,4.197,120.0,121.6,73.0,1720,1,44.9,0.44
875,163,4.325,43.58,1,98.4,94.19999999999999,1384,166.4,78.5,21.05,-4.195,9.891,4.197,120.0,121.5,73.0,1720,1,44.9,0.44
876,164,4.325,43.49,1,98.5,94.19999999999999,1384,166.5,78.6,21.09,-4.289,9.879,4.197,120.0,121.5,73.0,1720,1,44.8,0.44
877,165,4.325,43.72,1,98.4,94.19999999999999,1384,166.5,78.6,21.08,-4.367,9.867,4.197,120.0,121.4,73.0,1720,1,44.8,0.44
878,165,4.35,43.42,1,98.5,94.19999999999999,1383,166.5,78.4,21.11,-4.445,9.855,4.197,120.0,121.5,73.0,1720,1,44.8,0.45
879,166,4.35,43.74,1,98.5,94.19999999999999,1383,166.4,78.3,21.12,-4.523,9.848,4.197,120.0,121.5,73.0,1720,1,44.7,0.45
880,167,4.35,43.71,1,98.5,94.19999999999999,1384,166.8,78.4,21.06,-4.586,9.844,4.197,120.0,121.6,73.0,1720,1,44.7,0.45
881,167,4.375,43.67,1,98.5,94.19999999999999,1384,167.0,78.5,21.11,-4.656,9.836,4.197,120.0,121.6,73.0,1720,1,44.7,0.45
882,168,4.375,43.69,1,98.5,94.19999999999999,1384,167.1,78.3,21.14,-4.703,9.828,4.197,120.0,121.7,73.0,1720,1,44.6,0.44
883,168,4.4,43.73,1,98.5,94.19999999999999,1384,167.1,78.2,21.12,-4.766,9.82,4.197,120.0,121.8,73.0,1720,1,44.6,0.45
884,168,4.4,43.75,1,98.5,94.19999999999999,1384,167.1,78.3,21.08,-4.805,9.813,4.197,120.0,121.9,73.0,1720,1,44.6,0.45
885,168,4.4,43.72,1,98.5,94.19999999999999,1385,167.2,78.3,21.1,-4.852,9.805,4.197,120.0,122.0,73.0,1720,1,44.5,0.44
886,169,4.425,43.7,1,98.5,94.19999999999999,1385,167.3,78.3,21.11,-4.898,9.793,4.197,121.0,122.1,73.0,1720,1,44.5,0.45
887,169,4.425,43.73,1,98.6,94.19999999999999,1384,167.3,78.8,21.1,-4.945,9.785,4.197,121.0,122.2,73.0,1720,1,44.5,0.45
888,169,4.45,43.77,1,98.5,94.19999999999999,1384,167.4,78.5,21.06,-4.992,9.777,4.197,121.0,122.3,73.0,1720,1,44.4,0.45
889,169,4.45,43.63,1,98.5,94.19999999999999,1384,167.3,78.5,21.07,-5.031,9.766,4.197,121.0,122.4,73.0,1720,1,44.4,0.45
890,169,4.475,43.55,1,98.5,94.19999999999999,1385,167.5,78.4,21.08,-5.07,9.758,4.197,121.0,122.5,73.0,1720,1,44.4,0.45
891,169,4.475,43.58,1,98.5,94.19999999999999,1385,167.2,78.3,21.14,-5.117,9.746,4.197,121.0,122.6,73.0,1720,1,44.3,0.44
892,169,4.5,43.78,1,98.6,94.19999999999999,1385,167.2,78.4,21.12,-5.156,9.734,4.197,121.0,122.7,73.0,1720,1,44.3,0.44
893,169,4.5,43.62,1,98.6,94.19999999999999,1385,167.3,78.5,21.13,-5.195,9.723,4.197,122.0,122.8,73.0,1720,1,44.3,0.44
894,169,4.525,43.6,1,98.5,94.19999999999999,1385,167.3,78.4,21.13,-5.25,9.711,4.197,122.0,122.8,73.0,1720,1,44.2,0.44
895,169,4.525,43.69,1,98.5,94.19999999999999,1385,167.4,78.2,21.15,-5.297,9.699,4.197,121.0,122.9,73.0,1720,1,44.2,0.44
896,169,4.55,43.6,1,98.5,94.1,1385,167.3,78.4,21.09,-5.344,9.688,4.197,122.0,122.9,73.0,1721,1,44.2,0.45
897,169,4.55,43.64,1,98.6,94.19999999999999,1385,167.3,78.4,21.07,-5.398,9.676,4.197,121.0,122.9,73.0,1721,1,44.1,0.44
898,170,4.575,43.63,1,98.6,94.19999999999999,1385,167.3,78.4,21.09,-5.453,9.664,4.197,122.0,123.0,73.0,1721,1,44.1,0.43
899,170,4.575,43.55,1,98.6,94.1,1385,167.2,78.5,21.11,-5.508,9.652,4.197,122.0,123.0,73.0,1721,1,44.0,0.44
900,170,4.6,43.54,1,98.6,94.19999999999999,1385,167.2,78.5,21.12,-5.562,9.645,4.197,122.0,123.0,73.0,1721,1,44.0,0.43
901,170,4.6,43.73,1,98.6,94.19999999999999,1384,167.3,78.5,21.03,-5.617,9.633,4.197,122.0,123.1,73.0,1721,1,44.0,0.44
902,170,4.625,43.67,1,98.6,94.1,1384,167.4,78.5,21.09,-5.656,9.625,4.197,122.0,123.1,73.0,1721,1,43.9,0.45
903,171,4.625,43.64,1,98.6,94.1,1384,167.4,78.7,21.07,-5.703,9.613,4.197,122.0,123.1,73.0,1721,1,43.9,0.44
904,171,4.65,43.76,1,98.6,94.1,1385,167.6,78.6,21.08,-5.75,9.602,4.197,122.0,123.1,73.0,1721,1,43.9,0.44
905,171,4.65,43.57,1,98.6,94.19999999999999,1385,167.6,78.6,21.1,-5.797,9.59,4.197,122.0,123.1,73.0,1721,1,43.8,0.44
906,171,4.675,43.66,1,98.6,94.19999999999999,1385,167.6,78.6,21.09,-5.844,9.578,4.197,122.0,123.1,73.0,1721,1,43.8,0.44
907,171,4.675,43.67,1,98.6,94.1,1384,167.6,78.8,21.09,-5.883,9.566,4.197,122.0,123.1,73.0,1721,1,43.8,0.43
908,172,4.675,43.76,1,98.6,94.1,1385,167.7,78.5,21.04,-5.93,9.555,4.197,122.0,123.1,73.0,1721,1,43.7,0.44
909,172,4.7,43.71,1,98.6,94.1,1386,167.7,78.6,21.11,-5.977,9.543,4.197,122.0,123.1,73.0,1721,1,43.7,0.43
910,172,4.7,43.55,1,98.6,94.1,1385,167.9,78.5,21.11,-6.016,9.535,4.197,122.0,123.0,73.0,1721,1,43.6,0.43
911,172,4.725,43.5,1,98.6,94.1,1386,167.7,78.6,21.1,-6.055,9.523,4.197,122.0,123.0,73.0,1721,1,43.6,0.44
912,173,4.725,43.81,1,98.6,94.1,1385,167.8,78.5,21.12,-6.094,9.512,4.197,122.0,123.0,73.0,1721,1,43.6,0.44
913,173,4.75,43.6,1,98.6,94.1,1385,167.9,78.5,21.16,-6.133,9.504,4.197,122.0,123.0,73.0,1721,1,43.5,0.44
914,173,4.75,43.65,1,98.6,94.1,1385,167.8,78.6,21.13,-6.188,9.492,4.197,122.0,123.0,73.0,1721,1,43.5,0.43
915,173,4.775,43.68,1,98.6,94.1,1385,167.7,78.5,21.13,-6.227,9.484,4.197,122.0,122.9,73.0,1721,1,43.5,0.43
916,174,4.775,43.53,1,98.7,94.1,1386,167.6,78.5,21.13,-6.273,9.473,4.197,122.0,122.9,73.0,1721,1,43.4,0.43
917,174,4.775,43.55,1,98.6,94.1,1386,167.6,78.7,21.1,-6.32,9.461,4.197,122.0,122.9,73.0,1721,1,43.4,0.44
918,174,4.8,43.74,1,98.6,94.1,1386,167.7,78.7,21.13,-6.367,9.453,4.197,122.0,122.9,73.0,1721,1,43.3,0.43
919,174,4.8,43.62,1,98.6,94.1,1386,167.9,78.7,21.1,-6.414,9.441,4.197,122.0,122.9,73.0,1722,1,43.3,0.43
920,174,4.8,43.48,1,98.6,94.1,1386,167.9,78.6,21.07,-6.469,9.434,4.197,122.0,122.8,73.0,1722,1,43.3,0.42
921,174,4.825,43.54,1,98.6,94.1,1386,167.7,78.7,21.1,-6.516,9.422,4.197,122.0,122.8,73.0,1722,1,43.2,0.42
922,175,4.825,43.52,1,98.6,94.1,1386,167.6,78.6,21.11,-6.578,9.41,4.197,122.0,122.8,73.0,1722,1,43.2,0.42
923,175,4.825,43.63,1,98.6,94.1,1386,167.6,78.4,21.1,-6.625,9.402,4.197,122.0,122.7,73.0,1722,1,43.2,0.41
924,175,4.85,43.52,1,98.6,94.1,1385,167.7,78.4,21.1,-6.68,9.391,4.197,122.0,122.7,73.0,1722,1,43.1,0.42
925,175,4.85,43.7,1,98.7,94.1,1386,167.6,78.5,21.12,-6.742,9.379,4.197,121.0,122.7,73.0,1722,1,43.1,0.42
926,175,4.85,43.6,1,98.7,94.1,1386,167.4,78.5,21.12,-6.789,9.371,4.197,122.0,122.7,73.0,1722,1,43.0,0.41
927,175,4.875,43.6,1,98.7,94.1,1386,167.3,78.6,21.12,-6.852,9.359,4.197,122.0,122.6,73.0,1722,1,43.0,0.41
928,175,4.875,43.63,1,98.7,94.1,1386,167.1,78.5,21.06,-6.898,9.348,4.197,121.0,122.6,73.0,1722,1,42.9,0.42
929,175,4.875,43.65,1,98.7,94.1,1386,167.2,78.5,21.12,-6.961,9.336,4.197,122.0,122.6,73.0,1722,1,42.9,0.41
930,175,4.875,43.55,1,98.7,94.1,1385,167.1,78.6,21.09,-7.008,9.328,4.197,121.0,122.5,73.0,1722,1,42.9,0.39
931,175,4.9,43.53,1,98.8,94.1,1385,166.9,78.7,21.1,-7.07,9.316,4.197,121.0,122.5,73.0,1722,1,42.8,0.4
932,175,4.9,43.6,1,98.8,94.1,1385,167.0,78.5,21.09,-7.141,9.305,4.197,121.0,122.5,73.0,1722,1,42.8,0.41
933,175,4.9,43.67,1,98.8,94.1,1385,166.9,78.4,21.14,-7.203,9.297,4.197,121.0,122.4,73.0,1722,1,42.7,0.42
934,175,4.925,43.63,1,98.8,94.1,1386,167.2,78.5,21.11,-7.266,9.285,4.197,121.0,122.4,73.0,1722,1,42.7,0.41
935,176,4.925,43.7,1,98.8,94.1,1386,167.2,78.5,21.08,-7.328,9.273,4.197,121.0,122.4,73.0,1722,1,42.7,0.4
936,176,4.925,43.63,1,98.9,94.1,1386,167.3,78.6,21.1,-7.391,9.266,4.197,121.0,122.4,73.0,1722,1,42.6,0.4
937,176,4.925,43.78,1,98.8,94.1,1386,167.3,78.8,21.09,-7.445,9.254,4.197,121.0,122.3,73.0,1722,1,42.6,0.4
938,176,4.95,43.58,1,98.9,94.1,1387,167.2,78.6,21.1,-7.516,9.242,4.197,121.0,122.3,73.0,1722,1,42.5,0.39
939,176,4.95,43.43,1,98.9,94.1,1387,167.1,78.7,21.09,-7.586,9.23,4.197,121.0,122.3,73.0,1722,1,42.5,0.4
940,176,4.95,43.61,1,98.9,94.1,1387,167.2,78.5,21.09,-7.648,9.223,4.197,121.0,122.2,73.0,1722,1,42.4,0.4
941,176,4.975,43.54,1,98.9,94.1,1388,167.4,78.7,21.09,-7.711,9.207,4.197,121.0,122.2,73.0,1722,1,42.4,0.42
942,176,4.975,43.71,1,99.0,94.1,1388,167.5,78.7,21.12,-7.766,9.195,4.197,121.0,122.2,73.0,1723,1,42.4,0.41
943,176,4.975,43.6,1,99.0,94.19999999999999,1388,167.4,78.7,21.09,-7.836,9.184,4.197,121.0,122.1,73.0,1723,1,42.3,0.41
944,176,4.975,43.63,1,99.0,94.1,1388,167.3,78.7,21.11,-7.883,9.172,4.197,121.0,122.1,73.0,1723,1,42.3,0.41
945,176,5.0,43.59,1,99.0,94.1,1389,167.4,78.6,21.12,-7.953,9.16,4.197,121.0,122.1,73.0,1723,1,42.2,0.4
946,176,5.0,43.43,1,99.1,94.19999999999999,1389,167.4,78.5,21.08,-8.008,9.148,4.197,121.0,122.0,73.0,1723,1,42.2,0.37
947,176,5.0,43.58,1,99.1,94.19999999999999,1388,167.3,78.5,21.07,-8.07,9.141,4.197,121.0,122.0,73.0,1723,1,42.1,0.37
948,177,5.0,43.51,1,99.1,94.1,1389,167.1,78.7,21.11,-8.133,9.129,4.197,121.0,122.0,73.0,1723,1,42.1,0.37
949,177,5.025,43.65,1,99.1,94.19999999999999,1389,167.2,78.6,21.11,-8.188,9.117,4.197,121.0,121.9,73.0,1723,1,42.1,0.39
950,177,5.025,43.48,1,99.1,94.19999999999999,1389,167.3,78.7,21.12,-8.258,9.105,4.197,121.0,121.9,73.0,1723,1,42.0,0.4
951,177,5.025,43.48,1,99.1,94.1,1389,167.1,78.6,21.09,-8.305,9.098,4.197,121.0,121.9,73.0,1723,1,42.0,0.4
952,177,5.025,43.56,1,99.2,94.19999999999999,1390,167.2,78.6,21.15,-8.375,9.086,4.197,121.0,121.9,73.0,1723,1,41.9,0.41
953,177,5.05,43.51,1,99.1,94.19999999999999,1390,167.3,78.5,21.09,-8.43,9.078,4.197,121.0,121.9,73.0,1723,1,41.9,0.39
954,178,5.05,43.52,1,99.2,94.19999999999999,1390,167.1,78.7,21.09,-8.492,9.066,4.197,121.0,121.8,73.0,1723,1,41.9,0.37
955,178,5.05,43.56,1,99.2,94.19999999999999,1390,167.2,78.6,21.09,-8.547,9.059,4.197,121.0,121.8,73.0,1723,1,41.8,0.36
956,178,5.05,43.5,1,99.3,94.19999999999999,1391,167.1,78.5,21.11,-8.617,9.047,4.197,121.0,121.8,73.0,1723,1,41.8,0.37
957,179,5.05,43.5,1,99.2,94.19999999999999,1391,167.1,78.5,21.11,-8.664,9.039,4.197,121.0,121.7,73.0,1723,1,41.7,0.41
958,179,5.075,43.53,1,99.3,94.19999999999999,1391,167.1,78.6,21.07,-8.711,9.027,4.197,121.0,121.7,73.0,1723,1,41.7,0.4
959,179,5.075,43.57,1,99.2,94.19999999999999,1391,167.0,78.6,21.05,-8.766,9.02,4.197,121.0,121.7,73.0,1723,1,41.6,0.38
960,180,5.075,43.56,1,99.3,94.19999999999999,1392,167.0,78.9,21.07,-8.805,9.012,4.197,121.0,121.7,73.0,1723,1,41.6,0.4
961,180,5.075,43.51,1,99.3,94.19999999999999,1392,167.1,78.6,21.1,-8.852,9.004,4.197,121.0,121.7,73.0,1723,1,41.5,0.39
962,180,5.075,43.57,1,99.4,94.19999999999999,1391,167.2,78.6,21.12,-8.891,8.996,4.197,121.0,121.7,73.0,1723,1,41.5,0.39
963,181,5.1,43.54,1,99.3,94.19999999999999,1392,167.2,78.4,21.11,-8.938,8.984,4.197,121.0,121.7,73.0,1723,1,41.5,0.41
964,181,5.1,43.59,1,99.3,94.19999999999999,1392,167.2,78.6,21.15,-8.984,8.977,4.197,121.0,121.6,73.0,1723,1,41.4,0.38
965,181,5.1,43.59,1,99.4,94.19999999999999,1393,167.2,78.5,21.12,-9.023,8.969,4.197,121.0,121.6,73.0,1723,1,41.4,0.34
966,182,5.1,43.49,1,99.4,94.19999999999999,1392,167.2,78.6,21.08,-9.07,8.961,4.197,121.0,121.6,73.0,1724,1,41.3,0.34
967,182,5.1,43.76,1,99.3,94.19999999999999,1393,167.2,78.4,21.12,-9.109,8.953,4.197,121.0,121.6,73.0,1724,1,41.3,0.33
968,182,5.125,43.46,1,99.4,94.19999999999999,1392,167.2,78.6,21.13,-9.156,8.945,4.197,120.0,121.6,73.0,1724,1,41.2,0.35
969,183,5.125,43.48,1,99.4,94.19999999999999,1393,167.2,78.8,21.08,-9.195,8.938,4.197,121.0,121.6,73.0,1724,1,41.2,0.33
970,183,5.125,43.56,1,99.4,94.19999999999999,1393,166.8,78.4,21.09,-9.242,8.926,4.197,121.0,121.6,73.0,1724,1,41.2,0.32
971,183,5.125,43.33,1,99.4,94.19999999999999,1393,166.8,78.4,21.09,-9.289,8.918,4.197,121.0,121.6,73.0,1724,1,41.1,0.33
972,183,5.15,43.62,1,99.4,94.19999999999999,1393,166.8,78.4,21.07,-9.328,8.906,4.197,121.0,121.6,73.0,1724,1,41.1,0.31
973,183,5.15,43.39,1,99.4,94.19999999999999,1393,166.7,78.4,21.09,-9.383,8.898,4.197,120.0,121.5,73.0,1724,1,41.0,0.29
974,183,5.15,43.58,1,99.4,94.19999999999999,1393,166.6,78.4,21.14,-9.43,8.887,4.197,121.0,121.5,73.0,1724,1,41.0,0.29
975,183,5.15,43.5,1,99.5,94.19999999999999,1393,166.7,78.5,21.1,-9.492,8.875,4.197,120.0,121.5,73.0,1724,1,40.9,0.29
976,184,5.175,43.41,1,99.5,94.19999999999999,1393,166.7,78.7,21.09,-9.531,8.863,4.197,121.0,121.5,73.0,1724,1,40.9,0.3
977,183,5.175,43.4,1,99.5,94.19999999999999,1393,166.7,78.7,21.08,-9.594,8.852,4.197,120.0,121.6,73.0,1724,1,40.8,0.29
978,183,5.175,43.47,1,99.5,94.19999999999999,1393,166.8,78.6,21.14,-9.648,8.84,4.197,121.0,121.6,73.0,1724,1,40.8,0.29
979,182,5.175,43.51,1,99.5,94.19999999999999,1393,166.7,78.5,21.12,-9.695,8.828,4.197,121.0,121.6,73.0,1724,1,40.8,0.29
980,181,5.2,43.32,1,99.5,94.19999999999999,1394,166.8,78.6,21.1,-9.766,8.812,4.197,121.0,121.7,73.0,1724,1,40.7,0.28
981,180,5.2,43.39,1,99.6,94.19999999999999,1394,166.7,78.3,21.12,-9.836,8.793,4.197,121.0,121.7,73.0,1724,1,40.6,0.27
982,179,5.225,43.56,1,99.6,94.19999999999999,1394,166.5,78.4,21.07,-9.906,8.777,4.197,121.0,121.8,73.0,1724,1,40.6,0.27
983,178,5.225,43.48,1,99.6,94.1,1394,166.7,78.4,21.1,-9.984,8.758,4.197,121.0,121.8,73.0,1724,1,40.6,0.29
984,177,5.225,43.31,1,99.6,94.19999999999999,1394,166.8,78.3,21.11,-10.07,8.742,4.197,121.0,121.8,73.0,1724,1,40.5,0.26
985,177,5.25,43.33,1,99.6,94.19999999999999,1393,166.8,78.3,21.09,-10.172,8.723,4.197,121.0,121.9,73.0,1724,1,40.5,0.26
986,177,5.25,43.17,1,99.7,94.19999999999999,1394,166.7,78.4,21.11,-10.273,8.707,4.197,121.0,121.9,73.0,1724,1,40.4,0.28
987,177,5.25,43.45,1,99.7,94.19999999999999,1394,166.7,78.4,21.12,-10.375,8.691,4.197,121.0,122.0,73.0,1724,1,40.4,0.28
988,177,5.275,43.52,1,99.7,94.19999999999999,1394,166.7,78.5,21.07,-10.469,8.676,4.197,121.0,122.0,73.0,1724,1,40.3,0.27
989,177,5.275,43.39,1,99.7,94.19999999999999,1393,166.5,78.5,21.1,-10.586,8.66,4.197,121.0,122.1,73.0,1724,1,40.3,0.27
990,177,5.275,43.45,1,99.8,94.19999999999999,1393,166.4,78.6,21.07,-10.68,8.648,4.197,121.0,122.2,73.0,1724,1,40.3,0.26
991,177,5.275,43.49,1,99.8,94.19999999999999,1393,166.4,78.7,21.14,-10.781,8.633,4.197,121.0,122.2,73.0,1725,1,40.2,0.27
992,178,5.3,43.43,1,99.8,94.19999999999999,1394,166.4,78.7,21.11,-10.883,8.621,4.197,121.0,122.3,73.0,1725,1,40.1,0.27
993,178,5.3,43.39,1,99.8,94.19999999999999,1395,166.6,78.4,21.16,-10.969,8.609,4.197,121.0,122.4,73.0,1725,1,40.1,0.27
994,178,5.3,43.55,1,99.9,94.19999999999999,1395,166.7,78.5,21.11,-11.07,8.598,4.197,122.0,122.5,73.0,1725,1,40.1,0.26
995,178,5.3,43.44,1,99.9,94.19999999999999,1395,166.7,78.7,21.06,-11.148,8.59,4.197,122.0,122.5,73.0,1725,1,40.0,0.27
996,178,5.325,43.25,1,99.9,94.19999999999999,1396,166.7,78.6,21.11,-11.242,8.578,4.197,122.0,122.6,73.0,1725,1,39.9,0.26
997,178,5.325,43.47,1,99.9,94.19999999999999,1396,166.9,78.6,21.11,-11.32,8.566,4.197,122.0,122.7,73.0,1725,1,39.9,0.27
998,178,5.325,43.48,1,99.9,94.19999999999999,1396,166.8,78.7,21.12,-11.406,8.559,4.197,122.0,122.8,73.0,1725,1,39.9,0.26
999,178,5.325,43.41,1,100.0,94.3,1396,166.8,78.5,21.14,-11.492,8.547,4.197,122.0,122.8,73.0,1725,1,39.8,0.26
1000,178,5.35,43.31,1,100.0,94.19999999999999,1397,166.8,78.4,21.12,-11.57,8.535,4.197,122.0,122.9,73.0,1725,1,39.8,0.27
1001,178,5.35,43.57,1,100.0,94.19999999999999,1397,166.6,78.5,21.12,-11.656,8.52,4.197,122.0,123.0,73.0,1725,1,39.7,0.27
1002,177,5.35,43.22,1,100.0,94.3,1397,166.6,78.4,21.14,-11.734,8.508,4.197,122.0,123.1,73.0,1725,1,39.7,0.27
1003,177,5.35,43.3,1,100.0,94.19999999999999,1397,166.5,78.6,21.08,-11.82,8.496,4.197,122.0,123.2,73.0,1725,1,39.6,0.26
1004,177,5.375,43.34,1,100.1,94.19999999999999,1397,166.4,78.4,21.12,-11.891,8.484,4.197,122.0,123.2,73.0,1725,1,39.6,0.25
1005,177,5.375,43.39,1,100.1,94.19999999999999,1397,166.4,78.6,21.12,-11.969,8.473,4.197,122.0,123.2,73.0,1725,1,39.5,0.25
1006,177,5.375,43.44,1,100.2,94.3,1397,166.7,78.6,21.09,-12.062,8.457,4.197,122.0,123.3,73.0,1725,1,39.5,0.26
1007,176,5.375,43.39,1,100.1,94.19999999999999,1398,166.8,78.5,21.06,-12.133,8.441,4.197,122.0,123.3,73.0,1725,1,39.4,0.27
1008,176,5.4,43.31,1,100.2,94.19999999999999,1398,166.7,78.5,21.16,-12.219,8.43,4.197,122.0,123.3,73.0,1725,1,39.4,0.27
1009,176,5.4,43.25,1,100.2,94.19999999999999,1398,166.6,78.7,21.11,-12.297,8.418,4.197,122.0,123.2,73.0,1725,1,39.3,0.26
1010,176,5.4,43.32,1,100.1,94.19999999999999,1398,166.5,78.7,21.05,-12.383,8.402,4.197,122.0,123.2,73.0,1725,1,39.3,0.26
1011,177,5.425,43.46,1,100.2,94.3,1398,166.6,78.5,21.12,-12.445,8.391,4.197,122.0,123.2,73.0,1725,1,39.2,0.28
1012,177,5.425,43.38,1,100.2,94.3,1398,166.7,78.4,21.1,-12.523,8.383,4.197,122.0,123.1,73.0,1725,1,39.2,0.26
1013,177,5.425,43.41,1,100.2,94.3,1398,166.7,78.5,21.08,-12.586,8.371,4.197,122.0,123.1,73.0,1725,1,39.2,0.26
1014,177,5.425,43.34,1,100.2,94.3,1399,166.6,78.4,21.12,-12.648,8.363,4.197,122.0,123.1,73.0,1725,1,39.1,0.27
1015,178,5.425,43.28,1,100.2,94.3,1399,166.6,78.5,21.12,-12.703,8.355,4.197,122.0,123.0,73.0,1725,1,39.1,0.27
1016,179,5.45,43.35,1,100.2,94.3,1399,166.5,78.5,21.21,-12.766,8.348,4.197,122.0,123.0,73.0,1725,1,39.0,0.28
1017,180,5.45,43.2,1,100.29999999999998,94.3,1399,166.7,78.6,21.08,-12.82,8.34,4.197,122.0,123.0,73.0,1726,1,38.9,0.27
1018,181,5.45,43.38,1,100.2,94.3,1399,166.8,78.8,21.09,-12.867,8.336,4.197,122.0,122.9,73.0,1726,1,38.9,0.27
1019,183,5.45,43.25,1,100.2,94.3,1399,166.8,78.5,21.07,-12.922,8.332,4.197,122.0,122.9,73.0,1726,1,38.8,0.27
1020,184,5.45,43.43,1,100.2,94.3,1399,166.8,78.7,21.09,-12.961,8.328,4.197,122.0,122.8,73.0,1726,1,38.8,0.27
1021,185,5.45,43.32,1,100.2,94.3,1400,166.8,78.7,21.13,-13.008,8.324,4.197,122.0,122.8,73.0,1726,1,38.7,0.27
1022,186,5.45,43.34,1,100.2,94.3,1400,166.8,78.7,21.11,-13.047,8.324,4.197,122.0,122.7,73.0,1726,1,38.7,0.31
1023,187,5.45,43.34,1,100.2,94.3,1399,166.8,78.7,21.16,-13.078,8.32,4.197,122.0,122.7,73.0,1726,1,38.6,0.27
1024,188,5.45,43.45,1,100.2,94.3,1399,167.0,78.6,21.18,-13.109,8.32,4.197,122.0,122.6,73.0,1726,1,38.6,0.26
1025,189,5.45,43.4,1,100.2,94.3,1399,167.0,78.6,21.07,-13.125,8.316,4.197,122.0,122.5,73.0,1726,1,38.5,0.28
1026,190,5.45,43.45,1,100.2,94.3,1400,167.1,78.6,21.17,-13.141,8.312,4.197,122.0,122.4,73.0,1726,1,38.5,0.28
1027,190,5.45,43.44,1,100.2,94.3,1400,167.0,78.5,21.04,-13.156,8.312,4.197,122.0,122.3,73.0,1726,1,38.5,0.27
1028,191,5.475,43.33,1,100.2,94.19999999999999,1400,166.8,78.8,21.14,-13.172,8.309,4.197,121.0,122.2,73.0,1726,1,38.4,0.27
1029,191,5.475,43.33,1,100.2,94.19999999999999,1400,166.7,78.9,21.06,-13.18,8.301,4.197,121.0,122.1,73.0,1726,1,38.4,0.29
1030,192,5.475,43.28,1,100.2,94.3,1400,166.7,78.6,21.07,-13.18,8.297,4.197,121.0,122.0,73.0,1726,1,38.3,0.3
1031,192,5.475,43.44,1,100.2,94.3,1400,166.7,78.6,21.1,-13.195,8.293,4.197,121.0,121.8,73.0,1726,1,38.2,0.31
1032,192,5.475,43.36,1,100.2,94.19999999999999,1400,166.6,78.7,21.15,-13.211,8.285,4.197,121.0,121.7,73.0,1726,1,38.2,0.29
1033,192,5.5,43.21,1,100.2,94.3,1400,166.6,78.8,21.12,-13.227,8.277,4.197,121.0,121.6,73.0,1726,1,38.2,0.29
1034,192,5.5,43.4,1,100.2,94.3,1400,166.7,78.9,21.11,-13.242,8.27,4.197,120.0,121.4,73.0,1726,1,38.1,0.31
1035,192,5.5,43.14,1,100.29999999999998,94.3,1400,166.8,78.7,21.11,-13.266,8.258,4.197,120.0,121.2,73.0,1726,1,38.0,0.3
1036,192,5.5,43.37,1,100.29999999999998,94.3,1400,166.8,78.7,21.07,-13.281,8.25,4.197,120.0,121.0,73.0,1726,1,38.0,0.32
1037,192,5.525,43.21,1,100.29999999999998,94.3,1400,166.7,78.5,21.1,-13.312,8.238,4.197,120.0,120.9,73.0,1726,1,37.9,0.32
1038,192,5.525,43.32,1,100.29999999999998,94.3,1400,166.7,78.5,21.11,-13.344,8.23,4.197,120.0,120.7,73.0,1726,1,37.9,0.32
1039,193,5.525,43.39,1,100.29999999999998,94.3,1400,166.8,78.6,21.14,-13.367,8.219,4.197,120.0,120.5,73.0,1726,1,37.9,0.31
1040,193,5.525,43.32,1,100.29999999999998,94.3,1401,166.8,78.7,21.11,-13.406,8.207,4.197,119.0,120.3,73.0,1726,1,37.8,0.3
1041,193,5.525,43.26,1,100.4,94.3,1401,166.6,78.7,21.08,-13.445,8.199,4.197,119.0,120.2,73.0,1726,1,37.7,0.3
1042,193,5.55,43.32,1,100.4,94.3,1401,166.6,78.6,21.07,-13.492,8.188,4.197,119.0,120.0,73.0,1726,1,37.7,0.29
1043,193,5.55,43.46,1,100.4,94.3,1401,166.7,78.7,21.15,-13.539,8.176,4.197,119.0,119.8,73.0,1726,1,37.6,0.31
1044,194,5.55,43.36,1,100.4,94.3,1401,166.5,78.7,21.13,-13.586,8.168,4.197,119.0,119.7,73.0,1726,1,37.6,0.34
1045,194,5.55,43.49,1,100.4,94.3,1401,166.6,78.7,21.18,-13.633,8.16,4.197,119.0,119.5,73.0,1727,1,37.5,0.34
1046,194,5.55,43.38,1,100.4,94.3,1401,166.6,78.8,21.16,-13.68,8.148,4.197,119.0,119.4,73.0,1727,1,37.5,0.31
1047,194,5.575,43.38,1,100.4,94.3,1401,166.6,78.8,21.13,-13.734,8.141,4.197,118.0,119.3,73.0,1727,1,37.4,0.32
1048,194,5.575,43.4,1,100.49999999999999,94.3,1401,166.6,78.7,21.04,-13.781,8.133,4.197,118.0,119.2,73.0,1727,1,37.4,0.33
1049,194,5.575,43.26,1,100.4,94.3,1402,166.4,78.5,21.06,-13.836,8.121,4.197,118.0,119.1,73.0,1727,1,37.3,0.33
1050,195,5.575,43.33,1,100.4,94.3,1402,166.5,78.5,21.19,-13.891,8.113,4.197,118.0,118.9,73.0,1727,1,37.3,0.33
1051,195,5.575,43.25,1,100.4,94.3,1402,166.5,78.7,21.14,-13.938,8.105,4.197,118.0,118.8,73.0,1727,1,37.2,0.35
1052,195,5.6,43.2,1,100.4,94.3,1402,166.5,78.7,21.07,-13.992,8.094,4.197,118.0,118.7,73.0,1727,1,37.2,0.36
1053,195,5.6,43.52,1,100.4,94.3,1402,166.6,78.6,21.12,-14.039,8.086,4.197,118.0,118.6,73.0,1727,1,37.1,0.37
1054,195,5.6,43.25,1,100.49999999999999,94.3,1402,166.6,78.5,21.07,-14.078,8.078,4.197,118.0,118.6,73.0,1727,1,37.0,0.34
1055,196,5.6,43.38,1,100.4,94.3,1401,166.6,78.5,21.08,-14.133,8.07,4.197,118.0,118.4,73.0,1727,1,37.0,0.35
1056,196,5.6,43.58,1,100.49999999999999,94.3,1402,166.5,78.5,21.08,-14.18,8.059,4.197,118.0,118.4,73.0,1727,1,36.9,0.37
1057,196,5.6,43.26,1,100.4,94.19999999999999,1402,166.5,78.6,21.11,-14.219,8.055,4.197,118.0,118.3,73.0,1727,1,36.9,0.36
1058,196,5.6,43.4,1,100.4,94.19999999999999,1402,166.6,78.5,21.14,-14.258,8.047,4.197,118.0,118.2,73.0,1727,1,36.8,0.36
1059,197,5.625,43.26,1,100.49999999999999,94.19999999999999,1401,166.6,78.6,21.18,-14.312,8.035,4.197,118.0,118.1,73.0,1727,1,36.8,0.37
1060,197,5.625,43.15,1,100.49999999999999,94.19999999999999,1401,166.8,78.7,21.16,-14.352,8.027,4.197,118.0,118.1,73.0,1727,1,36.7,0.37
1061,197,5.625,43.35,1,100.49999999999999,94.3,1401,166.7,78.5,21.13,-14.398,8.02,4.197,117.0,118.0,73.0,1727,1,36.7,0.36
1062,197,5.625,43.37,1,100.49999999999999,94.3,1401,166.7,78.6,21.09,-14.445,8.008,4.197,118.0,118.0,73.0,1727,1,36.6,0.36
1063,197,5.625,43.23,1,100.49999999999999,94.19999999999999,1402,166.7,78.5,21.07,-14.492,8.0,4.197,118.0,117.9,73.0,1727,1,36.5,0.37
1064,197,5.65,43.2,1,100.49999999999999,94.19999999999999,1401,166.7,78.5,21.09,-14.547,7.996,4.197,118.0,117.9,73.0,1727,1,36.5,0.36
1065,197,5.65,43.1,1,100.6,94.19999999999999,1401,166.5,78.6,21.13,-14.602,7.988,4.197,117.0,117.8,73.0,1727,1,36.4,0.38
1066,197,5.65,43.26,1,100.49999999999999,94.19999999999999,1401,166.6,78.5,21.1,-14.648,7.977,4.197,117.0,117.8,73.0,1727,1,36.4,0.37
1067,197,5.65,43.3,1,100.49999999999999,94.19999999999999,1400,166.5,78.4,21.08,-14.711,7.969,4.197,116.0,117.7,73.0,1727,1,36.3,0.38
1068,198,5.65,43.18,1,100.49999999999999,94.19999999999999,1400,166.7,78.6,21.1,-14.766,7.957,4.197,117.0,117.7,73.0,1727,1,36.3,0.39
1069,198,5.675,43.29,1,100.6,94.19999999999999,1400,166.8,78.5,21.09,-14.82,7.949,4.197,117.0,117.6,73.0,1727,1,36.2,0.4
1070,198,5.675,43.31,1,100.49999999999999,94.19999999999999,1400,166.8,78.5,21.09,-14.875,7.938,4.197,116.0,117.5,73.0,1727,1,36.1,0.41
1071,198,5.675,43.37,1,100.49999999999999,94.19999999999999,1400,166.8,78.6,21.05,-14.938,7.93,4.197,116.0,117.5,73.0,1727,1,36.1,0.4
1072,198,5.675,43.37,1,100.6,94.19999999999999,1400,166.9,78.6,21.09,-14.992,7.922,4.197,116.0,117.5,73.0,1727,1,36.0,0.39
1073,198,5.675,43.28,1,100.6,94.19999999999999,1400,167.0,78.6,21.06,-15.047,7.91,4.197,117.0,117.4,73.0,1727,1,36.0,0.38
1074,198,5.675,43.27,1,100.49999999999999,94.19999999999999,1400,166.9,78.4,21.13,-15.102,7.902,4.197,116.0,117.4,73.0,1727,1,35.9,0.4
1075,198,5.7,43.14,1,100.6,94.19999999999999,1400,167.0,78.8,21.12,-15.148,7.895,4.197,116.0,117.3,73.0,1728,1,35.8,0.4
1076,199,5.7,43.21,1,100.6,94.19999999999999,1400,167.1,78.6,21.09,-15.203,7.883,4.197,116.0,117.3,73.0,1728,1,35.8,0.4
1077,199,5.7,43.23,1,100.6,94.19999999999999,1400,167.0,78.5,21.1,-15.258,7.875,4.197,116.0,117.2,73.0,1728,1,35.7,0.4
1078,199,5.7,43.27,1,100.6,94.1,1400,166.9,78.5,21.13,-15.312,7.867,4.197,116.0,117.2,73.0,1728,1,35.7,0.39
1079,200,5.7,43.11,1,100.6,94.19999999999999,1399,166.9,78.6,21.1,-15.359,7.859,4.197,116.0,117.2,73.0,1728,1,35.6,0.39
1080,200,5.7,43.14,1,100.6,94.19999999999999,1399,167.0,78.6,21.06,-15.406,7.848,4.197,116.0,117.2,73.0,1728,1,35.6,0.4
1081,200,5.725,43.23,1,100.6,94.19999999999999,1399,167.0,78.5,21.11,-15.453,7.84,4.197,116.0,117.1,73.0,1728,1,35.5,0.4
1082,200,5.725,43.28,1,100.6,94.19999999999999,1399,167.0,78.4,21.08,-15.5,7.832,4.197,116.0,117.1,73.0,1728,1,35.5,0.39
1083,201,5.725,43.32,1,100.6,94.19999999999999,1400,167.1,78.4,21.06,-15.547,7.82,4.197,116.0,117.1,73.0,1728,1,35.4,0.38
1084,201,5.725,43.22,1,100.6,94.1,1400,167.1,78.3,21.07,-15.594,7.813,4.197,116.0,117.0,73.0,1728,1,35.3,0.38
1085,201,5.725,43.16,1,100.69999999999999,94.19999999999999,1400,167.2,78.5,21.11,-15.641,7.805,4.197,116.0,117.0,73.0,1728,1,35.3,0.4
1086,202,5.725,43.2,1,100.69999999999999,94.19999999999999,1400,167.1,78.4,21.05,-15.688,7.797,4.197,116.0,117.0,73.0,1728,1,35.2,0.38
1087,202,5.75,43.13,1,100.6,94.1,1400,167.0,78.4,21.11,-15.742,7.789,4.197,116.0,117.0,73.0,1728,1,35.2,0.39
1088,202,5.75,43.14,1,100.6,94.1,1400,167.2,78.5,21.12,-15.797,7.781,4.197,116.0,117.0,73.0,1728,1,35.1,0.41
1089,202,5.75,43.14,1,100.69999999999999,94.1,1399,167.3,78.4,21.09,-15.852,7.773,4.197,116.0,117.0,73.0,1728,1,35.0,0.41
1090,203,5.75,43.15,1,100.6,94.1,1399,167.3,78.5,21.15,-15.906,7.766,4.197,116.0,116.9,73.0,1728,1,35.0,0.42
1091,203,5.75,43.37,1,100.69999999999999,94.1,1398,167.2,78.6,21.12,-15.961,7.758,4.197,116.0,116.9,73.0,1728,1,34.9,0.41
1092,203,5.75,43.24,1,100.69999999999999,94.1,1398,167.1,78.4,21.11,-16.016,7.75,4.197,116.0,116.9,73.0,1728,1,34.9,0.43
1093,203,5.75,43.14,1,100.69999999999999,94.1,1398,167.2,78.4,21.08,-16.078,7.742,4.197,116.0,116.9,73.0,1728,1,34.8,0.43
1094,203,5.775,43.22,1,100.69999999999999,94.1,1398,167.3,78.5,21.09,-16.133,7.734,4.197,116.0,116.9,73.0,1728,1,34.7,0.43
1095,203,5.775,43.04,1,100.69999999999999,94.1,1398,167.4,78.6,21.11,-16.188,7.727,4.197,116.0,116.9,73.0,1728,1,34.7,0.43
1096,204,5.775,43.13,1,100.69999999999999,94.1,1397,167.3,78.4,21.1,-16.242,7.715,4.197,116.0,116.8,73.0,1728,1,34.6,0.44
1097,204,5.775,43.09,1,100.69999999999999,94.1,1397,167.2,78.4,21.12,-16.289,7.707,4.197,115.0,116.8,73.0,1728,1,34.6,0.44
1098,204,5.775,43.18,1,100.69999999999999,94.1,1397,167.2,78.4,21.12,-16.352,7.699,4.197,115.0,116.8,73.0,1728,1,34.5,0.44
1099,204,5.8,43.18,1,100.69999999999999,94.1,1396,167.4,78.2,21.14,-16.414,7.691,4.197,115.0,116.8,73.0,1728,1,34.5,0.45
1100,204,5.8,43.22,1,100.69999999999999,94.1,1397,167.6,78.2,21.07,-16.477,7.684,4.197,115.0,116.8,73.0,1728,1,34.4,0.43
1101,204,5.8,43.28,1,100.69999999999999,94.1,1397,167.6,78.2,21.12,-16.523,7.672,4.197,115.0,116.8,73.0,1728,1,34.3,0.44
1102,204,5.8,43.27,1,100.69999999999999,94.1,1397,167.4,78.2,21.12,-16.578,7.664,4.197,116.0,116.7,73.0,1728,1,34.3,0.44
1103,204,5.8,43.24,1,100.69999999999999,94.1,1397,167.5,78.2,21.09,-16.625,7.656,4.197,115.0,116.7,73.0,1728,1,34.2,0.43
1104,204,5.825,43.14,1,100.8,94.1,1397,167.6,78.1,21.11,-16.672,7.645,4.197,115.0,116.7,73.0,1728,1,34.2,0.43
1105,204,5.825,43.14,1,100.69999999999999,94.1,1397,167.5,78.1,21.11,-16.711,7.633,4.197,115.0,116.6,73.0,1728,1,34.1,0.43
1106,204,5.825,43.12,1,100.69999999999999,94.1,1397,167.4,78.2,21.12,-16.742,7.625,4.197,115.0,116.6,73.0,1728,1,34.1,0.43
1107,204,5.825,43.33,1,100.69999999999999,94.1,1398,167.6,78.1,21.05,-16.773,7.617,4.197,115.0,116.6,73.0,1728,1,34.0,0.44
1108,204,5.825,43.15,1,100.69999999999999,94.1,1399,167.5,78.3,21.09,-16.797,7.609,4.197,115.0,116.5,73.0,1728,1,33.9,0.44
1109,205,5.825,43.16,1,100.8,94.1,1400,167.7,78.4,21.09,-16.812,7.598,4.197,115.0,116.5,73.0,1729,1,33.9,0.42
1110,205,5.825,43.09,1,100.8,94.1,1400,167.6,78.2,21.08,-16.844,7.59,4.197,115.0,116.5,73.0,1729,1,33.8,0.43
1111,205,5.85,42.93,1,100.8,94.1,1400,167.7,78.2,21.04,-16.867,7.582,4.197,115.0,116.5,73.0,1729,1,33.7,0.43
1112,205,5.85,43.23,1,100.8,94.1,1399,167.8,78.2,21.06,-16.898,7.574,4.197,115.0,116.5,73.0,1729,1,33.7,0.44
1113,205,5.85,43.31,1,100.8,94.1,1400,167.6,78.3,21.07,-16.914,7.566,4.197,115.0,116.5,73.0,1729,1,33.6,0.43
1114,205,5.85,43.15,1,100.8,94.1,1399,167.7,78.3,21.09,-16.953,7.555,4.197,115.0,116.5,73.0,1729,1,33.5,0.43
1115,205,5.85,43.37,1,100.8,94.1,1399,167.7,78.4,21.11,-16.992,7.551,4.197,115.0,116.4,73.0,1729,1,33.5,0.4
1116,205,5.875,43.1,1,100.8,94.0,1399,167.7,78.4,21.12,-17.031,7.539,4.197,115.0,116.4,73.0,1729,1,33.4,0.44
1117,205,5.875,43.13,1,100.8,94.1,1398,167.7,78.1,21.1,-17.07,7.531,4.197,115.0,116.4,73.0,1729,1,33.4,0.42
1118,205,5.875,43.14,1,100.89999999999999,94.1,1398,167.7,78.2,21.12,-17.117,7.523,4.197,115.0,116.4,73.0,1729,1,33.3,0.42
1119,205,5.875,43.07,1,100.89999999999999,94.0,1398,167.9,78.2,21.06,-17.164,7.512,4.197,115.0,116.3,73.0,1729,1,33.2,0.42
1120,205,5.875,43.33,1,100.89999999999999,94.1,1397,167.8,78.1,21.14,-17.219,7.504,4.197,115.0,116.2,73.0,1729,1,33.2,0.42
1121,205,5.875,43.21,1,100.89999999999999,94.1,1397,167.9,78.1,21.13,-17.266,7.492,4.197,115.0,116.2,73.0,1729,1,33.1,0.42
1122,205,5.875,42.89,1,100.89999999999999,94.1,1398,167.9,78.1,21.08,-17.328,7.484,4.197,115.0,116.1,73.0,1729,1,33.1,0.39
1123,205,5.9,42.98,1,100.8,94.0,1397,167.7,78.2,21.08,-17.383,7.473,4.197,115.0,116.0,73.0,1729,1,33.0,0.38
1124,205,5.9,45.39,1,100.89999999999999,94.0,1398,167.7,78.1,21.09,-17.438,7.469,4.197,114.0,115.9,73.0,1729,1,32.9,0.4
1125,205,5.9,44.08,1,100.89999999999999,94.0,1398,167.8,78.1,21.1,-17.492,7.461,4.197,114.0,115.8,73.0,1729,1,32.9,0.35
1126,206,5.875,44.12,1,100.89999999999999,94.0,1397,167.8,78.2,21.11,-17.555,7.449,4.197,114.0,115.7,73.0,1729,1,32.8,0.32
1127,206,5.9,43.99,1,100.89999999999999,94.0,1396,167.7,78.3,21.14,-17.617,7.445,4.197,114.0,115.5,73.0,1729,1,32.7,0.3
1128,206,5.9,44.16,1,100.89999999999999,94.0,1395,167.8,78.2,21.1,-17.672,7.434,4.197,113.0,115.2,73.0,1729,1,32.7,0.33
1129,206,5.925,44.26,1,100.89999999999999,94.0,1395,167.9,78.4,21.1,-17.727,7.43,4.197,113.0,114.9,73.0,1729,1,32.6,0.34
1130,206,5.925,44.33,1,100.89999999999999,94.0,1395,167.9,78.3,21.11,-17.781,7.422,4.197,113.0,114.4,73.0,1729,1,32.6,0.3
1131,206,5.925,44.4,1,100.89999999999999,94.0,1394,168.0,78.2,21.07,-17.828,7.414,4.197,112.0,113.8,73.0,1729,1,32.5,0.35
1132,206,5.925,44.44,1,100.89999999999999,94.0,1394,168.0,78.1,21.09,-17.875,7.406,4.197,111.0,113.1,73.0,1729,1,32.4,0.33
1133,206,5.925,44.53,1,100.89999999999999,94.0,1393,167.9,78.1,21.07,-17.93,7.398,4.197,111.0,112.4,73.0,1729,1,32.4,0.33
1134,206,5.925,44.54,1,100.89999999999999,94.0,1393,167.9,78.2,21.11,-17.977,7.387,4.197,108.0,111.5,73.0,1729,1,32.3,0.34
1135,206,5.925,44.43,1,101.0,94.0,1393,168.0,78.3,21.08,-18.023,7.379,4.197,108.0,110.5,73.0,1729,1,32.3,0.34
1136,206,5.95,44.54,1,101.0,94.0,1393,168.1,78.1,21.14,-18.078,7.367,4.197,107.0,109.5,73.0,1729,1,32.2,0.3
1137,206,5.95,44.55,1,100.89999999999999,94.0,1392,168.1,78.0,21.11,-18.133,7.359,4.197,106.0,108.4,73.0,1729,1,32.1,0.31
1138,206,5.95,44.37,1,101.0,94.0,1393,168.2,78.3,21.07,-18.195,7.352,4.197,105.0,107.2,73.0,1729,1,32.1,0.32
1139,206,5.95,44.52,1,101.0,94.0,1392,168.1,78.3,21.11,-18.258,7.344,4.197,103.0,106.0,73.0,1729,1,32.0,0.3
1140,207,5.95,44.45,1,101.0,94.0,1392,168.2,78.1,21.12,-18.32,7.336,4.197,101.0,104.8,73.0,1729,1,31.9,0.3
1141,207,5.95,44.45,1,101.0,94.0,1392,168.4,78.4,21.13,-18.375,7.328,4.197,100.0,103.5,73.0,1729,1,31.9,0.31
1142,207,5.975,44.45,1,101.0,93.89999999999999,1391,168.4,78.3,21.1,-18.438,7.32,4.197,99.0,102.2,73.0,1729,1,31.8,0.3
1143,207,5.975,44.44,1,101.0,93.89999999999999,1391,168.4,78.2,21.1,-18.5,7.312,4.197,97.0,100.9,73.0,1729,1,31.7,0.28
1144,208,5.975,44.53,1,101.0,93.89999999999999,1391,168.4,78.2,21.06,-18.555,7.305,4.197,96.0,99.6,73.0,1729,1,31.7,0.29
1145,208,5.975,44.45,1,101.0,93.89999999999999,1391,168.4,78.0,21.13,-18.617,7.301,4.197,95.0,98.3,73.0,1729,1,31.6,0.31
1146,208,5.975,44.47,1,101.0,93.89999999999999,1391,168.2,78.0,21.1,-18.672,7.293,4.197,93.0,97.0,73.0,1729,1,31.6,0.3
1147,208,5.975,44.5,1,101.0,93.89999999999999,1390,168.1,78.1,21.09,-18.734,7.285,4.197,92.0,95.7,73.0,1730,1,31.5,0.27
1148,208,5.975,44.43,1,101.0,93.89999999999999,1390,168.3,78.3,21.12,-18.805,7.277,4.197,90.0,94.4,73.0,1730,1,31.4,0.26
1149,208,6.0,44.45,1,101.0,93.89999999999999,1390,168.5,78.2,21.12,-18.852,7.27,4.197,89.0,93.2,73.0,1730,1,31.4,0.26
1150,208,6.0,44.41,1,101.0,93.89999999999999,1390,168.5,78.1,21.16,-18.914,7.258,4.197,87.0,91.9,73.0,1730,1,31.3,0.25
1151,209,6.0,44.43,1,101.0,93.89999999999999,1390,168.5,78.1,21.11,-18.977,7.25,4.197,86.0,90.7,73.0,1730,1,31.3,0.26
1152,209,6.0,44.48,1,101.0,93.89999999999999,1389,168.6,78.2,21.1,-19.039,7.246,4.197,85.0,89.6,73.0,1730,1,31.2,0.26
1153,209,6.0,44.4,1,101.0,93.8,1389,168.7,78.1,21.1,-19.094,7.238,4.197,84.0,88.4,73.0,1730,1,31.1,0.25
1154,209,6.0,44.4,1,101.0,93.89999999999999,1389,168.6,78.1,21.11,-19.164,7.227,4.197,83.0,87.3,73.0,1730,1,31.1,0.25
1155,209,6.0,44.41,1,101.0,93.89999999999999,1389,168.6,78.1,21.13,-19.219,7.219,4.197,82.0,86.2,73.0,1730,1,31.0,0.25
1156,209,6.025,44.43,1,101.0,93.8,1389,168.7,78.1,21.14,-19.273,7.215,4.197,80.0,85.2,73.0,1730,1,30.9,0.24
1157,210,6.025,44.4,1,101.1,93.89999999999999,1389,168.8,78.1,21.11,-19.32,7.207,4.197,79.0,84.1,73.0,1730,1,30.9,0.24
1158,210,6.025,44.36,1,101.1,93.89999999999999,1389,169.0,78.1,21.12,-19.375,7.199,4.197,78.0,83.2,73.0,1730,1,30.8,0.25
1159,210,6.025,44.38,1,101.0,93.89999999999999,1389,168.9,78.1,21.09,-19.422,7.191,4.197,78.0,82.2,73.0,1730,1,30.7,0.23
1160,210,6.025,44.47,1,101.0,93.89999999999999,1389,168.9,78.1,21.07,-19.469,7.184,4.197,76.0,81.3,73.0,1730,1,30.7,0.25
1161,211,6.025,44.4,1,101.1,93.89999999999999,1389,169.0,77.9,21.09,-19.508,7.18,4.197,76.0,80.4,73.0,1730,1,30.6,0.24
1162,211,6.025,44.4,1,101.1,93.89999999999999,1389,169.0,78.0,21.12,-19.555,7.172,4.197,76.0,79.5,73.0,1730,1,30.5,0.23
1163,212,6.025,44.42,1,101.1,93.89999999999999,1389,169.0,78.0,21.14,-19.578,7.168,4.197,74.0,78.7,73.0,1730,1,30.5,0.24
1164,212,6.025,44.4,1,101.1,93.89999999999999,1389,168.9,78.2,21.09,-19.617,7.164,4.197,73.0,78.0,73.0,1730,1,30.4,0.23
1165,213,6.025,44.55,1,101.1,93.89999999999999,1389,168.8,78.2,21.11,-19.656,7.164,4.197,72.0,77.2,73.0,1730,1,30.4,0.23
1166,214,6.05,44.43,1,101.1,93.89999999999999,1390,168.9,78.3,21.09,-19.688,7.16,4.197,71.0,76.5,73.0,1730,1,30.3,0.24
1167,215,6.05,44.43,1,101.1,93.89999999999999,1391,168.8,78.3,21.07,-19.703,7.16,4.197,71.0,75.8,73.0,1730,1,30.2,0.23
1168,216,6.025,44.34,1,101.0,93.89999999999999,1390,168.9,78.3,21.06,-19.727,7.16,4.197,70.0,75.1,73.0,1730,1,30.1,0.24
1169,217,6.025,44.46,1,101.1,93.89999999999999,1390,168.9,78.4,21.07,-19.742,7.16,4.197,69.0,74.5,73.0,1730,1,30.1,0.23
1170,219,6.025,44.46,1,101.1,93.89999999999999,1390,168.9,78.2,21.13,-19.75,7.164,4.197,68.0,73.9,73.0,1730,1,30.0,0.24
1171,220,6.025,44.38,1,101.1,93.89999999999999,1390,169.0,78.2,21.12,-19.758,7.164,4.197,67.0,73.3,73.0,1730,1,29.9,0.24
1172,222,6.025,44.38,1,101.0,93.89999999999999,1391,169.0,78.3,21.08,-19.758,7.168,4.197,67.0,72.7,73.0,1730,1,29.9,0.24
1173,222,6.025,44.42,1,101.0,93.89999999999999,1391,169.0,78.4,21.1,-19.75,7.172,4.197,67.0,72.2,73.0,1730,1,29.8,0.23
1174,224,6.025,44.39,1,101.0,93.89999999999999,1390,169.0,78.2,21.12,-19.742,7.176,4.197,67.0,71.7,74.0,1730,1,29.7,0.23
1175,225,6.025,44.45,1,101.0,93.89999999999999,1391,168.8,78.4,21.05,-19.727,7.18,4.197,66.0,71.1,74.0,1730,1,29.7,0.24
1176,226,6.025,44.44,1,101.0,93.89999999999999,1391,168.9,78.2,21.1,-19.711,7.184,4.197,66.0,70.6,74.0,1730,1,29.6,0.24
1177,228,6.025,44.44,1,101.0,93.89999999999999,1392,168.9,78.3,21.06,-19.68,7.188,4.197,66.0,70.2,73.0,1730,1,29.5,0.24
1178,229,6.025,44.42,1,101.0,93.89999999999999,1392,168.8,78.4,21.11,-19.648,7.191,4.197,65.0,69.7,73.0,1730,1,29.5,0.23
1179,230,6.025,44.51,1,101.0,94.0,1392,168.7,78.5,21.11,-19.617,7.195,4.197,64.0,69.3,74.0,1730,1,29.4,0.23
1180,231,6.025,44.44,1,101.0,94.0,1393,168.6,78.4,21.08,-19.578,7.199,4.197,64.0,68.8,73.0,1730,1,29.3,0.23
1181,233,6.025,44.41,1,101.0,94.0,1392,168.6,78.2,21.08,-19.539,7.207,4.197,64.0,68.4,74.0,1730,1,29.3,0.24
1182,234,6.025,44.46,1,101.0,94.0,1393,168.6,78.2,21.09,-19.492,7.211,4.197,63.0,67.9,73.0,1730,1,29.2,0.22
1183,235,6.025,44.52,1,101.0,94.0,1393,168.7,78.2,21.11,-19.445,7.215,4.197,63.0,67.5,74.0,1730,1,29.1,0.22
1184,236,6.025,44.48,1,101.0,94.0,1393,168.7,78.2,21.12,-19.398,7.219,4.197,63.0,67.1,74.0,1730,1,29.0,0.22
1185,237,6.025,44.48,1,101.0,94.0,1393,168.8,78.3,21.11,-19.352,7.223,4.197,62.0,66.7,74.0,1730,1,29.0,0.22
1186,239,6.025,44.5,1,101.0,94.0,1393,168.9,78.4,21.1,-19.305,7.227,4.197,62.0,66.3,74.0,1730,1,28.9,0.22
1187,240,6.025,44.44,1,101.0,94.0,1394,168.8,78.3,21.11,-19.258,7.23,4.197,61.0,65.9,74.0,1730,1,28.8,0.22
1188,241,6.025,44.45,1,101.0,94.0,1395,168.7,78.4,21.12,-19.203,7.234,4.197,61.0,65.6,74.0,1730,1,28.8,0.22
1189,242,6.025,44.42,1,101.0,94.0,1396,168.6,78.5,21.07,-19.148,7.238,4.197,61.0,65.2,74.0,1730,1,28.7,0.22
1190,243,6.025,44.54,1,101.0,94.1,1396,168.5,78.6,21.11,-19.094,7.242,4.197,60.0,64.8,74.0,1730,1,28.6,0.22
1191,244,6.025,44.51,1,101.0,94.0,1396,168.4,78.5,21.13,-19.039,7.246,4.197,60.0,64.4,74.0,1730,1,28.5,0.23
1192,245,6.025,44.54,1,101.0,94.1,1396,168.4,78.4,21.11,-18.992,7.254,4.197,60.0,64.1,74.0,1730,1,28.5,0.23
1193,246,6.025,44.54,1,101.0,94.1,1395,168.4,78.5,21.09,-18.938,7.258,4.197,60.0,63.7,74.0,1730,1,28.4,0.22
1194,248,6.025,44.5,1,101.0,94.1,1396,168.5,78.6,21.1,-18.875,7.262,4.197,60.0,63.4,74.0,1730,1,28.3,0.22
1195,249,6.025,44.62,1,101.0,94.1,1396,168.5,78.5,21.1,-18.82,7.266,4.197,60.0,63.1,74.0,1730,1,28.2,0.22
1196,250,6.025,44.51,1,101.0,94.1,1397,168.4,78.3,21.1,-18.766,7.273,4.197,58.0,62.8,74.0,1730,1,28.1,0.22
1197,251,6.025,44.43,1,101.0,94.1,1397,168.4,78.5,21.11,-18.711,7.277,4.197,58.0,62.5,74.0,1730,1,28.1,0.22
1198,252,6.025,44.59,1,101.0,94.1,1397,168.5,78.4,21.09,-18.656,7.281,4.197,58.0,62.1,74.0,1730,1,28.0,0.22
1199,253,6.025,44.58,1,101.0,94.1,1397,168.4,78.5,21.06,-18.602,7.285,4.197,58.0,61.8,74.0,1730,1,27.9,0.22
1200,254,6.025,44.55,1,101.0,94.1,1397,168.4,78.4,21.09,-18.547,7.289,4.197,57.0,61.5,74.0,1730,1,27.8,0.22
1201,255,6.025,44.63,1,101.0,94.1,1398,168.4,78.5,21.09,-18.492,7.293,4.197,57.0,61.2,74.0,1730,1,27.7,0.22
1202,256,6.025,44.53,1,101.0,94.1,1398,168.2,78.6,21.11,-18.438,7.297,4.197,57.0,60.9,74.0,1730,1,27.7,0.22
1203,257,6.025,44.54,1,101.1,94.19999999999999,1398,168.1,78.5,21.09,-18.383,7.297,4.197,56.0,60.6,74.0,1730,1,27.6,0.22
1204,258,6.025,44.66,1,101.1,94.19999999999999,1399,167.8,78.7,21.1,-18.336,7.301,4.197,56.0,60.3,74.0,1730,1,27.5,0.21
1205,258,6.025,44.62,1,101.1,94.19999999999999,1399,167.9,78.7,21.08,-18.281,7.305,4.197,56.0,60.0,74.0,1730,1,27.4,0.22
1206,259,6.025,44.53,1,101.0,94.1,1399,167.9,78.6,21.07,-18.234,7.309,4.197,56.0,59.7,74.0,1730,1,27.4,0.22
1207,260,6.025,44.66,1,101.0,94.19999999999999,1399,167.8,78.7,21.12,-18.188,7.312,4.197,55.0,59.4,74.0,1730,1,27.3,0.22
1208,261,6.025,44.64,1,101.0,94.1,1399,167.8,78.6,21.09,-18.125,7.316,4.197,55.0,59.1,74.0,1730,1,27.2,0.22
1209,262,6.025,44.52,1,100.89999999999999,94.1,1399,167.7,78.6,21.15,-18.078,7.32,4.197,54.0,58.8,74.0,1730,1,27.1,0.22
1210,263,6.0,44.7,1,100.89999999999999,94.1,1399,167.6,78.6,21.04,-18.016,7.32,4.197,54.0,58.6,74.0,1730,1,27.0,0.21
1211,264,6.025,44.47,1,100.89999999999999,94.19999999999999,1400,167.6,78.7,21.07,-17.961,7.324,4.197,54.0,58.3,74.0,1730,1,26.9,0.22
1212,264,6.025,44.58,1,100.89999999999999,94.1,1400,167.5,78.8,21.05,-17.906,7.328,4.197,54.0,58.0,74.0,1730,1,26.9,0.21
1213,265,6.025,44.59,1,100.8,94.19999999999999,1400,167.5,78.7,21.15,-17.859,7.332,4.197,54.0,57.7,74.0,1730,1,26.8,0.21
1214,266,6.0,44.62,1,100.8,94.19999999999999,1400,167.5,78.8,21.13,-17.797,7.336,4.197,53.0,57.5,74.0,1730,1,26.7,0.2
1215,267,6.0,44.6,1,100.8,94.19999999999999,1400,167.6,78.7,21.08,-17.742,7.34,4.197,53.0,57.2,74.0,1730,1,26.6,0.22
1216,268,6.025,44.61,1,100.8,94.19999999999999,1400,167.6,78.6,21.1,-17.68,7.344,4.197,53.0,57.0,74.0,1730,1,26.5,0.22
1217,269,6.025,44.71,1,100.69999999999999,94.19999999999999,1401,167.5,78.7,21.06,-17.617,7.344,4.197,53.0,56.7,74.0,1730,1,26.4,0.21
1218,269,6.025,44.65,1,100.69999999999999,94.19999999999999,1400,167.4,78.6,21.08,-17.555,7.352,4.197,53.0,56.5,74.0,1730,1,26.3,0.22
1219,270,6.025,44.5,1,100.69999999999999,94.1,1401,167.4,78.6,21.14,-17.492,7.352,4.197,53.0,56.2,74.0,1730,1,26.3,0.22
1220,271,6.0,44.61,1,100.69999999999999,94.19999999999999,1401,167.5,78.7,21.12,-17.438,7.355,4.197,52.0,55.9,74.0,1730,1,26.1,0.21
1221,271,6.0,44.59,1,100.69999999999999,94.19999999999999,1401,167.6,78.6,21.12,-17.375,7.355,4.197,52.0,55.7,74.0,1730,1,26.1,0.21
1222,272,6.025,44.62,1,100.69999999999999,94.19999999999999,1400,167.6,78.6,21.15,-17.312,7.359,4.197,52.0,55.5,74.0,1730,1,26.0,0.22
1223,273,6.025,44.51,1,100.69999999999999,94.19999999999999,1401,167.5,78.8,21.11,-17.258,7.363,4.197,52.0,55.2,74.0,1730,1,25.9,0.22
1224,274,6.025,44.59,1,100.69999999999999,94.19999999999999,1401,167.5,78.9,21.09,-17.203,7.363,4.197,51.0,55.0,74.0,1730,1,25.8,0.21
1225,274,6.025,44.58,1,100.6,94.19999999999999,1401,167.4,78.9,21.12,-17.148,7.367,4.197,51.0,54.8,74.0,1730,1,25.7,0.21
1226,275,6.025,44.58,1,100.69999999999999,94.19999999999999,1402,167.3,78.8,21.09,-17.102,7.371,4.197,51.0,54.5,74.0,1730,1,25.6,0.21
1227,276,6.025,44.62,1,100.6,94.19999999999999,1402,167.3,78.7,21.1,-17.039,7.375,4.197,50.0,54.3,74.0,1730,1,25.5,0.21
1228,276,6.0,44.67,1,100.6,94.19999999999999,1402,167.3,78.8,21.13,-16.984,7.375,4.197,50.0,54.1,74.0,1730,1,25.4,0.2
1229,277,6.0,44.64,1,100.6,94.19999999999999,1402,167.3,78.6,21.09,-16.922,7.379,4.197,50.0,53.9,74.0,1730,1,25.3,0.21
1230,278,6.0,44.59,1,100.6,94.19999999999999,1402,167.1,78.7,21.11,-16.852,7.383,4.197,50.0,53.7,74.0,1730,1,25.3,0.21
1231,278,6.0,44.62,1,100.49999999999999,94.19999999999999,1402,166.9,78.8,21.11,-16.789,7.383,4.197,49.0,53.5,74.0,1730,1,25.2,0.21
1232,279,6.0,44.64,1,100.49999999999999,94.19999999999999,1402,166.9,79.0,21.14,-16.719,7.387,4.197,49.0,53.3,74.0,1730,1,25.1,0.21
1233,279,6.025,44.62,1,100.49999999999999,94.19999999999999,1402,166.9,78.7,21.15,-16.664,7.387,4.197,49.0,53.1,74.0,1730,1,25.0,0.2
1234,280,6.025,44.71,1,100.49999999999999,94.19999999999999,1401,167.0,78.6,21.11,-16.609,7.387,4.197,49.0,53.0,74.0,1730,1,24.9,0.21
1235,281,6.0,44.65,1,100.4,94.19999999999999,1401,167.0,78.9,21.1,-16.555,7.391,4.197,49.0,52.8,74.0,1730,1,24.8,0.22
1236,281,6.025,44.66,1,100.4,94.19999999999999,1402,166.8,78.8,21.08,-16.5,7.395,4.197,48.0,52.6,74.0,1730,1,24.7,0.2
1237,282,6.025,44.67,1,100.4,94.19999999999999,1402,166.9,78.7,21.07,-16.461,7.395,4.197,48.0,52.4,74.0,1730,1,24.6,0.21
1238,282,6.0,44.66,1,100.4,94.19999999999999,1402,166.8,78.9,21.08,-16.414,7.398,4.197,48.0,52.3,74.0,1730,1,24.5,0.2
1239,283,6.0,44.74,1,100.4,94.19999999999999,1401,166.8,78.8,21.13,-16.359,7.398,4.197,48.0,52.1,74.0,1730,1,24.4,0.21
1240,283,6.0,44.61,1,100.4,94.19999999999999,1402,166.8,78.7,21.1,-16.312,7.402,4.197,48.0,52.0,74.0,1730,1,24.3,0.21
1241,284,6.0,44.67,1,100.4,94.19999999999999,1401,166.8,78.6,21.13,-16.266,7.402,4.197,48.0,51.8,74.0,1730,1,24.2,0.2
1242,284,6.0,44.62,1,100.4,94.19999999999999,1402,166.8,79.0,21.12,-16.219,7.402,4.197,48.0,51.7,74.0,1730,1,24.2,0.2
1243,285,6.0,44.69,1,100.29999999999998,94.19999999999999,1402,166.8,78.8,21.1,-16.18,7.406,4.197,48.0,51.5,74.0,1730,1,24.0,0.2
1244,285,6.0,44.7,1,100.29999999999998,94.19999999999999,1402,167.0,78.9,21.09,-16.133,7.406,4.197,48.0,51.4,74.0,1730,1,24.0,0.2
1245,286,6.0,44.79,1,100.29999999999998,94.19999999999999,1402,166.9,78.6,21.12,-16.086,7.41,4.197,48.0,51.2,74.0,1730,1,23.9,0.2
1246,286,6.0,44.64,1,100.29999999999998,94.19999999999999,1402,166.9,78.7,21.09,-16.055,7.414,4.197,47.0,51.1,74.0,1730,1,23.8,0.2
1247,286,6.0,44.72,1,100.29999999999998,94.19999999999999,1402,166.9,78.7,21.15,-16.016,7.414,4.197,47.0,50.9,74.0,1730,1,23.7,0.21
1248,287,6.0,44.6,1,100.29999999999998,94.19999999999999,1401,166.8,78.9,21.11,-15.984,7.418,4.197,47.0,50.8,74.0,1730,1,23.6,0.21
1249,287,6.025,44.66,1,100.2,94.19999999999999,1401,166.6,78.8,21.11,-15.953,7.418,4.197,47.0,50.7,74.0,1730,1,23.5,0.22
1250,288,6.0,44.6,1,100.29999999999998,94.19999999999999,1402,166.5,78.9,21.1,-15.906,7.422,4.197,47.0,50.6,74.0,1730,1,23.4,0.21
1251,288,6.0,44.74,1,100.29999999999998,94.19999999999999,1401,166.7,79.0,21.11,-15.875,7.426,4.197,47.0,50.4,74.0,1730,1,23.3,0.22
1252,289,6.0,44.65,1,100.29999999999998,94.19999999999999,1401,166.6,78.8,21.07,-15.844,7.426,4.197,46.0,50.3,74.0,1730,1,23.3,0.21
1253,290,6.0,44.72,1,100.2,94.19999999999999,1401,166.7,78.8,21.12,-15.82,7.43,4.197,46.0,50.2,74.0,1730,1,23.2,0.21
1254,290,6.0,44.77,1,100.29999999999998,94.19999999999999,1401,166.6,78.8,21.13,-15.773,7.43,4.197,46.0,50.1,74.0,1730,1,23.1,0.21
1255,291,6.0,44.65,1,100.29999999999998,94.19999999999999,1402,166.4,78.9,21.11,-15.75,7.43,4.197,46.0,49.9,74.0,1730,1,23.0,0.21
1256,291,6.0,44.79,1,100.29999999999998,94.19999999999999,1402,166.5,78.9,21.07,-15.711,7.434,4.197,46.0,49.8,74.0,1730,1,22.9,0.21
1257,291,6.025,44.7,1,100.29999999999998,94.19999999999999,1402,166.7,78.8,21.06,-15.672,7.43,4.197,46.0,49.7,74.0,1730,1,22.8,0.22
1258,291,6.025,44.7,1,100.2,94.19999999999999,1402,166.6,78.8,21.1,-15.633,7.43,4.197,46.0,49.6,74.0,1730,1,22.7,0.22
1259,292,6.025,44.62,1,100.2,94.19999999999999,1401,166.5,78.8,21.12,-15.602,7.434,4.197,46.0,49.5,74.0,1730,1,22.6,0.21
1260,292,6.025,44.62,1,100.2,94.19999999999999,1400,166.5,79.0,20.89,-15.57,7.434,4.197,46.0,49.4,74.0,1730,1,22.6,0.21
1261,292,6.025,44.57,1,100.0,94.0,1400,166.4,78.9,20.45,-15.547,7.434,4.197,46.0,49.2,74.0,1730,1,22.4,0.21
1262,293,6.025,44.59,1,99.8,94.0,1399,166.4,78.9,20.4,-15.531,7.434,4.197,45.0,49.1,74.0,1730,1,22.4,0.21
1263,293,6.025,44.68,1,99.8,94.0,1397,166.4,79.0,20.41,-15.508,7.438,4.197,45.0,49.0,74.0,1730,1,22.3,0.21
1264,294,6.025,44.65,1,99.7,93.89999999999999,1396,166.4,78.9,20.46,-15.492,7.438,4.197,45.0,48.8,74.0,1730,1,22.2,0.21
1265,294,6.0,44.6,1,99.8,94.0,1395,166.4,78.7,20.46,-15.484,7.441,4.197,45.0,48.7,74.0,1730,1,22.1,0.22
1266,295,6.0,44.54,1,99.8,94.0,1395,166.5,78.8,20.43,-15.461,7.441,4.197,45.0,48.6,74.0,1730,1,22.0,0.21
1267,295,6.0,44.67,1,99.8,94.0,1395,166.6,78.6,20.39,-15.445,7.445,4.197,45.0,48.5,74.0,1730,1,21.9,0.21
1268,295,6.0,44.64,1,99.7,94.0,1395,166.5,78.8,20.44,-15.414,7.445,4.197,45.0,48.3,74.0,1730,1,21.8,0.21
1269,295,6.0,44.59,1,99.7,94.0,1395,166.7,78.7,20.42,-15.383,7.449,4.197,45.0,48.2,74.0,1730,1,21.8,0.22
1270,296,6.0,44.66,1,99.7,94.0,1394,166.6,78.5,20.42,-15.352,7.449,4.197,45.0,48.0,74.0,1730,1,21.7,0.2
1271,296,6.025,44.65,1,99.7,94.0,1394,166.6,78.6,20.46,-15.312,7.449,4.197,45.0,47.9,74.0,1730,1,21.6,0.21
1272,296,6.025,44.75,1,99.7,94.0,1394,166.5,78.8,20.4,-15.273,7.449,4.197,44.0,47.8,74.0,1730,1,21.5,0.22
1273,296,6.025,44.62,1,99.7,94.0,1395,166.5,78.9,20.6,-15.234,7.453,4.197,44.0,47.7,74.0,1730,1,21.5,0.22
1274,297,6.0,44.64,1,99.9,94.19999999999999,1394,166.4,78.9,21.2,-15.203,7.453,4.197,44.0,47.6,74.0,1730,1,21.4,0.22
1275,297,6.0,44.68,1,100.0,94.19999999999999,1396,166.4,78.8,21.25,-15.164,7.453,4.197,44.0,47.5,74.0,1730,1,21.3,0.22
1276,297,6.0,44.77,1,100.0,94.1,1397,166.4,78.9,21.32,-15.133,7.457,4.197,44.0,47.3,73.0,1730,1,21.2,0.2
1277,298,6.0,44.75,1,100.0,94.19999999999999,1398,166.5,79.0,21.27,-15.102,7.461,4.197,44.0,47.2,74.0,1730,1,21.1,0.2
1278,298,6.0,44.83,1,100.0,94.19999999999999,1399,166.5,79.0,21.31,-15.07,7.461,4.197,44.0,47.1,73.0,1730,1,21.1,0.21
1279,298,6.0,44.75,1,100.0,94.1,1400,166.6,78.9,21.29,-15.039,7.465,4.197,43.0,47.0,74.0,1730,1,21.0,0.2
1280,298,6.0,44.73,1,100.0,94.19999999999999,1399,166.5,78.8,21.32,-15.016,7.465,4.197,43.0,46.9,74.0,1730,1,20.9,0.2
1281,299,6.0,44.68,1,100.0,94.19999999999999,1400,166.5,79.0,21.35,-14.992,7.465,4.197,43.0,46.8,73.0,1730,1,20.8,0.2
1282,299,6.0,44.64,1,100.0,94.1,1399,166.4,78.9,21.39,-14.969,7.469,4.197,43.0,46.7,74.0,1730,1,20.7,0.2
1283,299,6.0,44.71,1,100.0,94.19999999999999,1400,166.2,79.1,21.39,-14.945,7.469,4.197,43.0,46.6,74.0,1730,1,20.6,0.2
1284,299,6.0,44.7,1,100.0,94.19999999999999,1399,166.2,78.9,21.46,-14.922,7.469,4.197,43.0,46.5,73.0,1730,1,20.6,0.2
1285,299,6.0,44.73,1,100.0,94.19999999999999,1399,166.3,79.0,21.45,-14.898,7.469,4.197,43.0,46.4,74.0,1730,1,20.5,0.2
1286,300,6.025,44.65,1,100.0,94.1,1400,166.2,78.9,21.43,-14.875,7.469,4.197,43.0,46.3,73.0,1730,1,20.4,0.21
1287,300,6.025,44.72,1,100.0,94.1,1400,166.2,79.0,21.44,-14.859,7.473,4.197,43.0,46.2,73.0,1730,1,20.3,0.2
1288,300,6.0,44.72,1,100.0,94.19999999999999,1400,166.2,79.0,21.5,-14.836,7.473,4.197,43.0,46.2,73.0,1730,1,20.3,0.2
1289,300,6.0,44.71,1,100.0,94.1,1400,166.4,79.0,21.55,-14.812,7.473,4.197,43.0,46.1,73.0,1730,1,20.2,0.2
1290,300,6.0,44.73,1,100.0,94.1,1400,166.3,78.9,21.64,-14.797,7.477,4.197,43.0,46.0,73.0,1730,1,20.1,0.19
1291,301,6.0,44.79,1,100.0,94.1,1399,166.1,79.0,21.82,-14.781,7.477,4.197,43.0,45.9,73.0,1729,1,20.1,0.18
1292,301,6.0,44.71,1,100.0,94.19999999999999,1399,166.3,79.0,21.97,-14.766,7.477,4.197,43.0,45.8,73.0,1729,1,20.0,0.19
1293,301,6.0,44.64,1,100.0,94.1,1399,166.3,78.9,21.45,-14.75,7.477,4.197,43.0,45.8,73.0,1729,1,19.9,0.19
1294,301,6.0,44.74,1,99.9,94.1,1399,166.2,78.9,21.25,-14.734,7.48,4.197,42.0,45.7,73.0,1729,1,19.8,0.19
1295,301,6.0,44.71,1,99.9,94.1,1399,166.2,79.0,21.28,-14.711,7.48,4.197,42.0,45.6,73.0,1729,1,19.7,0.2
1296,302,6.0,44.77,1,99.9,94.1,1398,166.4,78.8,21.21,-14.688,7.48,4.197,42.0,45.5,73.0,1729,1,19.7,0.21
1297,302,6.0,44.69,1,100.0,94.19999999999999,1399,166.4,79.1,21.21,-14.672,7.484,4.197,42.0,45.5,73.0,1729,1,19.6,0.2
1298,302,6.0,44.7,1,99.9,94.1,1399,166.4,78.9,21.22,-14.648,7.484,4.197,42.0,45.4,73.0,1729,1,19.5,0.2
1299,302,6.0,44.71,1,99.9,94.1,1400,166.2,78.9,21.25,-14.633,7.484,4.197,42.0,45.3,73.0,1729,1,19.5,0.2
1300,302,6.0,44.76,1,99.9,94.19999999999999,1400,166.0,78.9,21.18,-14.602,7.484,4.197,42.0,45.3,73.0,1729,1,19.4,0.2
1301,302,6.0,44.7,1,99.9,94.1,1400,165.9,78.9,21.24,-14.578,7.484,4.197,42.0,45.2,73.0,1729,1,19.3,0.18
1302,302,6.0,44.69,1,99.9,94.19999999999999,1399,166.1,78.8,21.23,-14.562,7.484,4.197,42.0,45.1,73.0,1729,1,19.2,0.2
1303,302,6.0,44.7,1,99.9,94.1,1399,166.0,78.9,21.2,-14.539,7.488,4.197,42.0,45.1,73.0,1729,1,19.2,0.19
1304,303,6.0,44.71,1,99.9,94.1,1399,166.2,79.0,21.25,-14.523,7.488,4.197,42.0,45.0,73.0,1729,1,19.1,0.2
1305,303,6.0,44.76,1,99.9,94.1,1399,166.2,78.9,21.23,-14.5,7.488,4.197,42.0,45.0,73.0,1729,1,19.0,0.2
1306,303,6.0,44.69,1,99.9,94.19999999999999,1399,166.2,78.9,21.22,-14.484,7.492,4.197,42.0,44.9,73.0,1729,1,18.9,0.2
1307,303,6.0,44.73,1,99.9,94.1,1399,166.1,78.8,21.28,-14.469,7.492,4.197,42.0,44.8,73.0,1729,1,18.9,0.2
1308,303,6.0,44.7,1,99.9,94.1,1399,166.1,78.8,21.18,-14.453,7.492,4.197,41.0,44.8,73.0,1729,1,18.8,0.21
1309,303,6.0,44.72,1,99.9,94.1,1399,166.0,78.8,21.24,-14.438,7.496,4.197,41.0,44.7,73.0,1729,1,18.8,0.21
1310,303,6.0,44.73,1,99.9,94.1,1398,166.2,78.9,21.21,-14.422,7.496,4.197,41.0,44.7,73.0,1729,1,18.7,0.2
1311,303,6.025,44.86,1,99.9,94.19999999999999,1398,166.2,79.0,21.23,-14.406,7.496,4.197,41.0,44.6,73.0,1729,1,18.6,0.19
1312,303,6.0,44.72,1,99.9,94.1,1398,166.2,78.9,21.24,-14.391,7.496,4.197,41.0,44.6,73.0,1729,1,18.6,0.19
1313,304,6.0,44.8,1,99.9,94.1,1399,166.1,79.1,21.24,-14.383,7.496,4.197,41.0,44.5,73.0,1729,1,18.5,0.21
1314,304,6.0,44.73,1,99.9,94.1,1399,166.2,78.9,21.23,-14.367,7.496,4.197,41.0,44.5,73.0,1729,1,18.4,0.19
1315,304,6.0,44.72,1,99.9,94.1,1398,166.1,78.9,21.26,-14.359,7.496,4.197,41.0,44.4,73.0,1729,1,18.3,0.2
1316,304,6.0,44.7,1,99.9,94.1,1398,166.1,78.9,21.17,-14.344,7.5,4.197,41.0,44.4,73.0,1729,1,18.3,0.2
1317,304,6.0,44.76,1,99.8,94.1,1398,166.0,78.9,21.02,-14.328,7.5,4.197,41.0,44.3,73.0,1729,1,18.2,0.2
1318,304,6.0,44.73,1,99.9,94.1,1398,166.0,78.9,20.97,-14.312,7.5,4.197,41.0,44.3,73.0,1729,1,18.1,0.19
1319,304,6.0,44.7,1,99.8,94.1,1399,166.1,79.0,20.98,-14.297,7.5,4.197,41.0,44.2,73.0,1729,1,18.1,0.2
1320,304,6.0,44.85,1,99.8,94.1,1398,166.1,78.8,21.0,-14.289,7.5,4.197,41.0,44.2,73.0,1728,1,18.0,0.2
1321,304,6.0,44.66,1,99.8,94.1,1398,166.1,78.8,20.98,-14.281,7.5,4.197,41.0,44.1,73.0,1728,1,18.0,0.19
1322,305,6.0,44.74,1,99.8,94.1,1398,165.9,78.9,20.98,-14.273,7.5,4.196,41.0,44.1,73.0,1728,1,17.9,0.2
1323,305,6.0,44.79,1,99.8,94.1,1397,165.9,78.8,20.96,-14.266,7.504,4.197,41.0,44.0,73.0,1728,1,17.8,0.2
1324,305,6.0,44.67,1,99.8,94.1,1398,165.8,79.2,20.98,-14.258,7.504,4.197,41.0,44.0,73.0,1728,1,17.8,0.2
1325,305,6.0,44.73,1,99.8,94.1,1398,165.9,79.0,20.98,-14.25,7.504,4.197,41.0,43.9,73.0,1728,1,17.7,0.21
1326,305,6.0,44.77,1,99.8,94.1,1397,166.0,78.8,20.98,-14.242,7.504,4.197,41.0,43.9,73.0,1728,1,17.7,0.2
1327,305,6.0,44.8,1,99.8,94.1,1398,166.1,79.0,21.0,-14.234,7.504,4.197,41.0,43.9,73.0,1728,1,17.6,0.2
1328,305,6.0,44.7,1,99.8,94.1,1397,166.3,78.9,20.99,-14.234,7.504,4.197,41.0,43.8,73.0,1728,1,17.5,0.2
1329,305,6.0,44.66,1,99.8,94.1,1398,166.3,78.6,21.0,-14.227,7.504,4.197,41.0,43.8,73.0,1728,1,17.5,0.19
1330,305,6.025,44.72,1,99.8,94.1,1398,166.2,79.1,20.98,-14.219,7.504,4.197,41.0,43.7,73.0,1728,1,17.4,0.19
1331,305,6.0,44.86,1,99.8,94.1,1398,166.0,78.9,20.96,-14.203,7.508,4.196,40.0,43.7,73.0,1728,1,17.4,0.2
1332,306,6.0,44.78,1,99.8,94.1,1398,165.9,78.8,21.06,-14.195,7.508,4.197,40.0,43.7,73.0,1728,1,17.3,0.2
1333,306,6.0,44.71,1,99.8,94.1,1398,165.8,78.9,21.03,-14.18,7.508,4.197,40.0,43.6,73.0,1728,1,17.2,0.2
1334,306,6.0,44.77,1,99.8,94.1,1398,165.8,78.8,21.01,-14.164,7.512,4.197,40.0,43.6,73.0,1728,1,17.2,0.19
1335,306,6.0,44.77,1,99.8,94.1,1397,165.9,78.7,21.02,-14.156,7.512,4.196,41.0,43.6,73.0,1728,1,17.1,0.19
1336,306,6.0,44.69,1,99.8,94.1,1397,165.9,78.9,20.99,-14.148,7.512,4.197,40.0,43.5,73.0,1728,1,17.1,0.19
1337,306,6.0,44.76,1,99.8,94.1,1398,166.0,78.9,20.97,-14.133,7.516,4.197,40.0,43.5,73.0,1728,1,17.0,0.18
1338,306,6.0,44.84,1,99.8,94.1,1398,166.1,79.0,21.02,-14.125,7.516,4.196,40.0,43.4,73.0,1728,1,17.0,0.2
1339,306,6.0,44.8,1,99.8,94.1,1398,166.0,78.9,21.0,-14.117,7.516,4.197,40.0,43.4,73.0,1728,1,16.9,0.19
1340,306,6.0,44.8,1,99.8,94.1,1398,166.0,78.8,21.04,-14.117,7.516,4.197,40.0,43.4,73.0,1728,1,16.9,0.19
1341,306,6.0,44.76,1,99.8,94.1,1398,165.8,78.8,20.98,-14.102,7.516,4.197,40.0,43.3,73.0,1728,1,16.8,0.19
1342,306,6.0,44.67,1,99.8,94.1,1398,165.8,78.8,20.99,-14.094,7.516,4.197,40.0,43.3,73.0,1728,1,16.7,0.19
1343,306,6.0,44.68,1,99.8,94.1,1398,165.8,78.8,20.99,-14.086,7.52,4.197,40.0,43.2,73.0,1728,1,16.7,0.19
1344,307,6.0,44.75,1,99.8,94.1,1398,165.7,79.0,21.01,-14.086,7.52,4.197,40.0,43.2,73.0,1727,1,16.6,0.19
1345,307,6.0,44.83,1,99.7,94.1,1398,165.8,78.9,20.95,-14.07,7.52,4.197,40.0,43.2,73.0,1727,1,16.6,0.2
1346,307,6.0,44.71,1,99.8,94.1,1396,165.8,78.8,21.02,-14.062,7.52,4.197,40.0,43.2,73.0,1727,1,16.5,0.2
1347,307,6.0,44.79,1,99.8,94.1,1397,165.9,78.8,20.99,-14.055,7.52,4.197,40.0,43.1,73.0,1727,1,16.5,0.2
1348,307,6.0,44.86,1,99.7,94.1,1397,166.1,78.9,21.01,-14.062,7.52,4.197,40.0,43.1,73.0,1727,1,16.4,0.19
1349,307,6.0,44.76,1,99.8,94.1,1396,166.1,79.0,20.96,-14.062,7.52,4.197,40.0,43.1,73.0,1727,1,16.4,0.2
1350,307,6.0,44.7,1,99.8,94.1,1397,166.1,78.7,21.0,-14.055,7.52,4.197,40.0,43.0,73.0,1727,1,16.3,0.19
1351,307,6.0,44.77,1,99.8,94.1,1396,165.9,78.8,20.97,-14.055,7.52,4.197,40.0,43.0,73.0,1727,1,16.3,0.19
1352,307,6.0,44.82,1,99.7,94.1,1397,165.8,78.7,20.98,-14.047,7.52,4.197,40.0,43.0,73.0,1727,1,16.2,0.19
1353,307,6.0,44.82,1,99.8,94.1,1397,165.8,78.7,21.0,-14.047,7.52,4.197,40.0,42.9,73.0,1727,1,16.2,0.19
1354,307,6.0,44.8,1,99.8,94.1,1397,165.8,78.9,21.02,-14.031,7.52,4.197,40.0,42.9,73.0,1727,1,16.1,0.19
1355,307,6.0,44.8,1,99.7,94.1,1397,165.7,78.8,21.04,-14.031,7.52,4.197,40.0,42.9,73.0,1727,1,16.1,0.2
1356,307,6.0,44.75,1,99.8,94.1,1397,165.6,79.0,21.03,-14.023,7.52,4.196,40.0,42.8,73.0,1727,1,16.0,0.19
1357,307,6.0,44.74,1,99.8,94.1,1397,165.6,78.8,21.01,-14.016,7.52,4.197,40.0,42.8,73.0,1727,1,16.0,0.19
1358,307,6.0,44.74,1,99.8,94.1,1396,165.5,78.8,20.97,-14.016,7.52,4.197,40.0,42.8,73.0,1727,1,15.9,0.19
1359,307,6.0,44.71,1,99.7,94.1,1396,165.7,78.8,21.01,-14.008,7.52,4.197,40.0,42.8,73.0,1727,1,15.9,0.19
1360,307,6.0,44.72,1,99.8,94.1,1397,165.8,78.7,20.99,-14.0,7.52,4.197,40.0,42.7,73.0,1727,1,15.8,0.2
1361,307,6.0,44.85,1,99.8,94.1,1397,165.8,78.7,20.96,-13.992,7.52,4.197,40.0,42.7,73.0,1727,1,15.8,0.19
1362,307,6.0,44.76,1,99.8,94.1,1397,165.7,78.8,21.01,-13.977,7.52,4.197,40.0,42.7,73.0,1727,1,15.7,0.2
1363,307,6.0,44.72,1,99.8,94.1,1397,165.6,78.7,21.0,-13.969,7.52,4.197,40.0,42.6,73.0,1727,1,15.7,0.2
1364,307,6.0,44.78,1,99.7,94.1,1397,165.5,78.8,21.0,-13.961,7.52,4.196,40.0,42.6,73.0,1727,1,15.6,0.19
1365,307,6.0,44.73,1,99.7,94.1,1397,165.6,78.7,21.02,-13.961,7.52,4.196,40.0,42.6,73.0,1726,1,15.6,0.19
1366,307,6.0,44.75,1,99.7,94.1,1397,165.4,78.8,21.01,-13.945,7.52,4.197,40.0,42.6,73.0,1726,1,15.5,0.2
1367,308,6.0,44.73,1,99.7,94.1,1396,165.5,78.9,21.02,-13.938,7.52,4.197,40.0,42.5,73.0,1726,1,15.5,0.21
1368,308,6.0,44.76,1,99.8,94.1,1396,165.5,79.1,21.0,-13.938,7.52,4.197,40.0,42.5,73.0,1726,1,15.4,0.2
1369,308,6.0,44.73,1,99.8,94.1,1396,165.4,79.0,20.98,-13.938,7.52,4.197,40.0,42.5,73.0,1726,1,15.4,0.19
1370,308,6.0,44.77,1,99.7,94.1,1396,165.4,78.9,21.0,-13.938,7.52,4.197,40.0,42.4,73.0,1726,1,15.4,0.2
1371,308,6.0,44.76,1,99.7,94.1,1397,165.4,78.8,21.02,-13.93,7.52,4.197,40.0,42.4,73.0,1726,1,15.3,0.2
1372,308,6.0,44.77,1,99.7,94.1,1396,165.4,78.7,21.04,-13.938,7.52,4.197,40.0,42.4,73.0,1726,1,15.3,0.21
1373,308,6.0,44.74,1,99.7,94.1,1397,165.3,79.0,21.02,-13.93,7.52,4.196,40.0,42.4,73.0,1726,1,15.2,0.2
1374,308,6.0,44.77,1,99.8,94.1,1396,165.3,78.8,21.02,-13.93,7.52,4.196,40.0,42.3,73.0,1726,1,15.2,0.2
1375,308,6.0,44.68,1,99.7,94.1,1397,165.3,78.8,21.05,-13.93,7.516,4.197,40.0,42.3,73.0,1726,1,15.1,0.19
1376,308,6.0,44.84,1,99.7,94.1,1396,165.4,78.9,21.02,-13.93,7.52,4.197,40.0,42.3,73.0,1726,1,15.1,0.2
1377,308,6.0,44.74,1,99.7,94.1,1397,165.3,78.9,21.0,-13.938,7.52,4.196,40.0,42.3,73.0,1726,1,15.1,0.19
1378,308,6.0,44.71,1,99.7,94.1,1397,165.4,78.9,21.04,-13.938,7.52,4.196,40.0,42.2,73.0,1726,1,15.0,0.19
1379,308,6.0,44.78,1,99.7,94.1,1396,165.4,78.9,21.04,-13.938,7.52,4.197,40.0,42.2,73.0,1726,1,15.0,0.19
1380,308,6.0,44.77,1,99.8,94.1,1397,165.4,78.8,20.99,-13.93,7.52,4.197,39.0,42.2,73.0,1726,1,14.9,0.2
1381,308,6.0,44.71,1,99.7,94.1,1397,165.4,78.8,20.99,-13.938,7.52,4.197,39.0,42.2,73.0,1726,1,14.9,0.2
1382,308,6.0,44.73,1,99.7,94.1,1397,165.4,79.0,21.01,-13.93,7.52,4.197,40.0,42.1,73.0,1726,1,14.8,0.19
1383,308,6.0,44.79,1,99.7,94.1,1397,165.4,78.8,21.0,-13.93,7.52,4.197,39.0,42.1,73.0,1726,1,14.8,0.2
1384,308,6.0,44.81,1,99.7,94.1,1397,165.3,79.0,21.04,-13.93,7.516,4.197,40.0,42.1,73.0,1725,1,14.8,0.19
1385,308,6.0,44.75,1,99.8,94.1,1397,165.3,79.0,21.03,-13.922,7.52,4.196,39.0,42.1,73.0,1725,1,14.7,0.2
1386,308,6.0,44.81,1,99.7,94.1,1397,165.5,79.1,21.03,-13.914,7.52,4.197,39.0,42.0,73.0,1725,1,14.7,0.2
1387,308,6.0,44.82,1,99.7,94.1,1397,165.4,78.9,21.08,-13.906,7.52,4.197,39.0,42.0,73.0,1725,1,14.6,0.2
1388,308,6.0,44.75,1,99.7,94.1,1397,165.3,78.9,20.98,-13.906,7.52,4.197,40.0,42.0,73.0,1725,1,14.6,0.19
1389,308,6.0,44.7,1,99.7,94.1,1397,165.4,78.6,21.01,-13.898,7.52,4.197,39.0,42.0,73.0,1725,1,14.5,0.21
1390,308,6.0,44.72,1,99.7,94.1,1396,165.4,78.8,21.04,-13.891,7.52,4.197,39.0,42.0,73.0,1725,1,14.5,0.2
1391,308,6.0,44.74,1,99.7,94.1,1396,165.5,78.8,21.02,-13.891,7.52,4.197,39.0,41.9,73.0,1725,1,14.5,0.2
1392,308,6.0,44.73,1,99.7,94.1,1396,165.6,78.7,21.0,-13.891,7.52,4.197,39.0,41.9,73.0,1725,1,14.4,0.21
1393,309,6.0,44.79,1,99.7,94.1,1396,165.5,78.8,21.01,-13.891,7.52,4.196,39.0,41.9,73.0,1725,1,14.4,0.2
1394,309,6.0,44.74,1,99.7,94.1,1396,165.5,78.9,20.99,-13.891,7.52,4.196,39.0,41.9,73.0,1725,1,14.3,0.2
1395,309,6.0,44.75,1,99.7,94.1,1396,165.3,79.0,21.02,-13.883,7.52,4.196,39.0,41.9,73.0,1725,1,14.3,0.2
1396,309,6.0,44.76,1,99.7,94.1,1396,165.3,79.2,21.02,-13.875,7.52,4.196,39.0,41.8,73.0,1725,1,14.3,0.2
1397,309,6.0,44.71,1,99.7,94.1,1396,165.4,79.1,21.04,-13.875,7.52,4.197,40.0,41.8,73.0,1725,1,14.2,0.19
1398,309,6.0,44.78,1,99.7,94.1,1396,165.6,79.1,21.04,-13.875,7.523,4.196,39.0,41.8,73.0,1725,1,14.2,0.19
1399,309,6.0,44.75,1,99.8,94.1,1396,165.7,79.0,21.0,-13.867,7.523,4.196,39.0,41.8,73.0,1725,1,14.2,0.19
1400,309,6.0,44.71,1,99.7,94.1,1397,165.6,78.9,21.04,-13.867,7.523,4.196,39.0,41.7,73.0,1725,1,14.1,0.21
1401,309,6.0,44.77,1,99.7,94.1,1397,165.5,78.9,20.99,-13.859,7.523,4.197,39.0,41.7,73.0,1725,1,14.1,0.2
1402,309,6.0,44.72,1,99.7,94.1,1396,165.5,78.9,21.02,-13.859,7.523,4.196,39.0,41.7,73.0,1724,1,14.0,0.18
1403,309,6.0,44.77,1,99.7,94.1,1396,165.5,78.8,21.03,-13.859,7.523,4.197,39.0,41.7,73.0,1724,1,14.0,0.19
1404,309,6.0,44.76,1,99.7,94.1,1396,165.3,78.9,21.01,-13.859,7.523,4.196,39.0,41.7,73.0,1724,1,14.0,0.19
1405,309,6.0,44.74,1,99.7,94.1,1397,165.2,78.9,21.01,-13.859,7.527,4.197,39.0,41.6,73.0,1724,1,13.9,0.2
1406,309,6.0,44.9,1,99.7,94.1,1397,165.2,78.8,21.03,-13.852,7.527,4.197,39.0,41.6,73.0,1724,1,13.9,0.19
1407,309,6.0,44.82,1,99.7,94.1,1397,165.3,78.9,21.06,-13.852,7.527,4.196,39.0,41.6,73.0,1724,1,13.9,0.2
1408,309,6.0,44.74,1,99.7,94.1,1397,165.4,78.9,21.04,-13.844,7.527,4.197,39.0,41.6,73.0,1724,1,13.8,0.2
1409,309,6.0,44.77,1,99.7,94.1,1397,165.6,78.7,21.05,-13.836,7.527,4.197,39.0,41.5,73.0,1724,1,13.8,0.2
1410,309,6.0,44.74,1,99.7,94.1,1396,165.6,79.0,21.03,-13.828,7.523,4.196,39.0,41.5,73.0,1724,1,13.8,0.2
1411,309,6.0,44.81,1,99.7,94.1,1397,165.5,78.9,20.96,-13.82,7.527,4.196,39.0,41.5,73.0,1724,1,13.7,0.2
1412,309,6.0,44.84,1,99.7,94.1,1396,165.4,78.8,21.01,-13.82,7.527,4.196,39.0,41.5,73.0,1724,1,13.7,0.19
1413,309,6.0,44.87,1,99.7,94.1,1396,165.4,79.1,21.0,-13.812,7.527,4.197,39.0,41.5,73.0,1724,1,13.7,0.2
1414,309,6.0,44.73,1,99.7,94.1,1396,165.5,79.1,21.05,-13.797,7.527,4.197,39.0,41.5,73.0,1724,1,13.6,0.2
1415,309,6.0,44.75,1,99.7,94.1,1396,165.6,78.9,21.02,-13.789,7.527,4.196,39.0,41.4,73.0,1724,1,13.6,0.2
1416,309,6.0,44.74,1,99.7,94.1,1397,165.5,78.8,21.05,-13.781,7.527,4.197,39.0,41.4,73.0,1724,1,13.6,0.2
1417,309,6.0,44.71,1,99.7,94.1,1397,165.4,79.0,21.02,-13.773,7.527,4.197,39.0,41.4,73.0,1724,1,13.5,0.19
1418,309,6.0,44.79,1,99.7,94.1,1397,165.4,79.2,21.0,-13.766,7.527,4.196,39.0,41.4,73.0,1724,1,13.5,0.2
1419,309,6.0,44.75,1,99.7,94.1,1396,165.3,79.0,21.03,-13.758,7.527,4.197,39.0,41.4,73.0,1723,1,13.5,0.2
1420,309,6.0,44.74,1,99.7,94.1,1396,165.5,78.8,20.99,-13.758,7.527,4.196,39.0,41.3,73.0,1723,1,13.4,0.2
1421,309,6.0,44.72,1,99.7,94.1,1396,165.5,79.0,20.98,-13.742,7.527,4.197,39.0,41.3,73.0,1723,1,13.4,0.21
1422,309,6.0,44.83,1,99.7,94.1,1396,165.3,78.9,21.0,-13.742,7.527,4.196,39.0,41.3,73.0,1723,1,13.4,0.21
1423,309,6.0,44.77,1,99.7,94.1,1397,165.2,78.9,21.03,-13.734,7.523,4.196,39.0,41.3,73.0,1723,1,13.3,0.21
1424,309,6.0,44.74,1,99.7,94.1,1397,165.1,79.1,21.04,-13.727,7.523,4.197,39.0,41.3,73.0,1723,1,13.3,0.22
1425,309,6.0,44.7,1,99.7,94.1,1397,165.1,79.1,21.05,-13.719,7.523,4.196,39.0,41.3,73.0,1723,1,13.2,0.2
1426,309,6.0,44.81,1,99.7,94.1,1398,165.2,79.1,21.01,-13.719,7.523,4.196,39.0,41.3,73.0,1723,1,13.2,0.21
1427,309,6.0,44.81,1,99.7,94.1,1398,165.3,79.1,21.06,-13.711,7.523,4.197,39.0,41.2,73.0,1723,1,13.2,0.2
1428,309,6.0,44.73,1,99.7,94.1,1397,165.6,79.0,21.04,-13.703,7.523,4.197,39.0,41.2,73.0,1723,1,13.2,0.2
1429,309,6.0,44.85,1,99.7,94.1,1397,165.6,78.9,21.04,-13.695,7.523,4.196,39.0,41.2,73.0,1723,1,13.1,0.2
1430,309,6.0,44.74,1,99.7,94.1,1397,165.4,78.9,21.01,-13.695,7.523,4.197,39.0,41.2,73.0,1723,1,13.1,0.22
1431,309,6.0,44.72,1,99.7,94.1,1397,165.4,78.8,20.99,-13.688,7.523,4.196,39.0,41.2,73.0,1723,1,13.1,0.21
1432,309,6.0,44.65,1,99.6,94.1,1397,165.3,78.9,21.01,-13.68,7.523,4.196,39.0,41.1,73.0,1723,1,13.0,0.22
1433,309,6.0,44.77,1,99.6,94.1,1397,165.4,78.9,21.04,-13.672,7.523,4.197,39.0,41.1,73.0,1723,1,13.0,0.21
1434,309,6.0,44.74,1,99.6,94.1,1397,165.5,78.8,21.0,-13.672,7.523,4.196,39.0,41.1,73.0,1723,1,13.0,0.2
1435,309,6.0,44.74,1,99.6,94.1,1397,165.5,78.9,21.05,-13.664,7.523,4.196,38.0,41.1,73.0,1722,1,13.0,0.21
1436,309,6.0,44.87,1,99.6,94.1,1396,165.5,79.0,21.04,-13.656,7.523,4.196,39.0,41.0,73.0,1722,1,12.9,0.2
1437,309,6.0,44.77,1,99.6,94.1,1397,165.5,79.0,21.03,-13.656,7.523,4.196,39.0,41.0,73.0,1722,1,12.9,0.2
1438,309,6.0,44.76,1,99.6,94.1,1397,165.7,78.8,20.99,-13.648,7.523,4.196,39.0,41.0,73.0,1722,1,12.9,0.2
1439,309,6.0,44.75,1,99.6,94.1,1397,165.6,78.7,21.02,-13.633,7.523,4.197,39.0,41.0,73.0,1722,1,12.8,0.2
1440,309,6.0,44.72,1,99.6,94.1,1397,165.7,79.0,21.04,-13.625,7.523,4.197,38.0,40.9,73.0,1722,1,12.8,0.21
1441,309,6.0,44.82,1,99.6,94.1,1397,165.7,78.8,21.03,-13.617,7.523,4.196,38.0,40.9,73.0,1722,1,12.8,0.2
1442,309,6.0,44.81,1,99.6,94.1,1397,165.7,79.0,21.03,-13.617,7.523,4.196,38.0,40.9,73.0,1722,1,12.8,0.2
1443,309,6.0,44.8,1,99.6,94.1,1396,165.6,78.8,21.02,-13.625,7.523,4.196,38.0,40.9,73.0,1722,1,12.7,0.2
1444,309,6.0,44.71,1,99.6,94.1,1396,165.5,78.6,21.05,-13.625,7.523,4.196,38.0,40.8,73.0,1722,1,12.7,0.2
1445,309,6.0,44.71,1,99.6,94.1,1396,165.6,78.9,21.02,-13.633,7.523,4.196,39.0,40.8,73.0,1722,1,12.7,0.21
1446,309,6.0,44.77,1,99.7,94.1,1396,165.7,79.0,21.05,-13.641,7.523,4.196,38.0,40.8,73.0,1722,1,12.6,0.2
1447,310,6.0,44.75,1,99.6,94.1,1396,165.4,78.8,21.01,-13.648,7.523,4.196,38.0,40.7,73.0,1722,1,12.6,0.2
1448,309,6.0,44.73,1,99.7,94.1,1396,165.4,78.9,21.05,-13.648,7.523,4.196,38.0,40.7,73.0,1722,1,12.6,0.2
1449,309,6.0,44.87,1,99.6,94.1,1396,165.5,79.0,21.03,-13.656,7.523,4.197,38.0,40.7,73.0,1722,1,12.6,0.21
1450,309,6.0,44.73,1,99.7,94.1,1396,165.7,78.9,21.03,-13.656,7.523,4.197,38.0,40.7,73.0,1722,1,12.6,0.2
1451,309,6.0,44.75,1,99.6,94.1,1396,165.6,79.0,21.03,-13.664,7.523,4.197,38.0,40.6,73.0,1721,1,12.5,0.19
1452,309,6.0,44.68,1,99.6,94.1,1395,165.5,78.9,21.04,-13.672,7.523,4.197,38.0,40.6,73.0,1721,1,12.5,0.2
1453,309,6.0,44.82,1,99.6,94.0,1396,165.5,78.8,21.03,-13.672,7.523,4.196,38.0,40.6,73.0,1721,1,12.5,0.2
1454,309,6.0,44.84,1,99.6,94.1,1396,165.6,78.8,21.03,-13.68,7.523,4.196,38.0,40.5,73.0,1721,1,12.5,0.2
1455,309,6.0,44.75,1,99.6,94.1,1396,165.5,79.0,21.0,-13.672,7.523,4.196,38.0,40.5,73.0,1721,1,12.4,0.2
1456,309,6.0,44.85,1,99.6,94.1,1396,165.5,79.0,21.05,-13.664,7.523,4.196,38.0,40.5,73.0,1721,1,12.4,0.19
1457,309,6.0,44.91,1,99.7,94.1,1397,165.5,78.8,21.05,-13.648,7.527,4.196,38.0,40.5,73.0,1721,1,12.4,0.2
1458,309,6.0,44.71,1,99.6,94.1,1397,165.4,78.8,21.03,-13.625,7.527,4.196,38.0,40.4,72.0,1721,1,12.3,0.2
1459,309,6.0,44.67,1,99.6,94.1,1397,165.3,78.7,21.01,-13.609,7.527,4.196,38.0,40.4,73.0,1721,1,12.3,0.19
1460,309,6.0,44.84,1,99.6,94.1,1397,165.4,78.8,21.05,-13.594,7.527,4.197,38.0,40.4,72.0,1721,1,12.3,0.19
1461,309,6.0,44.82,1,99.6,94.1,1396,165.4,78.9,21.02,-13.578,7.527,4.196,38.0,40.3,72.0,1721,1,12.3,0.2
1462,309,6.0,44.71,1,99.6,94.1,1397,165.3,79.0,21.07,-13.562,7.527,4.196,38.0,40.3,72.0,1721,1,12.2,0.2
1463,309,6.0,44.77,1,99.6,94.1,1396,165.2,78.9,21.06,-13.547,7.527,4.196,38.0,40.3,72.0,1721,1,12.2,0.2
1464,309,6.0,44.74,1,99.6,94.1,1397,165.3,78.7,21.04,-13.531,7.527,4.196,37.0,40.3,72.0,1721,1,12.2,0.19
1465,309,6.0,44.73,1,99.6,94.1,1397,165.3,78.7,21.04,-13.516,7.527,4.196,38.0,40.3,72.0,1721,1,12.2,0.2
1466,309,6.0,44.8,1,99.6,94.1,1396,165.3,78.8,21.04,-13.5,7.527,4.196,37.0,40.3,72.0,1721,1,12.2,0.2
1467,309,6.0,44.75,1,99.5,94.0,1396,165.2,78.8,21.02,-13.484,7.527,4.196,38.0,40.2,72.0,1720,1,12.1,0.2
1468,309,6.0,44.73,1,99.6,94.1,1396,165.2,78.8,21.06,-13.477,7.527,4.196,38.0,40.2,72.0,1720,1,12.1,0.2
1469,309,6.0,44.8,1,99.6,94.1,1396,165.4,78.9,21.05,-13.469,7.527,4.196,37.0,40.2,72.0,1720,1,12.1,0.19
1470,309,6.0,44.75,1,99.6,94.1,1396,165.5,78.6,21.04,-13.461,7.527,4.196,37.0,40.2,72.0,1720,1,12.1,0.19
1471,309,6.0,44.72,1,99.6,94.1,1396,165.5,78.7,21.05,-13.453,7.527,4.196,37.0,40.2,72.0,1720,1,12.0,0.2
1472,309,6.0,44.7,1,99.5,94.0,1396,165.5,78.7,20.97,-13.453,7.527,4.196,37.0,40.2,72.0,1720,1,12.0,0.2
1473,309,6.0,44.85,1,99.6,94.1,1396,165.4,78.7,21.03,-13.453,7.527,4.196,38.0,40.1,72.0,1720,1,12.0,0.2
1474,309,6.0,44.71,1,99.6,94.1,1396,165.4,79.0,21.04,-13.461,7.527,4.196,37.0,40.1,72.0,1720,1,12.0,0.21
1475,309,6.0,44.76,1,99.6,94.0,1395,165.2,78.9,21.06,-13.469,7.527,4.196,37.0,40.1,72.0,1720,1,11.9,0.2
1476,309,6.0,44.67,1,99.6,94.1,1395,165.2,78.7,21.06,-13.477,7.531,4.196,37.0,40.1,72.0,1720,1,11.9,0.21
1477,309,6.0,44.82,1,99.6,94.1,1395,165.4,78.9,20.7,-13.492,7.531,4.196,37.0,40.1,72.0,1720,1,11.9,0.2
1478,309,6.0,44.69,1,99.3,93.8,1395,165.5,78.8,19.62,-13.5,7.531,4.196,37.0,40.1,72.0,1720,1,11.9,0.2
1479,309,6.0,44.69,1,98.5,93.4,1391,165.5,78.6,18.78,-13.516,7.531,4.196,37.0,40.0,72.0,1720,1,11.9,0.2
1480,309,6.025,44.7,1,97.89999999999999,93.30000000000001,1384,165.5,78.1,18.68,-13.531,7.531,4.196,37.0,40.0,72.0,1720,1,11.9,0.2
1481,309,6.0,44.7,1,97.8,93.2,1378,165.6,77.8,18.67,-13.539,7.531,4.196,37.0,40.0,72.0,1720,1,11.8,0.2
1482,308,6.0,44.51,1,97.7,93.2,1373,165.5,77.8,18.27,-13.547,7.531,4.196,37.0,40.0,72.0,1719,1,11.8,0.2
1483,308,6.0,44.54,1,97.3,92.9,1370,165.4,77.7,17.54,-13.555,7.531,4.196,37.0,39.9,72.0,1719,1,11.8,0.2
1484,308,6.0,44.57,1,96.89999999999999,92.80000000000001,1365,165.6,77.6,17.45,-13.562,7.531,4.196,38.0,39.9,72.0,1719,1,11.8,0.2
1485,308,6.0,44.52,1,96.7,92.7,1360,165.8,77.6,17.4,-13.57,7.527,4.196,37.0,39.9,72.0,1719,1,11.7,0.2
1486,307,6.0,44.51,1,96.7,92.7,1357,165.9,77.5,17.42,-13.57,7.527,4.196,37.0,39.8,72.0,1719,1,11.7,0.21
1487,307,6.0,44.59,1,96.6,92.7,1354,166.0,77.5,17.39,-13.578,7.523,4.196,37.0,39.8,72.0,1719,1,11.7,0.2
1488,307,6.0,44.63,1,96.7,92.7,1352,166.1,77.3,17.37,-13.586,7.523,4.196,37.0,39.8,72.0,1719,1,11.7,0.21
1489,306,6.0,44.58,1,96.6,92.7,1351,166.4,77.5,17.7,-13.602,7.523,4.196,37.0,39.8,72.0,1719,1,11.7,0.2
1490,306,6.0,44.6,1,97.0,92.9,1351,166.6,77.5,18.79,-13.609,7.523,4.196,37.0,39.7,72.0,1719,1,11.6,0.2
1491,306,6.0,44.69,1,97.8,93.30000000000001,1354,166.8,77.8,19.23,-13.617,7.527,4.196,37.0,39.7,72.0,1719,1,11.6,0.2
1492,306,6.0,44.55,1,98.2,93.4,1361,166.9,78.2,19.29,-13.617,7.527,4.196,37.0,39.7,72.0,1719,1,11.6,0.2
1493,305,6.0,44.56,1,98.2,93.4,1366,166.9,78.2,19.28,-13.617,7.527,4.196,37.0,39.6,72.0,1719,1,11.6,0.21
1494,305,6.0,44.83,1,98.2,93.4,1369,166.8,78.2,19.68,-13.617,7.531,4.196,37.0,39.6,72.0,1719,1,11.6,0.21
1495,305,6.0,44.79,1,98.7,93.7,1371,166.7,78.4,20.43,-13.625,7.531,4.196,37.0,39.6,72.0,1719,1,11.5,0.2
1496,305,6.0,44.82,1,99.1,93.89999999999999,1376,166.7,78.6,20.56,-13.625,7.531,4.196,37.0,39.5,72.0,1719,1,11.5,0.2
1497,305,6.0,44.86,1,99.3,93.89999999999999,1381,166.8,78.8,20.54,-13.625,7.535,4.196,37.0,39.5,72.0,1718,1,11.5,0.19
1498,305,6.0,44.76,1,99.3,93.89999999999999,1384,166.8,78.9,20.69,-13.633,7.535,4.196,37.0,39.5,72.0,1718,1,11.5,0.19
1499,305,6.0,44.88,1,99.5,94.0,1386,166.5,78.8,20.87,-13.641,7.535,4.196,37.0,39.4,72.0,1718,1,11.5,0.19
1500,304,6.0,44.85,1,99.6,94.1,1389,166.4,78.9,20.93,-13.641,7.535,4.196,37.0,39.4,72.0,1718,1,11.5,0.2
1501,304,6.0,44.84,1,99.6,94.0,1390,166.3,78.8,20.93,-13.648,7.535,4.196,37.0,39.3,72.0,1718,1,11.4,0.21
1502,304,6.0,44.85,1,99.6,94.1,1392,166.1,79.0,20.94,-13.656,7.531,4.196,37.0,39.3,72.0,1718,1,11.4,0.21
1503,304,6.0,44.81,1,99.7,94.1,1392,166.2,79.0,20.94,-13.672,7.531,4.196,37.0,39.3,72.0,1718,1,11.4,0.2
1504,304,6.0,44.8,1,99.6,94.0,1393,166.0,78.7,20.93,-13.68,7.531,4.196,37.0,39.3,72.0,1718,1,11.4,0.21
1505,304,6.0,44.77,1,99.6,94.0,1393,165.8,78.8,21.07,-13.695,7.531,4.196,36.0,39.2,72.0,1718,1,11.4,0.21
1506,304,6.0,44.81,1,99.7,94.1,1394,165.8,78.8,21.04,-13.703,7.531,4.196,36.0,39.2,72.0,1718,1,11.3,0.2
1507,304,6.0,44.8,1,99.6,94.0,1394,165.6,78.7,21.08,-13.719,7.535,4.196,37.0,39.2,72.0,1718,1,11.3,0.2
1508,304,6.0,44.78,1,99.7,94.1,1394,165.5,78.9,21.05,-13.734,7.535,4.196,37.0,39.1,72.0,1718,1,11.3,0.2
1509,304,6.0,44.8,1,99.7,94.1,1394,165.4,78.9,21.04,-13.742,7.531,4.197,37.0,39.1,72.0,1718,1,11.3,0.21
1510,304,6.0,44.76,1,99.7,94.1,1395,165.5,79.0,21.08,-13.75,7.531,4.196,36.0,39.1,72.0,1718,1,11.3,0.21
1511,304,6.0,44.77,1,99.7,94.0,1395,165.6,78.9,21.12,-13.758,7.531,4.196,36.0,39.1,72.0,1718,1,11.3,0.21
1512,304,6.0,44.78,1,99.7,94.0,1394,165.4,78.7,21.07,-13.766,7.531,4.196,36.0,39.0,72.0,1717,1,11.2,0.22
1513,304,6.0,44.8,1,99.7,94.1,1394,165.3,78.9,21.07,-13.773,7.531,4.196,37.0,39.0,72.0,1717,1,11.2,0.21
1514,304,6.0,44.77,1,99.7,94.0,1395,165.3,78.9,21.09,-13.789,7.531,4.196,36.0,39.0,72.0,1717,1,11.2,0.2
1515,304,6.0,44.83,1,99.7,94.1,1395,165.3,79.1,21.07,-13.797,7.531,4.196,36.0,39.0,72.0,1717,1,11.2,0.21
1516,304,6.0,44.81,1,99.7,94.0,1395,165.2,78.8,21.1,-13.805,7.531,4.196,37.0,39.0,72.0,1717,1,11.2,0.2
1517,304,6.0,44.8,1,99.7,94.0,1395,165.2,79.1,21.08,-13.812,7.531,4.196,36.0,39.0,72.0,1717,1,11.1,0.21
1518,304,6.0,44.8,1,99.7,94.1,1395,165.2,78.9,21.11,-13.82,7.531,4.196,36.0,38.9,72.0,1717,1,11.1,0.2
1519,304,6.0,44.84,1,99.7,94.0,1395,165.3,79.0,21.14,-13.82,7.531,4.196,36.0,38.9,72.0,1717,1,11.1,0.21
1520,304,6.0,44.76,1,99.7,94.0,1395,165.2,78.8,21.06,-13.828,7.531,4.196,36.0,38.9,72.0,1717,1,11.1,0.21
1521,304,6.0,44.81,1,99.7,94.0,1395,165.0,78.9,21.09,-13.828,7.531,4.196,36.0,38.9,72.0,1717,1,11.1,0.21
1522,304,6.0,44.79,1,99.7,94.1,1395,164.8,78.8,21.14,-13.828,7.531,4.196,36.0,38.9,72.0,1717,1,11.1,0.22
1523,304,6.0,44.82,1,99.7,94.0,1395,164.8,78.7,21.13,-13.828,7.531,4.196,36.0,38.8,72.0,1717,1,11.1,0.21
1524,304,6.0,44.84,1,99.7,94.1,1395,165.0,78.8,21.09,-13.828,7.531,4.196,36.0,38.8,72.0,1717,1,11.0,0.22
1525,304,6.0,44.79,1,99.7,94.0,1395,165.0,79.1,21.1,-13.828,7.531,4.196,36.0,38.8,72.0,1717,1,11.0,0.21
1526,304,6.0,44.76,1,99.7,94.0,1395,165.0,79.0,21.07,-13.828,7.531,4.196,36.0,38.8,72.0,1717,1,11.0,0.21
1527,304,6.0,44.82,1,99.7,94.1,1395,165.0,78.8,21.14,-13.836,7.531,4.196,36.0,38.8,72.0,1716,1,11.0,0.21
1528,304,6.0,44.82,1,99.7,94.1,1394,164.8,78.9,21.11,-13.836,7.531,4.196,36.0,38.8,72.0,1716,1,11.0,0.21
1529,304,6.0,44.88,1,99.7,94.1,1395,164.9,78.9,21.12,-13.836,7.531,4.196,36.0,38.7,72.0,1716,1,11.0,0.21
1530,304,6.0,44.88,1,99.7,94.1,1395,164.9,78.9,21.12,-13.836,7.531,4.196,36.0,38.7,72.0,1716,1,10.9,0.2
1531,304,6.0,44.81,1,99.7,94.1,1395,165.0,79.1,21.12,-13.836,7.531,4.196,36.0,38.7,72.0,1716,1,10.9,0.2
1532,304,6.0,44.8,1,99.7,94.1,1395,165.0,79.0,21.14,-13.844,7.531,4.196,36.0,38.7,72.0,1716,1,10.9,0.2
1533,304,6.0,44.81,1,99.8,94.1,1394,165.0,79.0,21.14,-13.844,7.527,4.196,36.0,38.7,72.0,1716,1,10.9,0.21
1534,305,6.0,44.76,1,99.7,94.1,1395,165.0,78.8,21.16,-13.844,7.527,4.196,36.0,38.7,72.0,1716,1,10.9,0.2
1535,305,6.0,44.74,1,99.7,94.1,1395,164.9,78.7,21.12,-13.844,7.527,4.196,36.0,38.6,72.0,1716,1,10.9,0.21
1536,305,6.0,44.74,1,99.7,94.0,1395,164.9,79.0,21.19,-13.844,7.523,4.196,36.0,38.7,72.0,1716,1,10.8,0.2
1537,305,6.0,44.78,1,99.7,94.0,1396,164.9,79.0,21.16,-13.844,7.523,4.196,36.0,38.6,72.0,1716,1,10.8,0.21
1538,305,6.0,44.69,1,99.7,94.0,1395,164.9,78.9,21.14,-13.844,7.523,4.197,36.0,38.6,72.0,1716,1,10.8,0.2
1539,305,6.0,44.73,1,99.7,94.0,1395,165.0,78.9,21.15,-13.844,7.523,4.196,36.0,38.6,72.0,1716,1,10.8,0.19
1540,305,6.0,44.82,1,99.7,94.1,1395,164.8,78.8,21.14,-13.844,7.523,4.196,36.0,38.6,72.0,1716,1,10.8,0.19
1541,305,6.0,44.76,1,99.7,94.0,1395,164.7,78.8,21.12,-13.836,7.523,4.196,36.0,38.6,72.0,1715,1,10.8,0.2
1542,305,6.0,44.84,1,99.7,94.0,1395,164.7,78.8,21.19,-13.844,7.523,4.196,36.0,38.6,72.0,1715,1,10.7,0.21
1543,305,6.0,44.84,1,99.7,94.0,1395,164.7,78.8,21.08,-13.836,7.523,4.196,36.0,38.5,72.0,1715,1,10.7,0.2
1544,305,6.0,44.77,1,99.7,94.0,1395,164.6,78.7,21.1,-13.836,7.523,4.196,36.0,38.5,72.0,1715,1,10.7,0.21
1545,305,6.0,44.76,1,99.7,94.0,1394,164.5,78.9,21.13,-13.844,7.523,4.196,36.0,38.5,72.0,1715,1,10.7,0.2
1546,305,6.0,44.76,1,99.7,94.0,1394,164.3,78.9,21.2,-13.844,7.523,4.196,36.0,38.5,72.0,1715,1,10.7,0.2
1547,305,6.0,44.78,1,99.7,94.1,1395,164.4,78.9,21.19,-13.852,7.523,4.196,36.0,38.5,72.0,1715,1,10.7,0.21
1548,305,6.0,44.77,1,99.8,94.1,1395,164.5,78.8,21.16,-13.859,7.523,4.196,36.0,38.5,72.0,1715,1,10.7,0.2
1549,305,6.0,44.75,1,99.7,94.0,1395,164.4,79.0,21.18,-13.859,7.527,4.196,36.0,38.5,72.0,1715,1,10.6,0.21
1550,305,6.0,44.79,1,99.7,94.1,1395,164.3,79.1,21.15,-13.867,7.527,4.196,36.0,38.5,72.0,1715,1,10.6,0.21
1551,305,6.0,44.74,1,99.7,94.1,1395,164.3,78.9,21.17,-13.859,7.527,4.196,36.0,38.5,72.0,1715,1,10.6,0.21
1552,305,6.0,44.72,1,99.7,94.0,1395,164.4,78.7,21.16,-13.867,7.527,4.196,36.0,38.4,72.0,1715,1,10.6,0.21
1553,305,6.0,44.75,1,99.7,94.1,1394,164.2,78.9,21.16,-13.859,7.527,4.196,36.0,38.4,72.0,1715,1,10.6,0.21
1554,305,6.0,44.78,1,99.7,94.0,1394,164.3,78.7,21.14,-13.859,7.527,4.196,36.0,38.4,72.0,1715,1,10.6,0.2
1555,305,6.0,44.77,1,99.7,94.1,1394,164.2,78.8,21.16,-13.859,7.527,4.196,36.0,38.4,72.0,1715,1,10.5,0.2
1556,305,6.0,44.79,1,99.7,94.1,1395,164.3,78.9,21.2,-13.852,7.527,4.196,36.0,38.4,72.0,1714,1,10.5,0.22
1557,305,6.0,44.77,1,99.7,94.1,1395,164.3,78.8,21.2,-13.844,7.527,4.196,36.0,38.4,72.0,1714,1,10.5,0.21
1558,305,6.0,44.75,1,99.7,94.1,1395,164.4,78.9,21.2,-13.836,7.527,4.196,36.0,38.4,72.0,1714,1,10.5,0.21
1559,305,6.0,44.84,1,99.7,94.0,1395,164.3,78.9,21.17,-13.836,7.531,4.196,36.0,38.3,72.0,1714,1,10.5,0.21
1560,305,6.0,44.8,1,99.7,94.1,1395,164.3,78.6,21.19,-13.828,7.531,4.196,36.0,38.3,72.0,1714,1,10.5,0.21
1561,305,6.0,44.76,1,99.7,94.0,1395,164.3,79.0,21.18,-13.828,7.531,4.196,36.0,38.3,72.0,1714,1,10.5,0.21
1562,305,6.0,44.86,1,99.7,94.1,1395,164.3,79.0,21.21,-13.828,7.531,4.196,36.0,38.3,72.0,1714,1,10.4,0.22
1563,305,6.0,44.83,1,99.7,94.1,1395,164.4,79.0,21.2,-13.82,7.531,4.196,36.0,38.3,72.0,1714,1,10.4,0.22
1564,305,6.0,44.87,1,99.7,94.1,1395,164.5,79.0,21.19,-13.82,7.531,4.196,35.0,38.3,72.0,1714,1,10.4,0.21
1565,305,6.0,44.81,1,99.7,94.1,1395,164.5,78.9,21.23,-13.812,7.531,4.196,36.0,38.3,72.0,1714,1,10.4,0.21
1566,305,6.0,44.75,1,99.7,94.1,1395,164.4,79.0,21.25,-13.812,7.531,4.196,36.0,38.3,72.0,1714,1,10.4,0.22
1567,305,6.0,44.79,1,99.7,94.0,1394,164.3,78.9,21.21,-13.812,7.531,4.196,36.0,38.2,72.0,1714,1,10.4,0.21
1568,305,6.0,44.72,1,99.7,94.1,1394,164.3,79.0,21.23,-13.812,7.535,4.196,36.0,38.2,72.0,1714,1,10.4,0.2
1569,305,6.0,44.71,1,99.7,94.1,1394,164.4,78.9,21.24,-13.805,7.535,4.196,36.0,38.2,72.0,1714,1,10.3,0.21
1570,305,6.0,44.75,1,99.7,94.1,1394,164.6,78.9,21.22,-13.797,7.531,4.196,36.0,38.2,72.0,1714,1,10.3,0.21
1571,305,6.0,44.78,1,99.7,94.1,1394,164.5,78.7,21.24,-13.789,7.531,4.196,36.0,38.2,72.0,1713,1,10.3,0.2
1572,305,6.0,44.78,1,99.7,94.0,1395,164.5,78.8,21.24,-13.781,7.531,4.196,36.0,38.2,72.0,1713,1,10.3,0.21
1573,305,6.0,44.82,1,99.7,94.1,1395,164.5,78.9,21.24,-13.773,7.531,4.196,36.0,38.1,72.0,1713,1,10.3,0.2
1574,305,6.0,44.76,1,99.7,94.1,1395,164.6,78.9,21.25,-13.773,7.531,4.196,36.0,38.1,72.0,1713,1,10.3,0.2
1575,305,6.0,44.8,1,99.7,94.1,1395,164.6,79.0,21.28,-13.766,7.531,4.196,36.0,38.1,72.0,1713,1,10.3,0.21
1576,305,6.0,44.77,1,99.7,94.1,1394,164.6,79.0,21.26,-13.758,7.531,4.196,36.0,38.1,72.0,1713,1,10.3,0.21
1577,305,6.0,44.78,1,99.7,94.1,1394,164.5,78.9,21.3,-13.758,7.531,4.196,36.0,38.1,72.0,1713,1,10.2,0.2
1578,305,6.0,44.78,1,99.7,94.1,1394,164.5,79.0,21.29,-13.75,7.531,4.196,35.0,38.1,72.0,1713,1,10.2,0.2
1579,305,6.0,44.81,1,99.7,94.0,1394,164.3,78.8,21.29,-13.742,7.531,4.196,36.0,38.1,72.0,1713,1,10.2,0.2
1580,305,6.0,44.83,1,99.7,94.1,1394,164.2,78.8,21.28,-13.734,7.531,4.196,35.0,38.1,72.0,1713,1,10.2,0.2
1581,305,6.0,44.76,1,99.7,94.0,1394,164.2,78.7,21.31,-13.734,7.531,4.196,35.0,38.1,72.0,1713,1,10.2,0.21
1582,305,6.0,44.89,1,99.7,94.1,1395,164.0,79.0,21.25,-13.727,7.531,4.196,36.0,38.0,71.0,1713,1,10.2,0.21
1583,305,6.0,44.75,1,99.6,94.0,1395,164.1,79.0,21.28,-13.727,7.531,4.196,35.0,38.1,71.0,1713,1,10.1,0.2
1584,305,6.0,44.79,1,99.7,94.0,1394,164.4,79.0,21.29,-13.734,7.531,4.196,36.0,38.0,71.0,1713,1,10.2,0.2
1585,305,6.0,44.78,1,99.7,94.0,1394,164.4,78.7,21.33,-13.742,7.531,4.196,35.0,38.0,71.0,1712,1,10.1,0.2
1586,305,6.0,44.76,1,99.6,94.0,1393,164.4,78.7,21.29,-13.758,7.531,4.196,35.0,38.0,71.0,1712,1,10.1,0.2
1587,305,6.025,44.79,1,99.7,94.0,1393,164.5,78.9,21.05,-13.758,7.531,4.196,35.0,38.0,71.0,1712,1,10.1,0.2
1588,305,6.025,44.81,1,99.7,94.0,1394,164.4,79.0,20.89,-13.773,7.531,4.196,36.0,38.0,71.0,1712,1,10.1,0.2
1589,305,6.0,44.84,1,99.7,94.1,1393,164.5,78.8,20.89,-13.781,7.531,4.196,36.0,38.0,71.0,1712,1,10.1,0.2
1590,305,6.0,44.8,1,99.7,94.1,1394,164.5,79.0,20.88,-13.797,7.531,4.196,36.0,38.0,71.0,1712,1,10.1,0.2
1591,305,6.0,44.81,1,99.7,94.0,1394,164.3,79.0,20.88,-13.805,7.531,4.196,36.0,38.0,71.0,1712,1,10.0,0.21
1592,305,6.0,44.72,1,99.7,94.1,1394,164.4,78.9,20.89,-13.82,7.527,4.196,35.0,38.0,71.0,1712,1,10.0,0.21
1593,305,6.0,44.86,1,99.7,94.1,1394,164.4,78.9,20.88,-13.836,7.527,4.196,35.0,37.9,71.0,1712,1,10.0,0.21
1594,305,6.0,44.82,1,99.7,94.0,1393,164.4,79.0,20.89,-13.844,7.527,4.196,36.0,37.9,71.0,1712,1,10.0,0.2
1595,305,6.0,44.81,1,99.7,94.0,1393,164.2,79.1,20.89,-13.852,7.527,4.196,35.0,37.9,71.0,1712,1,10.0,0.21
1596,305,6.0,44.76,1,99.7,94.0,1394,164.1,79.0,20.86,-13.859,7.527,4.196,35.0,37.9,71.0,1712,1,10.0,0.21
1597,305,6.0,44.76,1,99.7,94.1,1394,164.1,78.9,20.88,-13.867,7.527,4.196,35.0,37.9,71.0,1712,1,10.0,0.2
1598,305,6.0,44.73,1,99.7,94.1,1394,164.3,78.9,20.86,-13.867,7.527,4.196,35.0,37.9,71.0,1712,1,10.0,0.21
1599,305,6.0,44.8,1,99.7,94.0,1394,164.2,79.0,20.89,-13.875,7.527,4.196,36.0,37.9,71.0,1711,1,9.9,0.21
1600,305,6.0,44.74,1,99.7,94.1,1394,164.2,78.9,20.87,-13.883,7.527,4.196,36.0,37.9,71.0,1711,1,9.9,0.2
1601,305,6.0,44.76,1,99.7,94.1,1394,164.2,78.9,20.9,-13.891,7.527,4.196,35.0,37.9,71.0,1711,1,9.9,0.21
1602,305,6.0,44.71,1,99.7,94.1,1395,164.2,79.0,20.91,-13.891,7.527,4.196,35.0,37.8,71.0,1711,1,9.9,0.21
1603,305,6.0,44.76,1,99.7,94.1,1395,164.1,79.0,20.92,-13.891,7.527,4.196,35.0,37.8,71.0,1711,1,9.9,0.21
1604,305,6.0,44.78,1,99.7,94.1,1395,164.2,78.9,20.89,-13.898,7.527,4.196,35.0,37.8,71.0,1711,1,9.9,0.2
1605,305,6.0,44.76,1,99.7,94.0,1395,164.4,78.9,20.91,-13.898,7.523,4.196,35.0,37.8,71.0,1711,1,9.9,0.21
1606,305,6.0,44.7,1,99.7,94.0,1394,164.6,78.7,20.88,-13.906,7.523,4.196,35.0,37.8,71.0,1711,1,9.9,0.21
1607,305,6.0,44.95,1,99.7,94.1,1394,164.6,79.0,20.91,-13.906,7.523,4.196,35.0,37.8,71.0,1711,1,9.9,0.22
1608,305,6.0,44.76,1,99.8,94.1,1394,164.5,79.0,20.86,-13.914,7.523,4.196,35.0,37.8,71.0,1711,1,9.8,0.21
1609,305,6.0,44.75,1,99.7,94.1,1394,164.3,79.0,20.93,-13.914,7.523,4.196,35.0,37.8,71.0,1711,1,9.8,0.21
1610,305,6.0,44.67,1,99.7,94.0,1394,164.3,79.0,20.91,-13.914,7.523,4.196,35.0,37.7,71.0,1711,1,9.8,0.21
1611,305,6.0,44.72,1,99.7,94.1,1394,164.3,78.9,20.89,-13.906,7.523,4.196,35.0,37.7,71.0,1711,1,9.8,0.21
1612,305,6.0,44.75,1,99.7,94.1,1394,164.3,78.7,20.93,-13.898,7.523,4.196,35.0,37.7,71.0,1711,1,9.8,0.21
1613,305,6.0,44.79,1,99.7,94.1,1394,164.3,78.8,20.89,-13.898,7.523,4.196,35.0,37.7,71.0,1710,1,9.8,0.22
1614,305,6.0,44.78,1,99.7,94.1,1394,164.2,79.0,20.88,-13.891,7.523,4.196,35.0,37.7,71.0,1710,1,9.8,0.21
1615,305,6.0,44.72,1,99.7,94.1,1395,164.2,79.0,20.89,-13.883,7.523,4.196,35.0,37.7,71.0,1710,1,9.8,0.2
1616,306,6.0,44.69,1,99.7,94.0,1395,164.0,79.1,20.91,-13.875,7.523,4.196,35.0,37.7,71.0,1710,1,9.7,0.2
1617,306,6.0,44.73,1,99.7,94.1,1395,164.1,79.0,20.91,-13.875,7.523,4.196,35.0,37.7,71.0,1710,1,9.7,0.22
1618,306,6.0,44.81,1,99.7,94.1,1396,164.1,79.1,20.86,-13.867,7.523,4.196,35.0,37.7,71.0,1710,1,9.7,0.21
1619,306,6.0,44.72,1,99.7,94.0,1395,164.3,79.0,20.93,-13.859,7.523,4.196,35.0,37.7,71.0,1710,1,9.7,0.21
1620,306,6.0,44.84,1,99.7,94.0,1394,164.3,79.0,20.93,-13.859,7.523,4.196,35.0,37.7,71.0,1710,1,9.7,0.21
1621,306,6.0,44.75,1,99.7,94.1,1395,164.3,79.0,20.89,-13.859,7.523,4.196,35.0,37.6,71.0,1710,1,9.7,0.21
1622,306,6.0,44.73,1,99.7,94.1,1395,164.3,79.0,20.85,-13.852,7.523,4.196,35.0,37.6,71.0,1710,1,9.7,0.21
1623,306,6.0,44.91,1,99.7,94.0,1395,164.3,79.0,20.93,-13.859,7.523,4.196,35.0,37.6,71.0,1710,1,9.7,0.21
1624,306,6.025,44.77,1,99.7,94.0,1394,164.4,78.9,20.9,-13.852,7.523,4.196,35.0,37.6,71.0,1710,1,9.7,0.21
1625,306,6.0,44.83,1,99.7,94.1,1394,164.5,79.0,20.9,-13.852,7.523,4.196,35.0,37.6,71.0,1710,1,9.6,0.21
1626,306,6.0,44.72,1,99.7,94.1,1395,164.4,79.0,20.92,-13.844,7.527,4.196,35.0,37.6,71.0,1710,1,9.6,0.21
1627,306,6.0,44.76,1,99.7,94.0,1395,164.4,78.9,20.89,-13.844,7.527,4.196,35.0,37.6,71.0,1710,1,9.6,0.21
1628,306,6.0,44.73,1,99.7,94.1,1395,164.2,78.9,20.9,-13.844,7.527,4.196,35.0,37.6,71.0,1709,1,9.6,0.21
1629,306,6.0,44.75,1,99.7,94.0,1394,164.2,79.0,20.93,-13.844,7.527,4.196,35.0,37.6,71.0,1709,1,9.6,0.23
1630,306,6.0,44.82,1,99.7,94.0,1394,164.3,78.8,20.93,-13.836,7.523,4.196,35.0,37.6,71.0,1709,1,9.6,0.22
1631,306,6.0,44.76,1,99.7,94.1,1394,164.2,78.9,20.86,-13.836,7.527,4.196,35.0,37.6,71.0,1709,1,9.6,0.22
1632,306,6.0,44.77,1,99.7,94.1,1394,164.2,79.2,20.91,-13.844,7.527,4.196,35.0,37.6,71.0,1709,1,9.6,0.22
1633,306,6.0,44.73,1,99.7,94.1,1395,164.1,79.0,20.9,-13.844,7.527,4.196,35.0,37.6,71.0,1709,1,9.6,0.22
1634,306,6.0,44.75,1,99.7,94.1,1395,164.2,78.9,20.88,-13.844,7.527,4.196,35.0,37.6,71.0,1709,1,9.5,0.22
1635,306,6.0,44.71,1,99.7,94.0,1395,164.2,79.0,20.91,-13.836,7.527,4.196,35.0,37.5,71.0,1709,1,9.5,0.21
1636,306,6.0,44.77,1,99.7,94.0,1395,164.4,78.9,20.95,-13.844,7.523,4.196,35.0,37.5,71.0,1709,1,9.5,0.22
1637,306,6.0,44.79,1,99.7,94.1,1396,164.7,78.8,20.88,-13.844,7.523,4.196,35.0,37.5,71.0,1709,1,9.5,0.21
1638,306,6.0,44.76,1,99.7,94.1,1396,164.8,78.8,20.88,-13.836,7.523,4.196,35.0,37.5,71.0,1709,1,9.5,0.22
1639,306,6.0,44.8,1,99.7,94.1,1395,164.5,78.9,20.93,-13.836,7.523,4.196,35.0,37.5,71.0,1709,1,9.5,0.22
1640,306,6.0,44.78,1,99.7,94.1,1394,164.6,78.9,20.89,-13.836,7.523,4.196,35.0,37.5,71.0,1709,1,9.5,0.23
1641,306,6.0,44.76,1,99.7,94.1,1395,164.6,78.8,20.95,-13.844,7.523,4.196,35.0,37.5,71.0,1709,1,9.5,0.21
1642,306,6.0,44.68,1,99.7,94.0,1395,164.5,78.8,20.89,-13.844,7.523,4.196,35.0,37.5,71.0,1709,1,9.5,0.21
1643,306,6.0,44.71,1,99.7,94.0,1394,164.5,78.7,20.89,-13.844,7.523,4.196,35.0,37.5,71.0,1708,1,9.5,0.2
1644,306,6.0,44.78,1,99.7,94.1,1394,164.4,78.9,21.11,-13.844,7.523,4.196,35.0,37.5,71.0,1708,1,9.4,0.21
1645,306,6.0,44.9,1,99.7,94.1,1394,164.3,79.0,21.31,-13.844,7.523,4.196,35.0,37.5,71.0,1708,1,9.4,0.22
1646,306,6.0,44.82,1,99.7,94.0,1394,164.3,78.9,21.36,-13.852,7.523,4.196,35.0,37.5,71.0,1708,1,9.4,0.21
1647,306,6.0,44.8,1,99.7,94.1,1394,164.2,79.1,21.38,-13.852,7.523,4.196,35.0,37.5,71.0,1708,1,9.4,0.21
1648,306,6.0,44.86,1,99.7,94.1,1395,164.1,79.2,21.41,-13.852,7.523,4.196,35.0,37.4,71.0,1708,1,9.4,0.21
1649,306,6.0,44.76,1,99.7,94.1,1394,164.2,79.0,21.43,-13.844,7.523,4.196,35.0,37.4,71.0,1708,1,9.4,0.2
1650,306,6.0,44.77,1,99.7,94.1,1395,164.3,78.9,21.46,-13.844,7.523,4.196,35.0,37.4,71.0,1708,1,9.4,0.21
1651,306,6.0,44.86,1,99.7,94.1,1395,164.3,79.0,21.5,-13.836,7.523,4.196,35.0,37.4,71.0,1708,1,9.4,0.21
1652,306,6.0,44.72,1,99.7,94.1,1395,164.2,79.1,21.57,-13.836,7.523,4.196,35.0,37.4,71.0,1708,1,9.4,0.2
1653,306,6.0,44.73,1,99.7,94.0,1395,164.2,79.2,21.96,-13.828,7.523,4.196,35.0,37.4,71.0,1708,1,9.4,0.2
1654,306,6.0,44.77,1,99.7,94.0,1395,164.3,79.0,22.1,-13.828,7.523,4.196,35.0,37.4,71.0,1708,1,9.4,0.21
1655,306,6.0,44.78,1,99.7,94.0,1395,164.3,79.0,22.13,-13.828,7.523,4.196,35.0,37.4,71.0,1708,1,9.3,0.2
1656,306,6.0,44.85,1,99.7,94.1,1395,164.3,79.0,22.1,-13.82,7.523,4.196,35.0,37.4,71.0,1708,1,9.3,0.2
1657,306,6.0,44.78,1,99.7,94.0,1395,164.3,78.9,21.93,-13.82,7.523,4.196,35.0,37.4,71.0,1708,1,9.3,0.21
1658,306,6.0,44.83,1,99.7,94.0,1394,164.3,78.9,21.66,-13.82,7.527,4.196,35.0,37.4,71.0,1708,1,9.3,0.22
1659,306,6.0,44.75,1,99.7,94.1,1394,164.2,79.0,21.66,-13.82,7.523,4.196,35.0,37.4,71.0,1708,1,9.3,0.21
1660,306,6.0,44.81,1,99.7,94.0,1394,164.1,78.9,20.88,-13.812,7.523,4.196,35.0,37.4,71.0,1707,1,9.3,0.2
1661,306,6.0,44.71,1,99.4,93.89999999999999,1394,164.1,78.7,19.0,-13.805,7.523,4.196,35.0,37.3,71.0,1707,1,9.3,0.2
1662,306,6.0,44.52,1,97.6,92.9,1388,164.1,78.1,15.14,-13.812,7.52,4.196,35.0,37.3,71.0,1707,1,9.3,0.21
1663,306,6.0,43.93,1,93.4,90.60000000000001,1368,164.3,76.7,8.49,-13.844,7.516,4.196,35.0,37.3,71.0,1707,1,9.3,0.2
1664,305,6.0,43.69,1,88.8,88.6,1325,164.5,74.5,5.04,-13.898,7.5,4.196,35.0,37.3,71.0,1707,1,9.3,0.2
1665,304,6.0,43.38,1,84.7,86.8,1275,164.9,72.3,0.41,-13.961,7.488,4.196,35.0,37.3,71.0,1707,1,9.3,0.2
1666,303,6.0,43.19,1,80.0,84.7,1219,165.6,70.4,-3.75,-14.031,7.473,4.196,35.0,37.3,71.0,1707,1,9.2,0.2
1667,301,6.0,42.87,1,74.8,82.39999999999999,1160,166.4,68.5,-7.41,-14.102,7.453,4.196,35.0,37.2,71.0,1707,1,9.2,0.19
1668,299,6.0,42.95,1,69.6,80.2,1098,167.3,67.0,-10.87,-14.172,7.434,4.196,35.0,37.2,71.0,1707,1,9.2,0.19
1669,298,6.0,42.98,1,64.7,78.10000000000001,1040,168.2,65.5,-14.95,-14.242,7.414,4.196,35.0,37.2,71.0,1707,1,9.2,0.19
1670,296,6.0,43.36,1,58.5,74.6,984,169.1,63.5,-17.77,-14.32,7.395,4.196,35.0,37.1,71.0,1707,1,9.2,0.19
1671,294,6.0,38.03,1,52.900000000000006,71.7,928,170.1,62.1,-20.16,-14.414,7.375,4.196,35.0,37.1,71.0,1707,1,9.2,0.2
1672,292,6.0,33.62,1,49.0,70.0,883,171.3,61.4,-20.89,-14.5,7.359,4.196,35.0,37.0,71.0,1707,1,9.2,0.19
1673,289,6.0,38.37,1,49.2,71.3,853,172.6,61.7,16.71,-14.578,7.344,4.196,35.0,36.9,71.0,1707,1,9.2,0.2
1674,288,6.0,45.34,1,55.50000000000001,76.8,878,173.8,64.5,23.28,-14.641,7.336,4.196,35.0,36.8,71.0,1707,1,9.2,0.21
1675,286,6.025,43.36,1,63.800000000000004,80.7,934,174.8,66.5,23.04,-14.68,7.336,4.196,35.0,36.8,71.0,1706,1,9.2,0.21
1676,284,6.025,43.5,1,72.7,84.1,994,175.8,68.6,22.81,-14.695,7.344,4.196,34.0,36.7,71.0,1706,1,9.2,0.21
1677,283,6.0,44.3,1,82.3,88.1,1063,176.7,71.5,22.79,-14.672,7.355,4.196,34.0,36.6,71.0,1706,1,9.2,0.22
1678,282,5.975,45.35,1,92.80000000000001,93.2,1153,177.7,75.3,22.92,-14.617,7.379,4.196,34.0,36.6,71.0,1706,1,9.2,0.23
1679,282,5.975,45.56,1,98.5,93.89999999999999,1253,178.4,78.4,22.96,-14.531,7.402,4.196,34.0,36.5,71.0,1706,1,9.1,0.22
1680,283,5.975,45.53,1,99.6,94.19999999999999,1315,179.0,79.6,22.96,-14.477,7.422,4.196,34.0,36.5,71.0,1706,1,9.1,0.22
1681,283,5.975,45.57,1,99.8,94.19999999999999,1340,179.4,79.8,22.94,-14.469,7.438,4.196,34.0,36.4,71.0,1706,1,9.1,0.22
1682,284,6.0,45.54,1,99.8,94.19999999999999,1353,179.4,79.8,22.89,-14.484,7.449,4.196,34.0,36.3,71.0,1706,1,9.1,0.22
1683,285,6.0,45.55,1,99.9,94.19999999999999,1363,179.0,79.5,22.95,-14.516,7.457,4.196,34.0,36.3,71.0,1706,1,9.1,0.22
1684,286,5.975,45.5,1,99.9,94.19999999999999,1369,178.0,79.3,22.89,-14.555,7.465,4.196,34.0,36.2,71.0,1706,1,9.1,0.22
1685,286,5.975,45.43,1,99.9,94.19999999999999,1374,176.8,79.4,22.95,-14.594,7.469,4.196,34.0,36.2,71.0,1706,1,9.1,0.22
1686,286,5.975,45.52,1,99.9,94.19999999999999,1379,175.5,79.4,22.93,-14.641,7.473,4.196,34.0,36.1,71.0,1706,1,9.1,0.21
1687,287,5.975,45.5,1,99.9,94.1,1382,174.3,79.1,23.0,-14.672,7.473,4.196,34.0,36.0,71.0,1706,1,9.1,0.22
1688,287,5.975,45.37,1,99.9,94.1,1385,173.2,79.1,22.92,-14.703,7.477,4.196,34.0,36.0,71.0,1705,1,9.1,0.22
1689,287,5.975,45.44,1,100.0,94.1,1386,172.2,79.0,22.92,-14.734,7.473,4.196,34.0,36.0,71.0,1705,1,9.0,0.21
1690,287,6.0,45.42,1,99.9,94.1,1388,171.4,79.2,22.92,-14.766,7.473,4.196,34.0,35.9,71.0,1705,1,9.0,0.22
1691,287,6.0,45.47,1,100.0,94.1,1389,170.7,79.2,22.88,-14.797,7.473,4.196,34.0,35.9,71.0,1705,1,9.0,0.21
1692,287,6.0,45.43,1,99.9,94.0,1390,170.1,79.2,22.96,-14.836,7.469,4.196,34.0,35.9,71.0,1705,1,9.0,0.22
1693,287,6.0,45.35,1,100.0,94.1,1390,169.4,79.1,22.93,-14.867,7.469,4.196,33.0,35.8,71.0,1705,1,9.0,0.22
1694,287,6.0,45.36,1,100.0,94.0,1391,168.8,79.0,22.91,-14.898,7.465,4.196,33.0,35.8,71.0,1705,1,9.0,0.23
1695,288,6.0,45.33,1,100.0,94.0,1392,168.4,79.1,22.91,-14.922,7.465,4.196,34.0,35.8,71.0,1705,1,9.0,0.22
1696,288,6.0,45.27,1,100.0,94.0,1393,167.9,79.0,22.89,-14.953,7.461,4.196,33.0,35.8,71.0,1705,1,9.0,0.22
1697,288,6.0,45.33,1,100.0,94.0,1393,167.5,79.0,22.86,-14.984,7.461,4.196,33.0,35.8,71.0,1705,1,9.0,0.21
1698,288,6.0,45.36,1,100.0,94.0,1393,166.9,79.0,22.92,-15.008,7.457,4.196,33.0,35.8,71.0,1704,1,9.0,0.21
1699,288,6.0,45.22,1,100.0,94.0,1393,166.6,78.9,22.86,-15.039,7.457,4.196,33.0,35.8,71.0,1704,1,8.9,0.22
1700,288,6.025,45.26,1,100.0,94.0,1394,166.3,79.0,22.93,-15.07,7.457,4.196,33.0,35.8,71.0,1704,1,8.9,0.22
1701,288,6.025,45.24,1,100.1,94.1,1394,166.1,79.2,22.91,-15.102,7.453,4.196,34.0,35.8,71.0,1704,1,8.9,0.22
1702,288,6.025,45.23,1,100.1,94.1,1396,165.8,79.0,22.92,-15.125,7.449,4.196,34.0,35.8,70.0,1704,1,8.9,0.22
1703,288,6.025,45.2,1,100.1,94.0,1396,165.5,79.0,22.91,-15.148,7.445,4.196,34.0,35.8,70.0,1704,1,8.9,0.22
1704,288,6.025,45.21,1,100.1,94.1,1396,165.2,79.1,22.91,-15.172,7.441,4.196,34.0,35.8,70.0,1704,1,8.9,0.22
1705,288,6.025,45.19,1,100.0,94.0,1396,164.9,78.9,22.95,-15.195,7.438,4.196,34.0,35.9,70.0,1704,1,8.9,0.22
1706,287,6.025,45.17,1,100.0,94.0,1397,164.7,79.0,22.93,-15.219,7.434,4.196,33.0,35.9,70.0,1704,1,8.8,0.22
1707,287,6.025,45.16,1,100.0,94.0,1397,164.6,78.9,22.9,-15.242,7.426,4.196,34.0,35.9,70.0,1704,1,8.8,0.22
1708,287,6.05,45.22,1,100.1,94.0,1397,164.5,78.8,22.91,-15.266,7.418,4.196,34.0,35.9,70.0,1704,1,8.8,0.21
1709,287,6.05,45.14,1,100.0,94.0,1397,164.4,78.9,22.89,-15.297,7.414,4.196,33.0,35.9,70.0,1704,1,8.8,0.21
1710,287,6.05,45.11,1,100.1,94.0,1397,164.1,78.9,22.91,-15.328,7.406,4.196,34.0,35.9,70.0,1704,1,8.8,0.2
1711,287,6.05,45.06,1,100.1,94.0,1396,164.0,78.9,22.93,-15.375,7.402,4.196,34.0,35.9,70.0,1704,1,8.8,0.21
1712,286,6.05,45.13,1,100.1,94.0,1396,163.9,78.8,22.89,-15.414,7.398,4.196,34.0,35.9,70.0,1704,1,8.8,0.21
1713,286,6.05,45.15,1,100.1,94.0,1397,163.7,78.8,22.89,-15.453,7.395,4.196,34.0,35.9,70.0,1703,1,8.8,0.22
1714,286,6.05,45.01,1,100.1,94.1,1398,163.6,78.8,22.93,-15.484,7.387,4.196,34.0,36.0,70.0,1703,1,8.8,0.22
1715,286,6.05,45.06,1,100.1,94.1,1397,163.5,78.8,22.91,-15.523,7.383,4.196,34.0,36.0,70.0,1703,1,8.7,0.22
1716,286,6.075,45.06,1,100.1,94.0,1398,163.4,78.8,22.91,-15.562,7.375,4.196,34.0,36.0,70.0,1703,1,8.7,0.22
1717,286,6.075,45.03,1,100.1,94.1,1398,163.4,78.9,22.89,-15.609,7.371,4.196,34.0,36.0,70.0,1703,1,8.7,0.23
1718,286,6.075,45.13,1,100.1,94.1,1398,163.3,78.8,22.88,-15.648,7.363,4.196,34.0,36.0,70.0,1703,1,8.7,0.23
1719,286,6.075,45.13,1,100.1,94.1,1398,163.4,78.8,22.86,-15.68,7.359,4.196,34.0,36.0,70.0,1703,1,8.7,0.22
1720,285,6.075,45.02,1,100.1,94.1,1398,163.5,78.7,22.92,-15.719,7.352,4.196,34.0,36.0,70.0,1703,1,8.7,0.22
1721,285,6.075,44.99,1,100.2,94.1,1398,163.5,78.7,22.89,-15.75,7.348,4.196,34.0,36.0,70.0,1703,1,8.7,0.22
1722,285,6.075,45.04,1,100.1,94.1,1399,163.4,78.8,22.93,-15.789,7.344,4.196,34.0,36.0,70.0,1703,1,8.7,0.22
1723,285,6.075,45.1,1,100.1,94.0,1399,163.4,78.8,22.87,-15.82,7.336,4.196,34.0,36.0,70.0,1703,1,8.6,0.23
1724,285,6.075,45.05,1,100.1,94.1,1399,163.2,78.8,22.91,-15.867,7.332,4.196,34.0,36.0,70.0,1703,1,8.6,0.23
1725,285,6.075,45.04,1,100.2,94.1,1398,163.2,78.7,22.93,-15.898,7.328,4.196,34.0,36.1,70.0,1703,1,8.6,0.22
1726,286,6.075,45.12,1,100.2,94.1,1398,163.3,78.8,22.91,-15.93,7.324,4.196,34.0,36.1,70.0,1703,1,8.6,0.23
1727,286,6.075,45.06,1,100.2,94.1,1399,163.4,78.9,22.92,-15.969,7.324,4.196,34.0,36.1,70.0,1703,1,8.6,0.23
1728,287,6.075,45.09,1,100.2,94.1,1399,163.3,78.7,22.93,-15.992,7.32,4.196,34.0,36.1,70.0,1703,1,8.6,0.22
1729,287,6.075,45.0,1,100.2,94.1,1399,163.1,78.9,22.98,-16.023,7.32,4.196,34.0,36.1,70.0,1702,1,8.6,0.22
1730,288,6.075,44.98,1,100.2,94.1,1399,163.1,78.9,22.92,-16.039,7.32,4.196,34.0,36.1,70.0,1702,1,8.5,0.21
1731,288,6.075,45.01,1,100.2,94.1,1399,163.1,78.8,22.93,-16.055,7.32,4.196,34.0,36.1,70.0,1702,1,8.5,0.22
1732,289,6.075,45.07,1,100.2,94.1,1399,163.1,79.0,22.91,-16.07,7.32,4.196,34.0,36.1,70.0,1702,1,8.5,0.23
1733,290,6.075,44.99,1,100.2,94.1,1400,163.1,78.9,22.92,-16.078,7.32,4.196,34.0,36.1,70.0,1702,1,8.5,0.21
1734,290,6.075,45.02,1,100.2,94.1,1399,163.1,78.8,22.96,-16.078,7.32,4.196,34.0,36.1,70.0,1702,1,8.5,0.22
1735,291,6.075,45.02,1,100.2,94.1,1399,163.3,78.7,22.87,-16.07,7.324,4.196,34.0,36.1,70.0,1702,1,8.5,0.23
1736,291,6.075,45.07,1,100.2,94.19999999999999,1400,163.3,78.8,22.92,-16.062,7.324,4.196,34.0,36.1,70.0,1702,1,8.5,0.22
1737,291,6.075,45.03,1,100.2,94.19999999999999,1400,163.3,78.9,22.93,-16.055,7.324,4.196,34.0,36.1,70.0,1702,1,8.4,0.23
1738,292,6.075,44.96,1,100.2,94.1,1400,163.2,78.7,22.96,-16.047,7.324,4.196,34.0,36.1,70.0,1702,1,8.4,0.23
1739,292,6.075,45.03,1,100.2,94.1,1400,163.2,78.8,22.94,-16.031,7.324,4.196,34.0,36.1,70.0,1702,1,8.4,0.23
1740,293,6.075,45.08,1,100.2,94.1,1401,163.1,78.8,22.95,-16.016,7.328,4.196,34.0,36.1,70.0,1702,1,8.4,0.23
1741,293,6.075,45.06,1,100.2,94.19999999999999,1400,163.3,78.7,22.94,-16.0,7.328,4.196,34.0,36.1,70.0,1702,1,8.4,0.22
1742,294,6.075,45.0,1,100.2,94.19999999999999,1400,163.3,78.8,22.89,-15.984,7.328,4.196,34.0,36.1,70.0,1702,1,8.4,0.23
1743,294,6.075,45.07,1,100.2,94.1,1401,163.1,78.9,22.93,-15.969,7.328,4.196,34.0,36.1,70.0,1702,1,8.4,0.22
1744,295,6.075,45.04,1,100.2,94.1,1400,163.1,78.9,22.88,-15.953,7.332,4.196,34.0,36.1,70.0,1701,1,8.3,0.22
1745,295,6.075,45.06,1,100.2,94.1,1400,163.0,78.8,22.91,-15.93,7.332,4.196,34.0,36.1,70.0,1701,1,8.3,0.22
1746,295,6.075,45.0,1,100.1,94.1,1400,162.9,78.9,22.91,-15.914,7.332,4.196,34.0,36.1,70.0,1701,1,8.3,0.22
1747,295,6.075,45.1,1,100.2,94.1,1400,163.1,79.0,22.9,-15.891,7.332,4.196,34.0,36.1,70.0,1701,1,8.3,0.22
1748,295,6.075,45.04,1,100.1,94.1,1400,163.1,78.8,22.77,-15.875,7.332,4.196,34.0,36.1,70.0,1701,1,8.3,0.21
1749,295,6.075,45.1,1,100.1,94.1,1400,163.2,79.0,22.62,-15.852,7.332,4.196,34.0,36.1,70.0,1701,1,8.2,0.22
1750,295,6.075,45.03,1,100.1,94.1,1400,163.4,78.9,22.62,-15.836,7.332,4.196,34.0,36.1,70.0,1701,1,8.2,0.21
1751,295,6.075,45.02,1,100.1,94.1,1400,163.4,78.8,22.47,-15.82,7.328,4.196,34.0,36.1,70.0,1701,1,8.2,0.21
1752,295,6.075,45.02,1,100.1,94.1,1400,163.3,78.8,20.46,-15.805,7.324,4.196,34.0,36.1,70.0,1701,1,8.2,0.22
1753,295,6.075,44.86,1,99.0,93.4,1398,163.4,78.4,16.54,-15.797,7.32,4.196,34.0,36.1,70.0,1701,1,8.2,0.22
1754,294,6.075,44.62,1,96.3,92.10000000000001,1384,163.4,77.3,13.0,-15.812,7.312,4.196,34.0,36.1,70.0,1701,1,8.2,0.2
1755,293,6.1,44.33,1,93.4,90.7,1358,163.5,75.9,10.32,-15.844,7.297,4.196,34.0,36.1,70.0,1701,1,8.2,0.21
1756,291,6.1,44.05,1,90.7,89.4,1325,163.7,74.4,7.28,-15.891,7.281,4.196,34.0,36.0,70.0,1701,1,8.2,0.2
1757,290,6.1,43.7,1,87.6,88.0,1288,164.0,73.1,3.34,-15.945,7.262,4.196,34.0,36.0,70.0,1701,1,8.1,0.21
1758,288,6.1,43.51,1,83.5,86.0,1245,164.6,71.1,-0.66,-16.016,7.242,4.196,34.0,36.0,70.0,1701,1,8.1,0.2
1759,286,6.1,43.15,1,79.2,84.2,1196,165.3,69.7,-4.19,-16.102,7.223,4.196,34.0,36.0,70.0,1700,1,8.1,0.2
1760,284,6.125,43.15,1,74.5,82.1,1144,165.9,68.2,-8.18,-16.188,7.199,4.196,34.0,35.9,70.0,1700,1,8.1,0.2
1761,282,6.125,42.97,1,69.1,79.80000000000001,1086,166.9,66.6,-11.88,-16.281,7.176,4.196,34.0,35.9,70.0,1700,1,8.1,0.19
1762,280,6.125,43.25,1,64.5,78.0,1030,167.9,65.3,-14.72,-16.383,7.152,4.196,34.0,35.8,70.0,1700,1,8.0,0.21
1763,278,6.125,43.4,1,59.0,74.9,979,168.9,63.8,-16.31,-16.484,7.125,4.196,34.0,35.8,70.0,1700,1,8.0,0.2
1764,276,6.125,39.9,1,54.7,73.0,929,170.1,62.7,-16.55,-16.602,7.102,4.196,34.0,35.8,70.0,1700,1,8.0,0.2
1765,273,6.125,38.18,1,52.6,72.5,897,171.2,62.4,-17.16,-16.711,7.082,4.196,34.0,35.7,70.0,1700,1,8.0,0.21
1766,271,6.125,34.8,1,50.5,71.3,874,172.3,62.1,-17.8,-16.812,7.063,4.196,33.0,35.6,70.0,1700,1,8.0,0.21
1767,268,6.125,33.21,1,48.8,70.39999999999999,851,173.6,61.7,-17.87,-16.922,7.047,4.196,33.0,35.5,70.0,1700,1,8.0,0.2
1768,266,6.125,32.74,1,47.9,70.3,835,174.7,61.9,-17.86,-17.023,7.031,4.196,33.0,35.4,70.0,1700,1,8.0,0.21
1769,263,6.125,31.84,1,47.4,70.1,825,175.7,61.8,-18.3,-17.117,7.016,4.196,33.0,35.3,70.0,1700,1,8.0,0.21
1770,261,6.125,30.22,1,46.400000000000006,69.19999999999999,813,176.9,61.5,-18.39,-17.219,7.004,4.196,33.0,35.2,70.0,1700,1,7.9,0.19
1771,259,6.125,29.6,1,45.7,69.0,801,178.1,61.5,-18.42,-17.32,6.988,4.196,33.0,35.1,70.0,1700,1,7.9,0.19
1772,256,6.15,29.37,1,45.4,68.89999999999999,792,179.2,61.5,-18.38,-17.414,6.977,4.196,33.0,34.9,70.0,1700,1,7.9,0.2
1773,254,6.15,29.62,1,45.4,69.1,787,180.4,61.5,-17.59,-17.516,6.965,4.196,32.0,34.7,70.0,1700,1,7.9,0.21
1774,252,6.15,34.75,1,47.5,71.6,792,181.5,62.6,-15.78,-17.609,6.953,4.196,32.0,34.5,70.0,1700,1,7.9,0.21
1775,249,6.15,40.4,1,51.7,74.5,820,182.7,63.8,-14.55,-17.711,6.941,4.196,32.0,34.4,70.0,1699,1,7.9,0.21
1776,247,6.15,44.25,1,56.2,76.7,854,183.7,65.0,-13.4,-17.797,6.938,4.196,32.0,34.3,70.0,1699,1,7.8,0.21
1777,245,6.125,44.58,1,59.599999999999994,77.60000000000001,886,184.5,65.7,-12.9,-17.883,6.934,4.196,32.0,34.2,70.0,1699,1,7.8,0.21
1778,244,6.125,43.74,1,61.199999999999996,77.60000000000001,898,185.3,66.0,-11.85,-17.984,6.93,4.196,32.0,34.1,70.0,1699,1,7.8,0.21
1779,242,6.15,43.68,1,62.5,78.10000000000001,897,186.0,66.4,-11.46,-18.086,6.926,4.196,32.0,34.1,70.0,1699,1,7.8,0.21
1780,240,6.15,43.74,1,63.2,78.2,894,186.7,66.6,-10.79,-18.203,6.922,4.196,32.0,34.1,70.0,1699,1,7.8,0.21
1781,239,6.15,43.69,1,67.5,81.0,900,187.4,67.7,23.12,-18.312,6.918,4.196,32.0,34.1,70.0,1699,1,7.8,0.21
1782,237,6.15,43.62,1,75.4,85.0,952,188.0,69.6,23.25,-18.406,6.918,4.196,32.0,34.1,70.0,1699,1,7.8,0.23
1783,236,6.15,44.67,1,85.2,89.4,1037,188.2,72.7,22.82,-18.477,6.922,4.196,31.0,34.2,70.0,1699,1,7.7,0.23
1784,236,6.15,46.03,1,95.89999999999999,94.6,1136,188.2,76.5,23.01,-18.508,6.938,4.196,32.0,34.2,70.0,1699,1,7.7,0.24
1785,236,6.15,45.75,1,99.6,94.0,1236,187.9,78.7,22.91,-18.523,6.957,4.196,32.0,34.2,70.0,1699,1,7.7,0.24
1786,237,6.15,45.47,1,100.4,93.89999999999999,1306,187.4,79.3,22.95,-18.57,6.969,4.196,32.0,34.3,70.0,1699,1,7.7,0.23
1787,238,6.15,45.47,1,100.6,93.89999999999999,1327,186.8,79.2,22.93,-18.648,6.973,4.196,32.0,34.3,70.0,1699,1,7.6,0.22
1788,238,6.15,45.3,1,100.6,93.89999999999999,1339,186.0,79.2,22.91,-18.742,6.977,4.196,32.0,34.3,70.0,1699,1,7.6,0.23
1789,238,6.15,45.14,1,100.69999999999999,93.89999999999999,1348,184.8,79.1,22.91,-18.859,6.977,4.196,32.0,34.3,70.0,1699,1,7.6,0.22
1790,238,6.15,45.61,1,100.8,93.89999999999999,1355,183.2,78.9,22.89,-18.969,6.977,4.196,32.0,34.3,70.0,1698,1,7.6,0.22
1791,238,6.175,45.48,1,100.8,93.8,1361,181.5,78.8,22.91,-19.07,6.973,4.196,32.0,34.4,70.0,1698,1,7.6,0.23
1792,237,6.175,45.15,1,100.89999999999999,93.8,1366,179.7,78.6,22.88,-19.18,6.969,4.196,32.0,34.4,70.0,1698,1,7.6,0.23
1793,237,6.175,45.32,1,100.89999999999999,93.8,1370,178.1,78.7,22.85,-19.289,6.961,4.196,32.0,34.4,70.0,1698,1,7.5,0.23
1794,237,6.175,45.24,1,101.0,93.8,1373,176.6,78.6,22.86,-19.406,6.953,4.196,32.0,34.4,70.0,1698,1,7.5,0.22
1795,236,6.175,45.08,1,101.1,93.7,1377,175.3,78.5,22.81,-19.523,6.949,4.196,32.0,34.4,70.0,1698,1,7.5,0.22
1796,236,6.2,45.27,1,101.2,93.7,1379,174.1,78.7,22.9,-19.625,6.941,4.196,32.0,34.4,70.0,1698,1,7.5,0.23
1797,236,6.2,45.05,1,101.2,93.7,1381,173.0,78.6,22.96,-19.742,6.93,4.196,32.0,34.4,70.0,1698,1,7.5,0.21
1798,236,6.2,45.3,1,101.2,93.7,1383,172.0,78.5,22.97,-19.844,6.922,4.196,32.0,34.5,70.0,1698,1,7.4,0.23
1799,236,6.2,45.27,1,101.29999999999998,93.7,1385,171.3,78.3,22.87,-19.945,6.914,4.196,32.0,34.5,70.0,1698,1,7.4,0.22
1800,236,6.2,45.27,1,101.4,93.7,1386,170.5,78.5,22.83,-20.047,6.906,4.196,32.0,34.6,70.0,1698,1,7.4,0.23
1801,236,6.2,45.16,1,101.4,93.7,1386,169.8,78.5,22.83,-20.141,6.898,4.196,32.0,34.7,70.0,1698,1,7.4,0.22
1802,235,6.225,45.14,1,101.4,93.7,1387,169.1,78.4,22.93,-20.242,6.887,4.196,32.0,34.7,70.0,1698,1,7.3,0.22
1803,235,6.225,45.14,1,101.49999999999999,93.7,1388,168.4,78.5,22.8,-20.328,6.879,4.196,33.0,34.8,70.0,1698,1,7.3,0.23
1804,235,6.225,45.28,1,101.49999999999999,93.7,1389,167.8,78.6,22.94,-20.43,6.867,4.196,33.0,34.9,70.0,1698,1,7.3,0.22
1805,235,6.225,45.13,1,101.6,93.7,1390,167.3,78.4,22.99,-20.523,6.859,4.196,33.0,35.0,70.0,1698,1,7.3,0.22
1806,235,6.225,45.16,1,101.6,93.7,1390,166.8,78.3,22.86,-20.617,6.852,4.196,33.0,35.1,70.0,1698,1,7.3,0.23
1807,235,6.225,45.14,1,101.69999999999999,93.7,1390,166.3,78.3,22.96,-20.695,6.844,4.196,33.0,35.2,70.0,1697,1,7.2,0.23
1808,235,6.25,45.04,1,101.69999999999999,93.7,1390,165.9,78.3,22.96,-20.789,6.836,4.196,33.0,35.3,70.0,1697,1,7.2,0.23
1809,235,6.25,45.06,1,101.69999999999999,93.7,1391,165.7,78.4,22.96,-20.867,6.824,4.196,33.0,35.5,70.0,1697,1,7.2,0.23
1810,234,6.25,45.09,1,101.6,93.7,1391,165.3,78.3,22.93,-20.953,6.816,4.196,34.0,35.6,70.0,1697,1,7.1,0.23
1811,234,6.25,45.03,1,101.69999999999999,93.7,1392,165.1,78.2,22.92,-21.047,6.809,4.196,34.0,35.7,70.0,1697,1,7.1,0.22
1812,234,6.25,45.1,1,101.6,93.7,1391,164.8,78.3,23.02,-21.117,6.801,4.196,34.0,35.9,70.0,1697,1,7.1,0.22
1813,234,6.25,45.06,1,101.69999999999999,93.7,1391,164.5,78.3,22.86,-21.203,6.793,4.196,34.0,36.0,70.0,1697,1,7.1,0.23
1814,234,6.25,45.05,1,101.69999999999999,93.7,1392,164.4,78.1,22.89,-21.273,6.785,4.196,34.0,36.1,70.0,1697,1,7.1,0.22
1815,234,6.275,45.15,1,101.6,93.7,1392,164.1,78.2,22.93,-21.359,6.777,4.196,34.0,36.2,70.0,1697,1,7.0,0.22
1816,234,6.275,45.12,1,101.6,93.7,1392,164.0,78.2,22.91,-21.43,6.766,4.196,35.0,36.4,70.0,1697,1,7.0,0.23
1817,233,6.275,45.04,1,101.69999999999999,93.7,1392,163.8,78.3,22.98,-21.5,6.762,4.196,35.0,36.5,70.0,1697,1,6.9,0.23
1818,233,6.275,45.05,1,101.69999999999999,93.7,1392,163.7,78.4,22.87,-21.57,6.75,4.196,35.0,36.6,70.0,1697,1,6.9,0.21
1819,233,6.275,44.99,1,101.69999999999999,93.7,1392,163.6,78.3,22.88,-21.633,6.742,4.196,35.0,36.8,70.0,1697,1,6.9,0.22
1820,233,6.275,45.02,1,101.69999999999999,93.7,1392,163.3,78.2,22.88,-21.688,6.734,4.196,35.0,36.9,70.0,1697,1,6.9,0.21
1821,233,6.275,44.98,1,101.69999999999999,93.7,1392,163.3,78.3,22.95,-21.742,6.727,4.196,35.0,37.1,70.0,1697,1,6.9,0.2
1822,233,6.3,44.99,1,101.69999999999999,93.7,1392,163.3,78.2,22.93,-21.805,6.719,4.196,35.0,37.2,70.0,1697,1,6.8,0.22
1823,233,6.3,44.96,1,101.69999999999999,93.7,1393,163.3,78.2,22.92,-21.859,6.711,4.196,35.0,37.4,70.0,1697,1,6.8,0.22
1824,233,6.3,45.01,1,101.69999999999999,93.7,1392,163.3,78.0,22.82,-21.914,6.703,4.196,35.0,37.6,70.0,1696,1,6.8,0.21
1825,232,6.3,44.87,1,101.69999999999999,93.7,1393,163.1,78.2,22.8,-21.977,6.691,4.196,36.0,37.7,70.0,1696,1,6.7,0.22
1826,232,6.3,45.08,1,101.69999999999999,93.7,1393,163.2,78.1,23.06,-22.023,6.684,4.196,36.0,37.8,70.0,1696,1,6.7,0.22
1827,232,6.3,45.05,1,101.69999999999999,93.7,1393,163.2,78.1,22.91,-22.078,6.676,4.196,36.0,38.0,70.0,1696,1,6.7,0.22
1828,232,6.3,44.96,1,101.69999999999999,93.7,1392,163.2,78.1,22.96,-22.125,6.672,4.196,36.0,38.2,70.0,1696,1,6.7,0.23
1829,232,6.325,45.1,1,101.8,93.7,1392,163.1,78.1,23.01,-22.18,6.664,4.196,37.0,38.3,70.0,1696,1,6.6,0.23
1830,231,6.325,44.91,1,101.8,93.7,1392,162.9,78.0,22.79,-22.219,6.656,4.196,37.0,38.5,69.0,1696,1,6.6,0.22
1831,231,6.325,45.0,1,101.8,93.7,1392,162.9,78.1,22.92,-22.266,6.645,4.196,37.0,38.7,69.0,1696,1,6.6,0.23
1832,231,6.325,44.91,1,101.8,93.7,1391,163.0,78.0,23.0,-22.312,6.637,4.196,37.0,38.9,69.0,1696,1,6.5,0.23
1833,231,6.325,44.93,1,101.8,93.7,1391,163.1,78.2,22.98,-22.352,6.629,4.196,37.0,39.1,69.0,1696,1,6.5,0.23
1834,231,6.325,44.89,1,101.8,93.7,1391,163.1,78.0,22.91,-22.398,6.621,4.196,37.0,39.3,69.0,1696,1,6.5,0.22
1835,231,6.325,44.82,1,101.8,93.7,1391,163.1,78.1,22.83,-22.445,6.613,4.196,38.0,39.5,69.0,1696,1,6.4,0.23
1836,231,6.325,44.85,1,101.8,93.7,1391,163.1,78.0,22.73,-22.5,6.605,4.196,38.0,39.7,69.0,1696,1,6.4,0.23
1837,231,6.35,44.86,1,101.8,93.7,1390,163.2,78.1,22.87,-22.547,6.598,4.196,38.0,39.8,69.0,1696,1,6.4,0.23
1838,231,6.35,44.97,1,101.89999999999999,93.7,1391,163.2,78.1,22.91,-22.602,6.59,4.196,39.0,40.1,69.0,1696,1,6.3,0.24
1839,230,6.35,44.9,1,101.89999999999999,93.7,1390,163.4,77.9,23.0,-22.664,6.582,4.196,39.0,40.2,69.0,1696,1,6.3,0.25
1840,230,6.35,44.87,1,101.8,93.60000000000001,1390,163.4,78.0,22.91,-22.719,6.574,4.196,39.0,40.4,69.0,1696,1,6.3,0.25
1841,230,6.35,44.83,1,101.8,93.60000000000001,1389,163.5,77.8,22.92,-22.789,6.566,4.196,39.0,40.7,69.0,1696,1,6.2,0.24
1842,230,6.35,44.92,1,101.89999999999999,93.60000000000001,1390,163.6,77.9,22.88,-22.844,6.559,4.196,40.0,40.9,69.0,1695,1,6.2,0.24
1843,230,6.35,44.87,1,101.89999999999999,93.60000000000001,1390,163.7,77.8,22.86,-22.914,6.551,4.196,40.0,41.1,69.0,1695,1,6.2,0.24
1844,230,6.375,44.97,1,101.89999999999999,93.60000000000001,1389,163.6,78.1,22.89,-22.969,6.543,4.196,40.0,41.3,69.0,1695,1,6.1,0.24
1845,230,6.375,44.9,1,101.89999999999999,93.60000000000001,1389,163.4,77.7,22.88,-23.039,6.535,4.196,40.0,41.6,69.0,1695,1,6.1,0.24
1846,229,6.375,44.72,1,101.89999999999999,93.60000000000001,1389,163.5,77.6,22.86,-23.117,6.523,4.196,40.0,41.8,69.0,1695,1,6.1,0.24
1847,229,6.375,44.8,1,102.0,93.60000000000001,1389,163.6,77.7,22.82,-23.188,6.516,4.196,41.0,42.1,69.0,1695,1,6.0,0.23
1848,229,6.375,44.84,1,101.89999999999999,93.60000000000001,1388,163.7,77.7,22.89,-23.273,6.508,4.196,41.0,42.3,69.0,1695,1,6.0,0.23
1849,229,6.375,44.75,1,101.89999999999999,93.5,1388,163.5,77.7,22.86,-23.336,6.496,4.196,41.0,42.5,69.0,1695,1,6.0,0.24
1850,229,6.375,44.69,1,102.0,93.60000000000001,1387,163.7,77.8,22.86,-23.43,6.488,4.196,41.0,42.8,69.0,1695,1,5.9,0.23
1851,228,6.375,44.79,1,101.89999999999999,93.60000000000001,1386,163.8,77.7,22.9,-23.5,6.48,4.196,42.0,43.1,69.0,1695,1,5.9,0.23
1852,228,6.4,44.75,1,101.89999999999999,93.60000000000001,1386,164.0,77.7,22.88,-23.586,6.469,4.196,42.0,43.3,69.0,1695,1,5.9,0.24
1853,228,6.4,44.7,1,101.89999999999999,93.5,1386,164.1,77.6,22.86,-23.664,6.461,4.196,42.0,43.6,69.0,1695,1,5.8,0.24
1854,228,6.4,44.76,1,101.89999999999999,93.5,1385,164.0,77.6,22.89,-23.75,6.453,4.196,43.0,43.8,69.0,1695,1,5.8,0.25
1855,228,6.4,44.92,1,102.0,93.60000000000001,1385,164.2,77.6,22.89,-23.836,6.445,4.196,43.0,44.1,69.0,1695,1,5.8,0.24
1856,228,6.4,44.73,1,102.0,93.60000000000001,1385,164.3,77.8,22.87,-23.922,6.438,4.196,43.0,44.4,69.0,1695,1,5.7,0.24
1857,227,6.4,44.82,1,102.0,93.5,1385,164.5,77.8,22.87,-24.008,6.43,4.196,43.0,44.7,69.0,1695,1,5.7,0.24
1858,227,6.4,44.71,1,102.0,93.5,1385,164.5,77.8,22.9,-24.078,6.418,4.196,44.0,45.0,69.0,1695,1,5.7,0.24
1859,227,6.4,44.67,1,102.0,93.5,1384,164.6,77.7,22.88,-24.172,6.41,4.196,44.0,45.3,69.0,1695,1,5.6,0.25
1860,227,6.425,44.61,1,102.0,93.5,1384,164.7,77.7,22.89,-24.242,6.402,4.196,44.0,45.6,69.0,1695,1,5.6,0.25
1861,227,6.425,44.67,1,102.0,93.5,1384,164.7,77.8,22.84,-24.328,6.395,4.196,45.0,45.9,69.0,1694,1,5.5,0.25
1862,227,6.425,44.91,1,102.0,93.5,1383,164.9,77.6,22.86,-24.406,6.387,4.196,45.0,46.2,69.0,1694,1,5.5,0.26
1863,227,6.425,44.67,1,102.0,93.5,1384,165.0,77.6,22.86,-24.492,6.379,4.196,45.0,46.5,69.0,1694,1,5.5,0.25
1864,227,6.425,44.82,1,102.1,93.5,1384,165.1,77.6,22.89,-24.586,6.371,4.196,46.0,46.9,69.0,1694,1,5.4,0.25
1865,227,6.425,44.75,1,102.0,93.4,1384,165.2,77.5,22.9,-24.664,6.363,4.196,46.0,47.2,69.0,1694,1,5.4,0.25
1866,227,6.425,44.72,1,102.0,93.5,1383,165.2,77.8,22.91,-24.75,6.359,4.196,47.0,47.6,69.0,1694,1,5.3,0.25
1867,227,6.425,44.86,1,102.0,93.5,1384,165.3,77.7,22.89,-24.828,6.352,4.196,47.0,48.0,69.0,1694,1,5.3,0.25
1868,227,6.425,44.81,1,102.0,93.5,1383,165.5,77.7,22.85,-24.906,6.348,4.196,48.0,48.4,69.0,1694,1,5.3,0.25
1869,227,6.425,44.97,1,101.89999999999999,93.4,1383,165.5,77.4,22.93,-24.969,6.344,4.196,48.0,48.8,69.0,1694,1,5.2,0.25
1870,227,6.45,44.79,1,102.0,93.4,1382,165.6,77.6,22.87,-25.047,6.336,4.196,48.0,49.2,69.0,1694,1,5.2,0.24
1871,228,6.45,44.91,1,102.0,93.4,1382,165.7,77.5,22.85,-25.117,6.332,4.196,48.0,49.6,69.0,1694,1,5.1,0.24
1872,228,6.45,44.61,1,102.0,93.4,1382,165.8,77.4,22.86,-25.172,6.324,4.196,49.0,50.0,69.0,1694,1,5.1,0.23
1873,228,6.45,44.73,1,102.0,93.4,1382,165.7,77.3,22.88,-25.25,6.32,4.196,50.0,50.4,69.0,1694,1,5.1,0.23
1874,228,6.45,44.84,1,102.0,93.4,1382,165.9,77.5,22.9,-25.305,6.312,4.196,50.0,50.8,69.0,1694,1,5.0,0.23
1875,228,6.45,44.6,1,102.0,93.4,1382,166.0,77.6,22.88,-25.367,6.309,4.196,51.0,51.2,69.0,1694,1,5.0,0.23
1876,228,6.45,44.68,1,102.0,93.5,1382,166.1,77.5,22.91,-25.406,6.305,4.196,51.0,51.6,69.0,1694,1,5.0,0.24
1877,228,6.45,44.62,1,102.0,93.4,1383,166.2,77.4,22.88,-25.461,6.297,4.196,52.0,52.1,69.0,1694,1,4.9,0.24
1878,228,6.45,44.96,1,102.1,93.5,1382,166.2,77.6,22.91,-25.516,6.293,4.196,53.0,52.5,69.0,1694,1,4.9,0.24
1879,228,6.45,44.62,1,102.0,93.4,1382,166.1,77.5,22.9,-25.555,6.285,4.196,53.0,53.0,69.0,1694,1,4.8,0.25
1880,228,6.45,44.87,1,102.0,93.4,1382,166.2,77.5,22.89,-25.602,6.281,4.196,53.0,53.4,69.0,1694,1,4.8,0.24
1881,229,6.45,44.92,1,102.0,93.4,1381,166.2,77.4,22.92,-25.641,6.273,4.196,54.0,53.9,69.0,1693,1,4.7,0.24
1882,229,6.475,44.79,1,102.0,93.4,1381,166.3,77.5,22.88,-25.695,6.27,4.196,54.0,54.3,69.0,1693,1,4.7,0.24
1883,229,6.475,44.86,1,102.0,93.4,1382,166.3,77.4,22.87,-25.734,6.266,4.196,54.0,54.8,69.0,1693,1,4.6,0.23
1884,229,6.475,44.66,1,102.0,93.4,1382,166.3,77.6,22.91,-25.773,6.262,4.196,55.0,55.3,69.0,1693,1,4.6,0.24
1885,229,6.475,44.66,1,102.1,93.4,1381,166.3,77.5,22.91,-25.82,6.258,4.196,56.0,55.8,69.0,1693,1,4.6,0.24
1886,229,6.475,44.91,1,102.0,93.4,1381,166.5,77.6,22.89,-25.859,6.25,4.196,56.0,56.3,69.0,1693,1,4.5,0.23
1887,229,6.475,44.85,1,102.0,93.4,1381,166.4,77.6,22.85,-25.898,6.246,4.196,57.0,56.8,69.0,1693,1,4.5,0.23
1888,229,6.475,44.82,1,102.1,93.4,1381,166.4,77.5,22.84,-25.93,6.242,4.196,58.0,57.4,69.0,1693,1,4.4,0.24
1889,229,6.475,44.93,1,102.0,93.4,1381,166.5,77.4,22.86,-25.969,6.234,4.196,58.0,57.9,69.0,1693,1,4.4,0.24
1890,229,6.475,44.54,1,102.1,93.4,1381,166.6,77.4,22.87,-26.008,6.227,4.196,60.0,58.5,69.0,1693,1,4.4,0.25
1891,229,6.475,44.61,1,102.1,93.4,1381,166.8,77.5,22.88,-26.047,6.223,4.196,60.0,59.0,69.0,1693,1,4.3,0.23
1892,229,6.475,44.57,1,102.1,93.4,1380,166.8,77.5,22.89,-26.102,6.219,4.196,60.0,59.7,69.0,1693,1,4.3,0.24
1893,229,6.5,44.61,1,102.1,93.4,1380,166.8,77.5,22.9,-26.141,6.211,4.196,60.0,60.2,69.0,1693,1,4.2,0.24
1894,229,6.5,44.91,1,102.1,93.4,1380,166.9,77.6,22.89,-26.188,6.207,4.196,61.0,60.7,69.0,1693,1,4.2,0.24
1895,229,6.5,44.88,1,102.1,93.4,1380,166.8,77.5,22.93,-26.234,6.199,4.196,62.0,61.3,69.0,1693,1,4.2,0.24
1896,229,6.5,44.98,1,102.1,93.4,1379,166.9,77.7,22.93,-26.281,6.195,4.196,62.0,61.9,69.0,1693,1,4.1,0.24
1897,229,6.5,45.01,1,102.1,93.30000000000001,1379,166.9,77.5,22.87,-26.32,6.188,4.196,63.0,62.5,69.0,1693,1,4.0,0.24
1898,229,6.5,44.96,1,102.1,93.30000000000001,1379,167.0,77.4,22.93,-26.367,6.184,4.196,64.0,63.0,69.0,1693,1,4.0,0.25
1899,229,6.5,44.77,1,102.1,93.30000000000001,1379,167.1,77.3,22.88,-26.414,6.18,4.196,64.0,63.6,69.0,1693,1,4.0,0.24
1900,229,6.5,44.89,1,102.1,93.30000000000001,1378,166.9,77.4,22.9,-26.461,6.172,4.196,65.0,64.2,69.0,1693,1,3.9,0.24
1901,229,6.5,44.76,1,102.1,93.30000000000001,1379,166.9,77.4,22.88,-26.516,6.168,4.196,66.0,64.8,69.0,1693,1,3.9,0.24
1902,229,6.5,44.66,1,102.1,93.30000000000001,1378,166.9,77.5,22.88,-26.555,6.16,4.196,66.0,65.3,69.0,1692,1,3.8,0.24
1903,229,6.5,44.58,1,102.1,93.30000000000001,1378,167.0,77.4,22.89,-26.609,6.156,4.196,67.0,65.9,69.0,1692,1,3.8,0.24
1904,229,6.525,44.82,1,102.1,93.30000000000001,1377,167.2,77.4,22.86,-26.648,6.152,4.196,67.0,66.5,69.0,1692,1,3.7,0.24
1905,229,6.525,44.49,1,102.1,93.30000000000001,1377,167.2,77.3,22.89,-26.703,6.145,4.196,67.0,67.1,69.0,1692,1,3.7,0.24
1906,229,6.525,44.68,1,102.2,93.30000000000001,1377,167.2,77.3,22.88,-26.758,6.141,4.196,67.0,67.7,69.0,1692,1,3.6,0.25
1907,229,6.525,44.64,1,102.1,93.30000000000001,1377,167.3,77.4,22.89,-26.805,6.133,4.196,69.0,68.3,69.0,1692,1,3.6,0.25
1908,229,6.525,44.56,1,102.1,93.30000000000001,1377,167.3,77.4,22.87,-26.859,6.125,4.196,70.0,68.9,69.0,1692,1,3.5,0.24
1909,229,6.525,44.66,1,102.1,93.30000000000001,1377,167.3,77.5,22.86,-26.914,6.117,4.196,70.0,69.6,69.0,1692,1,3.5,0.25
1910,229,6.525,44.47,1,102.2,93.30000000000001,1377,167.4,77.4,22.86,-26.969,6.113,4.196,71.0,70.2,69.0,1692,1,3.5,0.25
1911,229,6.525,44.72,1,102.2,93.2,1377,167.4,77.4,22.86,-27.023,6.105,4.196,72.0,70.9,69.0,1692,1,3.4,0.24
1912,229,6.525,44.77,1,102.2,93.30000000000001,1377,167.4,77.3,22.9,-27.086,6.098,4.196,72.0,71.5,69.0,1692,1,3.4,0.23
1913,229,6.525,44.81,1,102.2,93.30000000000001,1377,167.6,77.4,22.89,-27.133,6.094,4.196,73.0,72.2,69.0,1692,1,3.3,0.23
1914,229,6.525,44.67,1,102.2,93.30000000000001,1376,167.6,77.2,22.89,-27.203,6.09,4.196,75.0,72.9,69.0,1692,1,3.3,0.24
1915,229,6.525,44.81,1,102.2,93.2,1376,167.6,77.3,22.88,-27.258,6.082,4.196,76.0,73.6,69.0,1692,1,3.2,0.24
1916,229,6.55,44.89,1,102.2,93.2,1376,167.8,77.2,22.96,-27.328,6.074,4.196,76.0,74.3,69.0,1692,1,3.2,0.23
1917,229,6.55,44.67,1,102.2,93.2,1376,167.9,77.2,22.94,-27.383,6.07,4.196,76.0,75.1,69.0,1692,1,3.1,0.23
1918,229,6.55,44.93,1,102.2,93.30000000000001,1375,167.9,77.3,22.89,-27.43,6.062,4.196,77.0,75.7,69.0,1692,1,3.1,0.24
1919,229,6.55,45.0,1,102.2,93.2,1376,167.9,77.2,22.9,-27.484,6.059,4.196,78.0,76.5,69.0,1692,1,3.0,0.24
1920,229,6.55,44.84,1,102.2,93.2,1375,167.9,77.2,22.86,-27.547,6.051,4.196,79.0,77.2,69.0,1692,1,3.0,0.23
1921,229,6.55,44.65,1,102.2,93.2,1375,167.9,77.3,22.86,-27.602,6.047,4.196,79.0,77.9,69.0,1692,1,2.9,0.23
1922,229,6.55,44.84,1,102.2,93.2,1375,167.9,77.3,22.88,-27.648,6.039,4.196,80.0,78.7,69.0,1692,1,2.9,0.24
1923,229,6.55,44.71,1,102.2,93.2,1375,167.9,77.3,22.91,-27.711,6.035,4.196,81.0,79.4,69.0,1692,1,2.8,0.24
1924,229,6.55,44.9,1,102.2,93.2,1375,167.9,77.2,22.89,-27.758,6.031,4.196,82.0,80.1,69.0,1692,1,2.8,0.24
1925,229,6.55,44.89,1,102.2,93.2,1375,167.9,77.2,22.88,-27.805,6.023,4.196,82.0,80.9,69.0,1691,1,2.7,0.24
1926,229,6.55,44.99,1,102.2,93.2,1375,167.9,77.1,22.86,-27.852,6.016,4.196,83.0,81.6,69.0,1691,1,2.7,0.24
1927,229,6.55,44.56,1,102.2,93.10000000000001,1374,168.0,77.1,22.87,-27.914,6.012,4.196,84.0,82.3,69.0,1691,1,2.6,0.24
1928,229,6.575,44.86,1,102.2,93.10000000000001,1374,168.0,77.1,22.89,-27.969,6.004,4.196,85.0,83.3,69.0,1691,1,2.6,0.23
1929,229,6.575,44.72,1,102.2,93.2,1373,168.1,77.1,22.91,-28.016,6.0,4.196,85.0,84.0,69.0,1691,1,2.5,0.23
1930,229,6.575,44.87,1,102.2,93.2,1373,168.0,77.2,22.88,-28.07,5.996,4.196,87.0,84.8,69.0,1691,1,2.5,0.24
1931,229,6.575,44.71,1,102.2,93.2,1374,168.1,77.2,22.91,-28.133,5.988,4.196,87.0,85.6,69.0,1691,1,2.4,0.24
1932,229,6.575,44.57,1,102.2,93.10000000000001,1374,168.2,77.2,22.89,-28.18,5.984,4.196,88.0,86.5,69.0,1691,1,2.4,0.24
1933,229,6.575,44.29,1,102.2,93.10000000000001,1373,168.5,77.3,22.88,-28.258,5.977,4.196,89.0,87.3,69.0,1691,1,2.3,0.25
1934,229,6.575,44.49,1,102.2,93.10000000000001,1373,168.5,77.2,22.83,-28.312,5.973,4.196,90.0,88.2,69.0,1691,1,2.3,0.25
1935,229,6.575,44.55,1,102.2,93.10000000000001,1373,168.5,77.1,22.86,-28.375,5.965,4.196,91.0,89.0,69.0,1691,1,2.2,0.24
1936,229,6.575,44.37,1,102.2,93.10000000000001,1372,168.7,77.2,22.86,-28.43,5.961,4.196,92.0,89.9,69.0,1691,1,2.2,0.25
1937,229,6.575,44.81,1,102.2,93.10000000000001,1372,168.7,77.2,22.87,-28.484,5.957,4.196,93.0,90.8,69.0,1691,1,2.1,0.25
1938,229,6.575,44.78,1,102.2,93.10000000000001,1371,168.6,77.2,22.9,-28.547,5.949,4.196,94.0,91.7,69.0,1691,1,2.1,0.25
1939,229,6.575,44.89,1,102.2,93.10000000000001,1372,168.7,77.2,22.83,-28.602,5.945,4.196,95.0,92.5,69.0,1691,1,2.0,0.25
1940,229,6.6,44.5,1,102.2,93.10000000000001,1371,168.7,77.2,22.89,-28.656,5.938,4.196,96.0,93.5,69.0,1691,1,2.0,0.25
1941,229,6.6,44.77,1,102.3,93.10000000000001,1371,168.7,77.2,22.85,-28.703,5.934,4.196,97.0,94.4,69.0,1691,1,1.9,0.24
1942,229,6.6,44.89,1,102.2,93.10000000000001,1371,168.6,77.1,22.88,-28.758,5.93,4.196,98.0,95.3,69.0,1691,1,1.8,0.24
1943,229,6.6,44.92,1,102.2,93.10000000000001,1371,168.7,77.2,22.86,-28.805,5.922,4.196,98.0,96.2,69.0,1691,1,1.8,0.25
1944,229,6.6,44.8,1,102.2,93.10000000000001,1371,168.8,77.1,22.88,-28.844,5.918,4.196,99.0,97.2,69.0,1691,1,1.8,0.24
1945,229,6.6,44.76,1,102.2,93.10000000000001,1372,168.9,77.2,22.78,-28.891,5.914,4.196,100.0,98.1,69.0,1691,1,1.7,0.24
1946,229,6.6,44.67,1,102.2,93.10000000000001,1371,168.9,77.2,22.82,-28.93,5.906,4.196,102.0,99.0,69.0,1691,1,1.7,0.24
1947,229,6.6,44.86,1,102.2,93.10000000000001,1371,168.9,77.2,22.91,-28.977,5.902,4.196,103.0,100.0,69.0,1691,1,1.6,0.25
1948,229,6.6,44.97,1,102.2,93.10000000000001,1371,169.0,77.1,22.85,-29.023,5.895,4.196,104.0,100.9,69.0,1690,1,1.5,0.24
1949,229,6.6,44.36,1,102.2,93.10000000000001,1371,169.0,77.2,22.82,-29.078,5.891,4.196,105.0,101.8,69.0,1690,1,1.5,0.25
1950,229,6.6,44.35,1,102.2,93.0,1370,169.1,77.1,22.84,-29.125,5.883,4.196,106.0,102.8,69.0,1690,1,1.5,0.25
1951,229,6.6,44.56,1,102.2,93.0,1370,169.1,77.0,22.83,-29.172,5.879,4.196,107.0,103.7,69.0,1690,1,1.4,0.24
1952,229,6.6,44.27,1,102.2,93.0,1370,169.2,77.1,22.91,-29.227,5.871,4.196,107.0,104.6,69.0,1690,1,1.3,0.25
1953,229,6.625,44.43,1,102.2,93.0,1370,169.2,77.1,22.96,-29.273,5.867,4.196,108.0,105.5,69.0,1690,1,1.3,0.25
1954,229,6.625,44.38,1,102.3,93.0,1369,169.2,77.0,22.85,-29.32,5.863,4.196,108.0,106.3,69.0,1690,1,1.2,0.25
1955,229,6.625,44.76,1,102.2,93.0,1369,169.3,77.0,22.93,-29.375,5.855,4.196,111.0,107.2,69.0,1690,1,1.2,0.25
1956,228,6.625,44.59,1,102.2,93.0,1369,169.4,76.9,22.93,-29.438,5.852,4.196,111.0,108.1,69.0,1690,1,1.1,0.25
1957,228,6.625,44.9,1,102.2,93.0,1369,169.3,77.0,22.85,-29.484,5.848,4.196,112.0,109.0,69.0,1690,1,1.1,0.25
1958,228,6.625,44.49,1,102.2,93.0,1370,169.3,76.9,22.87,-29.539,5.84,4.196,113.0,109.8,69.0,1690,1,1.0,0.24
1959,228,6.625,44.74,1,102.3,93.0,1369,169.3,77.0,22.89,-29.594,5.836,4.196,114.0,110.7,69.0,1690,1,1.0,0.25
1960,228,6.625,44.39,1,102.2,93.0,1369,169.4,77.0,22.92,-29.641,5.832,4.196,115.0,111.5,69.0,1690,1,0.9,0.25
1961,228,6.625,44.76,1,102.2,93.0,1368,169.4,77.0,22.89,-29.703,5.824,4.196,115.0,112.4,69.0,1690,1,0.8,0.24
1962,228,6.625,44.74,1,102.2,93.0,1368,169.5,77.0,22.88,-29.75,5.82,4.196,116.0,113.3,69.0,1690,1,0.8,0.25
1963,228,6.625,44.9,1,102.2,92.9,1368,169.5,77.1,22.89,-29.812,5.813,4.196,118.0,114.2,69.0,1690,1,0.7,0.25
1964,228,6.65,44.82,1,102.2,92.9,1368,169.4,77.1,22.91,-29.859,5.809,4.196,119.0,115.1,69.0,1690,1,0.7,0.25
1965,228,6.65,44.64,1,102.2,92.9,1367,169.3,77.0,22.94,-29.914,5.805,4.196,119.0,116.0,69.0,1690,1,0.6,0.25
1966,228,6.65,44.36,1,102.2,92.9,1367,169.4,77.0,22.89,-29.969,5.797,4.196,120.0,116.9,69.0,1690,1,0.6,0.25
1967,228,6.65,44.26,1,102.2,93.0,1367,169.5,76.9,22.89,-30.016,5.793,4.196,121.0,117.8,69.0,1690,1,0.5,0.26
1968,228,6.65,44.29,1,102.2,92.9,1367,169.4,77.0,22.88,-30.062,5.785,4.196,122.0,118.8,69.0,1690,1,0.5,0.25
1969,228,6.65,44.27,1,102.2,92.9,1367,169.3,76.9,22.86,-30.125,5.781,4.196,123.0,119.6,69.0,1689,1,0.4,0.26
1970,228,6.65,44.39,1,102.2,92.9,1366,169.3,76.9,22.89,-30.188,5.773,4.196,124.0,120.5,69.0,1689,1,0.4,0.25
1971,228,6.65,44.23,1,102.2,92.9,1366,169.4,77.0,22.88,-30.242,5.766,4.196,126.0,121.4,69.0,1689,1,0.3,0.25
1972,228,6.65,44.68,1,102.2,92.9,1365,169.6,77.0,22.88,-30.297,5.762,4.196,126.0,122.3,69.0,1689,1,0.3,0.24
1973,228,6.65,44.27,1,102.2,92.9,1366,169.7,76.8,22.9,-30.359,5.754,4.196,126.0,123.2,69.0,1689,1,0.2,0.25
1974,227,6.65,44.28,1,102.2,92.9,1366,169.6,76.9,22.91,-30.422,5.75,4.196,128.0,124.1,69.0,1689,1,0.1,0.26
1975,227,6.65,44.51,1,102.2,92.9,1365,169.6,76.9,22.86,-30.477,5.746,4.196,128.0,124.9,69.0,1689,1,0.1,0.25
1976,227,6.65,44.17,1,102.3,92.9,1366,169.8,77.0,22.89,-30.539,5.738,4.196,130.0,125.7,69.0,1689,1,0.0,0.26
1977,227,6.65,44.64,1,102.2,92.9,1365,169.9,76.7,22.92,-30.602,5.734,4.196,130.0,126.5,69.0,1689,1,-0.1,0.25
1978,227,6.675,44.89,1,102.2,92.9,1365,169.8,76.8,22.88,-30.641,5.727,4.196,130.0,127.3,69.0,1689,1,-0.1,0.25
1979,227,6.675,44.57,1,102.2,92.9,1365,169.8,76.8,22.86,-30.695,5.719,4.196,131.0,128.1,69.0,1689,1,-0.2,0.24
1980,227,6.675,44.7,1,102.2,92.80000000000001,1366,169.8,76.9,22.91,-30.742,5.715,4.196,133.0,128.9,69.0,1689,1,-0.2,0.25
1981,227,6.675,44.46,1,102.3,92.80000000000001,1365,169.8,76.9,22.92,-30.797,5.707,4.196,133.0,129.7,69.0,1689,1,-0.3,0.25
1982,227,6.675,44.71,1,102.2,92.80000000000001,1364,169.8,76.9,22.91,-30.852,5.703,4.196,134.0,130.4,69.0,1689,1,-0.3,0.25
1983,227,6.675,44.14,1,102.3,92.9,1364,169.7,76.9,22.89,-30.914,5.695,4.196,135.0,131.2,69.0,1689,1,-0.4,0.24
1984,227,6.675,44.47,1,102.2,92.80000000000001,1364,169.7,76.8,22.86,-30.984,5.691,4.196,135.0,131.9,69.0,1689,1,-0.4,0.24
1985,227,6.675,44.15,1,102.2,92.80000000000001,1364,169.7,76.8,22.93,-31.039,5.684,4.196,136.0,132.6,69.0,1689,1,-0.5,0.24
1986,227,6.675,44.66,1,102.3,92.80000000000001,1364,169.8,76.8,22.96,-31.109,5.68,4.196,137.0,133.3,69.0,1689,1,-0.5,0.25
1987,227,6.675,44.16,1,102.3,92.80000000000001,1363,169.7,76.8,22.91,-31.172,5.672,4.196,138.0,134.0,69.0,1689,1,-0.6,0.25
1988,227,6.675,44.25,1,102.2,92.80000000000001,1362,169.8,76.8,22.91,-31.25,5.668,4.196,139.0,134.7,69.0,1689,1,-0.7,0.26
1989,227,6.675,44.12,1,102.2,92.7,1363,169.9,76.8,22.92,-31.305,5.664,4.196,139.0,135.4,69.0,1689,1,-0.7,0.26
1990,227,6.7,44.18,1,102.3,92.80000000000001,1362,170.0,76.6,22.87,-31.367,5.656,4.196,140.0,136.1,69.0,1689,1,-0.8,0.24
1991,227,6.7,44.41,1,102.2,92.7,1362,170.1,76.7,22.85,-31.445,5.652,4.196,141.0,136.9,69.0,1689,1,-0.9,0.25
1992,226,6.7,44.14,1,102.2,92.7,1362,170.1,76.7,22.84,-31.5,5.648,4.196,142.0,137.7,69.0,1689,1,-0.9,0.25
1993,226,6.7,44.08,1,102.2,92.7,1362,170.2,76.8,22.89,-31.57,5.641,4.196,143.0,138.5,69.0,1689,1,-0.9,0.26
1994,226,6.7,44.2,1,102.2,92.7,1362,170.3,76.7,22.91,-31.625,5.637,4.196,144.0,139.4,69.0,1689,1,-1.0,0.26
1995,226,6.7,44.82,1,102.3,92.7,1362,170.3,76.8,22.89,-31.695,5.633,4.196,144.0,140.3,69.0,1689,1,-1.1,0.27
1996,226,6.7,44.62,1,102.2,92.7,1362,170.3,76.7,22.84,-31.742,5.625,4.196,145.0,141.1,69.0,1689,1,-1.1,0.26
1997,226,6.7,44.78,1,102.2,92.7,1362,170.3,76.8,22.88,-31.797,5.621,4.196,146.0,142.0,69.0,1689,1,-1.2,0.27
1998,226,6.7,44.77,1,102.2,92.7,1361,170.4,76.8,22.88,-31.859,5.613,4.196,147.0,142.9,69.0,1688,1,-1.2,0.26
1999,226,6.7,44.4,1,102.2,92.7,1362,170.4,76.7,22.87,-31.906,5.609,4.196,148.0,143.8,69.0,1688,1,-1.3,0.26
2000,226,6.7,44.74,1,102.2,92.7,1361,170.4,76.9,22.88,-31.953,5.605,4.196,149.0,144.7,69.0,1688,1,-1.3,0.27
2001,226,6.7,44.22,1,102.2,92.7,1361,170.4,76.7,22.83,-32.0,5.598,4.196,150.0,145.6,69.0,1688,1,-1.4,0.26
2002,226,6.7,44.51,1,102.2,92.7,1361,170.4,76.7,22.92,-32.047,5.594,4.196,151.0,146.4,69.0,1688,1,-1.5,0.25
2003,226,6.725,44.11,1,102.2,92.7,1362,170.4,76.6,22.84,-32.078,5.59,4.196,151.0,147.3,68.0,1688,1,-1.5,0.26
2004,226,6.725,44.46,1,102.2,92.7,1362,170.4,76.7,22.88,-32.109,5.582,4.196,153.0,148.2,68.0,1688,1,-1.6,0.27
2005,225,6.725,44.29,1,102.2,92.7,1362,170.4,76.8,22.88,-32.141,5.578,4.196,154.0,149.1,68.0,1688,1,-1.6,0.25
2006,225,6.725,44.04,1,102.2,92.7,1361,170.4,76.6,22.88,-32.18,5.574,4.196,155.0,149.9,69.0,1688,1,-1.7,0.26
2007,225,6.725,44.15,1,102.2,92.7,1360,170.3,76.7,22.9,-32.211,5.566,4.196,155.0,150.8,69.0,1688,1,-1.8,0.26
2008,225,6.725,44.02,1,102.2,92.7,1360,170.4,76.6,22.9,-32.25,5.562,4.196,156.0,151.7,69.0,1688,1,-1.8,0.26
2009,225,6.725,44.63,1,102.2,92.7,1360,170.4,76.6,22.87,-32.289,5.559,4.196,157.0,152.6,68.0,1688,1,-1.9,0.25
2010,225,6.725,44.34,1,102.2,92.7,1360,170.5,76.6,22.91,-32.328,5.551,4.196,158.0,153.5,68.0,1688,1,-2.0,0.25
2011,225,6.725,44.68,1,102.2,92.7,1360,170.5,76.7,22.88,-32.367,5.547,4.196,159.0,154.3,68.0,1688,1,-2.0,0.26
2012,225,6.725,44.78,1,102.3,92.7,1360,170.5,76.6,22.91,-32.422,5.539,4.196,160.0,155.1,68.0,1688,1,-2.1,0.26
2013,225,6.725,44.73,1,102.2,92.60000000000001,1360,170.5,76.5,22.89,-32.453,5.535,4.196,160.0,156.0,68.0,1688,1,-2.1,0.26
2014,224,6.725,44.38,1,102.2,92.7,1359,170.5,76.7,22.89,-32.508,5.531,4.196,162.0,156.8,68.0,1688,1,-2.2,0.25
2015,224,6.725,44.4,1,102.2,92.60000000000001,1359,170.3,76.6,22.92,-32.555,5.523,4.196,162.0,157.5,68.0,1688,1,-2.3,0.27
2016,224,6.725,44.22,1,102.2,92.7,1358,170.5,76.5,22.64,-32.594,5.52,4.196,163.0,158.3,68.0,1688,1,-2.3,0.26
2017,224,6.75,44.11,1,102.2,92.7,1359,170.4,76.4,22.27,-32.625,5.516,4.196,163.0,159.1,68.0,1688,1,-2.4,0.25
2018,225,6.75,44.2,1,102.2,92.60000000000001,1360,170.5,76.4,22.18,-32.664,5.508,4.196,165.0,159.8,68.0,1688,1,-2.4,0.26
2019,225,6.75,44.23,1,102.2,92.7,1360,170.5,76.6,22.2,-32.688,5.5,4.196,165.0,160.5,68.0,1688,1,-2.5,0.25
2020,225,6.75,44.05,1,102.2,92.7,1360,170.4,76.6,22.23,-32.719,5.496,4.196,166.0,161.2,68.0,1688,1,-2.6,0.25
2021,225,6.75,43.96,1,102.2,92.60000000000001,1361,170.6,76.4,22.23,-32.758,5.488,4.196,167.0,162.0,68.0,1688,1,-2.6,0.26
2022,225,6.75,44.39,1,102.2,92.7,1361,170.7,76.5,22.23,-32.781,5.484,4.196,168.0,162.7,68.0,1688,1,-2.7,0.26
2023,225,6.75,44.28,1,102.2,92.60000000000001,1362,170.7,76.4,22.25,-32.797,5.48,4.196,168.0,163.4,68.0,1688,1,-2.7,0.26
2024,225,6.75,44.97,1,102.2,92.60000000000001,1362,170.8,76.4,22.24,-32.812,5.473,4.196,169.0,164.2,68.0,1688,1,-2.8,0.27
2025,225,6.75,44.54,1,102.2,92.7,1361,170.8,76.4,21.81,-32.82,5.469,4.196,169.0,164.9,68.0,1688,1,-2.9,0.27
2026,226,6.75,44.82,1,102.2,92.7,1362,170.7,76.1,20.04,-32.82,5.461,4.196,171.0,165.7,68.0,1688,1,-2.9,0.26
2027,226,6.75,44.24,1,101.49999999999999,92.30000000000001,1361,170.7,76.2,18.51,-32.812,5.457,4.196,171.0,166.4,68.0,1688,1,-3.0,0.26
2028,226,6.75,43.87,1,100.6,92.2,1354,170.8,76.1,18.34,-32.812,5.449,4.196,172.0,167.3,68.0,1688,1,-3.0,0.26
2029,226,6.75,43.92,1,100.29999999999998,92.2,1350,170.9,75.9,18.3,-32.812,5.445,4.196,172.0,168.1,68.0,1688,1,-3.1,0.24
2030,227,6.75,44.52,1,100.2,92.10000000000001,1348,171.0,75.7,18.31,-32.805,5.438,4.196,174.0,168.9,68.0,1688,1,-3.2,0.25
2031,227,6.775,44.1,1,100.2,92.10000000000001,1348,171.1,75.6,18.32,-32.797,5.434,4.196,175.0,169.7,68.0,1688,1,-3.2,0.25
2032,227,6.775,43.79,1,100.2,92.10000000000001,1347,171.1,75.9,18.29,-32.789,5.426,4.196,175.0,170.5,68.0,1687,1,-3.3,0.25
2033,227,6.775,44.08,1,100.29999999999998,92.2,1346,171.2,76.0,19.59,-32.789,5.422,4.196,176.0,171.4,68.0,1687,1,-3.4,0.25
2034,228,6.775,44.51,1,101.2,92.5,1348,171.3,76.1,20.99,-32.781,5.414,4.196,177.0,172.2,68.0,1687,1,-3.4,0.25
2035,228,6.775,44.63,1,101.89999999999999,92.7,1353,171.3,76.3,21.22,-32.773,5.41,4.196,178.0,173.0,68.0,1687,1,-3.5,0.25
2036,229,6.775,43.96,1,102.1,92.60000000000001,1357,171.4,76.4,21.23,-32.766,5.406,4.196,179.0,173.8,68.0,1687,1,-3.5,0.25
2037,230,6.775,44.27,1,102.2,92.60000000000001,1359,171.4,76.5,20.42,-32.766,5.402,4.196,180.0,174.6,68.0,1687,1,-3.6,0.25
2038,230,6.775,44.06,1,101.89999999999999,92.5,1359,171.5,76.4,20.05,-32.781,5.395,4.196,181.0,175.4,68.0,1687,1,-3.7,0.25
2039,231,6.775,44.46,1,101.69999999999999,92.4,1358,171.6,76.2,20.0,-32.797,5.391,4.196,182.0,176.3,68.0,1687,1,-3.7,0.25
2040,231,6.775,44.35,1,101.49999999999999,92.4,1357,171.6,76.1,19.92,-32.82,5.383,4.196,182.0,177.1,68.0,1687,1,-3.8,0.25
2041,232,6.775,44.36,1,101.49999999999999,92.4,1356,171.6,76.2,20.01,-32.836,5.379,4.196,182.0,178.0,68.0,1687,1,-3.8,0.25
2042,232,6.775,44.0,1,101.49999999999999,92.4,1355,171.7,76.0,19.98,-32.867,5.375,4.196,184.0,178.8,68.0,1687,1,-3.9,0.24
2043,232,6.775,44.11,1,101.29999999999998,92.2,1355,171.8,76.2,18.16,-32.898,5.367,4.196,185.0,179.7,68.0,1687,1,-3.9,0.24
2044,232,6.775,43.78,1,100.0,91.7,1351,171.8,75.8,15.08,-32.945,5.363,4.196,186.0,180.5,68.0,1687,1,-4.0,0.24
2045,233,6.775,43.73,1,98.0,91.10000000000001,1341,171.8,75.2,12.81,-33.0,5.355,4.196,187.0,181.4,68.0,1687,1,-4.1,0.24
2046,233,6.8,43.59,1,96.39999999999999,90.7,1328,171.8,74.6,12.12,-33.078,5.348,4.196,187.0,182.3,68.0,1687,1,-4.1,0.24
2047,233,6.8,43.58,1,95.7,90.5,1316,171.9,74.3,12.07,-33.156,5.344,4.196,189.0,183.1,68.0,1687,1,-4.2,0.23
2048,233,6.8,43.9,1,95.3,90.3,1306,172.1,74.0,11.54,-33.234,5.336,4.196,190.0,184.0,68.0,1687,1,-4.2,0.24
2049,232,6.8,43.73,1,94.89999999999999,90.10000000000001,1300,172.3,74.0,11.49,-33.297,5.328,4.196,190.0,184.9,68.0,1687,1,-4.3,0.24
2050,232,6.8,43.84,1,94.8,90.10000000000001,1293,172.4,73.9,11.48,-33.367,5.32,4.196,192.0,185.7,68.0,1687,1,-4.4,0.24
2051,231,6.8,43.7,1,94.8,90.10000000000001,1288,172.6,73.8,12.07,-33.445,5.313,4.196,193.0,186.6,68.0,1687,1,-4.4,0.25
2052,231,6.8,43.76,1,95.3,90.4,1286,172.8,73.8,13.53,-33.5,5.305,4.196,194.0,187.6,68.0,1687,1,-4.5,0.24
2053,231,6.8,43.96,1,96.39999999999999,91.0,1290,173.1,74.3,15.44,-33.57,5.301,4.196,194.0,188.4,68.0,1687,1,-4.5,0.24
2054,230,6.8,43.94,1,97.7,91.5,1300,173.4,74.8,17.18,-33.617,5.293,4.196,196.0,189.3,68.0,1687,1,-4.6,0.25
2055,230,6.8,44.37,1,99.3,92.0,1312,173.7,75.5,19.56,-33.656,5.289,4.196,196.0,190.3,68.0,1687,1,-4.7,0.25
2056,230,6.8,44.23,1,100.89999999999999,92.4,1325,173.8,76.0,21.68,-33.688,5.285,4.196,198.0,191.2,68.0,1687,1,-4.7,0.24
2057,230,6.8,44.3,1,101.89999999999999,92.5,1338,173.9,76.2,22.44,-33.703,5.277,4.196,198.0,192.2,68.0,1687,1,-4.8,0.25
2058,229,6.8,44.01,1,102.1,92.5,1346,173.9,76.5,22.5,-33.719,5.273,4.196,200.0,193.2,68.0,1687,1,-4.8,0.25
2059,229,6.8,44.67,1,102.2,92.5,1349,173.9,76.3,22.49,-33.734,5.27,4.196,201.0,194.2,68.0,1687,1,-4.9,0.25
2060,229,6.8,44.66,1,102.2,92.5,1352,173.9,76.3,21.85,-33.75,5.262,4.196,203.0,195.2,68.0,1687,1,-5.0,0.26
2061,229,6.8,44.19,1,102.2,92.5,1353,173.8,76.3,21.66,-33.781,5.258,4.196,203.0,196.2,68.0,1687,1,-5.0,0.26
2062,228,6.825,44.59,1,102.2,92.5,1354,173.8,76.2,21.61,-33.805,5.25,4.196,204.0,197.1,68.0,1687,1,-5.1,0.26
2063,228,6.825,44.2,1,102.2,92.5,1355,173.6,76.3,21.6,-33.836,5.246,4.196,205.0,198.1,68.0,1687,1,-5.1,0.27
2064,228,6.825,44.22,1,102.2,92.5,1356,173.5,76.2,21.66,-33.867,5.238,4.196,206.0,199.1,68.0,1687,1,-5.2,0.27
2065,228,6.825,43.83,1,102.2,92.5,1356,173.4,76.3,21.63,-33.906,5.234,4.196,207.0,200.0,68.0,1687,1,-5.2,0.26
2066,228,6.825,43.85,1,102.3,92.5,1357,173.2,76.3,21.6,-33.938,5.23,4.196,208.0,200.9,68.0,1687,1,-5.3,0.26
2067,227,6.825,43.87,1,102.2,92.4,1357,173.1,76.2,21.45,-33.969,5.223,4.196,208.0,201.8,68.0,1687,1,-5.3,0.26
2068,227,6.825,44.53,1,102.2,92.5,1357,173.1,76.2,21.41,-34.016,5.219,4.196,208.0,202.6,68.0,1687,1,-5.4,0.26
2069,227,6.825,44.3,1,102.3,92.5,1357,173.0,76.1,21.39,-34.047,5.211,4.196,210.0,203.3,68.0,1687,1,-5.5,0.26
2070,227,6.825,44.61,1,102.2,92.4,1357,172.9,76.2,21.14,-34.078,5.203,4.196,211.0,204.1,68.0,1687,1,-5.5,0.26
2071,227,6.825,44.51,1,102.2,92.5,1358,172.7,76.0,21.18,-34.102,5.199,4.196,212.0,204.8,68.0,1687,1,-5.6,0.27
2072,227,6.825,44.27,1,102.2,92.5,1359,172.5,76.2,21.11,-34.133,5.195,4.196,212.0,205.5,68.0,1687,1,-5.6,0.27
2073,226,6.825,44.5,1,102.2,92.5,1359,172.5,75.9,21.16,-34.148,5.191,4.196,213.0,206.2,68.0,1687,1,-5.7,0.27
2074,226,6.825,44.53,1,102.2,92.4,1359,172.5,76.2,21.17,-34.172,5.184,4.196,213.0,206.8,68.0,1687,1,-5.8,0.27
2075,226,6.825,44.49,1,102.2,92.4,1359,172.4,76.3,21.13,-34.195,5.18,4.196,213.0,207.4,68.0,1687,1,-5.8,0.26
2076,226,6.825,44.33,1,102.2,92.5,1360,172.3,76.2,21.18,-34.227,5.172,4.196,214.0,208.0,68.0,1687,1,-5.9,0.25
2077,225,6.825,44.32,1,102.2,92.4,1359,172.3,76.1,21.07,-34.258,5.168,4.196,215.0,208.5,68.0,1687,1,-5.9,0.27
2078,225,6.85,43.81,1,102.2,92.4,1359,172.3,76.1,21.17,-34.297,5.164,4.196,216.0,208.9,68.0,1687,1,-6.0,0.26
2079,225,6.85,44.3,1,102.2,92.4,1357,172.4,76.0,21.11,-34.336,5.16,4.196,216.0,209.4,68.0,1687,1,-6.0,0.25
2080,225,6.85,43.79,1,102.2,92.4,1357,172.4,75.9,21.14,-34.383,5.152,4.196,216.0,209.7,68.0,1687,1,-6.1,0.25
2081,225,6.85,43.94,1,102.2,92.4,1358,172.4,75.9,21.2,-34.422,5.148,4.196,216.0,210.1,68.0,1687,1,-6.1,0.26
2082,224,6.85,43.89,1,102.2,92.4,1358,172.4,76.0,21.18,-34.484,5.145,4.196,216.0,210.3,68.0,1687,1,-6.2,0.26
2083,224,6.85,43.74,1,102.2,92.4,1358,172.4,76.0,21.13,-34.523,5.141,4.196,216.0,210.5,68.0,1687,1,-6.2,0.27
2084,224,6.85,44.25,1,102.2,92.4,1357,172.3,75.9,21.17,-34.57,5.137,4.196,216.0,210.7,68.0,1687,1,-6.3,0.25
2085,224,6.85,44.28,1,102.2,92.30000000000001,1357,172.3,75.8,21.16,-34.625,5.129,4.196,216.0,210.8,68.0,1687,1,-6.3,0.26
2086,224,6.85,43.81,1,102.2,92.4,1357,172.2,75.9,21.11,-34.688,5.121,4.196,216.0,210.9,68.0,1687,1,-6.4,0.25
2087,224,6.85,43.83,1,102.2,92.30000000000001,1357,172.3,76.1,21.17,-34.75,5.117,4.196,217.0,211.0,68.0,1687,1,-6.5,0.26
2088,224,6.85,44.34,1,102.3,92.30000000000001,1357,172.3,76.2,21.15,-34.812,5.113,4.196,216.0,211.1,68.0,1687,1,-6.5,0.26
2089,224,6.85,43.78,1,102.2,92.4,1356,172.4,75.8,21.14,-34.875,5.105,4.196,216.0,211.1,68.0,1686,1,-6.6,0.26
2090,224,6.85,44.17,1,102.2,92.30000000000001,1357,172.4,75.9,21.14,-34.938,5.102,4.196,216.0,211.1,68.0,1686,1,-6.6,0.27
2091,225,6.85,43.85,1,102.2,92.30000000000001,1356,172.4,75.9,21.14,-34.992,5.098,4.196,216.0,211.1,68.0,1686,1,-6.7,0.28
2092,225,6.85,44.57,1,102.2,92.30000000000001,1356,172.5,76.0,21.17,-35.047,5.098,4.196,216.0,211.1,68.0,1686,1,-6.7,0.27
2093,226,6.85,43.96,1,102.2,92.4,1355,172.5,76.1,21.11,-35.094,5.094,4.196,216.0,211.1,68.0,1686,1,-6.8,0.27
2094,227,6.85,44.46,1,102.2,92.4,1356,172.4,76.0,21.02,-35.117,5.09,4.196,216.0,211.0,68.0,1686,1,-6.8,0.26
2095,227,6.85,44.47,1,102.2,92.5,1357,172.5,75.9,20.97,-35.133,5.09,4.196,216.0,211.0,68.0,1686,1,-6.9,0.26
2096,228,6.85,43.86,1,102.2,92.4,1359,172.4,76.0,20.95,-35.125,5.086,4.196,216.0,210.9,68.0,1686,1,-6.9,0.27
2097,229,6.85,43.95,1,102.2,92.4,1359,172.6,76.1,20.87,-35.109,5.094,4.196,215.0,210.9,68.0,1686,1,-7.0,0.26
2098,230,6.85,44.33,1,102.1,92.4,1359,172.6,76.1,20.33,-35.086,5.094,4.196,214.0,210.8,68.0,1686,1,-7.0,0.27
2099,231,6.85,43.87,1,101.89999999999999,92.5,1358,172.5,75.9,20.33,-35.047,5.094,4.196,215.0,210.7,68.0,1686,1,-7.1,0.26
2100,231,6.85,44.13,1,101.69999999999999,92.4,1359,172.5,75.9,20.25,-34.984,5.098,4.196,214.0,210.6,68.0,1686,1,-7.1,0.27
2101,232,6.85,44.0,1,101.8,92.4,1359,172.4,75.8,20.23,-34.922,5.102,4.196,214.0,210.5,68.0,1686,1,-7.2,0.25
2102,233,6.85,44.48,1,101.69999999999999,92.30000000000001,1358,172.4,75.8,20.23,-34.859,5.102,4.196,213.0,210.4,68.0,1686,1,-7.2,0.27
2103,234,6.85,44.47,1,101.69999999999999,92.30000000000001,1356,172.5,75.9,20.24,-34.812,5.105,4.196,213.0,210.2,68.0,1686,1,-7.3,0.26
2104,235,6.85,43.77,1,101.69999999999999,92.30000000000001,1355,172.4,76.2,20.27,-34.789,5.105,4.196,213.0,210.0,68.0,1686,1,-7.3,0.26
2105,235,6.85,43.97,1,101.8,92.30000000000001,1355,172.4,75.7,20.21,-34.758,5.105,4.196,213.0,209.9,68.0,1686,1,-7.4,0.27
2106,236,6.85,44.47,1,101.69999999999999,92.30000000000001,1356,172.4,75.9,20.25,-34.734,5.109,4.196,213.0,209.7,68.0,1686,1,-7.5,0.27
2107,237,6.85,44.57,1,101.69999999999999,92.4,1356,172.4,76.1,20.32,-34.703,5.113,4.196,213.0,209.5,68.0,1686,1,-7.5,0.26
2108,238,6.85,43.76,1,101.69999999999999,92.4,1357,172.5,76.1,20.28,-34.656,5.113,4.196,213.0,209.3,68.0,1686,1,-7.6,0.26
2109,239,6.85,43.62,1,101.69999999999999,92.4,1358,172.5,76.2,20.25,-34.609,5.113,4.196,212.0,209.1,68.0,1686,1,-7.6,0.25
2110,240,6.85,43.4,1,101.69999999999999,92.30000000000001,1358,172.5,76.1,20.29,-34.555,5.117,4.196,212.0,209.0,68.0,1686,1,-7.7,0.26
2111,241,6.85,44.03,1,101.8,92.4,1359,172.6,76.0,20.92,-34.516,5.117,4.196,212.0,208.8,68.0,1686,1,-7.7,0.26
2112,241,6.825,44.81,1,102.1,92.5,1361,172.7,76.0,21.16,-34.469,5.117,4.196,212.0,208.6,68.0,1686,1,-7.8,0.26
2113,242,6.85,43.99,1,102.1,92.4,1362,172.7,76.4,21.2,-34.438,5.121,4.196,212.0,208.4,68.0,1686,1,-7.8,0.26
2114,243,6.85,44.67,1,102.2,92.5,1363,172.7,76.2,21.19,-34.422,5.121,4.196,211.0,208.1,68.0,1686,1,-7.9,0.26
2115,244,6.85,44.55,1,102.2,92.5,1365,172.8,76.4,21.19,-34.406,5.125,4.196,211.0,207.7,68.0,1686,1,-7.9,0.26
2116,245,6.825,45.62,1,102.3,92.60000000000001,1366,172.8,76.4,21.2,-34.383,5.125,4.196,208.0,207.2,68.0,1686,1,-8.0,0.26
2117,245,6.825,46.19,1,102.2,92.60000000000001,1368,172.9,76.2,21.22,-34.344,5.129,4.196,208.0,206.5,68.0,1686,1,-8.0,0.26
2118,246,6.825,45.34,1,102.2,92.5,1369,172.8,76.6,21.19,-34.297,5.133,4.196,208.0,205.8,68.0,1686,1,-8.1,0.24
2119,247,6.825,45.22,1,102.2,92.5,1368,172.9,76.2,21.24,-34.273,5.133,4.196,207.0,205.0,68.0,1686,1,-8.1,0.26
2120,247,6.825,45.27,1,102.2,92.5,1368,172.9,76.4,21.27,-34.258,5.133,4.196,205.0,204.1,68.0,1686,1,-8.2,0.25
2121,248,6.825,45.47,1,102.2,92.5,1367,172.9,76.4,21.28,-34.258,5.133,4.196,205.0,203.2,68.0,1686,1,-8.2,0.26
2122,249,6.825,46.18,1,102.2,92.4,1367,172.8,76.4,21.33,-34.258,5.137,4.196,203.0,202.2,68.0,1686,1,-8.3,0.27
2123,250,6.825,45.45,1,102.2,92.4,1366,172.7,76.5,21.26,-34.273,5.133,4.196,203.0,201.2,68.0,1686,1,-8.4,0.26
2124,250,6.825,45.0,1,102.2,92.5,1365,172.6,76.3,21.24,-34.312,5.133,4.196,201.0,200.2,68.0,1686,1,-8.4,0.26
2125,251,6.825,45.72,1,102.2,92.60000000000001,1366,172.4,76.3,21.27,-34.328,5.133,4.196,200.0,199.2,68.0,1686,1,-8.5,0.27
2126,252,6.825,45.32,1,102.2,92.5,1369,172.3,76.4,21.34,-34.32,5.137,4.196,198.0,198.1,68.0,1686,1,-8.5,0.26
2127,252,6.825,45.53,1,102.2,92.60000000000001,1369,172.2,76.1,21.29,-34.297,5.141,4.196,197.0,197.1,68.0,1686,1,-8.6,0.25
2128,253,6.825,44.73,1,102.2,92.5,1369,172.2,76.2,21.26,-34.273,5.145,4.196,196.0,196.2,68.0,1686,1,-8.6,0.27
2129,254,6.825,44.5,1,102.3,92.60000000000001,1368,172.2,76.1,21.3,-34.242,5.148,4.196,195.0,195.2,68.0,1686,1,-8.7,0.26
2130,255,6.825,44.28,1,102.2,92.5,1368,172.2,76.2,21.29,-34.219,5.148,4.196,194.0,194.3,68.0,1686,1,-8.7,0.27
2131,255,6.825,46.67,1,102.2,92.60000000000001,1368,172.3,76.2,21.27,-34.188,5.148,4.196,193.0,193.5,68.0,1686,1,-8.8,0.25
2132,256,6.825,45.65,1,102.2,92.5,1369,172.3,76.1,21.32,-34.148,5.152,4.196,193.0,192.7,68.0,1686,1,-8.8,0.27
2133,257,6.825,45.93,1,102.2,92.60000000000001,1369,172.2,76.3,21.33,-34.117,5.152,4.196,192.0,192.1,68.0,1686,1,-8.9,0.26
2134,258,6.825,45.88,1,102.2,92.60000000000001,1370,172.2,76.5,21.27,-34.086,5.156,4.196,191.0,191.5,68.0,1686,1,-8.9,0.26
2135,258,6.825,45.5,1,102.2,92.60000000000001,1370,172.3,76.4,21.32,-34.047,5.156,4.196,191.0,191.0,68.0,1686,1,-9.0,0.26
2136,259,6.825,45.8,1,102.2,92.60000000000001,1371,172.3,76.5,21.36,-33.992,5.16,4.196,190.0,190.6,68.0,1686,1,-9.0,0.27
2137,260,6.825,45.42,1,102.2,92.60000000000001,1371,172.2,76.6,21.36,-33.938,5.16,4.196,190.0,190.3,68.0,1686,1,-9.1,0.26
2138,260,6.825,45.27,1,102.2,92.60000000000001,1372,172.1,76.5,21.36,-33.875,5.164,4.196,190.0,190.1,68.0,1686,1,-9.2,0.26
2139,261,6.825,46.45,1,102.2,92.60000000000001,1372,172.1,76.3,21.37,-33.797,5.164,4.196,190.0,189.9,68.0,1686,1,-9.2,0.26
2140,262,6.825,45.12,1,102.2,92.7,1372,172.1,76.4,21.38,-33.719,5.168,4.196,190.0,189.9,68.0,1686,1,-9.3,0.27
2141,262,6.825,45.4,1,102.2,92.7,1373,172.1,76.5,21.39,-33.641,5.168,4.196,190.0,190.0,68.0,1686,1,-9.3,0.26
2142,263,6.825,45.01,1,102.2,92.7,1374,172.1,76.5,21.4,-33.57,5.172,4.196,190.0,190.1,68.0,1686,1,-9.4,0.26
2143,264,6.825,45.32,1,102.2,92.7,1374,172.2,76.8,21.08,-33.5,5.172,4.196,190.0,190.3,68.0,1686,1,-9.4,0.26
2144,264,6.825,45.65,1,102.2,92.7,1374,172.1,76.8,21.05,-33.43,5.172,4.196,191.0,190.5,68.0,1686,1,-9.5,0.26
2145,265,6.825,45.51,1,102.3,92.7,1375,172.1,76.3,21.09,-33.367,5.176,4.196,192.0,190.8,68.0,1686,1,-9.5,0.27
2146,266,6.825,46.2,1,102.2,92.7,1375,172.0,76.5,21.04,-33.305,5.176,4.196,192.0,191.2,68.0,1686,1,-9.6,0.25
2147,266,6.825,46.66,1,102.2,92.7,1374,171.9,76.6,21.03,-33.242,5.18,4.196,193.0,191.6,68.0,1686,1,-9.7,0.25
2148,267,6.825,46.38,1,102.2,92.7,1374,171.9,76.6,21.04,-33.18,5.18,4.196,193.0,192.0,68.0,1686,1,-9.7,0.26
2149,267,6.825,45.37,1,102.2,92.7,1374,171.9,76.6,21.0,-33.109,5.18,4.196,193.0,192.4,68.0,1686,1,-9.8,0.27
2150,268,6.825,45.02,1,102.2,92.80000000000001,1375,172.0,76.7,21.04,-33.055,5.184,4.196,194.0,192.9,68.0,1686,1,-9.8,0.26
2151,269,6.825,44.97,1,102.2,92.80000000000001,1376,172.0,76.8,20.71,-32.992,5.184,4.196,194.0,193.4,68.0,1686,1,-9.9,0.26
2152,269,6.825,44.81,1,102.1,92.7,1376,172.0,76.7,20.66,-32.922,5.184,4.196,195.0,193.8,68.0,1686,1,-9.9,0.27
2153,270,6.825,45.49,1,102.1,92.80000000000001,1376,172.0,76.5,20.72,-32.852,5.184,4.196,195.0,194.3,68.0,1686,1,-10.0,0.28
2154,271,6.825,45.79,1,102.1,92.80000000000001,1377,172.0,76.4,20.72,-32.773,5.188,4.196,196.0,194.8,68.0,1686,1,-10.0,0.28
2155,271,6.825,45.07,1,102.1,92.80000000000001,1378,171.9,76.5,20.7,-32.688,5.188,4.196,196.0,195.2,68.0,1686,1,-10.1,0.26
2156,272,6.825,45.27,1,102.1,92.80000000000001,1378,171.9,76.4,20.69,-32.602,5.188,4.196,197.0,195.7,68.0,1686,1,-10.2,0.25
2157,272,6.825,45.78,1,102.1,92.9,1378,171.8,76.5,20.71,-32.516,5.188,4.196,197.0,196.2,68.0,1686,1,-10.2,0.26
2158,273,6.825,45.19,1,102.1,92.80000000000001,1379,171.8,76.6,20.7,-32.422,5.191,4.196,198.0,196.6,68.0,1687,1,-10.3,0.25
2159,273,6.825,43.95,1,102.1,92.80000000000001,1379,171.8,76.6,20.67,-32.344,5.191,4.195,198.0,197.0,68.0,1687,1,-10.3,0.25
2160,274,6.825,45.22,1,102.1,92.9,1379,171.8,76.6,20.74,-32.258,5.191,4.196,199.0,197.5,68.0,1687,1,-10.4,0.25
2161,274,6.825,44.92,1,102.1,92.80000000000001,1380,171.6,76.5,20.7,-32.172,5.195,4.196,199.0,197.9,68.0,1687,1,-10.4,0.25
2162,275,6.825,44.76,1,102.1,92.9,1380,171.7,76.5,20.7,-32.102,5.195,4.196,199.0,198.2,68.0,1687,1,-10.5,0.24
2163,275,6.825,45.04,1,102.1,92.80000000000001,1380,171.7,76.4,20.71,-32.031,5.195,4.196,200.0,198.6,68.0,1687,1,-10.5,0.25
2164,276,6.825,44.7,1,102.0,92.9,1380,171.7,76.5,20.71,-31.961,5.195,4.196,201.0,198.9,68.0,1687,1,-10.6,0.25
2165,276,6.825,44.99,1,102.0,92.80000000000001,1380,171.7,76.5,20.75,-31.898,5.195,4.196,201.0,199.2,68.0,1687,1,-10.6,0.25
2166,277,6.825,45.25,1,102.1,92.9,1380,171.7,76.6,20.68,-31.836,5.195,4.196,201.0,199.6,68.0,1687,1,-10.7,0.26
2167,277,6.825,44.72,1,102.1,92.9,1380,171.7,76.7,20.7,-31.781,5.195,4.196,201.0,199.8,68.0,1687,1,-10.7,0.26
2168,278,6.825,45.74,1,102.1,92.9,1380,171.8,76.7,20.67,-31.719,5.199,4.196,203.0,200.1,68.0,1687,1,-10.8,0.25
2169,278,6.825,45.1,1,102.1,92.9,1380,171.8,76.8,20.7,-31.68,5.199,4.196,203.0,200.4,68.0,1687,1,-10.8,0.25
2170,279,6.825,44.66,1,102.0,92.80000000000001,1380,171.7,76.7,20.7,-31.633,5.203,4.196,203.0,200.7,68.0,1687,1,-10.9,0.26
2171,279,6.825,45.11,1,102.1,92.9,1380,171.7,76.6,20.73,-31.594,5.203,4.196,203.0,200.9,68.0,1687,1,-11.0,0.25
2172,280,6.825,44.52,1,102.1,92.80000000000001,1380,171.6,76.5,20.69,-31.547,5.203,4.196,203.0,201.1,68.0,1687,1,-11.0,0.27
2173,280,6.825,44.37,1,102.1,92.9,1381,171.6,76.3,20.77,-31.516,5.203,4.196,203.0,201.3,68.0,1687,1,-11.1,0.27
2174,281,6.825,44.36,1,102.1,92.9,1381,171.6,76.6,20.72,-31.484,5.203,4.196,203.0,201.4,68.0,1687,1,-11.1,0.26
2175,281,6.825,45.38,1,102.1,92.9,1381,171.5,76.6,20.69,-31.461,5.203,4.196,203.0,201.6,68.0,1687,1,-11.2,0.25
2176,282,6.825,45.07,1,102.1,92.80000000000001,1381,171.6,76.5,20.75,-31.43,5.207,4.196,203.0,201.7,68.0,1687,1,-11.2,0.27
2177,282,6.825,44.59,1,102.1,92.9,1381,171.6,76.5,20.7,-31.406,5.207,4.196,203.0,201.9,68.0,1687,1,-11.3,0.27
2178,283,6.825,45.85,1,102.1,92.9,1381,171.6,76.4,20.97,-31.375,5.207,4.196,203.0,202.0,68.0,1687,1,-11.3,0.25
2179,283,6.825,45.27,1,102.2,92.9,1382,171.6,76.7,21.28,-31.352,5.211,4.196,203.0,202.1,68.0,1687,1,-11.4,0.26
2180,284,6.825,46.04,1,102.1,92.9,1382,171.6,76.8,21.36,-31.312,5.211,4.196,203.0,202.2,68.0,1687,1,-11.4,0.26
2181,284,6.825,45.72,1,102.2,92.9,1382,171.6,76.8,21.38,-31.281,5.211,4.196,203.0,202.4,68.0,1687,1,-11.5,0.27
2182,285,6.825,44.45,1,102.2,92.9,1382,171.6,76.7,21.4,-31.25,5.211,4.196,203.0,202.5,68.0,1687,1,-11.5,0.26
2183,285,6.825,45.16,1,102.2,92.9,1383,171.7,76.8,21.4,-31.227,5.215,4.196,203.0,202.5,68.0,1687,1,-11.6,0.26
2184,286,6.825,45.36,1,102.2,92.9,1383,171.6,76.8,21.42,-31.203,5.215,4.196,203.0,202.6,68.0,1687,1,-11.7,0.27
2185,286,6.825,45.18,1,102.2,92.9,1382,171.7,76.7,21.46,-31.18,5.215,4.196,204.0,202.7,68.0,1687,1,-11.7,0.27
2186,287,6.825,46.22,1,102.2,92.9,1383,171.7,76.7,21.54,-31.156,5.215,4.196,204.0,202.8,68.0,1687,1,-11.7,0.26
2187,287,6.825,45.1,1,102.3,93.0,1382,171.6,76.8,21.59,-31.133,5.215,4.196,204.0,202.8,68.0,1687,1,-11.8,0.26
2188,288,6.825,45.58,1,102.2,93.0,1383,171.7,76.5,21.75,-31.109,5.215,4.196,203.0,202.9,68.0,1687,1,-11.8,0.26
2189,288,6.825,45.87,1,102.2,93.0,1383,171.7,76.6,21.88,-31.094,5.215,4.196,203.0,202.9,68.0,1687,1,-11.9,0.26
2190,289,6.825,46.28,1,102.2,93.0,1383,171.6,76.7,22.03,-31.062,5.219,4.196,204.0,202.9,68.0,1687,1,-12.0,0.28
2191,289,6.825,45.72,1,102.2,93.0,1384,171.6,76.7,22.04,-31.023,5.223,4.196,204.0,202.9,68.0,1687,1,-12.0,0.27
2192,289,6.825,44.21,1,102.2,93.0,1384,171.6,76.9,21.92,-30.992,5.223,4.196,203.0,203.0,68.0,1687,1,-12.1,0.26
2193,290,6.825,45.88,1,102.2,93.0,1384,171.5,76.8,21.32,-30.969,5.223,4.196,203.0,203.0,68.0,1687,1,-12.1,0.26
2194,290,6.825,45.36,1,102.2,93.0,1384,171.4,76.9,21.22,-30.945,5.223,4.196,203.0,203.0,68.0,1687,1,-12.2,0.27
2195,291,6.825,45.26,1,102.2,92.9,1384,171.4,77.0,21.17,-30.922,5.227,4.196,204.0,203.0,68.0,1687,1,-12.2,0.27
2196,291,6.825,45.18,1,102.2,93.0,1384,171.5,77.0,21.16,-30.906,5.227,4.196,203.0,203.0,68.0,1687,1,-12.3,0.28
2197,291,6.825,45.54,1,102.2,93.0,1384,171.5,77.0,21.16,-30.883,5.227,4.196,204.0,203.0,68.0,1687,1,-12.3,0.26
2198,292,6.825,45.61,1,102.2,93.0,1383,171.5,76.6,21.18,-30.859,5.227,4.196,203.0,203.0,68.0,1687,1,-12.4,0.27
2199,292,6.825,45.11,1,102.2,93.0,1384,171.5,76.9,21.19,-30.844,5.227,4.196,203.0,203.0,68.0,1687,1,-12.4,0.28
2200,293,6.825,46.41,1,102.2,93.0,1384,171.4,76.8,21.13,-30.82,5.23,4.196,204.0,203.0,68.0,1687,1,-12.5,0.28
2201,293,6.825,45.99,1,102.2,93.0,1384,171.6,76.9,21.13,-30.805,5.23,4.196,204.0,203.0,68.0,1687,1,-12.5,0.28
2202,293,6.825,45.15,1,102.2,93.0,1384,171.5,77.0,21.16,-30.789,5.23,4.196,204.0,203.0,68.0,1687,1,-12.6,0.27
2203,294,6.825,45.88,1,102.2,93.0,1385,171.5,76.8,21.17,-30.773,5.23,4.196,203.0,203.0,68.0,1687,1,-12.6,0.28
2204,294,6.825,45.44,1,102.2,93.0,1385,171.6,76.9,21.12,-30.75,5.23,4.196,203.0,203.0,68.0,1687,1,-12.7,0.27
2205,295,6.825,45.08,1,102.1,93.0,1384,171.5,76.9,21.15,-30.734,5.23,4.196,203.0,203.0,68.0,1687,1,-12.7,0.27
2206,295,6.825,45.26,1,102.2,93.0,1383,171.5,76.9,20.84,-30.719,5.23,4.196,203.0,203.0,68.0,1687,1,-12.7,0.28
2207,295,6.825,44.71,1,102.0,92.80000000000001,1383,171.4,76.7,18.78,-30.695,5.23,4.196,203.0,203.0,68.0,1687,1,-12.8,0.28
2208,296,6.825,45.32,1,100.49999999999999,92.2,1380,171.3,76.4,15.08,-30.672,5.234,4.196,204.0,203.0,68.0,1687,1,-12.8,0.28
2209,296,6.825,44.35,1,97.1,90.60000000000001,1369,171.4,75.6,8.71,-30.68,5.234,4.196,203.0,203.0,68.0,1687,1,-12.9,0.27
2210,296,6.825,44.21,1,93.30000000000001,89.2,1342,171.5,74.1,5.22,-30.703,5.227,4.196,203.0,202.9,68.0,1687,1,-12.9,0.26
2211,295,6.825,42.99,1,90.0,87.7,1308,171.6,72.6,1.91,-30.75,5.219,4.196,203.0,202.9,68.0,1687,1,-13.0,0.26
2212,294,6.85,42.66,1,86.9,86.4,1269,172.0,71.2,0.22,-30.797,5.203,4.196,203.0,202.8,68.0,1688,1,-13.0,0.27
2213,293,6.85,42.55,1,85.0,85.8,1234,172.5,70.4,-0.89,-30.852,5.191,4.196,203.0,202.7,68.0,1688,1,-13.1,0.26
2214,291,6.85,42.48,1,83.1,84.89999999999999,1205,173.2,69.6,-2.18,-30.875,5.176,4.196,203.0,202.6,68.0,1688,1,-13.1,0.26
2215,289,6.85,42.33,1,81.89999999999999,84.5,1180,173.6,69.2,-3.09,-30.898,5.164,4.196,203.0,202.5,68.0,1688,1,-13.2,0.26
2216,288,6.85,42.2,1,80.7,83.89999999999999,1160,174.2,68.6,-4.35,-30.922,5.152,4.196,203.0,202.3,68.0,1688,1,-13.2,0.26
2217,286,6.85,42.16,1,79.4,83.3,1140,174.7,68.3,-5.24,-30.961,5.141,4.196,203.0,202.2,68.0,1688,1,-13.3,0.25
2218,285,6.85,42.02,1,77.8,82.5,1120,175.3,68.0,-7.29,-31.0,5.129,4.196,203.0,202.0,68.0,1688,1,-13.3,0.26
2219,283,6.85,42.04,1,75.5,81.5,1096,176.2,67.3,-9.04,-31.047,5.117,4.196,203.0,201.8,68.0,1688,1,-13.4,0.26
2220,281,6.85,41.9,1,73.7,80.9,1070,177.1,66.7,-9.56,-31.109,5.105,4.196,203.0,201.6,68.0,1688,1,-13.4,0.26
2221,279,6.85,41.96,1,72.7,80.7,1050,178.1,66.6,-9.37,-31.172,5.094,4.196,203.0,201.4,68.0,1688,1,-13.5,0.26
2222,277,6.85,41.91,1,72.3,80.60000000000001,1036,178.9,66.5,-9.47,-31.234,5.082,4.196,203.0,201.3,68.0,1688,1,-13.5,0.26
2223,275,6.85,42.11,1,72.1,80.60000000000001,1027,179.7,66.6,-9.26,-31.297,5.07,4.196,203.0,201.1,68.0,1688,1,-13.5,0.26
2224,273,6.85,41.99,1,72.5,81.0,1022,180.5,66.9,-7.51,-31.367,5.059,4.196,203.0,200.9,68.0,1688,1,-13.6,0.26
2225,271,6.85,42.1,1,74.0,81.89999999999999,1025,181.2,67.2,-5.35,-31.43,5.051,4.196,202.0,200.8,68.0,1688,1,-13.6,0.27
2226,270,6.85,42.28,1,76.9,83.3,1038,181.9,68.0,1.29,-31.484,5.047,4.196,201.0,200.5,68.0,1688,1,-13.7,0.27
2227,268,6.85,42.54,1,82.6,86.3,1068,182.7,69.9,7.04,-31.516,5.043,4.196,201.0,200.4,68.0,1688,1,-13.7,0.28
2228,267,6.85,42.99,1,88.7,88.6,1116,183.3,71.7,12.76,-31.531,5.043,4.196,201.0,200.2,68.0,1688,1,-13.8,0.29
2229,266,6.85,43.12,1,94.19999999999999,90.9,1172,183.7,73.8,18.46,-31.531,5.047,4.196,200.0,200.1,68.0,1688,1,-13.8,0.28
2230,265,6.85,43.87,1,99.0,92.80000000000001,1230,184.1,76.0,23.0,-31.516,5.051,4.196,201.0,199.9,68.0,1688,1,-13.8,0.29
2231,265,6.85,45.67,1,101.29999999999998,92.80000000000001,1283,184.4,76.6,22.92,-31.516,5.055,4.196,200.0,199.9,68.0,1688,1,-13.9,0.29
2232,264,6.85,46.31,1,102.0,92.80000000000001,1315,184.5,76.9,23.01,-31.523,5.055,4.196,200.0,199.9,68.0,1688,1,-13.9,0.29
2233,263,6.85,45.3,1,102.2,92.80000000000001,1333,184.4,76.9,22.81,-31.562,5.055,4.196,200.0,200.0,69.0,1688,1,-14.0,0.28
2234,263,6.85,46.56,1,102.2,92.80000000000001,1343,184.2,76.6,23.04,-31.617,5.051,4.196,201.0,200.1,68.0,1688,1,-14.0,0.29
2235,262,6.875,46.81,1,102.2,92.7,1350,183.6,76.5,23.06,-31.695,5.043,4.196,201.0,200.3,68.0,1688,1,-14.1,0.28
2236,261,6.875,46.58,1,102.2,92.7,1354,182.9,76.5,23.05,-31.781,5.039,4.196,201.0,200.5,69.0,1688,1,-14.1,0.27
2237,261,6.875,46.53,1,102.2,92.7,1358,182.0,76.4,22.98,-31.867,5.031,4.196,201.0,200.8,68.0,1688,1,-14.2,0.28
2238,260,6.875,46.2,1,102.2,92.7,1361,180.9,76.6,22.95,-31.961,5.023,4.196,203.0,201.0,69.0,1688,1,-14.2,0.29
2239,260,6.875,45.99,1,102.2,92.7,1363,180.1,76.4,22.27,-32.047,5.02,4.196,203.0,201.3,68.0,1688,1,-14.2,0.29
2240,259,6.875,44.95,1,102.3,92.60000000000001,1365,179.3,76.3,21.77,-32.141,5.012,4.196,203.0,201.7,68.0,1688,1,-14.3,0.29
2241,259,6.875,45.42,1,102.2,92.60000000000001,1366,178.6,76.3,21.66,-32.227,5.008,4.196,203.0,202.0,69.0,1688,1,-14.3,0.29
2242,259,6.875,45.81,1,102.2,92.60000000000001,1368,177.9,76.3,21.66,-32.312,5.0,4.196,203.0,202.4,68.0,1688,1,-14.3,0.27
2243,258,6.875,45.68,1,102.3,92.60000000000001,1369,177.4,76.2,21.73,-32.398,4.992,4.196,203.0,202.8,69.0,1688,1,-14.4,0.28
2244,258,6.875,45.22,1,102.3,92.60000000000001,1370,176.9,76.3,21.67,-32.484,4.988,4.196,204.0,203.2,68.0,1689,1,-14.4,0.28
2245,257,6.875,46.26,1,102.2,92.60000000000001,1370,176.5,76.2,21.68,-32.555,4.98,4.196,204.0,203.7,68.0,1689,1,-14.5,0.26
2246,257,6.875,45.79,1,102.2,92.5,1371,176.2,76.1,21.39,-32.633,4.973,4.196,205.0,204.2,69.0,1689,1,-14.5,0.27
2247,256,6.875,46.71,1,102.2,92.60000000000001,1372,175.8,76.0,21.25,-32.711,4.969,4.196,205.0,204.7,69.0,1689,1,-14.6,0.28
2248,256,6.875,46.17,1,102.2,92.5,1372,175.5,75.8,21.24,-32.789,4.961,4.196,206.0,205.2,69.0,1689,1,-14.6,0.28
2249,255,6.875,45.36,1,102.3,92.5,1372,175.3,75.9,21.18,-32.859,4.953,4.196,207.0,205.9,69.0,1689,1,-14.6,0.27
2250,255,6.875,46.34,1,102.2,92.5,1374,175.2,75.8,21.2,-32.93,4.949,4.196,208.0,206.5,69.0,1689,1,-14.7,0.27
2251,254,6.875,45.55,1,102.3,92.5,1374,174.9,75.9,21.27,-33.0,4.941,4.196,208.0,207.2,69.0,1689,1,-14.7,0.27
2252,254,6.875,45.35,1,102.2,92.5,1374,174.7,75.9,21.26,-33.078,4.938,4.196,208.0,207.9,69.0,1689,1,-14.8,0.35
2253,254,6.875,44.95,1,102.2,92.5,1373,174.5,75.8,21.2,-33.141,4.93,4.196,209.0,208.6,69.0,1689,1,-14.8,0.37
2254,253,6.875,44.87,1,102.2,92.5,1374,174.3,75.8,21.21,-33.211,4.926,4.196,211.0,209.4,69.0,1689,1,-14.8,0.36
2255,253,6.875,44.78,1,102.3,92.5,1375,174.2,75.9,21.25,-33.281,4.918,4.196,211.0,210.2,69.0,1689,1,-14.9,0.38
2256,252,6.875,45.67,1,102.2,92.5,1375,174.1,75.8,21.22,-33.352,4.914,4.196,212.0,211.0,69.0,1689,1,-14.9,0.37
2257,252,6.875,46.05,1,102.2,92.5,1375,173.9,75.8,21.25,-33.422,4.906,4.196,213.0,211.8,69.0,1689,1,-14.9,0.37
2258,251,6.875,45.89,1,102.2,92.5,1375,173.7,75.9,21.23,-33.484,4.902,4.196,213.0,212.6,69.0,1689,1,-15.0,0.37
2259,250,6.875,46.5,1,102.2,92.5,1374,173.6,75.7,21.3,-33.547,4.895,4.196,214.0,213.4,69.0,1689,1,-15.0,0.37
2260,250,6.875,46.79,1,102.2,92.5,1374,173.5,75.7,21.14,-33.617,4.891,4.196,216.0,214.1,69.0,1689,1,-15.1,0.37
2261,249,6.875,46.21,1,102.2,92.5,1374,173.5,75.7,21.05,-33.68,4.883,4.196,216.0,214.9,69.0,1689,1,-15.1,0.37
2262,249,6.875,45.94,1,102.2,92.5,1374,173.5,75.8,20.93,-33.742,4.879,4.196,217.0,215.6,69.0,1689,1,-15.1,0.38
2263,249,6.875,44.54,1,102.2,92.4,1374,173.3,75.7,20.88,-33.797,4.871,4.196,218.0,216.3,69.0,1689,1,-15.2,0.37
2264,248,6.9,46.16,1,102.2,92.4,1374,173.3,75.6,21.02,-33.859,4.863,4.196,219.0,216.9,69.0,1689,1,-15.2,0.37
2265,248,6.9,46.04,1,102.2,92.4,1374,173.3,75.6,20.95,-33.93,4.859,4.196,219.0,217.6,69.0,1689,1,-15.2,0.37
2266,247,6.9,45.53,1,102.2,92.4,1374,173.2,75.6,21.06,-33.992,4.852,4.196,220.0,218.2,69.0,1689,1,-15.3,0.37
2267,247,6.9,45.04,1,102.3,92.4,1374,173.3,75.6,21.04,-34.062,4.848,4.196,220.0,218.8,69.0,1689,1,-15.3,0.37
2268,246,6.9,44.9,1,102.2,92.4,1374,173.3,75.6,20.98,-34.133,4.844,4.196,222.0,219.4,69.0,1689,1,-15.3,0.37
2269,246,6.9,44.95,1,102.2,92.4,1373,173.2,75.6,21.04,-34.203,4.836,4.196,222.0,219.9,69.0,1689,1,-15.4,0.4
2270,245,6.9,45.72,1,102.2,92.4,1373,173.2,75.8,21.02,-34.281,4.828,4.196,222.0,220.5,69.0,1690,1,-15.4,0.4
2271,245,6.9,45.66,1,102.2,92.4,1372,173.2,75.7,21.01,-34.359,4.82,4.196,224.0,220.9,69.0,1690,1,-15.5,0.39
2272,244,6.9,44.51,1,102.2,92.4,1373,173.3,75.4,21.01,-34.43,4.816,4.196,224.0,221.3,69.0,1690,1,-15.5,0.39
2273,244,6.9,45.15,1,102.2,92.30000000000001,1373,173.3,75.6,20.98,-34.516,4.809,4.196,224.0,221.7,69.0,1690,1,-15.5,0.4
2274,243,6.9,44.96,1,102.2,92.4,1373,173.1,75.5,21.0,-34.594,4.801,4.196,224.0,222.0,69.0,1690,1,-15.6,0.39
2275,243,6.9,44.89,1,102.2,92.30000000000001,1372,173.2,75.5,21.0,-34.672,4.797,4.196,224.0,222.2,69.0,1690,1,-15.6,0.39
2276,243,6.9,45.23,1,102.2,92.30000000000001,1372,173.2,75.6,20.99,-34.766,4.789,4.196,224.0,222.4,69.0,1690,1,-15.6,0.4
2277,242,6.9,46.17,1,102.2,92.30000000000001,1371,173.2,75.5,21.01,-34.844,4.785,4.196,224.0,222.5,69.0,1690,1,-15.7,0.4
2278,242,6.9,45.68,1,102.2,92.30000000000001,1370,173.2,75.5,21.0,-34.93,4.777,4.196,224.0,222.6,69.0,1690,1,-15.7,0.4
2279,241,6.9,46.2,1,102.2,92.30000000000001,1370,173.2,75.6,21.01,-35.008,4.773,4.196,224.0,222.7,69.0,1690,1,-15.8,0.38
2280,241,6.9,46.27,1,102.2,92.30000000000001,1370,173.2,75.7,20.97,-35.086,4.766,4.196,224.0,222.7,69.0,1690,1,-15.8,0.39
2281,240,6.9,46.83,1,102.2,92.30000000000001,1370,173.3,75.6,20.98,-35.172,4.758,4.196,224.0,222.8,69.0,1690,1,-15.8,0.4
2282,240,6.9,46.24,1,102.2,92.30000000000001,1370,173.3,75.4,20.96,-35.242,4.754,4.196,224.0,222.8,69.0,1690,1,-15.8,0.4
2283,239,6.9,43.89,1,102.2,92.30000000000001,1369,173.3,75.3,21.01,-35.312,4.746,4.196,224.0,222.8,69.0,1690,1,-15.9,0.39
2284,239,6.9,45.68,1,102.2,92.30000000000001,1369,173.4,75.3,20.98,-35.383,4.738,4.196,224.0,222.8,69.0,1690,1,-15.9,0.39
2285,238,6.9,45.23,1,102.2,92.30000000000001,1369,173.3,75.3,21.0,-35.445,4.734,4.196,224.0,222.7,69.0,1690,1,-16.0,0.39
2286,237,6.9,44.55,1,102.2,92.2,1369,173.5,75.3,21.01,-35.516,4.727,4.196,224.0,222.5,69.0,1690,1,-16.0,0.39
2287,237,6.9,45.37,1,102.2,92.30000000000001,1369,173.5,75.4,21.03,-35.578,4.723,4.196,224.0,222.2,69.0,1690,1,-16.0,0.39
2288,237,6.9,46.06,1,102.2,92.2,1369,173.5,75.2,20.97,-35.648,4.715,4.196,224.0,221.9,69.0,1690,1,-16.1,0.39
2289,236,6.9,45.45,1,102.2,92.2,1368,173.5,75.4,20.95,-35.711,4.711,4.196,222.0,221.5,69.0,1690,1,-16.1,0.39
2290,236,6.9,44.48,1,102.2,92.30000000000001,1368,173.6,75.3,20.99,-35.773,4.703,4.196,222.0,221.1,69.0,1690,1,-16.1,0.4
2291,235,6.9,45.21,1,102.2,92.2,1368,173.6,75.3,21.0,-35.844,4.699,4.196,221.0,220.7,69.0,1690,1,-16.2,0.39
2292,235,6.9,44.57,1,102.2,92.2,1368,173.6,75.2,21.01,-35.906,4.691,4.196,220.0,220.1,69.0,1691,1,-16.2,0.39
2293,235,6.9,45.14,1,102.2,92.2,1368,173.7,75.3,20.98,-35.969,4.688,4.196,220.0,219.7,69.0,1691,1,-16.2,0.39
2294,234,6.9,44.69,1,102.2,92.2,1367,173.8,75.3,20.97,-36.031,4.68,4.196,219.0,219.1,69.0,1691,1,-16.3,0.39
2295,234,6.9,44.4,1,102.2,92.2,1367,173.8,75.2,21.0,-36.094,4.672,4.196,218.0,218.5,69.0,1691,1,-16.3,0.39
2296,233,6.9,44.77,1,102.2,92.2,1366,173.9,75.2,20.98,-36.164,4.664,4.196,218.0,217.9,69.0,1691,1,-16.3,0.38
2297,232,6.925,45.12,1,102.2,92.2,1366,174.0,75.2,20.98,-36.219,4.66,4.196,217.0,217.3,69.0,1691,1,-16.4,0.38
2298,232,6.9,44.69,1,102.2,92.2,1366,174.0,75.1,20.98,-36.281,4.652,4.196,216.0,216.7,69.0,1691,1,-16.4,0.39
2299,231,6.9,45.23,1,102.2,92.2,1366,174.1,75.2,21.02,-36.344,4.645,4.196,216.0,216.1,69.0,1691,1,-16.4,0.39
2300,231,6.925,45.5,1,102.2,92.2,1366,174.3,75.1,20.98,-36.406,4.641,4.196,214.0,215.5,69.0,1691,1,-16.5,0.4
2301,230,6.925,44.5,1,102.2,92.10000000000001,1366,174.3,75.3,20.97,-36.469,4.633,4.196,213.0,214.9,69.0,1691,1,-16.5,0.38
2302,230,6.925,43.84,1,102.2,92.10000000000001,1366,174.3,75.1,20.95,-36.531,4.625,4.196,213.0,214.4,69.0,1691,1,-16.5,0.39
2303,230,6.925,44.08,1,102.2,92.2,1364,174.3,75.1,21.0,-36.602,4.621,4.196,213.0,214.0,69.0,1691,1,-16.6,0.38
2304,229,6.925,44.96,1,102.2,92.10000000000001,1365,174.3,75.1,21.05,-36.664,4.613,4.196,212.0,213.5,69.0,1691,1,-16.6,0.37
2305,229,6.925,44.02,1,102.2,92.10000000000001,1364,174.3,75.1,21.01,-36.727,4.605,4.196,212.0,213.2,69.0,1691,1,-16.6,0.38
2306,228,6.925,44.83,1,102.2,92.10000000000001,1364,174.4,74.9,21.05,-36.797,4.602,4.196,212.0,213.0,69.0,1691,1,-16.7,0.38
2307,228,6.925,44.53,1,102.2,92.10000000000001,1364,174.5,75.0,20.96,-36.859,4.598,4.196,212.0,212.8,69.0,1691,1,-16.7,0.37
2308,227,6.925,43.86,1,102.2,92.10000000000001,1364,174.5,74.9,21.03,-36.922,4.59,4.196,212.0,212.7,69.0,1691,1,-16.8,0.39
2309,227,6.925,45.4,1,102.2,92.10000000000001,1363,174.5,75.1,20.98,-36.992,4.582,4.196,212.0,212.6,69.0,1691,1,-16.8,0.38
2310,226,6.925,45.29,1,102.2,92.10000000000001,1363,174.6,75.0,20.99,-37.062,4.574,4.196,212.0,212.6,69.0,1691,1,-16.8,0.37
2311,226,6.925,45.81,1,102.3,92.10000000000001,1363,174.5,75.0,21.03,-37.141,4.57,4.196,212.0,212.7,69.0,1691,1,-16.8,0.38
2312,226,6.925,45.03,1,102.2,92.10000000000001,1363,174.4,75.1,21.02,-37.219,4.562,4.196,212.0,212.8,69.0,1692,1,-16.9,0.38
2313,225,6.925,44.64,1,102.3,92.10000000000001,1363,174.5,74.9,20.99,-37.289,4.559,4.196,213.0,213.0,69.0,1692,1,-16.9,0.38
2314,225,6.925,44.26,1,102.2,92.0,1363,174.7,74.9,20.99,-37.359,4.551,4.196,212.0,213.3,69.0,1692,1,-16.9,0.37
2315,224,6.925,44.05,1,102.2,92.0,1362,174.6,74.9,20.99,-37.43,4.543,4.196,213.0,213.6,69.0,1692,1,-17.0,0.38
2316,224,6.925,45.59,1,102.2,92.0,1362,174.6,74.8,20.99,-37.5,4.539,4.196,213.0,214.0,69.0,1692,1,-17.0,0.38
2317,223,6.925,44.44,1,102.2,92.0,1362,174.7,74.8,20.98,-37.57,4.531,4.196,213.0,214.4,69.0,1692,1,-17.0,0.37
2318,223,6.925,45.22,1,102.2,92.0,1362,174.8,74.9,21.02,-37.641,4.527,4.196,214.0,214.8,69.0,1692,1,-17.1,0.37
2319,222,6.925,44.51,1,102.2,92.0,1361,174.8,74.8,21.01,-37.719,4.52,4.196,216.0,215.4,69.0,1692,1,-17.1,0.38
2320,222,6.925,45.05,1,102.2,92.0,1362,174.9,74.7,21.01,-37.797,4.516,4.196,216.0,215.9,69.0,1692,1,-17.1,0.37
2321,221,6.925,44.47,1,102.2,92.0,1362,174.9,74.9,21.02,-37.867,4.512,4.196,216.0,216.4,69.0,1692,1,-17.2,0.37
2322,221,6.925,45.42,1,102.2,92.0,1362,175.0,74.9,21.0,-37.945,4.504,4.196,217.0,216.9,69.0,1692,1,-17.2,0.38
2323,220,6.925,44.08,1,102.2,92.0,1361,175.0,74.9,21.0,-38.023,4.496,4.196,218.0,217.4,69.0,1692,1,-17.2,0.37
2324,220,6.925,43.49,1,102.2,91.9,1360,175.0,74.8,21.03,-38.102,4.492,4.196,218.0,218.0,69.0,1692,1,-17.3,0.37
2325,220,6.925,45.49,1,102.3,92.0,1359,175.2,74.8,20.98,-38.18,4.488,4.196,219.0,218.6,69.0,1692,1,-17.3,0.38
2326,219,6.925,45.81,1,102.3,92.0,1359,175.3,74.8,21.04,-38.258,4.48,4.196,220.0,219.2,69.0,1692,1,-17.3,0.38
2327,219,6.925,45.98,1,102.2,91.9,1359,175.2,74.8,21.05,-38.336,4.477,4.196,220.0,219.7,69.0,1692,1,-17.3,0.38
2328,218,6.925,45.83,1,102.2,91.9,1359,175.3,74.6,21.01,-38.422,4.469,4.196,221.0,220.3,69.0,1692,1,-17.4,0.37
2329,218,6.925,44.91,1,102.2,91.9,1359,175.4,74.8,21.0,-38.5,4.461,4.196,222.0,220.9,69.0,1692,1,-17.4,0.38
2330,217,6.925,44.47,1,102.2,91.9,1358,175.4,74.8,21.0,-38.578,4.457,4.196,224.0,221.4,69.0,1693,1,-17.4,0.37
2331,217,6.925,45.2,1,102.2,91.9,1357,175.4,74.6,21.04,-38.656,4.449,4.196,224.0,221.9,69.0,1693,1,-17.5,0.37
2332,216,6.925,44.97,1,102.2,91.9,1357,175.5,74.7,21.02,-38.742,4.445,4.196,224.0,222.3,69.0,1693,1,-17.5,0.37
2333,216,6.925,45.3,1,102.2,91.9,1357,175.5,74.7,21.03,-38.828,4.441,4.196,224.0,222.7,69.0,1693,1,-17.5,0.36
2334,215,6.925,46.44,1,102.2,91.8,1357,175.5,74.8,21.01,-38.906,4.434,4.196,224.0,223.1,69.0,1693,1,-17.6,0.41
2335,215,6.925,45.49,1,102.2,91.9,1357,175.6,74.6,21.03,-38.992,4.426,4.196,224.0,223.4,69.0,1693,1,-17.6,0.4
2336,214,6.925,45.22,1,102.2,91.8,1357,175.7,74.7,20.99,-39.078,4.422,4.196,224.0,223.7,69.0,1693,1,-17.6,0.4
2337,214,6.925,45.64,1,102.2,91.8,1356,175.7,74.8,20.98,-39.164,4.414,4.196,225.0,224.0,69.0,1693,1,-17.7,0.41
2338,213,6.925,44.17,1,102.2,91.8,1356,175.8,74.6,20.93,-39.25,4.41,4.196,225.0,224.2,69.0,1693,1,-17.7,0.42
2339,213,6.925,44.25,1,102.2,91.8,1356,175.8,74.6,20.99,-39.344,4.402,4.196,225.0,224.5,69.0,1693,1,-17.7,0.42
2340,213,6.925,44.46,1,102.2,91.8,1356,175.8,74.6,20.98,-39.422,4.398,4.196,225.0,224.6,69.0,1693,1,-17.7,0.42
2341,212,6.925,44.78,1,102.2,91.8,1355,175.9,74.6,21.07,-39.508,4.391,4.196,226.0,224.8,69.0,1693,1,-17.8,0.42
2342,212,6.925,44.94,1,102.2,91.7,1354,176.0,74.5,21.0,-39.586,4.387,4.196,226.0,225.0,69.0,1693,1,-17.8,0.42
2343,211,6.925,44.07,1,102.2,91.7,1354,176.0,74.6,21.05,-39.672,4.379,4.196,225.0,225.1,69.0,1693,1,-17.8,0.38
2344,211,6.925,44.68,1,102.2,91.7,1353,176.1,74.6,21.03,-39.758,4.371,4.196,226.0,225.2,69.0,1693,1,-17.8,0.39
2345,210,6.925,45.45,1,102.2,91.7,1353,176.2,74.4,20.97,-39.836,4.367,4.196,226.0,225.3,69.0,1693,1,-17.9,0.37
2346,210,6.925,45.85,1,102.2,91.7,1353,176.2,74.5,21.05,-39.922,4.363,4.196,226.0,225.3,69.0,1693,1,-17.9,0.38
2347,209,6.925,44.32,1,102.2,91.7,1354,176.3,74.5,21.0,-40.008,4.355,4.196,226.0,225.4,69.0,1694,1,-17.9,0.37
2348,209,6.925,42.86,1,102.3,91.7,1353,176.4,74.4,20.98,-40.094,4.352,4.196,226.0,225.4,69.0,1694,1,-18.0,0.37
2349,208,6.925,42.87,1,102.2,91.7,1352,176.5,74.5,21.01,-40.18,4.348,4.196,226.0,225.4,69.0,1694,1,-18.0,0.37
2350,208,6.95,45.47,1,102.2,91.7,1352,176.6,74.5,21.0,-40.266,4.34,4.196,226.0,225.4,69.0,1694,1,-18.0,0.37
2351,207,6.95,44.96,1,102.2,91.60000000000001,1353,176.6,74.5,21.02,-40.352,4.336,4.196,226.0,225.4,69.0,1694,1,-18.1,0.39
2352,207,6.95,45.23,1,102.3,91.7,1353,176.6,74.5,21.0,-40.438,4.328,4.196,225.0,225.5,69.0,1694,1,-18.1,0.4
2353,206,6.95,45.98,1,102.2,91.7,1352,176.6,74.4,21.07,-40.523,4.324,4.196,226.0,225.6,69.0,1694,1,-18.1,0.4
2354,205,6.925,43.11,1,102.2,91.60000000000001,1352,176.6,74.3,21.03,-40.617,4.316,4.196,226.0,225.7,69.0,1694,1,-18.1,0.39
2355,205,6.95,45.53,1,102.2,91.60000000000001,1351,176.7,74.4,20.98,-40.703,4.312,4.196,226.0,225.9,69.0,1694,1,-18.2,0.4
2356,204,6.95,45.2,1,102.2,91.60000000000001,1351,176.8,74.3,21.03,-40.789,4.309,4.196,226.0,226.1,69.0,1694,1,-18.2,0.38
2357,204,6.95,46.99,1,102.2,91.60000000000001,1350,176.8,74.3,21.03,-40.883,4.301,4.196,226.0,226.3,69.0,1694,1,-18.2,0.38
2358,203,6.925,43.3,1,102.2,91.60000000000001,1349,176.9,74.4,21.06,-40.969,4.297,4.196,226.0,226.5,69.0,1694,1,-18.3,0.4
2359,203,6.925,43.65,1,102.1,91.5,1348,176.9,74.2,21.0,-41.062,4.289,4.196,226.0,226.6,69.0,1694,1,-18.3,0.4
2360,202,6.925,43.59,1,102.2,91.60000000000001,1346,177.0,74.3,21.0,-41.156,4.285,4.196,226.0,226.6,69.0,1694,1,-18.3,0.4
2361,202,6.925,43.63,1,102.1,91.5,1344,177.0,74.4,21.02,-41.25,4.281,4.196,226.0,226.4,69.0,1694,1,-18.3,0.4
2362,201,6.925,43.76,1,102.1,91.5,1343,177.2,74.4,20.98,-41.336,4.273,4.196,226.0,226.2,69.0,1695,1,-18.4,0.41
2363,201,6.925,43.85,1,102.1,91.5,1342,177.2,74.3,21.05,-41.422,4.27,4.196,226.0,226.0,69.0,1695,1,-18.4,0.4
2364,200,6.925,44.05,1,102.0,91.5,1340,177.3,74.2,21.02,-41.516,4.262,4.196,226.0,225.6,69.0,1695,1,-18.4,0.41
2365,200,6.925,44.06,1,102.0,91.4,1339,177.4,74.2,21.0,-41.602,4.258,4.196,226.0,225.3,69.0,1695,1,-18.5,0.4
2366,199,6.925,44.03,1,102.0,91.4,1339,177.4,74.2,21.0,-41.695,4.25,4.196,225.0,224.9,69.0,1695,1,-18.5,0.4
2367,198,6.925,44.04,1,102.0,91.4,1338,177.4,74.1,20.97,-41.789,4.246,4.196,225.0,224.5,69.0,1695,1,-18.5,0.41
2368,198,6.925,44.0,1,102.0,91.4,1337,177.3,74.1,20.98,-41.883,4.238,4.196,224.0,224.0,69.0,1695,1,-18.5,0.4
2369,197,6.925,44.09,1,102.0,91.4,1337,177.3,74.2,21.0,-41.977,4.234,4.196,224.0,223.4,69.0,1695,1,-18.6,0.41
2370,197,6.925,44.09,1,101.89999999999999,91.3,1337,177.4,74.3,20.99,-42.062,4.227,4.196,224.0,222.9,69.0,1695,1,-18.6,0.41
2371,196,6.95,44.06,1,101.89999999999999,91.4,1335,177.5,74.1,21.02,-42.141,4.223,4.196,224.0,222.3,69.0,1695,1,-18.6,0.4
2372,195,6.925,44.08,1,101.89999999999999,91.3,1335,177.5,74.1,20.99,-42.227,4.215,4.196,222.0,221.7,69.0,1695,1,-18.6,0.4
2373,195,6.925,44.01,1,101.89999999999999,91.3,1334,177.7,74.1,21.02,-42.32,4.211,4.196,222.0,221.1,69.0,1695,1,-18.7,0.41
2374,194,6.925,44.04,1,101.89999999999999,91.3,1334,177.9,74.2,21.04,-42.406,4.207,4.196,221.0,220.4,69.0,1695,1,-18.7,0.41
2375,194,6.95,43.99,1,101.8,91.3,1334,177.9,74.1,21.0,-42.492,4.203,4.196,220.0,219.8,69.0,1695,1,-18.7,0.41
2376,193,6.95,44.04,1,101.8,91.3,1334,178.0,74.1,20.99,-42.578,4.195,4.196,219.0,219.1,69.0,1695,1,-18.8,0.41
2377,193,6.95,44.09,1,101.8,91.3,1334,178.0,74.1,21.03,-42.664,4.191,4.196,219.0,218.5,69.0,1695,1,-18.8,0.42
2378,193,6.95,44.04,1,101.8,91.3,1333,178.1,74.2,20.99,-42.742,4.188,4.196,218.0,217.9,69.0,1695,1,-18.8,0.42
2379,192,6.925,44.06,1,101.8,91.3,1332,178.2,74.1,21.1,-42.82,4.184,4.196,218.0,217.2,69.0,1695,1,-18.8,0.41
2380,192,6.925,44.09,1,101.69999999999999,91.2,1332,178.2,74.1,21.12,-42.891,4.18,4.196,218.0,216.6,69.0,1696,1,-18.9,0.41
2381,192,6.925,44.08,1,101.69999999999999,91.2,1332,178.4,74.1,21.13,-42.961,4.176,4.196,216.0,216.0,69.0,1696,1,-18.9,0.42
2382,193,6.925,44.1,1,101.69999999999999,91.2,1333,178.5,74.0,21.16,-43.031,4.176,4.196,216.0,215.4,69.0,1696,1,-18.9,0.42
2383,193,6.925,43.98,1,101.69999999999999,91.2,1332,178.5,74.1,21.13,-43.094,4.172,4.196,215.0,214.8,69.0,1696,1,-18.9,0.41
2384,193,6.925,44.05,1,101.69999999999999,91.2,1332,178.4,74.2,21.14,-43.148,4.172,4.196,215.0,214.2,69.0,1696,1,-19.0,0.42
2385,194,6.925,44.04,1,101.69999999999999,91.2,1331,178.4,74.1,21.17,-43.195,4.172,4.196,213.0,213.6,69.0,1696,1,-19.0,0.44
2386,194,6.925,44.03,1,101.69999999999999,91.2,1331,178.4,74.1,21.12,-43.25,4.172,4.196,213.0,213.1,69.0,1696,1,-19.0,0.44
2387,195,6.9,44.03,1,101.6,91.2,1331,178.4,74.2,21.12,-43.289,4.172,4.196,213.0,212.6,69.0,1696,1,-19.1,0.43
2388,195,6.9,43.99,1,101.69999999999999,91.2,1331,178.5,74.2,21.16,-43.328,4.172,4.196,213.0,212.1,69.0,1696,1,-19.1,0.43
2389,196,6.9,44.05,1,101.6,91.2,1330,178.6,74.0,21.17,-43.367,4.172,4.196,212.0,211.5,69.0,1696,1,-19.1,0.43
2390,196,6.9,43.99,1,101.6,91.2,1330,178.7,74.0,21.12,-43.398,4.172,4.196,211.0,211.0,69.0,1696,1,-19.1,0.43
2391,197,6.9,44.15,1,101.6,91.2,1329,178.7,74.0,21.2,-43.43,4.172,4.196,211.0,210.6,69.0,1696,1,-19.2,0.43
2392,197,6.9,44.06,1,101.6,91.2,1329,178.7,74.0,21.18,-43.445,4.168,4.196,211.0,210.2,69.0,1696,1,-19.2,0.43
2393,198,6.875,44.1,1,101.6,91.2,1330,178.8,74.1,21.2,-43.461,4.168,4.196,211.0,209.8,69.0,1696,1,-19.2,0.43
2394,198,6.875,44.09,1,101.6,91.2,1330,178.8,74.1,21.17,-43.477,4.172,4.196,210.0,209.4,69.0,1696,1,-19.2,0.44
2395,199,6.875,44.04,1,101.6,91.2,1330,178.9,74.1,21.22,-43.484,4.172,4.196,210.0,209.1,69.0,1696,1,-19.3,0.44
2396,199,6.875,44.07,1,101.6,91.2,1330,178.9,74.1,21.18,-43.484,4.172,4.196,209.0,208.8,69.0,1697,1,-19.3,0.44
2397,200,6.875,44.1,1,101.6,91.2,1330,178.8,74.1,21.18,-43.484,4.172,4.196,208.0,208.5,69.0,1697,1,-19.3,0.43
2398,200,6.875,44.06,1,101.6,91.2,1331,178.8,74.1,21.21,-43.484,4.172,4.196,208.0,208.3,69.0,1697,1,-19.3,0.43
2399,201,6.85,44.06,1,101.6,91.2,1330,178.7,74.1,21.21,-43.469,4.176,4.196,208.0,208.1,69.0,1697,1,-19.4,0.43
2400,202,6.85,44.13,1,101.6,91.2,1330,178.7,74.0,21.16,-43.461,4.176,4.196,208.0,207.8,69.0,1697,1,-19.4,0.43
2401,202,6.85,44.12,1,101.6,91.2,1330,178.5,74.1,21.18,-43.453,4.176,4.196,208.0,207.6,69.0,1697,1,-19.4,0.43
2402,203,6.85,44.12,1,101.6,91.2,1331,178.4,74.0,21.25,-43.445,4.176,4.196,208.0,207.4,69.0,1697,1,-19.4,0.44
2403,204,6.85,44.13,1,101.6,91.2,1332,178.4,74.1,21.21,-43.43,4.176,4.196,208.0,207.3,69.0,1697,1,-19.5,0.44
2404,204,6.85,44.09,1,101.6,91.2,1331,178.4,74.2,21.24,-43.414,4.176,4.196,208.0,207.1,69.0,1697,1,-19.5,0.43
2405,205,6.825,44.14,1,101.6,91.3,1331,178.4,74.1,21.2,-43.406,4.176,4.196,208.0,207.0,69.0,1697,1,-19.5,0.44
2406,206,6.825,44.03,1,101.6,91.2,1331,178.4,74.0,21.25,-43.391,4.18,4.196,208.0,206.8,69.0,1697,1,-19.6,0.44
2407,206,6.825,44.12,1,101.69999999999999,91.3,1331,178.5,74.0,21.21,-43.375,4.18,4.196,208.0,206.7,69.0,1697,1,-19.6,0.43
2408,207,6.825,44.09,1,101.6,91.2,1331,178.4,74.2,21.25,-43.352,4.18,4.196,207.0,206.6,69.0,1697,1,-19.6,0.43
2409,208,6.825,44.08,1,101.6,91.3,1331,178.4,74.2,21.27,-43.336,4.18,4.196,208.0,206.4,69.0,1697,1,-19.6,0.44
2410,208,6.825,44.15,1,101.6,91.3,1331,178.4,74.1,21.21,-43.32,4.18,4.196,207.0,206.3,69.0,1697,1,-19.6,0.44
2411,209,6.8,44.21,1,101.6,91.3,1331,178.4,74.2,21.26,-43.297,4.184,4.196,207.0,206.2,69.0,1697,1,-19.7,0.44
2412,210,6.8,44.1,1,101.6,91.3,1331,178.4,74.2,21.26,-43.273,4.184,4.196,207.0,206.0,69.0,1697,1,-19.7,0.45
2413,210,6.8,44.03,1,101.69999999999999,91.3,1331,178.4,74.2,21.25,-43.25,4.184,4.196,207.0,205.9,69.0,1697,1,-19.7,0.43
2414,211,6.8,44.07,1,101.6,91.3,1331,178.4,74.1,21.22,-43.219,4.184,4.196,207.0,205.7,69.0,1698,1,-19.8,0.43
2415,212,6.8,44.06,1,101.69999999999999,91.3,1332,178.4,74.2,21.24,-43.188,4.188,4.196,207.0,205.5,69.0,1698,1,-19.8,0.43
2416,213,6.8,44.17,1,101.69999999999999,91.3,1332,178.4,74.1,21.22,-43.156,4.188,4.196,207.0,205.4,69.0,1698,1,-19.8,0.45
2417,213,6.775,44.08,1,101.69999999999999,91.3,1332,178.4,74.2,21.23,-43.125,4.188,4.196,207.0,205.2,69.0,1698,1,-19.9,0.44
2418,214,6.775,43.94,1,101.69999999999999,91.3,1333,178.3,74.2,21.24,-43.094,4.188,4.196,207.0,205.1,69.0,1698,1,-19.9,0.44
2419,214,6.8,43.65,1,101.69999999999999,91.3,1335,178.3,74.2,21.28,-43.062,4.188,4.196,206.0,204.9,69.0,1698,1,-19.9,0.43
2420,215,6.775,43.58,1,101.69999999999999,91.3,1336,178.3,74.2,21.25,-43.031,4.191,4.196,206.0,204.7,69.0,1698,1,-20.0,0.44
2421,215,6.775,43.72,1,101.69999999999999,91.3,1337,178.1,74.2,21.23,-42.992,4.191,4.196,206.0,204.6,69.0,1698,1,-20.0,0.44
2422,216,6.775,43.88,1,101.69999999999999,91.3,1338,178.1,74.3,21.25,-42.961,4.191,4.196,205.0,204.5,69.0,1698,1,-20.0,0.44
2423,217,6.775,45.08,1,101.69999999999999,91.4,1338,178.1,74.2,21.31,-42.93,4.191,4.196,205.0,204.3,69.0,1698,1,-20.0,0.43
2424,217,6.775,45.33,1,101.69999999999999,91.3,1339,178.1,74.2,21.26,-42.898,4.191,4.196,205.0,204.1,69.0,1698,1,-20.0,0.43
2425,218,6.75,44.4,1,101.69999999999999,91.4,1339,178.0,74.3,21.26,-42.859,4.195,4.196,205.0,203.8,69.0,1698,1,-20.1,0.42
2426,218,6.75,44.6,1,101.69999999999999,91.4,1341,178.0,74.3,21.3,-42.828,4.195,4.196,205.0,203.5,69.0,1698,1,-20.1,0.43
2427,219,6.75,44.21,1,101.69999999999999,91.4,1341,178.0,74.4,21.28,-42.797,4.199,4.196,204.0,203.2,69.0,1698,1,-20.1,0.43
2428,220,6.75,45.77,1,101.69999999999999,91.4,1342,178.0,74.3,21.26,-42.766,4.199,4.196,203.0,202.9,69.0,1698,1,-20.2,0.43
2429,220,6.75,44.37,1,101.69999999999999,91.4,1342,178.0,74.3,21.27,-42.734,4.199,4.196,203.0,202.6,69.0,1698,1,-20.2,0.43
2430,221,6.75,44.88,1,101.8,91.4,1342,178.0,74.4,21.27,-42.703,4.199,4.196,203.0,202.3,69.0,1698,1,-20.2,0.43
2431,222,6.75,44.32,1,101.8,91.4,1342,178.0,74.3,21.27,-42.672,4.203,4.196,203.0,201.9,69.0,1698,1,-20.2,0.43
2432,222,6.75,44.52,1,101.8,91.4,1343,178.0,74.4,21.27,-42.641,4.203,4.196,203.0,201.6,69.0,1698,1,-20.3,0.42
2433,223,6.75,44.73,1,101.8,91.4,1344,178.0,74.4,21.32,-42.609,4.203,4.196,201.0,201.3,69.0,1699,1,-20.3,0.45
2434,223,6.75,45.35,1,101.8,91.4,1344,178.0,74.3,21.3,-42.578,4.203,4.196,201.0,200.9,69.0,1699,1,-20.4,0.41
2435,224,6.75,44.63,1,101.8,91.4,1345,178.0,74.3,21.3,-42.547,4.203,4.196,200.0,200.6,69.0,1699,1,-20.4,0.42
2436,224,6.75,44.33,1,101.8,91.4,1344,177.9,74.4,21.27,-42.516,4.203,4.196,199.0,200.2,69.0,1699,1,-20.4,0.43
2437,225,6.75,45.28,1,101.8,91.4,1345,177.9,74.5,21.28,-42.484,4.203,4.196,199.0,199.9,69.0,1699,1,-20.4,0.42
2438,225,6.75,45.26,1,101.8,91.4,1346,177.8,74.4,21.27,-42.453,4.203,4.196,199.0,199.6,69.0,1699,1,-20.5,0.42
2439,226,6.75,45.96,1,101.8,91.4,1346,177.8,74.3,21.3,-42.43,4.207,4.196,198.0,199.2,69.0,1699,1,-20.5,0.42
2440,227,6.75,45.33,1,101.8,91.4,1347,177.8,74.3,21.26,-42.391,4.207,4.196,198.0,198.9,69.0,1699,1,-20.5,0.42
2441,227,6.75,45.21,1,101.8,91.5,1346,177.7,74.3,21.27,-42.359,4.207,4.196,198.0,198.6,69.0,1699,1,-20.6,0.43
2442,228,6.725,45.51,1,101.8,91.4,1346,177.7,74.4,21.28,-42.336,4.207,4.196,198.0,198.3,69.0,1699,1,-20.6,0.44
2443,229,6.725,46.14,1,101.89999999999999,91.5,1346,177.6,74.3,21.32,-42.305,4.207,4.196,197.0,198.1,69.0,1699,1,-20.6,0.45
2444,229,6.725,45.47,1,101.89999999999999,91.4,1346,177.6,74.4,21.29,-42.281,4.211,4.196,197.0,198.0,69.0,1699,1,-20.6,0.45
2445,230,6.725,44.36,1,101.89999999999999,91.5,1346,177.5,74.3,21.32,-42.25,4.211,4.196,197.0,197.9,69.0,1699,1,-20.7,0.45
2446,230,6.725,44.87,1,101.8,91.4,1347,177.4,74.3,21.27,-42.227,4.211,4.196,197.0,197.8,69.0,1699,1,-20.7,0.45
2447,231,6.725,44.14,1,101.89999999999999,91.5,1347,177.4,74.4,21.34,-42.203,4.211,4.196,197.0,197.8,69.0,1699,1,-20.7,0.45
2448,231,6.725,44.64,1,101.89999999999999,91.5,1346,177.4,74.4,21.31,-42.18,4.211,4.196,197.0,197.8,69.0,1699,1,-20.7,0.45
2449,232,6.725,45.06,1,101.89999999999999,91.5,1347,177.4,74.4,21.29,-42.156,4.211,4.196,197.0,197.9,69.0,1699,1,-20.8,0.45
2450,233,6.725,45.42,1,101.89999999999999,91.5,1347,177.4,74.4,21.29,-42.125,4.215,4.196,197.0,198.0,69.0,1699,1,-20.8,0.45
2451,233,6.725,44.96,1,101.89999999999999,91.5,1347,177.4,74.5,21.29,-42.102,4.215,4.196,197.0,198.1,69.0,1699,1,-20.8,0.45
2452,234,6.75,43.87,1,101.89999999999999,91.5,1347,177.5,74.3,21.29,-42.078,4.215,4.196,198.0,198.3,69.0,1699,1,-20.9,0.45
2453,234,6.75,45.92,1,101.89999999999999,91.5,1348,177.4,74.4,21.32,-42.055,4.219,4.196,198.0,198.5,69.0,1700,1,-20.9,0.45
2454,235,6.725,46.2,1,101.89999999999999,91.5,1348,177.3,74.4,21.29,-42.031,4.219,4.196,198.0,198.7,69.0,1700,1,-20.9,0.44
2455,235,6.75,45.09,1,101.89999999999999,91.5,1349,177.4,74.4,21.36,-42.0,4.219,4.196,198.0,198.9,69.0,1700,1,-21.0,0.45
2456,236,6.725,46.16,1,101.89999999999999,91.5,1348,177.4,74.4,21.29,-41.977,4.219,4.196,199.0,199.2,69.0,1700,1,-21.0,0.46
2457,237,6.725,45.19,1,101.89999999999999,91.5,1348,177.4,74.4,21.3,-41.953,4.219,4.196,199.0,199.4,69.0,1700,1,-21.0,0.45
2458,237,6.75,46.17,1,101.89999999999999,91.5,1349,177.4,74.4,21.3,-41.93,4.223,4.196,199.0,199.7,69.0,1700,1,-21.1,0.46
2459,238,6.725,45.09,1,101.89999999999999,91.5,1348,177.4,74.4,21.33,-41.906,4.223,4.196,199.0,199.9,69.0,1700,1,-21.1,0.46
2460,238,6.725,44.94,1,101.89999999999999,91.5,1348,177.3,74.5,21.35,-41.883,4.223,4.196,200.0,200.2,69.0,1700,1,-21.1,0.46
2461,239,6.75,44.77,1,101.89999999999999,91.5,1348,177.2,74.6,21.11,-41.859,4.223,4.196,200.0,200.5,69.0,1700,1,-21.2,0.46
2462,239,6.725,45.42,1,101.89999999999999,91.5,1348,177.3,74.6,20.88,-41.836,4.227,4.196,201.0,200.7,69.0,1700,1,-21.2,0.45
2463,240,6.725,45.02,1,102.0,91.5,1349,177.3,74.6,20.85,-41.812,4.227,4.196,201.0,200.9,69.0,1700,1,-21.2,0.45
2464,240,6.75,44.56,1,101.89999999999999,91.5,1349,177.1,74.5,20.84,-41.797,4.227,4.196,203.0,201.2,69.0,1700,1,-21.3,0.46
2465,241,6.725,44.33,1,101.89999999999999,91.60000000000001,1348,177.1,74.5,20.81,-41.781,4.227,4.196,202.0,201.4,69.0,1700,1,-21.3,0.45
2466,241,6.725,44.59,1,101.89999999999999,91.5,1348,177.0,74.6,20.83,-41.758,4.227,4.196,203.0,201.5,69.0,1700,1,-21.3,0.45
2467,241,6.725,44.81,1,101.89999999999999,91.60000000000001,1349,177.1,74.5,20.79,-41.734,4.23,4.196,203.0,201.7,69.0,1700,1,-21.3,0.45
2468,242,6.725,44.26,1,101.89999999999999,91.60000000000001,1350,177.0,74.6,20.85,-41.719,4.23,4.196,203.0,201.9,69.0,1700,1,-21.4,0.46
2469,242,6.725,44.32,1,101.89999999999999,91.60000000000001,1350,177.0,74.6,20.82,-41.695,4.23,4.196,203.0,202.0,69.0,1700,1,-21.4,0.46
2470,243,6.725,43.81,1,101.89999999999999,91.60000000000001,1350,176.9,74.5,20.84,-41.672,4.23,4.196,203.0,202.1,69.0,1700,1,-21.5,0.47
2471,243,6.725,43.56,1,101.89999999999999,91.5,1350,176.9,74.6,20.89,-41.648,4.234,4.196,203.0,202.2,69.0,1700,1,-21.5,0.46
2472,244,6.75,45.49,1,102.0,91.60000000000001,1350,176.9,74.6,20.88,-41.625,4.234,4.196,203.0,202.2,69.0,1701,1,-21.5,0.46
2473,244,6.725,46.87,1,102.0,91.60000000000001,1351,176.8,74.6,20.83,-41.609,4.234,4.196,203.0,202.3,69.0,1701,1,-21.6,0.46
2474,245,6.725,44.39,1,102.0,91.60000000000001,1351,176.8,74.8,20.85,-41.578,4.234,4.196,203.0,202.3,69.0,1701,1,-21.6,0.46
2475,245,6.75,44.48,1,102.0,91.60000000000001,1352,176.8,74.5,20.87,-41.547,4.234,4.196,203.0,202.3,69.0,1701,1,-21.6,0.45
2476,246,6.75,44.4,1,101.89999999999999,91.60000000000001,1351,176.7,74.6,20.84,-41.523,4.238,4.196,203.0,202.3,69.0,1701,1,-21.7,0.46
2477,246,6.725,44.65,1,102.0,91.60000000000001,1351,176.8,74.8,20.85,-41.492,4.238,4.196,203.0,202.3,69.0,1701,1,-21.7,0.45
2478,247,6.75,44.62,1,102.0,91.60000000000001,1351,176.7,74.6,20.83,-41.469,4.238,4.196,203.0,202.3,69.0,1701,1,-21.7,0.46
2479,247,6.75,44.42,1,102.0,91.60000000000001,1351,176.6,74.6,20.83,-41.438,4.238,4.196,203.0,202.2,69.0,1701,1,-21.8,0.46
2480,248,6.725,44.39,1,102.0,91.60000000000001,1350,176.6,74.7,20.89,-41.406,4.242,4.196,203.0,202.2,69.0,1701,1,-21.8,0.45
2481,248,6.725,44.75,1,102.0,91.60000000000001,1350,176.6,74.7,20.85,-41.375,4.242,4.196,203.0,202.2,69.0,1701,1,-21.8,0.45
2482,249,6.725,44.3,1,102.0,91.60000000000001,1350,176.5,74.6,20.84,-41.344,4.246,4.196,203.0,202.1,69.0,1701,1,-21.9,0.45
2483,249,6.725,44.3,1,102.0,91.60000000000001,1350,176.4,74.7,20.84,-41.312,4.246,4.196,203.0,202.0,69.0,1701,1,-21.9,0.45
2484,249,6.725,45.64,1,102.0,91.60000000000001,1351,176.4,74.6,20.87,-41.281,4.246,4.196,202.0,202.0,69.0,1701,1,-22.0,0.45
2485,250,6.725,45.68,1,102.0,91.7,1351,176.3,74.5,20.87,-41.25,4.246,4.196,201.0,201.9,69.0,1701,1,-22.0,0.46
2486,251,6.725,45.38,1,102.0,91.60000000000001,1351,176.4,74.6,20.86,-41.227,4.246,4.196,201.0,201.8,69.0,1701,1,-22.0,0.45
2487,251,6.725,46.78,1,102.1,91.7,1351,176.3,74.6,20.81,-41.188,4.25,4.196,201.0,201.7,69.0,1701,1,-22.1,0.45
2488,252,6.75,43.39,1,102.1,91.7,1351,176.2,74.7,20.91,-41.156,4.25,4.196,201.0,201.7,69.0,1701,1,-22.1,0.45
2489,252,6.725,44.9,1,102.1,91.7,1352,176.2,74.7,20.9,-41.125,4.25,4.196,201.0,201.6,69.0,1701,1,-22.1,0.45
2490,253,6.75,43.42,1,102.1,91.7,1352,176.2,74.7,20.88,-41.086,4.254,4.196,201.0,201.6,69.0,1701,1,-22.2,0.46
2491,253,6.75,44.2,1,102.1,91.7,1352,176.2,74.6,20.86,-41.062,4.254,4.196,201.0,201.5,69.0,1701,1,-22.2,0.45
2492,254,6.75,44.52,1,102.1,91.7,1352,176.2,74.7,20.87,-41.023,4.254,4.196,201.0,201.5,69.0,1702,1,-22.2,0.45
2493,254,6.725,44.72,1,102.1,91.7,1353,176.1,74.7,20.86,-40.992,4.254,4.196,201.0,201.4,69.0,1702,1,-22.3,0.45
2494,255,6.725,44.47,1,102.1,91.7,1353,176.0,74.7,20.88,-40.953,4.254,4.196,201.0,201.3,69.0,1702,1,-22.3,0.46
2495,255,6.725,43.86,1,102.1,91.7,1353,175.8,74.6,20.84,-40.922,4.254,4.196,200.0,201.2,69.0,1702,1,-22.4,0.45
2496,256,6.725,44.53,1,102.1,91.7,1354,175.8,74.6,20.9,-40.891,4.258,4.196,200.0,201.0,69.0,1702,1,-22.4,0.46
2497,256,6.725,45.77,1,102.1,91.7,1354,175.8,74.6,20.89,-40.859,4.258,4.196,199.0,200.8,69.0,1702,1,-22.4,0.46
2498,257,6.725,44.44,1,102.1,91.7,1354,175.8,74.7,20.91,-40.828,4.258,4.196,199.0,200.7,69.0,1702,1,-22.5,0.44
2499,257,6.725,44.05,1,102.1,91.7,1355,175.7,74.8,20.84,-40.797,4.258,4.196,199.0,200.5,69.0,1702,1,-22.5,0.45
2500,258,6.725,44.61,1,102.1,91.7,1354,175.7,74.8,20.86,-40.773,4.262,4.196,199.0,200.3,69.0,1702,1,-22.5,0.45
2501,258,6.725,45.66,1,102.2,91.8,1355,175.7,74.7,20.88,-40.75,4.262,4.196,199.0,200.1,69.0,1702,1,-22.6,0.44
2502,259,6.725,44.77,1,102.2,91.8,1355,175.7,74.7,20.9,-40.719,4.262,4.196,199.0,199.9,69.0,1702,1,-22.6,0.45
2503,259,6.725,44.19,1,102.1,91.7,1355,175.8,74.7,20.88,-40.688,4.262,4.196,198.0,199.7,69.0,1702,1,-22.7,0.45
2504,260,6.75,44.5,1,102.2,91.8,1356,175.7,74.9,20.87,-40.664,4.262,4.196,198.0,199.5,69.0,1702,1,-22.7,0.45
2505,260,6.725,46.48,1,102.2,91.8,1357,175.7,74.8,20.85,-40.641,4.262,4.196,198.0,199.3,69.0,1702,1,-22.7,0.45
2506,260,6.725,44.32,1,102.2,91.7,1357,175.6,74.7,20.91,-40.609,4.266,4.196,198.0,199.1,69.0,1702,1,-22.8,0.46
2507,261,6.75,44.49,1,102.2,91.8,1356,175.5,74.9,20.8,-40.586,4.266,4.196,198.0,198.9,69.0,1702,1,-22.8,0.45
2508,261,6.75,45.22,1,102.2,91.8,1357,175.5,74.9,20.92,-40.562,4.266,4.196,197.0,198.7,69.0,1702,1,-22.8,0.46
2509,262,6.725,44.41,1,102.2,91.8,1357,175.4,74.8,21.47,-40.531,4.266,4.196,197.0,198.6,69.0,1702,1,-22.9,0.45
2510,262,6.725,43.82,1,102.2,91.8,1356,175.3,74.9,21.6,-40.508,4.266,4.196,197.0,198.5,69.0,1702,1,-22.9,0.45
2511,263,6.75,44.06,1,102.2,91.8,1356,175.3,74.9,21.43,-40.477,4.27,4.196,197.0,198.4,69.0,1703,1,-23.0,0.44
2512,263,6.75,45.91,1,102.2,91.8,1355,175.2,74.9,21.59,-40.453,4.27,4.196,197.0,198.3,69.0,1703,1,-23.0,0.44
2513,264,6.725,46.16,1,102.2,91.8,1356,175.2,74.8,21.76,-40.422,4.27,4.196,197.0,198.3,69.0,1703,1,-23.0,0.43
2514,264,6.725,46.64,1,102.2,91.9,1356,175.2,74.9,21.81,-40.391,4.273,4.196,197.0,198.3,69.0,1703,1,-23.1,0.44
2515,264,6.725,45.26,1,102.2,91.8,1357,175.1,74.8,22.13,-40.367,4.273,4.196,197.0,198.3,69.0,1703,1,-23.1,0.43
2516,265,6.725,46.13,1,102.2,91.8,1357,175.1,74.8,22.16,-40.344,4.273,4.196,197.0,198.4,69.0,1703,1,-23.2,0.44
2517,265,6.725,44.64,1,102.2,91.8,1357,175.0,74.9,22.25,-40.32,4.273,4.196,197.0,198.5,69.0,1703,1,-23.2,0.44
2518,266,6.725,45.76,1,102.2,91.8,1357,175.0,74.9,21.75,-40.289,4.273,4.196,197.0,198.7,69.0,1703,1,-23.3,0.45
2519,266,6.75,46.64,1,102.2,91.8,1358,175.0,74.9,21.66,-40.258,4.273,4.196,198.0,198.8,69.0,1703,1,-23.3,0.44
2520,267,6.725,44.25,1,102.2,91.9,1358,175.0,75.0,21.57,-40.227,4.273,4.196,198.0,199.0,69.0,1703,1,-23.3,0.44
2521,267,6.725,46.72,1,102.2,91.8,1358,175.0,75.0,21.61,-40.203,4.273,4.196,198.0,199.2,69.0,1703,1,-23.4,0.44
2522,267,6.75,46.4,1,102.2,91.8,1358,175.0,75.0,21.64,-40.164,4.277,4.196,199.0,199.3,69.0,1703,1,-23.4,0.44
2523,268,6.725,45.44,1,102.2,91.9,1358,175.1,74.9,21.51,-40.141,4.277,4.196,199.0,199.5,69.0,1703,1,-23.4,0.45
2524,268,6.725,46.01,1,102.2,91.9,1359,175.1,74.9,21.57,-40.109,4.277,4.196,199.0,199.7,69.0,1703,1,-23.5,0.44
2525,269,6.75,44.4,1,102.2,91.8,1359,175.1,74.8,21.19,-40.086,4.277,4.196,199.0,199.9,69.0,1703,1,-23.5,0.44
2526,269,6.75,45.17,1,102.2,91.8,1359,175.1,74.9,21.06,-40.055,4.277,4.196,199.0,200.1,69.0,1703,1,-23.6,0.44
2527,269,6.75,46.5,1,102.2,91.9,1359,175.1,74.9,21.1,-40.023,4.277,4.196,199.0,200.2,69.0,1703,1,-23.6,0.45
2528,270,6.725,44.68,1,102.2,91.8,1358,175.0,75.0,21.11,-39.992,4.281,4.196,200.0,200.4,69.0,1703,1,-23.6,0.45
2529,270,6.725,45.37,1,102.2,91.9,1358,175.0,75.0,21.08,-39.969,4.281,4.196,200.0,200.5,69.0,1703,1,-23.7,0.44
2530,271,6.725,45.52,1,102.2,91.9,1358,174.9,75.0,21.11,-39.938,4.281,4.196,201.0,200.6,69.0,1703,1,-23.7,0.45
2531,271,6.725,43.91,1,102.2,91.9,1358,174.9,75.1,21.08,-39.914,4.281,4.196,201.0,200.7,69.0,1704,1,-23.8,0.45
2532,271,6.725,44.3,1,102.2,91.9,1359,174.9,75.1,21.11,-39.883,4.285,4.196,201.0,200.8,69.0,1704,1,-23.8,0.46
2533,272,6.725,44.96,1,102.2,91.9,1359,174.9,75.1,21.08,-39.859,4.285,4.196,201.0,200.9,69.0,1704,1,-23.8,0.44
2534,272,6.75,45.04,1,102.2,91.9,1358,174.9,75.1,21.09,-39.828,4.285,4.196,201.0,201.0,69.0,1704,1,-23.9,0.45
2535,273,6.725,46.05,1,102.2,91.9,1358,174.9,75.0,21.08,-39.797,4.285,4.196,201.0,201.0,69.0,1704,1,-23.9,0.45
2536,273,6.725,43.46,1,102.2,91.9,1359,174.9,75.0,21.09,-39.773,4.285,4.196,201.0,201.0,69.0,1704,1,-24.0,0.45
2537,273,6.75,45.96,1,102.2,91.9,1360,174.8,75.0,21.09,-39.742,4.289,4.196,201.0,201.0,69.0,1704,1,-24.0,0.45
2538,274,6.75,46.07,1,102.2,91.9,1360,174.8,75.2,21.09,-39.711,4.289,4.196,201.0,201.0,69.0,1704,1,-24.0,0.45
2539,274,6.725,44.92,1,102.2,91.9,1360,174.8,75.1,21.1,-39.68,4.289,4.196,201.0,200.9,69.0,1704,1,-24.1,0.45
2540,275,6.725,44.43,1,102.2,91.9,1359,174.8,75.0,21.07,-39.656,4.289,4.196,201.0,200.9,69.0,1704,1,-24.1,0.45
2541,275,6.75,47.23,1,102.2,91.9,1359,174.7,75.1,21.09,-39.633,4.289,4.196,201.0,200.9,69.0,1704,1,-24.2,0.45
2542,275,6.725,45.24,1,102.3,91.9,1360,174.7,75.0,21.08,-39.602,4.293,4.196,200.0,200.8,69.0,1704,1,-24.2,0.44
2543,276,6.725,45.08,1,102.2,91.9,1360,174.7,75.1,21.08,-39.57,4.293,4.196,200.0,200.7,69.0,1704,1,-24.2,0.45
2544,276,6.725,44.47,1,102.2,91.9,1360,174.7,75.1,21.08,-39.547,4.293,4.196,200.0,200.6,69.0,1704,1,-24.3,0.45
2545,276,6.725,45.52,1,102.2,91.9,1360,174.8,74.9,21.08,-39.523,4.293,4.196,200.0,200.5,69.0,1704,1,-24.3,0.45
2546,277,6.75,45.23,1,102.2,91.9,1360,174.7,75.0,21.07,-39.492,4.293,4.196,200.0,200.4,69.0,1704,1,-24.4,0.44
2547,277,6.725,46.35,1,102.2,91.9,1360,174.7,75.0,21.09,-39.469,4.293,4.196,199.0,200.3,69.0,1704,1,-24.4,0.45
2548,277,6.725,44.85,1,102.2,91.9,1360,174.7,75.1,21.07,-39.445,4.293,4.196,199.0,200.2,69.0,1704,1,-24.5,0.45
2549,277,6.75,45.13,1,102.2,91.9,1360,174.6,75.2,21.09,-39.422,4.297,4.196,199.0,200.0,69.0,1704,1,-24.5,0.45
2550,278,6.75,46.97,1,102.2,91.9,1361,174.7,75.1,21.09,-39.398,4.297,4.196,199.0,199.9,69.0,1704,1,-24.5,0.45
2551,278,6.725,43.18,1,102.2,91.9,1360,174.6,75.2,21.1,-39.375,4.297,4.196,199.0,199.9,69.0,1705,1,-24.6,0.44
2552,279,6.725,46.9,1,102.2,91.9,1360,174.6,75.0,21.13,-39.352,4.297,4.196,199.0,199.8,69.0,1705,1,-24.6,0.45
2553,279,6.75,44.33,1,102.2,92.0,1360,174.5,75.1,21.1,-39.328,4.297,4.196,199.0,199.8,69.0,1705,1,-24.7,0.45
2554,279,6.725,44.62,1,102.2,91.9,1360,174.6,75.1,21.09,-39.305,4.297,4.196,199.0,199.9,69.0,1705,1,-24.7,0.45
2555,280,6.725,46.61,1,102.2,91.9,1360,174.7,74.9,21.1,-39.289,4.297,4.196,199.0,200.0,69.0,1705,1,-24.7,0.45
2556,280,6.725,45.76,1,102.2,91.9,1360,174.6,75.0,21.09,-39.266,4.301,4.196,199.0,200.1,69.0,1705,1,-24.8,0.45
2557,280,6.725,43.26,1,102.2,92.0,1360,174.7,75.1,21.12,-39.25,4.297,4.196,199.0,200.3,69.0,1705,1,-24.8,0.45
2558,280,6.725,46.48,1,102.2,91.9,1361,174.7,75.1,21.07,-39.227,4.301,4.196,200.0,200.5,69.0,1705,1,-24.9,0.44
2559,281,6.75,44.28,1,102.2,92.0,1361,174.7,75.1,21.07,-39.211,4.297,4.196,201.0,200.8,69.0,1705,1,-24.9,0.46
2560,281,6.725,45.8,1,102.2,91.9,1362,174.7,75.0,21.07,-39.188,4.301,4.196,201.0,201.1,69.0,1705,1,-24.9,0.46
2561,281,6.725,47.14,1,102.2,92.0,1363,174.8,75.1,21.12,-39.18,4.301,4.196,201.0,201.5,69.0,1705,1,-25.0,0.45
2562,282,6.725,44.56,1,102.2,91.9,1362,174.8,75.1,21.11,-39.156,4.301,4.196,203.0,201.8,69.0,1705,1,-25.0,0.45
2563,282,6.725,43.79,1,102.2,91.9,1361,174.7,75.0,21.11,-39.141,4.301,4.196,203.0,202.2,69.0,1705,1,-25.1,0.45
2564,282,6.725,45.08,1,102.2,91.9,1361,174.7,75.2,21.11,-39.117,4.301,4.196,203.0,202.5,69.0,1705,1,-25.1,0.45
2565,283,6.725,44.59,1,102.2,92.0,1361,174.7,75.1,21.11,-39.102,4.305,4.196,203.0,202.9,69.0,1705,1,-25.2,0.45
2566,283,6.725,44.2,1,102.2,92.0,1361,174.8,75.1,21.13,-39.086,4.305,4.196,203.0,203.3,69.0,1705,1,-25.2,0.45
2567,283,6.725,44.58,1,102.2,92.0,1361,174.9,75.1,21.09,-39.062,4.305,4.196,203.0,203.7,69.0,1705,1,-25.2,0.45
2568,284,6.75,44.67,1,102.2,92.0,1361,174.9,75.3,21.08,-39.039,4.305,4.196,203.0,204.0,69.0,1705,1,-25.3,0.46
2569,284,6.725,45.1,1,102.2,92.0,1362,174.8,75.2,21.11,-39.023,4.305,4.196,204.0,204.4,69.0,1705,1,-25.3,0.46
2570,284,6.725,44.77,1,102.2,92.0,1362,174.9,75.1,21.1,-39.0,4.305,4.196,205.0,204.8,69.0,1706,1,-25.4,0.44
2571,285,6.725,43.96,1,102.2,92.0,1362,174.9,75.0,21.14,-38.969,4.305,4.196,205.0,205.1,69.0,1706,1,-25.4,0.44
2572,285,6.75,45.24,1,102.2,92.0,1362,174.8,75.1,21.07,-38.945,4.305,4.196,205.0,205.4,69.0,1706,1,-25.4,0.45
2573,285,6.725,45.15,1,102.2,92.0,1362,174.9,75.1,21.09,-38.922,4.305,4.196,206.0,205.7,69.0,1706,1,-25.5,0.44
2574,285,6.725,47.12,1,102.3,92.0,1363,174.9,75.3,21.13,-38.891,4.309,4.196,205.0,206.1,69.0,1706,1,-25.5,0.44
2575,286,6.725,45.78,1,102.2,92.0,1363,174.9,75.1,21.08,-38.867,4.309,4.196,206.0,206.4,69.0,1706,1,-25.6,0.44
2576,286,6.725,45.62,1,102.2,92.0,1364,174.9,75.1,21.09,-38.836,4.309,4.196,207.0,206.8,69.0,1706,1,-25.6,0.44
2577,286,6.725,45.42,1,102.2,92.0,1364,174.9,75.1,21.1,-38.812,4.309,4.196,207.0,207.2,69.0,1706,1,-25.6,0.44
2578,287,6.725,45.84,1,102.2,92.0,1364,174.9,75.1,21.09,-38.781,4.309,4.196,207.0,207.5,69.0,1706,1,-25.7,0.45
2579,287,6.725,43.53,1,102.2,92.0,1364,174.9,75.1,21.09,-38.75,4.309,4.196,208.0,207.9,69.0,1706,1,-25.7,0.46
2580,287,6.725,44.57,1,102.2,92.0,1364,174.9,75.2,21.05,-38.727,4.309,4.196,208.0,208.2,69.0,1706,1,-25.8,0.46
2581,288,6.725,44.39,1,102.2,92.10000000000001,1363,175.0,75.2,21.09,-38.703,4.309,4.196,208.0,208.5,69.0,1706,1,-25.8,0.45
2582,288,6.725,45.39,1,102.2,92.0,1364,175.0,75.3,21.07,-38.672,4.312,4.196,208.0,208.8,69.0,1706,1,-25.8,0.45
2583,288,6.725,44.01,1,102.2,92.0,1364,174.9,75.2,21.11,-38.641,4.312,4.196,208.0,209.0,69.0,1706,1,-25.9,0.45
2584,289,6.725,43.24,1,102.2,92.10000000000001,1364,174.9,75.2,21.07,-38.609,4.312,4.196,209.0,209.3,69.0,1706,1,-25.9,0.46
2585,289,6.75,44.2,1,102.2,92.10000000000001,1364,174.9,75.3,21.08,-38.57,4.312,4.196,209.0,209.5,69.0,1706,1,-26.0,0.46
2586,289,6.725,44.02,1,102.2,92.10000000000001,1365,174.9,75.1,21.11,-38.531,4.312,4.196,209.0,209.6,69.0,1706,1,-26.0,0.45
2587,290,6.725,44.65,1,102.2,92.10000000000001,1365,174.8,75.1,21.05,-38.484,4.312,4.196,209.0,209.7,69.0,1706,1,-26.0,0.45
2588,290,6.75,44.71,1,102.3,92.10000000000001,1365,174.8,75.1,21.07,-38.445,4.312,4.196,209.0,209.7,69.0,1706,1,-26.1,0.46
2589,290,6.725,43.93,1,102.2,92.10000000000001,1364,174.8,75.2,21.15,-38.406,4.316,4.196,209.0,209.6,69.0,1706,1,-26.1,0.45
2590,291,6.725,45.06,1,102.2,92.10000000000001,1364,174.8,75.4,21.1,-38.383,4.316,4.196,208.0,209.4,69.0,1706,1,-26.2,0.45
2591,291,6.725,43.31,1,102.2,92.10000000000001,1365,174.7,75.3,21.06,-38.359,4.312,4.196,208.0,209.2,69.0,1706,1,-26.2,0.45
2592,292,6.75,45.36,1,102.2,92.10000000000001,1366,174.7,75.3,21.1,-38.336,4.316,4.196,208.0,208.9,69.0,1706,1,-26.2,0.45
2593,292,6.725,45.11,1,102.2,92.10000000000001,1365,174.7,75.3,21.12,-38.312,4.316,4.196,208.0,208.6,69.0,1706,1,-26.3,0.45
2594,292,6.75,47.21,1,102.2,92.10000000000001,1365,174.6,75.3,21.1,-38.289,4.316,4.196,208.0,208.3,69.0,1707,1,-26.3,0.45
2595,293,6.725,46.17,1,102.2,92.10000000000001,1365,174.6,75.3,21.09,-38.266,4.32,4.196,207.0,207.8,69.0,1707,1,-26.4,0.45
2596,293,6.725,45.41,1,102.2,92.10000000000001,1366,174.5,75.2,21.14,-38.25,4.32,4.196,207.0,207.5,69.0,1707,1,-26.4,0.46
2597,294,6.75,46.11,1,102.2,92.10000000000001,1366,174.5,75.2,21.08,-38.234,4.32,4.196,207.0,207.0,69.0,1707,1,-26.4,0.45
2598,294,6.725,45.42,1,102.2,92.0,1365,174.5,75.3,21.07,-38.219,4.316,4.196,205.0,206.6,69.0,1707,1,-26.5,0.46
2599,294,6.725,45.14,1,102.2,92.10000000000001,1365,174.5,75.3,21.11,-38.211,4.316,4.196,205.0,206.1,69.0,1707,1,-26.5,0.46
2600,295,6.725,45.44,1,102.2,92.10000000000001,1364,174.6,75.2,21.05,-38.203,4.316,4.196,205.0,205.7,69.0,1707,1,-26.6,0.45
2601,295,6.725,45.25,1,102.2,92.10000000000001,1364,174.7,75.4,21.12,-38.188,4.32,4.196,204.0,205.2,69.0,1707,1,-26.6,0.45
2602,296,6.75,46.75,1,102.2,92.10000000000001,1364,174.6,75.4,21.03,-38.18,4.32,4.196,203.0,204.6,69.0,1707,1,-26.6,0.45
2603,296,6.725,43.78,1,102.2,92.10000000000001,1365,174.5,75.4,21.04,-38.172,4.32,4.196,203.0,204.1,69.0,1707,1,-26.7,0.46
2604,296,6.725,46.35,1,102.2,92.10000000000001,1366,174.6,75.3,21.12,-38.148,4.324,4.196,203.0,203.6,69.0,1707,1,-26.7,0.46
2605,297,6.75,46.51,1,102.2,92.10000000000001,1365,174.6,75.3,21.07,-38.133,4.324,4.196,203.0,203.2,69.0,1707,1,-26.7,0.45
2606,297,6.725,47.28,1,102.2,92.10000000000001,1365,174.7,75.4,21.05,-38.117,4.324,4.196,203.0,202.8,69.0,1707,1,-26.8,0.45
2607,297,6.725,45.18,1,102.2,92.10000000000001,1365,174.6,75.4,21.1,-38.102,4.324,4.196,203.0,202.3,69.0,1707,1,-26.8,0.46
2608,298,6.75,45.91,1,102.2,92.10000000000001,1365,174.4,75.5,21.07,-38.086,4.324,4.196,201.0,202.0,69.0,1707,1,-26.9,0.46
2609,298,6.725,44.82,1,102.2,92.10000000000001,1365,174.4,75.3,21.08,-38.07,4.324,4.196,201.0,201.7,69.0,1707,1,-26.9,0.46
2610,298,6.725,43.23,1,102.2,92.10000000000001,1364,174.4,75.3,21.07,-38.047,4.328,4.196,201.0,201.5,69.0,1707,1,-26.9,0.46
2611,299,6.75,43.04,1,102.2,92.10000000000001,1365,174.4,75.3,21.08,-38.016,4.328,4.196,201.0,201.2,69.0,1707,1,-27.0,0.45
2612,299,6.75,43.08,1,102.2,92.10000000000001,1366,174.5,75.3,21.09,-37.992,4.328,4.196,200.0,201.0,69.0,1707,1,-27.0,0.46
2613,300,6.725,42.97,1,102.2,92.2,1367,174.5,75.4,21.09,-37.969,4.328,4.196,200.0,200.8,69.0,1707,1,-27.0,0.46
2614,300,6.725,42.98,1,102.2,92.10000000000001,1368,174.5,75.2,21.1,-37.93,4.328,4.196,199.0,200.6,69.0,1707,1,-27.1,0.47
2615,300,6.725,42.87,1,102.2,92.2,1367,174.4,75.2,21.1,-37.898,4.332,4.196,199.0,200.5,69.0,1707,1,-27.1,0.46
2616,300,6.725,42.73,1,102.2,92.10000000000001,1367,174.4,75.2,21.11,-37.867,4.332,4.196,199.0,200.3,69.0,1707,1,-27.2,0.46
2617,301,6.725,42.81,1,102.2,92.10000000000001,1367,174.5,75.2,21.08,-37.836,4.332,4.196,199.0,200.2,69.0,1707,1,-27.2,0.46
2618,301,6.725,42.89,1,102.2,92.10000000000001,1367,174.5,75.3,21.07,-37.797,4.332,4.196,199.0,200.1,69.0,1708,1,-27.2,0.46
2619,301,6.725,42.99,1,102.2,92.2,1367,174.5,75.3,21.09,-37.766,4.332,4.196,199.0,200.0,69.0,1708,1,-27.3,0.45
2620,302,6.725,42.88,1,102.2,92.2,1367,174.5,75.3,21.14,-37.734,4.336,4.196,199.0,200.0,69.0,1708,1,-27.3,0.44
2621,302,6.725,43.15,1,102.2,92.2,1367,174.5,75.5,21.1,-37.695,4.336,4.196,199.0,199.9,69.0,1708,1,-27.3,0.46
2622,302,6.725,43.13,1,102.2,92.2,1368,174.5,75.2,21.11,-37.648,4.336,4.196,199.0,199.9,69.0,1708,1,-27.4,0.46
2623,302,6.725,42.84,1,102.2,92.2,1368,174.5,75.4,21.09,-37.602,4.336,4.196,199.0,199.9,69.0,1708,1,-27.4,0.46
2624,303,6.725,43.0,1,102.2,92.2,1369,174.5,75.3,21.11,-37.555,4.34,4.196,199.0,199.9,69.0,1708,1,-27.4,0.47
2625,303,6.725,42.99,1,102.2,92.2,1369,174.4,75.3,21.12,-37.508,4.34,4.196,199.0,199.9,69.0,1708,1,-27.5,0.46
2626,303,6.725,42.95,1,102.2,92.2,1368,174.5,75.3,21.09,-37.469,4.34,4.196,199.0,199.9,69.0,1708,1,-27.5,0.48
2627,303,6.75,42.98,1,102.2,92.2,1369,174.5,75.2,21.11,-37.422,4.34,4.196,199.0,199.9,69.0,1708,1,-27.6,0.45
2628,304,6.725,44.64,1,102.2,92.2,1369,174.4,75.4,21.12,-37.383,4.34,4.196,199.0,199.9,69.0,1708,1,-27.6,0.45
2629,304,6.725,45.71,1,102.2,92.2,1369,174.4,75.4,21.1,-37.352,4.34,4.196,199.0,200.0,69.0,1708,1,-27.6,0.45
2630,304,6.725,43.04,1,102.2,92.2,1370,174.4,75.4,21.11,-37.32,4.34,4.196,199.0,200.1,69.0,1708,1,-27.6,0.45
2631,305,6.725,42.94,1,102.2,92.2,1370,174.4,75.4,21.08,-37.297,4.344,4.196,199.0,200.2,69.0,1708,1,-27.7,0.46
2632,305,6.725,43.03,1,102.2,92.2,1369,174.3,75.4,21.09,-37.273,4.344,4.196,200.0,200.3,69.0,1708,1,-27.7,0.46
2633,305,6.725,42.99,1,102.3,92.2,1370,174.3,75.4,21.11,-37.25,4.344,4.196,200.0,200.3,69.0,1708,1,-27.8,0.47
2634,305,6.725,42.87,1,102.2,92.2,1370,174.3,75.4,21.1,-37.234,4.344,4.196,200.0,200.4,69.0,1708,1,-27.8,0.47
2635,306,6.725,42.83,1,102.2,92.2,1369,174.3,75.3,21.08,-37.219,4.344,4.196,201.0,200.5,69.0,1708,1,-27.8,0.46
2636,306,6.725,42.94,1,102.2,92.2,1369,174.3,75.4,21.07,-37.203,4.344,4.196,200.0,200.6,69.0,1708,1,-27.9,0.47
2637,306,6.725,43.04,1,102.2,92.2,1369,174.4,75.4,21.11,-37.195,4.344,4.196,200.0,200.6,69.0,1708,1,-27.9,0.47
2638,306,6.725,42.96,1,102.2,92.2,1369,174.4,75.2,21.07,-37.18,4.344,4.196,201.0,200.6,69.0,1708,1,-27.9,0.48
2639,306,6.725,42.98,1,102.2,92.2,1369,174.4,75.3,21.05,-37.172,4.344,4.196,201.0,200.7,69.0,1708,1,-28.0,0.47
2640,306,6.725,45.58,1,102.2,92.2,1369,174.4,75.3,21.07,-37.156,4.348,4.196,201.0,200.7,69.0,1708,1,-28.0,0.46
2641,307,6.725,44.54,1,102.2,92.2,1369,174.5,75.4,21.11,-37.148,4.348,4.196,201.0,200.8,69.0,1708,1,-28.0,0.48
2642,307,6.725,45.89,1,102.2,92.2,1370,174.4,75.2,21.1,-37.141,4.348,4.196,201.0,200.8,69.0,1708,1,-28.1,0.47
2643,307,6.725,45.79,1,102.2,92.2,1370,174.5,75.4,21.06,-37.125,4.348,4.196,201.0,200.9,69.0,1709,1,-28.1,0.47
2644,307,6.725,43.39,1,102.2,92.2,1370,174.4,75.5,21.1,-37.109,4.348,4.196,201.0,201.2,69.0,1709,1,-28.1,0.48
2645,307,6.725,45.94,1,102.2,92.2,1369,174.4,75.3,21.09,-37.094,4.348,4.196,203.0,201.3,69.0,1709,1,-28.2,0.46
2646,308,6.75,46.3,1,102.2,92.2,1369,174.4,75.4,21.12,-37.07,4.352,4.196,203.0,201.6,70.0,1709,1,-28.2,0.46
2647,308,6.725,46.05,1,102.2,92.2,1370,174.4,75.5,21.09,-37.062,4.352,4.196,203.0,201.9,70.0,1709,1,-28.2,0.46
2648,308,6.725,46.52,1,102.2,92.2,1370,174.4,75.5,21.08,-37.039,4.352,4.196,203.0,202.4,70.0,1709,1,-28.3,0.47
2649,308,6.75,46.68,1,102.2,92.2,1371,174.4,75.4,20.52,-37.023,4.352,4.196,203.0,202.8,70.0,1709,1,-28.3,0.46
2650,308,6.725,45.25,1,102.1,92.2,1370,174.4,75.4,20.4,-37.008,4.352,4.196,203.0,203.3,70.0,1709,1,-28.3,0.46
2651,308,6.725,45.51,1,101.89999999999999,92.10000000000001,1369,174.5,75.4,20.39,-36.984,4.352,4.196,204.0,204.0,70.0,1709,1,-28.4,0.46
2652,309,6.75,44.39,1,101.89999999999999,92.10000000000001,1368,174.6,75.4,20.43,-36.961,4.355,4.196,205.0,204.5,70.0,1709,1,-28.4,0.46
2653,309,6.75,46.47,1,101.89999999999999,92.10000000000001,1368,174.6,75.3,20.46,-36.953,4.355,4.196,205.0,205.2,70.0,1709,1,-28.4,0.47
2654,309,6.725,45.78,1,101.89999999999999,92.2,1367,174.6,75.4,20.42,-36.93,4.355,4.196,206.0,205.7,70.0,1709,1,-28.4,0.46
2655,309,6.725,43.26,1,101.89999999999999,92.2,1367,174.7,75.4,20.43,-36.906,4.355,4.196,207.0,206.4,70.0,1709,1,-28.5,0.47
2656,309,6.725,43.22,1,101.89999999999999,92.2,1366,174.6,75.6,20.39,-36.891,4.355,4.196,207.0,207.0,70.0,1709,1,-28.5,0.46
2657,310,6.75,43.08,1,101.89999999999999,92.10000000000001,1366,174.5,75.4,20.43,-36.875,4.355,4.196,208.0,207.6,70.0,1709,1,-28.5,0.47
2658,310,6.75,45.93,1,101.89999999999999,92.10000000000001,1366,174.5,75.5,20.43,-36.859,4.359,4.196,208.0,208.2,70.0,1709,1,-28.5,0.48
2659,310,6.725,45.86,1,101.89999999999999,92.2,1366,174.4,75.5,20.4,-36.852,4.355,4.196,208.0,208.7,70.0,1709,1,-28.6,0.48
2660,310,6.725,45.28,1,101.89999999999999,92.2,1367,174.5,75.3,20.45,-36.836,4.355,4.196,209.0,209.3,70.0,1709,1,-28.6,0.48
2661,310,6.725,45.67,1,101.89999999999999,92.10000000000001,1367,174.6,75.3,20.45,-36.82,4.355,4.196,211.0,209.9,70.0,1709,1,-28.6,0.47
2662,310,6.75,46.34,1,101.89999999999999,92.10000000000001,1367,174.5,75.5,20.41,-36.82,4.359,4.196,211.0,210.6,70.0,1709,1,-28.7,0.47
2663,310,6.725,43.4,1,101.89999999999999,92.2,1366,174.6,75.4,20.94,-36.812,4.359,4.196,212.0,211.2,70.0,1709,1,-28.7,0.46
2664,311,6.725,44.97,1,102.1,92.30000000000001,1367,174.6,75.5,21.16,-36.805,4.359,4.196,212.0,211.8,70.0,1709,1,-28.8,0.47
2665,311,6.75,45.73,1,102.2,92.30000000000001,1368,174.6,75.5,21.2,-36.789,4.359,4.196,213.0,212.3,70.0,1709,1,-28.8,0.47
2666,311,6.75,45.64,1,102.2,92.2,1370,174.5,75.5,21.2,-36.781,4.359,4.196,213.0,212.7,70.0,1709,1,-28.8,0.47
2667,311,6.725,43.52,1,102.2,92.30000000000001,1370,174.5,75.6,21.2,-36.773,4.359,4.196,213.0,213.1,70.0,1709,1,-28.8,0.46
2668,311,6.725,45.28,1,102.2,92.30000000000001,1371,174.5,75.6,21.23,-36.758,4.359,4.196,213.0,213.3,70.0,1709,1,-28.9,0.47
2669,311,6.725,45.04,1,102.2,92.30000000000001,1371,174.5,75.4,21.23,-36.75,4.359,4.196,213.0,213.6,70.0,1709,1,-28.9,0.47
2670,312,6.725,43.47,1,102.2,92.30000000000001,1371,174.5,75.6,21.25,-36.734,4.359,4.196,213.0,213.7,70.0,1709,1,-28.9,0.47
2671,312,6.725,44.59,1,102.2,92.2,1371,174.5,75.5,21.3,-36.727,4.359,4.196,213.0,213.8,70.0,1709,1,-29.0,0.48
2672,312,6.75,44.52,1,102.2,92.30000000000001,1370,174.5,75.5,21.26,-36.703,4.359,4.196,213.0,213.7,70.0,1710,1,-29.0,0.48
2673,312,6.725,44.91,1,102.2,92.30000000000001,1371,174.5,75.5,21.27,-36.695,4.359,4.196,213.0,213.6,70.0,1710,1,-29.0,0.48
2674,312,6.725,44.96,1,102.2,92.30000000000001,1371,174.5,75.3,21.3,-36.68,4.359,4.196,213.0,213.4,70.0,1710,1,-29.0,0.48
2675,312,6.725,44.93,1,102.2,92.30000000000001,1371,174.5,75.4,21.32,-36.664,4.363,4.196,213.0,213.2,70.0,1710,1,-29.1,0.48
2676,312,6.75,44.43,1,102.2,92.30000000000001,1371,174.5,75.4,21.28,-36.656,4.363,4.196,213.0,212.9,70.0,1710,1,-29.1,0.47
2677,312,6.725,44.05,1,102.2,92.30000000000001,1371,174.5,75.4,21.3,-36.641,4.363,4.196,212.0,212.7,70.0,1710,1,-29.1,0.47
2678,312,6.75,45.07,1,102.2,92.30000000000001,1371,174.5,75.5,21.28,-36.625,4.363,4.196,212.0,212.4,70.0,1710,1,-29.1,0.47
2679,312,6.75,44.63,1,102.2,92.30000000000001,1371,174.6,75.5,21.34,-36.609,4.363,4.196,211.0,212.0,70.0,1710,1,-29.2,0.47
2680,312,6.725,46.63,1,102.2,92.30000000000001,1371,174.5,75.4,21.36,-36.609,4.363,4.196,211.0,211.7,70.0,1710,1,-29.2,0.46
2681,312,6.75,46.28,1,102.2,92.30000000000001,1371,174.4,75.5,21.32,-36.594,4.363,4.196,211.0,211.2,70.0,1710,1,-29.2,0.47
2682,313,6.75,45.54,1,102.2,92.30000000000001,1371,174.4,75.4,21.35,-36.586,4.363,4.196,210.0,210.9,70.0,1710,1,-29.2,0.47
2683,313,6.725,45.47,1,102.2,92.30000000000001,1371,174.4,75.5,21.34,-36.586,4.363,4.196,209.0,210.4,70.0,1710,1,-29.3,0.46
2684,313,6.725,45.73,1,102.2,92.2,1370,174.4,75.5,20.68,-36.586,4.363,4.196,208.0,210.1,70.0,1710,1,-29.3,0.47
2685,313,6.725,44.32,1,102.0,92.10000000000001,1369,174.3,75.5,19.57,-36.586,4.363,4.196,208.0,209.7,70.0,1710,1,-29.3,0.47
2686,313,6.725,44.99,1,101.49999999999999,91.9,1366,174.4,75.3,19.28,-36.602,4.363,4.196,208.0,209.3,70.0,1710,1,-29.3,0.48
2687,313,6.725,43.6,1,101.2,91.9,1362,174.4,75.3,19.2,-36.617,4.367,4.196,208.0,208.9,70.0,1710,1,-29.4,0.48
2688,313,6.725,46.4,1,101.1,91.9,1361,174.5,75.2,19.23,-36.633,4.367,4.196,208.0,208.6,70.0,1710,1,-29.4,0.47
2689,313,6.725,47.73,1,101.1,91.9,1360,174.5,75.2,19.23,-36.656,4.367,4.196,208.0,208.2,70.0,1710,1,-29.4,0.47
2690,313,6.725,45.67,1,101.1,92.0,1360,174.5,75.3,19.25,-36.664,4.367,4.196,207.0,207.8,70.0,1710,1,-29.5,0.47
2691,313,6.725,44.59,1,101.1,92.0,1360,174.4,75.4,19.23,-36.672,4.367,4.196,207.0,207.4,70.0,1710,1,-29.5,0.46
2692,313,6.725,46.04,1,101.1,92.0,1360,174.3,75.2,19.22,-36.664,4.367,4.196,206.0,207.0,70.0,1710,1,-29.5,0.46
2693,313,6.725,43.83,1,101.0,92.0,1360,174.5,75.4,19.23,-36.656,4.367,4.196,205.0,206.7,70.0,1710,1,-29.5,0.46
2694,313,6.75,46.59,1,101.1,92.0,1360,174.5,75.4,19.26,-36.641,4.367,4.196,205.0,206.3,70.0,1710,1,-29.6,0.46
2695,313,6.725,43.16,1,101.1,92.0,1360,174.6,75.5,19.18,-36.617,4.367,4.196,205.0,206.0,70.0,1710,1,-29.6,0.47
2696,313,6.725,44.87,1,101.0,92.0,1359,174.7,75.4,18.93,-36.602,4.367,4.196,205.0,205.6,70.0,1710,1,-29.6,0.47
2697,313,6.725,43.72,1,100.8,91.8,1359,174.7,75.3,17.92,-36.586,4.367,4.196,205.0,205.3,70.0,1710,1,-29.6,0.46
2698,313,6.75,44.18,1,100.2,91.60000000000001,1357,174.7,75.2,17.37,-36.57,4.367,4.196,204.0,205.0,70.0,1710,1,-29.7,0.46
2699,313,6.725,44.96,1,99.9,91.60000000000001,1354,174.8,75.1,17.32,-36.562,4.367,4.196,203.0,204.6,70.0,1710,1,-29.7,0.46
2700,313,6.725,46.16,1,99.8,91.60000000000001,1352,174.9,75.0,17.26,-36.562,4.367,4.196,203.0,204.4,70.0,1710,1,-29.7,0.46
2701,313,6.75,44.09,1,99.6,91.5,1351,174.9,75.0,16.42,-36.547,4.367,4.196,203.0,204.0,70.0,1711,1,-29.7,0.45
2702,313,6.725,45.61,1,99.3,91.4,1348,175.0,74.9,16.29,-36.547,4.367,4.196,203.0,203.8,70.0,1711,1,-29.7,0.46
2703,313,6.725,46.34,1,99.1,91.4,1346,175.0,74.9,16.25,-36.547,4.367,4.196,203.0,203.5,70.0,1711,1,-29.8,0.46
2704,313,6.725,44.89,1,99.0,91.4,1346,175.0,74.6,16.23,-36.547,4.367,4.196,203.0,203.2,70.0,1711,1,-29.8,0.47
2705,313,6.75,46.51,1,99.0,91.4,1345,175.1,74.6,16.5,-36.547,4.367,4.196,203.0,202.9,70.0,1711,1,-29.8,0.47
2706,313,6.725,44.2,1,99.3,91.60000000000001,1344,175.1,74.9,17.46,-36.547,4.367,4.196,203.0,202.7,70.0,1711,1,-29.8,0.46
2707,313,6.725,43.62,1,99.6,91.60000000000001,1346,175.2,75.0,17.69,-36.555,4.367,4.196,203.0,202.4,70.0,1711,1,-29.8,0.47
2708,313,6.725,43.31,1,99.8,91.60000000000001,1347,175.1,75.1,17.69,-36.555,4.367,4.196,203.0,202.1,70.0,1711,1,-29.9,0.48
2709,313,6.75,46.51,1,100.0,91.7,1347,175.0,75.0,18.33,-36.555,4.367,4.196,201.0,201.9,70.0,1711,1,-29.9,0.47
2710,313,6.725,46.1,1,100.4,91.8,1349,175.1,75.1,18.58,-36.555,4.367,4.196,201.0,201.7,70.0,1711,1,-29.9,0.46
2711,313,6.725,45.76,1,100.49999999999999,91.8,1351,175.1,75.2,18.65,-36.555,4.367,4.196,201.0,201.4,70.0,1711,1,-30.0,0.47
2712,313,6.725,46.59,1,100.6,91.8,1352,175.1,75.0,18.59,-36.555,4.367,4.196,201.0,201.2,70.0,1711,1,-30.0,0.47
2713,313,6.725,46.94,1,100.6,91.8,1353,175.1,75.1,18.56,-36.555,4.367,4.196,200.0,201.0,70.0,1711,1,-30.0,0.48
2714,313,6.725,45.36,1,100.6,91.8,1353,175.2,75.2,18.61,-36.555,4.367,4.196,200.0,200.9,70.0,1711,1,-30.0,0.48
2715,312,6.725,43.91,1,100.69999999999999,91.9,1354,175.1,75.3,18.55,-36.555,4.367,4.196,200.0,200.7,70.0,1711,1,-30.0,0.48
2716,312,6.75,44.64,1,100.6,91.8,1354,175.0,75.2,18.6,-36.539,4.371,4.196,199.0,200.6,70.0,1711,1,-30.0,0.48
2717,312,6.75,46.01,1,100.6,91.8,1354,175.0,75.1,18.55,-36.539,4.371,4.196,199.0,200.4,70.0,1711,1,-30.1,0.47
2718,312,6.725,43.57,1,100.6,91.8,1354,174.9,75.2,18.44,-36.531,4.371,4.196,199.0,200.3,70.0,1711,1,-30.1,0.48
2719,312,6.725,43.7,1,100.49999999999999,91.8,1354,174.9,75.1,18.25,-36.523,4.367,4.196,199.0,200.1,70.0,1711,1,-30.1,0.47
2720,312,6.75,45.31,1,100.4,91.8,1354,174.8,75.2,18.19,-36.516,4.371,4.196,199.0,200.0,70.0,1711,1,-30.1,0.48
2721,312,6.725,43.91,1,100.4,91.7,1354,174.8,75.2,18.25,-36.508,4.367,4.196,199.0,199.9,70.0,1711,1,-30.1,0.49
2722,312,6.725,45.89,1,100.4,91.8,1354,174.8,75.2,18.24,-36.508,4.367,4.196,199.0,199.7,70.0,1711,1,-30.2,0.49
2723,312,6.725,45.46,1,100.4,91.8,1353,174.7,75.2,18.18,-36.508,4.367,4.196,199.0,199.6,70.0,1711,1,-30.2,0.48
2724,312,6.725,45.0,1,100.4,91.8,1353,174.7,75.2,18.22,-36.508,4.367,4.196,198.0,199.5,70.0,1711,1,-30.2,0.47
2725,312,6.725,45.36,1,100.4,91.7,1353,174.6,75.2,18.29,-36.508,4.371,4.196,198.0,199.4,70.0,1711,1,-30.2,0.48
2726,312,6.725,45.08,1,100.4,91.8,1352,174.6,75.1,18.25,-36.508,4.367,4.196,198.0,199.2,70.0,1711,1,-30.2,0.47
2727,312,6.725,46.52,1,100.4,91.7,1353,174.7,75.2,18.24,-36.508,4.367,4.196,198.0,199.0,70.0,1711,1,-30.3,0.47
2728,312,6.725,46.04,1,100.4,91.7,1353,174.7,75.0,18.25,-36.516,4.371,4.196,198.0,198.9,70.0,1711,1,-30.3,0.48
2729,312,6.75,44.53,1,100.4,91.7,1352,174.6,75.2,18.29,-36.523,4.371,4.196,198.0,198.8,70.0,1711,1,-30.3,0.48
2730,312,6.725,44.93,1,100.4,91.7,1351,174.6,75.1,18.27,-36.531,4.371,4.196,198.0,198.8,70.0,1711,1,-30.3,0.48
2731,311,6.725,44.68,1,100.4,91.7,1351,174.7,75.2,18.29,-36.555,4.371,4.196,198.0,198.8,70.0,1711,1,-30.3,0.47
2732,311,6.725,45.66,1,100.4,91.7,1351,174.7,75.3,18.27,-36.562,4.371,4.196,198.0,198.9,70.0,1711,1,-30.4,0.47
2733,311,6.725,45.08,1,100.4,91.7,1351,174.7,75.1,18.26,-36.586,4.371,4.196,198.0,199.0,70.0,1711,1,-30.4,0.47
2734,311,6.725,46.5,1,100.49999999999999,91.8,1352,174.6,75.1,19.14,-36.602,4.371,4.196,198.0,199.2,70.0,1712,1,-30.4,0.47
2735,311,6.725,44.59,1,100.89999999999999,92.0,1353,174.6,75.3,19.48,-36.609,4.371,4.196,199.0,199.4,70.0,1712,1,-30.4,0.48
2736,311,6.725,45.34,1,101.1,91.9,1355,174.5,75.2,19.49,-36.617,4.371,4.196,199.0,199.7,70.0,1712,1,-30.4,0.47
2737,311,6.75,44.64,1,101.2,92.0,1356,174.5,75.3,19.5,-36.625,4.371,4.196,199.0,200.0,70.0,1712,1,-30.5,0.48
2738,311,6.725,45.06,1,101.29999999999998,92.0,1357,174.5,75.3,19.51,-36.633,4.371,4.196,201.0,200.4,70.0,1712,1,-30.5,0.48
2739,311,6.725,46.38,1,101.2,91.9,1357,174.5,75.2,19.5,-36.641,4.371,4.196,201.0,200.9,70.0,1712,1,-30.5,0.48
2740,311,6.725,44.82,1,101.29999999999998,92.0,1357,174.5,75.3,19.53,-36.656,4.371,4.196,202.0,201.3,70.0,1712,1,-30.5,0.49
2741,311,6.725,43.58,1,101.29999999999998,92.0,1358,174.5,75.3,19.5,-36.656,4.371,4.196,203.0,201.8,70.0,1712,1,-30.5,0.47
2742,311,6.725,47.1,1,101.29999999999998,92.0,1358,174.5,75.2,19.52,-36.656,4.367,4.196,203.0,202.3,70.0,1712,1,-30.6,0.48
2743,311,6.725,46.5,1,101.2,92.0,1359,174.4,75.2,19.53,-36.664,4.367,4.196,203.0,202.9,70.0,1712,1,-30.6,0.48
2744,311,6.725,43.78,1,101.2,92.0,1359,174.3,75.3,19.51,-36.656,4.367,4.196,203.0,203.4,70.0,1712,1,-30.6,0.47
2745,311,6.725,47.04,1,101.2,91.9,1359,174.3,75.4,19.51,-36.664,4.367,4.196,204.0,203.9,70.0,1712,1,-30.6,0.48
2746,311,6.75,43.93,1,101.29999999999998,92.0,1358,174.2,75.4,19.48,-36.656,4.367,4.196,205.0,204.5,70.0,1712,1,-30.6,0.49
2747,311,6.725,46.34,1,101.2,92.0,1358,174.2,75.3,19.51,-36.648,4.367,4.196,205.0,205.1,70.0,1712,1,-30.7,0.48
2748,312,6.725,46.02,1,101.2,92.0,1358,174.1,75.3,19.53,-36.648,4.367,4.196,205.0,205.6,70.0,1712,1,-30.7,0.48
2749,312,6.725,45.77,1,101.29999999999998,92.0,1359,174.1,75.4,19.54,-36.648,4.367,4.196,207.0,206.1,70.0,1712,1,-30.7,0.48
2750,312,6.725,45.46,1,101.29999999999998,92.0,1359,174.1,75.4,19.52,-36.641,4.367,4.196,207.0,206.5,70.0,1712,1,-30.7,0.48
2751,312,6.725,45.14,1,101.2,92.0,1360,174.0,75.2,19.51,-36.641,4.367,4.196,207.0,206.8,70.0,1712,1,-30.7,0.48
2752,312,6.725,45.26,1,101.2,92.0,1360,174.0,75.3,19.52,-36.633,4.367,4.196,207.0,207.1,70.0,1712,1,-30.7,0.47
2753,312,6.725,44.54,1,101.29999999999998,92.0,1359,174.0,75.3,19.52,-36.633,4.367,4.196,208.0,207.3,70.0,1712,1,-30.8,0.48
2754,311,6.725,46.56,1,101.29999999999998,92.0,1359,173.9,75.3,19.52,-36.625,4.367,4.196,208.0,207.5,70.0,1712,1,-30.8,0.48
2755,311,6.725,45.43,1,101.2,92.0,1360,173.9,75.3,19.55,-36.617,4.367,4.196,207.0,207.5,70.0,1712,1,-30.8,0.48
2756,311,6.725,44.76,1,101.29999999999998,92.0,1360,173.9,75.4,19.54,-36.609,4.367,4.196,208.0,207.5,70.0,1712,1,-30.8,0.48
2757,311,6.725,46.52,1,101.2,92.0,1360,174.0,75.4,19.53,-36.609,4.367,4.196,208.0,207.5,70.0,1712,1,-30.8,0.47
2758,311,6.725,44.84,1,101.29999999999998,92.0,1360,173.9,75.3,19.54,-36.609,4.367,4.196,207.0,207.4,70.0,1712,1,-30.8,0.47
2759,311,6.725,44.52,1,101.29999999999998,92.0,1360,173.9,75.4,19.49,-36.609,4.367,4.196,207.0,207.3,70.0,1712,1,-30.8,0.46
2760,311,6.75,45.28,1,101.29999999999998,92.0,1359,173.9,75.4,19.55,-36.609,4.367,4.196,207.0,207.2,70.0,1712,1,-30.9,0.47
2761,312,6.725,44.43,1,101.2,92.0,1359,174.0,75.2,19.67,-36.609,4.367,4.196,207.0,207.0,70.0,1712,1,-30.9,0.47
2762,312,6.725,45.03,1,101.4,92.10000000000001,1360,173.9,75.4,20.11,-36.609,4.367,4.196,207.0,206.8,70.0,1712,1,-30.9,0.47
2763,312,6.75,44.53,1,101.6,92.10000000000001,1361,173.8,75.4,20.21,-36.602,4.367,4.196,207.0,206.6,70.0,1712,1,-30.9,0.47
2764,312,6.725,43.91,1,101.69999999999999,92.10000000000001,1363,173.8,75.5,20.21,-36.602,4.367,4.196,206.0,206.3,70.0,1712,1,-30.9,0.47
2765,312,6.725,44.2,1,101.69999999999999,92.10000000000001,1364,173.7,75.6,20.22,-36.594,4.367,4.196,205.0,206.1,70.0,1712,1,-30.9,0.47
2766,312,6.75,47.27,1,101.69999999999999,92.10000000000001,1364,173.8,75.4,20.19,-36.586,4.371,4.196,205.0,205.8,70.0,1712,1,-31.0,0.46
2767,312,6.725,43.78,1,101.69999999999999,92.10000000000001,1365,173.7,75.2,20.25,-36.586,4.367,4.196,205.0,205.5,70.0,1712,1,-31.0,0.47
2768,312,6.725,45.78,1,101.8,92.10000000000001,1364,173.7,75.4,20.19,-36.57,4.367,4.196,205.0,205.1,70.0,1712,1,-31.0,0.47
2769,311,6.725,44.95,1,101.69999999999999,92.10000000000001,1365,173.8,75.2,20.01,-36.562,4.367,4.196,204.0,204.8,70.0,1713,1,-31.0,0.46
2770,311,6.75,45.87,1,101.49999999999999,92.0,1364,173.8,75.4,19.06,-36.555,4.367,4.196,204.0,204.5,70.0,1713,1,-31.0,0.47
2771,311,6.725,44.88,1,101.0,91.8,1362,173.8,75.3,18.76,-36.547,4.367,4.196,203.0,204.2,70.0,1713,1,-31.0,0.47
2772,311,6.725,43.8,1,100.89999999999999,91.9,1360,173.7,75.3,18.76,-36.555,4.367,4.196,203.0,203.8,70.0,1713,1,-31.1,0.46
2773,311,6.75,43.35,1,100.8,91.9,1359,173.8,75.2,18.74,-36.562,4.367,4.196,203.0,203.5,70.0,1713,1,-31.1,0.47
2774,311,6.75,43.24,1,100.8,91.8,1357,173.8,75.2,18.77,-36.57,4.367,4.196,203.0,203.1,70.0,1713,1,-31.1,0.47
2775,311,6.75,44.14,1,100.8,91.9,1356,173.7,75.4,18.74,-36.57,4.367,4.196,203.0,202.7,70.0,1713,1,-31.1,0.47
2776,311,6.725,45.19,1,100.69999999999999,91.9,1356,173.6,75.2,18.76,-36.57,4.367,4.196,203.0,202.3,70.0,1713,1,-31.1,0.47
2777,311,6.725,44.63,1,100.69999999999999,91.9,1356,173.6,75.2,18.76,-36.57,4.367,4.196,203.0,202.0,70.0,1713,1,-31.1,0.47
2778,311,6.75,45.68,1,100.69999999999999,91.8,1356,173.7,75.2,18.77,-36.578,4.367,4.196,201.0,201.6,70.0,1713,1,-31.1,0.47
2779,311,6.725,43.38,1,100.69999999999999,91.9,1356,173.7,75.2,18.78,-36.57,4.367,4.196,201.0,201.3,70.0,1713,1,-31.2,0.47
2780,311,6.725,45.9,1,100.69999999999999,91.9,1356,173.7,75.2,18.74,-36.57,4.367,4.196,200.0,201.0,70.0,1713,1,-31.2,0.47
2781,311,6.725,43.5,1,100.69999999999999,91.8,1355,173.8,75.2,18.14,-36.57,4.367,4.196,199.0,200.7,70.0,1713,1,-31.2,0.47
2782,311,6.725,44.48,1,100.29999999999998,91.60000000000001,1355,173.9,75.0,17.85,-36.57,4.367,4.196,199.0,200.4,70.0,1713,1,-31.2,0.47
2783,311,6.725,43.98,1,100.2,91.7,1353,173.8,75.0,17.84,-36.578,4.367,4.196,199.0,200.2,70.0,1713,1,-31.2,0.47
2784,311,6.725,43.13,1,100.1,91.7,1353,173.8,75.0,17.84,-36.578,4.367,4.196,199.0,199.9,70.0,1713,1,-31.2,0.47
2785,311,6.725,43.21,1,100.1,91.7,1352,173.9,75.0,17.86,-36.578,4.367,4.196,198.0,199.6,70.0,1713,1,-31.3,0.47
2786,311,6.725,43.04,1,100.1,91.7,1351,174.0,75.0,17.85,-36.586,4.367,4.196,198.0,199.4,70.0,1713,1,-31.3,0.48
2787,311,6.75,45.71,1,100.1,91.7,1350,174.1,75.1,17.81,-36.586,4.367,4.196,198.0,199.1,70.0,1713,1,-31.3,0.47
2788,311,6.725,43.81,1,100.1,91.7,1351,174.1,75.1,17.86,-36.594,4.367,4.196,198.0,198.8,70.0,1713,1,-31.3,0.49
2789,311,6.725,45.98,1,100.1,91.7,1351,174.1,75.3,17.86,-36.602,4.367,4.196,197.0,198.6,70.0,1713,1,-31.3,0.47
2790,311,6.75,42.99,1,100.2,91.7,1351,174.1,75.1,18.77,-36.602,4.367,4.196,197.0,198.4,70.0,1713,1,-31.3,0.48
2791,311,6.725,42.99,1,100.6,91.9,1352,174.2,75.2,19.23,-36.602,4.367,4.196,197.0,198.2,70.0,1713,1,-31.3,0.47
2792,311,6.725,43.0,1,101.0,91.9,1355,174.1,75.4,19.3,-36.602,4.367,4.196,197.0,197.9,70.0,1713,1,-31.4,0.47
2793,311,6.725,42.94,1,101.0,91.9,1356,174.0,75.3,19.26,-36.594,4.367,4.196,197.0,197.7,70.0,1713,1,-31.4,0.47
2794,311,6.725,42.93,1,101.1,91.9,1356,174.0,75.3,19.28,-36.586,4.367,4.196,197.0,197.5,70.0,1713,1,-31.4,0.47
2795,311,6.725,42.87,1,101.0,91.9,1357,174.0,75.3,19.47,-36.586,4.367,4.196,196.0,197.3,70.0,1713,1,-31.4,0.47
2796,311,6.725,42.91,1,101.29999999999998,92.10000000000001,1358,174.0,75.4,20.23,-36.578,4.367,4.196,196.0,197.0,70.0,1713,1,-31.4,0.47
2797,311,6.725,42.81,1,101.6,92.10000000000001,1360,174.1,75.3,20.33,-36.562,4.367,4.196,196.0,196.8,70.0,1713,1,-31.4,0.46
2798,311,6.725,42.9,1,101.8,92.2,1362,174.0,75.4,20.34,-36.555,4.367,4.196,196.0,196.5,70.0,1713,1,-31.4,0.46
2799,311,6.725,42.91,1,101.8,92.10000000000001,1363,174.0,75.6,20.32,-36.547,4.367,4.196,196.0,196.3,70.0,1713,1,-31.4,0.46
2800,311,6.725,42.97,1,101.8,92.10000000000001,1364,174.0,75.5,20.34,-36.539,4.367,4.196,195.0,196.1,70.0,1713,1,-31.4,0.47
2801,311,6.725,42.93,1,101.8,92.10000000000001,1365,174.0,75.4,20.36,-36.539,4.367,4.196,195.0,195.9,70.0,1713,1,-31.5,0.48
2802,310,6.725,42.87,1,101.89999999999999,92.2,1365,174.0,75.6,20.33,-36.539,4.367,4.196,195.0,195.7,70.0,1713,1,-31.5,0.47
2803,310,6.725,42.9,1,101.8,92.10000000000001,1365,174.0,75.4,20.64,-36.539,4.367,4.196,194.0,195.4,70.0,1713,1,-31.5,0.48
2804,310,6.725,42.84,1,102.0,92.2,1365,173.9,75.4,20.88,-36.547,4.367,4.196,194.0,195.3,70.0,1713,1,-31.5,0.48
2805,310,6.725,42.87,1,102.2,92.30000000000001,1367,173.9,75.5,20.94,-36.547,4.367,4.196,194.0,195.1,70.0,1713,1,-31.5,0.48
2806,310,6.725,42.96,1,102.2,92.2,1368,173.8,75.4,20.92,-36.555,4.367,4.196,194.0,194.9,70.0,1713,1,-31.5,0.48
2807,311,6.725,42.9,1,102.2,92.2,1369,173.7,75.5,20.96,-36.562,4.367,4.196,194.0,194.7,70.0,1714,1,-31.5,0.48
2808,311,6.725,42.84,1,102.2,92.30000000000001,1369,173.7,75.7,20.88,-36.57,4.367,4.196,194.0,194.5,70.0,1714,1,-31.6,0.49
2809,311,6.725,42.95,1,102.2,92.2,1369,173.6,75.5,21.04,-36.57,4.367,4.196,193.0,194.4,70.0,1714,1,-31.6,0.49
2810,311,6.725,42.74,1,102.2,92.2,1369,173.6,75.5,21.03,-36.578,4.367,4.196,193.0,194.2,70.0,1714,1,-31.6,0.48
2811,311,6.725,42.93,1,102.2,92.2,1370,173.5,75.6,21.12,-36.586,4.367,4.196,193.0,194.1,70.0,1714,1,-31.6,0.48
2812,311,6.75,45.08,1,102.2,92.2,1370,173.6,75.5,21.06,-36.586,4.367,4.196,193.0,194.0,70.0,1714,1,-31.6,0.48
2813,311,6.725,44.36,1,102.2,92.30000000000001,1370,173.4,75.4,21.06,-36.594,4.367,4.196,193.0,193.9,70.0,1714,1,-31.6,0.48
2814,311,6.725,44.44,1,102.2,92.2,1370,173.4,75.4,21.09,-36.594,4.367,4.196,193.0,193.9,70.0,1714,1,-31.6,0.48
2815,311,6.725,45.96,1,102.2,92.30000000000001,1370,173.4,75.5,21.07,-36.586,4.367,4.196,193.0,193.9,70.0,1714,1,-31.6,0.47
2816,311,6.725,45.56,1,102.2,92.2,1371,173.4,75.4,21.1,-36.594,4.367,4.196,193.0,194.0,70.0,1714,1,-31.6,0.48
2817,310,6.725,45.88,1,102.2,92.2,1371,173.4,75.3,21.11,-36.594,4.367,4.196,194.0,194.0,70.0,1714,1,-31.7,0.48
2818,310,6.725,45.71,1,102.2,92.30000000000001,1371,173.4,75.5,21.07,-36.602,4.367,4.196,193.0,194.1,70.0,1714,1,-31.7,0.47
2819,310,6.725,45.34,1,102.2,92.2,1370,173.4,75.4,21.1,-36.594,4.367,4.196,194.0,194.2,70.0,1714,1,-31.7,0.48
2820,310,6.75,43.12,1,102.2,92.30000000000001,1370,173.4,75.5,21.11,-36.602,4.367,4.196,194.0,194.4,70.0,1714,1,-31.7,0.47
2821,311,6.725,43.87,1,102.2,92.2,1371,173.4,75.6,21.11,-36.602,4.367,4.196,194.0,194.5,70.0,1714,1,-31.7,0.48
2822,311,6.75,46.06,1,102.3,92.30000000000001,1370,173.3,75.5,21.08,-36.602,4.367,4.196,194.0,194.6,70.0,1714,1,-31.7,0.47
2823,311,6.725,45.17,1,102.2,92.2,1371,173.2,75.5,21.13,-36.609,4.367,4.196,194.0,194.7,70.0,1714,1,-31.7,0.49
2824,311,6.725,45.35,1,102.2,92.2,1371,173.2,75.5,21.12,-36.609,4.371,4.196,194.0,194.8,70.0,1714,1,-31.7,0.48
2825,311,6.725,44.61,1,102.2,92.30000000000001,1371,173.2,75.4,21.09,-36.609,4.367,4.196,194.0,194.9,70.0,1714,1,-31.8,0.49
2826,311,6.75,46.15,1,102.2,92.30000000000001,1370,173.2,75.5,21.13,-36.609,4.367,4.196,195.0,195.0,70.0,1714,1,-31.8,0.48
2827,311,6.725,44.84,1,102.2,92.30000000000001,1370,173.1,75.5,21.14,-36.617,4.367,4.196,194.0,195.0,70.0,1714,1,-31.8,0.48
2828,311,6.725,44.55,1,102.2,92.2,1370,173.1,75.4,21.1,-36.609,4.367,4.196,194.0,195.1,70.0,1714,1,-31.8,0.48
2829,311,6.75,47.76,1,102.2,92.2,1370,173.2,75.4,21.14,-36.617,4.367,4.196,194.0,195.1,70.0,1714,1,-31.8,0.48
2830,310,6.725,45.81,1,102.2,92.2,1370,173.2,75.4,21.12,-36.617,4.367,4.196,195.0,195.1,70.0,1714,1,-31.8,0.47
2831,310,6.725,45.95,1,102.2,92.30000000000001,1369,173.3,75.4,21.11,-36.625,4.367,4.196,194.0,195.1,70.0,1714,1,-31.8,0.48
2832,310,6.725,47.56,1,102.2,92.2,1369,173.4,75.5,21.09,-36.625,4.367,4.196,195.0,195.2,70.0,1714,1,-31.8,0.48
2833,310,6.75,43.56,1,102.2,92.2,1369,173.3,75.5,21.12,-36.633,4.367,4.196,194.0,195.2,70.0,1714,1,-31.8,0.48
2834,310,6.725,45.23,1,102.2,92.30000000000001,1370,173.2,75.6,21.14,-36.633,4.367,4.196,195.0,195.2,71.0,1714,1,-31.9,0.47
2835,311,6.725,45.06,1,102.2,92.2,1370,173.2,75.5,21.11,-36.648,4.367,4.196,195.0,195.3,71.0,1714,1,-31.9,0.48
2836,311,6.725,45.12,1,102.2,92.2,1370,173.1,75.5,21.12,-36.648,4.367,4.196,195.0,195.3,71.0,1714,1,-31.9,0.48
2837,311,6.725,46.95,1,102.2,92.2,1369,173.1,75.4,21.15,-36.656,4.367,4.196,195.0,195.4,71.0,1714,1,-31.9,0.48
2838,311,6.725,44.85,1,102.2,92.30000000000001,1369,173.1,75.4,21.15,-36.656,4.367,4.196,195.0,195.4,71.0,1714,1,-31.9,0.48
2839,310,6.725,45.58,1,102.2,92.30000000000001,1370,173.1,75.5,21.12,-36.664,4.367,4.196,195.0,195.5,71.0,1714,1,-31.9,0.49
2840,310,6.75,44.2,1,102.2,92.2,1370,173.1,75.6,21.16,-36.664,4.367,4.196,195.0,195.6,71.0,1714,1,-31.9,0.48
2841,310,6.725,46.59,1,102.2,92.2,1370,173.2,75.5,21.2,-36.672,4.367,4.196,195.0,195.6,71.0,1714,1,-31.9,0.48
2842,310,6.725,45.0,1,102.2,92.2,1370,173.1,75.5,21.14,-36.672,4.367,4.196,196.0,195.7,71.0,1714,1,-31.9,0.47
2843,310,6.725,44.98,1,102.2,92.2,1369,173.1,75.5,21.13,-36.672,4.367,4.196,196.0,195.8,71.0,1714,1,-32.0,0.48
2844,310,6.725,44.49,1,102.2,92.2,1368,173.2,75.5,21.18,-36.68,4.367,4.196,196.0,195.9,71.0,1714,1,-32.0,0.48
2845,310,6.725,45.61,1,102.2,92.2,1369,173.2,75.4,21.15,-36.688,4.371,4.196,196.0,196.0,71.0,1714,1,-32.0,0.48
2846,310,6.725,46.51,1,102.2,92.2,1370,173.2,75.6,21.16,-36.688,4.367,4.196,196.0,196.1,71.0,1714,1,-32.0,0.48
2847,310,6.725,45.51,1,102.2,92.2,1370,173.2,75.7,21.18,-36.688,4.367,4.196,196.0,196.2,71.0,1714,1,-32.0,0.48
2848,310,6.725,44.24,1,102.2,92.30000000000001,1370,173.3,75.5,21.18,-36.68,4.367,4.196,196.0,196.3,71.0,1714,1,-32.0,0.47
2849,310,6.725,47.41,1,102.2,92.30000000000001,1369,173.4,75.4,21.19,-36.68,4.367,4.196,196.0,196.3,71.0,1714,1,-32.0,0.47
2850,310,6.725,43.93,1,102.2,92.2,1369,173.4,75.5,21.19,-36.68,4.367,4.196,196.0,196.4,71.0,1714,1,-32.0,0.47
2851,310,6.725,45.87,1,102.2,92.30000000000001,1370,173.3,75.4,21.19,-36.672,4.367,4.196,196.0,196.4,71.0,1714,1,-32.0,0.48
2852,310,6.725,43.77,1,102.2,92.30000000000001,1371,173.3,75.4,21.19,-36.672,4.367,4.196,196.0,196.3,71.0,1714,1,-32.0,0.48
2853,310,6.725,46.99,1,102.2,92.30000000000001,1371,173.4,75.4,21.19,-36.672,4.367,4.196,196.0,196.2,71.0,1714,1,-32.0,0.47
2854,310,6.725,46.59,1,102.2,92.2,1371,173.4,75.5,21.02,-36.672,4.367,4.196,196.0,196.0,71.0,1714,1,-32.1,0.48
2855,310,6.725,44.93,1,102.2,92.2,1371,173.3,75.5,20.14,-36.672,4.367,4.196,195.0,195.7,71.0,1714,1,-32.1,0.46
2856,310,6.725,44.71,1,101.8,92.10000000000001,1369,173.4,75.4,19.98,-36.664,4.367,4.196,195.0,195.4,71.0,1715,1,-32.1,0.48
2857,310,6.725,46.16,1,101.6,92.0,1366,173.4,75.2,19.95,-36.672,4.367,4.196,194.0,195.2,71.0,1715,1,-32.1,0.48
2858,310,6.75,45.55,1,101.6,92.10000000000001,1365,173.4,75.3,19.89,-36.672,4.367,4.196,194.0,194.8,71.0,1715,1,-32.1,0.47
2859,310,6.725,45.1,1,101.49999999999999,92.0,1364,173.4,75.3,19.9,-36.68,4.367,4.196,194.0,194.4,71.0,1715,1,-32.1,0.47
2860,310,6.725,45.47,1,101.49999999999999,92.10000000000001,1364,173.5,75.5,19.94,-36.68,4.367,4.196,194.0,194.1,71.0,1715,1,-32.1,0.46
2861,310,6.725,43.25,1,101.49999999999999,92.0,1363,173.5,75.4,19.94,-36.688,4.367,4.196,193.0,193.7,71.0,1715,1,-32.1,0.47
2862,310,6.725,46.43,1,101.49999999999999,92.0,1363,173.5,75.3,19.91,-36.688,4.367,4.196,193.0,193.3,71.0,1715,1,-32.1,0.47
2863,310,6.725,43.87,1,101.49999999999999,92.10000000000001,1363,173.5,75.3,19.93,-36.695,4.367,4.196,192.0,192.8,71.0,1715,1,-32.1,0.48
2864,310,6.725,44.17,1,101.6,92.10000000000001,1363,173.6,75.4,19.97,-36.695,4.367,4.196,192.0,192.4,71.0,1715,1,-32.2,0.47
2865,310,6.725,43.59,1,101.6,92.10000000000001,1363,173.7,75.3,19.93,-36.688,4.367,4.196,190.0,191.9,71.0,1715,1,-32.2,0.47
2866,310,6.725,45.54,1,101.6,92.0,1363,173.7,75.4,19.93,-36.68,4.367,4.196,190.0,191.4,71.0,1715,1,-32.2,0.47
2867,310,6.725,45.08,1,101.49999999999999,92.0,1363,173.7,75.3,19.95,-36.672,4.367,4.196,190.0,190.9,71.0,1715,1,-32.2,0.47
2868,310,6.725,44.74,1,101.49999999999999,92.10000000000001,1362,173.7,75.4,19.94,-36.672,4.367,4.196,189.0,190.4,71.0,1715,1,-32.2,0.48
2869,310,6.725,44.85,1,101.49999999999999,92.10000000000001,1363,173.7,75.5,20.03,-36.664,4.367,4.196,189.0,189.9,71.0,1715,1,-32.2,0.49
2870,310,6.725,46.27,1,101.6,92.10000000000001,1363,173.8,75.3,19.95,-36.656,4.367,4.196,187.0,189.4,71.0,1715,1,-32.2,0.48
2871,310,6.725,44.6,1,101.6,92.10000000000001,1363,173.8,75.3,19.94,-36.656,4.367,4.196,188.0,188.9,71.0,1715,1,-32.2,0.48
2872,310,6.725,44.14,1,101.6,92.10000000000001,1364,173.7,75.2,19.92,-36.656,4.367,4.196,187.0,188.5,71.0,1715,1,-32.2,0.47
2873,310,6.725,45.82,1,101.6,92.10000000000001,1364,173.7,75.3,19.92,-36.648,4.367,4.196,187.0,188.1,71.0,1715,1,-32.3,0.48
2874,310,6.725,47.0,1,101.49999999999999,92.0,1363,173.7,75.4,19.96,-36.656,4.367,4.196,187.0,187.6,71.0,1715,1,-32.3,0.48
2875,310,6.725,44.17,1,101.6,92.10000000000001,1363,173.7,75.2,19.92,-36.656,4.367,4.196,185.0,187.2,71.0,1715,1,-32.3,0.47
2876,310,6.725,47.43,1,101.6,92.10000000000001,1363,173.7,75.2,19.99,-36.648,4.367,4.196,185.0,186.8,71.0,1715,1,-32.3,0.48
2877,310,6.725,45.5,1,101.6,92.10000000000001,1362,173.6,75.3,19.92,-36.648,4.367,4.196,185.0,186.4,71.0,1715,1,-32.3,0.48
2878,310,6.725,45.79,1,101.6,92.10000000000001,1362,173.7,75.3,19.96,-36.648,4.367,4.196,185.0,186.1,71.0,1715,1,-32.3,0.48
2879,310,6.725,44.85,1,101.6,92.10000000000001,1362,173.7,75.4,19.98,-36.648,4.367,4.196,184.0,185.7,71.0,1715,1,-32.3,0.48
2880,310,6.725,48.27,1,101.49999999999999,92.10000000000001,1363,173.6,75.3,19.94,-36.648,4.367,4.196,184.0,185.4,71.0,1715,1,-32.3,0.48
2881,310,6.725,45.77,1,101.6,92.10000000000001,1364,173.7,75.3,19.9,-36.648,4.367,4.196,184.0,185.2,71.0,1715,1,-32.3,0.48
2882,310,6.725,45.19,1,101.6,92.10000000000001,1364,173.6,75.3,19.91,-36.648,4.367,4.196,184.0,185.0,71.0,1715,1,-32.3,0.48
2883,310,6.75,43.89,1,101.6,92.10000000000001,1364,173.5,75.2,19.96,-36.648,4.367,4.196,182.0,184.8,71.0,1715,1,-32.3,0.48
2884,310,6.725,46.21,1,101.49999999999999,92.0,1364,173.4,75.5,19.93,-36.648,4.367,4.196,182.0,184.7,71.0,1715,1,-32.3,0.48
2885,310,6.725,44.75,1,101.6,92.10000000000001,1363,173.3,75.4,19.91,-36.641,4.367,4.196,182.0,184.6,71.0,1715,1,-32.4,0.48
2886,310,6.725,45.88,1,101.49999999999999,92.10000000000001,1363,173.4,75.2,19.95,-36.641,4.367,4.196,182.0,184.6,71.0,1715,1,-32.4,0.49
2887,310,6.75,46.25,1,101.49999999999999,92.10000000000001,1363,173.5,75.4,19.96,-36.641,4.367,4.196,182.0,184.6,71.0,1715,1,-32.4,0.48
2888,310,6.725,47.03,1,101.49999999999999,92.10000000000001,1362,173.6,75.5,20.38,-36.641,4.367,4.196,183.0,184.7,71.0,1715,1,-32.4,0.48
2889,310,6.725,44.17,1,101.8,92.2,1363,173.6,75.4,21.12,-36.633,4.367,4.196,184.0,184.7,71.0,1715,1,-32.4,0.48
2890,310,6.75,46.44,1,102.1,92.30000000000001,1366,173.5,75.6,21.22,-36.633,4.367,4.196,184.0,184.9,71.0,1715,1,-32.4,0.48
2891,310,6.725,45.84,1,102.2,92.30000000000001,1368,173.6,75.5,21.19,-36.617,4.367,4.196,184.0,185.0,71.0,1715,1,-32.4,0.47
2892,310,6.725,43.59,1,102.2,92.30000000000001,1369,173.6,75.5,21.21,-36.617,4.367,4.196,184.0,185.2,71.0,1715,1,-32.4,0.48
2893,310,6.725,47.53,1,102.2,92.30000000000001,1369,173.6,75.5,21.23,-36.617,4.367,4.196,184.0,185.3,71.0,1715,1,-32.4,0.48
2894,310,6.75,47.01,1,102.2,92.30000000000001,1369,173.6,75.6,21.25,-36.609,4.367,4.196,185.0,185.5,71.0,1715,1,-32.4,0.48
2895,310,6.725,43.54,1,102.2,92.2,1370,173.5,75.5,21.29,-36.602,4.367,4.196,185.0,185.8,71.0,1715,1,-32.4,0.48
2896,310,6.725,46.22,1,102.2,92.30000000000001,1370,173.5,75.6,21.33,-36.602,4.367,4.196,185.0,186.0,71.0,1715,1,-32.4,0.49
2897,310,6.75,44.6,1,102.2,92.2,1370,173.5,75.5,21.31,-36.602,4.363,4.196,185.0,186.2,71.0,1715,1,-32.4,0.49
2898,309,6.75,44.69,1,102.2,92.2,1370,173.5,75.3,21.32,-36.602,4.363,4.196,185.0,186.4,71.0,1715,1,-32.4,0.48
2899,309,6.725,45.34,1,102.2,92.30000000000001,1370,173.4,75.4,21.31,-36.602,4.363,4.196,186.0,186.6,71.0,1715,1,-32.5,0.48
2900,309,6.725,45.66,1,102.2,92.30000000000001,1370,173.4,75.5,21.31,-36.602,4.363,4.196,186.0,186.8,71.0,1715,1,-32.5,0.48
2901,309,6.75,46.5,1,102.2,92.2,1369,173.3,75.4,21.27,-36.609,4.363,4.196,187.0,187.1,71.0,1715,1,-32.5,0.48
2902,309,6.725,44.8,1,102.2,92.2,1369,173.3,75.7,20.53,-36.609,4.363,4.196,187.0,187.3,71.0,1715,1,-32.5,0.48
2903,309,6.725,45.06,1,102.0,92.10000000000001,1369,173.3,75.6,20.39,-36.617,4.367,4.196,187.0,187.5,71.0,1715,1,-32.5,0.48
2904,309,6.75,46.31,1,101.89999999999999,92.2,1367,173.3,75.5,20.33,-36.625,4.367,4.196,187.0,187.7,71.0,1715,1,-32.5,0.46
2905,309,6.725,44.25,1,101.8,92.10000000000001,1367,173.3,75.4,20.36,-36.633,4.367,4.196,187.0,187.9,71.0,1715,1,-32.5,0.47
2906,310,6.725,46.65,1,101.89999999999999,92.10000000000001,1367,173.4,75.4,20.38,-36.641,4.367,4.196,187.0,188.1,71.0,1715,1,-32.5,0.48
2907,310,6.725,45.97,1,101.89999999999999,92.10000000000001,1367,173.6,75.5,20.42,-36.648,4.367,4.196,188.0,188.4,71.0,1716,1,-32.5,0.48
2908,310,6.725,43.87,1,101.89999999999999,92.10000000000001,1366,173.7,75.6,20.37,-36.656,4.367,4.196,189.0,188.6,71.0,1716,1,-32.5,0.48
2909,310,6.725,43.94,1,101.89999999999999,92.10000000000001,1366,173.8,75.5,20.36,-36.672,4.367,4.196,189.0,188.8,71.0,1716,1,-32.5,0.48
2910,310,6.725,43.89,1,101.89999999999999,92.10000000000001,1366,173.8,75.6,20.41,-36.68,4.367,4.196,189.0,189.0,71.0,1716,1,-32.6,0.48
2911,310,6.725,43.1,1,101.8,92.10000000000001,1366,173.8,75.5,20.37,-36.688,4.367,4.196,189.0,189.1,71.0,1716,1,-32.6,0.48
2912,310,6.725,42.96,1,101.89999999999999,92.10000000000001,1367,173.9,75.4,20.4,-36.695,4.367,4.196,189.0,189.2,71.0,1716,1,-32.6,0.49
2913,310,6.725,42.95,1,101.89999999999999,92.10000000000001,1367,173.7,75.4,20.42,-36.695,4.367,4.196,189.0,189.3,71.0,1716,1,-32.6,0.48
2914,310,6.725,42.85,1,102.0,92.2,1366,173.8,75.6,21.07,-36.703,4.367,4.196,189.0,189.3,71.0,1716,1,-32.6,0.48
2915,309,6.725,44.38,1,102.1,92.2,1367,173.9,75.4,21.18,-36.711,4.367,4.196,189.0,189.3,71.0,1716,1,-32.6,0.47
2916,309,6.725,44.9,1,102.2,92.2,1368,173.9,75.5,21.18,-36.711,4.367,4.196,189.0,189.2,71.0,1716,1,-32.6,0.48
2917,309,6.725,47.09,1,102.2,92.30000000000001,1368,173.9,75.6,21.18,-36.711,4.363,4.196,189.0,189.2,71.0,1716,1,-32.6,0.47
2918,309,6.725,44.99,1,102.2,92.30000000000001,1369,173.9,75.5,21.25,-36.719,4.363,4.196,189.0,189.1,71.0,1716,1,-32.6,0.49
2919,309,6.725,45.32,1,102.2,92.2,1370,173.8,75.5,21.21,-36.719,4.363,4.196,189.0,189.1,71.0,1716,1,-32.6,0.48
2920,309,6.75,43.17,1,102.2,92.2,1369,173.8,75.6,21.24,-36.711,4.363,4.196,189.0,189.0,71.0,1716,1,-32.6,0.49
2921,309,6.75,43.73,1,102.2,92.2,1370,173.8,75.5,21.19,-36.719,4.363,4.196,189.0,189.0,71.0,1716,1,-32.6,0.48
2922,309,6.725,45.32,1,102.2,92.2,1370,173.7,75.4,21.21,-36.719,4.367,4.196,189.0,188.9,71.0,1716,1,-32.6,0.48
2923,309,6.75,44.65,1,102.2,92.30000000000001,1370,173.5,75.8,21.23,-36.711,4.363,4.196,188.0,188.7,71.0,1716,1,-32.7,0.49
2924,309,6.75,44.59,1,102.2,92.30000000000001,1370,173.5,75.6,21.23,-36.703,4.367,4.196,187.0,188.6,71.0,1716,1,-32.6,0.48
2925,310,6.725,45.6,1,102.2,92.2,1370,173.4,75.4,21.23,-36.703,4.367,4.196,187.0,188.4,71.0,1716,1,-32.7,0.49
2926,310,6.725,43.55,1,102.2,92.30000000000001,1371,173.3,75.5,21.21,-36.703,4.367,4.196,187.0,188.2,71.0,1716,1,-32.7,0.49
2927,310,6.725,43.1,1,102.2,92.30000000000001,1371,173.3,75.4,21.29,-36.703,4.367,4.196,187.0,188.0,71.0,1716,1,-32.7,0.48
2928,310,6.75,43.07,1,102.2,92.30000000000001,1370,173.3,75.5,21.3,-36.695,4.367,4.196,187.0,187.7,71.0,1716,1,-32.7,0.48
2929,310,6.725,43.08,1,102.2,92.30000000000001,1370,173.3,75.5,21.29,-36.688,4.367,4.196,187.0,187.4,71.0,1716,1,-32.7,0.49
2930,310,6.725,43.0,1,102.2,92.2,1370,173.2,75.5,21.29,-36.68,4.367,4.196,187.0,187.1,71.0,1716,1,-32.7,0.49
2931,309,6.725,42.98,1,102.2,92.30000000000001,1370,173.1,75.5,21.35,-36.672,4.363,4.196,187.0,186.7,71.0,1716,1,-32.7,0.49
2932,309,6.725,42.98,1,102.2,92.30000000000001,1370,173.1,75.5,21.3,-36.664,4.363,4.196,185.0,186.4,71.0,1716,1,-32.7,0.49
2933,309,6.725,42.9,1,102.2,92.30000000000001,1369,173.1,75.6,21.32,-36.656,4.363,4.196,185.0,186.0,71.0,1716,1,-32.7,0.48
2934,310,6.725,43.09,1,102.2,92.2,1369,173.1,75.5,21.32,-36.648,4.367,4.196,185.0,185.6,71.0,1716,1,-32.7,0.49
2935,310,6.725,42.99,1,102.2,92.30000000000001,1369,173.1,75.4,21.31,-36.641,4.367,4.196,184.0,185.3,71.0,1716,1,-32.7,0.49
2936,310,6.725,42.92,1,102.2,92.30000000000001,1369,173.2,75.4,21.29,-36.641,4.363,4.196,184.0,184.9,71.0,1716,1,-32.7,0.48
2937,310,6.725,42.9,1,102.2,92.30000000000001,1369,173.1,75.4,21.36,-36.625,4.367,4.196,184.0,184.6,71.0,1716,1,-32.7,0.49
2938,310,6.725,42.94,1,102.2,92.30000000000001,1369,173.2,75.4,21.41,-36.617,4.367,4.196,183.0,184.2,71.0,1716,1,-32.7,0.49
2939,310,6.725,43.08,1,102.2,92.30000000000001,1370,173.1,75.4,21.39,-36.609,4.363,4.196,182.0,183.9,71.0,1716,1,-32.8,0.49
2940,310,6.725,42.93,1,102.2,92.30000000000001,1370,173.2,75.5,21.44,-36.602,4.363,4.196,182.0,183.5,71.0,1716,1,-32.8,0.49
2941,310,6.725,43.1,1,102.2,92.30000000000001,1370,173.1,75.7,21.41,-36.594,4.367,4.196,182.0,183.1,71.0,1716,1,-32.8,0.48
2942,310,6.725,44.66,1,102.2,92.30000000000001,1370,173.1,75.6,21.35,-36.594,4.363,4.196,182.0,182.8,71.0,1716,1,-32.8,0.49
2943,310,6.725,45.14,1,102.2,92.30000000000001,1371,173.1,75.5,21.41,-36.578,4.363,4.196,182.0,182.5,71.0,1716,1,-32.8,0.48
2944,310,6.725,44.97,1,102.2,92.30000000000001,1371,173.1,75.5,21.48,-36.57,4.367,4.196,182.0,182.2,71.0,1716,1,-32.8,0.48
2945,310,6.725,45.09,1,102.2,92.30000000000001,1371,173.0,75.5,21.38,-36.57,4.367,4.196,181.0,182.0,71.0,1716,1,-32.8,0.49
2946,310,6.75,43.27,1,102.2,92.30000000000001,1371,173.0,75.5,20.61,-36.562,4.367,4.196,181.0,181.9,71.0,1716,1,-32.8,0.49
2947,310,6.725,43.32,1,102.0,92.2,1371,173.0,75.4,20.34,-36.562,4.367,4.196,181.0,181.7,71.0,1716,1,-32.8,0.47
2948,310,6.725,43.05,1,101.89999999999999,92.2,1369,173.0,75.3,20.3,-36.562,4.367,4.196,180.0,181.6,71.0,1716,1,-32.8,0.48
2949,310,6.75,43.13,1,101.89999999999999,92.10000000000001,1368,173.0,75.4,20.31,-36.555,4.367,4.196,180.0,181.4,71.0,1716,1,-32.8,0.48
2950,310,6.725,43.26,1,101.89999999999999,92.2,1367,173.0,75.4,20.29,-36.555,4.363,4.196,180.0,181.2,71.0,1716,1,-32.8,0.48
2951,310,6.725,43.01,1,101.8,92.2,1367,173.1,75.3,20.33,-36.555,4.367,4.196,180.0,181.0,71.0,1716,1,-32.8,0.48
2952,310,6.725,43.11,1,101.8,92.2,1367,173.0,75.4,20.31,-36.562,4.363,4.196,180.0,180.8,71.0,1716,1,-32.8,0.48
2953,310,6.725,43.11,1,101.8,92.10000000000001,1367,173.1,75.4,20.3,-36.555,4.367,4.196,180.0,180.6,71.0,1716,1,-32.8,0.48
2954,310,6.725,42.96,1,101.8,92.10000000000001,1366,173.1,75.5,20.3,-36.562,4.363,4.196,179.0,180.4,71.0,1716,1,-32.8,0.49
2955,310,6.725,43.06,1,101.8,92.10000000000001,1366,173.0,75.3,20.31,-36.562,4.367,4.196,179.0,180.2,71.0,1716,1,-32.9,0.48
2956,310,6.725,42.87,1,101.8,92.2,1366,173.0,75.3,20.3,-36.562,4.367,4.196,179.0,180.1,71.0,1716,1,-32.9,0.47
2957,310,6.725,43.16,1,101.8,92.10000000000001,1366,173.1,75.3,20.34,-36.57,4.367,4.196,179.0,179.9,71.0,1716,1,-32.9,0.48
2958,310,6.725,42.99,1,101.8,92.10000000000001,1366,173.2,75.3,20.3,-36.578,4.367,4.196,179.0,179.8,71.0,1716,1,-32.9,0.47
2959,310,6.725,43.1,1,101.8,92.2,1365,173.3,75.4,20.31,-36.578,4.367,4.196,179.0,179.6,71.0,1716,1,-32.9,0.48
2960,310,6.725,43.18,1,101.89999999999999,92.2,1366,173.3,75.3,20.84,-36.586,4.367,4.196,179.0,179.5,71.0,1716,1,-32.9,0.49
2961,310,6.725,43.08,1,102.1,92.30000000000001,1366,173.3,75.5,20.94,-36.586,4.367,4.196,178.0,179.3,71.0,1716,1,-32.9,0.48
2962,310,6.725,43.01,1,102.2,92.30000000000001,1368,173.4,75.5,20.95,-36.586,4.363,4.196,179.0,179.2,71.0,1716,1,-32.9,0.48
2963,310,6.725,43.14,1,102.2,92.30000000000001,1369,173.4,75.4,20.95,-36.586,4.367,4.196,178.0,179.0,71.0,1716,1,-32.9,0.48
2964,310,6.725,43.19,1,102.2,92.30000000000001,1369,173.3,75.4,20.96,-36.586,4.367,4.196,178.0,178.9,71.0,1716,1,-32.9,0.48
2965,310,6.725,43.16,1,102.2,92.30000000000001,1369,173.4,75.7,21.02,-36.594,4.367,4.196,178.0,178.8,71.0,1716,1,-32.9,0.48
2966,310,6.725,43.13,1,102.2,92.2,1369,173.4,75.5,21.01,-36.602,4.367,4.196,177.0,178.7,71.0,1716,1,-32.9,0.48
2967,310,6.725,43.04,1,102.2,92.30000000000001,1370,173.4,75.5,21.01,-36.602,4.367,4.196,178.0,178.6,71.0,1716,1,-32.9,0.47
2968,310,6.725,44.23,1,102.2,92.30000000000001,1369,173.5,75.4,20.99,-36.602,4.363,4.196,177.0,178.4,71.0,1716,1,-32.9,0.46
2969,310,6.75,46.41,1,102.2,92.30000000000001,1370,173.5,75.5,20.96,-36.609,4.363,4.196,177.0,178.3,71.0,1716,1,-32.9,0.47
2970,310,6.725,45.23,1,102.2,92.2,1370,173.5,75.5,20.97,-36.617,4.363,4.196,177.0,178.3,71.0,1717,1,-32.9,0.46
2971,310,6.725,44.64,1,102.2,92.2,1371,173.5,75.5,21.05,-36.617,4.367,4.196,177.0,178.3,71.0,1717,1,-32.9,0.48
2972,310,6.75,44.18,1,102.2,92.30000000000001,1371,173.6,75.5,21.01,-36.617,4.367,4.196,177.0,178.3,71.0,1717,1,-32.9,0.49
2973,310,6.725,47.03,1,102.2,92.30000000000001,1371,173.5,75.6,21.05,-36.617,4.367,4.196,177.0,178.3,71.0,1717,1,-32.9,0.5
2974,310,6.725,42.78,1,102.2,92.30000000000001,1371,173.5,75.5,21.05,-36.617,4.367,4.196,177.0,178.4,71.0,1717,1,-33.0,0.48
2975,310,6.725,44.9,1,102.2,92.30000000000001,1371,173.5,75.4,21.03,-36.625,4.363,4.196,177.0,178.4,71.0,1717,1,-33.0,0.49
2976,311,6.725,44.86,1,102.2,92.30000000000001,1372,173.5,75.5,21.0,-36.617,4.363,4.196,178.0,178.4,71.0,1717,1,-33.0,0.48
2977,311,6.725,44.44,1,102.2,92.30000000000001,1372,173.5,75.4,21.03,-36.617,4.363,4.196,178.0,178.5,71.0,1717,1,-33.0,0.48
2978,311,6.725,45.07,1,102.2,92.2,1371,173.5,75.5,21.0,-36.609,4.367,4.196,178.0,178.6,71.0,1717,1,-33.0,0.48
2979,311,6.725,46.22,1,102.2,92.30000000000001,1371,173.6,75.4,21.0,-36.609,4.367,4.196,178.0,178.6,71.0,1717,1,-33.0,0.47
2980,311,6.725,46.0,1,102.2,92.30000000000001,1371,173.6,75.5,21.02,-36.602,4.363,4.196,178.0,178.8,71.0,1717,1,-33.0,0.46
2981,311,6.725,47.24,1,102.2,92.30000000000001,1371,173.6,75.5,21.0,-36.602,4.367,4.196,179.0,178.8,71.0,1717,1,-33.0,0.46
2982,311,6.725,43.88,1,102.2,92.30000000000001,1371,173.7,75.4,20.95,-36.602,4.363,4.196,178.0,178.9,71.0,1717,1,-33.0,0.47
2983,311,6.75,46.62,1,102.2,92.30000000000001,1370,173.6,75.5,21.0,-36.594,4.367,4.196,179.0,179.0,71.0,1717,1,-33.0,0.47
2984,311,6.725,44.12,1,102.2,92.30000000000001,1371,173.5,75.5,20.98,-36.594,4.367,4.196,179.0,179.1,71.0,1717,1,-33.0,0.47
2985,311,6.725,45.06,1,102.2,92.30000000000001,1371,173.4,75.5,21.01,-36.586,4.367,4.196,179.0,179.2,71.0,1717,1,-33.0,0.48
2986,311,6.75,44.69,1,102.3,92.30000000000001,1371,173.3,75.6,20.99,-36.578,4.367,4.196,179.0,179.3,71.0,1717,1,-33.0,0.48
2987,312,6.75,46.18,1,102.2,92.30000000000001,1371,173.2,75.6,21.03,-36.57,4.367,4.196,179.0,179.4,71.0,1717,1,-33.0,0.48
2988,312,6.725,45.24,1,102.2,92.30000000000001,1371,173.1,75.4,21.06,-36.57,4.367,4.196,179.0,179.4,71.0,1717,1,-33.0,0.48
2989,312,6.725,44.2,1,102.2,92.30000000000001,1370,173.2,75.5,21.07,-36.562,4.367,4.196,179.0,179.4,71.0,1717,1,-33.0,0.48
2990,312,6.725,43.51,1,102.2,92.30000000000001,1371,173.2,75.4,21.05,-36.555,4.367,4.196,179.0,179.4,71.0,1717,1,-33.0,0.47
2991,312,6.725,46.12,1,102.2,92.30000000000001,1371,173.2,75.5,21.01,-36.555,4.367,4.196,179.0,179.4,71.0,1717,1,-33.0,0.48
2992,312,6.725,45.07,1,102.2,92.30000000000001,1372,173.2,75.5,21.03,-36.547,4.367,4.196,179.0,179.4,71.0,1717,1,-33.1,0.48
2993,312,6.725,45.27,1,102.2,92.30000000000001,1371,173.2,75.5,21.03,-36.547,4.367,4.196,179.0,179.4,71.0,1717,1,-33.1,0.48
2994,312,6.725,43.61,1,102.2,92.30000000000001,1371,173.2,75.6,21.06,-36.539,4.367,4.196,179.0,179.4,71.0,1717,1,-33.1,0.48
2995,312,6.725,44.21,1,102.2,92.30000000000001,1371,173.1,75.4,21.02,-36.531,4.367,4.196,179.0,179.4,71.0,1717,1,-33.1,0.49
2996,312,6.725,44.68,1,102.2,92.30000000000001,1371,173.1,75.4,21.02,-36.523,4.367,4.196,179.0,179.4,71.0,1717,1,-33.1,0.49
2997,312,6.725,44.36,1,102.2,92.30000000000001,1370,173.1,75.6,21.01,-36.516,4.367,4.196,179.0,179.5,71.0,1717,1,-33.1,0.48
2998,312,6.75,45.34,1,102.3,92.30000000000001,1371,173.1,75.4,21.03,-36.508,4.367,4.196,179.0,179.5,71.0,1717,1,-33.1,0.49
2999,312,6.725,44.38,1,102.2,92.30000000000001,1371,173.1,75.5,21.04,-36.508,4.367,4.196,179.0,179.4,71.0,1717,1,-33.1,0.48
3000,312,6.725,45.22,1,102.2,92.30000000000001,1371,173.2,75.3,21.05,-36.5,4.363,4.196,179.0,179.5,71.0,1717,1,-33.1,0.49
3001,312,6.75,44.98,1,102.2,92.30000000000001,1370,173.2,75.5,21.09,-36.492,4.363,4.196,179.0,179.5,71.0,1717,1,-33.1,0.49
3002,312,6.75,47.75,1,102.2,92.30000000000001,1371,173.2,75.4,21.05,-36.484,4.367,4.196,179.0,179.4,71.0,1717,1,-33.1,0.48
3003,312,6.725,44.31,1,102.2,92.30000000000001,1371,173.3,75.4,21.03,-36.477,4.367,4.196,179.0,179.4,71.0,1717,1,-33.1,0.47
3004,312,6.725,45.55,1,102.2,92.30000000000001,1371,173.2,75.4,21.01,-36.461,4.367,4.196,179.0,179.4,71.0,1717,1,-33.1,0.47
3005,313,6.75,43.4,1,102.2,92.30000000000001,1370,173.2,75.4,21.06,-36.461,4.367,4.196,179.0,179.4,71.0,1717,1,-33.1,0.47
3006,313,6.725,44.73,1,102.2,92.30000000000001,1370,173.3,75.4,21.04,-36.453,4.367,4.196,179.0,179.4,71.0,1717,1,-33.1,0.48
3007,313,6.725,44.82,1,102.2,92.30000000000001,1371,173.3,75.5,21.06,-36.453,4.367,4.196,179.0,179.4,71.0,1717,1,-33.1,0.48
3008,313,6.725,45.56,1,102.2,92.30000000000001,1371,173.2,75.4,21.01,-36.445,4.367,4.196,179.0,179.4,71.0,1717,1,-33.1,0.47
3009,313,6.725,46.49,1,102.2,92.30000000000001,1371,173.2,75.5,21.04,-36.445,4.367,4.196,179.0,179.3,71.0,1717,1,-33.1,0.47
3010,313,6.725,45.11,1,102.2,92.30000000000001,1371,173.3,75.4,21.02,-36.438,4.367,4.196,179.0,179.3,71.0,1717,1,-33.2,0.47
3011,312,6.725,44.57,1,102.2,92.30000000000001,1371,173.3,75.5,21.07,-36.43,4.367,4.196,179.0,179.3,71.0,1717,1,-33.2,0.47
3012,312,6.725,44.91,1,102.2,92.30000000000001,1371,173.3,75.5,21.06,-36.438,4.367,4.196,179.0,179.3,71.0,1717,1,-33.2,0.47
3013,313,6.75,45.31,1,102.2,92.30000000000001,1371,173.3,75.4,21.07,-36.43,4.363,4.196,179.0,179.4,71.0,1717,1,-33.2,0.46
3014,313,6.725,45.2,1,102.2,92.30000000000001,1371,173.3,75.6,21.07,-36.438,4.363,4.196,179.0,179.4,71.0,1717,1,-33.2,0.46
3015,313,6.725,45.16,1,102.2,92.30000000000001,1371,173.3,75.4,21.07,-36.438,4.363,4.196,179.0,179.4,71.0,1717,1,-33.2,0.46
3016,313,6.75,45.3,1,102.2,92.30000000000001,1371,173.3,75.4,21.05,-36.445,4.363,4.196,179.0,179.4,71.0,1717,1,-33.2,0.46
3017,313,6.725,44.37,1,102.2,92.30000000000001,1372,173.2,75.5,21.06,-36.445,4.367,4.196,179.0,179.5,71.0,1717,1,-33.2,0.47
3018,313,6.725,43.61,1,102.2,92.30000000000001,1371,173.3,75.6,21.02,-36.445,4.367,4.196,179.0,179.5,71.0,1717,1,-33.2,0.47
3019,313,6.725,45.4,1,102.3,92.30000000000001,1371,173.3,75.5,21.04,-36.445,4.367,4.196,179.0,179.5,71.0,1717,1,-33.2,0.47
3020,313,6.75,43.47,1,102.2,92.30000000000001,1372,173.3,75.4,21.04,-36.445,4.367,4.196,179.0,179.5,71.0,1717,1,-33.2,0.47
3021,313,6.725,43.42,1,102.2,92.30000000000001,1372,173.4,75.5,21.04,-36.445,4.367,4.196,179.0,179.5,71.0,1717,1,-33.2,0.47
3022,313,6.725,44.23,1,102.2,92.30000000000001,1372,173.5,75.7,21.06,-36.445,4.367,4.196,179.0,179.5,71.0,1717,1,-33.2,0.47
3023,313,6.725,44.96,1,102.2,92.30000000000001,1371,173.5,75.4,21.05,-36.438,4.363,4.196,179.0,179.4,71.0,1717,1,-33.2,0.48
3024,313,6.725,46.02,1,102.2,92.30000000000001,1372,173.5,75.4,21.08,-36.438,4.367,4.196,179.0,179.4,71.0,1717,1,-33.2,0.48
3025,313,6.725,43.25,1,102.2,92.30000000000001,1371,173.5,75.5,21.02,-36.43,4.363,4.196,179.0,179.4,71.0,1717,1,-33.2,0.48
3026,313,6.725,45.56,1,102.2,92.30000000000001,1372,173.4,75.6,21.03,-36.43,4.363,4.196,179.0,179.4,71.0,1717,1,-33.2,0.48
3027,313,6.75,46.51,1,102.2,92.30000000000001,1372,173.4,75.4,21.06,-36.422,4.363,4.196,179.0,179.5,71.0,1717,1,-33.2,0.47
3028,313,6.75,44.42,1,102.2,92.30000000000001,1372,173.5,75.4,21.04,-36.422,4.363,4.196,179.0,179.5,71.0,1717,1,-33.2,0.49
3029,313,6.725,46.61,1,102.2,92.30000000000001,1372,173.5,75.4,21.11,-36.422,4.363,4.196,179.0,179.5,71.0,1717,1,-33.2,0.49
3030,313,6.725,44.68,1,102.2,92.30000000000001,1373,173.3,75.3,21.04,-36.422,4.363,4.196,179.0,179.6,71.0,1717,1,-33.2,0.5
3031,313,6.75,45.61,1,102.2,92.30000000000001,1372,173.1,75.4,21.05,-36.414,4.363,4.196,179.0,179.7,71.0,1717,1,-33.2,0.48
3032,313,6.75,47.09,1,102.2,92.30000000000001,1371,173.3,75.4,21.09,-36.406,4.363,4.196,179.0,179.7,71.0,1717,1,-33.2,0.48
3033,314,6.725,44.79,1,102.2,92.30000000000001,1372,173.4,75.4,21.06,-36.398,4.363,4.196,179.0,179.8,71.0,1717,1,-33.2,0.49
3034,314,6.725,46.22,1,102.2,92.30000000000001,1372,173.3,75.5,21.13,-36.391,4.367,4.196,180.0,179.9,71.0,1717,1,-33.2,0.49
3035,314,6.725,45.3,1,102.2,92.30000000000001,1372,173.2,75.5,21.09,-36.367,4.367,4.196,180.0,179.9,71.0,1717,1,-33.2,0.48
3036,314,6.725,46.28,1,102.2,92.30000000000001,1372,173.2,75.4,21.11,-36.352,4.367,4.196,180.0,180.0,71.0,1717,1,-33.2,0.49
3037,314,6.725,43.54,1,102.2,92.30000000000001,1372,173.2,75.5,21.09,-36.344,4.367,4.196,180.0,180.0,71.0,1717,1,-33.2,0.48
3038,314,6.725,44.61,1,102.2,92.30000000000001,1373,173.2,75.3,21.1,-36.328,4.367,4.196,180.0,180.1,71.0,1717,1,-33.3,0.48
3039,313,6.725,47.38,1,102.2,92.30000000000001,1374,173.1,75.5,21.13,-36.32,4.367,4.196,180.0,180.1,71.0,1717,1,-33.3,0.48
3040,314,6.725,45.94,1,102.2,92.30000000000001,1374,173.1,75.4,21.12,-36.312,4.363,4.196,180.0,180.2,71.0,1717,1,-33.3,0.47
3041,314,6.725,45.79,1,102.2,92.30000000000001,1373,173.1,75.4,21.14,-36.305,4.363,4.196,180.0,180.2,71.0,1717,1,-33.3,0.47
3042,314,6.725,45.12,1,102.2,92.30000000000001,1373,173.2,75.6,21.1,-36.289,4.367,4.196,180.0,180.3,71.0,1717,1,-33.3,0.48
3043,314,6.75,45.99,1,102.2,92.30000000000001,1372,173.2,75.7,21.17,-36.289,4.367,4.196,180.0,180.3,71.0,1717,1,-33.3,0.48
3044,314,6.725,45.46,1,102.2,92.30000000000001,1373,173.3,75.4,21.1,-36.289,4.363,4.196,180.0,180.3,71.0,1717,1,-33.3,0.47
3045,314,6.725,44.74,1,102.2,92.30000000000001,1373,173.3,75.5,21.12,-36.281,4.363,4.196,180.0,180.3,71.0,1717,1,-33.3,0.47
3046,314,6.75,44.46,1,102.2,92.4,1373,173.3,75.5,21.13,-36.281,4.363,4.196,180.0,180.3,71.0,1717,1,-33.3,0.48
3047,314,6.725,44.91,1,102.2,92.30000000000001,1373,173.3,75.5,21.16,-36.281,4.363,4.196,180.0,180.3,71.0,1717,1,-33.3,0.48
3048,314,6.725,45.48,1,102.2,92.30000000000001,1373,173.1,75.5,21.14,-36.281,4.367,4.196,180.0,180.3,71.0,1717,1,-33.3,0.48
3049,314,6.725,45.23,1,102.2,92.30000000000001,1373,173.2,75.4,21.16,-36.273,4.367,4.196,180.0,180.3,71.0,1717,1,-33.3,0.48
3050,314,6.725,42.8,1,102.2,92.30000000000001,1373,173.3,75.4,21.14,-36.266,4.367,4.196,180.0,180.3,71.0,1717,1,-33.3,0.48
3051,314,6.725,44.47,1,102.2,92.30000000000001,1373,173.3,75.4,21.16,-36.266,4.367,4.196,180.0,180.4,71.0,1717,1,-33.3,0.47
3052,314,6.725,44.76,1,102.2,92.30000000000001,1373,173.3,75.4,21.14,-36.258,4.363,4.196,180.0,180.4,71.0,1717,1,-33.3,0.48
3053,314,6.725,44.22,1,102.2,92.30000000000001,1373,173.3,75.4,21.2,-36.25,4.363,4.196,180.0,180.4,71.0,1717,1,-33.3,0.48
3054,314,6.725,45.46,1,102.2,92.30000000000001,1373,173.4,75.5,21.2,-36.242,4.363,4.196,180.0,180.3,71.0,1717,1,-33.3,0.48
3055,314,6.725,44.88,1,102.2,92.30000000000001,1373,173.3,75.5,21.16,-36.242,4.363,4.196,180.0,180.3,71.0,1717,1,-33.3,0.49
3056,314,6.725,46.68,1,102.2,92.30000000000001,1374,173.4,75.4,21.15,-36.234,4.363,4.196,180.0,180.3,71.0,1717,1,-33.3,0.49
3057,314,6.725,43.92,1,102.2,92.30000000000001,1373,173.4,75.4,21.2,-36.227,4.363,4.196,180.0,180.2,71.0,1717,1,-33.3,0.48
3058,314,6.725,45.72,1,102.3,92.4,1373,173.4,75.5,21.21,-36.219,4.363,4.196,180.0,180.2,71.0,1717,1,-33.3,0.48
3059,314,6.75,45.82,1,102.2,92.4,1373,173.5,75.5,20.56,-36.219,4.363,4.196,180.0,180.2,71.0,1717,1,-33.3,0.47
3060,314,6.725,44.5,1,102.0,92.2,1373,173.4,75.3,20.02,-36.203,4.367,4.196,180.0,180.1,71.0,1717,1,-33.3,0.47
3061,314,6.725,46.78,1,101.69999999999999,92.2,1371,173.5,75.4,19.96,-36.203,4.367,4.196,179.0,180.1,71.0,1717,1,-33.3,0.49
3062,315,6.75,44.66,1,101.6,92.10000000000001,1369,173.6,75.5,19.96,-36.203,4.367,4.196,179.0,180.1,71.0,1717,1,-33.3,0.48
3063,315,6.75,46.68,1,101.6,92.2,1368,173.5,75.5,19.89,-36.195,4.367,4.196,179.0,180.1,71.0,1717,1,-33.3,0.49
3064,315,6.725,46.26,1,101.49999999999999,92.10000000000001,1367,173.5,75.2,19.95,-36.195,4.367,4.196,180.0,180.1,71.0,1717,1,-33.3,0.48
3065,315,6.725,46.11,1,101.6,92.10000000000001,1367,173.5,75.2,19.95,-36.188,4.367,4.196,180.0,180.1,71.0,1717,1,-33.3,0.48
3066,315,6.725,44.4,1,101.6,92.10000000000001,1367,173.5,75.4,19.58,-36.18,4.367,4.196,180.0,180.1,71.0,1717,1,-33.3,0.47
3067,315,6.725,47.53,1,101.4,92.10000000000001,1367,173.4,75.3,19.5,-36.18,4.367,4.196,179.0,180.0,71.0,1717,1,-33.3,0.48
3068,315,6.725,47.19,1,101.29999999999998,92.10000000000001,1365,173.4,75.2,19.46,-36.18,4.363,4.196,180.0,179.9,71.0,1718,1,-33.3,0.49
3069,315,6.725,45.05,1,101.2,92.0,1364,173.5,75.2,18.84,-36.172,4.367,4.196,179.0,179.8,71.0,1717,1,-33.3,0.48
3070,315,6.725,44.55,1,100.89999999999999,91.9,1363,173.5,75.1,18.68,-36.172,4.367,4.196,179.0,179.5,71.0,1717,1,-33.3,0.47
3071,315,6.725,45.75,1,100.8,91.9,1361,173.5,75.1,18.66,-36.172,4.367,4.196,179.0,179.3,71.0,1717,1,-33.3,0.47
3072,315,6.725,45.93,1,100.69999999999999,91.9,1360,173.6,75.1,18.7,-36.172,4.367,4.196,178.0,179.0,71.0,1717,1,-33.3,0.48
3073,315,6.725,43.02,1,100.69999999999999,91.9,1360,173.6,75.2,18.69,-36.164,4.367,4.196,177.0,178.6,71.0,1717,1,-33.3,0.48
3074,315,6.725,45.23,1,100.69999999999999,91.9,1360,173.7,75.3,18.14,-36.156,4.367,4.196,177.0,178.2,71.0,1717,1,-33.4,0.47
3075,315,6.75,45.12,1,100.29999999999998,91.8,1359,173.7,75.2,17.74,-36.148,4.367,4.196,177.0,177.7,71.0,1717,1,-33.3,0.47
3076,315,6.725,44.29,1,100.1,91.8,1356,173.8,75.2,17.68,-36.133,4.367,4.196,176.0,177.1,71.0,1717,1,-33.3,0.47
3077,315,6.725,44.28,1,100.0,91.7,1355,173.7,75.2,17.7,-36.125,4.367,4.196,175.0,176.6,71.0,1717,1,-33.3,0.48
3078,315,6.75,44.68,1,100.0,91.7,1355,173.7,75.0,16.95,-36.117,4.367,4.196,175.0,176.0,71.0,1718,1,-33.4,0.48
3079,315,6.75,44.86,1,99.6,91.60000000000001,1354,173.8,75.0,16.66,-36.109,4.367,4.196,174.0,175.4,71.0,1718,1,-33.4,0.47
3080,314,6.725,44.53,1,99.4,91.60000000000001,1352,173.9,74.8,16.62,-36.102,4.367,4.196,174.0,174.8,71.0,1718,1,-33.4,0.47
3081,314,6.725,43.96,1,99.3,91.60000000000001,1350,173.9,74.9,16.59,-36.086,4.367,4.196,172.0,174.1,71.0,1718,1,-33.4,0.47
3082,314,6.75,43.99,1,99.3,91.60000000000001,1349,174.0,74.9,16.61,-36.078,4.367,4.196,172.0,173.4,71.0,1718,1,-33.4,0.47
3083,314,6.725,44.04,1,99.2,91.60000000000001,1349,174.0,74.8,16.64,-36.062,4.367,4.196,171.0,172.8,71.0,1718,1,-33.4,0.47
3084,314,6.725,44.32,1,99.3,91.60000000000001,1349,174.0,74.8,16.59,-36.047,4.367,4.196,171.0,172.2,71.0,1718,1,-33.4,0.48
3085,314,6.725,44.66,1,99.2,91.60000000000001,1350,174.2,75.0,16.6,-36.031,4.367,4.196,169.0,171.5,71.0,1718,1,-33.4,0.47
3086,314,6.725,44.54,1,99.2,91.60000000000001,1350,174.3,74.8,16.04,-36.016,4.367,4.196,169.0,170.8,71.0,1718,1,-33.4,0.47
3087,314,6.725,45.66,1,98.9,91.5,1348,174.4,74.9,15.85,-36.0,4.363,4.196,168.0,170.2,71.0,1718,1,-33.4,0.48
3088,314,6.725,43.57,1,98.8,91.4,1347,174.4,74.7,15.83,-35.992,4.363,4.196,168.0,169.5,71.0,1718,1,-33.4,0.48
3089,314,6.725,43.19,1,98.7,91.5,1346,174.5,74.8,15.82,-35.977,4.367,4.196,167.0,168.9,71.0,1718,1,-33.4,0.49
3090,314,6.75,42.97,1,98.7,91.4,1346,174.6,74.8,15.53,-35.961,4.367,4.196,166.0,168.3,71.0,1718,1,-33.4,0.48
3091,314,6.75,45.15,1,98.5,91.4,1344,174.7,74.8,14.83,-35.953,4.367,4.196,166.0,167.6,71.0,1718,1,-33.4,0.49
3092,314,6.725,45.77,1,98.1,91.3,1343,174.8,74.6,14.74,-35.938,4.367,4.196,165.0,167.1,71.0,1718,1,-33.4,0.48
3093,314,6.725,45.07,1,98.0,91.3,1341,174.9,74.6,14.68,-35.93,4.367,4.196,165.0,166.6,71.0,1718,1,-33.4,0.49
3094,314,6.725,45.09,1,97.89999999999999,91.2,1340,175.0,74.5,13.87,-35.914,4.367,4.196,165.0,166.1,71.0,1718,1,-33.4,0.49
3095,314,6.725,45.1,1,97.39999999999999,91.0,1339,175.0,74.4,12.88,-35.898,4.367,4.196,165.0,165.8,71.0,1718,1,-33.4,0.49
3096,314,6.725,42.97,1,97.0,90.9,1335,175.1,74.3,12.68,-35.883,4.367,4.196,164.0,165.6,71.0,1718,1,-33.4,0.48
3097,313,6.725,42.87,1,96.7,90.8,1332,175.2,74.2,12.67,-35.867,4.367,4.196,164.0,165.4,71.0,1718,1,-33.4,0.49
3098,313,6.75,42.97,1,96.5,90.8,1328,175.3,74.1,12.69,-35.852,4.363,4.196,164.0,165.3,71.0,1718,1,-33.4,0.48
3099,313,6.725,44.74,1,96.5,90.8,1327,175.4,74.1,12.68,-35.836,4.363,4.196,164.0,165.1,71.0,1718,1,-33.4,0.49
3100,313,6.725,44.57,1,96.5,90.8,1327,175.4,74.1,12.7,-35.82,4.363,4.196,164.0,165.1,71.0,1718,1,-33.4,0.48
3101,313,6.725,45.08,1,96.5,90.7,1326,175.4,74.0,12.68,-35.805,4.363,4.196,164.0,165.0,71.0,1718,1,-33.4,0.49
3102,313,6.75,45.39,1,96.5,90.8,1325,175.4,74.1,12.68,-35.789,4.363,4.196,164.0,165.1,71.0,1718,1,-33.4,0.48
3103,312,6.725,45.24,1,96.5,90.7,1324,175.6,74.1,12.71,-35.781,4.363,4.196,164.0,165.2,71.0,1718,1,-33.4,0.48
3104,312,6.725,45.63,1,96.5,90.8,1324,175.7,74.2,12.66,-35.766,4.363,4.196,164.0,165.3,71.0,1718,1,-33.4,0.48
3105,312,6.725,44.99,1,96.5,90.7,1323,175.7,74.1,12.7,-35.758,4.363,4.196,165.0,165.5,71.0,1718,1,-33.4,0.48
3106,312,6.725,45.58,1,96.6,90.8,1323,175.6,74.1,13.54,-35.742,4.363,4.196,165.0,165.7,71.0,1718,1,-33.4,0.47
3107,312,6.725,43.01,1,97.0,91.10000000000001,1324,175.7,74.4,14.63,-35.734,4.363,4.196,165.0,166.0,71.0,1718,1,-33.4,0.47
3108,312,6.725,42.95,1,97.7,91.3,1329,175.7,74.7,15.12,-35.719,4.363,4.196,165.0,166.2,71.0,1718,1,-33.4,0.48
3109,312,6.75,45.55,1,98.0,91.3,1333,175.7,74.7,15.22,-35.703,4.363,4.196,166.0,166.5,71.0,1718,1,-33.4,0.49
3110,312,6.725,44.53,1,98.1,91.3,1336,175.7,74.7,15.2,-35.688,4.367,4.196,166.0,166.7,71.0,1718,1,-33.4,0.47
3111,312,6.725,44.23,1,98.2,91.3,1337,175.7,74.6,15.16,-35.672,4.367,4.196,166.0,166.9,71.0,1718,1,-33.4,0.47
3112,312,6.725,44.29,1,98.3,91.4,1338,175.8,74.7,15.18,-35.664,4.367,4.196,166.0,167.2,71.0,1718,1,-33.4,0.47
3113,312,6.725,44.4,1,98.2,91.4,1339,175.8,74.8,15.18,-35.656,4.367,4.196,167.0,167.4,71.0,1718,1,-33.4,0.48
3114,311,6.725,45.14,1,98.3,91.3,1339,175.7,74.8,15.22,-35.648,4.367,4.196,167.0,167.7,71.0,1718,1,-33.4,0.47
3115,311,6.725,44.37,1,98.3,91.3,1340,175.7,74.7,15.54,-35.641,4.367,4.196,167.0,167.9,71.0,1718,1,-33.4,0.47
3116,311,6.725,44.69,1,98.5,91.5,1341,175.6,74.8,15.74,-35.633,4.367,4.196,168.0,168.1,71.0,1718,1,-33.4,0.47
3117,311,6.75,44.22,1,98.6,91.5,1342,175.6,74.7,15.73,-35.625,4.363,4.196,168.0,168.3,71.0,1718,1,-33.4,0.48
3118,311,6.725,44.29,1,98.6,91.4,1342,175.5,74.6,15.71,-35.617,4.363,4.196,168.0,168.5,71.0,1718,1,-33.4,0.48
3119,311,6.725,44.7,1,98.6,91.5,1343,175.5,74.7,15.75,-35.609,4.363,4.196,168.0,168.7,71.0,1718,1,-33.4,0.48
3120,311,6.725,44.6,1,98.7,91.5,1343,175.5,74.9,15.98,-35.602,4.363,4.196,168.0,168.9,71.0,1718,1,-33.4,0.48
3121,311,6.725,44.29,1,98.9,91.60000000000001,1344,175.4,74.9,16.7,-35.594,4.363,4.196,169.0,169.1,71.0,1718,1,-33.4,0.49
3122,311,6.725,46.27,1,99.2,91.60000000000001,1345,175.3,74.9,16.7,-35.586,4.363,4.196,169.0,169.3,71.0,1718,1,-33.4,0.49
3123,311,6.725,45.93,1,99.2,91.60000000000001,1347,175.2,74.9,16.74,-35.578,4.363,4.196,169.0,169.5,71.0,1718,1,-33.4,0.49
3124,311,6.725,46.1,1,99.3,91.60000000000001,1348,175.0,74.9,16.96,-35.578,4.363,4.196,169.0,169.7,71.0,1718,1,-33.4,0.49
3125,311,6.725,44.69,1,99.5,91.7,1349,174.9,75.0,17.04,-35.57,4.363,4.196,169.0,169.9,71.0,1718,1,-33.4,0.48
3126,311,6.725,44.43,1,99.5,91.7,1350,174.8,75.0,17.09,-35.562,4.367,4.196,170.0,170.1,71.0,1718,1,-33.4,0.48
3127,311,6.725,46.5,1,99.6,91.7,1351,174.7,75.0,17.11,-35.555,4.367,4.196,170.0,170.3,71.0,1718,1,-33.4,0.49
3128,311,6.725,44.83,1,99.6,91.7,1352,174.6,75.0,17.13,-35.547,4.367,4.196,170.0,170.4,71.0,1718,1,-33.4,0.48
3129,311,6.725,43.46,1,99.6,91.7,1352,174.5,75.1,17.12,-35.539,4.367,4.196,171.0,170.6,71.0,1718,1,-33.4,0.48
3130,310,6.725,46.26,1,99.6,91.60000000000001,1352,174.5,74.9,17.15,-35.531,4.367,4.196,170.0,170.7,71.0,1718,1,-33.4,0.48
3131,310,6.725,45.55,1,99.6,91.7,1352,174.4,74.9,17.08,-35.531,4.367,4.196,171.0,170.8,71.0,1718,1,-33.3,0.48
3132,310,6.725,44.97,1,99.6,91.7,1352,174.4,74.9,17.12,-35.523,4.367,4.196,171.0,170.9,71.0,1718,1,-33.4,0.48
3133,310,6.75,45.09,1,99.6,91.7,1352,174.3,75.0,17.12,-35.523,4.363,4.196,171.0,171.1,71.0,1718,1,-33.4,0.49
3134,310,6.75,44.48,1,99.6,91.7,1353,174.2,75.0,17.13,-35.523,4.363,4.196,171.0,171.2,71.0,1718,1,-33.4,0.48
3135,310,6.725,46.0,1,99.6,91.7,1352,174.2,75.2,17.11,-35.531,4.363,4.196,171.0,171.2,71.0,1718,1,-33.4,0.49
3136,310,6.725,45.0,1,99.6,91.7,1352,174.1,74.9,17.11,-35.531,4.363,4.196,171.0,171.3,71.0,1718,1,-33.3,0.48
3137,310,6.725,44.76,1,99.6,91.7,1352,174.1,75.0,17.12,-35.539,4.363,4.196,171.0,171.4,71.0,1718,1,-33.3,0.48
3138,310,6.725,44.29,1,99.6,91.7,1351,174.0,75.1,17.14,-35.539,4.363,4.196,171.0,171.5,71.0,1718,1,-33.4,0.48
3139,310,6.725,44.75,1,99.6,91.7,1351,173.9,75.2,17.37,-35.547,4.363,4.196,171.0,171.5,71.0,1718,1,-33.4,0.48
3140,310,6.725,45.22,1,99.8,91.8,1352,173.8,75.2,18.16,-35.547,4.363,4.196,171.0,171.6,71.0,1718,1,-33.4,0.48
3141,310,6.725,44.75,1,100.2,91.9,1355,173.7,75.2,18.32,-35.555,4.363,4.196,171.0,171.6,71.0,1718,1,-33.3,0.48
3142,310,6.725,44.51,1,100.29999999999998,91.9,1357,173.7,75.2,18.35,-35.547,4.363,4.196,171.0,171.6,71.0,1718,1,-33.4,0.48
3143,311,6.725,46.6,1,100.4,91.9,1357,173.7,75.1,18.35,-35.547,4.367,4.196,171.0,171.7,71.0,1718,1,-33.4,0.49
3144,311,6.725,46.25,1,100.49999999999999,91.9,1357,173.6,75.3,19.1,-35.547,4.367,4.196,171.0,171.8,71.0,1718,1,-33.3,0.49
3145,311,6.725,44.95,1,101.0,92.2,1359,173.6,75.3,20.23,-35.539,4.367,4.196,171.0,171.8,71.0,1718,1,-33.4,0.5
3146,311,6.725,45.1,1,101.6,92.4,1363,173.4,75.4,21.47,-35.539,4.367,4.196,171.0,171.8,71.0,1718,1,-33.3,0.47
3147,310,6.725,47.04,1,102.0,92.4,1368,173.3,75.5,22.39,-35.523,4.367,4.196,171.0,171.9,71.0,1718,1,-33.3,0.47
3148,310,6.725,44.88,1,102.1,92.4,1371,173.3,75.5,22.52,-35.516,4.367,4.196,172.0,171.9,71.0,1718,1,-33.3,0.48
3149,310,6.75,46.0,1,102.2,92.4,1372,173.3,75.5,22.39,-35.508,4.363,4.196,171.0,171.9,71.0,1718,1,-33.3,0.48
3150,310,6.725,46.36,1,102.2,92.4,1374,173.2,75.6,21.84,-35.508,4.363,4.196,171.0,171.9,71.0,1718,1,-33.4,0.48
3151,310,6.725,45.95,1,102.2,92.4,1375,173.1,75.5,21.72,-35.508,4.363,4.196,171.0,171.8,71.0,1718,1,-33.3,0.48
3152,311,6.75,44.94,1,102.2,92.4,1375,172.9,75.6,21.67,-35.516,4.363,4.196,171.0,171.6,71.0,1718,1,-33.3,0.47
3153,311,6.75,45.11,1,102.2,92.4,1375,172.8,75.7,21.65,-35.523,4.363,4.196,171.0,171.5,71.0,1718,1,-33.3,0.48
3154,311,6.725,44.84,1,102.2,92.4,1377,172.7,75.6,21.7,-35.523,4.363,4.196,171.0,171.3,71.0,1718,1,-33.3,0.48
3155,311,6.725,45.97,1,102.2,92.4,1376,172.6,75.5,21.62,-35.523,4.363,4.196,171.0,171.1,71.0,1718,1,-33.3,0.48
3156,311,6.725,44.97,1,102.2,92.4,1376,172.5,75.6,21.71,-35.523,4.367,4.196,171.0,170.8,71.0,1718,1,-33.3,0.48
3157,311,6.725,45.69,1,102.2,92.4,1377,172.3,75.4,21.69,-35.523,4.367,4.196,170.0,170.5,71.0,1718,1,-33.3,0.48
3158,311,6.725,44.91,1,102.2,92.4,1377,172.2,75.5,21.34,-35.523,4.367,4.196,169.0,170.2,71.0,1718,1,-33.3,0.47
3159,311,6.725,46.04,1,102.2,92.4,1377,172.3,75.6,21.39,-35.523,4.367,4.196,169.0,170.0,71.0,1718,1,-33.3,0.48
3160,311,6.725,44.77,1,102.2,92.4,1377,172.3,75.6,21.29,-35.523,4.367,4.196,169.0,169.6,71.0,1718,1,-33.3,0.48
3161,311,6.725,45.19,1,102.2,92.4,1378,172.3,75.6,20.98,-35.523,4.367,4.196,169.0,169.3,71.0,1718,1,-33.3,0.48
3162,311,6.75,46.07,1,102.2,92.4,1378,172.2,75.4,20.93,-35.523,4.367,4.196,168.0,169.0,71.0,1718,1,-33.3,0.48
3163,311,6.725,46.16,1,102.2,92.4,1378,172.2,75.4,20.98,-35.516,4.367,4.196,168.0,168.7,71.0,1718,1,-33.3,0.47
3164,311,6.725,45.49,1,102.3,92.4,1378,172.2,75.5,20.8,-35.523,4.363,4.196,167.0,168.4,71.0,1718,1,-33.3,0.47
3165,311,6.725,44.63,1,102.2,92.4,1378,172.1,75.5,20.89,-35.523,4.363,4.196,167.0,168.0,71.0,1718,1,-33.3,0.48
3166,312,6.75,46.18,1,102.2,92.4,1378,172.1,75.7,20.86,-35.523,4.363,4.196,166.0,167.7,71.0,1718,1,-33.3,0.48
3167,312,6.725,45.97,1,102.2,92.4,1378,172.0,75.5,20.77,-35.523,4.363,4.196,166.0,167.4,71.0,1718,1,-33.3,0.47
3168,312,6.725,43.65,1,102.2,92.4,1378,172.1,75.6,20.96,-35.523,4.363,4.196,166.0,167.1,71.0,1718,1,-33.3,0.48
3169,312,6.725,45.93,1,102.2,92.4,1379,172.1,75.6,20.89,-35.523,4.363,4.196,166.0,166.8,71.0,1718,1,-33.3,0.48
3170,312,6.725,46.54,1,102.2,92.4,1379,172.0,75.5,20.89,-35.516,4.363,4.196,166.0,166.5,71.0,1718,1,-33.3,0.48
3171,312,6.725,45.64,1,102.2,92.4,1379,171.9,75.5,20.78,-35.516,4.367,4.196,165.0,166.2,71.0,1718,1,-33.3,0.48
3172,312,6.725,46.67,1,102.0,92.2,1378,171.8,75.2,20.01,-35.516,4.363,4.196,165.0,165.9,71.0,1718,1,-33.3,0.47
3173,312,6.725,45.07,1,101.69999999999999,92.2,1376,171.8,75.4,19.87,-35.523,4.363,4.196,165.0,165.7,71.0,1718,1,-33.3,0.48
3174,312,6.725,43.8,1,101.6,92.2,1374,171.8,75.4,19.87,-35.531,4.363,4.196,165.0,165.5,71.0,1718,1,-33.3,0.47
3175,312,6.725,44.76,1,101.6,92.2,1373,171.9,75.6,19.87,-35.539,4.363,4.196,164.0,165.3,71.0,1718,1,-33.3,0.47
3176,312,6.75,44.59,1,101.49999999999999,92.2,1372,171.9,75.4,19.86,-35.547,4.367,4.196,165.0,165.0,71.0,1718,1,-33.2,0.47
3177,312,6.725,47.08,1,101.49999999999999,92.2,1371,172.0,75.3,19.88,-35.555,4.367,4.196,164.0,164.8,71.0,1718,1,-33.3,0.47
3178,312,6.725,43.96,1,101.49999999999999,92.2,1370,172.0,75.3,19.86,-35.562,4.367,4.196,164.0,164.5,71.0,1718,1,-33.2,0.48
3179,312,6.75,47.64,1,101.49999999999999,92.2,1370,172.1,75.3,19.88,-35.562,4.367,4.196,163.0,164.3,71.0,1718,1,-33.3,0.47
3180,312,6.725,44.57,1,101.49999999999999,92.2,1370,172.0,75.4,19.27,-35.562,4.367,4.196,163.0,164.0,71.0,1718,1,-33.3,0.47
3181,312,6.725,44.6,1,101.2,92.0,1369,172.0,75.5,18.96,-35.555,4.367,4.196,163.0,163.8,71.0,1718,1,-33.3,0.47
3182,312,6.75,44.48,1,101.0,92.0,1368,171.9,75.2,18.86,-35.555,4.367,4.196,162.0,163.6,71.0,1718,1,-33.2,0.48
3183,312,6.725,44.71,1,100.89999999999999,92.0,1366,172.0,75.2,18.88,-35.547,4.367,4.196,162.0,163.4,71.0,1718,1,-33.3,0.49
3184,313,6.725,44.93,1,100.89999999999999,92.0,1365,172.0,75.4,18.85,-35.547,4.367,4.196,162.0,163.2,71.0,1718,1,-33.2,0.48
3185,313,6.725,46.45,1,100.69999999999999,92.0,1366,172.0,75.2,18.21,-35.539,4.367,4.196,162.0,163.0,71.0,1718,1,-33.2,0.49
3186,313,6.725,44.82,1,100.49999999999999,91.9,1364,171.9,75.2,18.16,-35.539,4.367,4.196,162.0,162.9,71.0,1718,1,-33.2,0.48
3187,312,6.725,45.27,1,100.4,91.9,1362,172.0,75.1,18.08,-35.531,4.367,4.196,162.0,162.8,71.0,1718,1,-33.2,0.47
3188,312,6.725,43.9,1,100.29999999999998,91.9,1362,172.0,75.3,18.11,-35.523,4.367,4.196,162.0,162.8,71.0,1718,1,-33.2,0.47
3189,312,6.725,42.97,1,100.29999999999998,91.9,1362,172.0,75.0,18.13,-35.516,4.367,4.196,162.0,162.9,71.0,1718,1,-33.2,0.47
3190,312,6.75,44.27,1,100.2,91.9,1361,172.0,75.1,17.49,-35.508,4.367,4.196,162.0,162.9,71.0,1718,1,-33.2,0.48
3191,312,6.75,45.3,1,99.9,91.8,1360,172.1,75.0,17.36,-35.508,4.367,4.196,162.0,163.0,71.0,1718,1,-33.2,0.48
3192,312,6.725,45.11,1,99.8,91.8,1358,172.1,75.1,17.25,-35.5,4.367,4.196,162.0,163.2,71.0,1718,1,-33.2,0.48
3193,312,6.725,44.48,1,99.7,91.8,1357,172.1,75.0,17.27,-35.492,4.367,4.196,162.0,163.4,71.0,1718,1,-33.2,0.48
3194,312,6.75,45.27,1,99.7,91.7,1357,172.2,75.0,17.23,-35.484,4.367,4.196,163.0,163.6,71.0,1718,1,-33.2,0.49
3195,312,6.725,44.63,1,99.7,91.8,1356,172.3,75.1,17.17,-35.469,4.367,4.196,163.0,163.9,71.0,1718,1,-33.2,0.48
3196,312,6.725,44.33,1,99.6,91.7,1356,172.5,75.0,17.18,-35.461,4.367,4.196,163.0,164.2,71.0,1718,1,-33.2,0.47
3197,312,6.75,44.47,1,99.6,91.8,1355,172.6,75.0,16.89,-35.453,4.367,4.196,164.0,164.5,71.0,1718,1,-33.2,0.48
3198,312,6.75,46.88,1,99.5,91.7,1355,172.4,75.0,16.72,-35.445,4.367,4.196,164.0,164.9,71.0,1718,1,-33.2,0.48
3199,312,6.725,44.53,1,99.4,91.7,1354,172.6,74.9,16.74,-35.438,4.367,4.196,165.0,165.2,71.0,1718,1,-33.2,0.47
3200,312,6.725,44.66,1,99.4,91.7,1354,172.6,75.0,16.73,-35.43,4.367,4.196,165.0,165.5,71.0,1718,1,-33.2,0.48
3201,312,6.725,45.81,1,99.3,91.7,1353,172.7,74.9,16.75,-35.43,4.367,4.196,165.0,165.9,71.0,1718,1,-33.2,0.49
3202,312,6.75,46.0,1,99.3,91.60000000000001,1353,172.7,74.8,16.73,-35.43,4.367,4.196,166.0,166.2,71.0,1718,1,-33.2,0.48
3203,312,6.725,45.05,1,99.4,91.7,1353,172.8,75.0,17.61,-35.43,4.367,4.196,166.0,166.5,71.0,1718,1,-33.2,0.48
3204,312,6.725,42.95,1,99.9,91.9,1354,172.8,75.2,18.28,-35.43,4.363,4.196,166.0,166.9,71.0,1718,1,-33.2,0.47
3205,312,6.75,45.06,1,100.2,91.9,1356,172.9,75.1,18.39,-35.422,4.367,4.196,167.0,167.2,71.0,1718,1,-33.2,0.47
3206,312,6.725,44.39,1,100.4,92.0,1357,172.9,75.3,18.34,-35.422,4.367,4.196,168.0,167.5,71.0,1718,1,-33.2,0.48
3207,312,6.725,44.42,1,100.4,91.9,1359,172.8,75.2,18.36,-35.414,4.367,4.196,168.0,167.8,71.0,1718,1,-33.2,0.47
3208,312,6.725,45.71,1,100.4,91.9,1359,172.9,75.2,18.34,-35.406,4.367,4.196,168.0,168.1,71.0,1718,1,-33.2,0.47
3209,312,6.725,45.49,1,100.49999999999999,92.0,1360,173.0,75.2,18.37,-35.398,4.367,4.196,168.0,168.4,71.0,1718,1,-33.2,0.47
3210,312,6.725,45.91,1,100.49999999999999,91.9,1360,173.0,75.1,18.36,-35.398,4.367,4.196,169.0,168.7,71.0,1718,1,-33.2,0.47
3211,312,6.725,46.13,1,100.49999999999999,91.9,1361,173.0,75.2,18.39,-35.398,4.367,4.196,169.0,169.0,71.0,1718,1,-33.2,0.47
3212,312,6.725,44.9,1,100.49999999999999,92.0,1361,172.9,75.2,18.43,-35.391,4.367,4.196,169.0,169.3,71.0,1718,1,-33.2,0.47
3213,312,6.725,44.99,1,100.49999999999999,92.0,1361,172.9,75.2,18.36,-35.391,4.367,4.196,169.0,169.6,71.0,1718,1,-33.2,0.47
3214,312,6.725,44.47,1,100.49999999999999,91.9,1361,173.0,75.2,18.38,-35.391,4.367,4.196,170.0,169.8,71.0,1718,1,-33.1,0.47
3215,312,6.725,45.15,1,100.49999999999999,91.9,1361,173.1,75.0,18.34,-35.391,4.367,4.196,170.0,170.0,71.0,1718,1,-33.1,0.47
3216,311,6.725,45.72,1,100.49999999999999,91.9,1360,172.9,75.1,18.36,-35.391,4.363,4.196,170.0,170.1,71.0,1718,1,-33.1,0.47
3217,311,6.725,44.56,1,100.49999999999999,92.0,1360,172.9,75.2,18.36,-35.391,4.367,4.196,170.0,170.2,71.0,1718,1,-33.2,0.47
3218,311,6.75,43.36,1,100.4,91.9,1361,172.9,75.3,18.39,-35.391,4.367,4.196,170.0,170.3,71.0,1718,1,-33.1,0.47
3219,311,6.75,44.11,1,100.49999999999999,92.0,1361,172.8,75.2,18.96,-35.398,4.363,4.196,170.0,170.3,71.0,1718,1,-33.1,0.47
3220,311,6.725,45.56,1,100.8,92.10000000000001,1362,172.7,75.1,19.28,-35.398,4.367,4.196,170.0,170.2,71.0,1718,1,-33.1,0.48
3221,312,6.725,45.29,1,101.0,92.10000000000001,1363,172.7,75.3,19.52,-35.398,4.367,4.196,169.0,170.1,71.0,1718,1,-33.1,0.47
3222,312,6.725,44.5,1,101.2,92.2,1364,172.8,75.4,19.83,-35.398,4.367,4.196,169.0,170.0,71.0,1718,1,-33.1,0.47
3223,312,6.725,44.88,1,101.4,92.2,1366,172.9,75.3,19.89,-35.383,4.367,4.196,169.0,169.8,71.0,1718,1,-33.1,0.48
3224,312,6.725,45.68,1,101.49999999999999,92.2,1367,172.9,75.6,19.85,-35.383,4.367,4.196,169.0,169.6,71.0,1718,1,-33.1,0.47
3225,312,6.725,45.2,1,101.49999999999999,92.2,1368,173.0,75.3,19.86,-35.367,4.367,4.196,169.0,169.3,71.0,1718,1,-33.1,0.48
3226,312,6.725,45.26,1,101.49999999999999,92.2,1369,173.1,75.4,19.87,-35.359,4.367,4.196,168.0,169.1,71.0,1718,1,-33.1,0.48
3227,312,6.725,46.14,1,101.49999999999999,92.2,1370,173.0,75.4,19.86,-35.352,4.367,4.196,168.0,168.8,71.0,1718,1,-33.1,0.48
3228,312,6.725,46.41,1,101.49999999999999,92.2,1370,173.1,75.4,19.87,-35.344,4.367,4.196,168.0,168.5,71.0,1718,1,-33.1,0.48
3229,312,6.725,45.83,1,101.49999999999999,92.2,1370,173.0,75.6,19.87,-35.344,4.367,4.196,168.0,168.2,71.0,1718,1,-33.1,0.48
3230,311,6.75,43.63,1,101.49999999999999,92.2,1371,172.8,75.4,19.7,-35.328,4.367,4.196,167.0,167.9,71.0,1718,1,-33.1,0.46
3231,311,6.75,48.11,1,101.29999999999998,92.10000000000001,1370,172.9,75.3,18.7,-35.312,4.367,4.196,167.0,167.6,71.0,1718,1,-33.1,0.47
3232,311,6.725,44.83,1,100.8,91.9,1368,172.9,75.3,17.77,-35.305,4.367,4.196,166.0,167.3,71.0,1718,1,-33.1,0.48
3233,311,6.725,45.51,1,100.29999999999998,91.8,1364,172.9,75.2,17.61,-35.297,4.367,4.196,166.0,166.9,71.0,1718,1,-33.1,0.47
3234,311,6.75,44.37,1,100.1,91.9,1361,172.9,75.1,17.63,-35.297,4.367,4.196,166.0,166.6,71.0,1718,1,-33.1,0.48
3235,311,6.725,45.73,1,100.0,91.8,1360,172.9,75.1,17.62,-35.289,4.367,4.196,165.0,166.3,71.0,1718,1,-33.1,0.47
3236,311,6.725,44.39,1,99.9,91.8,1360,172.9,75.2,17.64,-35.289,4.367,4.196,165.0,166.0,71.0,1718,1,-33.1,0.48
3237,311,6.725,44.42,1,100.0,91.9,1360,172.9,75.0,17.62,-35.297,4.367,4.196,165.0,165.7,71.0,1718,1,-33.1,0.47
3238,311,6.725,45.2,1,99.9,91.8,1359,172.9,75.1,17.62,-35.289,4.367,4.196,165.0,165.4,71.0,1718,1,-33.1,0.48
3239,311,6.725,45.83,1,99.9,91.8,1358,172.8,75.1,17.66,-35.297,4.367,4.196,164.0,165.1,71.0,1718,1,-33.1,0.47
3240,311,6.725,44.27,1,100.0,91.8,1358,172.9,75.1,17.72,-35.297,4.367,4.196,164.0,164.8,71.0,1718,1,-33.1,0.48
3241,311,6.725,44.45,1,100.0,91.9,1358,172.9,75.1,17.65,-35.297,4.363,4.196,163.0,164.5,71.0,1718,1,-33.1,0.48
3242,311,6.725,44.54,1,100.0,91.8,1358,173.0,75.1,17.63,-35.305,4.363,4.196,163.0,164.3,71.0,1718,1,-33.1,0.48
3243,311,6.725,44.31,1,99.9,91.8,1358,173.1,75.0,17.6,-35.297,4.363,4.196,163.0,164.0,71.0,1718,1,-33.1,0.48
3244,311,6.725,44.23,1,100.0,91.8,1358,173.1,75.1,17.61,-35.297,4.363,4.196,163.0,163.7,71.0,1718,1,-33.1,0.48
3245,311,6.75,44.44,1,100.0,91.8,1358,173.1,75.0,17.66,-35.297,4.363,4.196,163.0,163.4,71.0,1718,1,-33.0,0.48
3246,311,6.725,44.24,1,100.0,91.9,1359,173.1,75.0,17.72,-35.297,4.367,4.196,162.0,163.2,71.0,1718,1,-33.0,0.48
3247,311,6.725,44.28,1,100.1,91.9,1359,173.1,75.1,18.52,-35.305,4.367,4.196,162.0,162.9,71.0,1718,1,-33.0,0.49
3248,311,6.725,44.33,1,100.49999999999999,92.0,1360,173.1,75.2,18.9,-35.305,4.367,4.196,162.0,162.6,71.0,1718,1,-33.0,0.48
3249,311,6.725,47.16,1,100.69999999999999,92.0,1362,173.1,75.3,18.88,-35.297,4.367,4.196,162.0,162.3,71.0,1718,1,-33.0,0.48
3250,311,6.725,44.82,1,100.8,92.0,1363,173.2,75.1,19.36,-35.289,4.363,4.196,161.0,162.1,71.0,1718,1,-33.0,0.49
3251,311,6.725,45.29,1,101.1,92.2,1364,173.1,75.3,19.72,-35.289,4.367,4.196,161.0,161.9,71.0,1718,1,-33.0,0.49
3252,311,6.725,45.95,1,101.29999999999998,92.2,1367,173.1,75.3,19.73,-35.273,4.367,4.196,160.0,161.6,71.0,1718,1,-33.0,0.49
3253,311,6.75,46.29,1,101.4,92.2,1368,173.1,75.4,19.74,-35.281,4.367,4.196,160.0,161.5,71.0,1718,1,-33.0,0.47
3254,311,6.725,46.09,1,101.4,92.2,1368,173.0,75.3,19.75,-35.273,4.363,4.196,160.0,161.3,71.0,1718,1,-33.0,0.49
3255,311,6.725,46.72,1,101.4,92.2,1369,172.9,75.4,19.77,-35.273,4.367,4.196,160.0,161.1,71.0,1718,1,-33.0,0.48
3256,311,6.725,45.01,1,101.49999999999999,92.30000000000001,1369,172.9,75.4,20.43,-35.273,4.367,4.196,160.0,161.0,71.0,1718,1,-33.0,0.49
3257,311,6.725,44.09,1,101.8,92.4,1372,172.9,75.5,20.54,-35.266,4.363,4.196,160.0,160.9,71.0,1718,1,-33.0,0.48
3258,311,6.725,44.21,1,101.89999999999999,92.4,1373,172.8,75.5,20.97,-35.266,4.363,4.196,160.0,160.9,71.0,1718,1,-33.0,0.49
3259,311,6.725,45.75,1,102.1,92.5,1374,172.8,75.4,21.57,-35.258,4.363,4.196,160.0,160.8,71.0,1718,1,-33.0,0.49
3260,311,6.75,43.47,1,102.2,92.4,1376,172.7,75.4,22.06,-35.25,4.363,4.196,160.0,160.7,71.0,1718,1,-33.0,0.48
3261,311,6.725,44.76,1,102.2,92.5,1376,172.7,75.5,22.17,-35.25,4.363,4.196,160.0,160.7,71.0,1718,1,-33.0,0.5
3262,311,6.75,46.71,1,102.2,92.4,1377,172.7,75.6,22.24,-35.242,4.363,4.196,160.0,160.6,71.0,1718,1,-33.0,0.49
3263,311,6.725,45.81,1,102.2,92.4,1378,172.6,75.6,21.25,-35.242,4.363,4.196,160.0,160.6,71.0,1718,1,-33.0,0.49
3264,311,6.725,45.08,1,102.2,92.4,1378,172.5,75.7,20.92,-35.242,4.363,4.196,160.0,160.6,71.0,1718,1,-33.0,0.49
3265,312,6.725,44.88,1,102.2,92.5,1377,172.4,75.7,21.04,-35.234,4.367,4.196,160.0,160.5,71.0,1718,1,-33.0,0.48
3266,312,6.725,45.91,1,102.2,92.5,1377,172.4,75.6,20.77,-35.227,4.367,4.196,160.0,160.5,71.0,1718,1,-33.0,0.49
3267,312,6.725,44.94,1,102.2,92.4,1378,172.4,75.5,20.67,-35.227,4.367,4.196,160.0,160.5,71.0,1718,1,-33.0,0.48
3268,312,6.725,46.55,1,102.0,92.4,1377,172.4,75.6,20.01,-35.219,4.367,4.196,160.0,160.4,71.0,1718,1,-33.0,0.48
3269,312,6.725,45.99,1,101.6,92.2,1376,172.3,75.5,19.28,-35.211,4.367,4.196,160.0,160.4,71.0,1718,1,-32.9,0.48
3270,311,6.725,46.35,1,101.29999999999998,92.2,1374,172.2,75.3,19.2,-35.203,4.367,4.196,160.0,160.4,71.0,1718,1,-32.9,0.47
3271,311,6.725,47.56,1,101.1,92.2,1372,172.3,75.3,19.22,-35.188,4.367,4.196,160.0,160.3,71.0,1718,1,-32.9,0.47
3272,311,6.725,46.92,1,101.1,92.10000000000001,1371,172.4,75.4,18.65,-35.188,4.367,4.196,160.0,160.3,71.0,1718,1,-32.9,0.48
3273,311,6.75,46.98,1,100.69999999999999,92.0,1370,172.4,75.2,18.26,-35.18,4.367,4.196,160.0,160.3,71.0,1718,1,-32.9,0.49
3274,311,6.725,43.01,1,100.49999999999999,92.0,1368,172.4,75.2,18.21,-35.172,4.367,4.196,160.0,160.2,71.0,1718,1,-32.9,0.48
3275,311,6.725,42.95,1,100.4,92.0,1366,172.5,75.1,17.95,-35.164,4.367,4.196,160.0,160.1,71.0,1718,1,-32.9,0.49
3276,311,6.725,42.87,1,100.2,91.8,1364,172.5,75.1,17.18,-35.156,4.367,4.196,159.0,160.0,71.0,1718,1,-32.9,0.48
3277,312,6.75,44.56,1,99.8,91.8,1362,172.6,75.0,17.18,-35.148,4.367,4.196,159.0,159.9,71.0,1718,1,-32.9,0.48
3278,312,6.725,46.5,1,99.7,91.8,1361,172.5,75.0,17.05,-35.141,4.367,4.196,159.0,159.8,71.0,1718,1,-32.9,0.48
3279,311,6.725,45.4,1,99.6,91.8,1360,172.5,75.0,16.71,-35.141,4.367,4.196,159.0,159.7,71.0,1718,1,-32.9,0.48
3280,311,6.75,45.78,1,99.3,91.60000000000001,1359,172.5,74.9,16.31,-35.133,4.367,4.196,159.0,159.6,71.0,1718,1,-32.9,0.48
3281,311,6.725,43.53,1,99.1,91.7,1357,172.6,74.8,16.24,-35.125,4.367,4.196,159.0,159.6,71.0,1718,1,-32.9,0.48
3282,311,6.725,45.33,1,99.0,91.60000000000001,1356,172.6,74.9,16.25,-35.125,4.363,4.196,159.0,159.6,71.0,1718,1,-32.9,0.48
3283,311,6.75,45.48,1,99.0,91.60000000000001,1354,172.5,74.7,16.27,-35.117,4.367,4.196,159.0,159.6,71.0,1718,1,-32.9,0.48
3284,311,6.725,44.69,1,99.0,91.60000000000001,1354,172.6,74.8,16.27,-35.117,4.363,4.196,159.0,159.6,71.0,1718,1,-32.9,0.47
3285,311,6.725,43.58,1,99.1,91.60000000000001,1353,172.7,74.9,16.23,-35.117,4.363,4.196,159.0,159.7,71.0,1718,1,-32.9,0.48
3286,311,6.725,43.36,1,99.0,91.60000000000001,1352,172.7,74.9,16.25,-35.125,4.363,4.196,159.0,159.7,71.0,1718,1,-32.9,0.48
3287,311,6.725,43.38,1,99.1,91.7,1351,172.8,74.9,16.96,-35.125,4.367,4.196,159.0,159.7,71.0,1718,1,-32.9,0.47
3288,311,6.725,43.32,1,99.4,91.8,1351,173.0,74.9,17.12,-35.125,4.367,4.196,159.0,159.7,71.0,1718,1,-32.9,0.48
3289,311,6.75,45.27,1,99.6,91.8,1353,173.1,75.1,17.31,-35.125,4.367,4.196,159.0,159.6,71.0,1718,1,-32.9,0.48
3290,311,6.725,45.11,1,99.7,91.8,1355,173.1,75.0,17.26,-35.117,4.367,4.196,159.0,159.6,71.0,1717,1,-32.8,0.48
3291,311,6.725,44.16,1,99.7,91.8,1355,173.2,75.0,17.16,-35.117,4.367,4.196,159.0,159.5,71.0,1717,1,-32.8,0.48
3292,311,6.725,43.09,1,99.7,91.8,1356,173.3,75.0,17.24,-35.117,4.367,4.196,159.0,159.5,71.0,1717,1,-32.8,0.47
3293,311,6.725,44.57,1,99.7,91.8,1356,173.3,75.1,17.76,-35.109,4.367,4.196,159.0,159.5,71.0,1717,1,-32.8,0.47
3294,310,6.725,46.21,1,100.0,91.9,1356,173.3,75.1,17.92,-35.117,4.367,4.196,159.0,159.4,71.0,1717,1,-32.8,0.47
3295,310,6.725,45.76,1,100.1,91.9,1357,173.4,75.1,18.29,-35.117,4.367,4.196,159.0,159.4,71.0,1717,1,-32.8,0.48
3296,310,6.725,44.21,1,100.4,92.0,1358,173.3,75.2,18.79,-35.125,4.367,4.196,159.0,159.3,71.0,1717,1,-32.8,0.48
3297,310,6.725,46.28,1,100.6,92.0,1360,173.4,75.4,18.81,-35.125,4.367,4.196,159.0,159.3,71.0,1717,1,-32.8,0.48
3298,310,6.725,46.49,1,100.69999999999999,92.0,1362,173.3,75.3,18.8,-35.133,4.367,4.196,159.0,159.3,71.0,1717,1,-32.8,0.48
3299,311,6.725,45.83,1,100.69999999999999,92.0,1362,173.2,75.3,18.82,-35.133,4.367,4.196,159.0,159.3,71.0,1717,1,-32.8,0.47
3300,311,6.725,46.14,1,100.8,92.0,1363,173.3,75.4,18.86,-35.141,4.367,4.196,159.0,159.3,71.0,1717,1,-32.8,0.47
3301,311,6.725,45.49,1,100.8,92.0,1363,173.3,75.3,18.85,-35.156,4.367,4.196,159.0,159.4,71.0,1717,1,-32.8,0.48
3302,311,6.725,45.21,1,100.8,92.0,1363,173.3,75.3,18.8,-35.156,4.367,4.196,159.0,159.4,71.0,1717,1,-32.8,0.48
3303,311,6.725,44.49,1,100.69999999999999,92.10000000000001,1363,173.2,75.3,18.86,-35.156,4.367,4.196,159.0,159.4,71.0,1717,1,-32.8,0.47
3304,311,6.725,44.01,1,100.8,92.10000000000001,1364,173.1,75.3,18.8,-35.164,4.367,4.196,159.0,159.5,71.0,1717,1,-32.8,0.48
3305,311,6.725,45.17,1,100.8,92.10000000000001,1364,173.1,75.3,18.8,-35.172,4.367,4.196,159.0,159.5,71.0,1717,1,-32.8,0.47
3306,311,6.725,44.13,1,100.8,92.0,1364,173.2,75.1,18.81,-35.18,4.367,4.196,159.0,159.5,71.0,1717,1,-32.8,0.48
3307,311,6.725,45.04,1,100.8,92.10000000000001,1364,173.2,75.1,18.85,-35.172,4.367,4.196,159.0,159.6,71.0,1717,1,-32.8,0.49
3308,310,6.725,43.15,1,100.69999999999999,92.0,1364,173.1,75.2,18.82,-35.18,4.367,4.196,159.0,159.6,71.0,1717,1,-32.8,0.48
3309,310,6.725,45.82,1,100.89999999999999,92.10000000000001,1364,173.1,75.3,19.55,-35.18,4.367,4.196,159.0,159.6,71.0,1717,1,-32.8,0.48
3310,310,6.75,45.4,1,101.2,92.2,1365,173.0,75.4,19.72,-35.172,4.367,4.196,159.0,159.5,71.0,1717,1,-32.8,0.49
3311,310,6.725,44.88,1,101.29999999999998,92.2,1367,172.9,75.3,19.71,-35.18,4.367,4.196,159.0,159.5,71.0,1717,1,-32.8,0.49
3312,310,6.725,46.88,1,101.4,92.2,1369,172.9,75.4,19.74,-35.172,4.367,4.196,159.0,159.5,71.0,1717,1,-32.8,0.5
3313,310,6.75,46.78,1,101.4,92.2,1369,172.8,75.3,20.05,-35.164,4.363,4.196,159.0,159.5,71.0,1717,1,-32.8,0.49
3314,310,6.75,44.43,1,101.6,92.4,1370,172.8,75.4,20.33,-35.164,4.363,4.196,159.0,159.5,71.0,1717,1,-32.8,0.48
3315,310,6.725,44.9,1,101.69999999999999,92.30000000000001,1372,172.8,75.4,20.33,-35.156,4.363,4.196,160.0,159.6,71.0,1717,1,-32.8,0.49
3316,310,6.75,45.1,1,101.8,92.4,1373,172.8,75.5,20.37,-35.156,4.367,4.196,159.0,159.6,71.0,1717,1,-32.7,0.5
3317,310,6.75,45.14,1,101.8,92.30000000000001,1374,172.8,75.5,20.35,-35.156,4.363,4.196,159.0,159.6,71.0,1717,1,-32.7,0.49
3318,311,6.725,45.08,1,101.89999999999999,92.4,1373,172.8,75.6,20.38,-35.148,4.367,4.196,159.0,159.6,71.0,1717,1,-32.7,0.49
3319,311,6.725,44.73,1,101.8,92.30000000000001,1373,172.7,75.4,20.33,-35.148,4.367,4.196,159.0,159.6,71.0,1717,1,-32.7,0.5
3320,311,6.725,45.87,1,101.8,92.30000000000001,1373,172.7,75.4,20.42,-35.141,4.367,4.196,159.0,159.6,71.0,1717,1,-32.7,0.49
3321,311,6.725,45.48,1,101.8,92.4,1373,172.6,75.5,20.34,-35.148,4.367,4.196,159.0,159.6,71.0,1717,1,-32.7,0.49
3322,311,6.725,45.21,1,101.89999999999999,92.4,1374,172.6,75.5,20.37,-35.141,4.367,4.196,159.0,159.7,71.0,1717,1,-32.7,0.49
3323,311,6.725,45.63,1,101.89999999999999,92.4,1375,172.5,75.5,20.38,-35.141,4.367,4.196,159.0,159.7,71.0,1717,1,-32.7,0.48
3324,310,6.725,45.99,1,101.8,92.4,1375,172.6,75.6,20.07,-35.141,4.367,4.196,159.0,159.6,71.0,1717,1,-32.7,0.49
3325,310,6.725,44.08,1,101.6,92.2,1375,172.6,75.5,18.97,-35.141,4.367,4.196,159.0,159.7,71.0,1717,1,-32.7,0.48
3326,310,6.725,43.24,1,101.0,92.0,1372,172.5,75.3,17.92,-35.141,4.367,4.196,159.0,159.7,71.0,1717,1,-32.7,0.5
3327,310,6.75,43.11,1,100.4,91.9,1368,172.3,75.2,17.68,-35.148,4.367,4.196,160.0,159.7,71.0,1717,1,-32.7,0.49
3328,310,6.75,43.03,1,100.1,91.8,1365,172.4,75.2,17.61,-35.164,4.367,4.196,160.0,159.6,71.0,1717,1,-32.7,0.49
3329,310,6.75,44.8,1,100.0,91.9,1362,172.5,75.1,17.64,-35.172,4.367,4.196,159.0,159.6,71.0,1717,1,-32.7,0.48
3330,310,6.725,45.74,1,100.0,91.8,1361,172.5,75.1,17.61,-35.172,4.367,4.196,159.0,159.5,71.0,1717,1,-32.7,0.48
3331,310,6.725,45.5,1,100.0,91.8,1360,172.5,75.1,17.54,-35.172,4.367,4.196,159.0,159.5,71.0,1717,1,-32.7,0.49
3332,310,6.75,45.74,1,99.8,91.7,1359,172.5,75.0,17.0,-35.18,4.367,4.196,159.0,159.5,71.0,1717,1,-32.7,0.48
3333,310,6.725,44.75,1,99.6,91.7,1358,172.6,75.0,16.96,-35.172,4.367,4.196,159.0,159.5,71.0,1717,1,-32.7,0.47
3334,310,6.725,45.52,1,99.5,91.7,1357,172.6,75.0,16.95,-35.18,4.367,4.196,159.0,159.5,71.0,1717,1,-32.7,0.48
3335,310,6.725,46.06,1,99.5,91.7,1357,172.8,75.0,16.97,-35.18,4.367,4.196,159.0,159.5,71.0,1717,1,-32.7,0.5
3336,310,6.725,45.15,1,99.5,91.7,1356,172.8,74.9,16.88,-35.18,4.367,4.196,159.0,159.5,71.0,1717,1,-32.7,0.5
3337,310,6.725,43.65,1,99.4,91.7,1356,172.8,74.9,16.91,-35.18,4.367,4.196,159.0,159.6,71.0,1717,1,-32.7,0.49
3338,310,6.725,45.23,1,99.5,91.7,1355,172.9,75.0,16.55,-35.18,4.367,4.196,159.0,159.7,71.0,1717,1,-32.6,0.5
3339,310,6.75,45.82,1,99.3,91.60000000000001,1355,173.1,75.0,16.3,-35.18,4.367,4.196,160.0,159.7,71.0,1717,1,-32.7,0.49
3340,310,6.725,44.58,1,99.1,91.60000000000001,1353,173.1,74.9,16.31,-35.18,4.367,4.196,159.0,159.7,71.0,1717,1,-32.6,0.49
3341,310,6.725,45.25,1,99.0,91.60000000000001,1352,173.1,74.8,16.26,-35.18,4.363,4.196,159.0,159.7,71.0,1717,1,-32.6,0.49
3342,310,6.75,44.67,1,99.0,91.60000000000001,1352,173.1,74.8,16.22,-35.188,4.363,4.196,160.0,159.7,71.0,1717,1,-32.6,0.5
3343,310,6.725,44.4,1,99.0,91.60000000000001,1352,173.1,74.7,16.23,-35.195,4.363,4.196,159.0,159.8,71.0,1717,1,-32.6,0.49
3344,310,6.725,44.75,1,99.0,91.60000000000001,1351,173.1,74.7,16.21,-35.203,4.363,4.196,159.0,159.7,71.0,1717,1,-32.6,0.5
3345,309,6.725,44.35,1,99.0,91.60000000000001,1351,173.3,74.8,16.24,-35.211,4.363,4.196,159.0,159.7,71.0,1717,1,-32.6,0.5
3346,309,6.725,44.71,1,99.0,91.60000000000001,1351,173.4,74.8,16.22,-35.211,4.363,4.196,159.0,159.6,71.0,1717,1,-32.6,0.5
3347,309,6.725,45.23,1,99.0,91.60000000000001,1351,173.5,75.0,16.22,-35.219,4.367,4.196,159.0,159.6,71.0,1717,1,-32.6,0.5
3348,309,6.725,44.37,1,99.0,91.60000000000001,1350,173.5,75.0,17.05,-35.234,4.363,4.196,159.0,159.5,71.0,1717,1,-32.6,0.49
3349,309,6.725,44.03,1,99.5,91.8,1350,173.5,75.1,18.12,-35.242,4.367,4.196,159.0,159.4,71.0,1717,1,-32.6,0.49
3350,309,6.725,45.32,1,100.1,91.9,1353,173.5,75.0,18.52,-35.242,4.367,4.196,159.0,159.3,71.0,1717,1,-32.6,0.49
3351,309,6.725,44.77,1,100.4,92.0,1356,173.6,75.0,18.58,-35.242,4.367,4.196,159.0,159.2,71.0,1717,1,-32.6,0.49
3352,309,6.725,44.84,1,100.49999999999999,92.0,1358,173.6,75.2,18.81,-35.242,4.363,4.196,159.0,159.2,71.0,1717,1,-32.6,0.5
3353,309,6.725,45.1,1,100.8,92.0,1359,173.6,75.1,19.53,-35.258,4.367,4.196,159.0,159.1,71.0,1717,1,-32.6,0.5
3354,309,6.725,45.2,1,101.1,92.10000000000001,1362,173.6,75.3,19.62,-35.266,4.367,4.196,158.0,159.0,71.0,1717,1,-32.6,0.49
3355,309,6.725,45.34,1,101.29999999999998,92.2,1365,173.6,75.5,19.62,-35.281,4.367,4.196,158.0,158.9,71.0,1717,1,-32.6,0.49
3356,309,6.725,45.1,1,101.29999999999998,92.10000000000001,1366,173.6,75.3,19.61,-35.289,4.367,4.196,159.0,158.9,71.0,1717,1,-32.6,0.5
3357,309,6.725,45.28,1,101.29999999999998,92.2,1366,173.6,75.3,19.63,-35.305,4.367,4.196,158.0,158.8,71.0,1717,1,-32.6,0.5
3358,309,6.725,44.61,1,101.29999999999998,92.2,1366,173.6,75.4,19.61,-35.312,4.367,4.196,158.0,158.8,71.0,1717,1,-32.6,0.5
3359,309,6.725,45.13,1,101.29999999999998,92.2,1366,173.5,75.2,19.61,-35.32,4.367,4.196,158.0,158.7,71.0,1717,1,-32.6,0.51
3360,309,6.725,44.6,1,101.29999999999998,92.10000000000001,1366,173.4,75.3,19.61,-35.328,4.367,4.196,158.0,158.7,71.0,1717,1,-32.6,0.49
3361,309,6.725,43.37,1,101.4,92.2,1366,173.3,75.4,19.66,-35.344,4.367,4.196,158.0,158.6,71.0,1717,1,-32.6,0.49
3362,309,6.75,43.5,1,101.4,92.2,1367,173.3,75.5,19.66,-35.352,4.367,4.196,158.0,158.5,71.0,1717,1,-32.6,0.5
3363,309,6.75,45.84,1,101.4,92.10000000000001,1367,173.1,75.4,19.65,-35.367,4.367,4.196,157.0,158.4,71.0,1717,1,-32.5,0.5
3364,309,6.725,43.43,1,101.29999999999998,92.10000000000001,1366,173.0,75.4,19.98,-35.383,4.367,4.196,157.0,158.4,71.0,1717,1,-32.5,0.5
3365,309,6.725,44.85,1,101.6,92.30000000000001,1367,173.0,75.6,20.41,-35.398,4.363,4.196,158.0,158.3,71.0,1717,1,-32.5,0.49
3366,309,6.75,44.63,1,101.69999999999999,92.30000000000001,1369,172.9,75.6,20.48,-35.414,4.363,4.196,157.0,158.2,71.0,1717,1,-32.5,0.5
3367,309,6.725,45.05,1,101.89999999999999,92.30000000000001,1370,172.7,75.6,20.45,-35.422,4.367,4.196,157.0,158.1,71.0,1717,1,-32.5,0.5
3368,309,6.725,43.8,1,101.89999999999999,92.30000000000001,1371,172.7,75.6,20.48,-35.422,4.367,4.196,157.0,158.1,71.0,1717,1,-32.5,0.5
3369,309,6.725,43.67,1,101.89999999999999,92.30000000000001,1372,172.8,75.6,20.45,-35.43,4.367,4.196,157.0,158.1,71.0,1717,1,-32.5,0.5
3370,309,6.75,45.24,1,101.89999999999999,92.30000000000001,1372,172.7,75.6,20.45,-35.43,4.367,4.196,158.0,158.1,71.0,1717,1,-32.5,0.49
3371,309,6.725,44.32,1,101.89999999999999,92.30000000000001,1373,172.7,75.5,20.45,-35.438,4.367,4.196,158.0,158.2,71.0,1717,1,-32.5,0.5
3372,309,6.725,44.83,1,101.89999999999999,92.30000000000001,1373,172.6,75.4,20.34,-35.438,4.367,4.196,158.0,158.3,71.0,1717,1,-32.5,0.49
3373,309,6.75,45.66,1,101.69999999999999,92.30000000000001,1374,172.5,75.4,19.02,-35.43,4.367,4.196,158.0,158.5,71.0,1717,1,-32.5,0.49
3374,309,6.75,45.3,1,101.1,91.9,1372,172.3,75.3,17.56,-35.43,4.367,4.196,158.0,158.7,71.0,1717,1,-32.5,0.5
3375,309,6.725,44.59,1,100.2,91.7,1367,172.2,75.0,16.97,-35.438,4.367,4.196,159.0,159.0,71.0,1717,1,-32.5,0.49
3376,309,6.75,44.59,1,99.8,91.7,1362,172.2,75.0,16.95,-35.445,4.367,4.196,159.0,159.3,71.0,1717,1,-32.5,0.48
3377,309,6.75,44.58,1,99.6,91.7,1358,172.4,74.9,16.39,-35.453,4.367,4.196,159.0,159.6,71.0,1717,1,-32.5,0.49
3378,309,6.725,44.97,1,99.1,91.5,1356,172.3,74.8,15.61,-35.461,4.367,4.196,160.0,159.9,71.0,1717,1,-32.5,0.49
3379,309,6.725,46.57,1,98.7,91.4,1353,172.3,74.7,15.52,-35.469,4.367,4.196,160.0,160.3,71.0,1717,1,-32.5,0.5
3380,309,6.725,45.65,1,98.5,91.4,1351,172.5,74.7,15.48,-35.477,4.367,4.196,160.0,160.7,71.0,1717,1,-32.5,0.5
3381,309,6.725,45.21,1,98.5,91.4,1349,172.5,74.6,15.43,-35.492,4.367,4.196,161.0,161.1,71.0,1717,1,-32.5,0.5
3382,309,6.725,44.82,1,98.5,91.4,1348,172.5,74.7,15.5,-35.492,4.367,4.196,162.0,161.5,71.0,1717,1,-32.5,0.5
3383,309,6.725,44.32,1,98.5,91.5,1347,172.6,74.7,15.37,-35.5,4.367,4.196,162.0,161.9,71.0,1717,1,-32.5,0.51
3384,309,6.725,44.44,1,98.3,91.3,1348,172.6,74.6,14.74,-35.508,4.367,4.196,162.0,162.3,71.0,1717,1,-32.5,0.49
3385,309,6.725,44.46,1,98.0,91.3,1346,172.7,74.7,14.6,-35.5,4.367,4.196,163.0,162.8,71.0,1717,1,-32.5,0.49
3386,309,6.725,46.6,1,97.89999999999999,91.2,1344,172.8,74.6,14.6,-35.5,4.367,4.196,163.0,163.1,71.0,1717,1,-32.5,0.49
3387,309,6.725,44.4,1,97.89999999999999,91.3,1343,172.9,74.6,14.52,-35.508,4.367,4.196,164.0,163.5,71.0,1717,1,-32.4,0.5
3388,309,6.725,44.21,1,97.89999999999999,91.3,1342,173.1,74.6,14.59,-35.5,4.363,4.196,164.0,164.0,71.0,1717,1,-32.5,0.49
3389,309,6.75,44.46,1,97.8,91.2,1342,173.1,74.3,14.6,-35.5,4.367,4.196,165.0,164.3,71.0,1717,1,-32.5,0.49
3390,308,6.725,44.64,1,97.8,91.2,1342,173.1,74.6,14.61,-35.5,4.367,4.196,165.0,164.7,71.0,1717,1,-32.4,0.49
3391,308,6.725,44.18,1,97.8,91.2,1341,173.1,74.6,14.61,-35.508,4.367,4.196,165.0,165.0,71.0,1717,1,-32.5,0.48
3392,308,6.75,44.35,1,97.8,91.2,1340,173.0,74.6,14.61,-35.508,4.367,4.196,166.0,165.3,71.0,1717,1,-32.4,0.49
3393,308,6.725,44.8,1,97.89999999999999,91.3,1339,173.1,74.7,14.58,-35.508,4.367,4.196,166.0,165.6,71.0,1717,1,-32.5,0.49
3394,308,6.725,44.39,1,97.8,91.2,1339,173.2,74.6,14.53,-35.508,4.367,4.196,166.0,165.9,71.0,1717,1,-32.4,0.48
3395,308,6.725,44.11,1,97.8,91.2,1338,173.2,74.6,14.57,-35.508,4.367,4.196,166.0,166.1,71.0,1717,1,-32.4,0.48
3396,308,6.75,44.69,1,97.89999999999999,91.3,1338,173.3,74.6,14.59,-35.5,4.367,4.196,166.0,166.3,71.0,1717,1,-32.4,0.48
3397,308,6.725,44.43,1,97.8,91.2,1338,173.3,74.6,14.6,-35.5,4.367,4.196,166.0,166.5,71.0,1717,1,-32.4,0.49
3398,308,6.725,44.56,1,97.8,91.2,1338,173.3,74.6,14.55,-35.508,4.367,4.196,167.0,166.7,71.0,1717,1,-32.4,0.49
3399,308,6.725,44.4,1,97.89999999999999,91.3,1337,173.3,74.6,14.68,-35.516,4.367,4.196,167.0,166.8,71.0,1717,1,-32.4,0.48
3400,308,6.725,44.76,1,98.0,91.3,1337,173.3,74.7,15.37,-35.516,4.367,4.196,167.0,166.8,71.0,1717,1,-32.4,0.49
3401,308,6.725,44.89,1,98.3,91.4,1339,173.4,74.7,15.61,-35.516,4.367,4.196,167.0,166.8,71.0,1717,1,-32.4,0.49
3402,308,6.725,44.85,1,98.4,91.4,1340,173.3,74.8,15.75,-35.523,4.367,4.196,167.0,166.8,71.0,1717,1,-32.4,0.49
3403,308,6.725,45.68,1,98.7,91.5,1342,173.4,74.7,16.75,-35.523,4.367,4.196,166.0,166.7,71.0,1717,1,-32.4,0.49
3404,308,6.725,46.94,1,99.2,91.7,1344,173.5,74.8,16.98,-35.523,4.367,4.196,166.0,166.6,71.0,1717,1,-32.4,0.49
3405,307,6.725,45.64,1,99.3,91.60000000000001,1347,173.5,74.9,17.01,-35.516,4.367,4.196,166.0,166.5,71.0,1717,1,-32.4,0.49
3406,307,6.725,45.06,1,99.5,91.7,1349,173.5,74.8,17.0,-35.516,4.367,4.196,166.0,166.3,71.0,1717,1,-32.4,0.49
3407,307,6.725,46.12,1,99.5,91.60000000000001,1350,173.5,74.9,17.21,-35.516,4.367,4.196,166.0,166.2,71.0,1717,1,-32.4,0.49
3408,307,6.75,47.11,1,99.7,91.8,1350,173.5,75.0,17.73,-35.523,4.367,4.196,165.0,166.0,71.0,1717,1,-32.4,0.5
3409,307,6.725,44.16,1,99.9,91.8,1352,173.4,75.1,17.78,-35.523,4.367,4.196,165.0,165.8,71.0,1717,1,-32.4,0.48
3410,307,6.725,44.77,1,100.0,91.8,1352,173.4,75.1,17.83,-35.523,4.367,4.196,165.0,165.5,71.0,1717,1,-32.4,0.5
3411,307,6.75,45.69,1,100.1,91.8,1352,173.4,75.2,17.79,-35.531,4.367,4.196,165.0,165.3,71.0,1717,1,-32.4,0.49
3412,307,6.725,44.37,1,100.0,91.8,1353,173.3,75.2,17.77,-35.531,4.367,4.196,165.0,165.1,71.0,1717,1,-32.4,0.5
3413,307,6.725,44.0,1,100.1,91.8,1353,173.2,75.2,17.78,-35.539,4.367,4.196,165.0,164.8,71.0,1717,1,-32.4,0.49
3414,308,6.75,44.41,1,100.1,91.8,1353,173.1,75.1,17.78,-35.547,4.367,4.196,164.0,164.6,71.0,1717,1,-32.4,0.5
3415,308,6.725,43.35,1,100.0,91.8,1353,173.1,75.3,17.88,-35.539,4.367,4.196,163.0,164.3,71.0,1717,1,-32.4,0.5
3416,308,6.725,45.26,1,100.1,91.8,1355,173.0,75.2,17.86,-35.531,4.367,4.196,163.0,164.0,71.0,1717,1,-32.4,0.5
3417,307,6.725,44.89,1,100.0,91.8,1356,173.0,75.2,17.11,-35.523,4.367,4.196,163.0,163.7,71.0,1717,1,-32.4,0.5
3418,307,6.725,44.49,1,99.6,91.60000000000001,1355,173.0,75.0,15.99,-35.516,4.367,4.196,163.0,163.3,71.0,1717,1,-32.4,0.49
3419,307,6.725,44.19,1,98.9,91.4,1352,172.9,75.0,15.15,-35.508,4.367,4.196,162.0,163.0,71.0,1716,1,-32.4,0.5
3420,307,6.75,44.5,1,98.5,91.4,1348,172.9,74.8,15.07,-35.508,4.367,4.196,162.0,162.7,71.0,1716,1,-32.4,0.49
3421,308,6.75,44.32,1,98.3,91.4,1346,172.9,74.8,15.04,-35.508,4.367,4.196,162.0,162.4,71.0,1716,1,-32.4,0.49
3422,308,6.75,45.38,1,98.2,91.3,1345,172.9,74.8,14.84,-35.5,4.367,4.196,161.0,162.1,71.0,1716,1,-32.4,0.48
3423,308,6.725,46.04,1,98.0,91.3,1344,172.8,74.5,14.3,-35.484,4.367,4.196,161.0,161.8,71.0,1716,1,-32.4,0.48
3424,308,6.725,45.15,1,97.8,91.2,1343,172.8,74.6,14.23,-35.477,4.367,4.196,160.0,161.5,71.0,1716,1,-32.4,0.49
3425,308,6.725,44.67,1,97.6,91.2,1341,172.7,74.6,14.02,-35.469,4.367,4.196,160.0,161.2,71.0,1716,1,-32.4,0.49
3426,308,6.75,44.4,1,97.39999999999999,91.10000000000001,1340,172.6,74.5,13.68,-35.461,4.367,4.196,160.0,160.9,71.0,1716,1,-32.4,0.49
3427,308,6.725,47.04,1,97.3,91.10000000000001,1339,172.6,74.5,13.7,-35.445,4.367,4.196,160.0,160.6,71.0,1716,1,-32.3,0.49
3428,308,6.725,45.21,1,97.2,91.0,1338,172.7,74.6,13.19,-35.43,4.367,4.196,159.0,160.3,71.0,1716,1,-32.4,0.49
3429,308,6.725,45.05,1,97.0,90.9,1336,172.6,74.5,13.05,-35.406,4.363,4.196,159.0,160.1,71.0,1716,1,-32.4,0.49
3430,308,6.725,44.19,1,96.8,90.9,1334,172.7,74.3,12.99,-35.391,4.363,4.196,159.0,160.0,71.0,1716,1,-32.4,0.48
3431,308,6.725,42.99,1,96.8,90.9,1332,172.8,74.4,13.01,-35.367,4.363,4.196,159.0,159.8,71.0,1716,1,-32.3,0.49
3432,307,6.725,42.86,1,96.7,90.9,1331,172.9,74.3,12.99,-35.352,4.363,4.196,159.0,159.7,71.0,1716,1,-32.3,0.49
3433,307,6.725,42.78,1,96.7,90.9,1330,173.1,74.2,13.03,-35.336,4.363,4.196,159.0,159.6,71.0,1716,1,-32.3,0.49
3434,307,6.725,44.34,1,96.7,90.9,1328,173.1,74.2,13.0,-35.32,4.363,4.196,159.0,159.5,71.0,1716,1,-32.3,0.49
3435,307,6.725,44.5,1,96.8,90.9,1328,173.1,74.2,13.02,-35.305,4.363,4.196,159.0,159.4,71.0,1716,1,-32.3,0.49
3436,307,6.725,44.2,1,96.7,90.9,1329,173.3,74.2,13.05,-35.289,4.363,4.196,159.0,159.5,71.0,1716,1,-32.3,0.49
3437,307,6.725,44.06,1,96.7,90.9,1328,173.3,74.3,12.96,-35.266,4.363,4.196,159.0,159.5,71.0,1716,1,-32.3,0.5
3438,307,6.725,44.95,1,96.7,90.9,1328,173.3,74.1,13.01,-35.258,4.363,4.196,159.0,159.6,71.0,1716,1,-32.3,0.49
3439,307,6.725,43.38,1,96.7,90.9,1328,173.2,74.2,13.0,-35.242,4.363,4.196,159.0,159.8,71.0,1716,1,-32.3,0.49
3440,307,6.725,44.71,1,96.7,90.9,1329,173.3,74.2,13.03,-35.227,4.363,4.196,159.0,159.9,71.0,1716,1,-32.3,0.49
3441,306,6.725,44.76,1,96.7,90.9,1329,173.4,74.4,12.96,-35.211,4.363,4.196,159.0,160.1,71.0,1716,1,-32.3,0.5
3442,306,6.725,44.73,1,96.7,90.9,1329,173.5,74.3,13.03,-35.195,4.363,4.196,160.0,160.4,71.0,1716,1,-32.3,0.49
3443,306,6.725,44.89,1,96.8,90.9,1329,173.5,74.4,13.01,-35.18,4.363,4.196,160.0,160.6,71.0,1716,1,-32.3,0.49
3444,306,6.725,44.65,1,96.8,90.9,1329,173.5,74.4,13.03,-35.164,4.363,4.196,160.0,160.9,71.0,1716,1,-32.3,0.49
3445,306,6.725,46.27,1,96.8,90.9,1328,173.6,74.4,12.99,-35.156,4.363,4.196,161.0,161.2,71.0,1716,1,-32.3,0.5
3446,306,6.725,46.16,1,96.8,90.9,1329,173.6,74.3,13.0,-35.141,4.363,4.196,162.0,161.5,71.0,1716,1,-32.3,0.49
3447,306,6.725,43.07,1,96.8,90.9,1329,173.6,74.3,13.03,-35.125,4.363,4.196,162.0,161.8,71.0,1716,1,-32.3,0.49
3448,306,6.75,43.92,1,96.7,90.9,1328,173.6,74.3,12.99,-35.109,4.359,4.196,162.0,162.1,71.0,1716,1,-32.3,0.48
3449,305,6.75,44.23,1,96.7,90.9,1328,173.6,74.2,13.0,-35.102,4.363,4.196,163.0,162.4,71.0,1716,1,-32.3,0.5
3450,305,6.725,44.38,1,96.8,90.9,1328,173.5,74.4,12.97,-35.078,4.363,4.196,163.0,162.7,71.0,1716,1,-32.3,0.5
3451,305,6.725,44.59,1,96.8,90.9,1329,173.5,74.3,13.02,-35.062,4.359,4.196,163.0,162.9,71.0,1716,1,-32.3,0.51
3452,305,6.725,44.03,1,96.8,90.9,1328,173.5,74.2,13.03,-35.055,4.359,4.196,163.0,163.2,71.0,1716,1,-32.3,0.51
3453,305,6.725,44.78,1,96.8,90.9,1328,173.5,74.3,12.97,-35.039,4.359,4.196,163.0,163.4,71.0,1716,1,-32.3,0.5
3454,305,6.725,44.9,1,96.7,90.9,1329,173.5,74.1,13.0,-35.023,4.359,4.196,163.0,163.6,71.0,1716,1,-32.3,0.51
3455,305,6.725,44.62,1,96.7,90.9,1329,173.5,74.2,13.08,-35.016,4.359,4.196,164.0,163.8,71.0,1716,1,-32.3,0.49
3456,304,6.725,45.35,1,96.8,90.9,1329,173.4,74.3,13.02,-35.0,4.359,4.196,163.0,164.0,71.0,1716,1,-32.3,0.49
3457,304,6.725,44.2,1,96.8,90.9,1329,173.4,74.4,13.0,-34.992,4.359,4.196,164.0,164.2,71.0,1716,1,-32.3,0.49
3458,304,6.725,45.6,1,96.8,90.9,1330,173.5,74.4,13.0,-34.977,4.359,4.196,165.0,164.4,71.0,1716,1,-32.2,0.49
3459,304,6.75,45.2,1,96.8,90.9,1329,173.5,74.3,13.41,-34.969,4.359,4.196,165.0,164.6,71.0,1716,1,-32.3,0.49
3460,304,6.725,43.29,1,97.1,91.10000000000001,1330,173.5,74.3,14.47,-34.953,4.359,4.196,165.0,164.8,71.0,1716,1,-32.3,0.49
3461,304,6.725,45.18,1,97.6,91.3,1333,173.4,74.4,14.87,-34.938,4.359,4.196,165.0,165.0,71.0,1716,1,-32.2,0.49
3462,304,6.75,44.9,1,97.89999999999999,91.3,1337,173.5,74.6,14.98,-34.93,4.359,4.196,165.0,165.1,71.0,1716,1,-32.3,0.49
3463,304,6.725,43.33,1,98.1,91.4,1339,173.4,74.7,14.96,-34.922,4.363,4.196,165.0,165.2,71.0,1716,1,-32.2,0.5
3464,304,6.725,44.34,1,98.1,91.4,1341,173.4,74.9,14.98,-34.914,4.363,4.196,165.0,165.3,71.0,1716,1,-32.2,0.5
3465,304,6.75,44.48,1,98.1,91.4,1341,173.3,74.8,15.61,-34.906,4.363,4.196,166.0,165.5,71.0,1716,1,-32.2,0.48
3466,304,6.725,44.74,1,98.5,91.5,1343,173.3,74.8,15.79,-34.891,4.363,4.196,166.0,165.6,71.0,1716,1,-32.2,0.48
3467,304,6.725,45.29,1,98.6,91.5,1345,173.3,74.8,15.85,-34.891,4.363,4.196,166.0,165.7,71.0,1716,1,-32.2,0.48
3468,304,6.725,44.55,1,98.7,91.60000000000001,1346,173.3,74.9,16.07,-34.883,4.363,4.196,166.0,165.8,71.0,1716,1,-32.2,0.49
3469,304,6.725,44.78,1,98.9,91.60000000000001,1347,173.2,75.0,16.37,-34.875,4.363,4.196,166.0,165.9,71.0,1716,1,-32.2,0.48
3470,303,6.725,44.91,1,99.0,91.60000000000001,1349,173.1,74.9,16.95,-34.867,4.363,4.196,166.0,165.9,71.0,1716,1,-32.2,0.49
3471,303,6.725,44.66,1,99.4,91.8,1352,173.1,75.0,17.25,-34.859,4.363,4.196,166.0,166.1,71.0,1716,1,-32.2,0.48
3472,303,6.725,45.02,1,99.6,91.8,1354,173.0,75.0,17.29,-34.859,4.363,4.196,166.0,166.1,71.0,1716,1,-32.2,0.48
3473,303,6.725,45.47,1,99.7,91.8,1355,172.9,75.0,18.08,-34.852,4.363,4.196,166.0,166.2,71.0,1716,1,-32.2,0.49
3474,303,6.725,44.74,1,100.2,92.0,1357,172.9,75.3,18.59,-34.844,4.363,4.196,166.0,166.3,71.0,1716,1,-32.2,0.49
3475,303,6.725,45.09,1,100.49999999999999,92.0,1360,172.8,75.3,18.69,-34.836,4.359,4.196,166.0,166.4,71.0,1716,1,-32.2,0.49
3476,303,6.75,44.47,1,100.6,92.0,1362,172.8,75.5,18.68,-34.828,4.363,4.196,166.0,166.5,71.0,1716,1,-32.2,0.49
3477,303,6.725,44.65,1,100.69999999999999,92.0,1362,172.7,75.5,18.64,-34.82,4.363,4.196,166.0,166.6,71.0,1716,1,-32.2,0.49
3478,304,6.725,45.44,1,100.6,92.0,1363,172.4,75.3,18.65,-34.82,4.363,4.196,167.0,166.7,71.0,1716,1,-32.2,0.48
3479,304,6.75,44.51,1,100.69999999999999,92.0,1363,172.3,75.4,18.68,-34.828,4.363,4.196,167.0,166.8,71.0,1716,1,-32.2,0.5
3480,304,6.725,45.98,1,100.69999999999999,92.0,1364,172.2,75.3,18.73,-34.82,4.363,4.196,167.0,167.0,71.0,1716,1,-32.2,0.49
3481,304,6.725,46.01,1,100.69999999999999,92.0,1365,172.0,75.1,18.74,-34.82,4.363,4.196,168.0,167.1,71.0,1716,1,-32.2,0.49
3482,304,6.725,44.59,1,100.69999999999999,92.10000000000001,1365,171.9,75.3,18.81,-34.82,4.363,4.196,167.0,167.2,71.0,1716,1,-32.2,0.5
3483,304,6.75,46.11,1,100.8,92.10000000000001,1366,171.9,75.4,19.0,-34.82,4.363,4.196,167.0,167.3,71.0,1716,1,-32.2,0.5
3484,304,6.725,45.95,1,100.89999999999999,92.10000000000001,1367,171.7,75.2,19.04,-34.82,4.363,4.196,167.0,167.4,71.0,1716,1,-32.2,0.49
3485,304,6.725,45.87,1,101.0,92.10000000000001,1368,171.6,75.3,19.48,-34.812,4.363,4.196,167.0,167.5,71.0,1716,1,-32.2,0.49
3486,304,6.725,43.1,1,101.2,92.2,1369,171.5,75.6,19.61,-34.805,4.363,4.196,168.0,167.6,71.0,1716,1,-32.2,0.49
3487,304,6.725,46.07,1,101.29999999999998,92.2,1369,171.4,75.4,19.62,-34.805,4.363,4.196,168.0,167.8,71.0,1716,1,-32.1,0.49
3488,304,6.75,45.76,1,101.4,92.30000000000001,1370,171.4,75.5,20.2,-34.797,4.363,4.196,168.0,167.9,71.0,1716,1,-32.1,0.5
3489,304,6.725,45.59,1,101.6,92.30000000000001,1372,171.4,75.6,20.28,-34.797,4.363,4.196,168.0,168.0,71.0,1716,1,-32.2,0.48
3490,304,6.725,46.53,1,101.69999999999999,92.30000000000001,1374,171.2,75.6,20.37,-34.789,4.363,4.196,168.0,168.1,71.0,1716,1,-32.1,0.48
3491,304,6.725,46.23,1,101.8,92.4,1375,171.1,75.6,20.36,-34.781,4.363,4.196,168.0,168.2,71.0,1716,1,-32.1,0.49
3492,305,6.725,45.23,1,101.8,92.4,1376,171.1,75.6,20.36,-34.781,4.363,4.196,168.0,168.3,71.0,1716,1,-32.1,0.49
3493,305,6.725,47.22,1,101.8,92.4,1378,171.1,75.5,20.33,-34.773,4.363,4.196,168.0,168.5,71.0,1716,1,-32.1,0.49
3494,305,6.725,44.89,1,101.8,92.30000000000001,1378,171.0,75.5,20.33,-34.773,4.363,4.196,169.0,168.6,71.0,1716,1,-32.1,0.49
3495,305,6.725,45.99,1,101.8,92.4,1378,171.0,75.6,20.35,-34.766,4.363,4.196,169.0,168.8,71.0,1716,1,-32.1,0.49
3496,305,6.75,46.19,1,101.8,92.4,1378,171.0,75.5,20.36,-34.766,4.367,4.196,169.0,168.9,71.0,1716,1,-32.1,0.49
3497,305,6.725,43.0,1,101.89999999999999,92.4,1378,170.8,75.6,20.33,-34.758,4.367,4.196,169.0,169.1,71.0,1716,1,-32.1,0.5
3498,305,6.725,44.83,1,101.8,92.4,1377,170.7,75.5,20.35,-34.75,4.367,4.196,169.0,169.2,71.0,1716,1,-32.1,0.49
3499,305,6.75,45.96,1,101.8,92.4,1378,170.6,75.4,20.32,-34.75,4.367,4.196,169.0,169.3,71.0,1716,1,-32.1,0.49
3500,305,6.725,45.24,1,101.89999999999999,92.4,1379,170.5,75.5,20.34,-34.742,4.367,4.196,169.0,169.4,71.0,1716,1,-32.1,0.49
3501,305,6.725,46.76,1,101.8,92.4,1379,170.4,75.6,20.34,-34.734,4.367,4.196,169.0,169.5,71.0,1716,1,-32.1,0.49
3502,305,6.75,44.01,1,101.89999999999999,92.4,1379,170.3,75.6,20.34,-34.727,4.363,4.196,169.0,169.7,71.0,1716,1,-32.1,0.48
3503,305,6.725,45.95,1,101.8,92.4,1378,170.4,75.5,20.34,-34.719,4.367,4.196,170.0,169.8,71.0,1716,1,-32.1,0.5
3504,305,6.725,45.1,1,101.8,92.4,1378,170.4,75.5,20.35,-34.711,4.367,4.196,170.0,169.9,71.0,1716,1,-32.1,0.48
3505,305,6.725,44.57,1,101.89999999999999,92.4,1378,170.4,75.6,20.25,-34.711,4.367,4.196,170.0,170.1,71.0,1716,1,-32.1,0.49
3506,305,6.75,44.98,1,101.8,92.4,1379,170.3,75.6,20.43,-34.695,4.367,4.196,170.0,170.2,71.0,1716,1,-32.1,0.48
3507,306,6.725,43.11,1,101.8,92.4,1379,170.3,75.5,19.98,-34.68,4.367,4.196,171.0,170.3,71.0,1716,1,-32.1,0.49
3508,306,6.725,45.54,1,101.6,92.30000000000001,1378,170.2,75.4,18.89,-34.672,4.371,4.196,171.0,170.4,71.0,1716,1,-32.1,0.49
3509,306,6.75,46.74,1,101.0,92.10000000000001,1376,170.4,75.2,18.47,-34.672,4.371,4.196,171.0,170.5,71.0,1716,1,-32.1,0.49
3510,306,6.725,44.57,1,100.69999999999999,92.0,1373,170.4,75.3,18.42,-34.664,4.367,4.196,171.0,170.6,71.0,1716,1,-32.1,0.49
3511,306,6.725,44.31,1,100.6,92.0,1371,170.4,75.2,18.39,-34.656,4.367,4.196,171.0,170.7,71.0,1716,1,-32.1,0.49
3512,306,6.75,45.26,1,100.49999999999999,92.0,1370,170.4,75.1,17.89,-34.648,4.367,4.196,171.0,170.8,71.0,1716,1,-32.1,0.49
3513,306,6.725,44.51,1,100.2,91.9,1369,170.4,75.0,17.73,-34.641,4.367,4.196,171.0,170.9,71.0,1716,1,-32.1,0.49
3514,306,6.725,43.4,1,100.1,91.9,1367,170.4,75.1,17.72,-34.633,4.367,4.196,172.0,171.0,71.0,1716,1,-32.1,0.48
3515,306,6.725,43.56,1,100.0,91.9,1366,170.5,75.2,17.57,-34.633,4.367,4.196,171.0,171.1,71.0,1716,1,-32.0,0.5
3516,306,6.75,43.38,1,99.9,91.8,1365,170.6,75.0,17.39,-34.633,4.367,4.196,171.0,171.2,71.0,1716,1,-32.0,0.49
3517,306,6.725,44.41,1,99.9,91.9,1364,170.6,75.1,17.4,-34.633,4.367,4.196,172.0,171.2,71.0,1716,1,-32.0,0.49
3518,306,6.725,43.38,1,99.8,91.9,1364,170.7,75.2,17.26,-34.625,4.367,4.196,171.0,171.2,71.0,1716,1,-32.0,0.49
3519,306,6.725,43.35,1,99.7,91.8,1363,170.8,75.1,16.95,-34.625,4.367,4.196,171.0,171.2,71.0,1716,1,-32.0,0.48
3520,306,6.75,43.18,1,99.5,91.7,1362,170.9,75.0,16.85,-34.625,4.367,4.196,171.0,171.2,71.0,1716,1,-32.0,0.47
3521,306,6.75,45.43,1,99.5,91.8,1361,171.0,75.0,16.79,-34.633,4.367,4.196,171.0,171.2,71.0,1716,1,-32.0,0.49
3522,306,6.725,44.42,1,99.4,91.7,1361,171.0,75.0,16.82,-34.641,4.367,4.196,171.0,171.2,71.0,1715,1,-32.0,0.49
3523,306,6.725,46.05,1,99.4,91.7,1360,171.1,75.1,16.79,-34.648,4.367,4.196,171.0,171.2,71.0,1715,1,-32.0,0.48
3524,306,6.725,43.19,1,99.4,91.8,1360,171.1,75.1,16.82,-34.648,4.367,4.196,171.0,171.2,71.0,1715,1,-32.0,0.49
3525,306,6.725,43.33,1,99.4,91.8,1360,171.2,74.9,16.8,-34.656,4.367,4.196,171.0,171.3,71.0,1715,1,-32.0,0.49
3526,306,6.75,45.86,1,99.4,91.8,1359,171.2,74.9,16.85,-34.656,4.367,4.196,172.0,171.3,71.0,1715,1,-32.0,0.49
3527,305,6.75,45.41,1,99.4,91.7,1359,171.2,75.0,16.83,-34.664,4.367,4.196,172.0,171.3,71.0,1715,1,-32.0,0.48
3528,305,6.725,46.52,1,99.4,91.7,1359,171.3,74.9,16.83,-34.672,4.367,4.196,172.0,171.3,71.0,1715,1,-32.0,0.48
3529,305,6.725,44.54,1,99.4,91.8,1359,171.3,75.0,16.8,-34.68,4.367,4.196,171.0,171.4,71.0,1715,1,-32.0,0.48
3530,305,6.75,44.79,1,99.4,91.7,1358,171.5,75.1,16.82,-34.688,4.363,4.196,171.0,171.5,71.0,1715,1,-32.0,0.47
3531,305,6.75,44.51,1,99.4,91.7,1358,171.6,75.1,16.82,-34.688,4.367,4.196,172.0,171.5,71.0,1715,1,-32.0,0.49
3532,305,6.725,43.56,1,99.4,91.8,1358,171.6,75.0,17.26,-34.695,4.363,4.196,172.0,171.6,71.0,1715,1,-32.0,0.49
3533,305,6.725,44.8,1,99.7,91.9,1359,171.6,75.0,17.96,-34.703,4.367,4.196,172.0,171.7,71.0,1715,1,-32.0,0.48
3534,305,6.75,45.49,1,100.0,91.9,1360,171.5,75.0,18.02,-34.695,4.367,4.196,172.0,171.8,71.0,1715,1,-32.0,0.48
3535,305,6.725,43.63,1,100.2,92.0,1361,171.6,75.1,18.02,-34.695,4.367,4.196,172.0,171.9,71.0,1715,1,-32.0,0.47
3536,305,6.725,45.49,1,100.2,91.9,1363,171.7,75.3,18.0,-34.695,4.367,4.196,172.0,171.9,71.0,1715,1,-32.0,0.48
3537,306,6.75,45.16,1,100.2,92.0,1363,171.7,75.3,18.02,-34.695,4.367,4.196,172.0,172.0,71.0,1715,1,-31.9,0.47
3538,305,6.725,44.96,1,100.2,92.0,1363,171.8,75.2,18.46,-34.695,4.367,4.196,172.0,172.1,71.0,1715,1,-31.9,0.48
3539,305,6.725,44.32,1,100.49999999999999,92.0,1364,171.8,75.1,18.59,-34.695,4.367,4.196,172.0,172.2,71.0,1715,1,-31.9,0.48
3540,305,6.725,44.18,1,100.6,92.10000000000001,1365,171.8,75.3,18.65,-34.695,4.367,4.196,172.0,172.3,71.0,1715,1,-31.9,0.47
3541,305,6.75,48.05,1,100.6,92.0,1366,171.8,75.3,18.64,-34.703,4.363,4.196,172.0,172.4,71.0,1715,1,-31.9,0.48
3542,305,6.725,45.91,1,100.69999999999999,92.10000000000001,1366,171.8,75.1,19.28,-34.711,4.363,4.196,172.0,172.4,71.0,1715,1,-31.9,0.48
3543,305,6.725,45.86,1,101.0,92.2,1368,171.9,75.3,19.36,-34.711,4.367,4.196,172.0,172.5,71.0,1715,1,-31.9,0.48
3544,305,6.725,44.91,1,101.1,92.2,1369,171.8,75.5,19.38,-34.711,4.363,4.196,172.0,172.5,71.0,1715,1,-31.9,0.49
3545,305,6.725,45.02,1,101.1,92.2,1371,171.7,75.4,19.38,-34.703,4.367,4.196,172.0,172.6,71.0,1715,1,-31.9,0.48
3546,305,6.725,44.78,1,101.2,92.2,1371,171.8,75.5,19.4,-34.703,4.367,4.196,172.0,172.6,71.0,1715,1,-31.9,0.49
3547,305,6.725,45.21,1,101.2,92.2,1371,171.7,75.4,19.41,-34.711,4.367,4.196,172.0,172.7,71.0,1715,1,-31.9,0.49
3548,305,6.725,44.69,1,101.2,92.2,1371,171.7,75.4,19.68,-34.711,4.367,4.196,172.0,172.7,71.0,1715,1,-31.9,0.49
3549,305,6.725,43.22,1,101.29999999999998,92.30000000000001,1371,171.7,75.6,19.83,-34.711,4.367,4.196,172.0,172.8,71.0,1715,1,-31.9,0.49
3550,305,6.725,44.07,1,101.4,92.30000000000001,1372,171.7,75.5,19.87,-34.703,4.367,4.196,172.0,172.8,71.0,1715,1,-31.9,0.49
3551,305,6.725,43.46,1,101.49999999999999,92.30000000000001,1372,171.7,75.4,19.79,-34.711,4.367,4.196,172.0,172.8,71.0,1715,1,-31.9,0.49
3552,305,6.75,46.81,1,101.49999999999999,92.30000000000001,1372,171.6,75.5,20.29,-34.711,4.367,4.196,173.0,172.8,71.0,1715,1,-31.9,0.48
3553,305,6.725,45.21,1,101.69999999999999,92.4,1373,171.5,75.5,20.4,-34.703,4.367,4.196,172.0,172.7,71.0,1715,1,-31.9,0.48
3554,305,6.725,45.49,1,101.8,92.4,1375,171.4,75.5,20.84,-34.711,4.367,4.196,172.0,172.7,71.0,1715,1,-31.9,0.49
3555,305,6.725,43.39,1,102.1,92.5,1376,171.3,75.6,21.18,-34.719,4.367,4.196,172.0,172.7,71.0,1715,1,-31.9,0.48
3556,305,6.725,45.44,1,102.2,92.5,1378,171.4,75.5,21.27,-34.719,4.367,4.196,172.0,172.7,71.0,1715,1,-31.9,0.49
3557,305,6.75,45.41,1,102.2,92.5,1379,171.3,75.5,21.28,-34.727,4.367,4.196,172.0,172.7,71.0,1715,1,-31.9,0.49
3558,305,6.725,45.8,1,102.2,92.5,1380,171.2,75.5,21.32,-34.727,4.367,4.196,172.0,172.7,71.0,1715,1,-31.9,0.48
3559,305,6.75,46.24,1,102.3,92.5,1380,171.2,75.5,21.29,-34.734,4.363,4.196,172.0,172.8,71.0,1715,1,-31.9,0.48
3560,305,6.75,46.67,1,102.3,92.5,1380,171.2,75.6,21.31,-34.734,4.363,4.196,172.0,172.8,71.0,1715,1,-31.8,0.49
3561,306,6.725,43.6,1,102.2,92.5,1380,171.1,75.5,21.27,-34.742,4.367,4.196,172.0,172.9,71.0,1715,1,-31.8,0.49
3562,306,6.75,44.66,1,102.2,92.5,1380,171.0,75.4,21.32,-34.75,4.363,4.196,172.0,173.0,71.0,1715,1,-31.9,0.48
3563,306,6.75,46.16,1,102.2,92.5,1380,171.0,75.6,21.3,-34.758,4.363,4.196,172.0,173.0,71.0,1715,1,-31.8,0.49
3564,306,6.725,45.35,1,102.2,92.5,1381,171.0,75.7,21.34,-34.766,4.363,4.196,172.0,173.1,71.0,1715,1,-31.8,0.5
3565,306,6.725,45.89,1,102.3,92.5,1382,171.0,75.4,21.35,-34.773,4.363,4.196,173.0,173.1,71.0,1715,1,-31.9,0.49
3566,306,6.725,44.38,1,102.2,92.5,1382,170.9,75.5,21.37,-34.781,4.363,4.196,173.0,173.2,71.0,1715,1,-31.8,0.49
3567,306,6.725,43.21,1,102.2,92.5,1382,170.8,75.4,21.35,-34.789,4.363,4.196,174.0,173.2,71.0,1715,1,-31.8,0.49
3568,306,6.75,45.04,1,102.2,92.5,1381,170.8,75.4,21.31,-34.789,4.363,4.196,173.0,173.3,71.0,1715,1,-31.8,0.48
3569,306,6.75,45.17,1,102.3,92.5,1381,170.8,75.4,21.33,-34.805,4.363,4.196,173.0,173.3,71.0,1715,1,-31.8,0.48
3570,306,6.725,45.09,1,102.2,92.5,1381,170.8,75.5,21.42,-34.805,4.363,4.196,173.0,173.3,71.0,1715,1,-31.8,0.49
3571,306,6.725,45.24,1,102.2,92.5,1381,170.8,75.5,21.41,-34.805,4.363,4.196,173.0,173.3,71.0,1715,1,-31.8,0.5
3572,306,6.75,43.12,1,102.2,92.5,1381,170.9,75.6,21.45,-34.812,4.363,4.196,174.0,173.4,71.0,1715,1,-31.8,0.49
3573,306,6.725,44.98,1,102.2,92.5,1381,170.8,75.7,21.38,-34.812,4.363,4.196,174.0,173.5,71.0,1715,1,-31.8,0.49
3574,306,6.75,44.61,1,102.2,92.5,1381,170.9,75.8,21.38,-34.82,4.367,4.196,174.0,173.5,71.0,1715,1,-31.8,0.49
3575,307,6.75,45.23,1,102.2,92.5,1381,170.8,75.7,21.17,-34.82,4.367,4.196,174.0,173.6,71.0,1715,1,-31.8,0.5
3576,307,6.725,45.07,1,102.2,92.5,1381,170.7,75.7,20.29,-34.82,4.367,4.196,174.0,173.6,71.0,1715,1,-31.8,0.51
3577,307,6.725,44.77,1,101.89999999999999,92.30000000000001,1380,170.9,75.6,20.11,-34.828,4.367,4.196,174.0,173.7,71.0,1715,1,-31.8,0.49
3578,307,6.725,46.23,1,101.69999999999999,92.30000000000001,1379,170.8,75.6,20.08,-34.836,4.367,4.196,174.0,173.8,71.0,1715,1,-31.8,0.5
3579,307,6.725,45.88,1,101.69999999999999,92.30000000000001,1378,170.8,75.7,20.06,-34.836,4.367,4.196,174.0,173.9,71.0,1715,1,-31.8,0.49
3580,307,6.725,45.34,1,101.6,92.30000000000001,1378,170.9,75.5,20.06,-34.844,4.367,4.196,174.0,174.0,71.0,1715,1,-31.8,0.49
3581,307,6.725,46.35,1,101.69999999999999,92.4,1377,171.0,75.5,19.91,-34.852,4.367,4.196,174.0,174.2,71.0,1715,1,-31.8,0.51
3582,307,6.75,45.95,1,101.49999999999999,92.2,1377,171.2,75.5,19.5,-34.844,4.367,4.196,174.0,174.2,71.0,1715,1,-31.8,0.51
3583,307,6.725,44.79,1,101.29999999999998,92.2,1375,171.2,75.4,19.44,-34.844,4.367,4.196,174.0,174.4,71.0,1715,1,-31.8,0.51
3584,307,6.725,44.93,1,101.29999999999998,92.2,1374,171.4,75.2,19.45,-34.844,4.367,4.196,174.0,174.4,71.0,1715,1,-31.8,0.51
3585,307,6.75,44.77,1,101.2,92.2,1373,171.5,75.3,19.45,-34.844,4.367,4.196,174.0,174.5,71.0,1715,1,-31.7,0.51
3586,307,6.725,45.63,1,101.2,92.2,1372,171.6,75.3,19.48,-34.852,4.367,4.196,174.0,174.5,71.0,1715,1,-31.7,0.5
3587,307,6.725,44.58,1,101.2,92.2,1371,171.5,75.3,19.46,-34.852,4.367,4.196,174.0,174.6,71.0,1715,1,-31.7,0.5
3588,307,6.725,45.88,1,101.2,92.2,1372,171.5,75.3,19.46,-34.852,4.367,4.196,175.0,174.6,71.0,1715,1,-31.7,0.5
3589,307,6.75,46.7,1,101.29999999999998,92.30000000000001,1373,171.6,75.3,19.5,-34.852,4.367,4.196,174.0,174.6,71.0,1715,1,-31.7,0.51
3590,307,6.725,45.28,1,101.2,92.2,1372,171.5,75.4,19.46,-34.852,4.367,4.196,174.0,174.6,71.0,1715,1,-31.7,0.5
3591,307,6.725,46.3,1,101.2,92.2,1372,171.5,75.4,19.47,-34.852,4.367,4.196,174.0,174.6,71.0,1715,1,-31.7,0.5
3592,307,6.725,44.87,1,101.29999999999998,92.2,1371,171.6,75.4,19.5,-34.852,4.367,4.196,174.0,174.5,71.0,1715,1,-31.7,0.5
3593,307,6.725,43.1,1,101.2,92.2,1371,171.5,75.4,19.45,-34.852,4.367,4.196,174.0,174.5,71.0,1715,1,-31.7,0.5
3594,307,6.725,46.43,1,101.2,92.2,1370,171.5,75.4,19.44,-34.852,4.367,4.196,174.0,174.5,71.0,1715,1,-31.7,0.49
3595,307,6.725,45.69,1,101.2,92.2,1371,171.5,75.2,19.46,-34.852,4.367,4.196,174.0,174.4,71.0,1715,1,-31.7,0.5
3596,307,6.725,46.03,1,101.2,92.2,1372,171.6,75.4,19.48,-34.852,4.367,4.196,174.0,174.4,71.0,1715,1,-31.7,0.5
3597,307,6.725,43.08,1,101.2,92.2,1371,171.6,75.3,19.46,-34.852,4.367,4.196,174.0,174.4,71.0,1715,1,-31.7,0.5
3598,307,6.75,42.97,1,101.2,92.2,1370,171.7,75.3,19.45,-34.852,4.367,4.196,174.0,174.3,71.0,1715,1,-31.7,0.52
3599,308,6.725,42.85,1,101.2,92.2,1370,171.7,75.3,19.45,-34.852,4.367,4.196,174.0,174.2,71.0,1715,1,-31.7,0.51
3600,308,6.725,42.98,1,101.2,92.2,1371,171.7,75.3,19.48,-34.844,4.367,4.196,174.0,174.1,71.0,1715,1,-31.7,0.52
3601,308,6.725,42.87,1,101.2,92.2,1371,171.6,75.3,19.46,-34.844,4.367,4.196,174.0,173.9,71.0,1715,1,-31.7,0.53
3602,308,6.725,42.94,1,101.2,92.2,1371,171.6,75.4,19.46,-34.844,4.367,4.196,174.0,173.8,71.0,1715,1,-31.7,0.51
3603,308,6.725,42.97,1,101.2,92.2,1371,171.6,75.3,19.47,-34.844,4.367,4.196,173.0,173.6,71.0,1715,1,-31.7,0.51
3604,308,6.725,42.86,1,101.2,92.2,1371,171.6,75.4,19.48,-34.836,4.367,4.196,172.0,173.4,71.0,1715,1,-31.7,0.52
3605,308,6.725,42.9,1,101.2,92.2,1371,171.7,75.2,19.31,-34.836,4.367,4.196,172.0,173.3,71.0,1715,1,-31.7,0.52
3606,308,6.725,42.82,1,101.1,92.10000000000001,1371,171.7,75.5,18.61,-34.828,4.367,4.196,172.0,173.2,71.0,1715,1,-31.7,0.52
3607,308,6.725,42.85,1,100.69999999999999,92.0,1369,171.7,75.2,18.53,-34.82,4.367,4.196,172.0,173.1,71.0,1715,1,-31.7,0.53
3608,308,6.725,42.84,1,100.69999999999999,92.10000000000001,1367,171.7,75.3,18.52,-34.828,4.367,4.196,172.0,173.0,71.0,1715,1,-31.7,0.52
3609,308,6.725,42.86,1,100.49999999999999,92.0,1366,171.8,75.2,17.72,-34.82,4.367,4.196,172.0,173.0,71.0,1715,1,-31.7,0.51
3610,308,6.725,42.82,1,100.1,91.9,1364,171.8,75.1,17.45,-34.82,4.367,4.196,172.0,173.0,71.0,1715,1,-31.7,0.51
3611,308,6.725,42.74,1,100.0,91.9,1363,171.8,75.1,17.34,-34.82,4.367,4.196,172.0,173.0,71.0,1715,1,-31.7,0.53
3612,308,6.725,42.7,1,99.7,91.8,1362,171.7,75.1,16.75,-34.82,4.367,4.196,173.0,173.1,71.0,1715,1,-31.7,0.52
3613,308,6.725,42.86,1,99.5,91.7,1359,171.7,74.9,16.58,-34.82,4.367,4.196,173.0,173.2,71.0,1715,1,-31.7,0.52
3614,308,6.725,42.8,1,99.3,91.7,1357,171.7,74.8,16.09,-34.82,4.371,4.196,174.0,173.4,71.0,1715,1,-31.7,0.53
3615,308,6.725,42.75,1,99.0,91.60000000000001,1355,171.8,74.9,16.02,-34.82,4.371,4.196,174.0,173.5,71.0,1715,1,-31.7,0.51
3616,308,6.725,42.74,1,98.8,91.60000000000001,1353,171.9,75.0,15.46,-34.82,4.367,4.196,174.0,173.8,71.0,1715,1,-31.7,0.52
3617,308,6.725,42.82,1,98.6,91.5,1352,172.0,74.8,15.39,-34.82,4.367,4.196,174.0,174.0,71.0,1715,1,-31.7,0.53
3618,308,6.725,42.71,1,98.5,91.5,1351,172.0,74.8,15.38,-34.828,4.367,4.196,174.0,174.3,71.0,1715,1,-31.6,0.53
3619,308,6.725,42.7,1,98.4,91.5,1350,172.1,74.7,15.39,-34.828,4.367,4.196,175.0,174.5,71.0,1715,1,-31.6,0.53
3620,308,6.725,42.78,1,98.4,91.5,1349,172.2,74.8,15.36,-34.82,4.367,4.196,175.0,174.9,71.0,1715,1,-31.6,0.54
3621,308,6.725,42.68,1,98.3,91.4,1349,172.3,74.8,14.73,-34.82,4.367,4.196,175.0,175.2,71.0,1715,1,-31.6,0.53
3622,308,6.725,42.7,1,98.1,91.4,1347,172.5,74.8,14.64,-34.82,4.367,4.196,175.0,175.5,71.0,1715,1,-31.6,0.53
3623,308,6.725,42.7,1,97.89999999999999,91.4,1346,172.6,74.6,14.6,-34.812,4.367,4.196,176.0,175.8,71.0,1715,1,-31.6,0.54
3624,308,6.725,42.62,1,97.89999999999999,91.3,1345,172.7,74.6,14.61,-34.82,4.367,4.196,176.0,176.2,71.0,1715,1,-31.6,0.53
3625,309,6.725,42.62,1,97.89999999999999,91.4,1344,172.8,74.5,14.55,-34.812,4.367,4.196,177.0,176.5,71.0,1715,1,-31.6,0.52
3626,309,6.725,42.69,1,97.89999999999999,91.3,1344,172.8,74.6,14.5,-34.812,4.367,4.196,177.0,176.8,71.0,1715,1,-31.6,0.53
3627,309,6.725,42.65,1,97.8,91.3,1343,172.8,74.6,14.48,-34.82,4.367,4.196,178.0,177.2,71.0,1715,1,-31.6,0.52
3628,309,6.725,42.65,1,97.8,91.3,1343,173.0,74.5,14.46,-34.82,4.367,4.196,178.0,177.4,71.0,1715,1,-31.6,0.53
3629,309,6.725,42.72,1,97.8,91.3,1342,173.1,74.6,14.46,-34.828,4.367,4.196,178.0,177.8,71.0,1715,1,-31.6,0.52
3630,309,6.725,42.65,1,97.8,91.3,1342,173.2,74.7,14.46,-34.828,4.367,4.196,179.0,178.1,71.0,1715,1,-31.6,0.53
3631,309,6.725,42.75,1,97.8,91.3,1342,173.2,74.6,14.48,-34.836,4.367,4.196,179.0,178.3,71.0,1715,1,-31.6,0.53
3632,309,6.75,42.65,1,97.8,91.3,1342,173.3,74.5,14.48,-34.844,4.367,4.196,179.0,178.7,71.0,1715,1,-31.6,0.53
3633,309,6.725,42.68,1,97.8,91.3,1342,173.3,74.5,14.48,-34.844,4.367,4.196,180.0,178.9,71.0,1715,1,-31.6,0.54
3634,309,6.725,42.57,1,97.8,91.3,1341,173.4,74.6,14.5,-34.844,4.367,4.196,180.0,179.2,71.0,1715,1,-31.6,0.53
3635,310,6.725,42.67,1,97.8,91.3,1341,173.2,74.5,14.49,-34.859,4.367,4.196,180.0,179.4,71.0,1715,1,-31.6,0.53
3636,310,6.725,42.79,1,97.8,91.3,1341,173.2,74.5,14.45,-34.867,4.367,4.196,180.0,179.7,71.0,1715,1,-31.6,0.53
3637,310,6.725,42.61,1,97.8,91.3,1341,173.2,74.6,14.46,-34.875,4.367,4.196,180.0,180.0,71.0,1715,1,-31.6,0.54
3638,310,6.725,42.7,1,97.8,91.3,1341,173.3,74.6,14.45,-34.883,4.367,4.196,180.0,180.2,71.0,1715,1,-31.6,0.54
3639,310,6.725,42.65,1,97.8,91.3,1341,173.3,74.5,14.48,-34.898,4.367,4.196,181.0,180.4,71.0,1715,1,-31.6,0.53
3640,310,6.725,42.63,1,97.8,91.3,1341,173.4,74.4,14.85,-34.906,4.367,4.196,181.0,180.5,71.0,1715,1,-31.6,0.54
3641,310,6.725,42.75,1,98.1,91.4,1341,173.3,74.5,15.89,-34.914,4.367,4.196,182.0,180.7,71.0,1715,1,-31.6,0.53
3642,310,6.725,42.78,1,98.6,91.60000000000001,1344,173.4,74.7,16.62,-34.922,4.367,4.196,181.0,180.8,71.0,1715,1,-31.6,0.54
3643,311,6.725,42.67,1,99.0,91.7,1347,173.4,74.8,16.75,-34.922,4.367,4.196,182.0,181.0,71.0,1715,1,-31.6,0.53
3644,311,6.725,42.87,1,99.2,91.7,1349,173.5,75.0,17.07,-34.93,4.367,4.196,182.0,181.1,71.0,1715,1,-31.6,0.53
3645,311,6.725,42.76,1,99.5,91.8,1351,173.5,75.0,17.57,-34.93,4.367,4.196,182.0,181.3,71.0,1715,1,-31.6,0.53
3646,311,6.725,42.73,1,99.8,91.8,1353,173.5,74.9,17.55,-34.938,4.367,4.196,182.0,181.4,71.0,1715,1,-31.6,0.51
3647,311,6.725,42.79,1,99.9,91.8,1354,173.4,75.1,17.95,-34.945,4.367,4.196,182.0,181.5,71.0,1715,1,-31.6,0.51
3648,312,6.725,42.85,1,100.2,92.0,1355,173.4,75.2,18.69,-34.945,4.367,4.196,182.0,181.6,71.0,1714,1,-31.5,0.53
3649,312,6.725,42.83,1,100.6,92.0,1358,173.3,75.3,18.82,-34.945,4.367,4.196,182.0,181.7,71.0,1714,1,-31.6,0.53
3650,312,6.725,42.86,1,100.69999999999999,92.10000000000001,1360,173.2,75.4,18.81,-34.945,4.367,4.196,182.0,181.8,71.0,1714,1,-31.5,0.53
3651,312,6.725,42.9,1,100.69999999999999,92.0,1360,173.1,75.3,18.85,-34.945,4.367,4.196,182.0,181.9,71.0,1714,1,-31.5,0.53
3652,313,6.725,42.9,1,100.89999999999999,92.10000000000001,1361,173.1,75.2,19.68,-34.945,4.367,4.196,182.0,182.0,71.0,1714,1,-31.5,0.53
3653,313,6.725,42.95,1,101.29999999999998,92.30000000000001,1363,173.0,75.3,20.12,-34.953,4.367,4.196,182.0,182.1,71.0,1714,1,-31.5,0.54
3654,313,6.725,42.86,1,101.49999999999999,92.2,1366,172.9,75.2,20.21,-34.953,4.363,4.196,182.0,182.1,71.0,1714,1,-31.5,0.54
3655,313,6.725,42.99,1,101.8,92.4,1368,172.7,75.5,20.96,-34.953,4.363,4.196,182.0,182.2,71.0,1714,1,-31.5,0.54
3656,313,6.725,42.89,1,102.1,92.4,1371,172.6,75.4,21.31,-34.961,4.363,4.196,182.0,182.3,71.0,1714,1,-31.5,0.53
3657,314,6.725,42.87,1,102.1,92.4,1374,172.5,75.6,21.27,-34.969,4.363,4.196,182.0,182.4,71.0,1714,1,-31.5,0.54
3658,314,6.725,42.89,1,102.2,92.4,1375,172.5,75.6,21.33,-34.969,4.363,4.196,182.0,182.5,71.0,1714,1,-31.5,0.54
3659,314,6.725,42.92,1,102.2,92.4,1376,172.3,75.6,21.26,-34.977,4.363,4.196,182.0,182.6,71.0,1714,1,-31.5,0.53
3660,314,6.75,42.89,1,102.3,92.5,1376,172.3,75.6,21.3,-34.977,4.363,4.196,182.0,182.7,71.0,1714,1,-31.5,0.54
3661,314,6.725,42.96,1,102.2,92.4,1377,172.2,75.6,21.33,-34.992,4.363,4.196,182.0,182.8,71.0,1714,1,-31.5,0.53
3662,314,6.725,42.97,1,102.2,92.4,1378,172.1,75.5,21.32,-35.0,4.363,4.196,182.0,182.9,71.0,1714,1,-31.5,0.53
3663,314,6.725,42.88,1,102.2,92.4,1378,171.9,75.4,21.38,-35.008,4.363,4.196,182.0,183.0,71.0,1714,1,-31.5,0.54
3664,314,6.725,42.88,1,102.2,92.5,1379,171.9,75.5,21.41,-35.016,4.363,4.196,182.0,183.1,71.0,1714,1,-31.5,0.53
3665,314,6.725,42.93,1,102.2,92.4,1379,171.9,75.6,21.38,-35.023,4.363,4.196,183.0,183.2,71.0,1714,1,-31.5,0.53
3666,314,6.725,42.89,1,102.2,92.4,1379,171.8,75.5,21.41,-35.031,4.363,4.196,184.0,183.3,71.0,1714,1,-31.5,0.54
3667,314,6.725,42.86,1,102.2,92.4,1379,171.7,75.5,21.41,-35.031,4.363,4.196,184.0,183.4,71.0,1714,1,-31.5,0.54
3668,315,6.725,42.79,1,102.2,92.4,1379,171.7,75.6,21.5,-35.039,4.363,4.196,184.0,183.6,71.0,1714,1,-31.5,0.54
3669,315,6.725,42.95,1,102.2,92.5,1379,171.6,75.4,21.5,-35.031,4.363,4.196,184.0,183.7,71.0,1714,1,-31.5,0.54
3670,315,6.725,42.96,1,102.2,92.5,1379,171.5,75.5,21.43,-35.031,4.363,4.196,184.0,183.8,71.0,1714,1,-31.5,0.53
3671,315,6.75,47.49,1,102.2,92.4,1379,171.4,75.5,21.52,-35.023,4.363,4.196,185.0,184.0,71.0,1714,1,-31.5,0.53
3672,315,6.725,44.85,1,102.2,92.4,1380,171.5,75.5,21.51,-35.023,4.363,4.196,185.0,184.1,71.0,1714,1,-31.5,0.52
3673,315,6.725,46.96,1,102.2,92.4,1380,171.5,75.4,21.52,-35.023,4.363,4.196,185.0,184.4,71.0,1714,1,-31.5,0.52
3674,315,6.75,45.01,1,102.2,92.5,1380,171.4,75.5,21.53,-35.023,4.363,4.196,185.0,184.6,71.0,1714,1,-31.5,0.53
3675,315,6.725,46.2,1,102.2,92.4,1380,171.4,75.5,21.6,-35.023,4.363,4.196,185.0,184.9,71.0,1714,1,-31.5,0.53
3676,315,6.725,45.76,1,102.2,92.4,1380,171.4,75.4,21.58,-35.016,4.363,4.196,185.0,185.1,71.0,1714,1,-31.5,0.53
3677,315,6.725,45.64,1,102.2,92.4,1380,171.4,75.5,21.5,-35.016,4.363,4.196,185.0,185.2,71.0,1714,1,-31.5,0.53
3678,315,6.725,46.46,1,102.2,92.5,1380,171.3,75.6,21.64,-35.008,4.363,4.196,186.0,185.4,71.0,1714,1,-31.5,0.54
3679,315,6.725,46.2,1,102.2,92.4,1380,171.3,75.6,21.38,-35.008,4.363,4.196,185.0,185.5,71.0,1714,1,-31.5,0.54
3680,315,6.725,45.69,1,102.2,92.4,1381,171.4,75.5,20.86,-35.008,4.363,4.196,186.0,185.5,71.0,1714,1,-31.5,0.54
3681,315,6.725,45.8,1,102.2,92.4,1380,171.3,75.5,20.85,-35.016,4.363,4.196,185.0,185.5,71.0,1714,1,-31.5,0.52
3682,315,6.725,45.93,1,102.2,92.5,1380,171.4,75.6,20.92,-35.023,4.367,4.196,185.0,185.5,71.0,1714,1,-31.5,0.52
3683,315,6.725,46.11,1,102.2,92.5,1380,171.5,75.6,20.86,-35.023,4.367,4.196,185.0,185.4,71.0,1714,1,-31.5,0.53
3684,315,6.725,43.47,1,102.2,92.4,1379,171.5,75.4,20.83,-35.031,4.367,4.196,185.0,185.3,71.0,1714,1,-31.5,0.53
3685,315,6.75,45.6,1,102.2,92.4,1378,171.6,75.4,20.89,-35.031,4.367,4.196,185.0,185.1,71.0,1714,1,-31.5,0.52
3686,315,6.75,47.12,1,102.2,92.4,1379,171.5,75.5,20.64,-35.039,4.367,4.196,185.0,184.9,71.0,1714,1,-31.4,0.53
3687,315,6.725,44.63,1,102.1,92.4,1379,171.5,75.5,20.63,-35.039,4.367,4.196,185.0,184.7,71.0,1714,1,-31.5,0.52
3688,316,6.725,46.57,1,102.1,92.4,1379,171.4,75.4,20.62,-35.047,4.367,4.196,184.0,184.4,71.0,1714,1,-31.4,0.52
3689,316,6.75,44.97,1,102.0,92.4,1378,171.4,75.5,20.66,-35.047,4.367,4.196,184.0,184.2,71.0,1714,1,-31.5,0.53
3690,316,6.725,44.79,1,102.1,92.4,1379,171.5,75.6,20.66,-35.047,4.367,4.196,184.0,183.9,71.0,1714,1,-31.4,0.5
3691,316,6.725,44.04,1,102.1,92.4,1379,171.5,75.5,20.71,-35.039,4.367,4.196,183.0,183.6,71.0,1714,1,-31.4,0.52
3692,316,6.725,45.01,1,102.1,92.4,1379,171.5,75.5,20.55,-35.031,4.367,4.196,182.0,183.2,71.0,1714,1,-31.4,0.51
3693,316,6.725,44.14,1,102.0,92.4,1378,171.5,75.5,20.68,-35.023,4.367,4.196,182.0,182.9,71.0,1714,1,-31.4,0.52
3694,316,6.725,43.92,1,102.0,92.4,1378,171.5,75.5,20.8,-35.008,4.367,4.196,182.0,182.5,71.0,1714,1,-31.4,0.51
3695,316,6.75,46.01,1,102.1,92.5,1378,171.5,75.5,20.7,-35.0,4.367,4.196,182.0,182.1,71.0,1714,1,-31.4,0.52
3696,316,6.75,43.78,1,102.1,92.5,1378,171.6,75.4,20.65,-34.992,4.367,4.196,181.0,181.8,71.0,1714,1,-31.4,0.51
3697,316,6.725,43.97,1,102.0,92.4,1378,171.6,75.4,20.57,-34.977,4.367,4.196,180.0,181.4,71.0,1714,1,-31.4,0.52
3698,316,6.725,44.98,1,102.0,92.4,1379,171.7,75.5,20.6,-34.961,4.367,4.196,180.0,181.1,71.0,1714,1,-31.4,0.51
3699,317,6.725,44.95,1,102.0,92.4,1379,171.7,75.4,20.59,-34.945,4.367,4.196,180.0,180.8,71.0,1714,1,-31.4,0.51
3700,317,6.725,45.9,1,102.0,92.4,1379,171.6,75.3,20.58,-34.93,4.367,4.196,180.0,180.6,71.0,1714,1,-31.4,0.5
3701,317,6.75,45.68,1,102.0,92.5,1378,171.6,75.4,20.7,-34.914,4.367,4.196,180.0,180.4,71.0,1714,1,-31.4,0.51
3702,317,6.725,45.25,1,102.1,92.5,1379,171.7,75.3,20.67,-34.898,4.367,4.196,180.0,180.4,71.0,1714,1,-31.4,0.5
3703,317,6.725,45.9,1,102.0,92.4,1379,171.8,75.4,20.63,-34.891,4.367,4.196,180.0,180.3,71.0,1714,1,-31.4,0.5
3704,317,6.75,45.39,1,102.1,92.5,1378,171.8,75.4,20.66,-34.875,4.367,4.196,180.0,180.3,71.0,1714,1,-31.4,0.48
3705,317,6.725,45.61,1,102.0,92.4,1378,171.8,75.4,20.63,-34.859,4.367,4.196,180.0,180.4,71.0,1714,1,-31.4,0.5
3706,317,6.725,44.35,1,102.1,92.5,1378,171.7,75.5,20.64,-34.852,4.367,4.196,180.0,180.5,71.0,1714,1,-31.4,0.51
3707,317,6.75,44.66,1,102.0,92.4,1378,171.8,75.4,20.59,-34.844,4.367,4.196,180.0,180.6,71.0,1714,1,-31.4,0.5
3708,317,6.725,44.55,1,102.1,92.5,1379,171.8,75.4,20.62,-34.836,4.367,4.196,180.0,180.8,71.0,1714,1,-31.4,0.51
3709,317,6.725,46.69,1,102.0,92.5,1380,171.7,75.3,20.55,-34.828,4.371,4.196,181.0,181.0,71.0,1714,1,-31.4,0.49
3710,317,6.725,43.17,1,101.89999999999999,92.4,1380,171.7,75.4,19.59,-34.812,4.371,4.196,181.0,181.3,71.0,1714,1,-31.4,0.5
3711,317,6.725,46.36,1,101.4,92.2,1378,171.7,75.4,19.07,-34.797,4.367,4.196,182.0,181.5,71.0,1714,1,-31.4,0.51
3712,317,6.75,44.91,1,101.1,92.2,1375,171.7,75.2,18.56,-34.789,4.371,4.196,182.0,181.7,71.0,1714,1,-31.4,0.49
3713,317,6.725,46.53,1,100.69999999999999,92.0,1371,171.6,75.2,18.02,-34.781,4.367,4.196,182.0,182.0,71.0,1714,1,-31.4,0.5
3714,317,6.725,45.34,1,100.29999999999998,92.0,1369,171.8,75.0,17.89,-34.766,4.367,4.196,182.0,182.3,71.0,1714,1,-31.4,0.5
3715,317,6.725,45.52,1,100.1,91.9,1366,171.8,75.1,17.07,-34.758,4.367,4.196,182.0,182.5,71.0,1714,1,-31.4,0.51
3716,317,6.75,44.71,1,99.7,91.8,1364,171.9,74.9,16.97,-34.75,4.367,4.196,182.0,182.8,71.0,1714,1,-31.4,0.5
3717,317,6.725,44.55,1,99.6,91.8,1361,171.9,75.0,16.54,-34.734,4.367,4.196,183.0,183.1,71.0,1714,1,-31.4,0.5
3718,317,6.725,44.21,1,99.2,91.7,1360,172.0,75.0,16.09,-34.719,4.367,4.196,183.0,183.4,71.0,1714,1,-31.4,0.51
3719,317,6.75,46.05,1,99.0,91.7,1357,172.0,74.8,15.89,-34.711,4.367,4.196,184.0,183.7,71.0,1714,1,-31.4,0.5
3720,317,6.725,45.42,1,98.8,91.60000000000001,1356,172.0,74.7,15.36,-34.695,4.367,4.196,184.0,183.9,71.0,1714,1,-31.4,0.5
3721,317,6.725,45.47,1,98.5,91.5,1354,172.1,74.8,15.27,-34.688,4.367,4.196,185.0,184.2,71.0,1714,1,-31.4,0.5
3722,317,6.725,44.71,1,98.4,91.5,1352,172.1,74.7,14.94,-34.68,4.367,4.196,185.0,184.4,71.0,1714,1,-31.4,0.49
3723,317,6.725,44.44,1,98.1,91.4,1350,172.1,74.8,14.73,-34.664,4.367,4.196,185.0,184.6,71.0,1714,1,-31.4,0.51
3724,317,6.725,44.16,1,98.0,91.4,1349,172.3,74.7,14.2,-34.656,4.367,4.196,185.0,184.8,71.0,1714,1,-31.4,0.5
3725,317,6.725,46.52,1,97.7,91.3,1347,172.4,74.7,14.05,-34.656,4.367,4.196,185.0,185.0,71.0,1714,1,-31.4,0.5
3726,317,6.725,45.05,1,97.5,91.2,1345,172.4,74.6,13.66,-34.648,4.367,4.196,185.0,185.2,71.0,1714,1,-31.4,0.49
3727,317,6.725,45.24,1,97.2,91.10000000000001,1343,172.6,74.6,13.18,-34.641,4.367,4.196,185.0,185.3,71.0,1714,1,-31.4,0.5
3728,317,6.725,44.68,1,97.0,91.0,1340,172.7,74.5,13.1,-34.633,4.367,4.196,186.0,185.4,71.0,1714,1,-31.4,0.49
3729,317,6.725,44.47,1,96.89999999999999,91.0,1337,172.8,74.2,13.12,-34.625,4.367,4.196,186.0,185.6,71.0,1714,1,-31.4,0.5
3730,316,6.725,44.08,1,96.89999999999999,91.0,1335,172.9,74.4,13.1,-34.625,4.367,4.196,186.0,185.7,71.0,1714,1,-31.4,0.5
3731,316,6.725,44.21,1,96.8,91.0,1333,173.1,74.2,13.1,-34.617,4.363,4.196,186.0,185.8,71.0,1714,1,-31.4,0.51
3732,316,6.75,44.33,1,96.8,91.0,1332,173.3,74.1,13.15,-34.617,4.363,4.196,186.0,185.8,71.0,1714,1,-31.4,0.5
3733,316,6.725,44.03,1,96.8,91.0,1331,173.4,74.2,13.14,-34.617,4.367,4.196,186.0,185.9,71.0,1714,1,-31.4,0.49
3734,316,6.725,43.64,1,96.89999999999999,91.0,1332,173.5,74.2,13.56,-34.617,4.363,4.196,186.0,185.9,71.0,1714,1,-31.4,0.5
3735,316,6.725,44.28,1,97.2,91.2,1332,173.4,74.3,14.57,-34.617,4.363,4.196,185.0,185.9,71.0,1714,1,-31.4,0.5
3736,315,6.725,44.11,1,97.7,91.4,1335,173.6,74.5,15.21,-34.617,4.363,4.196,186.0,185.8,71.0,1714,1,-31.4,0.49
3737,315,6.725,44.17,1,98.1,91.5,1339,173.7,74.6,15.27,-34.609,4.367,4.196,186.0,185.8,71.0,1714,1,-31.4,0.49
3738,315,6.725,44.33,1,98.3,91.5,1341,173.9,74.6,15.63,-34.609,4.367,4.196,185.0,185.7,71.0,1714,1,-31.4,0.49
3739,315,6.725,44.8,1,98.6,91.60000000000001,1343,173.9,74.7,16.15,-34.602,4.367,4.196,185.0,185.7,71.0,1714,1,-31.4,0.49
3740,315,6.725,44.94,1,98.8,91.60000000000001,1346,173.9,74.8,16.18,-34.602,4.367,4.196,185.0,185.7,71.0,1714,1,-31.4,0.48
3741,315,6.725,44.44,1,98.9,91.7,1348,173.9,74.8,16.2,-34.594,4.367,4.196,185.0,185.6,71.0,1714,1,-31.4,0.5
3742,315,6.725,44.94,1,99.0,91.7,1350,173.9,74.8,16.88,-34.594,4.367,4.196,185.0,185.6,71.0,1714,1,-31.4,0.49
3743,315,6.725,45.76,1,99.3,91.8,1351,173.9,75.1,17.02,-34.586,4.367,4.196,185.0,185.6,71.0,1714,1,-31.3,0.49
3744,315,6.725,43.11,1,99.5,91.8,1353,173.8,75.0,17.02,-34.578,4.367,4.196,185.0,185.5,71.0,1714,1,-31.4,0.49
3745,315,6.725,43.06,1,99.5,91.8,1353,173.7,75.0,17.12,-34.578,4.367,4.196,185.0,185.5,71.0,1714,1,-31.4,0.5
3746,315,6.75,42.81,1,99.6,91.8,1354,173.6,75.0,17.38,-34.57,4.367,4.196,185.0,185.4,71.0,1714,1,-31.3,0.51
3747,314,6.725,43.04,1,99.8,92.0,1354,173.6,74.9,17.77,-34.57,4.363,4.196,185.0,185.4,71.0,1714,1,-31.3,0.51
3748,314,6.725,45.21,1,99.9,91.9,1356,173.5,75.1,17.78,-34.57,4.363,4.196,185.0,185.3,71.0,1714,1,-31.3,0.5
3749,314,6.75,45.97,1,100.1,92.0,1357,173.4,75.1,17.82,-34.57,4.363,4.196,185.0,185.3,71.0,1714,1,-31.3,0.51
3750,314,6.725,45.08,1,100.2,92.0,1359,173.3,75.3,18.36,-34.57,4.363,4.196,185.0,185.3,71.0,1714,1,-31.3,0.5
3751,314,6.725,44.57,1,100.4,92.0,1360,173.2,75.3,18.46,-34.57,4.363,4.196,185.0,185.3,71.0,1714,1,-31.3,0.5
3752,314,6.75,44.29,1,100.49999999999999,92.0,1362,173.1,75.3,18.48,-34.57,4.363,4.196,185.0,185.3,71.0,1714,1,-31.3,0.5
3753,314,6.725,44.95,1,100.49999999999999,92.0,1363,173.1,75.4,18.47,-34.57,4.363,4.196,185.0,185.3,71.0,1714,1,-31.3,0.5
3754,314,6.725,44.87,1,100.49999999999999,92.0,1363,173.0,75.3,18.46,-34.57,4.363,4.196,185.0,185.3,71.0,1714,1,-31.3,0.51
3755,315,6.725,43.53,1,100.49999999999999,92.10000000000001,1363,173.0,75.3,18.45,-34.57,4.363,4.196,185.0,185.3,71.0,1714,1,-31.3,0.51
3756,314,6.725,44.35,1,100.49999999999999,92.10000000000001,1364,173.1,75.4,18.44,-34.562,4.363,4.196,185.0,185.3,71.0,1714,1,-31.3,0.51
3757,314,6.725,43.02,1,100.49999999999999,92.0,1364,173.0,75.3,18.46,-34.555,4.363,4.196,185.0,185.3,71.0,1714,1,-31.3,0.51
3758,314,6.75,44.74,1,100.49999999999999,92.10000000000001,1364,172.9,75.3,18.47,-34.555,4.363,4.196,185.0,185.3,71.0,1714,1,-31.3,0.5
3759,314,6.75,44.52,1,100.49999999999999,92.0,1364,172.9,75.3,18.49,-34.555,4.367,4.196,185.0,185.2,71.0,1714,1,-31.3,0.51
3760,314,6.725,43.48,1,100.6,92.0,1365,172.7,75.3,18.47,-34.547,4.367,4.196,185.0,185.1,71.0,1714,1,-31.3,0.5
3761,314,6.75,43.45,1,100.49999999999999,92.10000000000001,1365,172.8,75.2,18.4,-34.547,4.363,4.196,185.0,185.0,71.0,1714,1,-31.3,0.5
3762,314,6.75,43.35,1,100.49999999999999,92.0,1365,172.7,75.2,18.46,-34.547,4.363,4.196,185.0,184.9,71.0,1714,1,-31.3,0.5
3763,314,6.725,43.35,1,100.49999999999999,92.0,1365,172.6,75.2,18.46,-34.547,4.363,4.196,184.0,184.6,71.0,1714,1,-31.3,0.51
3764,314,6.75,45.41,1,100.49999999999999,92.0,1365,172.6,75.2,18.29,-34.539,4.363,4.196,184.0,184.4,71.0,1714,1,-31.3,0.5
3765,314,6.75,46.55,1,100.29999999999998,91.9,1365,172.5,75.2,17.35,-34.539,4.363,4.196,183.0,184.1,71.0,1714,1,-31.3,0.5
3766,314,6.725,45.5,1,99.9,91.8,1363,172.5,75.3,16.93,-34.531,4.363,4.196,182.0,183.8,71.0,1714,1,-31.3,0.51
3767,314,6.725,44.94,1,99.6,91.8,1360,172.4,75.2,16.9,-34.547,4.363,4.196,182.0,183.5,71.0,1714,1,-31.3,0.51
3768,314,6.725,44.45,1,99.5,91.8,1359,172.4,75.0,16.84,-34.555,4.363,4.196,182.0,183.3,71.0,1714,1,-31.3,0.5
3769,314,6.725,43.17,1,99.4,91.7,1358,172.4,75.0,16.82,-34.555,4.363,4.196,182.0,183.0,71.0,1714,1,-31.3,0.5
3770,314,6.725,43.24,1,99.4,91.8,1357,172.4,75.1,16.8,-34.57,4.363,4.196,182.0,182.7,71.0,1714,1,-31.3,0.51
3771,314,6.75,46.65,1,99.4,91.8,1357,172.4,75.0,16.9,-34.578,4.363,4.196,182.0,182.4,71.0,1714,1,-31.3,0.5
3772,314,6.725,44.64,1,99.5,91.8,1357,172.3,75.0,17.81,-34.57,4.363,4.196,182.0,182.0,71.0,1714,1,-31.3,0.51
3773,314,6.725,43.3,1,100.1,92.0,1359,172.3,75.2,18.97,-34.578,4.363,4.196,181.0,181.6,71.0,1714,1,-31.3,0.5
3774,314,6.725,45.44,1,100.69999999999999,92.2,1362,172.3,75.2,19.7,-34.562,4.363,4.196,181.0,181.3,71.0,1714,1,-31.3,0.51
3775,314,6.725,43.04,1,101.2,92.30000000000001,1366,172.3,75.2,19.75,-34.555,4.367,4.196,180.0,180.9,71.0,1714,1,-31.3,0.51
3776,313,6.725,43.14,1,101.29999999999998,92.30000000000001,1368,172.4,75.3,19.72,-34.555,4.367,4.196,180.0,180.6,71.0,1714,1,-31.3,0.51
3777,313,6.725,44.92,1,101.4,92.30000000000001,1369,172.4,75.4,19.75,-34.539,4.367,4.196,180.0,180.2,71.0,1714,1,-31.3,0.5
3778,313,6.725,44.46,1,101.4,92.30000000000001,1370,172.4,75.3,19.74,-34.531,4.367,4.196,179.0,179.8,71.0,1714,1,-31.3,0.51
3779,313,6.725,44.43,1,101.49999999999999,92.30000000000001,1371,172.3,75.3,20.27,-34.531,4.367,4.196,179.0,179.4,71.0,1714,1,-31.3,0.5
3780,313,6.725,45.06,1,101.8,92.5,1373,172.2,75.5,20.84,-34.523,4.367,4.196,178.0,179.1,71.0,1714,1,-31.3,0.5
3781,313,6.725,44.42,1,102.0,92.5,1375,172.2,75.5,20.92,-34.516,4.367,4.196,178.0,178.7,71.0,1714,1,-31.3,0.5
3782,313,6.725,44.06,1,102.2,92.5,1377,172.2,75.5,20.96,-34.5,4.363,4.196,178.0,178.5,71.0,1714,1,-31.3,0.5
3783,313,6.725,44.51,1,102.2,92.5,1378,172.1,75.6,20.9,-34.492,4.363,4.196,178.0,178.3,71.0,1714,1,-31.3,0.5
3784,313,6.725,46.57,1,102.2,92.5,1379,172.0,75.6,20.93,-34.484,4.363,4.196,177.0,178.2,71.0,1714,1,-31.3,0.5
3785,313,6.725,45.13,1,102.2,92.5,1379,171.9,75.4,20.92,-34.484,4.363,4.196,177.0,178.1,71.0,1714,1,-31.3,0.51
3786,313,6.725,45.98,1,102.2,92.5,1380,171.8,75.6,20.91,-34.477,4.363,4.196,177.0,178.1,71.0,1714,1,-31.2,0.51
3787,313,6.725,45.69,1,102.2,92.5,1381,171.7,75.8,20.93,-34.469,4.363,4.196,178.0,178.2,71.0,1714,1,-31.2,0.51
3788,313,6.725,45.5,1,102.2,92.5,1381,171.7,75.7,20.93,-34.469,4.363,4.196,177.0,178.3,71.0,1714,1,-31.2,0.5
3789,313,6.725,46.59,1,102.2,92.5,1381,171.6,75.6,20.97,-34.461,4.367,4.196,178.0,178.5,71.0,1714,1,-31.3,0.51
3790,313,6.725,45.28,1,102.2,92.5,1381,171.6,75.4,20.96,-34.453,4.367,4.196,178.0,178.7,71.0,1714,1,-31.2,0.51
3791,313,6.725,43.15,1,102.2,92.5,1381,171.7,75.7,21.07,-34.445,4.367,4.196,179.0,179.0,71.0,1714,1,-31.2,0.5
3792,313,6.725,43.2,1,102.2,92.5,1381,171.7,75.6,21.17,-34.438,4.367,4.196,179.0,179.3,71.0,1714,1,-31.3,0.52
3793,313,6.75,43.14,1,102.2,92.5,1381,171.7,75.5,21.16,-34.43,4.367,4.196,179.0,179.5,71.0,1714,1,-31.2,0.51
3794,313,6.75,44.39,1,102.2,92.5,1381,171.7,75.5,21.17,-34.438,4.367,4.196,180.0,179.8,71.0,1714,1,-31.2,0.51
3795,313,6.725,44.57,1,102.2,92.5,1381,171.7,75.5,21.15,-34.438,4.367,4.196,180.0,180.0,71.0,1714,1,-31.2,0.52
3796,313,6.725,45.08,1,102.2,92.5,1382,171.7,75.6,21.13,-34.438,4.367,4.196,180.0,180.3,71.0,1714,1,-31.2,0.51
3797,313,6.725,45.35,1,102.2,92.5,1382,171.6,75.6,21.18,-34.43,4.367,4.196,180.0,180.6,71.0,1714,1,-31.2,0.52
3798,312,6.725,44.76,1,102.2,92.5,1383,171.4,75.7,21.19,-34.43,4.367,4.196,181.0,181.0,71.0,1714,1,-31.2,0.52
3799,313,6.725,43.87,1,102.2,92.5,1382,171.4,75.7,21.2,-34.43,4.367,4.196,182.0,181.3,71.0,1714,1,-31.2,0.51
3800,313,6.725,45.73,1,102.2,92.5,1382,171.4,75.6,21.17,-34.438,4.367,4.196,182.0,181.7,71.0,1714,1,-31.2,0.52
3801,312,6.725,45.66,1,102.2,92.5,1382,171.4,75.4,21.13,-34.438,4.367,4.196,182.0,182.0,71.0,1714,1,-31.2,0.51
3802,312,6.725,45.42,1,102.2,92.5,1382,171.4,75.4,21.19,-34.445,4.367,4.196,182.0,182.3,71.0,1714,1,-31.2,0.52
3803,312,6.725,43.16,1,102.2,92.5,1383,171.4,75.5,21.19,-34.445,4.367,4.196,182.0,182.6,71.0,1714,1,-31.2,0.51
3804,312,6.75,45.74,1,102.2,92.5,1383,171.4,75.5,21.26,-34.445,4.367,4.196,182.0,182.9,71.0,1714,1,-31.2,0.53
3805,312,6.725,45.67,1,102.2,92.5,1382,171.5,75.5,21.25,-34.445,4.367,4.196,182.0,183.1,71.0,1714,1,-31.2,0.53
3806,312,6.725,45.74,1,102.2,92.5,1382,171.5,75.5,21.2,-34.445,4.367,4.196,183.0,183.3,71.0,1714,1,-31.2,0.53
3807,312,6.75,45.78,1,102.3,92.60000000000001,1382,171.5,75.4,21.2,-34.445,4.367,4.196,183.0,183.3,71.0,1714,1,-31.2,0.52
3808,312,6.725,44.16,1,102.2,92.5,1383,171.5,75.5,21.17,-34.445,4.367,4.196,184.0,183.4,71.0,1714,1,-31.2,0.52
3809,312,6.725,45.94,1,102.2,92.5,1382,171.4,75.5,21.2,-34.445,4.367,4.196,184.0,183.5,71.0,1714,1,-31.2,0.5
3810,312,6.725,46.29,1,102.2,92.60000000000001,1382,171.3,75.4,21.2,-34.445,4.367,4.196,184.0,183.5,71.0,1714,1,-31.2,0.5
3811,312,6.725,44.2,1,102.2,92.5,1382,171.3,75.5,21.23,-34.453,4.367,4.196,184.0,183.5,71.0,1714,1,-31.2,0.52
3812,312,6.725,43.15,1,102.2,92.5,1382,171.3,75.6,21.21,-34.453,4.367,4.196,182.0,183.4,71.0,1714,1,-31.2,0.51
3813,312,6.725,45.53,1,102.2,92.5,1381,171.3,75.5,21.17,-34.453,4.367,4.196,182.0,183.3,71.0,1714,1,-31.2,0.5
3814,312,6.725,46.39,1,102.2,92.5,1381,171.3,75.6,21.19,-34.461,4.367,4.196,182.0,183.2,71.0,1714,1,-31.2,0.52
3815,312,6.725,46.12,1,102.2,92.5,1382,171.2,75.4,21.23,-34.461,4.367,4.196,182.0,183.1,71.0,1714,1,-31.2,0.5
3816,312,6.725,45.35,1,102.2,92.60000000000001,1382,171.1,75.6,21.2,-34.469,4.367,4.196,182.0,183.0,71.0,1714,1,-31.2,0.51
3817,312,6.725,44.72,1,102.2,92.5,1383,171.1,75.5,21.2,-34.469,4.367,4.196,182.0,182.8,71.0,1714,1,-31.2,0.52
3818,312,6.725,46.07,1,102.2,92.5,1382,171.1,75.6,21.23,-34.469,4.367,4.196,182.0,182.7,71.0,1714,1,-31.2,0.52
3819,312,6.725,44.62,1,102.2,92.5,1382,171.1,75.5,21.24,-34.469,4.367,4.196,182.0,182.5,71.0,1714,1,-31.2,0.51
3820,312,6.725,45.69,1,102.2,92.5,1382,171.2,75.4,21.23,-34.461,4.367,4.196,182.0,182.4,71.0,1714,1,-31.2,0.51
3821,312,6.725,46.25,1,102.2,92.5,1384,171.3,75.5,21.25,-34.461,4.367,4.196,182.0,182.2,71.0,1714,1,-31.2,0.51
3822,312,6.75,46.18,1,102.2,92.5,1384,171.4,75.5,21.22,-34.469,4.363,4.196,182.0,182.0,71.0,1714,1,-31.1,0.52
3823,312,6.725,45.68,1,102.2,92.5,1384,171.4,75.5,21.22,-34.469,4.363,4.196,181.0,181.8,71.0,1714,1,-31.2,0.51
3824,312,6.725,45.64,1,102.2,92.5,1383,171.3,75.4,21.27,-34.469,4.367,4.196,182.0,181.6,71.0,1714,1,-31.2,0.51
3825,312,6.725,43.29,1,102.2,92.5,1382,171.3,75.4,21.29,-34.469,4.367,4.196,181.0,181.4,71.0,1714,1,-31.2,0.51
3826,312,6.725,43.36,1,102.2,92.60000000000001,1382,171.3,75.6,21.23,-34.477,4.367,4.196,180.0,181.2,71.0,1714,1,-31.1,0.5
3827,312,6.725,45.69,1,102.2,92.60000000000001,1382,171.4,75.7,21.25,-34.469,4.367,4.196,180.0,181.0,71.0,1714,1,-31.2,0.51
3828,312,6.725,43.53,1,102.2,92.60000000000001,1383,171.4,75.5,21.23,-34.453,4.367,4.196,180.0,180.7,71.0,1714,1,-31.2,0.52
3829,312,6.725,46.06,1,102.2,92.60000000000001,1384,171.4,75.5,21.21,-34.43,4.367,4.196,180.0,180.5,71.0,1714,1,-31.2,0.51
3830,312,6.75,45.08,1,102.2,92.60000000000001,1384,171.4,75.6,20.75,-34.406,4.367,4.196,180.0,180.3,71.0,1714,1,-31.2,0.51
3831,312,6.725,45.1,1,102.0,92.5,1383,171.5,75.4,19.64,-34.383,4.367,4.196,180.0,180.1,71.0,1714,1,-31.1,0.51
3832,312,6.725,44.33,1,101.4,92.2,1381,171.6,75.3,18.53,-34.352,4.367,4.196,179.0,179.9,71.0,1714,1,-31.1,0.51
3833,312,6.725,47.02,1,100.8,92.10000000000001,1377,171.7,75.2,18.2,-34.328,4.367,4.196,179.0,179.7,71.0,1714,1,-31.1,0.51
3834,312,6.75,45.41,1,100.49999999999999,92.10000000000001,1374,171.7,75.4,18.23,-34.305,4.367,4.196,179.0,179.5,71.0,1714,1,-31.2,0.51
3835,312,6.725,43.82,1,100.4,92.10000000000001,1373,171.8,75.0,18.21,-34.273,4.367,4.196,179.0,179.4,71.0,1714,1,-31.1,0.51
3836,312,6.75,44.37,1,100.4,92.10000000000001,1372,171.7,75.1,18.21,-34.25,4.367,4.196,179.0,179.2,71.0,1714,1,-31.1,0.51
3837,312,6.75,46.63,1,100.4,92.10000000000001,1371,171.7,75.1,18.2,-34.219,4.367,4.196,179.0,179.1,71.0,1714,1,-31.1,0.52
3838,312,6.75,45.73,1,100.4,92.10000000000001,1371,171.8,75.0,18.21,-34.195,4.367,4.196,179.0,179.0,71.0,1714,1,-31.1,0.52
3839,312,6.725,45.82,1,100.29999999999998,92.10000000000001,1370,171.7,75.1,18.23,-34.164,4.367,4.196,178.0,178.9,71.0,1714,1,-31.1,0.52
3840,312,6.725,46.19,1,100.29999999999998,92.10000000000001,1370,171.9,75.1,18.22,-34.133,4.367,4.196,178.0,178.8,71.0,1714,1,-31.1,0.52
3841,312,6.75,44.89,1,100.4,92.10000000000001,1370,172.0,75.2,17.74,-34.102,4.367,4.196,178.0,178.7,71.0,1714,1,-31.1,0.52
3842,312,6.75,44.68,1,100.0,91.9,1368,172.0,75.2,16.7,-34.078,4.367,4.196,178.0,178.7,71.0,1714,1,-31.1,0.51
3843,312,6.725,44.36,1,99.5,91.8,1366,172.1,75.1,16.26,-34.062,4.371,4.196,178.0,178.6,71.0,1714,1,-31.1,0.5
3844,312,6.725,43.69,1,99.2,91.8,1363,172.2,74.9,16.22,-34.047,4.371,4.196,178.0,178.5,71.0,1714,1,-31.1,0.51
3845,312,6.75,45.35,1,99.1,91.8,1360,172.3,74.6,16.21,-34.031,4.371,4.196,178.0,178.4,71.0,1714,1,-31.1,0.51
3846,312,6.725,43.13,1,99.0,91.8,1359,172.3,74.7,16.24,-34.016,4.371,4.196,178.0,178.3,71.0,1714,1,-31.1,0.5
3847,312,6.725,45.26,1,99.0,91.8,1358,172.4,74.6,16.31,-34.0,4.371,4.196,177.0,178.2,71.0,1714,1,-31.1,0.51
3848,312,6.725,43.42,1,99.0,91.8,1358,172.4,74.7,16.24,-33.984,4.367,4.196,178.0,178.1,71.0,1714,1,-31.1,0.51
3849,312,6.725,43.61,1,99.0,91.8,1358,172.5,74.8,16.25,-33.969,4.367,4.196,177.0,177.9,71.0,1714,1,-31.1,0.52
3850,312,6.725,43.26,1,99.0,91.7,1357,172.5,74.9,16.22,-33.961,4.367,4.196,177.0,177.8,71.0,1714,1,-31.1,0.53
3851,312,6.725,43.62,1,99.0,91.8,1357,172.7,74.9,16.19,-33.953,4.367,4.196,177.0,177.6,71.0,1714,1,-31.1,0.52
3852,312,6.725,44.68,1,99.0,91.8,1357,172.7,74.8,16.21,-33.945,4.367,4.196,177.0,177.5,71.0,1714,1,-31.1,0.52
3853,312,6.725,44.3,1,99.0,91.8,1356,172.6,74.9,17.02,-33.945,4.367,4.196,177.0,177.3,71.0,1714,1,-31.1,0.5
3854,312,6.725,43.39,1,99.4,91.9,1357,172.7,74.9,17.12,-33.938,4.367,4.196,177.0,177.2,71.0,1714,1,-31.1,0.5
3855,311,6.725,43.21,1,99.5,91.9,1359,172.7,74.8,17.09,-33.938,4.367,4.196,177.0,177.1,71.0,1714,1,-31.1,0.51
3856,311,6.725,44.59,1,99.6,91.9,1359,172.8,74.9,17.12,-33.938,4.367,4.196,177.0,176.9,71.0,1714,1,-31.1,0.52
3857,311,6.725,46.34,1,99.6,91.9,1358,172.9,75.0,17.1,-33.945,4.367,4.196,176.0,176.8,71.0,1714,1,-31.1,0.51
3858,311,6.725,44.53,1,99.6,91.9,1359,173.0,75.1,17.13,-33.953,4.367,4.196,176.0,176.6,71.0,1714,1,-31.1,0.51
3859,311,6.725,45.55,1,99.6,91.9,1358,173.1,75.0,17.11,-33.969,4.367,4.196,176.0,176.5,71.0,1714,1,-31.1,0.51
3860,311,6.725,46.09,1,99.6,91.9,1359,173.0,75.0,17.09,-33.984,4.367,4.196,176.0,176.4,71.0,1714,1,-31.1,0.51
3861,311,6.725,45.34,1,99.6,91.9,1360,173.0,74.9,17.14,-34.0,4.367,4.196,175.0,176.3,71.0,1714,1,-31.1,0.51
3862,311,6.725,44.47,1,99.6,91.8,1360,173.0,74.9,17.2,-34.031,4.367,4.196,175.0,176.2,71.0,1714,1,-31.0,0.51
3863,311,6.75,46.55,1,99.7,91.9,1359,173.1,75.0,18.09,-34.047,4.367,4.196,176.0,176.2,71.0,1714,1,-31.0,0.51
3864,311,6.725,45.35,1,100.1,92.10000000000001,1360,173.0,75.1,18.52,-34.078,4.367,4.196,175.0,176.1,71.0,1714,1,-31.1,0.51
3865,311,6.725,44.48,1,100.4,92.10000000000001,1364,173.0,75.0,18.57,-34.102,4.367,4.196,175.0,176.1,71.0,1714,1,-31.0,0.52
3866,311,6.725,43.47,1,100.6,92.10000000000001,1366,172.9,75.2,18.61,-34.117,4.367,4.196,175.0,176.0,71.0,1714,1,-31.0,0.5
3867,311,6.725,44.02,1,100.6,92.10000000000001,1366,172.9,75.1,19.04,-34.148,4.367,4.196,175.0,176.0,71.0,1714,1,-31.0,0.51
3868,311,6.725,45.73,1,100.89999999999999,92.30000000000001,1366,173.0,75.3,19.45,-34.172,4.367,4.196,175.0,175.9,71.0,1714,1,-31.0,0.52
3869,311,6.725,45.02,1,101.1,92.30000000000001,1368,173.0,75.3,19.53,-34.203,4.367,4.196,175.0,175.9,71.0,1714,1,-31.0,0.51
3870,311,6.725,45.5,1,101.29999999999998,92.30000000000001,1369,172.9,75.2,20.11,-34.227,4.367,4.196,175.0,175.8,71.0,1714,1,-31.0,0.52
3871,311,6.725,46.63,1,101.6,92.4,1371,173.0,75.3,20.3,-34.242,4.367,4.196,175.0,175.7,71.0,1714,1,-31.0,0.51
3872,311,6.725,43.2,1,101.69999999999999,92.4,1373,173.0,75.4,20.25,-34.258,4.367,4.196,175.0,175.7,71.0,1714,1,-31.0,0.51
3873,311,6.725,45.44,1,101.69999999999999,92.4,1374,172.9,75.6,20.23,-34.273,4.367,4.196,175.0,175.7,71.0,1714,1,-31.0,0.51
3874,311,6.725,46.22,1,101.69999999999999,92.4,1375,172.9,75.4,20.2,-34.281,4.367,4.196,175.0,175.7,71.0,1714,1,-31.0,0.52
3875,311,6.725,44.68,1,101.69999999999999,92.4,1376,172.8,75.3,20.19,-34.281,4.367,4.196,175.0,175.7,71.0,1714,1,-31.0,0.51
3876,311,6.725,45.03,1,101.69999999999999,92.4,1377,172.8,75.4,20.23,-34.273,4.367,4.196,175.0,175.7,71.0,1714,1,-31.0,0.52
3877,311,6.725,44.62,1,101.8,92.5,1376,172.8,75.5,20.21,-34.273,4.367,4.196,175.0,175.7,71.0,1714,1,-31.0,0.52
3878,311,6.75,44.89,1,101.8,92.5,1377,172.8,75.4,20.26,-34.258,4.363,4.196,175.0,175.7,71.0,1714,1,-31.0,0.53
3879,311,6.75,44.89,1,101.8,92.5,1377,172.7,75.5,20.25,-34.258,4.363,4.196,175.0,175.7,71.0,1714,1,-31.0,0.51
3880,311,6.725,44.66,1,101.8,92.5,1377,172.6,75.6,20.75,-34.25,4.363,4.196,175.0,175.7,71.0,1714,1,-31.0,0.51
3881,311,6.75,44.92,1,102.0,92.60000000000001,1378,172.6,75.5,21.01,-34.242,4.363,4.196,175.0,175.7,71.0,1714,1,-31.0,0.51
3882,311,6.75,45.52,1,102.2,92.60000000000001,1379,172.6,75.6,21.05,-34.234,4.363,4.196,175.0,175.6,71.0,1714,1,-31.0,0.51
3883,311,6.725,45.89,1,102.2,92.60000000000001,1381,172.5,75.6,21.03,-34.219,4.363,4.196,175.0,175.6,71.0,1714,1,-31.0,0.51
3884,311,6.725,46.17,1,102.2,92.60000000000001,1382,172.5,75.7,21.03,-34.211,4.367,4.196,175.0,175.6,71.0,1714,1,-31.0,0.51
3885,311,6.75,45.32,1,102.2,92.60000000000001,1382,172.3,75.6,21.04,-34.195,4.367,4.196,175.0,175.6,71.0,1714,1,-31.0,0.51
3886,311,6.725,46.21,1,102.2,92.60000000000001,1383,172.3,75.5,20.91,-34.172,4.367,4.196,175.0,175.6,71.0,1713,1,-31.0,0.5
3887,311,6.725,44.39,1,102.2,92.60000000000001,1383,172.3,75.5,19.99,-34.156,4.367,4.196,175.0,175.6,71.0,1713,1,-31.0,0.52
3888,311,6.725,44.95,1,101.69999999999999,92.30000000000001,1382,172.3,75.4,18.96,-34.141,4.367,4.196,175.0,175.6,71.0,1714,1,-31.0,0.51
3889,311,6.75,45.28,1,101.1,92.2,1379,172.3,75.3,18.83,-34.133,4.367,4.196,175.0,175.6,71.0,1714,1,-31.0,0.51
3890,311,6.725,44.59,1,100.89999999999999,92.2,1375,172.3,75.3,18.78,-34.125,4.367,4.196,175.0,175.6,71.0,1714,1,-31.0,0.51
3891,311,6.725,44.78,1,100.8,92.2,1373,172.3,75.2,18.75,-34.125,4.367,4.196,175.0,175.6,71.0,1714,1,-31.0,0.51
3892,311,6.75,46.44,1,100.8,92.2,1372,172.3,75.2,18.76,-34.117,4.367,4.196,175.0,175.6,71.0,1714,1,-31.0,0.52
3893,311,6.725,44.07,1,100.69999999999999,92.2,1371,172.2,75.3,18.77,-34.109,4.367,4.196,175.0,175.6,71.0,1714,1,-31.0,0.51
3894,311,6.725,44.79,1,100.69999999999999,92.10000000000001,1371,172.3,75.2,18.2,-34.102,4.367,4.196,175.0,175.5,71.0,1714,1,-30.9,0.5
3895,311,6.75,44.41,1,100.49999999999999,92.10000000000001,1370,172.3,75.2,18.11,-34.102,4.367,4.196,175.0,175.5,71.0,1714,1,-30.9,0.52
3896,311,6.75,44.67,1,100.4,92.10000000000001,1369,172.3,75.1,18.1,-34.094,4.367,4.196,175.0,175.5,71.0,1714,1,-30.9,0.51
3897,311,6.725,42.9,1,100.29999999999998,92.10000000000001,1368,172.3,75.0,18.11,-34.086,4.367,4.196,175.0,175.4,71.0,1714,1,-30.9,0.5
3898,311,6.725,44.68,1,100.29999999999998,92.10000000000001,1368,172.4,75.0,18.04,-34.078,4.367,4.196,175.0,175.4,71.0,1714,1,-30.9,0.51
3899,311,6.75,45.08,1,100.29999999999998,92.10000000000001,1368,172.5,75.2,18.06,-34.07,4.367,4.196,175.0,175.3,71.0,1714,1,-30.9,0.51
3900,312,6.725,44.64,1,100.29999999999998,92.10000000000001,1368,172.5,75.3,18.06,-34.055,4.367,4.196,175.0,175.3,71.0,1713,1,-30.9,0.52
3901,312,6.725,44.68,1,100.29999999999998,92.10000000000001,1368,172.6,75.1,18.12,-34.047,4.367,4.196,175.0,175.3,71.0,1713,1,-30.9,0.53
3902,312,6.725,44.35,1,100.29999999999998,92.10000000000001,1368,172.7,75.3,18.1,-34.031,4.367,4.196,175.0,175.2,71.0,1713,1,-30.9,0.52
3903,312,6.75,43.94,1,100.29999999999998,92.10000000000001,1368,172.7,75.2,18.08,-34.023,4.367,4.196,175.0,175.2,71.0,1713,1,-30.9,0.52
3904,312,6.725,43.73,1,100.29999999999998,92.10000000000001,1367,172.7,75.2,18.09,-34.016,4.367,4.196,175.0,175.1,71.0,1713,1,-30.9,0.51
3905,312,6.725,44.98,1,100.29999999999998,92.10000000000001,1367,172.7,75.0,18.06,-34.008,4.367,4.196,174.0,175.0,71.0,1713,1,-30.9,0.52
3906,312,6.725,45.11,1,100.29999999999998,92.0,1367,172.7,75.1,18.1,-34.0,4.367,4.196,174.0,174.9,71.0,1713,1,-30.9,0.5
3907,312,6.725,44.37,1,100.29999999999998,92.10000000000001,1366,172.7,75.1,18.1,-33.992,4.367,4.196,174.0,174.9,71.0,1713,1,-30.9,0.51
3908,312,6.725,44.53,1,100.29999999999998,92.10000000000001,1366,172.8,75.1,18.05,-33.984,4.367,4.196,175.0,174.8,71.0,1713,1,-30.9,0.51
3909,312,6.725,44.54,1,100.29999999999998,92.10000000000001,1366,172.9,75.1,18.12,-33.984,4.367,4.196,174.0,174.8,71.0,1713,1,-30.9,0.52
3910,311,6.725,44.97,1,100.29999999999998,92.10000000000001,1366,172.8,75.1,18.09,-33.992,4.367,4.196,174.0,174.7,71.0,1713,1,-30.9,0.53
3911,311,6.725,44.65,1,100.29999999999998,92.10000000000001,1366,172.8,75.2,18.12,-33.992,4.367,4.196,174.0,174.7,71.0,1713,1,-30.9,0.53
3912,311,6.725,44.84,1,100.29999999999998,92.0,1366,172.9,75.1,17.55,-34.0,4.367,4.196,174.0,174.7,71.0,1713,1,-30.9,0.52
3913,311,6.725,43.28,1,99.9,91.8,1365,172.8,75.0,16.46,-34.008,4.367,4.196,174.0,174.6,71.0,1713,1,-30.9,0.52
3914,311,6.725,42.82,1,99.3,91.7,1361,172.8,74.9,15.53,-34.023,4.367,4.196,174.0,174.6,71.0,1713,1,-30.9,0.51
3915,311,6.75,42.85,1,98.8,91.60000000000001,1357,172.8,74.8,15.18,-34.039,4.367,4.196,174.0,174.4,71.0,1713,1,-30.9,0.53
3916,311,6.75,44.34,1,98.4,91.5,1355,172.9,74.8,14.25,-34.055,4.367,4.196,174.0,174.3,71.0,1713,1,-30.9,0.52
3917,311,6.725,44.12,1,97.89999999999999,91.3,1352,173.0,74.6,14.03,-34.078,4.367,4.196,174.0,174.3,71.0,1713,1,-30.9,0.5
3918,311,6.725,44.09,1,97.6,91.3,1349,173.0,74.5,14.06,-34.102,4.367,4.196,174.0,174.2,71.0,1713,1,-30.9,0.5
3919,311,6.725,43.99,1,97.5,91.3,1347,173.1,74.5,14.02,-34.109,4.367,4.196,174.0,174.1,71.0,1713,1,-30.9,0.5
3920,311,6.75,43.53,1,97.5,91.3,1346,173.3,74.6,14.04,-34.125,4.367,4.196,174.0,174.1,71.0,1713,1,-30.9,0.5
3921,311,6.725,43.58,1,97.5,91.3,1344,173.4,74.6,14.04,-34.141,4.367,4.196,174.0,174.1,71.0,1713,1,-30.9,0.51
3922,311,6.725,43.5,1,97.5,91.3,1344,173.6,74.6,14.02,-34.148,4.367,4.196,174.0,174.0,71.0,1713,1,-30.9,0.51
3923,311,6.725,43.43,1,97.5,91.3,1343,173.7,74.5,14.0,-34.156,4.363,4.196,174.0,174.0,71.0,1713,1,-30.9,0.52
3924,310,6.725,43.62,1,97.5,91.3,1342,173.7,74.5,14.05,-34.172,4.363,4.196,174.0,174.0,71.0,1713,1,-30.8,0.51
3925,310,6.725,43.26,1,97.5,91.2,1342,173.8,74.6,14.03,-34.18,4.363,4.196,174.0,173.9,71.0,1713,1,-30.8,0.51
3926,310,6.725,43.2,1,97.5,91.3,1342,173.8,74.5,14.01,-34.195,4.363,4.196,173.0,173.9,71.0,1713,1,-30.9,0.51
3927,310,6.725,43.19,1,97.5,91.2,1342,173.8,74.4,14.04,-34.203,4.363,4.196,173.0,173.8,71.0,1713,1,-30.8,0.51
3928,310,6.725,44.77,1,97.5,91.3,1341,173.9,74.5,14.05,-34.211,4.363,4.196,173.0,173.7,71.0,1713,1,-30.8,0.52
3929,310,6.725,44.54,1,97.5,91.2,1340,174.0,74.5,14.02,-34.227,4.367,4.196,173.0,173.7,71.0,1713,1,-30.8,0.52
3930,310,6.725,45.99,1,97.5,91.2,1340,174.0,74.4,14.06,-34.242,4.367,4.196,173.0,173.6,71.0,1713,1,-30.8,0.53
3931,310,6.725,45.61,1,97.39999999999999,91.2,1340,174.1,74.5,13.48,-34.258,4.367,4.196,172.0,173.5,71.0,1713,1,-30.8,0.52
3932,310,6.75,45.19,1,97.1,91.0,1337,174.1,74.3,12.68,-34.281,4.367,4.196,173.0,173.5,71.0,1713,1,-30.8,0.52
3933,309,6.725,45.45,1,96.7,90.9,1334,174.1,74.1,12.57,-34.305,4.367,4.196,173.0,173.5,71.0,1713,1,-30.8,0.52
3934,309,6.725,43.34,1,96.5,90.8,1331,174.1,74.3,12.55,-34.336,4.367,4.196,173.0,173.5,71.0,1713,1,-30.8,0.51
3935,309,6.725,43.09,1,96.5,90.8,1328,174.1,74.1,12.57,-34.367,4.363,4.196,173.0,173.5,71.0,1713,1,-30.8,0.53
3936,309,6.75,43.17,1,96.39999999999999,90.8,1327,174.1,74.2,12.54,-34.406,4.363,4.196,173.0,173.4,71.0,1713,1,-30.8,0.51
3937,308,6.75,44.19,1,96.39999999999999,90.8,1326,174.2,74.1,12.57,-34.43,4.363,4.196,172.0,173.4,71.0,1713,1,-30.8,0.51
3938,308,6.75,44.49,1,96.39999999999999,90.8,1325,174.2,74.1,12.54,-34.453,4.363,4.196,173.0,173.2,71.0,1713,1,-30.8,0.51
3939,308,6.725,44.12,1,96.39999999999999,90.7,1324,174.2,74.0,12.57,-34.492,4.363,4.196,172.0,173.1,71.0,1713,1,-30.8,0.51
3940,308,6.725,45.3,1,96.39999999999999,90.7,1325,174.3,74.1,12.57,-34.516,4.363,4.196,173.0,173.1,71.0,1713,1,-30.8,0.52
3941,308,6.75,44.21,1,96.39999999999999,90.7,1324,174.4,74.1,12.58,-34.547,4.363,4.196,172.0,173.0,71.0,1713,1,-30.8,0.52
3942,307,6.725,45.32,1,96.39999999999999,90.7,1324,174.5,74.0,12.59,-34.578,4.363,4.196,172.0,172.9,71.0,1713,1,-30.8,0.52
3943,307,6.725,44.43,1,96.39999999999999,90.7,1323,174.5,74.1,12.53,-34.617,4.363,4.196,172.0,172.8,71.0,1713,1,-30.8,0.52
3944,307,6.725,44.25,1,96.39999999999999,90.7,1323,174.5,74.2,12.55,-34.641,4.363,4.196,172.0,172.7,71.0,1713,1,-30.8,0.52
3945,307,6.725,44.11,1,96.39999999999999,90.7,1323,174.5,74.1,12.58,-34.68,4.363,4.196,172.0,172.5,71.0,1713,1,-30.8,0.53
3946,307,6.725,45.46,1,96.39999999999999,90.7,1323,174.5,74.2,12.55,-34.711,4.363,4.196,172.0,172.4,71.0,1713,1,-30.8,0.52
3947,307,6.725,44.25,1,96.39999999999999,90.7,1323,174.5,74.1,12.55,-34.742,4.359,4.196,172.0,172.3,71.0,1713,1,-30.8,0.52
3948,307,6.725,45.06,1,96.5,90.7,1322,174.5,74.1,12.87,-34.773,4.359,4.196,171.0,172.2,71.0,1713,1,-30.8,0.51
3949,306,6.725,45.07,1,96.6,90.9,1322,174.5,74.1,13.87,-34.797,4.359,4.196,171.0,172.1,71.0,1713,1,-30.8,0.51
3950,306,6.75,45.32,1,97.2,91.2,1325,174.5,74.4,14.94,-34.82,4.359,4.196,171.0,172.0,71.0,1713,1,-30.7,0.51
3951,306,6.725,44.93,1,97.8,91.4,1330,174.4,74.6,15.13,-34.828,4.363,4.196,171.0,171.9,71.0,1713,1,-30.8,0.52
3952,306,6.725,44.13,1,98.1,91.4,1335,174.5,74.6,15.18,-34.844,4.363,4.196,171.0,171.8,71.0,1713,1,-30.8,0.52
3953,306,6.725,44.4,1,98.2,91.4,1337,174.5,74.7,15.18,-34.844,4.363,4.196,171.0,171.7,71.0,1713,1,-30.7,0.51
3954,306,6.725,43.34,1,98.2,91.4,1338,174.5,74.7,15.14,-34.859,4.363,4.196,171.0,171.6,71.0,1713,1,-30.7,0.52
3955,306,6.725,43.35,1,98.2,91.3,1339,174.4,74.7,15.16,-34.875,4.363,4.196,171.0,171.5,71.0,1713,1,-30.7,0.53
3956,306,6.725,45.6,1,98.3,91.4,1339,174.3,74.7,15.36,-34.883,4.363,4.196,171.0,171.4,71.0,1713,1,-30.8,0.52
3957,306,6.725,44.56,1,98.4,91.5,1341,174.3,74.7,16.32,-34.891,4.363,4.196,171.0,171.3,71.0,1713,1,-30.7,0.53
3958,306,6.725,44.83,1,98.9,91.60000000000001,1344,174.3,74.7,16.62,-34.906,4.363,4.196,171.0,171.2,71.0,1713,1,-30.7,0.51
3959,306,6.725,45.59,1,99.1,91.60000000000001,1346,174.2,74.8,16.7,-34.906,4.363,4.196,171.0,171.1,71.0,1713,1,-30.7,0.5
3960,306,6.725,45.35,1,99.3,91.7,1348,174.0,75.1,17.34,-34.906,4.363,4.196,170.0,171.1,71.0,1713,1,-30.7,0.51
3961,306,6.725,45.51,1,99.6,91.7,1350,173.9,75.2,17.41,-34.906,4.363,4.196,171.0,171.0,71.0,1713,1,-30.7,0.5
3962,306,6.725,44.88,1,99.7,91.8,1351,173.8,75.1,17.44,-34.914,4.363,4.196,171.0,171.0,71.0,1713,1,-30.7,0.52
3963,306,6.725,45.04,1,99.8,91.8,1352,173.8,75.0,17.52,-34.914,4.363,4.196,171.0,170.9,71.0,1713,1,-30.7,0.52
3964,306,6.725,45.58,1,99.8,91.7,1352,173.7,75.1,17.48,-34.914,4.363,4.196,171.0,170.9,71.0,1713,1,-30.7,0.52
3965,306,6.725,44.95,1,99.8,91.8,1353,173.6,75.2,17.43,-34.914,4.363,4.196,171.0,170.9,71.0,1713,1,-30.7,0.5
3966,306,6.75,45.05,1,99.8,91.8,1354,173.5,75.2,17.51,-34.922,4.363,4.196,171.0,171.0,71.0,1713,1,-30.7,0.51
3967,306,6.725,44.6,1,99.9,91.8,1354,173.3,75.3,17.53,-34.922,4.363,4.196,171.0,170.9,71.0,1713,1,-30.7,0.49
3968,306,6.725,44.57,1,99.9,91.8,1354,173.2,75.2,17.38,-34.922,4.363,4.196,171.0,170.9,71.0,1713,1,-30.7,0.5
3969,306,6.75,45.24,1,99.8,91.8,1354,173.1,75.0,17.38,-34.922,4.367,4.196,170.0,171.0,71.0,1713,1,-30.7,0.5
3970,306,6.725,44.99,1,99.8,91.8,1355,172.9,75.0,17.32,-34.922,4.367,4.196,170.0,171.0,71.0,1713,1,-30.7,0.51
3971,306,6.725,44.86,1,99.8,91.8,1355,172.8,75.0,17.51,-34.93,4.363,4.196,171.0,171.0,71.0,1713,1,-30.7,0.51
3972,306,6.725,45.75,1,99.8,91.8,1355,172.7,75.0,17.59,-34.938,4.363,4.196,171.0,171.0,71.0,1713,1,-30.7,0.5
3973,306,6.75,45.58,1,99.9,91.8,1355,172.6,75.0,17.46,-34.938,4.363,4.196,170.0,170.9,71.0,1713,1,-30.7,0.52
3974,306,6.725,45.24,1,99.8,91.8,1357,172.6,75.1,17.43,-34.945,4.363,4.196,170.0,170.9,71.0,1713,1,-30.7,0.51
3975,306,6.725,45.1,1,99.8,91.8,1357,172.4,75.1,17.48,-34.953,4.363,4.196,171.0,170.9,71.0,1713,1,-30.7,0.51
3976,306,6.75,45.88,1,99.9,91.8,1357,172.5,75.2,17.44,-34.961,4.363,4.196,171.0,170.9,71.0,1713,1,-30.7,0.52
3977,306,6.725,45.35,1,99.8,91.8,1356,172.3,75.1,17.47,-34.969,4.363,4.196,171.0,170.9,71.0,1713,1,-30.7,0.51
3978,306,6.725,45.77,1,99.9,91.8,1355,172.3,75.1,17.46,-34.977,4.363,4.196,171.0,170.9,71.0,1713,1,-30.7,0.51
3979,306,6.725,44.59,1,99.8,91.8,1356,172.2,75.0,17.43,-34.977,4.367,4.196,171.0,170.9,71.0,1713,1,-30.7,0.52
3980,306,6.725,44.73,1,99.8,91.7,1357,172.1,75.1,17.4,-34.984,4.367,4.196,171.0,170.9,71.0,1713,1,-30.7,0.53
3981,306,6.725,44.54,1,99.8,91.8,1357,172.1,75.0,17.45,-34.992,4.367,4.196,171.0,170.9,71.0,1713,1,-30.7,0.51
3982,306,6.725,44.08,1,99.8,91.8,1357,172.1,75.1,17.48,-35.0,4.367,4.196,171.0,170.9,71.0,1713,1,-30.7,0.51
3983,306,6.725,43.17,1,99.8,91.8,1357,172.0,75.1,17.39,-35.0,4.367,4.196,170.0,170.8,71.0,1713,1,-30.7,0.51
3984,306,6.725,44.45,1,99.9,91.8,1357,172.0,75.2,17.5,-35.008,4.367,4.196,171.0,170.8,71.0,1713,1,-30.7,0.51
3985,306,6.725,44.59,1,99.9,91.8,1357,172.0,75.0,17.43,-35.0,4.367,4.196,170.0,170.8,71.0,1713,1,-30.7,0.51
3986,306,6.75,44.81,1,99.8,91.7,1357,172.0,75.1,17.43,-35.0,4.367,4.196,170.0,170.7,71.0,1713,1,-30.7,0.51
3987,306,6.725,44.72,1,99.8,91.8,1356,171.9,75.2,17.49,-35.0,4.363,4.196,170.0,170.7,71.0,1713,1,-30.7,0.51
3988,306,6.725,45.47,1,99.8,91.8,1355,171.9,75.1,17.32,-34.992,4.367,4.196,170.0,170.7,71.0,1713,1,-30.7,0.51
3989,306,6.75,45.17,1,99.9,91.8,1356,171.8,75.0,17.98,-34.992,4.363,4.196,171.0,170.7,71.0,1713,1,-30.7,0.51
3990,306,6.75,45.36,1,100.1,91.9,1358,171.8,75.1,18.22,-34.992,4.363,4.196,170.0,170.7,71.0,1713,1,-30.7,0.51
3991,306,6.725,45.46,1,100.29999999999998,91.9,1360,171.8,75.2,18.25,-34.984,4.363,4.196,171.0,170.7,71.0,1713,1,-30.7,0.52
3992,306,6.725,45.42,1,100.4,92.0,1360,171.8,75.3,18.83,-34.984,4.363,4.196,171.0,170.7,71.0,1713,1,-30.7,0.52
3993,306,6.725,46.06,1,100.69999999999999,92.0,1362,171.7,75.3,18.91,-34.977,4.363,4.196,170.0,170.7,71.0,1713,1,-30.7,0.52
3994,306,6.725,44.82,1,100.8,92.0,1363,171.8,75.2,18.9,-34.969,4.367,4.196,171.0,170.7,71.0,1713,1,-30.7,0.52
3995,306,6.725,43.27,1,100.89999999999999,92.10000000000001,1364,171.7,75.2,19.5,-34.961,4.367,4.196,171.0,170.6,71.0,1713,1,-30.7,0.51
3996,306,6.75,44.84,1,101.1,92.2,1365,171.7,75.3,19.63,-34.953,4.367,4.196,170.0,170.4,71.0,1713,1,-30.7,0.51
3997,306,6.75,45.27,1,101.29999999999998,92.2,1367,171.7,75.3,19.77,-34.953,4.367,4.196,170.0,170.2,71.0,1713,1,-30.7,0.51
3998,306,6.725,44.0,1,101.49999999999999,92.30000000000001,1368,171.6,75.6,20.47,-34.945,4.367,4.196,169.0,170.0,71.0,1713,1,-30.7,0.51
3999,306,6.725,44.62,1,101.8,92.4,1370,171.6,75.6,20.57,-34.938,4.367,4.196,169.0,169.7,71.0,1713,1,-30.7,0.52
4000,306,6.75,44.64,1,101.89999999999999,92.4,1372,171.6,75.4,20.89,-34.938,4.367,4.196,169.0,169.4,71.0,1713,1,-30.7,0.52
4001,306,6.725,45.45,1,102.1,92.4,1374,171.6,75.6,21.22,-34.938,4.367,4.196,168.0,169.0,71.0,1713,1,-30.7,0.53
4002,306,6.725,45.44,1,102.2,92.4,1375,171.5,75.6,21.29,-34.93,4.363,4.196,168.0,168.7,71.0,1713,1,-30.7,0.52
4003,306,6.725,46.05,1,102.2,92.4,1376,171.4,75.5,21.27,-34.93,4.367,4.196,168.0,168.3,71.0,1713,1,-30.7,0.51
4004,306,6.725,44.63,1,102.2,92.4,1377,171.3,75.6,21.3,-34.93,4.367,4.196,167.0,167.9,71.0,1713,1,-30.7,0.52
4005,306,6.725,45.53,1,102.2,92.4,1378,171.3,75.7,21.39,-34.938,4.367,4.196,166.0,167.5,71.0,1713,1,-30.7,0.52
4006,306,6.75,44.51,1,102.2,92.4,1378,171.2,75.6,21.32,-34.945,4.367,4.196,166.0,167.1,71.0,1713,1,-30.7,0.52
4007,306,6.725,45.73,1,102.2,92.4,1379,171.2,75.6,21.34,-34.945,4.367,4.196,166.0,166.6,71.0,1713,1,-30.7,0.52
4008,306,6.725,45.26,1,102.2,92.4,1379,171.0,75.7,21.41,-34.938,4.363,4.196,165.0,166.3,71.0,1713,1,-30.7,0.52
4009,306,6.725,45.03,1,102.2,92.5,1379,170.9,75.6,21.34,-34.945,4.367,4.196,165.0,165.8,71.0,1713,1,-30.7,0.52
4010,306,6.75,44.67,1,102.2,92.4,1378,170.9,75.6,21.38,-34.945,4.367,4.196,165.0,165.4,71.0,1713,1,-30.7,0.51
4011,306,6.75,45.91,1,102.2,92.5,1378,170.8,75.6,21.4,-34.945,4.367,4.196,164.0,165.1,71.0,1713,1,-30.7,0.51
4012,306,6.725,45.14,1,102.2,92.4,1379,170.7,75.6,21.34,-34.945,4.367,4.196,164.0,164.7,71.0,1713,1,-30.7,0.5
4013,306,6.725,43.61,1,102.2,92.5,1380,170.6,75.7,21.39,-34.945,4.367,4.196,163.0,164.3,71.0,1713,1,-30.7,0.5
4014,306,6.75,46.34,1,102.2,92.4,1380,170.6,75.6,21.45,-34.945,4.367,4.196,163.0,163.9,71.0,1713,1,-30.7,0.5
4015,306,6.725,45.8,1,102.2,92.4,1380,170.6,75.6,21.46,-34.945,4.367,4.196,163.0,163.6,71.0,1713,1,-30.7,0.5
4016,306,6.725,44.88,1,102.3,92.5,1380,170.6,75.6,21.36,-34.938,4.367,4.196,162.0,163.2,71.0,1713,1,-30.7,0.5
4017,306,6.725,44.72,1,102.2,92.5,1379,170.6,75.6,21.41,-34.93,4.367,4.196,162.0,162.9,71.0,1713,1,-30.7,0.51
4018,306,6.75,46.75,1,102.2,92.4,1380,170.6,75.6,21.43,-34.922,4.367,4.196,162.0,162.5,71.0,1713,1,-30.7,0.5
4019,306,6.725,45.92,1,102.2,92.5,1380,170.6,75.6,21.41,-34.914,4.367,4.196,161.0,162.3,71.0,1713,1,-30.7,0.5
4020,306,6.725,46.26,1,102.2,92.5,1381,170.7,75.5,20.72,-34.898,4.367,4.196,161.0,162.0,71.0,1713,1,-30.7,0.5
4021,306,6.725,46.67,1,102.0,92.30000000000001,1381,170.8,75.4,20.29,-34.883,4.367,4.196,160.0,161.7,71.0,1713,1,-30.7,0.5
4022,306,6.725,46.97,1,101.8,92.30000000000001,1379,170.8,75.3,20.26,-34.875,4.367,4.196,160.0,161.4,71.0,1713,1,-30.7,0.48
4023,306,6.725,44.98,1,101.8,92.30000000000001,1378,170.8,75.3,20.3,-34.875,4.367,4.196,160.0,161.2,71.0,1713,1,-30.7,0.49
4024,306,6.725,44.76,1,101.89999999999999,92.4,1378,170.7,75.4,20.25,-34.867,4.367,4.196,160.0,160.9,71.0,1713,1,-30.7,0.49
4025,306,6.725,46.34,1,101.8,92.4,1378,170.8,75.4,19.98,-34.859,4.367,4.196,160.0,160.7,71.0,1713,1,-30.7,0.5
4026,306,6.75,45.21,1,101.6,92.30000000000001,1378,170.7,75.3,19.89,-34.844,4.367,4.196,159.0,160.5,71.0,1713,1,-30.7,0.49
4027,306,6.75,46.16,1,101.6,92.30000000000001,1377,170.4,75.2,19.86,-34.828,4.367,4.196,159.0,160.2,71.0,1713,1,-30.7,0.5
4028,306,6.725,45.59,1,101.49999999999999,92.30000000000001,1375,170.4,75.4,19.78,-34.82,4.367,4.196,159.0,160.0,71.0,1713,1,-30.7,0.5
4029,306,6.725,45.75,1,101.49999999999999,92.30000000000001,1375,170.4,75.4,19.82,-34.805,4.367,4.196,159.0,159.8,71.0,1713,1,-30.7,0.51
4030,306,6.725,45.25,1,101.49999999999999,92.30000000000001,1375,170.4,75.3,19.83,-34.797,4.367,4.196,159.0,159.6,71.0,1713,1,-30.7,0.51
4031,306,6.725,45.14,1,101.49999999999999,92.30000000000001,1375,170.5,75.4,19.83,-34.789,4.367,4.196,159.0,159.5,71.0,1713,1,-30.7,0.51
4032,306,6.725,45.4,1,101.4,92.2,1375,170.6,75.4,19.8,-34.773,4.367,4.196,159.0,159.3,71.0,1713,1,-30.7,0.5
4033,306,6.725,45.24,1,101.49999999999999,92.30000000000001,1375,170.7,75.4,19.83,-34.766,4.367,4.196,158.0,159.2,71.0,1713,1,-30.7,0.51
4034,306,6.725,45.5,1,101.49999999999999,92.30000000000001,1375,170.8,75.5,19.8,-34.758,4.367,4.196,158.0,159.1,71.0,1713,1,-30.7,0.51
4035,306,6.725,45.04,1,101.49999999999999,92.30000000000001,1374,170.8,75.3,19.83,-34.742,4.367,4.196,158.0,158.9,71.0,1713,1,-30.7,0.51
4036,306,6.725,44.51,1,101.49999999999999,92.2,1374,170.8,75.3,19.8,-34.734,4.367,4.196,158.0,158.8,71.0,1713,1,-30.7,0.52
4037,306,6.75,45.2,1,101.49999999999999,92.30000000000001,1373,170.8,75.4,19.81,-34.727,4.367,4.196,158.0,158.7,71.0,1713,1,-30.7,0.51
4038,306,6.725,45.29,1,101.49999999999999,92.30000000000001,1374,170.8,75.5,20.43,-34.727,4.367,4.196,158.0,158.5,71.0,1713,1,-30.7,0.51
4039,306,6.725,44.39,1,101.8,92.5,1375,170.8,75.6,21.16,-34.727,4.367,4.196,157.0,158.4,71.0,1713,1,-30.7,0.51
4040,306,6.75,44.1,1,102.1,92.5,1378,170.8,75.5,21.16,-34.719,4.367,4.196,157.0,158.3,71.0,1713,1,-30.7,0.5
4041,306,6.725,44.61,1,102.2,92.4,1380,170.7,75.7,21.25,-34.727,4.367,4.196,157.0,158.2,71.0,1713,1,-30.7,0.5
4042,307,6.725,44.92,1,102.2,92.5,1379,170.7,75.5,21.23,-34.719,4.363,4.196,157.0,158.1,71.0,1713,1,-30.7,0.5
4043,307,6.725,45.31,1,102.2,92.5,1379,170.7,75.5,21.19,-34.727,4.363,4.196,157.0,158.1,71.0,1713,1,-30.7,0.51
4044,307,6.725,46.02,1,102.2,92.5,1379,170.7,75.5,21.21,-34.734,4.363,4.196,157.0,158.0,71.0,1713,1,-30.7,0.51
4045,307,6.725,44.56,1,102.2,92.5,1380,170.5,75.5,21.2,-34.742,4.367,4.196,157.0,157.9,71.0,1713,1,-30.7,0.51
4046,307,6.725,43.52,1,102.2,92.5,1380,170.5,75.5,21.19,-34.742,4.367,4.196,157.0,157.8,71.0,1713,1,-30.7,0.51
4047,307,6.725,46.48,1,102.2,92.5,1380,170.6,75.4,21.2,-34.75,4.367,4.196,157.0,157.8,71.0,1713,1,-30.7,0.51
4048,307,6.725,45.14,1,102.2,92.5,1380,170.6,75.6,21.19,-34.75,4.367,4.196,157.0,157.7,71.0,1713,1,-30.7,0.51
4049,307,6.725,43.68,1,102.2,92.5,1381,170.7,75.5,21.19,-34.758,4.363,4.196,157.0,157.7,71.0,1713,1,-30.7,0.52
4050,307,6.725,44.57,1,102.2,92.5,1381,170.6,75.5,21.19,-34.758,4.363,4.196,157.0,157.6,71.0,1713,1,-30.7,0.5
4051,307,6.725,45.24,1,102.2,92.5,1381,170.6,75.5,21.24,-34.758,4.363,4.196,157.0,157.6,71.0,1713,1,-30.7,0.52
4052,307,6.725,45.87,1,102.2,92.5,1381,170.7,75.4,21.16,-34.758,4.363,4.196,156.0,157.6,71.0,1713,1,-30.7,0.52
4053,307,6.725,44.47,1,102.2,92.5,1380,170.7,75.4,21.17,-34.766,4.363,4.196,157.0,157.6,71.0,1713,1,-30.7,0.5
4054,307,6.75,44.8,1,102.3,92.5,1380,170.8,75.5,21.25,-34.773,4.363,4.196,157.0,157.6,71.0,1713,1,-30.7,0.51
4055,307,6.75,44.77,1,102.2,92.5,1380,170.7,75.7,21.25,-34.781,4.363,4.196,157.0,157.6,71.0,1713,1,-30.7,0.51
4056,307,6.725,45.57,1,102.2,92.5,1380,170.7,75.6,21.22,-34.781,4.367,4.196,157.0,157.6,71.0,1713,1,-30.7,0.49
4057,308,6.725,44.62,1,102.2,92.5,1380,170.8,75.6,20.88,-34.781,4.367,4.196,157.0,157.6,71.0,1713,1,-30.7,0.49
4058,308,6.75,45.47,1,102.1,92.4,1380,170.7,75.6,19.88,-34.789,4.367,4.196,157.0,157.6,71.0,1713,1,-30.7,0.5
4059,308,6.725,45.56,1,101.6,92.30000000000001,1378,170.8,75.4,19.6,-34.789,4.367,4.196,157.0,157.6,71.0,1713,1,-30.7,0.5
4060,308,6.725,45.06,1,101.4,92.2,1377,170.8,75.4,19.58,-34.789,4.367,4.196,157.0,157.6,71.0,1713,1,-30.7,0.5
4061,308,6.75,44.49,1,101.4,92.2,1375,170.9,75.4,19.61,-34.789,4.367,4.196,157.0,157.6,71.0,1713,1,-30.7,0.5
4062,308,6.75,45.94,1,101.29999999999998,92.2,1375,170.9,75.3,19.58,-34.789,4.367,4.196,157.0,157.7,71.0,1713,1,-30.7,0.51
4063,308,6.725,43.78,1,101.29999999999998,92.30000000000001,1375,170.9,75.4,19.57,-34.789,4.367,4.196,157.0,157.7,71.0,1713,1,-30.7,0.51
4064,308,6.725,44.7,1,101.29999999999998,92.2,1374,171.0,75.2,19.02,-34.789,4.367,4.196,157.0,157.7,71.0,1713,1,-30.7,0.51
4065,308,6.75,46.03,1,101.0,92.10000000000001,1372,170.9,75.1,18.52,-34.781,4.367,4.196,157.0,157.7,71.0,1713,1,-30.7,0.51
4066,308,6.75,44.52,1,100.69999999999999,92.0,1369,171.0,75.2,18.48,-34.781,4.367,4.196,157.0,157.7,71.0,1713,1,-30.7,0.5
4067,308,6.725,44.59,1,100.6,92.0,1367,171.0,75.3,18.43,-34.789,4.367,4.196,157.0,157.7,71.0,1713,1,-30.7,0.5
4068,308,6.725,44.83,1,100.49999999999999,92.0,1366,171.1,75.2,18.16,-34.789,4.367,4.196,157.0,157.7,71.0,1713,1,-30.7,0.51
4069,308,6.725,43.51,1,100.29999999999998,91.9,1365,171.2,75.0,17.46,-34.781,4.367,4.196,157.0,157.7,71.0,1713,1,-30.7,0.5
4070,308,6.75,43.84,1,100.0,91.9,1362,171.2,75.1,17.39,-34.781,4.367,4.196,157.0,157.7,71.0,1713,1,-30.7,0.48
4071,308,6.75,43.72,1,99.8,91.8,1360,171.3,75.0,16.75,-34.781,4.367,4.196,157.0,157.6,71.0,1713,1,-30.7,0.5
4072,308,6.725,42.95,1,99.5,91.7,1358,171.3,75.0,16.59,-34.781,4.371,4.196,157.0,157.6,71.0,1713,1,-30.7,0.49
4073,308,6.725,44.57,1,99.3,91.7,1356,171.3,74.9,16.57,-34.781,4.371,4.196,157.0,157.5,71.0,1713,1,-30.7,0.49
4074,308,6.725,44.43,1,99.3,91.7,1356,171.5,74.9,16.26,-34.781,4.371,4.196,157.0,157.4,71.0,1713,1,-30.7,0.48
4075,308,6.725,45.27,1,99.0,91.60000000000001,1356,171.6,74.8,15.96,-34.781,4.371,4.196,157.0,157.4,71.0,1713,1,-30.7,0.5
4076,308,6.725,44.41,1,98.9,91.60000000000001,1355,171.6,74.7,15.92,-34.781,4.367,4.196,157.0,157.4,71.0,1713,1,-30.7,0.49
4077,307,6.725,44.29,1,98.8,91.60000000000001,1353,171.7,74.7,15.94,-34.789,4.371,4.196,157.0,157.3,71.0,1713,1,-30.7,0.49
4078,307,6.725,44.37,1,98.8,91.60000000000001,1352,171.7,74.8,15.92,-34.797,4.371,4.196,157.0,157.3,71.0,1713,1,-30.7,0.49
4079,307,6.725,44.26,1,98.8,91.5,1351,171.8,74.7,15.35,-34.797,4.367,4.196,156.0,157.2,71.0,1713,1,-30.7,0.49
4080,307,6.725,44.95,1,98.5,91.4,1350,171.8,74.6,15.22,-34.797,4.367,4.196,156.0,157.2,71.0,1713,1,-30.7,0.49
4081,307,6.725,44.29,1,98.4,91.5,1349,172.0,74.7,15.17,-34.805,4.367,4.196,156.0,157.2,71.0,1713,1,-30.7,0.49
4082,307,6.725,44.29,1,98.3,91.4,1348,172.1,74.7,15.17,-34.812,4.367,4.196,157.0,157.2,71.0,1713,1,-30.7,0.49
4083,307,6.725,44.69,1,98.2,91.4,1347,172.2,74.6,15.18,-34.82,4.367,4.196,156.0,157.1,71.0,1713,1,-30.7,0.5
4084,307,6.725,44.59,1,98.2,91.4,1347,172.2,74.7,15.12,-34.836,4.367,4.196,156.0,157.1,71.0,1713,1,-30.7,0.5
4085,307,6.725,44.02,1,98.2,91.4,1346,172.3,74.7,15.15,-34.852,4.367,4.196,156.0,157.1,71.0,1713,1,-30.7,0.5
4086,307,6.725,44.19,1,98.2,91.4,1345,172.4,74.8,15.3,-34.867,4.367,4.196,156.0,157.1,71.0,1713,1,-30.7,0.5
4087,307,6.725,44.36,1,98.5,91.60000000000001,1345,172.5,74.8,17.1,-34.883,4.367,4.196,156.0,157.0,71.0,1713,1,-30.7,0.49
4088,307,6.725,44.42,1,99.3,91.9,1347,172.6,75.0,18.45,-34.898,4.367,4.196,156.0,157.0,71.0,1713,1,-30.7,0.51
4089,307,6.725,45.55,1,100.1,92.0,1352,172.6,75.3,18.77,-34.906,4.367,4.196,156.0,156.9,71.0,1713,1,-30.7,0.49
4090,307,6.725,44.76,1,100.49999999999999,92.0,1356,172.5,75.1,18.98,-34.914,4.367,4.196,156.0,156.9,71.0,1713,1,-30.7,0.49
4091,307,6.725,46.54,1,100.89999999999999,92.10000000000001,1359,172.6,75.3,19.92,-34.93,4.367,4.196,156.0,156.8,71.0,1713,1,-30.7,0.49
4092,307,6.725,47.16,1,101.29999999999998,92.2,1362,172.7,75.4,20.17,-34.938,4.367,4.196,156.0,156.7,71.0,1713,1,-30.7,0.51
4093,307,6.725,44.43,1,101.6,92.30000000000001,1365,172.8,75.5,20.21,-34.953,4.367,4.196,156.0,156.7,71.0,1713,1,-30.7,0.5
4094,307,6.725,44.71,1,101.69999999999999,92.30000000000001,1368,172.7,75.5,20.19,-34.961,4.367,4.196,156.0,156.7,71.0,1713,1,-30.7,0.5
4095,307,6.725,46.27,1,101.69999999999999,92.30000000000001,1369,172.6,75.4,20.21,-34.977,4.367,4.196,156.0,156.6,71.0,1713,1,-30.7,0.51
4096,307,6.725,45.3,1,101.8,92.30000000000001,1369,172.5,75.4,20.24,-34.992,4.367,4.196,156.0,156.6,71.0,1713,1,-30.7,0.51
4097,307,6.725,46.14,1,101.69999999999999,92.30000000000001,1370,172.4,75.5,20.19,-34.992,4.367,4.196,156.0,156.6,71.0,1713,1,-30.7,0.5
4098,307,6.725,46.14,1,101.69999999999999,92.30000000000001,1371,172.4,75.5,20.22,-35.0,4.367,4.196,156.0,156.5,71.0,1713,1,-30.7,0.49
4099,307,6.725,44.4,1,101.69999999999999,92.4,1371,172.2,75.4,20.2,-35.0,4.367,4.196,156.0,156.5,71.0,1713,1,-30.7,0.49
4100,307,6.725,44.9,1,101.69999999999999,92.30000000000001,1372,172.0,75.6,20.16,-35.0,4.367,4.196,156.0,156.5,71.0,1713,1,-30.7,0.49
4101,307,6.75,44.97,1,101.69999999999999,92.30000000000001,1372,171.9,75.5,20.19,-35.008,4.367,4.196,156.0,156.4,71.0,1713,1,-30.7,0.49
4102,307,6.725,45.07,1,101.69999999999999,92.30000000000001,1373,172.0,75.4,20.19,-35.0,4.367,4.196,156.0,156.3,71.0,1713,1,-30.7,0.49
4103,307,6.725,46.12,1,101.69999999999999,92.30000000000001,1374,171.9,75.4,20.18,-35.0,4.367,4.196,155.0,156.2,71.0,1713,1,-30.7,0.49
4104,307,6.75,46.25,1,101.69999999999999,92.30000000000001,1374,172.0,75.5,20.21,-34.992,4.367,4.196,156.0,156.0,71.0,1713,1,-30.7,0.49
4105,307,6.725,46.37,1,101.69999999999999,92.30000000000001,1375,172.0,75.5,19.9,-34.984,4.367,4.196,155.0,155.8,72.0,1713,1,-30.7,0.5
4106,307,6.725,44.53,1,101.6,92.2,1374,171.9,75.5,19.63,-34.969,4.367,4.196,154.0,155.6,71.0,1713,1,-30.7,0.49
4107,307,6.75,45.3,1,101.4,92.2,1373,171.8,75.5,19.57,-34.961,4.367,4.196,154.0,155.4,72.0,1713,1,-30.7,0.49
4108,307,6.75,45.34,1,101.29999999999998,92.2,1371,171.8,75.6,19.57,-34.953,4.367,4.196,154.0,155.1,72.0,1713,1,-30.7,0.5
4109,307,6.725,45.11,1,101.29999999999998,92.2,1372,171.9,75.3,19.62,-34.945,4.367,4.196,154.0,154.9,71.0,1713,1,-30.7,0.5
4110,307,6.725,44.3,1,101.29999999999998,92.30000000000001,1371,171.8,75.4,19.26,-34.93,4.367,4.196,154.0,154.6,72.0,1713,1,-30.7,0.51
4111,307,6.725,44.54,1,101.1,92.10000000000001,1371,171.8,75.3,19.15,-34.914,4.367,4.196,154.0,154.3,72.0,1713,1,-30.7,0.49
4112,307,6.725,44.79,1,101.0,92.10000000000001,1370,171.7,75.2,19.1,-34.898,4.367,4.196,153.0,154.0,72.0,1713,1,-30.7,0.5
4113,307,6.725,45.16,1,101.0,92.10000000000001,1369,171.7,75.3,19.11,-34.883,4.367,4.196,153.0,153.7,72.0,1713,1,-30.7,0.5
4114,307,6.725,44.07,1,101.0,92.10000000000001,1369,171.6,75.2,19.14,-34.867,4.367,4.196,152.0,153.4,72.0,1713,1,-30.7,0.5
4115,307,6.725,45.57,1,100.89999999999999,92.10000000000001,1368,171.6,75.2,18.78,-34.852,4.367,4.196,152.0,153.1,72.0,1713,1,-30.7,0.49
4116,307,6.725,43.18,1,100.8,92.10000000000001,1368,171.6,75.2,18.77,-34.836,4.367,4.196,151.0,152.8,72.0,1713,1,-30.7,0.51
4117,307,6.725,45.4,1,100.8,92.10000000000001,1367,171.6,75.1,18.76,-34.82,4.367,4.196,151.0,152.4,72.0,1713,1,-30.7,0.51
4118,307,6.725,44.6,1,100.8,92.10000000000001,1367,171.5,75.1,18.72,-34.805,4.367,4.196,151.0,152.1,72.0,1713,1,-30.7,0.5
4119,307,6.75,45.88,1,100.69999999999999,92.10000000000001,1367,171.5,75.2,18.17,-34.797,4.367,4.196,151.0,151.8,72.0,1713,1,-30.7,0.5
4120,307,6.725,43.85,1,100.4,92.0,1366,171.3,75.0,18.09,-34.781,4.367,4.196,150.0,151.5,72.0,1713,1,-30.7,0.5
4121,307,6.725,43.6,1,100.29999999999998,92.0,1366,171.4,75.1,18.11,-34.773,4.367,4.196,150.0,151.2,72.0,1713,1,-30.7,0.5
4122,307,6.75,45.5,1,100.29999999999998,92.0,1364,171.6,75.1,18.06,-34.766,4.367,4.196,150.0,150.9,72.0,1713,1,-30.7,0.51
4123,307,6.725,44.41,1,100.29999999999998,92.0,1364,171.8,75.1,18.06,-34.758,4.367,4.196,149.0,150.7,72.0,1713,1,-30.7,0.51
4124,307,6.725,44.75,1,100.29999999999998,92.0,1364,171.8,75.1,18.09,-34.75,4.367,4.196,149.0,150.4,72.0,1713,1,-30.7,0.5
4125,307,6.75,44.91,1,100.29999999999998,92.0,1364,171.8,75.1,18.06,-34.742,4.367,4.196,149.0,150.1,72.0,1713,1,-30.7,0.5
4126,307,6.725,44.56,1,100.29999999999998,92.0,1363,171.9,75.2,18.1,-34.734,4.367,4.196,149.0,149.9,72.0,1713,1,-30.8,0.5
4127,307,6.725,44.44,1,100.2,92.0,1363,171.9,75.2,18.09,-34.734,4.367,4.196,148.0,149.6,72.0,1713,1,-30.7,0.49
4128,307,6.725,44.71,1,100.2,92.0,1363,172.0,75.2,18.08,-34.727,4.367,4.196,148.0,149.4,72.0,1713,1,-30.8,0.48
4129,307,6.725,44.94,1,100.2,92.0,1363,172.0,75.1,18.06,-34.719,4.367,4.196,148.0,149.1,72.0,1713,1,-30.7,0.48
4130,307,6.725,44.67,1,100.29999999999998,92.0,1363,172.1,75.3,18.04,-34.719,4.367,4.196,147.0,148.9,72.0,1713,1,-30.7,0.48
4131,307,6.725,45.7,1,100.29999999999998,92.0,1362,172.0,75.3,18.05,-34.703,4.367,4.196,147.0,148.7,72.0,1713,1,-30.8,0.48
4132,307,6.725,45.77,1,100.29999999999998,92.0,1363,172.0,75.1,18.11,-34.695,4.367,4.196,147.0,148.5,72.0,1713,1,-30.7,0.48
4133,307,6.725,44.68,1,100.29999999999998,92.0,1363,172.0,75.2,18.08,-34.688,4.367,4.196,147.0,148.3,72.0,1713,1,-30.7,0.49
4134,306,6.725,45.1,1,100.29999999999998,92.0,1363,172.0,75.2,18.09,-34.68,4.367,4.196,147.0,148.1,72.0,1713,1,-30.7,0.49
4135,306,6.725,43.64,1,100.2,91.9,1363,172.0,75.2,18.12,-34.68,4.367,4.196,146.0,147.9,72.0,1713,1,-30.7,0.49
4136,306,6.725,44.33,1,100.29999999999998,92.0,1362,172.1,75.3,18.08,-34.672,4.367,4.196,146.0,147.7,72.0,1713,1,-30.7,0.49
4137,306,6.75,44.81,1,100.29999999999998,92.0,1361,172.1,75.1,18.07,-34.68,4.367,4.196,147.0,147.5,72.0,1713,1,-30.8,0.49
4138,306,6.725,45.23,1,100.2,91.9,1362,172.1,75.1,18.1,-34.68,4.367,4.196,146.0,147.4,72.0,1713,1,-30.7,0.49
4139,306,6.725,44.49,1,100.29999999999998,92.0,1362,172.1,75.1,18.09,-34.68,4.367,4.196,146.0,147.2,72.0,1713,1,-30.7,0.49
4140,306,6.75,44.57,1,100.29999999999998,92.0,1362,172.1,75.2,18.1,-34.68,4.367,4.196,146.0,147.1,72.0,1713,1,-30.7,0.5
4141,306,6.725,44.65,1,100.2,91.9,1362,172.1,75.2,17.5,-34.68,4.367,4.196,146.0,146.9,72.0,1713,1,-30.8,0.5
4142,306,6.725,44.45,1,99.9,91.8,1362,172.1,75.2,17.43,-34.68,4.367,4.196,146.0,146.8,72.0,1712,1,-30.7,0.49
4143,306,6.725,44.4,1,99.9,91.9,1361,172.2,74.9,17.41,-34.688,4.367,4.196,146.0,146.7,72.0,1712,1,-30.7,0.49
4144,306,6.725,43.7,1,99.8,91.8,1360,172.2,75.0,17.23,-34.688,4.367,4.196,146.0,146.6,71.0,1712,1,-30.7,0.49
4145,306,6.725,45.81,1,99.6,91.7,1359,172.2,75.0,16.57,-34.688,4.367,4.196,146.0,146.5,72.0,1712,1,-30.7,0.49
4146,306,6.725,43.48,1,99.4,91.7,1357,172.1,75.1,16.41,-34.695,4.367,4.196,145.0,146.4,72.0,1712,1,-30.7,0.49
4147,306,6.725,44.42,1,99.2,91.7,1356,172.1,75.0,16.47,-34.695,4.367,4.196,145.0,146.3,71.0,1712,1,-30.7,0.49
4148,306,6.75,44.88,1,99.2,91.7,1356,172.2,75.0,16.47,-34.695,4.367,4.196,145.0,146.2,71.0,1712,1,-30.8,0.49
4149,306,6.725,44.18,1,99.2,91.7,1355,172.1,74.9,16.44,-34.695,4.367,4.196,144.0,146.1,71.0,1712,1,-30.7,0.49
4150,306,6.725,44.84,1,99.2,91.7,1355,172.1,74.9,16.49,-34.688,4.367,4.196,144.0,146.0,72.0,1712,1,-30.7,0.49
4151,306,6.75,46.06,1,99.1,91.7,1355,172.0,74.9,16.45,-34.68,4.367,4.196,144.0,145.9,72.0,1712,1,-30.8,0.49
4152,306,6.725,44.67,1,99.1,91.7,1354,172.0,74.8,16.39,-34.68,4.367,4.196,144.0,145.9,72.0,1712,1,-30.7,0.49
4153,306,6.725,44.11,1,99.1,91.7,1355,172.0,74.9,16.47,-34.68,4.367,4.196,144.0,145.8,72.0,1712,1,-30.8,0.49
4154,306,6.725,43.39,1,99.2,91.7,1354,172.0,74.9,16.47,-34.672,4.367,4.196,144.0,145.7,72.0,1712,1,-30.7,0.5
4155,306,6.725,43.32,1,99.2,91.7,1354,172.0,74.8,16.5,-34.664,4.367,4.196,144.0,145.6,71.0,1712,1,-30.8,0.5
4156,306,6.75,43.22,1,99.2,91.7,1354,172.0,74.9,16.44,-34.664,4.367,4.196,144.0,145.5,72.0,1712,1,-30.8,0.5
4157,305,6.725,43.39,1,99.1,91.7,1355,172.1,74.9,16.45,-34.656,4.367,4.196,144.0,145.3,71.0,1712,1,-30.7,0.48
4158,305,6.725,43.17,1,99.1,91.60000000000001,1354,172.2,74.8,15.64,-34.648,4.367,4.196,144.0,145.2,72.0,1712,1,-30.8,0.5
4159,305,6.725,44.74,1,98.7,91.5,1353,172.3,74.9,15.5,-34.641,4.367,4.196,144.0,145.0,71.0,1712,1,-30.7,0.49
4160,305,6.725,43.18,1,98.6,91.60000000000001,1351,172.3,74.8,15.46,-34.633,4.367,4.196,144.0,144.9,71.0,1712,1,-30.8,0.5
4161,305,6.725,44.64,1,98.5,91.5,1350,172.3,74.8,15.47,-34.617,4.367,4.196,144.0,144.7,71.0,1712,1,-30.8,0.49
4162,305,6.725,44.49,1,98.5,91.60000000000001,1350,172.4,75.0,15.48,-34.602,4.367,4.196,144.0,144.6,71.0,1712,1,-30.7,0.49
4163,305,6.725,44.27,1,98.5,91.5,1350,172.5,74.8,15.5,-34.586,4.367,4.196,144.0,144.5,72.0,1712,1,-30.7,0.5
4164,305,6.725,43.4,1,98.5,91.60000000000001,1349,172.6,74.9,15.5,-34.578,4.367,4.196,144.0,144.4,71.0,1712,1,-30.7,0.49
4165,305,6.75,45.11,1,98.5,91.5,1348,172.6,74.8,15.47,-34.57,4.367,4.196,144.0,144.3,71.0,1712,1,-30.8,0.5
4166,305,6.725,43.13,1,98.4,91.5,1348,172.6,74.7,15.47,-34.57,4.367,4.196,144.0,144.2,71.0,1712,1,-30.8,0.49
4167,305,6.725,43.08,1,98.5,91.5,1348,172.6,74.6,15.47,-34.57,4.367,4.196,144.0,144.1,71.0,1712,1,-30.8,0.5
4168,305,6.75,44.56,1,98.5,91.5,1347,172.7,74.8,15.48,-34.578,4.367,4.196,144.0,144.0,71.0,1712,1,-30.7,0.48
4169,305,6.75,45.36,1,98.5,91.60000000000001,1347,172.6,74.7,16.22,-34.578,4.367,4.196,144.0,143.9,71.0,1712,1,-30.7,0.48
4170,305,6.725,45.29,1,98.9,91.7,1348,172.6,74.9,16.88,-34.586,4.367,4.196,144.0,143.8,71.0,1712,1,-30.8,0.5
4171,305,6.725,45.04,1,99.3,91.8,1351,172.7,74.9,16.94,-34.586,4.367,4.196,143.0,143.7,71.0,1712,1,-30.8,0.5
4172,305,6.75,45.41,1,99.4,91.8,1353,172.7,75.0,16.97,-34.594,4.367,4.196,143.0,143.5,71.0,1712,1,-30.7,0.5
4173,305,6.725,43.66,1,99.5,91.8,1354,172.7,74.9,16.99,-34.594,4.367,4.196,142.0,143.3,71.0,1712,1,-30.7,0.5
4174,304,6.725,43.44,1,99.5,91.8,1354,172.7,75.0,16.98,-34.602,4.367,4.196,142.0,143.1,71.0,1712,1,-30.7,0.5
4175,304,6.725,43.91,1,99.6,91.8,1354,172.6,75.1,17.73,-34.602,4.367,4.196,142.0,142.8,71.0,1712,1,-30.7,0.51
4176,304,6.75,44.0,1,99.9,91.9,1355,172.5,75.1,17.96,-34.602,4.367,4.196,142.0,142.5,71.0,1712,1,-30.8,0.5
4177,304,6.725,44.64,1,100.1,92.0,1358,172.5,75.1,18.0,-34.602,4.367,4.196,141.0,142.2,71.0,1712,1,-30.7,0.5
4178,304,6.725,44.86,1,100.2,91.9,1360,172.4,75.2,18.02,-34.602,4.367,4.196,140.0,141.8,71.0,1712,1,-30.7,0.5
4179,304,6.75,44.93,1,100.2,91.9,1360,172.3,75.3,18.03,-34.602,4.367,4.196,140.0,141.4,71.0,1712,1,-30.7,0.49
4180,304,6.725,44.36,1,100.29999999999998,92.0,1360,172.3,75.1,18.68,-34.594,4.367,4.196,140.0,141.1,71.0,1712,1,-30.7,0.49
4181,304,6.725,44.79,1,100.6,92.2,1362,172.1,75.2,19.2,-34.594,4.367,4.196,139.0,140.7,71.0,1712,1,-30.8,0.5
4182,304,6.725,44.83,1,100.89999999999999,92.2,1364,172.1,75.3,19.28,-34.594,4.367,4.196,139.0,140.3,71.0,1712,1,-30.7,0.49
4183,304,6.725,44.15,1,101.0,92.2,1366,172.0,75.3,19.25,-34.586,4.367,4.196,139.0,139.9,71.0,1712,1,-30.7,0.51
4184,304,6.725,45.69,1,101.0,92.2,1367,172.0,75.3,19.26,-34.594,4.367,4.196,138.0,139.5,71.0,1712,1,-30.7,0.5
4185,304,6.725,44.75,1,101.1,92.10000000000001,1368,171.9,75.4,19.45,-34.594,4.367,4.196,137.0,139.2,71.0,1712,1,-30.8,0.5
4186,304,6.725,46.05,1,101.2,92.2,1368,171.8,75.4,19.63,-34.594,4.367,4.196,137.0,138.8,71.0,1712,1,-30.7,0.49
4187,305,6.725,44.91,1,101.29999999999998,92.30000000000001,1370,171.9,75.6,19.66,-34.594,4.367,4.196,137.0,138.5,71.0,1712,1,-30.7,0.49
4188,305,6.725,45.22,1,101.29999999999998,92.30000000000001,1371,171.9,75.5,20.08,-34.586,4.367,4.196,136.0,138.3,71.0,1712,1,-30.7,0.49
4189,305,6.725,45.08,1,101.6,92.4,1372,171.9,75.4,20.36,-34.586,4.367,4.196,136.0,138.1,71.0,1712,1,-30.8,0.48
4190,305,6.725,45.63,1,101.8,92.4,1374,171.7,75.4,20.45,-34.594,4.367,4.196,136.0,138.0,71.0,1712,1,-30.7,0.48
4191,304,6.725,43.84,1,101.8,92.4,1375,171.7,75.5,20.39,-34.594,4.367,4.196,136.0,137.8,71.0,1712,1,-30.8,0.5
4192,304,6.725,45.61,1,101.89999999999999,92.4,1376,171.7,75.6,20.3,-34.586,4.367,4.196,136.0,137.7,71.0,1712,1,-30.7,0.49
4193,304,6.75,44.8,1,101.89999999999999,92.4,1377,171.6,75.5,20.76,-34.578,4.367,4.196,136.0,137.7,71.0,1712,1,-30.8,0.5
4194,304,6.725,44.66,1,102.1,92.5,1378,171.4,75.5,21.23,-34.57,4.367,4.196,136.0,137.7,71.0,1712,1,-30.7,0.49
4195,304,6.725,45.86,1,102.2,92.5,1379,171.4,75.4,21.27,-34.562,4.367,4.196,136.0,137.7,71.0,1712,1,-30.8,0.49
4196,304,6.75,46.09,1,102.2,92.5,1380,171.3,75.6,21.27,-34.555,4.363,4.196,136.0,137.7,71.0,1712,1,-30.7,0.49
4197,305,6.725,45.17,1,102.2,92.5,1380,171.2,75.6,21.26,-34.547,4.363,4.196,137.0,137.8,71.0,1712,1,-30.8,0.49
4198,305,6.725,45.87,1,102.2,92.5,1381,171.1,75.5,21.24,-34.547,4.367,4.196,137.0,138.0,71.0,1712,1,-30.7,0.49
4199,305,6.725,45.55,1,102.2,92.5,1382,171.1,75.5,21.32,-34.547,4.367,4.196,137.0,138.1,71.0,1712,1,-30.8,0.49
4200,305,6.725,43.2,1,102.2,92.5,1381,171.0,75.5,21.34,-34.555,4.367,4.196,137.0,138.3,71.0,1712,1,-30.7,0.5
4201,305,6.75,45.2,1,102.2,92.5,1380,171.0,75.6,21.33,-34.555,4.367,4.196,137.0,138.4,71.0,1712,1,-30.7,0.51
4202,305,6.75,45.54,1,102.2,92.5,1380,171.1,75.7,21.3,-34.547,4.367,4.196,138.0,138.5,71.0,1712,1,-30.7,0.49
4203,305,6.725,45.12,1,102.2,92.5,1380,171.0,75.7,21.45,-34.555,4.367,4.196,138.0,138.7,71.0,1712,1,-30.7,0.49
4204,305,6.725,46.32,1,102.2,92.5,1380,171.0,75.5,21.29,-34.57,4.367,4.196,138.0,138.8,71.0,1712,1,-30.7,0.49
4205,305,6.75,45.15,1,102.2,92.5,1381,170.9,75.5,20.71,-34.586,4.367,4.196,138.0,139.0,71.0,1712,1,-30.7,0.49
4206,305,6.725,45.47,1,102.1,92.4,1381,171.0,75.4,20.67,-34.594,4.367,4.196,139.0,139.2,71.0,1712,1,-30.8,0.48
4207,305,6.725,44.56,1,102.1,92.5,1380,171.0,75.5,20.7,-34.617,4.367,4.196,139.0,139.4,71.0,1712,1,-30.7,0.49
4208,305,6.725,46.81,1,102.1,92.4,1380,171.0,75.4,20.58,-34.633,4.367,4.196,139.0,139.6,71.0,1712,1,-30.7,0.49
4209,305,6.725,45.02,1,102.0,92.4,1379,171.0,75.3,20.63,-34.648,4.367,4.196,139.0,139.7,71.0,1712,1,-30.7,0.49
4210,305,6.725,46.59,1,102.0,92.4,1379,171.0,75.3,20.66,-34.672,4.367,4.196,139.0,139.9,71.0,1712,1,-30.7,0.48
4211,305,6.725,46.0,1,102.1,92.4,1379,170.9,75.5,20.7,-34.688,4.367,4.196,140.0,140.1,71.0,1712,1,-30.7,0.48
4212,305,6.725,46.14,1,102.1,92.4,1379,170.9,75.5,20.63,-34.711,4.363,4.196,140.0,140.2,71.0,1712,1,-30.8,0.48
4213,305,6.725,46.25,1,102.1,92.4,1379,170.8,75.5,20.6,-34.727,4.363,4.196,140.0,140.3,71.0,1712,1,-30.7,0.48
4214,306,6.725,44.58,1,102.0,92.4,1379,170.8,75.4,20.64,-34.75,4.363,4.196,140.0,140.4,71.0,1712,1,-30.8,0.47
4215,306,6.725,44.68,1,102.0,92.4,1379,170.8,75.4,20.68,-34.773,4.363,4.196,140.0,140.4,71.0,1712,1,-30.7,0.48
4216,306,6.725,44.78,1,102.0,92.4,1379,170.8,75.5,20.64,-34.797,4.363,4.196,140.0,140.4,71.0,1712,1,-30.7,0.48
4217,306,6.725,44.58,1,102.1,92.4,1379,170.7,75.5,20.7,-34.812,4.363,4.196,140.0,140.4,71.0,1712,1,-30.7,0.48
4218,306,6.725,44.46,1,102.1,92.5,1379,170.6,75.5,20.65,-34.828,4.363,4.196,140.0,140.3,71.0,1712,1,-30.7,0.48
4219,306,6.725,44.93,1,102.1,92.4,1379,170.5,75.5,20.59,-34.844,4.363,4.196,139.0,140.2,71.0,1712,1,-30.8,0.49
4220,306,6.725,45.88,1,102.0,92.4,1379,170.5,75.3,20.72,-34.852,4.363,4.196,139.0,140.1,71.0,1712,1,-30.7,0.48
4221,306,6.725,44.69,1,102.1,92.4,1379,170.5,75.3,20.6,-34.859,4.363,4.196,139.0,140.0,71.0,1712,1,-30.7,0.49
4222,306,6.725,45.52,1,102.1,92.5,1380,170.5,75.3,20.62,-34.867,4.363,4.196,139.0,139.8,71.0,1712,1,-30.7,0.48
4223,306,6.725,44.65,1,102.0,92.4,1380,170.5,75.3,20.97,-34.883,4.363,4.196,139.0,139.7,71.0,1712,1,-30.7,0.48
4224,306,6.725,44.44,1,102.2,92.5,1380,170.6,75.6,21.27,-34.883,4.363,4.196,139.0,139.6,71.0,1712,1,-30.7,0.48
4225,306,6.75,45.17,1,102.2,92.5,1380,170.6,75.5,21.32,-34.891,4.363,4.196,139.0,139.4,71.0,1712,1,-30.7,0.48
4226,306,6.725,44.8,1,102.2,92.5,1380,170.6,75.5,21.37,-34.891,4.363,4.196,139.0,139.3,71.0,1712,1,-30.7,0.49
4227,306,6.725,44.6,1,102.2,92.5,1380,170.6,75.4,21.33,-34.891,4.363,4.196,138.0,139.2,71.0,1712,1,-30.7,0.49
4228,306,6.725,44.48,1,102.2,92.5,1380,170.5,75.6,21.39,-34.891,4.363,4.196,139.0,139.1,71.0,1712,1,-30.7,0.49
4229,306,6.75,45.14,1,102.2,92.5,1380,170.5,75.5,21.43,-34.883,4.363,4.196,138.0,138.9,71.0,1712,1,-30.7,0.49
4230,306,6.725,44.88,1,102.2,92.5,1381,170.6,75.4,21.44,-34.891,4.363,4.196,138.0,138.8,71.0,1712,1,-30.8,0.49
4231,306,6.725,45.02,1,102.2,92.5,1382,170.7,75.5,21.42,-34.883,4.363,4.196,138.0,138.6,71.0,1712,1,-30.7,0.49
4232,306,6.725,45.44,1,102.2,92.5,1382,170.7,75.5,21.48,-34.883,4.363,4.196,138.0,138.5,71.0,1712,1,-30.7,0.49
4233,306,6.725,44.4,1,102.2,92.5,1382,170.7,75.4,21.51,-34.875,4.363,4.196,137.0,138.3,71.0,1712,1,-30.7,0.5
4234,306,6.725,45.42,1,102.2,92.5,1381,170.7,75.5,21.56,-34.875,4.363,4.196,137.0,138.1,71.0,1712,1,-30.7,0.49
4235,307,6.725,44.93,1,102.2,92.5,1380,170.7,75.5,21.59,-34.875,4.363,4.196,137.0,138.0,71.0,1712,1,-30.7,0.5
4236,307,6.725,45.28,1,102.2,92.5,1380,170.6,75.3,21.66,-34.867,4.363,4.196,137.0,137.9,71.0,1711,1,-30.7,0.49
4237,307,6.725,45.73,1,102.2,92.5,1380,170.7,75.4,21.7,-34.867,4.363,4.196,137.0,137.7,71.0,1711,1,-30.7,0.5
4238,307,6.725,44.92,1,102.3,92.5,1380,170.8,75.5,22.01,-34.867,4.363,4.196,136.0,137.6,71.0,1711,1,-30.7,0.5
4239,307,6.725,43.2,1,102.2,92.5,1382,170.7,75.4,22.04,-34.867,4.363,4.196,136.0,137.5,71.0,1711,1,-30.7,0.5
4240,307,6.75,43.12,1,102.2,92.5,1382,170.8,75.5,21.46,-34.875,4.363,4.196,136.0,137.4,71.0,1711,1,-30.7,0.49
4241,307,6.75,45.17,1,102.2,92.5,1381,170.8,75.5,21.3,-34.875,4.363,4.196,136.0,137.3,71.0,1711,1,-30.8,0.49
4242,307,6.75,45.45,1,102.2,92.5,1382,170.8,75.5,21.29,-34.875,4.363,4.196,135.0,137.1,71.0,1711,1,-30.8,0.49
4243,307,6.725,45.75,1,102.2,92.5,1382,170.8,75.4,21.26,-34.875,4.363,4.196,135.0,137.0,71.0,1711,1,-30.7,0.49
4244,307,6.725,46.46,1,102.2,92.5,1382,170.9,75.4,21.31,-34.867,4.363,4.196,135.0,136.9,71.0,1711,1,-30.8,0.49
4245,307,6.75,46.29,1,102.2,92.5,1381,171.0,75.4,21.29,-34.875,4.363,4.196,135.0,136.8,71.0,1711,1,-30.7,0.5
4246,308,6.725,45.47,1,102.2,92.5,1381,171.0,75.4,21.31,-34.875,4.367,4.196,135.0,136.7,71.0,1711,1,-30.7,0.5
4247,308,6.725,45.13,1,102.2,92.5,1381,171.0,75.5,21.35,-34.875,4.363,4.196,135.0,136.5,71.0,1711,1,-30.7,0.48
4248,308,6.75,44.64,1,102.2,92.5,1380,171.0,75.5,21.34,-34.875,4.363,4.196,135.0,136.4,71.0,1711,1,-30.7,0.5
4249,308,6.725,45.8,1,102.2,92.5,1380,171.1,75.3,21.07,-34.883,4.363,4.196,135.0,136.3,71.0,1711,1,-30.8,0.5
4250,308,6.725,45.42,1,102.2,92.5,1381,171.2,75.6,20.86,-34.883,4.363,4.196,135.0,136.2,71.0,1711,1,-30.8,0.5
4251,308,6.725,45.75,1,102.2,92.5,1381,171.2,75.6,20.79,-34.883,4.363,4.196,135.0,136.1,71.0,1711,1,-30.8,0.5
4252,308,6.725,45.5,1,102.2,92.5,1380,171.1,75.6,20.86,-34.883,4.363,4.196,135.0,136.0,71.0,1711,1,-30.7,0.49
4253,308,6.75,46.09,1,102.2,92.5,1380,171.1,75.5,20.82,-34.883,4.363,4.196,135.0,135.8,71.0,1711,1,-30.8,0.49
4254,308,6.725,45.47,1,102.2,92.5,1381,171.0,75.4,20.85,-34.891,4.363,4.196,135.0,135.8,71.0,1711,1,-30.8,0.49
4255,308,6.725,45.37,1,102.1,92.5,1380,171.0,75.5,20.9,-34.891,4.363,4.196,135.0,135.7,71.0,1711,1,-30.8,0.49
4256,308,6.725,46.09,1,102.2,92.5,1380,171.1,75.5,20.81,-34.898,4.363,4.196,135.0,135.6,71.0,1711,1,-30.7,0.49
4257,309,6.75,45.75,1,102.2,92.5,1380,171.0,75.4,20.86,-34.898,4.363,4.196,135.0,135.5,71.0,1711,1,-30.8,0.49
4258,309,6.725,44.47,1,102.2,92.5,1380,171.0,75.4,20.88,-34.898,4.367,4.196,135.0,135.4,71.0,1711,1,-30.8,0.48
4259,309,6.725,44.44,1,102.2,92.5,1379,171.1,75.4,20.84,-34.898,4.367,4.196,135.0,135.4,71.0,1711,1,-30.8,0.49
4260,309,6.725,46.09,1,102.2,92.5,1380,171.1,75.6,20.92,-34.898,4.367,4.196,134.0,135.3,71.0,1711,1,-30.8,0.49
4261,309,6.725,44.91,1,102.2,92.5,1380,171.1,75.4,20.87,-34.891,4.367,4.196,134.0,135.3,71.0,1711,1,-30.7,0.49
4262,309,6.725,44.73,1,102.2,92.5,1380,171.1,75.4,20.59,-34.883,4.367,4.196,134.0,135.2,71.0,1711,1,-30.7,0.5
4263,309,6.725,43.54,1,102.0,92.4,1380,171.2,75.5,20.09,-34.875,4.367,4.196,134.0,135.1,71.0,1711,1,-30.8,0.49
4264,309,6.75,45.76,1,101.8,92.30000000000001,1378,171.1,75.5,20.09,-34.875,4.367,4.196,134.0,135.0,71.0,1711,1,-30.8,0.5
4265,309,6.75,45.14,1,101.69999999999999,92.4,1377,171.1,75.3,20.11,-34.867,4.367,4.196,134.0,134.9,71.0,1711,1,-30.7,0.49
4266,309,6.725,45.3,1,101.69999999999999,92.4,1376,171.2,75.4,20.04,-34.859,4.367,4.196,134.0,134.8,71.0,1711,1,-30.8,0.48
4267,309,6.725,44.98,1,101.6,92.30000000000001,1375,171.2,75.5,20.06,-34.852,4.367,4.196,134.0,134.7,71.0,1711,1,-30.7,0.49
4268,309,6.75,45.33,1,101.6,92.30000000000001,1375,171.2,75.4,20.06,-34.852,4.367,4.196,134.0,134.7,71.0,1711,1,-30.8,0.49
4269,309,6.725,44.28,1,101.69999999999999,92.4,1375,171.3,75.6,20.12,-34.844,4.367,4.196,134.0,134.6,71.0,1711,1,-30.8,0.49
4270,309,6.725,43.52,1,101.69999999999999,92.4,1376,171.2,75.5,20.13,-34.836,4.367,4.196,134.0,134.6,71.0,1711,1,-30.8,0.48
4271,309,6.75,43.48,1,101.6,92.30000000000001,1375,171.2,75.4,20.07,-34.82,4.367,4.196,134.0,134.5,71.0,1711,1,-30.8,0.48
4272,309,6.75,44.24,1,101.6,92.4,1375,171.3,75.4,20.09,-34.805,4.367,4.196,133.0,134.4,71.0,1711,1,-30.8,0.49
4273,309,6.725,45.61,1,101.69999999999999,92.4,1375,171.4,75.3,20.11,-34.797,4.367,4.196,134.0,134.3,71.0,1711,1,-30.7,0.49
4274,309,6.725,43.35,1,101.6,92.30000000000001,1375,171.4,75.3,20.11,-34.789,4.367,4.196,133.0,134.2,71.0,1711,1,-30.7,0.48
4275,309,6.725,43.87,1,101.6,92.4,1374,171.4,75.3,20.08,-34.766,4.367,4.196,133.0,134.1,71.0,1711,1,-30.8,0.49
4276,309,6.75,44.75,1,101.6,92.4,1374,171.4,75.4,20.12,-34.766,4.367,4.196,133.0,134.0,71.0,1711,1,-30.8,0.49
4277,309,6.725,44.74,1,101.69999999999999,92.4,1374,171.4,75.3,20.05,-34.75,4.367,4.196,133.0,133.9,71.0,1711,1,-30.8,0.49
4278,309,6.725,45.14,1,101.69999999999999,92.4,1374,171.5,75.3,20.12,-34.742,4.367,4.196,133.0,133.8,71.0,1711,1,-30.8,0.48
4279,309,6.725,46.2,1,101.6,92.4,1374,171.5,75.2,20.14,-34.727,4.367,4.196,133.0,133.8,71.0,1711,1,-30.8,0.48
4280,309,6.725,44.61,1,101.69999999999999,92.30000000000001,1375,171.5,75.4,20.08,-34.727,4.367,4.196,133.0,133.7,71.0,1711,1,-30.8,0.48
4281,309,6.725,44.8,1,101.6,92.4,1375,171.5,75.4,20.07,-34.719,4.367,4.196,133.0,133.6,71.0,1711,1,-30.8,0.47
4282,310,6.725,44.93,1,101.6,92.4,1376,171.5,75.4,20.1,-34.711,4.367,4.196,133.0,133.5,71.0,1711,1,-30.8,0.48
4283,310,6.725,45.08,1,101.6,92.30000000000001,1376,171.6,75.3,20.07,-34.711,4.367,4.196,133.0,133.4,71.0,1711,1,-30.8,0.48
4284,310,6.725,43.55,1,101.69999999999999,92.4,1376,171.6,75.4,20.71,-34.703,4.367,4.196,133.0,133.2,71.0,1711,1,-30.8,0.49
4285,310,6.725,44.92,1,102.0,92.5,1377,171.6,75.4,21.02,-34.703,4.367,4.196,132.0,133.0,71.0,1711,1,-30.8,0.49
4286,310,6.725,45.06,1,102.1,92.5,1378,171.7,75.5,21.0,-34.695,4.367,4.196,131.0,132.8,71.0,1711,1,-30.8,0.48
4287,310,6.725,45.43,1,102.2,92.5,1379,171.7,75.3,21.05,-34.695,4.367,4.196,131.0,132.6,71.0,1711,1,-30.8,0.48
4288,310,6.725,45.97,1,102.2,92.5,1379,171.7,75.5,21.06,-34.695,4.367,4.196,131.0,132.4,71.0,1711,1,-30.8,0.48
4289,310,6.725,46.49,1,102.2,92.5,1379,171.7,75.5,21.12,-34.703,4.367,4.196,130.0,132.1,71.0,1711,1,-30.8,0.48
4290,310,6.725,44.89,1,102.2,92.5,1380,171.7,75.6,21.12,-34.703,4.367,4.196,130.0,131.9,71.0,1711,1,-30.8,0.48
4291,310,6.725,46.62,1,102.2,92.5,1380,171.7,75.4,21.06,-34.695,4.367,4.196,130.0,131.6,71.0,1711,1,-30.8,0.49
4292,310,6.725,45.01,1,102.2,92.5,1381,171.6,75.4,21.09,-34.695,4.367,4.196,130.0,131.3,71.0,1711,1,-30.8,0.49
4293,310,6.725,46.03,1,102.2,92.5,1381,171.6,75.4,21.12,-34.695,4.367,4.196,130.0,131.0,71.0,1711,1,-30.8,0.49
4294,310,6.725,45.18,1,102.2,92.5,1382,171.5,75.5,21.09,-34.688,4.367,4.196,130.0,130.7,71.0,1711,1,-30.8,0.48
4295,310,6.725,45.49,1,102.2,92.5,1382,171.5,75.4,21.12,-34.68,4.367,4.196,129.0,130.4,71.0,1711,1,-30.8,0.49
4296,310,6.725,44.59,1,102.2,92.5,1382,171.5,75.6,21.05,-34.664,4.367,4.196,129.0,130.1,71.0,1711,1,-30.8,0.49
4297,310,6.725,44.82,1,102.2,92.5,1381,171.6,75.5,21.11,-34.656,4.367,4.196,128.0,129.8,71.0,1711,1,-30.8,0.49
4298,310,6.725,45.01,1,102.2,92.5,1381,171.5,75.6,20.59,-34.641,4.367,4.196,128.0,129.5,71.0,1711,1,-30.8,0.49
4299,310,6.725,44.54,1,102.0,92.4,1381,171.6,75.5,19.64,-34.633,4.367,4.196,127.0,129.2,71.0,1711,1,-30.8,0.49
4300,310,6.75,44.96,1,101.49999999999999,92.30000000000001,1379,171.8,75.3,19.46,-34.625,4.367,4.196,127.0,128.9,71.0,1711,1,-30.8,0.49
4301,310,6.725,45.01,1,101.4,92.30000000000001,1376,171.8,75.3,19.5,-34.617,4.367,4.196,127.0,128.6,71.0,1711,1,-30.8,0.49
4302,310,6.725,45.01,1,101.29999999999998,92.30000000000001,1375,171.8,75.2,19.43,-34.617,4.367,4.196,127.0,128.2,71.0,1711,1,-30.8,0.49
4303,310,6.725,44.12,1,101.2,92.30000000000001,1375,171.9,75.4,19.46,-34.609,4.367,4.196,126.0,127.9,71.0,1710,1,-30.8,0.49
4304,310,6.75,44.87,1,101.2,92.30000000000001,1375,171.8,75.3,19.3,-34.602,4.367,4.196,126.0,127.7,71.0,1710,1,-30.8,0.48
4305,310,6.75,44.91,1,101.1,92.2,1374,171.7,75.2,18.29,-34.586,4.367,4.196,126.0,127.3,71.0,1710,1,-30.8,0.49
4306,310,6.725,45.2,1,100.49999999999999,92.0,1371,171.7,75.1,17.14,-34.57,4.367,4.196,126.0,127.0,71.0,1710,1,-30.8,0.48
4307,310,6.725,46.36,1,99.9,91.8,1368,171.7,75.0,16.71,-34.562,4.367,4.196,126.0,126.8,71.0,1710,1,-30.8,0.47
4308,310,6.725,45.52,1,99.5,91.8,1365,171.7,74.9,16.57,-34.547,4.367,4.196,126.0,126.5,71.0,1710,1,-30.8,0.48
4309,310,6.725,45.01,1,99.3,91.8,1362,171.8,75.0,16.6,-34.539,4.367,4.196,126.0,126.2,71.0,1710,1,-30.8,0.49
4310,310,6.725,44.71,1,99.3,91.8,1361,171.9,75.0,16.06,-34.523,4.367,4.196,126.0,125.9,71.0,1710,1,-30.8,0.49
4311,310,6.725,43.22,1,98.9,91.60000000000001,1360,172.1,74.8,15.43,-34.508,4.367,4.196,124.0,125.6,71.0,1710,1,-30.8,0.49
4312,310,6.725,43.03,1,98.6,91.5,1357,172.3,74.8,15.38,-34.5,4.367,4.196,124.0,125.4,71.0,1710,1,-30.8,0.49
4313,310,6.75,42.91,1,98.5,91.5,1354,172.3,74.6,15.36,-34.492,4.367,4.196,124.0,125.1,71.0,1710,1,-30.8,0.49
4314,310,6.75,42.96,1,98.4,91.60000000000001,1352,172.4,74.6,15.41,-34.492,4.367,4.196,124.0,124.8,71.0,1710,1,-30.8,0.48
4315,310,6.725,42.95,1,98.4,91.60000000000001,1351,172.5,74.6,15.39,-34.484,4.367,4.196,123.0,124.5,71.0,1710,1,-30.8,0.5
4316,310,6.725,43.03,1,98.4,91.5,1350,172.6,74.6,15.39,-34.484,4.367,4.196,122.0,124.2,71.0,1710,1,-30.8,0.49
4317,310,6.725,44.02,1,98.4,91.5,1350,172.6,74.6,15.38,-34.484,4.367,4.196,122.0,123.9,71.0,1710,1,-30.8,0.47
4318,309,6.725,44.62,1,98.4,91.5,1350,172.7,74.7,15.39,-34.477,4.367,4.196,122.0,123.6,71.0,1710,1,-30.8,0.48
4319,309,6.725,44.31,1,98.4,91.5,1351,172.8,74.7,15.38,-34.484,4.367,4.196,122.0,123.3,71.0,1710,1,-30.8,0.49
4320,309,6.725,43.46,1,98.5,91.60000000000001,1350,172.8,74.7,16.1,-34.484,4.367,4.196,122.0,123.1,71.0,1710,1,-30.8,0.48
4321,309,6.725,43.47,1,98.8,91.7,1351,172.9,75.0,16.76,-34.484,4.367,4.196,122.0,122.8,71.0,1710,1,-30.8,0.49
4322,309,6.725,43.39,1,99.2,91.8,1353,173.1,75.0,17.15,-34.484,4.367,4.196,121.0,122.6,71.0,1710,1,-30.8,0.49
4323,309,6.725,44.24,1,99.6,91.9,1354,173.1,75.0,17.64,-34.484,4.367,4.196,121.0,122.4,71.0,1710,1,-30.8,0.49
4324,309,6.725,44.72,1,99.8,91.9,1356,173.2,75.0,17.74,-34.484,4.367,4.196,121.0,122.2,71.0,1710,1,-30.8,0.48
4325,309,6.725,45.82,1,100.0,92.0,1357,173.3,75.1,17.79,-34.484,4.367,4.196,121.0,122.0,71.0,1710,1,-30.8,0.48
4326,309,6.725,43.1,1,100.1,92.0,1359,173.3,75.2,17.8,-34.492,4.367,4.196,121.0,121.8,71.0,1710,1,-30.8,0.48
4327,309,6.725,44.79,1,100.1,91.9,1360,173.3,75.0,17.78,-34.492,4.367,4.196,120.0,121.6,71.0,1710,1,-30.8,0.49
4328,309,6.75,44.64,1,100.1,92.0,1360,173.2,75.0,18.22,-34.5,4.367,4.196,120.0,121.5,71.0,1710,1,-30.8,0.49
4329,309,6.725,44.52,1,100.4,92.10000000000001,1360,173.2,75.1,19.23,-34.508,4.367,4.196,120.0,121.3,71.0,1710,1,-30.8,0.49
4330,309,6.725,45.42,1,100.89999999999999,92.2,1363,173.2,75.2,19.46,-34.516,4.367,4.196,120.0,121.2,71.0,1710,1,-30.8,0.48
4331,309,6.75,44.86,1,101.1,92.2,1366,173.2,75.3,19.52,-34.516,4.367,4.196,120.0,121.1,71.0,1710,1,-30.8,0.49
4332,309,6.725,44.6,1,101.2,92.30000000000001,1367,173.0,75.2,19.49,-34.516,4.367,4.196,119.0,120.9,71.0,1710,1,-30.8,0.49
4333,309,6.725,44.72,1,101.2,92.30000000000001,1368,173.0,75.4,19.51,-34.516,4.367,4.196,120.0,120.9,71.0,1710,1,-30.8,0.48
4334,309,6.725,43.39,1,101.2,92.2,1370,172.9,75.4,19.51,-34.523,4.367,4.196,119.0,120.7,71.0,1710,1,-30.8,0.48
4335,309,6.725,43.13,1,101.29999999999998,92.2,1369,172.8,75.4,19.51,-34.531,4.367,4.196,119.0,120.7,71.0,1710,1,-30.8,0.49
4336,309,6.75,43.19,1,101.29999999999998,92.30000000000001,1369,172.7,75.4,19.49,-34.539,4.367,4.196,119.0,120.6,71.0,1710,1,-30.8,0.48
4337,309,6.725,43.68,1,101.2,92.30000000000001,1369,172.8,75.3,19.1,-34.547,4.367,4.196,119.0,120.5,71.0,1710,1,-30.8,0.48
4338,309,6.75,46.69,1,101.0,92.10000000000001,1369,172.7,75.3,18.69,-34.555,4.367,4.196,119.0,120.3,71.0,1710,1,-30.8,0.48
4339,309,6.725,44.91,1,100.8,92.10000000000001,1368,172.7,75.2,18.62,-34.57,4.367,4.196,119.0,120.2,71.0,1710,1,-30.8,0.48
4340,309,6.725,43.49,1,100.69999999999999,92.10000000000001,1369,172.7,75.3,18.66,-34.578,4.367,4.196,119.0,120.1,71.0,1710,1,-30.8,0.48
4341,309,6.725,42.77,1,100.69999999999999,92.10000000000001,1369,172.5,75.1,18.66,-34.586,4.367,4.196,119.0,120.1,71.0,1710,1,-30.8,0.48
4342,309,6.725,43.92,1,100.69999999999999,92.10000000000001,1368,172.4,75.2,18.66,-34.602,4.367,4.196,119.0,120.0,71.0,1710,1,-30.8,0.48
4343,309,6.725,43.43,1,100.69999999999999,92.10000000000001,1367,172.3,75.3,18.71,-34.609,4.367,4.196,119.0,119.9,71.0,1710,1,-30.8,0.48
4344,309,6.725,43.52,1,100.6,92.10000000000001,1366,172.4,75.2,18.58,-34.609,4.367,4.196,119.0,119.8,71.0,1710,1,-30.8,0.47
4345,309,6.725,43.26,1,100.6,92.10000000000001,1366,172.3,75.2,18.75,-34.617,4.367,4.196,119.0,119.7,71.0,1710,1,-30.8,0.47
4346,309,6.725,43.61,1,100.8,92.2,1365,172.4,75.2,19.68,-34.617,4.367,4.196,118.0,119.5,71.0,1710,1,-30.8,0.48
4347,309,6.725,44.62,1,101.29999999999998,92.4,1367,172.4,75.3,20.84,-34.617,4.367,4.196,118.0,119.4,71.0,1710,1,-30.8,0.49
4348,309,6.725,44.65,1,101.89999999999999,92.5,1372,172.4,75.4,21.27,-34.617,4.367,4.196,118.0,119.3,71.0,1710,1,-30.8,0.49
4349,309,6.725,44.43,1,102.1,92.5,1375,172.5,75.5,21.28,-34.609,4.367,4.196,118.0,119.1,71.0,1710,1,-30.8,0.5
4350,309,6.725,43.4,1,102.2,92.5,1377,172.4,75.6,21.26,-34.602,4.367,4.196,118.0,119.1,71.0,1710,1,-30.8,0.48
4351,309,6.75,45.68,1,102.2,92.5,1378,172.3,75.5,21.3,-34.602,4.367,4.196,118.0,119.0,71.0,1710,1,-30.7,0.48
4352,309,6.725,45.41,1,102.2,92.5,1379,172.3,75.7,21.33,-34.602,4.367,4.196,118.0,118.9,71.0,1710,1,-30.8,0.48
4353,309,6.725,45.01,1,102.2,92.5,1380,172.2,75.5,21.3,-34.602,4.363,4.196,118.0,118.9,71.0,1710,1,-30.8,0.49
4354,309,6.75,44.91,1,102.2,92.5,1380,172.2,75.5,21.33,-34.602,4.367,4.196,118.0,118.9,71.0,1710,1,-30.7,0.49
4355,309,6.725,44.99,1,102.2,92.5,1380,172.2,75.5,21.3,-34.602,4.367,4.196,118.0,119.0,71.0,1710,1,-30.8,0.49
4356,309,6.725,45.52,1,102.2,92.5,1380,172.1,75.5,21.32,-34.609,4.367,4.196,118.0,119.1,71.0,1710,1,-30.8,0.49
4357,309,6.725,45.01,1,102.2,92.5,1380,172.0,75.6,21.35,-34.609,4.367,4.196,118.0,119.2,71.0,1709,1,-30.8,0.48
4358,309,6.725,44.85,1,102.2,92.5,1379,172.1,75.6,21.38,-34.609,4.367,4.196,118.0,119.4,71.0,1709,1,-30.8,0.49
4359,309,6.725,44.44,1,102.2,92.5,1380,172.1,75.7,21.42,-34.617,4.367,4.196,119.0,119.6,71.0,1709,1,-30.8,0.48
4360,309,6.725,43.78,1,102.2,92.5,1380,172.1,75.5,21.4,-34.617,4.367,4.196,119.0,119.8,71.0,1709,1,-30.8,0.48
4361,309,6.725,44.44,1,102.2,92.5,1380,172.1,75.7,21.38,-34.625,4.367,4.196,119.0,120.0,71.0,1709,1,-30.7,0.46
4362,309,6.725,45.22,1,102.2,92.5,1380,172.0,75.6,21.41,-34.625,4.367,4.196,119.0,120.3,71.0,1709,1,-30.8,0.47
4363,310,6.75,45.52,1,102.2,92.5,1380,171.9,75.6,21.45,-34.633,4.367,4.196,120.0,120.5,71.0,1709,1,-30.8,0.49
4364,310,6.725,45.62,1,102.2,92.5,1380,171.9,75.3,21.54,-34.633,4.367,4.196,120.0,120.8,71.0,1709,1,-30.8,0.48
4365,310,6.725,45.94,1,102.2,92.5,1381,171.9,75.5,21.52,-34.633,4.367,4.196,120.0,121.1,71.0,1709,1,-30.8,0.48
4366,310,6.75,45.23,1,102.2,92.5,1381,171.9,75.7,21.52,-34.633,4.367,4.196,120.0,121.4,71.0,1709,1,-30.8,0.48
4367,310,6.725,43.54,1,102.2,92.5,1381,171.8,75.6,21.59,-34.625,4.367,4.196,121.0,121.7,71.0,1709,1,-30.7,0.49
4368,310,6.725,43.14,1,102.2,92.5,1381,171.8,75.5,21.27,-34.625,4.367,4.196,122.0,121.9,71.0,1709,1,-30.8,0.48
4369,310,6.75,45.46,1,102.2,92.5,1381,171.7,75.6,20.59,-34.625,4.367,4.196,121.0,122.2,71.0,1709,1,-30.8,0.48
4370,310,6.75,46.43,1,102.1,92.5,1381,171.8,75.4,20.55,-34.609,4.367,4.196,122.0,122.4,71.0,1709,1,-30.7,0.49
4371,310,6.725,44.94,1,102.0,92.5,1380,171.9,75.4,20.57,-34.609,4.367,4.196,122.0,122.7,71.0,1709,1,-30.8,0.49
4372,310,6.725,46.0,1,102.0,92.5,1380,171.9,75.4,20.54,-34.602,4.367,4.196,122.0,123.0,71.0,1709,1,-30.8,0.48
4373,310,6.75,43.38,1,102.0,92.5,1380,171.9,75.4,20.55,-34.602,4.367,4.196,123.0,123.3,71.0,1709,1,-30.8,0.49
4374,310,6.725,45.35,1,102.0,92.5,1381,171.9,75.3,20.54,-34.594,4.367,4.196,124.0,123.7,71.0,1709,1,-30.8,0.49
4375,310,6.725,44.76,1,102.0,92.4,1381,171.9,75.5,20.63,-34.586,4.367,4.196,124.0,124.0,71.0,1709,1,-30.8,0.48
4376,310,6.725,45.09,1,102.0,92.5,1381,171.8,75.4,20.58,-34.586,4.367,4.196,124.0,124.3,71.0,1709,1,-30.8,0.49
4377,310,6.75,45.25,1,102.0,92.5,1381,171.8,75.3,20.51,-34.578,4.367,4.196,126.0,124.7,71.0,1709,1,-30.7,0.48
4378,310,6.725,45.69,1,102.0,92.5,1380,171.7,75.4,20.56,-34.57,4.367,4.196,126.0,125.0,71.0,1709,1,-30.8,0.49
4379,310,6.725,44.97,1,102.0,92.5,1381,171.7,75.5,20.51,-34.562,4.367,4.196,126.0,125.2,71.0,1709,1,-30.7,0.49
4380,310,6.75,43.59,1,102.0,92.5,1381,171.8,75.4,20.54,-34.555,4.367,4.196,126.0,125.5,71.0,1709,1,-30.7,0.49
4381,310,6.75,45.2,1,101.89999999999999,92.5,1380,171.7,75.3,19.94,-34.539,4.367,4.196,126.0,125.7,71.0,1709,1,-30.7,0.48
4382,310,6.725,44.81,1,101.6,92.30000000000001,1379,171.6,75.4,19.87,-34.523,4.367,4.196,126.0,125.8,71.0,1709,1,-30.7,0.49
4383,310,6.725,44.7,1,101.6,92.4,1378,171.6,75.4,19.82,-34.516,4.367,4.196,126.0,125.9,71.0,1709,1,-30.7,0.5
4384,310,6.725,44.58,1,101.49999999999999,92.30000000000001,1378,171.6,75.4,19.41,-34.508,4.367,4.196,126.0,126.0,71.0,1709,1,-30.7,0.5
4385,310,6.75,45.25,1,101.29999999999998,92.30000000000001,1376,171.6,75.4,19.13,-34.492,4.367,4.196,126.0,126.1,71.0,1709,1,-30.7,0.49
4386,310,6.725,44.39,1,101.0,92.10000000000001,1374,171.5,75.2,18.58,-34.492,4.367,4.196,126.0,126.1,71.0,1709,1,-30.8,0.49
4387,310,6.725,45.42,1,100.8,92.10000000000001,1372,171.6,75.3,18.55,-34.484,4.367,4.196,126.0,126.0,71.0,1709,1,-30.8,0.48
4388,310,6.725,44.43,1,100.6,92.10000000000001,1370,171.6,75.1,18.54,-34.477,4.367,4.196,126.0,126.0,71.0,1709,1,-30.7,0.49
4389,311,6.725,44.77,1,100.6,92.10000000000001,1369,171.7,75.2,18.52,-34.469,4.367,4.196,126.0,125.9,71.0,1709,1,-30.7,0.49
4390,311,6.75,44.72,1,100.6,92.10000000000001,1368,171.9,75.3,18.53,-34.461,4.367,4.196,126.0,125.8,71.0,1709,1,-30.7,0.49
4391,311,6.725,45.22,1,100.49999999999999,92.10000000000001,1368,171.9,75.1,18.48,-34.461,4.371,4.196,126.0,125.7,71.0,1709,1,-30.7,0.49
4392,311,6.725,45.68,1,100.49999999999999,92.0,1368,171.9,75.1,17.68,-34.453,4.371,4.196,126.0,125.5,71.0,1709,1,-30.7,0.49
4393,311,6.725,43.15,1,100.1,91.9,1366,171.8,75.2,17.47,-34.445,4.371,4.196,126.0,125.4,71.0,1709,1,-30.8,0.47
4394,311,6.725,44.48,1,99.9,91.9,1364,171.8,75.0,17.2,-34.445,4.371,4.196,126.0,125.2,71.0,1709,1,-30.8,0.48
4395,311,6.725,44.17,1,99.6,91.8,1364,171.8,75.0,16.75,-34.438,4.371,4.196,125.0,125.0,71.0,1709,1,-30.7,0.48
4396,311,6.725,44.45,1,99.5,91.8,1362,171.8,75.1,16.74,-34.438,4.367,4.196,124.0,124.8,71.0,1709,1,-30.7,0.47
4397,311,6.725,44.51,1,99.4,91.8,1361,171.8,74.9,16.75,-34.43,4.367,4.196,124.0,124.6,71.0,1709,1,-30.7,0.49
4398,311,6.725,44.94,1,99.3,91.8,1360,171.8,74.8,16.72,-34.43,4.367,4.196,124.0,124.4,71.0,1709,1,-30.7,0.48
4399,311,6.725,44.36,1,99.3,91.8,1359,171.9,74.9,16.71,-34.43,4.367,4.196,124.0,124.1,71.0,1709,1,-30.7,0.48
4400,311,6.725,45.07,1,99.3,91.8,1358,172.0,74.8,16.38,-34.438,4.367,4.196,122.0,123.9,71.0,1709,1,-30.7,0.48
4401,311,6.725,44.2,1,99.1,91.7,1357,172.2,74.9,15.96,-34.438,4.367,4.196,122.0,123.6,71.0,1709,1,-30.7,0.49
4402,311,6.725,44.42,1,98.9,91.60000000000001,1355,172.3,74.8,15.95,-34.445,4.367,4.196,122.0,123.4,71.0,1709,1,-30.7,0.48
4403,311,6.75,44.73,1,98.8,91.60000000000001,1354,172.5,74.8,15.95,-34.453,4.367,4.196,122.0,123.2,71.0,1709,1,-30.7,0.48
4404,311,6.725,44.35,1,98.8,91.7,1353,172.6,74.9,15.96,-34.461,4.367,4.196,122.0,122.9,71.0,1709,1,-30.7,0.47
4405,311,6.725,44.22,1,98.8,91.60000000000001,1352,172.6,74.8,15.95,-34.469,4.367,4.196,122.0,122.6,71.0,1708,1,-30.7,0.48
4406,311,6.75,44.08,1,98.8,91.60000000000001,1352,172.7,74.8,15.91,-34.477,4.367,4.196,121.0,122.4,71.0,1708,1,-30.7,0.49
4407,311,6.725,44.21,1,98.8,91.60000000000001,1352,172.8,74.8,15.91,-34.477,4.367,4.196,121.0,122.1,71.0,1708,1,-30.7,0.49
4408,311,6.725,45.2,1,98.8,91.60000000000001,1351,172.7,74.8,15.93,-34.484,4.367,4.196,121.0,121.9,71.0,1708,1,-30.7,0.48
4409,311,6.725,44.66,1,98.8,91.60000000000001,1352,172.7,74.6,15.92,-34.484,4.367,4.196,120.0,121.6,71.0,1708,1,-30.7,0.47
4410,311,6.725,44.47,1,98.8,91.7,1352,172.8,74.8,15.91,-34.484,4.367,4.196,120.0,121.4,71.0,1708,1,-30.7,0.49
4411,311,6.725,44.28,1,98.8,91.60000000000001,1352,172.8,74.8,15.93,-34.484,4.367,4.196,120.0,121.2,71.0,1708,1,-30.7,0.49
4412,311,6.725,45.24,1,98.8,91.60000000000001,1352,172.9,74.8,15.91,-34.484,4.367,4.196,120.0,120.9,71.0,1708,1,-30.7,0.48
4413,311,6.725,43.75,1,98.8,91.60000000000001,1352,173.0,74.8,16.53,-34.484,4.367,4.196,120.0,120.7,71.0,1708,1,-30.7,0.48
4414,311,6.725,44.27,1,99.2,91.8,1353,173.1,74.9,17.59,-34.492,4.367,4.196,120.0,120.6,71.0,1708,1,-30.7,0.48
4415,310,6.725,44.54,1,99.7,92.0,1355,173.1,75.0,17.9,-34.492,4.367,4.196,119.0,120.4,71.0,1708,1,-30.7,0.48
4416,310,6.725,45.02,1,100.0,92.0,1357,173.2,75.2,17.9,-34.492,4.367,4.196,119.0,120.2,71.0,1708,1,-30.7,0.47
4417,310,6.725,44.46,1,100.1,91.9,1359,173.1,75.1,17.94,-34.492,4.367,4.196,119.0,120.0,71.0,1708,1,-30.7,0.49
4418,310,6.725,45.01,1,100.2,92.0,1360,173.0,75.1,18.6,-34.492,4.367,4.196,119.0,119.9,71.0,1708,1,-30.7,0.48
4419,310,6.725,45.05,1,100.49999999999999,92.10000000000001,1362,173.0,75.1,19.09,-34.492,4.363,4.196,119.0,119.7,71.0,1708,1,-30.7,0.49
4420,310,6.725,45.33,1,100.89999999999999,92.2,1364,172.9,75.4,19.56,-34.484,4.367,4.196,118.0,119.6,71.0,1708,1,-30.7,0.49
4421,311,6.725,44.32,1,101.2,92.30000000000001,1366,172.9,75.3,19.56,-34.484,4.367,4.196,118.0,119.4,71.0,1708,1,-30.7,0.48
4422,311,6.725,44.71,1,101.4,92.30000000000001,1368,172.8,75.4,20.23,-34.484,4.367,4.196,118.0,119.3,71.0,1708,1,-30.7,0.5
4423,311,6.725,44.6,1,101.6,92.4,1371,172.8,75.5,20.35,-34.484,4.367,4.196,118.0,119.2,71.0,1708,1,-30.7,0.5
4424,311,6.725,43.39,1,101.8,92.4,1373,172.7,75.5,20.3,-34.484,4.367,4.196,118.0,119.1,71.0,1708,1,-30.7,0.5
4425,311,6.725,44.56,1,101.8,92.4,1374,172.7,75.3,20.36,-34.484,4.367,4.196,118.0,119.0,71.0,1708,1,-30.7,0.48
4426,311,6.75,45.31,1,101.8,92.4,1375,172.7,75.4,20.4,-34.484,4.367,4.196,118.0,118.9,71.0,1708,1,-30.7,0.49
4427,310,6.725,43.57,1,101.8,92.4,1376,172.5,75.5,20.34,-34.477,4.363,4.196,118.0,118.8,71.0,1708,1,-30.7,0.49
4428,310,6.725,44.81,1,101.89999999999999,92.5,1376,172.4,75.3,20.38,-34.477,4.363,4.196,118.0,118.7,71.0,1708,1,-30.7,0.49
4429,310,6.725,44.13,1,101.89999999999999,92.4,1377,172.3,75.5,20.45,-34.477,4.363,4.196,118.0,118.6,71.0,1708,1,-30.7,0.5
4430,311,6.75,46.04,1,101.89999999999999,92.4,1377,172.3,75.5,20.4,-34.469,4.363,4.196,118.0,118.6,71.0,1708,1,-30.7,0.49
4431,311,6.75,43.58,1,101.89999999999999,92.5,1377,172.1,75.4,20.45,-34.469,4.363,4.196,118.0,118.5,71.0,1708,1,-30.7,0.49
4432,311,6.725,46.07,1,101.89999999999999,92.5,1379,172.0,75.7,20.41,-34.461,4.367,4.196,118.0,118.5,71.0,1708,1,-30.7,0.49
4433,311,6.725,44.77,1,101.89999999999999,92.5,1379,171.9,75.3,20.77,-34.461,4.363,4.196,118.0,118.5,71.0,1708,1,-30.7,0.48
4434,311,6.75,44.82,1,102.1,92.60000000000001,1379,171.9,75.4,21.37,-34.445,4.367,4.196,118.0,118.4,71.0,1708,1,-30.7,0.49
4435,311,6.725,44.35,1,102.2,92.5,1380,171.8,75.7,21.4,-34.438,4.367,4.196,118.0,118.4,71.0,1708,1,-30.7,0.49
4436,311,6.725,45.4,1,102.2,92.5,1381,171.7,75.6,21.52,-34.422,4.367,4.196,118.0,118.4,71.0,1708,1,-30.7,0.49
4437,311,6.75,45.76,1,102.2,92.5,1381,171.7,75.7,21.53,-34.414,4.367,4.196,118.0,118.4,71.0,1708,1,-30.7,0.48
4438,311,6.725,46.27,1,102.2,92.60000000000001,1382,171.6,75.5,21.62,-34.391,4.367,4.196,118.0,118.4,71.0,1708,1,-30.7,0.49
4439,311,6.725,45.85,1,102.2,92.60000000000001,1383,171.6,75.4,21.77,-34.375,4.367,4.196,118.0,118.5,71.0,1708,1,-30.7,0.49
4440,311,6.725,45.13,1,102.2,92.60000000000001,1383,171.6,75.5,20.94,-34.352,4.367,4.196,118.0,118.5,71.0,1708,1,-30.7,0.48
4441,311,6.725,43.32,1,102.2,92.60000000000001,1383,171.6,75.4,20.71,-34.336,4.367,4.196,118.0,118.5,71.0,1708,1,-30.7,0.48
4442,311,6.725,43.27,1,102.1,92.5,1382,171.6,75.4,20.63,-34.32,4.367,4.196,118.0,118.6,71.0,1708,1,-30.7,0.49
4443,311,6.75,43.24,1,102.1,92.60000000000001,1382,171.5,75.5,20.64,-34.297,4.367,4.196,118.0,118.6,71.0,1708,1,-30.7,0.5
4444,311,6.75,43.24,1,102.0,92.5,1382,171.5,75.5,20.63,-34.281,4.367,4.196,118.0,118.5,71.0,1708,1,-30.7,0.49
4445,311,6.725,43.19,1,102.0,92.5,1382,171.3,75.5,20.62,-34.258,4.367,4.196,118.0,118.5,71.0,1708,1,-30.7,0.49
4446,311,6.725,43.18,1,102.0,92.5,1381,171.3,75.5,20.61,-34.242,4.367,4.196,118.0,118.5,71.0,1708,1,-30.7,0.49
4447,312,6.725,43.16,1,102.0,92.5,1382,171.4,75.5,20.62,-34.234,4.367,4.196,118.0,118.4,71.0,1707,1,-30.7,0.5
4448,312,6.725,45.11,1,102.0,92.5,1381,171.4,75.4,20.68,-34.219,4.367,4.196,118.0,118.3,71.0,1707,1,-30.7,0.5
4449,312,6.725,45.23,1,102.0,92.5,1381,171.4,75.5,20.62,-34.203,4.367,4.196,118.0,118.3,71.0,1707,1,-30.7,0.5
4450,312,6.725,46.11,1,102.0,92.5,1381,171.5,75.5,20.64,-34.195,4.367,4.196,118.0,118.3,71.0,1707,1,-30.7,0.5
4451,312,6.725,44.77,1,102.0,92.5,1381,171.5,75.4,20.6,-34.18,4.367,4.196,118.0,118.4,71.0,1707,1,-30.7,0.49
4452,312,6.75,46.03,1,102.0,92.5,1381,171.6,75.5,20.59,-34.172,4.367,4.196,118.0,118.5,71.0,1707,1,-30.7,0.49
4453,312,6.725,45.33,1,102.0,92.5,1382,171.6,75.4,20.62,-34.172,4.367,4.196,118.0,118.6,71.0,1707,1,-30.7,0.49
4454,312,6.725,45.85,1,102.0,92.5,1382,171.6,75.4,20.64,-34.164,4.367,4.196,118.0,118.9,71.0,1707,1,-30.7,0.5
4455,312,6.725,44.8,1,102.0,92.5,1381,171.5,75.3,20.62,-34.172,4.367,4.196,119.0,119.1,71.0,1707,1,-30.7,0.49
4456,312,6.725,44.78,1,102.0,92.5,1381,171.6,75.5,20.64,-34.172,4.367,4.196,119.0,119.4,71.0,1707,1,-30.7,0.49
4457,312,6.725,44.76,1,102.0,92.5,1381,171.6,75.5,20.66,-34.172,4.367,4.196,119.0,119.8,71.0,1707,1,-30.7,0.49
4458,312,6.725,44.63,1,102.0,92.5,1381,171.6,75.4,20.64,-34.172,4.367,4.196,120.0,120.2,71.0,1707,1,-30.7,0.48
4459,312,6.725,45.68,1,102.0,92.5,1381,171.6,75.5,20.64,-34.172,4.367,4.196,120.0,120.5,71.0,1707,1,-30.7,0.49
4460,312,6.725,46.62,1,102.0,92.5,1381,171.6,75.6,20.63,-34.18,4.367,4.196,121.0,120.9,71.0,1707,1,-30.7,0.5
4461,312,6.725,44.51,1,102.0,92.5,1381,171.7,75.3,20.65,-34.18,4.367,4.196,121.0,121.3,71.0,1707,1,-30.7,0.49
4462,312,6.725,44.71,1,102.0,92.5,1380,171.6,75.6,20.61,-34.188,4.367,4.196,121.0,121.7,71.0,1707,1,-30.7,0.49
4463,312,6.725,44.71,1,102.0,92.5,1381,171.6,75.5,20.67,-34.195,4.367,4.196,122.0,122.1,71.0,1707,1,-30.7,0.49
4464,312,6.725,45.52,1,102.0,92.5,1381,171.6,75.5,20.38,-34.195,4.367,4.196,122.0,122.5,71.0,1707,1,-30.7,0.5
4465,312,6.725,44.74,1,101.8,92.4,1380,171.6,75.4,19.26,-34.203,4.367,4.196,122.0,122.9,71.0,1707,1,-30.7,0.48
4466,312,6.725,44.02,1,101.2,92.2,1378,171.5,75.2,18.27,-34.211,4.371,4.196,123.0,123.3,71.0,1707,1,-30.7,0.5
4467,312,6.75,45.07,1,100.69999999999999,92.10000000000001,1374,171.5,75.3,18.14,-34.219,4.371,4.196,124.0,123.7,71.0,1707,1,-30.7,0.49
4468,312,6.725,44.72,1,100.29999999999998,92.0,1371,171.6,75.2,17.33,-34.227,4.371,4.196,124.0,124.0,71.0,1707,1,-30.7,0.5
4469,312,6.725,45.08,1,99.8,91.8,1368,171.6,75.0,16.29,-34.234,4.367,4.196,125.0,124.3,71.0,1707,1,-30.7,0.5
4470,312,6.725,45.05,1,99.2,91.7,1364,171.6,74.8,15.18,-34.25,4.371,4.196,126.0,124.6,71.0,1707,1,-30.7,0.49
4471,312,6.725,43.1,1,98.5,91.5,1359,171.7,74.7,14.99,-34.266,4.367,4.196,126.0,124.8,71.0,1707,1,-30.7,0.5
4472,312,6.75,44.64,1,98.3,91.5,1355,171.8,74.6,14.89,-34.281,4.367,4.196,126.0,125.0,71.0,1707,1,-30.7,0.49
4473,312,6.75,45.16,1,98.1,91.5,1353,172.0,74.6,14.11,-34.289,4.367,4.196,126.0,125.1,71.0,1707,1,-30.7,0.49
4474,312,6.725,45.65,1,97.7,91.3,1351,172.1,74.4,13.82,-34.297,4.367,4.196,126.0,125.2,71.0,1707,1,-30.7,0.49
4475,312,6.725,44.36,1,97.5,91.3,1348,172.2,74.5,13.84,-34.305,4.367,4.196,126.0,125.3,71.0,1707,1,-30.7,0.48
4476,312,6.75,44.47,1,97.39999999999999,91.2,1345,172.2,74.4,13.8,-34.305,4.367,4.196,126.0,125.3,71.0,1707,1,-30.7,0.49
4477,312,6.725,44.44,1,97.39999999999999,91.2,1344,172.2,74.4,14.4,-34.312,4.363,4.196,126.0,125.4,71.0,1707,1,-30.7,0.48
4478,311,6.725,43.84,1,97.7,91.5,1343,172.4,74.5,14.98,-34.305,4.363,4.196,126.0,125.4,71.0,1707,1,-30.7,0.49
4479,311,6.725,43.49,1,98.0,91.5,1345,172.5,74.7,15.02,-34.305,4.367,4.196,126.0,125.4,71.0,1707,1,-30.7,0.5
4480,311,6.725,43.97,1,98.1,91.5,1346,172.6,74.7,15.06,-34.297,4.367,4.196,126.0,125.3,71.0,1707,1,-30.6,0.49
4481,311,6.725,44.77,1,98.2,91.5,1347,172.7,74.7,15.02,-34.289,4.367,4.196,126.0,125.2,71.0,1707,1,-30.7,0.5
4482,311,6.725,44.27,1,98.2,91.5,1347,172.8,74.7,15.04,-34.266,4.367,4.196,126.0,125.1,71.0,1707,1,-30.6,0.5
4483,311,6.725,43.4,1,98.2,91.5,1347,173.0,74.7,15.5,-34.25,4.367,4.196,126.0,125.0,71.0,1707,1,-30.7,0.5
4484,311,6.725,43.47,1,98.6,91.7,1348,173.0,74.7,17.23,-34.227,4.367,4.196,125.0,124.9,71.0,1707,1,-30.7,0.5
4485,311,6.725,44.33,1,99.6,92.10000000000001,1352,173.0,74.8,18.35,-34.203,4.367,4.196,125.0,124.7,71.0,1707,1,-30.7,0.49
4486,311,6.725,44.55,1,100.2,92.10000000000001,1357,173.2,75.2,18.46,-34.172,4.367,4.196,124.0,124.6,71.0,1707,1,-30.6,0.49
4487,311,6.725,44.31,1,100.4,92.10000000000001,1360,173.2,75.2,18.49,-34.141,4.367,4.196,124.0,124.4,71.0,1707,1,-30.6,0.49
4488,311,6.725,45.2,1,100.4,92.10000000000001,1362,173.1,75.2,18.47,-34.125,4.367,4.196,124.0,124.2,71.0,1706,1,-30.6,0.49
4489,311,6.75,44.94,1,100.49999999999999,92.10000000000001,1364,173.1,75.2,18.47,-34.102,4.367,4.196,124.0,124.1,71.0,1706,1,-30.6,0.49
4490,311,6.725,45.15,1,100.49999999999999,92.2,1364,173.1,75.3,18.43,-34.094,4.367,4.196,123.0,123.9,71.0,1706,1,-30.7,0.48
4491,311,6.725,44.55,1,100.49999999999999,92.10000000000001,1364,173.0,75.3,18.07,-34.086,4.367,4.196,123.0,123.8,71.0,1706,1,-30.6,0.5
4492,311,6.725,44.57,1,100.29999999999998,92.10000000000001,1364,172.9,75.2,18.02,-34.07,4.367,4.196,123.0,123.6,71.0,1706,1,-30.6,0.49
4493,311,6.725,45.56,1,100.29999999999998,92.10000000000001,1364,173.0,75.3,18.01,-34.062,4.367,4.196,122.0,123.5,71.0,1706,1,-30.6,0.48
4494,311,6.725,45.22,1,100.2,92.0,1364,172.9,75.2,17.98,-34.055,4.367,4.196,123.0,123.4,71.0,1706,1,-30.6,0.48
4495,311,6.725,44.57,1,100.2,92.0,1364,172.9,75.2,18.05,-34.055,4.367,4.196,122.0,123.3,71.0,1706,1,-30.6,0.49
4496,311,6.725,43.57,1,100.4,92.2,1364,172.8,75.2,19.84,-34.047,4.367,4.196,122.0,123.2,71.0,1706,1,-30.6,0.48
4497,311,6.725,44.79,1,101.4,92.60000000000001,1368,172.8,75.5,21.42,-34.031,4.367,4.196,122.0,123.2,71.0,1706,1,-30.6,0.49
4498,311,6.75,43.64,1,102.0,92.60000000000001,1374,172.9,75.5,22.18,-34.016,4.367,4.196,122.0,123.1,71.0,1706,1,-30.6,0.48
4499,311,6.725,43.53,1,102.1,92.60000000000001,1377,172.9,75.5,22.29,-34.0,4.367,4.196,122.0,123.0,71.0,1706,1,-30.6,0.48
4500,311,6.725,43.43,1,102.2,92.60000000000001,1379,172.9,75.4,21.88,-33.984,4.367,4.196,122.0,122.9,71.0,1706,1,-30.6,0.49
4501,311,6.75,45.44,1,102.2,92.60000000000001,1380,172.7,75.5,21.81,-33.977,4.367,4.196,122.0,122.8,71.0,1706,1,-30.6,0.48
4502,311,6.75,45.72,1,102.2,92.60000000000001,1381,172.7,75.6,21.79,-33.961,4.367,4.196,122.0,122.7,71.0,1706,1,-30.6,0.49
4503,311,6.725,45.49,1,102.2,92.60000000000001,1382,172.7,75.6,21.23,-33.953,4.367,4.196,122.0,122.6,71.0,1706,1,-30.6,0.48
4504,311,6.725,44.86,1,102.1,92.5,1383,172.6,75.7,19.71,-33.938,4.367,4.196,122.0,122.5,71.0,1706,1,-30.6,0.48
4505,311,6.75,44.87,1,101.4,92.2,1381,172.5,75.3,18.62,-33.93,4.367,4.196,122.0,122.5,71.0,1706,1,-30.6,0.49
4506,311,6.75,45.46,1,100.89999999999999,92.2,1376,172.3,75.2,18.47,-33.938,4.367,4.196,122.0,122.5,71.0,1706,1,-30.6,0.49
4507,311,6.725,45.63,1,100.69999999999999,92.2,1373,172.3,75.1,18.62,-33.945,4.367,4.196,122.0,122.5,71.0,1706,1,-30.6,0.5
4508,311,6.725,45.32,1,100.8,92.4,1372,172.1,75.2,20.15,-33.945,4.367,4.196,122.0,122.6,71.0,1706,1,-30.6,0.49
4509,311,6.725,45.16,1,101.49999999999999,92.5,1375,172.2,75.4,20.82,-33.945,4.367,4.196,122.0,122.6,71.0,1706,1,-30.6,0.49
4510,311,6.725,45.35,1,101.89999999999999,92.60000000000001,1378,172.0,75.4,20.89,-33.938,4.367,4.196,122.0,122.8,71.0,1706,1,-30.6,0.49
4511,311,6.725,44.56,1,102.1,92.60000000000001,1380,171.9,75.6,20.91,-33.922,4.367,4.196,122.0,123.0,71.0,1706,1,-30.6,0.5
4512,311,6.725,46.05,1,102.2,92.60000000000001,1382,171.9,75.6,20.92,-33.906,4.367,4.196,122.0,123.2,71.0,1706,1,-30.6,0.5
4513,311,6.725,45.35,1,102.2,92.60000000000001,1382,171.8,75.6,19.82,-33.898,4.367,4.196,122.0,123.3,71.0,1706,1,-30.6,0.49
4514,311,6.725,45.53,1,101.49999999999999,92.2,1381,171.7,75.2,18.12,-33.883,4.367,4.196,123.0,123.6,71.0,1706,1,-30.6,0.49
4515,311,6.725,44.7,1,100.6,92.0,1376,171.7,75.1,17.49,-33.883,4.367,4.196,124.0,123.8,71.0,1706,1,-30.6,0.5
4516,311,6.75,45.51,1,100.1,92.0,1371,171.8,75.1,17.41,-33.891,4.367,4.196,124.0,124.0,71.0,1706,1,-30.6,0.49
4517,311,6.725,44.6,1,99.9,92.0,1369,171.8,75.1,17.38,-33.891,4.367,4.196,124.0,124.3,71.0,1706,1,-30.6,0.49
4518,311,6.725,43.61,1,99.8,92.0,1367,171.8,75.1,17.44,-33.898,4.367,4.196,125.0,124.6,71.0,1706,1,-30.6,0.48
4519,311,6.75,46.79,1,99.8,92.0,1366,171.8,75.1,17.44,-33.898,4.367,4.196,125.0,124.8,71.0,1706,1,-30.6,0.49
4520,311,6.725,45.41,1,99.8,92.0,1366,171.8,75.1,17.14,-33.898,4.367,4.196,126.0,125.0,71.0,1706,1,-30.6,0.49
4521,311,6.725,45.1,1,99.7,91.9,1365,171.9,75.2,16.98,-33.898,4.367,4.196,126.0,125.3,71.0,1706,1,-30.6,0.49
4522,311,6.725,44.44,1,99.5,91.8,1364,171.9,75.0,16.29,-33.898,4.367,4.196,126.0,125.5,71.0,1706,1,-30.6,0.49
4523,311,6.725,43.07,1,99.2,91.8,1362,172.0,74.8,16.16,-33.891,4.367,4.196,126.0,125.8,71.0,1706,1,-30.6,0.49
4524,311,6.75,42.99,1,99.0,91.8,1360,172.1,74.8,16.12,-33.891,4.367,4.196,126.0,126.0,71.0,1706,1,-30.6,0.49
4525,311,6.75,45.02,1,98.9,91.8,1359,172.1,74.8,16.18,-33.883,4.367,4.196,126.0,126.2,71.0,1706,1,-30.6,0.49
4526,311,6.725,44.35,1,98.9,91.8,1358,172.2,74.9,16.12,-33.867,4.367,4.196,126.0,126.4,71.0,1706,1,-30.6,0.49
4527,311,6.725,45.66,1,98.9,91.8,1358,172.4,74.9,16.13,-33.867,4.367,4.196,127.0,126.6,71.0,1705,1,-30.6,0.49
4528,311,6.75,44.96,1,98.9,91.8,1358,172.5,74.7,16.13,-33.852,4.367,4.196,127.0,126.8,71.0,1705,1,-30.6,0.49
4529,311,6.725,44.98,1,98.9,91.7,1357,172.5,74.8,16.16,-33.844,4.367,4.196,127.0,127.0,71.0,1705,1,-30.6,0.49
4530,311,6.725,45.9,1,99.0,91.8,1357,172.5,74.9,16.11,-33.828,4.367,4.196,127.0,127.3,71.0,1705,1,-30.6,0.48
4531,310,6.725,45.06,1,98.8,91.7,1357,172.6,74.9,15.18,-33.812,4.367,4.196,128.0,127.5,71.0,1705,1,-30.6,0.49
4532,310,6.725,43.34,1,98.4,91.5,1355,172.7,74.7,14.64,-33.805,4.367,4.196,128.0,127.8,71.0,1705,1,-30.5,0.49
4533,310,6.725,44.87,1,98.1,91.5,1353,172.8,74.7,14.6,-33.805,4.367,4.196,128.0,128.1,71.0,1705,1,-30.6,0.49
4534,310,6.75,45.46,1,97.89999999999999,91.5,1351,172.7,74.7,14.6,-33.797,4.367,4.196,129.0,128.3,71.0,1705,1,-30.5,0.49
4535,310,6.725,43.19,1,97.89999999999999,91.5,1350,172.8,74.6,14.62,-33.797,4.367,4.196,129.0,128.6,71.0,1705,1,-30.5,0.49
4536,310,6.725,43.29,1,97.89999999999999,91.5,1350,172.8,74.7,14.16,-33.789,4.367,4.196,129.0,128.8,71.0,1705,1,-30.5,0.48
4537,310,6.725,44.19,1,97.6,91.3,1348,172.9,74.6,13.15,-33.789,4.367,4.196,129.0,129.0,71.0,1705,1,-30.5,0.49
4538,310,6.725,44.13,1,97.0,91.0,1345,173.0,74.3,12.26,-33.789,4.367,4.196,130.0,129.3,71.0,1705,1,-30.5,0.5
4539,310,6.725,43.95,1,96.39999999999999,90.8,1339,173.0,74.2,12.13,-33.797,4.363,4.196,130.0,129.5,71.0,1705,1,-30.5,0.48
4540,309,6.725,43.55,1,96.2,90.8,1334,173.1,74.0,12.14,-33.805,4.363,4.196,130.0,129.6,71.0,1705,1,-30.5,0.49
4541,309,6.75,44.15,1,96.1,90.7,1331,173.4,73.9,12.11,-33.82,4.363,4.196,130.0,129.8,71.0,1705,1,-30.5,0.47
4542,309,6.725,43.23,1,96.1,90.7,1328,173.6,73.9,12.11,-33.836,4.363,4.196,130.0,129.9,71.0,1705,1,-30.5,0.49
4543,308,6.725,43.16,1,96.1,90.7,1327,173.6,73.9,12.14,-33.852,4.363,4.196,130.0,130.1,71.0,1705,1,-30.5,0.48
4544,308,6.725,43.25,1,96.1,90.7,1325,173.6,74.0,12.12,-33.875,4.363,4.196,130.0,130.1,71.0,1705,1,-30.5,0.49
4545,308,6.725,43.12,1,96.1,90.7,1325,173.7,74.1,12.43,-33.906,4.363,4.196,130.0,130.2,71.0,1705,1,-30.5,0.49
4546,308,6.725,43.18,1,96.39999999999999,90.8,1324,173.8,74.0,13.4,-33.93,4.363,4.196,130.0,130.2,71.0,1705,1,-30.5,0.5
4547,308,6.725,43.21,1,96.8,91.0,1326,173.8,74.1,13.65,-33.961,4.363,4.196,130.0,130.3,71.0,1705,1,-30.5,0.49
4548,308,6.725,43.22,1,97.1,91.10000000000001,1329,173.9,74.3,13.65,-33.984,4.363,4.196,130.0,130.2,71.0,1705,1,-30.5,0.49
4549,307,6.725,43.15,1,97.1,91.10000000000001,1332,174.0,74.4,13.7,-34.0,4.363,4.196,130.0,130.2,71.0,1705,1,-30.5,0.5
4550,307,6.725,43.23,1,97.2,91.2,1333,174.0,74.4,13.86,-34.023,4.363,4.196,130.0,130.2,70.0,1705,1,-30.5,0.5
4551,307,6.725,43.02,1,97.39999999999999,91.3,1335,174.0,74.5,14.71,-34.047,4.363,4.196,130.0,130.1,70.0,1705,1,-30.5,0.5
4552,307,6.725,44.38,1,97.7,91.4,1338,174.1,74.5,14.89,-34.062,4.363,4.196,130.0,130.1,71.0,1705,1,-30.5,0.49
4553,307,6.725,44.56,1,97.89999999999999,91.4,1340,174.0,74.6,14.94,-34.078,4.363,4.196,130.0,130.0,70.0,1705,1,-30.5,0.49
4554,307,6.725,44.91,1,98.1,91.5,1342,174.0,74.6,15.69,-34.086,4.363,4.196,130.0,129.9,70.0,1705,1,-30.5,0.49
4555,307,6.725,45.47,1,98.5,91.60000000000001,1345,174.0,74.6,15.84,-34.094,4.363,4.196,130.0,129.9,70.0,1705,1,-30.5,0.48
4556,307,6.725,45.07,1,98.6,91.60000000000001,1347,173.9,74.7,15.88,-34.094,4.363,4.196,130.0,129.9,70.0,1705,1,-30.5,0.48
4557,307,6.725,45.16,1,98.8,91.7,1348,173.8,74.8,16.55,-34.094,4.363,4.196,130.0,129.8,70.0,1705,1,-30.5,0.48
4558,307,6.725,44.7,1,99.1,91.8,1350,173.8,74.9,16.77,-34.102,4.363,4.196,130.0,129.8,70.0,1705,1,-30.5,0.48
4559,306,6.75,44.46,1,99.3,91.8,1352,173.7,74.9,17.21,-34.109,4.363,4.196,130.0,129.8,70.0,1705,1,-30.5,0.48
4560,306,6.725,44.24,1,99.7,91.9,1354,173.6,74.9,18.14,-34.117,4.363,4.196,130.0,129.8,70.0,1704,1,-30.5,0.49
4561,306,6.725,44.94,1,100.1,92.10000000000001,1356,173.5,75.1,18.33,-34.117,4.363,4.196,130.0,129.8,70.0,1704,1,-30.5,0.49
4562,306,6.725,45.08,1,100.29999999999998,92.0,1359,173.6,74.9,18.35,-34.133,4.363,4.196,130.0,129.8,70.0,1704,1,-30.5,0.48
4563,306,6.725,44.33,1,100.49999999999999,92.10000000000001,1360,173.4,75.1,19.12,-34.141,4.363,4.196,130.0,129.8,70.0,1704,1,-30.5,0.49
4564,306,6.725,44.37,1,100.8,92.2,1363,173.3,75.2,19.27,-34.156,4.363,4.196,130.0,129.8,70.0,1704,1,-30.5,0.49
4565,306,6.75,45.76,1,101.0,92.2,1365,173.3,75.4,19.35,-34.164,4.363,4.196,130.0,129.9,70.0,1704,1,-30.4,0.5
4566,306,6.725,46.13,1,101.1,92.30000000000001,1367,173.3,75.5,19.65,-34.18,4.363,4.196,130.0,129.9,70.0,1704,1,-30.4,0.49
4567,307,6.725,44.71,1,101.29999999999998,92.30000000000001,1369,173.1,75.5,19.73,-34.18,4.363,4.196,130.0,130.0,70.0,1704,1,-30.5,0.5
4568,307,6.725,44.63,1,101.4,92.30000000000001,1371,172.9,75.6,19.71,-34.188,4.363,4.196,130.0,130.1,70.0,1704,1,-30.4,0.49
4569,307,6.725,44.96,1,101.4,92.30000000000001,1372,172.9,75.5,19.71,-34.188,4.367,4.196,130.0,130.3,70.0,1704,1,-30.4,0.49
4570,307,6.725,44.62,1,101.4,92.30000000000001,1372,172.7,75.4,19.71,-34.195,4.367,4.196,130.0,130.5,70.0,1704,1,-30.4,0.49
4571,307,6.725,45.23,1,101.49999999999999,92.30000000000001,1373,172.6,75.3,20.5,-34.195,4.367,4.196,130.0,130.8,70.0,1704,1,-30.4,0.49
4572,307,6.725,45.01,1,101.8,92.5,1374,172.5,75.4,20.94,-34.203,4.367,4.196,130.0,131.1,70.0,1704,1,-30.4,0.49
4573,307,6.725,44.81,1,102.1,92.5,1376,172.4,75.4,21.05,-34.203,4.367,4.196,130.0,131.4,70.0,1704,1,-30.4,0.5
4574,306,6.725,44.91,1,102.2,92.5,1379,172.2,75.5,21.02,-34.203,4.363,4.196,131.0,131.6,70.0,1704,1,-30.4,0.49
4575,306,6.725,44.62,1,102.2,92.5,1380,172.2,75.6,21.11,-34.211,4.363,4.196,132.0,132.0,70.0,1704,1,-30.4,0.49
4576,307,6.725,44.73,1,102.2,92.5,1380,172.0,75.6,21.02,-34.227,4.363,4.196,133.0,132.3,70.0,1704,1,-30.4,0.49
4577,307,6.725,44.98,1,102.2,92.5,1380,172.0,75.6,21.07,-34.242,4.363,4.196,133.0,132.7,70.0,1704,1,-30.4,0.48
4578,307,6.725,44.98,1,102.2,92.5,1380,172.0,75.6,21.05,-34.25,4.363,4.196,133.0,133.1,70.0,1704,1,-30.4,0.49
4579,307,6.725,44.36,1,102.2,92.5,1380,172.0,75.6,21.1,-34.273,4.363,4.196,133.0,133.4,70.0,1704,1,-30.4,0.5
4580,307,6.725,44.46,1,102.2,92.5,1380,171.8,75.5,21.04,-34.289,4.363,4.196,134.0,133.8,70.0,1704,1,-30.4,0.5
4581,307,6.725,45.48,1,102.2,92.5,1380,171.7,75.5,21.01,-34.305,4.363,4.196,134.0,134.2,70.0,1704,1,-30.4,0.49
4582,307,6.725,45.04,1,102.2,92.5,1381,171.7,75.4,21.01,-34.32,4.367,4.196,135.0,134.6,70.0,1704,1,-30.4,0.49
4583,307,6.725,44.45,1,102.2,92.5,1381,171.7,75.6,21.02,-34.336,4.363,4.196,135.0,135.0,70.0,1704,1,-30.4,0.49
4584,307,6.75,45.46,1,102.2,92.5,1381,171.7,75.3,21.08,-34.352,4.367,4.196,135.0,135.4,70.0,1704,1,-30.4,0.48
4585,307,6.725,44.14,1,102.3,92.5,1381,171.6,75.5,21.11,-34.367,4.367,4.196,135.0,135.8,70.0,1704,1,-30.4,0.48
4586,307,6.725,45.57,1,102.2,92.5,1382,171.6,75.6,21.09,-34.383,4.367,4.196,136.0,136.3,70.0,1704,1,-30.4,0.49
4587,307,6.725,46.01,1,102.2,92.5,1382,171.6,75.6,21.09,-34.406,4.367,4.196,138.0,136.9,70.0,1704,1,-30.4,0.49
4588,307,6.725,44.38,1,102.2,92.5,1382,171.6,75.4,21.14,-34.43,4.367,4.196,138.0,137.5,70.0,1704,1,-30.4,0.49
4589,307,6.725,45.03,1,102.2,92.5,1382,171.4,75.6,21.04,-34.453,4.367,4.196,139.0,138.3,70.0,1704,1,-30.4,0.49
4590,308,6.725,44.58,1,102.2,92.5,1382,171.4,75.5,21.04,-34.477,4.367,4.196,140.0,139.0,70.0,1704,1,-30.4,0.48
4591,308,6.75,45.3,1,102.2,92.5,1381,171.4,75.5,21.06,-34.5,4.367,4.196,140.0,139.7,70.0,1704,1,-30.4,0.49
4592,308,6.725,45.11,1,102.2,92.5,1382,171.3,75.6,21.04,-34.523,4.367,4.196,142.0,140.7,70.0,1704,1,-30.4,0.48
4593,308,6.725,45.65,1,102.2,92.4,1382,171.4,75.5,21.16,-34.547,4.363,4.196,143.0,141.5,70.0,1704,1,-30.4,0.49
4594,308,6.725,44.59,1,102.2,92.5,1381,171.3,75.6,21.02,-34.57,4.367,4.196,144.0,142.5,70.0,1704,1,-30.4,0.49
4595,308,6.725,44.08,1,102.2,92.5,1380,171.2,75.7,21.03,-34.586,4.367,4.196,144.0,143.6,70.0,1704,1,-30.4,0.49
4596,308,6.725,45.72,1,102.2,92.5,1380,171.2,75.6,21.05,-34.602,4.367,4.196,146.0,144.7,70.0,1704,1,-30.4,0.49
4597,308,6.725,45.89,1,102.2,92.5,1380,171.1,75.6,21.06,-34.617,4.367,4.196,147.0,145.6,70.0,1704,1,-30.4,0.5
4598,308,6.725,45.51,1,102.2,92.5,1382,171.1,75.5,21.09,-34.625,4.367,4.196,149.0,146.7,70.0,1704,1,-30.4,0.49
4599,308,6.725,45.64,1,102.2,92.5,1382,171.0,75.5,21.05,-34.633,4.367,4.196,149.0,147.9,70.0,1704,1,-30.4,0.49
4600,308,6.725,45.75,1,102.2,92.5,1382,171.0,75.5,21.04,-34.641,4.367,4.196,151.0,148.9,70.0,1703,1,-30.4,0.48
4601,308,6.725,45.67,1,102.2,92.5,1382,171.0,75.5,21.06,-34.641,4.367,4.196,152.0,150.0,70.0,1703,1,-30.4,0.49
4602,308,6.725,44.82,1,102.2,92.5,1382,170.9,75.6,21.06,-34.641,4.367,4.196,153.0,151.2,70.0,1703,1,-30.4,0.49
4603,308,6.725,43.96,1,102.2,92.5,1382,170.9,75.6,21.07,-34.641,4.367,4.196,154.0,152.4,70.0,1703,1,-30.4,0.49
4604,308,6.725,44.63,1,102.2,92.5,1382,170.8,75.6,20.64,-34.633,4.367,4.196,156.0,153.4,70.0,1703,1,-30.4,0.47
4605,308,6.725,44.82,1,102.0,92.4,1382,170.7,75.5,19.49,-34.609,4.367,4.196,157.0,154.4,70.0,1703,1,-30.4,0.48
4606,308,6.725,44.44,1,101.4,92.2,1380,170.6,75.3,18.68,-34.594,4.367,4.196,158.0,155.6,70.0,1703,1,-30.4,0.46
4607,308,6.75,45.95,1,100.89999999999999,92.10000000000001,1376,170.6,75.4,18.56,-34.586,4.367,4.196,159.0,156.5,70.0,1703,1,-30.4,0.47
4608,308,6.725,45.1,1,100.69999999999999,92.10000000000001,1374,170.6,75.2,18.48,-34.57,4.367,4.196,160.0,157.6,70.0,1703,1,-30.4,0.48
4609,308,6.725,45.47,1,100.6,92.10000000000001,1372,170.9,75.1,18.5,-34.547,4.367,4.196,160.0,158.5,70.0,1703,1,-30.4,0.47
4610,308,6.725,44.77,1,100.49999999999999,92.10000000000001,1371,171.0,75.2,18.53,-34.523,4.367,4.196,162.0,159.5,70.0,1703,1,-30.4,0.47
4611,308,6.725,45.03,1,100.6,92.0,1369,171.0,75.2,18.55,-34.508,4.367,4.196,163.0,160.3,70.0,1703,1,-30.4,0.47
4612,308,6.725,43.68,1,100.6,92.10000000000001,1369,170.9,75.4,18.57,-34.5,4.367,4.196,163.0,161.2,70.0,1703,1,-30.4,0.48
4613,308,6.75,45.6,1,100.6,92.10000000000001,1368,170.9,75.2,18.51,-34.492,4.367,4.196,164.0,162.1,70.0,1703,1,-30.4,0.48
4614,308,6.725,46.03,1,100.49999999999999,92.0,1367,171.0,75.2,18.52,-34.492,4.367,4.196,165.0,163.0,70.0,1703,1,-30.4,0.49
4615,308,6.725,43.2,1,100.6,92.0,1368,171.1,75.1,18.57,-34.5,4.367,4.196,166.0,163.7,70.0,1703,1,-30.4,0.48
4616,308,6.725,43.02,1,100.6,92.0,1368,171.1,75.1,18.57,-34.516,4.367,4.196,166.0,164.5,70.0,1703,1,-30.4,0.49
4617,308,6.725,43.13,1,100.6,92.0,1367,171.1,75.2,18.53,-34.539,4.367,4.196,167.0,165.1,70.0,1703,1,-30.3,0.48
4618,308,6.725,42.99,1,100.6,92.10000000000001,1366,171.2,75.2,19.41,-34.555,4.367,4.196,168.0,165.7,70.0,1703,1,-30.4,0.48
4619,308,6.725,43.16,1,101.1,92.30000000000001,1367,171.3,75.2,20.5,-34.57,4.367,4.196,168.0,166.2,70.0,1703,1,-30.4,0.48
4620,308,6.725,43.08,1,101.69999999999999,92.5,1370,171.3,75.5,20.84,-34.578,4.367,4.196,169.0,166.7,70.0,1703,1,-30.4,0.48
4621,308,6.725,43.17,1,102.0,92.5,1373,171.3,75.5,20.89,-34.578,4.367,4.196,169.0,167.2,70.0,1703,1,-30.4,0.49
4622,308,6.75,45.53,1,102.2,92.5,1375,171.3,75.5,20.9,-34.586,4.367,4.196,169.0,167.6,70.0,1703,1,-30.3,0.48
4623,308,6.725,44.63,1,102.2,92.5,1377,171.4,75.6,20.86,-34.586,4.367,4.196,170.0,168.0,70.0,1703,1,-30.3,0.49
4624,308,6.725,45.37,1,102.2,92.5,1378,171.4,75.6,20.94,-34.594,4.367,4.196,171.0,168.5,70.0,1703,1,-30.3,0.48
4625,308,6.75,45.3,1,102.2,92.5,1379,171.4,75.6,20.9,-34.602,4.367,4.196,171.0,168.8,70.0,1703,1,-30.4,0.49
4626,308,6.725,45.39,1,102.2,92.5,1380,171.4,75.6,20.92,-34.609,4.367,4.196,171.0,169.3,70.0,1703,1,-30.4,0.49
4627,308,6.725,46.19,1,102.2,92.5,1380,171.3,75.6,20.89,-34.617,4.367,4.196,171.0,169.7,70.0,1703,1,-30.4,0.5
4628,308,6.75,45.64,1,102.2,92.5,1380,171.1,75.4,20.97,-34.625,4.367,4.196,172.0,170.1,70.0,1703,1,-30.3,0.49
4629,308,6.75,45.42,1,102.2,92.5,1380,171.0,75.4,20.93,-34.633,4.367,4.196,172.0,170.5,70.0,1703,1,-30.3,0.49
4630,308,6.725,44.91,1,102.2,92.5,1380,171.1,75.5,21.01,-34.641,4.367,4.196,172.0,170.9,70.0,1703,1,-30.3,0.5
4631,308,6.725,44.79,1,102.2,92.5,1379,171.1,75.6,20.91,-34.648,4.363,4.196,173.0,171.3,70.0,1703,1,-30.3,0.49
4632,309,6.725,44.89,1,102.2,92.5,1379,171.0,75.6,20.93,-34.656,4.367,4.196,173.0,171.7,70.0,1703,1,-30.4,0.5
4633,309,6.75,46.89,1,102.2,92.5,1380,170.8,75.5,20.89,-34.664,4.367,4.196,174.0,172.1,70.0,1703,1,-30.4,0.49
4634,309,6.725,45.8,1,102.2,92.5,1380,170.8,75.6,20.9,-34.672,4.367,4.196,174.0,172.4,70.0,1703,1,-30.3,0.49
4635,309,6.725,45.02,1,102.2,92.5,1380,170.8,75.5,20.86,-34.672,4.367,4.196,174.0,172.8,70.0,1703,1,-30.3,0.5
4636,309,6.725,45.69,1,102.2,92.5,1380,170.8,75.6,20.96,-34.68,4.367,4.196,175.0,173.1,70.0,1703,1,-30.4,0.49
4637,309,6.725,45.17,1,102.2,92.5,1380,170.8,75.4,20.89,-34.672,4.367,4.196,175.0,173.3,70.0,1703,1,-30.4,0.49
4638,309,6.725,44.59,1,102.2,92.5,1380,170.9,75.4,21.04,-34.68,4.367,4.196,175.0,173.7,70.0,1703,1,-30.4,0.49
4639,309,6.725,45.3,1,102.2,92.5,1380,170.8,75.4,21.14,-34.68,4.367,4.196,175.0,174.0,70.0,1703,1,-30.3,0.49
4640,309,6.725,44.08,1,102.2,92.5,1381,170.8,75.4,21.2,-34.68,4.367,4.196,175.0,174.3,70.0,1703,1,-30.4,0.49
4641,309,6.725,44.92,1,102.2,92.5,1380,170.9,75.5,21.18,-34.688,4.367,4.196,176.0,174.6,70.0,1703,1,-30.3,0.49
4642,309,6.725,44.83,1,102.2,92.5,1380,170.8,75.6,21.17,-34.688,4.367,4.196,176.0,175.1,70.0,1703,1,-30.3,0.49
4643,309,6.75,46.71,1,102.2,92.5,1380,170.9,75.6,21.18,-34.695,4.367,4.196,177.0,175.4,70.0,1702,1,-30.4,0.48
4644,309,6.725,45.46,1,102.3,92.5,1380,170.9,75.6,21.19,-34.695,4.367,4.196,177.0,175.9,70.0,1702,1,-30.3,0.48
4645,309,6.725,44.9,1,102.2,92.5,1380,170.9,75.5,21.18,-34.695,4.367,4.196,178.0,176.4,70.0,1702,1,-30.4,0.48
4646,310,6.725,46.14,1,102.2,92.5,1380,170.8,75.3,21.2,-34.695,4.367,4.196,179.0,176.9,70.0,1702,1,-30.4,0.48
4647,310,6.725,44.66,1,102.2,92.5,1380,170.9,75.3,21.16,-34.695,4.367,4.196,179.0,177.4,70.0,1702,1,-30.4,0.48
4648,310,6.725,44.87,1,102.2,92.5,1380,170.8,75.5,21.17,-34.703,4.363,4.196,180.0,178.0,70.0,1702,1,-30.4,0.48
4649,310,6.725,45.73,1,102.2,92.5,1380,170.9,75.4,21.2,-34.711,4.363,4.196,180.0,178.6,70.0,1702,1,-30.4,0.49
4650,310,6.725,45.77,1,102.2,92.5,1380,170.9,75.4,21.18,-34.711,4.363,4.196,180.0,179.1,70.0,1702,1,-30.4,0.49
4651,310,6.725,44.79,1,102.2,92.5,1380,171.0,75.3,21.23,-34.719,4.367,4.196,181.0,179.7,70.0,1702,1,-30.4,0.48
4652,310,6.725,44.74,1,102.2,92.5,1381,171.0,75.6,21.2,-34.719,4.367,4.196,182.0,180.4,70.0,1702,1,-30.4,0.48
4653,310,6.75,44.81,1,102.2,92.5,1380,171.0,75.5,21.2,-34.719,4.363,4.196,182.0,180.9,70.0,1702,1,-30.3,0.48
4654,310,6.75,44.62,1,102.2,92.5,1380,171.0,75.6,21.25,-34.727,4.363,4.196,182.0,181.5,70.0,1702,1,-30.4,0.48
4655,310,6.725,45.8,1,102.2,92.5,1381,171.1,75.4,21.25,-34.727,4.363,4.196,183.0,182.1,70.0,1702,1,-30.4,0.48
4656,310,6.725,45.47,1,102.2,92.5,1381,171.1,75.4,21.23,-34.719,4.367,4.196,184.0,182.7,70.0,1702,1,-30.4,0.48
4657,311,6.725,45.36,1,102.2,92.5,1381,171.1,75.4,21.27,-34.719,4.363,4.196,185.0,183.2,70.0,1702,1,-30.4,0.48
4658,311,6.725,45.37,1,102.2,92.5,1381,171.1,75.3,21.3,-34.711,4.363,4.196,185.0,183.8,70.0,1702,1,-30.4,0.48
4659,311,6.725,44.17,1,102.2,92.5,1381,171.1,75.4,21.28,-34.703,4.363,4.196,186.0,184.4,70.0,1702,1,-30.4,0.49
4660,311,6.725,45.11,1,102.2,92.5,1382,171.0,75.4,21.23,-34.688,4.363,4.196,187.0,184.9,70.0,1702,1,-30.4,0.48
4661,311,6.725,45.12,1,102.2,92.5,1382,171.0,75.3,21.13,-34.672,4.367,4.196,187.0,185.5,70.0,1702,1,-30.4,0.49
4662,311,6.725,44.64,1,102.2,92.5,1382,171.0,75.5,20.11,-34.656,4.367,4.196,187.0,186.0,70.0,1702,1,-30.4,0.48
4663,311,6.725,44.45,1,101.8,92.30000000000001,1380,171.0,75.6,19.64,-34.641,4.367,4.196,187.0,186.6,70.0,1702,1,-30.4,0.47
4664,311,6.725,44.2,1,101.49999999999999,92.30000000000001,1378,171.2,75.3,19.65,-34.625,4.367,4.196,189.0,187.0,70.0,1702,1,-30.4,0.48
4665,311,6.725,43.59,1,101.4,92.30000000000001,1377,171.2,75.4,19.58,-34.602,4.367,4.196,189.0,187.4,70.0,1702,1,-30.4,0.48
4666,311,6.725,44.58,1,101.29999999999998,92.30000000000001,1376,171.2,75.3,19.62,-34.578,4.367,4.196,189.0,187.9,70.0,1702,1,-30.4,0.48
4667,312,6.725,45.29,1,101.4,92.4,1376,171.1,75.3,20.53,-34.555,4.367,4.196,189.0,188.2,70.0,1702,1,-30.4,0.48
4668,312,6.725,45.02,1,101.89999999999999,92.60000000000001,1377,171.1,75.3,21.04,-34.523,4.367,4.196,190.0,188.6,70.0,1702,1,-30.4,0.48
4669,312,6.725,44.35,1,102.1,92.60000000000001,1379,171.2,75.4,21.06,-34.5,4.367,4.196,190.0,188.9,70.0,1702,1,-30.4,0.48
4670,312,6.725,44.67,1,102.2,92.5,1381,171.2,75.5,21.0,-34.477,4.367,4.196,190.0,189.3,70.0,1702,1,-30.4,0.48
4671,312,6.725,44.76,1,102.2,92.5,1381,171.2,75.5,21.07,-34.461,4.367,4.196,191.0,189.7,70.0,1702,1,-30.4,0.48
4672,312,6.725,45.22,1,102.2,92.5,1382,171.4,75.5,21.12,-34.445,4.367,4.196,192.0,190.1,70.0,1702,1,-30.4,0.49
4673,312,6.725,44.74,1,102.2,92.5,1381,171.5,75.5,21.05,-34.438,4.367,4.196,192.0,190.6,70.0,1702,1,-30.4,0.49
4674,312,6.725,45.04,1,102.2,92.60000000000001,1381,171.7,75.4,21.06,-34.438,4.367,4.196,193.0,191.1,70.0,1702,1,-30.4,0.49
4675,312,6.725,45.96,1,102.2,92.60000000000001,1381,171.7,75.5,21.09,-34.438,4.367,4.196,193.0,191.6,70.0,1702,1,-30.4,0.49
4676,312,6.725,45.5,1,102.2,92.5,1381,171.7,75.4,21.08,-34.43,4.367,4.196,194.0,192.3,70.0,1702,1,-30.4,0.49
4677,312,6.725,45.24,1,102.2,92.5,1381,171.8,75.4,21.04,-34.43,4.363,4.196,195.0,192.9,70.0,1702,1,-30.4,0.48
4678,312,6.725,45.33,1,102.2,92.5,1382,171.8,75.4,21.05,-34.422,4.363,4.196,195.0,193.5,70.0,1702,1,-30.4,0.48
4679,312,6.725,44.88,1,102.2,92.5,1382,171.9,75.4,21.06,-34.414,4.367,4.196,196.0,194.3,70.0,1702,1,-30.4,0.49
4680,313,6.725,44.53,1,102.2,92.5,1382,171.9,75.6,21.07,-34.414,4.367,4.196,197.0,195.0,70.0,1702,1,-30.4,0.48
4681,313,6.725,44.3,1,102.2,92.5,1381,171.8,75.6,21.07,-34.422,4.367,4.196,198.0,195.9,70.0,1702,1,-30.4,0.49
4682,313,6.75,45.03,1,102.2,92.60000000000001,1381,171.8,75.6,21.05,-34.422,4.367,4.196,198.0,196.6,70.0,1702,1,-30.4,0.49
4683,313,6.725,44.35,1,102.2,92.5,1381,171.9,75.5,20.2,-34.422,4.367,4.196,199.0,197.4,70.0,1702,1,-30.4,0.49
4684,313,6.725,44.11,1,101.8,92.30000000000001,1379,172.0,75.4,19.75,-34.422,4.367,4.196,200.0,198.2,70.0,1702,1,-30.4,0.48
4685,313,6.725,44.06,1,101.6,92.30000000000001,1377,171.9,75.5,19.68,-34.422,4.367,4.196,201.0,198.7,70.0,1702,1,-30.4,0.49
4686,313,6.725,44.19,1,101.4,92.30000000000001,1374,172.0,75.3,19.68,-34.414,4.367,4.196,201.0,198.9,70.0,1702,1,-30.4,0.49
4687,313,6.725,43.99,1,101.4,92.30000000000001,1372,172.0,75.3,19.68,-34.422,4.367,4.196,201.0,198.6,70.0,1702,1,-30.4,0.49
4688,313,6.725,44.03,1,101.4,92.30000000000001,1371,172.0,75.3,19.71,-34.422,4.367,4.196,199.0,197.6,70.0,1702,1,-30.4,0.48
4689,313,6.75,43.97,1,101.4,92.30000000000001,1371,172.1,75.3,19.73,-34.414,4.367,4.196,198.0,196.3,70.0,1702,1,-30.4,0.48
4690,313,6.75,44.15,1,101.4,92.30000000000001,1371,172.0,75.3,19.73,-34.414,4.367,4.196,195.0,194.5,70.0,1702,1,-30.4,0.48
4691,313,6.75,45.46,1,101.4,92.30000000000001,1370,172.0,75.4,19.7,-34.406,4.367,4.196,193.0,192.0,70.0,1702,1,-30.4,0.48
4692,313,6.725,44.96,1,101.4,92.30000000000001,1371,172.1,75.2,19.72,-34.398,4.367,4.196,189.0,189.6,70.0,1702,1,-30.3,0.49
4693,313,6.725,44.7,1,101.4,92.30000000000001,1371,172.1,75.3,19.27,-34.391,4.367,4.196,186.0,186.7,70.0,1702,1,-30.4,0.48
4694,313,6.75,44.62,1,101.0,92.10000000000001,1371,172.0,75.3,18.36,-34.383,4.367,4.196,182.0,183.4,70.0,1702,1,-30.4,0.48
4695,313,6.75,43.64,1,100.69999999999999,92.10000000000001,1368,171.9,75.3,18.23,-34.375,4.367,4.196,179.0,179.6,70.0,1702,1,-30.4,0.49
4696,313,6.725,43.34,1,100.4,92.0,1367,172.0,75.1,18.09,-34.375,4.367,4.196,174.0,176.4,70.0,1702,1,-30.4,0.48
4697,313,6.725,43.2,1,100.2,92.0,1366,172.1,75.1,17.23,-34.359,4.367,4.196,170.0,172.8,70.0,1702,1,-30.4,0.48
4698,313,6.725,43.24,1,99.8,91.9,1363,172.1,74.9,16.98,-34.352,4.367,4.196,165.0,169.0,70.0,1701,1,-30.4,0.48
4699,313,6.75,43.17,1,99.6,91.9,1361,172.2,75.0,16.97,-34.344,4.367,4.196,162.0,165.8,70.0,1701,1,-30.4,0.49
4700,313,6.75,43.14,1,99.5,91.9,1360,172.3,74.9,16.92,-34.328,4.367,4.196,158.0,162.3,70.0,1701,1,-30.4,0.48
4701,313,6.725,43.02,1,99.5,91.8,1360,172.3,74.9,16.48,-34.312,4.367,4.196,155.0,158.9,70.0,1701,1,-30.4,0.48
4702,313,6.725,43.07,1,99.2,91.7,1358,172.4,74.9,16.43,-34.305,4.367,4.196,150.0,155.2,70.0,1701,1,-30.4,0.48
4703,313,6.725,43.08,1,99.2,91.8,1357,172.5,74.9,16.43,-34.297,4.367,4.196,147.0,152.3,70.0,1701,1,-30.4,0.48
4704,313,6.75,43.04,1,99.2,91.8,1357,172.6,74.9,16.43,-34.289,4.367,4.196,144.0,149.0,70.0,1701,1,-30.4,0.49
4705,313,6.725,43.04,1,99.1,91.7,1356,172.6,74.8,16.48,-34.281,4.367,4.196,140.0,145.6,70.0,1701,1,-30.4,0.48
4706,313,6.725,43.13,1,99.1,91.7,1356,172.7,74.9,16.45,-34.273,4.367,4.196,136.0,142.9,70.0,1701,1,-30.4,0.48
4707,313,6.75,42.97,1,99.1,91.8,1356,172.8,74.9,16.46,-34.273,4.367,4.196,134.0,139.9,70.0,1701,1,-30.4,0.49
4708,313,6.75,43.08,1,99.1,91.7,1356,172.8,74.8,16.47,-34.273,4.367,4.196,130.0,137.2,70.0,1701,1,-30.4,0.49
4709,313,6.725,43.06,1,99.1,91.7,1356,172.8,74.8,16.5,-34.258,4.367,4.196,128.0,134.3,70.0,1701,1,-30.4,0.49
4710,313,6.725,42.98,1,99.2,91.8,1356,173.0,74.9,16.42,-34.25,4.367,4.196,126.0,132.2,70.0,1701,1,-30.4,0.48
4711,313,6.725,43.0,1,99.1,91.8,1356,173.0,74.9,16.43,-34.25,4.367,4.196,124.0,130.1,70.0,1701,1,-30.4,0.48
4712,313,6.725,43.04,1,99.1,91.8,1356,173.1,75.0,16.45,-34.234,4.367,4.196,122.0,128.1,70.0,1701,1,-30.4,0.49
4713,313,6.725,42.89,1,99.2,91.8,1356,173.1,74.9,16.49,-34.227,4.367,4.196,120.0,126.6,70.0,1701,1,-30.4,0.49
4714,313,6.725,42.94,1,99.2,91.8,1356,173.1,74.9,16.46,-34.227,4.367,4.196,119.0,125.3,70.0,1701,1,-30.4,0.48
4715,313,6.725,42.91,1,99.1,91.7,1355,173.1,74.9,16.5,-34.219,4.367,4.196,119.0,124.2,70.0,1701,1,-30.4,0.48
4716,313,6.725,42.92,1,99.2,91.8,1355,173.1,74.8,17.19,-34.219,4.367,4.196,118.0,123.3,70.0,1701,1,-30.4,0.47
4717,313,6.725,42.95,1,99.6,92.0,1356,173.2,74.9,17.96,-34.219,4.367,4.196,118.0,122.7,70.0,1701,1,-30.4,0.48
4718,313,6.725,42.96,1,100.0,92.0,1359,173.1,75.0,18.11,-34.219,4.367,4.196,118.0,122.2,70.0,1701,1,-30.4,0.48
4719,313,6.725,42.9,1,100.2,92.10000000000001,1360,173.2,75.0,18.08,-34.211,4.367,4.196,117.0,121.7,70.0,1701,1,-30.4,0.49
4720,313,6.725,42.99,1,100.2,92.0,1361,173.2,75.3,18.12,-34.203,4.367,4.196,117.0,121.5,70.0,1701,1,-30.4,0.48
4721,313,6.725,42.91,1,100.2,92.0,1362,173.2,75.1,18.12,-34.188,4.367,4.196,118.0,121.4,70.0,1701,1,-30.4,0.48
4722,313,6.725,42.92,1,100.29999999999998,92.10000000000001,1363,173.2,75.1,18.13,-34.18,4.367,4.196,118.0,121.5,70.0,1701,1,-30.4,0.47
4723,313,6.75,44.97,1,100.29999999999998,92.0,1363,173.3,75.2,18.13,-34.18,4.367,4.196,118.0,121.7,70.0,1701,1,-30.4,0.48
4724,313,6.725,45.05,1,100.29999999999998,92.0,1364,173.3,75.1,18.29,-34.172,4.367,4.196,119.0,122.2,70.0,1701,1,-30.4,0.49
4725,313,6.725,44.88,1,100.49999999999999,92.2,1364,173.3,75.1,19.24,-34.172,4.367,4.196,120.0,123.0,70.0,1701,1,-30.4,0.49
4726,313,6.725,44.39,1,100.89999999999999,92.30000000000001,1367,173.2,75.4,19.52,-34.156,4.367,4.196,121.0,123.9,70.0,1701,1,-30.4,0.49
4727,313,6.725,45.6,1,101.1,92.30000000000001,1369,173.2,75.3,19.52,-34.148,4.371,4.196,122.0,125.1,70.0,1701,1,-30.4,0.48
4728,312,6.725,46.36,1,101.2,92.30000000000001,1371,173.2,75.3,19.5,-34.133,4.371,4.196,126.0,126.4,70.0,1701,1,-30.4,0.5
4729,312,6.725,45.83,1,101.2,92.30000000000001,1372,172.9,75.3,19.48,-34.102,4.371,4.196,126.0,127.8,70.0,1701,1,-30.4,0.5
4730,312,6.725,45.6,1,101.2,92.30000000000001,1372,172.8,75.3,19.46,-34.078,4.371,4.196,128.0,129.4,70.0,1701,1,-30.4,0.49
4731,312,6.725,45.24,1,101.2,92.2,1372,172.9,75.3,19.49,-34.07,4.371,4.196,130.0,131.1,70.0,1701,1,-30.4,0.48
4732,312,6.725,43.05,1,101.29999999999998,92.30000000000001,1372,172.7,75.2,19.49,-34.078,4.367,4.195,133.0,132.8,70.0,1701,1,-30.4,0.49
4733,312,6.75,45.41,1,101.2,92.30000000000001,1372,172.7,75.2,19.46,-34.094,4.367,4.196,134.0,134.7,70.0,1701,1,-30.4,0.48
4734,312,6.725,43.06,1,101.2,92.2,1373,172.7,75.3,19.48,-34.109,4.367,4.196,137.0,136.6,70.0,1701,1,-30.4,0.49
4735,312,6.725,45.66,1,101.2,92.30000000000001,1373,172.6,75.4,19.57,-34.141,4.367,4.196,139.0,138.5,70.0,1701,1,-30.4,0.48
4736,312,6.75,45.5,1,101.29999999999998,92.30000000000001,1373,172.6,75.4,20.47,-34.164,4.367,4.196,141.0,140.4,70.0,1701,1,-30.4,0.49
4737,312,6.725,45.69,1,101.8,92.5,1376,172.5,75.5,20.85,-34.18,4.367,4.196,144.0,142.3,70.0,1701,1,-30.4,0.49
4738,312,6.725,45.13,1,102.0,92.5,1378,172.5,75.5,20.9,-34.188,4.367,4.196,146.0,144.3,70.0,1701,1,-30.4,0.49
4739,312,6.725,45.06,1,102.1,92.5,1380,172.4,75.5,20.93,-34.195,4.367,4.196,147.0,146.3,70.0,1701,1,-30.4,0.49
4740,313,6.725,45.32,1,102.2,92.5,1379,172.3,75.6,20.89,-34.195,4.367,4.196,150.0,148.2,70.0,1701,1,-30.4,0.49
4741,313,6.725,44.8,1,102.2,92.5,1380,172.3,75.5,20.88,-34.203,4.367,4.196,151.0,150.1,70.0,1701,1,-30.4,0.48
4742,313,6.725,45.22,1,102.2,92.5,1380,172.2,75.5,20.91,-34.203,4.371,4.196,154.0,151.9,70.0,1701,1,-30.4,0.48
4743,313,6.725,45.1,1,102.2,92.5,1381,172.1,75.5,20.96,-34.195,4.371,4.196,156.0,153.8,70.0,1701,1,-30.4,0.48
4744,313,6.725,44.75,1,102.2,92.60000000000001,1381,172.0,75.4,20.93,-34.188,4.371,4.196,158.0,155.5,70.0,1701,1,-30.4,0.49
4745,312,6.725,44.72,1,102.2,92.60000000000001,1382,171.9,75.4,20.9,-34.188,4.367,4.196,159.0,157.3,70.0,1701,1,-30.4,0.49
4746,312,6.725,44.44,1,102.3,92.60000000000001,1382,171.9,75.4,20.93,-34.188,4.367,4.196,162.0,159.0,70.0,1701,1,-30.4,0.48
4747,312,6.725,45.14,1,102.3,92.60000000000001,1382,171.8,75.4,20.9,-34.18,4.367,4.196,163.0,160.5,70.0,1701,1,-30.4,0.49
4748,312,6.725,44.61,1,102.2,92.60000000000001,1382,171.7,75.4,20.9,-34.172,4.367,4.196,165.0,162.1,70.0,1701,1,-30.4,0.49
4749,312,6.75,44.19,1,102.2,92.60000000000001,1383,171.7,75.5,20.92,-34.172,4.367,4.196,166.0,163.6,70.0,1701,1,-30.4,0.48
4750,312,6.725,43.95,1,102.2,92.60000000000001,1383,171.5,75.5,20.89,-34.164,4.367,4.196,168.0,164.9,70.0,1701,1,-30.4,0.48
4751,313,6.725,44.09,1,102.2,92.60000000000001,1383,171.6,75.5,20.93,-34.164,4.367,4.196,168.0,166.3,70.0,1701,1,-30.4,0.49
4752,313,6.75,45.29,1,102.2,92.60000000000001,1384,171.7,75.5,20.59,-34.156,4.367,4.196,170.0,167.5,70.0,1701,1,-30.4,0.48
4753,313,6.725,44.81,1,101.89999999999999,92.4,1383,171.6,75.6,19.57,-34.148,4.367,4.196,171.0,168.6,70.0,1701,1,-30.3,0.48
4754,313,6.725,44.41,1,101.4,92.2,1380,171.6,75.4,18.84,-34.148,4.367,4.196,172.0,169.7,70.0,1701,1,-30.4,0.49
4755,313,6.75,44.64,1,101.0,92.2,1377,171.7,75.3,18.79,-34.148,4.367,4.196,172.0,170.6,70.0,1701,1,-30.3,0.48
4756,313,6.725,44.65,1,100.8,92.2,1375,171.7,75.3,18.73,-34.148,4.367,4.196,174.0,171.4,70.0,1701,1,-30.4,0.47
4757,313,6.725,43.43,1,100.69999999999999,92.10000000000001,1375,171.8,75.2,18.76,-34.148,4.367,4.196,174.0,172.2,70.0,1701,1,-30.4,0.48
4758,313,6.725,43.35,1,100.8,92.2,1374,171.9,75.2,18.77,-34.148,4.367,4.196,175.0,172.9,70.0,1701,1,-30.4,0.48
4759,313,6.725,43.49,1,100.8,92.2,1373,171.9,75.2,18.72,-34.148,4.367,4.196,175.0,173.5,70.0,1701,1,-30.4,0.48
4760,313,6.725,45.85,1,100.69999999999999,92.2,1372,171.9,75.2,18.88,-34.148,4.367,4.196,176.0,174.0,70.0,1701,1,-30.4,0.47
4761,313,6.725,44.54,1,100.89999999999999,92.2,1372,172.0,75.3,19.81,-34.148,4.363,4.196,176.0,174.4,70.0,1701,1,-30.4,0.47
4762,313,6.725,43.0,1,101.4,92.5,1373,172.1,75.4,20.98,-34.141,4.363,4.196,177.0,174.8,70.0,1701,1,-30.4,0.48
4763,313,6.725,45.28,1,101.89999999999999,92.5,1376,172.1,75.4,21.23,-34.133,4.367,4.196,177.0,175.1,70.0,1701,1,-30.4,0.48
4764,313,6.725,45.35,1,102.1,92.5,1379,172.1,75.5,21.29,-34.125,4.363,4.196,177.0,175.3,70.0,1701,1,-30.3,0.49
4765,313,6.725,46.42,1,102.2,92.60000000000001,1381,172.1,75.4,21.3,-34.125,4.367,4.196,177.0,175.5,70.0,1701,1,-30.4,0.48
4766,313,6.725,44.4,1,102.2,92.5,1382,172.1,75.6,21.35,-34.117,4.367,4.196,177.0,175.7,70.0,1701,1,-30.3,0.49
4767,313,6.725,45.07,1,102.2,92.5,1383,172.1,75.6,21.34,-34.125,4.367,4.196,177.0,175.9,70.0,1701,1,-30.4,0.48
4768,313,6.725,44.62,1,102.2,92.60000000000001,1382,172.3,75.4,21.33,-34.125,4.363,4.196,177.0,176.1,70.0,1701,1,-30.3,0.48
4769,313,6.725,45.01,1,102.2,92.60000000000001,1382,172.3,75.5,21.37,-34.125,4.363,4.196,178.0,176.2,70.0,1701,1,-30.4,0.49
4770,313,6.725,45.69,1,102.3,92.60000000000001,1382,172.2,75.5,21.41,-34.125,4.367,4.196,177.0,176.4,70.0,1701,1,-30.3,0.5
4771,313,6.725,44.95,1,102.2,92.60000000000001,1382,172.1,75.5,21.43,-34.133,4.367,4.196,177.0,176.4,70.0,1701,1,-30.4,0.49
4772,313,6.725,45.9,1,102.2,92.60000000000001,1382,172.2,75.5,21.46,-34.133,4.367,4.196,178.0,176.5,70.0,1701,1,-30.4,0.49
4773,313,6.725,45.38,1,102.2,92.60000000000001,1382,172.3,75.5,21.45,-34.125,4.367,4.196,177.0,176.6,70.0,1701,1,-30.4,0.49
4774,313,6.725,43.76,1,102.2,92.60000000000001,1383,172.2,75.5,21.5,-34.117,4.367,4.196,178.0,176.6,70.0,1701,1,-30.4,0.48
4775,313,6.75,43.29,1,102.2,92.60000000000001,1383,172.1,75.5,20.61,-34.117,4.367,4.196,178.0,176.6,70.0,1700,1,-30.4,0.48
4776,313,6.75,43.07,1,101.8,92.30000000000001,1382,172.0,75.5,18.53,-34.109,4.367,4.196,177.0,176.6,70.0,1700,1,-30.4,0.5
4777,313,6.75,43.06,1,100.89999999999999,92.0,1378,172.1,75.3,17.33,-34.109,4.367,4.196,177.0,176.5,70.0,1700,1,-30.4,0.49
4778,313,6.75,42.85,1,99.9,91.8,1371,172.2,75.2,16.18,-34.125,4.363,4.196,177.0,176.5,70.0,1700,1,-30.3,0.49
4779,313,6.75,42.94,1,99.3,91.7,1365,172.3,74.9,15.93,-34.133,4.363,4.196,177.0,176.4,70.0,1700,1,-30.3,0.47
4780,313,6.75,44.44,1,99.0,91.7,1361,172.4,74.8,15.9,-34.141,4.363,4.196,177.0,176.4,70.0,1700,1,-30.3,0.48
4781,313,6.725,43.35,1,98.9,91.7,1360,172.3,74.7,15.95,-34.148,4.363,4.196,177.0,176.4,70.0,1700,1,-30.4,0.48
4782,313,6.725,43.22,1,98.8,91.7,1359,172.2,74.8,15.91,-34.156,4.363,4.196,177.0,176.4,70.0,1700,1,-30.3,0.48
4783,313,6.75,43.22,1,98.8,91.7,1358,172.3,74.8,15.95,-34.164,4.363,4.196,177.0,176.5,70.0,1700,1,-30.4,0.48
4784,313,6.725,44.9,1,98.8,91.7,1357,172.4,74.7,15.89,-34.156,4.367,4.196,177.0,176.6,70.0,1700,1,-30.3,0.48
4785,313,6.725,45.13,1,98.7,91.7,1356,172.5,74.6,15.91,-34.156,4.367,4.196,177.0,176.7,70.0,1700,1,-30.4,0.48
4786,313,6.725,42.89,1,98.8,91.7,1356,172.6,74.8,15.87,-34.148,4.367,4.196,177.0,176.9,70.0,1700,1,-30.3,0.49
4787,313,6.725,44.9,1,98.7,91.60000000000001,1356,172.8,74.7,15.72,-34.141,4.367,4.196,177.0,177.1,70.0,1700,1,-30.3,0.48
4788,313,6.75,45.2,1,98.7,91.60000000000001,1355,172.8,74.7,15.68,-34.133,4.367,4.196,178.0,177.3,70.0,1700,1,-30.3,0.48
4789,313,6.725,44.77,1,98.6,91.60000000000001,1354,173.0,74.7,15.74,-34.125,4.363,4.196,178.0,177.6,70.0,1700,1,-30.3,0.49
4790,313,6.725,42.7,1,98.6,91.60000000000001,1354,173.0,74.7,15.72,-34.117,4.367,4.196,179.0,178.0,70.0,1700,1,-30.3,0.49
4791,313,6.725,42.88,1,98.6,91.60000000000001,1353,173.1,74.8,15.71,-34.109,4.363,4.196,179.0,178.4,70.0,1700,1,-30.3,0.49
4792,312,6.75,42.8,1,98.6,91.60000000000001,1353,173.2,74.8,15.7,-34.102,4.367,4.196,180.0,178.8,70.0,1700,1,-30.3,0.48
4793,312,6.725,42.76,1,98.6,91.60000000000001,1352,173.2,74.7,15.73,-34.094,4.367,4.196,180.0,179.3,70.0,1700,1,-30.4,0.49
4794,312,6.725,42.68,1,98.6,91.60000000000001,1352,173.3,74.7,15.71,-34.078,4.367,4.196,180.0,179.7,70.0,1700,1,-30.3,0.49
4795,312,6.725,42.72,1,98.6,91.7,1352,173.4,74.7,15.7,-34.078,4.367,4.196,182.0,180.2,70.0,1700,1,-30.3,0.49
4796,312,6.725,42.77,1,98.6,91.60000000000001,1352,173.4,74.9,15.72,-34.07,4.363,4.196,182.0,180.7,70.0,1700,1,-30.3,0.5
4797,312,6.725,42.74,1,98.7,91.7,1352,173.5,74.8,15.71,-34.062,4.367,4.196,182.0,181.2,70.0,1700,1,-30.3,0.49
4798,312,6.725,42.72,1,98.7,91.7,1352,173.6,74.8,15.69,-34.047,4.367,4.196,182.0,181.7,70.0,1700,1,-30.3,0.49
4799,312,6.725,42.74,1,98.7,91.7,1352,173.6,74.8,15.73,-34.039,4.363,4.196,183.0,182.2,70.0,1700,1,-30.3,0.49
4800,312,6.725,42.73,1,98.7,91.7,1352,173.6,74.8,15.74,-34.023,4.363,4.196,184.0,182.7,70.0,1700,1,-30.3,0.5
4801,312,6.725,42.66,1,98.7,91.60000000000001,1352,173.6,74.8,15.71,-34.008,4.363,4.196,185.0,183.3,70.0,1700,1,-30.3,0.49
4802,312,6.725,42.72,1,98.6,91.60000000000001,1352,173.6,74.8,15.75,-33.992,4.363,4.196,185.0,183.8,70.0,1700,1,-30.3,0.49
4803,312,6.725,42.74,1,98.6,91.60000000000001,1351,173.8,74.9,15.73,-33.984,4.363,4.196,185.0,184.3,70.0,1700,1,-30.3,0.49
4804,312,6.725,42.69,1,98.7,91.7,1352,173.8,74.8,15.77,-33.977,4.363,4.196,186.0,184.9,70.0,1700,1,-30.3,0.49
4805,312,6.725,42.63,1,98.6,91.7,1353,173.8,74.8,15.74,-33.961,4.363,4.196,187.0,185.4,70.0,1700,1,-30.3,0.5
4806,312,6.725,42.76,1,98.7,91.7,1353,173.9,74.7,16.66,-33.945,4.363,4.196,187.0,186.0,70.0,1700,1,-30.3,0.49
4807,312,6.725,42.78,1,99.3,92.0,1355,173.9,75.0,17.61,-33.93,4.363,4.196,187.0,186.5,70.0,1700,1,-30.3,0.49
4808,312,6.725,44.57,1,99.8,92.0,1359,173.9,75.0,17.78,-33.906,4.363,4.196,188.0,187.0,70.0,1700,1,-30.3,0.48
4809,312,6.725,44.3,1,99.9,92.0,1361,173.8,75.0,17.8,-33.883,4.367,4.196,189.0,187.5,70.0,1700,1,-30.3,0.48
4810,312,6.725,44.4,1,100.0,92.0,1362,173.8,75.1,18.36,-33.867,4.367,4.196,190.0,188.1,70.0,1700,1,-30.3,0.48
4811,312,6.725,44.59,1,100.49999999999999,92.2,1364,173.7,75.1,19.03,-33.844,4.367,4.196,190.0,188.6,70.0,1700,1,-30.3,0.5
4812,312,6.725,45.51,1,100.8,92.2,1367,173.8,75.1,19.11,-33.82,4.367,4.196,190.0,189.2,70.0,1700,1,-30.3,0.49
4813,312,6.725,46.0,1,100.89999999999999,92.30000000000001,1369,173.7,75.2,19.44,-33.805,4.367,4.196,190.0,189.7,70.0,1700,1,-30.3,0.49
4814,312,6.725,45.6,1,101.2,92.4,1371,173.5,75.2,20.21,-33.789,4.367,4.196,192.0,190.3,70.0,1700,1,-30.3,0.48
4815,312,6.725,44.91,1,101.6,92.5,1373,173.5,75.5,20.73,-33.766,4.367,4.196,193.0,190.9,70.0,1700,1,-30.3,0.48
4816,312,6.725,45.46,1,102.0,92.60000000000001,1375,173.4,75.4,20.91,-33.75,4.367,4.196,193.0,191.5,70.0,1700,1,-30.3,0.48
4817,312,6.725,45.81,1,102.1,92.60000000000001,1378,173.2,75.5,20.93,-33.742,4.367,4.196,193.0,192.1,70.0,1700,1,-30.3,0.49
4818,312,6.725,44.91,1,102.2,92.60000000000001,1380,173.2,75.5,20.88,-33.742,4.367,4.196,194.0,192.7,70.0,1700,1,-30.3,0.48
4819,312,6.725,45.17,1,102.2,92.60000000000001,1380,173.0,75.6,20.91,-33.742,4.367,4.196,194.0,193.2,70.0,1700,1,-30.3,0.48
4820,312,6.725,44.66,1,102.2,92.60000000000001,1380,172.9,75.5,20.91,-33.742,4.367,4.196,196.0,193.8,70.0,1700,1,-30.3,0.49
4821,312,6.725,44.4,1,102.2,92.60000000000001,1381,172.7,75.6,20.9,-33.758,4.367,4.196,196.0,194.3,70.0,1700,1,-30.3,0.49
4822,312,6.75,45.2,1,102.2,92.60000000000001,1381,172.7,75.6,20.9,-33.766,4.367,4.196,196.0,194.8,70.0,1700,1,-30.3,0.49
4823,312,6.725,44.65,1,102.2,92.60000000000001,1382,172.6,75.4,20.94,-33.773,4.367,4.196,197.0,195.3,70.0,1700,1,-30.3,0.5
4824,312,6.725,44.47,1,102.3,92.60000000000001,1382,172.5,75.5,20.91,-33.781,4.363,4.196,197.0,195.7,70.0,1700,1,-30.3,0.5
4825,312,6.725,45.65,1,102.2,92.60000000000001,1382,172.4,75.5,20.93,-33.789,4.363,4.196,197.0,196.2,70.0,1700,1,-30.3,0.49
4826,312,6.75,45.46,1,102.2,92.60000000000001,1382,172.4,75.6,20.95,-33.797,4.363,4.196,198.0,196.6,70.0,1700,1,-30.3,0.49
4827,312,6.725,45.43,1,102.2,92.60000000000001,1382,172.4,75.5,20.91,-33.805,4.367,4.196,198.0,197.0,70.0,1700,1,-30.3,0.49
4828,312,6.725,45.89,1,102.3,92.60000000000001,1383,172.3,75.6,20.92,-33.82,4.363,4.196,199.0,197.5,70.0,1700,1,-30.3,0.49
4829,312,6.75,45.89,1,102.2,92.60000000000001,1383,172.3,75.5,20.93,-33.82,4.363,4.196,199.0,197.9,70.0,1700,1,-30.3,0.49
4830,312,6.725,44.49,1,102.2,92.60000000000001,1383,172.2,75.4,20.9,-33.82,4.363,4.196,200.0,198.3,70.0,1700,1,-30.3,0.5
4831,312,6.725,45.26,1,102.2,92.60000000000001,1384,172.1,75.4,20.93,-33.82,4.363,4.196,200.0,198.7,70.0,1700,1,-30.3,0.5
4832,312,6.725,44.58,1,102.2,92.60000000000001,1384,172.0,75.5,20.92,-33.812,4.363,4.196,201.0,199.1,70.0,1700,1,-30.3,0.5
4833,312,6.725,45.6,1,102.3,92.60000000000001,1384,171.9,75.5,20.91,-33.812,4.367,4.196,201.0,199.4,70.0,1700,1,-30.3,0.5
4834,312,6.725,45.14,1,102.2,92.60000000000001,1384,171.7,75.4,20.95,-33.805,4.367,4.196,203.0,199.8,70.0,1700,1,-30.3,0.5
4835,312,6.725,45.77,1,102.2,92.60000000000001,1385,171.8,75.5,20.93,-33.805,4.367,4.196,203.0,200.1,70.0,1700,1,-30.3,0.51
4836,312,6.725,44.67,1,102.2,92.60000000000001,1385,171.8,75.5,20.94,-33.797,4.367,4.196,203.0,200.3,70.0,1700,1,-30.3,0.49
4837,312,6.725,44.88,1,102.2,92.60000000000001,1385,171.8,75.4,20.91,-33.789,4.367,4.196,203.0,200.5,70.0,1700,1,-30.3,0.49
4838,312,6.725,44.14,1,102.2,92.60000000000001,1386,171.8,75.6,20.68,-33.773,4.367,4.196,203.0,200.7,70.0,1700,1,-30.3,0.49
4839,312,6.725,44.16,1,102.0,92.5,1386,171.8,75.3,19.57,-33.766,4.367,4.196,203.0,200.8,70.0,1700,1,-30.3,0.49
4840,312,6.75,44.78,1,101.4,92.30000000000001,1383,171.7,75.3,18.47,-33.758,4.367,4.196,203.0,200.8,70.0,1700,1,-30.3,0.5
4841,312,6.725,44.52,1,100.8,92.10000000000001,1379,171.8,75.2,18.06,-33.758,4.367,4.196,203.0,200.9,70.0,1700,1,-30.3,0.5
4842,312,6.725,43.64,1,100.4,92.10000000000001,1374,171.7,75.3,17.34,-33.758,4.367,4.196,203.0,200.9,70.0,1700,1,-30.3,0.49
4843,312,6.725,44.62,1,99.8,91.9,1371,171.7,75.0,16.21,-33.75,4.367,4.196,203.0,200.8,70.0,1700,1,-30.3,0.49
4844,312,6.75,45.23,1,99.1,91.60000000000001,1367,171.8,74.7,15.03,-33.75,4.367,4.196,203.0,200.7,70.0,1700,1,-30.3,0.49
4845,312,6.725,44.93,1,98.4,91.5,1362,171.8,74.7,14.73,-33.758,4.367,4.196,203.0,200.6,70.0,1700,1,-30.3,0.49
4846,312,6.75,45.08,1,98.1,91.5,1358,171.9,74.6,14.04,-33.766,4.367,4.196,201.0,200.4,70.0,1700,1,-30.3,0.49
4847,311,6.75,45.69,1,97.6,91.3,1355,172.0,74.3,13.23,-33.773,4.367,4.196,201.0,200.2,70.0,1700,1,-30.3,0.49
4848,311,6.725,42.75,1,97.1,91.10000000000001,1350,172.1,74.3,13.11,-33.773,4.367,4.196,201.0,200.0,70.0,1700,1,-30.3,0.49
4849,311,6.725,42.74,1,97.0,91.10000000000001,1346,172.2,74.2,13.16,-33.781,4.363,4.196,201.0,199.7,70.0,1700,1,-30.2,0.49
4850,311,6.75,42.76,1,96.89999999999999,91.10000000000001,1343,172.2,74.2,13.11,-33.781,4.363,4.196,200.0,199.4,70.0,1700,1,-30.2,0.49
4851,311,6.725,42.81,1,96.89999999999999,91.10000000000001,1341,172.3,74.2,13.16,-33.773,4.363,4.196,199.0,199.0,70.0,1700,1,-30.2,0.48
4852,311,6.725,42.7,1,97.0,91.10000000000001,1340,172.5,74.3,14.06,-33.766,4.363,4.196,198.0,198.6,70.0,1700,1,-30.3,0.49
4853,310,6.725,42.68,1,97.39999999999999,91.4,1340,172.6,74.3,15.1,-33.766,4.363,4.196,199.0,198.2,70.0,1700,1,-30.3,0.48
4854,310,6.725,42.78,1,98.1,91.7,1344,172.8,74.5,16.03,-33.75,4.363,4.196,198.0,197.7,70.0,1700,1,-30.2,0.48
4855,310,6.725,42.84,1,98.6,91.7,1348,172.9,74.7,16.12,-33.734,4.363,4.196,197.0,197.3,70.0,1700,1,-30.2,0.49
4856,310,6.725,42.89,1,98.8,91.8,1350,173.1,74.7,16.12,-33.719,4.363,4.196,197.0,196.8,70.0,1700,1,-30.2,0.49
4857,310,6.725,42.78,1,98.9,91.7,1352,173.1,74.8,16.14,-33.703,4.363,4.196,196.0,196.4,70.0,1700,1,-30.2,0.49
4858,310,6.725,42.75,1,98.9,91.8,1352,173.2,74.9,16.12,-33.695,4.363,4.196,196.0,195.9,70.0,1700,1,-30.2,0.48
4859,310,6.725,45.49,1,98.9,91.8,1353,173.2,74.8,16.16,-33.688,4.363,4.196,195.0,195.5,70.0,1700,1,-30.2,0.48
4860,309,6.725,45.17,1,98.9,91.7,1353,173.2,74.8,16.18,-33.688,4.367,4.196,195.0,195.1,70.0,1700,1,-30.2,0.48
4861,309,6.725,44.39,1,99.0,91.8,1354,173.3,74.9,16.16,-33.68,4.367,4.196,195.0,194.7,70.0,1700,1,-30.2,0.49
4862,309,6.75,44.34,1,98.9,91.7,1355,173.3,74.9,16.2,-33.68,4.367,4.196,194.0,194.4,70.0,1700,1,-30.2,0.49
4863,309,6.725,44.35,1,98.9,91.8,1355,173.3,74.8,16.04,-33.68,4.367,4.196,194.0,194.2,70.0,1700,1,-30.2,0.49
4864,308,6.725,44.25,1,98.8,91.60000000000001,1355,173.2,74.7,14.87,-33.68,4.367,4.196,194.0,194.1,70.0,1700,1,-30.2,0.49
4865,308,6.75,44.41,1,98.2,91.4,1353,173.1,74.7,13.87,-33.688,4.367,4.196,194.0,194.0,70.0,1700,1,-30.2,0.49
4866,308,6.725,44.54,1,97.6,91.3,1348,173.2,74.7,13.7,-33.711,4.367,4.196,194.0,194.0,70.0,1700,1,-30.2,0.49
4867,308,6.75,45.63,1,97.39999999999999,91.2,1345,173.2,74.6,13.65,-33.719,4.363,4.196,194.0,194.1,70.0,1700,1,-30.2,0.49
4868,308,6.725,42.88,1,97.3,91.2,1343,173.3,74.4,13.34,-33.742,4.363,4.196,194.0,194.2,70.0,1700,1,-30.2,0.48
4869,307,6.725,44.09,1,97.1,91.10000000000001,1342,173.4,74.2,12.36,-33.766,4.363,4.196,194.0,194.3,70.0,1700,1,-30.2,0.48
4870,307,6.75,44.15,1,96.5,90.7,1338,173.6,74.2,11.62,-33.781,4.363,4.196,194.0,194.4,70.0,1700,1,-30.2,0.48
4871,307,6.725,43.81,1,96.0,90.60000000000001,1332,173.7,73.9,11.56,-33.805,4.363,4.196,195.0,194.6,70.0,1700,1,-30.2,0.49
4872,307,6.725,44.67,1,95.8,90.5,1328,173.8,73.8,12.12,-33.828,4.363,4.196,195.0,194.8,70.0,1700,1,-30.2,0.49
4873,307,6.75,44.94,1,96.1,90.8,1325,173.7,74.1,13.32,-33.852,4.363,4.196,195.0,195.0,70.0,1700,1,-30.2,0.49
4874,306,6.725,44.75,1,96.6,91.0,1327,173.7,74.2,13.45,-33.859,4.363,4.196,196.0,195.2,70.0,1700,1,-30.2,0.48
4875,306,6.725,43.0,1,96.89999999999999,91.10000000000001,1330,173.8,74.2,13.46,-33.867,4.363,4.196,196.0,195.5,70.0,1700,1,-30.2,0.48
4876,306,6.725,44.23,1,97.0,91.10000000000001,1333,173.8,74.3,13.5,-33.875,4.363,4.196,196.0,195.7,70.0,1700,1,-30.2,0.48
4877,306,6.75,43.94,1,97.1,91.10000000000001,1334,173.8,74.3,13.49,-33.883,4.363,4.196,196.0,195.9,70.0,1700,1,-30.2,0.49
4878,306,6.725,45.35,1,97.1,91.10000000000001,1334,173.9,74.4,13.59,-33.891,4.363,4.196,197.0,196.2,70.0,1700,1,-30.2,0.49
4879,305,6.725,45.07,1,97.1,91.10000000000001,1335,174.0,74.4,13.46,-33.906,4.363,4.196,197.0,196.4,70.0,1700,1,-30.2,0.48
4880,305,6.75,44.43,1,97.1,91.10000000000001,1335,174.0,74.4,13.52,-33.922,4.363,4.196,197.0,196.7,70.0,1700,1,-30.2,0.48
4881,305,6.725,44.53,1,97.1,91.10000000000001,1335,174.1,74.5,13.44,-33.93,4.363,4.196,197.0,196.9,70.0,1700,1,-30.2,0.49
4882,305,6.725,44.98,1,97.1,91.10000000000001,1335,174.1,74.4,13.49,-33.945,4.359,4.196,197.0,197.2,70.0,1700,1,-30.2,0.49
4883,305,6.725,44.8,1,97.1,91.10000000000001,1335,174.1,74.3,13.96,-33.953,4.359,4.196,198.0,197.5,70.0,1700,1,-30.2,0.5
4884,305,6.725,44.42,1,97.39999999999999,91.4,1336,173.9,74.5,15.07,-33.961,4.359,4.196,198.0,197.7,70.0,1700,1,-30.2,0.5
4885,305,6.725,44.24,1,98.0,91.60000000000001,1339,173.9,74.7,16.2,-33.961,4.359,4.196,198.0,198.0,70.0,1700,1,-30.2,0.51
4886,305,6.725,44.61,1,98.7,91.7,1344,174.0,74.7,16.49,-33.961,4.363,4.196,199.0,198.3,70.0,1700,1,-30.2,0.49
4887,305,6.725,44.21,1,99.1,91.8,1348,174.1,75.0,17.18,-33.953,4.363,4.196,199.0,198.5,70.0,1700,1,-30.2,0.49
4888,305,6.725,44.25,1,99.5,92.0,1351,173.9,75.1,17.71,-33.945,4.363,4.196,199.0,198.7,70.0,1700,1,-30.2,0.49
4889,305,6.725,43.35,1,99.9,92.0,1356,173.9,75.0,17.77,-33.93,4.363,4.196,199.0,199.0,70.0,1700,1,-30.2,0.49
4890,305,6.725,43.85,1,100.0,92.0,1358,173.9,75.2,18.52,-33.922,4.363,4.196,199.0,199.2,70.0,1700,1,-30.2,0.49
4891,305,6.725,44.94,1,100.49999999999999,92.2,1360,173.9,75.3,18.97,-33.906,4.367,4.196,200.0,199.4,70.0,1700,1,-30.2,0.49
4892,305,6.725,45.14,1,100.69999999999999,92.2,1364,173.9,75.2,19.01,-33.898,4.367,4.196,200.0,199.5,70.0,1700,1,-30.2,0.49
4893,305,6.725,44.85,1,100.89999999999999,92.2,1366,173.7,75.2,19.0,-33.891,4.367,4.196,201.0,199.7,70.0,1700,1,-30.2,0.49
4894,304,6.725,44.82,1,100.89999999999999,92.2,1367,173.5,75.3,18.78,-33.875,4.367,4.196,201.0,199.8,70.0,1700,1,-30.2,0.49
4895,304,6.725,44.35,1,100.69999999999999,92.0,1367,173.4,75.2,17.35,-33.875,4.367,4.196,201.0,200.0,70.0,1700,1,-30.1,0.5
4896,304,6.75,44.54,1,99.9,91.7,1365,173.3,75.1,15.89,-33.883,4.367,4.196,201.0,200.1,70.0,1700,1,-30.1,0.51
4897,304,6.75,44.5,1,99.1,91.5,1360,173.2,74.9,14.91,-33.906,4.367,4.196,201.0,200.3,70.0,1700,1,-30.1,0.49
4898,304,6.725,44.22,1,98.4,91.4,1355,173.1,74.8,14.58,-33.938,4.367,4.196,201.0,200.4,70.0,1700,1,-30.1,0.5
4899,304,6.725,44.17,1,98.0,91.3,1351,173.0,74.6,13.61,-33.977,4.367,4.196,202.0,200.5,70.0,1700,1,-30.1,0.49
4900,304,6.725,44.17,1,97.39999999999999,91.0,1347,172.9,74.6,12.7,-34.023,4.367,4.196,201.0,200.6,70.0,1700,1,-30.1,0.49
4901,304,6.75,44.19,1,96.8,90.9,1341,172.8,74.4,12.55,-34.07,4.363,4.196,202.0,200.7,70.0,1700,1,-30.1,0.48
4902,303,6.725,43.35,1,96.6,90.8,1337,172.7,74.1,12.46,-34.125,4.363,4.196,203.0,200.8,70.0,1700,1,-30.1,0.49
4903,303,6.725,43.24,1,96.39999999999999,90.7,1333,172.7,74.0,12.23,-34.172,4.363,4.196,201.0,200.8,70.0,1700,1,-30.1,0.49
4904,303,6.75,43.2,1,96.2,90.7,1329,172.8,74.0,12.16,-34.211,4.363,4.196,203.0,200.9,70.0,1700,1,-30.1,0.48
4905,303,6.75,43.1,1,96.2,90.7,1327,172.9,74.1,12.21,-34.258,4.363,4.196,203.0,200.9,70.0,1700,1,-30.1,0.48
4906,303,6.725,43.17,1,96.1,90.60000000000001,1325,173.0,74.0,12.2,-34.289,4.363,4.196,203.0,200.9,70.0,1700,1,-30.1,0.49
4907,303,6.725,42.8,1,96.2,90.60000000000001,1324,173.0,73.9,12.21,-34.32,4.363,4.196,201.0,200.9,70.0,1700,1,-30.1,0.49
4908,302,6.725,42.85,1,96.1,90.60000000000001,1322,173.1,74.1,12.2,-34.359,4.363,4.196,203.0,200.8,70.0,1700,1,-30.1,0.5
4909,302,6.75,42.96,1,96.2,90.60000000000001,1321,173.3,74.0,12.26,-34.398,4.363,4.196,203.0,200.8,70.0,1700,1,-30.1,0.49
4910,302,6.725,43.39,1,96.3,90.7,1321,173.4,74.0,13.41,-34.438,4.363,4.196,202.0,200.7,70.0,1700,1,-30.1,0.49
4911,302,6.725,44.69,1,96.89999999999999,91.10000000000001,1322,173.5,74.2,14.91,-34.477,4.363,4.196,202.0,200.7,70.0,1700,1,-30.1,0.48
4912,302,6.725,43.97,1,97.7,91.4,1328,173.5,74.6,15.54,-34.508,4.363,4.196,201.0,200.6,70.0,1700,1,-30.1,0.48
4913,302,6.725,45.44,1,98.3,91.4,1334,173.5,74.7,15.61,-34.547,4.363,4.196,201.0,200.5,70.0,1700,1,-30.1,0.49
4914,302,6.725,42.97,1,98.5,91.5,1339,173.6,74.7,16.38,-34.578,4.367,4.196,201.0,200.5,70.0,1700,1,-30.1,0.49
4915,302,6.725,42.97,1,98.9,91.60000000000001,1342,173.7,74.9,16.72,-34.609,4.363,4.196,201.0,200.6,70.0,1700,1,-30.1,0.49
4916,302,6.75,44.97,1,99.2,91.60000000000001,1345,173.6,74.9,16.73,-34.641,4.367,4.196,202.0,200.7,70.0,1700,1,-30.1,0.48
4917,302,6.725,44.66,1,99.3,91.60000000000001,1347,173.6,74.8,16.75,-34.672,4.367,4.196,203.0,200.9,70.0,1701,1,-30.1,0.49
4918,302,6.725,45.09,1,99.4,91.7,1348,173.5,74.9,17.31,-34.695,4.367,4.196,203.0,201.2,70.0,1701,1,-30.1,0.48
4919,302,6.725,44.87,1,99.7,91.8,1349,173.4,75.0,17.57,-34.719,4.367,4.196,203.0,201.6,70.0,1701,1,-30.1,0.48
4920,302,6.75,43.14,1,99.8,91.8,1351,173.3,75.1,17.87,-34.734,4.367,4.196,203.0,202.0,70.0,1701,1,-30.1,0.49
4921,302,6.725,44.36,1,100.0,91.9,1352,173.1,75.2,17.98,-34.758,4.363,4.196,203.0,202.5,70.0,1701,1,-30.1,0.49
4922,302,6.725,44.82,1,100.1,92.0,1355,173.0,75.1,18.0,-34.758,4.363,4.196,204.0,203.0,70.0,1701,1,-30.1,0.49
4923,302,6.725,44.24,1,100.2,92.0,1357,172.9,75.2,18.05,-34.742,4.363,4.196,204.0,203.7,70.0,1701,1,-30.1,0.49
4924,302,6.725,45.21,1,100.29999999999998,92.10000000000001,1358,172.7,75.2,18.87,-34.703,4.363,4.196,205.0,204.3,70.0,1701,1,-30.1,0.49
4925,302,6.725,45.05,1,100.69999999999999,92.2,1361,172.7,75.3,20.02,-34.664,4.363,4.196,206.0,205.0,70.0,1701,1,-30.1,0.49
4926,303,6.725,43.62,1,101.4,92.4,1365,172.5,75.3,20.56,-34.609,4.363,4.196,207.0,205.7,70.0,1701,1,-30.1,0.49
4927,303,6.725,45.54,1,101.8,92.5,1371,172.3,75.4,20.72,-34.539,4.363,4.196,207.0,206.5,70.0,1701,1,-30.1,0.48
4928,303,6.725,45.06,1,102.0,92.5,1375,172.2,75.6,21.15,-34.469,4.363,4.196,208.0,207.3,70.0,1701,1,-30.1,0.48
4929,303,6.725,45.37,1,102.1,92.5,1376,172.1,75.6,21.99,-34.422,4.363,4.196,208.0,208.1,70.0,1701,1,-30.1,0.49
4930,303,6.725,46.2,1,102.2,92.5,1378,172.0,75.5,22.27,-34.367,4.363,4.196,210.0,208.9,70.0,1701,1,-30.1,0.48
4931,304,6.725,45.57,1,102.2,92.5,1380,171.8,75.6,22.37,-34.305,4.363,4.196,211.0,209.7,70.0,1701,1,-30.1,0.48
4932,304,6.725,45.34,1,102.2,92.60000000000001,1380,171.7,75.4,22.36,-34.25,4.363,4.196,212.0,210.5,70.0,1701,1,-30.1,0.49
4933,304,6.725,45.32,1,102.2,92.5,1381,171.5,75.5,22.38,-34.203,4.363,4.196,212.0,211.3,70.0,1701,1,-30.1,0.48
4934,304,6.725,44.61,1,102.2,92.5,1382,171.3,75.4,21.78,-34.156,4.363,4.196,213.0,212.0,70.0,1701,1,-30.1,0.48
4935,304,6.725,44.8,1,102.2,92.5,1382,171.2,75.6,21.64,-34.117,4.363,4.196,213.0,212.6,70.0,1701,1,-30.1,0.48
4936,304,6.725,44.61,1,102.2,92.5,1383,171.1,75.4,21.7,-34.086,4.363,4.196,213.0,213.2,70.0,1701,1,-30.1,0.49
4937,304,6.725,44.46,1,102.2,92.60000000000001,1384,171.0,75.5,21.7,-34.055,4.363,4.196,214.0,213.7,70.0,1701,1,-30.1,0.49
4938,304,6.75,45.8,1,102.2,92.60000000000001,1384,170.9,75.6,21.7,-34.031,4.363,4.196,216.0,214.1,70.0,1701,1,-30.1,0.48
4939,304,6.725,45.05,1,102.2,92.60000000000001,1384,170.8,75.5,21.46,-34.008,4.363,4.196,216.0,214.4,70.0,1701,1,-30.1,0.48
4940,304,6.725,44.75,1,102.2,92.5,1384,170.7,75.5,21.31,-33.984,4.363,4.196,216.0,214.8,70.0,1701,1,-30.1,0.48
4941,305,6.725,45.07,1,102.2,92.60000000000001,1384,170.7,75.5,21.34,-33.977,4.363,4.196,216.0,215.1,70.0,1701,1,-30.1,0.49
4942,305,6.725,43.07,1,102.2,92.60000000000001,1384,170.6,75.5,21.34,-33.961,4.363,4.196,216.0,215.4,70.0,1701,1,-30.1,0.48
4943,305,6.75,45.68,1,102.2,92.5,1384,170.5,75.4,21.34,-33.953,4.363,4.196,216.0,215.5,70.0,1701,1,-30.1,0.48
4944,305,6.725,44.81,1,102.2,92.60000000000001,1384,170.6,75.4,21.35,-33.938,4.363,4.196,216.0,215.7,70.0,1701,1,-30.1,0.49
4945,305,6.725,44.82,1,102.2,92.60000000000001,1385,170.5,75.4,21.2,-33.922,4.363,4.196,216.0,215.8,70.0,1701,1,-30.1,0.49
4946,305,6.725,43.17,1,102.2,92.5,1384,170.5,75.5,21.1,-33.914,4.363,4.196,217.0,215.9,70.0,1701,1,-30.1,0.49
4947,305,6.75,45.01,1,102.2,92.60000000000001,1385,170.5,75.5,21.08,-33.914,4.359,4.196,216.0,215.9,70.0,1701,1,-30.1,0.51
4948,305,6.725,45.45,1,102.2,92.60000000000001,1386,170.4,75.6,21.05,-33.898,4.363,4.196,217.0,215.9,70.0,1701,1,-30.1,0.5
4949,306,6.725,45.75,1,102.2,92.5,1386,170.4,75.5,21.09,-33.891,4.363,4.196,216.0,215.9,70.0,1701,1,-30.1,0.49
4950,306,6.725,44.99,1,102.2,92.5,1386,170.5,75.5,20.64,-33.875,4.363,4.196,216.0,215.9,70.0,1701,1,-30.1,0.49
4951,306,6.725,44.64,1,102.1,92.5,1386,170.6,75.4,20.61,-33.875,4.359,4.196,217.0,215.9,70.0,1701,1,-30.1,0.49
4952,306,6.725,44.35,1,102.0,92.5,1384,170.5,75.4,20.52,-33.867,4.359,4.196,216.0,215.9,70.0,1701,1,-30.1,0.5
4953,306,6.725,43.62,1,102.0,92.5,1384,170.5,75.4,20.53,-33.859,4.363,4.196,216.0,215.8,70.0,1701,1,-30.1,0.49
4954,306,6.725,44.63,1,102.0,92.5,1383,170.5,75.5,20.5,-33.859,4.359,4.196,216.0,215.8,70.0,1701,1,-30.1,0.48
4955,306,6.725,44.78,1,101.89999999999999,92.5,1383,170.3,75.4,20.56,-33.859,4.359,4.196,216.0,215.8,70.0,1701,1,-30.1,0.49
4956,306,6.725,43.51,1,102.0,92.5,1384,170.3,75.5,20.56,-33.852,4.359,4.196,216.0,215.7,70.0,1701,1,-30.1,0.5
4957,306,6.725,44.67,1,102.0,92.5,1384,170.2,75.4,20.56,-33.844,4.363,4.196,216.0,215.7,70.0,1701,1,-30.1,0.49
4958,306,6.725,45.05,1,102.0,92.5,1384,170.3,75.5,20.51,-33.836,4.363,4.196,216.0,215.6,70.0,1701,1,-30.1,0.49
4959,307,6.75,44.78,1,102.0,92.5,1385,170.2,75.3,20.54,-33.836,4.363,4.196,216.0,215.6,70.0,1701,1,-30.1,0.49
4960,307,6.725,45.45,1,101.89999999999999,92.5,1384,170.2,75.5,19.74,-33.828,4.363,4.196,216.0,215.6,70.0,1701,1,-30.1,0.49
4961,307,6.725,45.37,1,101.49999999999999,92.2,1383,170.3,75.4,18.63,-33.828,4.363,4.196,216.0,215.6,70.0,1701,1,-30.1,0.49
4962,307,6.725,44.35,1,100.89999999999999,92.0,1380,170.3,75.2,17.86,-33.836,4.363,4.196,216.0,215.5,70.0,1701,1,-30.1,0.49
4963,307,6.725,45.06,1,100.4,92.0,1375,170.2,75.2,17.73,-33.852,4.363,4.196,216.0,215.5,70.0,1701,1,-30.1,0.49
4964,307,6.725,44.95,1,100.1,92.0,1372,170.3,75.1,17.81,-33.859,4.363,4.196,216.0,215.5,70.0,1701,1,-30.1,0.5
4965,307,6.725,45.0,1,100.1,92.0,1370,170.2,75.0,17.74,-33.875,4.363,4.196,216.0,215.5,70.0,1701,1,-30.1,0.49
4966,307,6.75,45.52,1,100.1,92.0,1370,170.3,75.0,17.75,-33.891,4.363,4.196,216.0,215.5,70.0,1701,1,-30.1,0.49
4967,307,6.725,44.61,1,100.0,92.0,1369,170.3,75.0,17.74,-33.891,4.363,4.196,216.0,215.5,70.0,1701,1,-30.1,0.49
4968,307,6.725,43.49,1,100.0,92.0,1368,170.4,75.2,17.75,-33.898,4.363,4.196,216.0,215.5,70.0,1701,1,-30.1,0.49
4969,307,6.75,45.42,1,100.0,92.0,1367,170.6,75.1,17.75,-33.906,4.363,4.196,216.0,215.5,70.0,1701,1,-30.1,0.49
4970,307,6.725,44.62,1,100.0,92.0,1366,170.8,75.2,17.79,-33.914,4.363,4.196,216.0,215.5,70.0,1701,1,-30.1,0.49
4971,307,6.725,44.58,1,100.1,92.0,1366,170.8,75.1,17.78,-33.914,4.363,4.196,216.0,215.5,70.0,1701,1,-30.1,0.49
4972,307,6.75,45.11,1,100.1,92.0,1366,170.8,75.1,17.75,-33.914,4.363,4.196,216.0,215.4,70.0,1701,1,-30.1,0.48
4973,307,6.725,45.57,1,100.0,92.0,1366,171.0,75.1,17.49,-33.914,4.363,4.196,216.0,215.4,70.0,1701,1,-30.1,0.48
4974,307,6.725,45.06,1,99.9,91.9,1365,171.2,75.1,17.21,-33.914,4.363,4.196,215.0,215.2,70.0,1702,1,-30.1,0.49
4975,307,6.725,44.85,1,99.7,91.9,1364,171.3,75.0,17.2,-33.922,4.363,4.196,215.0,215.1,70.0,1702,1,-30.1,0.48
4976,307,6.725,44.52,1,99.7,91.9,1363,171.3,75.0,17.14,-33.922,4.363,4.196,214.0,214.9,70.0,1702,1,-30.1,0.48
4977,307,6.75,44.67,1,99.6,91.9,1363,171.3,74.9,17.2,-33.93,4.363,4.196,213.0,214.6,70.0,1702,1,-30.1,0.48
4978,307,6.725,43.71,1,99.7,91.9,1362,171.4,75.0,17.21,-33.922,4.363,4.196,213.0,214.3,70.0,1702,1,-30.1,0.48
4979,307,6.725,45.28,1,99.6,91.9,1362,171.5,74.9,17.18,-33.922,4.363,4.196,213.0,213.9,70.0,1702,1,-30.1,0.48
4980,307,6.725,45.93,1,99.7,91.9,1362,171.7,75.0,17.2,-33.922,4.363,4.196,213.0,213.5,70.0,1702,1,-30.1,0.48
4981,307,6.725,44.87,1,99.7,91.9,1362,171.8,74.8,17.14,-33.922,4.363,4.196,213.0,213.1,70.0,1702,1,-30.1,0.47
4982,307,6.725,44.48,1,99.6,91.9,1363,171.9,75.0,17.21,-33.914,4.363,4.196,212.0,212.6,70.0,1702,1,-30.1,0.48
4983,307,6.725,43.89,1,99.7,91.9,1362,171.9,74.9,17.22,-33.914,4.363,4.196,212.0,212.2,70.0,1702,1,-30.1,0.48
4984,307,6.725,44.17,1,99.7,91.9,1362,171.9,74.9,17.22,-33.906,4.363,4.196,211.0,211.7,70.0,1702,1,-30.1,0.49
4985,307,6.725,44.93,1,99.7,91.9,1362,171.8,75.1,17.21,-33.906,4.363,4.196,211.0,211.2,70.0,1702,1,-30.1,0.48
4986,307,6.725,42.92,1,99.6,91.9,1362,171.9,74.9,17.16,-33.906,4.363,4.196,210.0,210.7,70.0,1702,1,-30.1,0.49
4987,307,6.725,44.64,1,99.7,91.9,1362,171.8,75.0,17.2,-33.898,4.363,4.196,209.0,210.1,70.0,1702,1,-30.1,0.49
4988,307,6.725,44.21,1,99.7,92.0,1363,171.8,75.0,17.5,-33.891,4.363,4.196,208.0,209.6,70.0,1702,1,-30.1,0.5
4989,307,6.725,44.36,1,99.9,92.0,1363,171.8,75.1,17.56,-33.891,4.363,4.196,208.0,209.1,70.0,1702,1,-30.1,0.49
4990,307,6.75,44.71,1,99.9,92.0,1364,171.9,75.1,17.55,-33.883,4.363,4.196,208.0,208.6,70.0,1702,1,-30.1,0.48
4991,307,6.725,44.62,1,99.9,91.9,1363,171.8,75.2,17.77,-33.883,4.363,4.196,207.0,208.0,70.0,1702,1,-30.1,0.49
4992,307,6.725,44.32,1,100.0,92.0,1362,171.8,75.3,17.96,-33.891,4.363,4.196,206.0,207.4,70.0,1702,1,-30.1,0.48
4993,307,6.725,43.77,1,100.2,92.10000000000001,1363,171.8,75.3,18.73,-33.898,4.363,4.196,206.0,206.9,70.0,1702,1,-30.0,0.48
4994,307,6.75,43.6,1,100.49999999999999,92.2,1365,171.7,75.4,19.02,-33.914,4.363,4.196,205.0,206.4,70.0,1702,1,-30.1,0.48
4995,307,6.725,45.67,1,100.8,92.2,1368,171.8,75.3,18.99,-33.922,4.367,4.196,205.0,205.9,70.0,1702,1,-30.0,0.49
4996,307,6.725,44.86,1,100.89999999999999,92.2,1369,171.7,75.5,19.04,-33.93,4.367,4.196,205.0,205.4,70.0,1702,1,-30.1,0.49
4997,307,6.725,44.78,1,100.89999999999999,92.2,1370,171.7,75.5,19.02,-33.938,4.367,4.196,204.0,205.0,70.0,1702,1,-30.1,0.49
4998,307,6.75,45.54,1,100.89999999999999,92.2,1371,171.7,75.4,19.0,-33.945,4.367,4.196,203.0,204.7,70.0,1702,1,-30.1,0.49
4999,307,6.725,46.19,1,100.89999999999999,92.2,1371,171.9,75.4,19.0,-33.945,4.367,4.196,203.0,204.4,70.0,1702,1,-30.1,0.49
5000,307,6.725,43.43,1,100.89999999999999,92.2,1371,171.8,75.5,19.02,-33.953,4.367,4.196,203.0,204.2,70.0,1702,1,-30.0,0.5
5001,307,6.725,44.16,1,100.89999999999999,92.2,1370,171.8,75.3,19.02,-33.961,4.367,4.196,203.0,204.0,70.0,1702,1,-30.0,0.49
5002,307,6.75,45.79,1,100.89999999999999,92.2,1370,171.7,75.5,19.01,-33.969,4.367,4.196,203.0,203.8,70.0,1702,1,-30.0,0.5
5003,307,6.725,43.3,1,100.89999999999999,92.2,1370,171.6,75.6,19.16,-33.977,4.367,4.196,203.0,203.7,70.0,1702,1,-30.0,0.5
5004,307,6.725,43.08,1,101.1,92.30000000000001,1370,171.6,75.3,20.08,-33.977,4.363,4.196,203.0,203.7,70.0,1702,1,-30.0,0.49
5005,307,6.75,46.23,1,101.6,92.60000000000001,1372,171.7,75.5,20.93,-33.977,4.367,4.196,203.0,203.6,70.0,1702,1,-30.1,0.49
5006,307,6.75,45.74,1,102.0,92.60000000000001,1377,171.8,75.5,21.05,-33.961,4.367,4.196,203.0,203.5,70.0,1702,1,-30.0,0.49
5007,307,6.725,44.77,1,102.1,92.60000000000001,1380,171.7,75.5,21.06,-33.945,4.367,4.196,203.0,203.5,70.0,1702,1,-30.0,0.49
5008,307,6.725,45.06,1,102.2,92.60000000000001,1381,171.6,75.6,21.04,-33.922,4.367,4.196,203.0,203.5,70.0,1702,1,-30.0,0.48
5009,307,6.725,44.2,1,102.1,92.5,1382,171.6,75.6,19.69,-33.906,4.367,4.196,203.0,203.6,70.0,1702,1,-30.0,0.49
5010,307,6.725,45.32,1,101.49999999999999,92.2,1380,171.4,75.3,18.23,-33.898,4.367,4.196,203.0,203.6,70.0,1702,1,-30.0,0.49
5011,307,6.725,44.94,1,100.69999999999999,92.0,1375,171.4,75.3,17.89,-33.906,4.367,4.196,203.0,203.7,70.0,1702,1,-30.0,0.49
5012,307,6.725,45.65,1,100.4,92.0,1370,171.5,75.2,17.9,-33.93,4.367,4.196,203.0,203.8,70.0,1702,1,-30.0,0.5
5013,307,6.725,43.22,1,100.2,92.0,1367,171.6,75.1,17.83,-33.961,4.367,4.196,203.0,203.8,70.0,1702,1,-30.0,0.5
5014,307,6.725,43.23,1,100.1,92.0,1366,171.6,75.1,17.82,-33.984,4.367,4.196,203.0,203.9,70.0,1703,1,-30.0,0.49
5015,307,6.75,45.27,1,100.2,92.0,1365,171.6,74.9,18.45,-34.016,4.367,4.196,204.0,203.9,70.0,1703,1,-30.0,0.5
5016,307,6.725,44.49,1,100.6,92.2,1365,171.6,75.3,19.47,-34.047,4.367,4.196,203.0,204.0,70.0,1703,1,-30.0,0.49
5017,307,6.725,43.41,1,101.0,92.30000000000001,1368,171.6,75.3,19.65,-34.07,4.367,4.196,204.0,204.1,70.0,1703,1,-30.0,0.48
5018,307,6.75,45.1,1,101.2,92.30000000000001,1370,171.6,75.3,19.57,-34.086,4.367,4.196,204.0,204.1,70.0,1703,1,-30.0,0.49
5019,307,6.75,45.04,1,101.4,92.30000000000001,1372,171.6,75.3,20.39,-34.102,4.367,4.196,204.0,204.2,70.0,1703,1,-30.0,0.49
5020,307,6.725,44.25,1,101.69999999999999,92.5,1374,171.6,75.5,20.63,-34.109,4.367,4.196,205.0,204.3,70.0,1703,1,-30.0,0.48
5021,307,6.725,44.43,1,101.89999999999999,92.5,1376,171.8,75.4,20.67,-34.117,4.367,4.196,204.0,204.4,70.0,1703,1,-30.0,0.5
5022,307,6.75,44.4,1,102.0,92.5,1377,171.7,75.5,20.67,-34.117,4.363,4.196,204.0,204.6,70.0,1703,1,-30.0,0.49
5023,307,6.725,43.83,1,102.0,92.5,1378,171.7,75.7,20.93,-34.125,4.363,4.196,205.0,204.7,70.0,1703,1,-30.0,0.5
5024,307,6.725,44.51,1,102.2,92.60000000000001,1379,171.7,75.5,21.02,-34.125,4.363,4.196,205.0,204.8,70.0,1703,1,-30.0,0.49
5025,308,6.725,44.53,1,102.2,92.60000000000001,1380,171.7,75.5,21.02,-34.117,4.363,4.196,205.0,205.0,70.0,1703,1,-30.0,0.48
5026,308,6.725,43.93,1,102.2,92.60000000000001,1382,171.7,75.6,21.03,-34.109,4.363,4.196,205.0,205.1,70.0,1703,1,-30.0,0.48
5027,308,6.725,44.82,1,102.2,92.60000000000001,1382,171.7,75.6,21.05,-34.109,4.363,4.196,205.0,205.2,70.0,1703,1,-30.0,0.48
5028,308,6.725,44.86,1,102.2,92.60000000000001,1382,171.6,75.6,21.06,-34.102,4.367,4.196,205.0,205.4,70.0,1703,1,-30.0,0.48
5029,308,6.725,44.61,1,102.2,92.60000000000001,1383,171.5,75.6,21.05,-34.086,4.363,4.196,205.0,205.6,70.0,1703,1,-30.0,0.49
5030,308,6.725,45.59,1,102.2,92.60000000000001,1383,171.5,75.4,21.08,-34.062,4.367,4.196,205.0,205.8,70.0,1703,1,-30.0,0.47
5031,308,6.725,45.44,1,102.2,92.60000000000001,1384,171.5,75.4,21.04,-34.039,4.363,4.196,206.0,206.0,70.0,1703,1,-30.0,0.49
5032,308,6.725,45.53,1,102.2,92.60000000000001,1384,171.5,75.5,21.03,-34.023,4.367,4.196,206.0,206.2,70.0,1703,1,-30.0,0.49
5033,308,6.725,44.67,1,102.2,92.60000000000001,1384,171.5,75.5,20.63,-34.0,4.367,4.196,206.0,206.3,70.0,1703,1,-30.0,0.48
5034,308,6.75,44.13,1,101.89999999999999,92.4,1383,171.5,75.4,18.88,-33.977,4.367,4.196,207.0,206.6,70.0,1703,1,-30.0,0.48
5035,308,6.725,44.36,1,101.1,92.10000000000001,1380,171.5,75.2,17.66,-33.961,4.367,4.196,207.0,206.8,70.0,1703,1,-30.0,0.47
5036,308,6.725,44.67,1,100.2,91.9,1374,171.6,75.1,17.05,-33.953,4.367,4.196,207.0,207.0,70.0,1703,1,-30.0,0.48
5037,308,6.725,44.6,1,99.8,91.9,1370,171.6,75.0,16.9,-33.945,4.367,4.196,207.0,207.2,70.0,1703,1,-30.0,0.48
5038,308,6.725,43.98,1,99.5,91.8,1367,171.5,74.9,16.09,-33.938,4.367,4.196,207.0,207.3,70.0,1703,1,-30.0,0.48
5039,309,6.75,44.68,1,99.0,91.60000000000001,1364,171.5,74.8,15.0,-33.938,4.367,4.196,207.0,207.5,70.0,1703,1,-30.0,0.49
5040,308,6.725,43.96,1,98.4,91.5,1360,171.5,74.8,14.44,-33.93,4.367,4.196,208.0,207.7,70.0,1703,1,-30.0,0.48
5041,308,6.725,43.88,1,97.89999999999999,91.4,1355,171.6,74.7,14.38,-33.93,4.367,4.196,208.0,207.9,70.0,1703,1,-30.0,0.49
5042,308,6.725,43.77,1,97.8,91.4,1353,171.6,74.6,14.23,-33.922,4.367,4.196,208.0,208.0,70.0,1703,1,-30.0,0.48
5043,308,6.725,43.72,1,97.6,91.3,1351,171.7,74.4,13.67,-33.914,4.367,4.196,208.0,208.1,70.0,1703,1,-30.0,0.48
5044,308,6.725,43.52,1,97.3,91.2,1348,171.8,74.4,13.2,-33.906,4.367,4.196,208.0,208.1,70.0,1703,1,-30.0,0.5
5045,308,6.725,43.6,1,97.0,91.0,1345,171.9,74.3,12.31,-33.898,4.363,4.196,208.0,208.2,70.0,1703,1,-30.0,0.48
5046,308,6.725,43.33,1,96.5,90.8,1340,172.1,74.1,12.1,-33.898,4.363,4.196,208.0,208.2,70.0,1703,1,-30.0,0.49
5047,308,6.725,43.68,1,96.2,90.7,1335,172.2,74.0,12.1,-33.891,4.363,4.196,208.0,208.2,70.0,1703,1,-30.0,0.49
5048,308,6.725,43.85,1,96.1,90.7,1331,172.4,74.1,12.09,-33.891,4.363,4.196,208.0,208.2,70.0,1704,1,-30.0,0.48
5049,308,6.725,43.49,1,96.1,90.7,1329,172.5,74.0,12.1,-33.883,4.363,4.196,208.0,208.2,70.0,1704,1,-30.0,0.49
5050,308,6.725,43.59,1,96.1,90.7,1328,172.8,74.0,12.11,-33.875,4.363,4.196,208.0,208.1,70.0,1704,1,-30.0,0.49
5051,307,6.725,43.64,1,96.1,90.7,1326,172.8,74.0,12.15,-33.867,4.363,4.196,208.0,208.1,70.0,1704,1,-30.0,0.49
5052,307,6.725,44.86,1,96.1,90.7,1325,172.9,73.9,12.13,-33.859,4.363,4.196,208.0,208.0,70.0,1704,1,-30.0,0.49
5053,307,6.725,44.76,1,96.1,90.7,1324,173.1,74.0,12.14,-33.852,4.363,4.196,208.0,207.9,70.0,1704,1,-30.0,0.49
5054,307,6.725,44.45,1,96.1,90.7,1324,173.4,73.9,12.11,-33.844,4.363,4.196,208.0,207.8,70.0,1704,1,-30.0,0.48
5055,307,6.725,44.2,1,96.1,90.7,1323,173.5,73.8,12.13,-33.844,4.363,4.196,207.0,207.8,70.0,1704,1,-30.0,0.49
5056,306,6.725,44.05,1,96.1,90.7,1323,173.6,73.8,12.15,-33.836,4.363,4.196,208.0,207.7,70.0,1704,1,-30.0,0.49
5057,306,6.725,44.03,1,96.1,90.7,1323,173.7,74.0,12.09,-33.828,4.363,4.196,207.0,207.6,70.0,1704,1,-30.0,0.48
5058,306,6.725,44.29,1,96.1,90.7,1323,173.8,74.0,12.09,-33.828,4.363,4.196,207.0,207.5,70.0,1704,1,-30.0,0.49
5059,306,6.725,43.77,1,96.1,90.7,1323,173.8,73.9,12.13,-33.828,4.359,4.196,207.0,207.4,70.0,1704,1,-30.0,0.48
5060,305,6.725,43.49,1,96.1,90.7,1323,173.9,73.9,12.77,-33.828,4.359,4.196,207.0,207.2,70.0,1704,1,-30.0,0.49
5061,305,6.725,43.51,1,96.5,91.0,1324,174.0,74.1,13.87,-33.836,4.359,4.196,207.0,207.1,70.0,1704,1,-30.0,0.5
5062,305,6.725,43.67,1,97.2,91.3,1328,174.1,74.3,14.98,-33.836,4.359,4.196,207.0,207.0,70.0,1704,1,-30.0,0.49
5063,305,6.725,43.58,1,97.8,91.5,1334,174.2,74.6,15.33,-33.828,4.359,4.196,206.0,206.8,70.0,1704,1,-30.0,0.5
5064,305,6.725,43.73,1,98.2,91.5,1339,174.1,74.7,15.37,-33.828,4.363,4.196,206.0,206.7,70.0,1704,1,-30.0,0.49
5065,305,6.725,43.67,1,98.3,91.60000000000001,1342,174.1,74.7,15.75,-33.828,4.363,4.196,206.0,206.5,70.0,1704,1,-30.0,0.49
5066,305,6.725,45.26,1,98.6,91.7,1344,174.1,74.8,16.51,-33.82,4.363,4.196,206.0,206.4,70.0,1704,1,-30.0,0.49
5067,305,6.725,45.06,1,99.0,91.8,1348,174.0,74.9,16.69,-33.82,4.363,4.196,205.0,206.2,70.0,1704,1,-30.0,0.49
5068,304,6.725,44.85,1,99.2,91.8,1351,173.9,74.9,16.94,-33.82,4.363,4.196,205.0,206.1,70.0,1704,1,-30.0,0.49
5069,304,6.725,44.3,1,99.6,92.0,1353,173.8,75.0,18.02,-33.82,4.363,4.196,205.0,205.9,70.0,1704,1,-30.0,0.5
5070,304,6.725,45.52,1,100.0,92.10000000000001,1356,173.7,75.3,18.23,-33.82,4.363,4.196,205.0,205.9,70.0,1704,1,-30.0,0.49
5071,304,6.725,45.06,1,100.29999999999998,92.10000000000001,1359,173.6,75.3,18.19,-33.82,4.363,4.196,205.0,205.9,70.0,1704,1,-30.0,0.51
5072,304,6.725,45.29,1,100.4,92.10000000000001,1361,173.6,75.2,18.44,-33.82,4.363,4.196,205.0,205.9,70.0,1704,1,-30.0,0.51
5073,304,6.725,45.03,1,100.49999999999999,92.10000000000001,1363,173.5,75.2,18.43,-33.828,4.363,4.196,206.0,206.1,70.0,1704,1,-30.0,0.49
5074,303,6.725,44.69,1,100.49999999999999,92.10000000000001,1364,173.4,75.2,18.41,-33.836,4.363,4.196,206.0,206.4,70.0,1704,1,-30.0,0.49
5075,303,6.725,44.96,1,100.49999999999999,92.10000000000001,1364,173.2,75.2,18.45,-33.852,4.363,4.196,206.0,206.7,70.0,1704,1,-30.0,0.5
5076,303,6.725,44.6,1,100.49999999999999,92.10000000000001,1364,173.0,75.3,18.44,-33.867,4.363,4.196,207.0,207.1,70.0,1704,1,-30.0,0.5
5077,303,6.725,44.2,1,100.49999999999999,92.10000000000001,1364,172.9,75.3,18.43,-33.875,4.363,4.196,207.0,207.6,70.0,1704,1,-30.0,0.5
5078,303,6.725,44.92,1,100.49999999999999,92.10000000000001,1364,172.8,75.3,18.46,-33.891,4.363,4.196,208.0,208.1,70.0,1704,1,-30.0,0.5
5079,303,6.725,45.19,1,100.49999999999999,92.10000000000001,1365,172.6,75.3,18.0,-33.891,4.363,4.196,208.0,208.6,70.0,1704,1,-30.0,0.5
5080,303,6.725,43.0,1,100.2,91.9,1366,172.6,75.3,17.46,-33.906,4.363,4.196,208.0,209.2,70.0,1704,1,-30.0,0.5
5081,303,6.75,45.04,1,100.0,91.9,1364,172.6,75.1,17.43,-33.914,4.363,4.196,210.0,209.9,70.0,1705,1,-30.0,0.49
5082,303,6.725,44.52,1,99.9,91.9,1362,172.5,75.3,17.42,-33.922,4.363,4.196,211.0,210.5,70.0,1705,1,-30.0,0.49
5083,303,6.725,44.65,1,99.8,91.9,1362,172.4,75.0,17.41,-33.93,4.363,4.196,211.0,211.2,70.0,1705,1,-29.9,0.5
5084,303,6.725,44.98,1,99.8,91.9,1361,172.3,75.0,17.4,-33.938,4.363,4.196,212.0,211.8,70.0,1705,1,-30.0,0.49
5085,303,6.75,44.3,1,99.8,91.9,1361,172.2,74.9,17.46,-33.945,4.363,4.196,213.0,212.5,70.0,1705,1,-30.0,0.48
5086,303,6.725,44.3,1,99.8,91.9,1362,172.1,75.0,17.4,-33.953,4.363,4.196,213.0,213.1,70.0,1705,1,-30.0,0.49
5087,303,6.725,44.67,1,99.8,91.9,1362,172.1,75.0,17.46,-33.953,4.363,4.196,213.0,213.6,70.0,1705,1,-30.0,0.5
5088,303,6.75,44.31,1,99.9,92.0,1362,172.0,75.1,18.65,-33.953,4.363,4.196,214.0,214.1,70.0,1705,1,-30.0,0.49
5089,304,6.725,43.79,1,100.6,92.30000000000001,1364,172.1,75.3,20.5,-33.953,4.363,4.196,215.0,214.5,70.0,1705,1,-30.0,0.51
5090,304,6.75,45.06,1,101.6,92.60000000000001,1371,172.0,75.5,20.97,-33.945,4.363,4.196,215.0,214.9,70.0,1705,1,-30.0,0.5
5091,304,6.725,45.01,1,101.89999999999999,92.5,1375,172.1,75.5,21.01,-33.93,4.363,4.196,216.0,215.2,70.0,1705,1,-30.0,0.5
5092,304,6.725,45.62,1,102.1,92.5,1378,171.9,75.6,21.04,-33.914,4.363,4.196,216.0,215.5,70.0,1705,1,-30.0,0.5
5093,304,6.725,44.73,1,102.2,92.60000000000001,1379,171.8,75.8,21.04,-33.906,4.363,4.196,216.0,215.7,70.0,1705,1,-30.0,0.51
5094,304,6.725,44.67,1,102.2,92.60000000000001,1381,171.7,75.6,21.04,-33.891,4.367,4.196,216.0,215.9,70.0,1705,1,-29.9,0.5
5095,304,6.725,44.99,1,102.3,92.60000000000001,1382,171.7,75.6,21.04,-33.875,4.367,4.196,216.0,216.1,70.0,1705,1,-30.0,0.5
5096,304,6.725,43.56,1,102.2,92.60000000000001,1382,171.6,75.4,21.04,-33.867,4.367,4.196,216.0,216.2,70.0,1705,1,-30.0,0.5
5097,304,6.725,43.58,1,102.2,92.60000000000001,1382,171.6,75.6,21.02,-33.852,4.367,4.196,216.0,216.3,70.0,1705,1,-30.0,0.5
5098,304,6.75,45.34,1,102.2,92.60000000000001,1382,171.5,75.5,21.02,-33.836,4.367,4.196,217.0,216.3,70.0,1705,1,-29.9,0.5
5099,304,6.725,44.13,1,102.2,92.60000000000001,1383,171.6,75.6,21.06,-33.828,4.363,4.196,217.0,216.3,70.0,1705,1,-30.0,0.5
5100,305,6.725,43.46,1,102.2,92.60000000000001,1383,171.4,75.6,21.04,-33.82,4.363,4.196,216.0,216.3,70.0,1705,1,-29.9,0.5
5101,305,6.75,44.6,1,102.2,92.60000000000001,1383,171.1,75.6,20.44,-33.812,4.367,4.196,216.0,216.3,70.0,1705,1,-30.0,0.5
5102,305,6.725,43.5,1,101.8,92.30000000000001,1384,171.1,75.4,18.8,-33.805,4.367,4.196,216.0,216.2,70.0,1705,1,-29.9,0.5
5103,305,6.725,44.26,1,101.0,92.10000000000001,1380,171.0,75.1,17.89,-33.805,4.367,4.196,216.0,216.1,70.0,1705,1,-29.9,0.5
5104,305,6.725,44.85,1,100.4,92.0,1375,171.0,75.0,17.77,-33.812,4.367,4.196,216.0,216.1,70.0,1705,1,-29.9,0.5
5105,305,6.75,46.01,1,100.2,92.0,1371,171.0,75.0,17.73,-33.812,4.363,4.196,216.0,216.0,70.0,1705,1,-29.9,0.49
5106,305,6.725,44.73,1,100.2,92.10000000000001,1370,171.1,75.0,19.13,-33.82,4.363,4.196,216.0,215.9,70.0,1705,1,-30.0,0.5
5107,305,6.725,43.64,1,100.89999999999999,92.4,1371,171.1,75.3,20.65,-33.828,4.363,4.196,216.0,215.8,70.0,1705,1,-29.9,0.51
5108,305,6.725,44.98,1,101.8,92.60000000000001,1376,171.1,75.3,20.88,-33.82,4.363,4.196,216.0,215.7,70.0,1705,1,-29.9,0.49
5109,305,6.75,44.38,1,102.0,92.60000000000001,1379,171.1,75.4,20.48,-33.805,4.363,4.196,216.0,215.6,70.0,1705,1,-29.9,0.5
5110,305,6.725,44.37,1,101.89999999999999,92.4,1380,171.1,75.6,19.92,-33.797,4.363,4.196,215.0,215.6,70.0,1705,1,-29.9,0.5
5111,305,6.725,45.36,1,101.6,92.4,1380,171.1,75.5,19.8,-33.789,4.363,4.196,216.0,215.5,70.0,1705,1,-29.9,0.49
5112,305,6.725,46.07,1,101.49999999999999,92.4,1380,171.0,75.5,19.85,-33.781,4.363,4.196,215.0,215.5,70.0,1706,1,-29.9,0.49
5113,306,6.725,44.75,1,101.49999999999999,92.4,1380,171.1,75.3,19.86,-33.781,4.363,4.196,215.0,215.4,70.0,1706,1,-29.9,0.49
5114,306,6.725,44.76,1,101.49999999999999,92.4,1380,171.1,75.4,19.96,-33.781,4.363,4.196,215.0,215.4,70.0,1706,1,-29.9,0.49
5115,306,6.75,44.28,1,101.6,92.5,1380,171.0,75.4,20.79,-33.773,4.363,4.196,215.0,215.4,70.0,1706,1,-29.9,0.5
5116,306,6.725,43.9,1,102.0,92.60000000000001,1381,171.0,75.4,21.03,-33.766,4.363,4.196,215.0,215.4,70.0,1706,1,-29.9,0.5
5117,306,6.725,44.63,1,102.1,92.60000000000001,1382,170.9,75.4,21.03,-33.758,4.363,4.196,215.0,215.4,70.0,1706,1,-29.9,0.5
5118,306,6.725,44.79,1,102.1,92.60000000000001,1383,170.9,75.5,21.07,-33.75,4.363,4.196,215.0,215.4,70.0,1706,1,-29.9,0.49
5119,306,6.725,44.33,1,102.2,92.60000000000001,1384,170.9,75.7,21.09,-33.734,4.363,4.196,215.0,215.3,70.0,1706,1,-29.9,0.49
5120,306,6.725,44.47,1,102.2,92.60000000000001,1385,170.9,75.6,21.08,-33.727,4.363,4.196,215.0,215.3,70.0,1706,1,-29.9,0.5
5121,306,6.75,43.46,1,102.2,92.60000000000001,1385,170.9,75.5,21.04,-33.727,4.367,4.196,216.0,215.3,70.0,1706,1,-29.9,0.49
5122,307,6.725,44.22,1,102.2,92.60000000000001,1385,170.8,75.5,21.07,-33.719,4.363,4.196,215.0,215.3,70.0,1706,1,-29.9,0.5
5123,307,6.725,44.85,1,102.2,92.60000000000001,1385,170.9,75.5,21.1,-33.719,4.363,4.196,215.0,215.3,70.0,1706,1,-29.9,0.49
5124,307,6.75,44.95,1,102.2,92.60000000000001,1385,170.9,75.4,21.05,-33.711,4.363,4.196,215.0,215.3,70.0,1706,1,-29.9,0.49
5125,307,6.725,44.28,1,102.2,92.60000000000001,1384,170.9,75.7,21.06,-33.719,4.363,4.196,214.0,215.3,70.0,1706,1,-29.9,0.49
5126,307,6.725,45.02,1,102.2,92.60000000000001,1384,170.8,75.5,21.08,-33.719,4.363,4.196,214.0,215.3,70.0,1706,1,-29.9,0.5
5127,307,6.725,44.1,1,102.2,92.60000000000001,1384,170.8,75.6,20.12,-33.719,4.367,4.196,215.0,215.3,70.0,1706,1,-29.9,0.48
5128,307,6.725,45.11,1,101.69999999999999,92.2,1384,170.8,75.5,18.55,-33.734,4.363,4.196,216.0,215.3,70.0,1706,1,-29.9,0.49
5129,307,6.725,43.25,1,101.0,92.10000000000001,1379,170.8,75.2,18.33,-33.75,4.363,4.196,214.0,215.3,70.0,1706,1,-29.9,0.49
5130,307,6.75,44.38,1,100.69999999999999,92.2,1375,170.8,75.2,19.66,-33.773,4.363,4.196,215.0,215.3,70.0,1706,1,-29.9,0.5
5131,308,6.75,44.58,1,101.29999999999998,92.5,1375,170.8,75.4,20.93,-33.789,4.363,4.196,215.0,215.3,70.0,1706,1,-29.9,0.48
5132,308,6.725,45.75,1,101.89999999999999,92.60000000000001,1378,170.9,75.4,21.11,-33.797,4.359,4.196,215.0,215.3,70.0,1706,1,-29.9,0.49
5133,308,6.725,46.08,1,102.1,92.60000000000001,1382,170.9,75.5,21.13,-33.797,4.363,4.196,215.0,215.3,70.0,1706,1,-29.9,0.49
5134,308,6.725,44.56,1,102.2,92.60000000000001,1384,171.0,75.5,21.15,-33.789,4.363,4.196,215.0,215.3,70.0,1706,1,-29.9,0.49
5135,308,6.725,43.09,1,102.2,92.60000000000001,1385,171.0,75.6,21.21,-33.781,4.363,4.196,216.0,215.3,70.0,1706,1,-29.9,0.49
5136,309,6.725,43.17,1,102.2,92.60000000000001,1386,171.0,75.6,21.16,-33.766,4.367,4.196,215.0,215.3,70.0,1706,1,-29.9,0.49
5137,309,6.725,43.03,1,102.2,92.60000000000001,1385,171.1,75.5,21.21,-33.75,4.367,4.196,215.0,215.3,70.0,1706,1,-29.9,0.49
5138,309,6.725,43.06,1,102.2,92.60000000000001,1385,171.2,75.5,19.98,-33.734,4.363,4.196,215.0,215.3,70.0,1706,1,-29.9,0.49
5139,309,6.725,42.99,1,101.69999999999999,92.4,1384,171.2,75.5,19.61,-33.719,4.363,4.196,214.0,215.2,70.0,1706,1,-29.9,0.49
5140,309,6.725,43.14,1,101.49999999999999,92.4,1381,171.3,75.5,19.59,-33.711,4.363,4.196,215.0,215.2,70.0,1706,1,-29.9,0.49
5141,309,6.725,43.06,1,101.29999999999998,92.4,1379,171.2,75.3,19.62,-33.703,4.359,4.196,215.0,215.1,70.0,1706,1,-29.9,0.49
5142,309,6.725,43.09,1,101.29999999999998,92.4,1378,171.2,75.2,19.95,-33.695,4.359,4.196,214.0,215.0,70.0,1707,1,-29.9,0.48
5143,309,6.725,43.03,1,101.6,92.5,1379,171.2,75.4,20.57,-33.688,4.359,4.196,214.0,214.9,70.0,1707,1,-29.9,0.49
5144,309,6.725,43.04,1,101.8,92.5,1381,171.3,75.5,20.54,-33.68,4.359,4.196,214.0,214.7,70.0,1707,1,-29.9,0.49
5145,310,6.725,42.92,1,101.89999999999999,92.5,1382,171.3,75.5,20.54,-33.672,4.359,4.196,213.0,214.7,70.0,1707,1,-29.9,0.48
5146,310,6.725,43.06,1,101.89999999999999,92.60000000000001,1382,171.3,75.5,20.56,-33.664,4.359,4.196,213.0,214.6,70.0,1707,1,-29.9,0.49
5147,310,6.725,43.04,1,102.0,92.60000000000001,1383,171.4,75.3,20.57,-33.648,4.359,4.196,213.0,214.4,70.0,1707,1,-29.9,0.49
5148,310,6.725,43.43,1,102.0,92.60000000000001,1383,171.4,75.5,20.58,-33.633,4.359,4.196,213.0,214.4,70.0,1707,1,-29.9,0.49
5149,310,6.725,45.06,1,102.0,92.60000000000001,1383,171.4,75.6,20.58,-33.617,4.363,4.196,213.0,214.3,70.0,1707,1,-29.9,0.49
5150,310,6.725,44.62,1,102.0,92.60000000000001,1384,171.4,75.4,20.57,-33.602,4.363,4.196,213.0,214.3,70.0,1707,1,-29.9,0.48
5151,310,6.725,44.75,1,102.0,92.60000000000001,1384,171.4,75.5,20.57,-33.586,4.363,4.196,213.0,214.3,70.0,1707,1,-29.9,0.48
5152,310,6.725,45.21,1,102.0,92.60000000000001,1385,171.6,75.5,20.56,-33.578,4.363,4.196,213.0,214.3,70.0,1707,1,-29.9,0.49
5153,310,6.725,45.86,1,102.0,92.60000000000001,1385,171.5,75.6,19.73,-33.562,4.367,4.196,213.0,214.3,70.0,1707,1,-29.9,0.48
5154,310,6.725,43.37,1,101.2,92.0,1384,171.6,75.3,15.84,-33.547,4.367,4.196,213.0,214.4,70.0,1707,1,-29.9,0.48
5155,310,6.75,42.79,1,99.2,91.4,1375,171.7,74.7,12.82,-33.539,4.363,4.196,213.0,214.4,70.0,1707,1,-29.9,0.48
5156,310,6.75,42.66,1,97.5,91.10000000000001,1363,171.8,74.4,12.26,-33.555,4.363,4.196,213.0,214.5,70.0,1707,1,-29.9,0.48
5157,310,6.75,42.61,1,96.7,91.0,1353,171.8,74.1,12.45,-33.578,4.359,4.196,213.0,214.5,70.0,1707,1,-29.9,0.48
5158,310,6.75,42.64,1,96.6,91.0,1347,171.9,74.1,13.39,-33.594,4.359,4.196,213.0,214.5,70.0,1707,1,-29.9,0.48
5159,310,6.725,42.63,1,97.0,91.3,1344,171.9,74.1,14.18,-33.602,4.359,4.196,214.0,214.4,70.0,1707,1,-29.9,0.48
5160,310,6.725,43.94,1,97.3,91.3,1345,172.0,74.2,14.21,-33.602,4.359,4.196,214.0,214.4,70.0,1707,1,-29.9,0.49
5161,310,6.75,44.38,1,97.5,91.4,1347,172.1,74.4,14.26,-33.586,4.359,4.196,213.0,214.3,70.0,1707,1,-29.9,0.49
5162,310,6.725,44.14,1,97.7,91.5,1348,172.1,74.4,14.93,-33.586,4.359,4.196,213.0,214.3,70.0,1707,1,-29.9,0.49
5163,310,6.725,44.32,1,98.0,91.60000000000001,1349,172.3,74.4,15.04,-33.562,4.359,4.196,213.0,214.3,70.0,1707,1,-29.9,0.49
5164,310,6.75,44.51,1,98.1,91.60000000000001,1351,172.5,74.6,15.03,-33.547,4.363,4.196,213.0,214.3,70.0,1707,1,-29.9,0.48
5165,310,6.725,44.12,1,98.2,91.60000000000001,1352,172.6,74.7,15.07,-33.531,4.363,4.196,213.0,214.4,70.0,1707,1,-29.9,0.49
5166,309,6.725,44.05,1,98.2,91.60000000000001,1352,172.8,74.6,15.02,-33.516,4.363,4.196,213.0,214.4,70.0,1707,1,-29.9,0.48
5167,309,6.75,44.13,1,98.1,91.60000000000001,1352,173.1,74.7,14.55,-33.5,4.367,4.196,213.0,214.5,70.0,1707,1,-29.9,0.48
5168,309,6.725,44.39,1,97.7,91.3,1351,173.1,74.5,12.5,-33.484,4.367,4.196,213.0,214.5,70.0,1707,1,-29.9,0.48
5169,309,6.725,44.03,1,96.7,90.8,1346,173.1,74.1,10.94,-33.484,4.367,4.196,213.0,214.6,70.0,1707,1,-29.8,0.47
5170,309,6.725,44.02,1,95.7,90.4,1337,173.2,73.9,10.57,-33.492,4.363,4.196,214.0,214.6,70.0,1707,1,-29.9,0.48
5171,308,6.725,43.75,1,95.1,90.3,1328,173.3,73.7,10.53,-33.516,4.359,4.196,214.0,214.7,70.0,1708,1,-29.9,0.49
5172,308,6.75,43.75,1,94.89999999999999,90.2,1322,173.5,73.5,10.53,-33.523,4.359,4.196,213.0,214.6,70.0,1708,1,-29.8,0.48
5173,308,6.725,43.83,1,94.8,90.2,1317,173.6,73.5,10.59,-33.539,4.355,4.196,213.0,214.6,70.0,1708,1,-29.8,0.48
5174,308,6.725,43.94,1,94.89999999999999,90.2,1315,173.7,73.5,11.74,-33.547,4.355,4.196,214.0,214.6,70.0,1708,1,-29.8,0.48
5175,308,6.725,44.0,1,95.6,90.7,1315,173.8,73.7,13.1,-33.547,4.355,4.196,213.0,214.5,70.0,1708,1,-29.8,0.48
5176,308,6.725,44.07,1,96.5,91.0,1321,173.9,73.9,13.64,-33.539,4.359,4.196,213.0,214.5,70.0,1708,1,-29.8,0.48
5177,308,6.725,44.1,1,96.89999999999999,91.2,1327,174.0,74.2,13.68,-33.523,4.363,4.196,213.0,214.5,70.0,1708,1,-29.8,0.48
5178,307,6.725,44.92,1,97.1,91.2,1331,174.1,74.3,13.72,-33.516,4.363,4.196,213.0,214.5,70.0,1708,1,-29.8,0.48
5179,307,6.725,44.61,1,97.2,91.2,1334,174.2,74.3,13.7,-33.516,4.363,4.196,213.0,214.5,70.0,1708,1,-29.8,0.48
5180,307,6.725,44.79,1,97.2,91.2,1336,174.3,74.3,13.69,-33.508,4.363,4.196,214.0,214.5,70.0,1708,1,-29.8,0.48
5181,307,6.725,44.47,1,97.2,91.2,1337,174.4,74.3,13.68,-33.5,4.363,4.196,213.0,214.5,70.0,1708,1,-29.8,0.48
5182,306,6.725,44.21,1,97.2,91.2,1338,174.5,74.4,13.66,-33.5,4.363,4.196,213.0,214.5,70.0,1708,1,-29.8,0.49
5183,306,6.725,44.05,1,97.2,91.2,1338,174.5,74.5,13.69,-33.5,4.363,4.196,213.0,214.5,70.0,1708,1,-29.8,0.49
5184,306,6.725,44.33,1,97.2,91.2,1338,174.5,74.3,13.68,-33.508,4.363,4.196,213.0,214.5,70.0,1708,1,-29.8,0.48
5185,305,6.725,44.01,1,97.2,91.2,1338,174.4,74.4,13.67,-33.523,4.363,4.196,213.0,214.4,70.0,1708,1,-29.8,0.48
5186,305,6.725,44.24,1,97.2,91.2,1338,174.2,74.5,13.7,-33.539,4.363,4.196,213.0,214.4,70.0,1708,1,-29.8,0.49
5187,305,6.725,44.17,1,97.2,91.2,1338,174.1,74.3,13.73,-33.555,4.363,4.196,213.0,214.3,70.0,1708,1,-29.8,0.49
5188,305,6.725,44.23,1,97.2,91.2,1337,174.1,74.4,13.68,-33.578,4.363,4.196,213.0,214.3,70.0,1708,1,-29.8,0.48
5189,305,6.725,44.79,1,97.2,91.2,1337,174.0,74.5,13.66,-33.594,4.363,4.196,213.0,214.2,70.0,1708,1,-29.8,0.48
5190,305,6.725,44.32,1,97.3,91.3,1337,174.1,74.5,14.52,-33.617,4.363,4.196,213.0,214.1,70.0,1708,1,-29.8,0.48
5191,304,6.725,45.47,1,97.7,91.5,1339,174.1,74.6,15.16,-33.633,4.363,4.196,213.0,214.0,70.0,1708,1,-29.8,0.47
5192,304,6.725,44.61,1,98.1,91.5,1343,174.0,74.7,15.29,-33.656,4.363,4.196,213.0,213.9,70.0,1708,1,-29.8,0.48
5193,304,6.725,44.42,1,98.3,91.60000000000001,1345,174.0,74.7,15.76,-33.672,4.367,4.196,213.0,213.8,70.0,1708,1,-29.8,0.48
5194,304,6.725,44.18,1,98.6,91.60000000000001,1347,173.9,74.8,15.86,-33.688,4.367,4.196,213.0,213.7,70.0,1708,1,-29.8,0.48
5195,304,6.725,44.13,1,98.6,91.60000000000001,1349,173.9,74.9,15.87,-33.703,4.367,4.196,213.0,213.6,70.0,1708,1,-29.8,0.49
5196,304,6.725,44.43,1,98.7,91.60000000000001,1349,173.9,74.9,15.85,-33.719,4.367,4.196,213.0,213.5,70.0,1708,1,-29.8,0.49
5197,304,6.725,44.96,1,98.7,91.60000000000001,1350,173.8,74.9,15.82,-33.734,4.367,4.196,213.0,213.4,70.0,1708,1,-29.8,0.49
5198,303,6.725,44.39,1,98.7,91.60000000000001,1351,173.7,74.8,15.82,-33.75,4.367,4.196,212.0,213.3,70.0,1708,1,-29.8,0.48
5199,303,6.725,44.69,1,98.7,91.60000000000001,1351,173.6,74.8,15.86,-33.766,4.367,4.196,212.0,213.1,70.0,1708,1,-29.8,0.48
5200,303,6.725,42.93,1,98.7,91.60000000000001,1351,173.5,74.8,15.83,-33.789,4.367,4.196,212.0,212.9,70.0,1709,1,-29.8,0.48
5201,303,6.725,42.97,1,98.7,91.60000000000001,1351,173.5,74.7,15.88,-33.805,4.367,4.196,212.0,212.7,70.0,1709,1,-29.8,0.48
5202,303,6.75,44.48,1,98.7,91.60000000000001,1351,173.4,75.1,15.8,-33.82,4.367,4.196,211.0,212.3,70.0,1709,1,-29.8,0.48
5203,303,6.75,44.26,1,98.7,91.60000000000001,1351,173.4,74.9,15.83,-33.836,4.367,4.196,211.0,212.0,70.0,1709,1,-29.8,0.48
5204,302,6.725,44.5,1,98.7,91.60000000000001,1352,173.4,74.8,15.6,-33.844,4.367,4.196,211.0,211.6,70.0,1709,1,-29.8,0.48
5205,302,6.75,44.65,1,98.5,91.5,1351,173.4,74.7,14.67,-33.859,4.367,4.196,211.0,211.1,70.0,1709,1,-29.8,0.49
5206,302,6.725,44.91,1,98.0,91.3,1349,173.3,74.7,13.56,-33.875,4.367,4.196,209.0,210.7,70.0,1709,1,-29.8,0.48
5207,302,6.725,44.76,1,97.39999999999999,91.10000000000001,1345,173.1,74.4,12.47,-33.891,4.367,4.196,208.0,210.2,70.0,1709,1,-29.8,0.49
5208,302,6.725,44.44,1,96.7,90.8,1340,173.1,74.2,12.22,-33.914,4.367,4.196,208.0,209.7,70.0,1709,1,-29.8,0.49
5209,301,6.725,44.2,1,96.39999999999999,90.7,1335,173.1,74.0,12.21,-33.953,4.367,4.196,208.0,209.3,70.0,1709,1,-29.8,0.49
5210,301,6.725,44.49,1,96.2,90.7,1331,173.1,74.1,12.2,-33.984,4.363,4.196,208.0,208.8,70.0,1709,1,-29.8,0.48
5211,301,6.725,44.62,1,96.2,90.7,1328,173.1,74.0,12.25,-34.016,4.363,4.196,208.0,208.2,70.0,1709,1,-29.8,0.48
5212,301,6.725,44.41,1,96.2,90.7,1326,173.2,73.9,12.23,-34.047,4.363,4.196,207.0,207.7,70.0,1709,1,-29.8,0.48
5213,301,6.725,44.36,1,96.1,90.60000000000001,1325,173.2,73.9,12.16,-34.078,4.363,4.196,206.0,207.2,70.0,1709,1,-29.8,0.49
5214,301,6.725,44.42,1,96.1,90.60000000000001,1324,173.3,74.0,12.2,-34.109,4.359,4.196,205.0,206.7,70.0,1709,1,-29.8,0.49
5215,300,6.725,44.44,1,96.2,90.7,1323,173.4,74.0,12.89,-34.148,4.359,4.196,205.0,206.2,70.0,1709,1,-29.8,0.49
5216,300,6.725,44.05,1,96.6,90.9,1324,173.4,74.1,13.99,-34.18,4.359,4.196,205.0,205.7,70.0,1709,1,-29.8,0.49
5217,300,6.725,44.53,1,97.2,91.2,1327,173.4,74.4,15.06,-34.203,4.363,4.196,204.0,205.2,70.0,1709,1,-29.7,0.49
5218,300,6.725,44.34,1,97.89999999999999,91.5,1333,173.5,74.7,15.46,-34.219,4.363,4.196,203.0,204.7,70.0,1709,1,-29.8,0.5
5219,300,6.725,43.48,1,98.3,91.5,1338,173.4,74.6,15.51,-34.234,4.363,4.196,203.0,204.2,70.0,1709,1,-29.8,0.5
5220,300,6.725,44.66,1,98.4,91.5,1340,173.5,74.8,15.51,-34.242,4.367,4.196,203.0,203.8,70.0,1709,1,-29.7,0.49
5221,300,6.725,45.07,1,98.5,91.5,1342,173.5,74.7,15.83,-34.242,4.363,4.196,203.0,203.4,70.0,1709,1,-29.8,0.49
5222,300,6.725,43.9,1,98.7,91.7,1345,173.5,74.8,16.88,-34.242,4.363,4.196,203.0,203.0,70.0,1709,1,-29.8,0.48
5223,300,6.75,45.28,1,99.2,91.8,1348,173.4,75.0,17.2,-34.234,4.363,4.196,203.0,202.6,70.0,1709,1,-29.7,0.49
5224,300,6.725,45.43,1,99.5,91.9,1352,173.4,75.0,17.64,-34.219,4.363,4.196,201.0,202.4,70.0,1709,1,-29.7,0.49
5225,299,6.725,45.29,1,99.9,92.0,1356,173.3,75.1,18.68,-34.203,4.363,4.196,202.0,202.1,70.0,1709,1,-29.7,0.49
5226,299,6.725,43.78,1,100.4,92.10000000000001,1360,173.2,75.3,18.87,-34.188,4.363,4.196,201.0,201.9,70.0,1709,1,-29.7,0.5
5227,299,6.725,44.84,1,100.69999999999999,92.10000000000001,1363,173.1,75.3,19.26,-34.156,4.363,4.196,201.0,201.8,71.0,1710,1,-29.7,0.48
5228,299,6.725,45.81,1,101.1,92.30000000000001,1365,173.1,75.4,20.34,-34.133,4.363,4.196,201.0,201.7,71.0,1710,1,-29.7,0.48
5229,299,6.725,44.12,1,101.6,92.5,1369,173.0,75.5,21.12,-34.109,4.363,4.196,201.0,201.6,71.0,1710,1,-29.7,0.49
5230,299,6.725,45.57,1,102.0,92.5,1373,172.9,75.6,21.25,-34.086,4.363,4.196,201.0,201.6,71.0,1710,1,-29.7,0.49
5231,299,6.725,45.72,1,102.1,92.5,1376,172.7,75.6,21.29,-34.062,4.363,4.196,201.0,201.6,71.0,1710,1,-29.7,0.49
5232,299,6.725,45.42,1,102.2,92.5,1378,172.5,75.8,21.31,-34.031,4.363,4.196,201.0,201.6,71.0,1710,1,-29.7,0.47
5233,299,6.725,44.58,1,102.2,92.5,1379,172.4,75.8,21.36,-34.016,4.363,4.196,201.0,201.6,71.0,1710,1,-29.7,0.49
5234,299,6.75,44.76,1,102.2,92.60000000000001,1380,172.2,75.6,21.31,-34.0,4.363,4.196,201.0,201.7,71.0,1710,1,-29.7,0.49
5235,299,6.75,45.27,1,102.2,92.5,1380,172.0,75.7,21.3,-33.984,4.363,4.196,202.0,201.7,71.0,1710,1,-29.7,0.49
5236,299,6.725,44.63,1,102.2,92.5,1382,171.8,75.5,21.34,-33.977,4.363,4.196,203.0,201.8,71.0,1710,1,-29.8,0.49
5237,299,6.725,44.6,1,102.2,92.5,1381,171.8,75.6,21.32,-33.969,4.363,4.196,203.0,201.9,71.0,1710,1,-29.7,0.49
5238,299,6.75,44.98,1,102.2,92.5,1382,171.7,75.5,20.57,-33.953,4.367,4.196,203.0,202.0,71.0,1710,1,-29.7,0.5
5239,299,6.725,44.55,1,102.0,92.5,1382,171.7,75.6,20.42,-33.945,4.367,4.196,203.0,202.1,71.0,1710,1,-29.7,0.49
5240,299,6.725,44.11,1,101.89999999999999,92.4,1381,171.6,75.6,20.43,-33.938,4.367,4.196,203.0,202.3,71.0,1710,1,-29.7,0.49
5241,299,6.75,44.13,1,101.89999999999999,92.4,1381,171.5,75.5,19.5,-33.938,4.367,4.196,203.0,202.4,71.0,1710,1,-29.7,0.49
5242,299,6.75,44.65,1,101.4,92.2,1379,171.3,75.3,18.45,-33.93,4.367,4.196,203.0,202.5,71.0,1710,1,-29.7,0.49
5243,299,6.725,44.16,1,100.8,92.0,1376,171.1,75.2,17.9,-33.938,4.367,4.196,203.0,202.7,71.0,1710,1,-29.7,0.49
5244,299,6.725,45.74,1,100.4,92.0,1372,171.0,75.0,17.88,-33.945,4.367,4.196,203.0,202.9,71.0,1710,1,-29.7,0.49
5245,299,6.725,45.31,1,100.2,92.0,1370,170.9,75.2,17.86,-33.953,4.367,4.196,203.0,203.0,71.0,1710,1,-29.7,0.47
5246,299,6.725,45.02,1,100.2,92.0,1369,170.9,75.1,17.84,-33.953,4.367,4.196,203.0,203.2,71.0,1710,1,-29.7,0.49
5247,299,6.725,46.11,1,100.1,92.0,1368,171.0,75.3,17.84,-33.961,4.367,4.196,203.0,203.4,71.0,1710,1,-29.7,0.48
5248,299,6.725,44.7,1,100.1,92.0,1368,170.9,75.1,17.85,-33.969,4.367,4.196,203.0,203.6,71.0,1710,1,-29.7,0.49
5249,299,6.725,44.33,1,100.1,92.0,1367,170.9,75.1,18.24,-33.969,4.363,4.196,203.0,203.8,71.0,1710,1,-29.7,0.49
5250,299,6.75,45.41,1,100.4,92.2,1368,170.9,75.2,19.62,-33.969,4.363,4.196,203.0,204.0,71.0,1710,1,-29.7,0.49
5251,299,6.725,44.3,1,101.1,92.4,1370,170.8,75.3,20.9,-33.961,4.363,4.196,203.0,204.2,71.0,1710,1,-29.7,0.5
5252,300,6.725,45.3,1,101.89999999999999,92.60000000000001,1375,170.9,75.4,21.25,-33.945,4.363,4.196,204.0,204.4,71.0,1710,1,-29.7,0.49
5253,300,6.75,44.69,1,102.1,92.5,1379,171.0,75.5,21.33,-33.922,4.363,4.196,205.0,204.6,71.0,1710,1,-29.7,0.5
5254,300,6.725,44.95,1,102.2,92.60000000000001,1381,171.1,75.5,21.34,-33.898,4.363,4.196,205.0,204.8,71.0,1710,1,-29.7,0.5
5255,300,6.725,44.57,1,102.2,92.60000000000001,1382,171.1,75.4,21.34,-33.875,4.363,4.196,205.0,204.9,71.0,1711,1,-29.7,0.5
5256,300,6.725,44.9,1,102.2,92.5,1383,171.1,75.6,21.34,-33.859,4.363,4.196,205.0,205.1,71.0,1711,1,-29.7,0.5
5257,300,6.725,43.9,1,102.2,92.60000000000001,1383,171.1,75.6,21.34,-33.844,4.367,4.196,205.0,205.3,71.0,1711,1,-29.7,0.5
5258,300,6.725,44.59,1,102.2,92.60000000000001,1384,171.0,75.7,21.36,-33.828,4.367,4.196,205.0,205.5,71.0,1711,1,-29.7,0.48
5259,300,6.725,44.72,1,102.2,92.60000000000001,1384,171.0,75.4,21.36,-33.82,4.367,4.196,205.0,205.7,71.0,1711,1,-29.7,0.5
5260,300,6.725,45.08,1,102.2,92.5,1384,171.0,75.5,21.32,-33.805,4.363,4.196,205.0,205.8,71.0,1711,1,-29.7,0.5
5261,300,6.725,45.87,1,102.2,92.60000000000001,1385,171.0,75.8,21.36,-33.797,4.363,4.196,205.0,206.0,71.0,1711,1,-29.7,0.5
5262,300,6.725,44.36,1,102.3,92.60000000000001,1385,170.9,75.5,21.43,-33.789,4.363,4.196,206.0,206.2,71.0,1711,1,-29.7,0.49
5263,300,6.75,44.83,1,102.2,92.60000000000001,1384,170.9,75.4,21.39,-33.789,4.363,4.196,207.0,206.3,71.0,1711,1,-29.7,0.5
5264,300,6.75,45.56,1,102.2,92.60000000000001,1384,170.8,75.5,21.46,-33.781,4.363,4.196,207.0,206.5,71.0,1711,1,-29.7,0.5
5265,300,6.725,44.58,1,102.2,92.60000000000001,1384,170.8,75.5,21.5,-33.781,4.363,4.196,207.0,206.7,71.0,1711,1,-29.7,0.5
5266,300,6.725,44.69,1,102.2,92.60000000000001,1385,170.7,75.5,20.82,-33.781,4.363,4.196,207.0,206.9,71.0,1711,1,-29.7,0.5
5267,300,6.75,44.97,1,102.1,92.5,1385,170.6,75.7,20.38,-33.789,4.363,4.196,207.0,207.0,71.0,1711,1,-29.7,0.5
5268,300,6.725,44.55,1,101.89999999999999,92.5,1384,170.7,75.6,20.41,-33.789,4.363,4.196,207.0,207.2,71.0,1711,1,-29.7,0.49
5269,300,6.725,44.59,1,101.89999999999999,92.5,1384,170.7,75.4,20.36,-33.789,4.363,4.196,207.0,207.3,71.0,1711,1,-29.7,0.49
5270,300,6.725,44.84,1,101.89999999999999,92.5,1384,170.6,75.6,20.4,-33.789,4.363,4.196,207.0,207.4,71.0,1711,1,-29.7,0.49
5271,300,6.725,45.33,1,101.89999999999999,92.5,1383,170.5,75.5,20.38,-33.789,4.363,4.196,207.0,207.6,71.0,1711,1,-29.7,0.5
5272,300,6.725,44.39,1,101.89999999999999,92.5,1383,170.5,75.3,20.43,-33.781,4.367,4.196,208.0,207.7,71.0,1711,1,-29.7,0.49
5273,300,6.725,44.51,1,101.89999999999999,92.5,1383,170.4,75.4,20.42,-33.781,4.367,4.196,208.0,207.8,71.0,1711,1,-29.7,0.49
5274,300,6.75,43.33,1,101.89999999999999,92.5,1383,170.5,75.3,20.21,-33.781,4.367,4.196,208.0,207.9,71.0,1711,1,-29.7,0.49
5275,300,6.725,44.73,1,101.69999999999999,92.4,1382,170.6,75.3,19.32,-33.781,4.367,4.196,208.0,208.0,71.0,1711,1,-29.7,0.49
5276,300,6.725,44.36,1,101.29999999999998,92.30000000000001,1380,170.6,75.2,19.17,-33.789,4.367,4.196,208.0,208.1,71.0,1711,1,-29.7,0.5
5277,300,6.725,44.05,1,101.1,92.2,1378,170.6,75.2,19.13,-33.797,4.367,4.196,208.0,208.1,71.0,1711,1,-29.7,0.49
5278,301,6.725,45.71,1,101.0,92.2,1376,170.7,75.3,19.11,-33.805,4.367,4.196,208.0,208.2,71.0,1711,1,-29.7,0.49
5279,301,6.725,45.64,1,101.0,92.30000000000001,1376,170.8,75.3,19.09,-33.812,4.367,4.196,208.0,208.3,71.0,1711,1,-29.7,0.49
5280,301,6.725,44.97,1,101.0,92.30000000000001,1376,170.7,75.5,18.91,-33.82,4.367,4.196,208.0,208.3,71.0,1711,1,-29.7,0.5
5281,301,6.725,45.55,1,100.8,92.10000000000001,1376,170.8,75.3,17.99,-33.82,4.367,4.196,208.0,208.4,71.0,1711,1,-29.7,0.5
5282,301,6.725,44.88,1,100.29999999999998,92.0,1373,170.8,75.2,17.59,-33.828,4.367,4.196,208.0,208.5,71.0,1711,1,-29.7,0.49
5283,301,6.725,44.84,1,100.0,91.9,1370,170.8,75.1,16.96,-33.844,4.367,4.196,208.0,208.6,71.0,1712,1,-29.7,0.5
5284,300,6.725,44.37,1,99.7,91.8,1367,171.0,75.0,16.85,-33.852,4.367,4.196,208.0,208.6,71.0,1712,1,-29.7,0.5
5285,300,6.725,44.92,1,99.5,91.9,1365,171.0,75.0,16.8,-33.859,4.367,4.196,208.0,208.7,71.0,1712,1,-29.7,0.5
5286,300,6.725,44.33,1,99.3,91.8,1364,171.1,74.8,16.61,-33.875,4.367,4.196,208.0,208.8,71.0,1712,1,-29.7,0.5
5287,301,6.725,44.49,1,99.3,91.8,1363,171.1,74.9,16.52,-33.883,4.367,4.196,208.0,208.9,71.0,1712,1,-29.7,0.5
5288,300,6.725,44.32,1,99.2,91.8,1363,171.2,74.8,16.5,-33.891,4.367,4.196,208.0,209.0,71.0,1712,1,-29.7,0.5
5289,300,6.725,45.49,1,99.2,91.8,1362,171.2,74.8,16.43,-33.891,4.367,4.196,208.0,209.0,71.0,1712,1,-29.7,0.5
5290,300,6.725,44.8,1,99.1,91.7,1361,171.3,74.8,16.05,-33.898,4.367,4.196,208.0,209.1,71.0,1712,1,-29.7,0.49
5291,300,6.725,45.48,1,98.9,91.7,1359,171.3,74.7,16.03,-33.898,4.367,4.196,208.0,209.1,71.0,1712,1,-29.7,0.49
5292,300,6.725,44.42,1,98.9,91.7,1358,171.4,74.7,15.99,-33.898,4.367,4.196,208.0,209.1,71.0,1712,1,-29.7,0.49
5293,300,6.725,44.11,1,98.9,91.7,1357,171.5,74.9,16.02,-33.898,4.367,4.196,208.0,209.1,71.0,1712,1,-29.7,0.49
5294,300,6.725,45.52,1,98.8,91.7,1357,171.5,74.9,16.01,-33.898,4.367,4.196,208.0,209.1,71.0,1712,1,-29.7,0.49
5295,300,6.725,44.39,1,98.9,91.7,1356,171.6,74.8,16.05,-33.898,4.367,4.196,208.0,209.1,71.0,1712,1,-29.7,0.48
5296,300,6.725,44.59,1,98.9,91.7,1356,171.6,75.0,16.04,-33.898,4.367,4.196,208.0,209.1,71.0,1712,1,-29.7,0.49
5297,300,6.725,44.43,1,98.9,91.7,1355,171.8,74.8,16.05,-33.906,4.367,4.196,208.0,209.1,71.0,1712,1,-29.7,0.48
5298,300,6.725,43.94,1,98.9,91.7,1354,171.9,74.8,16.04,-33.906,4.367,4.196,208.0,209.0,71.0,1712,1,-29.7,0.49
5299,300,6.725,44.92,1,98.9,91.7,1354,172.0,74.9,16.64,-33.906,4.367,4.196,208.0,209.0,71.0,1712,1,-29.7,0.49
5300,300,6.725,45.07,1,99.3,91.9,1354,172.1,74.9,17.99,-33.914,4.363,4.196,208.0,209.0,71.0,1712,1,-29.7,0.48
5301,300,6.725,45.09,1,100.0,92.10000000000001,1358,172.2,75.0,19.12,-33.914,4.363,4.196,208.0,208.9,71.0,1712,1,-29.7,0.49
5302,300,6.725,45.15,1,100.8,92.4,1363,172.1,75.2,20.1,-33.914,4.367,4.196,208.0,208.9,71.0,1712,1,-29.7,0.49
5303,300,6.725,44.71,1,101.4,92.4,1368,172.1,75.4,20.23,-33.906,4.367,4.196,208.0,208.9,71.0,1712,1,-29.7,0.49
5304,300,6.725,44.19,1,101.6,92.5,1372,172.1,75.5,20.2,-33.891,4.367,4.196,208.0,208.9,71.0,1712,1,-29.7,0.49
5305,300,6.725,45.09,1,101.69999999999999,92.4,1374,172.0,75.5,20.15,-33.891,4.367,4.196,208.0,208.9,71.0,1712,1,-29.7,0.49
5306,300,6.725,45.07,1,101.69999999999999,92.5,1375,172.0,75.5,20.17,-33.883,4.367,4.196,208.0,209.0,71.0,1712,1,-29.7,0.5
5307,300,6.725,44.48,1,101.69999999999999,92.4,1376,171.9,75.4,20.16,-33.875,4.367,4.196,208.0,209.0,71.0,1712,1,-29.7,0.5
5308,300,6.725,45.02,1,101.69999999999999,92.5,1376,171.9,75.6,20.21,-33.875,4.367,4.196,208.0,209.1,71.0,1713,1,-29.7,0.49
5309,300,6.725,44.49,1,101.69999999999999,92.4,1377,171.9,75.4,20.35,-33.875,4.367,4.196,208.0,209.1,71.0,1713,1,-29.7,0.49
5310,300,6.725,44.76,1,101.8,92.5,1378,171.9,75.4,20.22,-33.875,4.367,4.196,208.0,209.2,71.0,1713,1,-29.7,0.48
5311,300,6.725,44.67,1,101.8,92.4,1378,171.8,75.5,20.12,-33.875,4.367,4.196,208.0,209.3,71.0,1713,1,-29.7,0.5
5312,300,6.75,44.5,1,101.69999999999999,92.4,1378,171.7,75.3,20.16,-33.875,4.367,4.196,208.0,209.3,71.0,1713,1,-29.7,0.5
5313,300,6.725,43.87,1,101.69999999999999,92.4,1378,171.7,75.5,20.18,-33.883,4.367,4.196,208.0,209.4,71.0,1713,1,-29.7,0.5
5314,300,6.725,43.84,1,101.69999999999999,92.4,1378,171.6,75.4,20.25,-33.898,4.367,4.196,208.0,209.4,71.0,1713,1,-29.7,0.49
5315,300,6.75,43.57,1,101.8,92.4,1378,171.4,75.5,20.24,-33.906,4.367,4.196,208.0,209.4,71.0,1713,1,-29.7,0.48
5316,300,6.725,43.79,1,101.8,92.5,1379,171.3,75.5,20.26,-33.914,4.367,4.196,208.0,209.4,71.0,1713,1,-29.7,0.48
5317,300,6.725,43.81,1,101.69999999999999,92.4,1378,171.3,75.4,20.11,-33.922,4.367,4.196,208.0,209.4,71.0,1713,1,-29.7,0.49
5318,300,6.75,44.47,1,101.69999999999999,92.4,1378,171.3,75.5,20.2,-33.938,4.367,4.196,208.0,209.5,71.0,1713,1,-29.7,0.49
5319,300,6.725,43.13,1,101.69999999999999,92.4,1378,171.0,75.4,20.2,-33.945,4.367,4.196,208.0,209.5,71.0,1713,1,-29.7,0.49
5320,300,6.725,44.48,1,101.69999999999999,92.4,1378,171.0,75.5,20.27,-33.953,4.367,4.196,208.0,209.5,71.0,1713,1,-29.7,0.47
5321,300,6.725,45.52,1,101.69999999999999,92.4,1378,171.2,75.6,20.21,-33.969,4.367,4.196,208.0,209.5,71.0,1713,1,-29.7,0.49
5322,300,6.725,45.65,1,101.6,92.30000000000001,1378,171.1,75.3,19.33,-33.977,4.367,4.196,208.0,209.6,71.0,1713,1,-29.7,0.48
5323,300,6.725,42.93,1,101.29999999999998,92.2,1377,171.0,75.3,19.11,-33.984,4.367,4.196,208.0,209.6,71.0,1713,1,-29.7,0.48
5324,300,6.725,43.77,1,101.1,92.2,1375,171.0,75.3,19.15,-33.992,4.367,4.196,208.0,209.6,71.0,1713,1,-29.7,0.48
5325,300,6.725,45.51,1,101.0,92.2,1375,171.1,75.5,19.09,-34.008,4.367,4.196,208.0,209.6,71.0,1713,1,-29.7,0.49
5326,300,6.725,43.35,1,101.0,92.2,1374,171.1,75.3,19.08,-34.023,4.363,4.196,208.0,209.6,71.0,1713,1,-29.7,0.49
5327,300,6.725,43.51,1,101.0,92.2,1373,171.2,75.4,19.13,-34.031,4.363,4.196,208.0,209.6,71.0,1713,1,-29.7,0.49
5328,300,6.725,44.76,1,101.0,92.30000000000001,1373,171.2,75.3,19.88,-34.039,4.367,4.196,208.0,209.7,71.0,1713,1,-29.7,0.5
5329,300,6.725,44.48,1,101.49999999999999,92.4,1374,171.2,75.2,20.97,-34.055,4.363,4.196,208.0,209.7,71.0,1713,1,-29.7,0.5
5330,300,6.725,44.4,1,101.89999999999999,92.5,1376,171.2,75.4,21.16,-34.062,4.367,4.196,210.0,209.7,71.0,1713,1,-29.7,0.5
5331,300,6.725,44.46,1,102.1,92.5,1379,171.2,75.4,21.12,-34.062,4.363,4.196,208.0,209.8,71.0,1713,1,-29.7,0.49
5332,300,6.725,44.71,1,102.2,92.60000000000001,1381,171.3,75.5,21.16,-34.07,4.363,4.196,209.0,209.8,71.0,1713,1,-29.7,0.48
5333,300,6.725,44.73,1,102.2,92.5,1382,171.2,75.5,21.16,-34.07,4.363,4.196,209.0,209.9,71.0,1713,1,-29.7,0.49
5334,300,6.725,45.51,1,102.2,92.5,1382,171.2,75.6,21.21,-34.078,4.363,4.196,209.0,209.9,71.0,1713,1,-29.7,0.5
5335,300,6.725,44.64,1,102.3,92.5,1382,171.2,75.6,21.2,-34.078,4.363,4.196,210.0,210.0,71.0,1713,1,-29.7,0.5
5336,300,6.725,45.23,1,102.2,92.5,1382,171.3,75.4,21.19,-34.086,4.363,4.196,210.0,210.1,71.0,1713,1,-29.7,0.49
5337,300,6.725,45.4,1,102.2,92.5,1382,171.3,75.6,21.2,-34.094,4.363,4.196,210.0,210.2,71.0,1714,1,-29.7,0.49
5338,300,6.725,45.89,1,102.2,92.5,1383,171.3,75.6,21.2,-34.102,4.363,4.196,210.0,210.3,71.0,1714,1,-29.7,0.49
5339,300,6.725,45.77,1,102.2,92.5,1383,171.2,75.5,21.2,-34.109,4.363,4.196,210.0,210.4,71.0,1714,1,-29.7,0.48
5340,300,6.725,45.48,1,102.3,92.60000000000001,1383,171.1,75.4,21.19,-34.117,4.363,4.196,211.0,210.5,71.0,1714,1,-29.7,0.49
5341,300,6.725,43.6,1,102.2,92.60000000000001,1383,171.1,75.4,21.24,-34.125,4.363,4.196,211.0,210.7,71.0,1714,1,-29.7,0.5
5342,300,6.725,45.19,1,102.2,92.60000000000001,1383,171.2,75.4,21.26,-34.133,4.363,4.196,210.0,210.8,71.0,1714,1,-29.7,0.49
5343,300,6.725,44.88,1,102.2,92.60000000000001,1383,171.2,75.4,21.24,-34.141,4.363,4.196,211.0,211.0,71.0,1714,1,-29.7,0.5
5344,300,6.725,44.59,1,102.2,92.5,1383,171.3,75.4,21.27,-34.148,4.363,4.196,211.0,211.1,71.0,1714,1,-29.7,0.5
5345,300,6.725,44.03,1,102.2,92.60000000000001,1383,171.3,75.5,21.22,-34.156,4.363,4.196,211.0,211.3,71.0,1714,1,-29.7,0.49
5346,300,6.75,44.0,1,102.2,92.60000000000001,1384,171.2,75.4,21.31,-34.164,4.363,4.196,211.0,211.4,71.0,1714,1,-29.7,0.49
5347,300,6.725,44.68,1,102.2,92.5,1384,171.2,75.5,21.28,-34.172,4.363,4.196,211.0,211.5,71.0,1714,1,-29.7,0.49
5348,300,6.725,44.9,1,102.2,92.5,1384,171.2,75.4,21.32,-34.18,4.359,4.196,212.0,211.6,71.0,1714,1,-29.7,0.49
5349,300,6.725,45.55,1,102.2,92.5,1384,171.2,75.4,21.3,-34.18,4.359,4.196,212.0,211.7,71.0,1714,1,-29.7,0.49
5350,300,6.725,44.66,1,102.2,92.60000000000001,1385,171.2,75.4,21.3,-34.188,4.363,4.196,212.0,211.8,71.0,1714,1,-29.7,0.49
5351,301,6.725,44.8,1,102.2,92.60000000000001,1385,171.1,75.4,21.29,-34.188,4.363,4.196,212.0,211.9,71.0,1714,1,-29.7,0.5
5352,301,6.725,43.24,1,102.2,92.60000000000001,1384,171.0,75.5,21.35,-34.188,4.363,4.196,212.0,212.0,71.0,1714,1,-29.7,0.49
5353,301,6.725,43.38,1,102.3,92.60000000000001,1384,171.0,75.5,21.37,-34.18,4.363,4.196,212.0,212.1,71.0,1714,1,-29.7,0.49
5354,300,6.725,44.3,1,102.2,92.5,1384,171.1,75.5,21.33,-34.18,4.363,4.196,212.0,212.1,71.0,1714,1,-29.7,0.49
5355,300,6.725,43.23,1,102.2,92.60000000000001,1384,171.1,75.6,21.36,-34.172,4.363,4.196,212.0,212.2,71.0,1714,1,-29.7,0.5
5356,301,6.725,43.14,1,102.2,92.5,1383,171.2,75.6,21.38,-34.172,4.363,4.196,212.0,212.2,71.0,1714,1,-29.7,0.51
5357,301,6.725,43.41,1,102.2,92.5,1383,171.2,75.5,21.36,-34.172,4.363,4.196,212.0,212.2,71.0,1714,1,-29.7,0.49
5358,301,6.725,44.39,1,102.2,92.60000000000001,1383,171.2,75.4,21.39,-34.164,4.363,4.196,212.0,212.2,71.0,1714,1,-29.7,0.49
5359,301,6.725,45.5,1,102.2,92.5,1383,171.3,75.4,21.44,-34.164,4.363,4.196,212.0,212.2,71.0,1714,1,-29.7,0.49
5360,301,6.725,45.0,1,102.2,92.5,1383,171.5,75.5,21.45,-34.172,4.363,4.196,212.0,212.2,71.0,1714,1,-29.7,0.5
5361,301,6.725,43.68,1,102.2,92.60000000000001,1383,171.6,75.4,21.46,-34.172,4.363,4.196,212.0,212.2,71.0,1714,1,-29.7,0.49
5362,301,6.725,45.62,1,102.2,92.5,1383,171.6,75.4,21.45,-34.164,4.363,4.196,212.0,212.3,71.0,1714,1,-29.7,0.49
5363,301,6.725,42.96,1,102.2,92.5,1383,171.6,75.4,21.48,-34.172,4.363,4.196,212.0,212.3,71.0,1714,1,-29.7,0.48
5364,301,6.725,42.95,1,102.2,92.5,1383,171.6,75.4,21.58,-34.172,4.363,4.196,212.0,212.3,71.0,1714,1,-29.7,0.49
5365,301,6.75,44.38,1,102.3,92.60000000000001,1382,171.6,75.4,21.09,-34.18,4.363,4.196,213.0,212.3,71.0,1714,1,-29.7,0.49
5366,301,6.725,44.98,1,102.2,92.5,1382,171.7,75.3,20.86,-34.18,4.363,4.196,212.0,212.3,71.0,1714,1,-29.7,0.48
5367,301,6.725,45.35,1,102.2,92.5,1383,171.8,75.3,20.87,-34.188,4.363,4.196,212.0,212.3,71.0,1715,1,-29.7,0.5
5368,301,6.725,43.49,1,102.2,92.5,1383,171.7,75.5,20.85,-34.203,4.363,4.196,212.0,212.4,71.0,1715,1,-29.7,0.49
5369,301,6.725,44.7,1,102.2,92.5,1382,171.7,75.4,20.85,-34.211,4.363,4.196,212.0,212.5,71.0,1715,1,-29.7,0.5
5370,301,6.725,44.42,1,102.2,92.5,1382,171.7,75.4,20.85,-34.219,4.363,4.196,212.0,212.6,71.0,1715,1,-29.7,0.49
5371,301,6.725,44.87,1,102.2,92.5,1381,171.7,75.5,20.88,-34.234,4.363,4.196,213.0,212.7,71.0,1715,1,-29.7,0.49
5372,301,6.725,45.66,1,102.2,92.60000000000001,1381,171.6,75.6,20.84,-34.25,4.363,4.196,212.0,212.8,71.0,1715,1,-29.7,0.49
5373,301,6.725,44.73,1,102.2,92.60000000000001,1382,171.7,75.6,20.85,-34.25,4.363,4.196,212.0,212.9,71.0,1715,1,-29.7,0.48
5374,301,6.725,45.06,1,102.2,92.5,1381,171.7,75.5,20.84,-34.266,4.363,4.196,213.0,213.1,71.0,1715,1,-29.7,0.49
5375,301,6.725,45.55,1,102.2,92.5,1381,171.7,75.5,20.85,-34.273,4.363,4.196,213.0,213.2,71.0,1715,1,-29.7,0.48
5376,301,6.725,44.66,1,102.2,92.5,1381,171.7,75.5,20.82,-34.281,4.363,4.196,213.0,213.4,71.0,1715,1,-29.7,0.48
5377,301,6.725,44.76,1,102.2,92.5,1381,171.8,75.4,20.86,-34.289,4.363,4.196,213.0,213.5,71.0,1715,1,-29.7,0.49
5378,301,6.75,45.76,1,102.2,92.5,1381,171.9,75.6,20.83,-34.297,4.363,4.196,213.0,213.7,71.0,1715,1,-29.7,0.47
5379,301,6.725,43.04,1,102.2,92.5,1382,171.9,75.6,20.83,-34.305,4.363,4.196,213.0,213.8,71.0,1715,1,-29.7,0.47
5380,301,6.725,44.8,1,102.2,92.5,1382,171.9,75.6,20.88,-34.312,4.363,4.196,213.0,214.0,71.0,1715,1,-29.7,0.48
5381,301,6.75,44.6,1,102.2,92.5,1381,171.9,75.5,20.86,-34.312,4.363,4.196,213.0,214.1,71.0,1715,1,-29.7,0.49
5382,301,6.725,45.7,1,102.2,92.5,1381,171.8,75.4,20.86,-34.32,4.363,4.196,213.0,214.3,71.0,1715,1,-29.7,0.48
5383,302,6.725,44.77,1,102.2,92.5,1381,171.9,75.5,20.88,-34.32,4.363,4.196,213.0,214.4,71.0,1715,1,-29.7,0.48
5384,302,6.75,45.15,1,102.2,92.5,1382,171.9,75.5,20.88,-34.32,4.363,4.196,213.0,214.5,71.0,1715,1,-29.7,0.49
5385,302,6.725,43.62,1,102.2,92.5,1382,171.9,75.3,20.86,-34.32,4.363,4.196,213.0,214.6,71.0,1715,1,-29.7,0.48
5386,302,6.725,43.5,1,102.2,92.5,1382,171.9,75.5,20.89,-34.32,4.363,4.196,213.0,214.7,71.0,1715,1,-29.7,0.48
5387,302,6.725,44.46,1,102.2,92.5,1382,171.9,75.5,20.91,-34.328,4.363,4.196,213.0,214.8,71.0,1715,1,-29.7,0.49
5388,302,6.725,44.72,1,102.2,92.5,1381,171.8,75.4,20.79,-34.336,4.363,4.196,214.0,214.8,71.0,1715,1,-29.7,0.48
5389,302,6.725,44.39,1,102.2,92.5,1380,171.8,75.4,20.82,-34.344,4.363,4.196,214.0,214.8,71.0,1715,1,-29.7,0.48
5390,302,6.725,44.75,1,102.2,92.5,1380,171.6,75.5,20.83,-34.359,4.363,4.196,214.0,214.8,71.0,1715,1,-29.7,0.48
5391,302,6.725,44.4,1,102.2,92.5,1380,171.7,75.4,20.9,-34.375,4.363,4.196,214.0,214.9,71.0,1715,1,-29.7,0.49
5392,302,6.725,44.11,1,102.2,92.5,1381,171.8,75.5,20.86,-34.391,4.363,4.196,214.0,214.9,71.0,1715,1,-29.7,0.49
5393,302,6.725,43.87,1,102.2,92.5,1381,171.9,75.4,20.88,-34.406,4.363,4.196,213.0,214.8,71.0,1715,1,-29.7,0.49
5394,303,6.725,45.81,1,102.2,92.5,1381,171.9,75.4,20.88,-34.414,4.363,4.196,214.0,214.8,71.0,1715,1,-29.7,0.48
5395,303,6.725,44.55,1,102.2,92.5,1381,171.9,75.4,20.88,-34.414,4.363,4.196,213.0,214.8,71.0,1715,1,-29.7,0.48
5396,303,6.725,44.63,1,102.2,92.5,1381,171.9,75.6,20.88,-34.414,4.363,4.196,213.0,214.7,71.0,1715,1,-29.7,0.49
5397,303,6.725,43.4,1,102.2,92.60000000000001,1381,172.0,75.6,20.88,-34.406,4.363,4.196,214.0,214.7,71.0,1716,1,-29.7,0.49
5398,303,6.725,43.3,1,102.2,92.5,1381,172.0,75.5,20.86,-34.398,4.363,4.196,213.0,214.7,71.0,1716,1,-29.7,0.49
5399,304,6.75,43.24,1,102.2,92.5,1382,172.0,75.4,20.84,-34.391,4.363,4.196,213.0,214.6,71.0,1716,1,-29.7,0.49
5400,304,6.725,43.62,1,102.2,92.60000000000001,1382,172.0,75.4,20.89,-34.383,4.363,4.196,213.0,214.5,71.0,1716,1,-29.7,0.49
5401,304,6.725,43.28,1,102.2,92.5,1381,172.0,75.4,20.89,-34.383,4.363,4.196,213.0,214.4,71.0,1716,1,-29.7,0.5
5402,304,6.725,43.32,1,102.2,92.60000000000001,1382,172.1,75.5,20.86,-34.375,4.363,4.196,213.0,214.3,71.0,1716,1,-29.7,0.5
5403,304,6.725,43.24,1,102.2,92.5,1382,172.1,75.4,20.9,-34.367,4.363,4.196,213.0,214.2,71.0,1716,1,-29.7,0.5
5404,304,6.725,44.87,1,102.2,92.5,1383,172.0,75.5,20.88,-34.359,4.363,4.196,213.0,214.1,71.0,1716,1,-29.7,0.49
5405,304,6.725,45.91,1,102.2,92.5,1383,172.0,75.4,20.88,-34.352,4.363,4.196,213.0,213.9,71.0,1716,1,-29.7,0.49
5406,304,6.725,45.65,1,102.2,92.60000000000001,1382,172.0,75.5,20.86,-34.352,4.363,4.196,213.0,213.9,71.0,1716,1,-29.7,0.5
5407,305,6.725,44.91,1,102.2,92.60000000000001,1382,172.0,75.5,20.88,-34.352,4.363,4.196,213.0,213.8,71.0,1716,1,-29.7,0.49
5408,305,6.725,43.11,1,102.2,92.60000000000001,1382,172.1,75.5,20.89,-34.352,4.363,4.196,213.0,213.8,71.0,1716,1,-29.8,0.5
5409,305,6.725,43.05,1,102.2,92.60000000000001,1382,172.1,75.5,20.92,-34.344,4.363,4.196,213.0,213.7,71.0,1716,1,-29.7,0.49
5410,305,6.725,43.11,1,102.2,92.60000000000001,1382,172.0,75.5,20.87,-34.344,4.363,4.196,213.0,213.7,71.0,1716,1,-29.7,0.5
5411,305,6.725,43.07,1,102.2,92.5,1382,172.1,75.3,20.84,-34.336,4.363,4.196,213.0,213.6,71.0,1716,1,-29.7,0.5
5412,305,6.725,43.61,1,102.2,92.5,1382,172.1,75.6,20.9,-34.336,4.363,4.196,213.0,213.5,71.0,1716,1,-29.7,0.5
5413,306,6.725,43.11,1,102.2,92.60000000000001,1381,172.0,75.5,20.88,-34.336,4.363,4.196,213.0,213.4,71.0,1716,1,-29.7,0.49
5414,306,6.75,44.86,1,102.2,92.5,1382,172.1,75.4,20.86,-34.336,4.363,4.196,213.0,213.3,71.0,1716,1,-29.7,0.48
5415,306,6.725,43.08,1,102.2,92.60000000000001,1382,172.1,75.5,20.86,-34.328,4.363,4.196,213.0,213.2,71.0,1716,1,-29.8,0.49
5416,306,6.725,43.08,1,102.2,92.5,1382,172.1,75.5,20.83,-34.328,4.363,4.196,213.0,213.1,71.0,1716,1,-29.8,0.48
5417,306,6.75,43.12,1,102.1,92.5,1383,172.1,75.6,20.83,-34.32,4.363,4.196,213.0,213.0,71.0,1716,1,-29.8,0.47
5418,306,6.725,43.1,1,102.2,92.5,1382,172.1,75.4,20.86,-34.328,4.363,4.196,212.0,212.9,71.0,1716,1,-29.8,0.48
5419,306,6.725,43.11,1,102.2,92.60000000000001,1383,172.1,75.5,20.84,-34.32,4.363,4.196,212.0,212.8,71.0,1716,1,-29.8,0.48
5420,306,6.75,43.14,1,102.2,92.5,1382,172.1,75.4,20.88,-34.328,4.363,4.196,212.0,212.7,71.0,1716,1,-29.7,0.48
5421,306,6.725,43.14,1,102.2,92.60000000000001,1382,172.2,75.4,20.88,-34.32,4.367,4.196,212.0,212.6,71.0,1716,1,-29.8,0.49
5422,307,6.725,43.07,1,102.2,92.60000000000001,1381,172.3,75.3,20.84,-34.32,4.367,4.196,212.0,212.5,71.0,1716,1,-29.8,0.48
5423,307,6.725,43.08,1,102.2,92.5,1381,172.2,75.4,20.88,-34.32,4.367,4.196,212.0,212.3,71.0,1716,1,-29.8,0.47
5424,307,6.725,43.04,1,102.2,92.60000000000001,1382,172.3,75.5,20.89,-34.312,4.367,4.196,212.0,212.2,71.0,1716,1,-29.8,0.48
5425,307,6.725,43.11,1,102.2,92.60000000000001,1382,172.4,75.5,20.88,-34.305,4.367,4.196,212.0,212.1,71.0,1716,1,-29.8,0.49
5426,307,6.725,43.14,1,102.2,92.60000000000001,1382,172.4,75.5,20.86,-34.297,4.367,4.196,211.0,211.9,71.0,1716,1,-29.8,0.5
5427,307,6.725,43.14,1,102.2,92.60000000000001,1382,172.5,75.5,20.91,-34.289,4.367,4.196,211.0,211.8,71.0,1716,1,-29.8,0.5
5428,307,6.725,43.17,1,102.2,92.60000000000001,1382,172.5,75.5,20.89,-34.281,4.367,4.196,211.0,211.6,71.0,1717,1,-29.8,0.5
5429,307,6.725,43.13,1,102.2,92.60000000000001,1382,172.4,75.5,20.87,-34.273,4.367,4.196,211.0,211.5,71.0,1717,1,-29.8,0.5
5430,307,6.725,43.07,1,102.2,92.60000000000001,1382,172.3,75.5,20.93,-34.266,4.367,4.196,211.0,211.4,71.0,1717,1,-29.8,0.5
5431,308,6.725,43.13,1,102.2,92.5,1382,172.3,75.5,20.9,-34.25,4.367,4.196,211.0,211.2,71.0,1717,1,-29.8,0.49
5432,308,6.725,43.25,1,102.2,92.60000000000001,1382,172.3,75.4,20.89,-34.234,4.367,4.196,211.0,211.1,71.0,1717,1,-29.8,0.51
5433,308,6.725,43.12,1,102.2,92.60000000000001,1382,172.2,75.5,20.86,-34.227,4.367,4.196,211.0,211.0,71.0,1717,1,-29.8,0.5
5434,308,6.725,43.11,1,102.2,92.60000000000001,1382,172.2,75.6,20.24,-34.211,4.367,4.196,210.0,210.9,71.0,1717,1,-29.8,0.48
5435,308,6.725,43.08,1,101.89999999999999,92.4,1381,172.1,75.4,20.02,-34.195,4.367,4.196,210.0,210.8,71.0,1717,1,-29.8,0.49
5436,308,6.725,43.05,1,101.69999999999999,92.4,1379,172.0,75.3,20.07,-34.188,4.367,4.196,210.0,210.6,71.0,1717,1,-29.8,0.48
5437,308,6.725,43.14,1,101.69999999999999,92.4,1378,172.0,75.3,20.06,-34.188,4.367,4.196,210.0,210.5,71.0,1717,1,-29.8,0.49
5438,308,6.725,43.06,1,101.6,92.4,1378,172.0,75.3,20.17,-34.188,4.367,4.196,210.0,210.5,71.0,1717,1,-29.8,0.5
5439,308,6.725,43.1,1,101.6,92.4,1378,172.1,75.4,20.0,-34.188,4.363,4.196,210.0,210.4,71.0,1717,1,-29.8,0.48
5440,308,6.725,43.17,1,101.6,92.4,1377,172.1,75.2,20.02,-34.18,4.363,4.196,210.0,210.3,71.0,1717,1,-29.8,0.49
5441,308,6.725,43.07,1,101.6,92.4,1376,172.2,75.3,20.16,-34.188,4.363,4.196,210.0,210.2,71.0,1717,1,-29.8,0.49
5442,308,6.725,44.59,1,101.8,92.5,1377,172.2,75.5,20.77,-34.188,4.363,4.196,210.0,210.1,71.0,1717,1,-29.8,0.49
5443,308,6.725,44.4,1,102.0,92.5,1378,172.3,75.4,20.79,-34.188,4.363,4.196,210.0,210.1,71.0,1717,1,-29.8,0.5
5444,308,6.725,44.64,1,102.1,92.5,1380,172.3,75.6,20.82,-34.188,4.367,4.196,210.0,210.1,71.0,1717,1,-29.8,0.49
5445,308,6.725,44.69,1,102.1,92.5,1381,172.3,75.3,20.8,-34.188,4.367,4.196,210.0,210.1,71.0,1717,1,-29.8,0.5
5446,308,6.725,44.64,1,102.2,92.60000000000001,1381,172.4,75.5,20.8,-34.188,4.367,4.196,210.0,210.2,71.0,1717,1,-29.8,0.49
5447,309,6.725,44.46,1,102.2,92.60000000000001,1382,172.4,75.6,20.84,-34.195,4.367,4.196,210.0,210.3,71.0,1717,1,-29.8,0.48
5448,309,6.725,44.92,1,102.2,92.5,1382,172.5,75.5,20.8,-34.195,4.367,4.196,210.0,210.4,71.0,1717,1,-29.8,0.49
5449,309,6.725,43.55,1,102.2,92.60000000000001,1382,172.4,75.4,20.84,-34.203,4.367,4.196,210.0,210.5,71.0,1717,1,-29.8,0.49
5450,309,6.725,44.52,1,102.1,92.5,1382,172.4,75.3,20.89,-34.203,4.363,4.196,210.0,210.7,71.0,1717,1,-29.8,0.49
5451,309,6.725,44.84,1,102.2,92.60000000000001,1382,172.3,75.5,20.85,-34.203,4.363,4.196,210.0,210.8,71.0,1717,1,-29.8,0.49
5452,309,6.725,44.55,1,102.2,92.60000000000001,1382,172.2,75.4,20.79,-34.211,4.367,4.196,210.0,211.0,71.0,1717,1,-29.8,0.5
5453,309,6.725,44.4,1,102.2,92.60000000000001,1382,172.4,75.5,20.84,-34.211,4.367,4.196,211.0,211.1,71.0,1717,1,-29.8,0.5
5454,309,6.725,44.28,1,102.1,92.5,1382,172.4,75.5,20.81,-34.211,4.367,4.196,211.0,211.3,71.0,1717,1,-29.8,0.49
5455,309,6.725,44.72,1,102.2,92.60000000000001,1383,172.3,75.3,20.83,-34.211,4.367,4.196,211.0,211.4,71.0,1717,1,-29.8,0.49
5456,309,6.725,44.24,1,102.2,92.60000000000001,1382,172.4,75.5,20.84,-34.195,4.367,4.196,211.0,211.6,71.0,1717,1,-29.8,0.5
5457,309,6.725,45.04,1,102.1,92.60000000000001,1382,172.3,75.4,20.84,-34.18,4.367,4.196,211.0,211.8,71.0,1717,1,-29.8,0.49
5458,309,6.75,44.89,1,102.2,92.60000000000001,1382,172.4,75.4,20.84,-34.164,4.367,4.196,211.0,212.0,71.0,1717,1,-29.8,0.5
5459,309,6.725,44.5,1,102.2,92.60000000000001,1382,172.4,75.6,20.84,-34.148,4.367,4.196,211.0,212.1,71.0,1718,1,-29.8,0.5
5460,309,6.75,44.57,1,102.2,92.5,1382,172.4,75.4,20.84,-34.141,4.367,4.196,212.0,212.3,71.0,1718,1,-29.8,0.48
5461,309,6.75,44.21,1,102.2,92.5,1381,172.4,75.4,20.82,-34.133,4.367,4.196,212.0,212.4,71.0,1718,1,-29.8,0.49
5462,309,6.725,45.51,1,102.2,92.5,1382,172.4,75.5,20.77,-34.133,4.367,4.196,212.0,212.6,71.0,1718,1,-29.8,0.5
5463,309,6.725,44.61,1,102.2,92.60000000000001,1381,172.4,75.4,20.84,-34.141,4.367,4.196,212.0,212.8,71.0,1718,1,-29.8,0.5
5464,309,6.725,44.4,1,102.2,92.60000000000001,1381,172.4,75.5,20.83,-34.133,4.367,4.196,212.0,212.9,71.0,1718,1,-29.8,0.5
5465,310,6.725,44.66,1,102.2,92.60000000000001,1381,172.5,75.6,20.83,-34.141,4.367,4.196,212.0,213.1,71.0,1718,1,-29.8,0.5
5466,310,6.725,44.63,1,102.2,92.60000000000001,1381,172.4,75.4,20.83,-34.148,4.367,4.196,213.0,213.3,71.0,1718,1,-29.8,0.51
5467,310,6.725,44.59,1,102.2,92.60000000000001,1382,172.5,75.5,20.83,-34.148,4.367,4.196,213.0,213.5,71.0,1718,1,-29.8,0.5
5468,310,6.725,44.34,1,102.2,92.60000000000001,1382,172.5,75.4,20.85,-34.148,4.367,4.196,213.0,213.7,71.0,1718,1,-29.8,0.49
5469,310,6.725,44.61,1,102.2,92.60000000000001,1382,172.6,75.3,20.82,-34.133,4.367,4.196,213.0,213.8,71.0,1718,1,-29.8,0.49
5470,310,6.725,43.47,1,102.2,92.60000000000001,1382,172.6,75.4,20.82,-34.125,4.367,4.196,213.0,214.0,71.0,1718,1,-29.8,0.49
5471,310,6.725,44.97,1,102.2,92.60000000000001,1382,172.6,75.5,20.82,-34.117,4.367,4.196,213.0,214.1,71.0,1718,1,-29.8,0.49
5472,310,6.75,44.62,1,102.2,92.60000000000001,1382,172.7,75.5,20.86,-34.102,4.367,4.196,213.0,214.2,71.0,1718,1,-29.8,0.5
5473,310,6.725,44.68,1,102.2,92.60000000000001,1382,172.8,75.2,21.11,-34.086,4.367,4.196,213.0,214.3,71.0,1718,1,-29.8,0.51
5474,310,6.75,45.4,1,102.2,92.60000000000001,1383,172.9,75.5,21.17,-34.078,4.367,4.196,213.0,214.4,71.0,1718,1,-29.8,0.5
5475,310,6.725,45.22,1,102.3,92.60000000000001,1383,172.9,75.4,21.21,-34.055,4.367,4.196,213.0,214.6,71.0,1718,1,-29.8,0.5
5476,310,6.725,43.45,1,102.2,92.60000000000001,1383,173.0,75.4,21.21,-34.039,4.363,4.196,213.0,214.7,71.0,1718,1,-29.9,0.5
5477,310,6.725,43.28,1,102.2,92.60000000000001,1383,173.0,75.4,21.18,-34.016,4.363,4.196,213.0,214.8,71.0,1718,1,-29.8,0.51
5478,311,6.75,45.1,1,102.2,92.60000000000001,1383,173.0,75.6,21.15,-34.0,4.363,4.196,214.0,214.9,71.0,1718,1,-29.8,0.5
5479,311,6.725,46.02,1,102.2,92.60000000000001,1383,172.9,75.6,21.18,-33.992,4.363,4.196,213.0,215.0,71.0,1718,1,-29.8,0.5
5480,311,6.725,45.01,1,102.2,92.60000000000001,1384,172.9,75.4,21.21,-33.977,4.367,4.196,214.0,215.1,71.0,1718,1,-29.9,0.5
5481,311,6.75,44.66,1,102.2,92.60000000000001,1384,172.8,75.3,21.24,-33.969,4.367,4.196,215.0,215.2,71.0,1718,1,-29.9,0.5
5482,311,6.725,45.06,1,102.2,92.60000000000001,1383,172.8,75.4,21.26,-33.953,4.367,4.196,215.0,215.3,71.0,1718,1,-29.8,0.5
5483,311,6.725,45.01,1,102.2,92.60000000000001,1383,172.7,75.4,21.3,-33.938,4.367,4.196,215.0,215.4,71.0,1718,1,-29.8,0.5
5484,311,6.725,45.51,1,102.2,92.60000000000001,1383,172.8,75.4,21.29,-33.922,4.367,4.196,216.0,215.5,71.0,1718,1,-29.8,0.51
5485,311,6.725,44.72,1,102.2,92.60000000000001,1384,172.9,75.4,21.31,-33.906,4.367,4.196,216.0,215.6,71.0,1718,1,-29.9,0.5
5486,311,6.725,43.07,1,102.2,92.60000000000001,1384,172.9,75.4,21.31,-33.891,4.367,4.196,215.0,215.6,71.0,1718,1,-29.8,0.49
5487,311,6.725,44.78,1,102.2,92.60000000000001,1384,172.9,75.4,21.29,-33.883,4.367,4.196,216.0,215.7,71.0,1718,1,-29.9,0.5
5488,311,6.725,45.06,1,102.2,92.60000000000001,1384,172.8,75.3,21.02,-33.859,4.367,4.196,216.0,215.8,71.0,1718,1,-29.9,0.51
5489,311,6.725,44.56,1,102.1,92.60000000000001,1384,172.8,75.4,20.02,-33.852,4.367,4.196,216.0,215.8,71.0,1718,1,-29.9,0.52
5490,311,6.725,45.49,1,101.6,92.4,1384,172.8,75.3,18.85,-33.836,4.367,4.196,216.0,215.9,71.0,1719,1,-29.9,0.5
5491,311,6.75,44.28,1,101.0,92.2,1381,172.8,75.1,18.27,-33.828,4.367,4.196,216.0,215.9,71.0,1719,1,-29.9,0.49
5492,311,6.75,43.13,1,100.6,92.2,1377,172.9,75.3,18.21,-33.828,4.367,4.196,216.0,216.0,71.0,1719,1,-29.9,0.5
5493,311,6.725,44.74,1,100.49999999999999,92.2,1374,172.9,75.3,18.21,-33.82,4.367,4.196,216.0,215.9,71.0,1719,1,-29.9,0.5
5494,311,6.725,44.79,1,100.4,92.10000000000001,1372,173.0,75.1,18.2,-33.82,4.367,4.196,216.0,215.9,71.0,1719,1,-29.9,0.5
5495,311,6.725,44.28,1,100.4,92.10000000000001,1371,173.0,74.9,18.18,-33.812,4.367,4.196,216.0,215.8,71.0,1719,1,-29.9,0.51
5496,311,6.725,43.4,1,100.29999999999998,92.10000000000001,1371,173.0,75.2,18.17,-33.805,4.367,4.196,215.0,215.7,71.0,1719,1,-29.9,0.5
5497,311,6.725,43.22,1,100.29999999999998,92.10000000000001,1369,172.9,75.1,18.21,-33.797,4.367,4.196,215.0,215.5,71.0,1719,1,-29.9,0.5
5498,311,6.725,44.02,1,100.4,92.10000000000001,1369,173.0,75.1,18.21,-33.789,4.367,4.196,214.0,215.3,71.0,1719,1,-29.9,0.5
5499,311,6.725,43.67,1,100.29999999999998,92.10000000000001,1368,172.9,75.2,18.22,-33.781,4.367,4.196,213.0,215.0,71.0,1719,1,-29.9,0.49
5500,311,6.725,43.97,1,100.4,92.10000000000001,1368,172.9,75.2,18.21,-33.781,4.367,4.196,213.0,214.7,71.0,1719,1,-29.9,0.49
5501,311,6.725,44.22,1,100.4,92.10000000000001,1368,173.0,75.1,18.23,-33.781,4.367,4.196,213.0,214.3,71.0,1719,1,-29.9,0.49
5502,311,6.725,44.53,1,100.29999999999998,92.10000000000001,1367,173.1,75.2,18.15,-33.773,4.367,4.196,213.0,213.9,71.0,1719,1,-29.9,0.49
5503,311,6.725,44.47,1,100.4,92.10000000000001,1368,173.2,75.1,18.68,-33.773,4.367,4.196,213.0,213.5,71.0,1719,1,-29.9,0.48
5504,311,6.725,44.67,1,100.69999999999999,92.30000000000001,1369,173.3,75.0,19.32,-33.766,4.367,4.196,212.0,213.1,71.0,1719,1,-29.9,0.49
5505,311,6.725,44.65,1,101.0,92.30000000000001,1372,173.3,75.2,19.35,-33.758,4.367,4.196,212.0,212.7,71.0,1719,1,-29.9,0.49
5506,311,6.725,43.35,1,101.1,92.30000000000001,1373,173.3,75.4,19.36,-33.75,4.367,4.196,211.0,212.2,71.0,1719,1,-29.9,0.5
5507,311,6.725,43.29,1,101.2,92.4,1373,173.3,75.4,19.42,-33.734,4.367,4.196,211.0,211.8,71.0,1719,1,-29.9,0.49
5508,311,6.725,44.63,1,101.2,92.4,1374,173.4,75.3,19.37,-33.719,4.367,4.196,210.0,211.3,71.0,1719,1,-29.9,0.48
5509,311,6.725,45.18,1,101.1,92.30000000000001,1375,173.5,75.2,19.39,-33.703,4.367,4.196,208.0,210.6,71.0,1719,1,-29.9,0.5
5510,311,6.725,45.38,1,101.1,92.30000000000001,1375,173.5,75.2,19.38,-33.688,4.367,4.196,208.0,209.7,71.0,1719,1,-29.9,0.5
5511,311,6.75,44.06,1,101.2,92.30000000000001,1374,173.5,75.2,19.39,-33.68,4.367,4.196,207.0,208.6,71.0,1719,1,-29.9,0.49
5512,311,6.725,44.99,1,101.2,92.4,1375,173.6,75.2,20.08,-33.68,4.367,4.196,205.0,206.9,71.0,1719,1,-29.9,0.49
5513,311,6.725,43.8,1,101.6,92.5,1376,173.5,75.4,20.32,-33.68,4.367,4.196,203.0,204.9,71.0,1719,1,-29.9,0.5
5514,311,6.725,44.46,1,101.69999999999999,92.5,1377,173.6,75.3,20.39,-33.672,4.367,4.196,201.0,202.7,71.0,1719,1,-29.9,0.5
5515,311,6.75,43.7,1,101.8,92.5,1378,173.7,75.4,20.31,-33.672,4.367,4.196,197.0,200.4,71.0,1719,1,-29.9,0.49
5516,312,6.75,45.43,1,101.8,92.5,1378,173.5,75.4,20.39,-33.672,4.367,4.196,194.0,197.4,71.0,1719,1,-29.9,0.48
5517,312,6.725,45.62,1,101.8,92.5,1378,173.5,75.4,20.32,-33.672,4.367,4.196,191.0,194.4,71.0,1719,1,-29.9,0.48
5518,312,6.725,44.34,1,101.89999999999999,92.5,1379,173.4,75.3,20.28,-33.672,4.367,4.196,187.0,191.6,71.0,1719,1,-29.9,0.49
5519,312,6.75,45.36,1,101.8,92.5,1379,173.3,75.3,20.34,-33.672,4.367,4.196,184.0,188.1,71.0,1719,1,-29.9,0.48
5520,312,6.725,45.31,1,101.89999999999999,92.60000000000001,1379,173.2,75.4,20.33,-33.664,4.367,4.196,179.0,185.0,71.0,1719,1,-29.9,0.49
5521,312,6.725,43.2,1,101.8,92.5,1380,173.2,75.4,20.21,-33.664,4.367,4.196,177.0,181.3,71.0,1719,1,-29.9,0.49
5522,312,6.725,44.44,1,101.69999999999999,92.4,1380,173.1,75.2,19.22,-33.648,4.367,4.196,172.0,178.2,71.0,1720,1,-29.9,0.5
5523,312,6.725,44.21,1,101.2,92.30000000000001,1378,173.1,75.2,18.95,-33.641,4.367,4.196,168.0,174.7,71.0,1720,1,-29.9,0.49
5524,312,6.725,43.42,1,101.0,92.30000000000001,1376,173.0,75.1,18.98,-33.641,4.367,4.196,164.0,170.9,71.0,1720,1,-29.9,0.48
5525,312,6.725,43.95,1,100.89999999999999,92.30000000000001,1374,173.1,75.1,19.01,-33.641,4.367,4.196,161.0,167.8,71.0,1720,1,-29.9,0.48
5526,312,6.75,44.03,1,100.89999999999999,92.30000000000001,1373,173.0,75.3,19.01,-33.641,4.367,4.196,157.0,164.0,71.0,1720,1,-29.9,0.49
5527,312,6.75,44.88,1,100.89999999999999,92.30000000000001,1373,173.0,75.2,18.96,-33.641,4.367,4.196,154.0,161.0,71.0,1720,1,-29.9,0.49
5528,312,6.725,44.82,1,100.8,92.2,1374,173.0,75.2,18.3,-33.641,4.367,4.196,150.0,157.5,71.0,1720,1,-29.9,0.5
5529,312,6.725,44.44,1,100.4,92.10000000000001,1372,173.1,75.2,17.23,-33.625,4.367,4.196,147.0,154.6,71.0,1720,1,-29.9,0.49
5530,312,6.725,43.26,1,99.8,91.9,1369,173.1,75.1,16.28,-33.609,4.367,4.196,144.0,151.5,71.0,1720,1,-29.9,0.49
5531,312,6.725,43.5,1,99.2,91.8,1365,173.2,74.8,15.43,-33.594,4.367,4.196,141.0,148.4,71.0,1720,1,-29.9,0.49
5532,312,6.725,43.59,1,98.7,91.7,1362,173.3,74.7,14.93,-33.578,4.367,4.196,137.0,145.8,71.0,1720,1,-29.9,0.49
5533,312,6.725,44.17,1,98.1,91.5,1359,173.4,74.6,13.93,-33.547,4.367,4.196,135.0,142.9,71.0,1720,1,-29.9,0.49
5534,312,6.75,44.3,1,97.6,91.4,1355,173.5,74.4,13.71,-33.516,4.367,4.196,132.0,140.6,71.0,1720,1,-29.9,0.49
5535,312,6.725,44.06,1,97.39999999999999,91.3,1352,173.6,74.3,13.71,-33.492,4.367,4.196,130.0,137.9,71.0,1720,1,-29.9,0.48
5536,311,6.725,43.98,1,97.3,91.3,1349,173.7,74.4,13.69,-33.461,4.367,4.196,127.0,135.8,71.0,1720,1,-29.9,0.48
5537,311,6.725,44.3,1,97.3,91.3,1348,173.9,74.4,13.68,-33.43,4.363,4.196,126.0,133.7,71.0,1720,1,-29.9,0.49
5538,311,6.725,44.24,1,97.3,91.3,1346,174.0,74.2,13.69,-33.398,4.363,4.196,123.0,131.3,71.0,1720,1,-29.9,0.49
5539,311,6.725,44.3,1,97.3,91.3,1344,174.1,74.5,14.2,-33.375,4.363,4.196,122.0,129.6,71.0,1720,1,-29.9,0.5
5540,311,6.75,44.35,1,97.6,91.5,1343,174.3,74.5,14.94,-33.352,4.363,4.196,120.0,127.6,71.0,1720,1,-29.9,0.49
5541,311,6.725,44.34,1,97.89999999999999,91.60000000000001,1344,174.3,74.5,15.05,-33.328,4.363,4.196,118.0,125.8,72.0,1720,1,-29.9,0.49
5542,311,6.725,44.32,1,98.1,91.60000000000001,1345,174.4,74.6,15.02,-33.312,4.367,4.196,116.0,124.1,72.0,1720,1,-29.9,0.5
5543,311,6.725,44.31,1,98.1,91.60000000000001,1345,174.4,74.5,15.0,-33.305,4.367,4.196,115.0,122.6,71.0,1720,1,-29.9,0.49
5544,311,6.725,44.36,1,98.1,91.60000000000001,1345,174.5,74.6,15.05,-33.289,4.367,4.196,113.0,120.8,71.0,1720,1,-29.9,0.5
5545,311,6.725,44.33,1,98.2,91.60000000000001,1345,174.7,74.7,15.04,-33.281,4.367,4.196,111.0,119.0,72.0,1720,1,-29.9,0.5
5546,310,6.725,44.35,1,98.2,91.60000000000001,1344,174.8,74.6,15.05,-33.281,4.367,4.196,108.0,117.5,72.0,1720,1,-29.9,0.49
5547,310,6.725,44.28,1,98.2,91.60000000000001,1344,174.9,74.7,14.98,-33.281,4.367,4.196,108.0,115.5,71.0,1720,1,-29.9,0.48
5548,310,6.725,44.33,1,98.2,91.60000000000001,1344,174.9,74.6,15.03,-33.297,4.367,4.196,106.0,114.0,72.0,1720,1,-29.8,0.49
5549,310,6.75,44.33,1,98.2,91.60000000000001,1344,174.8,74.6,15.07,-33.305,4.367,4.196,105.0,112.1,72.0,1720,1,-29.9,0.49
5550,310,6.75,44.39,1,98.2,91.60000000000001,1343,174.7,74.7,14.95,-33.312,4.367,4.196,103.0,110.5,72.0,1720,1,-29.9,0.48
5551,310,6.725,44.28,1,98.0,91.5,1344,174.7,74.7,14.05,-33.312,4.367,4.196,101.0,108.8,72.0,1720,1,-29.8,0.49
5552,310,6.725,44.23,1,97.7,91.4,1343,174.6,74.6,13.79,-33.32,4.367,4.196,99.0,106.9,72.0,1720,1,-29.9,0.49
5553,310,6.725,44.3,1,97.39999999999999,91.3,1341,174.7,74.4,13.79,-33.32,4.367,4.196,97.0,105.3,72.0,1720,1,-29.9,0.49
5554,310,6.725,44.24,1,97.39999999999999,91.3,1339,174.8,74.4,13.81,-33.312,4.363,4.196,95.0,103.4,72.0,1721,1,-29.8,0.49
5555,310,6.725,44.31,1,97.39999999999999,91.3,1338,174.9,74.5,13.77,-33.297,4.363,4.196,94.0,101.9,72.0,1721,1,-29.9,0.48
5556,310,6.725,44.22,1,97.3,91.3,1337,175.0,74.4,13.8,-33.281,4.363,4.196,92.0,100.0,72.0,1721,1,-29.8,0.49
5557,310,6.725,44.3,1,97.3,91.3,1336,174.9,74.3,13.85,-33.266,4.363,4.196,91.0,98.5,72.0,1721,1,-29.8,0.49
5558,310,6.725,44.28,1,97.5,91.4,1336,174.9,74.4,15.26,-33.25,4.363,4.196,88.0,96.8,72.0,1721,1,-29.8,0.49
5559,310,6.725,44.46,1,98.2,91.8,1339,174.9,74.8,16.84,-33.227,4.363,4.196,87.0,95.1,72.0,1721,1,-29.8,0.48
5560,310,6.725,44.44,1,99.1,92.0,1345,174.9,75.1,17.17,-33.203,4.363,4.196,85.0,93.6,72.0,1721,1,-29.8,0.49
5561,310,6.725,44.46,1,99.4,92.0,1350,174.9,75.0,17.23,-33.18,4.367,4.196,84.0,92.0,72.0,1721,1,-29.8,0.5
5562,310,6.725,44.48,1,99.6,92.0,1352,174.9,74.9,17.19,-33.156,4.367,4.196,82.0,90.6,72.0,1721,1,-29.8,0.48
5563,310,6.725,44.46,1,99.6,92.0,1353,174.9,75.0,17.2,-33.133,4.367,4.196,81.0,89.0,72.0,1721,1,-29.8,0.49
5564,309,6.725,44.44,1,99.6,92.0,1354,174.8,75.3,17.24,-33.125,4.367,4.196,79.0,87.8,72.0,1721,1,-29.8,0.5
5565,309,6.725,44.39,1,99.7,92.0,1355,174.8,75.2,17.23,-33.109,4.367,4.196,79.0,86.4,72.0,1721,1,-29.8,0.5
5566,309,6.725,44.42,1,99.7,92.0,1355,174.9,75.2,17.15,-33.102,4.367,4.196,77.0,84.9,72.0,1721,1,-29.8,0.48
5567,309,6.725,44.5,1,99.6,92.0,1356,174.9,75.0,16.3,-33.094,4.367,4.196,76.0,83.7,72.0,1721,1,-29.8,0.49
5568,309,6.725,44.43,1,99.1,91.8,1355,174.8,75.0,16.06,-33.086,4.367,4.196,76.0,82.5,72.0,1721,1,-29.8,0.48
5569,309,6.725,44.42,1,99.0,91.8,1353,174.8,74.9,15.98,-33.086,4.367,4.196,74.0,81.2,72.0,1721,1,-29.8,0.49
5570,309,6.725,44.43,1,98.9,91.8,1352,174.7,74.8,16.0,-33.094,4.367,4.196,72.0,79.9,72.0,1721,1,-29.8,0.5
5571,309,6.725,44.43,1,98.8,91.8,1351,174.7,74.7,15.94,-33.094,4.367,4.196,72.0,78.9,72.0,1721,1,-29.8,0.48
5572,309,6.725,44.5,1,98.8,91.8,1352,174.6,74.8,16.62,-33.086,4.367,4.196,70.0,77.7,72.0,1721,1,-29.8,0.49
5573,309,6.75,44.46,1,99.3,92.0,1353,174.5,75.1,17.42,-33.078,4.367,4.196,69.0,76.8,72.0,1721,1,-29.8,0.49
5574,309,6.725,44.46,1,99.6,92.10000000000001,1355,174.4,75.1,17.64,-33.07,4.367,4.196,67.0,75.6,72.0,1721,1,-29.8,0.49
5575,309,6.725,44.5,1,99.9,92.10000000000001,1357,174.4,75.0,17.56,-33.062,4.367,4.196,67.0,74.8,72.0,1721,1,-29.8,0.49
5576,309,6.725,44.48,1,99.9,92.10000000000001,1358,174.3,75.1,17.54,-33.055,4.367,4.196,66.0,73.7,72.0,1721,1,-29.8,0.49
5577,309,6.725,44.43,1,99.8,92.0,1358,174.1,75.0,16.37,-33.047,4.371,4.196,66.0,72.8,72.0,1721,1,-29.8,0.49
5578,309,6.725,44.41,1,99.1,91.7,1356,174.1,75.0,14.48,-33.047,4.371,4.196,65.0,72.0,72.0,1721,1,-29.8,0.49
5579,309,6.725,44.28,1,98.1,91.4,1350,173.9,74.7,13.64,-33.047,4.371,4.196,64.0,71.2,72.0,1721,1,-29.8,0.49
5580,309,6.725,44.36,1,97.5,91.3,1345,173.9,74.6,13.56,-33.062,4.367,4.196,63.0,70.3,72.0,1721,1,-29.8,0.49
5581,309,6.725,44.36,1,97.3,91.3,1341,174.0,74.5,13.55,-33.07,4.367,4.196,63.0,69.5,72.0,1721,1,-29.8,0.49
5582,309,6.725,44.28,1,97.2,91.3,1339,174.1,74.2,13.97,-33.078,4.363,4.196,62.0,68.7,72.0,1721,1,-29.8,0.5
5583,309,6.725,44.37,1,97.5,91.5,1338,174.0,74.4,15.03,-33.078,4.363,4.196,61.0,68.0,72.0,1721,1,-29.8,0.48
5584,309,6.725,44.38,1,98.0,91.7,1341,174.0,74.6,15.68,-33.086,4.363,4.196,61.0,67.2,72.0,1721,1,-29.8,0.49
5585,309,6.725,44.41,1,98.4,91.7,1344,174.0,74.7,15.71,-33.086,4.367,4.196,60.0,66.6,72.0,1721,1,-29.8,0.5
5586,309,6.725,44.46,1,98.5,91.7,1346,174.1,74.8,15.72,-33.078,4.367,4.196,60.0,65.9,72.0,1721,1,-29.8,0.49
5587,309,6.725,44.47,1,98.6,91.7,1348,174.2,74.7,15.34,-33.078,4.367,4.196,60.0,65.2,72.0,1721,1,-29.8,0.49
5588,309,6.725,44.42,1,98.3,91.60000000000001,1348,174.2,74.8,14.26,-33.07,4.367,4.196,58.0,64.5,72.0,1721,1,-29.8,0.48
5589,309,6.725,44.35,1,97.8,91.4,1345,174.2,74.8,13.57,-33.078,4.367,4.196,58.0,64.0,72.0,1721,1,-29.8,0.48
5590,309,6.725,44.28,1,97.39999999999999,91.3,1341,174.3,74.3,13.47,-33.078,4.367,4.196,57.0,63.4,72.0,1721,1,-29.8,0.49
5591,308,6.75,44.33,1,97.2,91.3,1338,174.4,74.3,13.43,-33.086,4.363,4.196,56.0,62.7,72.0,1721,1,-29.7,0.48
5592,308,6.725,44.32,1,97.1,91.2,1337,174.4,74.4,13.85,-33.094,4.363,4.196,56.0,62.2,72.0,1721,1,-29.7,0.49
5593,308,6.725,44.31,1,97.39999999999999,91.4,1337,174.3,74.4,14.88,-33.102,4.363,4.196,56.0,61.6,72.0,1721,1,-29.8,0.48
5594,308,6.725,44.41,1,98.0,91.7,1339,174.4,74.6,15.85,-33.109,4.363,4.196,55.0,61.1,72.0,1721,1,-29.7,0.48
5595,308,6.725,44.44,1,98.5,91.8,1343,174.4,74.8,16.07,-33.094,4.363,4.196,54.0,60.5,72.0,1721,1,-29.8,0.48
5596,308,6.725,44.48,1,98.7,91.8,1346,174.5,74.9,16.09,-33.094,4.363,4.196,54.0,60.1,72.0,1721,1,-29.7,0.48
5597,308,6.725,44.46,1,98.8,91.8,1348,174.5,74.8,16.05,-33.086,4.363,4.196,54.0,59.6,72.0,1721,1,-29.7,0.48
5598,308,6.725,44.45,1,98.9,91.7,1349,174.4,74.8,16.12,-33.086,4.363,4.196,54.0,59.0,72.0,1721,1,-29.7,0.49
5599,308,6.725,44.53,1,99.0,91.9,1349,174.4,75.0,16.97,-33.086,4.363,4.196,53.0,58.6,72.0,1721,1,-29.7,0.48
5600,308,6.725,44.58,1,99.5,92.10000000000001,1351,174.4,74.9,17.48,-33.086,4.363,4.196,53.0,58.2,72.0,1721,1,-29.7,0.48
5601,308,6.725,44.45,1,99.7,92.0,1354,174.3,75.2,17.82,-33.078,4.363,4.196,53.0,57.8,72.0,1721,1,-29.7,0.48
5602,308,6.725,44.56,1,100.1,92.2,1356,174.2,75.0,18.57,-33.078,4.367,4.196,52.0,57.3,72.0,1721,1,-29.7,0.47
5603,308,6.725,44.54,1,100.49999999999999,92.2,1359,174.2,75.2,18.64,-33.07,4.367,4.196,52.0,56.9,72.0,1721,1,-29.7,0.48
5604,308,6.725,44.56,1,100.6,92.30000000000001,1361,174.0,75.3,18.69,-33.062,4.367,4.196,51.0,56.5,72.0,1721,1,-29.7,0.48
5605,308,6.725,44.59,1,100.6,92.2,1362,173.9,75.3,18.66,-33.062,4.367,4.196,51.0,56.1,72.0,1721,1,-29.7,0.5
5606,308,6.725,44.59,1,100.6,92.2,1363,173.9,75.2,18.69,-33.062,4.367,4.196,51.0,55.8,72.0,1721,1,-29.7,0.49
5607,308,6.725,44.56,1,100.69999999999999,92.2,1363,173.8,75.2,18.65,-33.062,4.367,4.196,51.0,55.4,72.0,1721,1,-29.7,0.49
5608,307,6.725,44.6,1,100.6,92.2,1363,173.7,75.4,18.27,-33.07,4.367,4.196,50.0,55.1,72.0,1721,1,-29.7,0.49
5609,307,6.725,44.53,1,100.4,92.0,1363,173.6,75.1,17.17,-33.094,4.367,4.196,50.0,54.7,72.0,1721,1,-29.7,0.49
5610,307,6.725,44.53,1,99.9,91.9,1360,173.7,75.2,16.76,-33.125,4.367,4.196,49.0,54.4,72.0,1721,1,-29.7,0.5
5611,307,6.75,44.5,1,99.5,91.9,1357,173.6,74.9,16.7,-33.164,4.363,4.196,49.0,54.1,72.0,1721,1,-29.7,0.5
5612,307,6.75,44.5,1,99.4,91.9,1355,173.4,75.0,16.7,-33.211,4.363,4.196,48.0,53.7,72.0,1721,1,-29.7,0.5
5613,307,6.725,44.43,1,99.4,91.9,1355,173.4,74.8,16.67,-33.258,4.363,4.196,48.0,53.4,72.0,1721,1,-29.7,0.5
5614,307,6.725,44.48,1,99.3,91.9,1354,173.4,75.0,16.67,-33.297,4.363,4.196,48.0,53.1,72.0,1721,1,-29.7,0.5
5615,307,6.725,44.59,1,99.4,91.9,1354,173.4,74.9,16.71,-33.336,4.363,4.196,48.0,52.8,72.0,1721,1,-29.7,0.49
5616,307,6.75,44.5,1,99.3,91.9,1354,173.4,75.0,16.83,-33.367,4.363,4.196,48.0,52.5,72.0,1721,1,-29.7,0.48
5617,307,6.725,44.55,1,99.5,92.0,1354,173.3,75.2,17.62,-33.391,4.363,4.196,48.0,52.3,72.0,1721,1,-29.7,0.49
5618,307,6.725,44.53,1,99.8,92.0,1356,173.3,75.1,17.79,-33.398,4.363,4.196,47.0,52.0,72.0,1721,1,-29.7,0.49
5619,307,6.725,44.51,1,100.0,92.0,1358,173.2,75.1,17.8,-33.406,4.363,4.196,47.0,51.8,72.0,1721,1,-29.7,0.49
5620,307,6.725,44.48,1,100.1,92.10000000000001,1359,173.1,75.0,17.8,-33.406,4.367,4.196,47.0,51.5,72.0,1721,1,-29.6,0.49
5621,307,6.725,44.49,1,100.0,92.0,1359,173.1,75.1,17.77,-33.406,4.363,4.196,46.0,51.2,72.0,1721,1,-29.6,0.5
5622,307,6.725,44.52,1,100.1,92.10000000000001,1359,173.3,75.1,17.81,-33.398,4.363,4.196,46.0,51.0,72.0,1721,1,-29.7,0.49
5623,307,6.725,44.55,1,100.1,92.10000000000001,1360,173.3,75.1,17.75,-33.391,4.363,4.196,46.0,50.8,72.0,1721,1,-29.6,0.5
5624,307,6.725,44.51,1,100.0,92.0,1360,173.3,75.2,17.92,-33.391,4.363,4.196,46.0,50.5,72.0,1721,1,-29.6,0.49
5625,307,6.725,44.55,1,100.1,92.10000000000001,1359,173.3,75.3,17.98,-33.383,4.363,4.196,46.0,50.3,72.0,1721,1,-29.6,0.5
5626,307,6.725,44.57,1,100.2,92.10000000000001,1360,173.2,75.2,18.78,-33.383,4.363,4.196,46.0,50.1,72.0,1721,1,-29.6,0.5
5627,307,6.725,44.59,1,100.69999999999999,92.4,1362,173.1,75.3,19.93,-33.375,4.363,4.196,45.0,49.9,72.0,1721,1,-29.6,0.49
5628,308,6.725,44.6,1,101.4,92.5,1366,173.1,75.3,20.66,-33.367,4.363,4.196,45.0,49.6,72.0,1721,1,-29.6,0.49
5629,308,6.725,44.6,1,101.89999999999999,92.60000000000001,1371,173.0,75.5,20.78,-33.344,4.363,4.196,45.0,49.4,72.0,1721,1,-29.6,0.5
5630,308,6.725,44.68,1,102.0,92.60000000000001,1374,172.9,75.6,20.77,-33.328,4.363,4.196,45.0,49.2,72.0,1721,1,-29.6,0.5
5631,308,6.725,44.64,1,102.1,92.60000000000001,1376,172.7,75.6,20.8,-33.312,4.363,4.196,45.0,49.0,72.0,1721,1,-29.6,0.5
5632,308,6.725,44.65,1,102.1,92.7,1377,172.7,75.6,20.78,-33.297,4.367,4.196,45.0,48.8,72.0,1721,1,-29.6,0.51
5633,308,6.725,44.62,1,102.2,92.7,1377,172.7,75.7,20.82,-33.281,4.367,4.196,45.0,48.6,72.0,1721,1,-29.6,0.5
5634,308,6.725,44.64,1,102.2,92.60000000000001,1378,172.6,75.6,21.04,-33.266,4.367,4.196,45.0,48.4,72.0,1721,1,-29.6,0.5
5635,308,6.725,44.61,1,102.2,92.7,1380,172.4,75.5,21.4,-33.258,4.367,4.196,44.0,48.3,72.0,1721,1,-29.6,0.5
5636,309,6.725,44.65,1,102.2,92.7,1381,172.3,75.5,21.48,-33.25,4.363,4.196,44.0,48.1,72.0,1721,1,-29.6,0.49
5637,309,6.725,44.55,1,102.2,92.60000000000001,1381,172.2,75.5,21.57,-33.234,4.363,4.196,44.0,47.9,72.0,1721,1,-29.6,0.49
5638,309,6.725,44.57,1,102.2,92.7,1381,172.0,75.6,21.97,-33.219,4.363,4.196,44.0,47.8,72.0,1721,1,-29.6,0.5
5639,309,6.725,44.6,1,102.2,92.7,1381,171.8,75.5,22.12,-33.211,4.363,4.196,44.0,47.6,72.0,1721,1,-29.6,0.49
5640,309,6.725,44.61,1,102.2,92.7,1381,171.8,75.5,22.2,-33.195,4.363,4.196,43.0,47.4,72.0,1721,1,-29.6,0.5
5641,309,6.725,44.7,1,102.2,92.7,1381,171.8,75.6,22.2,-33.18,4.363,4.196,44.0,47.3,72.0,1721,1,-29.6,0.49
5642,309,6.725,44.58,1,102.2,92.7,1381,171.8,75.6,22.17,-33.164,4.363,4.196,43.0,47.2,72.0,1721,1,-29.6,0.49
5643,309,6.725,44.56,1,102.2,92.7,1381,171.7,75.5,21.38,-33.148,4.363,4.196,43.0,47.0,72.0,1721,1,-29.6,0.49
5644,309,6.725,44.63,1,102.2,92.7,1381,171.7,75.7,21.21,-33.133,4.363,4.196,43.0,46.9,72.0,1721,1,-29.6,0.5
5645,310,6.725,44.66,1,102.2,92.7,1382,171.7,75.6,21.2,-33.125,4.363,4.196,43.0,46.8,72.0,1721,1,-29.6,0.51
5646,310,6.725,44.64,1,102.2,92.7,1382,171.7,75.5,20.56,-33.109,4.363,4.196,43.0,46.6,72.0,1721,1,-29.6,0.5
5647,310,6.725,44.61,1,102.0,92.5,1382,171.7,75.3,20.2,-33.094,4.363,4.196,43.0,46.5,72.0,1721,1,-29.6,0.5
5648,310,6.725,44.58,1,101.8,92.5,1381,171.8,75.3,20.18,-33.086,4.363,4.196,43.0,46.4,72.0,1721,1,-29.6,0.5
5649,310,6.75,44.59,1,101.8,92.60000000000001,1379,171.8,75.5,20.14,-33.086,4.363,4.196,43.0,46.3,72.0,1721,1,-29.6,0.48
5650,310,6.75,44.66,1,101.69999999999999,92.5,1379,171.9,75.3,19.76,-33.086,4.367,4.196,43.0,46.1,72.0,1721,1,-29.6,0.5
5651,310,6.75,44.57,1,101.49999999999999,92.4,1378,171.9,75.3,19.67,-33.086,4.367,4.196,43.0,46.0,72.0,1721,1,-29.5,0.5
5652,310,6.725,44.61,1,101.4,92.4,1376,172.0,75.2,19.6,-33.086,4.367,4.196,42.0,45.9,72.0,1721,1,-29.5,0.49
5653,310,6.725,44.5,1,101.4,92.5,1375,171.9,75.3,19.6,-33.094,4.363,4.196,42.0,45.8,72.0,1721,1,-29.5,0.49
5654,310,6.725,44.59,1,101.29999999999998,92.4,1375,172.0,75.4,19.57,-33.102,4.363,4.196,42.0,45.7,72.0,1721,1,-29.5,0.51
5655,310,6.75,44.63,1,101.29999999999998,92.4,1374,172.0,75.4,19.63,-33.102,4.363,4.196,42.0,45.6,72.0,1721,1,-29.5,0.5
5656,310,6.75,44.53,1,101.29999999999998,92.5,1373,172.0,75.3,19.61,-33.102,4.363,4.196,42.0,45.4,72.0,1721,1,-29.5,0.5
5657,310,6.725,44.62,1,101.29999999999998,92.4,1373,172.1,75.2,19.59,-33.094,4.363,4.196,42.0,45.3,72.0,1721,1,-29.5,0.49
5658,311,6.725,44.69,1,101.29999999999998,92.4,1373,172.1,75.2,19.71,-33.094,4.363,4.196,42.0,45.2,72.0,1721,1,-29.5,0.49
5659,311,6.725,44.61,1,101.4,92.5,1374,172.1,75.3,19.64,-33.094,4.363,4.196,42.0,45.1,72.0,1721,1,-29.5,0.5
5660,311,6.725,44.6,1,101.29999999999998,92.4,1374,172.2,75.2,19.54,-33.094,4.363,4.196,42.0,45.0,72.0,1721,1,-29.5,0.49
5661,311,6.725,44.62,1,101.29999999999998,92.5,1374,172.2,75.3,19.64,-33.086,4.363,4.196,41.0,44.9,72.0,1721,1,-29.5,0.49
5662,311,6.725,44.54,1,101.4,92.5,1374,172.2,75.5,19.74,-33.078,4.363,4.196,41.0,44.7,72.0,1721,1,-29.5,0.5
5663,312,6.725,44.61,1,101.49999999999999,92.60000000000001,1374,172.3,75.4,20.66,-33.07,4.367,4.196,41.0,44.6,72.0,1720,1,-29.5,0.51
5664,312,6.725,44.67,1,101.89999999999999,92.7,1376,172.3,75.5,20.76,-33.055,4.367,4.196,41.0,44.5,72.0,1720,1,-29.5,0.5
5665,312,6.725,44.65,1,102.1,92.7,1378,172.2,75.5,20.8,-33.031,4.367,4.196,41.0,44.4,71.0,1720,1,-29.5,0.49
5666,312,6.725,44.68,1,102.1,92.7,1379,172.2,75.5,20.79,-33.016,4.367,4.196,41.0,44.3,71.0,1720,1,-29.5,0.51
5667,312,6.725,44.62,1,102.2,92.7,1380,172.2,75.7,20.85,-32.992,4.367,4.196,41.0,44.2,71.0,1720,1,-29.5,0.5
5668,312,6.725,44.63,1,102.2,92.7,1381,172.3,75.5,20.81,-32.977,4.367,4.196,41.0,44.1,71.0,1720,1,-29.5,0.51
5669,312,6.725,44.64,1,102.2,92.7,1381,172.2,75.4,20.81,-32.961,4.367,4.196,41.0,44.0,71.0,1720,1,-29.5,0.51
5670,312,6.725,44.57,1,102.1,92.7,1381,172.2,75.4,20.79,-32.953,4.367,4.196,41.0,44.0,71.0,1720,1,-29.5,0.5
5671,312,6.725,44.66,1,102.2,92.7,1381,172.2,75.4,20.85,-32.945,4.367,4.196,41.0,43.9,71.0,1720,1,-29.5,0.5
5672,312,6.725,44.69,1,102.2,92.7,1381,172.3,75.6,20.79,-32.938,4.367,4.196,40.0,43.8,71.0,1720,1,-29.5,0.5
5673,312,6.725,44.63,1,102.1,92.7,1380,172.3,75.5,20.15,-32.938,4.367,4.196,40.0,43.7,71.0,1720,1,-29.5,0.5
5674,312,6.725,44.63,1,101.69999999999999,92.5,1380,172.2,75.5,19.06,-32.938,4.367,4.196,40.0,43.6,71.0,1720,1,-29.5,0.5
5675,312,6.725,44.58,1,101.0,92.30000000000001,1377,172.2,75.3,17.93,-32.945,4.367,4.196,40.0,43.5,71.0,1720,1,-29.5,0.5
5676,312,6.725,44.54,1,100.4,92.10000000000001,1371,172.4,75.1,17.54,-32.969,4.367,4.196,40.0,43.4,71.0,1720,1,-29.5,0.5
5677,312,6.725,44.6,1,100.1,92.10000000000001,1368,172.4,75.0,17.51,-32.984,4.367,4.196,40.0,43.4,71.0,1720,1,-29.5,0.5
5678,312,6.725,44.5,1,100.0,92.10000000000001,1366,172.4,75.0,17.52,-33.0,4.367,4.196,40.0,43.3,71.0,1720,1,-29.5,0.5
5679,312,6.725,44.48,1,99.9,92.10000000000001,1365,172.4,74.9,17.5,-33.008,4.367,4.196,40.0,43.2,71.0,1720,1,-29.4,0.5
5680,312,6.725,44.55,1,99.9,92.10000000000001,1364,172.5,75.0,17.54,-33.016,4.367,4.196,40.0,43.1,71.0,1720,1,-29.4,0.49
5681,312,6.725,44.51,1,99.9,92.10000000000001,1364,172.6,75.0,17.65,-33.023,4.367,4.196,40.0,43.0,71.0,1720,1,-29.4,0.49
5682,312,6.725,44.56,1,100.0,92.2,1363,172.7,75.1,18.39,-33.023,4.367,4.196,40.0,42.9,71.0,1720,1,-29.4,0.49
5683,312,6.725,44.6,1,100.4,92.30000000000001,1364,172.8,75.1,18.61,-33.023,4.367,4.196,40.0,42.8,71.0,1720,1,-29.4,0.49
5684,312,6.725,44.56,1,100.49999999999999,92.30000000000001,1366,172.7,75.2,18.58,-33.016,4.367,4.196,40.0,42.7,71.0,1720,1,-29.4,0.5
5685,312,6.725,44.5,1,100.6,92.30000000000001,1366,172.7,75.2,18.62,-33.023,4.367,4.196,40.0,42.6,71.0,1720,1,-29.4,0.49
5686,312,6.725,44.53,1,100.69999999999999,92.30000000000001,1367,172.7,75.2,18.59,-33.023,4.367,4.196,40.0,42.5,71.0,1720,1,-29.4,0.49
5687,312,6.725,44.55,1,100.6,92.2,1368,172.8,75.2,18.57,-33.023,4.367,4.196,40.0,42.5,71.0,1720,1,-29.4,0.51
5688,312,6.725,44.55,1,100.6,92.2,1367,173.0,75.3,18.6,-33.031,4.371,4.196,40.0,42.4,71.0,1720,1,-29.4,0.51
5689,312,6.725,44.51,1,100.6,92.2,1367,173.1,75.2,18.59,-33.031,4.371,4.196,40.0,42.3,71.0,1720,1,-29.4,0.5
5690,312,6.725,44.56,1,100.6,92.30000000000001,1367,173.1,75.2,18.36,-33.031,4.367,4.196,39.0,42.2,71.0,1720,1,-29.4,0.49
5691,312,6.75,44.59,1,100.49999999999999,92.2,1366,173.1,75.3,17.47,-33.031,4.367,4.196,39.0,42.1,71.0,1720,1,-29.4,0.5
5692,312,6.75,44.53,1,99.9,91.9,1364,173.2,75.1,16.46,-33.039,4.367,4.196,39.0,42.0,71.0,1720,1,-29.4,0.5
5693,312,6.725,44.56,1,99.4,91.9,1360,173.1,75.0,16.29,-33.055,4.367,4.196,39.0,41.9,71.0,1719,1,-29.4,0.51
5694,312,6.725,44.47,1,99.2,91.9,1357,173.2,74.8,16.26,-33.062,4.367,4.196,39.0,41.8,71.0,1719,1,-29.4,0.49
5695,312,6.725,44.48,1,99.1,91.9,1356,173.2,74.8,15.98,-33.07,4.367,4.196,39.0,41.8,71.0,1719,1,-29.4,0.49
5696,312,6.75,44.41,1,98.8,91.7,1356,173.4,74.8,14.94,-33.078,4.367,4.196,39.0,41.7,71.0,1719,1,-29.4,0.5
5697,312,6.75,44.41,1,98.2,91.60000000000001,1353,173.4,74.8,14.3,-33.094,4.367,4.196,39.0,41.6,71.0,1719,1,-29.4,0.49
5698,312,6.725,44.49,1,97.8,91.5,1349,173.5,74.6,13.89,-33.109,4.367,4.196,39.0,41.5,71.0,1719,1,-29.4,0.49
5699,311,6.725,44.41,1,97.39999999999999,91.3,1345,173.5,74.4,13.28,-33.133,4.367,4.196,39.0,41.4,71.0,1719,1,-29.4,0.49
5700,311,6.725,44.33,1,97.1,91.2,1341,173.6,74.3,13.23,-33.156,4.367,4.196,39.0,41.3,71.0,1719,1,-29.4,0.49
5701,311,6.725,44.37,1,97.0,91.2,1338,173.7,74.3,13.24,-33.188,4.367,4.196,39.0,41.2,71.0,1719,1,-29.4,0.49
5702,311,6.75,44.37,1,97.0,91.2,1336,173.8,74.2,13.24,-33.211,4.363,4.196,39.0,41.1,71.0,1719,1,-29.3,0.5
5703,311,6.725,44.41,1,97.0,91.10000000000001,1335,173.9,74.2,13.28,-33.234,4.363,4.196,39.0,41.0,71.0,1719,1,-29.4,0.49
5704,311,6.725,44.47,1,97.0,91.2,1334,174.0,74.2,13.27,-33.242,4.363,4.196,39.0,40.9,71.0,1719,1,-29.3,0.49
5705,311,6.725,44.36,1,97.0,91.2,1333,174.0,74.2,13.38,-33.25,4.363,4.196,38.0,40.8,71.0,1719,1,-29.4,0.49
5706,311,6.725,44.45,1,97.1,91.2,1333,174.1,74.2,14.34,-33.258,4.363,4.196,38.0,40.7,71.0,1719,1,-29.3,0.48
5707,311,6.725,44.45,1,97.6,91.5,1335,174.2,74.4,15.39,-33.25,4.363,4.196,38.0,40.7,71.0,1719,1,-29.4,0.49
5708,311,6.725,44.38,1,98.1,91.7,1339,174.4,74.7,15.57,-33.242,4.363,4.196,38.0,40.5,71.0,1719,1,-29.3,0.49
5709,311,6.725,44.42,1,98.4,91.7,1342,174.4,74.7,15.61,-33.234,4.367,4.196,38.0,40.5,71.0,1719,1,-29.3,0.49
5710,310,6.725,44.51,1,98.5,91.7,1344,174.5,74.9,15.59,-33.227,4.367,4.196,38.0,40.3,71.0,1719,1,-29.3,0.49
5711,310,6.725,44.45,1,98.5,91.7,1345,174.6,74.9,15.58,-33.219,4.367,4.196,38.0,40.2,71.0,1719,1,-29.3,0.5
5712,310,6.725,44.49,1,98.5,91.7,1345,174.6,74.8,15.62,-33.227,4.367,4.196,37.0,40.1,71.0,1719,1,-29.3,0.5
5713,310,6.725,44.51,1,98.5,91.7,1345,174.6,74.8,15.61,-33.234,4.363,4.196,37.0,40.0,71.0,1719,1,-29.3,0.5
5714,310,6.75,44.5,1,98.6,91.7,1346,174.6,74.7,16.13,-33.242,4.363,4.196,37.0,40.0,71.0,1719,1,-29.3,0.49
5715,310,6.725,44.49,1,98.9,91.8,1347,174.5,75.0,16.34,-33.25,4.363,4.196,37.0,39.8,71.0,1718,1,-29.3,0.5
5716,310,6.725,44.51,1,99.0,91.8,1348,174.5,75.0,16.53,-33.258,4.363,4.196,37.0,39.8,71.0,1718,1,-29.3,0.5
5717,310,6.725,44.56,1,99.1,91.8,1349,174.4,75.0,16.5,-33.266,4.363,4.196,37.0,39.7,71.0,1718,1,-29.3,0.51
5718,310,6.725,44.58,1,99.2,91.8,1349,174.4,74.8,16.54,-33.273,4.363,4.196,37.0,39.6,71.0,1718,1,-29.3,0.5
5719,310,6.725,44.54,1,99.2,91.9,1349,174.4,75.0,16.5,-33.281,4.363,4.196,37.0,39.5,71.0,1718,1,-29.3,0.5
5720,310,6.725,44.5,1,99.2,91.8,1350,174.3,74.9,16.44,-33.289,4.363,4.196,37.0,39.4,71.0,1718,1,-29.3,0.51
5721,309,6.725,44.49,1,99.2,91.8,1350,174.3,75.0,16.55,-33.305,4.363,4.196,37.0,39.3,71.0,1718,1,-29.3,0.51
5722,309,6.725,44.48,1,99.2,91.8,1350,174.2,74.9,16.5,-33.336,4.363,4.196,37.0,39.2,71.0,1718,1,-29.3,0.5
5723,309,6.725,44.51,1,99.3,91.8,1350,174.2,74.9,16.62,-33.367,4.363,4.196,37.0,39.2,71.0,1718,1,-29.3,0.49
5724,309,6.725,44.58,1,99.3,91.9,1350,174.2,74.9,17.05,-33.398,4.363,4.196,37.0,39.1,71.0,1718,1,-29.3,0.49
5725,309,6.725,44.58,1,99.5,92.0,1351,174.2,75.1,17.11,-33.422,4.363,4.196,36.0,39.0,71.0,1718,1,-29.3,0.5
5726,309,6.725,44.6,1,99.6,92.0,1353,174.1,75.0,17.09,-33.445,4.363,4.196,36.0,38.9,71.0,1718,1,-29.3,0.49
5727,309,6.725,44.57,1,99.6,92.0,1354,174.0,75.0,16.99,-33.445,4.363,4.196,36.0,38.8,71.0,1718,1,-29.3,0.5
5728,309,6.725,44.54,1,99.4,91.8,1355,173.9,75.0,16.05,-33.453,4.363,4.196,36.0,38.7,71.0,1718,1,-29.3,0.49
5729,309,6.725,44.49,1,99.0,91.7,1353,173.8,75.0,15.85,-33.461,4.363,4.196,36.0,38.6,71.0,1718,1,-29.3,0.5
5730,309,6.725,44.42,1,98.8,91.7,1350,173.8,74.8,15.84,-33.469,4.363,4.196,36.0,38.6,71.0,1718,1,-29.3,0.5
5731,309,6.725,44.43,1,98.7,91.60000000000001,1349,173.8,74.9,15.92,-33.5,4.363,4.196,36.0,38.5,71.0,1718,1,-29.3,0.49
5732,309,6.725,44.52,1,98.9,91.8,1349,173.8,74.9,16.82,-33.516,4.363,4.196,36.0,38.4,71.0,1718,1,-29.2,0.49
5733,309,6.725,44.57,1,99.3,91.9,1351,173.8,75.0,17.07,-33.531,4.363,4.196,36.0,38.3,71.0,1718,1,-29.3,0.5
5734,309,6.725,44.58,1,99.5,91.9,1353,173.8,75.0,17.11,-33.531,4.363,4.196,36.0,38.3,71.0,1718,1,-29.2,0.5
5735,309,6.725,44.57,1,99.5,92.0,1354,173.8,75.0,17.13,-33.523,4.363,4.196,36.0,38.2,71.0,1717,1,-29.2,0.5
5736,309,6.725,44.55,1,99.6,91.9,1355,173.8,75.0,17.11,-33.508,4.367,4.195,36.0,38.1,71.0,1717,1,-29.2,0.5
5737,309,6.725,44.56,1,99.7,92.0,1355,173.7,75.0,17.82,-33.492,4.367,4.196,36.0,38.0,71.0,1717,1,-29.2,0.5
5738,309,6.725,44.62,1,100.0,92.10000000000001,1357,173.7,75.2,18.01,-33.477,4.363,4.196,36.0,38.0,71.0,1717,1,-29.2,0.5
5739,309,6.725,44.62,1,100.1,92.10000000000001,1358,173.8,74.9,17.97,-33.469,4.367,4.196,35.0,37.9,71.0,1717,1,-29.2,0.5
5740,309,6.725,44.63,1,100.1,92.10000000000001,1359,173.8,75.1,17.98,-33.461,4.367,4.196,35.0,37.9,71.0,1717,1,-29.2,0.49
5741,309,6.725,44.66,1,100.2,92.10000000000001,1360,173.7,75.1,17.96,-33.445,4.367,4.196,35.0,37.8,71.0,1717,1,-29.2,0.49
5742,310,6.725,44.69,1,100.2,92.0,1359,173.6,75.1,17.99,-33.453,4.367,4.196,35.0,37.7,71.0,1717,1,-29.2,0.48
5743,310,6.725,44.58,1,100.2,92.10000000000001,1359,173.6,75.0,18.45,-33.461,4.367,4.196,35.0,37.7,71.0,1717,1,-29.2,0.49
5744,310,6.725,44.64,1,100.49999999999999,92.2,1360,173.5,75.2,19.12,-33.469,4.367,4.196,35.0,37.6,71.0,1717,1,-29.2,0.49
5745,310,6.725,44.76,1,100.89999999999999,92.30000000000001,1362,173.5,75.2,19.26,-33.477,4.367,4.196,35.0,37.6,71.0,1717,1,-29.2,0.5
5746,310,6.725,44.71,1,101.0,92.30000000000001,1364,173.5,75.2,19.27,-33.477,4.367,4.196,35.0,37.5,71.0,1717,1,-29.2,0.49
5747,310,6.725,44.71,1,101.1,92.30000000000001,1365,173.4,75.4,19.22,-33.477,4.367,4.195,35.0,37.5,71.0,1717,1,-29.2,0.49
5748,310,6.725,44.63,1,101.1,92.30000000000001,1366,173.3,75.3,19.22,-33.469,4.367,4.196,35.0,37.4,71.0,1717,1,-29.2,0.49
5749,310,6.725,44.63,1,101.1,92.4,1366,173.3,75.3,20.04,-33.461,4.367,4.196,35.0,37.4,71.0,1717,1,-29.2,0.49
5750,310,6.725,44.64,1,101.49999999999999,92.5,1368,173.2,75.5,20.35,-33.453,4.367,4.196,35.0,37.3,71.0,1717,1,-29.2,0.5
5751,310,6.725,44.67,1,101.69999999999999,92.5,1371,173.1,75.5,20.32,-33.438,4.367,4.196,35.0,37.3,71.0,1717,1,-29.2,0.5
5752,310,6.725,44.66,1,101.8,92.5,1372,173.0,75.6,20.3,-33.43,4.367,4.196,35.0,37.3,71.0,1717,1,-29.2,0.5
5753,310,6.725,44.73,1,101.8,92.60000000000001,1373,172.9,75.4,20.34,-33.414,4.367,4.195,35.0,37.2,71.0,1716,1,-29.2,0.49
5754,310,6.725,44.68,1,101.8,92.60000000000001,1373,172.8,75.6,20.77,-33.398,4.367,4.196,35.0,37.2,71.0,1716,1,-29.2,0.51
5755,310,6.725,44.67,1,102.1,92.7,1375,172.6,75.5,21.22,-33.383,4.367,4.196,35.0,37.2,71.0,1716,1,-29.2,0.5
5756,310,6.725,44.71,1,102.2,92.7,1377,172.6,75.7,21.29,-33.359,4.363,4.195,35.0,37.1,71.0,1716,1,-29.2,0.5
5757,311,6.725,44.77,1,102.2,92.7,1379,172.5,75.5,21.3,-33.336,4.363,4.196,35.0,37.1,71.0,1716,1,-29.2,0.5
5758,311,6.725,44.71,1,102.2,92.60000000000001,1379,172.4,75.7,21.28,-33.312,4.363,4.196,35.0,37.0,71.0,1716,1,-29.2,0.5
5759,311,6.725,44.76,1,102.2,92.7,1379,172.4,75.5,21.31,-33.297,4.363,4.196,35.0,37.0,71.0,1716,1,-29.2,0.51
5760,311,6.725,44.67,1,102.2,92.60000000000001,1380,172.5,75.7,21.38,-33.266,4.367,4.196,35.0,37.0,71.0,1716,1,-29.2,0.5
5761,311,6.725,44.65,1,102.2,92.7,1380,172.2,75.8,21.39,-33.242,4.367,4.196,35.0,37.0,71.0,1716,1,-29.2,0.5
5762,311,6.725,44.71,1,102.3,92.7,1381,172.2,75.8,21.38,-33.219,4.367,4.195,35.0,36.9,71.0,1716,1,-29.2,0.5
5763,311,6.725,44.7,1,102.2,92.7,1380,172.2,75.6,21.42,-33.195,4.367,4.196,35.0,36.9,71.0,1716,1,-29.2,0.5
5764,311,6.725,44.75,1,102.2,92.7,1381,172.2,75.6,21.43,-33.18,4.367,4.196,35.0,36.9,71.0,1716,1,-29.2,0.5
5765,311,6.725,44.67,1,102.2,92.7,1381,172.2,75.6,21.48,-33.164,4.363,4.196,35.0,36.9,71.0,1716,1,-29.2,0.5
5766,311,6.725,44.73,1,102.3,92.7,1382,172.2,75.6,21.58,-33.141,4.363,4.196,35.0,36.9,71.0,1716,1,-29.2,0.5
5767,311,6.725,44.67,1,102.2,92.7,1382,172.2,75.7,21.61,-33.125,4.363,4.196,35.0,36.8,71.0,1716,1,-29.2,0.5
5768,312,6.725,44.71,1,102.2,92.7,1382,172.2,75.6,21.79,-33.109,4.363,4.196,35.0,36.8,71.0,1716,1,-29.1,0.49
5769,312,6.725,44.66,1,102.2,92.7,1382,172.1,75.6,22.0,-33.102,4.363,4.196,35.0,36.8,71.0,1716,1,-29.1,0.51
5770,312,6.725,44.72,1,102.2,92.7,1382,172.2,75.6,21.58,-33.086,4.363,4.196,35.0,36.8,71.0,1715,1,-29.1,0.5
5771,312,6.725,44.69,1,102.2,92.7,1382,172.1,75.5,21.3,-33.078,4.363,4.195,35.0,36.8,71.0,1715,1,-29.1,0.49
5772,312,6.725,44.7,1,102.2,92.7,1382,172.1,75.8,21.19,-33.062,4.367,4.196,35.0,36.8,71.0,1715,1,-29.1,0.49
5773,313,6.725,44.77,1,102.2,92.7,1382,172.1,75.8,21.25,-33.039,4.367,4.196,35.0,36.8,71.0,1715,1,-29.1,0.49
5774,313,6.725,44.7,1,102.2,92.7,1382,172.2,75.6,20.75,-33.023,4.367,4.196,35.0,36.8,71.0,1715,1,-29.1,0.49
5775,313,6.725,44.68,1,102.1,92.7,1382,172.1,75.5,20.67,-33.016,4.367,4.196,35.0,36.8,71.0,1715,1,-29.1,0.5
5776,313,6.725,44.68,1,102.1,92.7,1383,172.1,75.6,20.64,-32.992,4.367,4.196,35.0,36.7,71.0,1715,1,-29.1,0.5
5777,313,6.725,44.68,1,102.0,92.7,1382,171.9,75.5,20.64,-32.969,4.367,4.196,35.0,36.7,71.0,1715,1,-29.1,0.5
5778,313,6.725,44.6,1,102.0,92.7,1382,171.9,75.4,20.62,-32.945,4.367,4.196,35.0,36.7,71.0,1715,1,-29.1,0.5
5779,313,6.725,44.72,1,102.1,92.7,1381,171.9,75.5,20.61,-32.93,4.367,4.195,35.0,36.7,71.0,1715,1,-29.1,0.5
5780,314,6.725,44.66,1,102.1,92.7,1382,171.8,75.5,20.62,-32.906,4.367,4.196,35.0,36.7,71.0,1715,1,-29.1,0.5
5781,314,6.75,44.78,1,102.0,92.7,1382,171.9,75.5,20.62,-32.891,4.367,4.196,35.0,36.7,71.0,1715,1,-29.1,0.5
5782,314,6.725,44.76,1,102.0,92.7,1383,171.9,75.5,20.6,-32.867,4.367,4.196,35.0,36.7,71.0,1715,1,-29.1,0.49
5783,314,6.725,44.68,1,102.0,92.7,1382,171.9,75.4,20.63,-32.844,4.367,4.195,35.0,36.7,71.0,1715,1,-29.1,0.51
5784,314,6.725,44.68,1,102.0,92.7,1382,172.0,75.5,20.63,-32.828,4.367,4.195,35.0,36.7,71.0,1715,1,-29.1,0.49
5785,315,6.725,44.67,1,102.1,92.7,1382,172.1,75.6,20.68,-32.812,4.367,4.196,35.0,36.7,71.0,1715,1,-29.1,0.5
5786,315,6.725,44.68,1,102.0,92.7,1382,172.0,75.5,20.69,-32.789,4.367,4.196,35.0,36.7,71.0,1714,1,-29.1,0.5
5787,315,6.725,44.72,1,102.1,92.7,1382,171.9,75.4,20.65,-32.773,4.367,4.196,35.0,36.7,71.0,1714,1,-29.1,0.5
5788,315,6.725,44.68,1,102.0,92.7,1382,171.9,75.4,20.64,-32.75,4.367,4.196,35.0,36.7,71.0,1714,1,-29.1,0.5
5789,315,6.725,44.68,1,102.0,92.7,1382,171.9,75.3,20.61,-32.734,4.367,4.195,35.0,36.7,71.0,1714,1,-29.1,0.49
5790,315,6.725,44.7,1,102.1,92.7,1382,172.0,75.4,20.61,-32.719,4.367,4.196,35.0,36.7,71.0,1714,1,-29.1,0.5
5791,315,6.75,44.7,1,102.0,92.7,1382,171.9,75.6,20.64,-32.711,4.367,4.196,35.0,36.7,71.0,1714,1,-29.1,0.5
5792,315,6.75,44.67,1,102.0,92.7,1383,172.0,75.5,20.61,-32.695,4.367,4.196,35.0,36.7,71.0,1714,1,-29.1,0.51
5793,315,6.725,44.71,1,102.0,92.7,1383,171.9,75.4,20.63,-32.695,4.367,4.195,35.0,36.7,71.0,1714,1,-29.1,0.5
5794,315,6.725,44.66,1,102.0,92.7,1383,172.0,75.6,20.64,-32.695,4.367,4.195,35.0,36.7,71.0,1714,1,-29.1,0.49
5795,315,6.725,44.68,1,102.0,92.7,1383,172.0,75.4,20.64,-32.688,4.367,4.195,35.0,36.7,71.0,1714,1,-29.1,0.5
5796,315,6.75,44.61,1,102.1,92.7,1382,171.9,75.4,20.62,-32.68,4.367,4.196,35.0,36.7,71.0,1714,1,-29.1,0.5
5797,316,6.75,44.68,1,102.0,92.7,1382,172.0,75.4,20.62,-32.68,4.367,4.195,35.0,36.7,70.0,1714,1,-29.1,0.51
5798,316,6.725,44.69,1,102.0,92.7,1382,172.0,75.5,20.62,-32.672,4.367,4.196,35.0,36.7,71.0,1714,1,-29.1,0.51
5799,316,6.725,44.62,1,102.0,92.7,1382,172.0,75.7,20.61,-32.664,4.367,4.195,35.0,36.7,71.0,1714,1,-29.1,0.5
5800,316,6.725,44.67,1,102.0,92.7,1382,172.0,75.5,20.63,-32.656,4.367,4.196,35.0,36.7,70.0,1714,1,-29.1,0.5
5801,316,6.725,44.74,1,102.0,92.7,1382,171.9,75.5,20.62,-32.648,4.367,4.196,35.0,36.7,70.0,1714,1,-29.1,0.51
5802,316,6.725,44.69,1,102.0,92.7,1382,171.9,75.6,20.64,-32.648,4.367,4.195,35.0,36.7,70.0,1713,1,-29.1,0.5
5803,316,6.725,44.7,1,102.0,92.7,1382,171.9,75.5,20.63,-32.641,4.367,4.196,35.0,36.6,70.0,1713,1,-29.1,0.5
5804,316,6.725,44.74,1,102.0,92.7,1382,172.1,75.4,20.66,-32.633,4.367,4.195,35.0,36.6,70.0,1713,1,-29.1,0.5
5805,316,6.725,44.69,1,102.1,92.7,1383,172.1,75.3,20.66,-32.625,4.367,4.196,35.0,36.6,70.0,1713,1,-29.1,0.49
5806,316,6.725,44.76,1,102.1,92.7,1382,172.2,75.4,20.62,-32.617,4.367,4.196,35.0,36.6,70.0,1713,1,-29.1,0.5
5807,316,6.725,44.71,1,102.0,92.7,1383,172.1,75.6,20.6,-32.609,4.367,4.195,35.0,36.6,70.0,1713,1,-29.0,0.5
5808,317,6.725,44.7,1,102.0,92.7,1383,172.3,75.5,20.66,-32.609,4.367,4.196,35.0,36.6,70.0,1713,1,-29.1,0.5
5809,317,6.75,44.7,1,102.0,92.7,1383,172.4,75.5,20.66,-32.609,4.363,4.196,35.0,36.6,70.0,1713,1,-29.1,0.5
5810,317,6.75,44.67,1,102.0,92.7,1383,172.4,75.6,20.66,-32.602,4.367,4.195,35.0,36.6,70.0,1713,1,-29.0,0.5
5811,317,6.725,44.72,1,102.1,92.7,1382,172.4,75.5,20.68,-32.602,4.367,4.196,35.0,36.6,70.0,1713,1,-29.0,0.5
5812,317,6.725,44.69,1,102.0,92.7,1382,172.4,75.4,20.58,-32.602,4.367,4.195,35.0,36.5,70.0,1713,1,-29.0,0.51
5813,317,6.725,44.72,1,102.0,92.7,1382,172.3,75.3,20.6,-32.594,4.367,4.195,35.0,36.5,70.0,1713,1,-29.0,0.51
5814,317,6.725,44.72,1,102.0,92.7,1382,172.4,75.5,20.64,-32.586,4.367,4.196,35.0,36.5,70.0,1713,1,-29.0,0.51
5815,317,6.725,44.73,1,102.0,92.7,1382,172.4,75.7,20.63,-32.586,4.367,4.195,35.0,36.5,70.0,1713,1,-29.1,0.51
5816,317,6.725,44.74,1,102.0,92.7,1382,172.4,75.5,20.6,-32.578,4.367,4.195,35.0,36.5,70.0,1712,1,-29.0,0.51
5817,317,6.725,44.73,1,102.0,92.7,1382,172.4,75.6,20.62,-32.578,4.371,4.196,35.0,36.5,70.0,1712,1,-29.0,0.51
5818,317,6.725,44.7,1,101.89999999999999,92.7,1382,172.6,75.5,19.82,-32.57,4.367,4.196,35.0,36.5,70.0,1712,1,-29.0,0.5
5819,317,6.725,44.68,1,101.49999999999999,92.5,1380,172.6,75.4,19.23,-32.57,4.367,4.195,35.0,36.5,70.0,1712,1,-29.0,0.5
5820,317,6.725,44.7,1,101.2,92.5,1378,172.7,75.3,19.15,-32.57,4.367,4.195,35.0,36.4,70.0,1712,1,-29.0,0.5
5821,317,6.725,44.63,1,101.0,92.4,1377,172.6,75.2,19.1,-32.578,4.367,4.195,35.0,36.4,70.0,1712,1,-29.0,0.49
5822,317,6.725,44.68,1,101.0,92.5,1375,172.7,75.2,18.86,-32.578,4.367,4.196,35.0,36.4,70.0,1712,1,-29.0,0.5
5823,317,6.725,44.67,1,100.8,92.30000000000001,1375,172.7,75.4,18.36,-32.586,4.367,4.195,35.0,36.4,70.0,1712,1,-29.0,0.5
5824,317,6.725,44.7,1,100.49999999999999,92.30000000000001,1373,172.7,75.2,18.3,-32.594,4.367,4.196,35.0,36.3,70.0,1712,1,-29.0,0.51
5825,317,6.725,44.61,1,100.49999999999999,92.30000000000001,1371,172.8,75.2,18.33,-32.609,4.367,4.195,35.0,36.3,70.0,1712,1,-29.0,0.5
5826,317,6.725,44.67,1,100.49999999999999,92.30000000000001,1371,173.0,75.2,18.32,-32.617,4.367,4.195,35.0,36.3,70.0,1712,1,-29.0,0.51
5827,317,6.725,44.63,1,100.4,92.30000000000001,1371,173.0,75.1,18.32,-32.625,4.367,4.196,35.0,36.3,70.0,1712,1,-29.0,0.5
5828,317,6.725,44.79,1,100.49999999999999,92.30000000000001,1371,173.1,75.0,18.29,-32.641,4.367,4.195,35.0,36.3,70.0,1712,1,-29.0,0.51
5829,317,6.725,44.61,1,100.4,92.30000000000001,1370,173.0,75.1,18.57,-32.648,4.367,4.196,35.0,36.2,70.0,1712,1,-29.0,0.5
5830,317,6.725,44.56,1,100.69999999999999,92.4,1370,173.0,75.3,19.53,-32.648,4.367,4.196,34.0,36.2,70.0,1712,1,-29.0,0.5
5831,317,6.725,44.74,1,101.2,92.60000000000001,1373,173.1,75.4,20.01,-32.648,4.367,4.195,35.0,36.2,70.0,1711,1,-29.0,0.51
5832,317,6.725,44.66,1,101.49999999999999,92.60000000000001,1375,173.1,75.4,20.11,-32.641,4.367,4.195,35.0,36.1,70.0,1711,1,-29.0,0.5
5833,317,6.725,44.73,1,101.6,92.60000000000001,1377,173.1,75.5,20.09,-32.633,4.367,4.195,35.0,36.1,70.0,1711,1,-29.0,0.5
5834,318,6.725,44.69,1,101.6,92.60000000000001,1378,173.1,75.5,20.09,-32.633,4.367,4.196,35.0,36.1,70.0,1711,1,-29.0,0.51
5835,318,6.725,44.71,1,101.69999999999999,92.60000000000001,1378,173.1,75.3,20.16,-32.625,4.367,4.195,34.0,36.1,70.0,1711,1,-28.9,0.5
5836,318,6.725,44.69,1,101.8,92.7,1378,173.2,75.5,20.55,-32.625,4.367,4.196,35.0,36.0,70.0,1711,1,-28.9,0.51
5837,318,6.725,44.73,1,101.89999999999999,92.7,1379,173.2,75.5,20.55,-32.617,4.367,4.195,35.0,36.0,70.0,1711,1,-28.9,0.5
5838,318,6.725,44.7,1,102.0,92.7,1379,173.1,75.4,20.54,-32.609,4.367,4.195,34.0,36.0,70.0,1711,1,-28.9,0.5
5839,318,6.725,44.68,1,102.0,92.7,1380,173.1,75.4,20.59,-32.609,4.367,4.196,34.0,36.0,70.0,1711,1,-28.9,0.5
5840,317,6.725,44.56,1,102.0,92.7,1381,173.0,75.4,20.56,-32.602,4.367,4.196,34.0,36.0,70.0,1711,1,-28.9,0.51
5841,317,6.725,44.68,1,102.0,92.7,1382,173.1,75.5,20.83,-32.594,4.367,4.196,35.0,35.9,70.0,1711,1,-28.9,0.51
5842,317,6.725,44.72,1,102.1,92.80000000000001,1382,173.0,75.5,21.59,-32.594,4.367,4.195,34.0,35.9,70.0,1711,1,-28.9,0.51
5843,318,6.725,44.77,1,102.1,92.7,1382,173.1,75.5,22.13,-32.586,4.367,4.195,34.0,35.9,70.0,1711,1,-28.9,0.52
5844,318,6.725,44.71,1,102.2,92.80000000000001,1382,173.0,75.4,22.2,-32.586,4.367,4.196,34.0,35.9,70.0,1711,1,-28.9,0.51
5845,318,6.75,44.77,1,102.2,92.80000000000001,1383,173.1,75.5,22.24,-32.578,4.367,4.195,34.0,35.9,70.0,1710,1,-28.9,0.52
5846,318,6.725,44.79,1,102.2,92.80000000000001,1384,173.1,75.6,22.32,-32.578,4.367,4.195,34.0,35.8,70.0,1710,1,-28.9,0.51
5847,318,6.725,44.78,1,102.2,92.80000000000001,1384,173.2,75.4,21.76,-32.57,4.367,4.195,34.0,35.8,70.0,1710,1,-28.9,0.52
5848,318,6.725,44.71,1,102.3,92.80000000000001,1384,173.2,75.6,21.37,-32.57,4.367,4.195,34.0,35.8,70.0,1710,1,-28.9,0.51
5849,318,6.725,44.76,1,102.2,92.80000000000001,1384,173.1,75.5,21.34,-32.57,4.367,4.195,34.0,35.8,70.0,1710,1,-28.9,0.5
5850,318,6.725,44.81,1,102.2,92.80000000000001,1384,172.9,75.6,21.31,-32.57,4.367,4.196,34.0,35.8,70.0,1710,1,-28.9,0.51
5851,318,6.725,44.8,1,102.2,92.80000000000001,1384,173.0,75.5,21.37,-32.57,4.367,4.196,34.0,35.8,70.0,1710,1,-28.9,0.51
5852,318,6.725,44.82,1,102.2,92.80000000000001,1383,172.9,75.6,21.34,-32.57,4.367,4.195,34.0,35.8,70.0,1710,1,-28.9,0.51
5853,318,6.725,44.74,1,102.2,92.80000000000001,1384,172.9,75.7,21.0,-32.57,4.367,4.195,34.0,35.7,70.0,1710,1,-28.9,0.52
5854,318,6.725,44.67,1,102.2,92.80000000000001,1384,172.9,75.6,20.93,-32.562,4.367,4.195,34.0,35.7,70.0,1710,1,-28.9,0.51
5855,318,6.725,44.73,1,102.2,92.80000000000001,1384,172.8,75.6,20.88,-32.562,4.367,4.195,34.0,35.7,70.0,1710,1,-28.9,0.52
5856,318,6.725,44.69,1,102.2,92.80000000000001,1384,172.8,75.6,20.85,-32.555,4.367,4.195,34.0,35.7,70.0,1710,1,-28.9,0.51
5857,318,6.725,44.7,1,102.2,92.7,1384,172.8,75.5,20.93,-32.555,4.367,4.195,34.0,35.7,70.0,1710,1,-28.9,0.51
5858,319,6.725,44.65,1,102.2,92.80000000000001,1384,172.8,75.7,20.75,-32.555,4.367,4.195,34.0,35.7,70.0,1710,1,-28.9,0.51
5859,319,6.725,44.63,1,102.1,92.7,1384,172.9,75.5,20.21,-32.555,4.367,4.195,34.0,35.7,70.0,1709,1,-28.9,0.51
5860,319,6.725,44.68,1,101.8,92.7,1383,173.0,75.5,20.2,-32.555,4.367,4.195,34.0,35.6,70.0,1709,1,-28.8,0.51
5861,319,6.725,44.69,1,101.8,92.7,1382,173.0,75.4,20.14,-32.562,4.367,4.196,34.0,35.6,70.0,1709,1,-28.9,0.51
5862,319,6.725,44.73,1,101.69999999999999,92.60000000000001,1381,173.0,75.4,19.72,-32.562,4.367,4.195,34.0,35.6,70.0,1709,1,-28.8,0.51
5863,319,6.725,44.7,1,101.49999999999999,92.5,1380,173.0,75.3,19.41,-32.562,4.367,4.195,34.0,35.6,70.0,1709,1,-28.8,0.5
5864,319,6.725,44.67,1,101.29999999999998,92.5,1378,173.0,75.4,19.41,-32.562,4.367,4.195,34.0,35.6,70.0,1709,1,-28.8,0.51
5865,319,6.75,44.63,1,101.2,92.5,1377,173.2,75.2,19.38,-32.57,4.367,4.195,34.0,35.6,70.0,1709,1,-28.8,0.51
5866,319,6.725,44.61,1,101.2,92.5,1376,173.3,75.6,19.39,-32.578,4.367,4.195,34.0,35.6,70.0,1709,1,-28.8,0.52
5867,319,6.725,44.61,1,101.2,92.5,1376,173.3,75.5,19.14,-32.586,4.367,4.195,34.0,35.6,70.0,1709,1,-28.8,0.52
5868,319,6.725,44.59,1,101.1,92.5,1376,173.2,75.3,19.09,-32.594,4.367,4.195,34.0,35.6,70.0,1709,1,-28.8,0.51
5869,319,6.725,44.65,1,100.89999999999999,92.4,1376,173.3,75.2,19.01,-32.594,4.367,4.195,34.0,35.6,70.0,1709,1,-28.8,0.51
5870,319,6.725,44.67,1,101.0,92.5,1375,173.3,75.3,18.7,-32.594,4.367,4.195,34.0,35.6,70.0,1709,1,-28.8,0.51
5871,319,6.725,44.63,1,100.69999999999999,92.30000000000001,1374,173.3,75.3,18.36,-32.602,4.367,4.195,34.0,35.7,70.0,1709,1,-28.8,0.51
5872,319,6.725,44.66,1,100.6,92.30000000000001,1372,173.2,75.2,18.31,-32.602,4.367,4.195,34.0,35.7,70.0,1708,1,-28.8,0.51
5873,319,6.725,44.58,1,100.49999999999999,92.30000000000001,1372,173.1,74.9,18.34,-32.609,4.367,4.195,34.0,35.7,70.0,1708,1,-28.8,0.51
5874,319,6.725,44.68,1,100.49999999999999,92.30000000000001,1371,173.1,75.1,18.3,-32.617,4.367,4.195,35.0,35.7,70.0,1708,1,-28.8,0.51
5875,319,6.725,44.72,1,100.4,92.30000000000001,1370,173.2,75.1,18.31,-32.617,4.367,4.195,34.0,35.7,70.0,1708,1,-28.8,0.5
5876,319,6.725,44.56,1,100.4,92.30000000000001,1369,173.2,75.0,17.85,-32.625,4.367,4.195,34.0,35.7,70.0,1708,1,-28.8,0.51
5877,319,6.725,44.58,1,100.2,92.2,1368,173.2,75.0,17.53,-32.625,4.367,4.195,34.0,35.8,70.0,1708,1,-28.8,0.51
5878,319,6.725,44.58,1,100.0,92.2,1367,173.2,75.1,17.53,-32.625,4.367,4.195,35.0,35.8,70.0,1708,1,-28.8,0.51
5879,319,6.725,44.58,1,99.9,92.2,1366,173.4,75.1,17.54,-32.625,4.367,4.196,34.0,35.8,70.0,1708,1,-28.8,0.51
5880,319,6.725,44.59,1,99.9,92.10000000000001,1365,173.6,75.0,17.24,-32.633,4.367,4.195,34.0,35.8,70.0,1708,1,-28.8,0.5
5881,319,6.725,44.59,1,99.8,92.10000000000001,1364,173.6,75.1,17.17,-32.633,4.367,4.195,35.0,35.8,70.0,1707,1,-28.8,0.5
5882,319,6.725,44.52,1,99.7,92.10000000000001,1364,173.6,75.0,17.17,-32.641,4.367,4.195,35.0,35.8,70.0,1707,1,-28.8,0.52
5883,319,6.725,44.65,1,99.6,92.10000000000001,1364,173.7,74.9,17.16,-32.648,4.367,4.195,35.0,35.8,70.0,1707,1,-28.7,0.51
5884,319,6.725,44.56,1,99.6,92.10000000000001,1363,173.7,75.0,17.08,-32.648,4.367,4.195,34.0,35.9,70.0,1707,1,-28.8,0.51
5885,319,6.725,44.56,1,99.6,92.10000000000001,1362,173.8,75.0,17.12,-32.656,4.367,4.195,35.0,35.9,70.0,1707,1,-28.7,0.51
5886,319,6.725,44.5,1,99.6,92.10000000000001,1361,173.9,75.1,17.12,-32.656,4.367,4.195,35.0,35.9,70.0,1707,1,-28.7,0.51
5887,319,6.725,44.58,1,99.6,92.10000000000001,1361,173.9,75.1,17.09,-32.656,4.367,4.196,35.0,35.9,70.0,1707,1,-28.7,0.5
5888,319,6.725,44.58,1,99.6,92.10000000000001,1361,173.9,75.0,17.05,-32.664,4.367,4.195,35.0,35.9,70.0,1707,1,-28.7,0.51
5889,319,6.725,44.56,1,99.6,92.10000000000001,1361,173.9,74.9,17.13,-32.664,4.367,4.195,35.0,35.9,70.0,1707,1,-28.7,0.51
5890,319,6.725,44.51,1,99.6,92.10000000000001,1360,174.0,75.0,17.13,-32.672,4.367,4.195,35.0,35.9,70.0,1707,1,-28.7,0.51
5891,319,6.725,44.6,1,99.6,92.10000000000001,1360,174.1,74.9,17.05,-32.672,4.367,4.195,35.0,35.9,70.0,1707,1,-28.7,0.51
5892,319,6.725,44.5,1,99.6,92.10000000000001,1360,174.3,74.8,17.1,-32.672,4.367,4.195,35.0,35.9,70.0,1706,1,-28.7,0.51
5893,318,6.725,44.44,1,99.5,92.0,1360,174.4,75.1,17.09,-32.672,4.367,4.195,35.0,35.9,70.0,1706,1,-28.7,0.52
5894,318,6.725,44.52,1,99.6,92.10000000000001,1360,174.3,75.1,17.07,-32.672,4.367,4.195,35.0,35.9,70.0,1706,1,-28.7,0.51
5895,318,6.725,44.47,1,99.6,92.10000000000001,1360,174.4,75.0,17.05,-32.68,4.367,4.195,35.0,35.9,70.0,1706,1,-28.7,0.51
5896,318,6.75,44.57,1,99.6,92.10000000000001,1360,174.4,75.1,17.46,-32.68,4.367,4.195,35.0,35.9,70.0,1706,1,-28.7,0.52
5897,318,6.725,44.57,1,99.8,92.2,1360,174.4,75.0,17.63,-32.688,4.367,4.195,35.0,35.9,70.0,1706,1,-28.7,0.51
5898,318,6.725,44.51,1,99.9,92.10000000000001,1361,174.4,75.2,17.68,-32.688,4.367,4.195,35.0,35.9,70.0,1706,1,-28.7,0.51
5899,318,6.725,44.55,1,100.0,92.2,1362,174.4,75.1,17.67,-32.688,4.367,4.195,35.0,35.9,70.0,1706,1,-28.7,0.5
5900,318,6.75,44.6,1,100.0,92.2,1362,174.5,75.1,17.66,-32.695,4.367,4.195,35.0,35.9,70.0,1706,1,-28.7,0.51
5901,318,6.75,44.53,1,100.0,92.2,1362,174.5,75.1,17.7,-32.703,4.367,4.195,35.0,35.9,70.0,1706,1,-28.7,0.5
5902,318,6.725,44.56,1,100.0,92.2,1362,174.6,75.2,17.69,-32.703,4.367,4.195,35.0,35.9,70.0,1706,1,-28.7,0.5
5903,318,6.725,44.57,1,100.0,92.10000000000001,1362,174.6,75.0,17.65,-32.711,4.367,4.195,35.0,35.9,70.0,1706,1,-28.7,0.49
5904,318,6.725,44.57,1,100.0,92.2,1362,174.6,75.0,17.64,-32.711,4.367,4.195,35.0,35.9,70.0,1706,1,-28.7,0.5
5905,318,6.75,44.53,1,100.0,92.10000000000001,1362,174.7,75.2,17.65,-32.719,4.367,4.195,35.0,35.8,70.0,1705,1,-28.7,0.51
5906,318,6.725,44.53,1,100.0,92.2,1363,174.6,75.1,17.68,-32.719,4.367,4.196,35.0,35.8,70.0,1705,1,-28.7,0.5
5907,318,6.725,44.56,1,100.0,92.2,1363,174.6,75.1,17.69,-32.727,4.367,4.195,35.0,35.8,70.0,1705,1,-28.7,0.49
5908,318,6.725,44.57,1,100.0,92.10000000000001,1363,174.6,75.0,17.67,-32.727,4.367,4.195,34.0,35.8,70.0,1705,1,-28.7,0.49
5909,318,6.725,44.61,1,100.0,92.10000000000001,1363,174.6,75.0,17.66,-32.734,4.367,4.195,35.0,35.8,69.0,1705,1,-28.7,0.5
5910,318,6.75,44.54,1,100.0,92.10000000000001,1363,174.6,75.0,17.67,-32.742,4.367,4.195,35.0,35.7,69.0,1705,1,-28.6,0.49
5911,318,6.725,44.61,1,100.0,92.2,1363,174.6,75.0,17.64,-32.742,4.367,4.195,35.0,35.7,69.0,1705,1,-28.6,0.49
5912,318,6.725,44.55,1,100.0,92.10000000000001,1363,174.5,75.0,17.67,-32.75,4.367,4.195,34.0,35.7,69.0,1705,1,-28.6,0.5
5913,318,6.725,44.57,1,100.0,92.10000000000001,1363,174.4,75.0,17.64,-32.75,4.367,4.195,35.0,35.7,69.0,1705,1,-28.6,0.5
5914,318,6.725,44.56,1,100.0,92.2,1362,174.4,75.0,18.23,-32.75,4.367,4.195,35.0,35.7,69.0,1705,1,-28.6,0.5
5915,318,6.725,44.58,1,100.29999999999998,92.30000000000001,1364,174.4,75.2,18.53,-32.75,4.367,4.195,34.0,35.7,69.0,1705,1,-28.6,0.51
5916,318,6.725,44.56,1,100.49999999999999,92.30000000000001,1366,174.4,75.1,18.59,-32.742,4.367,4.195,34.0,35.6,69.0,1705,1,-28.6,0.51
5917,318,6.725,44.63,1,100.6,92.30000000000001,1367,174.4,75.1,18.57,-32.742,4.367,4.195,35.0,35.6,69.0,1705,1,-28.6,0.51
5918,318,6.725,44.57,1,100.6,92.30000000000001,1368,174.4,75.1,18.58,-32.742,4.367,4.195,34.0,35.6,69.0,1704,1,-28.6,0.51
5919,318,6.725,44.66,1,100.6,92.30000000000001,1369,174.3,75.1,18.59,-32.742,4.367,4.195,34.0,35.6,69.0,1704,1,-28.6,0.51
5920,318,6.725,44.62,1,100.6,92.30000000000001,1369,174.3,75.1,18.59,-32.742,4.367,4.195,34.0,35.6,69.0,1704,1,-28.6,0.51
5921,318,6.725,44.63,1,100.6,92.30000000000001,1368,174.2,75.3,18.54,-32.75,4.367,4.195,34.0,35.6,69.0,1704,1,-28.6,0.49
5922,318,6.725,44.61,1,100.6,92.30000000000001,1368,174.1,75.1,18.55,-32.75,4.367,4.195,34.0,35.6,69.0,1704,1,-28.6,0.49
5923,318,6.725,44.55,1,100.6,92.30000000000001,1368,174.0,75.2,18.59,-32.75,4.367,4.195,34.0,35.6,69.0,1704,1,-28.6,0.5
5924,318,6.725,44.63,1,100.6,92.30000000000001,1369,174.1,75.3,18.58,-32.75,4.367,4.195,34.0,35.6,69.0,1704,1,-28.6,0.5
5925,318,6.725,44.64,1,100.6,92.30000000000001,1369,174.2,75.1,18.58,-32.758,4.367,4.195,34.0,35.5,69.0,1704,1,-28.6,0.49
5926,318,6.725,44.63,1,100.6,92.30000000000001,1369,174.1,75.2,18.66,-32.766,4.367,4.195,34.0,35.5,69.0,1704,1,-28.6,0.49
5927,318,6.725,44.67,1,100.6,92.30000000000001,1369,174.0,75.2,18.57,-32.766,4.367,4.195,34.0,35.5,69.0,1704,1,-28.6,0.5
5928,318,6.725,44.67,1,100.6,92.30000000000001,1368,174.0,75.2,18.58,-32.773,4.367,4.195,34.0,35.5,69.0,1704,1,-28.6,0.5
5929,318,6.725,44.59,1,100.6,92.30000000000001,1368,174.0,75.2,18.55,-32.781,4.367,4.195,34.0,35.4,69.0,1704,1,-28.6,0.5
5930,318,6.725,44.61,1,100.6,92.30000000000001,1368,174.1,75.3,18.56,-32.781,4.367,4.195,34.0,35.4,69.0,1704,1,-28.6,0.49
5931,318,6.725,44.58,1,100.6,92.30000000000001,1368,174.1,75.3,18.59,-32.781,4.367,4.195,34.0,35.4,69.0,1703,1,-28.5,0.51
5932,318,6.725,44.65,1,100.6,92.30000000000001,1368,174.1,75.1,18.55,-32.781,4.367,4.195,34.0,35.4,69.0,1703,1,-28.6,0.5
5933,318,6.725,44.62,1,100.6,92.30000000000001,1368,174.1,75.1,18.53,-32.781,4.367,4.195,34.0,35.4,69.0,1703,1,-28.6,0.49
5934,318,6.725,44.64,1,100.6,92.30000000000001,1367,174.2,75.2,18.6,-32.781,4.367,4.195,34.0,35.4,69.0,1703,1,-28.5,0.5
5935,318,6.725,44.66,1,100.6,92.30000000000001,1368,174.1,75.1,18.61,-32.781,4.367,4.195,34.0,35.4,69.0,1703,1,-28.5,0.51
5936,318,6.725,44.66,1,100.6,92.30000000000001,1368,174.0,75.1,18.53,-32.781,4.367,4.195,34.0,35.4,69.0,1703,1,-28.6,0.5
5937,318,6.725,44.67,1,100.6,92.30000000000001,1368,174.0,75.1,18.57,-32.789,4.367,4.195,34.0,35.4,69.0,1703,1,-28.5,0.5
5938,318,6.725,44.66,1,100.6,92.30000000000001,1367,174.1,75.2,18.94,-32.781,4.367,4.195,34.0,35.3,69.0,1703,1,-28.5,0.5
5939,318,6.725,44.63,1,100.89999999999999,92.4,1367,174.1,75.2,19.57,-32.781,4.367,4.195,34.0,35.3,69.0,1703,1,-28.5,0.5
5940,318,6.725,44.66,1,101.1,92.5,1369,174.1,75.2,20.02,-32.781,4.367,4.195,34.0,35.3,69.0,1703,1,-28.5,0.48
5941,318,6.75,44.72,1,101.49999999999999,92.60000000000001,1372,174.0,75.4,20.61,-32.766,4.367,4.195,34.0,35.3,69.0,1703,1,-28.5,0.5
5942,318,6.725,44.72,1,101.8,92.7,1375,173.9,75.4,20.69,-32.758,4.367,4.195,34.0,35.3,69.0,1703,1,-28.5,0.5
5943,318,6.725,44.75,1,102.0,92.7,1378,173.8,75.4,20.66,-32.75,4.367,4.195,34.0,35.3,69.0,1703,1,-28.5,0.5
5944,318,6.725,44.68,1,102.0,92.7,1378,173.7,75.7,20.7,-32.742,4.367,4.195,34.0,35.3,69.0,1702,1,-28.5,0.5
5945,318,6.725,44.76,1,102.1,92.7,1379,173.7,75.7,20.67,-32.734,4.371,4.195,34.0,35.2,69.0,1702,1,-28.5,0.5
5946,319,6.725,44.64,1,102.0,92.7,1379,173.6,75.6,20.68,-32.734,4.371,4.195,34.0,35.2,69.0,1702,1,-28.5,0.49
5947,319,6.725,44.76,1,102.1,92.7,1380,173.4,75.5,20.7,-32.727,4.371,4.195,34.0,35.2,69.0,1702,1,-28.5,0.49
5948,319,6.725,44.7,1,102.0,92.7,1381,173.4,75.5,20.7,-32.727,4.371,4.195,34.0,35.2,69.0,1702,1,-28.5,0.5
5949,319,6.725,44.75,1,102.1,92.7,1381,173.4,75.5,20.68,-32.727,4.367,4.195,34.0,35.2,69.0,1702,1,-28.5,0.49
5950,319,6.725,44.66,1,102.1,92.7,1381,173.4,75.4,20.16,-32.727,4.367,4.195,34.0,35.3,69.0,1702,1,-28.5,0.5
5951,318,6.725,44.65,1,101.69999999999999,92.5,1380,173.2,75.4,19.64,-32.727,4.371,4.195,34.0,35.2,69.0,1702,1,-28.5,0.5
5952,318,6.725,44.75,1,101.49999999999999,92.5,1378,173.2,75.4,19.61,-32.734,4.371,4.195,34.0,35.2,69.0,1702,1,-28.5,0.51
5953,318,6.725,44.64,1,101.4,92.5,1376,173.2,75.3,19.55,-32.75,4.367,4.195,34.0,35.2,69.0,1702,1,-28.5,0.51
5954,318,6.725,44.64,1,101.29999999999998,92.5,1375,173.2,75.4,19.55,-32.75,4.367,4.195,34.0,35.2,69.0,1702,1,-28.5,0.5
5955,318,6.725,44.65,1,101.2,92.4,1376,173.1,75.3,19.02,-32.758,4.367,4.195,34.0,35.2,69.0,1702,1,-28.5,0.5
5956,318,6.725,44.56,1,101.0,92.4,1374,173.1,75.2,18.97,-32.758,4.367,4.195,34.0,35.2,69.0,1701,1,-28.5,0.49
5957,318,6.725,44.58,1,100.89999999999999,92.4,1373,173.1,75.4,18.92,-32.766,4.367,4.195,34.0,35.2,69.0,1701,1,-28.5,0.49
5958,318,6.725,44.64,1,100.89999999999999,92.4,1373,173.2,75.2,18.98,-32.773,4.367,4.195,34.0,35.2,69.0,1701,1,-28.5,0.5
5959,318,6.725,44.67,1,100.8,92.30000000000001,1374,173.4,75.1,18.16,-32.773,4.367,4.195,34.0,35.2,69.0,1701,1,-28.5,0.5
5960,318,6.725,44.65,1,100.49999999999999,92.2,1372,173.3,75.0,18.0,-32.781,4.367,4.195,34.0,35.2,69.0,1701,1,-28.5,0.5
5961,318,6.725,44.58,1,100.29999999999998,92.2,1370,173.4,75.1,17.98,-32.789,4.367,4.195,34.0,35.2,69.0,1701,1,-28.5,0.5
5962,318,6.725,44.6,1,100.2,92.2,1368,173.3,75.0,17.96,-32.797,4.367,4.195,34.0,35.2,69.0,1701,1,-28.5,0.5
5963,318,6.725,44.65,1,100.2,92.2,1367,173.3,75.0,17.95,-32.805,4.367,4.195,34.0,35.2,69.0,1701,1,-28.5,0.5
5964,318,6.725,44.64,1,100.2,92.2,1366,173.3,75.1,17.96,-32.805,4.367,4.195,34.0,35.2,69.0,1701,1,-28.5,0.49
5965,318,6.725,44.66,1,100.2,92.2,1366,173.4,75.1,17.97,-32.805,4.367,4.195,34.0,35.2,69.0,1701,1,-28.4,0.49
5966,318,6.725,44.62,1,100.2,92.2,1366,173.4,75.1,17.96,-32.805,4.367,4.195,34.0,35.2,69.0,1701,1,-28.5,0.5
5967,318,6.725,44.64,1,100.2,92.2,1366,173.5,75.1,17.99,-32.812,4.367,4.195,34.0,35.1,69.0,1701,1,-28.5,0.5
5968,318,6.725,44.65,1,100.2,92.2,1366,173.5,75.1,18.01,-32.812,4.367,4.195,34.0,35.1,69.0,1701,1,-28.4,0.49
5969,318,6.725,44.65,1,100.2,92.2,1365,173.5,75.1,17.95,-32.812,4.367,4.195,34.0,35.1,69.0,1700,1,-28.4,0.49
5970,318,6.725,44.64,1,100.2,92.2,1365,173.5,75.2,17.94,-32.812,4.367,4.195,34.0,35.1,69.0,1700,1,-28.4,0.49
5971,318,6.725,44.59,1,100.2,92.2,1365,173.5,75.0,18.71,-32.812,4.367,4.195,34.0,35.1,69.0,1700,1,-28.4,0.49
5972,318,6.725,44.66,1,100.69999999999999,92.5,1366,173.4,75.2,19.59,-32.805,4.367,4.195,34.0,35.1,69.0,1700,1,-28.4,0.49
5973,318,6.725,44.63,1,101.1,92.5,1369,173.5,75.4,19.69,-32.797,4.367,4.195,34.0,35.1,69.0,1700,1,-28.4,0.5
5974,318,6.725,44.7,1,101.29999999999998,92.5,1372,173.5,75.5,19.68,-32.789,4.367,4.195,34.0,35.0,69.0,1700,1,-28.4,0.49
5975,318,6.725,44.63,1,101.4,92.5,1373,173.5,75.3,19.73,-32.781,4.367,4.195,34.0,35.0,69.0,1700,1,-28.4,0.5
5976,318,6.725,44.66,1,101.4,92.5,1374,173.5,75.4,19.74,-32.766,4.371,4.195,34.0,35.0,69.0,1700,1,-28.4,0.49
5977,318,6.725,44.67,1,101.4,92.5,1374,173.6,75.4,19.76,-32.766,4.371,4.195,34.0,35.0,69.0,1700,1,-28.4,0.5
5978,318,6.725,44.74,1,101.4,92.5,1374,173.5,75.3,19.76,-32.75,4.371,4.195,34.0,35.0,69.0,1700,1,-28.4,0.5
5979,318,6.725,44.63,1,101.4,92.5,1374,173.5,75.3,19.71,-32.75,4.367,4.195,34.0,35.0,69.0,1700,1,-28.4,0.5
5980,318,6.725,44.72,1,101.4,92.5,1374,173.4,75.2,19.75,-32.75,4.367,4.195,34.0,35.0,69.0,1700,1,-28.4,0.51
5981,318,6.725,44.61,1,101.4,92.60000000000001,1374,173.4,75.3,19.76,-32.75,4.367,4.195,34.0,35.0,69.0,1699,1,-28.4,0.5
5982,318,6.725,44.63,1,101.4,92.5,1375,173.4,75.4,19.7,-32.75,4.367,4.195,34.0,34.9,69.0,1699,1,-28.4,0.5
5983,318,6.725,44.7,1,101.4,92.5,1375,173.3,75.3,19.71,-32.75,4.367,4.195,34.0,34.9,69.0,1699,1,-28.4,0.51
5984,318,6.725,44.68,1,101.4,92.5,1375,173.3,75.4,19.69,-32.75,4.367,4.195,34.0,34.9,69.0,1699,1,-28.4,0.51
5985,318,6.725,44.64,1,101.4,92.5,1375,173.3,75.2,19.73,-32.75,4.367,4.195,34.0,34.9,69.0,1699,1,-28.4,0.49
5986,318,6.725,44.71,1,101.4,92.5,1375,173.2,75.3,19.77,-32.758,4.367,4.195,34.0,34.9,69.0,1699,1,-28.4,0.49
5987,318,6.725,44.68,1,101.4,92.5,1375,173.2,75.3,19.81,-32.758,4.367,4.195,34.0,34.9,69.0,1699,1,-28.4,0.49
5988,318,6.725,44.72,1,101.49999999999999,92.60000000000001,1375,173.2,75.4,20.7,-32.766,4.367,4.195,34.0,34.9,69.0,1699,1,-28.4,0.49
5989,318,6.725,44.72,1,101.89999999999999,92.7,1377,173.1,75.5,21.07,-32.773,4.367,4.195,34.0,34.9,69.0,1699,1,-28.4,0.49
5990,318,6.725,44.74,1,102.1,92.7,1379,173.2,75.6,20.99,-32.766,4.367,4.195,34.0,34.9,69.0,1699,1,-28.4,0.49
5991,318,6.725,44.73,1,102.2,92.7,1380,173.2,75.6,21.0,-32.766,4.367,4.195,34.0,34.9,69.0,1699,1,-28.4,0.49
5992,318,6.725,44.71,1,102.2,92.7,1380,173.1,75.6,21.04,-32.766,4.367,4.195,34.0,34.9,69.0,1699,1,-28.4,0.49
5993,318,6.725,44.73,1,102.3,92.7,1381,173.0,75.6,21.09,-32.773,4.367,4.195,34.0,34.9,69.0,1699,1,-28.4,0.5
5994,318,6.725,44.75,1,102.2,92.7,1382,173.0,75.6,21.05,-32.781,4.371,4.195,34.0,34.9,69.0,1698,1,-28.4,0.49
5995,318,6.725,44.75,1,102.2,92.7,1382,173.0,75.4,21.1,-32.773,4.371,4.195,34.0,34.9,69.0,1698,1,-28.4,0.49
5996,318,6.725,44.81,1,102.2,92.7,1382,172.9,75.6,21.07,-32.781,4.367,4.195,34.0,34.9,69.0,1698,1,-28.4,0.49
5997,318,6.725,44.71,1,102.2,92.7,1382,172.9,75.4,21.09,-32.781,4.367,4.195,34.0,34.9,69.0,1698,1,-28.4,0.49
5998,318,6.725,44.74,1,102.2,92.7,1382,173.0,75.5,21.1,-32.789,4.371,4.195,34.0,34.9,69.0,1698,1,-28.4,0.49
5999,318,6.725,44.77,1,102.2,92.7,1382,173.0,75.5,21.0,-32.789,4.371,4.195,34.0,34.9,69.0,1698,1,-28.4,0.49
6000,318,6.725,44.75,1,102.2,92.7,1382,173.0,75.5,21.02,-32.789,4.367,4.195,34.0,34.9,69.0,1698,1,-28.3,0.49
6001,318,6.725,44.75,1,102.2,92.7,1382,173.0,75.5,21.07,-32.789,4.367,4.195,34.0,34.9,69.0,1698,1,-28.3,0.49
6002,318,6.725,44.79,1,102.2,92.7,1382,173.0,75.5,21.05,-32.797,4.367,4.195,34.0,34.9,69.0,1698,1,-28.3,0.49
6003,318,6.75,44.82,1,102.2,92.7,1382,173.0,75.4,21.05,-32.805,4.367,4.195,34.0,34.9,69.0,1698,1,-28.3,0.5
6004,318,6.75,44.76,1,102.2,92.7,1382,173.0,75.5,21.1,-32.812,4.367,4.195,34.0,34.9,69.0,1698,1,-28.3,0.5
6005,318,6.725,44.73,1,102.2,92.7,1382,172.9,75.5,21.09,-32.82,4.367,4.195,34.0,34.9,69.0,1698,1,-28.3,0.49
6006,318,6.725,44.78,1,102.2,92.7,1383,172.8,75.5,21.09,-32.82,4.371,4.195,34.0,34.9,69.0,1697,1,-28.3,0.49
6007,318,6.725,44.68,1,102.2,92.7,1382,172.8,75.5,21.06,-32.828,4.371,4.195,34.0,34.9,69.0,1697,1,-28.3,0.5
6008,318,6.725,44.82,1,102.2,92.7,1382,172.7,75.5,21.09,-32.836,4.371,4.195,34.0,34.9,69.0,1697,1,-28.3,0.5
6009,318,6.725,44.71,1,102.2,92.7,1382,172.6,75.5,21.04,-32.844,4.371,4.195,34.0,34.9,69.0,1697,1,-28.3,0.5
6010,318,6.725,44.61,1,102.2,92.7,1382,172.7,75.5,21.06,-32.852,4.371,4.195,34.0,34.9,69.0,1697,1,-28.3,0.49
6011,318,6.725,44.66,1,102.2,92.7,1382,172.7,75.5,21.06,-32.867,4.371,4.195,34.0,34.9,69.0,1697,1,-28.3,0.49
6012,318,6.725,44.7,1,102.2,92.7,1382,172.6,75.6,20.66,-32.875,4.371,4.195,34.0,34.9,69.0,1697,1,-28.3,0.49
6013,318,6.725,44.63,1,102.0,92.60000000000001,1382,172.6,75.4,20.12,-32.883,4.371,4.195,34.0,34.9,69.0,1697,1,-28.3,0.5
6014,318,6.75,44.72,1,101.8,92.60000000000001,1380,172.6,75.4,20.06,-32.898,4.371,4.195,34.0,34.9,69.0,1697,1,-28.3,0.49
6015,317,6.725,44.73,1,101.69999999999999,92.60000000000001,1379,172.6,75.4,20.05,-32.914,4.371,4.195,34.0,34.8,69.0,1697,1,-28.3,0.5
6016,317,6.725,44.75,1,101.69999999999999,92.60000000000001,1378,172.7,75.3,20.11,-32.922,4.371,4.195,34.0,34.8,68.0,1697,1,-28.3,0.49
6017,317,6.725,44.65,1,101.6,92.5,1378,172.8,75.4,20.03,-32.938,4.371,4.195,34.0,34.8,68.0,1697,1,-28.3,0.49
6018,317,6.725,44.81,1,101.6,92.5,1377,172.8,75.4,20.04,-32.953,4.371,4.195,34.0,34.8,68.0,1696,1,-28.3,0.49
6019,317,6.75,44.71,1,101.6,92.5,1378,172.9,75.4,20.1,-32.969,4.367,4.195,34.0,34.8,68.0,1696,1,-28.3,0.49
6020,317,6.725,44.65,1,101.6,92.5,1378,173.0,75.5,20.08,-32.977,4.371,4.195,34.0,34.8,68.0,1696,1,-28.3,0.49
6021,317,6.725,44.78,1,101.6,92.5,1378,173.0,75.4,20.04,-32.992,4.371,4.195,34.0,34.8,68.0,1696,1,-28.3,0.49
6022,317,6.725,44.75,1,101.6,92.5,1377,173.1,75.4,20.07,-33.008,4.371,4.195,33.0,34.7,68.0,1696,1,-28.3,0.49
6023,317,6.725,44.8,1,101.6,92.5,1377,173.1,75.4,20.05,-33.023,4.371,4.195,34.0,34.8,68.0,1696,1,-28.3,0.48
6024,317,6.725,44.69,1,101.6,92.5,1376,173.1,75.4,19.77,-33.031,4.371,4.195,33.0,34.7,68.0,1696,1,-28.3,0.48
6025,317,6.725,44.67,1,101.49999999999999,92.4,1375,173.2,75.3,19.41,-33.039,4.371,4.195,34.0,34.7,68.0,1696,1,-28.3,0.49
6026,317,6.725,44.68,1,101.29999999999998,92.4,1373,173.3,75.2,19.43,-33.047,4.371,4.195,34.0,34.7,68.0,1696,1,-28.3,0.5
6027,317,6.725,44.72,1,101.2,92.4,1372,173.2,75.3,18.93,-33.062,4.371,4.195,34.0,34.7,68.0,1696,1,-28.3,0.49
6028,317,6.725,44.73,1,101.0,92.30000000000001,1371,173.0,75.3,18.89,-33.078,4.367,4.195,34.0,34.7,68.0,1696,1,-28.3,0.49
6029,317,6.725,44.63,1,100.89999999999999,92.30000000000001,1369,173.0,75.2,18.89,-33.094,4.367,4.195,33.0,34.6,68.0,1696,1,-28.3,0.48
6030,317,6.75,44.61,1,100.89999999999999,92.30000000000001,1369,173.0,75.0,18.9,-33.102,4.367,4.195,34.0,34.6,68.0,1696,1,-28.3,0.49
6031,317,6.75,44.73,1,100.8,92.30000000000001,1368,173.0,75.2,18.88,-33.117,4.367,4.195,34.0,34.6,68.0,1695,1,-28.3,0.49
6032,317,6.725,44.64,1,100.8,92.30000000000001,1368,173.0,75.2,18.9,-33.133,4.367,4.195,33.0,34.6,68.0,1695,1,-28.3,0.49
6033,317,6.725,44.67,1,100.89999999999999,92.30000000000001,1368,173.1,75.3,18.88,-33.148,4.367,4.195,34.0,34.6,68.0,1695,1,-28.3,0.49
6034,317,6.725,44.57,1,100.8,92.30000000000001,1367,173.1,75.1,18.91,-33.156,4.371,4.195,34.0,34.6,68.0,1695,1,-28.3,0.48
6035,317,6.725,44.63,1,100.8,92.30000000000001,1367,173.1,75.1,18.91,-33.172,4.367,4.195,34.0,34.6,68.0,1695,1,-28.3,0.49
6036,317,6.725,44.68,1,100.8,92.30000000000001,1367,173.1,75.2,18.93,-33.188,4.371,4.195,33.0,34.5,68.0,1695,1,-28.3,0.49
6037,317,6.725,44.68,1,100.8,92.30000000000001,1366,173.2,75.1,18.89,-33.195,4.371,4.195,33.0,34.5,68.0,1695,1,-28.3,0.49
6038,317,6.725,44.55,1,100.8,92.30000000000001,1366,173.3,75.1,18.9,-33.203,4.371,4.195,33.0,34.5,68.0,1695,1,-28.3,0.49
6039,317,6.725,44.67,1,100.8,92.30000000000001,1366,173.2,75.1,18.86,-33.219,4.371,4.195,33.0,34.5,68.0,1695,1,-28.3,0.49
6040,317,6.725,44.71,1,100.8,92.30000000000001,1366,173.3,75.1,18.87,-33.227,4.367,4.195,33.0,34.5,68.0,1695,1,-28.3,0.5
6041,317,6.725,44.66,1,100.8,92.30000000000001,1365,173.3,75.2,18.9,-33.234,4.371,4.195,33.0,34.5,68.0,1695,1,-28.3,0.5
6042,317,6.725,44.68,1,100.8,92.30000000000001,1365,173.4,75.2,18.91,-33.25,4.371,4.195,33.0,34.4,68.0,1695,1,-28.3,0.48
6043,317,6.725,44.63,1,100.8,92.30000000000001,1366,173.5,75.1,18.91,-33.258,4.371,4.195,33.0,34.4,68.0,1694,1,-28.3,0.48
6044,317,6.725,44.6,1,100.89999999999999,92.30000000000001,1366,173.5,75.4,18.84,-33.266,4.371,4.195,33.0,34.3,68.0,1694,1,-28.3,0.49
6045,317,6.725,44.64,1,100.8,92.30000000000001,1366,173.5,75.1,18.85,-33.266,4.371,4.195,33.0,34.3,68.0,1694,1,-28.3,0.49
6046,317,6.725,44.6,1,100.8,92.30000000000001,1366,173.5,75.3,18.57,-33.266,4.371,4.195,33.0,34.3,68.0,1694,1,-28.3,0.49
6047,317,6.725,44.61,1,100.6,92.2,1366,173.6,75.2,17.64,-33.266,4.371,4.195,33.0,34.3,68.0,1694,1,-28.3,0.49
6048,317,6.75,44.67,1,100.2,92.10000000000001,1364,173.5,75.2,17.46,-33.273,4.371,4.195,33.0,34.2,68.0,1694,1,-28.3,0.48
6049,317,6.725,44.57,1,100.0,92.10000000000001,1362,173.5,75.1,17.41,-33.281,4.371,4.195,33.0,34.2,68.0,1694,1,-28.3,0.48
6050,317,6.725,44.53,1,99.9,92.0,1361,173.5,75.0,17.39,-33.281,4.367,4.195,33.0,34.2,68.0,1694,1,-28.2,0.48
6051,317,6.725,44.6,1,99.8,92.0,1360,173.7,75.0,17.39,-33.281,4.367,4.195,33.0,34.2,68.0,1694,1,-28.3,0.48
6052,317,6.725,44.53,1,99.8,92.0,1360,173.7,75.1,16.89,-33.281,4.367,4.195,33.0,34.1,68.0,1694,1,-28.3,0.47
6053,317,6.725,44.53,1,99.5,91.9,1359,173.8,75.1,16.63,-33.281,4.371,4.195,33.0,34.1,68.0,1694,1,-28.2,0.48
6054,317,6.725,44.51,1,99.3,91.9,1357,173.7,75.0,16.62,-33.281,4.371,4.195,33.0,34.1,68.0,1694,1,-28.3,0.49
6055,317,6.725,44.54,1,99.3,91.9,1356,173.8,74.9,16.64,-33.289,4.367,4.195,33.0,34.1,68.0,1694,1,-28.3,0.49
6056,317,6.725,44.58,1,99.3,91.9,1355,173.8,75.0,16.61,-33.281,4.367,4.195,33.0,34.0,68.0,1693,1,-28.3,0.49
6057,317,6.725,44.53,1,99.3,91.9,1355,173.8,74.8,16.61,-33.281,4.367,4.195,33.0,34.0,68.0,1693,1,-28.3,0.49
6058,317,6.725,44.54,1,99.2,91.9,1355,173.8,74.9,16.64,-33.281,4.367,4.195,33.0,34.0,68.0,1693,1,-28.2,0.49
6059,317,6.725,44.54,1,99.3,91.9,1355,173.8,74.9,16.62,-33.281,4.371,4.195,33.0,33.9,68.0,1693,1,-28.3,0.49
6060,317,6.725,44.48,1,99.3,91.9,1355,173.8,74.9,16.61,-33.289,4.371,4.195,33.0,33.9,68.0,1693,1,-28.3,0.5
6061,317,6.725,44.52,1,99.3,91.9,1354,173.9,75.0,16.62,-33.281,4.371,4.195,33.0,33.8,68.0,1693,1,-28.3,0.49
6062,317,6.725,44.47,1,99.3,91.9,1354,174.0,74.9,16.45,-33.273,4.371,4.195,32.0,33.8,68.0,1693,1,-28.3,0.49
6063,317,6.725,44.48,1,99.2,91.8,1354,174.0,74.9,16.27,-33.273,4.371,4.195,33.0,33.8,68.0,1693,1,-28.2,0.48
6064,317,6.75,44.46,1,99.1,91.8,1353,173.9,74.9,16.29,-33.273,4.371,4.195,32.0,33.7,68.0,1693,1,-28.3,0.49
6065,317,6.725,44.48,1,99.0,91.8,1353,174.0,74.8,16.21,-33.273,4.371,4.195,33.0,33.7,68.0,1693,1,-28.3,0.49
6066,317,6.725,44.42,1,99.0,91.8,1353,174.0,74.9,16.24,-33.273,4.367,4.195,32.0,33.7,68.0,1693,1,-28.3,0.49
6067,317,6.725,44.38,1,99.0,91.8,1353,174.0,74.9,16.27,-33.273,4.367,4.195,32.0,33.6,68.0,1693,1,-28.3,0.5
6068,317,6.725,44.44,1,99.0,91.8,1352,174.0,74.7,16.21,-33.281,4.367,4.195,33.0,33.6,68.0,1692,1,-28.3,0.5
6069,317,6.725,44.43,1,99.0,91.8,1351,174.1,74.8,16.21,-33.289,4.367,4.195,32.0,33.6,68.0,1692,1,-28.3,0.49
6070,317,6.725,44.49,1,99.0,91.8,1351,174.1,74.8,16.31,-33.297,4.367,4.195,32.0,33.5,68.0,1692,1,-28.3,0.49
6071,317,6.725,44.4,1,99.0,91.8,1351,174.1,74.8,16.32,-33.297,4.367,4.195,32.0,33.5,68.0,1692,1,-28.2,0.48
6072,317,6.725,44.46,1,99.1,91.9,1350,174.1,74.8,16.76,-33.297,4.367,4.195,32.0,33.5,68.0,1692,1,-28.2,0.49
6073,317,6.725,44.48,1,99.3,92.0,1351,174.3,74.9,17.3,-33.305,4.367,4.195,32.0,33.4,68.0,1692,1,-28.2,0.49
6074,317,6.725,44.44,1,99.6,92.0,1353,174.2,75.0,17.3,-33.297,4.367,4.195,32.0,33.4,68.0,1692,1,-28.3,0.48
6075,317,6.725,44.51,1,99.7,92.0,1354,174.1,75.0,17.33,-33.297,4.367,4.195,32.0,33.4,68.0,1692,1,-28.2,0.49
6076,317,6.725,44.65,1,99.7,92.0,1355,174.2,74.9,17.32,-33.297,4.367,4.195,32.0,33.3,68.0,1692,1,-28.2,0.49
6077,317,6.725,44.45,1,99.8,92.0,1355,174.2,75.0,17.33,-33.289,4.367,4.195,32.0,33.3,68.0,1692,1,-28.3,0.49
6078,317,6.725,44.59,1,99.8,92.0,1355,174.1,75.1,17.29,-33.289,4.367,4.195,32.0,33.3,68.0,1692,1,-28.2,0.49
6079,316,6.725,44.53,1,99.7,92.0,1355,174.1,74.9,17.33,-33.281,4.367,4.195,32.0,33.2,68.0,1692,1,-28.3,0.49
6080,316,6.725,44.57,1,99.8,92.0,1356,174.1,75.0,17.32,-33.273,4.367,4.195,32.0,33.2,68.0,1691,1,-28.2,0.5
6081,316,6.725,44.51,1,99.8,92.0,1356,174.2,75.1,17.37,-33.273,4.367,4.195,32.0,33.2,68.0,1691,1,-28.2,0.5
6082,316,6.725,44.53,1,99.8,92.0,1357,174.2,75.0,17.29,-33.258,4.367,4.195,32.0,33.1,68.0,1691,1,-28.3,0.5
6083,316,6.725,44.5,1,99.8,92.0,1357,174.1,75.0,17.36,-33.258,4.367,4.195,32.0,33.1,68.0,1691,1,-28.2,0.49
6084,316,6.725,44.55,1,99.8,92.10000000000001,1357,174.1,75.0,17.36,-33.25,4.367,4.195,32.0,33.1,68.0,1691,1,-28.2,0.5
6085,316,6.725,44.55,1,99.8,92.0,1358,174.0,74.9,17.35,-33.227,4.367,4.195,32.0,33.1,68.0,1691,1,-28.2,0.5
6086,316,6.725,44.63,1,99.8,92.0,1358,174.0,75.0,17.32,-33.219,4.367,4.195,32.0,33.1,68.0,1691,1,-28.2,0.49
6087,316,6.725,44.55,1,99.8,92.0,1358,174.0,74.9,17.32,-33.203,4.367,4.195,32.0,33.0,68.0,1691,1,-28.3,0.5
6088,316,6.725,44.59,1,99.8,92.0,1359,174.0,74.9,17.32,-33.188,4.367,4.195,32.0,33.0,68.0,1691,1,-28.3,0.49
6089,316,6.725,44.51,1,99.8,92.10000000000001,1359,174.0,74.9,17.83,-33.172,4.367,4.195,32.0,33.0,68.0,1691,1,-28.2,0.49
6090,316,6.725,44.61,1,100.0,92.10000000000001,1360,173.8,75.1,18.01,-33.156,4.367,4.195,32.0,33.0,68.0,1691,1,-28.3,0.49
6091,316,6.725,44.51,1,100.1,92.2,1362,173.8,75.2,18.01,-33.141,4.367,4.195,32.0,33.1,68.0,1691,1,-28.3,0.48
6092,316,6.725,44.56,1,100.2,92.10000000000001,1362,173.8,75.0,18.01,-33.125,4.367,4.195,32.0,33.1,68.0,1691,1,-28.2,0.49
6093,316,6.725,44.52,1,100.2,92.2,1362,173.9,75.2,18.02,-33.117,4.367,4.195,32.0,33.1,68.0,1691,1,-28.2,0.49
6094,316,6.725,44.59,1,100.29999999999998,92.2,1362,173.8,75.1,18.02,-33.102,4.367,4.195,32.0,33.2,68.0,1691,1,-28.3,0.5
6095,316,6.725,44.58,1,100.2,92.2,1362,173.7,75.0,18.04,-33.094,4.367,4.195,32.0,33.2,68.0,1690,1,-28.3,0.51
6096,316,6.725,44.55,1,100.2,92.10000000000001,1363,173.7,75.0,18.02,-33.078,4.367,4.195,32.0,33.2,68.0,1690,1,-28.2,0.49
6097,316,6.725,44.58,1,100.2,92.10000000000001,1362,173.7,75.0,18.45,-33.078,4.367,4.195,32.0,33.3,68.0,1690,1,-28.3,0.49
6098,316,6.725,44.57,1,100.49999999999999,92.30000000000001,1363,173.7,75.2,18.66,-33.078,4.367,4.195,32.0,33.4,68.0,1690,1,-28.2,0.5
6099,315,6.725,44.59,1,100.6,92.30000000000001,1364,173.6,75.2,18.66,-33.07,4.367,4.195,32.0,33.4,68.0,1690,1,-28.2,0.49
6100,315,6.725,44.59,1,100.69999999999999,92.30000000000001,1365,173.4,75.3,18.87,-33.062,4.367,4.195,33.0,33.5,68.0,1690,1,-28.2,0.49
6101,315,6.725,44.64,1,100.89999999999999,92.4,1365,173.3,75.2,19.39,-33.062,4.367,4.195,32.0,33.5,68.0,1690,1,-28.2,0.5
6102,316,6.725,44.64,1,101.1,92.4,1367,173.2,75.4,19.49,-33.062,4.367,4.195,33.0,33.6,68.0,1690,1,-28.3,0.5
6103,315,6.725,44.74,1,101.2,92.4,1369,173.3,75.4,19.51,-33.055,4.367,4.195,33.0,33.7,68.0,1690,1,-28.2,0.49
6104,316,6.725,44.62,1,101.29999999999998,92.4,1369,173.2,75.3,19.51,-33.055,4.367,4.195,33.0,33.7,68.0,1690,1,-28.2,0.5
6105,316,6.725,44.63,1,101.2,92.4,1370,173.2,75.4,19.5,-33.055,4.367,4.195,33.0,33.8,68.0,1690,1,-28.2,0.49
6106,316,6.725,44.67,1,101.2,92.4,1371,173.2,75.3,19.47,-33.047,4.367,4.195,33.0,33.9,68.0,1690,1,-28.3,0.49
6107,316,6.725,44.65,1,101.29999999999998,92.4,1371,173.1,75.3,19.58,-33.047,4.371,4.195,33.0,34.0,68.0,1689,1,-28.2,0.49
6108,316,6.725,44.69,1,101.29999999999998,92.4,1371,173.0,75.3,19.58,-33.055,4.371,4.195,33.0,34.0,68.0,1689,1,-28.2,0.49
6109,316,6.725,44.71,1,101.2,92.4,1371,173.1,75.3,19.46,-33.047,4.367,4.195,33.0,34.1,68.0,1689,1,-28.2,0.49
6110,315,6.725,44.63,1,101.29999999999998,92.4,1371,173.1,75.5,19.43,-33.047,4.367,4.195,33.0,34.2,68.0,1689,1,-28.2,0.5
6111,315,6.725,44.67,1,101.29999999999998,92.4,1371,173.0,75.5,19.61,-33.055,4.367,4.195,34.0,34.3,68.0,1689,1,-28.3,0.5
6112,315,6.725,44.66,1,101.29999999999998,92.4,1372,172.9,75.3,19.47,-33.055,4.367,4.195,33.0,34.4,68.0,1689,1,-28.2,0.49
6113,315,6.725,44.68,1,101.29999999999998,92.4,1373,172.9,75.2,19.54,-33.055,4.367,4.195,34.0,34.4,67.0,1689,1,-28.2,0.48
6114,315,6.725,44.7,1,101.29999999999998,92.4,1373,172.8,75.2,19.57,-33.055,4.367,4.195,34.0,34.5,68.0,1689,1,-28.2,0.49
6115,315,6.725,44.63,1,101.2,92.4,1373,172.8,75.3,19.69,-33.055,4.367,4.195,34.0,34.6,68.0,1689,1,-28.2,0.48
6116,316,6.725,44.74,1,101.29999999999998,92.5,1373,172.8,75.4,19.95,-33.055,4.367,4.195,34.0,34.6,67.0,1689,1,-28.2,0.49
6117,316,6.725,44.72,1,101.49999999999999,92.5,1373,172.8,75.3,20.0,-33.062,4.371,4.195,34.0,34.7,67.0,1688,1,-28.3,0.5
6118,316,6.725,44.7,1,101.6,92.5,1374,172.8,75.5,20.25,-33.055,4.367,4.195,34.0,34.7,67.0,1688,1,-28.3,0.49
6119,316,6.725,44.74,1,101.69999999999999,92.60000000000001,1375,172.9,75.5,20.29,-33.047,4.367,4.195,34.0,34.8,67.0,1688,1,-28.3,0.5
6120,316,6.725,44.72,1,101.8,92.60000000000001,1375,172.9,75.5,20.35,-33.039,4.367,4.195,34.0,34.9,67.0,1688,1,-28.2,0.49
6121,315,6.725,44.77,1,101.8,92.60000000000001,1377,172.9,75.5,20.36,-33.031,4.371,4.195,34.0,34.9,67.0,1688,1,-28.2,0.5
6122,315,6.725,44.73,1,101.8,92.60000000000001,1378,172.8,75.4,20.36,-33.031,4.371,4.195,34.0,35.0,67.0,1688,1,-28.2,0.49
6123,315,6.725,44.71,1,101.8,92.60000000000001,1378,172.7,75.5,20.34,-33.031,4.371,4.195,34.0,35.0,67.0,1688,1,-28.3,0.5
6124,315,6.725,44.71,1,101.8,92.60000000000001,1378,172.6,75.5,20.36,-33.031,4.367,4.195,34.0,35.1,67.0,1688,1,-28.3,0.49
6125,315,6.725,44.71,1,101.8,92.60000000000001,1378,172.6,75.5,20.37,-33.031,4.367,4.195,34.0,35.1,67.0,1688,1,-28.3,0.5
6126,315,6.725,44.63,1,101.8,92.5,1378,172.6,75.4,20.34,-33.039,4.367,4.195,35.0,35.2,67.0,1688,1,-28.2,0.49
6127,315,6.725,44.74,1,101.89999999999999,92.60000000000001,1378,172.6,75.4,20.83,-33.039,4.371,4.195,35.0,35.2,67.0,1688,1,-28.3,0.49
6128,315,6.725,44.73,1,102.1,92.7,1378,172.6,75.4,20.95,-33.039,4.367,4.195,35.0,35.3,67.0,1688,1,-28.2,0.49
6129,316,6.725,44.76,1,102.2,92.7,1379,172.5,75.5,20.89,-33.047,4.367,4.195,34.0,35.3,67.0,1688,1,-28.2,0.49
6130,316,6.725,44.79,1,102.2,92.7,1379,172.5,75.6,20.94,-33.047,4.371,4.195,35.0,35.4,67.0,1687,1,-28.2,0.49
6131,316,6.725,44.71,1,102.2,92.7,1380,172.5,75.6,20.91,-33.055,4.371,4.195,35.0,35.4,67.0,1687,1,-28.3,0.5
6132,316,6.725,44.65,1,102.2,92.7,1380,172.4,75.4,20.93,-33.062,4.371,4.195,35.0,35.5,67.0,1687,1,-28.2,0.5
6133,316,6.725,44.63,1,102.2,92.7,1380,172.4,75.5,20.94,-33.062,4.367,4.195,35.0,35.5,67.0,1687,1,-28.2,0.5
6134,316,6.725,44.71,1,102.2,92.7,1380,172.5,75.5,20.93,-33.07,4.367,4.195,35.0,35.6,67.0,1687,1,-28.3,0.49
6135,316,6.725,44.66,1,102.2,92.7,1380,172.5,75.6,20.95,-33.078,4.371,4.195,35.0,35.6,67.0,1687,1,-28.3,0.5
6136,316,6.725,44.69,1,102.2,92.7,1380,172.4,75.4,21.04,-33.086,4.371,4.195,35.0,35.6,67.0,1687,1,-28.3,0.5
6137,316,6.725,44.72,1,102.2,92.7,1380,172.4,75.5,21.04,-33.094,4.367,4.195,35.0,35.7,67.0,1687,1,-28.2,0.49
6138,316,6.75,44.76,1,102.2,92.7,1380,172.3,75.4,21.05,-33.094,4.367,4.195,35.0,35.7,67.0,1687,1,-28.2,0.49
6139,316,6.725,44.83,1,102.2,92.7,1380,172.4,75.5,21.07,-33.102,4.367,4.195,35.0,35.8,67.0,1687,1,-28.3,0.49
6140,316,6.725,44.77,1,102.2,92.7,1380,172.5,75.6,21.05,-33.102,4.371,4.195,35.0,35.8,67.0,1687,1,-28.3,0.49
6141,316,6.725,44.72,1,102.2,92.7,1380,172.4,75.6,21.06,-33.109,4.367,4.195,35.0,35.8,67.0,1687,1,-28.2,0.49
6142,316,6.725,44.74,1,102.2,92.7,1380,172.3,75.5,21.05,-33.109,4.367,4.195,35.0,35.9,67.0,1686,1,-28.2,0.49
6143,316,6.725,44.71,1,102.2,92.7,1380,172.3,75.4,21.09,-33.109,4.367,4.195,35.0,35.9,67.0,1686,1,-28.3,0.49
6144,316,6.725,44.66,1,102.2,92.7,1380,172.4,75.5,21.09,-33.109,4.367,4.195,35.0,35.9,67.0,1686,1,-28.3,0.49
6145,316,6.725,44.74,1,102.2,92.7,1380,172.2,75.5,21.06,-33.117,4.371,4.195,35.0,35.9,67.0,1686,1,-28.3,0.49
6146,316,6.725,44.71,1,102.2,92.7,1381,172.2,75.3,21.1,-33.117,4.367,4.195,35.0,36.0,67.0,1686,1,-28.3,0.49
6147,316,6.725,44.78,1,102.2,92.7,1381,172.2,75.6,21.1,-33.117,4.367,4.195,35.0,36.0,67.0,1686,1,-28.2,0.49
6148,316,6.725,44.7,1,102.2,92.7,1381,172.3,75.5,21.16,-33.125,4.367,4.195,35.0,36.0,67.0,1686,1,-28.2,0.48
6149,316,6.725,44.78,1,102.2,92.7,1381,172.3,75.4,21.09,-33.125,4.371,4.195,35.0,36.0,67.0,1686,1,-28.3,0.48
6150,316,6.725,44.75,1,102.2,92.7,1382,172.3,75.4,21.1,-33.125,4.371,4.195,35.0,36.1,67.0,1686,1,-28.2,0.48
6151,316,6.725,44.74,1,102.2,92.7,1382,172.3,75.6,21.08,-33.125,4.367,4.195,35.0,36.1,67.0,1686,1,-28.2,0.48
6152,316,6.725,44.78,1,102.2,92.7,1382,172.3,75.6,21.12,-33.117,4.367,4.195,35.0,36.1,67.0,1686,1,-28.3,0.48
6153,316,6.725,44.75,1,102.2,92.7,1381,172.3,75.6,21.12,-33.117,4.367,4.195,35.0,36.2,67.0,1686,1,-28.2,0.48
6154,316,6.725,44.82,1,102.2,92.7,1381,172.4,75.5,21.1,-33.125,4.367,4.195,35.0,36.2,67.0,1686,1,-28.3,0.49
6155,316,6.725,44.81,1,102.2,92.7,1382,172.4,75.5,21.09,-33.125,4.367,4.195,35.0,36.2,67.0,1685,1,-28.3,0.49
6156,316,6.725,44.82,1,102.2,92.7,1381,172.3,75.5,21.09,-33.125,4.367,4.195,35.0,36.2,67.0,1685,1,-28.2,0.48
6157,316,6.725,44.74,1,102.2,92.7,1381,172.3,75.6,21.08,-33.117,4.367,4.195,35.0,36.2,67.0,1685,1,-28.2,0.48
6158,316,6.725,44.76,1,102.2,92.7,1381,172.4,75.5,21.11,-33.117,4.371,4.195,35.0,36.2,67.0,1685,1,-28.3,0.5
6159,316,6.725,44.79,1,102.2,92.7,1382,172.4,75.6,21.14,-33.117,4.371,4.195,35.0,36.3,67.0,1685,1,-28.3,0.48
6160,316,6.75,44.75,1,102.2,92.7,1381,172.4,75.6,21.13,-33.125,4.371,4.195,36.0,36.3,67.0,1685,1,-28.2,0.49
6161,316,6.725,44.7,1,102.2,92.7,1381,172.4,75.5,21.14,-33.125,4.371,4.195,35.0,36.3,67.0,1685,1,-28.3,0.48
6162,316,6.725,44.76,1,102.2,92.7,1380,172.4,75.5,21.14,-33.133,4.371,4.195,35.0,36.3,67.0,1685,1,-28.3,0.47
6163,317,6.725,44.67,1,102.2,92.7,1380,172.3,75.5,21.12,-33.133,4.371,4.195,35.0,36.3,67.0,1685,1,-28.3,0.47
6164,317,6.725,44.75,1,102.2,92.7,1380,172.3,75.5,21.02,-33.141,4.367,4.195,35.0,36.3,67.0,1685,1,-28.3,0.48
6165,317,6.725,44.73,1,102.2,92.7,1380,172.3,75.5,20.38,-33.141,4.367,4.195,36.0,36.4,67.0,1685,1,-28.3,0.49
6166,317,6.75,44.74,1,102.0,92.60000000000001,1379,172.2,75.6,20.27,-33.148,4.371,4.195,35.0,36.4,67.0,1685,1,-28.3,0.48
6167,317,6.725,44.73,1,101.8,92.5,1378,172.2,75.4,20.25,-33.156,4.371,4.195,35.0,36.4,67.0,1685,1,-28.3,0.49
6168,317,6.725,44.79,1,101.69999999999999,92.5,1378,172.3,75.4,19.76,-33.164,4.371,4.195,35.0,36.4,67.0,1684,1,-28.3,0.47
6169,317,6.725,44.7,1,101.6,92.5,1377,172.3,75.3,19.55,-33.172,4.371,4.195,35.0,36.4,67.0,1684,1,-28.3,0.5
6170,317,6.725,44.63,1,101.29999999999998,92.4,1376,172.4,75.3,19.21,-33.172,4.371,4.195,36.0,36.4,67.0,1684,1,-28.3,0.49
6171,317,6.725,44.66,1,101.2,92.4,1374,172.3,75.2,19.2,-33.18,4.371,4.195,35.0,36.4,67.0,1684,1,-28.3,0.49
6172,317,6.725,44.68,1,101.0,92.30000000000001,1373,172.3,75.3,18.75,-33.188,4.371,4.195,35.0,36.4,67.0,1684,1,-28.3,0.48
6173,317,6.725,44.7,1,100.8,92.30000000000001,1371,172.3,75.1,18.7,-33.188,4.371,4.195,35.0,36.4,67.0,1684,1,-28.3,0.49
6174,317,6.725,44.66,1,100.69999999999999,92.30000000000001,1369,172.3,75.3,18.38,-33.195,4.371,4.195,35.0,36.5,67.0,1684,1,-28.3,0.49
6175,317,6.725,44.65,1,100.49999999999999,92.2,1368,172.3,75.2,18.28,-33.195,4.371,4.195,35.0,36.4,67.0,1684,1,-28.3,0.49
6176,317,6.725,44.65,1,100.49999999999999,92.2,1367,172.3,75.1,18.28,-33.203,4.371,4.195,35.0,36.5,67.0,1684,1,-28.3,0.49
6177,317,6.725,44.64,1,100.4,92.2,1366,172.4,75.0,18.33,-33.203,4.367,4.195,35.0,36.4,67.0,1684,1,-28.3,0.5
6178,317,6.725,44.62,1,100.4,92.2,1366,172.5,75.0,18.31,-33.203,4.371,4.195,36.0,36.5,67.0,1684,1,-28.3,0.49
6179,317,6.725,44.66,1,100.4,92.2,1365,172.4,75.2,18.29,-33.211,4.371,4.195,35.0,36.5,67.0,1684,1,-28.3,0.49
6180,317,6.725,44.62,1,100.4,92.2,1366,172.5,75.0,18.31,-33.219,4.371,4.195,35.0,36.5,67.0,1684,1,-28.3,0.49
6181,317,6.725,44.56,1,100.4,92.2,1365,172.6,75.1,18.28,-33.227,4.367,4.195,35.0,36.5,67.0,1683,1,-28.3,0.47
6182,317,6.725,44.64,1,100.4,92.2,1364,172.6,75.2,18.27,-33.242,4.367,4.195,35.0,36.4,67.0,1683,1,-28.3,0.49
6183,317,6.725,44.64,1,100.4,92.2,1363,172.6,75.3,18.31,-33.258,4.371,4.195,35.0,36.4,67.0,1683,1,-28.3,0.48
6184,317,6.725,44.6,1,100.4,92.2,1363,172.7,75.2,18.29,-33.273,4.371,4.195,35.0,36.4,67.0,1683,1,-28.3,0.48
6185,317,6.725,44.62,1,100.4,92.10000000000001,1363,172.8,75.1,18.33,-33.289,4.367,4.195,35.0,36.4,67.0,1683,1,-28.3,0.48
6186,317,6.725,44.64,1,100.4,92.10000000000001,1363,172.9,75.1,18.33,-33.305,4.371,4.195,35.0,36.4,67.0,1683,1,-28.3,0.49
6187,317,6.725,44.68,1,100.4,92.10000000000001,1362,173.0,75.1,18.27,-33.32,4.371,4.195,35.0,36.4,67.0,1683,1,-28.3,0.48
6188,318,6.75,44.57,1,100.4,92.10000000000001,1362,173.1,75.1,18.36,-33.344,4.371,4.195,36.0,36.4,67.0,1683,1,-28.3,0.48
6189,318,6.725,44.63,1,100.4,92.2,1361,173.1,75.1,18.46,-33.367,4.371,4.195,35.0,36.4,67.0,1683,1,-28.3,0.48
6190,319,6.725,44.65,1,100.49999999999999,92.2,1362,173.1,75.2,18.49,-33.383,4.367,4.195,35.0,36.3,67.0,1683,1,-28.3,0.48
6191,319,6.725,44.61,1,100.6,92.2,1362,173.2,75.1,18.42,-33.398,4.367,4.195,35.0,36.4,67.0,1683,1,-28.3,0.49
6192,320,6.725,44.65,1,100.49999999999999,92.2,1363,173.3,75.1,18.48,-33.406,4.367,4.195,35.0,36.3,67.0,1683,1,-28.3,0.48
6193,321,6.75,44.65,1,100.49999999999999,92.2,1363,173.3,75.1,18.48,-33.422,4.367,4.195,35.0,36.3,67.0,1682,1,-28.3,0.48
6194,321,6.75,44.63,1,100.49999999999999,92.10000000000001,1363,173.2,75.3,17.36,-33.43,4.367,4.195,35.0,36.3,67.0,1682,1,-28.3,0.48
6195,322,6.725,44.61,1,99.8,91.8,1361,173.2,75.1,15.86,-33.438,4.367,4.195,35.0,36.3,67.0,1682,1,-28.3,0.48
6196,323,6.725,44.57,1,99.1,91.7,1357,173.3,74.7,15.56,-33.453,4.367,4.195,35.0,36.2,67.0,1682,1,-28.3,0.48
6197,323,6.725,44.49,1,98.7,91.7,1353,173.2,74.8,15.54,-33.461,4.367,4.195,35.0,36.2,67.0,1682,1,-28.3,0.48
6198,324,6.725,44.37,1,98.6,91.8,1351,173.3,74.9,15.83,-33.461,4.367,4.195,35.0,36.2,67.0,1682,1,-28.3,0.48
6199,325,6.725,44.58,1,98.8,91.9,1352,173.3,74.9,17.7,-33.453,4.367,4.195,35.0,36.2,67.0,1682,1,-28.3,0.48
6200,325,6.725,44.6,1,99.7,92.2,1355,173.3,75.1,18.55,-33.445,4.367,4.195,35.0,36.1,67.0,1682,1,-28.3,0.49
6201,326,6.725,44.6,1,100.29999999999998,92.30000000000001,1360,173.4,75.1,18.67,-33.422,4.367,4.195,35.0,36.1,67.0,1682,1,-28.3,0.48
6202,327,6.725,44.59,1,100.6,92.30000000000001,1362,173.3,75.2,18.68,-33.391,4.367,4.195,35.0,36.1,67.0,1682,1,-28.3,0.49
6203,327,6.725,44.6,1,100.6,92.2,1363,173.4,75.2,18.7,-33.352,4.371,4.195,35.0,36.1,67.0,1682,1,-28.3,0.5
6204,328,6.725,44.6,1,100.69999999999999,92.30000000000001,1364,173.5,75.2,18.66,-33.328,4.371,4.195,35.0,36.0,67.0,1682,1,-28.3,0.49
6205,329,6.725,44.59,1,100.69999999999999,92.30000000000001,1364,173.6,75.2,18.71,-33.305,4.371,4.195,35.0,36.0,67.0,1682,1,-28.3,0.49
6206,329,6.725,44.61,1,100.69999999999999,92.30000000000001,1365,173.6,75.2,18.71,-33.281,4.371,4.195,35.0,36.0,67.0,1681,1,-28.3,0.49
6207,330,6.725,44.55,1,100.69999999999999,92.30000000000001,1366,173.6,75.2,18.77,-33.25,4.367,4.195,35.0,35.9,67.0,1681,1,-28.3,0.47
6208,331,6.725,44.6,1,100.8,92.30000000000001,1366,173.5,75.1,19.05,-33.227,4.371,4.195,35.0,35.9,67.0,1681,1,-28.3,0.49
6209,331,6.725,44.65,1,101.0,92.5,1367,173.3,75.2,19.57,-33.203,4.371,4.195,35.0,35.9,67.0,1681,1,-28.3,0.49
6210,332,6.725,44.6,1,101.2,92.5,1369,173.3,75.2,19.66,-33.172,4.371,4.195,35.0,35.9,67.0,1681,1,-28.3,0.49
6211,333,6.725,44.67,1,101.29999999999998,92.5,1371,173.3,75.3,19.64,-33.141,4.371,4.195,35.0,35.8,67.0,1681,1,-28.3,0.49
6212,335,6.725,44.66,1,101.29999999999998,92.4,1371,173.2,75.3,19.58,-33.133,4.371,4.195,35.0,35.8,66.0,1681,1,-28.3,0.49
6213,336,6.725,44.69,1,101.29999999999998,92.4,1371,173.2,75.2,20.03,-33.117,4.371,4.195,35.0,35.8,66.0,1681,1,-28.3,0.49
6214,337,6.725,44.66,1,101.6,92.60000000000001,1372,173.2,75.4,20.52,-33.094,4.371,4.195,35.0,35.8,66.0,1681,1,-28.3,0.49
6215,338,6.725,44.74,1,101.8,92.7,1373,173.2,75.5,20.64,-33.07,4.371,4.195,35.0,35.8,66.0,1681,1,-28.3,0.5
6216,339,6.725,44.67,1,102.0,92.60000000000001,1375,173.1,75.5,20.64,-33.055,4.371,4.195,35.0,35.7,66.0,1681,1,-28.3,0.5
6217,340,6.725,44.73,1,102.0,92.60000000000001,1375,173.0,75.4,20.68,-33.047,4.371,4.195,35.0,35.7,66.0,1681,1,-28.3,0.49
6218,340,6.725,44.68,1,102.0,92.60000000000001,1376,173.0,75.6,20.68,-33.047,4.371,4.195,35.0,35.7,66.0,1681,1,-28.3,0.49
6219,341,6.725,44.72,1,102.1,92.60000000000001,1377,173.0,75.6,20.69,-33.031,4.371,4.195,35.0,35.7,66.0,1680,1,-28.3,0.49
6220,341,6.725,44.73,1,102.1,92.60000000000001,1378,173.0,75.5,20.7,-33.031,4.371,4.195,35.0,35.7,66.0,1680,1,-28.3,0.5
6221,341,6.725,44.76,1,102.1,92.7,1379,173.0,75.5,20.71,-33.023,4.371,4.195,35.0,35.7,66.0,1680,1,-28.3,0.49
6222,341,6.725,44.73,1,102.1,92.7,1380,173.0,75.5,20.67,-33.023,4.371,4.195,35.0,35.7,66.0,1680,1,-28.3,0.48
6223,341,6.725,44.72,1,102.1,92.7,1380,172.8,75.4,20.7,-33.016,4.367,4.195,35.0,35.7,66.0,1680,1,-28.3,0.48
6224,341,6.725,44.7,1,102.1,92.7,1380,172.8,75.4,20.68,-33.008,4.371,4.195,35.0,35.7,66.0,1680,1,-28.3,0.49
6225,341,6.725,44.76,1,102.1,92.7,1380,172.7,75.5,20.72,-32.992,4.371,4.195,35.0,35.7,66.0,1680,1,-28.3,0.49
6226,341,6.725,44.74,1,102.1,92.7,1380,172.6,75.5,20.33,-32.977,4.367,4.195,35.0,35.7,66.0,1680,1,-28.3,0.5
6227,341,6.725,44.71,1,101.8,92.5,1379,172.4,75.3,19.67,-32.961,4.367,4.195,35.0,35.7,66.0,1680,1,-28.3,0.5
6228,341,6.725,44.69,1,101.49999999999999,92.5,1377,172.3,75.2,19.62,-32.945,4.371,4.195,35.0,35.7,66.0,1680,1,-28.3,0.49
6229,341,6.725,44.65,1,101.4,92.5,1376,172.3,75.2,19.51,-32.93,4.371,4.195,35.0,35.7,66.0,1680,1,-28.3,0.49
6230,341,6.725,44.74,1,101.29999999999998,92.5,1375,172.3,75.3,19.6,-32.914,4.371,4.195,35.0,35.7,66.0,1680,1,-28.3,0.48
6231,341,6.725,44.76,1,101.29999999999998,92.5,1374,172.3,75.2,19.56,-32.898,4.371,4.195,35.0,35.7,66.0,1680,1,-28.3,0.48
6232,340,6.725,44.67,1,101.29999999999998,92.5,1373,172.3,75.3,19.53,-32.883,4.371,4.195,35.0,35.7,66.0,1679,1,-28.3,0.49
6233,340,6.725,44.64,1,101.29999999999998,92.5,1374,172.4,75.3,19.93,-32.875,4.371,4.195,35.0,35.7,66.0,1679,1,-28.3,0.49
6234,340,6.725,44.72,1,101.6,92.7,1375,172.4,75.3,21.02,-32.859,4.371,4.195,35.0,35.7,66.0,1679,1,-28.3,0.48
6235,340,6.725,44.7,1,102.0,92.7,1377,172.5,75.3,21.42,-32.836,4.367,4.195,35.0,35.8,66.0,1679,1,-28.3,0.49
6236,340,6.725,44.8,1,102.2,92.80000000000001,1379,172.5,75.5,21.53,-32.812,4.367,4.195,35.0,35.8,66.0,1679,1,-28.3,0.48
6237,340,6.725,44.72,1,102.1,92.7,1381,172.5,75.5,21.94,-32.797,4.371,4.195,35.0,35.8,66.0,1679,1,-28.3,0.49
6238,340,6.725,44.81,1,102.2,92.7,1381,172.5,75.4,22.18,-32.781,4.367,4.195,35.0,35.8,66.0,1679,1,-28.3,0.49
6239,340,6.725,44.73,1,102.2,92.7,1381,172.5,75.4,22.14,-32.758,4.367,4.195,35.0,35.8,66.0,1679,1,-28.3,0.48
6240,340,6.725,44.74,1,102.2,92.7,1382,172.4,75.6,21.86,-32.742,4.367,4.195,35.0,35.8,66.0,1679,1,-28.3,0.49
6241,340,6.725,44.82,1,102.2,92.80000000000001,1382,172.4,75.5,21.55,-32.727,4.367,4.195,35.0,35.9,66.0,1679,1,-28.3,0.49
6242,340,6.725,44.77,1,102.2,92.7,1382,172.4,75.4,21.61,-32.711,4.367,4.195,35.0,35.9,66.0,1679,1,-28.3,0.49
6243,340,6.725,44.64,1,102.2,92.7,1383,172.4,75.5,21.52,-32.695,4.367,4.195,35.0,35.9,66.0,1679,1,-28.3,0.49
6244,340,6.725,44.78,1,102.2,92.7,1383,172.5,75.6,21.5,-32.68,4.367,4.195,35.0,35.9,66.0,1679,1,-28.3,0.49
6245,340,6.725,44.76,1,102.2,92.7,1383,172.5,75.4,20.62,-32.664,4.371,4.195,35.0,35.9,66.0,1678,1,-28.3,0.5
6246,340,6.725,44.72,1,102.0,92.60000000000001,1383,172.4,75.4,20.24,-32.648,4.371,4.195,35.0,36.0,66.0,1678,1,-28.3,0.5
6247,340,6.725,44.73,1,101.8,92.60000000000001,1381,172.4,75.3,20.2,-32.641,4.367,4.195,35.0,36.0,66.0,1678,1,-28.3,0.49
6248,340,6.725,44.67,1,101.69999999999999,92.60000000000001,1380,172.3,75.4,20.21,-32.641,4.371,4.195,35.0,36.0,66.0,1678,1,-28.3,0.49
6249,340,6.75,44.78,1,101.69999999999999,92.60000000000001,1380,172.3,75.4,20.18,-32.641,4.367,4.195,35.0,36.0,66.0,1678,1,-28.3,0.49
6250,340,6.725,44.71,1,101.69999999999999,92.60000000000001,1380,172.4,75.4,20.19,-32.641,4.367,4.195,35.0,36.1,66.0,1678,1,-28.3,0.49
6251,340,6.725,44.72,1,101.69999999999999,92.60000000000001,1379,172.3,75.3,20.2,-32.633,4.367,4.195,35.0,36.1,66.0,1678,1,-28.3,0.5
6252,340,6.725,44.75,1,101.8,92.60000000000001,1380,172.3,75.4,20.2,-32.641,4.367,4.195,35.0,36.1,66.0,1678,1,-28.3,0.5
6253,340,6.725,44.72,1,101.69999999999999,92.60000000000001,1380,172.4,75.5,20.18,-32.641,4.367,4.195,35.0,36.1,66.0,1678,1,-28.3,0.49
6254,340,6.725,44.67,1,101.69999999999999,92.60000000000001,1379,172.4,75.5,20.21,-32.633,4.367,4.195,35.0,36.1,66.0,1678,1,-28.3,0.49
6255,340,6.725,44.67,1,101.69999999999999,92.60000000000001,1380,172.5,75.3,20.2,-32.633,4.367,4.195,35.0,36.1,66.0,1678,1,-28.3,0.48
6256,340,6.725,44.75,1,101.69999999999999,92.60000000000001,1380,172.6,75.4,20.17,-32.625,4.367,4.195,35.0,36.2,66.0,1678,1,-28.3,0.48
6257,340,6.725,44.69,1,101.69999999999999,92.60000000000001,1380,172.6,75.4,20.21,-32.625,4.371,4.195,35.0,36.2,66.0,1678,1,-28.3,0.49
6258,340,6.725,44.66,1,101.69999999999999,92.60000000000001,1380,172.6,75.4,20.17,-32.617,4.367,4.195,35.0,36.2,66.0,1677,1,-28.3,0.48
6259,340,6.725,44.67,1,101.69999999999999,92.60000000000001,1379,172.6,75.4,20.21,-32.617,4.367,4.195,35.0,36.2,66.0,1677,1,-28.3,0.48
6260,340,6.725,44.73,1,101.69999999999999,92.60000000000001,1379,172.7,75.4,20.21,-32.617,4.371,4.195,35.0,36.2,66.0,1677,1,-28.3,0.47
6261,340,6.725,44.71,1,101.69999999999999,92.60000000000001,1380,172.8,75.4,19.92,-32.617,4.367,4.195,35.0,36.3,66.0,1677,1,-28.3,0.49
6262,340,6.725,44.7,1,101.49999999999999,92.5,1380,172.9,75.3,18.89,-32.617,4.371,4.195,35.0,36.3,66.0,1677,1,-28.3,0.48
6263,340,6.725,44.61,1,101.0,92.4,1377,173.0,75.2,18.66,-32.633,4.371,4.195,35.0,36.3,66.0,1677,1,-28.3,0.48
6264,340,6.75,44.72,1,100.8,92.30000000000001,1373,173.0,75.3,18.64,-32.641,4.371,4.195,35.0,36.3,66.0,1677,1,-28.3,0.47
6265,340,6.725,44.67,1,100.69999999999999,92.30000000000001,1371,173.0,75.2,18.62,-32.648,4.367,4.195,35.0,36.3,66.0,1677,1,-28.3,0.48
6266,340,6.725,44.7,1,100.69999999999999,92.30000000000001,1370,172.9,75.3,18.28,-32.656,4.367,4.195,36.0,36.3,66.0,1677,1,-28.3,0.48
6267,340,6.725,44.62,1,100.4,92.2,1369,172.9,75.1,17.64,-32.672,4.371,4.195,35.0,36.3,66.0,1677,1,-28.3,0.47
6268,340,6.725,44.59,1,100.1,92.10000000000001,1367,173.0,75.0,17.52,-32.688,4.371,4.195,36.0,36.3,66.0,1677,1,-28.3,0.48
6269,340,6.725,44.66,1,100.0,92.10000000000001,1366,172.8,75.0,17.22,-32.695,4.371,4.195,35.0,36.3,66.0,1677,1,-28.3,0.49
6270,340,6.725,44.55,1,99.7,92.0,1364,172.9,74.9,16.79,-32.703,4.367,4.195,35.0,36.3,66.0,1677,1,-28.3,0.49
6271,340,6.725,44.53,1,99.5,92.0,1362,172.9,75.1,16.73,-32.711,4.371,4.195,36.0,36.3,66.0,1676,1,-28.3,0.49
6272,340,6.725,44.52,1,99.4,92.0,1361,172.8,75.0,16.7,-32.719,4.371,4.195,36.0,36.3,66.0,1676,1,-28.3,0.48
6273,340,6.725,44.55,1,99.4,92.0,1360,172.8,75.0,16.71,-32.727,4.367,4.195,35.0,36.3,66.0,1676,1,-28.3,0.48
6274,340,6.725,44.51,1,99.3,92.0,1360,172.8,74.9,16.71,-32.734,4.367,4.195,35.0,36.3,66.0,1676,1,-28.3,0.49
6275,340,6.725,44.51,1,99.3,92.0,1359,173.0,75.0,16.7,-32.742,4.367,4.195,35.0,36.3,66.0,1676,1,-28.3,0.49
6276,340,6.725,44.54,1,99.3,91.9,1359,173.1,75.0,16.03,-32.75,4.371,4.195,35.0,36.3,66.0,1676,1,-28.3,0.48
6277,340,6.75,44.43,1,99.0,91.8,1357,173.2,74.9,15.71,-32.758,4.371,4.195,35.0,36.2,66.0,1676,1,-28.3,0.49
6278,340,6.725,44.44,1,98.8,91.8,1355,173.3,74.9,15.8,-32.766,4.371,4.195,35.0,36.2,66.0,1676,1,-28.3,0.49
6279,340,6.725,44.58,1,98.7,91.8,1353,173.5,74.7,15.7,-32.773,4.371,4.195,35.0,36.2,66.0,1676,1,-28.3,0.48
6280,340,6.725,44.46,1,98.7,91.8,1353,173.5,75.0,15.54,-32.781,4.371,4.195,35.0,36.2,66.0,1676,1,-28.3,0.49
6281,340,6.725,44.49,1,98.6,91.7,1353,173.6,74.7,15.43,-32.789,4.367,4.195,35.0,36.2,66.0,1676,1,-28.3,0.49
6282,340,6.725,44.44,1,98.4,91.7,1351,173.7,74.7,14.98,-32.797,4.367,4.195,35.0,36.2,66.0,1676,1,-28.3,0.49
6283,339,6.75,44.41,1,98.2,91.60000000000001,1350,173.7,74.7,14.94,-32.805,4.371,4.195,35.0,36.1,66.0,1676,1,-28.3,0.48
6284,339,6.725,44.38,1,98.1,91.60000000000001,1348,173.8,74.6,14.91,-32.812,4.367,4.195,35.0,36.1,66.0,1676,1,-28.3,0.49
6285,339,6.725,44.43,1,98.1,91.60000000000001,1347,173.8,74.6,14.97,-32.82,4.367,4.195,35.0,36.1,66.0,1675,1,-28.3,0.49
6286,339,6.725,44.34,1,98.1,91.7,1347,173.9,74.7,14.94,-32.836,4.367,4.195,35.0,36.1,66.0,1675,1,-28.3,0.49
6287,339,6.725,44.39,1,98.1,91.7,1347,174.0,74.7,15.57,-32.836,4.367,4.195,35.0,36.0,66.0,1675,1,-28.3,0.49
6288,339,6.725,44.45,1,98.6,91.9,1348,174.0,74.6,17.14,-32.836,4.367,4.195,35.0,36.0,66.0,1675,1,-28.3,0.49
6289,339,6.725,44.5,1,99.4,92.2,1351,174.0,74.9,17.8,-32.828,4.367,4.195,35.0,36.0,66.0,1675,1,-28.3,0.49
6290,339,6.725,44.53,1,99.9,92.2,1356,173.9,75.1,17.89,-32.82,4.367,4.195,35.0,35.9,66.0,1675,1,-28.3,0.48
6291,339,6.725,44.57,1,100.0,92.2,1359,173.9,75.2,17.91,-32.82,4.367,4.195,35.0,35.9,66.0,1675,1,-28.3,0.49
6292,339,6.725,44.54,1,100.1,92.2,1360,173.9,75.1,17.86,-32.805,4.367,4.195,35.0,35.9,66.0,1675,1,-28.3,0.47
6293,339,6.725,44.55,1,100.1,92.2,1361,174.0,75.0,17.89,-32.797,4.367,4.195,35.0,35.8,66.0,1675,1,-28.3,0.48
6294,339,6.725,44.51,1,100.2,92.2,1362,174.1,75.0,18.12,-32.789,4.371,4.195,35.0,35.8,66.0,1675,1,-28.3,0.48
6295,339,6.725,44.62,1,100.2,92.2,1362,174.0,75.1,18.08,-32.781,4.371,4.195,35.0,35.8,66.0,1675,1,-28.3,0.48
6296,339,6.725,44.54,1,100.29999999999998,92.2,1362,173.9,75.1,18.1,-32.781,4.367,4.195,35.0,35.8,66.0,1675,1,-28.3,0.48
6297,339,6.725,44.63,1,100.29999999999998,92.2,1362,173.8,75.1,18.11,-32.781,4.371,4.195,35.0,35.8,66.0,1674,1,-28.3,0.49
6298,339,6.725,44.5,1,100.29999999999998,92.2,1362,173.8,75.1,18.1,-32.781,4.371,4.195,35.0,35.7,66.0,1674,1,-28.3,0.48
6299,339,6.725,44.57,1,100.29999999999998,92.2,1363,173.7,75.1,18.15,-32.781,4.367,4.195,35.0,35.7,66.0,1674,1,-28.3,0.48
6300,339,6.725,44.56,1,100.4,92.30000000000001,1363,173.8,75.3,18.84,-32.773,4.367,4.195,35.0,35.7,66.0,1674,1,-28.3,0.49
6301,339,6.75,44.47,1,100.6,92.30000000000001,1365,173.8,75.3,18.93,-32.766,4.367,4.195,35.0,35.7,66.0,1674,1,-28.3,0.49
6302,339,6.725,44.54,1,100.8,92.4,1366,173.7,75.3,19.42,-32.766,4.367,4.195,35.0,35.7,66.0,1674,1,-28.3,0.49
6303,339,6.725,44.65,1,101.1,92.5,1368,173.7,75.4,19.75,-32.758,4.367,4.195,35.0,35.6,66.0,1674,1,-28.3,0.49
6304,339,6.725,44.71,1,101.29999999999998,92.5,1370,173.6,75.6,19.83,-32.75,4.367,4.195,35.0,35.6,66.0,1674,1,-28.3,0.49
6305,339,6.725,44.66,1,101.49999999999999,92.60000000000001,1373,173.6,75.5,20.42,-32.742,4.367,4.195,35.0,35.6,66.0,1674,1,-28.3,0.49
6306,339,6.725,44.66,1,101.69999999999999,92.60000000000001,1375,173.5,75.5,20.54,-32.734,4.367,4.195,35.0,35.6,66.0,1674,1,-28.3,0.49
6307,339,6.725,44.74,1,101.89999999999999,92.7,1376,173.4,75.6,20.59,-32.711,4.367,4.195,35.0,35.6,66.0,1674,1,-28.3,0.48
6308,339,6.725,44.68,1,102.0,92.7,1377,173.4,75.5,20.57,-32.695,4.371,4.195,35.0,35.6,66.0,1674,1,-28.3,0.5
6309,339,6.725,44.65,1,102.0,92.7,1378,173.4,75.6,20.54,-32.68,4.371,4.194,35.0,35.6,66.0,1673,1,-28.3,0.48
6310,339,6.725,44.59,1,102.0,92.7,1378,173.2,75.4,21.06,-32.664,4.371,4.195,35.0,35.6,66.0,1673,1,-28.3,0.48
6311,339,6.725,44.69,1,102.1,92.7,1379,173.2,75.6,22.09,-32.648,4.367,4.195,35.0,35.6,66.0,1673,1,-28.3,0.49
6312,339,6.725,44.7,1,102.2,92.7,1380,173.1,75.5,22.22,-32.625,4.367,4.195,35.0,35.6,66.0,1673,1,-28.3,0.48
6313,339,6.725,44.71,1,102.2,92.7,1381,173.1,75.4,22.38,-32.609,4.367,4.195,35.0,35.6,66.0,1673,1,-28.3,0.48
6314,339,6.725,44.72,1,102.2,92.7,1381,173.2,75.5,22.32,-32.602,4.367,4.195,35.0,35.6,66.0,1673,1,-28.3,0.48
6315,339,6.725,44.67,1,102.2,92.7,1381,173.1,75.5,22.02,-32.586,4.367,4.195,35.0,35.6,66.0,1673,1,-28.3,0.48
6316,339,6.725,44.69,1,102.2,92.80000000000001,1381,173.0,75.5,21.38,-32.57,4.367,4.195,35.0,35.6,66.0,1673,1,-28.3,0.49
6317,340,6.725,44.72,1,102.3,92.80000000000001,1382,172.9,75.6,21.3,-32.562,4.367,4.195,35.0,35.6,66.0,1673,1,-28.3,0.49
6318,340,6.725,44.7,1,102.2,92.7,1382,172.7,75.6,21.33,-32.547,4.367,4.195,35.0,35.6,66.0,1673,1,-28.3,0.49
6319,340,6.725,44.72,1,102.2,92.80000000000001,1382,172.6,75.5,21.32,-32.547,4.371,4.195,35.0,35.6,66.0,1673,1,-28.3,0.49
6320,340,6.725,44.69,1,102.2,92.7,1382,172.7,75.5,21.32,-32.539,4.371,4.195,35.0,35.6,66.0,1673,1,-28.3,0.49
6321,340,6.725,44.81,1,102.2,92.80000000000001,1383,172.7,75.5,21.31,-32.523,4.371,4.195,35.0,35.7,66.0,1673,1,-28.3,0.48
6322,340,6.725,44.69,1,102.2,92.80000000000001,1383,172.6,75.4,21.22,-32.5,4.367,4.195,35.0,35.7,65.0,1673,1,-28.3,0.48
6323,340,6.725,44.72,1,102.2,92.80000000000001,1384,172.5,75.5,21.0,-32.492,4.371,4.195,35.0,35.7,65.0,1672,1,-28.3,0.49
6324,340,6.725,44.77,1,102.2,92.7,1384,172.5,75.5,20.7,-32.477,4.371,4.195,35.0,35.7,65.0,1672,1,-28.3,0.49
6325,340,6.725,44.74,1,102.1,92.7,1384,172.6,75.5,20.54,-32.461,4.367,4.195,35.0,35.7,65.0,1672,1,-28.3,0.49
6326,340,6.725,44.75,1,102.0,92.7,1383,172.5,75.5,20.36,-32.445,4.371,4.195,35.0,35.7,65.0,1672,1,-28.3,0.49
6327,340,6.725,44.6,1,101.8,92.60000000000001,1382,172.5,75.5,19.84,-32.445,4.371,4.195,35.0,35.7,65.0,1672,1,-28.3,0.48
6328,340,6.75,44.72,1,101.6,92.5,1382,172.5,75.4,19.89,-32.438,4.371,4.195,35.0,35.8,65.0,1672,1,-28.3,0.48
6329,340,6.725,44.75,1,101.49999999999999,92.60000000000001,1381,172.6,75.2,19.89,-32.422,4.371,4.195,35.0,35.8,65.0,1672,1,-28.3,0.49
6330,340,6.725,44.73,1,101.49999999999999,92.5,1380,172.6,75.4,19.84,-32.414,4.371,4.195,35.0,35.8,65.0,1672,1,-28.3,0.49
6331,340,6.725,44.78,1,101.49999999999999,92.60000000000001,1379,172.5,75.5,19.85,-32.406,4.367,4.195,35.0,35.8,65.0,1672,1,-28.3,0.5
6332,340,6.725,44.66,1,101.49999999999999,92.5,1379,172.6,75.4,19.7,-32.398,4.371,4.195,35.0,35.9,65.0,1672,1,-28.3,0.49
6333,341,6.75,44.67,1,101.4,92.5,1378,172.7,75.3,19.73,-32.391,4.371,4.195,35.0,35.9,65.0,1672,1,-28.3,0.49
6334,341,6.725,44.7,1,101.4,92.60000000000001,1378,172.7,75.2,19.66,-32.391,4.371,4.195,35.0,35.9,65.0,1672,1,-28.3,0.49
6335,341,6.725,44.73,1,101.29999999999998,92.5,1378,172.7,75.4,19.3,-32.383,4.371,4.195,35.0,35.9,65.0,1672,1,-28.3,0.48
6336,341,6.725,44.62,1,101.2,92.4,1377,172.7,75.3,19.21,-32.375,4.371,4.195,35.0,35.9,65.0,1672,1,-28.3,0.48
6337,341,6.725,44.64,1,101.1,92.4,1377,172.7,75.2,18.79,-32.367,4.371,4.195,35.0,35.9,65.0,1671,1,-28.3,0.49
6338,341,6.725,44.58,1,100.89999999999999,92.4,1376,172.6,75.2,18.7,-32.359,4.367,4.195,35.0,36.0,65.0,1671,1,-28.3,0.49
6339,341,6.725,44.71,1,100.69999999999999,92.4,1375,172.6,75.1,18.68,-32.352,4.367,4.195,35.0,36.0,65.0,1671,1,-28.3,0.48
6340,341,6.725,44.64,1,100.69999999999999,92.4,1375,172.6,75.1,18.71,-32.344,4.367,4.195,35.0,36.0,65.0,1671,1,-28.3,0.49
6341,341,6.725,44.62,1,100.69999999999999,92.4,1374,172.6,75.2,18.75,-32.328,4.371,4.195,35.0,36.0,65.0,1671,1,-28.3,0.49
6342,341,6.725,44.56,1,100.69999999999999,92.4,1374,172.5,75.2,18.73,-32.312,4.367,4.195,35.0,36.0,65.0,1671,1,-28.3,0.49
6343,341,6.725,44.61,1,100.69999999999999,92.4,1374,172.6,75.3,18.69,-32.297,4.367,4.195,35.0,36.0,65.0,1671,1,-28.3,0.49
6344,341,6.725,44.58,1,100.69999999999999,92.4,1374,172.7,75.2,18.78,-32.281,4.371,4.195,35.0,36.1,65.0,1671,1,-28.3,0.5
6345,341,6.725,44.65,1,100.69999999999999,92.4,1376,172.8,75.2,18.8,-32.258,4.371,4.195,35.0,36.1,65.0,1671,1,-28.3,0.49
6346,341,6.725,44.61,1,100.8,92.4,1376,172.9,75.2,18.69,-32.227,4.367,4.195,35.0,36.1,65.0,1671,1,-28.2,0.49
6347,341,6.725,44.62,1,100.8,92.4,1376,173.0,75.1,18.72,-32.211,4.367,4.195,35.0,36.1,65.0,1671,1,-28.2,0.49
6348,341,6.725,44.68,1,100.8,92.4,1376,173.0,75.2,19.43,-32.188,4.367,4.195,35.0,36.1,65.0,1671,1,-28.2,0.48
6349,341,6.725,44.7,1,101.1,92.60000000000001,1377,173.0,75.3,20.06,-32.164,4.367,4.195,35.0,36.1,65.0,1671,1,-28.2,0.49
6350,341,6.725,44.74,1,101.49999999999999,92.7,1378,173.1,75.3,20.11,-32.148,4.367,4.195,35.0,36.1,65.0,1670,1,-28.3,0.49
6351,341,6.725,44.68,1,101.6,92.7,1380,173.1,75.2,20.09,-32.125,4.367,4.195,35.0,36.1,65.0,1670,1,-28.3,0.49
6352,341,6.725,44.69,1,101.6,92.7,1381,173.1,75.2,20.11,-32.102,4.371,4.195,36.0,36.2,65.0,1670,1,-28.2,0.48
6353,341,6.725,44.72,1,101.69999999999999,92.60000000000001,1381,173.1,75.4,20.09,-32.07,4.371,4.195,35.0,36.2,65.0,1670,1,-28.2,0.48
6354,341,6.725,44.77,1,101.69999999999999,92.7,1380,172.9,75.5,20.08,-32.047,4.371,4.194,35.0,36.2,65.0,1670,1,-28.2,0.49
6355,341,6.725,44.65,1,101.6,92.7,1381,173.0,75.5,20.05,-32.031,4.371,4.195,35.0,36.2,65.0,1670,1,-28.2,0.5
6356,341,6.725,44.71,1,101.6,92.60000000000001,1381,173.0,75.5,20.11,-32.008,4.371,4.195,35.0,36.2,65.0,1670,1,-28.2,0.49
6357,341,6.725,44.71,1,101.69999999999999,92.7,1381,173.0,75.4,20.09,-31.992,4.371,4.195,35.0,36.2,65.0,1670,1,-28.2,0.49
6358,341,6.725,44.66,1,101.69999999999999,92.7,1382,173.0,75.6,20.11,-31.984,4.371,4.195,35.0,36.3,65.0,1670,1,-28.2,0.47
6359,341,6.725,44.68,1,101.69999999999999,92.7,1382,173.0,75.5,20.09,-31.977,4.367,4.195,35.0,36.3,65.0,1670,1,-28.2,0.49
6360,341,6.725,44.77,1,101.69999999999999,92.7,1382,173.0,75.4,20.07,-31.961,4.367,4.195,35.0,36.3,65.0,1670,1,-28.2,0.49
6361,341,6.725,44.84,1,101.6,92.7,1382,172.9,75.3,20.12,-31.953,4.371,4.195,36.0,36.3,65.0,1670,1,-28.2,0.48
6362,341,6.725,44.68,1,101.69999999999999,92.7,1382,172.9,75.2,20.09,-31.938,4.367,4.195,36.0,36.3,65.0,1670,1,-28.2,0.49
6363,341,6.725,44.68,1,101.69999999999999,92.7,1382,172.9,75.4,20.12,-31.922,4.367,4.195,36.0,36.4,65.0,1670,1,-28.2,0.49
6364,341,6.725,44.74,1,101.69999999999999,92.7,1382,172.9,75.3,20.16,-31.914,4.367,4.195,35.0,36.4,65.0,1669,1,-28.2,0.48
6365,341,6.725,44.77,1,101.69999999999999,92.7,1383,172.9,75.3,20.19,-31.906,4.367,4.195,35.0,36.4,65.0,1669,1,-28.2,0.49
6366,341,6.725,44.71,1,101.69999999999999,92.7,1383,172.9,75.3,20.21,-31.898,4.367,4.195,35.0,36.4,65.0,1669,1,-28.2,0.49
6367,342,6.725,44.73,1,101.69999999999999,92.7,1382,172.9,75.3,20.22,-31.891,4.367,4.195,36.0,36.4,65.0,1669,1,-28.2,0.49
6368,342,6.725,44.72,1,101.69999999999999,92.7,1382,172.9,75.5,20.2,-31.875,4.371,4.195,35.0,36.5,65.0,1669,1,-28.2,0.5
6369,342,6.725,44.7,1,101.69999999999999,92.7,1382,173.0,75.3,20.21,-31.875,4.371,4.195,36.0,36.5,65.0,1669,1,-28.2,0.49
6370,342,6.725,44.73,1,101.69999999999999,92.7,1383,173.0,75.5,20.2,-31.867,4.367,4.195,35.0,36.5,65.0,1669,1,-28.2,0.49
6371,342,6.725,44.77,1,101.69999999999999,92.7,1384,172.9,75.4,20.17,-31.859,4.367,4.195,36.0,36.5,65.0,1669,1,-28.2,0.49
6372,342,6.725,44.69,1,101.69999999999999,92.7,1384,173.0,75.4,20.2,-31.844,4.371,4.195,36.0,36.6,65.0,1669,1,-28.2,0.49
6373,342,6.725,44.73,1,101.69999999999999,92.7,1384,173.1,75.3,20.18,-31.844,4.367,4.194,36.0,36.6,65.0,1669,1,-28.2,0.49
6374,342,6.725,44.66,1,101.69999999999999,92.7,1384,173.2,75.4,20.21,-31.836,4.367,4.195,36.0,36.6,65.0,1669,1,-28.2,0.48
6375,342,6.725,44.72,1,101.8,92.7,1384,173.1,75.5,20.22,-31.828,4.371,4.195,36.0,36.6,65.0,1669,1,-28.2,0.49
6376,342,6.75,44.72,1,101.69999999999999,92.7,1384,173.1,75.4,20.21,-31.82,4.367,4.195,36.0,36.6,65.0,1669,1,-28.2,0.49
6377,342,6.725,44.72,1,101.69999999999999,92.7,1384,173.2,75.4,20.25,-31.812,4.367,4.195,36.0,36.6,65.0,1669,1,-28.2,0.48
6378,342,6.725,44.71,1,101.8,92.7,1385,173.3,75.3,20.26,-31.812,4.371,4.195,36.0,36.6,65.0,1668,1,-28.2,0.49
6379,342,6.725,44.8,1,101.8,92.7,1386,173.2,75.4,20.42,-31.812,4.371,4.195,36.0,36.6,65.0,1668,1,-28.2,0.48
6380,342,6.725,44.7,1,101.8,92.80000000000001,1386,173.2,75.3,20.52,-31.805,4.371,4.195,36.0,36.6,65.0,1668,1,-28.2,0.49
6381,342,6.725,44.74,1,102.0,92.80000000000001,1385,173.1,75.3,20.56,-31.797,4.371,4.195,36.0,36.7,65.0,1668,1,-28.2,0.49
6382,342,6.725,44.84,1,102.0,92.80000000000001,1386,173.1,75.5,20.56,-31.789,4.371,4.195,36.0,36.7,65.0,1668,1,-28.2,0.49
6383,342,6.725,44.75,1,102.0,92.80000000000001,1386,173.1,75.4,20.53,-31.781,4.371,4.195,36.0,36.7,65.0,1668,1,-28.2,0.48
6384,342,6.725,44.68,1,102.0,92.80000000000001,1386,173.2,75.5,20.59,-31.773,4.371,4.195,36.0,36.7,65.0,1668,1,-28.2,0.48
6385,342,6.725,44.7,1,102.0,92.80000000000001,1386,173.2,75.6,20.57,-31.766,4.371,4.195,36.0,36.7,65.0,1668,1,-28.2,0.5
6386,342,6.725,44.77,1,102.0,92.80000000000001,1387,173.2,75.5,20.58,-31.758,4.371,4.195,36.0,36.7,65.0,1668,1,-28.2,0.5
6387,342,6.75,44.77,1,102.0,92.80000000000001,1386,173.1,75.4,20.53,-31.75,4.371,4.195,36.0,36.7,65.0,1668,1,-28.1,0.48
6388,342,6.725,44.68,1,102.0,92.80000000000001,1387,173.1,75.4,20.54,-31.742,4.371,4.195,36.0,36.8,65.0,1668,1,-28.2,0.49
6389,342,6.725,44.78,1,102.0,92.80000000000001,1387,173.0,75.5,20.58,-31.734,4.371,4.195,36.0,36.8,65.0,1668,1,-28.2,0.5
6390,342,6.725,44.67,1,102.0,92.80000000000001,1387,173.0,75.4,20.53,-31.727,4.367,4.195,36.0,36.8,65.0,1668,1,-28.1,0.49
6391,343,6.725,44.7,1,102.0,92.80000000000001,1387,172.9,75.3,20.56,-31.727,4.371,4.195,36.0,36.8,65.0,1668,1,-28.1,0.5
6392,343,6.725,44.61,1,102.0,92.80000000000001,1387,172.9,75.4,20.27,-31.727,4.371,4.195,36.0,36.8,65.0,1667,1,-28.1,0.49
6393,343,6.75,44.6,1,101.69999999999999,92.60000000000001,1386,172.9,75.4,19.34,-31.719,4.371,4.195,36.0,36.8,65.0,1667,1,-28.1,0.49
6394,343,6.725,44.63,1,101.4,92.60000000000001,1384,172.9,75.3,19.24,-31.727,4.371,4.195,36.0,36.9,65.0,1667,1,-28.1,0.49
6395,343,6.725,44.61,1,101.2,92.60000000000001,1382,172.9,75.2,19.23,-31.727,4.371,4.194,36.0,36.9,65.0,1667,1,-28.1,0.5
6396,343,6.725,44.61,1,101.1,92.60000000000001,1381,172.9,75.2,19.17,-31.727,4.371,4.194,36.0,36.9,65.0,1667,1,-28.1,0.49
6397,343,6.725,44.61,1,101.1,92.5,1380,173.1,75.3,19.19,-31.734,4.371,4.195,36.0,36.9,65.0,1667,1,-28.1,0.49
6398,343,6.75,44.59,1,101.1,92.5,1381,173.1,75.2,19.26,-31.734,4.371,4.195,36.0,36.9,65.0,1667,1,-28.1,0.5
6399,343,6.725,44.58,1,101.1,92.5,1380,173.1,75.2,19.22,-31.742,4.371,4.195,36.0,36.9,65.0,1667,1,-28.1,0.49
6400,343,6.725,44.63,1,101.1,92.5,1379,173.1,75.2,19.26,-31.742,4.371,4.195,36.0,36.9,65.0,1667,1,-28.1,0.49
6401,343,6.725,44.59,1,101.1,92.5,1378,173.2,75.3,19.21,-31.75,4.371,4.195,36.0,36.9,65.0,1667,1,-28.1,0.49
6402,343,6.725,44.63,1,101.1,92.60000000000001,1378,173.3,75.3,19.21,-31.75,4.371,4.194,36.0,36.9,65.0,1667,1,-28.1,0.5
6403,343,6.725,44.63,1,101.0,92.5,1377,173.3,75.2,18.85,-31.75,4.371,4.195,36.0,36.9,65.0,1667,1,-28.1,0.5
6404,343,6.725,44.72,1,100.89999999999999,92.5,1377,173.2,75.3,18.8,-31.75,4.371,4.195,36.0,36.9,65.0,1667,1,-28.1,0.5
6405,343,6.725,44.61,1,100.8,92.5,1376,173.3,75.3,18.76,-31.742,4.371,4.195,36.0,37.0,65.0,1667,1,-28.1,0.49
6406,343,6.725,44.72,1,100.8,92.5,1376,173.4,75.2,18.74,-31.742,4.371,4.195,36.0,37.0,65.0,1667,1,-28.1,0.5
6407,343,6.725,44.67,1,100.8,92.5,1376,173.4,75.2,18.74,-31.734,4.367,4.195,36.0,37.0,65.0,1667,1,-28.1,0.5
6408,343,6.725,44.7,1,100.69999999999999,92.5,1376,173.4,75.2,18.78,-31.742,4.371,4.195,36.0,37.0,65.0,1666,1,-28.1,0.49
6409,343,6.725,44.63,1,100.69999999999999,92.5,1375,173.5,75.2,18.73,-31.734,4.371,4.195,36.0,37.0,65.0,1666,1,-28.1,0.5
6410,343,6.725,44.71,1,100.69999999999999,92.4,1375,173.4,75.2,18.78,-31.734,4.367,4.195,36.0,37.0,65.0,1666,1,-28.1,0.5
6411,343,6.725,44.66,1,100.8,92.5,1375,173.4,75.2,18.76,-31.742,4.371,4.194,36.0,37.0,65.0,1666,1,-28.1,0.5
6412,343,6.725,44.65,1,100.8,92.5,1375,173.4,75.2,18.76,-31.742,4.367,4.195,36.0,37.0,65.0,1666,1,-28.1,0.5
6413,343,6.725,44.58,1,100.69999999999999,92.5,1375,173.4,75.1,18.77,-31.742,4.367,4.195,36.0,37.0,65.0,1666,1,-28.1,0.5
6414,343,6.725,44.61,1,100.69999999999999,92.5,1375,173.4,75.2,18.72,-31.742,4.367,4.195,36.0,37.0,65.0,1666,1,-28.0,0.48
6415,343,6.725,44.58,1,100.69999999999999,92.5,1375,173.4,75.2,18.73,-31.742,4.367,4.195,36.0,37.0,65.0,1666,1,-28.1,0.49
6416,343,6.725,44.63,1,100.69999999999999,92.5,1376,173.4,75.2,18.78,-31.75,4.367,4.195,36.0,37.0,65.0,1666,1,-28.1,0.5
6417,343,6.725,44.66,1,100.69999999999999,92.5,1375,173.5,75.1,18.78,-31.75,4.371,4.195,36.0,37.0,65.0,1666,1,-28.0,0.48
6418,343,6.725,44.63,1,100.69999999999999,92.5,1375,173.4,75.2,18.74,-31.75,4.367,4.195,36.0,37.0,65.0,1666,1,-28.0,0.49
6419,343,6.725,44.57,1,100.69999999999999,92.5,1374,173.4,75.1,18.82,-31.75,4.367,4.194,36.0,36.9,65.0,1666,1,-28.0,0.49
6420,343,6.725,44.6,1,100.69999999999999,92.5,1374,173.5,75.3,18.72,-31.75,4.371,4.195,36.0,36.9,65.0,1666,1,-28.0,0.49
6421,343,6.725,44.63,1,100.8,92.5,1375,173.4,75.1,18.74,-31.758,4.367,4.194,36.0,36.9,65.0,1666,1,-28.0,0.5
6422,343,6.725,44.62,1,100.8,92.5,1375,173.6,75.3,18.81,-31.75,4.367,4.195,36.0,36.8,65.0,1665,1,-28.0,0.49
6423,343,6.725,44.58,1,100.8,92.5,1375,173.6,75.2,18.75,-31.742,4.367,4.195,36.0,36.8,65.0,1665,1,-28.0,0.49
6424,343,6.725,44.7,1,100.69999999999999,92.5,1375,173.5,75.2,18.76,-31.742,4.371,4.194,36.0,36.7,65.0,1665,1,-28.0,0.48
6425,343,6.725,44.66,1,100.8,92.5,1375,173.6,75.2,18.75,-31.734,4.367,4.194,36.0,36.7,65.0,1665,1,-28.0,0.48
6426,343,6.725,44.69,1,100.8,92.5,1375,173.5,75.2,18.78,-31.734,4.371,4.195,36.0,36.6,65.0,1665,1,-28.0,0.47
6427,343,6.725,44.6,1,100.69999999999999,92.5,1375,173.5,75.3,18.77,-31.727,4.367,4.194,36.0,36.5,65.0,1665,1,-28.0,0.48
6428,343,6.725,44.56,1,100.8,92.5,1375,173.5,75.1,18.77,-31.727,4.367,4.195,36.0,36.5,65.0,1665,1,-28.0,0.48
6429,343,6.725,44.62,1,100.69999999999999,92.5,1375,173.5,75.1,18.79,-31.727,4.367,4.195,36.0,36.4,65.0,1665,1,-28.0,0.49
6430,343,6.725,44.68,1,100.69999999999999,92.5,1374,173.6,75.2,18.73,-31.727,4.367,4.195,35.0,36.3,65.0,1665,1,-28.0,0.49
6431,343,6.725,44.58,1,100.69999999999999,92.5,1374,173.5,75.2,18.7,-31.727,4.367,4.195,35.0,36.3,65.0,1665,1,-28.0,0.49
6432,343,6.725,44.62,1,100.69999999999999,92.5,1374,173.6,75.1,18.75,-31.727,4.367,4.195,35.0,36.2,65.0,1665,1,-28.0,0.49
6433,343,6.725,44.59,1,100.69999999999999,92.5,1373,173.6,75.2,18.75,-31.727,4.371,4.194,35.0,36.1,65.0,1665,1,-28.0,0.5
6434,343,6.725,44.58,1,100.69999999999999,92.5,1373,173.6,75.3,18.69,-31.734,4.371,4.194,35.0,36.0,65.0,1665,1,-28.0,0.49
6435,343,6.725,44.63,1,100.69999999999999,92.4,1374,173.7,75.2,18.77,-31.727,4.371,4.194,35.0,36.0,65.0,1665,1,-28.0,0.49
6436,343,6.725,44.62,1,100.69999999999999,92.4,1373,173.7,75.3,18.03,-31.727,4.371,4.194,35.0,35.9,65.0,1664,1,-28.0,0.49
6437,343,6.725,44.57,1,100.4,92.30000000000001,1372,173.7,75.2,17.86,-31.734,4.371,4.195,35.0,35.8,65.0,1664,1,-27.9,0.5
6438,343,6.725,44.54,1,100.2,92.30000000000001,1371,173.8,75.4,17.86,-31.742,4.367,4.195,35.0,35.7,65.0,1664,1,-28.0,0.5
6439,343,6.725,44.53,1,100.1,92.30000000000001,1370,173.8,75.1,17.86,-31.742,4.367,4.195,35.0,35.7,65.0,1664,1,-28.0,0.49
6440,343,6.725,44.59,1,100.1,92.30000000000001,1369,173.7,75.0,17.71,-31.75,4.371,4.195,35.0,35.6,65.0,1664,1,-28.0,0.49
6441,343,6.725,44.64,1,100.1,92.30000000000001,1368,173.9,74.9,17.62,-31.75,4.367,4.195,35.0,35.5,65.0,1664,1,-27.9,0.49
6442,343,6.725,44.6,1,100.0,92.30000000000001,1368,174.0,75.0,17.58,-31.75,4.367,4.195,35.0,35.4,65.0,1664,1,-27.9,0.48
6443,343,6.725,44.65,1,99.9,92.2,1368,174.1,75.0,17.16,-31.758,4.371,4.195,35.0,35.4,65.0,1664,1,-27.9,0.49
6444,343,6.725,44.56,1,99.7,92.2,1367,174.0,74.9,17.07,-31.766,4.367,4.195,34.0,35.3,65.0,1664,1,-27.9,0.49
6445,343,6.725,44.55,1,99.6,92.2,1366,174.0,75.0,17.09,-31.766,4.367,4.194,34.0,35.2,65.0,1664,1,-27.9,0.49
6446,343,6.725,44.52,1,99.6,92.2,1366,174.1,74.9,17.07,-31.781,4.367,4.195,34.0,35.2,65.0,1664,1,-27.9,0.5
6447,343,6.725,44.57,1,99.6,92.2,1366,174.1,75.0,17.07,-31.789,4.367,4.195,34.0,35.1,65.0,1664,1,-27.9,0.5
6448,343,6.725,44.53,1,99.6,92.2,1366,174.1,75.0,17.03,-31.789,4.367,4.195,34.0,35.1,65.0,1664,1,-27.9,0.49
6449,343,6.725,44.56,1,99.6,92.2,1366,174.1,74.9,17.1,-31.797,4.367,4.195,34.0,35.0,65.0,1664,1,-27.9,0.5
6450,343,6.725,44.55,1,99.6,92.2,1366,174.1,74.9,17.03,-31.797,4.367,4.195,34.0,34.9,65.0,1664,1,-27.9,0.49
6451,343,6.725,44.6,1,99.6,92.10000000000001,1366,174.1,74.9,17.09,-31.797,4.367,4.194,34.0,34.9,65.0,1663,1,-27.9,0.48
6452,342,6.725,44.53,1,99.6,92.10000000000001,1365,174.1,75.0,17.11,-31.805,4.367,4.194,34.0,34.8,65.0,1663,1,-27.9,0.49
6453,342,6.725,44.48,1,99.6,92.2,1365,174.2,74.9,17.12,-31.805,4.367,4.194,34.0,34.8,65.0,1663,1,-27.9,0.49
6454,342,6.725,44.51,1,99.6,92.2,1365,174.2,74.9,17.09,-31.812,4.367,4.194,34.0,34.7,65.0,1663,1,-27.9,0.49
6455,342,6.725,44.52,1,99.6,92.2,1365,174.3,75.0,17.07,-31.82,4.367,4.194,34.0,34.7,65.0,1663,1,-27.9,0.49
6456,342,6.725,44.49,1,99.6,92.2,1365,174.3,74.9,17.13,-31.828,4.367,4.194,34.0,34.6,65.0,1663,1,-27.9,0.48
6457,342,6.725,44.52,1,99.6,92.2,1366,174.3,74.9,17.07,-31.836,4.367,4.195,34.0,34.6,65.0,1663,1,-27.9,0.49
6458,342,6.725,44.49,1,99.6,92.2,1366,174.2,75.0,17.07,-31.844,4.367,4.195,34.0,34.5,65.0,1663,1,-27.9,0.49
6459,342,6.75,44.53,1,99.6,92.2,1365,174.2,75.0,17.06,-31.844,4.367,4.194,33.0,34.5,65.0,1663,1,-27.9,0.49
6460,342,6.725,44.51,1,99.6,92.10000000000001,1364,174.2,75.1,17.07,-31.844,4.367,4.195,34.0,34.4,65.0,1663,1,-27.8,0.5
6461,342,6.725,44.46,1,99.6,92.10000000000001,1364,174.2,74.9,17.04,-31.852,4.367,4.195,33.0,34.4,65.0,1663,1,-27.8,0.48
6462,342,6.725,44.45,1,99.6,92.2,1364,174.2,74.8,17.1,-31.852,4.367,4.194,33.0,34.3,65.0,1663,1,-27.8,0.49
6463,342,6.725,44.5,1,99.6,92.2,1364,174.2,74.9,17.09,-31.859,4.367,4.194,33.0,34.3,65.0,1663,1,-27.8,0.48
6464,342,6.725,44.48,1,99.6,92.10000000000001,1364,174.2,74.9,17.02,-31.859,4.367,4.195,33.0,34.2,65.0,1663,1,-27.8,0.48
6465,342,6.75,44.49,1,99.6,92.10000000000001,1365,174.2,74.9,17.27,-31.867,4.367,4.195,33.0,34.2,65.0,1663,1,-27.8,0.49
6466,342,6.725,44.52,1,99.8,92.30000000000001,1364,174.2,75.0,18.0,-31.867,4.367,4.194,33.0,34.1,65.0,1662,1,-27.8,0.49
6467,342,6.725,44.53,1,100.1,92.30000000000001,1366,174.3,75.2,18.12,-31.875,4.367,4.194,33.0,34.1,65.0,1662,1,-27.8,0.48
6468,342,6.725,44.52,1,100.2,92.30000000000001,1367,174.3,75.1,18.11,-31.875,4.367,4.195,33.0,34.1,65.0,1662,1,-27.8,0.48
6469,342,6.725,44.61,1,100.2,92.30000000000001,1368,174.3,75.3,18.23,-31.867,4.367,4.194,33.0,34.0,65.0,1662,1,-27.8,0.49
6470,342,6.725,44.54,1,100.4,92.4,1368,174.3,75.2,18.35,-31.867,4.367,4.194,33.0,34.0,65.0,1662,1,-27.8,0.49
6471,342,6.725,44.58,1,100.4,92.4,1369,174.3,75.2,18.37,-31.867,4.367,4.195,33.0,34.0,65.0,1662,1,-27.8,0.49
6472,342,6.725,44.61,1,100.49999999999999,92.4,1370,174.1,75.2,18.33,-31.867,4.367,4.194,33.0,33.9,65.0,1662,1,-27.8,0.49
6473,342,6.725,44.6,1,100.49999999999999,92.4,1370,174.2,75.1,18.34,-31.867,4.367,4.194,33.0,33.9,65.0,1662,1,-27.8,0.48
6474,342,6.725,44.59,1,100.49999999999999,92.4,1370,174.3,75.1,18.36,-31.867,4.367,4.195,33.0,33.9,64.0,1662,1,-27.8,0.49
6475,341,6.725,44.51,1,100.4,92.4,1370,174.4,75.1,18.34,-31.859,4.367,4.194,33.0,33.9,65.0,1662,1,-27.8,0.49
6476,341,6.725,44.6,1,100.49999999999999,92.4,1370,174.3,75.1,18.84,-31.859,4.367,4.194,33.0,33.9,64.0,1662,1,-27.8,0.48
6477,341,6.725,44.51,1,100.8,92.5,1371,174.3,75.1,19.35,-31.859,4.367,4.194,33.0,33.9,65.0,1662,1,-27.8,0.49
6478,341,6.725,44.66,1,101.0,92.5,1373,174.2,75.2,19.38,-31.852,4.367,4.195,33.0,33.9,64.0,1662,1,-27.8,0.49
6479,341,6.725,44.68,1,101.1,92.5,1375,174.2,75.5,19.34,-31.852,4.367,4.194,33.0,33.9,64.0,1662,1,-27.8,0.49
6480,341,6.725,44.57,1,101.2,92.5,1376,174.2,75.3,19.9,-31.852,4.367,4.194,33.0,33.9,64.0,1661,1,-27.8,0.5
6481,341,6.725,44.65,1,101.4,92.7,1377,174.2,75.4,20.18,-31.844,4.367,4.195,33.0,33.9,64.0,1661,1,-27.8,0.49
6482,341,6.725,44.64,1,101.6,92.7,1378,174.2,75.3,20.17,-31.844,4.367,4.194,33.0,34.0,64.0,1661,1,-27.7,0.49
6483,342,6.725,44.64,1,101.69999999999999,92.7,1380,174.2,75.5,20.21,-31.844,4.367,4.195,33.0,34.0,64.0,1661,1,-27.7,0.49
6484,342,6.725,44.65,1,101.69999999999999,92.7,1380,174.1,75.3,20.2,-31.828,4.367,4.195,33.0,34.1,64.0,1661,1,-27.7,0.48
6485,342,6.725,44.68,1,101.8,92.7,1380,174.0,75.5,20.23,-31.828,4.367,4.195,33.0,34.1,64.0,1661,1,-27.7,0.48
6486,342,6.725,44.65,1,101.69999999999999,92.7,1381,173.9,75.5,20.23,-31.812,4.367,4.194,33.0,34.2,64.0,1661,1,-27.7,0.49
6487,342,6.725,44.69,1,101.8,92.7,1381,173.8,75.6,20.18,-31.812,4.367,4.194,34.0,34.2,64.0,1661,1,-27.7,0.48
6488,342,6.725,44.7,1,101.69999999999999,92.7,1382,173.8,75.5,20.21,-31.805,4.367,4.195,34.0,34.3,64.0,1661,1,-27.7,0.49
6489,342,6.725,44.75,1,101.8,92.7,1382,173.7,75.5,20.19,-31.797,4.367,4.194,33.0,34.3,64.0,1661,1,-27.7,0.48
6490,342,6.725,44.69,1,101.69999999999999,92.7,1382,173.8,75.6,20.23,-31.789,4.367,4.195,34.0,34.4,64.0,1661,1,-27.7,0.49
6491,342,6.725,44.66,1,101.8,92.7,1382,173.8,75.4,20.21,-31.781,4.367,4.195,34.0,34.5,64.0,1661,1,-27.7,0.49
6492,342,6.725,44.73,1,101.8,92.7,1382,173.7,75.3,20.19,-31.781,4.367,4.195,34.0,34.5,64.0,1661,1,-27.7,0.49
6493,342,6.75,44.67,1,101.69999999999999,92.7,1382,173.5,75.3,20.19,-31.773,4.367,4.195,34.0,34.6,64.0,1661,1,-27.7,0.48
6494,342,6.75,44.64,1,101.69999999999999,92.7,1382,173.4,75.5,20.2,-31.773,4.367,4.195,34.0,34.6,64.0,1661,1,-27.7,0.48
6495,342,6.725,44.71,1,101.69999999999999,92.7,1382,173.3,75.5,20.21,-31.773,4.367,4.195,34.0,34.7,64.0,1660,1,-27.7,0.49
6496,342,6.725,44.65,1,101.69999999999999,92.7,1382,173.3,75.5,20.17,-31.766,4.367,4.194,34.0,34.8,64.0,1660,1,-27.7,0.49
6497,342,6.725,44.7,1,101.69999999999999,92.7,1382,173.2,75.4,20.23,-31.766,4.367,4.194,34.0,34.8,64.0,1660,1,-27.7,0.48
6498,342,6.725,44.71,1,101.8,92.7,1382,173.2,75.5,20.16,-31.766,4.367,4.194,34.0,34.9,64.0,1660,1,-27.7,0.48
6499,342,6.75,44.7,1,101.69999999999999,92.7,1382,173.3,75.4,20.16,-31.766,4.367,4.194,34.0,34.9,64.0,1660,1,-27.7,0.49
6500,342,6.725,44.59,1,101.69999999999999,92.7,1382,173.4,75.4,20.19,-31.766,4.367,4.195,34.0,35.0,64.0,1660,1,-27.7,0.48
6501,342,6.725,44.8,1,101.69999999999999,92.7,1382,173.2,75.2,20.22,-31.766,4.367,4.194,34.0,35.1,64.0,1660,1,-27.7,0.49
6502,342,6.725,44.6,1,101.8,92.7,1382,173.1,75.3,20.18,-31.766,4.367,4.194,34.0,35.1,64.0,1660,1,-27.7,0.49
6503,342,6.725,44.6,1,101.8,92.7,1383,173.1,75.4,20.21,-31.766,4.371,4.194,35.0,35.2,64.0,1660,1,-27.7,0.5
6504,342,6.725,44.71,1,101.69999999999999,92.7,1383,173.1,75.4,20.2,-31.758,4.371,4.194,35.0,35.2,64.0,1660,1,-27.7,0.5
6505,342,6.725,44.68,1,101.69999999999999,92.7,1384,173.1,75.4,20.2,-31.758,4.371,4.194,35.0,35.3,64.0,1660,1,-27.7,0.49
6506,342,6.725,44.71,1,101.69999999999999,92.7,1384,173.2,75.5,19.64,-31.758,4.367,4.195,35.0,35.3,64.0,1660,1,-27.6,0.49
6507,342,6.725,44.64,1,101.4,92.5,1382,173.2,75.3,19.12,-31.758,4.371,4.195,35.0,35.4,64.0,1660,1,-27.6,0.5
6508,343,6.725,44.71,1,101.1,92.5,1380,173.2,75.3,19.1,-31.758,4.371,4.194,35.0,35.4,64.0,1660,1,-27.6,0.49
6509,343,6.725,44.67,1,101.1,92.5,1379,173.2,75.2,19.1,-31.758,4.367,4.194,35.0,35.5,64.0,1660,1,-27.6,0.5
6510,343,6.725,44.65,1,101.0,92.5,1378,173.2,75.1,19.09,-31.766,4.367,4.195,35.0,35.5,64.0,1659,1,-27.6,0.49
6511,343,6.725,44.66,1,101.0,92.5,1377,173.1,75.1,19.13,-31.766,4.367,4.194,35.0,35.6,64.0,1659,1,-27.6,0.5
6512,343,6.725,44.66,1,101.0,92.5,1377,173.1,75.2,19.12,-31.773,4.367,4.194,35.0,35.6,64.0,1659,1,-27.6,0.5
6513,343,6.725,44.61,1,101.0,92.5,1377,173.1,75.3,19.11,-31.781,4.367,4.194,35.0,35.6,64.0,1659,1,-27.6,0.5
6514,343,6.725,44.53,1,101.0,92.5,1377,173.0,75.3,19.06,-31.781,4.367,4.194,35.0,35.7,64.0,1659,1,-27.6,0.5
6515,343,6.725,44.64,1,101.0,92.5,1377,173.0,75.1,19.05,-31.789,4.367,4.194,35.0,35.7,64.0,1659,1,-27.6,0.49
6516,343,6.725,44.58,1,101.0,92.5,1377,172.9,75.1,19.08,-31.789,4.367,4.195,35.0,35.8,64.0,1659,1,-27.6,0.48
6517,343,6.725,44.58,1,101.0,92.5,1377,173.0,75.2,19.11,-31.789,4.367,4.194,35.0,35.8,64.0,1659,1,-27.6,0.49
6518,343,6.725,44.58,1,101.0,92.5,1378,173.0,75.2,19.1,-31.781,4.367,4.194,35.0,35.8,64.0,1659,1,-27.6,0.49
6519,343,6.725,44.72,1,101.0,92.5,1378,173.0,75.3,19.11,-31.781,4.367,4.194,35.0,35.8,64.0,1659,1,-27.6,0.48
6520,343,6.725,44.56,1,101.0,92.5,1377,173.0,75.3,19.08,-31.781,4.367,4.194,35.0,35.9,64.0,1659,1,-27.6,0.49
6521,343,6.725,44.64,1,101.0,92.5,1377,173.1,75.2,19.07,-31.781,4.367,4.194,35.0,35.9,64.0,1659,1,-27.6,0.48
6522,343,6.725,44.62,1,101.0,92.5,1376,173.2,75.3,19.07,-31.789,4.367,4.194,35.0,35.9,64.0,1659,1,-27.6,0.49
6523,343,6.725,44.65,1,100.89999999999999,92.5,1378,173.2,75.3,19.04,-31.789,4.367,4.194,35.0,35.9,64.0,1659,1,-27.6,0.48
6524,343,6.725,44.59,1,101.0,92.5,1378,173.2,75.2,19.46,-31.781,4.367,4.194,35.0,35.9,64.0,1659,1,-27.6,0.48
6525,343,6.725,44.65,1,101.2,92.60000000000001,1378,173.2,75.3,19.89,-31.781,4.367,4.194,35.0,35.9,64.0,1658,1,-27.6,0.49
6526,343,6.725,44.72,1,101.4,92.7,1379,173.1,75.4,19.93,-31.773,4.367,4.194,35.0,36.0,64.0,1658,1,-27.6,0.49
6527,343,6.725,44.63,1,101.49999999999999,92.7,1380,173.1,75.4,19.92,-31.766,4.367,4.195,35.0,36.0,64.0,1658,1,-27.6,0.49
6528,343,6.725,44.73,1,101.6,92.7,1381,173.1,75.4,19.94,-31.758,4.367,4.195,35.0,36.0,64.0,1658,1,-27.6,0.49
6529,343,6.725,44.68,1,101.6,92.7,1382,173.2,75.3,19.95,-31.758,4.367,4.195,35.0,36.0,64.0,1658,1,-27.6,0.49
6530,343,6.725,44.73,1,101.6,92.7,1382,173.2,75.4,19.95,-31.75,4.371,4.194,35.0,36.1,64.0,1658,1,-27.5,0.5
6531,343,6.725,44.65,1,101.6,92.7,1381,173.2,75.4,19.98,-31.742,4.371,4.194,35.0,36.1,64.0,1658,1,-27.6,0.5
6532,343,6.725,44.68,1,101.6,92.7,1382,173.3,75.4,19.94,-31.734,4.371,4.195,35.0,36.1,64.0,1658,1,-27.5,0.5
6533,343,6.725,44.74,1,101.6,92.7,1381,173.3,75.4,19.95,-31.727,4.371,4.195,35.0,36.1,64.0,1658,1,-27.5,0.49
6534,343,6.725,44.68,1,101.6,92.7,1381,173.2,75.4,19.96,-31.727,4.371,4.194,35.0,36.1,64.0,1658,1,-27.5,0.5
6535,343,6.725,44.74,1,101.6,92.7,1380,173.2,75.3,19.95,-31.727,4.371,4.194,36.0,36.2,64.0,1658,1,-27.5,0.49
6536,343,6.725,44.68,1,101.6,92.7,1380,173.2,75.5,19.99,-31.719,4.371,4.194,35.0,36.2,64.0,1658,1,-27.5,0.49
6537,343,6.725,44.66,1,101.6,92.7,1381,173.2,75.3,19.96,-31.719,4.371,4.194,35.0,36.2,64.0,1658,1,-27.5,0.49
6538,343,6.725,44.73,1,101.6,92.7,1381,173.1,75.3,19.92,-31.719,4.367,4.194,35.0,36.2,64.0,1658,1,-27.5,0.49
6539,343,6.75,44.63,1,101.49999999999999,92.60000000000001,1381,173.1,75.4,19.07,-31.711,4.371,4.194,36.0,36.2,64.0,1658,1,-27.5,0.49
6540,343,6.75,44.64,1,101.0,92.4,1380,173.1,75.2,18.54,-31.719,4.371,4.194,35.0,36.3,64.0,1657,1,-27.5,0.49
6541,343,6.725,44.64,1,100.8,92.4,1377,173.1,75.2,18.52,-31.719,4.371,4.194,35.0,36.3,64.0,1657,1,-27.5,0.49
6542,343,6.725,44.66,1,100.6,92.4,1375,173.1,75.1,18.36,-31.727,4.367,4.194,36.0,36.3,64.0,1657,1,-27.5,0.49
6543,343,6.725,44.58,1,100.49999999999999,92.30000000000001,1375,173.1,75.1,17.8,-31.727,4.367,4.195,35.0,36.3,64.0,1657,1,-27.5,0.49
6544,343,6.725,44.55,1,100.2,92.30000000000001,1373,173.1,75.1,17.72,-31.734,4.367,4.195,35.0,36.3,64.0,1657,1,-27.5,0.49
6545,343,6.725,44.58,1,100.1,92.30000000000001,1371,173.1,75.1,17.5,-31.742,4.367,4.194,36.0,36.3,64.0,1657,1,-27.5,0.49
6546,343,6.725,44.58,1,99.9,92.2,1370,173.3,75.0,16.9,-31.75,4.367,4.194,35.0,36.3,64.0,1657,1,-27.5,0.48
6547,343,6.725,44.49,1,99.6,92.10000000000001,1368,173.3,75.0,16.82,-31.766,4.367,4.194,36.0,36.3,64.0,1657,1,-27.5,0.48
6548,343,6.725,44.57,1,99.5,92.10000000000001,1367,173.4,74.9,16.8,-31.766,4.367,4.194,35.0,36.4,64.0,1657,1,-27.5,0.5
6549,343,6.75,44.55,1,99.5,92.10000000000001,1367,173.4,74.8,16.84,-31.773,4.367,4.195,36.0,36.3,64.0,1657,1,-27.5,0.48
6550,343,6.75,44.53,1,99.5,92.10000000000001,1367,173.5,74.9,16.82,-31.773,4.367,4.194,35.0,36.4,64.0,1657,1,-27.5,0.49
6551,343,6.725,44.55,1,99.4,92.10000000000001,1366,173.6,74.9,16.8,-31.781,4.367,4.194,36.0,36.4,64.0,1657,1,-27.5,0.48
6552,343,6.725,44.47,1,99.4,92.10000000000001,1365,173.6,74.9,16.82,-31.789,4.367,4.195,36.0,36.4,64.0,1657,1,-27.5,0.49
6553,343,6.725,44.52,1,99.4,92.10000000000001,1365,173.6,75.0,16.79,-31.789,4.367,4.194,36.0,36.3,64.0,1657,1,-27.5,0.49
6554,343,6.725,44.55,1,99.4,92.10000000000001,1365,173.7,75.0,16.82,-31.797,4.367,4.194,35.0,36.4,64.0,1657,1,-27.5,0.47
6555,343,6.725,44.53,1,99.4,92.10000000000001,1364,173.7,74.9,16.78,-31.797,4.367,4.194,35.0,36.3,64.0,1656,1,-27.4,0.48
6556,343,6.725,44.43,1,99.4,92.10000000000001,1364,173.9,74.8,16.76,-31.805,4.367,4.194,35.0,36.3,64.0,1656,1,-27.4,0.49
6557,343,6.725,44.55,1,99.4,92.10000000000001,1364,174.0,74.8,16.78,-31.805,4.367,4.194,35.0,36.3,64.0,1656,1,-27.4,0.49
6558,343,6.725,44.5,1,99.3,92.10000000000001,1364,174.0,74.8,16.28,-31.797,4.371,4.194,35.0,36.3,64.0,1656,1,-27.4,0.49
6559,343,6.725,44.53,1,99.1,92.0,1363,174.0,74.9,16.18,-31.797,4.371,4.194,35.0,36.3,64.0,1656,1,-27.5,0.48
6560,343,6.725,44.49,1,99.0,92.0,1362,174.1,74.8,16.19,-31.805,4.371,4.194,36.0,36.3,64.0,1656,1,-27.4,0.5
6561,343,6.725,44.54,1,99.0,92.0,1361,174.2,74.8,16.23,-31.797,4.367,4.194,35.0,36.3,64.0,1656,1,-27.4,0.48
6562,343,6.725,44.43,1,99.0,92.0,1361,174.2,74.6,16.21,-31.797,4.367,4.194,35.0,36.3,64.0,1656,1,-27.4,0.49
6563,343,6.725,44.41,1,99.0,92.0,1360,174.3,74.8,16.23,-31.797,4.367,4.195,35.0,36.3,64.0,1656,1,-27.4,0.49
6564,343,6.725,44.53,1,99.0,92.0,1360,174.2,74.7,16.23,-31.797,4.367,4.194,36.0,36.3,64.0,1656,1,-27.4,0.48
6565,343,6.725,44.47,1,99.0,92.0,1360,174.3,74.8,16.23,-31.797,4.367,4.194,36.0,36.2,64.0,1656,1,-27.4,0.49
6566,343,6.725,44.46,1,99.1,92.10000000000001,1359,174.4,74.9,16.77,-31.797,4.367,4.194,35.0,36.3,64.0,1656,1,-27.4,0.49
6567,343,6.725,44.45,1,99.4,92.2,1360,174.5,74.9,17.48,-31.797,4.367,4.194,35.0,36.2,64.0,1656,1,-27.4,0.49
6568,343,6.725,44.48,1,99.7,92.2,1362,174.4,75.0,17.56,-31.797,4.367,4.194,35.0,36.2,64.0,1656,1,-27.4,0.5
6569,343,6.725,44.51,1,99.9,92.30000000000001,1364,174.4,75.0,17.59,-31.789,4.367,4.194,35.0,36.2,64.0,1656,1,-27.4,0.5
6570,343,6.725,44.48,1,99.9,92.2,1365,174.3,75.1,17.54,-31.789,4.367,4.194,35.0,36.2,64.0,1655,1,-27.4,0.5
6571,343,6.725,44.51,1,99.9,92.30000000000001,1366,174.3,75.1,17.55,-31.789,4.367,4.194,35.0,36.2,64.0,1655,1,-27.4,0.5
6572,343,6.725,44.55,1,99.9,92.2,1366,174.4,75.1,17.54,-31.781,4.367,4.195,35.0,36.2,64.0,1655,1,-27.4,0.51
6573,343,6.725,44.51,1,99.9,92.2,1366,174.4,75.1,17.56,-31.773,4.367,4.194,35.0,36.1,64.0,1655,1,-27.4,0.5
6574,343,6.725,44.45,1,99.9,92.2,1365,174.3,75.0,17.52,-31.773,4.367,4.194,35.0,36.1,64.0,1655,1,-27.4,0.5
6575,343,6.725,44.51,1,99.9,92.30000000000001,1366,174.3,75.0,17.57,-31.766,4.367,4.195,35.0,36.1,64.0,1655,1,-27.4,0.5
6576,343,6.725,44.49,1,99.9,92.2,1366,174.3,75.1,17.56,-31.766,4.371,4.194,35.0,36.1,64.0,1655,1,-27.4,0.49
6577,343,6.725,44.5,1,99.9,92.2,1366,174.3,75.0,17.5,-31.766,4.367,4.194,35.0,36.1,64.0,1655,1,-27.4,0.49
6578,343,6.75,44.53,1,99.9,92.2,1366,174.2,75.0,17.55,-31.766,4.367,4.195,35.0,36.1,64.0,1655,1,-27.4,0.49
6579,342,6.75,44.5,1,99.9,92.2,1366,174.3,75.1,17.56,-31.773,4.367,4.194,35.0,36.0,64.0,1655,1,-27.4,0.5
6580,343,6.75,44.48,1,99.9,92.2,1366,174.3,75.0,17.84,-31.781,4.367,4.194,35.0,36.0,64.0,1655,1,-27.4,0.49
6581,343,6.725,44.49,1,100.2,92.4,1366,174.5,75.1,18.21,-31.781,4.367,4.194,35.0,36.0,64.0,1655,1,-27.4,0.49
6582,343,6.725,44.49,1,100.29999999999998,92.30000000000001,1368,174.4,75.1,18.19,-31.789,4.367,4.194,35.0,36.0,64.0,1655,1,-27.3,0.49
6583,343,6.725,44.53,1,100.4,92.4,1369,174.3,75.1,18.22,-31.789,4.367,4.194,35.0,36.0,64.0,1655,1,-27.3,0.5
6584,343,6.75,44.51,1,100.29999999999998,92.30000000000001,1369,174.3,75.2,18.2,-31.781,4.367,4.194,35.0,36.0,64.0,1655,1,-27.3,0.48
6585,343,6.75,44.51,1,100.4,92.4,1370,174.2,75.2,18.24,-31.781,4.367,4.194,35.0,36.0,64.0,1654,1,-27.3,0.48
6586,343,6.725,44.55,1,100.4,92.4,1370,174.3,75.2,18.23,-31.781,4.367,4.194,35.0,36.0,64.0,1654,1,-27.3,0.49
6587,343,6.725,44.49,1,100.49999999999999,92.4,1371,174.2,75.3,18.96,-31.773,4.367,4.194,35.0,36.0,64.0,1654,1,-27.3,0.48
6588,343,6.725,44.64,1,100.8,92.5,1372,174.2,75.2,19.22,-31.766,4.367,4.194,35.0,35.9,64.0,1654,1,-27.3,0.49
6589,343,6.725,44.6,1,101.0,92.5,1375,174.2,75.2,19.25,-31.766,4.367,4.194,35.0,35.9,64.0,1654,1,-27.3,0.48
6590,343,6.725,44.59,1,101.0,92.5,1376,174.0,75.1,19.44,-31.758,4.367,4.194,35.0,35.9,64.0,1654,1,-27.3,0.5
6591,343,6.725,44.59,1,101.2,92.60000000000001,1376,173.9,75.2,19.9,-31.75,4.367,4.194,35.0,35.9,64.0,1654,1,-27.3,0.48
6592,343,6.725,44.65,1,101.4,92.7,1378,173.9,75.2,19.93,-31.742,4.367,4.194,35.0,35.9,64.0,1654,1,-27.3,0.48
6593,343,6.725,44.72,1,101.49999999999999,92.7,1379,173.8,75.4,20.55,-31.727,4.367,4.194,35.0,35.9,64.0,1654,1,-27.3,0.49
6594,343,6.725,44.62,1,101.89999999999999,92.9,1380,173.7,75.6,21.02,-31.719,4.367,4.194,35.0,35.9,64.0,1654,1,-27.3,0.49
6595,343,6.725,44.73,1,102.1,92.9,1383,173.7,75.5,21.01,-31.703,4.367,4.194,35.0,35.9,64.0,1654,1,-27.3,0.48
6596,343,6.725,44.7,1,102.2,92.80000000000001,1384,173.6,75.7,21.04,-31.688,4.367,4.194,35.0,35.9,64.0,1654,1,-27.3,0.48
6597,343,6.725,44.67,1,102.2,92.9,1385,173.5,75.5,21.04,-31.672,4.367,4.194,35.0,36.0,64.0,1654,1,-27.3,0.48
6598,344,6.725,44.77,1,102.2,92.9,1386,173.4,75.4,21.05,-31.656,4.367,4.194,35.0,36.0,64.0,1654,1,-27.3,0.49
6599,344,6.725,44.69,1,102.2,92.9,1386,173.5,75.4,21.03,-31.648,4.367,4.194,35.0,36.0,64.0,1654,1,-27.3,0.48
6600,344,6.725,44.7,1,102.2,92.9,1386,173.4,75.4,21.07,-31.633,4.367,4.194,35.0,36.0,64.0,1653,1,-27.3,0.48
6601,344,6.725,44.77,1,102.2,92.80000000000001,1387,173.3,75.5,21.1,-31.625,4.367,4.194,35.0,36.0,64.0,1653,1,-27.3,0.48
6602,344,6.725,44.75,1,102.2,92.9,1387,173.3,75.5,21.06,-31.617,4.367,4.194,35.0,36.0,64.0,1653,1,-27.3,0.49
6603,344,6.725,44.77,1,102.2,92.9,1387,173.2,75.4,21.08,-31.609,4.367,4.194,35.0,36.0,64.0,1653,1,-27.3,0.49
6604,344,6.725,44.7,1,102.2,92.9,1388,173.2,75.4,21.08,-31.602,4.367,4.194,35.0,36.0,64.0,1653,1,-27.3,0.49
6605,344,6.725,44.71,1,102.2,92.9,1388,173.1,75.5,21.04,-31.594,4.367,4.194,35.0,36.1,64.0,1653,1,-27.3,0.49
6606,344,6.725,44.69,1,102.2,92.9,1388,173.2,75.5,21.03,-31.586,4.367,4.195,35.0,36.1,64.0,1653,1,-27.3,0.49
6607,344,6.725,44.71,1,102.2,92.9,1389,173.2,75.5,21.08,-31.578,4.367,4.194,35.0,36.1,64.0,1653,1,-27.2,0.5
6608,344,6.725,44.77,1,102.2,92.9,1389,173.1,75.5,21.1,-31.578,4.367,4.194,35.0,36.2,64.0,1653,1,-27.3,0.5
6609,345,6.725,44.71,1,102.2,92.9,1389,173.1,75.6,21.05,-31.57,4.367,4.194,35.0,36.2,64.0,1653,1,-27.3,0.49
6610,345,6.725,44.67,1,102.3,92.9,1390,173.0,75.5,21.04,-31.562,4.367,4.194,35.0,36.2,64.0,1653,1,-27.3,0.49
6611,345,6.725,44.75,1,102.2,92.9,1390,173.0,75.5,21.07,-31.555,4.367,4.194,35.0,36.2,64.0,1653,1,-27.2,0.48
6612,345,6.725,44.74,1,102.2,92.9,1390,173.0,75.5,21.07,-31.547,4.367,4.194,35.0,36.3,64.0,1653,1,-27.2,0.49
6613,345,6.725,44.67,1,102.2,92.9,1390,173.0,75.4,21.1,-31.539,4.367,4.194,35.0,36.3,64.0,1653,1,-27.2,0.49
6614,345,6.725,44.69,1,102.2,92.9,1390,172.9,75.4,21.07,-31.523,4.367,4.194,35.0,36.3,64.0,1653,1,-27.2,0.48
6615,345,6.725,44.75,1,102.2,92.9,1390,172.9,75.5,21.05,-31.516,4.367,4.194,35.0,36.3,64.0,1653,1,-27.2,0.48
6616,345,6.725,44.73,1,102.2,92.9,1390,172.9,75.3,21.08,-31.508,4.367,4.194,35.0,36.4,64.0,1652,1,-27.2,0.48
6617,345,6.725,44.69,1,102.2,92.9,1390,172.9,75.3,21.13,-31.5,4.367,4.194,36.0,36.4,64.0,1652,1,-27.2,0.49
6618,345,6.725,44.75,1,102.2,92.9,1390,172.8,75.4,21.09,-31.492,4.367,4.194,36.0,36.4,64.0,1652,1,-27.2,0.48
6619,345,6.725,44.67,1,102.2,92.9,1389,172.7,75.5,21.09,-31.484,4.367,4.194,35.0,36.4,64.0,1652,1,-27.2,0.49
6620,345,6.725,44.67,1,102.2,92.9,1390,172.7,75.4,21.1,-31.477,4.367,4.195,36.0,36.5,64.0,1652,1,-27.2,0.49
6621,345,6.725,44.61,1,102.2,92.9,1390,172.7,75.4,21.09,-31.469,4.367,4.194,36.0,36.5,64.0,1652,1,-27.2,0.49
6622,345,6.725,44.69,1,102.2,92.9,1389,172.7,75.6,20.35,-31.461,4.367,4.194,35.0,36.5,64.0,1652,1,-27.2,0.48
6623,346,6.725,44.73,1,101.8,92.7,1388,172.7,75.3,19.46,-31.453,4.367,4.194,36.0,36.5,64.0,1652,1,-27.2,0.49
6624,346,6.725,44.72,1,101.4,92.60000000000001,1386,172.8,75.3,19.32,-31.453,4.367,4.194,36.0,36.5,64.0,1652,1,-27.2,0.48
6625,346,6.725,44.63,1,101.2,92.60000000000001,1383,172.7,75.3,19.34,-31.445,4.371,4.194,36.0,36.6,64.0,1652,1,-27.2,0.49
6626,346,6.725,44.64,1,101.2,92.60000000000001,1382,172.8,75.3,19.33,-31.453,4.371,4.194,36.0,36.6,64.0,1652,1,-27.2,0.48
6627,346,6.75,44.65,1,101.2,92.60000000000001,1382,172.8,75.2,19.29,-31.453,4.367,4.194,36.0,36.6,64.0,1652,1,-27.2,0.49
6628,346,6.725,44.64,1,101.1,92.60000000000001,1381,172.9,75.2,19.32,-31.461,4.367,4.194,36.0,36.6,64.0,1652,1,-27.2,0.49
6629,346,6.725,44.56,1,101.1,92.60000000000001,1381,173.0,75.2,19.31,-31.453,4.367,4.194,36.0,36.7,64.0,1652,1,-27.2,0.49
6630,346,6.725,44.6,1,101.1,92.60000000000001,1380,173.2,75.2,19.33,-31.453,4.367,4.194,36.0,36.7,64.0,1652,1,-27.2,0.49
6631,346,6.725,44.64,1,101.1,92.60000000000001,1380,173.2,75.3,19.1,-31.453,4.371,4.194,36.0,36.7,64.0,1652,1,-27.2,0.48
6632,346,6.725,44.72,1,100.89999999999999,92.5,1381,173.3,75.2,18.57,-31.453,4.367,4.194,36.0,36.7,64.0,1651,1,-27.2,0.5
6633,346,6.725,44.58,1,100.69999999999999,92.5,1379,173.2,75.2,18.44,-31.445,4.371,4.194,36.0,36.7,64.0,1651,1,-27.2,0.49
6634,346,6.725,44.55,1,100.49999999999999,92.4,1378,173.2,75.2,17.63,-31.445,4.371,4.194,36.0,36.7,64.0,1651,1,-27.2,0.49
6635,346,6.725,44.64,1,100.1,92.30000000000001,1375,173.2,75.1,17.41,-31.445,4.371,4.194,36.0,36.7,64.0,1651,1,-27.2,0.5
6636,346,6.725,44.6,1,99.9,92.2,1373,173.3,75.0,17.41,-31.453,4.371,4.194,36.0,36.7,64.0,1651,1,-27.2,0.5
6637,346,6.725,44.4,1,99.8,92.30000000000001,1371,173.2,75.1,17.4,-31.453,4.371,4.194,36.0,36.7,64.0,1651,1,-27.2,0.49
6638,346,6.725,44.54,1,99.8,92.30000000000001,1371,173.3,75.0,17.42,-31.461,4.367,4.194,36.0,36.8,64.0,1651,1,-27.1,0.5
6639,346,6.725,44.56,1,99.9,92.30000000000001,1371,173.3,75.0,17.45,-31.461,4.371,4.194,36.0,36.7,64.0,1651,1,-27.2,0.49
6640,346,6.725,44.54,1,99.8,92.30000000000001,1371,173.4,75.1,17.4,-31.461,4.371,4.194,36.0,36.8,64.0,1651,1,-27.2,0.49
6641,346,6.75,44.53,1,99.8,92.30000000000001,1371,173.4,74.9,17.4,-31.469,4.371,4.194,36.0,36.7,64.0,1651,1,-27.1,0.49
6642,346,6.725,44.47,1,99.9,92.30000000000001,1371,173.3,75.0,17.39,-31.469,4.371,4.194,36.0,36.8,64.0,1651,1,-27.1,0.49
6643,346,6.725,44.57,1,99.9,92.30000000000001,1370,173.3,75.0,17.41,-31.469,4.371,4.194,36.0,36.7,64.0,1651,1,-27.1,0.49
6644,346,6.725,44.48,1,99.8,92.30000000000001,1370,173.4,75.0,17.24,-31.469,4.371,4.194,36.0,36.7,64.0,1651,1,-27.1,0.49
6645,346,6.725,44.61,1,99.6,92.2,1369,173.5,74.9,16.95,-31.461,4.371,4.194,36.0,36.7,64.0,1651,1,-27.1,0.49
6646,346,6.725,44.55,1,99.6,92.2,1368,173.6,75.0,16.94,-31.461,4.371,4.194,36.0,36.8,64.0,1651,1,-27.1,0.49
6647,346,6.725,44.48,1,99.5,92.2,1368,173.6,75.0,16.91,-31.461,4.371,4.194,36.0,36.7,64.0,1651,1,-27.1,0.49
6648,346,6.725,44.56,1,99.5,92.2,1367,173.8,74.8,16.39,-31.469,4.371,4.194,36.0,36.7,63.0,1651,1,-27.1,0.48
6649,346,6.725,44.51,1,99.2,92.10000000000001,1365,173.9,74.8,16.23,-31.477,4.371,4.194,36.0,36.7,64.0,1650,1,-27.1,0.49
6650,345,6.725,44.47,1,99.1,92.10000000000001,1364,173.9,74.8,16.31,-31.477,4.371,4.194,36.0,36.7,63.0,1650,1,-27.1,0.5
6651,345,6.725,44.52,1,99.0,92.0,1363,173.8,75.0,16.05,-31.492,4.371,4.194,36.0,36.7,64.0,1650,1,-27.1,0.49
6652,345,6.725,44.43,1,98.9,92.0,1362,173.8,74.8,16.02,-31.492,4.371,4.194,36.0,36.7,64.0,1650,1,-27.1,0.49
6653,345,6.725,44.48,1,98.8,92.0,1361,173.9,74.7,15.32,-31.5,4.371,4.194,36.0,36.7,63.0,1650,1,-27.1,0.49
6654,345,6.725,44.42,1,98.5,91.9,1360,174.0,74.8,15.16,-31.516,4.371,4.194,36.0,36.7,64.0,1650,1,-27.1,0.48
6655,345,6.725,44.42,1,98.3,91.8,1357,174.1,74.7,15.11,-31.516,4.371,4.194,36.0,36.7,63.0,1650,1,-27.1,0.49
6656,345,6.725,44.5,1,98.3,91.8,1356,174.1,74.6,15.12,-31.523,4.371,4.194,36.0,36.7,63.0,1650,1,-27.1,0.48
6657,345,6.725,44.41,1,98.2,91.8,1355,174.2,74.6,15.12,-31.531,4.371,4.194,36.0,36.6,63.0,1650,1,-27.1,0.49
6658,345,6.725,44.33,1,98.2,91.8,1354,174.1,74.6,15.09,-31.531,4.367,4.194,36.0,36.6,63.0,1650,1,-27.1,0.49
6659,345,6.725,44.34,1,98.3,91.9,1353,174.2,74.7,15.11,-31.539,4.367,4.194,36.0,36.6,63.0,1650,1,-27.1,0.48
6660,345,6.725,44.35,1,98.3,91.8,1354,174.3,74.8,15.15,-31.539,4.367,4.194,36.0,36.6,63.0,1650,1,-27.1,0.48
6661,345,6.725,44.4,1,98.2,91.8,1353,174.3,74.7,15.15,-31.539,4.367,4.194,36.0,36.6,63.0,1650,1,-27.1,0.49
6662,345,6.725,44.35,1,98.3,91.8,1354,174.3,74.9,15.18,-31.539,4.367,4.194,36.0,36.6,63.0,1650,1,-27.1,0.5
6663,345,6.725,44.52,1,98.3,91.9,1353,174.4,74.7,15.09,-31.539,4.367,4.194,36.0,36.6,63.0,1650,1,-27.1,0.49
6664,345,6.725,44.44,1,98.2,91.8,1354,174.5,74.7,15.1,-31.539,4.367,4.194,36.0,36.5,63.0,1650,1,-27.1,0.49
6665,344,6.725,44.33,1,98.2,91.8,1354,174.6,74.6,15.15,-31.539,4.367,4.194,36.0,36.5,63.0,1649,1,-27.1,0.49
6666,344,6.725,44.39,1,98.3,91.8,1353,174.6,74.7,15.11,-31.547,4.367,4.194,36.0,36.5,63.0,1649,1,-27.1,0.5
6667,344,6.725,44.33,1,98.2,91.8,1353,174.6,74.7,15.17,-31.555,4.367,4.194,35.0,36.5,63.0,1649,1,-27.1,0.5
6668,344,6.725,44.39,1,98.2,91.8,1353,174.7,74.8,15.18,-31.555,4.367,4.194,36.0,36.5,63.0,1649,1,-27.1,0.49
6669,344,6.725,44.35,1,98.3,91.8,1353,174.7,74.7,15.16,-31.562,4.367,4.194,36.0,36.4,63.0,1649,1,-27.0,0.5
6670,344,6.725,44.34,1,98.3,91.8,1352,174.8,74.7,15.51,-31.562,4.367,4.194,35.0,36.4,63.0,1649,1,-27.0,0.49
6671,344,6.725,44.39,1,98.6,92.0,1352,174.8,74.9,16.61,-31.57,4.367,4.194,36.0,36.4,63.0,1649,1,-27.0,0.49
6672,344,6.725,44.5,1,99.1,92.2,1355,174.8,74.8,17.02,-31.57,4.367,4.194,35.0,36.4,63.0,1649,1,-27.0,0.48
6673,344,6.725,44.41,1,99.4,92.10000000000001,1359,174.7,74.9,17.07,-31.562,4.371,4.194,35.0,36.4,63.0,1649,1,-27.0,0.5
6674,344,6.725,44.46,1,99.5,92.2,1360,174.7,74.9,17.07,-31.555,4.371,4.194,35.0,36.4,63.0,1649,1,-27.0,0.49
6675,344,6.725,44.36,1,99.6,92.2,1361,174.7,75.0,17.2,-31.547,4.371,4.194,35.0,36.3,63.0,1649,1,-27.0,0.5
6676,344,6.725,44.46,1,99.7,92.2,1362,174.8,75.2,17.59,-31.547,4.371,4.194,35.0,36.3,63.0,1649,1,-27.0,0.5
6677,344,6.725,44.38,1,99.9,92.30000000000001,1364,174.7,75.2,17.67,-31.547,4.371,4.194,36.0,36.3,63.0,1649,1,-27.0,0.5
6678,344,6.725,44.46,1,99.9,92.30000000000001,1365,174.8,75.3,17.61,-31.539,4.371,4.194,35.0,36.3,63.0,1649,1,-27.0,0.5
6679,344,6.725,44.53,1,99.9,92.30000000000001,1366,174.8,75.2,17.62,-31.539,4.371,4.194,35.0,36.3,63.0,1649,1,-27.0,0.5
6680,344,6.725,44.46,1,99.9,92.2,1366,174.7,75.2,17.65,-31.539,4.367,4.194,35.0,36.3,63.0,1649,1,-27.0,0.49
6681,344,6.725,44.46,1,100.0,92.30000000000001,1366,174.7,75.3,17.69,-31.539,4.367,4.194,35.0,36.3,63.0,1649,1,-27.0,0.49
6682,344,6.725,44.47,1,100.0,92.30000000000001,1367,174.6,75.1,17.95,-31.539,4.367,4.194,36.0,36.3,63.0,1648,1,-27.0,0.5
6683,344,6.725,44.54,1,100.2,92.4,1368,174.6,75.1,18.02,-31.539,4.367,4.194,35.0,36.3,63.0,1648,1,-27.0,0.5
6684,344,6.725,44.58,1,100.2,92.30000000000001,1370,174.5,75.1,18.08,-31.547,4.371,4.194,35.0,36.2,63.0,1648,1,-27.0,0.5
6685,344,6.725,44.51,1,100.29999999999998,92.30000000000001,1371,174.4,75.1,18.1,-31.539,4.371,4.194,35.0,36.2,63.0,1648,1,-27.0,0.5
6686,344,6.725,44.45,1,100.29999999999998,92.4,1371,174.4,75.2,18.1,-31.539,4.367,4.194,35.0,36.2,63.0,1648,1,-27.0,0.49
6687,344,6.75,44.59,1,100.29999999999998,92.4,1370,174.4,75.1,18.1,-31.547,4.367,4.194,35.0,36.2,63.0,1648,1,-27.0,0.49
6688,343,6.725,44.54,1,100.2,92.30000000000001,1371,174.3,75.2,18.13,-31.547,4.367,4.194,35.0,36.2,63.0,1648,1,-27.0,0.49
6689,343,6.725,44.56,1,100.29999999999998,92.4,1371,174.3,75.2,18.11,-31.547,4.367,4.194,35.0,36.2,63.0,1648,1,-27.0,0.49
6690,343,6.725,44.56,1,100.29999999999998,92.4,1371,174.3,75.0,18.07,-31.547,4.367,4.194,35.0,36.2,63.0,1648,1,-27.0,0.48
6691,343,6.75,44.55,1,100.29999999999998,92.4,1371,174.2,75.1,18.1,-31.547,4.367,4.194,35.0,36.2,63.0,1648,1,-26.9,0.49
6692,343,6.75,44.57,1,100.29999999999998,92.4,1372,174.1,75.1,18.04,-31.547,4.367,4.194,35.0,36.2,63.0,1648,1,-26.9,0.49
6693,343,6.75,44.56,1,100.29999999999998,92.30000000000001,1371,174.1,75.2,18.12,-31.555,4.367,4.194,35.0,36.2,63.0,1648,1,-26.9,0.49
6694,343,6.725,44.55,1,100.29999999999998,92.30000000000001,1372,174.1,75.1,18.09,-31.555,4.367,4.194,35.0,36.2,63.0,1648,1,-26.9,0.49
6695,343,6.725,44.56,1,100.29999999999998,92.30000000000001,1372,174.0,75.0,18.11,-31.555,4.367,4.194,35.0,36.2,63.0,1648,1,-26.9,0.5
6696,343,6.725,44.64,1,100.29999999999998,92.30000000000001,1371,174.0,75.1,18.1,-31.562,4.367,4.194,35.0,36.2,63.0,1648,1,-26.9,0.5
6697,343,6.725,44.56,1,100.29999999999998,92.30000000000001,1371,174.0,75.2,18.11,-31.562,4.371,4.194,35.0,36.2,63.0,1648,1,-26.9,0.5
6698,343,6.725,44.53,1,100.29999999999998,92.4,1371,173.8,75.1,18.11,-31.57,4.367,4.194,35.0,36.2,63.0,1648,1,-26.9,0.5
6699,343,6.725,44.58,1,100.29999999999998,92.30000000000001,1372,173.8,75.2,18.14,-31.57,4.367,4.194,35.0,36.2,63.0,1647,1,-26.9,0.49
6700,343,6.725,44.55,1,100.29999999999998,92.30000000000001,1372,173.7,75.1,18.11,-31.57,4.367,4.194,35.0,36.2,63.0,1647,1,-26.9,0.49
6701,343,6.725,44.54,1,100.29999999999998,92.4,1372,173.7,75.0,18.07,-31.562,4.367,4.194,35.0,36.2,63.0,1647,1,-26.9,0.5
6702,343,6.725,44.64,1,100.29999999999998,92.4,1371,173.6,75.0,18.05,-31.562,4.367,4.194,35.0,36.2,63.0,1647,1,-26.9,0.49
6703,343,6.725,44.55,1,100.29999999999998,92.4,1372,173.7,75.1,18.11,-31.57,4.371,4.194,35.0,36.2,63.0,1647,1,-26.9,0.5
6704,343,6.725,44.55,1,100.29999999999998,92.30000000000001,1372,173.7,75.0,18.12,-31.562,4.367,4.194,35.0,36.2,63.0,1647,1,-26.9,0.49
6705,343,6.725,44.49,1,100.29999999999998,92.30000000000001,1373,173.6,75.0,18.08,-31.562,4.367,4.194,35.0,36.2,63.0,1647,1,-26.9,0.49
6706,343,6.725,44.55,1,100.29999999999998,92.4,1373,173.6,75.0,18.06,-31.57,4.367,4.194,35.0,36.2,63.0,1647,1,-26.9,0.49
6707,343,6.725,44.54,1,100.29999999999998,92.4,1374,173.6,75.0,18.11,-31.57,4.371,4.194,35.0,36.2,63.0,1647,1,-26.9,0.5
6708,343,6.725,44.56,1,100.29999999999998,92.4,1373,173.6,75.0,18.13,-31.562,4.367,4.194,35.0,36.2,63.0,1647,1,-26.9,0.5
6709,343,6.725,44.45,1,100.29999999999998,92.30000000000001,1372,173.6,75.0,18.09,-31.562,4.371,4.194,35.0,36.2,63.0,1647,1,-26.9,0.49
6710,343,6.725,44.56,1,100.29999999999998,92.4,1372,173.6,75.2,18.12,-31.562,4.371,4.194,35.0,36.2,63.0,1647,1,-26.9,0.5
6711,343,6.725,44.55,1,100.29999999999998,92.4,1372,173.6,75.1,18.11,-31.562,4.371,4.194,35.0,36.2,63.0,1647,1,-26.9,0.5
6712,343,6.725,44.59,1,100.29999999999998,92.4,1372,173.6,75.1,18.09,-31.555,4.371,4.194,35.0,36.2,63.0,1647,1,-26.9,0.5
6713,343,6.725,44.56,1,100.29999999999998,92.30000000000001,1372,173.6,75.1,18.12,-31.555,4.367,4.194,35.0,36.2,63.0,1647,1,-26.9,0.49
6714,343,6.725,44.56,1,100.29999999999998,92.30000000000001,1372,173.5,74.9,18.08,-31.555,4.367,4.194,35.0,36.2,63.0,1647,1,-26.9,0.5
6715,343,6.725,44.5,1,100.2,92.30000000000001,1372,173.6,74.9,18.06,-31.562,4.367,4.194,35.0,36.2,63.0,1647,1,-26.9,0.49
6716,343,6.725,44.52,1,100.29999999999998,92.4,1372,173.6,75.1,18.11,-31.562,4.367,4.194,35.0,36.2,63.0,1646,1,-26.9,0.49
6717,343,6.725,44.49,1,100.29999999999998,92.4,1373,173.6,75.1,18.13,-31.555,4.367,4.194,36.0,36.2,63.0,1646,1,-26.8,0.49
6718,343,6.725,44.58,1,100.29999999999998,92.30000000000001,1373,173.6,75.0,18.1,-31.555,4.367,4.194,35.0,36.2,63.0,1646,1,-26.8,0.5
6719,343,6.725,44.53,1,100.29999999999998,92.4,1373,173.4,75.0,18.09,-31.555,4.367,4.194,35.0,36.2,63.0,1646,1,-26.9,0.5
6720,343,6.725,44.52,1,100.29999999999998,92.4,1372,173.4,75.1,18.13,-31.555,4.367,4.194,35.0,36.3,63.0,1646,1,-26.8,0.49
6721,343,6.725,44.56,1,100.29999999999998,92.4,1372,173.3,75.2,18.1,-31.555,4.367,4.194,35.0,36.2,63.0,1646,1,-26.9,0.49
6722,343,6.725,44.62,1,100.29999999999998,92.4,1372,173.3,75.1,18.16,-31.555,4.367,4.194,35.0,36.3,63.0,1646,1,-26.8,0.5
6723,343,6.725,44.48,1,100.29999999999998,92.4,1372,173.3,75.2,18.11,-31.547,4.367,4.194,35.0,36.3,63.0,1646,1,-26.8,0.5
6724,343,6.725,44.64,1,100.29999999999998,92.4,1371,173.2,75.2,18.15,-31.547,4.371,4.194,36.0,36.3,63.0,1646,1,-26.8,0.48
6725,343,6.725,44.58,1,100.29999999999998,92.4,1372,173.2,75.2,18.12,-31.547,4.367,4.194,35.0,36.3,63.0,1646,1,-26.8,0.49
6726,343,6.725,44.52,1,100.29999999999998,92.30000000000001,1372,173.2,75.2,18.07,-31.547,4.371,4.194,36.0,36.3,63.0,1646,1,-26.8,0.49
6727,343,6.725,44.58,1,100.29999999999998,92.4,1372,173.1,75.1,18.1,-31.539,4.367,4.194,36.0,36.3,63.0,1646,1,-26.8,0.5
6728,343,6.725,44.64,1,100.29999999999998,92.30000000000001,1371,173.2,75.1,18.07,-31.539,4.367,4.194,35.0,36.3,63.0,1646,1,-26.8,0.49
6729,343,6.725,44.54,1,100.29999999999998,92.4,1372,173.2,75.2,18.06,-31.547,4.371,4.194,36.0,36.3,63.0,1646,1,-26.8,0.49
6730,343,6.725,44.56,1,100.29999999999998,92.30000000000001,1372,173.3,75.2,18.06,-31.547,4.371,4.194,35.0,36.3,63.0,1646,1,-26.8,0.48
6731,343,6.725,44.55,1,100.29999999999998,92.30000000000001,1373,173.3,75.1,18.14,-31.547,4.371,4.194,35.0,36.3,63.0,1646,1,-26.8,0.49
6732,343,6.725,44.46,1,100.29999999999998,92.30000000000001,1373,173.3,75.3,18.11,-31.547,4.367,4.194,35.0,36.3,63.0,1646,1,-26.8,0.49
6733,343,6.725,44.52,1,100.29999999999998,92.4,1372,173.2,75.1,18.11,-31.547,4.367,4.194,35.0,36.4,63.0,1645,1,-26.8,0.5
6734,343,6.725,44.56,1,100.29999999999998,92.4,1372,173.2,75.2,18.14,-31.547,4.367,4.194,35.0,36.4,63.0,1645,1,-26.8,0.49
6735,343,6.725,44.58,1,100.29999999999998,92.4,1372,173.1,75.2,18.07,-31.547,4.371,4.194,35.0,36.4,63.0,1645,1,-26.8,0.48
6736,343,6.725,44.58,1,100.29999999999998,92.4,1372,173.1,75.1,18.12,-31.547,4.371,4.194,35.0,36.4,63.0,1645,1,-26.8,0.48
6737,343,6.725,44.59,1,100.29999999999998,92.30000000000001,1371,173.1,75.2,18.11,-31.547,4.371,4.194,35.0,36.4,63.0,1645,1,-26.8,0.49
6738,343,6.725,44.53,1,100.29999999999998,92.30000000000001,1371,173.1,75.1,17.94,-31.547,4.371,4.194,36.0,36.4,63.0,1645,1,-26.8,0.49
6739,343,6.725,44.53,1,100.1,92.30000000000001,1371,173.2,75.1,17.46,-31.547,4.367,4.194,35.0,36.4,63.0,1645,1,-26.8,0.48
6740,343,6.725,44.51,1,99.9,92.2,1370,173.3,75.1,17.37,-31.555,4.367,4.194,35.0,36.4,63.0,1645,1,-26.8,0.48
6741,343,6.725,44.6,1,99.8,92.30000000000001,1369,173.4,75.0,17.39,-31.555,4.367,4.194,35.0,36.4,63.0,1645,1,-26.8,0.49
6742,343,6.725,44.51,1,99.8,92.2,1369,173.3,75.0,17.43,-31.555,4.371,4.194,36.0,36.4,63.0,1645,1,-26.8,0.48
6743,343,6.725,44.52,1,99.8,92.2,1368,173.2,75.0,17.4,-31.555,4.371,4.194,36.0,36.4,63.0,1645,1,-26.8,0.5
6744,343,6.725,44.66,1,99.8,92.2,1369,173.3,75.0,17.38,-31.562,4.371,4.194,35.0,36.4,63.0,1645,1,-26.8,0.49
6745,343,6.725,44.52,1,99.8,92.2,1369,173.3,74.9,17.39,-31.57,4.371,4.194,36.0,36.4,63.0,1645,1,-26.8,0.49
6746,343,6.725,44.62,1,99.8,92.2,1369,173.3,75.0,17.36,-31.578,4.367,4.194,36.0,36.4,63.0,1645,1,-26.8,0.49
6747,343,6.725,44.53,1,99.8,92.2,1369,173.2,75.1,17.39,-31.578,4.371,4.194,36.0,36.4,63.0,1645,1,-26.7,0.49
6748,343,6.725,44.37,1,99.8,92.2,1368,173.2,75.0,17.35,-31.586,4.371,4.194,36.0,36.4,63.0,1645,1,-26.8,0.48
6749,343,6.725,44.6,1,99.8,92.2,1368,173.4,75.0,17.37,-31.586,4.371,4.194,35.0,36.4,63.0,1645,1,-26.7,0.49
6750,343,6.725,44.58,1,99.8,92.2,1368,173.5,74.9,17.38,-31.586,4.371,4.194,36.0,36.4,63.0,1644,1,-26.8,0.5
6751,343,6.75,44.56,1,99.8,92.2,1368,173.5,75.0,17.36,-31.586,4.367,4.194,36.0,36.4,63.0,1644,1,-26.7,0.5
6752,343,6.725,44.53,1,99.8,92.2,1369,173.5,75.0,17.39,-31.594,4.367,4.194,35.0,36.4,63.0,1644,1,-26.7,0.5
6753,343,6.725,44.52,1,99.8,92.2,1368,173.5,74.9,17.39,-31.594,4.367,4.194,35.0,36.4,63.0,1644,1,-26.7,0.49
6754,343,6.725,44.52,1,99.8,92.2,1368,173.5,75.0,17.57,-31.602,4.367,4.194,36.0,36.4,63.0,1644,1,-26.7,0.5
6755,343,6.725,44.54,1,100.0,92.30000000000001,1368,173.5,75.0,18.48,-31.602,4.367,4.194,36.0,36.3,63.0,1644,1,-26.7,0.5
6756,343,6.725,44.54,1,100.4,92.5,1370,173.4,75.1,18.97,-31.602,4.367,4.194,35.0,36.3,63.0,1644,1,-26.7,0.5
6757,343,6.725,44.56,1,100.69999999999999,92.5,1373,173.4,75.2,19.05,-31.594,4.367,4.194,36.0,36.2,63.0,1644,1,-26.7,0.49
6758,343,6.725,44.59,1,100.89999999999999,92.5,1374,173.4,75.1,19.04,-31.594,4.371,4.194,35.0,36.2,63.0,1644,1,-26.7,0.49
6759,343,6.725,44.67,1,100.89999999999999,92.5,1375,173.3,75.3,19.06,-31.586,4.371,4.194,35.0,36.2,63.0,1644,1,-26.7,0.49
6760,343,6.725,44.63,1,100.89999999999999,92.5,1375,173.3,75.3,19.0,-31.57,4.371,4.194,35.0,36.1,63.0,1644,1,-26.7,0.49
6761,343,6.725,44.66,1,101.0,92.5,1375,173.3,75.3,19.01,-31.57,4.371,4.194,35.0,36.1,63.0,1644,1,-26.7,0.49
6762,343,6.725,44.66,1,100.89999999999999,92.5,1375,173.3,75.1,19.01,-31.562,4.371,4.194,35.0,36.0,63.0,1644,1,-26.7,0.5
6763,342,6.725,44.69,1,100.89999999999999,92.5,1375,173.2,75.2,18.96,-31.562,4.371,4.194,35.0,35.9,63.0,1644,1,-26.7,0.51
6764,342,6.725,44.64,1,100.89999999999999,92.5,1375,173.1,75.2,19.0,-31.562,4.371,4.194,35.0,35.9,63.0,1644,1,-26.7,0.51
6765,342,6.725,44.6,1,100.89999999999999,92.5,1375,173.1,75.3,18.98,-31.562,4.371,4.194,35.0,35.8,63.0,1644,1,-26.7,0.49
6766,342,6.725,44.66,1,100.89999999999999,92.5,1375,173.0,75.2,18.94,-31.562,4.371,4.194,35.0,35.8,63.0,1644,1,-26.7,0.49
6767,342,6.725,44.66,1,100.89999999999999,92.5,1375,173.0,75.3,18.96,-31.562,4.371,4.194,35.0,35.7,63.0,1644,1,-26.7,0.51
6768,342,6.725,44.66,1,100.89999999999999,92.5,1375,173.0,75.2,19.0,-31.562,4.371,4.194,35.0,35.6,63.0,1643,1,-26.7,0.5
6769,342,6.725,44.59,1,100.89999999999999,92.5,1375,172.9,75.3,18.8,-31.562,4.371,4.194,35.0,35.6,63.0,1643,1,-26.7,0.49
6770,343,6.725,44.65,1,100.69999999999999,92.4,1375,172.8,75.2,18.19,-31.562,4.371,4.194,35.0,35.5,63.0,1643,1,-26.7,0.49
6771,343,6.725,44.64,1,100.4,92.4,1373,172.8,75.4,18.07,-31.57,4.371,4.194,35.0,35.4,63.0,1643,1,-26.7,0.48
6772,343,6.725,44.52,1,100.29999999999998,92.30000000000001,1372,172.7,75.1,18.04,-31.578,4.367,4.194,35.0,35.4,63.0,1643,1,-26.7,0.49
6773,343,6.725,44.52,1,100.29999999999998,92.30000000000001,1372,172.7,75.0,18.06,-31.578,4.367,4.194,35.0,35.3,63.0,1643,1,-26.7,0.49
6774,343,6.725,44.61,1,100.29999999999998,92.4,1372,172.7,75.1,18.04,-31.586,4.367,4.194,35.0,35.3,63.0,1643,1,-26.7,0.49
6775,343,6.725,44.56,1,100.29999999999998,92.4,1372,172.8,75.1,18.09,-31.586,4.371,4.194,35.0,35.2,63.0,1643,1,-26.7,0.49
6776,343,6.725,44.65,1,100.29999999999998,92.4,1372,172.8,75.3,18.05,-31.586,4.367,4.194,34.0,35.2,63.0,1643,1,-26.7,0.5
6777,342,6.725,44.55,1,100.29999999999998,92.4,1371,172.7,75.2,18.05,-31.594,4.367,4.194,34.0,35.1,63.0,1643,1,-26.7,0.49
6778,342,6.725,44.55,1,100.29999999999998,92.4,1371,172.8,75.3,18.04,-31.602,4.371,4.194,34.0,35.1,63.0,1643,1,-26.7,0.49
6779,342,6.725,44.52,1,100.29999999999998,92.4,1371,172.8,75.1,18.06,-31.602,4.367,4.194,35.0,35.0,63.0,1643,1,-26.7,0.5
6780,342,6.725,44.57,1,100.29999999999998,92.30000000000001,1371,172.9,75.1,18.03,-31.609,4.367,4.194,34.0,35.0,63.0,1643,1,-26.7,0.49
6781,342,6.725,44.6,1,100.29999999999998,92.4,1372,172.7,75.0,18.05,-31.602,4.371,4.194,34.0,34.9,63.0,1643,1,-26.6,0.49
6782,342,6.725,44.54,1,100.29999999999998,92.4,1371,172.6,75.0,18.04,-31.602,4.367,4.194,34.0,34.9,63.0,1643,1,-26.7,0.49
6783,342,6.725,44.62,1,100.29999999999998,92.30000000000001,1371,172.6,75.0,18.07,-31.602,4.371,4.194,34.0,34.8,63.0,1643,1,-26.6,0.49
6784,342,6.725,44.56,1,100.29999999999998,92.4,1371,172.7,75.2,18.07,-31.602,4.371,4.194,34.0,34.8,63.0,1643,1,-26.7,0.49
6785,342,6.725,44.61,1,100.29999999999998,92.4,1371,172.7,75.0,18.1,-31.602,4.371,4.194,34.0,34.7,63.0,1642,1,-26.6,0.48
6786,342,6.725,44.59,1,100.29999999999998,92.30000000000001,1372,172.7,75.0,18.04,-31.602,4.371,4.194,34.0,34.7,62.0,1642,1,-26.6,0.5
6787,342,6.725,44.57,1,100.29999999999998,92.4,1371,172.8,75.2,18.06,-31.602,4.371,4.194,34.0,34.6,62.0,1642,1,-26.6,0.5
6788,342,6.725,44.58,1,100.29999999999998,92.30000000000001,1371,172.8,75.0,18.04,-31.602,4.371,4.194,34.0,34.6,62.0,1642,1,-26.6,0.5
6789,342,6.725,44.51,1,100.29999999999998,92.30000000000001,1371,173.0,75.2,18.04,-31.602,4.367,4.194,34.0,34.6,62.0,1642,1,-26.6,0.49
6790,342,6.725,44.56,1,100.2,92.30000000000001,1371,173.1,75.2,18.05,-31.602,4.367,4.194,34.0,34.6,62.0,1642,1,-26.6,0.49
6791,342,6.725,44.53,1,100.2,92.30000000000001,1371,173.1,75.1,18.11,-31.609,4.371,4.194,34.0,34.5,62.0,1642,1,-26.6,0.49
6792,342,6.725,44.52,1,100.29999999999998,92.4,1371,173.2,75.2,18.07,-31.617,4.371,4.194,34.0,34.5,62.0,1642,1,-26.6,0.48
6793,342,6.725,44.57,1,100.29999999999998,92.4,1371,173.2,75.2,18.04,-31.617,4.371,4.194,34.0,34.4,62.0,1642,1,-26.6,0.47
6794,342,6.725,44.55,1,100.29999999999998,92.30000000000001,1372,173.2,75.1,18.07,-31.625,4.367,4.194,34.0,34.4,62.0,1642,1,-26.6,0.49
6795,342,6.725,44.59,1,100.2,92.30000000000001,1372,173.3,75.3,18.05,-31.633,4.371,4.194,33.0,34.4,62.0,1642,1,-26.6,0.49
6796,342,6.725,44.56,1,100.2,92.30000000000001,1371,173.3,75.3,18.04,-31.641,4.371,4.194,34.0,34.4,62.0,1642,1,-26.6,0.49
6797,342,6.725,44.59,1,100.2,92.30000000000001,1372,173.2,75.2,18.05,-31.641,4.367,4.194,33.0,34.3,62.0,1642,1,-26.6,0.49
6798,342,6.725,44.54,1,100.2,92.30000000000001,1372,173.3,75.0,18.07,-31.641,4.367,4.194,33.0,34.3,62.0,1642,1,-26.6,0.49
6799,342,6.725,44.52,1,100.29999999999998,92.4,1372,173.3,75.1,18.1,-31.641,4.367,4.194,33.0,34.3,62.0,1642,1,-26.6,0.5
6800,342,6.725,44.58,1,100.29999999999998,92.4,1373,173.2,75.1,18.07,-31.641,4.367,4.194,34.0,34.3,62.0,1642,1,-26.6,0.5
6801,342,6.725,44.53,1,100.29999999999998,92.30000000000001,1373,173.1,75.0,18.04,-31.641,4.367,4.194,34.0,34.2,62.0,1642,1,-26.6,0.49
6802,342,6.725,44.65,1,100.29999999999998,92.30000000000001,1373,173.2,75.1,18.38,-31.648,4.367,4.194,33.0,34.2,62.0,1642,1,-26.6,0.49
6803,342,6.725,44.56,1,100.49999999999999,92.5,1372,173.1,75.2,18.91,-31.648,4.367,4.194,33.0,34.2,62.0,1641,1,-26.6,0.49
6804,342,6.725,44.56,1,100.69999999999999,92.5,1373,173.2,75.5,18.92,-31.648,4.367,4.194,34.0,34.2,62.0,1641,1,-26.6,0.49
6805,342,6.725,44.62,1,100.8,92.5,1374,173.1,75.2,18.91,-31.648,4.367,4.194,33.0,34.1,62.0,1641,1,-26.6,0.49
6806,342,6.725,44.68,1,100.89999999999999,92.5,1374,173.2,75.2,18.9,-31.641,4.367,4.194,33.0,34.1,62.0,1641,1,-26.6,0.49
6807,342,6.725,44.53,1,100.8,92.5,1375,173.1,75.2,18.88,-31.641,4.367,4.194,33.0,34.1,62.0,1641,1,-26.6,0.5
6808,342,6.725,44.67,1,100.8,92.5,1375,173.3,75.2,18.91,-31.648,4.367,4.194,33.0,34.1,62.0,1641,1,-26.6,0.5
6809,342,6.725,44.64,1,100.8,92.5,1374,173.3,75.0,18.91,-31.648,4.367,4.194,33.0,34.1,62.0,1641,1,-26.6,0.48
6810,342,6.725,44.61,1,100.8,92.5,1375,173.2,75.1,18.89,-31.641,4.367,4.194,33.0,34.0,62.0,1641,1,-26.6,0.49
6811,342,6.725,44.67,1,100.8,92.5,1376,173.1,75.2,18.88,-31.648,4.367,4.194,33.0,34.0,62.0,1641,1,-26.6,0.49
6812,342,6.725,44.61,1,100.89999999999999,92.5,1377,173.2,75.1,18.82,-31.656,4.367,4.194,33.0,34.0,62.0,1641,1,-26.6,0.5
6813,342,6.725,44.64,1,100.89999999999999,92.5,1377,173.3,75.3,18.86,-31.656,4.367,4.194,33.0,34.0,62.0,1641,1,-26.6,0.5
6814,342,6.725,44.59,1,100.8,92.5,1377,173.3,75.2,18.89,-31.656,4.367,4.194,33.0,34.0,62.0,1641,1,-26.6,0.49
6815,342,6.75,44.52,1,100.89999999999999,92.5,1375,173.2,75.3,18.94,-31.656,4.367,4.194,33.0,34.0,62.0,1641,1,-26.6,0.51
6816,342,6.725,44.59,1,100.89999999999999,92.5,1376,173.1,75.3,18.93,-31.664,4.367,4.194,33.0,34.0,62.0,1641,1,-26.6,0.5
6817,342,6.725,44.62,1,100.89999999999999,92.5,1377,173.1,75.3,18.91,-31.664,4.367,4.194,33.0,34.0,62.0,1641,1,-26.6,0.5
6818,342,6.725,44.58,1,100.89999999999999,92.5,1376,173.1,75.3,18.88,-31.672,4.367,4.194,33.0,34.0,62.0,1641,1,-26.6,0.5
6819,342,6.725,44.54,1,100.89999999999999,92.5,1375,173.2,75.3,18.95,-31.672,4.367,4.194,33.0,34.0,62.0,1641,1,-26.6,0.5
6820,342,6.75,44.67,1,100.89999999999999,92.5,1376,173.1,75.1,18.92,-31.664,4.367,4.194,33.0,34.0,62.0,1641,1,-26.6,0.5
6821,342,6.75,44.67,1,100.89999999999999,92.5,1376,173.1,75.2,18.89,-31.664,4.367,4.194,33.0,34.0,62.0,1641,1,-26.6,0.5
6822,342,6.725,44.6,1,100.8,92.5,1377,173.0,75.1,18.86,-31.664,4.367,4.194,33.0,34.1,62.0,1640,1,-26.6,0.5
6823,342,6.725,44.57,1,100.89999999999999,92.5,1377,173.0,75.2,18.88,-31.664,4.367,4.194,33.0,34.1,62.0,1640,1,-26.6,0.5
6824,342,6.725,44.66,1,100.8,92.5,1377,173.0,75.2,18.89,-31.664,4.367,4.194,34.0,34.1,62.0,1640,1,-26.6,0.5
6825,342,6.725,44.6,1,100.89999999999999,92.5,1376,172.9,75.4,18.91,-31.672,4.367,4.194,34.0,34.2,62.0,1640,1,-26.6,0.5
6826,342,6.725,44.56,1,100.89999999999999,92.5,1376,172.8,75.2,18.87,-31.664,4.367,4.194,33.0,34.2,62.0,1640,1,-26.6,0.49
6827,342,6.725,44.67,1,100.89999999999999,92.5,1376,172.8,75.2,18.91,-31.664,4.367,4.194,34.0,34.3,62.0,1640,1,-26.6,0.49
6828,342,6.725,44.59,1,100.8,92.5,1375,172.9,75.1,18.91,-31.664,4.371,4.194,34.0,34.3,62.0,1640,1,-26.6,0.48
6829,342,6.725,44.57,1,100.8,92.5,1375,172.9,75.2,18.91,-31.664,4.367,4.194,34.0,34.4,62.0,1640,1,-26.5,0.5
6830,342,6.725,44.62,1,100.89999999999999,92.5,1376,172.9,75.1,18.93,-31.656,4.371,4.194,33.0,34.4,62.0,1640,1,-26.5,0.49
6831,342,6.725,44.67,1,100.89999999999999,92.5,1376,172.8,75.2,18.89,-31.664,4.367,4.194,34.0,34.5,62.0,1640,1,-26.5,0.49
6832,342,6.725,44.62,1,100.89999999999999,92.5,1376,172.8,75.2,18.9,-31.664,4.371,4.194,34.0,34.6,62.0,1640,1,-26.5,0.49
6833,342,6.725,44.55,1,100.8,92.5,1375,172.9,75.1,18.88,-31.664,4.371,4.194,34.0,34.6,62.0,1640,1,-26.5,0.48
6834,342,6.725,44.59,1,100.8,92.5,1375,172.9,75.3,18.88,-31.664,4.367,4.194,34.0,34.7,62.0,1640,1,-26.6,0.48
6835,342,6.725,44.61,1,100.8,92.5,1376,172.9,75.2,18.92,-31.664,4.367,4.194,34.0,34.8,62.0,1640,1,-26.5,0.48
6836,342,6.725,44.6,1,100.8,92.5,1376,173.0,75.3,18.93,-31.664,4.367,4.194,34.0,34.9,62.0,1640,1,-26.5,0.49
6837,342,6.725,44.58,1,100.8,92.5,1375,172.9,75.2,18.91,-31.656,4.367,4.194,34.0,34.9,62.0,1640,1,-26.5,0.49
6838,342,6.75,44.55,1,100.8,92.5,1375,173.0,75.4,18.91,-31.656,4.371,4.194,35.0,35.0,62.0,1640,1,-26.5,0.48
6839,342,6.725,44.62,1,100.89999999999999,92.5,1375,173.0,75.2,18.87,-31.656,4.367,4.194,35.0,35.0,62.0,1640,1,-26.5,0.49
6840,342,6.725,44.59,1,100.89999999999999,92.5,1375,172.9,75.1,18.91,-31.656,4.367,4.194,35.0,35.1,62.0,1639,1,-26.5,0.49
6841,342,6.725,44.68,1,100.8,92.5,1376,172.9,75.2,18.91,-31.656,4.371,4.194,35.0,35.2,62.0,1639,1,-26.5,0.48
6842,342,6.725,44.65,1,100.8,92.5,1376,172.9,75.1,18.88,-31.656,4.371,4.194,35.0,35.2,62.0,1639,1,-26.5,0.49
6843,342,6.725,44.55,1,100.8,92.5,1376,172.9,75.3,18.9,-31.648,4.371,4.194,35.0,35.3,62.0,1639,1,-26.5,0.49
6844,342,6.725,44.7,1,100.8,92.5,1375,173.1,75.1,19.02,-31.648,4.371,4.194,35.0,35.4,62.0,1639,1,-26.5,0.49
6845,342,6.725,44.62,1,100.89999999999999,92.5,1376,173.1,75.3,19.08,-31.641,4.371,4.194,35.0,35.4,62.0,1639,1,-26.5,0.49
6846,342,6.725,44.61,1,101.0,92.60000000000001,1376,173.0,75.3,19.09,-31.641,4.371,4.194,35.0,35.5,62.0,1639,1,-26.5,0.49
6847,342,6.725,44.59,1,101.0,92.5,1377,172.9,75.3,19.09,-31.633,4.371,4.194,35.0,35.5,62.0,1639,1,-26.5,0.49
6848,342,6.725,44.52,1,101.0,92.5,1377,172.9,75.2,19.1,-31.625,4.371,4.194,35.0,35.6,62.0,1639,1,-26.5,0.49
6849,342,6.725,44.62,1,101.0,92.60000000000001,1377,173.0,75.3,19.09,-31.625,4.371,4.194,35.0,35.6,62.0,1639,1,-26.5,0.49
6850,342,6.725,44.64,1,101.0,92.5,1376,173.0,75.2,19.07,-31.625,4.371,4.194,35.0,35.7,62.0,1639,1,-26.5,0.49
6851,342,6.725,44.57,1,100.89999999999999,92.5,1376,172.8,75.4,19.14,-31.625,4.371,4.194,35.0,35.7,62.0,1639,1,-26.5,0.5
6852,342,6.725,44.62,1,101.0,92.5,1376,172.8,75.3,19.14,-31.617,4.371,4.194,35.0,35.8,62.0,1639,1,-26.5,0.49
6853,342,6.725,44.59,1,101.0,92.5,1376,172.8,75.2,19.14,-31.617,4.367,4.194,35.0,35.8,62.0,1639,1,-26.5,0.5
6854,342,6.725,44.63,1,101.0,92.5,1376,172.8,75.2,19.12,-31.617,4.371,4.194,35.0,35.8,62.0,1639,1,-26.5,0.49
6855,342,6.725,44.68,1,101.0,92.5,1375,172.7,75.2,19.11,-31.617,4.371,4.194,35.0,35.9,62.0,1639,1,-26.5,0.49
6856,342,6.725,44.71,1,101.0,92.5,1376,172.8,75.1,19.08,-31.609,4.371,4.194,35.0,35.9,62.0,1639,1,-26.5,0.5
6857,342,6.725,44.56,1,101.0,92.5,1376,172.9,75.3,19.14,-31.617,4.371,4.194,35.0,35.9,62.0,1639,1,-26.5,0.5
6858,342,6.725,44.71,1,101.0,92.5,1376,172.9,75.2,19.13,-31.617,4.371,4.194,35.0,36.0,62.0,1639,1,-26.5,0.5
6859,342,6.725,44.53,1,101.0,92.5,1377,172.9,75.2,19.12,-31.617,4.371,4.194,35.0,36.0,62.0,1638,1,-26.5,0.49
6860,342,6.75,44.53,1,100.89999999999999,92.5,1377,172.8,75.2,19.13,-31.617,4.371,4.194,35.0,36.1,62.0,1638,1,-26.5,0.49
6861,342,6.725,44.56,1,101.0,92.60000000000001,1377,172.8,75.3,19.1,-31.617,4.371,4.194,35.0,36.1,62.0,1638,1,-26.5,0.5
6862,342,6.725,44.61,1,101.0,92.60000000000001,1377,172.8,75.2,19.12,-31.617,4.371,4.194,35.0,36.1,62.0,1638,1,-26.5,0.5
6863,342,6.725,44.65,1,101.0,92.5,1378,172.9,75.2,19.14,-31.609,4.371,4.194,35.0,36.1,62.0,1638,1,-26.5,0.51
6864,342,6.725,44.72,1,101.0,92.5,1378,172.9,75.4,19.12,-31.609,4.371,4.194,35.0,36.2,62.0,1638,1,-26.5,0.5
6865,342,6.75,44.64,1,101.0,92.5,1377,172.8,75.2,19.12,-31.609,4.371,4.194,35.0,36.2,62.0,1638,1,-26.5,0.5
6866,342,6.75,44.64,1,101.0,92.5,1377,172.8,75.2,19.14,-31.609,4.371,4.194,35.0,36.2,62.0,1638,1,-26.5,0.5
6867,342,6.725,44.66,1,101.0,92.5,1376,172.8,75.1,19.1,-31.609,4.367,4.194,36.0,36.2,62.0,1638,1,-26.5,0.5
6868,342,6.725,44.61,1,101.1,92.60000000000001,1377,172.8,75.2,19.43,-31.609,4.367,4.194,35.0,36.2,62.0,1638,1,-26.5,0.5
6869,342,6.725,44.61,1,101.2,92.60000000000001,1377,172.9,75.2,19.46,-31.609,4.367,4.194,35.0,36.3,62.0,1638,1,-26.5,0.5
6870,342,6.725,44.7,1,101.2,92.60000000000001,1378,172.7,75.2,19.47,-31.609,4.367,4.194,35.0,36.3,62.0,1638,1,-26.5,0.5
6871,342,6.725,44.68,1,101.2,92.60000000000001,1378,172.8,75.1,19.46,-31.609,4.367,4.194,36.0,36.3,62.0,1638,1,-26.5,0.5
6872,342,6.725,44.64,1,101.2,92.60000000000001,1378,172.9,75.4,19.47,-31.609,4.367,4.194,36.0,36.3,62.0,1638,1,-26.5,0.5
6873,342,6.725,44.75,1,101.2,92.60000000000001,1379,173.0,75.3,19.31,-31.609,4.371,4.194,35.0,36.3,62.0,1638,1,-26.5,0.49
6874,342,6.725,44.56,1,101.0,92.5,1379,172.9,75.3,17.67,-31.609,4.371,4.194,36.0,36.3,62.0,1638,1,-26.5,0.5
6875,342,6.725,44.54,1,100.2,92.10000000000001,1376,172.9,75.0,16.11,-31.609,4.371,4.194,36.0,36.4,62.0,1638,1,-26.5,0.5
6876,342,6.725,44.44,1,99.2,91.9,1371,172.7,74.9,14.89,-31.617,4.371,4.194,35.0,36.4,62.0,1638,1,-26.5,0.49
6877,342,6.725,44.47,1,98.3,91.60000000000001,1365,172.7,74.7,12.89,-31.633,4.371,4.194,36.0,36.4,62.0,1637,1,-26.5,0.49
6878,343,6.725,44.19,1,97.0,91.10000000000001,1357,172.8,74.2,10.29,-31.648,4.371,4.194,36.0,36.4,62.0,1637,1,-26.5,0.49
6879,343,6.725,44.01,1,95.0,90.2,1343,172.9,73.6,6.89,-31.672,4.371,4.194,36.0,36.5,62.0,1637,1,-26.5,0.49
6880,343,6.725,43.81,1,92.9,89.1,1325,173.0,72.8,4.42,-31.703,4.367,4.194,36.0,36.4,62.0,1637,1,-26.5,0.49
6881,343,6.725,43.54,1,90.60000000000001,88.1,1301,173.2,72.0,2.04,-31.742,4.367,4.194,36.0,36.5,62.0,1637,1,-26.4,0.47
6882,343,6.725,43.48,1,88.4,87.0,1275,173.5,71.2,-0.52,-31.773,4.367,4.194,36.0,36.5,62.0,1637,1,-26.4,0.5
6883,343,6.725,43.61,1,85.9,86.0,1243,174.0,70.4,-2.8,-31.812,4.363,4.194,36.0,36.5,62.0,1637,1,-26.4,0.49
6884,343,6.7,43.87,1,84.0,85.1,1218,174.3,69.5,-4.09,-31.836,4.363,4.194,36.0,36.4,62.0,1637,1,-26.5,0.49
6885,343,6.7,43.83,1,82.19999999999999,84.39999999999999,1192,174.7,69.1,-5.23,-31.852,4.363,4.194,35.0,36.4,62.0,1637,1,-26.5,0.48
6886,343,6.7,43.62,1,80.60000000000001,83.7,1169,175.2,68.5,-6.38,-31.867,4.363,4.194,35.0,36.4,62.0,1637,1,-26.4,0.48
6887,343,6.7,43.62,1,79.10000000000001,83.1,1147,175.7,68.0,-7.36,-31.875,4.367,4.194,36.0,36.4,62.0,1637,1,-26.4,0.49
6888,342,6.7,43.63,1,77.9,82.69999999999999,1127,176.3,67.7,-7.7,-31.867,4.371,4.194,36.0,36.4,62.0,1637,1,-26.5,0.49
6889,342,6.675,43.74,1,77.0,82.3,1110,176.9,67.4,-8.7,-31.844,4.375,4.194,35.0,36.3,62.0,1637,1,-26.5,0.49
6890,342,6.675,43.73,1,75.9,81.8,1094,177.5,67.2,-9.84,-31.812,4.379,4.194,35.0,36.3,62.0,1637,1,-26.4,0.49
6891,342,6.675,43.77,1,74.7,81.3,1078,178.2,67.0,-10.99,-31.789,4.379,4.194,35.0,36.3,62.0,1637,1,-26.4,0.49
6892,342,6.65,43.85,1,73.5,80.80000000000001,1060,178.9,66.6,-11.84,-31.75,4.387,4.194,35.0,36.2,62.0,1637,1,-26.4,0.49
6893,342,6.65,43.92,1,72.6,80.5,1044,179.5,66.5,-11.96,-31.711,4.391,4.194,35.0,36.2,62.0,1637,1,-26.4,0.49
6894,342,6.65,44.1,1,72.1,80.4,1032,180.2,66.4,-11.98,-31.664,4.395,4.194,35.0,36.2,62.0,1637,1,-26.4,0.49
6895,341,6.65,44.46,1,71.8,80.4,1023,180.9,66.4,-12.2,-31.617,4.398,4.194,35.0,36.1,62.0,1637,1,-26.4,0.5
6896,341,6.625,44.93,1,71.5,80.2,1016,181.7,66.5,-13.21,-31.562,4.406,4.194,35.0,36.1,62.0,1637,1,-26.4,0.49
6897,341,6.625,44.58,1,70.89999999999999,79.80000000000001,1008,182.4,66.3,-14.11,-31.516,4.414,4.194,35.0,36.0,62.0,1636,1,-26.4,0.5
6898,341,6.625,44.38,1,70.3,79.60000000000001,999,183.0,66.2,-14.65,-31.461,4.422,4.194,35.0,36.0,62.0,1636,1,-26.4,0.5
6899,340,6.625,44.13,1,69.69999999999999,79.4,990,183.6,66.1,-15.68,-31.406,4.426,4.194,35.0,35.9,62.0,1636,1,-26.4,0.49
6900,340,6.6,43.56,1,68.7,78.7,980,184.3,65.8,-16.18,-31.344,4.434,4.194,35.0,35.8,62.0,1636,1,-26.4,0.49
6901,340,6.6,43.65,1,67.5,78.3,963,184.9,65.6,-16.19,-31.281,4.438,4.194,35.0,35.8,62.0,1636,1,-26.4,0.5
6902,339,6.6,43.1,1,66.9,78.2,953,185.5,65.4,-16.71,-31.227,4.445,4.194,35.0,35.7,62.0,1636,1,-26.4,0.48
6903,339,6.6,40.48,1,65.60000000000001,77.2,943,186.0,65.0,-17.76,-31.172,4.449,4.194,35.0,35.5,62.0,1636,1,-26.4,0.49
6904,338,6.6,36.25,1,63.0,75.6,924,186.6,64.1,-18.9,-31.125,4.453,4.194,35.0,35.4,62.0,1636,1,-26.4,0.49
6905,337,6.575,31.99,1,59.4,73.3,895,187.0,63.0,-19.48,-31.094,4.457,4.194,34.0,35.2,62.0,1636,1,-26.4,0.49
6906,337,6.575,29.83,1,56.599999999999994,72.3,868,187.5,62.6,-19.58,-31.07,4.461,4.194,34.0,35.0,62.0,1636,1,-26.4,0.49
6907,336,6.55,28.99,1,54.900000000000006,72.1,850,187.9,62.4,-19.52,-31.039,4.461,4.194,33.0,34.7,62.0,1636,1,-26.4,0.49
6908,336,6.55,28.68,1,54.1,72.1,841,188.3,62.4,-19.51,-30.992,4.465,4.194,33.0,34.4,62.0,1636,1,-26.4,0.5
6909,335,6.55,28.45,1,53.7,72.1,835,188.7,62.3,-19.54,-30.961,4.473,4.194,33.0,34.0,62.0,1636,1,-26.4,0.49
6910,335,6.55,28.16,1,53.5,72.1,831,189.0,62.3,-19.53,-30.914,4.477,4.194,32.0,33.7,62.0,1636,1,-26.4,0.49
6911,334,6.55,28.04,1,53.300000000000004,72.1,828,189.3,62.4,-19.55,-30.859,4.484,4.194,32.0,33.2,62.0,1636,1,-26.4,0.48
6912,333,6.55,28.02,1,53.2,72.1,825,189.6,62.4,-19.52,-30.812,4.492,4.194,31.0,32.8,62.0,1636,1,-26.4,0.49
6913,333,6.55,27.83,1,53.2,72.1,822,189.9,62.4,-19.53,-30.75,4.5,4.194,31.0,32.3,62.0,1636,1,-26.4,0.49
6914,332,6.55,27.7,1,53.1,72.0,820,190.3,62.5,-19.59,-30.688,4.504,4.194,30.0,31.9,62.0,1636,1,-26.4,0.5
6915,332,6.55,27.58,1,53.1,72.0,816,190.6,62.5,-19.38,-30.617,4.512,4.194,30.0,31.4,62.0,1636,1,-26.3,0.5
6916,331,6.55,28.81,1,53.5,72.6,815,191.0,62.7,-18.46,-30.562,4.52,4.194,30.0,30.9,62.0,1635,1,-26.4,0.49
6917,330,6.55,31.66,1,55.400000000000006,74.3,825,191.4,63.4,-17.64,-30.492,4.527,4.194,30.0,30.4,62.0,1635,1,-26.4,0.49
6918,329,6.55,34.63,1,57.99999999999999,75.8,847,191.7,64.2,-17.49,-30.406,4.535,4.194,30.0,29.9,62.0,1635,1,-26.4,0.49
6919,329,6.525,36.15,1,59.9,76.2,869,192.0,64.6,-17.02,-30.336,4.547,4.194,30.0,29.5,62.0,1635,1,-26.4,0.49
6920,328,6.525,39.33,1,61.8,77.10000000000001,884,192.2,65.1,-15.93,-30.25,4.555,4.194,30.0,29.0,62.0,1635,1,-26.3,0.49
6921,328,6.525,43.23,1,64.5,78.4,906,192.5,65.7,-15.43,-30.164,4.562,4.194,30.0,28.7,62.0,1635,1,-26.4,0.48
6922,327,6.525,43.94,1,66.2,78.60000000000001,923,192.7,66.0,-15.32,-30.062,4.574,4.194,30.0,28.4,62.0,1635,1,-26.3,0.48
6923,327,6.525,43.79,1,67.30000000000001,78.8,929,192.8,66.3,-14.71,-29.984,4.586,4.194,27.0,28.2,62.0,1635,1,-26.3,0.48
6924,326,6.5,43.92,1,67.9,79.0,932,193.0,66.4,-14.75,-29.898,4.594,4.194,26.0,28.0,62.0,1635,1,-26.3,0.49
6925,326,6.5,44.12,1,68.30000000000001,79.0,933,193.1,66.5,-14.78,-29.805,4.605,4.194,26.0,27.9,62.0,1635,1,-26.3,0.49
6926,326,6.5,44.18,1,68.4,79.10000000000001,933,193.1,66.5,-14.71,-29.734,4.613,4.194,26.0,27.9,62.0,1635,1,-26.3,0.49
6927,325,6.5,44.3,1,68.5,79.10000000000001,933,193.1,66.4,-14.72,-29.656,4.621,4.194,26.0,27.9,62.0,1635,1,-26.3,0.49
6928,325,6.5,44.48,1,68.5,79.10000000000001,932,192.9,66.5,-14.66,-29.578,4.629,4.194,26.0,27.9,62.0,1635,1,-26.3,0.49
6929,324,6.5,44.47,1,68.5,79.10000000000001,932,192.8,66.5,-14.72,-29.5,4.637,4.194,27.0,27.9,62.0,1635,1,-26.3,0.5
6930,324,6.5,44.54,1,68.5,79.10000000000001,932,192.6,66.3,-14.74,-29.43,4.645,4.194,27.0,28.0,62.0,1635,1,-26.3,0.5
6931,324,6.5,44.58,1,68.5,79.10000000000001,930,192.4,66.5,-14.72,-29.352,4.652,4.194,29.0,28.0,62.0,1635,1,-26.3,0.49
6932,323,6.475,44.64,1,68.4,79.10000000000001,930,192.2,66.4,-14.69,-29.273,4.66,4.194,30.0,28.0,62.0,1635,1,-26.3,0.5
6933,323,6.475,44.54,1,68.4,79.10000000000001,930,192.0,66.4,-14.64,-29.211,4.668,4.194,30.0,28.0,62.0,1635,1,-26.3,0.49
6934,322,6.475,44.69,1,68.5,79.2,931,191.7,66.5,-13.76,-29.141,4.676,4.194,29.0,28.1,62.0,1634,1,-26.3,0.5
6935,322,6.475,44.86,1,68.89999999999999,79.4,933,191.4,66.5,-13.33,-29.07,4.68,4.194,28.0,28.0,62.0,1634,1,-26.3,0.49
6936,321,6.475,45.03,1,69.1,79.5,937,191.2,66.6,-13.28,-28.992,4.688,4.194,28.0,28.0,62.0,1634,1,-26.3,0.49
6937,321,6.475,45.14,1,69.3,79.60000000000001,940,191.0,66.6,-12.35,-28.93,4.695,4.194,28.0,27.9,62.0,1634,1,-26.2,0.49
6938,321,6.475,45.68,1,69.8,79.9,944,190.8,66.8,-11.64,-28.852,4.703,4.194,26.0,27.9,62.0,1634,1,-26.2,0.49
6939,320,6.475,46.46,1,70.3,80.0,951,190.7,66.9,-11.57,-28.766,4.711,4.194,26.0,27.8,62.0,1634,1,-26.2,0.49
6940,320,6.475,46.66,1,70.5,80.0,954,190.5,66.9,-11.36,-28.695,4.719,4.194,26.0,27.7,62.0,1634,1,-26.2,0.49
6941,320,6.45,47.43,1,70.8,80.30000000000001,958,190.3,66.9,-10.36,-28.609,4.727,4.194,26.0,27.6,62.0,1634,1,-26.2,0.49
6942,320,6.45,48.66,1,71.5,80.60000000000001,964,190.2,67.1,-10.02,-28.516,4.734,4.194,26.0,27.5,62.0,1634,1,-26.2,0.48
6943,319,6.45,49.44,1,72.0,80.80000000000001,972,190.0,67.2,-9.53,-28.422,4.746,4.194,26.0,27.4,62.0,1634,1,-26.2,0.48
6944,319,6.45,50.99,1,72.7,81.10000000000001,979,189.8,67.4,-8.72,-28.344,4.754,4.194,26.0,27.3,62.0,1634,1,-26.2,0.49
6945,319,6.45,52.34,1,73.4,81.39999999999999,987,189.6,67.6,-8.56,-28.25,4.766,4.194,25.0,27.2,62.0,1634,1,-26.2,0.49
6946,319,6.45,53.67,1,73.9,81.6,994,189.5,67.8,-7.59,-28.148,4.773,4.194,26.0,27.1,62.0,1634,1,-26.1,0.48
6947,318,6.45,55.8,1,74.8,82.0,1003,189.2,68.0,-6.68,-28.062,4.781,4.194,26.0,27.1,62.0,1634,1,-26.2,0.48
6948,318,6.45,57.98,1,75.7,82.3,1014,189.0,68.3,-6.55,-27.977,4.789,4.194,26.0,27.1,62.0,1634,1,-26.1,0.48
6949,318,6.45,59.19,1,76.2,82.5,1023,188.8,68.4,-5.98,-27.883,4.797,4.194,25.0,27.0,62.0,1634,1,-26.1,0.48
6950,318,6.425,61.76,1,76.9,82.89999999999999,1031,188.5,68.7,-5.52,-27.781,4.809,4.194,25.0,27.1,62.0,1634,1,-26.1,0.48
6951,318,6.425,62.7,1,77.5,83.0,1040,188.3,68.8,-5.22,-27.703,4.816,4.194,26.0,27.1,62.0,1633,1,-26.1,0.48
6952,318,6.425,64.84,1,78.10000000000001,83.39999999999999,1048,188.0,68.9,-4.2,-27.609,4.824,4.194,25.0,27.1,62.0,1633,1,-26.1,0.47
6953,317,6.425,66.94,1,79.0,83.8,1058,187.7,69.2,-3.64,-27.531,4.832,4.194,26.0,27.2,62.0,1633,1,-26.1,0.49
6954,317,6.425,69.44,1,79.9,84.2,1068,187.4,69.6,-2.61,-27.438,4.84,4.194,26.0,27.3,62.0,1633,1,-26.1,0.47
6955,317,6.425,71.52,1,80.9,84.5,1079,187.1,69.8,-2.22,-27.367,4.848,4.194,26.0,27.5,62.0,1633,1,-26.1,0.48
6956,317,6.425,72.41,1,81.39999999999999,84.7,1090,186.7,70.0,-1.62,-27.289,4.855,4.194,26.0,27.7,62.0,1633,1,-26.0,0.49
6957,317,6.425,73.93,1,82.1,85.0,1100,186.3,70.2,-0.83,-27.211,4.867,4.194,30.0,27.8,62.0,1633,1,-26.0,0.49
6958,317,6.425,75.81,1,82.69999999999999,85.3,1109,185.8,70.3,-0.7,-27.141,4.875,4.194,30.0,28.1,62.0,1633,1,-26.0,0.49
6959,318,6.4,76.59,1,83.1,85.39999999999999,1118,185.4,70.6,-0.34,-27.062,4.883,4.194,30.0,28.4,62.0,1633,1,-26.0,0.49
6960,318,6.4,77.3,1,83.5,85.6,1125,184.9,70.6,-0.07,-26.984,4.895,4.194,30.0,28.8,62.0,1633,1,-26.0,0.48
6961,318,6.4,77.68,1,83.7,85.7,1133,184.4,70.7,-0.05,-26.898,4.902,4.194,30.0,29.2,62.0,1633,1,-26.0,0.49
6962,318,6.4,77.69,1,83.8,85.7,1137,184.0,70.8,0.25,-26.82,4.91,4.194,30.0,29.6,62.0,1633,1,-26.0,0.48
6963,318,6.4,77.69,1,84.1,85.9,1141,183.5,70.8,0.63,-26.734,4.922,4.194,30.0,30.1,62.0,1633,1,-25.9,0.49
6964,319,6.4,77.69,1,84.39999999999999,86.0,1146,183.1,71.0,0.68,-26.633,4.93,4.194,30.0,30.6,62.0,1633,1,-25.9,0.49
6965,319,6.4,77.69,1,84.39999999999999,86.0,1151,182.5,71.0,0.7,-26.555,4.938,4.194,30.0,31.1,62.0,1633,1,-25.9,0.49
6966,319,6.375,77.69,1,84.5,86.0,1155,182.0,70.9,0.68,-26.469,4.949,4.194,30.0,31.7,61.0,1633,1,-25.9,0.48
6967,319,6.375,77.69,1,84.39999999999999,86.0,1157,181.5,70.9,0.68,-26.375,4.957,4.194,31.0,32.4,62.0,1633,1,-25.9,0.47
6968,319,6.375,77.69,1,84.39999999999999,86.0,1158,181.0,70.9,0.68,-26.281,4.965,4.194,32.0,33.1,61.0,1632,1,-25.9,0.49
6969,319,6.375,77.69,1,84.39999999999999,86.0,1160,180.6,70.9,0.7,-26.195,4.973,4.194,33.0,33.7,61.0,1632,1,-25.8,0.48
6970,320,6.375,77.69,1,84.39999999999999,86.0,1161,180.1,70.9,0.66,-26.102,4.984,4.194,34.0,34.5,62.0,1632,1,-25.8,0.49
6971,320,6.375,77.69,1,84.3,86.0,1162,179.7,70.9,0.67,-26.0,4.992,4.194,35.0,35.3,61.0,1632,1,-25.8,0.49
6972,320,6.375,77.69,1,84.3,86.0,1163,179.3,70.9,0.7,-25.906,5.0,4.194,35.0,36.0,61.0,1632,1,-25.8,0.48
6973,320,6.375,77.69,1,84.3,85.9,1164,178.9,70.8,0.69,-25.812,5.008,4.194,36.0,36.8,61.0,1632,1,-25.8,0.47
6974,321,6.35,77.69,1,84.2,85.9,1164,178.5,70.8,0.68,-25.711,5.016,4.194,37.0,37.6,61.0,1632,1,-25.8,0.49
6975,321,6.35,77.69,1,84.2,85.9,1165,178.1,71.0,0.68,-25.602,5.023,4.194,38.0,38.3,61.0,1632,1,-25.8,0.48
6976,321,6.35,77.69,1,84.2,85.9,1165,177.8,70.9,0.67,-25.508,5.031,4.194,39.0,39.0,61.0,1632,1,-25.7,0.48
6977,322,6.35,77.69,1,84.1,85.9,1165,177.5,70.8,0.68,-25.414,5.039,4.194,40.0,39.8,61.0,1632,1,-25.7,0.47
6978,322,6.35,77.69,1,84.1,85.9,1165,177.3,70.8,0.68,-25.305,5.051,4.194,40.0,40.5,61.0,1632,1,-25.7,0.48
6979,322,6.35,77.69,1,84.0,85.9,1165,177.0,70.9,0.67,-25.219,5.059,4.194,41.0,41.1,61.0,1632,1,-25.7,0.48
6980,322,6.325,77.69,1,84.0,85.9,1165,176.8,70.7,0.67,-25.117,5.066,4.194,42.0,41.8,61.0,1632,1,-25.7,0.49
6981,323,6.325,77.69,1,83.89999999999999,85.9,1165,176.5,70.8,0.69,-25.016,5.074,4.194,43.0,42.5,61.0,1632,1,-25.6,0.48
6982,323,6.325,77.69,1,83.89999999999999,85.9,1165,176.2,70.8,0.68,-24.906,5.082,4.194,43.0,43.1,61.0,1632,1,-25.6,0.49
6983,323,6.325,77.69,1,83.8,85.8,1165,176.0,70.8,0.57,-24.82,5.09,4.194,44.0,43.7,61.0,1632,1,-25.6,0.49
6984,323,6.325,77.69,1,83.6,85.7,1165,175.8,70.8,-0.31,-24.719,5.102,4.194,45.0,44.2,61.0,1632,1,-25.6,0.49
6985,323,6.325,77.2,1,83.0,85.39999999999999,1162,175.6,70.6,-0.77,-24.609,5.109,4.194,45.0,44.7,61.0,1631,1,-25.6,0.48
6986,323,6.325,76.29,1,82.5,85.2,1157,175.4,70.6,-0.83,-24.523,5.117,4.194,45.0,45.2,61.0,1631,1,-25.5,0.49
6987,323,6.325,75.72,1,82.3,85.2,1153,175.3,70.4,-0.83,-24.43,5.125,4.194,46.0,45.6,61.0,1631,1,-25.5,0.48
6988,323,6.3,75.3,1,82.1,85.1,1150,175.1,70.3,-1.52,-24.336,5.133,4.194,46.0,45.9,61.0,1631,1,-25.5,0.49
6989,323,6.3,74.12,1,81.6,84.8,1147,175.0,70.1,-1.75,-24.227,5.141,4.194,46.0,46.3,61.0,1631,1,-25.5,0.49
6990,323,6.3,73.8,1,81.2,84.8,1143,174.9,70.1,-1.77,-24.141,5.148,4.194,46.0,46.5,61.0,1631,1,-25.4,0.49
6991,323,6.3,73.33,1,81.10000000000001,84.7,1139,174.7,70.0,-2.02,-24.055,5.156,4.194,47.0,46.8,61.0,1631,1,-25.4,0.5
6992,323,6.3,72.82,1,80.80000000000001,84.6,1136,174.6,69.9,-2.3,-23.953,5.164,4.194,47.0,47.0,61.0,1631,1,-25.4,0.49
6993,323,6.3,71.71,1,80.4,84.39999999999999,1132,174.4,69.9,-3.07,-23.875,5.172,4.194,47.0,47.1,61.0,1631,1,-25.4,0.49
6994,323,6.275,70.26,1,79.9,84.2,1127,174.4,69.7,-3.18,-23.773,5.18,4.194,47.0,47.2,61.0,1631,1,-25.3,0.49
6995,324,6.275,70.14,1,79.5,84.1,1122,174.3,69.5,-3.75,-23.68,5.188,4.194,47.0,47.2,61.0,1631,1,-25.3,0.49
6996,324,6.275,68.37,1,78.9,83.8,1116,174.3,69.4,-4.01,-23.57,5.195,4.194,47.0,47.3,61.0,1631,1,-25.3,0.48
6997,323,6.275,67.97,1,78.5,83.7,1110,174.3,69.2,-4.01,-23.477,5.203,4.194,47.0,47.2,61.0,1631,1,-25.3,0.48
6998,323,6.275,67.58,1,78.3,83.6,1106,174.4,69.2,-4.03,-23.375,5.211,4.194,47.0,47.2,61.0,1631,1,-25.2,0.49
6999,323,6.275,67.58,1,78.2,83.6,1103,174.4,69.3,-4.03,-23.258,5.219,4.194,47.0,47.1,61.0,1631,1,-25.2,0.49
7000,323,6.275,67.29,1,78.10000000000001,83.6,1100,174.4,69.2,-4.04,-23.164,5.227,4.194,46.0,46.9,61.0,1631,1,-25.2,0.49
7001,323,6.275,67.25,1,78.0,83.5,1098,174.3,69.3,-4.33,-23.055,5.234,4.194,46.0,46.8,61.0,1631,1,-25.2,0.49
7002,323,6.25,65.61,1,77.5,83.2,1095,174.4,69.0,-5.14,-22.945,5.242,4.194,46.0,46.6,61.0,1630,1,-25.1,0.49
7003,322,6.25,64.39,1,76.8,82.89999999999999,1090,174.4,68.8,-5.25,-22.836,5.25,4.194,46.0,46.4,61.0,1630,1,-25.1,0.49
7004,322,6.25,63.78,1,76.4,82.89999999999999,1084,174.5,68.8,-5.23,-22.742,5.258,4.194,46.0,46.1,61.0,1630,1,-25.1,0.49
7005,322,6.25,64.0,1,76.3,82.8,1079,174.6,68.8,-5.32,-22.633,5.266,4.194,45.0,45.9,61.0,1630,1,-25.1,0.49
7006,321,6.25,63.29,1,76.1,82.69999999999999,1076,174.6,68.7,-5.41,-22.516,5.273,4.194,45.0,45.6,61.0,1630,1,-25.0,0.49
7007,321,6.25,63.2,1,75.9,82.69999999999999,1073,174.7,68.7,-5.91,-22.43,5.281,4.194,45.0,45.3,61.0,1630,1,-25.0,0.48
7008,321,6.225,61.76,1,75.4,82.39999999999999,1069,174.7,68.5,-6.09,-22.328,5.289,4.194,44.0,45.0,61.0,1630,1,-25.0,0.48
7009,321,6.225,61.44,1,75.0,82.3,1064,174.8,68.5,-6.11,-22.227,5.297,4.194,44.0,44.7,61.0,1630,1,-24.9,0.49
7010,321,6.225,61.2,1,74.8,82.3,1060,174.9,68.5,-6.1,-22.117,5.301,4.194,43.0,44.3,61.0,1630,1,-24.9,0.48
7011,320,6.225,61.17,1,74.7,82.3,1057,174.9,68.4,-6.12,-22.031,5.309,4.194,43.0,44.0,61.0,1630,1,-24.9,0.48
7012,320,6.225,60.96,1,74.7,82.3,1055,175.0,68.4,-5.92,-21.93,5.316,4.194,43.0,43.6,61.0,1630,1,-24.8,0.47
7013,320,6.225,61.92,1,74.9,82.5,1054,175.1,68.6,-5.02,-21.844,5.324,4.194,42.0,43.3,61.0,1630,1,-24.8,0.48
7014,320,6.225,64.54,1,75.8,83.0,1058,175.1,68.7,-3.85,-21.734,5.332,4.194,42.0,42.9,61.0,1630,1,-24.8,0.47
7015,319,6.2,67.33,1,77.0,83.6,1066,175.1,69.1,-2.76,-21.648,5.344,4.194,41.0,42.5,61.0,1630,1,-24.8,0.48
7016,319,6.2,69.58,1,78.2,84.0,1077,175.1,69.5,-2.36,-21.539,5.352,4.194,41.0,42.2,61.0,1630,1,-24.7,0.48
7017,319,6.2,70.76,1,78.8,84.1,1088,175.1,69.6,-2.19,-21.43,5.363,4.194,40.0,41.9,61.0,1630,1,-24.7,0.48
7018,319,6.2,72.0,1,79.2,84.3,1095,175.1,69.7,-1.7,-21.328,5.375,4.194,40.0,41.6,61.0,1630,1,-24.6,0.47
7019,318,6.2,72.82,1,79.60000000000001,84.39999999999999,1101,175.1,69.9,-1.62,-21.211,5.383,4.194,40.0,41.3,61.0,1629,1,-24.6,0.47
7020,318,6.2,72.66,1,79.7,84.39999999999999,1105,175.1,70.0,-1.64,-21.133,5.391,4.194,40.0,41.1,61.0,1629,1,-24.6,0.48
7021,318,6.175,72.94,1,79.80000000000001,84.39999999999999,1109,175.1,70.0,-1.32,-21.055,5.402,4.194,40.0,40.9,61.0,1629,1,-24.5,0.48
7022,318,6.175,74.62,1,80.10000000000001,84.6,1111,175.0,70.0,-0.32,-21.008,5.406,4.194,39.0,40.8,61.0,1629,1,-24.5,0.48
7023,318,6.175,77.02,1,80.9,85.1,1116,174.9,70.2,1.26,-20.969,5.414,4.194,39.0,40.7,61.0,1629,1,-24.5,0.48
7024,318,6.175,77.69,1,82.1,85.7,1125,174.7,70.6,2.53,-20.922,5.426,4.194,39.0,40.7,61.0,1629,1,-24.4,0.48
7025,318,6.175,77.69,1,83.39999999999999,86.2,1137,174.5,71.2,3.7,-20.891,5.438,4.194,39.0,40.7,61.0,1629,1,-24.4,0.47
7026,318,6.175,77.69,1,84.7,86.7,1151,174.3,71.6,4.49,-20.867,5.449,4.194,39.0,40.8,61.0,1629,1,-24.4,0.48
7027,318,6.175,77.68,1,85.5,86.9,1164,174.1,71.8,4.57,-20.844,5.461,4.194,40.0,41.0,61.0,1629,1,-24.3,0.48
7028,318,6.15,77.68,1,85.9,87.0,1175,173.8,72.0,4.56,-20.828,5.477,4.194,40.0,41.2,61.0,1629,1,-24.3,0.49
7029,319,6.15,77.68,1,86.0,87.0,1182,173.4,72.2,4.62,-20.82,5.488,4.194,40.0,41.6,61.0,1629,1,-24.3,0.48
7030,319,6.15,77.68,1,86.0,87.1,1187,173.1,72.2,4.56,-20.812,5.5,4.194,41.0,42.1,61.0,1629,1,-24.2,0.48
7031,319,6.15,77.68,1,86.1,87.1,1191,172.8,72.2,4.56,-20.797,5.508,4.194,41.0,42.6,61.0,1629,1,-24.2,0.48
7032,319,6.15,77.68,1,86.0,87.1,1194,172.4,72.1,4.63,-20.781,5.52,4.194,42.0,43.2,61.0,1629,1,-24.2,0.48
7033,319,6.15,77.68,1,86.0,87.1,1196,172.1,72.1,4.55,-20.75,5.527,4.194,43.0,43.8,61.0,1629,1,-24.1,0.48
7034,319,6.15,77.68,1,86.0,87.1,1198,171.7,72.2,4.58,-20.719,5.539,4.194,44.0,44.5,61.0,1629,1,-24.1,0.48
7035,319,6.125,77.68,1,86.0,87.1,1200,171.3,72.1,4.43,-20.68,5.547,4.194,45.0,45.3,61.0,1629,1,-24.0,0.48
7036,319,6.125,77.69,1,85.8,86.9,1200,170.8,72.0,3.5,-20.633,5.555,4.194,45.0,46.0,61.0,1629,1,-24.0,0.48
7037,319,6.125,77.69,1,85.0,86.5,1198,170.4,71.8,2.47,-20.586,5.562,4.194,46.0,46.8,61.0,1628,1,-23.9,0.48
7038,319,6.125,77.69,1,84.1,86.2,1190,170.0,71.6,2.25,-20.531,5.57,4.194,47.0,47.6,61.0,1628,1,-23.9,0.49
7039,319,6.125,77.69,1,83.7,86.1,1185,169.7,71.5,2.22,-20.484,5.578,4.194,48.0,48.3,61.0,1628,1,-23.9,0.48
7040,319,6.125,77.69,1,83.5,86.0,1180,169.4,71.3,2.21,-20.414,5.586,4.194,48.0,49.0,61.0,1628,1,-23.8,0.48
7041,319,6.1,77.69,1,83.3,85.9,1177,169.2,71.3,1.56,-20.352,5.594,4.194,49.0,49.6,61.0,1628,1,-23.8,0.48
7042,319,6.1,77.69,1,82.8,85.7,1173,169.0,71.0,1.37,-20.273,5.602,4.194,50.0,50.2,61.0,1628,1,-23.7,0.48
7043,319,6.1,77.69,1,82.6,85.6,1168,168.9,70.9,1.29,-20.219,5.609,4.194,51.0,50.7,61.0,1628,1,-23.7,0.48
7044,319,6.1,77.69,1,82.39999999999999,85.6,1165,168.6,70.8,1.34,-20.148,5.617,4.194,51.0,51.2,61.0,1628,1,-23.7,0.48
7045,319,6.1,77.69,1,82.3,85.6,1162,168.5,70.9,1.31,-20.062,5.625,4.194,52.0,51.6,61.0,1628,1,-23.6,0.48
7046,319,6.1,77.69,1,82.3,85.5,1160,168.5,70.9,1.34,-19.992,5.637,4.194,52.0,52.0,61.0,1628,1,-23.6,0.48
7047,319,6.075,77.69,1,82.3,85.5,1159,168.5,70.8,1.36,-19.914,5.645,4.194,53.0,52.3,61.0,1628,1,-23.5,0.48
7048,319,6.075,77.69,1,82.3,85.6,1158,168.5,70.8,2.19,-19.852,5.652,4.194,53.0,52.6,61.0,1628,1,-23.5,0.48
7049,319,6.075,77.69,1,82.89999999999999,86.0,1159,168.5,70.9,3.2,-19.773,5.664,4.194,53.0,52.8,61.0,1628,1,-23.4,0.47
7050,319,6.075,77.69,1,83.7,86.2,1163,168.4,71.3,3.43,-19.719,5.672,4.194,53.0,53.1,61.0,1628,1,-23.4,0.48
7051,319,6.075,77.69,1,84.1,86.3,1168,168.3,71.5,3.56,-19.672,5.68,4.194,54.0,53.6,61.0,1628,1,-23.3,0.47
7052,319,6.075,77.69,1,84.5,86.6,1173,168.3,71.6,4.34,-19.625,5.691,4.194,54.0,54.3,61.0,1628,1,-23.3,0.47
7053,320,6.05,77.68,1,85.0,86.7,1178,168.2,71.8,4.46,-19.594,5.703,4.194,56.0,55.2,61.0,1628,1,-23.2,0.48
7054,320,6.05,77.68,1,85.2,86.8,1183,168.1,72.0,4.46,-19.555,5.711,4.194,57.0,56.5,61.0,1628,1,-23.2,0.48
7055,320,6.05,77.68,1,85.3,86.8,1186,168.1,72.0,4.47,-19.523,5.723,4.194,60.0,58.2,61.0,1628,1,-23.2,0.47
7056,320,6.05,77.68,1,85.39999999999999,86.9,1189,167.9,72.0,4.98,-19.477,5.734,4.194,61.0,60.1,61.0,1627,1,-23.1,0.47
7057,320,6.05,77.68,1,85.8,87.2,1191,167.8,72.2,5.73,-19.445,5.742,4.194,64.0,62.4,61.0,1627,1,-23.1,0.47
7058,320,6.05,77.68,1,86.2,87.3,1196,167.6,72.3,5.78,-19.398,5.754,4.194,66.0,65.0,61.0,1627,1,-23.0,0.47
7059,320,6.025,77.68,1,86.4,87.4,1200,167.5,72.4,6.18,-19.344,5.762,4.194,70.0,67.8,61.0,1627,1,-23.0,0.47
7060,321,6.025,77.68,1,86.7,87.6,1204,167.3,72.5,6.59,-19.297,5.77,4.194,73.0,71.0,61.0,1627,1,-22.9,0.47
7061,321,6.025,77.68,1,87.0,87.7,1209,167.0,72.6,6.59,-19.234,5.781,4.194,78.0,74.5,61.0,1627,1,-22.9,0.48
7062,321,6.025,77.68,1,87.1,87.7,1213,166.8,72.8,6.66,-19.172,5.793,4.194,81.0,78.2,61.0,1627,1,-22.8,0.48
7063,321,6.025,77.68,1,87.1,87.7,1216,166.6,72.8,6.73,-19.109,5.801,4.194,86.0,82.3,61.0,1627,1,-22.8,0.48
7064,321,6.025,77.68,1,87.2,87.8,1218,166.3,72.9,7.11,-19.047,5.813,4.194,91.0,86.5,61.0,1627,1,-22.7,0.47
7065,322,6.0,77.67,1,87.4,87.9,1220,166.1,72.9,7.16,-18.977,5.82,4.194,96.0,90.7,61.0,1627,1,-22.7,0.49
7066,322,6.0,77.67,1,87.4,87.9,1222,165.8,72.9,7.18,-18.898,5.832,4.194,100.0,95.2,61.0,1627,1,-22.6,0.48
7067,322,6.0,77.67,1,87.4,87.9,1224,165.6,72.9,7.16,-18.828,5.84,4.194,106.0,99.9,61.0,1627,1,-22.6,0.49
7068,322,6.0,77.67,1,87.4,87.9,1225,165.5,72.9,7.17,-18.742,5.848,4.194,110.0,104.5,61.0,1627,1,-22.5,0.47
7069,323,6.0,77.67,1,87.3,87.9,1226,165.3,73.0,7.18,-18.672,5.859,4.194,116.0,109.4,61.0,1627,1,-22.5,0.48
7070,323,6.0,77.67,1,87.3,87.8,1227,165.1,72.9,7.14,-18.586,5.867,4.194,121.0,114.3,61.0,1627,1,-22.4,0.48
7071,323,5.975,77.67,1,87.2,87.9,1227,164.9,72.8,7.17,-18.5,5.879,4.194,126.0,118.9,61.0,1627,1,-22.4,0.47
7072,323,5.975,77.67,1,87.2,87.8,1227,164.7,72.8,7.14,-18.406,5.887,4.194,130.0,123.7,61.0,1627,1,-22.3,0.48
7073,324,5.975,77.67,1,87.2,87.8,1227,164.5,72.8,7.18,-18.328,5.895,4.194,136.0,128.3,61.0,1627,1,-22.3,0.47
7074,324,5.975,77.67,1,87.2,87.8,1226,164.4,72.9,7.19,-18.234,5.902,4.194,140.0,132.8,61.0,1626,1,-22.2,0.48
7075,324,5.975,77.67,1,87.1,87.8,1226,164.3,72.9,7.16,-18.156,5.914,4.194,146.0,137.2,61.0,1626,1,-22.2,0.48
7076,324,5.975,77.67,1,87.1,87.8,1225,164.2,72.8,7.18,-18.062,5.922,4.194,150.0,141.5,61.0,1626,1,-22.1,0.47
7077,324,5.95,77.67,1,87.0,87.8,1225,164.1,72.7,7.19,-17.977,5.93,4.194,155.0,145.5,61.0,1626,1,-22.1,0.48
7078,325,5.95,77.67,1,86.9,87.8,1224,164.0,72.8,7.36,-17.898,5.941,4.194,159.0,149.5,61.0,1626,1,-22.0,0.48
7079,325,5.95,77.67,1,87.1,87.9,1224,163.9,72.8,7.84,-17.797,5.949,4.194,163.0,153.3,61.0,1626,1,-21.9,0.47
7080,325,5.95,77.67,1,87.3,88.0,1227,163.7,73.0,7.82,-17.711,5.961,4.194,166.0,156.7,61.0,1626,1,-21.9,0.47
7081,325,5.95,77.67,1,87.4,88.0,1229,163.6,72.9,8.04,-17.617,5.969,4.194,169.0,159.9,61.0,1626,1,-21.9,0.47
7082,326,5.925,77.67,1,87.6,88.1,1230,163.4,73.0,8.29,-17.531,5.98,4.194,172.0,162.9,61.0,1626,1,-21.8,0.48
7083,326,5.925,77.67,1,87.8,88.2,1232,163.3,73.0,8.26,-17.438,5.988,4.194,175.0,165.6,61.0,1626,1,-21.7,0.47
7084,326,5.925,77.67,1,87.8,88.2,1234,163.2,73.3,8.45,-17.336,6.0,4.194,177.0,168.1,61.0,1626,1,-21.7,0.47
7085,326,5.925,77.67,1,88.0,88.4,1236,163.2,73.1,8.88,-17.258,6.012,4.194,180.0,170.4,61.0,1626,1,-21.6,0.48
7086,327,5.925,77.67,1,88.2,88.4,1239,163.1,73.3,9.12,-17.156,6.02,4.194,181.0,172.4,61.0,1626,1,-21.6,0.48
7087,327,5.925,77.67,1,88.6,88.6,1242,163.1,73.4,9.77,-17.086,6.027,4.194,182.0,174.1,61.0,1626,1,-21.5,0.48
7088,327,5.9,77.67,1,89.0,88.8,1246,163.0,73.7,9.86,-16.992,6.039,4.194,184.0,175.7,61.0,1626,1,-21.5,0.47
7089,328,5.9,77.66,1,89.2,88.9,1250,162.8,73.8,10.47,-16.93,6.047,4.194,185.0,177.0,61.0,1626,1,-21.4,0.47
7090,328,5.9,77.66,0,89.7,89.2,1254,162.6,73.9,11.55,-16.852,6.059,4.194,185.0,178.1,61.0,1626,1,-21.3,0.48
7091,329,5.9,77.66,1,90.4,89.5,1260,162.6,74.1,11.81,-16.773,6.07,4.194,187.0,179.2,61.0,1626,1,-21.3,0.49
7092,329,5.9,77.66,1,90.8,89.60000000000001,1268,162.3,74.3,11.85,-16.711,6.082,4.194,187.0,180.0,61.0,1626,1,-21.2,0.48
7093,330,5.875,77.66,1,90.9,89.60000000000001,1274,162.1,74.4,11.87,-16.633,6.094,4.194,187.0,180.8,61.0,1626,1,-21.2,0.47
7094,330,5.875,77.66,1,91.0,89.7,1279,162.0,74.4,11.88,-16.57,6.105,4.194,189.0,181.5,61.0,1626,1,-21.1,0.49
7095,331,5.875,77.66,1,91.0,89.7,1281,161.9,74.4,11.87,-16.5,6.117,4.194,189.0,182.2,61.0,1626,1,-21.0,0.48
7096,331,5.875,77.66,1,91.0,89.7,1283,161.7,74.4,11.86,-16.438,6.129,4.194,189.0,182.8,61.0,1625,1,-21.0,0.49
7097,332,5.875,77.66,1,91.0,89.7,1285,161.6,74.5,11.89,-16.375,6.141,4.194,190.0,183.4,61.0,1625,1,-20.9,0.48
7098,332,5.85,77.66,1,91.0,89.7,1285,161.5,74.4,11.87,-16.297,6.152,4.194,190.0,184.0,61.0,1625,1,-20.9,0.48
7099,333,5.85,77.66,1,91.0,89.7,1286,161.2,74.5,11.87,-16.227,6.164,4.194,190.0,184.6,61.0,1625,1,-20.8,0.47
7100,333,5.85,77.66,1,91.0,89.7,1287,161.0,74.4,11.84,-16.133,6.176,4.194,190.0,185.1,61.0,1625,1,-20.8,0.48
7101,334,5.85,77.66,1,90.9,89.7,1287,160.7,74.4,10.95,-16.062,6.184,4.194,191.0,185.4,62.0,1625,1,-20.7,0.48
7102,334,5.85,77.66,1,90.2,89.3,1285,160.4,74.2,9.9,-15.977,6.195,4.194,190.0,185.5,62.0,1625,1,-20.6,0.47
7103,334,5.85,77.66,1,89.4,88.9,1280,160.3,74.0,8.99,-15.898,6.203,4.194,190.0,185.2,62.0,1625,1,-20.5,0.48
7104,334,5.825,77.66,1,88.7,88.7,1272,160.1,73.7,8.84,-15.805,6.211,4.194,189.0,184.6,62.0,1625,1,-20.5,0.48
7105,335,5.825,77.67,1,88.3,88.6,1265,160.0,73.5,8.37,-15.719,6.223,4.194,187.0,183.6,62.0,1625,1,-20.4,0.47
7106,335,5.825,77.67,1,87.8,88.3,1260,159.9,73.3,7.63,-15.617,6.23,4.194,186.0,182.4,62.0,1625,1,-20.3,0.46
7107,335,5.825,77.67,1,87.4,88.1,1253,159.9,73.1,7.49,-15.523,6.238,4.194,184.0,181.0,62.0,1625,1,-20.3,0.46
7108,335,5.825,77.67,1,87.1,88.1,1248,159.9,72.9,7.38,-15.414,6.25,4.194,182.0,179.4,62.0,1625,1,-20.2,0.47
7109,335,5.8,77.67,1,86.8,87.9,1243,159.9,72.8,6.6,-15.312,6.258,4.194,180.0,177.6,62.0,1625,1,-20.2,0.47
7110,336,5.8,77.67,1,86.4,87.7,1239,159.9,72.7,6.39,-15.203,6.266,4.194,178.0,175.6,62.0,1625,1,-20.1,0.47
7111,336,5.8,77.67,1,86.1,87.6,1234,160.0,72.6,6.39,-15.102,6.277,4.194,175.0,173.6,62.0,1625,1,-20.0,0.47
7112,336,5.8,77.67,1,86.0,87.6,1230,160.2,72.6,6.39,-14.992,6.285,4.194,173.0,171.4,62.0,1625,1,-20.0,0.47
7113,336,5.8,77.67,1,86.0,87.6,1227,160.4,72.7,6.36,-14.883,6.297,4.194,170.0,169.3,62.0,1625,1,-19.9,0.47
7114,336,5.775,77.67,1,85.9,87.6,1225,160.4,72.6,5.95,-14.773,6.305,4.194,168.0,167.2,62.0,1625,1,-19.8,0.47
7115,336,5.775,77.67,1,85.6,87.5,1222,160.6,72.5,5.68,-14.664,6.316,4.194,165.0,165.0,62.0,1625,1,-19.8,0.47
7116,336,5.775,77.68,1,85.2,87.3,1218,160.7,72.4,5.03,-14.562,6.328,4.194,163.0,163.1,62.0,1625,1,-19.7,0.47
7117,336,5.775,77.68,1,84.8,87.1,1214,160.9,72.5,4.93,-14.453,6.336,4.194,161.0,161.1,62.0,1625,1,-19.6,0.47
7118,336,5.775,77.68,1,84.6,87.1,1210,161.0,72.3,4.94,-14.352,6.344,4.194,159.0,159.2,62.0,1625,1,-19.6,0.48
7119,336,5.75,77.68,1,84.6,87.1,1207,161.3,72.3,4.94,-14.25,6.352,4.194,157.0,157.4,62.0,1625,1,-19.5,0.46
7120,336,5.75,77.68,1,84.5,87.1,1204,161.4,72.3,4.93,-14.156,6.363,4.194,156.0,155.7,62.0,1625,1,-19.4,0.46
7121,336,5.75,77.68,1,84.6,87.1,1203,161.6,72.1,4.91,-14.07,6.371,4.194,154.0,154.2,62.0,1625,1,-19.3,0.48
7122,336,5.75,77.68,1,84.5,87.1,1202,161.6,72.2,4.91,-13.977,6.383,4.194,152.0,152.8,62.0,1625,1,-19.3,0.46
7123,336,5.725,77.68,1,84.5,87.1,1201,161.9,72.1,5.14,-13.883,6.395,4.194,150.0,151.5,62.0,1625,1,-19.2,0.47
7124,336,5.725,77.68,1,84.7,87.2,1201,162.0,72.2,5.73,-13.789,6.402,4.194,150.0,150.3,62.0,1625,1,-19.1,0.47
7125,336,5.725,77.67,1,85.0,87.4,1203,162.1,72.4,5.81,-13.695,6.41,4.194,149.0,149.3,62.0,1625,1,-19.1,0.47
7126,336,5.725,77.67,1,85.2,87.4,1206,162.2,72.5,5.84,-13.594,6.422,4.194,148.0,148.5,62.0,1625,1,-19.0,0.47
7127,336,5.725,77.67,1,85.2,87.4,1207,162.3,72.4,5.81,-13.492,6.434,4.194,147.0,147.8,62.0,1625,1,-18.9,0.46
7128,336,5.7,77.67,1,85.3,87.5,1209,162.5,72.5,6.55,-13.391,6.441,4.194,147.0,147.3,62.0,1625,1,-18.8,0.47
7129,336,5.7,77.67,1,85.8,87.7,1212,162.5,72.7,6.91,-13.297,6.453,4.194,146.0,147.0,62.0,1625,1,-18.7,0.47
7130,336,5.7,77.67,1,86.1,87.8,1216,162.6,72.8,7.21,-13.203,6.465,4.194,147.0,146.9,62.0,1625,1,-18.7,0.47
7131,336,5.7,77.67,1,86.4,88.0,1220,162.7,72.9,7.6,-13.109,6.477,4.194,147.0,146.9,62.0,1625,1,-18.6,0.46
7132,336,5.7,77.67,1,86.7,88.1,1224,162.7,73.1,7.63,-13.016,6.488,4.194,147.0,147.1,62.0,1625,1,-18.5,0.46
7133,336,5.675,77.67,1,86.8,88.1,1227,162.7,73.3,7.59,-12.922,6.5,4.194,148.0,147.5,62.0,1625,1,-18.5,0.46
7134,336,5.675,77.67,1,86.8,88.1,1229,162.5,73.2,7.6,-12.828,6.512,4.194,149.0,148.0,62.0,1624,1,-18.4,0.45
7135,336,5.675,77.67,1,86.8,88.1,1231,162.5,73.1,7.61,-12.734,6.523,4.194,149.0,148.7,62.0,1624,1,-18.3,0.46
7136,336,5.675,77.67,1,86.8,88.1,1232,162.5,73.2,7.57,-12.641,6.535,4.194,150.0,149.4,62.0,1624,1,-18.2,0.46
7137,336,5.675,77.67,1,86.7,88.1,1232,162.6,73.1,7.24,-12.547,6.547,4.194,151.0,150.3,62.0,1624,1,-18.1,0.46
7138,336,5.65,70.44,1,79.5,82.39999999999999,1225,162.5,71.0,-22.36,-12.477,6.555,4.194,153.0,151.2,62.0,1624,1,-18.1,0.43
7139,336,5.6,50.67,1,67.80000000000001,77.60000000000001,1155,162.5,67.4,-22.25,-12.461,6.547,4.194,154.0,152.0,62.0,1624,1,-18.0,0.44
7140,335,5.575,44.34,1,61.199999999999996,75.6,1073,162.7,65.6,-22.16,-12.469,6.539,4.194,154.0,152.4,62.0,1624,1,-17.9,0.45
7141,333,5.55,40.89,1,57.099999999999994,74.2,1010,163.0,64.4,-22.42,-12.477,6.531,4.194,154.0,152.5,62.0,1624,1,-17.8,0.45
7142,332,5.55,37.81,1,54.0,72.8,962,163.4,63.7,-22.26,-12.477,6.527,4.194,154.0,152.2,62.0,1624,1,-17.8,0.45
7143,331,5.55,34.67,1,51.5,71.6,924,164.0,62.9,-22.24,-12.484,6.523,4.194,154.0,151.8,62.0,1624,1,-17.7,0.45
7144,330,5.575,31.92,1,49.4,70.5,892,164.4,62.2,-22.26,-12.484,6.527,4.194,153.0,151.2,62.0,1624,1,-17.6,0.45
7145,329,5.575,29.44,1,47.5,69.39999999999999,865,164.7,61.9,-22.27,-12.492,6.527,4.194,151.0,150.4,62.0,1624,1,-17.5,0.45
7146,328,5.575,27.16,1,45.800000000000004,68.4,842,165.0,61.5,-19.99,-12.484,6.531,4.194,151.0,149.5,62.0,1624,1,-17.5,0.44
7147,327,5.575,29.7,1,45.800000000000004,69.69999999999999,825,165.4,61.9,-12.27,-12.477,6.535,4.194,150.0,148.6,62.0,1624,1,-17.4,0.45
7148,326,5.6,35.52,1,49.7,73.8,842,165.9,63.6,-3.98,-12.461,6.543,4.194,149.0,147.6,62.0,1624,1,-17.3,0.46
7149,325,5.575,42.44,1,55.2,76.9,885,166.5,65.2,5.8,-12.445,6.555,4.194,148.0,146.7,62.0,1624,1,-17.2,0.46
7150,324,5.575,46.34,1,61.4,79.7,932,167.1,66.5,10.1,-12.406,6.566,4.194,147.0,145.8,62.0,1624,1,-17.1,0.47
7151,324,5.525,43.64,1,68.0,82.5,982,167.9,68.1,11.01,-12.344,6.586,4.194,146.0,145.2,62.0,1624,1,-17.1,0.47
7152,323,5.525,44.02,1,75.4,85.6,1036,168.6,70.1,12.09,-12.258,6.605,4.194,145.0,144.7,62.0,1624,1,-17.0,0.46
7153,323,5.525,44.13,1,83.7,89.3,1103,169.4,72.4,12.1,-12.148,6.633,4.194,145.0,144.4,62.0,1624,1,-16.9,0.48
7154,323,5.525,44.72,1,89.0,89.60000000000001,1177,170.0,74.3,12.59,-11.992,6.656,4.194,144.0,144.3,62.0,1624,1,-16.8,0.47
7155,323,5.525,45.07,1,90.60000000000001,90.10000000000001,1217,170.6,75.2,12.65,-11.852,6.68,4.194,144.0,144.3,62.0,1624,1,-16.7,0.47
7156,324,5.525,45.71,1,91.2,90.3,1238,170.9,75.5,12.68,-11.734,6.699,4.194,145.0,144.5,62.0,1624,1,-16.6,0.47
7157,324,5.525,46.51,1,91.3,90.3,1252,171.1,75.4,12.65,-11.633,6.715,4.194,146.0,144.9,62.0,1624,1,-16.6,0.46
7158,325,5.5,45.45,1,91.3,90.3,1262,170.9,75.4,12.66,-11.539,6.727,4.194,146.0,145.4,62.0,1624,1,-16.5,0.47
7159,325,5.5,45.84,1,91.3,90.4,1270,170.4,75.3,12.7,-11.453,6.738,4.194,147.0,146.1,62.0,1624,1,-16.4,0.47
7160,326,5.5,45.55,1,91.4,90.4,1275,169.5,75.2,12.64,-11.383,6.75,4.194,148.0,147.0,62.0,1624,1,-16.3,0.47
7161,326,5.5,45.17,1,91.3,90.3,1280,168.6,75.3,12.64,-11.305,6.758,4.194,149.0,148.0,62.0,1624,1,-16.2,0.48
7162,326,5.5,45.5,1,91.3,90.3,1283,167.4,75.3,12.64,-11.227,6.77,4.194,150.0,149.1,62.0,1624,1,-16.1,0.47
7163,327,5.5,44.55,1,91.3,90.3,1286,166.5,75.2,12.64,-11.148,6.781,4.194,151.0,150.4,62.0,1624,1,-16.0,0.46
7164,327,5.5,45.16,1,91.3,90.3,1288,165.6,75.2,12.66,-11.07,6.793,4.194,153.0,151.6,62.0,1624,1,-16.0,0.46
7165,328,5.475,44.67,1,91.3,90.3,1290,164.6,75.1,12.66,-10.984,6.805,4.194,155.0,153.0,62.0,1624,1,-15.9,0.46
7166,329,5.475,45.52,1,91.3,90.3,1291,164.0,75.2,12.64,-10.891,6.816,4.194,156.0,154.5,62.0,1624,1,-15.8,0.46
7167,329,5.475,45.48,1,91.2,90.3,1292,163.2,75.0,12.64,-10.789,6.832,4.194,158.0,155.9,62.0,1624,1,-15.7,0.46
7168,330,5.475,45.61,1,91.2,90.3,1293,162.7,75.0,12.65,-10.688,6.84,4.194,159.0,157.5,62.0,1624,1,-15.6,0.46
7169,331,5.45,45.9,1,91.2,90.3,1294,162.1,75.0,12.68,-10.578,6.855,4.194,162.0,159.2,62.0,1624,1,-15.5,0.46
7170,331,5.45,46.48,1,91.2,90.3,1295,161.6,75.1,12.65,-10.461,6.867,4.194,163.0,160.9,62.0,1624,1,-15.4,0.46
7171,332,5.45,46.09,1,91.2,90.3,1296,161.2,75.0,12.65,-10.336,6.879,4.194,165.0,162.7,62.0,1624,1,-15.4,0.45
7172,332,5.45,44.21,1,91.10000000000001,90.3,1297,160.8,75.0,12.64,-10.219,6.895,4.194,167.0,164.5,62.0,1624,1,-15.3,0.45
7173,333,5.45,44.28,1,91.10000000000001,90.3,1297,160.6,75.1,12.63,-10.102,6.906,4.194,169.0,166.2,62.0,1624,1,-15.2,0.46
7174,333,5.425,44.22,1,91.10000000000001,90.3,1298,160.2,75.1,12.66,-9.977,6.918,4.194,171.0,168.0,62.0,1624,1,-15.1,0.46
7175,334,5.425,44.27,1,91.10000000000001,90.3,1298,159.9,74.9,12.63,-9.852,6.93,4.194,173.0,169.8,62.0,1624,1,-15.0,0.45
7176,334,5.425,44.1,1,91.10000000000001,90.3,1298,159.6,75.1,12.65,-9.727,6.941,4.194,174.0,171.6,62.0,1624,1,-14.9,0.45
7177,335,5.425,44.12,1,91.10000000000001,90.3,1299,159.4,75.1,12.65,-9.594,6.953,4.194,177.0,173.4,62.0,1624,1,-14.8,0.46
7178,335,5.425,44.05,1,91.0,90.3,1299,159.1,75.0,12.64,-9.469,6.965,4.194,179.0,175.2,62.0,1624,1,-14.7,0.46
7179,335,5.4,44.15,1,91.0,90.3,1299,158.8,75.0,12.68,-9.344,6.977,4.194,180.0,176.9,62.0,1624,1,-14.6,0.45
7180,336,5.4,44.09,1,91.0,90.3,1299,158.6,74.9,12.65,-9.219,6.988,4.194,182.0,178.7,62.0,1624,1,-14.6,0.44
7181,336,5.4,44.12,1,90.9,90.3,1299,158.4,74.8,12.64,-9.094,7.004,4.194,184.0,180.4,62.0,1624,1,-14.4,0.46
7182,337,5.4,44.0,1,90.9,90.3,1299,158.2,74.9,12.65,-8.969,7.012,4.194,185.0,181.9,62.0,1624,1,-14.4,0.45
7183,337,5.375,43.97,1,90.9,90.3,1298,158.0,75.0,12.67,-8.836,7.027,4.194,187.0,183.5,62.0,1624,1,-14.3,0.45
7184,338,5.375,44.06,1,90.9,90.3,1298,157.9,75.0,12.68,-8.703,7.039,4.194,189.0,185.0,62.0,1624,1,-14.2,0.44
7185,338,5.375,44.0,1,90.8,90.3,1298,157.8,74.9,12.66,-8.586,7.051,4.194,190.0,186.3,62.0,1624,1,-14.1,0.45
7186,339,5.375,44.01,1,90.8,90.3,1299,157.6,74.9,12.68,-8.461,7.066,4.194,192.0,187.7,62.0,1624,1,-14.0,0.44
7187,339,5.35,44.07,1,90.8,90.3,1298,157.5,74.9,12.66,-8.336,7.074,4.194,193.0,188.9,62.0,1624,1,-13.9,0.45
7188,340,5.35,44.01,1,90.7,90.3,1298,157.4,74.9,12.66,-8.211,7.09,4.194,193.0,189.9,62.0,1624,1,-13.8,0.46
7189,340,5.35,43.94,1,90.7,90.3,1298,157.3,74.9,12.64,-8.086,7.102,4.194,195.0,190.8,62.0,1624,1,-13.7,0.46
7190,340,5.35,43.97,1,90.7,90.3,1298,157.3,74.9,12.66,-7.969,7.113,4.194,196.0,191.7,62.0,1624,1,-13.6,0.46
7191,340,5.325,44.0,1,90.7,90.3,1298,157.2,75.0,12.63,-7.852,7.125,4.194,196.0,192.3,62.0,1624,1,-13.5,0.46
7192,341,5.325,43.93,1,90.7,90.3,1298,157.1,74.9,12.65,-7.742,7.137,4.194,196.0,193.0,62.0,1624,1,-13.4,0.45
7193,341,5.325,44.11,1,90.60000000000001,90.2,1297,157.0,74.8,12.09,-7.617,7.148,4.194,197.0,193.5,62.0,1624,1,-13.3,0.45
7194,341,5.325,43.87,1,90.10000000000001,90.0,1295,157.0,74.7,11.62,-7.5,7.164,4.194,197.0,193.9,63.0,1624,1,-13.2,0.45
7195,342,5.3,45.64,1,89.7,89.8,1292,156.9,74.6,11.55,-7.391,7.176,4.194,198.0,194.3,63.0,1624,1,-13.1,0.46
7196,342,5.3,45.41,1,89.5,89.8,1288,156.8,74.4,11.48,-7.273,7.188,4.194,198.0,194.7,63.0,1624,1,-13.0,0.46
7197,342,5.3,45.89,1,89.3,89.7,1286,156.8,74.5,10.57,-7.164,7.199,4.194,198.0,194.9,63.0,1624,1,-12.9,0.45
7198,342,5.3,45.72,1,88.6,89.4,1282,156.7,74.3,10.18,-7.055,7.207,4.194,198.0,195.2,63.0,1624,1,-12.8,0.45
7199,343,5.275,45.6,1,88.3,89.3,1276,156.8,74.0,10.17,-6.93,7.219,4.194,198.0,195.5,63.0,1624,1,-12.7,0.45
7200,343,5.275,45.12,1,88.2,89.2,1272,156.8,74.0,10.17,-6.812,7.23,4.194,198.0,195.6,63.0,1624,1,-12.6,0.45
7201,343,5.275,45.08,1,88.1,89.2,1268,156.7,73.9,10.17,-6.703,7.246,4.194,198.0,195.8,63.0,1624,1,-12.5,0.45
7202,343,5.275,44.12,1,88.1,89.2,1265,156.9,74.1,10.14,-6.594,7.254,4.194,198.0,195.9,63.0,1624,1,-12.4,0.44
7203,343,5.25,45.19,1,88.0,89.2,1263,157.1,73.9,10.14,-6.484,7.27,4.194,198.0,196.0,63.0,1624,1,-12.3,0.45
7204,343,5.25,45.38,1,88.0,89.2,1263,157.2,74.0,10.17,-6.391,7.281,4.194,198.0,196.0,63.0,1624,1,-12.2,0.45
7205,343,5.25,45.82,1,88.0,89.2,1262,157.4,74.0,10.16,-6.297,7.293,4.194,198.0,196.0,63.0,1624,1,-12.1,0.44
7206,343,5.25,45.57,1,88.0,89.2,1261,157.5,74.1,10.2,-6.211,7.305,4.194,198.0,196.0,63.0,1624,1,-12.0,0.44
7207,343,5.225,45.08,1,88.0,89.3,1261,157.6,74.0,10.91,-6.125,7.316,4.194,198.0,195.9,63.0,1624,1,-11.9,0.45
7208,343,5.225,45.71,1,88.7,89.60000000000001,1263,157.7,74.3,12.07,-6.031,7.328,4.194,198.0,195.9,63.0,1624,1,-11.8,0.45
7209,344,5.225,45.52,1,89.60000000000001,90.0,1269,157.8,74.6,12.69,-5.938,7.34,4.194,197.0,195.8,63.0,1624,1,-11.7,0.45
7210,344,5.225,45.28,1,90.10000000000001,90.2,1276,157.8,74.9,12.79,-5.844,7.355,4.194,197.0,195.8,63.0,1624,1,-11.5,0.44
7211,344,5.2,44.25,1,90.3,90.2,1283,157.9,75.0,12.82,-5.758,7.367,4.194,197.0,195.7,63.0,1624,1,-11.4,0.44
7212,344,5.2,43.97,1,90.3,90.3,1287,158.0,75.1,12.74,-5.656,7.379,4.194,197.0,195.7,63.0,1624,1,-11.3,0.45
7213,344,5.2,46.26,1,90.3,90.3,1289,158.0,75.0,12.73,-5.562,7.395,4.194,197.0,195.6,63.0,1624,1,-11.2,0.44
7214,344,5.2,44.5,1,90.3,90.3,1290,158.1,75.1,12.78,-5.477,7.406,4.194,197.0,195.4,63.0,1624,1,-11.1,0.44
7215,345,5.175,44.08,1,90.3,90.3,1291,158.1,75.0,12.79,-5.375,7.418,4.194,196.0,195.3,63.0,1624,1,-11.0,0.45
7216,345,5.175,45.54,1,90.3,90.3,1292,157.9,75.1,12.77,-5.289,7.43,4.194,196.0,195.1,63.0,1624,1,-10.9,0.45
7217,345,5.175,45.86,1,90.3,90.3,1292,157.8,75.0,13.08,-5.203,7.445,4.194,196.0,195.0,63.0,1624,1,-10.8,0.45
7218,345,5.175,46.71,1,90.4,90.4,1293,157.7,75.1,13.12,-5.109,7.457,4.194,196.0,194.8,63.0,1624,1,-10.7,0.45
7219,345,5.15,45.25,1,90.5,90.4,1295,157.5,75.1,13.1,-5.016,7.469,4.194,196.0,194.7,63.0,1625,1,-10.6,0.45
7220,345,5.15,45.36,1,90.5,90.4,1296,157.6,75.2,13.12,-4.922,7.484,4.194,196.0,194.6,63.0,1625,1,-10.5,0.45
7221,346,5.15,46.78,1,90.5,90.4,1296,157.7,75.2,12.86,-4.812,7.496,4.194,196.0,194.4,63.0,1625,1,-10.4,0.45
7222,346,5.15,45.98,1,90.2,90.2,1296,157.6,75.1,11.92,-4.703,7.508,4.194,195.0,194.3,63.0,1625,1,-10.2,0.44
7223,346,5.125,45.66,1,89.5,89.9,1293,157.4,74.8,11.6,-4.617,7.52,4.194,195.0,194.1,63.0,1625,1,-10.1,0.45
7224,346,5.125,46.64,1,89.1,89.8,1288,157.4,74.6,11.52,-4.516,7.531,4.194,195.0,194.0,63.0,1625,1,-10.0,0.45
7225,346,5.125,45.54,1,89.0,89.8,1285,157.3,74.5,11.56,-4.414,7.547,4.194,194.0,193.8,63.0,1625,1,-9.9,0.44
7226,346,5.125,45.43,1,88.8,89.7,1282,157.3,74.4,10.84,-4.305,7.555,4.194,194.0,193.7,63.0,1625,1,-9.8,0.43
7227,346,5.1,45.4,1,88.2,89.4,1278,157.2,74.3,10.23,-4.195,7.566,4.194,194.0,193.6,63.0,1625,1,-9.7,0.43
7228,346,5.1,47.24,1,87.8,89.3,1272,157.2,74.0,10.17,-4.086,7.578,4.194,194.0,193.4,63.0,1625,1,-9.5,0.43
7229,346,5.1,46.33,1,87.6,89.2,1267,157.3,74.1,10.2,-3.977,7.59,4.194,194.0,193.3,63.0,1625,1,-9.4,0.44
7230,346,5.1,46.32,1,87.6,89.2,1264,157.7,74.0,10.18,-3.883,7.602,4.194,194.0,193.3,63.0,1625,1,-9.3,0.43
7231,346,5.075,46.28,1,87.5,89.2,1262,157.9,74.0,10.16,-3.789,7.609,4.194,194.0,193.3,63.0,1625,1,-9.2,0.43
7232,346,5.075,45.38,1,87.5,89.2,1260,158.0,74.0,10.17,-3.688,7.625,4.194,194.0,193.3,63.0,1625,1,-9.1,0.44
7233,345,5.075,46.0,1,87.5,89.2,1260,158.0,74.1,10.19,-3.586,7.637,4.194,194.0,193.4,63.0,1625,1,-8.9,0.44
7234,345,5.05,43.72,1,87.5,89.2,1259,158.3,74.1,10.22,-3.469,7.648,4.194,194.0,193.5,63.0,1625,1,-8.8,0.43
7235,345,5.05,43.67,1,87.5,89.2,1259,158.4,74.1,10.24,-3.359,7.66,4.194,194.0,193.7,63.0,1625,1,-8.7,0.42
7236,345,5.05,43.65,1,87.5,89.2,1259,158.6,74.1,10.18,-3.258,7.676,4.194,195.0,193.8,63.0,1625,1,-8.6,0.43
7237,345,5.05,43.67,1,87.4,89.2,1258,158.6,74.0,10.2,-3.148,7.684,4.194,195.0,193.9,63.0,1625,1,-8.5,0.44
7238,345,5.025,43.65,1,87.4,89.2,1258,158.7,74.0,10.22,-3.047,7.699,4.194,195.0,194.0,63.0,1625,1,-8.3,0.43
7239,345,5.025,43.61,1,87.3,89.1,1258,158.8,74.1,9.05,-2.945,7.711,4.194,195.0,194.2,63.0,1625,1,-8.2,0.42
7240,344,5.025,43.46,1,86.3,88.6,1255,158.9,73.7,7.77,-2.852,7.723,4.194,196.0,194.3,63.0,1625,1,-8.1,0.42
7241,344,5.025,43.46,1,85.3,88.2,1246,159.0,73.3,7.37,-2.75,7.73,4.194,196.0,194.5,63.0,1625,1,-8.0,0.43
7242,344,5.0,43.37,1,84.8,88.1,1237,159.1,73.1,7.28,-2.656,7.738,4.194,196.0,194.7,63.0,1625,1,-7.8,0.43
7243,344,5.0,43.33,1,84.6,88.0,1231,159.3,73.0,7.32,-2.555,7.75,4.194,196.0,194.8,63.0,1625,1,-7.7,0.43
7244,343,5.0,43.43,1,84.6,88.0,1227,159.3,72.9,7.3,-2.477,7.758,4.194,196.0,195.0,63.0,1625,1,-7.6,0.43
7245,343,4.975,43.31,1,84.5,88.0,1225,159.5,72.9,7.29,-2.391,7.77,4.194,196.0,195.2,63.0,1625,1,-7.5,0.43
7246,343,4.975,43.33,1,84.5,88.0,1223,159.8,72.8,7.28,-2.305,7.781,4.194,197.0,195.4,63.0,1625,1,-7.3,0.44
7247,343,4.975,43.32,1,84.5,88.0,1221,160.0,72.9,7.3,-2.227,7.789,4.194,197.0,195.6,63.0,1625,1,-7.2,0.43
7248,342,4.975,43.37,1,84.5,88.0,1220,160.2,72.9,7.3,-2.141,7.801,4.194,197.0,195.8,63.0,1625,1,-7.1,0.43
7249,342,4.95,43.32,1,84.5,88.0,1220,160.3,73.1,7.31,-2.055,7.816,4.194,197.0,196.0,63.0,1625,1,-7.0,0.44
7250,342,4.95,43.35,1,84.5,88.0,1220,160.6,73.1,7.32,-1.977,7.828,4.194,197.0,196.1,63.0,1625,1,-6.8,0.43
7251,341,4.95,43.36,1,84.5,88.0,1219,160.8,72.9,7.29,-1.891,7.84,4.194,197.0,196.3,63.0,1625,1,-6.7,0.43
7252,341,4.95,43.33,1,84.39999999999999,88.0,1219,160.9,73.1,7.3,-1.797,7.852,4.194,198.0,196.5,63.0,1625,1,-6.6,0.43
7253,341,4.925,43.33,1,84.39999999999999,88.1,1219,161.1,72.9,7.29,-1.711,7.863,4.194,198.0,196.6,63.0,1625,1,-6.5,0.43
7254,340,4.925,43.32,1,84.39999999999999,88.0,1219,161.2,73.0,7.31,-1.617,7.875,4.194,198.0,196.8,63.0,1625,1,-6.3,0.45
7255,340,4.925,43.4,1,84.5,88.1,1219,161.3,73.2,8.03,-1.523,7.883,4.194,198.0,196.9,63.0,1625,1,-6.2,0.45
7256,339,4.925,43.42,1,85.3,88.6,1220,161.4,73.3,9.68,-1.438,7.895,4.194,198.0,197.1,63.0,1625,1,-6.1,0.44
7257,339,4.9,43.57,1,86.5,89.1,1228,161.5,73.8,10.66,-1.336,7.906,4.194,198.0,197.2,63.0,1625,1,-6.0,0.44
7258,339,4.9,43.62,1,87.3,89.4,1238,161.5,74.1,10.76,-1.234,7.914,4.194,198.0,197.4,64.0,1626,1,-5.8,0.45
7259,338,4.9,43.59,1,87.5,89.4,1247,161.5,74.3,10.79,-1.141,7.926,4.194,198.0,197.5,64.0,1626,1,-5.7,0.45
7260,338,4.9,43.54,1,87.6,89.4,1253,161.4,74.4,10.77,-1.047,7.934,4.194,199.0,197.6,64.0,1626,1,-5.6,0.44
7261,338,4.9,43.62,1,87.6,89.5,1256,161.6,74.4,10.74,-0.961,7.945,4.194,199.0,197.8,64.0,1626,1,-5.4,0.44
7262,337,4.875,43.57,1,87.6,89.5,1257,161.5,74.3,10.76,-0.883,7.957,4.194,199.0,197.9,64.0,1626,1,-5.3,0.43
7263,337,4.875,43.53,1,87.4,89.3,1258,161.4,74.3,9.94,-0.805,7.965,4.194,199.0,198.0,64.0,1626,1,-5.2,0.44
7264,337,4.875,43.46,1,86.7,89.0,1256,161.3,74.0,8.85,-0.727,7.977,4.194,199.0,198.1,64.0,1626,1,-5.0,0.45
7265,337,4.875,43.37,1,85.8,88.6,1251,161.2,73.7,8.26,-0.656,7.984,4.194,199.0,198.2,64.0,1626,1,-4.9,0.43
7266,336,4.875,43.41,1,85.3,88.5,1244,161.3,73.5,8.17,-0.586,7.992,4.194,199.0,198.3,64.0,1626,1,-4.8,0.43
7267,336,4.85,43.39,1,85.1,88.4,1239,161.3,73.3,8.2,-0.523,8.0,4.194,199.0,198.4,64.0,1626,1,-4.7,0.44
7268,336,4.85,43.37,1,85.1,88.4,1236,161.2,73.2,8.18,-0.453,8.012,4.194,199.0,198.5,64.0,1626,1,-4.5,0.43
7269,336,4.85,43.38,1,85.0,88.4,1234,161.2,73.3,8.18,-0.375,8.02,4.194,199.0,198.6,64.0,1626,1,-4.4,0.43
7270,336,4.825,43.43,1,85.0,88.4,1233,161.2,73.5,8.18,-0.297,8.031,4.194,200.0,198.7,64.0,1626,1,-4.3,0.44
7271,335,4.825,43.37,1,85.0,88.4,1232,161.3,73.4,8.21,-0.219,8.043,4.194,200.0,198.8,64.0,1626,1,-4.2,0.44
7272,335,4.825,43.46,1,85.0,88.4,1231,161.4,73.3,8.16,-0.133,8.055,4.194,200.0,198.9,64.0,1626,1,-4.0,0.44
7273,335,4.825,43.36,1,85.0,88.4,1231,161.4,73.3,8.2,-0.055,8.066,4.194,200.0,199.0,64.0,1626,1,-3.9,0.44
7274,335,4.8,43.32,1,85.0,88.4,1231,161.4,73.3,8.17,0.031,8.074,4.194,201.0,199.1,64.0,1626,1,-3.7,0.44
7275,334,4.8,43.31,1,84.89999999999999,88.4,1231,161.4,73.4,8.18,0.117,8.086,4.194,201.0,199.2,64.0,1626,1,-3.6,0.44
7276,334,4.8,43.36,1,85.0,88.5,1231,161.4,73.5,8.16,0.195,8.094,4.194,201.0,199.2,64.0,1626,1,-3.5,0.45
7277,334,4.8,43.35,1,84.89999999999999,88.4,1230,161.5,73.4,8.17,0.289,8.105,4.194,201.0,199.3,64.0,1626,1,-3.3,0.45
7278,334,4.775,43.41,1,84.89999999999999,88.4,1230,161.6,73.4,8.18,0.375,8.117,4.194,201.0,199.4,64.0,1626,1,-3.2,0.45
7279,334,4.775,43.35,1,84.89999999999999,88.4,1231,161.7,73.3,8.2,0.461,8.129,4.194,201.0,199.5,64.0,1626,1,-3.1,0.44
7280,333,4.775,43.46,1,84.89999999999999,88.4,1231,161.7,73.4,8.16,0.547,8.137,4.194,201.0,199.6,64.0,1626,1,-2.9,0.44
7281,333,4.75,43.36,1,84.89999999999999,88.5,1230,161.7,73.4,8.57,0.641,8.148,4.194,201.0,199.7,64.0,1626,1,-2.8,0.45
7282,333,4.75,43.41,1,85.5,88.9,1232,161.9,73.6,10.51,0.727,8.164,4.194,201.0,199.8,64.0,1626,1,-2.6,0.45
7283,333,4.75,43.54,1,86.8,89.5,1239,162.0,74.0,11.4,0.828,8.172,4.194,201.0,199.9,64.0,1627,1,-2.5,0.45
7284,333,4.75,43.69,1,87.7,89.7,1249,162.0,74.3,11.57,0.93,8.188,4.194,202.0,200.0,64.0,1627,1,-2.4,0.44
7285,333,4.75,43.57,1,88.0,89.8,1258,161.9,74.6,11.55,1.039,8.203,4.194,203.0,200.1,64.0,1627,1,-2.2,0.44
7286,333,4.725,43.68,1,88.0,89.8,1263,161.8,74.5,11.46,1.148,8.211,4.194,203.0,200.2,64.0,1627,1,-2.1,0.44
7287,333,4.725,43.58,1,87.8,89.7,1267,161.6,74.8,10.72,1.25,8.223,4.194,203.0,200.3,64.0,1627,1,-2.0,0.44
7288,333,4.725,43.46,1,87.2,89.4,1267,161.6,74.3,9.63,1.344,8.234,4.194,203.0,200.4,64.0,1627,1,-1.9,0.44
7289,332,4.7,43.41,1,86.2,88.9,1262,161.5,74.1,8.47,1.445,8.25,4.194,203.0,200.5,64.0,1627,1,-1.7,0.44
7290,332,4.7,43.36,1,85.1,88.5,1254,161.4,73.7,7.39,1.531,8.258,4.194,203.0,200.6,64.0,1627,1,-1.6,0.42
7291,332,4.7,43.27,1,84.2,88.2,1243,161.4,73.3,7.09,1.609,8.27,4.194,203.0,200.7,64.0,1627,1,-1.4,0.43
7292,332,4.7,43.2,1,83.8,88.1,1235,161.4,73.1,7.03,1.703,8.281,4.194,203.0,200.8,64.0,1627,1,-1.3,0.42
7293,332,4.675,43.22,1,83.7,88.1,1229,161.4,73.1,7.09,1.789,8.289,4.194,203.0,200.9,64.0,1627,1,-1.2,0.43
7294,332,4.675,43.3,1,83.6,88.0,1225,161.4,73.0,7.07,1.891,8.301,4.194,203.0,201.0,64.0,1627,1,-1.0,0.42
7295,331,4.675,43.22,1,83.5,88.0,1223,161.3,73.1,6.8,1.992,8.309,4.194,203.0,201.1,64.0,1627,1,-0.9,0.4
7296,331,4.65,43.25,1,83.39999999999999,87.9,1221,161.5,72.9,6.73,2.094,8.324,4.194,203.0,201.2,64.0,1627,1,-0.8,0.38
7297,331,4.65,43.23,1,83.2,87.9,1219,161.7,72.9,6.7,2.188,8.332,4.194,203.0,201.2,64.0,1627,1,-0.6,0.35
7298,330,4.65,43.24,1,83.1,87.9,1217,161.7,72.8,6.55,2.281,8.344,4.194,203.0,201.3,64.0,1627,1,-0.5,0.35
7299,330,4.65,43.21,1,83.0,87.8,1216,161.9,73.0,6.54,2.375,8.355,4.194,203.0,201.4,64.0,1627,1,-0.4,0.33
7300,330,4.625,43.18,1,83.0,87.8,1214,162.0,72.8,6.51,2.477,8.363,4.194,203.0,201.5,64.0,1627,1,-0.2,0.33
7301,329,4.625,43.25,1,83.0,87.8,1213,162.1,72.8,6.5,2.562,8.375,4.194,203.0,201.6,64.0,1627,1,-0.1,0.32
7302,329,4.625,43.19,1,82.89999999999999,87.8,1212,162.3,72.9,6.53,2.648,8.387,4.194,203.0,201.7,64.0,1628,1,0.0,0.32
7303,329,4.6,43.26,1,82.89999999999999,87.8,1211,162.4,72.8,6.5,2.727,8.398,4.194,203.0,201.7,64.0,1628,1,0.2,0.32
7304,329,4.6,43.13,1,82.89999999999999,87.8,1211,162.5,72.8,6.7,2.789,8.406,4.194,203.0,201.8,64.0,1628,1,0.3,0.32
7305,328,4.6,43.27,1,83.2,88.1,1212,162.6,72.9,7.63,2.859,8.422,4.194,203.0,201.9,64.0,1628,1,0.5,0.34
7306,328,4.6,43.35,1,84.0,88.4,1215,162.7,73.3,8.56,2.938,8.434,4.194,203.0,201.9,64.0,1628,1,0.6,0.34
7307,328,4.575,43.4,1,84.7,88.6,1221,162.7,73.6,8.72,3.008,8.445,4.194,203.0,202.0,64.0,1628,1,0.7,0.34
7308,328,4.575,43.38,1,84.89999999999999,88.7,1227,162.7,73.6,8.75,3.078,8.457,4.194,203.0,202.0,64.0,1628,1,0.9,0.34
7309,328,4.575,43.44,1,85.1,88.8,1231,162.7,73.7,9.55,3.148,8.469,4.194,203.0,202.0,64.0,1628,1,1.0,0.34
7310,328,4.55,43.36,1,85.8,89.1,1236,162.7,73.9,10.06,3.211,8.484,4.194,203.0,202.1,64.0,1628,1,1.2,0.34
7311,328,4.55,43.4,1,86.1,89.2,1241,162.7,74.2,10.06,3.273,8.492,4.194,203.0,202.1,64.0,1628,1,1.3,0.35
7312,328,4.55,43.5,1,86.2,89.2,1245,162.7,74.2,10.09,3.336,8.508,4.194,203.0,202.1,64.0,1628,1,1.5,0.33
7313,328,4.55,43.55,1,86.4,89.4,1248,162.6,74.3,10.68,3.398,8.52,4.194,203.0,202.2,64.0,1628,1,1.6,0.34
7314,328,4.525,43.5,1,86.8,89.5,1252,162.5,74.3,10.76,3.453,8.535,4.194,203.0,202.2,64.0,1628,1,1.8,0.35
7315,328,4.525,43.47,1,86.9,89.5,1256,162.4,74.4,10.75,3.508,8.547,4.194,203.0,202.2,64.0,1628,1,1.9,0.34
7316,328,4.525,43.52,1,86.9,89.5,1258,162.4,74.4,10.79,3.57,8.562,4.194,203.0,202.3,64.0,1628,1,2.0,0.34
7317,328,4.525,43.53,1,86.9,89.5,1259,162.3,74.5,10.77,3.625,8.574,4.194,203.0,202.3,64.0,1628,1,2.1,0.34
7318,328,4.5,43.52,1,86.9,89.5,1260,162.2,74.4,10.8,3.664,8.582,4.194,203.0,202.4,64.0,1629,1,2.3,0.35
7319,328,4.5,43.51,1,86.9,89.5,1260,162.0,74.4,10.77,3.703,8.594,4.194,203.0,202.4,65.0,1629,1,2.4,0.34
7320,328,4.5,43.6,1,86.9,89.5,1260,161.8,74.3,10.75,3.734,8.609,4.194,203.0,202.5,65.0,1629,1,2.6,0.35
7321,328,4.475,43.4,1,86.9,89.5,1260,161.7,74.3,10.74,3.766,8.621,4.194,203.0,202.6,65.0,1629,1,2.7,0.36
7322,328,4.475,43.57,1,86.9,89.4,1260,161.7,74.3,10.38,3.773,8.637,4.194,203.0,202.6,65.0,1629,1,2.9,0.36
7323,328,4.475,43.45,1,86.3,89.0,1258,161.4,74.2,8.53,3.766,8.652,4.194,203.0,202.7,65.0,1629,1,3.0,0.35
7324,328,4.475,43.24,1,84.7,88.2,1250,161.4,73.7,6.41,3.734,8.668,4.194,203.0,202.8,65.0,1629,1,3.2,0.34
7325,327,4.45,43.29,1,82.89999999999999,87.5,1235,161.3,73.0,5.11,3.68,8.676,4.194,203.0,202.9,65.0,1629,1,3.3,0.35
7326,327,4.45,43.04,1,81.6,87.0,1219,161.4,72.6,3.93,3.625,8.688,4.194,204.0,203.0,65.0,1629,1,3.4,0.33
7327,326,4.45,42.94,1,80.4,86.6,1202,161.5,72.1,3.52,3.562,8.695,4.194,204.0,203.0,65.0,1629,1,3.6,0.35
7328,326,4.45,43.21,1,79.80000000000001,86.4,1190,161.5,71.8,2.83,3.508,8.707,4.194,203.0,203.1,65.0,1629,1,3.7,0.35
7329,325,4.425,42.92,1,78.9,86.0,1178,161.7,71.6,1.84,3.469,8.715,4.194,203.0,203.1,65.0,1629,1,3.9,0.35
7330,325,4.425,42.85,1,77.7,85.39999999999999,1166,161.7,71.1,0.4,3.438,8.727,4.194,203.0,203.2,65.0,1629,1,4.0,0.34
7331,324,4.425,42.82,1,76.2,84.8,1151,162.0,70.8,-0.75,3.398,8.738,4.194,203.0,203.2,65.0,1629,1,4.2,0.34
7332,323,4.4,42.9,1,75.0,84.39999999999999,1134,162.2,70.4,-1.12,3.359,8.746,4.194,203.0,203.2,65.0,1629,1,4.3,0.34
7333,323,4.4,43.3,1,74.5,84.3,1121,162.5,70.2,-1.16,3.328,8.754,4.194,203.0,203.2,65.0,1630,1,4.4,0.34
7334,322,4.4,43.34,1,74.3,84.3,1112,162.8,70.1,-1.16,3.305,8.762,4.194,203.0,203.2,65.0,1630,1,4.6,0.35
7335,321,4.375,43.2,1,74.2,84.3,1107,163.3,70.2,-1.05,3.281,8.773,4.195,203.0,203.1,65.0,1630,1,4.7,0.34
7336,321,4.375,43.24,1,74.6,84.6,1103,163.7,70.1,0.48,3.273,8.781,4.194,203.0,203.1,65.0,1630,1,4.9,0.34
7337,320,4.375,43.09,1,76.2,85.39999999999999,1107,164.1,70.9,2.18,3.273,8.793,4.195,203.0,203.0,65.0,1630,1,5.0,0.36
7338,319,4.35,43.17,1,77.9,86.0,1119,164.4,71.3,3.34,3.289,8.809,4.194,203.0,203.0,65.0,1630,1,5.1,0.34
7339,319,4.35,43.23,1,79.4,86.6,1133,164.6,71.9,4.5,3.312,8.82,4.194,203.0,202.9,65.0,1630,1,5.3,0.34
7340,318,4.35,43.33,1,80.80000000000001,87.1,1148,164.8,72.4,5.63,3.344,8.836,4.194,203.0,202.9,65.0,1630,1,5.4,0.34
7341,318,4.35,43.42,1,82.0,87.6,1162,165.0,72.9,6.94,3.375,8.852,4.194,203.0,202.8,65.0,1630,1,5.6,0.35
7342,317,4.325,43.44,1,83.2,88.1,1177,165.2,73.3,8.11,3.414,8.863,4.194,203.0,202.8,65.0,1630,1,5.7,0.35
7343,317,4.325,43.54,1,84.3,88.5,1191,165.4,73.7,8.57,3.461,8.875,4.194,203.0,202.8,65.0,1630,1,5.9,0.34
7344,317,4.325,43.64,1,84.8,88.6,1204,165.5,73.8,8.6,3.508,8.891,4.194,203.0,202.9,65.0,1630,1,6.0,0.35
7345,317,4.325,43.6,1,84.89999999999999,88.7,1212,165.3,74.0,8.64,3.555,8.902,4.194,203.0,203.0,65.0,1630,1,6.1,0.35
7346,316,4.3,43.58,1,85.0,88.7,1218,165.1,74.0,8.62,3.594,8.918,4.194,203.0,203.1,65.0,1631,1,6.3,0.34
7347,316,4.3,43.6,1,85.0,88.7,1221,165.0,74.0,8.62,3.633,8.93,4.194,203.0,203.3,65.0,1631,1,6.4,0.35
7348,316,4.3,43.55,1,85.0,88.7,1223,164.9,74.0,8.62,3.68,8.941,4.194,203.0,203.5,65.0,1631,1,6.5,0.35
7349,316,4.275,43.53,1,84.89999999999999,88.6,1225,164.5,74.1,8.07,3.734,8.957,4.195,204.0,203.7,65.0,1631,1,6.7,0.35
7350,316,4.275,43.43,1,84.3,88.3,1223,164.3,73.7,7.08,3.773,8.965,4.194,204.0,203.9,65.0,1631,1,6.8,0.36
7351,316,4.275,43.28,1,83.39999999999999,87.9,1219,164.1,73.4,6.05,3.82,8.977,4.194,205.0,204.2,65.0,1631,1,7.0,0.35
7352,315,4.275,43.25,1,82.6,87.6,1211,163.9,73.0,5.82,3.859,8.988,4.194,205.0,204.4,65.0,1631,1,7.1,0.35
7353,315,4.25,43.32,1,82.1,87.4,1205,163.7,73.0,4.92,3.914,9.0,4.194,205.0,204.7,65.0,1631,1,7.2,0.36
7354,315,4.25,43.08,1,81.2,87.0,1198,163.6,72.5,3.84,3.961,9.008,4.194,205.0,205.0,65.0,1631,1,7.4,0.35
7355,314,4.25,43.04,1,80.0,86.5,1188,163.4,72.2,2.71,4.008,9.02,4.194,205.0,205.3,65.0,1631,1,7.5,0.36
7356,314,4.225,43.0,1,78.8,86.0,1176,163.4,72.0,1.7,4.055,9.039,4.194,206.0,205.6,65.0,1631,1,7.7,0.36
7357,314,4.225,42.93,1,77.60000000000001,85.5,1163,163.5,71.5,0.87,4.102,9.063,4.194,206.0,205.9,65.0,1631,1,7.8,0.34
7358,313,4.225,42.88,1,76.7,85.3,1150,163.5,71.0,0.67,4.141,9.086,4.194,207.0,206.2,65.0,1631,1,7.9,0.34
7359,313,4.2,42.89,1,76.4,85.2,1139,163.6,71.0,0.66,4.18,9.109,4.194,207.0,206.5,65.0,1632,1,8.0,0.33
7360,313,4.2,42.91,1,76.3,85.2,1132,163.7,70.9,0.65,4.211,9.129,4.194,207.0,206.8,65.0,1632,1,8.2,0.34
7361,312,4.175,42.92,1,76.2,85.2,1128,163.8,71.0,0.62,4.258,9.16,4.194,207.0,207.1,65.0,1632,1,8.3,0.34
7362,312,4.175,42.92,1,76.2,85.2,1125,163.9,71.0,0.6,4.297,9.207,4.194,208.0,207.3,65.0,1632,1,8.5,0.33
7363,312,4.175,42.82,1,76.2,85.1,1123,164.0,71.0,0.3,4.336,9.273,4.194,208.0,207.6,65.0,1632,1,8.6,0.32
7364,311,4.15,42.93,1,75.8,85.0,1120,164.2,71.0,0.14,4.359,9.328,4.194,208.0,207.9,65.0,1632,1,8.7,0.3
7365,311,4.15,42.86,1,75.6,84.89999999999999,1117,164.5,70.9,0.08,4.383,9.398,4.194,208.0,208.2,65.0,1632,1,8.9,0.31
7366,310,4.15,42.89,1,75.6,84.89999999999999,1114,164.8,70.9,0.06,4.391,9.473,4.194,208.0,208.4,65.0,1632,1,9.0,0.33
7367,310,4.125,42.88,1,75.6,85.0,1112,165.1,70.9,0.1,4.406,9.555,4.194,208.0,208.6,65.0,1632,1,9.2,0.33
7368,309,4.125,42.94,1,75.6,85.0,1111,165.3,71.0,0.1,4.422,9.645,4.194,209.0,208.8,65.0,1632,1,9.3,0.32
7369,309,4.125,42.9,1,75.6,85.0,1110,165.4,70.9,0.14,4.438,9.738,4.194,209.0,209.0,65.0,1632,1,9.4,0.35
7370,308,4.1,42.9,1,75.9,85.2,1110,165.6,71.1,1.0,4.453,9.828,4.194,209.0,209.2,65.0,1632,1,9.6,0.34
7371,308,4.1,43.08,1,76.9,85.7,1113,165.8,71.3,2.08,4.477,9.914,4.194,210.0,209.3,65.0,1633,1,9.7,0.35
7372,307,4.075,43.1,1,78.10000000000001,86.2,1122,165.9,71.6,3.0,4.5,9.984,4.194,210.0,209.5,65.0,1633,1,9.9,0.35
7373,307,4.075,43.19,1,79.0,86.4,1132,165.9,71.8,3.11,4.531,10.043,4.195,210.0,209.6,65.0,1633,1,10.0,0.35
7374,307,4.075,43.19,1,79.3,86.5,1141,166.0,72.1,3.48,4.562,10.078,4.194,210.0,209.7,65.0,1633,1,10.1,0.34
7375,307,4.05,43.24,1,80.0,86.8,1148,166.0,72.4,4.5,4.609,10.102,4.194,210.0,209.7,65.0,1633,1,10.2,0.33
7376,306,4.05,43.36,1,81.2,87.4,1157,165.9,72.8,5.62,4.656,10.125,4.194,210.0,209.8,66.0,1633,1,10.4,0.34
7377,306,4.05,43.43,1,82.3,87.8,1168,166.0,73.3,6.73,4.703,10.148,4.194,210.0,209.8,66.0,1633,1,10.5,0.34
7378,306,4.025,43.51,1,83.5,88.3,1180,166.0,73.6,7.98,4.75,10.168,4.194,210.0,209.9,66.0,1633,1,10.7,0.33
7379,305,4.025,43.66,1,84.89999999999999,88.9,1194,165.8,73.9,9.52,4.789,10.188,4.194,210.0,209.9,66.0,1633,1,10.8,0.34
7380,305,4.025,43.83,1,86.2,89.4,1209,165.4,74.5,10.33,4.82,10.203,4.194,210.0,209.9,66.0,1633,1,11.0,0.34
7381,305,4.025,43.88,1,87.0,89.60000000000001,1224,165.1,74.9,10.4,4.852,10.219,4.194,210.0,210.0,66.0,1633,1,11.1,0.35
7382,305,4.025,43.97,1,87.6,90.0,1236,164.9,75.1,10.41,4.883,10.23,4.195,210.0,210.0,66.0,1634,1,11.4,22.88
7383,305,4.0,43.94,1,88.2,90.10000000000001,1252,164.6,75.3,10.41,4.875,10.234,4.194,210.0,210.0,66.0,1634,1,12.0,22.82
7384,305,4.0,44.05,1,88.3,90.10000000000001,1263,164.1,75.5,10.43,4.852,10.238,4.194,210.0,210.0,66.0,1634,1,12.8,22.73
7385,306,4.0,43.99,1,88.3,90.2,1271,163.6,75.4,10.3,4.836,10.246,4.194,210.0,210.0,66.0,1634,1,13.7,22.72
7386,306,4.0,43.93,1,88.0,90.0,1275,163.1,75.4,9.3,4.812,10.258,4.194,210.0,210.0,66.0,1634,1,14.6,22.39
7387,306,3.975,43.74,1,87.3,89.60000000000001,1274,162.4,75.1,8.13,4.797,10.27,4.194,210.0,210.1,66.0,1634,1,15.5,21.88
7388,306,3.975,43.65,1,86.3,89.2,1269,162.0,74.6,7.27,4.773,10.277,4.194,210.0,210.1,66.0,1634,1,16.4,21.5
7389,306,3.975,43.67,1,85.7,89.1,1261,161.5,74.4,7.18,4.75,10.289,4.195,210.0,210.1,66.0,1634,1,17.2,21.54
7390,306,3.975,43.71,1,85.6,89.0,1256,161.1,74.2,7.13,4.742,10.301,4.194,210.0,210.1,66.0,1634,1,18.1,21.61
7391,306,3.95,43.67,1,85.5,89.0,1252,160.6,74.2,6.99,4.75,10.312,4.194,210.0,210.1,66.0,1634,1,19.0,21.74
7392,306,3.95,43.53,1,85.2,88.8,1250,160.4,74.2,6.18,4.781,10.324,4.195,210.0,210.2,66.0,1634,1,19.9,21.44
7393,305,3.95,46.25,1,84.7,88.6,1246,160.1,73.9,5.93,4.797,10.336,4.195,210.0,210.2,66.0,1635,1,20.7,21.24
7394,305,3.925,45.78,1,84.39999999999999,88.5,1242,159.9,73.7,5.56,4.828,10.348,4.194,211.0,210.3,66.0,1635,1,21.6,21.11
7395,305,3.925,45.91,1,84.1,88.4,1238,159.8,73.7,5.5,4.859,10.359,4.194,211.0,210.5,66.0,1635,1,22.5,21.16
7396,305,3.925,46.14,1,84.0,88.4,1235,159.6,73.7,4.77,4.898,10.371,4.195,211.0,210.6,66.0,1635,1,23.4,21.12
7397,305,3.9,45.52,1,83.39999999999999,88.1,1231,159.4,73.6,4.36,4.945,10.383,4.194,211.0,210.8,66.0,1635,1,24.2,20.77
7398,305,3.9,43.56,1,83.0,88.0,1226,159.4,73.5,4.26,4.984,10.395,4.195,211.0,211.0,66.0,1635,1,25.1,20.74
7399,305,3.9,43.63,1,82.89999999999999,88.0,1221,159.5,73.3,4.26,5.031,10.41,4.194,211.0,211.1,66.0,1635,1,26.0,20.82
7400,304,3.9,43.53,1,82.89999999999999,88.0,1219,159.6,73.2,4.24,5.086,10.422,4.195,211.0,211.3,66.0,1635,1,27.0,20.98
7401,304,3.875,43.48,1,82.89999999999999,88.0,1217,159.8,73.4,4.26,5.141,10.434,4.194,212.0,211.4,66.0,1635,1,27.9,21.05
7402,304,3.875,43.48,1,82.89999999999999,88.0,1216,159.7,73.3,4.26,5.188,10.445,4.195,212.0,211.5,66.0,1635,1,28.8,20.82
7403,304,3.875,43.5,1,82.89999999999999,88.0,1215,159.6,73.4,4.23,5.25,10.461,4.194,212.0,211.6,66.0,1635,1,29.8,20.82
7404,304,3.85,43.6,1,82.8,88.0,1214,159.6,73.5,4.24,5.305,10.473,4.194,212.0,211.7,66.0,1636,1,30.7,20.88
7405,303,3.85,43.53,1,82.8,88.0,1213,159.6,73.3,4.23,5.367,10.484,4.195,212.0,211.7,66.0,1636,1,31.7,20.99
7406,303,3.85,46.31,1,82.89999999999999,88.0,1213,159.6,73.4,4.54,5.43,10.496,4.195,212.0,211.8,66.0,1636,1,32.6,20.87
7407,303,3.85,46.87,1,83.3,88.2,1215,159.6,73.4,5.29,5.492,10.508,4.194,212.0,211.9,66.0,1636,1,33.6,20.93
7408,302,3.825,46.72,1,83.7,88.4,1218,159.7,73.6,5.4,5.555,10.52,4.195,212.0,212.0,66.0,1636,1,34.5,20.95
7409,302,3.825,44.11,1,83.8,88.4,1222,159.7,73.8,5.41,5.625,10.531,4.194,213.0,212.2,66.0,1636,1,35.5,20.92
7410,302,3.825,45.89,1,83.89999999999999,88.4,1224,159.7,73.7,5.41,5.695,10.543,4.195,213.0,212.4,66.0,1636,1,36.3,20.9
7411,302,3.825,45.97,1,83.89999999999999,88.4,1224,159.5,73.7,5.4,5.758,10.555,4.195,213.0,212.5,66.0,1636,1,37.3,20.95
7412,302,3.8,43.93,1,83.89999999999999,88.5,1225,159.5,73.8,5.41,5.82,10.566,4.195,213.0,212.7,66.0,1636,1,38.3,21.02
7413,301,3.8,45.53,1,83.89999999999999,88.5,1225,159.4,73.8,5.42,5.891,10.578,4.195,213.0,212.8,66.0,1636,1,39.2,21.09
7414,301,3.8,44.07,1,83.8,88.4,1225,159.4,74.0,5.41,5.953,10.59,4.194,213.0,212.9,66.0,1637,1,40.1,20.68
7415,301,3.775,45.6,1,83.8,88.4,1225,159.2,73.8,5.39,6.016,10.602,4.195,213.0,213.0,66.0,1637,1,41.0,20.71
7416,301,3.775,45.33,1,83.8,88.4,1225,159.2,73.9,5.42,6.078,10.613,4.195,213.0,213.1,66.0,1637,1,41.8,20.76
7417,301,3.775,44.31,1,83.8,88.4,1225,159.2,73.8,5.4,6.141,10.625,4.194,213.0,213.2,66.0,1637,1,42.7,20.8
7418,301,3.75,45.69,1,83.8,88.4,1225,159.3,73.8,5.42,6.203,10.637,4.194,213.0,213.3,66.0,1637,1,43.6,20.82
7419,301,3.75,43.82,1,83.8,88.4,1226,159.2,73.7,5.4,6.258,10.648,4.194,213.0,213.4,66.0,1637,1,44.4,20.84
7420,300,3.75,43.87,1,83.7,88.4,1226,159.2,73.7,5.41,6.32,10.66,4.194,213.0,213.4,66.0,1637,1,45.2,20.86
7421,300,3.75,45.16,1,83.8,88.4,1225,159.3,73.9,5.41,6.367,10.672,4.195,213.0,213.5,66.0,1637,1,46.1,20.97
7422,300,3.725,45.23,1,83.7,88.4,1226,159.3,73.7,5.4,6.422,10.684,4.195,213.0,213.4,66.0,1637,1,46.9,20.67
7423,300,3.725,45.64,1,83.7,88.4,1226,159.2,73.6,5.39,6.469,10.699,4.195,213.0,213.3,66.0,1638,1,47.7,20.64
7424,300,3.725,46.93,1,83.7,88.4,1226,159.2,73.9,4.96,6.516,10.707,4.194,213.0,213.2,66.0,1638,1,48.6,20.65
7425,300,3.7,44.93,1,83.3,88.2,1226,159.0,73.5,4.64,6.562,10.719,4.195,213.0,213.1,66.0,1638,1,49.3,20.35
7426,300,3.7,44.57,1,83.0,88.2,1223,159.0,73.6,4.59,6.617,10.73,4.195,213.0,212.9,66.0,1638,1,50.1,20.25
7427,299,3.7,45.46,1,83.0,88.2,1220,158.9,73.6,4.59,6.656,10.742,4.195,212.0,212.7,66.0,1638,1,50.8,20.32
7428,299,3.7,45.4,1,83.0,88.1,1218,159.0,73.5,4.58,6.703,10.754,4.195,212.0,212.5,66.0,1638,1,51.6,20.34
7429,299,3.675,45.46,1,83.0,88.1,1218,159.2,73.5,4.6,6.742,10.766,4.195,212.0,212.2,66.0,1638,1,52.3,20.35
7430,299,3.675,44.64,1,83.0,88.1,1216,159.2,73.4,4.61,6.781,10.777,4.194,212.0,211.9,66.0,1638,1,53.1,20.44
7431,299,3.675,46.06,1,83.0,88.1,1216,159.1,73.6,4.64,6.812,10.793,4.195,211.0,211.7,66.0,1638,1,53.8,20.41
7432,299,3.65,46.49,1,83.2,88.3,1216,159.2,73.6,5.78,6.836,10.805,4.195,211.0,211.3,66.0,1639,1,54.5,20.81
7433,299,3.65,44.09,1,84.1,88.7,1219,159.2,73.9,6.96,6.859,10.816,4.195,211.0,211.0,66.0,1639,1,55.2,20.65
7434,299,3.65,43.73,1,85.0,89.1,1226,159.2,74.3,7.49,6.883,10.828,4.195,210.0,210.7,66.0,1639,1,56.0,20.87
7435,299,3.625,47.26,1,85.39999999999999,89.1,1233,159.1,74.5,7.53,6.906,10.84,4.195,210.0,210.3,66.0,1639,1,56.7,20.94
7436,299,3.625,45.69,1,85.5,89.2,1238,159.0,74.6,7.53,6.938,10.852,4.195,209.0,209.9,67.0,1639,1,57.5,21.07
7437,299,3.625,45.23,1,85.5,89.2,1241,159.0,74.5,7.54,6.969,10.863,4.195,208.0,209.6,67.0,1639,1,58.2,21.09
7438,299,3.625,45.78,1,85.6,89.2,1243,158.9,74.4,7.54,7.0,10.875,4.195,208.0,209.3,67.0,1639,1,59.0,21.06
7439,299,3.6,44.18,1,85.5,89.2,1244,158.7,74.6,7.54,7.023,10.887,4.195,208.0,208.9,67.0,1639,1,59.7,21.07
7440,299,3.6,45.37,1,85.5,89.2,1245,158.4,74.4,7.54,7.047,10.898,4.194,208.0,208.6,67.0,1639,1,60.4,21.13
7441,299,3.6,46.65,1,85.5,89.2,1245,158.2,74.6,7.05,7.078,10.906,4.195,207.0,208.2,67.0,1640,1,61.1,21.08
7442,299,3.575,44.07,1,84.8,88.8,1244,158.0,74.3,5.33,7.102,10.918,4.195,208.0,207.9,67.0,1640,1,61.9,20.39
7443,299,3.575,46.18,1,83.5,88.3,1238,158.0,73.9,4.1,7.133,10.93,4.195,207.0,207.5,67.0,1640,1,62.5,19.8
7444,298,3.575,45.05,1,82.39999999999999,87.9,1228,158.0,73.3,3.55,7.156,10.941,4.195,207.0,207.2,67.0,1640,1,63.2,19.71
7445,298,3.575,46.64,1,81.89999999999999,87.7,1218,157.8,73.4,3.47,7.18,10.953,4.195,206.0,206.8,67.0,1640,1,63.8,19.54
7446,298,3.55,46.65,1,81.8,87.7,1212,157.9,73.2,3.46,7.195,10.965,4.195,206.0,206.5,67.0,1640,1,64.5,19.61
7447,298,3.55,45.63,1,81.8,87.7,1208,158.1,73.3,3.48,7.227,10.977,4.195,206.0,206.2,67.0,1640,1,65.1,19.65
7448,298,3.55,45.96,1,81.8,87.7,1205,158.2,73.2,3.5,7.266,10.988,4.195,205.0,206.0,67.0,1640,1,65.8,19.71
7449,298,3.525,45.74,1,81.8,87.7,1204,158.2,73.1,3.47,7.305,11.004,4.195,205.0,205.7,67.0,1640,1,66.5,19.74
7450,298,3.525,44.55,1,81.8,87.7,1204,158.3,73.2,3.51,7.352,11.016,4.195,205.0,205.5,67.0,1641,1,67.2,19.77
7451,297,3.525,45.55,1,81.8,87.7,1203,158.2,73.1,3.46,7.391,11.027,4.195,205.0,205.2,67.0,1641,1,67.9,19.83
7452,297,3.5,45.57,1,81.69999999999999,87.7,1202,158.3,73.1,3.47,7.438,11.039,4.195,204.0,205.0,67.0,1641,1,68.6,19.78
7453,297,3.5,45.12,1,81.69999999999999,87.7,1202,158.4,73.1,3.46,7.484,11.051,4.195,204.0,204.8,67.0,1641,1,69.3,19.85
7454,297,3.5,44.51,1,81.69999999999999,87.7,1201,158.5,73.2,3.47,7.523,11.062,4.195,204.0,204.7,67.0,1641,1,70.0,19.86
7455,297,3.475,44.88,1,81.69999999999999,87.7,1201,158.6,73.2,3.45,7.555,11.074,4.195,204.0,204.6,67.0,1641,1,70.6,19.9
7456,297,3.475,46.26,1,81.69999999999999,87.7,1200,158.7,73.2,3.48,7.594,11.086,4.195,204.0,204.5,67.0,1641,1,71.4,19.97
7457,296,3.475,45.58,1,81.69999999999999,87.7,1200,158.7,73.2,3.47,7.633,11.098,4.195,203.0,204.6,67.0,1641,1,72.1,19.93
7458,296,3.475,44.88,1,81.69999999999999,87.7,1200,158.8,73.3,3.43,7.68,11.109,4.195,204.0,204.6,67.0,1642,1,72.8,19.97
7459,296,3.45,43.91,1,81.69999999999999,87.7,1200,159.0,73.1,3.45,7.711,11.121,4.194,204.0,204.8,67.0,1642,1,73.5,20.02
7460,296,3.45,46.35,1,81.69999999999999,87.7,1200,159.1,73.1,3.47,7.758,11.133,4.195,205.0,204.9,67.0,1642,1,74.1,20.04
7461,296,3.45,44.44,1,81.69999999999999,87.8,1200,159.0,73.2,3.72,7.797,11.145,4.195,205.0,205.0,67.0,1642,1,74.8,20.06
7462,296,3.425,43.83,1,82.19999999999999,88.0,1201,159.0,73.4,4.75,7.836,11.156,4.195,205.0,205.2,67.0,1642,1,75.5,20.65
7463,296,3.425,43.85,1,83.1,88.4,1205,159.2,73.8,5.62,7.875,11.168,4.195,205.0,205.4,67.0,1642,1,76.2,20.39
7464,296,3.425,46.14,1,83.6,88.6,1212,159.1,74.0,5.75,7.922,11.18,4.195,205.0,205.6,67.0,1642,1,76.9,20.72
7465,296,3.4,46.88,1,83.89999999999999,88.6,1217,159.1,74.0,6.23,7.961,11.191,4.195,205.0,205.8,67.0,1642,1,77.5,20.82
7466,296,3.4,46.33,1,84.39999999999999,88.9,1222,159.2,74.2,6.9,8.0,11.203,4.195,206.0,206.1,67.0,1642,1,78.3,20.79
7467,296,3.4,44.31,1,84.8,89.0,1228,159.2,74.2,6.92,8.047,11.215,4.195,206.0,206.4,67.0,1643,1,79.0,20.86
7468,296,3.375,44.47,1,84.89999999999999,89.0,1231,159.0,74.4,6.95,8.086,11.227,4.195,207.0,206.7,67.0,1643,1,79.6,20.9
7469,296,3.375,43.93,1,84.89999999999999,89.0,1234,158.8,74.4,6.94,8.125,11.238,4.195,207.0,207.0,67.0,1643,1,80.2,20.96
7470,296,3.375,44.95,1,84.89999999999999,89.0,1236,158.6,74.5,6.97,8.164,11.25,4.195,207.0,207.3,67.0,1643,1,80.8,20.98
7471,296,3.375,45.46,1,84.8,89.0,1236,158.4,74.4,6.09,8.195,11.262,4.195,208.0,207.6,67.0,1643,1,81.4,20.85
7472,296,3.35,45.59,1,83.8,88.4,1235,158.2,74.2,4.06,8.227,11.27,4.195,208.0,207.9,67.0,1643,1,81.9,19.77
7473,296,3.35,44.46,1,82.19999999999999,87.8,1227,158.2,73.6,2.73,8.242,11.281,4.195,208.0,208.2,67.0,1643,1,82.3,19.83
7474,295,3.35,43.63,1,80.80000000000001,87.3,1213,158.1,73.1,1.61,8.25,11.293,4.195,208.0,208.6,67.0,1643,1,82.8,19.41
7475,295,3.325,43.62,1,79.60000000000001,86.9,1200,158.0,72.7,0.76,8.258,11.305,4.195,208.0,208.8,67.0,1644,1,83.2,19.71
7476,295,3.325,43.34,1,78.9,86.7,1188,158.0,72.4,0.45,8.273,11.316,4.195,208.0,209.1,67.0,1644,1,83.6,19.44
7477,294,3.325,44.6,1,78.4,86.4,1178,158.1,72.3,-0.44,8.281,11.328,4.195,208.0,209.3,67.0,1644,1,84.1,19.04
7478,294,3.325,43.63,1,77.60000000000001,86.1,1169,158.1,72.0,-0.88,8.297,11.344,4.195,208.0,209.5,67.0,1644,1,84.5,19.18
7479,294,3.3,46.4,1,77.2,86.0,1160,158.3,71.9,-0.9,8.32,11.355,4.195,210.0,209.7,67.0,1644,1,84.9,19.08
7480,293,3.3,43.63,1,77.10000000000001,86.0,1155,158.5,71.7,-0.93,8.344,11.371,4.195,210.0,209.9,67.0,1644,1,85.3,19.11
7481,293,3.3,46.19,1,77.10000000000001,86.0,1151,158.8,71.8,-0.96,8.359,11.383,4.195,210.0,210.1,67.0,1644,1,85.8,19.12
7482,292,3.275,44.4,1,77.10000000000001,86.0,1149,159.1,71.9,-0.93,8.383,11.398,4.195,210.0,210.2,67.0,1644,1,86.2,19.24
7483,292,3.275,43.57,1,77.10000000000001,86.0,1148,159.2,72.0,-0.94,8.398,11.414,4.195,211.0,210.4,67.0,1645,1,86.6,19.3
7484,291,3.275,43.68,1,77.10000000000001,86.0,1147,159.5,71.9,-0.95,8.406,11.426,4.195,211.0,210.6,67.0,1645,1,87.0,19.3
7485,291,3.25,43.5,1,77.10000000000001,86.0,1146,159.6,71.8,-0.94,8.422,11.441,4.195,211.0,210.7,67.0,1645,1,87.4,19.37
7486,290,3.25,43.49,1,77.10000000000001,86.0,1145,159.7,72.0,-0.95,8.422,11.457,4.195,211.0,210.8,67.0,1645,1,87.8,19.41
7487,290,3.25,43.57,1,77.10000000000001,86.0,1145,160.0,72.0,-0.77,8.438,11.469,4.195,211.0,210.9,67.0,1645,1,88.2,19.41
7488,289,3.225,46.36,1,77.5,86.2,1145,160.2,72.2,0.23,8.438,11.48,4.195,211.0,210.9,67.0,1645,1,88.6,19.85
7489,289,3.225,45.73,1,78.4,86.6,1149,160.3,72.3,0.76,8.445,11.496,4.195,211.0,211.0,67.0,1645,1,89.0,20.5
7490,288,3.225,45.74,1,78.8,86.7,1155,160.4,72.5,0.8,8.461,11.508,4.195,211.0,211.1,67.0,1645,1,89.4,20.36
7491,288,3.2,45.25,1,78.9,86.7,1159,160.6,72.6,0.8,8.469,11.52,4.195,212.0,211.2,67.0,1646,1,89.8,20.41
7492,287,3.2,45.52,1,78.9,86.8,1162,160.7,72.6,0.79,8.484,11.535,4.195,211.0,211.3,67.0,1646,1,90.3,20.38
7493,287,3.2,44.48,1,78.9,86.8,1163,160.5,72.7,0.79,8.492,11.547,4.195,211.0,211.4,67.0,1646,1,90.7,20.41
7494,287,3.2,46.95,1,78.9,86.8,1164,160.6,72.6,0.8,8.508,11.559,4.194,211.0,211.4,67.0,1646,1,91.1,20.4
7495,286,3.175,46.65,1,78.9,86.8,1165,160.7,72.6,0.82,8.523,11.574,4.195,211.0,211.5,67.0,1646,1,91.5,20.45
7496,286,3.175,44.18,1,79.0,86.8,1165,160.8,72.7,0.8,8.531,11.586,4.195,211.0,211.6,67.0,1646,1,92.0,20.47
7497,286,3.175,46.12,1,78.9,86.8,1165,160.7,72.7,0.81,8.555,11.602,4.195,211.0,211.6,68.0,1646,1,92.4,20.46
7498,285,3.15,46.76,1,78.9,86.8,1166,160.9,72.7,0.81,8.586,11.613,4.195,211.0,211.7,68.0,1646,1,92.9,20.43
7499,285,3.15,46.45,1,78.9,86.8,1166,160.9,72.7,0.8,8.609,11.625,4.195,211.0,211.7,68.0,1647,1,93.4,20.46
7500,285,3.15,44.05,1,78.9,86.8,1166,160.9,72.7,0.81,8.641,11.641,4.195,211.0,211.7,68.0,1647,1,93.9,20.44
7501,284,3.125,46.41,1,78.9,86.8,1166,160.9,72.7,0.79,8.68,11.652,4.195,211.0,211.7,68.0,1647,1,94.3,20.48
7502,284,3.125,46.36,1,78.9,86.8,1166,160.9,72.7,0.79,8.719,11.68,4.195,211.0,211.7,68.0,1647,1,94.8,20.48
7503,284,3.125,43.67,1,78.9,86.8,1166,160.8,72.6,0.8,8.766,11.738,4.195,212.0,211.7,68.0,1647,1,95.2,20.5
7504,283,3.125,45.68,1,78.9,86.8,1166,160.8,72.6,0.8,8.812,11.781,4.195,212.0,211.6,68.0,1647,1,95.7,20.49
7505,283,3.1,46.73,1,79.0,86.8,1166,160.7,72.6,0.79,8.859,11.812,4.195,211.0,211.5,68.0,1647,1,96.1,20.54
7506,283,3.1,45.5,1,79.0,86.8,1166,160.5,72.7,0.79,8.906,11.832,4.195,211.0,211.4,68.0,1647,1,96.6,20.51
7507,283,3.1,44.6,1,78.9,86.8,1166,160.5,72.7,0.81,8.961,11.852,4.195,211.0,211.3,68.0,1648,1,97.1,20.55
7508,282,3.075,43.59,1,79.0,86.8,1167,160.6,72.5,0.81,9.008,11.867,4.195,211.0,211.2,68.0,1648,1,97.6,20.58
7509,282,3.075,43.61,1,79.0,86.8,1167,160.5,72.8,0.86,9.062,11.883,4.195,211.0,211.1,68.0,1648,1,98.0,20.58
7510,281,3.075,43.62,1,79.0,86.8,1167,160.3,72.7,0.93,9.117,11.898,4.195,211.0,210.9,68.0,1648,1,98.5,20.6
7511,281,3.075,43.56,1,79.10000000000001,86.9,1168,160.2,72.7,0.91,9.18,11.914,4.195,210.0,210.8,68.0,1648,1,99.0,20.7
7512,281,3.05,43.55,1,79.10000000000001,86.9,1169,160.2,72.8,0.9,9.242,11.926,4.195,210.0,210.6,68.0,1648,1,99.5,20.67
7513,280,3.05,43.58,1,79.0,86.9,1169,160.2,72.6,0.91,9.297,11.941,4.195,210.0,210.5,68.0,1648,1,100.0,20.65
7514,280,3.05,43.44,1,79.10000000000001,86.9,1169,160.2,72.6,0.96,9.359,11.953,4.195,209.0,210.3,68.0,1649,1,100.5,20.69
7515,280,3.025,43.51,1,79.10000000000001,86.9,1169,160.1,72.7,0.94,9.422,11.965,4.195,208.0,210.1,68.0,1649,1,101.0,20.63
7516,280,3.025,43.58,1,79.0,86.9,1169,160.1,72.7,0.95,9.484,11.98,4.195,208.0,209.9,68.0,1649,1,101.5,20.69
7517,280,3.025,43.52,1,79.0,86.9,1169,160.1,72.7,0.89,9.539,11.992,4.195,208.0,209.7,68.0,1649,1,102.0,20.73
7518,279,3.025,43.44,1,79.0,86.9,1169,159.9,72.8,0.94,9.586,12.008,4.195,208.0,209.5,68.0,1649,1,102.5,20.67
7519,279,3.0,43.61,1,79.0,86.9,1169,159.9,72.8,0.93,9.648,12.023,4.195,208.0,209.3,68.0,1649,1,103.0,20.73
7520,279,3.0,43.54,1,79.0,86.9,1169,159.9,72.7,0.98,9.703,12.039,4.195,208.0,209.1,68.0,1649,1,103.5,20.74
7521,278,3.0,43.47,1,79.0,86.9,1169,159.8,72.8,0.56,9.766,12.055,4.195,208.0,208.9,68.0,1649,1,103.9,20.76
7522,278,2.975,43.43,1,78.4,86.6,1168,159.8,72.6,-0.45,9.82,12.066,4.195,208.0,208.7,68.0,1650,1,104.4,20.1
7523,278,2.975,43.42,1,77.5,86.2,1163,160.0,72.3,-0.88,9.867,12.082,4.195,208.0,208.5,68.0,1650,1,104.8,19.51
7524,277,2.975,43.4,1,77.10000000000001,86.1,1157,159.9,72.3,-0.97,9.914,12.094,4.195,208.0,208.3,68.0,1650,1,105.2,19.37
7525,277,2.95,43.4,1,77.0,86.1,1152,159.8,72.1,-0.93,9.961,12.105,4.195,207.0,208.1,68.0,1650,1,105.6,19.32
7526,276,2.95,43.41,1,77.0,86.1,1150,159.9,72.2,-1.23,10.008,12.117,4.195,207.0,207.9,68.0,1650,1,106.0,19.36
7527,276,2.95,43.29,1,76.5,85.9,1148,160.0,72.0,-1.78,10.055,12.133,4.195,207.0,207.8,68.0,1650,1,106.4,18.92
7528,276,2.925,43.36,1,76.1,85.7,1143,159.9,71.8,-1.87,10.094,12.141,4.195,207.0,207.6,68.0,1650,1,106.7,19.27
7529,275,2.925,43.33,1,76.0,85.7,1139,160.0,71.9,-1.86,10.125,12.152,4.195,207.0,207.4,68.0,1651,1,107.1,19.31
7530,275,2.925,43.32,1,76.0,85.7,1138,160.1,71.8,-1.84,10.156,12.164,4.195,207.0,207.2,68.0,1651,1,107.5,19.24
7531,274,2.9,43.31,1,76.0,85.7,1136,160.1,71.9,-1.88,10.188,12.176,4.195,206.0,207.1,68.0,1651,1,107.9,19.38
7532,274,2.9,43.36,1,76.0,85.7,1135,160.1,71.8,-1.86,10.211,12.188,4.195,206.0,206.9,68.0,1651,1,108.3,19.32
7533,273,2.9,43.4,1,76.0,85.8,1135,160.1,71.8,-1.83,10.242,12.195,4.195,206.0,206.8,68.0,1651,1,108.7,19.41
7534,273,2.875,43.3,1,76.2,85.9,1134,160.2,72.0,-0.99,10.266,12.203,4.195,206.0,206.6,68.0,1651,1,109.1,19.76
7535,272,2.875,43.38,1,77.10000000000001,86.3,1138,160.2,72.2,0.1,10.297,12.215,4.195,205.0,206.4,68.0,1651,1,109.5,20.46
7536,272,2.875,43.55,1,78.10000000000001,86.7,1145,160.3,72.5,0.56,10.344,12.223,4.195,206.0,206.3,68.0,1652,1,109.9,20.63
7537,272,2.85,43.55,1,78.5,86.8,1152,160.3,72.7,0.59,10.383,12.23,4.195,206.0,206.1,68.0,1652,1,110.4,20.76
7538,271,2.85,43.54,1,78.60000000000001,86.8,1157,160.3,72.7,0.99,10.43,12.242,4.195,205.0,206.0,68.0,1652,1,110.9,20.85
7539,271,2.85,43.66,1,79.10000000000001,87.1,1161,160.3,73.0,1.74,10.469,12.25,4.195,205.0,205.8,68.0,1652,1,111.3,20.53
7540,271,2.825,43.71,1,79.7,87.3,1167,160.2,73.1,1.83,10.508,12.262,4.195,205.0,205.7,68.0,1652,1,111.7,20.69
7541,271,2.825,43.69,1,79.80000000000001,87.3,1173,160.2,73.2,2.04,10.555,12.273,4.195,205.0,205.6,68.0,1652,1,112.2,20.41
7542,271,2.825,43.69,1,80.2,87.5,1176,160.1,73.2,2.6,10.594,12.285,4.195,205.0,205.5,68.0,1652,1,112.6,20.7
7543,270,2.8,43.73,1,80.60000000000001,87.6,1181,160.0,73.5,2.65,10.633,12.301,4.195,205.0,205.3,68.0,1652,1,113.1,20.42
7544,270,2.8,43.7,1,80.7,87.6,1185,159.8,73.5,2.81,10.672,12.313,4.195,205.0,205.2,68.0,1653,1,113.5,20.4
7545,270,2.8,43.8,1,81.0,87.8,1187,159.6,73.6,3.23,10.703,12.324,4.195,205.0,205.1,68.0,1653,1,113.9,20.68
7546,270,2.8,43.64,1,81.2,87.8,1192,159.5,73.6,3.23,10.75,12.336,4.195,205.0,205.1,68.0,1653,1,114.2,20.82
7547,270,2.775,43.86,1,81.3,87.9,1194,159.2,73.7,3.25,10.781,12.348,4.195,205.0,205.0,68.0,1653,1,114.6,20.85
7548,270,2.775,43.76,1,81.3,87.9,1195,159.0,73.7,3.29,10.812,12.363,4.195,204.0,204.9,68.0,1653,1,115.0,20.82
7549,269,2.775,43.84,1,81.3,87.9,1196,158.8,73.8,3.23,10.852,12.375,4.195,204.0,204.8,68.0,1653,1,115.3,20.84
7550,269,2.75,43.72,1,81.3,87.9,1197,158.7,73.6,3.23,10.898,12.391,4.195,204.0,204.8,68.0,1653,1,115.7,20.8
7551,269,2.75,43.85,1,81.3,87.9,1198,158.5,73.7,3.24,10.938,12.402,4.195,204.0,204.7,68.0,1654,1,116.1,20.82
7552,269,2.75,43.85,1,81.3,87.9,1198,158.4,73.7,3.24,10.977,12.422,4.195,204.0,204.7,68.0,1654,1,116.4,20.82
7553,269,2.725,43.68,1,81.3,87.9,1198,158.2,73.7,3.23,11.008,12.441,4.195,204.0,204.7,68.0,1654,1,116.7,20.84
7554,269,2.725,43.68,1,81.2,87.8,1197,158.1,73.6,2.77,11.047,12.457,4.195,204.0,204.7,68.0,1654,1,117.1,20.74
7555,269,2.725,43.62,1,80.5,87.5,1195,157.8,73.6,1.75,11.086,12.473,4.195,204.0,204.7,68.0,1654,1,117.4,20.05
7556,269,2.7,43.48,1,79.5,87.1,1189,157.7,73.1,0.55,11.117,12.488,4.195,205.0,204.6,68.0,1654,1,117.7,19.33
7557,268,2.7,43.4,1,78.5,86.7,1180,157.5,72.8,0.11,11.141,12.5,4.195,204.0,204.7,68.0,1654,1,117.9,19.45
7558,268,2.7,43.42,1,78.10000000000001,86.6,1173,157.4,72.5,0.11,11.156,12.516,4.195,205.0,204.7,68.0,1655,1,118.2,19.34
7559,268,2.675,43.51,1,78.0,86.6,1167,157.2,72.4,0.09,11.172,12.523,4.195,205.0,204.6,68.0,1655,1,118.4,19.32
7560,267,2.675,43.41,1,78.0,86.6,1164,157.4,72.3,0.09,11.188,12.535,4.195,204.0,204.6,68.0,1655,1,118.6,19.4
7561,267,2.675,43.47,1,78.0,86.6,1162,157.4,72.6,0.09,11.203,12.547,4.195,205.0,204.6,68.0,1655,1,118.8,19.4
7562,267,2.65,43.46,1,78.0,86.6,1161,157.4,72.7,0.08,11.195,12.555,4.195,205.0,204.6,68.0,1655,1,119.1,19.47
7563,267,2.65,43.49,1,78.0,86.6,1159,157.5,72.5,0.09,11.18,12.562,4.195,205.0,204.7,68.0,1655,1,119.3,19.49
7564,266,2.65,43.62,1,78.10000000000001,86.6,1159,157.5,72.5,0.61,11.164,12.57,4.195,205.0,204.7,68.0,1655,1,119.5,19.64
7565,266,2.625,43.62,1,78.8,87.0,1161,157.7,72.8,1.63,11.141,12.578,4.195,205.0,204.7,68.0,1655,1,119.7,20.32
7566,266,2.625,43.68,1,79.9,87.4,1166,157.9,73.0,2.77,11.125,12.586,4.195,205.0,204.8,68.0,1656,1,120.0,20.47
7567,266,2.625,43.75,1,81.10000000000001,87.9,1175,157.9,73.4,3.94,11.109,12.59,4.195,205.0,204.8,68.0,1656,1,120.3,20.87
7568,266,2.6,43.91,1,82.1,88.3,1186,158.0,73.9,4.59,11.102,12.602,4.195,205.0,204.9,68.0,1656,1,120.6,20.96
7569,267,2.6,43.97,1,82.89999999999999,88.6,1197,157.9,74.1,5.47,11.094,12.609,4.195,205.0,204.9,68.0,1656,1,121.0,20.93
7570,267,2.6,44.05,1,83.5,88.8,1206,157.7,74.5,5.8,11.086,12.621,4.195,205.0,205.0,68.0,1656,1,121.3,21.03
7571,267,2.575,43.99,1,84.0,89.0,1215,157.5,74.8,6.82,11.086,12.633,4.195,205.0,205.1,68.0,1656,1,121.6,21.04
7572,267,2.575,44.11,1,84.7,89.3,1223,157.2,74.9,7.16,11.078,12.645,4.195,205.0,205.1,68.0,1656,1,122.0,21.18
7573,268,2.575,44.07,1,85.0,89.3,1230,156.8,75.1,7.19,11.086,12.656,4.195,205.0,205.2,68.0,1657,1,122.3,21.18
7574,268,2.55,44.13,1,85.0,89.3,1234,156.4,75.0,7.19,11.086,12.668,4.195,205.0,205.3,68.0,1657,1,122.5,21.14
7575,268,2.55,44.09,1,85.0,89.3,1236,156.2,74.9,7.19,11.062,12.68,4.195,205.0,205.4,68.0,1657,1,122.9,21.16
7576,268,2.55,44.15,1,85.0,89.3,1238,156.0,75.0,7.21,11.047,12.695,4.195,205.0,205.5,68.0,1657,1,123.1,21.09
7577,269,2.525,44.11,1,85.0,89.3,1239,155.7,75.2,7.21,11.023,12.711,4.195,205.0,205.6,68.0,1657,1,123.3,21.07
7578,269,2.525,44.11,1,85.0,89.4,1241,155.5,75.2,7.19,11.016,12.727,4.195,205.0,205.7,68.0,1657,1,123.6,21.17
7579,269,2.525,44.03,1,85.0,89.3,1241,155.3,75.1,7.2,11.008,12.746,4.195,205.0,205.8,68.0,1657,1,123.7,21.14
7580,270,2.5,43.99,1,85.0,89.3,1242,155.1,75.1,7.13,11.0,12.762,4.195,206.0,205.9,68.0,1658,1,123.9,21.11
7581,270,2.5,44.1,1,84.7,89.2,1242,154.9,75.0,5.98,11.008,12.781,4.195,205.0,206.1,68.0,1658,1,124.0,20.78
7582,270,2.5,43.81,1,83.7,88.7,1239,154.6,74.7,4.62,11.008,12.801,4.195,206.0,206.2,68.0,1658,1,124.2,19.85
7583,271,2.475,43.89,1,82.5,88.3,1231,154.2,74.3,3.51,11.016,12.824,4.195,207.0,206.3,68.0,1658,1,124.3,19.66
7584,271,2.475,43.81,1,81.3,87.8,1220,154.1,74.0,2.38,11.023,12.848,4.195,207.0,206.5,68.0,1658,1,124.3,19.65
7585,270,2.475,43.73,1,80.2,87.4,1208,154.1,73.3,1.24,11.039,12.871,4.195,206.0,206.6,68.0,1658,1,124.4,19.58
7586,270,2.45,43.58,1,78.9,86.9,1196,154.0,72.9,0.13,11.062,12.887,4.195,207.0,206.7,68.0,1658,1,124.4,19.46
7587,270,2.45,44.19,1,77.8,86.5,1182,154.0,72.5,-0.89,11.086,12.91,4.195,207.0,206.9,68.0,1659,1,124.5,19.34
7588,269,2.45,43.54,1,76.8,86.1,1170,154.1,72.3,-1.66,11.109,12.93,4.195,207.0,207.0,68.0,1659,1,124.5,19.2
7589,269,2.425,43.33,1,75.8,85.7,1158,154.1,71.9,-3.36,11.125,12.945,4.195,207.0,207.2,68.0,1659,1,124.5,19.13
7590,268,2.425,43.02,1,73.3,84.39999999999999,1143,154.2,71.2,-6.67,11.133,12.957,4.195,208.0,207.3,68.0,1659,1,124.6,18.57
7591,268,2.425,43.05,1,69.0,82.5,1112,154.5,69.9,-10.33,11.125,12.969,4.195,207.0,207.4,68.0,1659,1,124.6,17.8
7592,267,2.4,42.91,1,64.7,80.7,1070,154.9,68.8,-13.77,11.102,12.977,4.195,208.0,207.4,68.0,1659,1,124.5,17.55
7593,266,2.4,42.76,1,61.0,79.10000000000001,1028,155.3,67.7,-16.17,11.062,12.984,4.195,208.0,207.5,68.0,1659,1,124.5,17.06
7594,264,2.375,42.86,1,54.900000000000006,75.7,981,156.0,65.8,-18.8,11.016,12.988,4.195,208.0,207.6,68.0,1660,1,124.4,17.04
7595,263,2.375,43.24,1,48.699999999999996,72.0,928,156.6,64.3,-20.91,10.961,12.988,4.195,207.0,207.6,68.0,1660,1,124.4,17.61
7596,261,2.375,42.82,1,45.1,70.5,886,157.2,63.2,-21.37,10.898,12.988,4.195,208.0,207.7,68.0,1660,1,124.3,17.89
7597,260,2.35,42.46,1,44.0,70.39999999999999,865,157.8,63.1,-21.47,10.828,12.992,4.195,208.0,207.7,68.0,1660,1,124.3,17.99
7598,258,2.35,42.39,1,43.7,70.39999999999999,856,158.6,63.2,-21.48,10.766,12.992,4.195,208.0,207.8,68.0,1660,1,124.3,18.0
7599,257,2.35,42.45,1,43.6,70.39999999999999,850,159.3,63.1,-21.05,10.703,12.992,4.195,208.0,207.7,68.0,1660,1,124.3,18.06
7600,255,2.325,42.49,1,43.6,70.39999999999999,845,159.7,63.3,-20.03,10.648,12.992,4.195,208.0,207.7,68.0,1660,1,124.3,17.96
7601,254,2.325,42.56,1,43.6,70.39999999999999,842,160.4,63.3,-19.78,10.594,12.992,4.195,207.0,207.7,68.0,1661,1,124.3,18.04
7602,252,2.3,42.54,1,43.6,70.39999999999999,838,161.2,63.4,-19.77,10.547,12.988,4.195,207.0,207.6,68.0,1661,1,124.3,18.05
7603,251,2.3,42.53,1,43.6,70.39999999999999,834,162.1,63.4,-19.72,10.5,12.988,4.195,207.0,207.4,68.0,1661,1,124.3,18.09
7604,249,2.3,42.58,1,43.6,70.39999999999999,831,163.0,63.4,-19.75,10.453,12.988,4.195,207.0,207.2,68.0,1661,1,124.3,18.15
7605,247,2.3,42.58,1,43.5,70.39999999999999,828,163.8,63.5,-19.7,10.398,12.984,4.195,207.0,207.0,68.0,1661,1,124.3,18.12
7606,246,2.275,42.51,1,43.5,70.39999999999999,825,164.8,63.5,-19.6,10.352,12.98,4.195,206.0,206.7,68.0,1661,1,124.3,18.15
7607,244,2.275,43.53,1,44.1,70.8,824,165.6,63.7,-19.18,10.297,12.973,4.195,206.0,206.5,68.0,1662,1,124.2,18.22
7608,243,2.275,43.86,1,44.800000000000004,71.3,827,166.2,64.0,-19.23,10.234,12.969,4.195,205.0,206.1,68.0,1662,1,124.2,18.17
7609,241,2.25,43.95,1,44.9,71.3,828,166.9,63.9,-19.16,10.172,12.965,4.195,205.0,205.7,68.0,1662,1,124.1,18.29
7610,240,2.25,43.24,1,45.0,71.39999999999999,827,167.4,64.1,-19.12,10.102,12.961,4.195,205.0,205.2,68.0,1662,1,124.0,18.29
7611,239,2.25,43.18,1,45.1,71.39999999999999,826,168.0,64.1,-19.15,10.031,12.957,4.195,204.0,204.8,68.0,1662,1,123.9,18.22
7612,237,2.25,43.17,1,45.1,71.39999999999999,825,168.5,64.0,-19.15,9.945,12.953,4.195,203.0,204.4,68.0,1662,1,123.8,18.25
7613,236,2.225,43.16,1,45.0,71.3,824,169.0,64.0,-19.18,9.867,12.945,4.195,203.0,203.9,68.0,1662,1,123.7,18.36
7614,235,2.225,43.14,1,44.9,71.3,822,169.4,64.0,-19.19,9.773,12.941,4.195,203.0,203.2,68.0,1663,1,123.6,18.29
7615,234,2.225,43.19,1,44.9,71.39999999999999,822,169.7,64.1,-19.18,9.68,12.938,4.195,203.0,202.7,68.0,1663,1,123.5,18.39
7616,233,2.2,43.2,1,44.9,71.39999999999999,821,170.0,64.1,-19.14,9.586,12.938,4.195,201.0,202.0,68.0,1663,1,123.4,18.39
7617,232,2.2,43.19,1,44.9,71.39999999999999,821,170.4,64.1,-19.13,9.484,12.934,4.195,199.0,201.3,68.0,1663,1,123.2,18.46
7618,231,2.2,43.56,1,45.5,72.0,821,170.7,64.4,-18.37,9.375,12.93,4.195,199.0,200.7,68.0,1663,1,123.1,18.61
7619,230,2.175,43.95,1,47.0,73.2,830,170.9,64.9,-18.29,9.266,12.934,4.195,198.0,200.0,68.0,1663,1,123.0,18.64
7620,229,2.175,44.17,1,47.599999999999994,73.3,838,171.2,65.0,-18.25,9.164,12.938,4.195,197.0,199.3,68.0,1663,1,122.8,18.7
7621,228,2.175,44.17,1,47.9,73.3,840,171.3,65.0,-18.32,9.062,12.938,4.195,196.0,198.5,68.0,1664,1,122.7,18.71
7622,227,2.175,44.21,1,47.8,73.3,840,171.5,65.0,-18.31,8.961,12.934,4.195,196.0,197.8,68.0,1664,1,122.6,18.76
7623,226,2.15,44.2,1,47.9,73.3,839,171.6,65.1,-18.3,8.859,12.926,4.195,195.0,197.1,68.0,1664,1,122.5,18.64
7624,225,2.15,44.59,1,48.0,73.4,839,171.8,65.0,-18.27,8.734,12.926,4.195,194.0,196.4,68.0,1664,1,122.3,18.89
7625,224,2.15,44.49,1,48.1,73.3,839,171.8,65.2,-18.26,8.586,12.93,4.195,193.0,195.8,68.0,1664,1,122.2,18.86
7626,223,2.125,44.52,1,48.1,73.3,839,171.9,65.0,-18.24,8.406,12.938,4.195,193.0,195.1,68.0,1664,1,122.1,18.77
7627,222,2.125,44.53,1,48.199999999999996,73.4,838,171.9,65.2,-18.27,8.211,12.941,4.195,192.0,194.5,68.0,1664,1,122.0,18.78
7628,222,2.125,44.53,1,48.1,73.2,838,171.9,65.1,-18.29,8.023,12.953,4.195,191.0,193.8,68.0,1665,1,121.9,18.72
7629,221,2.125,44.93,1,48.1,73.3,837,172.0,65.2,-18.3,7.852,12.969,4.195,190.0,193.3,68.0,1665,1,121.9,18.84
7630,220,2.1,44.7,1,48.1,73.3,837,171.9,65.2,-18.29,7.695,12.973,4.195,190.0,192.7,68.0,1665,1,121.8,18.83
7631,219,2.1,44.61,1,48.1,73.4,837,171.8,65.3,-18.24,7.555,12.969,4.195,189.0,192.1,68.0,1665,1,121.6,18.87
7632,218,2.1,44.71,1,48.199999999999996,73.5,838,171.8,65.2,-18.22,7.422,12.961,4.195,189.0,191.7,68.0,1665,1,121.5,18.87
7633,218,2.075,44.44,1,48.1,73.4,839,171.7,65.2,-18.27,7.297,12.961,4.195,189.0,191.2,68.0,1665,1,121.4,18.84
7634,217,2.075,44.5,1,48.1,73.4,839,171.6,65.1,-18.29,7.195,12.969,4.195,188.0,190.7,68.0,1666,1,121.2,18.9
7635,216,2.075,44.28,1,47.9,73.3,839,171.5,65.1,-18.63,7.109,12.977,4.195,187.0,190.3,68.0,1666,1,121.1,18.81
7636,216,2.05,43.8,1,46.9,72.3,836,171.3,64.7,-18.89,7.055,12.988,4.196,187.0,190.0,68.0,1666,1,121.0,18.76
7637,215,2.05,43.72,1,46.2,72.0,829,171.3,64.8,-18.84,7.016,12.996,4.195,187.0,189.6,68.0,1666,1,120.9,18.86
7638,214,2.05,43.68,1,46.0,72.0,826,171.2,64.7,-18.86,6.977,13.004,4.195,187.0,189.3,68.0,1666,1,120.8,18.7
7639,213,2.05,43.72,1,45.9,72.0,824,171.2,64.6,-18.85,6.93,13.008,4.195,187.0,189.0,68.0,1666,1,120.7,18.75
7640,212,2.025,43.73,1,46.0,72.1,825,171.2,64.6,-18.89,6.875,13.016,4.195,186.0,188.8,68.0,1666,1,120.6,18.79
7641,211,2.025,43.67,1,45.800000000000004,71.89999999999999,824,171.1,64.4,-18.91,6.836,13.016,4.195,186.0,188.6,68.0,1667,1,120.5,18.68
7642,210,2.025,43.59,1,45.7,71.89999999999999,824,171.0,64.4,-18.9,6.797,13.016,4.195,185.0,188.5,68.0,1667,1,120.4,18.74
7643,210,2.025,43.69,1,45.7,72.0,824,171.0,64.4,-18.84,6.789,13.02,4.195,186.0,188.4,68.0,1667,1,120.3,18.82
7644,209,2.0,43.74,1,45.9,72.1,825,171.0,64.5,-18.86,6.789,13.027,4.195,186.0,188.2,68.0,1667,1,120.2,18.78
7645,208,2.0,43.79,1,45.9,72.1,826,171.0,64.6,-18.85,6.797,13.031,4.195,186.0,188.1,68.0,1667,1,120.2,18.78
7646,208,2.0,43.7,1,45.9,72.0,826,170.9,64.6,-18.89,6.797,13.039,4.196,185.0,188.1,68.0,1667,1,120.1,18.82
7647,207,1.975,43.8,1,45.9,72.1,825,170.9,64.6,-18.84,6.789,13.047,4.195,185.0,188.0,68.0,1667,1,120.1,18.95
7648,206,1.975,43.75,1,45.9,72.1,826,170.9,64.6,-18.85,6.789,13.051,4.195,186.0,188.0,68.0,1668,1,120.0,18.87
7649,206,1.975,43.75,1,45.9,72.0,826,170.9,64.6,-18.84,6.789,13.055,4.195,187.0,188.0,68.0,1668,1,119.9,18.85
7650,205,1.975,43.77,1,45.9,72.1,826,170.8,64.5,-18.85,6.781,13.059,4.195,185.0,188.0,68.0,1668,1,119.9,18.8
7651,205,1.95,43.68,1,45.800000000000004,72.0,826,170.8,64.5,-18.88,6.781,13.059,4.195,186.0,187.9,68.0,1668,1,119.9,18.99
7652,204,1.95,43.73,1,45.800000000000004,72.0,826,170.7,64.5,-18.68,6.789,13.066,4.195,186.0,188.0,68.0,1668,1,119.8,19.15
7653,203,1.95,44.5,1,46.800000000000004,73.0,829,170.7,64.8,-17.83,6.797,13.074,4.195,186.0,188.0,68.0,1668,1,119.8,19.33
7654,202,1.925,47.77,1,49.1,74.6,844,170.6,65.8,-17.53,6.805,13.082,4.195,186.0,188.0,68.0,1669,1,119.8,19.89
7655,202,1.925,48.35,1,50.2,74.9,858,170.5,65.8,-17.55,6.812,13.094,4.195,185.0,188.0,68.0,1669,1,119.8,19.9
7656,201,1.925,48.69,1,50.5,74.9,865,170.4,65.9,-17.67,6.82,13.098,4.195,186.0,188.1,68.0,1669,1,119.9,19.43
7657,201,1.925,45.79,1,49.8,74.1,864,170.3,65.6,-18.34,6.828,13.113,4.195,186.0,188.1,68.0,1669,1,119.9,18.99
7658,200,1.9,44.81,1,48.199999999999996,73.1,854,170.2,65.1,-18.55,6.852,13.137,4.195,187.0,188.1,68.0,1669,1,119.8,19.24
7659,199,1.9,44.41,1,47.4,72.7,843,170.1,64.9,-18.56,6.867,13.141,4.196,186.0,188.2,68.0,1669,1,119.8,19.22
7660,199,1.9,44.35,1,47.099999999999994,72.7,839,170.0,64.8,-18.55,6.867,13.141,4.195,187.0,188.2,68.0,1669,1,119.7,19.15
7661,198,1.9,44.34,1,47.099999999999994,72.8,837,169.9,64.9,-18.54,6.844,13.148,4.195,186.0,188.2,68.0,1670,1,119.6,19.21
7662,198,1.875,44.31,1,47.099999999999994,72.8,837,169.7,64.9,-18.5,6.812,13.16,4.196,187.0,188.2,68.0,1670,1,119.6,19.21
7663,197,1.875,44.4,1,47.199999999999996,72.89999999999999,838,169.5,64.9,-18.52,6.781,13.164,4.195,186.0,188.2,68.0,1670,1,119.5,19.27
7664,197,1.875,44.31,1,47.099999999999994,72.8,838,169.3,65.0,-18.57,6.75,13.164,4.195,187.0,188.2,68.0,1670,1,119.4,19.16
7665,197,1.875,44.33,1,47.0,72.7,837,169.0,64.9,-18.52,6.711,13.172,4.195,187.0,188.1,68.0,1670,1,119.3,19.13
7666,196,1.85,44.29,1,47.099999999999994,72.8,837,168.9,64.9,-18.54,6.68,13.176,4.195,186.0,188.1,68.0,1670,1,119.3,19.27
7667,196,1.85,44.31,1,47.099999999999994,72.8,838,168.7,64.9,-18.54,6.648,13.184,4.196,186.0,188.1,68.0,1670,1,119.3,19.18
7668,196,1.85,44.31,1,47.0,72.7,838,168.6,64.9,-18.56,6.625,13.191,4.195,187.0,188.1,68.0,1671,1,119.3,19.26
7669,195,1.825,44.42,1,47.0,72.7,838,168.5,65.0,-18.54,6.625,13.207,4.195,186.0,188.0,68.0,1671,1,119.4,19.31
7670,195,1.825,44.37,1,47.099999999999994,72.8,838,168.3,64.9,-18.54,6.625,13.219,4.196,186.0,188.0,68.0,1671,1,119.5,19.16
7671,194,1.825,44.32,1,47.0,72.7,838,168.2,64.9,-18.52,6.641,13.227,4.195,186.0,188.0,68.0,1671,1,119.5,19.21
7672,194,1.825,44.38,1,47.0,72.8,838,168.1,64.9,-18.57,6.664,13.234,4.195,186.0,188.0,68.0,1671,1,119.6,19.29
7673,193,1.8,44.34,1,47.0,72.7,837,168.0,64.9,-18.54,6.703,13.242,4.196,186.0,187.9,68.0,1671,1,119.7,19.25
7674,192,1.8,44.32,1,47.0,72.8,837,167.9,64.9,-18.62,6.742,13.25,4.196,186.0,187.9,68.0,1672,1,119.8,19.2
7675,192,1.8,44.16,1,46.7,72.5,837,167.9,64.9,-18.67,6.789,13.254,4.196,186.0,187.9,68.0,1672,1,119.9,19.25
7676,191,1.8,44.19,1,46.6,72.5,835,167.8,64.8,-18.62,6.852,13.258,4.195,186.0,187.8,68.0,1672,1,120.0,19.19
7677,191,1.775,44.06,1,46.5,72.39999999999999,835,167.7,64.8,-18.9,6.914,13.262,4.196,186.0,187.8,68.0,1672,1,120.1,19.11
7678,191,1.775,43.89,1,45.9,71.89999999999999,832,167.6,64.6,-18.94,6.977,13.266,4.195,186.0,187.8,68.0,1672,1,120.3,19.09
7679,190,1.775,43.86,1,45.6,71.8,829,167.4,64.5,-18.98,7.039,13.273,4.195,186.0,187.7,68.0,1672,1,120.4,19.16
7680,190,1.75,43.84,1,45.5,71.7,828,167.3,64.6,-18.98,7.094,13.281,4.196,186.0,187.7,68.0,1672,1,120.5,19.18
7681,189,1.75,43.87,1,45.5,71.8,827,167.3,64.5,-18.94,7.141,13.289,4.195,185.0,187.6,68.0,1673,1,120.7,19.2
7682,189,1.75,43.9,1,45.5,71.89999999999999,827,167.1,64.5,-18.95,7.195,13.301,4.195,185.0,187.6,68.0,1673,1,120.8,19.25
7683,188,1.75,43.92,1,45.6,71.89999999999999,828,167.1,64.6,-18.93,7.25,13.305,4.195,185.0,187.5,68.0,1673,1,120.9,19.1
7684,188,1.725,43.88,1,45.5,71.8,828,167.0,64.6,-18.97,7.297,13.313,4.195,185.0,187.5,68.0,1673,1,121.0,19.25
7685,187,1.725,43.82,1,45.4,71.7,827,166.9,64.6,-18.99,7.344,13.316,4.195,185.0,187.5,68.0,1673,1,121.1,19.14
7686,187,1.725,43.8,1,45.300000000000004,71.7,827,166.8,64.5,-18.96,7.391,13.32,4.196,185.0,187.4,68.0,1673,1,121.2,19.18
7687,186,1.725,43.81,1,45.4,71.8,827,166.7,64.5,-19.0,7.422,13.328,4.195,185.0,187.4,68.0,1673,1,121.3,19.15
7688,186,1.7,43.81,1,45.4,71.7,828,166.6,64.5,-18.97,7.453,13.332,4.196,185.0,187.3,68.0,1674,1,121.4,19.21
7689,186,1.7,43.82,1,45.300000000000004,71.7,827,166.5,64.6,-19.01,7.469,13.34,4.195,185.0,187.3,68.0,1674,1,121.5,19.15
7690,185,1.7,43.82,1,45.300000000000004,71.8,827,166.3,64.5,-18.97,7.484,13.352,4.196,185.0,187.3,68.0,1674,1,121.5,19.18
7691,185,1.7,43.86,1,45.4,71.8,828,166.3,64.5,-19.0,7.516,13.359,4.195,185.0,187.2,68.0,1674,1,121.6,19.17
7692,184,1.675,43.8,1,45.4,71.8,828,166.2,64.5,-18.98,7.539,13.367,4.196,185.0,187.2,68.0,1674,1,121.7,19.15
7693,184,1.675,43.87,1,45.4,71.8,828,166.1,64.6,-18.95,7.57,13.371,4.196,185.0,187.2,68.0,1674,1,121.8,19.17
7694,183,1.675,44.31,1,45.7,72.2,828,166.0,64.7,-18.27,7.594,13.375,4.196,185.0,187.1,68.0,1674,1,121.9,19.34
7695,183,1.675,48.04,1,48.0,74.2,840,165.9,65.4,-17.11,7.625,13.383,4.196,185.0,187.1,68.0,1675,1,121.9,19.75
7696,183,1.65,52.54,1,51.0,75.9,865,165.8,66.5,-16.67,7.664,13.391,4.196,185.0,187.1,68.0,1675,1,122.0,20.08
7697,183,1.65,45.05,1,52.5,76.3,887,165.7,66.7,-16.59,7.711,13.398,4.195,185.0,187.2,68.0,1675,1,122.1,20.21
7698,182,1.65,43.62,1,53.1,76.4,896,165.5,66.8,-16.39,7.75,13.406,4.195,185.0,187.2,68.0,1675,1,122.3,19.92
7699,182,1.65,43.53,1,53.900000000000006,76.9,901,165.4,67.1,-16.11,7.797,13.41,4.195,185.0,187.3,68.0,1675,1,122.4,20.16
7700,182,1.625,43.48,1,54.900000000000006,77.4,909,165.2,67.3,-15.3,7.852,13.414,4.196,185.0,187.3,68.0,1675,1,122.5,20.34
7701,182,1.625,43.5,1,57.599999999999994,78.9,923,165.1,68.1,-14.46,7.906,13.426,4.196,185.0,187.3,68.0,1676,1,122.6,20.58
7702,182,1.625,43.46,1,59.699999999999996,79.5,936,165.0,68.4,-14.39,7.969,13.438,4.196,185.0,187.2,68.0,1676,1,122.7,20.59
7703,182,1.625,43.59,1,60.4,79.60000000000001,941,164.7,68.5,-14.38,8.031,13.449,4.196,185.0,187.3,68.0,1676,1,122.9,20.52
7704,182,1.6,43.51,1,60.5,79.60000000000001,943,164.4,68.5,-14.51,8.094,13.461,4.196,185.0,187.2,68.0,1676,1,123.0,20.41
7705,182,1.6,43.26,1,59.4,78.9,941,164.0,68.4,-15.86,8.148,13.473,4.196,185.0,187.2,68.0,1676,1,123.2,19.29
7706,182,1.6,43.31,1,55.60000000000001,76.7,924,163.6,67.3,-17.1,8.211,13.48,4.196,185.0,187.2,68.0,1676,1,123.3,19.07
7707,182,1.6,43.4,1,52.5,75.4,896,163.3,66.5,-17.36,8.258,13.488,4.196,185.0,187.3,68.0,1676,1,123.4,19.21
7708,182,1.575,43.47,1,51.300000000000004,75.2,876,163.0,66.2,-17.34,8.297,13.496,4.196,185.0,187.3,68.0,1677,1,123.5,19.41
7709,181,1.575,43.51,1,51.0,75.2,874,162.7,66.1,-17.32,8.336,13.504,4.196,185.0,187.3,68.0,1677,1,123.6,19.46
7710,181,1.575,43.52,1,51.0,75.2,878,162.3,66.2,-17.36,8.383,13.516,4.196,185.0,187.4,68.0,1677,1,123.7,19.46
7711,181,1.575,43.59,1,51.0,75.2,882,161.9,66.2,-17.34,8.422,13.52,4.196,185.0,187.5,68.0,1677,1,123.8,19.5
7712,181,1.55,43.53,1,51.0,75.1,884,161.7,66.1,-17.39,8.461,13.531,4.196,186.0,187.6,68.0,1677,1,123.9,19.39
7713,181,1.55,43.42,1,51.0,75.2,885,161.4,66.1,-17.32,8.5,13.539,4.196,187.0,187.7,68.0,1677,1,124.0,19.54
7714,180,1.55,43.52,1,51.1,75.2,886,161.2,66.1,-17.33,8.539,13.547,4.195,187.0,187.8,68.0,1677,1,124.1,19.53
7715,180,1.525,43.52,1,51.1,75.2,887,161.0,66.3,-17.42,8.586,13.555,4.196,187.0,187.9,68.0,1678,1,124.2,19.45
7716,180,1.525,43.49,1,51.0,75.2,887,160.9,66.3,-17.39,8.625,13.562,4.196,187.0,188.1,68.0,1678,1,124.3,19.41
7717,180,1.525,43.57,1,51.0,75.2,887,160.9,66.1,-17.41,8.672,13.574,4.196,187.0,188.3,68.0,1678,1,124.4,19.44
7718,180,1.525,43.47,1,51.0,75.2,887,160.8,66.3,-17.34,8.703,13.582,4.196,187.0,188.5,68.0,1678,1,124.5,19.52
7719,179,1.5,43.53,1,51.1,75.2,887,160.7,66.3,-17.37,8.727,13.594,4.196,187.0,188.8,68.0,1678,1,124.6,19.5
7720,179,1.5,43.64,1,51.0,75.1,887,160.7,66.2,-17.41,8.75,13.602,4.196,187.0,189.0,68.0,1678,1,124.7,19.35
7721,179,1.5,43.41,1,51.0,75.2,886,160.6,66.3,-17.37,8.773,13.609,4.196,187.0,189.3,68.0,1678,1,124.8,19.47
7722,179,1.5,43.49,1,50.9,75.1,886,160.5,66.2,-17.36,8.805,13.617,4.196,187.0,189.5,68.0,1679,1,124.9,19.43
7723,179,1.475,43.43,1,51.0,75.2,886,160.5,66.3,-17.41,8.828,13.629,4.196,189.0,189.8,68.0,1679,1,125.0,19.42
7724,179,1.475,43.54,1,50.9,75.2,886,160.4,66.1,-17.4,8.859,13.637,4.196,189.0,190.0,68.0,1679,1,125.2,19.49
7725,179,1.475,43.5,1,50.9,75.2,886,160.3,66.2,-17.37,8.891,13.645,4.196,189.0,190.3,68.0,1679,1,125.3,19.53
7726,178,1.475,43.54,1,50.9,75.1,886,160.2,66.1,-17.37,8.922,13.652,4.196,190.0,190.6,68.0,1679,1,125.4,19.43
7727,178,1.45,43.47,1,50.9,75.1,886,160.1,66.1,-17.37,8.953,13.664,4.196,190.0,190.9,68.0,1679,1,125.5,19.49
7728,178,1.45,43.47,1,50.9,75.2,886,160.1,66.2,-17.38,8.984,13.672,4.196,190.0,191.2,68.0,1679,1,125.6,19.45
7729,178,1.45,43.58,1,50.9,75.2,886,160.0,66.2,-17.37,9.031,13.68,4.196,190.0,191.4,68.0,1680,1,125.8,19.56
7730,178,1.45,43.54,1,50.9,75.2,886,159.9,66.2,-17.37,9.07,13.691,4.196,190.0,191.8,68.0,1680,1,125.9,19.43
7731,178,1.425,43.44,1,50.9,75.2,886,159.8,66.2,-17.38,9.117,13.699,4.196,191.0,192.0,68.0,1680,1,126.0,19.5
7732,177,1.425,43.4,1,50.9,75.2,886,159.7,66.2,-17.33,9.164,13.707,4.196,192.0,192.3,68.0,1680,1,126.2,19.49
7733,177,1.425,43.48,1,50.9,75.2,887,159.7,66.2,-17.32,9.211,13.719,4.196,192.0,192.6,68.0,1680,1,126.3,19.5
7734,177,1.425,43.4,1,51.4,75.7,888,159.6,66.3,-16.73,9.258,13.727,4.196,192.0,192.9,68.0,1680,1,126.4,20.08
7735,177,1.4,43.57,1,52.400000000000006,76.2,896,159.5,66.6,-16.57,9.312,13.738,4.196,193.0,193.1,68.0,1680,1,126.6,20.1
7736,177,1.4,43.45,1,52.800000000000004,76.3,903,159.4,66.8,-16.64,9.383,13.746,4.196,193.0,193.4,68.0,1681,1,126.7,19.78
7737,177,1.4,43.5,1,52.900000000000006,76.3,905,159.4,66.7,-16.62,9.438,13.754,4.196,193.0,193.7,68.0,1681,1,126.9,19.65
7738,176,1.4,43.58,1,52.900000000000006,76.3,907,159.3,66.8,-16.62,9.5,13.766,4.196,193.0,193.8,68.0,1681,1,127.0,19.65
7739,176,1.375,43.52,1,52.900000000000006,76.3,907,159.2,66.8,-16.64,9.562,13.773,4.196,193.0,194.1,68.0,1681,1,127.2,19.59
7740,176,1.375,43.57,1,52.800000000000004,76.3,908,159.1,66.7,-16.63,9.625,13.785,4.196,193.0,194.3,68.0,1681,1,127.3,19.58
7741,176,1.375,43.47,1,52.800000000000004,76.3,908,159.0,66.8,-16.68,9.688,13.793,4.196,194.0,194.4,68.0,1681,1,127.5,19.61
7742,176,1.375,43.53,1,52.800000000000004,76.2,908,158.9,66.8,-16.65,9.75,13.805,4.196,194.0,194.6,68.0,1681,1,127.6,19.51
7743,176,1.35,43.53,1,52.800000000000004,76.3,908,158.8,66.7,-16.57,9.805,13.812,4.196,194.0,194.8,68.0,1682,1,127.8,19.61
7744,176,1.35,43.5,1,52.900000000000006,76.3,909,158.7,66.8,-16.62,9.852,13.82,4.196,194.0,194.9,68.0,1682,1,127.9,19.74
7745,176,1.35,43.44,1,52.800000000000004,76.2,910,158.5,66.8,-16.63,9.906,13.828,4.196,194.0,195.1,68.0,1682,1,128.1,19.53
7746,176,1.325,43.39,1,52.800000000000004,76.3,910,158.4,66.8,-16.62,9.953,13.84,4.196,194.0,195.3,68.0,1682,1,128.2,19.69
7747,176,1.325,43.43,1,52.800000000000004,76.3,910,158.2,66.8,-16.66,10.0,13.848,4.196,195.0,195.4,68.0,1682,1,128.4,19.65
7748,176,1.325,43.51,1,52.800000000000004,76.3,910,158.1,66.8,-16.42,10.055,13.859,4.196,195.0,195.5,68.0,1682,1,128.5,19.73
7749,176,1.325,43.48,1,53.7,77.0,913,158.0,67.1,-15.86,10.102,13.867,4.196,195.0,195.6,68.0,1682,1,128.7,20.2
7750,176,1.3,43.31,1,54.7,77.4,923,157.8,67.4,-15.77,10.164,13.875,4.196,194.0,195.6,68.0,1682,1,128.8,20.09
7751,176,1.3,43.6,1,55.7,78.0,931,157.7,67.6,-14.98,10.219,13.883,4.196,195.0,195.7,68.0,1683,1,129.0,20.49
7752,176,1.3,43.63,1,57.8,78.9,941,157.7,68.1,-14.7,10.281,13.895,4.196,195.0,195.7,68.0,1683,1,129.2,20.46
7753,176,1.3,43.46,1,58.8,79.10000000000001,944,157.5,68.3,-14.69,10.352,13.902,4.196,194.0,195.7,68.0,1683,1,129.4,20.38
7754,176,1.275,43.46,1,58.9,79.10000000000001,943,157.4,68.3,-14.73,10.422,13.914,4.196,194.0,195.6,68.0,1683,1,129.5,20.27
7755,176,1.275,43.46,1,58.8,79.10000000000001,941,157.3,68.3,-14.74,10.484,13.922,4.196,194.0,195.6,68.0,1683,1,129.7,20.16
7756,176,1.275,43.58,1,58.8,79.10000000000001,939,157.2,68.3,-14.7,10.555,13.934,4.196,194.0,195.6,68.0,1683,1,129.9,20.19
7757,176,1.275,43.49,1,58.8,79.10000000000001,939,157.0,68.3,-14.73,10.625,13.941,4.196,194.0,195.5,68.0,1683,1,130.0,20.16
7758,176,1.25,43.45,1,58.8,79.10000000000001,939,156.8,68.3,-14.73,10.703,13.953,4.196,194.0,195.4,68.0,1684,1,130.3,20.15
7759,176,1.25,43.6,1,58.8,79.10000000000001,938,156.6,68.3,-14.69,10.773,13.961,4.196,194.0,195.4,68.0,1684,1,130.4,20.2
7760,177,1.25,43.48,1,58.8,79.10000000000001,939,156.4,68.3,-14.69,10.836,13.973,4.196,194.0,195.3,68.0,1684,1,130.6,20.19
7761,177,1.25,43.46,1,58.8,79.2,939,156.2,68.2,-14.72,10.898,13.984,4.196,194.0,195.2,68.0,1684,1,130.8,20.19
7762,177,1.225,43.45,1,58.8,79.10000000000001,939,156.0,68.3,-14.89,10.961,13.996,4.196,194.0,195.2,68.0,1684,1,131.0,20.08
7763,177,1.225,43.31,1,57.599999999999994,78.3,936,155.8,67.9,-15.73,11.016,14.008,4.196,194.0,195.1,68.0,1684,1,131.2,19.18
7764,177,1.225,43.42,1,55.800000000000004,77.4,923,155.6,67.5,-15.92,11.078,14.016,4.196,194.0,195.1,68.0,1684,1,131.4,19.13
7765,177,1.2,43.35,1,55.00000000000001,77.3,911,155.6,67.2,-15.98,11.133,14.027,4.196,194.0,195.1,68.0,1685,1,131.5,19.3
7766,177,1.2,43.36,1,54.7,77.2,904,155.4,67.2,-16.0,11.188,14.035,4.196,194.0,195.1,68.0,1685,1,131.7,19.3
7767,177,1.2,43.27,1,54.6,77.2,900,155.3,67.1,-16.0,11.242,14.043,4.196,194.0,195.1,68.0,1685,1,131.9,19.4
7768,177,1.2,43.43,1,54.6,77.2,898,155.1,67.1,-16.0,11.305,14.051,4.196,194.0,195.1,68.0,1685,1,132.1,19.46
7769,177,1.175,43.27,1,54.6,77.2,897,155.0,67.2,-15.99,11.359,14.063,4.196,194.0,195.1,68.0,1685,1,132.3,19.41
7770,177,1.175,43.22,1,54.6,77.2,896,154.9,67.2,-16.0,11.398,14.07,4.196,194.0,195.2,68.0,1685,1,132.4,19.5
7771,177,1.175,43.22,1,54.6,77.2,896,154.9,67.2,-15.97,11.445,14.078,4.196,194.0,195.2,68.0,1685,1,132.6,19.61
7772,177,1.175,43.35,1,54.6,77.2,896,154.8,67.2,-16.04,11.492,14.086,4.196,194.0,195.3,68.0,1686,1,132.8,19.56
7773,177,1.15,43.33,1,54.6,77.2,894,154.7,67.3,-15.99,11.523,14.098,4.196,194.0,195.4,68.0,1686,1,133.0,19.54
7774,177,1.15,43.34,1,54.7,77.3,895,154.7,67.3,-15.57,11.562,14.105,4.196,194.0,195.4,68.0,1686,1,133.1,19.71
7775,177,1.15,43.33,1,56.00000000000001,78.2,899,154.7,67.6,-15.21,11.617,14.117,4.196,194.0,195.5,68.0,1686,1,133.4,20.22
7776,177,1.15,43.44,1,56.8,78.4,908,154.7,67.8,-15.17,11.656,14.133,4.196,194.0,195.6,68.0,1686,1,133.6,20.21
7777,177,1.125,43.36,1,57.099999999999994,78.4,914,154.7,67.9,-15.18,11.703,14.145,4.196,195.0,195.7,68.0,1686,1,133.7,20.13
7778,177,1.125,43.39,1,57.099999999999994,78.5,917,154.6,67.9,-15.18,11.742,14.156,4.196,194.0,195.9,68.0,1686,1,133.9,20.09
7779,177,1.125,43.45,1,56.99999999999999,78.3,919,154.6,67.8,-15.63,11.797,14.168,4.196,195.0,196.0,68.0,1687,1,134.1,19.85
7780,177,1.125,43.33,1,55.300000000000004,77.2,914,154.7,67.4,-16.76,11.844,14.18,4.196,195.0,196.1,68.0,1687,1,134.3,18.95
7781,177,1.1,43.36,1,52.300000000000004,75.5,897,154.7,66.6,-17.66,11.891,14.195,4.196,195.0,196.2,68.0,1687,1,134.5,18.8
7782,177,1.1,43.51,1,50.0,74.5,877,154.6,66.0,-18.25,11.922,14.207,4.196,195.0,196.3,68.0,1687,1,134.6,18.92
7783,176,1.1,44.01,1,47.199999999999996,72.5,865,154.6,65.0,-19.23,11.953,14.219,4.196,196.0,196.5,68.0,1687,1,134.8,18.94
7784,176,1.075,43.72,1,44.7,71.0,848,154.6,64.2,-19.42,11.984,14.23,4.196,195.0,196.6,68.0,1687,1,134.9,19.03
7785,175,1.075,43.63,1,43.7,70.8,838,154.5,64.0,-19.45,12.023,14.242,4.196,196.0,196.7,68.0,1687,1,135.1,19.04
7786,174,1.075,43.55,1,43.4,70.7,836,154.6,64.0,-19.49,12.062,14.25,4.196,196.0,196.8,68.0,1688,1,135.3,18.94
7787,174,1.075,43.68,1,43.3,70.7,835,154.6,64.1,-19.41,12.109,14.258,4.196,196.0,196.9,68.0,1688,1,135.4,19.01
7788,173,1.05,43.66,1,43.3,70.8,835,154.5,64.1,-19.41,12.156,14.266,4.196,196.0,197.1,68.0,1688,1,135.5,18.93
7789,172,1.05,43.64,1,43.4,70.8,835,154.5,64.3,-19.44,12.195,14.277,4.196,196.0,197.2,68.0,1688,1,135.6,18.97
7790,172,1.05,43.72,1,43.4,70.8,835,154.6,64.2,-19.41,12.25,14.289,4.196,196.0,197.2,68.0,1688,1,135.8,19.03
7791,171,1.05,43.65,1,43.4,70.8,835,154.7,64.1,-19.43,12.289,14.297,4.196,196.0,197.3,68.0,1688,1,135.9,19.04
7792,170,1.025,43.68,1,43.3,70.7,834,154.9,64.1,-19.46,12.336,14.305,4.196,196.0,197.4,68.0,1688,1,136.0,19.03
7793,170,1.025,43.71,1,43.4,70.8,833,155.1,64.3,-19.39,12.375,14.312,4.196,196.0,197.5,68.0,1688,1,136.1,19.07
7794,169,1.025,44.03,1,43.8,71.3,833,155.3,64.5,-18.58,12.414,14.316,4.196,196.0,197.5,68.0,1689,1,136.3,19.21
7795,168,1.025,46.38,1,46.2,73.5,844,155.5,65.4,-17.69,12.453,14.324,4.196,196.0,197.5,68.0,1689,1,136.4,19.96
7796,168,1.0,43.59,1,48.8,74.9,867,155.7,66.0,-17.46,12.492,14.332,4.196,196.0,197.5,68.0,1689,1,136.5,19.92
7797,167,1.0,43.44,1,49.8,75.0,881,155.8,66.2,-17.49,12.531,14.34,4.196,196.0,197.4,68.0,1689,1,136.6,19.75
7798,167,1.0,43.47,1,50.0,75.0,885,156.0,66.2,-17.48,12.57,14.348,4.196,196.0,197.4,69.0,1689,1,136.7,19.7
7799,167,0.975,43.49,1,50.1,75.1,885,156.1,66.2,-17.49,12.594,14.355,4.196,196.0,197.2,69.0,1689,1,136.8,19.86
7800,166,0.975,43.44,1,50.1,75.0,885,156.2,66.2,-17.41,12.617,14.363,4.196,196.0,197.1,69.0,1689,1,137.0,19.77
7801,166,0.975,43.4,1,50.1,75.1,885,156.2,66.2,-17.43,12.648,14.371,4.196,195.0,197.0,69.0,1690,1,137.1,19.76
7802,165,0.975,43.4,1,50.2,75.1,885,156.2,66.3,-17.47,12.672,14.379,4.196,195.0,196.8,69.0,1690,1,137.2,19.73
7803,165,0.95,43.46,1,50.2,75.2,886,156.1,66.3,-16.88,12.703,14.387,4.196,195.0,196.6,69.0,1690,1,137.3,20.03
7804,165,0.95,43.36,1,51.4,76.1,892,156.1,66.7,-16.7,12.727,14.395,4.196,195.0,196.3,69.0,1690,1,137.4,20.1
7805,164,0.95,43.53,1,52.0,76.2,901,156.0,66.8,-16.69,12.766,14.402,4.196,194.0,196.1,69.0,1690,1,137.5,19.98
7806,164,0.95,43.3,1,52.2,76.3,905,155.9,66.8,-16.66,12.805,14.41,4.196,194.0,195.8,69.0,1690,1,137.6,19.92
7807,164,0.925,43.32,1,52.400000000000006,76.4,907,155.7,66.8,-16.16,12.852,14.418,4.196,194.0,195.6,69.0,1690,1,137.8,20.04
7808,164,0.925,43.76,1,54.400000000000006,77.9,915,155.6,67.5,-14.34,12.898,14.422,4.196,194.0,195.4,69.0,1690,1,137.9,20.46
7809,164,0.925,43.68,1,59.3,80.2,941,155.5,68.7,-13.05,12.961,14.43,4.196,193.0,195.1,69.0,1690,1,138.0,20.59
7810,163,0.925,43.73,1,61.199999999999996,80.5,962,155.4,69.1,-12.9,13.016,14.434,4.196,193.0,194.8,69.0,1691,1,138.1,20.6
7811,163,0.925,43.77,1,61.6,80.5,970,155.3,69.2,-13.12,13.078,14.441,4.196,193.0,194.5,69.0,1691,1,138.3,20.59
7812,163,0.925,43.3,1,60.699999999999996,79.9,971,155.1,69.0,-15.64,13.125,14.445,4.196,193.0,194.3,69.0,1691,1,138.4,19.64
7813,163,0.925,42.95,1,54.400000000000006,75.9,950,154.9,67.3,-18.55,13.156,14.453,4.196,192.0,194.1,69.0,1691,1,138.6,18.65
7814,162,0.925,43.8,1,47.0,71.5,900,154.7,64.8,-19.7,13.164,14.457,4.196,192.0,193.8,69.0,1691,1,138.7,19.0
7815,161,0.9,43.6,1,43.5,70.39999999999999,860,154.6,64.1,-19.83,13.156,14.461,4.196,192.0,193.6,69.0,1691,1,138.8,19.2
7816,160,0.9,43.5,1,42.6,70.39999999999999,846,154.5,64.1,-19.88,13.156,14.465,4.196,192.0,193.4,69.0,1691,1,138.9,19.12
7817,160,0.875,43.56,1,42.3,70.39999999999999,842,154.4,64.0,-19.88,13.156,14.473,4.196,192.0,193.3,69.0,1692,1,139.0,19.16
7818,160,0.875,43.59,1,42.3,70.39999999999999,841,154.2,64.0,-19.87,13.164,14.48,4.196,191.0,193.1,69.0,1692,1,139.1,19.15
7819,160,0.85,43.58,1,42.3,70.39999999999999,839,153.9,64.1,-19.85,13.172,14.492,4.196,192.0,193.0,69.0,1692,1,139.2,19.09
7820,160,0.85,43.56,1,42.3,70.39999999999999,838,153.7,64.2,-19.85,13.18,14.504,4.196,192.0,192.9,69.0,1692,1,139.3,19.08
7821,159,0.85,43.59,1,42.3,70.39999999999999,837,153.5,64.2,-19.83,13.203,14.516,4.196,191.0,192.9,69.0,1692,1,139.4,19.19
7822,159,0.825,43.75,1,42.6,70.39999999999999,836,153.5,64.2,-19.18,13.227,14.527,4.196,191.0,192.8,69.0,1692,1,139.5,19.27
7823,158,0.825,44.19,1,43.8,71.6,839,153.6,64.6,-18.87,13.258,14.531,4.196,190.0,192.8,69.0,1692,1,139.6,19.18
7824,158,0.825,44.38,1,44.7,72.0,847,153.8,64.8,-18.85,13.305,14.539,4.196,191.0,192.8,69.0,1693,1,139.6,19.24
7825,157,0.8,44.38,1,44.9,72.1,850,154.0,64.9,-18.84,13.344,14.543,4.196,191.0,192.7,69.0,1693,1,139.7,19.25
7826,157,0.8,44.46,1,45.0,72.1,850,154.2,65.0,-18.83,13.383,14.547,4.196,191.0,192.7,69.0,1693,1,139.8,19.22
7827,156,0.8,44.5,1,45.0,72.1,850,154.4,64.9,-18.82,13.422,14.551,4.196,191.0,192.7,69.0,1693,1,139.9,19.23
7828,155,0.8,44.43,1,45.0,72.0,849,154.5,64.9,-18.89,13.453,14.555,4.196,191.0,192.7,69.0,1693,1,140.0,19.25
7829,155,0.775,44.5,1,45.0,72.1,848,154.7,64.9,-18.82,13.484,14.559,4.196,191.0,192.7,69.0,1693,1,140.1,19.18
7830,155,0.775,44.6,1,45.0,72.1,847,154.8,65.1,-18.82,13.516,14.559,4.196,191.0,192.7,69.0,1693,1,140.2,19.32
7831,154,0.775,44.54,1,45.0,72.1,847,154.9,64.9,-18.82,13.539,14.566,4.196,190.0,192.7,69.0,1694,1,140.2,19.27
7832,154,0.775,44.52,1,45.0,72.1,848,155.0,65.1,-18.83,13.562,14.566,4.196,191.0,192.7,69.0,1694,1,140.4,19.23
7833,153,0.75,44.42,1,45.0,72.1,848,155.0,64.9,-18.84,13.578,14.57,4.196,191.0,192.7,69.0,1694,1,140.4,19.28
7834,152,0.75,44.5,1,45.0,72.1,849,155.1,64.9,-18.61,13.594,14.574,4.196,191.0,192.7,69.0,1694,1,140.5,19.26
7835,151,0.75,49.76,1,46.7,73.8,854,155.1,65.5,-16.98,13.617,14.57,4.196,191.0,192.8,69.0,1694,1,140.6,20.2
7836,149,0.75,59.06,1,50.4,76.3,883,155.1,66.6,-16.24,13.641,14.566,4.196,191.0,192.8,69.0,1694,1,140.7,20.29
7837,147,0.75,62.63,1,52.6,77.0,912,155.1,67.1,-15.8,13.664,14.559,4.196,192.0,193.0,69.0,1694,1,140.8,20.25
7838,146,0.725,69.93,1,54.900000000000006,78.3,932,155.0,67.7,-14.15,13.688,14.555,4.196,192.0,193.2,69.0,1695,1,140.9,20.73
7839,145,0.725,67.85,1,57.8,79.10000000000001,957,154.9,68.4,-12.24,13.711,14.551,4.196,193.0,193.7,69.0,1695,1,141.0,18.93
7840,144,0.725,69.91,1,54.900000000000006,77.3,948,154.9,67.6,-11.1,13.719,14.551,4.196,193.0,194.2,69.0,1695,1,141.1,20.31
7841,143,0.7,74.92,1,56.3,78.60000000000001,937,154.8,68.1,-10.4,13.727,14.551,4.196,194.0,194.8,69.0,1695,1,141.3,20.6
7842,142,0.7,77.45,1,57.49999999999999,79.10000000000001,940,154.8,68.3,-10.35,13.734,14.547,4.196,194.0,195.5,69.0,1695,1,141.4,20.46
7843,141,0.7,77.7,1,57.9,79.10000000000001,943,154.7,68.3,-10.34,13.734,14.547,4.196,195.0,196.2,69.0,1695,1,141.6,20.34
7844,140,0.7,77.71,1,57.99999999999999,79.10000000000001,945,154.5,68.2,-10.35,13.734,14.543,4.196,196.0,196.9,69.0,1695,1,141.7,20.3
7845,139,0.675,77.71,1,58.3,79.3,945,154.3,68.4,-9.68,13.727,14.543,4.196,197.0,197.7,69.0,1696,1,141.8,20.62
7846,139,0.675,77.7,1,59.699999999999996,80.10000000000001,952,154.0,68.7,-9.13,13.727,14.543,4.196,197.0,198.4,69.0,1696,1,142.0,20.64
7847,138,0.65,77.7,1,60.4,80.2,963,153.6,68.9,-9.09,13.727,14.543,4.196,198.0,199.2,69.0,1696,1,142.1,20.59
7848,137,0.65,77.7,1,60.6,80.30000000000001,969,153.2,68.9,-9.03,13.734,14.547,4.196,199.0,200.1,69.0,1696,1,142.3,20.54
7849,137,0.65,77.7,1,60.699999999999996,80.4,973,153.0,68.9,-8.5,13.742,14.547,4.196,201.0,201.0,69.0,1696,1,142.4,20.63
7850,136,0.625,77.69,1,61.7,80.9,978,152.7,69.2,-7.79,13.75,14.551,4.196,203.0,201.9,69.0,1696,1,142.6,20.71
7851,135,0.625,77.69,1,62.4,81.10000000000001,987,152.4,69.5,-7.31,13.758,14.551,4.196,203.0,202.8,69.0,1696,1,142.8,20.68
7852,135,0.65,77.69,1,63.3,81.5,996,152.1,69.6,-6.95,13.773,14.547,4.196,203.0,203.8,69.0,1697,1,143.0,20.79
7853,134,0.625,77.69,1,63.9,81.69999999999999,1004,151.9,69.8,-6.21,13.781,14.551,4.196,205.0,204.8,69.0,1697,1,143.2,20.91
7854,134,0.625,77.68,1,65.10000000000001,82.3,1013,151.6,70.0,-5.66,13.789,14.551,4.196,205.0,205.8,69.0,1697,1,143.5,20.9
7855,133,0.625,77.68,1,65.7,82.39999999999999,1024,151.3,70.2,-5.59,13.812,14.555,4.196,207.0,206.8,69.0,1697,1,143.6,20.81
7856,133,0.6,77.68,1,65.9,82.39999999999999,1031,151.0,70.2,-5.65,13.82,14.559,4.196,208.0,208.0,69.0,1697,1,143.9,20.78
7857,133,0.6,77.68,1,65.9,82.39999999999999,1034,150.7,70.2,-5.61,13.836,14.562,4.196,209.0,209.2,69.0,1697,1,144.1,20.78
7858,133,0.6,77.68,1,65.9,82.5,1037,150.4,70.3,-5.61,13.844,14.57,4.196,211.0,210.3,69.0,1697,1,144.3,20.75
7859,132,0.6,77.68,1,65.8,82.39999999999999,1039,150.1,70.1,-5.62,13.867,14.574,4.196,212.0,211.5,69.0,1698,1,144.6,20.7
7860,132,0.575,77.68,1,65.8,82.39999999999999,1040,149.7,70.1,-5.62,13.891,14.578,4.196,213.0,212.7,69.0,1698,1,144.8,20.75
7861,132,0.575,77.68,1,65.8,82.39999999999999,1040,149.4,70.1,-5.6,13.914,14.582,4.196,214.0,213.9,69.0,1698,1,145.0,20.66
7862,132,0.575,77.68,1,65.8,82.39999999999999,1041,149.1,70.2,-5.59,13.938,14.586,4.196,216.0,215.1,69.0,1698,1,145.3,20.71
7863,131,0.55,77.68,1,65.9,82.5,1042,148.8,70.1,-5.59,13.961,14.59,4.196,218.0,216.3,69.0,1698,1,145.5,20.8
7864,131,0.575,77.68,1,65.8,82.39999999999999,1042,148.6,70.1,-5.43,13.984,14.594,4.196,219.0,217.5,69.0,1698,1,145.8,20.71
7865,131,0.55,77.68,1,66.5,82.8,1044,148.3,70.3,-4.79,14.008,14.598,4.196,220.0,218.7,69.0,1698,1,146.0,20.87
7866,131,0.55,77.68,1,67.10000000000001,83.0,1050,148.0,70.4,-4.6,14.039,14.602,4.196,221.0,219.9,69.0,1698,1,146.3,20.82
7867,131,0.55,77.67,1,67.4,83.1,1056,147.9,70.6,-4.58,14.07,14.605,4.196,224.0,221.0,69.0,1699,1,146.5,20.81
7868,130,0.55,77.68,1,67.4,83.1,1059,147.6,70.6,-4.58,14.102,14.609,4.196,224.0,222.1,69.0,1699,1,146.8,20.76
7869,129,0.525,77.68,1,67.4,83.1,1061,147.4,70.5,-4.59,14.125,14.609,4.196,224.0,223.3,69.0,1699,1,147.1,20.76
7870,128,0.525,77.67,1,67.4,83.1,1062,147.2,70.5,-4.64,14.148,14.613,4.196,226.0,224.4,69.0,1699,1,147.4,20.81
7871,127,0.525,77.68,1,66.9,82.8,1062,147.0,70.5,-5.96,14.172,14.613,4.196,226.0,225.5,69.0,1699,1,147.6,20.2
7872,126,0.525,77.69,1,64.60000000000001,81.6,1052,146.8,69.8,-7.64,14.18,14.613,4.196,228.0,226.5,69.0,1699,1,147.9,19.56
7873,125,0.525,77.69,1,62.7,81.0,1033,146.7,69.1,-8.05,14.18,14.613,4.196,229.0,227.5,69.0,1699,1,148.2,19.53
7874,123,0.5,77.69,1,62.1,80.9,1018,146.7,69.0,-8.11,14.188,14.609,4.196,229.0,228.3,69.0,1700,1,148.5,19.56
7875,121,0.5,77.68,1,63.6,82.1,1011,146.6,69.3,-1.94,14.195,14.605,4.196,231.0,229.0,69.0,1700,1,148.7,21.27
7876,120,0.5,77.66,1,69.69999999999999,84.5,1039,146.5,71.1,-2.04,14.227,14.602,4.196,231.0,229.7,69.0,1700,1,149.0,21.19
7877,119,0.5,77.66,1,70.8,84.5,1069,146.2,71.4,-1.92,14.266,14.602,4.196,232.0,230.5,69.0,1700,1,149.3,21.01
7878,118,0.475,77.66,1,71.0,84.5,1085,146.0,71.5,-2.0,14.289,14.598,4.196,233.0,231.4,69.0,1700,1,149.5,20.93
7879,116,0.5,77.66,1,71.0,84.5,1094,145.8,71.6,-1.96,14.305,14.594,4.196,234.0,232.3,69.0,1700,1,149.8,20.92
7880,115,0.5,77.66,1,71.0,84.5,1099,145.7,71.5,-1.98,14.312,14.59,4.196,235.0,233.2,69.0,1701,1,150.1,20.84
7881,113,0.475,77.66,1,71.0,84.5,1102,145.7,71.5,-1.98,14.312,14.586,4.196,236.0,234.2,69.0,1701,1,150.4,20.81
7882,112,0.475,77.66,1,71.0,84.6,1103,145.7,71.5,-1.95,14.305,14.582,4.196,236.0,235.1,69.0,1701,1,150.7,20.82
7883,111,0.475,77.66,1,71.0,84.6,1105,145.6,71.5,-1.94,14.289,14.578,4.196,237.0,236.1,69.0,1701,1,151.0,20.77
7884,109,0.45,77.66,1,71.0,84.6,1106,145.4,71.5,-1.95,14.281,14.574,4.196,239.0,237.0,69.0,1701,1,151.3,20.84
7885,108,0.475,77.66,1,71.0,84.6,1106,145.1,71.4,-1.97,14.266,14.57,4.196,240.0,238.0,69.0,1701,1,151.6,20.8
7886,107,0.45,77.66,1,71.0,84.6,1107,144.9,71.4,-1.98,14.258,14.57,4.196,240.0,238.9,69.0,1701,1,152.0,20.83
7887,107,0.45,77.66,1,71.0,84.6,1107,144.6,71.5,-1.97,14.242,14.562,4.196,242.0,239.9,69.0,1702,1,152.3,20.87
7888,106,0.45,77.66,1,71.0,84.6,1107,144.4,71.6,-1.97,14.227,14.562,4.196,242.0,240.8,69.0,1702,1,152.6,20.87
7889,105,0.45,77.66,1,71.0,84.6,1108,144.2,71.5,-1.97,14.203,14.562,4.196,244.0,241.8,69.0,1702,1,152.9,20.92
7890,104,0.45,77.66,1,71.0,84.6,1108,144.1,71.3,-1.98,14.195,14.559,4.196,245.0,242.8,69.0,1702,1,153.3,20.86
7891,103,0.45,77.66,1,71.0,84.6,1108,143.9,71.4,-1.98,14.18,14.562,4.196,246.0,243.9,69.0,1702,1,153.6,20.89
7892,102,0.45,77.66,1,71.0,84.6,1108,143.8,71.5,-1.98,14.172,14.559,4.196,247.0,244.9,69.0,1702,1,153.9,20.97
7893,102,0.425,77.66,1,71.0,84.6,1109,143.9,71.4,-1.97,14.164,14.559,4.196,248.0,245.9,69.0,1702,1,154.3,20.93
7894,101,0.425,77.66,1,71.0,84.6,1109,143.8,71.4,-1.97,14.156,14.559,4.196,249.0,246.8,69.0,1703,1,154.6,20.9
7895,100,0.425,77.66,1,71.0,84.6,1109,143.6,71.5,-1.96,14.148,14.559,4.196,249.0,247.8,69.0,1703,1,154.9,20.95
7896,100,0.425,77.66,1,71.0,84.6,1109,143.6,71.4,-1.98,14.141,14.562,4.196,251.0,248.7,69.0,1703,1,155.3,20.96
7897,99,0.425,77.66,1,71.0,84.6,1108,143.6,71.4,-1.65,14.133,14.562,4.197,252.0,249.5,69.0,1703,1,155.6,20.97
7898,99,0.425,77.66,1,72.2,85.39999999999999,1110,143.6,71.9,0.31,14.133,14.566,4.196,252.0,250.3,69.0,1703,1,155.9,21.13
7899,99,0.4,77.65,0,73.6,85.7,1120,143.5,72.1,0.52,14.148,14.566,4.196,253.0,251.1,69.0,1703,1,156.3,21.13
7900,98,0.4,77.65,0,73.9,85.7,1130,143.4,72.2,0.55,14.164,14.562,4.196,254.0,251.9,69.0,1703,1,156.6,21.2
7901,98,0.4,77.65,1,74.0,85.7,1135,143.5,72.1,0.54,14.188,14.566,4.196,254.0,252.7,69.0,1704,1,157.0,21.14
7902,98,0.4,77.65,1,74.0,85.7,1138,143.4,72.3,0.54,14.188,14.57,4.196,255.0,253.5,69.0,1704,1,157.3,21.13
7903,97,0.4,77.65,1,74.0,85.7,1140,143.5,72.3,0.53,14.188,14.574,4.196,256.0,254.2,69.0,1704,1,157.7,21.18
7904,97,0.375,77.7,1,67.4,80.5,1135,143.5,69.7,-22.07,14.188,14.578,4.196,257.0,254.9,69.0,1704,1,158.0,18.56
7905,95,0.375,57.57,1,53.2,74.3,1067,143.4,66.1,-22.33,14.133,14.574,4.196,257.0,255.3,69.0,1704,1,158.3,18.31
7906,93,0.375,53.02,1,46.2,71.3,984,143.6,64.2,0.35,14.07,14.566,4.196,257.0,255.3,69.0,1704,1,158.5,19.19
7907,91,0.4,77.61,1,54.400000000000006,80.80000000000001,967,143.8,67.6,0.53,14.039,14.562,4.196,257.0,254.8,69.0,1705,1,158.8,20.74
7908,90,0.4,77.65,1,70.1,86.1,1051,144.0,71.1,0.56,14.062,14.555,4.196,256.0,254.4,69.0,1705,1,159.1,20.97
7909,89,0.375,77.66,1,73.1,85.2,1118,143.9,71.7,-1.79,14.102,14.555,4.196,255.0,254.2,69.0,1705,1,159.4,20.34
7910,89,0.375,77.68,1,70.89999999999999,83.8,1126,144.0,71.2,-7.54,14.133,14.555,4.196,255.0,254.1,69.0,1705,1,159.8,19.65
7911,89,0.375,77.69,1,64.9,81.6,1096,143.8,69.7,-7.57,14.125,14.555,4.196,255.0,254.0,69.0,1705,1,160.0,19.75
7912,88,0.375,77.69,1,63.2,81.39999999999999,1062,143.9,69.3,-7.45,14.117,14.559,4.196,254.0,253.8,69.0,1705,1,160.3,19.34
7913,87,0.375,77.69,1,62.8,81.39999999999999,1043,144.6,69.2,-7.57,14.109,14.555,4.196,254.0,253.6,69.0,1705,1,160.6,19.47
7914,86,0.375,77.69,1,62.8,81.39999999999999,1032,145.2,69.1,-7.49,14.094,14.555,4.196,254.0,253.5,69.0,1706,1,160.9,19.52
7915,85,0.35,77.68,1,63.7,82.39999999999999,1027,145.6,69.2,-2.82,14.086,14.555,4.196,254.0,253.3,69.0,1706,1,161.2,21.13
7916,85,0.375,77.67,1,69.0,84.2,1048,145.7,70.7,-2.72,14.094,14.551,4.196,254.0,253.1,69.0,1706,1,161.5,20.8
7917,85,0.35,77.67,1,70.0,84.2,1072,145.6,71.0,-2.66,14.102,14.555,4.196,254.0,253.1,69.0,1706,1,161.8,20.75
7918,84,0.35,77.67,1,70.19999999999999,84.3,1085,145.7,71.0,-2.6,14.109,14.559,4.196,254.0,253.2,69.0,1706,1,162.1,20.72
7919,84,0.35,77.67,1,70.19999999999999,84.3,1092,145.7,71.2,-2.7,14.125,14.555,4.196,254.0,253.5,69.0,1706,1,162.4,20.72
7920,84,0.35,77.67,1,70.19999999999999,84.3,1096,145.9,71.2,-2.68,14.125,14.559,4.197,254.0,253.7,69.0,1707,1,162.8,20.69
7921,83,0.35,77.67,1,70.19999999999999,84.3,1099,146.1,71.1,-2.65,14.125,14.555,4.196,255.0,254.0,69.0,1707,1,163.1,20.65
7922,83,0.35,77.67,1,70.19999999999999,84.3,1100,146.2,71.3,-2.67,14.133,14.555,4.196,255.0,254.3,69.0,1707,1,163.4,20.61
7923,83,0.35,77.67,1,70.19999999999999,84.3,1101,146.3,71.2,-2.68,14.133,14.555,4.196,256.0,254.7,69.0,1707,1,163.7,20.69
7924,83,0.325,77.67,1,70.19999999999999,84.3,1102,146.2,71.2,-2.67,14.141,14.555,4.196,256.0,255.1,69.0,1707,1,164.0,20.62
7925,83,0.325,77.67,1,70.19999999999999,84.3,1102,146.2,71.0,-2.66,14.148,14.562,4.196,257.0,255.6,69.0,1707,1,164.3,20.68
7926,83,0.325,77.67,1,70.19999999999999,84.3,1103,146.1,71.1,-2.66,14.156,14.562,4.196,257.0,256.0,69.0,1707,1,164.6,20.65
7927,83,0.325,77.67,1,70.19999999999999,84.3,1103,146.0,71.0,-2.65,14.156,14.566,4.196,257.0,256.5,69.0,1708,1,164.9,20.6
7928,83,0.325,77.67,1,70.19999999999999,84.3,1103,146.0,71.2,-2.65,14.164,14.57,4.196,258.0,256.9,69.0,1708,1,165.2,20.64
7929,82,0.325,77.67,1,70.19999999999999,84.3,1103,146.0,71.4,-2.64,14.172,14.574,4.197,259.0,257.4,69.0,1708,1,165.5,20.66
7930,82,0.325,77.67,1,70.19999999999999,84.3,1103,146.0,71.1,-2.65,14.18,14.574,4.197,259.0,257.8,69.0,1708,1,165.8,20.76
7931,83,0.325,77.67,1,70.19999999999999,84.3,1103,146.1,71.2,-2.61,14.188,14.578,4.196,259.0,258.2,69.0,1708,1,166.1,20.65
7932,83,0.325,77.67,1,70.19999999999999,84.3,1104,146.1,71.3,-2.64,14.195,14.578,4.196,260.0,258.6,69.0,1708,1,166.4,20.66
7933,83,0.325,77.67,1,70.19999999999999,84.3,1104,145.9,71.2,-2.25,14.211,14.582,4.196,260.0,258.9,69.0,1709,1,166.7,20.67
7934,83,0.3,77.66,1,71.1,84.8,1106,146.0,71.4,-1.26,14.219,14.586,4.196,261.0,259.3,69.0,1709,1,167.0,20.83
7935,84,0.3,77.66,1,71.8,85.0,1112,146.1,71.7,-1.17,14.234,14.586,4.196,260.0,259.6,69.0,1709,1,167.3,20.83
7936,85,0.3,77.66,1,72.0,85.0,1117,146.1,71.9,-1.16,14.258,14.586,4.197,261.0,259.9,69.0,1709,1,167.6,20.89
7937,85,0.3,77.66,1,72.0,85.0,1121,146.1,71.6,-1.15,14.273,14.586,4.196,262.0,260.2,69.0,1709,1,167.8,20.79
7938,86,0.3,77.66,1,71.89999999999999,85.0,1122,146.1,71.8,-1.17,14.297,14.594,4.196,262.0,260.4,69.0,1709,1,168.1,20.78
7939,87,0.3,77.66,1,71.89999999999999,85.0,1123,146.0,71.6,-1.2,14.328,14.605,4.196,262.0,260.6,69.0,1709,1,168.4,20.84
7940,87,0.275,77.66,1,71.89999999999999,85.0,1123,146.0,71.7,-1.22,14.352,14.617,4.197,262.0,260.8,69.0,1710,1,168.7,20.83
7941,87,0.275,77.66,1,71.7,84.8,1123,146.2,71.5,-2.5,14.375,14.629,4.196,262.0,261.0,69.0,1710,1,169.0,20.44
7942,87,0.275,77.67,1,70.3,84.2,1117,146.2,71.2,-3.02,14.406,14.633,4.196,262.0,261.1,69.0,1710,1,169.3,20.04
7943,87,0.275,77.68,1,68.5,83.2,1108,146.2,70.6,-5.37,14.414,14.641,4.196,262.0,261.1,69.0,1710,1,169.5,19.52
7944,87,0.275,77.68,1,66.4,82.6,1089,146.2,70.0,-5.63,14.43,14.641,4.196,262.0,261.0,69.0,1710,1,169.8,19.48
7945,87,0.275,77.68,1,65.8,82.6,1073,146.3,69.9,-5.67,14.438,14.641,4.197,262.0,260.8,69.0,1710,1,170.0,19.5
7946,87,0.25,77.68,1,65.4,82.39999999999999,1064,146.5,69.9,-6.03,14.445,14.645,4.196,261.0,260.5,69.0,1711,1,170.2,19.35
7947,87,0.25,77.69,1,64.3,81.69999999999999,1056,146.5,69.4,-7.29,14.469,14.648,4.196,261.0,260.1,69.0,1711,1,170.5,19.26
7948,87,0.25,77.69,1,63.2,81.39999999999999,1042,146.6,69.1,-7.43,14.484,14.66,4.196,260.0,259.7,69.0,1711,1,170.7,19.28
7949,86,0.25,77.7,1,62.1,80.80000000000001,1031,146.8,68.9,-9.43,14.5,14.668,4.197,260.0,259.0,69.0,1711,1,170.9,18.78
7950,86,0.25,77.7,1,60.0,79.9,1014,146.9,68.4,-9.88,14.516,14.672,4.197,259.0,258.3,69.0,1711,1,171.1,18.87
7951,85,0.25,77.71,1,58.5,79.2,995,147.2,68.0,-10.85,14.523,14.676,4.196,257.0,257.4,69.0,1711,1,171.3,18.57
7952,84,0.225,76.68,1,56.2,78.2,972,147.5,67.6,-11.27,14.531,14.676,4.196,257.0,256.3,69.0,1712,1,171.5,18.6
7953,84,0.225,75.28,1,55.2,78.0,955,147.8,67.4,-11.32,14.547,14.68,4.197,255.0,255.1,69.0,1712,1,171.7,18.74
7954,83,0.225,75.02,1,54.900000000000006,78.0,944,148.2,67.3,-11.32,14.562,14.684,4.196,254.0,253.8,69.0,1712,1,171.9,18.8
7955,82,0.225,75.0,1,54.900000000000006,78.0,938,148.6,67.3,-11.29,14.578,14.684,4.197,252.0,252.4,69.0,1712,1,172.1,18.88
7956,81,0.225,75.04,1,54.900000000000006,78.0,934,148.9,67.3,-11.3,14.594,14.688,4.196,250.0,250.8,69.0,1712,1,172.3,18.88
7957,81,0.2,75.31,1,54.900000000000006,78.0,932,149.4,67.4,-11.3,14.609,14.688,4.196,248.0,249.2,69.0,1712,1,172.5,18.97
7958,80,0.2,74.98,1,54.800000000000004,78.0,930,149.8,67.4,-11.3,14.625,14.684,4.196,247.0,247.5,69.0,1712,1,172.7,18.93
7959,80,0.2,75.17,1,54.800000000000004,78.0,929,150.1,67.3,-11.32,14.641,14.684,4.197,244.0,245.7,69.0,1713,1,172.9,18.94
7960,80,0.2,75.38,1,54.900000000000006,78.0,928,150.5,67.3,-11.3,14.656,14.688,4.197,243.0,243.9,69.0,1713,1,173.1,19.05
7961,80,0.2,75.44,1,54.900000000000006,78.0,927,150.8,67.3,-11.29,14.68,14.695,4.196,240.0,242.0,69.0,1713,1,173.4,19.02
7962,80,0.175,75.29,1,54.900000000000006,78.0,926,151.3,67.5,-11.34,14.703,14.699,4.197,238.0,240.1,69.0,1713,1,173.5,18.97
7963,80,0.175,75.4,1,54.800000000000004,78.0,925,151.8,67.6,-11.3,14.719,14.703,4.197,236.0,238.2,69.0,1713,1,173.7,19.03
7964,80,0.175,75.23,1,54.800000000000004,77.9,925,152.2,67.6,-11.32,14.734,14.711,4.197,235.0,236.3,69.0,1713,1,174.0,18.94
7965,80,0.15,74.45,1,54.7,77.9,924,152.6,67.5,-11.6,14.758,14.711,4.197,232.0,234.3,69.0,1714,1,174.2,18.75
7966,80,0.15,73.18,1,54.1,77.60000000000001,921,152.9,67.4,-11.64,14.773,14.719,4.196,230.0,232.5,69.0,1714,1,174.3,18.85
7967,80,0.15,72.74,1,53.900000000000006,77.5,917,153.4,67.3,-11.67,14.789,14.723,4.196,228.0,230.6,69.0,1714,1,174.5,18.79
7968,80,0.15,72.71,1,53.800000000000004,77.5,915,153.6,67.3,-11.67,14.82,14.727,4.196,226.0,228.7,69.0,1714,1,174.7,18.8
7969,80,0.125,72.73,1,53.7,77.5,913,153.7,67.3,-11.67,14.844,14.734,4.197,224.0,227.0,69.0,1714,1,174.9,19.01
7970,80,0.125,72.51,1,53.7,77.5,913,154.0,67.1,-11.68,14.875,14.738,4.196,224.0,225.3,69.0,1714,1,175.1,18.98
7971,80,0.125,72.9,1,53.7,77.5,912,154.3,67.3,-11.64,14.906,14.746,4.197,220.0,223.5,69.0,1715,1,175.3,19.06
7972,80,0.125,72.59,1,53.7,77.5,912,154.5,67.4,-11.68,14.945,14.75,4.197,219.0,222.0,69.0,1715,1,175.5,18.98
7973,80,0.1,72.67,1,53.7,77.5,912,154.6,67.3,-11.67,14.977,14.754,4.196,218.0,220.4,69.0,1715,1,175.6,18.98
7974,80,0.1,72.8,1,53.7,77.5,911,154.9,67.2,-11.66,15.023,14.766,4.196,216.0,218.8,69.0,1715,1,175.8,19.06
7975,80,0.1,72.84,1,53.7,77.5,911,154.9,67.4,-11.66,15.062,14.773,4.197,213.0,217.4,69.0,1715,1,176.0,19.0
7976,80,0.1,72.71,1,53.7,77.5,911,155.0,67.3,-11.67,15.109,14.781,4.196,213.0,216.0,69.0,1715,1,176.1,19.0
7977,80,0.075,72.8,1,53.6,77.5,911,155.3,67.3,-11.68,15.148,14.789,4.197,212.0,214.6,69.0,1716,1,176.3,18.97
7978,81,0.075,72.71,1,53.6,77.4,911,155.5,67.3,-11.68,15.188,14.793,4.196,211.0,213.3,69.0,1716,1,176.5,18.94
7979,81,0.075,72.96,1,53.7,77.5,911,155.7,67.4,-11.68,15.227,14.797,4.196,208.0,212.1,69.0,1716,1,176.7,19.02
7980,82,0.075,68.93,1,53.1,76.7,911,155.9,67.2,-17.6,15.266,14.805,4.196,208.0,210.9,69.0,1716,1,176.8,18.09
7981,82,0.05,46.38,1,46.1,70.8,889,156.0,64.4,-17.55,15.289,14.816,4.197,207.0,209.9,69.0,1716,1,177.0,18.56
7982,82,0.05,40.11,1,40.300000000000004,67.0,849,156.2,62.7,-17.87,15.297,14.82,4.197,206.0,208.7,69.0,1716,1,177.1,18.55
7983,81,0.05,37.74,1,37.1,65.60000000000001,820,156.3,61.9,-18.0,15.312,14.832,4.197,205.0,207.6,69.0,1716,1,177.2,18.72
7984,81,0.025,37.66,1,36.1,65.4,813,156.5,61.6,-18.0,15.32,14.84,4.197,204.0,206.6,69.0,1717,1,177.4,18.93
7985,80,0.025,37.74,1,35.8,65.5,817,156.7,61.6,-18.04,15.344,14.848,4.197,203.0,205.5,69.0,1717,1,177.5,18.97
7986,79,0.025,37.1,1,35.6,65.2,821,156.9,61.3,-18.63,15.359,14.848,4.197,203.0,204.4,69.0,1717,1,177.6,18.98
7987,78,0.025,30.38,1,33.6,62.3,816,157.0,60.2,-22.42,15.383,14.848,4.196,201.0,203.3,69.0,1717,1,177.7,18.74
7988,78,0.025,29.77,1,31.7,60.699999999999996,799,156.9,59.5,-22.45,15.398,14.848,4.197,200.0,202.1,69.0,1717,1,177.9,19.2
7989,77,0.025,29.45,1,31.0,60.699999999999996,797,157.1,59.4,-22.36,15.422,14.852,4.197,199.0,200.9,69.0,1717,1,178.0,19.33
7990,76,0.025,29.13,1,30.8,60.6,802,157.3,59.4,-22.39,15.438,14.855,4.197,198.0,199.7,69.0,1718,1,178.1,19.31
7991,75,0.025,28.93,1,30.7,60.6,809,157.7,59.4,-22.44,15.477,14.855,4.197,196.0,198.6,69.0,1718,1,178.2,19.31
7992,73,0.025,28.74,1,30.599999999999998,60.6,815,158.0,59.3,-22.45,15.5,14.852,4.197,196.0,197.4,69.0,1718,1,178.3,19.22
7993,72,0.025,28.72,1,30.599999999999998,60.699999999999996,818,158.4,59.6,-22.44,15.531,14.848,4.197,194.0,196.2,69.0,1718,1,178.5,19.4
7994,70,0.025,28.61,1,30.599999999999998,60.699999999999996,820,158.7,59.3,-22.43,15.562,14.844,4.197,194.0,195.1,69.0,1718,1,178.6,19.33
7995,69,0.025,28.53,1,30.599999999999998,60.699999999999996,822,159.1,59.4,-22.41,15.594,14.844,4.197,192.0,193.9,69.0,1718,1,178.6,19.37
7996,68,0.0,28.39,1,30.7,60.699999999999996,824,159.4,59.3,-22.43,15.617,14.84,4.197,190.0,192.9,69.0,1718,1,178.7,19.44
7997,66,0.025,28.33,1,30.599999999999998,60.699999999999996,824,159.8,59.5,-22.44,15.633,14.832,4.196,190.0,191.9,69.0,1719,1,178.8,19.41
7998,65,0.0,28.22,1,30.599999999999998,60.699999999999996,825,160.1,59.3,-22.4,15.656,14.832,4.197,189.0,190.9,69.0,1719,1,178.9,19.39
7999,63,0.0,28.21,1,30.7,60.699999999999996,826,160.3,59.5,-22.41,15.664,14.828,4.197,187.0,189.9,69.0,1719,1,179.0,19.41
8000,61,0.0,28.13,1,30.599999999999998,60.6,826,160.5,59.2,-22.42,15.664,14.824,4.196,187.0,188.8,69.0,1719,1,179.0,19.43
8001,60,0.0,22.41,1,29.2,57.49999999999999,820,160.7,57.9,-22.43,15.664,14.82,4.197,185.0,187.7,69.0,1719,1,179.0,16.13
8002,58,0.0,19.33,1,26.900000000000002,54.1,795,160.9,54.6,-22.42,15.664,14.816,4.197,184.0,186.4,69.0,1719,1,179.0,16.25
8003,56,0.0,19.04,1,25.6,53.400000000000006,783,161.1,53.9,-22.41,15.664,14.813,4.197,182.0,185.0,69.0,1719,1,179.0,16.03
8004,54,0.0,18.8,1,25.1,53.400000000000006,793,161.1,54.0,-22.45,15.664,14.805,4.197,181.0,183.5,69.0,1720,1,178.9,15.98
8005,53,0.0,18.58,1,24.9,53.400000000000006,809,161.2,56.8,-22.45,15.664,14.801,4.197,178.0,182.0,69.0,1720,1,178.8,15.87
8006,50,0.0,18.48,1,24.8,53.400000000000006,822,161.3,57.2,-22.46,15.664,14.797,4.197,177.0,180.3,69.0,1720,1,178.7,15.86
8007,48,0.0,18.31,1,24.8,53.400000000000006,833,161.5,57.1,-22.46,15.664,14.789,4.197,174.0,178.4,69.0,1720,1,178.6,15.9
8008,45,0.0,18.18,1,24.8,53.400000000000006,840,161.6,56.8,-22.42,15.664,14.785,4.197,172.0,176.5,69.0,1720,1,178.5,15.87
8009,42,0.0,18.23,1,24.8,53.400000000000006,846,161.7,57.0,-22.44,15.664,14.777,4.196,169.0,174.5,69.0,1720,1,178.5,15.92
8010,39,0.0,18.11,1,24.8,53.400000000000006,850,161.8,57.0,-22.44,15.664,14.77,4.197,168.0,172.3,69.0,1720,1,178.4,15.86
8011,37,0.0,18.12,1,24.8,53.400000000000006,853,161.9,57.0,-22.44,15.664,14.766,4.197,165.0,170.2,69.0,1721,1,178.3,15.89
8012,34,0.0,18.1,1,24.8,53.400000000000006,855,162.1,57.1,-22.43,15.664,14.762,4.197,163.0,168.0,69.0,1721,1,178.2,15.86
8013,31,0.0,18.1,1,24.8,53.400000000000006,856,162.3,57.3,-22.43,15.664,14.754,4.197,160.0,165.7,69.0,1721,1,178.1,15.75
8014,28,0.0,18.12,1,24.8,53.400000000000006,857,162.4,57.1,-22.44,15.664,14.75,4.197,158.0,163.5,69.0,1721,1,178.0,15.9
8015,25,0.0,18.1,1,24.8,53.400000000000006,858,162.4,57.2,-22.46,15.664,14.746,4.197,155.0,161.3,69.0,1721,1,177.9,15.84
8016,22,0.0,18.1,1,24.8,53.400000000000006,858,162.5,57.2,-22.45,15.664,14.742,4.197,153.0,159.0,69.0,1721,1,177.8,15.86
8017,20,0.0,18.06,1,24.8,53.400000000000006,859,162.5,57.2,-22.46,15.664,14.738,4.197,150.0,156.9,69.0,1721,1,177.7,15.85
8018,19,0.0,18.09,1,24.8,53.400000000000006,859,162.6,57.1,-22.45,15.664,14.734,4.197,148.0,154.7,69.0,1722,1,177.5,15.82
8019,17,0.0,17.47,1,24.8,53.400000000000006,859,162.6,57.3,-22.44,15.664,14.734,4.197,145.0,152.6,69.0,1722,1,177.3,15.86
8020,14,0.0,16.78,1,24.7,53.400000000000006,859,162.7,57.2,-22.43,15.664,14.73,4.197,144.0,150.6,69.0,1722,1,177.2,15.8
8021,12,0.0,16.6,1,24.8,53.400000000000006,860,162.7,57.3,-22.46,15.664,14.727,4.197,140.0,148.4,69.0,1722,1,177.0,15.84
8022,10,0.025,16.31,1,24.8,53.400000000000006,862,162.7,57.4,-22.44,15.664,14.727,4.197,139.0,146.3,69.0,1722,1,176.8,15.77
8023,8,0.025,16.12,1,24.9,53.400000000000006,863,162.8,57.4,-22.43,15.664,14.727,4.197,135.0,144.1,69.0,1722,1,176.6,15.85
8024,6,0.025,15.81,1,24.9,53.400000000000006,864,162.8,57.7,-22.41,15.664,14.723,4.197,134.0,142.0,69.0,1722,1,176.4,15.75
8025,5,0.025,15.58,1,24.9,53.400000000000006,864,162.8,57.8,-19.7,15.664,14.723,4.197,131.0,139.9,69.0,1722,1,176.2,15.76
8026,3,0.025,19.7,1,25.8,55.50000000000001,868,162.9,61.0,-11.97,15.664,14.723,4.197,130.0,137.9,69.0,1723,1,176.0,19.38
8027,3,0.025,29.47,1,30.8,64.2,932,162.9,72.6,-8.39,15.664,14.723,4.197,127.0,135.9,69.0,1723,1,175.9,19.94
8028,3,0.025,48.66,1,40.699999999999996,73.9,1031,162.9,66.0,-6.61,15.664,14.723,4.197,126.0,133.9,69.0,1723,1,175.7,20.6
8029,3,0.05,72.42,1,53.800000000000004,80.30000000000001,1100,162.9,68.5,-6.33,15.664,14.723,4.197,124.0,131.9,69.0,1723,1,175.6,20.91
8030,4,0.025,45.64,1,59.5,80.80000000000001,1107,162.8,69.3,-6.36,15.664,14.723,4.197,122.0,129.9,69.0,1723,1,175.5,21.06
8031,6,0.025,43.51,1,60.5,80.7,1073,162.8,69.4,-6.32,15.664,14.723,4.197,120.0,128.1,69.0,1723,1,175.4,20.68
8032,7,0.025,43.45,1,60.4,80.7,1040,162.7,69.3,-6.29,15.664,14.723,4.197,119.0,126.8,69.0,1723,1,175.3,20.41
8033,8,0.025,43.43,1,60.3,80.7,1020,162.6,69.3,-6.29,15.664,14.719,4.197,118.0,125.7,69.0,1723,1,175.2,20.34
8034,9,0.025,43.53,1,60.3,80.7,1009,162.4,69.2,-6.3,15.664,14.719,4.197,118.0,124.8,69.0,1723,1,175.1,20.22
8035,10,0.025,43.62,1,60.0,80.7,1003,161.9,69.1,-6.3,15.664,14.719,4.197,118.0,124.2,69.0,1724,1,175.0,20.16
8036,11,0.025,43.64,1,60.099999999999994,80.7,1002,161.2,69.1,-6.29,15.664,14.719,4.197,118.0,123.6,69.0,1724,1,175.0,20.14
8037,12,0.025,43.56,1,60.199999999999996,80.7,1000,160.4,69.0,-6.35,15.664,14.719,4.197,117.0,123.1,69.0,1724,1,174.9,20.27
8038,13,0.025,43.51,1,60.199999999999996,80.7,999,159.6,69.1,-6.3,15.664,14.719,4.197,116.0,122.6,69.0,1724,1,174.8,20.21
8039,15,0.025,43.62,1,60.199999999999996,80.7,999,158.8,69.0,-6.36,15.664,14.719,4.197,116.0,122.2,69.0,1724,1,174.8,20.11
8040,16,0.025,43.56,1,60.199999999999996,80.7,1000,158.0,68.9,-6.29,15.664,14.719,4.197,116.0,121.8,69.0,1724,1,174.7,20.22
8041,17,0.025,43.6,1,60.3,80.7,1001,157.3,69.0,-6.32,15.664,14.719,4.197,115.0,121.5,69.0,1724,1,174.7,20.23
8042,18,0.025,43.57,1,60.3,80.7,1002,156.7,69.0,-6.36,15.664,14.723,4.197,115.0,121.1,69.0,1724,1,174.7,20.19
8043,20,0.025,43.44,1,60.4,80.7,1002,156.1,69.0,-6.36,15.664,14.723,4.197,115.0,120.8,69.0,1724,1,174.7,20.28
8044,21,0.025,43.48,1,60.3,80.7,1002,155.6,69.0,-6.33,15.664,14.723,4.197,115.0,120.5,69.0,1725,1,174.7,20.19
8045,22,0.025,43.29,1,60.3,80.60000000000001,1003,155.1,69.0,-17.0,15.664,14.723,4.197,115.0,120.2,69.0,1725,1,174.7,20.27
8046,23,0.025,43.4,1,52.0,74.0,986,154.7,66.2,-17.27,15.664,14.727,4.197,115.0,119.9,69.0,1725,1,174.7,18.95
8047,23,0.025,42.63,1,44.0,69.5,930,154.4,63.8,-17.82,15.664,14.727,4.197,114.0,119.7,69.0,1725,1,174.7,19.18
8048,24,0.025,36.07,1,39.1,66.60000000000001,882,154.3,62.2,-18.14,15.664,14.727,4.197,114.0,119.4,69.0,1725,1,174.7,19.05
8049,24,0.0,31.74,1,35.9,64.2,851,154.2,61.1,-18.21,15.664,14.73,4.197,114.0,119.2,69.0,1725,1,174.8,19.3
8050,24,0.0,28.46,1,33.5,62.1,833,154.0,60.0,-18.14,15.664,14.73,4.197,114.0,119.0,69.0,1725,1,174.8,19.31
8051,24,0.0,25.9,1,31.5,60.199999999999996,821,154.0,59.2,-18.2,15.664,14.73,4.197,114.0,118.7,69.0,1725,1,174.9,18.38
8052,24,0.0,24.32,1,29.9,58.5,814,153.8,58.3,-18.18,15.664,14.73,4.197,113.0,118.5,69.0,1725,1,175.0,17.32
8053,24,0.0,24.34,1,29.2,58.4,815,153.7,58.4,-18.18,15.664,14.73,4.197,113.0,118.2,69.0,1725,1,175.0,17.5
8054,24,0.0,24.15,1,28.9,58.4,825,153.7,58.3,-18.18,15.664,14.73,4.197,113.0,117.9,69.0,1726,1,175.1,17.37
8055,24,0.0,24.18,1,28.799999999999997,58.3,834,153.7,58.3,-18.18,15.664,14.73,4.197,113.0,117.5,69.0,1726,1,175.2,17.49
8056,23,0.0,24.28,1,28.799999999999997,58.3,841,153.9,58.3,-18.17,15.664,14.73,4.197,113.0,117.1,69.0,1726,1,175.3,17.52
8057,23,0.0,24.27,1,28.799999999999997,58.4,845,154.2,58.4,-18.17,15.664,14.73,4.197,112.0,116.7,69.0,1726,1,175.3,17.53
8058,23,0.0,24.23,1,28.9,58.4,847,154.5,58.3,-18.19,15.664,14.73,4.197,112.0,116.2,69.0,1726,1,175.4,17.54
8059,23,0.0,24.24,1,28.799999999999997,58.3,848,154.9,58.3,-18.2,15.664,14.73,4.197,111.0,115.7,69.0,1726,1,175.5,17.52
8060,23,0.0,24.21,1,28.799999999999997,58.3,847,155.3,58.4,-18.18,15.664,14.73,4.197,111.0,115.2,69.0,1726,1,175.6,17.53
8061,23,0.0,24.34,1,28.799999999999997,58.4,847,155.8,58.5,-18.2,15.664,14.73,4.197,109.0,114.6,69.0,1726,1,175.7,17.64
8062,23,0.0,24.21,1,28.9,58.3,846,156.2,58.5,-18.2,15.664,14.73,4.197,108.0,114.0,69.0,1726,1,175.7,17.51
8063,23,0.0,24.18,1,28.799999999999997,58.3,844,156.6,58.4,-18.2,15.664,14.73,4.197,108.0,113.4,69.0,1726,1,175.8,17.54
8064,23,0.0,24.25,1,28.799999999999997,58.3,842,157.0,58.5,-18.18,15.664,14.73,4.197,108.0,112.8,69.0,1726,1,175.9,17.56
8065,22,0.0,24.2,1,28.799999999999997,58.4,841,157.3,58.5,-18.2,15.664,14.73,4.197,107.0,112.2,69.0,1727,1,175.9,17.56
8066,22,0.0,24.14,1,28.799999999999997,58.3,839,157.6,58.4,-18.18,15.664,14.73,4.197,107.0,111.6,69.0,1727,1,176.0,17.48
8067,22,0.0,24.25,1,28.799999999999997,58.4,837,157.9,58.6,-18.18,15.664,14.73,4.197,106.0,110.9,69.0,1727,1,176.1,17.57
8068,22,0.0,24.13,1,28.799999999999997,58.3,835,158.1,58.4,-18.2,15.664,14.73,4.197,105.0,110.3,69.0,1727,1,176.2,17.51
8069,22,0.0,24.16,1,28.799999999999997,58.3,833,158.2,58.4,-18.2,15.664,14.73,4.197,105.0,109.6,69.0,1727,1,176.2,17.5
8070,22,0.0,24.23,1,28.7,58.3,832,158.4,58.4,-18.17,15.664,14.73,4.197,104.0,109.0,69.0,1727,1,176.3,17.56
8071,22,0.0,24.53,1,28.799999999999997,58.4,831,158.5,58.5,-18.18,15.664,14.73,4.197,103.0,108.4,69.0,1727,1,176.3,0.77
8072,22,0.0,24.31,1,28.9,58.3,827,158.6,58.4,-18.2,15.664,14.73,4.197,103.0,107.8,69.0,1727,1,175.8,0.26
8073,22,0.0,24.36,1,28.9,58.3,822,158.8,58.4,-18.18,15.664,14.73,4.197,102.0,107.2,68.0,1727,1,175.1,0.26
8074,22,0.0,24.42,1,28.799999999999997,58.3,817,158.9,58.4,-18.19,15.664,14.73,4.197,101.0,106.6,68.0,1727,1,174.3,0.25
8075,22,0.0,24.34,1,28.799999999999997,58.3,813,159.0,58.5,-18.19,15.664,14.73,4.197,101.0,106.0,68.0,1727,1,173.7,0.27
8076,21,0.0,24.32,1,28.799999999999997,58.3,810,159.1,58.5,-18.2,15.664,14.73,4.197,100.0,105.4,68.0,1727,1,173.1,0.27
8077,21,0.0,24.42,1,28.799999999999997,58.3,808,159.2,58.5,-18.2,15.664,14.73,4.197,99.0,104.8,68.0,1728,1,172.5,0.26
8078,21,0.0,24.25,1,28.799999999999997,58.199999999999996,806,159.2,58.4,-18.18,15.664,14.73,4.197,99.0,104.3,68.0,1728,1,172.0,0.26
8079,21,0.0,24.34,1,28.799999999999997,58.3,805,159.3,58.5,-18.17,15.664,14.73,4.196,98.0,103.7,68.0,1728,1,171.6,0.26
8080,21,0.0,24.38,1,28.799999999999997,58.4,804,159.3,58.5,-18.18,15.664,14.73,4.197,98.0,103.2,68.0,1728,1,171.1,0.26
8081,21,0.0,24.44,1,28.799999999999997,58.4,804,159.2,58.5,-18.19,15.664,14.73,4.197,98.0,102.7,68.0,1728,1,170.7,0.26
8082,21,0.0,24.34,1,28.799999999999997,58.3,802,159.2,58.5,-18.19,15.664,14.73,4.197,97.0,102.2,68.0,1728,1,170.3,0.26
8083,21,0.0,24.37,1,28.799999999999997,58.3,802,159.3,58.5,-18.2,15.664,14.73,4.197,97.0,101.7,68.0,1728,1,169.9,0.26
8084,21,0.0,24.36,1,28.799999999999997,58.3,801,159.3,58.6,-18.19,15.664,14.73,4.197,96.0,101.3,68.0,1728,1,169.6,0.26
8085,20,0.0,24.27,1,28.7,58.3,800,159.4,58.6,-18.19,15.664,14.73,4.197,96.0,100.8,68.0,1728,1,169.3,0.26
8086,20,0.0,24.3,1,28.7,58.3,800,159.4,58.5,-18.19,15.664,14.73,4.197,96.0,100.3,68.0,1728,1,169.0,0.26
8087,20,0.0,22.5,1,28.4,57.8,800,159.4,58.2,-22.41,15.664,14.73,4.197,95.0,99.9,68.0,1728,1,168.7,0.26
8088,20,0.0,19.69,1,27.0,55.00000000000001,790,159.4,56.5,-22.5,15.664,14.73,4.197,95.0,99.5,68.0,1728,1,168.4,0.25
8089,20,0.0,18.63,1,25.6,53.5,772,159.4,55.0,-22.45,15.664,14.73,4.197,94.0,99.1,68.0,1728,1,168.1,0.25
8090,20,0.0,18.43,1,25.0,53.400000000000006,770,159.4,54.8,-22.42,15.664,14.73,4.197,94.0,98.6,68.0,1728,1,167.8,0.26
8091,20,0.0,18.25,1,24.8,53.400000000000006,780,159.3,54.7,-22.45,15.664,14.73,4.197,93.0,98.3,68.0,1729,1,167.6,0.26
8092,19,0.0,18.12,1,24.7,53.400000000000006,790,159.3,54.8,-22.45,15.664,14.73,4.197,93.0,97.9,68.0,1729,1,167.4,0.26
8093,19,0.0,18.03,1,24.6,53.400000000000006,799,159.2,54.8,-22.46,15.664,14.73,4.197,93.0,97.5,68.0,1729,1,167.1,0.26
8094,18,0.0,18.04,1,24.6,53.400000000000006,806,159.2,54.8,-22.47,15.664,14.73,4.197,93.0,97.1,68.0,1729,1,166.9,0.26
8095,18,0.0,18.07,1,24.6,53.400000000000006,810,159.2,54.8,-22.46,15.664,14.73,4.197,92.0,96.8,68.0,1729,1,166.7,0.26
8096,17,0.0,18.03,1,24.6,53.400000000000006,813,159.1,54.9,-22.45,15.664,14.73,4.197,92.0,96.4,68.0,1729,1,166.5,0.26
8097,17,0.0,18.06,1,24.6,53.400000000000006,816,159.1,55.0,-22.47,15.664,14.73,4.197,92.0,96.0,68.0,1729,1,166.4,0.25
8098,16,0.0,18.02,1,24.5,53.400000000000006,817,159.1,55.0,-22.48,15.664,14.73,4.197,91.0,95.7,68.0,1729,1,166.2,0.26
8099,15,0.0,18.02,1,24.5,53.400000000000006,818,159.0,55.0,-22.45,15.664,14.727,4.197,91.0,95.3,68.0,1729,1,166.0,0.25
8100,14,0.0,17.94,1,24.4,53.400000000000006,820,159.0,54.9,-22.45,15.664,14.727,4.197,90.0,95.0,68.0,1729,1,165.9,0.26
8101,12,0.0,17.99,1,24.5,53.400000000000006,820,159.0,55.1,-22.44,15.664,14.723,4.197,90.0,94.6,68.0,1729,1,165.7,0.26
8102,11,0.0,17.94,1,24.5,53.400000000000006,821,159.0,55.2,-22.45,15.664,14.727,4.197,90.0,94.3,68.0,1729,1,165.6,0.26
8103,10,0.0,18.03,1,24.5,53.400000000000006,822,159.0,55.1,-22.45,15.664,14.727,4.197,90.0,94.0,68.0,1729,1,165.4,0.26
8104,9,0.0,17.97,1,24.6,53.400000000000006,822,159.0,55.2,-22.44,15.664,14.727,4.197,89.0,93.7,68.0,1729,1,165.2,0.26
8105,8,0.0,17.98,1,24.6,53.400000000000006,822,159.0,55.2,-22.45,15.664,14.727,4.197,88.0,93.3,68.0,1729,1,165.1,0.26
8106,8,0.0,17.94,1,24.6,53.400000000000006,821,158.9,55.2,-22.44,15.664,14.727,4.197,88.0,93.0,68.0,1729,1,164.9,0.26
8107,8,0.0,18.0,1,24.6,53.400000000000006,822,158.9,55.2,-22.45,15.664,14.727,4.197,88.0,92.8,68.0,1729,1,164.8,0.25
8108,8,0.0,18.0,1,24.6,53.400000000000006,822,158.8,55.1,-22.45,15.664,14.727,4.197,88.0,92.5,68.0,1730,1,164.6,0.26
8109,8,0.0,17.98,1,24.7,53.400000000000006,822,158.7,55.2,-22.47,15.664,14.727,4.197,87.0,92.2,68.0,1730,1,164.5,0.26
8110,8,0.0,18.04,1,24.7,53.400000000000006,822,158.7,55.1,-22.46,15.664,14.73,4.197,87.0,91.9,68.0,1730,1,164.4,0.26
8111,7,0.0,18.01,1,24.7,53.400000000000006,822,158.6,55.2,-22.45,15.664,14.727,4.197,87.0,91.7,68.0,1730,1,164.3,0.26
8112,7,0.0,18.03,1,24.7,53.400000000000006,822,158.6,55.1,-22.43,15.664,14.73,4.197,87.0,91.4,68.0,1730,1,164.1,0.26
8113,7,0.0,20.77,1,25.3,54.900000000000006,823,158.6,55.9,-17.77,15.664,14.73,4.197,86.0,91.2,68.0,1730,1,164.0,0.26
8114,7,0.0,24.93,1,28.000000000000004,59.599999999999994,863,158.5,59.2,-17.75,15.664,14.73,4.197,86.0,90.9,68.0,1730,1,163.9,0.26
8115,7,0.025,27.55,1,29.7,60.699999999999996,890,158.5,59.7,-16.68,15.664,14.727,4.197,86.0,90.7,68.0,1730,1,163.8,0.26
8116,7,0.025,29.63,1,31.6,62.5,893,158.5,60.6,-16.58,15.664,14.73,4.197,86.0,90.4,68.0,1730,1,163.7,0.27
8117,7,0.025,30.0,1,32.4,62.6,880,158.6,60.8,-16.6,15.664,14.727,4.197,85.0,90.2,68.0,1730,1,163.6,0.26
8118,7,0.0,33.37,1,33.0,63.3,857,158.6,61.0,-13.59,15.664,14.727,4.197,85.0,90.0,68.0,1730,1,163.5,0.26
8119,6,0.025,43.35,1,37.4,69.3,871,158.6,63.5,-13.35,15.664,14.727,4.197,85.0,89.8,68.0,1730,1,163.4,0.26
8120,6,0.025,45.01,1,40.6,70.89999999999999,898,158.5,64.6,-12.23,15.664,14.727,4.197,85.0,89.7,68.0,1730,1,163.3,0.26
8121,6,0.025,45.27,1,43.3,72.1,903,158.5,65.1,-12.25,15.664,14.727,4.197,85.0,89.6,68.0,1730,1,163.2,0.26
8122,6,0.025,45.7,1,44.1,72.1,894,158.4,65.1,-12.16,15.664,14.727,4.197,85.0,89.5,68.0,1730,1,163.1,0.26
8123,6,0.025,46.6,1,44.4,72.2,880,158.3,65.1,-12.21,15.664,14.727,4.197,85.0,89.5,68.0,1730,1,163.0,0.26
8124,6,0.0,46.6,1,44.5,72.2,869,158.1,65.1,-12.25,15.664,14.727,4.197,85.0,89.5,68.0,1730,1,162.9,0.26
8125,6,0.0,46.75,1,44.5,72.2,861,157.9,65.1,-12.26,15.664,14.727,4.197,85.0,89.5,68.0,1730,1,162.9,0.26
8126,7,0.0,45.85,1,44.3,72.0,855,157.7,64.9,-12.44,15.664,14.727,4.197,85.0,89.5,68.0,1730,1,162.7,0.26
8127,7,0.0,45.48,1,43.9,71.7,849,157.5,64.8,-12.5,15.664,14.727,4.197,86.0,89.6,68.0,1731,1,162.7,0.26
8128,8,0.0,45.38,1,43.7,71.6,846,157.2,64.8,-12.53,15.664,14.727,4.197,86.0,89.6,68.0,1731,1,162.6,0.27
8129,8,0.0,45.54,1,43.5,71.6,843,156.9,64.7,-12.54,15.664,14.727,4.197,85.0,89.7,68.0,1731,1,162.5,0.27
8130,8,0.0,42.96,1,42.4,70.0,842,156.6,64.1,-22.35,15.664,14.727,4.197,86.0,89.7,68.0,1731,1,162.4,0.27
8131,8,0.0,37.41,1,38.1,65.7,821,156.3,62.3,-22.51,15.664,14.727,4.197,86.0,89.8,68.0,1731,1,162.3,0.26
8132,8,0.0,31.62,1,34.8,62.8,791,156.0,60.8,-19.11,15.664,14.727,4.197,86.0,89.8,68.0,1731,1,162.2,0.26
8133,8,0.0,28.18,1,32.4,60.6,770,155.8,59.9,-19.12,15.664,14.727,4.197,86.0,89.7,68.0,1731,1,162.2,0.26
8134,7,0.0,25.24,1,30.4,58.599999999999994,759,155.6,58.9,-19.17,15.664,14.727,4.197,86.0,89.7,68.0,1731,1,162.1,0.26
8135,7,0.0,22.56,1,28.7,56.8,754,155.4,57.8,-19.21,15.664,14.727,4.197,86.0,89.7,68.0,1731,1,162.0,0.26
8136,7,0.0,20.72,1,27.200000000000003,55.1,751,155.2,56.9,-19.2,15.664,14.727,4.197,86.0,89.6,68.0,1731,1,161.9,0.27
8137,7,0.0,20.62,1,26.400000000000002,54.800000000000004,755,155.0,56.7,-19.22,15.664,14.727,4.197,86.0,89.5,68.0,1731,1,161.8,0.26
8138,6,0.0,20.35,1,26.1,54.7,768,154.8,56.6,-18.78,15.664,14.727,4.197,86.0,89.4,68.0,1731,1,161.7,0.26
8139,6,0.0,28.04,1,27.6,59.4,790,154.7,58.7,-14.37,15.664,14.727,4.197,85.0,89.3,68.0,1731,1,161.6,0.26
8140,6,0.025,39.03,1,34.0,67.5,877,154.7,62.5,-14.17,15.664,14.727,4.197,86.0,89.2,68.0,1731,1,161.6,0.26
8141,7,0.025,41.23,1,37.6,68.2,945,154.6,63.1,-14.32,15.664,14.727,4.197,85.0,89.0,68.0,1731,1,161.5,0.26
8142,7,0.025,41.66,1,38.7,68.10000000000001,928,154.7,63.2,-14.29,15.664,14.723,4.197,85.0,88.9,68.0,1731,1,161.4,0.26
8143,7,0.0,41.99,1,39.0,68.2,896,154.8,63.2,-14.23,15.664,14.727,4.197,85.0,88.7,68.0,1731,1,161.3,0.27
8144,7,0.0,41.87,1,39.1,68.2,871,155.0,63.4,-14.22,15.664,14.727,4.197,85.0,88.6,68.0,1731,1,161.2,0.26
8145,7,0.0,41.9,1,39.1,68.2,853,155.2,63.3,-14.27,15.664,14.727,4.197,85.0,88.5,68.0,1731,1,161.2,0.26
8146,7,0.0,41.89,1,39.1,68.2,841,155.4,63.3,-14.26,15.664,14.727,4.197,85.0,88.4,68.0,1731,1,161.1,0.26
8147,7,0.0,41.84,1,39.1,68.10000000000001,833,155.6,63.2,-14.27,15.664,14.727,4.197,85.0,88.3,68.0,1731,1,161.0,0.26
8148,7,0.0,42.02,1,39.1,68.2,827,155.6,63.2,-14.25,15.664,14.727,4.197,85.0,88.3,68.0,1731,1,161.0,0.27
8149,7,0.0,41.96,1,39.0,68.2,824,155.5,63.2,-14.27,15.664,14.727,4.197,85.0,88.3,68.0,1731,1,160.9,0.26
8150,7,0.0,42.14,1,39.0,68.2,821,155.3,63.3,-14.24,15.664,14.727,4.197,85.0,88.2,68.0,1732,1,160.9,0.26
8151,8,0.0,42.12,1,39.1,68.2,819,155.1,63.2,-14.23,15.664,14.727,4.197,85.0,88.2,68.0,1732,1,160.8,0.26
8152,8,0.0,42.07,1,39.0,68.2,817,155.0,63.3,-14.23,15.664,14.727,4.197,85.0,88.2,68.0,1732,1,160.7,0.25
8153,8,0.0,41.8,1,38.9,68.10000000000001,816,154.9,63.2,-14.27,15.664,14.727,4.197,85.0,88.2,68.0,1732,1,160.6,0.25
8154,8,0.0,42.07,1,39.0,68.2,815,154.8,63.3,-14.23,15.664,14.727,4.197,85.0,88.2,68.0,1732,1,160.5,0.26
8155,8,0.0,41.98,1,39.0,68.2,816,154.7,63.2,-14.24,15.664,14.727,4.197,85.0,88.1,68.0,1732,1,160.4,0.25
8156,8,0.0,42.02,1,39.0,68.2,815,154.6,63.2,-14.27,15.664,14.727,4.197,85.0,88.1,68.0,1732,1,160.4,0.26
8157,8,0.0,41.96,1,39.0,68.10000000000001,815,154.5,63.2,-14.27,15.664,14.727,4.197,85.0,88.0,68.0,1732,1,160.3,0.26
8158,8,0.0,42.04,1,38.9,68.10000000000001,815,154.4,63.2,-14.24,15.664,14.727,4.197,85.0,88.0,68.0,1732,1,160.2,0.27
8159,7,0.0,41.92,1,38.9,68.10000000000001,815,154.3,63.2,-14.23,15.664,14.727,4.197,85.0,87.9,68.0,1732,1,160.1,0.25
8160,7,0.0,41.8,1,38.9,68.10000000000001,815,154.3,63.1,-14.26,15.664,14.727,4.197,85.0,87.9,68.0,1732,1,160.1,0.27
8161,7,0.0,41.99,1,39.0,68.2,814,154.2,63.2,-14.24,15.664,14.723,4.197,85.0,87.8,68.0,1732,1,160.0,0.26
8162,7,0.0,42.02,1,39.0,68.2,815,154.2,63.3,-14.23,15.664,14.723,4.197,85.0,87.8,68.0,1732,1,159.9,0.25
8163,7,0.0,41.98,1,39.0,68.10000000000001,815,154.2,63.3,-14.27,15.664,14.723,4.197,85.0,87.7,68.0,1732,1,159.8,0.26
8164,7,0.0,42.03,1,39.0,68.2,815,154.1,63.3,-14.22,15.664,14.723,4.197,85.0,87.6,67.0,1732,1,159.7,0.26
8165,7,0.0,42.06,1,39.1,68.2,815,154.0,63.3,-14.25,15.664,14.723,4.197,85.0,87.6,67.0,1732,1,159.7,0.26
8166,7,0.0,42.15,1,39.1,68.2,815,153.9,63.3,-14.21,15.664,14.727,4.197,85.0,87.5,67.0,1732,1,159.6,0.26
8167,6,0.0,41.92,1,39.1,68.2,815,153.9,63.4,-14.27,15.664,14.723,4.197,85.0,87.4,67.0,1732,1,159.5,0.26
8168,5,0.0,42.16,1,39.1,68.2,815,153.9,63.4,-14.3,15.664,14.727,4.197,85.0,87.3,67.0,1732,1,159.4,0.26
8169,5,0.0,41.98,1,39.0,68.10000000000001,814,153.9,63.4,-14.29,15.664,14.727,4.197,85.0,87.2,67.0,1732,1,159.3,0.26
8170,5,0.0,42.02,1,38.9,68.10000000000001,814,153.8,63.2,-14.26,15.664,14.723,4.197,84.0,87.1,67.0,1732,1,159.2,0.26
8171,4,0.0,41.98,1,38.9,68.2,815,153.8,63.3,-14.25,15.664,14.723,4.197,84.0,87.1,67.0,1732,1,159.1,0.26
8172,3,0.0,41.84,1,38.800000000000004,68.10000000000001,815,153.8,63.3,-14.26,15.664,14.723,4.197,84.0,87.0,67.0,1732,1,159.1,0.27
8173,2,0.0,41.83,1,38.7,68.10000000000001,815,153.8,63.3,-14.26,15.664,14.723,4.197,84.0,86.9,67.0,1732,1,159.0,0.26
8174,2,0.0,41.8,1,38.7,68.10000000000001,815,153.8,63.2,-14.26,15.664,14.723,4.197,84.0,86.8,67.0,1732,1,158.9,0.26
8175,1,0.0,41.84,1,38.7,68.10000000000001,815,153.7,63.2,-14.26,15.664,14.723,4.197,84.0,86.8,67.0,1732,1,158.9,0.27
8176,1,0.0,41.86,1,38.7,68.10000000000001,815,153.6,63.3,-14.25,15.664,14.723,4.197,84.0,86.7,67.0,1732,1,158.8,0.26
8177,0,0.0,37.92,1,38.1,67.0,815,153.6,62.8,-22.52,15.664,14.723,4.197,84.0,86.6,67.0,1732,1,158.7,0.26
8178,0,0.0,31.67,1,34.599999999999994,62.7,798,153.6,61.0,-22.42,15.664,14.727,4.197,84.0,86.5,67.0,1733,1,158.7,0.26
8179,0,0.0,27.03,1,31.6,59.699999999999996,771,153.6,59.6,-22.47,15.664,14.727,4.197,84.0,86.4,67.0,1733,1,158.6,0.26
8180,0,0.0,23.78,1,29.2,57.3,753,153.5,58.4,-22.5,15.664,14.727,4.197,84.0,86.4,67.0,1733,1,158.6,0.26
8181,0,0.0,20.57,1,27.400000000000002,55.2,744,153.5,57.0,-22.45,15.664,14.727,4.197,84.0,86.2,67.0,1733,1,158.5,0.26
8182,0,0.0,18.92,1,25.900000000000002,53.6,741,153.4,56.0,-22.48,15.664,14.727,4.197,84.0,86.1,67.0,1733,1,158.4,0.26
8183,0,0.0,18.8,1,25.1,53.400000000000006,748,153.3,55.6,-22.47,15.664,14.723,4.197,84.0,86.0,67.0,1733,1,158.3,0.26
8184,0,0.0,18.55,1,24.8,53.400000000000006,765,153.3,55.7,-22.47,15.664,14.727,4.197,84.0,85.8,67.0,1733,1,158.3,0.26
8185,0,0.0,18.45,1,24.7,53.400000000000006,782,153.2,55.7,-22.46,15.664,14.727,4.197,84.0,85.7,67.0,1733,1,158.2,0.26
8186,0,0.0,18.27,1,24.7,53.400000000000006,795,153.1,55.9,-22.46,15.664,14.723,4.197,84.0,85.5,67.0,1733,1,158.1,0.26
8187,0,0.0,18.16,1,24.6,53.400000000000006,805,153.0,55.7,-22.46,15.664,14.723,4.197,83.0,85.3,67.0,1733,1,158.0,0.27
8188,0,0.0,18.04,1,24.6,53.400000000000006,811,153.1,55.9,-22.45,15.664,14.723,4.197,83.0,85.2,67.0,1733,1,158.0,0.27
8189,0,0.0,17.94,1,24.7,53.400000000000006,816,153.2,55.7,-22.45,15.664,14.723,4.197,83.0,85.0,67.0,1733,1,157.9,0.27
8190,0,0.0,17.96,1,24.7,53.400000000000006,819,153.3,55.8,-22.45,15.664,14.723,4.197,83.0,84.8,67.0,1733,1,157.8,0.27
8191,0,0.0,17.95,1,24.7,53.400000000000006,822,153.5,55.7,-22.47,15.664,14.723,4.197,82.0,84.6,67.0,1733,1,157.8,0.27
8192,0,0.0,17.99,1,24.7,53.400000000000006,824,153.7,55.8,-22.46,15.664,14.723,4.197,83.0,84.4,67.0,1733,1,157.7,0.27
8193,0,0.0,17.96,1,24.7,53.400000000000006,824,153.8,55.8,-22.46,15.664,14.723,4.197,82.0,84.3,67.0,1733,1,157.6,0.27
8194,0,0.0,18.0,1,24.7,53.400000000000006,825,153.9,55.7,-22.45,15.664,14.723,4.197,82.0,84.1,67.0,1733,1,157.6,0.28
8195,0,0.0,17.97,1,24.7,53.400000000000006,825,154.0,55.8,-22.45,15.664,14.723,4.197,82.0,84.0,67.0,1733,1,157.5,0.28
8196,0,0.0,18.03,1,24.8,53.400000000000006,826,154.1,55.7,-22.46,15.664,14.723,4.197,82.0,83.8,67.0,1733,1,157.4,0.28
8197,0,0.0,17.94,1,24.7,53.400000000000006,826,154.2,55.7,-22.46,15.664,14.723,4.197,81.0,83.7,67.0,1733,1,157.3,0.28
8198,0,0.0,18.02,1,24.7,53.400000000000006,825,154.2,55.8,-22.46,15.664,14.723,4.197,81.0,83.5,67.0,1733,1,157.2,0.29
8199,0,0.0,17.96,1,24.7,53.400000000000006,825,154.3,55.9,-22.47,15.664,14.723,4.197,81.0,83.4,67.0,1733,1,157.2,0.29
8200,0,0.0,17.96,1,24.6,53.400000000000006,826,154.4,55.8,-22.46,15.664,14.719,4.197,81.0,83.3,67.0,1733,1,157.1,0.28
8201,0,0.0,17.96,1,24.6,53.400000000000006,826,154.4,55.8,-22.46,15.664,14.715,4.197,81.0,83.2,67.0,1733,1,157.0,0.27
8202,0,0.0,18.01,1,24.6,53.400000000000006,826,154.4,55.8,-22.46,15.664,14.715,4.197,81.0,83.1,67.0,1733,1,156.9,0.28
8203,0,0.0,18.01,1,24.7,53.400000000000006,826,154.4,55.9,-22.47,15.664,14.719,4.197,81.0,82.9,67.0,1733,1,156.9,0.28
8204,0,0.0,8.52,0,24.7,53.400000000000006,826,154.4,55.8,-22.46,15.664,14.719,4.197,80.0,82.8,67.0,1733,1,156.8,0.27
8205,0,0.0,6.79,0,24.7,53.400000000000006,824,154.4,55.7,-22.45,15.664,14.719,4.197,80.0,82.7,67.0,1733,0,156.8,0.27
8206,0,0.0,5.38,0,24.7,53.400000000000006,822,154.4,55.9,-22.47,15.664,14.719,4.197,80.0,82.6,67.0,1733,0,156.7,0.27
8207,0,0.0,4.15,0,24.7,53.400000000000006,820,154.4,55.9,-22.47,15.664,14.715,4.197,80.0,82.4,67.0,1733,0,156.6,0.28
8208,0,0.0,3.31,0,24.7,53.400000000000006,818,154.4,55.9,-22.48,15.664,14.715,4.197,79.0,82.3,67.0,1733,0,156.6,0.27
8209,0,0.0,2.67,0,24.7,53.400000000000006,817,154.4,55.8,-22.46,15.664,14.719,4.197,79.0,82.2,67.0,1733,0,156.5,0.29
8210,0,0.025,2.28,0,24.7,53.400000000000006,816,154.4,55.8,-22.47,15.664,14.723,4.197,79.0,82.0,67.0,1733,0,156.4,0.28
8211,0,0.025,1.87,0,24.7,53.5,814,154.3,56.1,-22.46,15.664,14.723,4.197,79.0,81.8,67.0,1733,0,156.4,0.29
8212,0,0.025,1.57,0,24.6,53.400000000000006,809,154.3,56.0,-22.47,15.664,14.723,4.197,79.0,81.7,67.0,1733,0,156.3,0.28
8213,0,0.025,1.42,0,24.6,53.400000000000006,802,154.2,56.1,-22.46,15.664,14.723,4.197,79.0,81.5,67.0,1733,0,156.2,0.29
8214,0,0.0,0.78,0,23.7,49.5,795,154.2,53.7,-22.46,15.664,14.723,4.197,79.0,81.4,67.0,1733,0,156.2,0.29
8215,0,0.0,0.73,0,20.1,40.2,733,154.2,43.3,-22.46,15.664,14.723,4.197,79.0,81.2,67.0,1734,0,156.1,0.29
8216,0,0.0,0.7,0,17.0,33.6,638,154.1,34.5,-22.48,15.664,14.723,4.197,79.0,81.2,67.0,1734,0,156.0,0.3
8217,0,0.0,0.66,0,14.499999999999998,28.9,557,154.0,28.5,-22.47,15.664,14.723,4.197,79.0,81.2,67.0,1734,0,155.9,0.3
8218,0,0.0,0.67,0,12.7,25.2,495,153.8,24.1,-22.48,15.664,14.727,4.197,79.0,81.2,67.0,1734,0,155.9,0.28
8219,0,0.0,0.64,0,11.200000000000001,22.3,449,153.5,20.0,-22.48,15.664,14.727,4.197,79.0,81.3,67.0,1734,0,155.8,0.29
8220,0,0.0,0.64,0,10.0,20.0,413,153.4,16.8,-22.48,15.664,14.727,4.197,79.0,81.4,67.0,1734,0,155.7,0.28
8221,0,0.0,0.64,0,9.0,18.0,386,153.1,14.3,-22.47,15.664,14.727,4.197,79.0,81.5,67.0,1734,0,155.6,0.29
8222,0,0.0,0.63,0,8.200000000000001,16.400000000000002,364,152.8,12.4,-22.48,15.664,14.727,4.197,79.0,81.6,67.0,1734,0,155.6,0.29
8223,0,0.0,0.61,0,7.5,15.0,347,152.5,10.8,-22.49,15.664,14.723,4.197,79.0,81.8,67.0,1734,0,155.5,0.29
8224,0,0.0,0.62,0,6.9,13.8,332,152.1,9.7,-22.49,15.664,14.723,4.197,79.0,81.9,67.0,1734,0,155.4,0.29
8225,0,0.0,0.6,0,6.4,12.8,320,151.8,8.6,-22.48,15.664,14.727,4.197,79.0,82.1,67.0,1734,0,155.3,0.29
8226,0,0.0,0.62,0,5.8999999999999995,11.799999999999999,310,151.6,7.8,-22.48,15.664,14.727,4.197,80.0,82.3,67.0,1734,0,155.3,0.3
8227,0,0.0,0.62,0,5.5,11.0,302,151.4,7.0,-22.48,15.664,14.723,4.197,80.0,82.5,67.0,1734,0,155.2,0.29
8228,0,0.0,0.62,0,5.2,10.299999999999999,295,151.2,6.6,-22.48,15.664,14.723,4.197,81.0,82.7,67.0,1734,0,155.2,0.29
8229,0,0.0,0.62,0,4.8,9.700000000000001,289,151.2,6.3,-22.47,15.664,14.723,4.197,81.0,82.9,67.0,1734,0,155.1,0.29
