Time,Groundspeed,Cabin Diff PSI,Bld Px PSI,Bleed On,N1 %,N2 %,ITT (F),Oil Temp (F),Oil Px PSI,TLA DEG,TT2 (C),PT2 PSI,CHPV,ECS PRI DUCT T (F),ECS PRI DUCT T2 (F),ECS CKPT T (F),O2 BTL Px PSI,O2 VLV Open,EIPS TMP (F),EIPS PRS PSI
1,0,0.0,0.56,0,0.0,10.6,129,86.6,6.3,-22.44,12.234,14.656,4.199,9.899999762399945e+24,61.4,62.0,1597,1,54.4,0.34
2,0,0.0,0.58,0,0.0,13.700000000000001,228,86.8,13.1,-22.43,12.234,14.656,4.199,59.0,61.4,62.0,1597,1,54.3,0.34
3,0,0.0,0.58,0,1.3,16.400000000000002,458,87.0,20.0,-22.43,12.242,14.656,4.199,60.0,61.4,62.0,1597,1,54.4,0.35
4,0,0.0,0.58,0,2.3,18.9,699,87.2,25.3,-22.44,12.234,14.656,4.199,60.0,61.4,62.0,1597,1,54.3,0.34
5,0,0.0,0.58,0,3.3000000000000003,21.099999999999998,885,87.3,29.3,-22.43,12.234,14.656,4.199,60.0,61.4,62.0,1597,1,54.3,0.34
6,0,0.0,0.59,0,4.3999999999999995,23.200000000000003,1006,87.1,32.6,-22.43,12.227,14.656,4.199,60.0,61.4,62.0,1598,1,54.4,0.35
7,0,0.0,0.58,0,5.5,25.0,1066,86.6,36.6,-22.42,12.219,14.656,4.199,60.0,61.4,62.0,1598,1,54.4,0.35
8,0,0.0,0.58,0,6.6000000000000005,26.3,1082,86.0,39.4,-22.43,12.203,14.656,4.199,60.0,61.4,62.0,1598,1,54.3,0.34
9,0,0.0,0.58,0,7.6,27.400000000000002,1067,85.2,42.3,-22.41,12.18,14.656,4.199,60.0,61.4,62.0,1598,1,54.4,0.34
10,0,0.0,0.58,0,8.5,28.499999999999996,1039,84.5,44.9,-22.42,12.156,14.656,4.199,60.0,61.4,62.0,1598,1,54.3,0.34
11,0,0.0,0.57,0,9.4,29.799999999999997,1013,83.7,47.7,-22.41,12.117,14.656,4.199,60.0,61.4,62.0,1598,1,54.4,0.34
12,0,0.0,0.59,0,10.299999999999999,31.5,1002,82.8,51.3,-22.43,12.086,14.656,4.199,60.0,61.3,62.0,1598,1,54.4,0.34
13,0,0.0,0.58,0,11.4,33.4,1003,82.0,54.8,-22.41,12.039,14.656,4.199,60.0,61.3,62.0,1598,1,54.3,0.34
14,0,0.0,0.58,0,12.6,35.3,1012,81.2,59.5,-22.37,12.0,14.652,4.199,60.0,61.3,62.0,1598,1,54.4,0.35
15,0,0.0,0.58,0,13.900000000000002,37.8,1030,80.7,64.7,-22.35,11.953,14.656,4.199,60.0,61.3,62.0,1598,1,54.4,0.34
16,0,0.0,0.58,0,15.5,41.099999999999994,1059,80.5,72.0,-22.36,11.906,14.656,4.199,60.0,61.3,62.0,1598,1,54.4,0.34
17,0,0.0,0.6,0,17.4,44.4,1086,80.4,50.5,-22.36,11.852,14.656,4.199,60.0,61.3,62.0,1598,1,54.4,0.34
18,0,0.0,0.6,0,19.6,48.4,1104,80.2,51.5,-22.33,11.789,14.656,4.199,60.0,61.3,62.0,1598,1,54.4,0.34
19,0,0.0,0.62,0,22.1,52.300000000000004,1100,80.2,53.0,-22.37,11.75,14.656,4.199,60.0,61.3,62.0,1598,1,54.4,0.34
20,0,0.0,0.61,0,24.0,53.400000000000006,1064,80.3,53.6,-22.37,11.703,14.656,4.199,60.0,61.3,62.0,1598,1,54.4,0.35
21,0,0.0,0.62,0,24.7,53.400000000000006,996,80.4,53.6,-22.38,11.656,14.656,4.199,60.0,61.3,62.0,1598,1,54.4,0.34
22,0,0.0,0.62,0,24.8,53.400000000000006,930,80.7,53.7,-22.38,11.609,14.656,4.199,60.0,61.2,62.0,1598,1,54.4,0.35
23,0,0.0,0.62,0,24.9,53.400000000000006,878,81.0,53.7,-22.39,11.562,14.656,4.199,60.0,61.3,62.0,1598,1,54.4,0.35
24,0,0.0,0.62,0,24.9,53.400000000000006,841,81.4,53.7,-22.39,11.523,14.656,4.199,60.0,61.2,62.0,1598,1,54.4,0.35
25,0,0.0,0.62,0,24.9,53.400000000000006,814,81.9,53.7,-22.36,11.469,14.656,4.199,60.0,61.2,62.0,1598,1,54.4,0.35
26,0,0.0,0.62,0,24.9,53.400000000000006,795,82.4,53.7,-22.34,11.438,14.656,4.199,60.0,61.2,62.0,1598,1,54.4,0.35
27,0,0.0,0.61,0,24.8,53.400000000000006,781,82.9,53.7,-22.37,11.398,14.656,4.199,60.0,61.2,62.0,1598,1,54.4,0.34
28,0,0.0,0.6,0,24.7,53.400000000000006,773,83.3,53.7,-22.38,11.359,14.656,4.199,60.0,61.2,62.0,1598,1,54.4,0.35
29,0,0.0,0.62,0,24.7,53.400000000000006,767,83.6,53.7,-22.4,11.328,14.656,4.199,60.0,61.2,62.0,1598,1,54.4,0.35
30,0,0.0,0.61,0,24.7,53.400000000000006,763,83.6,53.8,-22.4,11.305,14.656,4.199,60.0,61.2,62.0,1598,1,54.4,0.34
31,0,0.0,0.61,0,24.7,53.400000000000006,761,83.6,53.8,-22.39,11.273,14.656,4.199,60.0,61.1,62.0,1598,1,54.4,0.34
32,0,0.0,0.62,0,24.7,53.400000000000006,759,83.5,53.8,-22.4,11.25,14.656,4.199,60.0,61.1,63.0,1598,1,54.4,0.34
33,0,0.0,0.62,0,24.7,53.400000000000006,758,83.6,53.7,-22.39,11.234,14.656,4.199,60.0,61.1,63.0,1598,1,54.4,0.34
34,0,0.0,0.6,0,24.7,53.400000000000006,757,83.7,53.8,-22.42,11.211,14.656,4.199,60.0,61.1,63.0,1598,1,54.4,0.34
35,0,0.0,0.6,0,24.7,53.400000000000006,756,83.7,53.8,-22.39,11.195,14.656,4.199,60.0,61.1,63.0,1598,1,54.4,0.35
36,0,0.0,0.61,0,24.7,53.400000000000006,756,83.8,53.9,-22.39,11.18,14.656,4.199,60.0,61.1,63.0,1598,1,54.4,0.35
37,5,0.0,0.62,0,24.7,53.400000000000006,756,83.9,53.9,-22.39,11.164,14.656,4.199,60.0,61.1,63.0,1598,1,54.4,0.35
38,6,0.0,0.61,0,24.7,53.400000000000006,756,84.0,53.9,-22.41,11.148,14.656,4.199,60.0,61.1,63.0,1598,1,54.4,0.34
39,6,0.0,0.62,0,24.7,53.400000000000006,757,84.1,54.0,-22.4,11.133,14.656,4.199,60.0,61.1,63.0,1598,1,54.4,0.34
40,1,0.0,0.61,0,24.7,53.400000000000006,758,84.2,54.0,-22.38,11.117,14.656,4.199,60.0,61.1,63.0,1598,1,54.4,0.34
41,0,0.0,0.63,0,24.7,53.400000000000006,758,84.4,54.0,-22.39,11.109,14.656,4.199,60.0,61.1,63.0,1598,1,54.4,0.34
42,0,0.0,0.62,0,24.8,53.400000000000006,757,84.5,54.1,-22.38,11.094,14.656,4.199,60.0,61.1,63.0,1598,1,54.4,0.35
43,0,0.0,0.63,0,24.7,53.400000000000006,756,84.6,54.1,-22.4,11.078,14.656,4.199,60.0,61.0,63.0,1598,1,54.4,0.35
44,0,0.0,0.61,0,24.8,53.400000000000006,756,84.8,54.1,-22.41,11.07,14.66,4.199,60.0,61.1,63.0,1598,1,54.4,0.35
45,0,0.0,0.62,0,24.8,53.400000000000006,756,85.0,54.2,-22.39,11.062,14.656,4.199,60.0,61.0,63.0,1598,1,54.4,0.34
46,0,0.0,0.62,0,24.8,53.400000000000006,756,85.1,54.2,-22.39,11.047,14.656,4.199,60.0,61.0,63.0,1598,1,54.4,0.35
47,0,0.0,0.62,0,24.8,53.400000000000006,756,85.3,54.2,-22.41,11.047,14.66,4.199,60.0,61.0,63.0,1598,1,54.4,0.35
48,0,0.0,0.62,0,24.8,53.400000000000006,756,85.5,54.2,-22.39,11.039,14.66,4.199,60.0,61.0,63.0,1598,1,54.4,0.34
49,0,0.0,0.61,0,24.8,53.400000000000006,755,85.7,54.2,-22.4,11.031,14.66,4.199,60.0,61.0,63.0,1598,1,54.4,0.34
50,0,0.0,0.61,0,24.7,53.400000000000006,756,85.8,54.2,-22.39,11.031,14.66,4.199,60.0,61.0,63.0,1598,1,54.4,0.33
51,0,0.0,0.6,0,24.7,53.400000000000006,755,86.0,54.2,-22.39,11.023,14.66,4.199,60.0,61.0,63.0,1598,1,54.4,0.33
52,0,0.0,0.61,0,24.8,53.400000000000006,755,86.2,54.3,-22.38,11.008,14.66,4.199,60.0,61.0,63.0,1598,1,54.4,0.34
53,0,0.0,0.61,0,24.8,53.400000000000006,756,86.4,54.4,-22.39,10.992,14.66,4.199,60.0,61.0,63.0,1598,1,54.4,0.34
54,0,0.0,0.61,0,24.9,53.400000000000006,756,86.6,54.4,-22.39,10.984,14.66,4.199,60.0,61.0,63.0,1598,1,54.4,0.34
55,0,0.0,0.61,0,24.8,53.400000000000006,756,86.8,54.4,-22.4,10.984,14.66,4.199,60.0,61.0,63.0,1598,1,54.4,0.34
56,0,0.0,0.62,0,24.8,53.400000000000006,756,87.0,54.5,-22.39,10.984,14.66,4.199,60.0,61.0,63.0,1598,1,54.4,0.34
57,0,0.0,0.61,0,24.8,53.400000000000006,756,87.2,54.4,-22.41,10.984,14.66,4.199,60.0,61.0,63.0,1598,1,54.4,0.34
58,0,0.0,0.61,0,24.8,53.400000000000006,756,87.4,54.5,-22.39,10.977,14.656,4.199,60.0,61.0,63.0,1598,1,54.4,0.35
59,0,0.0,0.62,0,24.8,53.400000000000006,756,87.6,54.5,-22.41,10.961,14.66,4.199,60.0,61.0,63.0,1598,1,54.4,0.34
60,0,0.0,0.62,0,24.9,53.400000000000006,756,87.8,54.6,-22.4,10.953,14.66,4.199,60.0,61.0,63.0,1598,1,54.4,0.35
61,0,0.0,0.61,0,24.9,53.400000000000006,756,88.0,54.6,-22.42,10.945,14.66,4.199,60.0,61.0,63.0,1598,1,54.4,0.34
62,0,0.0,0.61,0,24.8,53.400000000000006,756,88.2,54.6,-22.39,10.938,14.66,4.199,60.0,61.0,63.0,1598,1,54.4,0.35
63,0,0.0,0.62,0,24.8,53.400000000000006,756,88.4,54.7,-22.38,10.938,14.656,4.199,60.0,61.0,63.0,1598,1,54.4,0.35
64,0,0.0,0.6,0,24.8,53.400000000000006,756,88.6,54.7,-22.42,10.945,14.656,4.199,60.0,61.0,63.0,1598,1,54.4,0.34
65,0,0.0,0.61,0,24.7,53.400000000000006,756,88.8,54.7,-22.4,10.945,14.656,4.199,60.0,61.0,63.0,1598,1,54.4,0.33
66,0,0.0,0.62,0,24.7,53.400000000000006,756,89.0,54.8,-22.4,10.945,14.656,4.199,60.0,61.0,63.0,1598,1,54.4,0.34
67,0,0.0,0.62,0,24.8,53.400000000000006,756,89.2,54.8,-22.39,10.953,14.656,4.199,60.0,61.0,63.0,1598,1,54.4,0.34
68,0,0.0,0.61,0,24.8,53.400000000000006,756,89.4,54.8,-22.4,10.953,14.656,4.199,60.0,61.0,63.0,1598,1,54.4,0.33
69,0,0.0,0.62,0,24.8,53.400000000000006,756,89.7,54.8,-22.42,10.953,14.656,4.199,60.0,61.0,63.0,1598,1,54.4,0.34
70,0,0.0,0.61,0,24.8,53.400000000000006,757,89.9,54.8,-22.42,10.969,14.656,4.199,60.0,61.0,63.0,1598,1,54.4,0.34
71,0,0.0,0.61,0,24.8,53.400000000000006,757,90.1,54.8,-22.41,10.977,14.656,4.199,60.0,61.0,63.0,1598,1,54.4,0.34
72,0,0.0,0.61,0,24.7,53.400000000000006,757,90.3,54.9,-22.41,10.984,14.656,4.199,59.0,61.0,63.0,1598,1,54.4,0.34
73,0,0.0,0.59,0,24.7,53.400000000000006,757,90.5,54.9,-22.41,10.984,14.656,4.199,60.0,61.0,63.0,1598,1,54.4,0.34
74,0,0.0,0.6,0,24.7,53.400000000000006,756,90.7,55.0,-22.42,10.984,14.656,4.199,60.0,61.0,63.0,1598,1,54.4,0.34
75,0,0.0,0.61,0,24.7,53.400000000000006,757,90.9,55.0,-22.42,10.984,14.656,4.199,60.0,61.0,63.0,1598,1,54.4,0.34
76,0,0.0,0.61,0,24.7,53.400000000000006,757,91.1,54.9,-22.41,10.984,14.656,4.199,60.0,61.0,63.0,1598,1,54.4,0.34
77,0,0.0,0.61,0,24.7,53.400000000000006,757,91.3,55.0,-22.41,10.977,14.656,4.199,60.0,61.0,63.0,1598,1,54.4,0.34
78,0,0.0,0.61,0,24.7,53.400000000000006,757,91.5,55.1,-22.42,10.977,14.656,4.199,60.0,61.0,63.0,1598,1,54.4,0.33
79,0,0.0,0.6,0,24.7,53.400000000000006,758,91.7,55.1,-22.41,10.977,14.656,4.199,60.0,60.9,63.0,1598,1,54.4,0.33
80,0,0.0,0.6,0,24.7,53.400000000000006,758,91.9,55.1,-22.41,10.992,14.656,4.199,60.0,61.0,63.0,1598,1,54.4,0.33
81,0,0.0,0.61,0,24.8,53.400000000000006,757,92.2,55.1,-22.41,11.008,14.656,4.199,60.0,61.0,63.0,1598,1,54.4,0.34
82,0,0.0,0.62,0,24.8,53.400000000000006,757,92.3,55.1,-22.43,11.008,14.656,4.199,60.0,61.0,63.0,1598,1,54.4,0.34
83,0,0.0,0.61,0,24.8,53.400000000000006,756,92.6,55.2,-22.42,11.0,14.656,4.199,60.0,61.0,63.0,1598,1,54.4,0.34
84,0,0.0,0.6,0,24.7,53.400000000000006,757,92.7,55.1,-22.41,11.0,14.656,4.199,59.0,61.0,63.0,1598,1,54.4,0.33
85,0,0.0,0.61,0,24.8,53.400000000000006,756,92.9,55.2,-22.45,10.992,14.656,4.199,60.0,61.0,63.0,1598,1,54.4,0.34
86,0,0.0,0.61,0,24.8,53.400000000000006,756,93.1,55.2,-22.44,11.0,14.656,4.199,60.0,61.0,63.0,1598,1,54.4,0.33
87,0,0.0,0.62,0,24.7,53.400000000000006,756,93.3,55.2,-22.43,10.992,14.66,4.199,60.0,61.0,63.0,1598,1,54.4,0.33
88,0,0.0,0.61,0,24.6,53.400000000000006,756,93.5,55.2,-22.4,11.0,14.656,4.199,60.0,61.0,63.0,1598,1,54.4,0.33
89,0,0.0,0.61,0,24.6,53.400000000000006,756,93.7,55.2,-22.41,11.0,14.656,4.199,60.0,61.0,63.0,1598,1,54.4,0.33
90,0,0.0,0.6,0,24.5,53.400000000000006,756,93.9,55.2,-22.42,11.0,14.656,4.199,60.0,61.0,63.0,1598,1,54.4,0.33
91,0,0.0,0.61,0,24.6,53.400000000000006,757,94.1,55.3,-22.41,11.008,14.656,4.199,60.0,61.0,63.0,1598,1,54.4,0.33
92,0,0.0,0.6,0,24.7,53.400000000000006,758,94.3,55.3,-22.4,11.023,14.656,4.199,60.0,61.0,63.0,1598,1,54.4,0.33
93,0,0.0,0.61,0,24.7,53.400000000000006,757,94.4,55.3,-22.42,11.031,14.656,4.199,60.0,61.0,63.0,1598,1,54.4,0.33
94,0,0.0,0.61,0,24.7,53.400000000000006,757,94.6,55.3,-22.41,11.031,14.656,4.199,60.0,61.0,63.0,1598,1,54.3,0.33
95,0,0.0,0.6,0,24.6,53.400000000000006,757,94.8,55.4,-22.41,11.031,14.656,4.199,59.0,61.0,63.0,1598,1,54.4,0.34
96,0,0.0,0.6,0,24.7,53.400000000000006,757,95.0,55.3,-22.42,11.047,14.656,4.199,60.0,61.0,63.0,1598,1,54.4,0.34
97,0,0.0,0.61,0,24.7,53.400000000000006,757,95.2,55.3,-22.41,11.055,14.656,4.199,60.0,61.0,63.0,1598,1,54.4,0.35
98,0,0.0,0.6,0,24.7,53.400000000000006,757,95.4,55.4,-22.41,11.055,14.656,4.199,60.0,61.0,63.0,1598,1,54.4,0.34
99,0,0.0,0.6,0,24.8,53.400000000000006,756,95.6,55.3,-22.41,11.055,14.656,4.199,59.0,61.0,63.0,1598,1,54.4,0.34
100,0,0.0,0.6,0,24.8,53.400000000000006,756,95.7,55.4,-22.41,11.055,14.656,4.199,60.0,61.0,63.0,1598,1,54.4,0.34
101,0,0.0,0.6,0,24.8,53.400000000000006,756,95.9,55.5,-22.45,11.047,14.656,4.199,60.0,61.0,63.0,1598,1,54.4,0.33
102,0,0.0,0.59,0,24.9,53.400000000000006,756,96.1,55.4,-22.41,11.039,14.656,4.199,60.0,61.0,63.0,1598,1,54.4,0.34
103,0,0.0,0.6,0,24.8,53.400000000000006,756,96.3,55.4,-22.41,11.039,14.656,4.199,60.0,61.0,63.0,1598,1,54.4,0.34
104,0,0.0,0.6,0,24.8,53.400000000000006,756,96.4,55.5,-22.4,11.031,14.656,4.199,60.0,61.0,63.0,1598,1,54.3,0.34
105,0,0.0,0.6,0,24.7,53.400000000000006,756,96.6,55.5,-22.43,11.023,14.656,4.199,60.0,61.0,63.0,1598,1,54.4,0.33
106,0,0.0,0.59,0,24.7,53.400000000000006,756,96.8,55.5,-22.42,11.016,14.656,4.199,60.0,61.0,64.0,1598,1,54.4,0.34
107,0,0.0,0.59,0,24.7,53.400000000000006,756,97.0,55.5,-22.43,11.0,14.656,4.199,60.0,61.0,64.0,1598,1,54.4,0.33
108,0,0.0,0.6,0,24.7,53.400000000000006,756,97.1,55.4,-22.39,10.992,14.656,4.199,60.0,61.0,64.0,1598,1,54.4,0.33
109,0,0.0,0.58,0,24.7,53.400000000000006,756,97.3,55.5,-22.42,10.977,14.656,4.199,60.0,61.0,64.0,1598,1,54.4,0.34
110,0,0.0,0.59,0,24.7,53.400000000000006,756,97.5,55.6,-22.41,10.969,14.656,4.199,60.0,61.0,64.0,1598,1,54.4,0.33
111,0,0.0,0.59,0,24.7,53.400000000000006,756,97.7,55.5,-22.4,10.961,14.656,4.199,60.0,61.0,64.0,1598,1,54.4,0.34
112,0,0.0,0.61,0,24.7,53.400000000000006,756,97.8,55.6,-22.41,10.961,14.656,4.199,60.0,61.0,64.0,1598,1,54.4,0.34
113,0,0.0,0.6,0,24.7,53.400000000000006,756,98.0,55.6,-22.42,10.961,14.656,4.199,60.0,61.0,64.0,1598,1,54.4,0.34
114,0,0.0,0.6,0,24.7,53.400000000000006,756,98.2,55.6,-22.4,10.953,14.656,4.199,60.0,61.0,64.0,1598,1,54.4,0.33
115,0,0.0,0.6,0,24.7,53.400000000000006,756,98.4,55.6,-22.39,10.961,14.656,4.199,60.0,61.0,64.0,1598,1,54.4,0.34
116,0,0.0,0.61,0,24.8,53.400000000000006,755,98.5,55.6,-22.41,10.961,14.656,4.199,60.0,61.0,64.0,1598,1,54.4,0.34
117,0,0.0,0.59,0,24.8,53.400000000000006,754,98.7,55.6,-22.41,10.953,14.656,4.199,60.0,61.0,64.0,1598,1,54.4,0.34
118,0,0.0,0.59,0,24.7,53.400000000000006,754,98.9,55.6,-22.4,10.945,14.656,4.199,60.0,61.0,64.0,1598,1,54.4,0.33
119,0,0.0,0.6,0,24.8,53.400000000000006,754,99.1,55.6,-22.41,10.945,14.656,4.199,60.0,61.0,64.0,1598,1,54.4,0.34
120,0,0.0,0.6,0,24.7,53.400000000000006,754,99.2,55.6,-22.44,10.945,14.656,4.199,60.0,61.0,64.0,1598,1,54.4,0.34
121,0,0.0,0.6,0,24.7,53.400000000000006,754,99.4,55.6,-22.43,10.945,14.66,4.199,60.0,61.0,64.0,1598,1,54.4,0.33
122,0,0.0,0.6,0,24.6,53.400000000000006,754,99.6,55.6,-22.41,10.953,14.66,4.199,60.0,61.0,64.0,1598,1,54.4,0.33
123,0,0.0,0.61,0,24.6,53.400000000000006,754,99.7,55.6,-22.39,10.945,14.66,4.199,59.0,61.0,64.0,1598,1,54.4,0.33
124,0,0.0,0.61,0,24.6,53.400000000000006,754,99.9,55.6,-22.42,10.953,14.656,4.199,60.0,61.0,64.0,1598,1,54.4,0.33
125,0,0.0,0.61,0,24.6,53.400000000000006,754,100.1,55.6,-22.4,10.953,14.656,4.199,60.0,61.0,64.0,1598,1,54.4,0.34
126,0,0.0,0.6,0,24.7,53.400000000000006,755,100.3,55.7,-22.41,10.961,14.656,4.199,60.0,61.0,64.0,1598,1,54.3,0.35
127,0,0.0,0.61,0,24.7,53.400000000000006,755,100.5,55.5,-22.41,10.969,14.652,4.199,60.0,61.0,64.0,1598,1,54.4,0.34
128,0,0.0,0.59,0,24.7,53.400000000000006,756,100.6,55.7,-22.42,10.984,14.652,4.199,60.0,61.0,64.0,1598,1,54.4,0.35
129,0,0.0,0.6,0,24.7,53.400000000000006,756,100.8,55.7,-22.4,10.992,14.652,4.199,60.0,61.1,64.0,1598,1,54.4,0.35
130,0,0.0,0.59,0,24.7,53.400000000000006,756,101.0,55.6,-22.39,11.0,14.656,4.199,60.0,61.1,64.0,1598,1,54.4,0.35
131,0,0.0,0.6,0,24.6,53.400000000000006,755,101.1,55.7,-22.42,11.008,14.656,4.199,60.0,61.1,64.0,1598,1,54.4,0.36
132,0,0.0,0.6,0,24.6,53.400000000000006,755,101.3,55.6,-22.43,11.016,14.656,4.199,60.0,61.0,64.0,1598,1,54.3,0.36
133,0,0.0,0.61,0,24.6,53.400000000000006,754,101.4,55.6,-22.43,11.023,14.656,4.199,60.0,61.0,64.0,1598,1,54.4,0.36
134,0,0.0,0.6,0,24.6,53.400000000000006,754,101.6,55.7,-22.4,11.023,14.656,4.199,60.0,61.0,64.0,1598,1,54.3,0.36
135,0,0.0,0.61,0,24.7,53.400000000000006,754,101.8,55.6,-22.38,11.023,14.656,4.199,60.0,61.1,64.0,1598,1,54.3,0.35
136,0,0.0,0.61,0,24.7,53.400000000000006,754,102.0,55.6,-22.41,11.023,14.656,4.199,60.0,61.1,64.0,1598,1,54.3,0.35
137,0,0.0,0.61,0,24.7,53.400000000000006,754,102.1,55.6,-22.42,11.016,14.66,4.199,60.0,61.1,64.0,1598,1,54.4,0.34
138,0,0.0,0.61,0,24.7,53.400000000000006,754,102.3,55.6,-22.41,11.016,14.66,4.199,60.0,61.1,64.0,1598,1,54.3,0.35
139,0,0.0,0.61,0,24.6,53.400000000000006,753,102.4,55.6,-22.39,11.016,14.66,4.199,60.0,61.1,64.0,1598,1,54.3,0.35
140,0,0.0,0.61,0,24.7,53.400000000000006,753,102.6,55.6,-22.41,11.008,14.66,4.199,60.0,61.1,64.0,1598,1,54.3,0.35
141,0,0.0,0.61,0,24.7,53.400000000000006,753,102.8,55.6,-22.41,11.0,14.66,4.199,60.0,61.1,64.0,1598,1,54.3,0.35
142,0,0.0,0.61,0,24.7,53.400000000000006,753,102.9,55.6,-22.41,10.984,14.66,4.199,60.0,61.1,64.0,1598,1,54.4,0.35
143,0,0.0,0.61,0,24.7,53.400000000000006,753,103.1,55.6,-22.4,10.969,14.66,4.199,60.0,61.1,64.0,1598,1,54.3,0.35
144,0,0.0,0.61,0,24.7,53.400000000000006,752,103.2,55.6,-22.4,10.961,14.66,4.199,60.0,61.1,64.0,1598,1,54.4,0.35
145,0,0.0,0.6,0,24.7,53.400000000000006,752,103.4,55.6,-22.44,10.945,14.66,4.199,60.0,61.1,64.0,1598,1,54.3,0.35
146,0,0.0,0.6,0,24.7,53.400000000000006,752,103.5,55.6,-22.43,10.938,14.66,4.199,60.0,61.1,64.0,1598,1,54.4,0.35
147,0,0.0,0.61,0,24.7,53.400000000000006,752,103.7,55.6,-22.42,10.914,14.656,4.199,60.0,61.1,64.0,1598,1,54.3,0.35
148,0,0.0,0.61,0,24.7,53.400000000000006,752,103.8,55.6,-22.42,10.906,14.656,4.199,60.0,61.1,64.0,1598,1,54.3,0.34
149,0,0.0,0.59,0,24.8,53.400000000000006,752,104.0,55.6,-22.41,10.898,14.656,4.199,60.0,61.1,64.0,1598,1,54.3,0.34
150,0,0.0,0.61,0,24.7,53.400000000000006,752,104.1,55.8,-22.43,10.891,14.656,4.199,60.0,61.1,64.0,1598,1,54.3,0.35
151,0,0.0,0.61,0,24.7,53.400000000000006,752,104.3,55.7,-22.4,10.891,14.656,4.199,60.0,61.1,64.0,1598,1,54.4,0.34
152,0,0.0,0.6,0,24.7,53.400000000000006,752,104.4,55.7,-22.4,10.883,14.656,4.199,60.0,61.1,64.0,1598,1,54.4,0.35
153,0,0.0,0.61,0,24.7,53.400000000000006,752,104.6,55.7,-22.4,10.891,14.656,4.199,60.0,61.1,64.0,1598,1,54.3,0.34
154,0,0.0,0.6,0,24.8,53.400000000000006,753,104.7,55.8,-22.41,10.891,14.656,4.2,60.0,61.1,64.0,1598,1,54.4,0.34
155,0,0.0,0.61,0,24.7,53.400000000000006,752,104.9,55.8,-22.4,10.891,14.656,4.199,60.0,61.1,64.0,1598,1,54.3,0.34
156,0,0.0,0.61,0,24.7,53.400000000000006,752,105.0,55.9,-22.41,10.898,14.66,4.199,60.0,61.1,64.0,1598,1,54.3,0.33
157,0,0.0,0.6,0,24.6,53.400000000000006,752,105.1,55.8,-22.41,10.891,14.66,4.199,60.0,61.1,64.0,1598,1,54.3,0.33
158,0,0.0,0.61,0,24.7,53.400000000000006,752,105.3,55.8,-22.43,10.891,14.656,4.199,60.0,61.1,64.0,1598,1,54.3,0.33
159,0,0.0,0.6,0,24.7,53.400000000000006,752,105.4,55.8,-22.43,10.883,14.656,4.199,60.0,61.1,64.0,1598,1,54.3,0.34
160,0,0.0,0.61,0,24.7,53.400000000000006,752,105.6,55.8,-22.43,10.883,14.66,4.199,60.0,61.1,64.0,1598,1,54.3,0.35
161,0,0.0,0.6,0,24.7,53.400000000000006,753,105.7,55.9,-22.42,10.891,14.66,4.199,60.0,61.1,64.0,1598,1,54.3,0.35
162,0,0.0,0.6,0,24.7,53.400000000000006,754,105.8,55.9,-22.44,10.891,14.66,4.199,60.0,61.1,64.0,1598,1,54.3,0.35
163,0,0.0,0.6,0,24.7,53.400000000000006,754,106.0,55.8,-22.43,10.891,14.66,4.199,60.0,61.1,64.0,1598,1,54.4,0.34
164,0,0.0,0.61,0,24.7,53.400000000000006,753,106.1,55.8,-22.43,10.898,14.66,4.199,60.0,61.1,64.0,1598,1,54.3,0.33
165,0,0.0,0.62,0,24.7,53.400000000000006,753,106.2,55.9,-22.42,10.898,14.66,4.199,60.0,61.2,64.0,1598,1,54.3,0.34
166,0,0.0,0.61,0,24.7,53.400000000000006,753,106.4,55.9,-22.42,10.891,14.66,4.199,60.0,61.2,64.0,1598,1,54.3,0.33
167,0,0.0,0.61,0,24.7,53.400000000000006,752,106.5,55.7,-22.43,10.883,14.66,4.199,60.0,61.1,64.0,1598,1,54.3,0.34
168,0,0.0,0.61,0,24.7,53.400000000000006,752,106.6,55.7,-22.44,10.875,14.656,4.199,60.0,61.2,64.0,1598,1,54.3,0.34
169,0,0.0,0.61,0,24.7,53.400000000000006,752,106.8,55.8,-22.39,10.875,14.656,4.199,60.0,61.2,64.0,1598,1,54.3,0.34
170,0,0.0,0.61,0,24.7,53.400000000000006,752,106.9,55.8,-22.42,10.875,14.656,4.199,60.0,61.2,64.0,1598,1,54.3,0.34
171,0,0.0,0.6,0,24.7,53.400000000000006,753,107.1,55.8,-22.41,10.875,14.656,4.199,60.0,61.2,64.0,1598,1,54.3,0.34
172,0,0.0,0.61,0,24.7,53.400000000000006,753,107.2,55.8,-22.41,10.875,14.656,4.199,60.0,61.2,64.0,1598,1,54.3,0.35
173,0,0.0,0.62,0,24.7,53.400000000000006,752,107.3,55.9,-22.39,10.883,14.656,4.199,60.0,61.2,64.0,1598,1,54.3,0.34
174,0,0.0,0.6,0,24.7,53.400000000000006,753,107.4,55.9,-22.4,10.891,14.656,4.199,60.0,61.2,64.0,1598,1,54.3,0.34
175,0,0.0,0.6,0,24.7,53.400000000000006,753,107.6,55.8,-22.41,10.891,14.656,4.199,60.0,61.2,64.0,1598,1,54.3,0.35
176,0,0.0,0.61,0,24.7,53.400000000000006,752,107.7,55.8,-22.41,10.898,14.656,4.199,60.0,61.2,64.0,1598,1,54.3,0.35
177,0,0.0,0.62,0,24.7,53.400000000000006,752,107.8,55.8,-22.39,10.891,14.656,4.199,60.0,61.2,64.0,1598,1,54.3,0.34
178,0,0.0,0.62,0,24.7,53.400000000000006,752,107.9,55.7,-22.42,10.898,14.656,4.199,60.0,61.2,64.0,1598,1,54.3,0.34
179,0,0.0,0.61,0,24.7,53.400000000000006,752,108.1,55.8,-22.42,10.906,14.656,4.199,60.0,61.2,64.0,1598,1,54.3,0.34
180,0,0.0,0.6,0,24.7,53.400000000000006,752,108.2,55.8,-22.42,10.914,14.656,4.199,60.0,61.2,64.0,1598,1,54.3,0.35
181,0,0.0,0.61,0,24.7,53.400000000000006,753,108.3,55.7,-22.43,10.922,14.656,4.199,60.0,61.2,64.0,1598,1,54.3,0.35
182,0,0.0,0.61,0,24.7,53.400000000000006,752,108.4,55.8,-22.41,10.93,14.656,4.199,60.0,61.2,64.0,1598,1,54.3,0.35
183,0,0.0,0.62,0,24.7,53.400000000000006,752,108.6,55.7,-22.39,10.93,14.656,4.199,60.0,61.2,64.0,1598,1,54.3,0.34
184,0,0.0,0.63,0,24.7,53.400000000000006,752,108.7,55.8,-22.41,10.93,14.66,4.199,60.0,61.2,64.0,1598,1,54.3,0.34
185,0,0.0,0.63,0,24.7,53.400000000000006,753,108.8,55.8,-22.43,10.93,14.656,4.199,60.0,61.2,64.0,1598,1,54.3,0.35
186,0,0.0,0.62,0,24.7,53.400000000000006,752,108.9,55.7,-22.42,10.922,14.656,4.199,60.0,61.2,64.0,1598,1,54.3,0.35
187,0,0.0,0.61,0,24.6,53.400000000000006,752,109.0,55.8,-22.42,10.922,14.656,4.199,60.0,61.2,64.0,1598,1,54.3,0.35
188,0,0.0,0.61,0,24.5,53.400000000000006,752,109.1,55.8,-22.4,10.914,14.656,4.2,60.0,61.2,64.0,1598,1,54.3,0.35
189,0,0.0,0.62,0,24.5,53.400000000000006,753,109.3,55.8,-22.39,10.906,14.656,4.199,60.0,61.2,64.0,1598,1,54.3,0.34
190,0,0.0,0.63,0,24.6,53.400000000000006,753,109.4,55.8,-22.41,10.898,14.656,4.199,60.0,61.2,64.0,1598,1,54.3,0.34
191,0,0.0,0.64,0,24.6,53.400000000000006,753,109.5,55.8,-22.43,10.891,14.656,4.199,60.0,61.2,64.0,1598,1,54.3,0.35
192,0,0.0,0.63,0,24.6,53.400000000000006,753,109.6,55.8,-22.4,10.891,14.656,4.199,60.0,61.2,64.0,1598,1,54.3,0.35
193,0,0.0,0.62,0,24.6,53.400000000000006,753,109.7,55.8,-22.41,10.883,14.656,4.199,60.0,61.2,64.0,1598,1,54.3,0.35
194,0,0.0,0.62,0,24.6,53.400000000000006,752,109.8,55.9,-22.38,10.883,14.656,4.199,60.0,61.2,65.0,1598,1,54.3,0.35
195,0,0.0,0.62,0,24.6,53.400000000000006,753,109.9,55.9,-22.4,10.891,14.656,4.199,60.0,61.2,65.0,1598,1,54.3,0.35
196,0,0.0,0.62,0,24.6,53.400000000000006,754,110.0,55.8,-22.4,10.898,14.656,4.199,60.0,61.2,65.0,1598,1,54.3,0.35
197,0,0.0,0.62,0,24.7,53.400000000000006,753,110.1,55.9,-22.4,10.914,14.656,4.199,60.0,61.2,65.0,1598,1,54.3,0.34
198,0,0.0,0.61,0,24.6,53.400000000000006,754,110.3,55.8,-22.41,10.938,14.656,4.199,60.0,61.2,65.0,1598,1,54.3,0.34
199,0,0.0,0.62,0,24.6,53.400000000000006,754,110.4,55.8,-22.42,10.961,14.656,4.199,60.0,61.2,65.0,1598,1,54.3,0.34
200,0,0.0,0.61,0,24.6,53.400000000000006,754,110.5,55.8,-22.4,10.992,14.656,4.199,60.0,61.3,65.0,1598,1,54.3,0.35
201,0,0.0,0.62,0,24.6,53.400000000000006,754,110.6,55.8,-22.41,11.016,14.656,4.199,60.0,61.3,65.0,1598,1,54.3,0.35
202,0,0.0,0.61,0,24.6,53.400000000000006,754,110.7,55.8,-22.41,11.023,14.656,4.199,60.0,61.2,65.0,1598,1,54.3,0.35
203,0,0.0,0.61,0,24.6,53.400000000000006,754,110.8,55.8,-22.42,11.039,14.656,4.199,60.0,61.3,65.0,1598,1,54.3,0.35
204,0,0.0,0.62,0,24.6,53.400000000000006,753,110.9,55.9,-22.4,11.039,14.656,4.199,60.0,61.3,65.0,1598,1,54.3,0.34
205,0,0.0,0.6,0,24.5,53.400000000000006,754,111.0,55.8,-22.41,11.047,14.656,4.199,60.0,61.3,65.0,1598,1,54.3,0.35
206,0,0.0,0.61,0,24.6,53.400000000000006,754,111.1,55.8,-22.4,11.039,14.656,4.199,60.0,61.3,65.0,1598,1,54.3,0.35
207,0,0.0,0.6,0,24.7,53.400000000000006,753,111.2,55.8,-22.41,11.031,14.656,4.199,60.0,61.3,65.0,1598,1,54.3,0.35
208,0,0.0,0.61,0,24.7,53.400000000000006,753,111.3,55.9,-22.39,11.023,14.656,4.199,60.0,61.3,65.0,1598,1,54.3,0.34
209,0,0.0,7.4,1,24.7,53.300000000000004,753,111.4,55.8,-22.41,11.023,14.656,4.199,60.0,61.3,65.0,1598,1,54.3,0.35
210,0,0.0,9.21,1,24.6,53.400000000000006,758,111.5,55.8,-22.4,11.016,14.656,4.199,60.0,61.3,65.0,1598,1,54.3,0.35
211,0,0.0,10.4,1,24.6,53.400000000000006,772,111.6,55.8,-22.42,11.023,14.656,4.199,60.0,61.4,65.0,1598,1,54.3,0.34
212,0,0.0,11.5,1,24.6,53.400000000000006,784,111.7,55.9,-22.43,11.016,14.656,4.199,60.0,61.5,65.0,1598,1,54.3,0.34
213,0,0.0,12.78,1,24.6,53.400000000000006,793,111.8,55.9,-22.4,11.016,14.656,4.199,60.0,61.7,65.0,1598,1,54.3,0.34
214,0,0.0,13.92,1,24.6,53.400000000000006,798,111.9,55.8,-22.4,11.016,14.656,4.199,60.0,62.0,65.0,1598,1,54.3,0.34
215,0,0.0,15.17,1,24.7,53.400000000000006,801,112.0,56.0,-22.42,11.008,14.656,4.199,60.0,62.4,65.0,1598,1,54.3,0.34
216,0,0.0,16.29,1,24.6,53.400000000000006,803,112.1,55.9,-22.43,11.008,14.656,4.199,61.0,62.8,65.0,1598,1,54.3,0.35
217,0,0.0,16.93,1,24.6,53.400000000000006,802,112.2,55.9,-22.42,11.0,14.656,4.199,61.0,63.4,65.0,1598,1,54.3,0.35
218,0,0.0,17.18,1,24.6,53.400000000000006,801,112.3,55.9,-22.43,10.992,14.656,4.199,62.0,63.8,65.0,1598,1,54.3,0.35
219,0,0.0,17.42,1,24.7,53.400000000000006,800,112.4,55.9,-22.42,10.984,14.656,4.199,62.0,64.3,65.0,1598,1,54.3,0.34
220,0,0.0,17.64,1,24.6,53.400000000000006,799,112.5,56.0,-22.42,10.977,14.656,4.199,63.0,64.7,65.0,1598,1,54.3,0.35
221,0,0.0,17.86,1,24.6,53.400000000000006,798,112.6,55.9,-22.41,10.977,14.656,4.199,63.0,65.2,65.0,1598,1,54.3,0.34
222,0,0.0,18.05,1,24.6,53.400000000000006,797,112.7,55.9,-22.4,10.977,14.656,4.199,63.0,65.6,65.0,1598,1,54.3,0.35
223,0,0.0,18.26,1,24.6,53.400000000000006,797,112.7,55.8,-22.41,10.969,14.656,4.199,64.0,65.9,65.0,1598,1,54.3,0.34
224,0,0.0,18.52,1,24.7,53.400000000000006,796,112.8,55.9,-22.4,10.969,14.656,4.199,64.0,66.3,65.0,1598,1,54.3,0.34
225,0,0.0,18.47,1,24.6,53.400000000000006,795,112.9,55.9,-22.41,10.961,14.656,4.199,64.0,66.6,65.0,1598,1,54.3,0.34
226,0,0.0,18.53,1,24.6,53.400000000000006,794,113.0,56.0,-22.43,10.953,14.656,4.199,65.0,66.8,65.0,1598,1,54.3,0.34
227,0,0.0,18.54,1,24.7,53.400000000000006,793,113.1,56.0,-22.43,10.945,14.656,4.199,65.0,67.1,65.0,1598,1,54.3,0.34
228,0,0.0,18.56,1,24.7,53.400000000000006,793,113.2,55.9,-22.41,10.938,14.656,4.199,65.0,67.2,65.0,1598,1,54.3,0.34
229,0,0.0,18.55,1,24.7,53.400000000000006,792,113.3,55.9,-22.41,10.938,14.656,4.199,66.0,67.4,65.0,1598,1,54.3,0.34
230,0,0.0,18.58,1,24.7,53.400000000000006,792,113.3,55.8,-22.41,10.93,14.656,4.199,66.0,67.6,65.0,1598,1,54.3,0.34
231,0,0.0,18.56,1,24.7,53.400000000000006,791,113.4,55.9,-22.41,10.93,14.652,4.199,66.0,67.7,65.0,1598,1,54.3,0.34
232,0,0.0,18.55,1,24.7,53.400000000000006,792,113.5,55.9,-22.43,10.93,14.656,4.199,66.0,67.8,65.0,1598,1,54.3,0.34
233,0,0.0,18.62,1,24.7,53.400000000000006,792,113.6,55.9,-22.41,10.945,14.656,4.199,66.0,67.9,65.0,1598,1,54.3,0.33
234,0,0.0,18.68,1,24.7,53.400000000000006,792,113.7,55.9,-22.41,10.945,14.656,4.199,66.0,68.0,65.0,1598,1,54.3,0.34
235,0,0.0,18.63,1,24.7,53.400000000000006,791,113.8,55.9,-22.41,10.945,14.656,4.199,66.0,68.1,65.0,1598,1,54.3,0.35
236,0,0.0,18.68,1,24.7,53.400000000000006,791,113.9,55.9,-22.42,10.945,14.656,4.199,66.0,68.2,65.0,1598,1,54.3,0.35
237,0,0.0,18.64,1,24.7,53.400000000000006,791,114.0,55.9,-22.4,10.945,14.656,4.199,66.0,68.2,65.0,1598,1,54.3,0.35
238,0,0.0,18.63,1,24.7,53.400000000000006,790,114.1,55.9,-22.39,10.93,14.656,4.199,66.0,68.3,65.0,1598,1,54.3,0.34
239,0,0.0,18.66,1,24.7,53.400000000000006,790,114.2,56.1,-22.41,10.922,14.656,4.199,66.0,68.3,65.0,1598,1,54.3,0.35
240,0,0.0,18.64,1,24.6,53.400000000000006,790,114.3,56.1,-22.4,10.922,14.656,4.199,66.0,68.3,65.0,1598,1,54.3,0.34
241,0,0.0,18.62,1,24.6,53.400000000000006,791,114.4,56.0,-22.38,10.914,14.656,4.199,66.0,68.4,65.0,1598,1,54.3,0.34
242,0,0.0,18.64,1,24.6,53.400000000000006,791,114.5,56.0,-22.44,10.914,14.656,4.199,66.0,68.4,65.0,1598,1,54.3,0.35
243,0,0.0,18.63,1,24.7,53.400000000000006,790,114.6,56.0,-22.41,10.898,14.656,4.199,66.0,68.4,65.0,1598,1,54.3,0.34
244,0,0.0,18.61,1,24.6,53.400000000000006,790,114.6,56.0,-22.4,10.898,14.656,4.199,66.0,68.5,65.0,1598,1,54.3,0.34
245,0,0.0,18.62,1,24.6,53.400000000000006,790,114.7,56.1,-22.41,10.898,14.656,4.199,66.0,68.5,65.0,1598,1,54.3,0.34
246,0,0.0,18.59,1,24.6,53.400000000000006,791,114.8,56.0,-22.41,10.891,14.656,4.199,66.0,68.5,65.0,1598,1,54.3,0.34
247,0,0.0,18.56,1,24.5,53.400000000000006,791,114.9,56.1,-22.39,10.891,14.656,4.199,66.0,68.5,65.0,1598,1,54.3,0.35
248,0,0.0,18.57,1,24.5,53.400000000000006,791,115.0,56.0,-22.42,10.891,14.656,4.199,66.0,68.6,65.0,1598,1,54.3,0.34
249,0,0.0,18.57,1,24.6,53.400000000000006,791,115.1,56.0,-22.39,10.891,14.656,4.199,66.0,68.6,65.0,1598,1,54.3,0.33
250,0,0.0,18.65,1,24.7,53.400000000000006,792,115.2,56.1,-22.41,10.906,14.656,4.199,66.0,68.6,65.0,1598,1,54.3,0.35
251,0,0.0,18.63,1,24.7,53.400000000000006,791,115.3,56.0,-14.99,10.922,14.656,4.199,66.0,68.6,65.0,1598,1,54.3,0.35
252,0,0.0,29.15,1,27.400000000000002,60.099999999999994,815,115.3,58.8,-14.59,10.922,14.656,4.199,66.0,68.6,65.0,1598,1,54.3,0.34
253,0,0.0,42.7,1,34.300000000000004,67.80000000000001,909,115.5,61.8,-10.55,10.938,14.656,4.199,66.0,68.7,65.0,1598,1,54.3,0.34
254,0,0.0,40.76,1,43.5,74.1,985,115.6,64.7,-10.98,10.945,14.656,4.199,66.0,68.9,65.0,1598,1,54.3,0.34
255,0,0.0,40.86,1,47.4,74.6,992,115.6,65.0,-11.07,10.953,14.656,4.199,66.0,69.1,65.0,1598,1,54.3,0.35
256,1,0.0,40.94,1,48.4,74.5,961,115.7,65.1,-10.96,10.953,14.656,4.199,67.0,69.2,65.0,1598,1,54.3,0.35
257,1,0.0,40.97,1,48.6,74.5,932,115.8,65.1,-10.84,10.945,14.656,4.199,67.0,69.4,65.0,1598,1,54.3,0.35
258,2,0.0,41.13,1,48.6,74.6,910,116.0,65.1,-10.77,10.945,14.656,4.199,67.0,69.6,65.0,1598,1,54.3,0.35
259,2,0.0,41.25,1,48.6,74.6,896,116.1,65.1,-10.82,10.938,14.656,4.199,67.0,69.9,65.0,1598,1,54.3,0.35
260,2,0.0,41.39,1,48.699999999999996,74.5,888,116.3,65.2,-10.89,10.922,14.656,4.199,67.0,70.1,65.0,1598,1,54.3,0.35
261,3,0.0,41.4,1,48.6,74.5,882,116.3,65.1,-10.86,10.922,14.656,4.199,67.0,70.4,65.0,1598,1,54.3,0.35
262,4,0.0,41.46,1,48.699999999999996,74.5,879,116.3,65.1,-10.87,10.914,14.656,4.199,67.0,70.6,65.0,1598,1,54.3,0.35
263,5,0.0,41.46,1,48.699999999999996,74.5,877,116.3,65.1,-10.86,10.906,14.656,4.199,67.0,70.9,65.0,1598,1,54.3,0.35
264,5,0.0,41.44,1,48.699999999999996,74.5,876,116.2,65.0,-10.88,10.898,14.656,4.199,68.0,71.1,65.0,1598,1,54.3,0.35
265,6,0.0,41.44,1,48.699999999999996,74.5,875,116.1,65.0,-10.82,10.898,14.656,4.199,69.0,71.4,65.0,1598,1,54.3,0.35
266,7,0.0,41.53,1,48.8,74.6,875,116.1,65.0,-10.88,10.898,14.656,4.199,69.0,71.6,65.0,1598,1,54.3,0.35
267,7,0.0,41.34,1,48.8,74.5,875,116.0,65.0,-10.87,10.898,14.66,4.199,69.0,71.8,65.0,1598,1,54.3,0.35
268,8,0.0,41.36,1,48.8,74.5,875,116.0,65.1,-10.87,10.906,14.66,4.199,69.0,72.0,65.0,1598,1,54.3,0.35
269,8,0.0,40.11,1,48.5,74.2,875,116.0,65.1,-21.96,10.898,14.66,4.199,70.0,72.2,65.0,1598,1,54.3,0.35
270,8,0.0,39.74,1,43.1,68.7,857,116.0,62.9,-22.42,10.891,14.664,4.199,70.0,72.4,65.0,1598,1,54.3,0.35
271,8,0.0,36.74,1,38.0,65.10000000000001,814,116.0,61.4,-22.33,10.875,14.664,4.199,70.0,72.6,65.0,1598,1,54.2,0.35
272,8,0.0,32.32,1,34.5,62.6,781,116.1,60.3,-22.45,10.852,14.664,4.199,70.0,72.8,65.0,1598,1,54.2,0.34
273,8,0.0,28.77,1,32.1,60.6,761,116.2,59.6,-22.36,10.836,14.664,4.199,70.0,72.9,65.0,1598,1,54.2,0.35
274,8,0.0,26.03,1,30.3,58.699999999999996,750,116.3,58.6,-22.42,10.828,14.664,4.199,70.0,73.0,65.0,1598,1,54.2,0.35
275,8,0.0,23.52,1,28.599999999999998,56.99999999999999,742,116.4,58.0,-22.38,10.82,14.66,4.199,70.0,73.0,65.0,1598,1,54.3,0.35
276,8,0.0,21.38,1,27.200000000000003,55.300000000000004,738,116.5,57.1,-22.41,10.812,14.66,4.199,70.0,73.1,65.0,1598,1,54.2,0.34
277,8,0.0,19.57,1,25.900000000000002,53.7,735,116.6,56.4,-22.41,10.805,14.66,4.199,70.0,73.1,65.0,1598,1,54.2,0.34
278,8,0.0,19.31,1,25.1,53.400000000000006,738,116.6,56.3,-22.41,10.812,14.66,4.199,70.0,73.0,65.0,1598,1,54.2,0.34
279,7,0.0,19.12,1,24.9,53.400000000000006,751,116.7,56.3,-22.41,10.812,14.66,4.199,70.0,73.0,65.0,1598,1,54.2,0.34
280,7,0.0,19.04,1,25.0,53.400000000000006,764,116.9,56.3,-17.81,10.82,14.66,4.199,70.0,72.9,65.0,1598,1,54.2,0.35
281,7,0.0,25.94,1,27.200000000000003,58.599999999999994,796,117.0,58.5,-17.71,10.844,14.66,4.199,70.0,72.8,65.0,1598,1,54.2,0.35
282,7,0.0,26.31,1,29.099999999999998,59.599999999999994,845,117.2,59.1,-17.79,10.852,14.66,4.199,70.0,72.7,65.0,1598,1,54.2,0.35
283,6,0.0,26.73,1,29.9,59.5,843,117.4,59.2,-17.85,10.867,14.66,4.199,70.0,72.6,65.0,1598,1,54.2,0.35
284,7,0.0,26.6,1,30.099999999999998,59.4,828,117.6,59.2,-17.93,10.883,14.656,4.199,70.0,72.6,65.0,1598,1,54.2,0.35
285,7,0.0,26.14,1,30.0,59.099999999999994,811,117.8,59.1,-17.99,10.891,14.656,4.199,70.0,72.5,65.0,1598,1,54.2,0.34
286,7,0.0,30.58,1,30.5,60.9,800,118.0,59.7,-16.23,10.898,14.656,4.199,70.0,72.5,65.0,1598,1,54.2,0.34
287,7,0.0,34.26,1,33.1,63.9,820,118.3,60.9,-15.87,10.906,14.656,4.199,69.0,72.4,65.0,1598,1,54.2,0.35
288,7,0.0,35.34,1,34.699999999999996,64.4,829,118.5,61.2,-15.85,10.922,14.656,4.199,69.0,72.5,65.0,1598,1,54.2,0.35
289,7,0.0,35.75,1,35.199999999999996,64.5,821,118.7,61.2,-15.82,10.938,14.656,4.199,70.0,72.5,65.0,1598,1,54.2,0.35
290,7,0.0,36.01,1,35.3,64.5,810,118.8,61.4,-15.8,10.953,14.656,4.199,70.0,72.6,65.0,1598,1,54.2,0.35
291,7,0.0,36.03,1,35.3,64.5,800,119.0,61.2,-15.83,10.969,14.66,4.199,70.0,72.7,65.0,1598,1,54.2,0.34
292,7,0.0,36.19,1,35.199999999999996,64.5,792,119.1,61.4,-15.84,10.984,14.66,4.199,70.0,72.8,65.0,1598,1,54.2,0.35
293,7,0.0,36.12,1,35.099999999999994,64.5,787,119.3,61.4,-15.82,11.0,14.66,4.199,70.0,72.9,65.0,1598,1,54.2,0.34
294,8,0.0,36.2,1,35.099999999999994,64.60000000000001,784,119.5,61.3,-15.8,11.016,14.66,4.199,70.0,73.0,65.0,1598,1,54.2,0.35
295,8,0.0,36.14,1,35.099999999999994,64.5,781,119.6,61.3,-15.83,11.016,14.66,4.199,70.0,73.1,65.0,1598,1,54.2,0.35
296,8,0.0,36.09,1,35.099999999999994,64.5,780,119.7,61.4,-15.54,11.031,14.66,4.199,70.0,73.2,65.0,1598,1,54.2,0.35
297,8,0.0,42.26,1,36.6,67.30000000000001,784,119.8,62.2,-13.88,11.039,14.66,4.199,71.0,73.3,65.0,1598,1,54.2,0.34
298,8,0.0,40.94,1,39.4,69.1,812,119.9,63.2,-13.71,11.047,14.66,4.199,71.0,73.4,65.0,1598,1,54.2,0.34
299,8,0.0,40.75,1,40.6,69.39999999999999,823,120.0,63.3,-13.7,11.07,14.66,4.199,71.0,73.5,65.0,1598,1,54.2,0.35
300,8,0.0,41.46,1,42.3,71.39999999999999,824,120.1,64.2,-11.85,11.078,14.66,4.199,71.0,73.6,65.0,1598,1,54.2,0.35
301,8,0.0,40.95,1,45.300000000000004,73.1,844,120.2,64.9,-11.66,11.094,14.66,4.199,71.0,73.7,65.0,1598,1,54.2,0.35
302,8,0.0,41.06,1,46.7,73.3,856,120.3,65.1,-11.79,11.102,14.66,4.199,71.0,73.8,65.0,1598,1,54.2,0.35
303,8,0.0,41.12,1,46.9,73.1,855,120.5,65.2,-11.68,11.109,14.66,4.199,71.0,73.9,65.0,1598,1,54.2,0.34
304,8,0.0,40.96,1,47.099999999999994,73.2,852,120.6,65.1,-11.66,11.117,14.66,4.199,71.0,74.0,65.0,1598,1,54.2,0.34
305,7,0.0,40.65,1,47.3,73.2,850,120.8,65.1,-11.76,11.117,14.66,4.199,71.0,74.1,65.0,1598,1,54.2,0.34
306,7,0.0,40.98,1,47.3,73.1,848,120.9,65.2,-11.67,11.109,14.66,4.199,71.0,74.2,65.0,1598,1,54.2,0.35
307,7,0.0,40.75,1,47.4,73.3,848,121.0,65.3,-11.71,11.094,14.66,4.199,71.0,74.3,65.0,1598,1,54.2,0.34
308,7,0.0,40.95,1,47.099999999999994,73.1,848,121.1,65.2,-11.79,11.078,14.652,4.199,71.0,74.3,65.0,1598,1,54.2,0.35
309,7,0.0,40.85,1,46.800000000000004,73.0,846,121.1,65.1,-11.79,11.062,14.648,4.199,72.0,74.4,65.0,1598,1,54.2,0.35
310,7,0.0,40.88,1,46.7,72.89999999999999,844,121.1,65.0,-11.82,11.047,14.648,4.199,72.0,74.5,65.0,1598,1,54.2,0.35
311,6,0.0,40.91,1,46.400000000000006,72.8,844,121.2,65.0,-11.91,11.031,14.648,4.199,72.0,74.6,65.0,1598,1,54.2,0.34
312,6,0.0,40.81,1,46.400000000000006,72.89999999999999,844,121.2,65.1,-11.84,11.031,14.645,4.199,72.0,74.6,65.0,1598,1,54.2,0.33
313,6,0.0,40.86,1,46.5,72.89999999999999,844,121.3,64.9,-11.58,11.016,14.645,4.199,72.0,74.7,65.0,1598,1,54.2,0.34
314,6,0.0,40.89,1,50.1,76.5,856,121.3,66.4,-9.24,11.016,14.645,4.199,72.0,74.8,65.0,1598,1,54.2,0.35
315,7,0.0,41.27,1,52.300000000000004,76.7,892,121.4,66.7,-9.13,11.023,14.641,4.199,72.0,74.9,65.0,1598,1,54.2,0.34
316,7,0.0,41.36,1,53.0,76.8,906,121.4,66.7,-9.29,11.023,14.641,4.199,72.0,75.0,65.0,1598,1,54.2,0.35
317,7,0.0,41.05,1,53.2,76.8,912,121.5,66.8,-9.24,11.023,14.641,4.199,72.0,75.0,65.0,1598,1,54.2,0.34
318,7,0.0,41.15,1,53.2,76.8,913,121.6,66.8,-9.25,11.008,14.645,4.199,72.0,75.1,65.0,1598,1,54.2,0.34
319,7,0.0,41.15,1,52.900000000000006,76.7,914,121.7,66.8,-9.24,11.0,14.645,4.199,72.0,75.2,65.0,1598,1,54.2,0.34
320,7,0.0,41.17,1,52.7,76.7,914,121.8,66.7,-9.33,10.984,14.645,4.199,72.0,75.3,65.0,1598,1,54.2,0.33
321,7,0.0,41.1,1,52.800000000000004,76.7,914,121.9,66.7,-9.23,10.977,14.648,4.199,72.0,75.4,65.0,1598,1,54.2,0.34
322,8,0.0,41.36,1,53.1,76.7,915,122.0,66.7,-9.31,10.977,14.645,4.199,72.0,75.5,65.0,1598,1,54.2,0.34
323,8,0.0,41.2,1,53.2,76.8,915,122.0,66.8,-9.24,10.969,14.645,4.199,73.0,75.6,65.0,1598,1,54.2,0.34
324,9,0.0,41.08,1,53.1,76.7,915,122.1,66.7,-9.23,10.961,14.645,4.199,73.0,75.7,65.0,1598,1,54.2,0.34
325,9,0.0,41.15,1,53.1,76.8,916,122.1,66.8,-9.23,10.953,14.645,4.199,73.0,75.8,65.0,1598,1,54.2,0.34
326,8,0.0,40.95,1,53.2,76.8,916,122.2,66.8,-9.29,10.938,14.645,4.199,73.0,75.9,65.0,1598,1,54.2,0.35
327,9,0.0,41.05,1,53.0,76.7,916,122.4,66.7,-9.28,10.93,14.645,4.199,73.0,76.0,65.0,1598,1,54.2,0.35
328,9,0.0,41.13,1,53.0,76.7,916,122.5,66.8,-9.25,10.922,14.645,4.199,73.0,76.1,65.0,1597,1,54.1,0.35
329,10,0.0,41.04,1,53.0,76.7,916,122.6,66.8,-9.3,10.914,14.637,4.199,73.0,76.2,65.0,1597,1,54.2,0.34
330,10,0.0,41.06,1,53.2,76.7,916,122.7,66.8,-9.3,10.906,14.629,4.199,73.0,76.3,65.0,1597,1,54.2,0.34
331,11,0.0,40.96,1,52.900000000000006,76.7,916,122.7,66.8,-9.32,10.891,14.609,4.199,74.0,76.4,65.0,1597,1,54.1,0.34
332,11,0.0,41.04,1,52.800000000000004,76.6,915,122.8,66.8,-9.25,10.875,14.598,4.199,74.0,76.5,66.0,1597,1,54.1,0.34
333,12,0.0,40.93,1,52.900000000000006,76.7,915,122.9,66.9,-9.3,10.867,14.57,4.199,74.0,76.6,66.0,1597,1,54.1,0.34
334,12,0.0,40.91,1,52.900000000000006,76.7,915,123.0,66.8,-9.38,10.867,14.566,4.199,74.0,76.6,66.0,1597,1,54.1,0.35
335,12,0.0,41.05,1,52.800000000000004,76.6,915,123.3,66.8,-9.38,10.875,14.574,4.199,74.0,76.7,66.0,1597,1,54.1,0.34
336,12,0.0,40.82,1,53.0,76.6,914,123.6,66.7,-9.25,10.883,14.59,4.199,74.0,76.8,66.0,1597,1,54.1,0.35
337,12,0.0,40.97,1,53.1,76.6,914,123.9,66.8,-9.34,10.891,14.609,4.199,74.0,76.9,66.0,1597,1,54.1,0.34
338,13,0.0,40.94,1,53.2,76.7,913,124.1,66.8,-9.32,10.891,14.625,4.199,74.0,77.0,66.0,1597,1,54.1,0.34
339,13,0.0,40.97,1,53.2,76.6,914,124.3,66.8,-9.35,10.891,14.629,4.199,75.0,77.0,66.0,1597,1,54.1,0.35
340,14,0.0,40.92,1,53.2,76.6,912,124.5,66.9,-9.33,10.891,14.637,4.199,76.0,77.1,66.0,1597,1,54.1,0.35
341,15,0.0,40.8,1,53.2,76.7,912,124.6,66.8,-9.35,10.883,14.641,4.199,76.0,77.2,66.0,1597,1,54.1,0.35
342,15,0.0,40.9,1,53.2,76.6,913,124.8,67.0,-9.32,10.875,14.645,4.199,75.0,77.3,66.0,1597,1,54.1,0.35
343,16,0.0,40.71,1,53.400000000000006,76.8,913,125.0,66.9,-9.2,10.867,14.648,4.199,76.0,77.3,66.0,1597,1,54.1,0.35
344,16,0.0,40.95,1,53.6,76.8,914,125.1,66.9,-9.26,10.859,14.648,4.199,76.0,77.4,66.0,1597,1,54.1,0.35
345,17,0.0,40.86,1,53.400000000000006,76.7,914,125.4,67.0,-9.29,10.859,14.648,4.199,76.0,77.5,66.0,1597,1,54.1,0.35
346,18,0.0,40.79,1,53.300000000000004,76.6,913,125.6,67.0,-9.3,10.859,14.652,4.199,76.0,77.5,66.0,1597,1,54.1,0.35
347,18,0.0,40.81,1,53.400000000000006,76.7,912,125.7,67.0,-9.29,10.859,14.652,4.199,76.0,77.6,66.0,1597,1,54.1,0.36
348,19,0.0,40.71,1,53.400000000000006,76.6,912,125.8,66.9,-9.32,10.859,14.652,4.199,76.0,77.7,66.0,1597,1,54.1,0.34
349,19,0.0,40.82,1,53.400000000000006,76.7,911,126.0,67.0,-9.29,10.836,14.652,4.199,76.0,77.7,66.0,1597,1,54.1,0.34
350,19,0.0,40.74,1,53.400000000000006,76.6,910,126.2,66.9,-9.39,10.82,14.652,4.199,76.0,77.8,66.0,1597,1,54.1,0.34
351,20,0.0,40.76,1,53.2,76.7,909,126.4,66.9,-9.34,10.797,14.648,4.199,76.0,77.9,66.0,1597,1,54.1,0.35
352,20,0.0,40.82,1,53.1,76.6,909,126.6,66.8,-9.33,10.781,14.648,4.199,76.0,77.9,66.0,1597,1,54.1,0.34
353,21,0.0,40.77,1,53.0,76.6,908,126.7,67.0,-9.38,10.773,14.648,4.199,76.0,77.9,66.0,1597,1,54.1,0.35
354,22,0.0,40.59,1,52.900000000000006,76.6,908,126.7,66.9,-9.4,10.766,14.648,4.199,76.0,78.0,66.0,1597,1,54.1,0.35
355,22,0.0,38.57,1,51.9,75.7,908,126.8,66.7,-22.12,10.773,14.648,4.199,76.0,78.0,66.0,1597,1,54.1,0.34
356,23,0.0,39.07,1,45.7,70.5,885,127.0,64.4,-22.29,10.781,14.652,4.199,76.0,78.1,66.0,1597,1,54.1,0.34
357,23,0.0,38.49,1,40.5,67.2,840,127.3,62.9,-22.18,10.789,14.652,4.199,76.0,78.1,66.0,1597,1,54.0,0.34
358,23,0.0,35.87,1,36.9,64.8,804,127.6,61.9,-22.41,10.797,14.652,4.199,76.0,78.1,66.0,1597,1,54.1,0.34
359,22,0.0,31.82,1,34.2,62.7,781,128.0,60.8,-22.34,10.805,14.656,4.199,76.0,78.2,66.0,1597,1,54.1,0.34
360,22,0.0,28.76,1,32.1,60.8,766,128.4,60.1,-22.39,10.805,14.652,4.199,76.0,78.1,66.0,1597,1,54.1,0.34
361,22,0.0,25.95,1,30.4,59.0,755,128.6,59.5,-22.38,10.812,14.652,4.199,76.0,78.1,66.0,1597,1,54.1,0.34
362,22,0.0,23.69,1,28.799999999999997,57.3,748,128.9,58.7,-22.4,10.812,14.652,4.199,76.0,78.0,66.0,1597,1,54.1,0.34
363,21,0.0,21.41,1,27.400000000000002,55.7,743,129.1,58.0,-22.4,10.812,14.652,4.199,76.0,77.9,66.0,1597,1,54.1,0.34
364,21,0.0,19.58,1,26.1,54.0,739,129.2,57.2,-22.4,10.812,14.652,4.199,76.0,77.8,66.0,1597,1,54.1,0.34
365,21,0.0,19.3,1,25.2,53.400000000000006,739,129.5,57.0,-22.42,10.812,14.652,4.199,76.0,77.6,66.0,1597,1,54.1,0.34
366,20,0.0,19.12,1,24.8,53.400000000000006,749,129.7,57.1,-22.41,10.805,14.652,4.199,76.0,77.4,66.0,1597,1,54.1,0.34
367,20,0.0,19.0,1,24.7,53.400000000000006,761,130.0,57.1,-22.41,10.805,14.652,4.199,75.0,77.2,66.0,1597,1,54.1,0.33
368,19,0.0,18.84,1,24.7,53.400000000000006,771,130.4,57.0,-22.42,10.797,14.652,4.199,75.0,77.0,66.0,1597,1,54.0,0.33
369,18,0.0,18.7,1,24.7,53.400000000000006,779,130.7,57.1,-22.42,10.797,14.652,4.199,74.0,76.7,66.0,1597,1,54.1,0.33
370,17,0.0,18.59,1,24.7,53.400000000000006,784,130.9,57.0,-22.45,10.805,14.652,4.199,74.0,76.5,66.0,1597,1,54.0,0.33
371,17,0.0,18.42,1,24.7,53.400000000000006,788,131.1,57.0,-22.41,10.812,14.652,4.199,74.0,76.2,66.0,1597,1,54.0,0.33
372,16,0.0,18.42,1,24.8,53.400000000000006,790,131.4,57.1,-22.42,10.82,14.652,4.199,73.0,75.9,66.0,1597,1,54.1,0.34
373,16,0.0,18.41,1,24.8,53.400000000000006,791,131.8,57.1,-22.05,10.836,14.652,4.199,73.0,75.7,66.0,1597,1,54.0,0.34
374,15,0.0,18.45,1,24.8,53.400000000000006,792,132.2,57.1,-20.3,10.836,14.652,4.199,72.0,75.4,66.0,1597,1,54.0,0.34
375,13,0.0,19.66,1,25.2,53.900000000000006,792,132.6,57.3,-18.98,10.844,14.652,4.199,72.0,75.2,66.0,1597,1,54.0,0.34
376,13,0.0,20.87,1,26.3,55.60000000000001,803,133.0,57.8,-18.91,10.852,14.645,4.199,72.0,74.9,66.0,1597,1,54.0,0.34
377,12,0.0,21.23,1,26.900000000000002,55.800000000000004,809,133.4,58.0,-18.89,10.859,14.645,4.199,72.0,74.7,66.0,1597,1,54.0,0.34
378,12,0.0,21.42,1,27.1,55.900000000000006,806,133.8,58.1,-18.91,10.867,14.648,4.199,72.0,74.6,66.0,1597,1,54.0,0.34
379,12,0.0,21.47,1,27.200000000000003,55.800000000000004,799,134.2,58.0,-18.92,10.875,14.648,4.199,72.0,74.5,66.0,1597,1,54.0,0.34
380,12,0.0,21.42,1,27.200000000000003,55.800000000000004,794,134.6,58.0,-18.92,10.875,14.645,4.199,72.0,74.3,66.0,1597,1,54.0,0.34
381,12,0.0,21.5,1,27.1,55.800000000000004,789,135.0,58.1,-18.89,10.875,14.648,4.199,71.0,74.2,66.0,1597,1,54.0,0.34
382,12,0.0,21.51,1,27.200000000000003,55.900000000000006,786,135.2,58.1,-18.36,10.883,14.648,4.199,71.0,74.1,66.0,1597,1,54.0,0.34
383,12,0.0,33.26,1,29.799999999999997,62.1,802,135.5,60.5,-11.99,10.898,14.645,4.199,71.0,74.0,66.0,1597,1,54.0,0.35
384,12,0.0,39.04,1,38.5,71.5,892,135.7,64.4,-11.88,10.898,14.645,4.199,71.0,74.0,66.0,1597,1,54.0,0.34
385,12,0.0,39.43,1,44.0,72.6,950,135.9,65.1,-11.81,10.906,14.648,4.199,71.0,74.1,66.0,1597,1,54.0,0.33
386,13,0.0,39.46,1,45.6,72.6,930,135.9,65.2,-12.0,10.906,14.648,4.199,71.0,74.2,66.0,1597,1,54.0,0.34
387,13,0.0,39.46,1,46.0,72.7,898,136.0,65.2,-11.98,10.898,14.652,4.199,72.0,74.4,66.0,1597,1,54.0,0.34
388,14,0.0,39.71,1,46.1,72.6,873,136.2,65.2,-12.01,10.898,14.652,4.199,72.0,74.5,66.0,1597,1,54.0,0.34
389,14,0.0,39.88,1,45.9,72.6,857,136.4,65.3,-12.0,10.898,14.656,4.199,72.0,74.7,66.0,1597,1,54.0,0.33
390,15,0.0,40.12,1,45.7,72.6,847,136.6,65.3,-12.02,10.898,14.656,4.199,72.0,74.9,66.0,1597,1,54.0,0.34
391,15,0.0,40.2,1,45.800000000000004,72.6,841,136.8,65.1,-12.0,10.898,14.656,4.199,72.0,75.2,66.0,1597,1,54.0,0.34
392,16,0.0,40.27,1,45.800000000000004,72.7,839,136.7,65.1,-11.97,10.906,14.66,4.199,73.0,75.4,66.0,1597,1,54.0,0.34
393,17,0.0,40.45,1,45.800000000000004,72.6,838,136.7,65.1,-12.0,10.914,14.66,4.199,73.0,75.6,66.0,1597,1,54.0,0.34
394,17,0.0,40.4,1,45.800000000000004,72.7,836,136.6,65.2,-11.93,10.922,14.66,4.199,73.0,75.8,66.0,1597,1,54.0,0.34
395,16,0.0,40.21,1,45.9,72.8,837,136.4,65.3,-11.94,10.93,14.664,4.199,73.0,76.0,66.0,1597,1,54.0,0.34
396,16,0.0,40.44,1,45.800000000000004,72.7,838,136.3,65.3,-11.89,10.953,14.664,4.199,74.0,76.1,66.0,1597,1,54.0,0.34
397,15,0.0,40.5,1,45.800000000000004,72.8,838,136.2,65.3,-11.87,10.977,14.664,4.199,74.0,76.2,66.0,1597,1,54.0,0.34
398,14,0.0,40.38,1,45.800000000000004,72.8,840,136.2,65.4,-11.95,10.984,14.66,4.199,74.0,76.4,66.0,1597,1,54.0,0.34
399,13,0.0,40.2,1,45.6,72.8,840,136.3,65.3,-12.03,11.008,14.66,4.199,74.0,76.5,66.0,1597,1,54.0,0.34
400,13,0.0,40.23,1,45.6,72.8,840,136.3,65.2,-8.45,11.016,14.66,4.199,74.0,76.6,66.0,1597,1,54.0,0.35
401,13,0.0,41.82,1,51.7,78.4,861,136.4,67.5,-7.43,11.031,14.66,4.199,74.0,76.7,66.0,1597,1,54.0,0.34
402,13,0.0,43.76,1,57.199999999999996,80.10000000000001,911,136.4,68.5,-5.09,11.047,14.66,4.199,74.0,76.8,66.0,1597,1,54.0,0.34
403,14,0.0,42.25,1,63.6,82.19999999999999,951,136.3,70.1,-4.95,11.07,14.656,4.199,74.0,76.9,66.0,1597,1,54.0,0.34
404,15,0.0,42.0,1,65.2,82.3,981,136.3,70.5,-5.43,11.102,14.66,4.199,74.0,77.0,66.0,1597,1,54.0,0.34
405,16,0.0,44.91,1,70.3,86.4,1000,136.2,72.1,4.61,11.125,14.66,4.199,75.0,77.1,66.0,1597,1,54.0,0.35
406,19,0.0,43.97,1,79.2,88.3,1073,136.2,74.6,30.02,11.188,14.66,4.199,76.0,77.2,66.0,1597,1,54.0,0.35
407,22,0.0,46.32,1,92.7,94.89999999999999,1154,136.0,79.6,38.22,11.203,14.66,4.199,76.0,77.3,66.0,1597,1,54.0,0.35
408,26,0.0,44.96,1,96.39999999999999,94.5,1254,135.7,81.8,37.99,11.203,14.66,4.199,76.0,77.4,66.0,1597,1,54.0,0.36
409,31,0.0,44.34,1,96.7,94.5,1338,135.1,82.5,37.82,11.203,14.66,4.199,76.0,77.5,66.0,1597,1,53.9,0.36
410,35,0.0,44.23,1,96.6,94.39999999999999,1367,134.4,82.4,37.84,11.203,14.66,4.199,76.0,77.6,66.0,1597,1,53.9,0.36
411,40,0.0,44.85,1,96.7,94.39999999999999,1380,133.3,81.9,37.85,11.203,14.66,4.199,76.0,77.7,66.0,1597,1,53.9,0.35
412,45,0.0,44.56,1,96.7,94.3,1387,131.8,81.5,37.91,11.203,14.66,4.199,76.0,77.8,66.0,1597,1,53.9,0.36
413,49,0.0,44.41,1,96.7,94.3,1392,130.0,81.4,37.91,11.203,14.66,4.199,76.0,78.0,66.0,1597,1,53.9,0.35
414,54,0.0,44.15,1,96.7,94.3,1396,128.6,81.4,37.84,11.203,14.66,4.199,76.0,78.1,66.0,1597,1,53.9,0.35
415,58,0.0,44.18,1,96.7,94.19999999999999,1398,128.1,81.3,37.86,11.203,14.66,4.199,76.0,78.2,66.0,1597,1,53.9,0.36
416,62,0.0,44.59,1,96.7,94.19999999999999,1399,127.6,81.3,37.87,11.203,14.66,4.199,76.0,78.4,66.0,1597,1,53.9,0.32
417,66,0.0,44.11,1,96.7,94.1,1399,126.6,81.2,37.88,11.203,14.66,4.199,76.0,78.6,66.0,1597,1,53.9,0.35
418,71,0.0,44.09,1,96.7,94.1,1399,125.7,81.0,37.9,11.203,14.66,4.199,76.0,78.8,66.0,1597,1,53.9,0.37
419,75,0.0,44.29,1,96.7,94.1,1399,124.9,81.2,37.87,11.203,14.66,4.199,76.0,79.0,66.0,1597,1,53.9,0.35
420,79,0.0,43.95,1,96.7,94.19999999999999,1399,124.6,81.1,37.85,11.203,14.66,4.199,76.0,79.2,66.0,1597,1,53.9,0.35
421,83,0.0,43.94,1,96.7,94.19999999999999,1399,124.4,81.1,37.84,11.203,14.66,4.199,77.0,79.4,66.0,1597,1,53.9,0.35
422,86,0.0,43.8,1,96.7,94.19999999999999,1400,124.6,81.2,37.86,11.203,14.66,4.199,77.0,79.7,66.0,1597,1,53.9,0.37
423,90,0.0,43.64,1,96.7,94.19999999999999,1399,124.8,81.6,37.95,11.203,14.66,4.199,77.0,80.0,66.0,1597,1,53.9,0.37
424,91,0.0,43.67,1,96.7,94.1,1400,124.9,81.0,37.85,11.203,14.66,4.199,77.0,80.2,66.0,1597,1,53.9,0.32
425,93,0.0,43.44,1,96.7,94.19999999999999,1400,125.3,81.1,37.86,11.203,14.66,4.199,78.0,80.5,66.0,1597,1,53.9,0.34
426,94,0.0,43.8,1,96.6,94.19999999999999,1400,125.6,81.0,37.84,11.203,14.66,4.199,78.0,80.7,66.0,1597,1,53.9,0.34
427,95,0.0,43.66,1,96.7,94.19999999999999,1399,126.3,80.8,37.82,11.203,14.66,4.199,78.0,80.9,66.0,1597,1,53.9,0.34
428,96,0.0,43.74,1,96.7,94.19999999999999,1399,127.1,81.1,37.89,11.203,14.66,4.199,78.0,81.2,66.0,1597,1,53.9,0.35
429,97,0.0,43.44,1,96.7,94.19999999999999,1399,127.2,81.2,37.88,11.203,14.66,4.199,79.0,81.4,66.0,1597,1,53.9,0.36
430,97,0.0,43.77,1,96.7,94.19999999999999,1399,126.3,81.1,37.83,11.203,14.66,4.199,79.0,81.6,66.0,1597,1,53.9,0.34
431,97,0.0,43.63,1,96.7,94.19999999999999,1399,125.0,81.0,37.85,11.203,14.66,4.199,79.0,81.8,66.0,1597,1,53.9,0.35
432,97,0.0,43.92,1,96.7,94.19999999999999,1399,124.3,81.1,37.85,11.203,14.66,4.199,79.0,82.0,66.0,1597,1,53.9,0.35
433,97,0.0,43.21,1,96.7,94.19999999999999,1398,124.0,80.9,37.82,11.203,14.66,4.199,79.0,82.2,66.0,1597,1,53.8,0.35
434,98,0.0,43.36,1,96.7,94.19999999999999,1397,124.0,80.8,37.86,11.203,14.66,4.199,79.0,82.4,66.0,1597,1,53.8,0.35
435,98,0.0,42.88,1,96.7,94.19999999999999,1396,124.0,81.2,37.88,11.203,14.66,4.199,80.0,82.6,66.0,1597,1,53.9,0.34
436,98,0.0,43.0,1,96.7,94.19999999999999,1395,124.2,81.3,37.88,11.203,14.66,4.199,80.0,82.7,66.0,1597,1,53.8,0.35
437,99,0.0,43.33,1,96.7,94.19999999999999,1395,124.6,81.3,37.89,11.203,14.66,4.199,80.0,82.8,66.0,1597,1,53.9,0.35
438,99,0.025,43.7,1,96.7,94.19999999999999,1395,125.3,81.1,37.85,11.203,14.66,4.199,80.0,82.9,66.0,1597,1,53.8,0.35
439,101,0.025,43.52,1,96.7,94.19999999999999,1394,125.9,81.1,37.88,11.203,14.66,4.199,80.0,82.9,66.0,1597,1,53.8,0.35
440,102,0.075,43.16,1,96.6,94.19999999999999,1392,126.1,81.2,37.89,11.203,14.66,4.199,80.0,82.9,66.0,1597,1,53.8,0.35
441,103,0.075,42.94,1,96.7,94.19999999999999,1392,126.4,81.1,37.16,11.25,14.691,4.199,80.0,82.9,66.0,1597,1,53.8,0.36
442,105,0.1,43.05,1,95.39999999999999,93.60000000000001,1389,126.4,80.6,22.88,11.305,14.723,4.199,80.0,82.9,66.0,1597,1,53.8,0.35
443,106,0.1,43.3,1,95.0,93.5,1378,127.0,80.4,23.01,11.336,14.738,4.199,80.0,82.9,66.0,1597,1,53.8,0.34
444,108,0.125,43.24,1,95.0,93.5,1372,127.8,80.4,23.14,11.359,14.746,4.199,80.0,82.8,66.0,1597,1,53.8,0.34
445,109,0.125,42.98,1,95.0,93.5,1368,128.4,80.3,23.03,11.375,14.75,4.199,80.0,82.7,66.0,1597,1,53.8,0.36
446,110,0.15,42.66,1,95.0,93.5,1366,128.8,80.5,23.03,11.383,14.754,4.199,80.0,82.7,66.0,1597,1,53.8,0.35
447,111,0.15,43.46,1,95.0,93.5,1364,129.3,80.1,23.04,11.398,14.754,4.199,79.0,82.5,66.0,1597,1,53.8,0.34
448,111,0.175,42.82,1,95.0,93.5,1363,129.8,80.1,23.07,11.406,14.746,4.199,79.0,82.4,66.0,1597,1,53.8,0.34
449,112,0.2,42.82,1,95.0,93.60000000000001,1362,130.4,80.1,23.07,11.406,14.734,4.199,79.0,82.2,66.0,1597,1,53.8,0.35
450,112,0.2,42.68,1,95.0,93.5,1361,131.1,80.2,23.08,11.398,14.723,4.199,79.0,82.1,66.0,1597,1,53.8,0.34
451,113,0.225,42.95,1,95.0,93.5,1361,131.8,80.2,23.06,11.391,14.707,4.199,79.0,81.9,66.0,1597,1,53.8,0.34
452,113,0.25,43.08,1,95.0,93.5,1361,132.1,80.1,23.1,11.375,14.691,4.199,79.0,81.7,66.0,1597,1,53.8,0.34
453,113,0.275,43.03,1,95.0,93.5,1360,132.7,80.2,23.06,11.352,14.672,4.199,79.0,81.5,66.0,1597,1,53.8,0.33
454,113,0.3,42.59,1,95.0,93.5,1360,133.2,80.2,23.07,11.32,14.652,4.199,79.0,81.3,66.0,1597,1,53.8,0.34
455,112,0.325,42.69,1,95.0,93.60000000000001,1360,134.1,80.1,23.06,11.281,14.633,4.199,78.0,81.1,66.0,1597,1,53.8,0.34
456,112,0.35,42.6,1,95.1,93.60000000000001,1360,134.7,80.3,23.07,11.234,14.605,4.199,78.0,80.9,66.0,1597,1,53.8,0.33
457,113,0.35,43.06,1,95.1,93.60000000000001,1361,135.2,80.1,23.09,11.18,14.586,4.199,78.0,80.7,66.0,1597,1,53.8,0.33
458,113,0.375,43.31,1,95.1,93.60000000000001,1361,135.7,80.6,23.09,11.125,14.562,4.199,78.0,80.4,66.0,1597,1,53.8,0.34
459,114,0.4,42.89,1,95.1,93.60000000000001,1361,136.1,80.8,23.07,11.062,14.543,4.199,77.0,80.2,66.0,1597,1,53.8,0.33
460,116,0.425,42.88,1,95.19999999999999,93.60000000000001,1360,136.6,80.6,23.09,10.992,14.527,4.199,77.0,80.0,66.0,1597,1,53.8,0.33
461,117,0.425,42.46,1,95.19999999999999,93.60000000000001,1360,137.1,80.9,23.05,10.93,14.512,4.199,77.0,79.8,66.0,1597,1,53.8,0.33
462,118,0.45,42.77,1,95.3,93.60000000000001,1360,137.7,80.8,23.07,10.867,14.5,4.199,77.0,79.6,66.0,1597,1,53.8,0.34
463,118,0.45,42.47,1,95.19999999999999,93.60000000000001,1360,138.1,80.8,23.04,10.812,14.488,4.199,77.0,79.4,66.0,1597,1,53.8,0.33
464,119,0.475,42.84,1,95.3,93.60000000000001,1360,138.8,80.7,23.12,10.758,14.477,4.199,76.0,79.2,66.0,1597,1,53.8,0.34
465,120,0.5,42.85,1,95.3,93.60000000000001,1360,139.5,80.9,23.09,10.703,14.461,4.199,76.0,79.0,66.0,1597,1,53.7,0.34
466,121,0.5,42.5,1,95.3,93.60000000000001,1360,140.0,80.7,23.02,10.648,14.449,4.199,76.0,78.8,66.0,1597,1,53.8,0.33
467,123,0.525,42.78,1,95.39999999999999,93.7,1361,140.5,80.6,23.14,10.594,14.441,4.199,76.0,78.7,66.0,1597,1,53.7,0.33
468,124,0.55,42.59,1,95.3,93.60000000000001,1360,141.2,80.8,23.05,10.539,14.434,4.199,76.0,78.5,66.0,1597,1,53.7,0.34
469,126,0.55,42.59,1,95.39999999999999,93.7,1360,141.7,80.7,23.04,10.492,14.426,4.199,76.0,78.3,66.0,1597,1,53.7,0.34
470,127,0.575,42.71,1,95.39999999999999,93.7,1361,142.1,81.1,23.17,10.445,14.422,4.199,76.0,78.2,66.0,1597,1,53.7,0.35
471,129,0.575,42.68,1,95.39999999999999,93.7,1361,142.8,80.9,23.2,10.406,14.418,4.199,76.0,78.0,66.0,1597,1,53.7,0.35
472,130,0.575,42.89,1,95.39999999999999,93.7,1362,143.2,80.9,23.21,10.367,14.414,4.199,76.0,77.8,66.0,1597,1,53.7,0.33
473,132,0.6,42.43,1,95.39999999999999,93.7,1361,143.6,80.7,23.34,10.344,14.406,4.199,76.0,77.7,66.0,1597,1,53.7,0.34
474,133,0.6,42.8,1,95.5,93.7,1361,143.9,80.9,23.25,10.312,14.406,4.199,76.0,77.5,66.0,1597,1,53.7,0.34
475,135,0.625,42.46,1,95.5,93.7,1361,144.6,81.1,23.36,10.297,14.406,4.199,76.0,77.3,66.0,1597,1,53.7,0.34
476,136,0.625,42.57,1,95.5,93.7,1361,145.0,80.8,23.23,10.281,14.406,4.199,76.0,77.2,66.0,1597,1,53.7,0.34
477,137,0.65,42.9,1,95.5,93.7,1361,145.2,80.9,23.23,10.258,14.402,4.199,75.0,77.0,66.0,1597,1,53.7,0.34
478,138,0.65,42.6,1,95.5,93.7,1361,145.4,80.6,23.24,10.234,14.395,4.199,75.0,76.8,66.0,1597,1,53.7,0.33
479,139,0.675,43.21,1,95.5,93.7,1361,145.8,80.6,23.32,10.227,14.391,4.199,74.0,76.7,66.0,1597,1,53.7,0.34
480,139,0.675,42.66,1,95.5,93.7,1361,146.3,80.7,23.12,10.211,14.379,4.199,74.0,76.5,66.0,1597,1,53.7,0.34
481,140,0.7,42.53,1,95.5,93.7,1361,146.7,80.6,22.09,10.188,14.367,4.199,74.0,76.4,66.0,1597,1,53.6,0.33
482,141,0.725,42.79,1,95.6,93.8,1361,147.1,80.5,21.25,10.164,14.352,4.199,74.0,76.2,66.0,1597,1,53.6,0.33
483,142,0.75,42.92,1,95.5,93.8,1362,147.3,80.7,21.26,10.133,14.344,4.199,74.0,76.0,66.0,1597,1,53.6,0.32
484,144,0.75,42.24,1,95.6,93.8,1362,147.6,81.0,21.16,10.102,14.332,4.199,73.0,75.9,66.0,1597,1,53.6,0.33
485,146,0.775,42.72,1,95.6,93.8,1362,147.8,81.0,21.17,10.062,14.328,4.199,73.0,75.7,66.0,1597,1,53.6,0.32
486,148,0.775,42.57,1,95.6,93.8,1362,148.0,81.0,21.2,10.031,14.328,4.199,73.0,75.6,66.0,1597,1,53.6,0.33
487,151,0.775,42.53,1,95.6,93.8,1362,148.4,80.9,21.23,10.008,14.328,4.199,72.0,75.4,66.0,1597,1,53.6,0.33
488,153,0.8,42.46,1,95.6,93.8,1362,148.7,80.8,21.2,9.992,14.332,4.199,72.0,75.2,66.0,1597,1,53.6,0.35
489,156,0.8,42.8,1,95.6,93.8,1362,149.1,80.6,21.27,9.977,14.332,4.199,72.0,75.1,66.0,1597,1,53.6,0.34
490,158,0.825,42.33,1,95.6,93.8,1362,149.3,80.8,21.23,9.977,14.332,4.199,72.0,74.9,66.0,1597,1,53.6,0.35
491,159,0.825,42.66,1,95.6,93.8,1362,149.5,80.7,21.19,9.969,14.328,4.199,72.0,74.8,66.0,1597,1,53.6,0.33
492,161,0.85,42.87,1,95.6,93.8,1363,150.0,80.9,21.23,9.961,14.32,4.199,72.0,74.6,66.0,1597,1,53.6,0.34
493,162,0.85,42.56,1,95.6,93.8,1362,150.4,80.9,21.21,9.953,14.32,4.199,72.0,74.4,66.0,1597,1,53.6,0.33
494,163,0.875,42.29,1,95.7,93.8,1362,150.8,80.6,21.17,9.945,14.312,4.199,72.0,74.3,66.0,1597,1,53.6,0.34
495,163,0.9,42.74,1,95.7,93.8,1362,151.1,80.7,21.2,9.938,14.309,4.199,72.0,74.1,66.0,1597,1,53.5,0.34
496,164,0.9,42.19,1,95.7,93.8,1362,151.3,80.7,21.18,9.922,14.301,4.199,71.0,73.9,66.0,1597,1,53.5,0.33
497,165,0.925,42.59,1,95.7,93.8,1362,151.6,80.7,21.16,9.906,14.293,4.199,71.0,73.8,66.0,1597,1,53.5,0.33
498,165,0.95,42.54,1,95.7,93.8,1362,151.8,80.8,21.17,9.891,14.285,4.199,71.0,73.6,66.0,1597,1,53.5,0.33
499,165,0.95,42.66,1,95.7,93.8,1362,152.1,80.7,21.2,9.859,14.27,4.199,71.0,73.5,66.0,1597,1,53.5,0.33
500,165,0.975,43.02,1,95.7,93.8,1362,152.3,80.8,21.22,9.828,14.258,4.199,71.0,73.3,66.0,1597,1,53.5,0.33
501,165,1.0,42.69,1,95.7,93.8,1361,152.5,80.6,21.19,9.797,14.238,4.199,71.0,73.2,66.0,1597,1,53.5,0.34
502,165,1.025,42.61,1,95.7,93.8,1361,152.6,80.7,21.2,9.75,14.223,4.199,71.0,73.0,66.0,1597,1,53.5,0.32
503,165,1.05,42.43,1,95.7,93.8,1362,152.8,80.4,21.24,9.695,14.203,4.199,70.0,72.9,66.0,1597,1,53.5,0.33
504,166,1.075,42.32,1,95.8,93.8,1361,153.1,80.4,21.17,9.641,14.184,4.199,70.0,72.8,66.0,1597,1,53.5,0.33
505,166,1.075,42.69,1,95.8,93.8,1362,153.4,80.6,21.19,9.578,14.164,4.199,70.0,72.7,66.0,1597,1,53.5,0.33
506,167,1.1,43.1,1,95.8,93.8,1362,153.6,80.8,21.19,9.516,14.148,4.199,70.0,72.5,66.0,1597,1,53.5,0.33
507,168,1.125,42.67,1,95.89999999999999,93.89999999999999,1362,153.9,80.8,21.2,9.445,14.129,4.199,69.0,72.4,66.0,1597,1,53.5,0.33
508,169,1.125,42.62,1,95.89999999999999,93.89999999999999,1362,154.3,80.8,21.21,9.383,14.117,4.199,69.0,72.2,66.0,1597,1,53.4,0.33
509,169,1.15,42.75,1,95.89999999999999,93.8,1362,154.6,80.8,21.22,9.312,14.102,4.199,69.0,72.1,66.0,1597,1,53.4,0.33
510,171,1.175,42.31,1,95.89999999999999,93.89999999999999,1362,154.8,80.8,20.77,9.258,14.094,4.199,69.0,72.0,66.0,1597,1,53.4,0.33
511,172,1.175,42.24,1,95.6,93.7,1362,155.0,80.6,19.65,9.188,14.086,4.199,69.0,71.9,66.0,1597,1,53.4,0.33
512,173,1.2,41.91,1,94.8,93.30000000000001,1358,155.2,80.6,19.06,9.125,14.078,4.199,69.0,71.8,66.0,1597,1,53.4,0.34
513,174,1.2,42.47,1,94.39999999999999,93.2,1350,155.5,80.0,19.0,9.07,14.074,4.199,69.0,71.7,66.0,1597,1,53.4,0.33
514,176,1.225,42.11,1,94.39999999999999,93.2,1344,155.8,79.7,19.26,9.016,14.074,4.199,69.0,71.6,66.0,1597,1,53.4,0.33
515,177,1.225,42.35,1,94.8,93.4,1342,156.0,80.2,20.19,8.977,14.074,4.199,69.0,71.5,66.0,1597,1,53.4,0.33
516,179,1.225,42.54,1,95.5,93.7,1346,156.4,80.6,20.52,8.945,14.078,4.199,69.0,71.4,66.0,1597,1,53.4,0.33
517,181,1.25,42.57,1,95.7,93.8,1351,156.5,80.7,20.45,8.938,14.086,4.199,69.0,71.2,66.0,1597,1,53.4,0.34
518,183,1.25,42.31,1,95.7,93.8,1355,156.8,80.6,20.44,8.922,14.094,4.199,68.0,71.1,66.0,1597,1,53.4,0.33
519,185,1.25,42.75,1,95.7,93.8,1356,157.1,80.7,20.43,8.914,14.102,4.199,67.0,71.0,67.0,1597,1,53.3,0.33
520,187,1.25,42.35,1,95.6,93.7,1357,157.4,80.5,20.43,8.922,14.117,4.199,67.0,70.9,66.0,1597,1,53.4,0.33
521,189,1.25,42.84,1,95.6,93.8,1358,157.5,80.4,20.44,8.93,14.129,4.199,67.0,70.8,66.0,1597,1,53.3,0.33
522,192,1.25,42.32,1,95.7,93.8,1358,157.7,80.7,20.46,8.945,14.148,4.199,67.0,70.7,66.0,1597,1,53.3,0.34
523,194,1.275,42.65,1,95.6,93.8,1358,157.8,80.5,20.48,8.969,14.164,4.199,67.0,70.6,67.0,1597,1,53.3,0.33
524,196,1.275,42.36,1,95.6,93.8,1359,157.7,80.6,20.43,9.0,14.184,4.199,67.0,70.5,67.0,1597,1,53.3,0.34
525,198,1.275,42.25,1,95.6,93.8,1359,158.1,80.6,20.45,9.047,14.203,4.199,67.0,70.4,67.0,1597,1,53.3,0.33
526,200,1.275,42.43,1,95.6,93.8,1358,158.2,80.8,20.45,9.102,14.223,4.199,67.0,70.3,67.0,1597,1,53.3,0.33
527,202,1.275,42.75,1,95.5,93.8,1358,158.4,80.5,20.65,9.172,14.242,4.199,67.0,70.2,67.0,1597,1,53.3,0.33
528,204,1.275,42.39,1,95.8,93.89999999999999,1358,158.7,80.6,21.07,9.25,14.262,4.199,67.0,70.1,67.0,1597,1,53.3,0.32
529,206,1.275,42.6,1,95.89999999999999,94.0,1361,158.7,80.9,21.14,9.328,14.281,4.199,67.0,69.9,67.0,1597,1,53.3,0.32
530,208,1.275,42.38,1,95.8,93.89999999999999,1363,159.0,80.9,21.19,9.406,14.301,4.199,67.0,69.9,67.0,1597,1,53.2,0.32
531,210,1.275,42.49,1,95.8,93.89999999999999,1364,159.2,80.9,21.19,9.5,14.32,4.199,67.0,69.7,67.0,1597,1,53.2,0.32
532,213,1.275,42.52,1,95.8,93.89999999999999,1364,159.3,80.8,21.11,9.586,14.34,4.199,67.0,69.6,67.0,1597,1,53.2,0.32
533,215,1.275,42.63,1,95.7,93.89999999999999,1363,159.2,80.7,21.1,9.68,14.359,4.199,67.0,69.5,67.0,1597,1,53.2,0.33
534,217,1.275,42.89,1,95.7,93.89999999999999,1362,159.3,80.9,21.16,9.773,14.379,4.199,67.0,69.4,67.0,1597,1,53.2,0.33
535,219,1.275,42.76,1,95.6,93.89999999999999,1363,159.3,80.8,21.14,9.875,14.398,4.199,67.0,69.3,67.0,1597,1,53.2,0.32
536,221,1.275,42.57,1,95.6,93.89999999999999,1362,159.5,80.8,21.14,9.977,14.418,4.199,67.0,69.2,67.0,1597,1,53.2,0.32
537,223,1.275,42.44,1,95.5,93.89999999999999,1362,159.6,80.7,21.19,10.07,14.438,4.199,67.0,69.1,67.0,1597,1,53.1,0.33
538,226,1.275,42.46,1,95.5,93.8,1361,159.6,80.5,21.16,10.172,14.457,4.199,67.0,69.0,67.0,1597,1,53.1,0.32
539,228,1.275,42.49,1,95.5,93.8,1361,159.7,80.4,21.16,10.273,14.48,4.199,66.0,68.9,67.0,1597,1,53.1,0.31
540,230,1.275,42.24,1,95.39999999999999,93.8,1361,159.8,80.7,21.14,10.375,14.5,4.199,66.0,68.8,67.0,1597,1,53.1,0.32
541,232,1.275,42.82,1,95.39999999999999,93.8,1360,159.9,80.4,21.19,10.477,14.516,4.199,66.0,68.7,67.0,1597,1,53.1,0.32
542,234,1.275,42.3,1,95.3,93.8,1360,160.1,80.4,21.18,10.594,14.535,4.199,66.0,68.6,67.0,1597,1,53.1,0.32
543,236,1.275,42.1,1,95.3,93.8,1359,160.4,80.7,21.16,10.695,14.547,4.199,66.0,68.5,67.0,1597,1,53.1,0.32
544,238,1.275,42.7,1,95.3,93.8,1359,160.4,80.5,21.12,10.805,14.562,4.199,66.0,68.4,67.0,1597,1,53.0,0.32
545,240,1.275,42.4,1,95.19999999999999,93.8,1358,160.5,80.6,21.19,10.906,14.578,4.199,66.0,68.3,67.0,1597,1,53.0,0.32
546,242,1.275,42.55,1,95.19999999999999,93.8,1358,160.8,80.2,21.18,11.016,14.594,4.199,66.0,68.2,67.0,1597,1,53.0,0.32
547,244,1.275,42.56,1,95.1,93.8,1357,160.8,80.4,21.18,11.117,14.613,4.199,66.0,68.1,67.0,1597,1,53.0,0.32
548,246,1.275,42.81,1,95.1,93.7,1357,160.6,80.5,21.09,11.211,14.625,4.199,66.0,68.1,67.0,1597,1,53.0,0.32
549,247,1.275,42.54,1,95.0,93.7,1356,160.8,80.4,21.21,11.305,14.641,4.199,66.0,68.0,67.0,1597,1,53.0,0.31
550,249,1.275,42.66,1,95.0,93.7,1355,160.8,80.3,21.13,11.391,14.652,4.199,66.0,67.9,67.0,1597,1,53.0,0.31
551,251,1.275,42.13,1,94.89999999999999,93.7,1355,160.9,80.4,20.23,11.484,14.668,4.199,66.0,67.8,67.0,1598,1,52.9,0.31
552,253,1.3,42.31,1,94.1,93.30000000000001,1353,160.9,79.9,19.17,11.57,14.68,4.199,66.0,67.8,67.0,1598,1,52.9,0.31
553,254,1.3,42.2,1,93.4,92.9,1345,160.9,79.6,18.68,11.641,14.691,4.199,65.0,67.7,67.0,1598,1,52.9,0.31
554,255,1.3,42.49,1,93.0,92.9,1337,161.1,79.1,18.66,11.719,14.703,4.199,66.0,67.7,67.0,1598,1,52.9,0.32
555,257,1.3,42.42,1,93.0,92.9,1331,161.3,78.9,18.66,11.797,14.711,4.199,65.0,67.6,67.0,1598,1,52.9,0.31
556,258,1.3,41.95,1,92.9,92.80000000000001,1328,161.6,79.2,18.64,11.875,14.723,4.199,65.0,67.5,67.0,1598,1,52.9,0.32
557,259,1.3,42.22,1,92.80000000000001,92.80000000000001,1326,161.9,79.3,17.93,11.945,14.73,4.199,65.0,67.5,67.0,1598,1,52.8,0.32
558,260,1.3,42.3,1,92.2,92.5,1322,162.1,78.9,17.59,12.023,14.738,4.199,65.0,67.4,67.0,1598,1,52.8,0.31
559,261,1.3,42.36,1,92.0,92.5,1317,162.2,78.8,17.44,12.078,14.75,4.199,65.0,67.4,67.0,1598,1,52.8,0.32
560,262,1.3,41.75,1,91.7,92.30000000000001,1313,162.4,78.7,16.64,12.148,14.754,4.199,65.0,67.3,67.0,1598,1,52.8,0.32
561,263,1.3,41.86,1,91.0,92.0,1308,162.7,78.6,16.13,12.211,14.766,4.199,65.0,67.3,67.0,1598,1,52.8,0.31
562,264,1.3,42.21,1,90.7,91.9,1301,163.2,78.2,16.09,12.258,14.773,4.199,65.0,67.2,67.0,1598,1,52.8,0.31
563,265,1.3,41.91,1,90.60000000000001,91.9,1297,163.5,78.2,16.09,12.312,14.777,4.199,65.0,67.2,67.0,1598,1,52.8,0.32
564,266,1.3,41.95,1,90.60000000000001,91.9,1294,163.8,78.1,16.1,12.359,14.781,4.199,64.0,67.1,67.0,1598,1,52.8,0.31
565,266,1.3,42.15,1,90.60000000000001,91.9,1293,164.1,78.1,16.13,12.422,14.785,4.199,64.0,67.1,67.0,1598,1,52.8,0.32
566,267,1.3,42.2,1,90.60000000000001,91.9,1292,164.5,78.2,16.08,12.477,14.789,4.199,64.0,67.1,67.0,1598,1,52.7,0.3
567,268,1.3,42.4,1,90.60000000000001,91.9,1291,164.8,78.2,16.12,12.523,14.793,4.199,64.0,67.0,67.0,1598,1,52.7,0.31
568,268,1.3,41.9,1,90.60000000000001,91.9,1290,165.1,78.2,16.14,12.57,14.797,4.199,64.0,67.0,67.0,1598,1,52.7,0.31
569,269,1.3,41.98,1,90.60000000000001,91.9,1289,165.4,78.1,16.07,12.602,14.801,4.199,64.0,67.0,67.0,1598,1,52.7,0.3
570,270,1.3,42.27,1,90.5,91.9,1290,165.8,78.1,16.11,12.641,14.805,4.199,64.0,66.9,67.0,1598,1,52.7,0.31
571,270,1.3,42.45,1,90.60000000000001,91.9,1290,165.9,78.2,16.05,12.672,14.809,4.199,64.0,66.9,67.0,1598,1,52.7,0.3
572,271,1.3,42.05,1,90.3,91.8,1289,165.8,78.1,15.49,12.703,14.813,4.199,64.0,66.9,67.0,1598,1,52.7,0.29
573,271,1.3,42.43,1,90.10000000000001,91.7,1286,165.8,78.0,15.39,12.734,14.816,4.199,64.0,66.8,67.0,1598,1,52.7,0.3
574,272,1.3,41.96,1,90.0,91.7,1284,166.0,78.1,15.27,12.766,14.82,4.199,64.0,66.8,67.0,1598,1,52.7,0.31
575,272,1.3,42.04,1,89.7,91.5,1282,166.1,77.8,14.73,12.789,14.82,4.199,64.0,66.8,67.0,1598,1,52.7,0.31
576,272,1.3,42.0,1,89.3,91.4,1277,166.6,77.4,14.62,12.812,14.82,4.199,64.0,66.7,67.0,1598,1,52.7,0.3
577,273,1.3,41.78,1,89.2,91.3,1274,166.7,77.7,14.59,12.836,14.82,4.199,64.0,66.7,67.0,1598,1,52.7,0.3
578,273,1.3,42.17,1,89.2,91.4,1273,167.1,77.3,14.59,12.859,14.824,4.199,64.0,66.7,67.0,1598,1,52.6,0.31
579,273,1.3,41.9,1,89.3,91.4,1272,167.2,77.3,14.59,12.883,14.828,4.199,64.0,66.7,67.0,1598,1,52.6,0.31
580,273,1.3,41.91,1,89.2,91.4,1271,167.3,77.8,14.61,12.906,14.828,4.199,64.0,66.7,67.0,1598,1,52.6,0.3
581,273,1.3,41.86,1,89.2,91.4,1270,167.4,77.6,14.57,12.93,14.828,4.199,64.0,66.6,67.0,1598,1,52.6,0.29
582,273,1.3,41.9,1,89.2,91.4,1270,167.5,77.6,14.23,12.945,14.832,4.199,64.0,66.6,67.0,1598,1,52.6,0.3
583,274,1.3,42.25,1,88.8,91.2,1268,167.7,77.5,13.87,12.961,14.832,4.199,64.0,66.6,67.0,1598,1,52.6,0.3
584,274,1.3,42.04,1,88.5,91.10000000000001,1265,167.7,77.3,13.82,12.969,14.832,4.199,64.0,66.6,67.0,1598,1,52.6,0.3
585,274,1.3,41.97,1,88.5,91.10000000000001,1263,167.8,77.4,13.8,12.984,14.832,4.199,64.0,66.6,67.0,1598,1,52.6,0.3
586,274,1.325,41.93,1,88.5,91.10000000000001,1261,168.0,77.6,13.83,13.0,14.832,4.199,64.0,66.6,67.0,1598,1,52.6,0.3
587,274,1.325,41.87,1,88.5,91.10000000000001,1261,168.1,77.2,13.81,13.008,14.832,4.199,64.0,66.6,67.0,1598,1,52.6,0.3
588,274,1.325,41.64,1,88.5,91.10000000000001,1261,168.2,77.3,13.85,13.016,14.828,4.199,64.0,66.5,67.0,1598,1,52.6,0.3
589,274,1.325,41.85,1,88.5,91.10000000000001,1261,168.3,77.4,13.84,13.016,14.832,4.199,64.0,66.5,67.0,1598,1,52.6,0.3
590,274,1.325,41.95,1,88.5,91.10000000000001,1260,168.3,77.6,13.82,13.023,14.836,4.199,64.0,66.5,67.0,1598,1,52.6,0.29
591,274,1.325,42.0,1,88.5,91.0,1260,168.4,77.7,13.81,13.023,14.832,4.198,64.0,66.5,67.0,1598,1,52.6,0.3
592,274,1.325,41.95,1,88.5,91.10000000000001,1260,168.5,77.5,13.82,13.023,14.828,4.199,64.0,66.5,67.0,1598,1,52.6,0.3
593,274,1.325,42.14,1,88.6,91.10000000000001,1260,168.7,77.6,13.95,13.016,14.832,4.199,64.0,66.5,67.0,1598,1,52.6,0.3
594,274,1.325,42.2,1,88.6,91.10000000000001,1261,168.7,77.6,13.86,13.023,14.832,4.199,64.0,66.5,67.0,1598,1,52.6,0.3
595,273,1.325,41.88,1,88.5,91.10000000000001,1260,168.8,77.5,13.82,13.023,14.832,4.199,64.0,66.5,67.0,1598,1,52.6,0.3
596,273,1.325,41.98,1,88.5,91.10000000000001,1261,168.7,77.7,14.05,13.023,14.828,4.198,64.0,66.5,67.0,1598,1,52.6,0.31
597,273,1.325,42.05,1,89.0,91.3,1261,168.7,77.6,15.05,13.031,14.828,4.199,64.0,66.5,67.0,1598,1,52.6,0.3
598,273,1.325,42.29,1,89.7,91.60000000000001,1266,168.8,78.0,15.54,13.031,14.824,4.199,64.0,66.4,67.0,1598,1,52.6,0.3
599,273,1.325,42.26,1,90.0,91.7,1272,168.7,78.2,15.58,13.039,14.824,4.199,64.0,66.4,67.0,1598,1,52.6,0.3
600,273,1.325,42.26,1,90.0,91.7,1276,168.7,78.2,15.55,13.047,14.824,4.199,64.0,66.4,67.0,1598,1,52.5,0.29
601,273,1.325,42.02,1,90.0,91.7,1278,168.8,78.4,15.59,13.047,14.824,4.199,64.0,66.4,67.0,1598,1,52.5,0.3
602,273,1.325,42.04,1,90.0,91.7,1279,168.7,78.5,15.57,13.055,14.82,4.199,64.0,66.4,67.0,1598,1,52.5,0.31
603,273,1.325,41.67,1,90.0,91.60000000000001,1280,168.5,78.3,15.64,13.055,14.816,4.199,64.0,66.4,67.0,1598,1,52.5,0.31
604,274,1.325,42.17,1,90.0,91.7,1281,168.5,78.3,15.57,13.055,14.816,4.199,64.0,66.4,67.0,1598,1,52.5,0.3
605,274,1.325,42.13,1,90.0,91.60000000000001,1281,168.5,78.2,15.61,13.055,14.816,4.199,64.0,66.4,67.0,1598,1,52.5,0.3
606,274,1.325,42.07,1,90.0,91.7,1281,168.4,78.2,15.6,13.055,14.813,4.199,64.0,66.4,67.0,1598,1,52.5,0.3
607,274,1.325,42.13,1,90.10000000000001,91.8,1281,168.4,78.3,16.29,13.047,14.813,4.199,64.0,66.4,67.0,1598,1,52.5,0.31
608,274,1.325,42.07,1,90.60000000000001,91.9,1284,168.4,78.2,16.38,13.039,14.813,4.199,64.0,66.4,67.0,1598,1,52.5,0.3
609,274,1.35,42.0,1,90.7,91.9,1288,168.2,78.3,16.39,13.031,14.809,4.199,64.0,66.4,67.0,1598,1,52.5,0.3
610,274,1.35,42.09,1,90.7,91.9,1289,168.2,78.6,16.42,13.016,14.809,4.199,64.0,66.4,67.0,1598,1,52.5,0.3
611,274,1.35,41.98,1,90.7,91.9,1291,168.0,78.3,16.39,13.008,14.805,4.199,64.0,66.4,67.0,1598,1,52.5,0.31
612,274,1.35,42.25,1,90.7,91.9,1292,168.0,78.3,16.36,12.984,14.801,4.199,64.0,66.4,67.0,1598,1,52.5,0.3
613,274,1.35,42.13,1,90.7,92.0,1292,167.9,78.4,16.44,12.969,14.801,4.199,64.0,66.4,67.0,1598,1,52.5,0.3
614,274,1.35,42.01,1,90.7,91.9,1292,167.9,78.3,16.39,12.945,14.801,4.199,64.0,66.4,67.0,1598,1,52.5,0.3
615,274,1.35,41.97,1,90.8,91.9,1293,167.9,78.2,16.38,12.922,14.797,4.199,64.0,66.4,67.0,1598,1,52.5,0.3
616,274,1.35,41.92,1,90.7,91.9,1293,167.8,78.4,16.39,12.898,14.797,4.199,64.0,66.4,67.0,1598,1,52.5,0.3
617,274,1.35,42.13,1,90.8,91.9,1293,167.8,78.6,16.41,12.875,14.793,4.198,64.0,66.4,67.0,1599,1,52.5,0.31
618,274,1.35,42.62,1,90.7,91.9,1293,167.8,78.3,16.43,12.859,14.793,4.199,64.0,66.4,67.0,1599,1,52.5,0.3
619,274,1.35,42.2,1,90.7,91.9,1293,167.7,78.5,16.39,12.844,14.793,4.199,64.0,66.4,67.0,1599,1,52.5,0.3
620,274,1.35,42.25,1,90.7,91.9,1293,167.6,78.4,16.37,12.836,14.793,4.199,64.0,66.4,67.0,1599,1,52.5,0.3
621,274,1.35,42.05,1,90.7,91.9,1293,167.5,78.4,16.38,12.82,14.797,4.199,64.0,66.4,67.0,1599,1,52.5,0.31
622,273,1.375,42.53,1,90.7,91.9,1293,167.4,78.5,16.39,12.82,14.797,4.199,64.0,66.4,67.0,1599,1,52.5,0.3
623,273,1.375,42.55,1,90.7,92.0,1293,167.2,78.3,16.24,12.812,14.797,4.198,64.0,66.3,67.0,1599,1,52.5,0.3
624,273,1.375,41.89,1,90.5,91.8,1294,167.1,78.2,15.44,12.812,14.797,4.199,64.0,66.3,67.0,1599,1,52.5,0.3
625,273,1.375,41.42,1,89.7,91.4,1290,167.1,77.7,14.27,12.812,14.797,4.199,64.0,66.4,67.0,1599,1,52.5,0.31
626,272,1.375,42.45,1,88.9,91.10000000000001,1281,167.3,77.6,13.88,12.797,14.793,4.199,64.0,66.3,67.0,1599,1,52.5,0.3
627,272,1.375,41.87,1,88.6,91.0,1273,167.3,77.4,13.81,12.797,14.793,4.199,64.0,66.3,67.0,1599,1,52.5,0.3
628,271,1.375,41.88,1,88.6,91.0,1267,167.5,77.2,13.8,12.789,14.789,4.199,64.0,66.3,67.0,1599,1,52.5,0.3
629,271,1.375,41.88,1,88.5,91.0,1265,167.6,77.2,13.8,12.781,14.785,4.199,64.0,66.3,67.0,1599,1,52.5,0.3
630,271,1.375,42.03,1,88.6,91.10000000000001,1264,167.8,77.3,13.84,12.766,14.785,4.199,64.0,66.3,67.0,1599,1,52.5,0.3
631,270,1.375,41.66,1,88.5,90.9,1263,167.9,77.2,13.1,12.766,14.785,4.199,64.0,66.3,67.0,1599,1,52.5,0.31
632,270,1.375,41.71,1,87.9,90.7,1260,167.9,77.0,12.88,12.758,14.785,4.199,64.0,66.3,67.0,1599,1,52.5,0.3
633,270,1.375,41.83,1,87.9,90.8,1257,168.0,77.1,12.91,12.75,14.785,4.199,64.0,66.2,67.0,1599,1,52.6,0.29
634,269,1.375,41.73,1,87.8,90.7,1254,168.1,76.8,12.89,12.742,14.781,4.199,64.0,66.3,67.0,1599,1,52.6,0.3
635,269,1.375,42.13,1,87.8,90.8,1253,168.2,76.8,12.85,12.727,14.781,4.199,64.0,66.2,67.0,1599,1,52.5,0.3
636,268,1.375,41.65,1,87.8,90.7,1252,168.4,76.8,12.94,12.727,14.777,4.199,64.0,66.2,67.0,1599,1,52.6,0.3
637,268,1.375,41.92,1,87.8,90.7,1251,168.4,76.7,12.89,12.719,14.773,4.199,64.0,66.2,67.0,1599,1,52.6,0.31
638,267,1.375,41.7,1,87.8,90.7,1251,168.6,77.0,12.96,12.703,14.777,4.199,64.0,66.2,67.0,1599,1,52.6,0.31
639,267,1.375,41.86,1,88.1,90.9,1252,168.7,76.8,13.39,12.695,14.777,4.198,64.0,66.2,67.0,1599,1,52.6,0.31
640,267,1.375,42.21,1,88.2,90.9,1254,168.9,76.9,13.47,12.695,14.777,4.199,64.0,66.1,67.0,1599,1,52.6,0.3
641,267,1.375,42.26,1,88.3,90.9,1255,169.0,77.4,13.5,12.688,14.777,4.199,64.0,66.1,67.0,1599,1,52.6,0.3
642,266,1.375,41.84,1,88.3,90.9,1256,169.1,77.2,13.58,12.688,14.773,4.199,64.0,66.1,67.0,1599,1,52.6,0.3
643,266,1.375,42.06,1,88.6,91.10000000000001,1257,169.1,77.5,14.26,12.688,14.773,4.198,64.0,66.1,67.0,1599,1,52.6,0.3
644,266,1.375,41.88,1,89.0,91.2,1260,169.2,77.5,14.34,12.68,14.773,4.198,64.0,66.1,67.0,1599,1,52.6,0.3
645,266,1.375,41.96,1,89.1,91.3,1264,169.2,77.7,14.37,12.672,14.77,4.199,64.0,66.1,67.0,1599,1,52.6,0.31
646,267,1.375,41.8,1,89.1,91.2,1266,169.1,77.6,14.4,12.672,14.77,4.199,64.0,66.0,67.0,1599,1,52.6,0.29
647,267,1.375,42.46,1,89.1,91.2,1267,169.2,77.7,14.35,12.672,14.773,4.199,64.0,66.0,67.0,1599,1,52.6,0.3
648,267,1.375,41.96,1,89.1,91.3,1268,168.9,78.0,14.34,12.664,14.773,4.199,64.0,66.0,67.0,1599,1,52.6,0.3
649,267,1.375,41.81,1,89.0,91.2,1268,168.8,77.8,14.36,12.656,14.77,4.198,64.0,66.0,67.0,1599,1,52.6,0.3
650,267,1.375,41.68,1,89.1,91.2,1268,168.8,77.9,14.38,12.648,14.77,4.199,64.0,66.0,67.0,1599,1,52.6,0.3
651,267,1.375,41.87,1,89.0,91.2,1268,168.8,77.8,14.37,12.641,14.77,4.199,64.0,66.0,67.0,1599,1,52.6,0.3
652,267,1.375,42.43,1,89.0,91.2,1268,168.7,77.6,14.29,12.641,14.77,4.199,63.0,66.0,67.0,1599,1,52.6,0.3
653,267,1.375,41.91,1,89.0,91.2,1268,168.6,77.6,14.36,12.633,14.773,4.199,63.0,66.0,67.0,1599,1,52.6,0.29
654,267,1.375,42.14,1,89.1,91.2,1268,168.5,78.0,14.38,12.633,14.773,4.199,64.0,65.9,67.0,1599,1,52.6,0.3
655,267,1.375,42.07,1,89.1,91.3,1268,168.4,77.9,14.4,12.625,14.773,4.199,64.0,65.9,67.0,1599,1,52.6,0.3
656,267,1.375,41.65,1,89.1,91.2,1268,168.4,77.6,14.38,12.617,14.773,4.198,64.0,65.9,67.0,1599,1,52.6,0.3
657,267,1.375,42.04,1,89.1,91.2,1268,168.4,77.7,14.39,12.617,14.773,4.198,64.0,65.9,67.0,1599,1,52.6,0.3
658,267,1.375,42.06,1,89.1,91.2,1268,168.5,77.9,14.36,12.617,14.773,4.199,64.0,65.9,67.0,1599,1,52.6,0.3
659,267,1.375,41.86,1,89.1,91.2,1269,168.4,77.7,14.34,12.617,14.777,4.199,63.0,65.9,67.0,1599,1,52.6,0.3
660,267,1.375,41.99,1,89.1,91.2,1269,168.3,77.8,14.35,12.609,14.777,4.199,64.0,65.9,67.0,1599,1,52.6,0.3
661,267,1.375,42.32,1,89.1,91.3,1269,168.3,77.7,14.39,12.609,14.777,4.199,64.0,65.9,67.0,1599,1,52.6,0.3
662,267,1.375,41.83,1,89.1,91.2,1269,168.3,77.7,14.34,12.609,14.777,4.199,64.0,65.9,67.0,1599,1,52.6,0.3
663,267,1.375,41.69,1,89.0,91.2,1269,168.3,77.6,13.91,12.609,14.781,4.199,63.0,65.9,67.0,1599,1,52.6,0.3
664,267,1.375,41.75,1,88.6,90.9,1268,168.2,77.5,13.25,12.602,14.781,4.199,63.0,65.8,67.0,1599,1,52.6,0.29
665,267,1.375,41.85,1,88.2,90.9,1263,168.2,77.3,13.22,12.602,14.781,4.198,64.0,65.8,67.0,1599,1,52.6,0.3
666,267,1.375,41.84,1,88.2,90.9,1260,168.2,77.1,13.22,12.602,14.781,4.199,64.0,65.8,67.0,1599,1,52.6,0.3
667,267,1.375,41.84,1,88.1,90.8,1258,168.4,77.2,13.24,12.602,14.777,4.199,64.0,65.8,67.0,1599,1,52.6,0.3
668,267,1.375,41.84,1,88.2,90.9,1256,168.4,77.4,13.24,12.594,14.773,4.199,64.0,65.8,67.0,1599,1,52.6,0.31
669,267,1.375,41.79,1,88.1,90.8,1256,168.4,77.3,13.18,12.586,14.773,4.199,63.0,65.8,67.0,1599,1,52.6,0.3
670,267,1.375,41.68,1,88.2,90.9,1256,168.2,77.5,13.26,12.586,14.777,4.199,63.0,65.8,67.0,1599,1,52.6,0.31
671,267,1.375,41.64,1,88.1,90.8,1256,168.2,77.2,13.2,12.578,14.777,4.199,64.0,65.8,67.0,1599,1,52.6,0.31
672,267,1.375,41.79,1,88.1,90.9,1256,168.3,77.3,13.18,12.578,14.777,4.198,63.0,65.8,67.0,1599,1,52.6,0.31
673,267,1.375,42.03,1,88.2,90.9,1255,168.4,77.3,13.26,12.57,14.777,4.198,63.0,65.8,67.0,1599,1,52.6,0.3
674,267,1.375,41.81,1,88.2,90.8,1256,168.4,77.2,13.22,12.57,14.777,4.198,63.0,65.8,67.0,1599,1,52.6,0.31
675,267,1.375,41.87,1,88.2,90.8,1256,168.4,77.2,13.26,12.57,14.777,4.199,64.0,65.8,67.0,1599,1,52.6,0.31
676,267,1.375,41.78,1,88.2,90.9,1255,168.5,77.0,13.26,12.57,14.781,4.199,64.0,65.8,67.0,1599,1,52.6,0.31
677,267,1.375,41.75,1,88.2,90.9,1255,168.6,77.2,13.29,12.578,14.781,4.199,63.0,65.8,67.0,1599,1,52.6,0.31
678,267,1.375,41.82,1,88.2,90.9,1256,168.5,77.3,13.23,12.578,14.781,4.199,64.0,65.8,67.0,1600,1,52.6,0.3
679,267,1.375,42.07,1,88.1,90.8,1256,168.5,77.1,13.23,12.578,14.781,4.199,63.0,65.7,67.0,1600,1,52.6,0.31
680,267,1.375,41.76,1,88.2,90.9,1256,168.3,77.3,13.22,12.578,14.781,4.199,63.0,65.7,67.0,1600,1,52.6,0.3
681,267,1.375,41.78,1,88.2,90.9,1255,168.4,77.1,13.22,12.578,14.777,4.199,63.0,65.7,67.0,1600,1,52.6,0.3
682,267,1.375,41.98,1,88.1,90.8,1256,168.5,77.2,13.24,12.578,14.781,4.199,63.0,65.7,67.0,1600,1,52.6,0.31
683,267,1.375,41.8,1,88.1,90.8,1256,168.5,77.2,13.2,12.586,14.781,4.199,64.0,65.8,67.0,1600,1,52.6,0.31
684,267,1.375,41.76,1,88.1,90.8,1256,168.6,77.2,13.22,12.586,14.781,4.199,63.0,65.7,67.0,1600,1,52.6,0.31
685,267,1.375,41.82,1,88.2,90.9,1256,168.6,77.3,13.23,12.57,14.781,4.199,63.0,65.7,67.0,1600,1,52.6,0.31
686,266,1.375,41.81,1,88.1,90.8,1256,168.5,77.4,13.26,12.57,14.781,4.199,63.0,65.7,67.0,1600,1,52.6,0.29
687,266,1.375,41.72,1,88.1,90.8,1256,168.4,77.2,13.25,12.57,14.777,4.199,63.0,65.7,67.0,1600,1,52.6,0.3
688,266,1.375,41.89,1,88.1,90.8,1255,168.4,77.2,13.23,12.562,14.777,4.199,63.0,65.7,67.0,1600,1,52.6,0.3
689,266,1.375,41.85,1,88.1,90.8,1255,168.5,77.5,13.21,12.555,14.773,4.199,63.0,65.7,67.0,1600,1,52.6,0.3
690,266,1.375,41.78,1,88.1,90.8,1255,168.5,77.3,13.21,12.555,14.773,4.199,64.0,65.7,67.0,1600,1,52.6,0.3
691,266,1.375,41.9,1,88.2,90.9,1255,168.3,77.1,13.23,12.547,14.773,4.199,64.0,65.7,67.0,1600,1,52.6,0.29
692,266,1.375,41.85,1,88.2,90.9,1256,168.4,77.1,13.28,12.547,14.773,4.198,63.0,65.7,67.0,1600,1,52.6,0.29
693,266,1.375,41.84,1,88.2,90.9,1256,168.5,77.3,13.25,12.547,14.773,4.199,63.0,65.7,67.0,1600,1,52.6,0.31
694,266,1.375,41.93,1,88.2,90.9,1256,168.4,77.3,13.23,12.547,14.773,4.199,63.0,65.7,67.0,1600,1,52.6,0.3
695,266,1.375,41.73,1,88.1,90.8,1256,168.5,77.3,13.22,12.539,14.773,4.199,63.0,65.7,67.0,1600,1,52.7,0.31
696,266,1.375,41.78,1,88.2,90.9,1256,168.3,77.1,13.61,12.539,14.773,4.199,63.0,65.7,67.0,1600,1,52.6,0.29
697,266,1.375,42.06,1,88.6,91.10000000000001,1257,168.3,77.3,14.07,12.547,14.773,4.198,63.0,65.7,67.0,1600,1,52.6,0.3
698,266,1.375,41.84,1,88.9,91.2,1260,168.3,77.7,14.13,12.555,14.773,4.198,63.0,65.7,67.0,1600,1,52.7,0.31
699,266,1.375,41.93,1,89.0,91.2,1264,168.3,77.7,14.21,12.57,14.773,4.199,63.0,65.7,67.0,1600,1,52.7,0.3
700,266,1.375,41.73,1,89.0,91.2,1265,168.3,77.7,14.32,12.586,14.773,4.199,64.0,65.6,67.0,1600,1,52.6,0.3
701,267,1.375,41.85,1,89.0,91.2,1267,168.2,77.7,14.12,12.594,14.773,4.198,63.0,65.6,67.0,1600,1,52.7,0.31
702,267,1.375,42.05,1,88.9,91.2,1267,168.2,78.0,14.14,12.602,14.773,4.199,63.0,65.6,67.0,1600,1,52.7,0.31
703,267,1.375,41.83,1,88.9,91.10000000000001,1267,168.0,77.6,14.12,12.602,14.777,4.198,63.0,65.6,67.0,1600,1,52.7,0.31
704,267,1.375,41.63,1,88.8,91.10000000000001,1267,168.0,77.6,14.1,12.594,14.777,4.199,63.0,65.7,67.0,1600,1,52.6,0.31
705,267,1.375,41.85,1,88.9,91.10000000000001,1267,167.9,77.5,14.23,12.594,14.777,4.199,63.0,65.7,67.0,1600,1,52.6,0.31
706,267,1.375,41.82,1,88.9,91.2,1267,167.8,77.7,14.12,12.586,14.777,4.199,63.0,65.6,67.0,1600,1,52.7,0.31
707,267,1.375,41.9,1,88.9,91.2,1268,167.7,77.7,14.27,12.578,14.781,4.198,63.0,65.6,67.0,1600,1,52.7,0.3
708,267,1.375,41.81,1,89.0,91.2,1269,167.6,77.7,14.02,12.578,14.781,4.199,64.0,65.7,67.0,1600,1,52.7,0.31
709,267,1.375,42.11,1,88.3,90.8,1267,167.5,77.6,11.82,12.578,14.781,4.199,63.0,65.6,67.0,1600,1,52.6,0.3
710,267,1.375,41.51,1,85.7,89.60000000000001,1258,167.3,76.5,8.15,12.57,14.777,4.198,64.0,65.6,67.0,1600,1,52.7,0.29
711,266,1.375,40.76,1,82.3,88.3,1235,167.4,75.0,4.73,12.555,14.777,4.199,63.0,65.6,67.0,1600,1,52.7,0.29
712,265,1.375,40.58,1,78.7,86.8,1202,167.5,73.8,1.47,12.531,14.773,4.199,64.0,65.6,67.0,1600,1,52.7,0.29
713,264,1.375,40.21,1,75.2,85.39999999999999,1164,168.0,72.4,-0.96,12.492,14.762,4.199,63.0,65.6,67.0,1600,1,52.7,0.29
714,263,1.375,40.09,1,72.3,84.3,1124,168.5,71.0,-3.23,12.445,14.75,4.198,63.0,65.6,67.0,1600,1,52.7,0.29
715,262,1.375,39.67,1,69.3,83.0,1086,169.0,70.1,-5.52,12.391,14.742,4.199,63.0,65.6,67.0,1600,1,52.7,0.29
716,260,1.375,39.44,1,66.2,81.8,1045,169.6,69.1,-6.78,12.32,14.73,4.199,63.0,65.6,67.0,1600,1,52.7,0.28
717,259,1.375,39.44,1,64.7,81.39999999999999,1010,170.3,68.5,-6.87,12.242,14.715,4.199,63.0,65.6,67.0,1600,1,52.7,0.29
718,257,1.375,39.27,1,64.3,81.3,988,171.0,68.7,-6.99,12.172,14.699,4.199,63.0,65.5,67.0,1600,1,52.7,0.3
719,255,1.375,39.55,1,64.3,81.3,975,171.7,68.6,-6.23,12.102,14.68,4.199,63.0,65.5,67.0,1600,1,52.6,0.3
720,254,1.375,40.33,1,66.10000000000001,82.5,972,172.6,69.4,-3.81,12.039,14.66,4.199,63.0,65.5,67.0,1600,1,52.7,0.3
721,252,1.375,40.86,1,70.0,84.1,989,173.3,70.5,-0.74,11.984,14.645,4.199,63.0,65.5,67.0,1600,1,52.7,0.31
722,251,1.375,41.09,1,73.7,85.39999999999999,1021,174.1,71.7,1.68,11.938,14.629,4.199,63.0,65.5,67.0,1600,1,52.7,0.31
723,250,1.375,41.02,1,76.4,86.4,1055,174.7,72.6,3.01,11.898,14.617,4.199,63.0,65.5,67.0,1600,1,52.7,0.31
724,249,1.375,41.23,1,78.2,87.1,1084,175.3,73.4,4.77,11.867,14.602,4.199,63.0,65.4,67.0,1600,1,52.7,0.31
725,249,1.375,41.74,1,80.30000000000001,87.9,1110,175.7,74.0,7.03,11.828,14.59,4.199,63.0,65.4,67.0,1600,1,52.7,0.31
726,248,1.375,41.67,1,82.6,88.8,1136,176.2,74.9,8.75,11.797,14.582,4.198,63.0,65.4,67.0,1600,1,52.7,0.31
727,248,1.375,41.84,1,84.3,89.4,1162,176.6,75.8,10.11,11.789,14.574,4.199,63.0,65.4,67.0,1600,1,52.7,0.31
728,248,1.375,42.06,1,85.6,89.9,1183,176.7,76.3,11.17,11.773,14.566,4.199,63.0,65.4,67.0,1600,1,52.7,0.31
729,248,1.375,42.05,1,86.7,90.3,1203,176.4,76.8,11.94,11.773,14.562,4.199,63.0,65.4,67.0,1600,1,52.7,0.31
730,248,1.375,42.2,1,87.2,90.5,1219,176.1,77.1,12.31,11.758,14.559,4.198,63.0,65.4,67.0,1600,1,52.7,0.31
731,248,1.375,41.59,1,87.9,90.8,1230,175.6,77.5,13.32,11.758,14.559,4.199,63.0,65.4,67.0,1600,1,52.7,0.31
732,249,1.375,42.2,1,88.8,91.10000000000001,1241,175.1,77.7,14.35,11.758,14.555,4.198,63.0,65.3,67.0,1600,1,52.7,0.31
733,249,1.375,42.35,1,89.4,91.3,1253,174.5,77.9,14.59,11.742,14.559,4.199,63.0,65.4,67.0,1600,1,52.7,0.32
734,249,1.375,42.32,1,89.60000000000001,91.4,1263,173.8,78.0,14.68,11.742,14.559,4.199,63.0,65.3,67.0,1600,1,52.7,0.31
735,250,1.375,42.13,1,89.60000000000001,91.4,1269,172.9,78.3,14.66,11.734,14.562,4.199,63.0,65.3,67.0,1600,1,52.7,0.31
736,250,1.375,42.54,1,89.7,91.4,1273,172.5,78.0,14.67,11.734,14.562,4.199,63.0,65.3,67.0,1600,1,52.7,0.31
737,251,1.375,42.26,1,89.60000000000001,91.4,1275,171.8,78.1,14.69,11.719,14.566,4.199,63.0,65.3,67.0,1600,1,52.7,0.31
738,251,1.375,42.02,1,89.60000000000001,91.4,1277,171.3,78.0,14.7,11.719,14.57,4.198,63.0,65.3,67.0,1600,1,52.7,0.32
739,252,1.375,42.05,1,89.7,91.4,1278,170.8,78.0,14.67,11.711,14.574,4.199,63.0,65.3,67.0,1600,1,52.7,0.31
740,252,1.375,42.1,1,89.60000000000001,91.4,1278,170.2,78.0,14.62,11.719,14.582,4.199,63.0,65.3,67.0,1600,1,52.7,0.31
741,253,1.375,41.98,1,89.60000000000001,91.3,1278,169.6,78.0,14.7,11.719,14.59,4.199,63.0,65.3,67.0,1600,1,52.7,0.31
742,253,1.375,42.01,1,89.60000000000001,91.4,1279,169.1,77.9,14.69,11.727,14.594,4.199,63.0,65.3,67.0,1600,1,52.7,0.31
743,254,1.375,42.12,1,89.60000000000001,91.4,1280,168.7,77.9,14.69,11.727,14.598,4.199,63.0,65.3,67.0,1600,1,52.7,0.31
744,254,1.375,42.15,1,89.60000000000001,91.4,1280,168.3,78.1,14.64,11.742,14.602,4.199,63.0,65.3,67.0,1600,1,52.7,0.31
745,254,1.375,42.14,1,89.60000000000001,91.4,1280,168.1,77.9,14.7,11.758,14.605,4.198,63.0,65.3,67.0,1600,1,52.6,0.31
746,255,1.375,42.19,1,89.60000000000001,91.4,1281,167.8,77.9,14.68,11.781,14.609,4.199,63.0,65.3,67.0,1600,1,52.6,0.31
747,255,1.375,42.28,1,89.60000000000001,91.4,1280,167.3,77.9,14.69,11.805,14.613,4.198,63.0,65.3,67.0,1600,1,52.6,0.32
748,256,1.375,41.88,1,89.60000000000001,91.4,1281,167.1,78.1,14.67,11.836,14.617,4.199,63.0,65.3,67.0,1600,1,52.6,0.3
749,256,1.375,41.88,1,89.60000000000001,91.4,1281,166.8,77.9,14.71,11.867,14.621,4.199,63.0,65.3,67.0,1600,1,52.6,0.31
750,257,1.375,41.98,1,89.60000000000001,91.4,1281,166.7,78.0,14.71,11.898,14.625,4.198,63.0,65.3,67.0,1601,1,52.6,0.31
751,257,1.375,42.33,1,89.60000000000001,91.3,1281,166.7,77.9,14.63,11.922,14.633,4.198,63.0,65.3,67.0,1601,1,52.6,0.3
752,257,1.375,42.18,1,89.5,91.3,1281,166.4,77.9,14.68,11.938,14.633,4.199,63.0,65.3,67.0,1601,1,52.6,0.3
753,258,1.375,41.8,1,89.5,91.3,1281,166.2,77.9,14.67,11.953,14.637,4.199,63.0,65.3,67.0,1601,1,52.6,0.3
754,258,1.375,42.36,1,89.60000000000001,91.4,1281,166.1,77.8,14.68,11.969,14.641,4.199,63.0,65.3,67.0,1601,1,52.6,0.29
755,259,1.375,42.04,1,89.5,91.4,1281,166.0,77.8,14.67,11.984,14.645,4.199,63.0,65.3,67.0,1601,1,52.6,0.3
756,259,1.375,42.24,1,89.5,91.3,1281,165.7,77.7,14.28,12.0,14.648,4.198,63.0,65.3,67.0,1601,1,52.6,0.3
757,259,1.375,41.62,1,89.0,91.10000000000001,1280,165.5,77.6,13.39,12.016,14.652,4.198,63.0,65.3,67.0,1601,1,52.6,0.31
758,260,1.375,41.86,1,88.2,90.8,1274,165.5,77.4,12.7,12.016,14.66,4.199,63.0,65.3,67.0,1601,1,52.6,0.3
759,260,1.375,41.69,1,87.9,90.7,1268,165.5,77.0,12.64,12.031,14.668,4.199,63.0,65.3,67.0,1601,1,52.6,0.3
760,260,1.375,41.86,1,87.8,90.60000000000001,1263,165.6,76.9,12.56,12.039,14.672,4.199,63.0,65.3,67.0,1601,1,52.6,0.3
761,260,1.375,41.83,1,87.4,90.4,1260,165.6,76.7,12.12,12.047,14.672,4.198,63.0,65.3,67.0,1601,1,52.6,0.31
762,260,1.375,41.99,1,87.2,90.4,1256,165.7,76.8,12.03,12.047,14.676,4.199,63.0,65.3,67.0,1601,1,52.6,0.31
763,260,1.375,42.0,1,87.1,90.4,1253,165.7,76.8,12.02,12.055,14.676,4.198,63.0,65.3,67.0,1601,1,52.6,0.3
764,260,1.375,41.99,1,87.1,90.4,1251,165.7,76.9,11.95,12.07,14.676,4.199,63.0,65.3,67.0,1601,1,52.6,0.31
765,260,1.375,42.1,1,87.0,90.3,1250,165.7,76.9,11.97,12.086,14.68,4.199,63.0,65.3,67.0,1601,1,52.6,0.31
766,259,1.375,42.09,1,87.0,90.4,1250,165.8,76.8,11.96,12.109,14.684,4.199,63.0,65.3,67.0,1601,1,52.6,0.3
767,259,1.375,41.86,1,87.1,90.4,1249,166.0,76.9,11.98,12.133,14.684,4.199,63.0,65.3,67.0,1601,1,52.6,0.32
768,259,1.375,41.93,1,87.3,90.5,1248,166.3,76.8,12.61,12.164,14.684,4.198,63.0,65.3,67.0,1601,1,52.6,0.3
769,259,1.375,42.04,1,87.7,90.7,1251,166.4,77.1,12.8,12.195,14.68,4.199,63.0,65.3,67.0,1601,1,52.6,0.31
770,259,1.375,41.63,1,87.8,90.7,1254,166.5,77.0,12.73,12.219,14.684,4.199,63.0,65.3,67.0,1601,1,52.6,0.31
771,259,1.375,41.86,1,87.8,90.7,1255,166.3,77.2,12.75,12.25,14.68,4.198,63.0,65.3,67.0,1601,1,52.6,0.3
772,260,1.375,41.86,1,87.8,90.7,1255,166.4,77.1,12.76,12.266,14.68,4.199,63.0,65.3,67.0,1601,1,52.6,0.3
773,260,1.375,42.1,1,87.6,90.60000000000001,1256,166.4,77.1,12.14,12.289,14.684,4.199,63.0,65.3,67.0,1601,1,52.6,0.31
774,260,1.375,41.75,1,87.1,90.4,1254,166.4,77.2,11.85,12.32,14.688,4.199,63.0,65.3,67.0,1601,1,52.6,0.3
775,260,1.375,41.62,1,86.7,90.2,1251,166.5,76.8,11.21,12.359,14.684,4.199,63.0,65.3,67.0,1601,1,52.6,0.3
776,260,1.375,41.75,1,86.0,89.9,1246,166.7,76.2,10.72,12.375,14.68,4.199,63.0,65.3,67.0,1601,1,52.6,0.3
777,260,1.375,41.45,1,85.7,89.8,1239,166.8,76.3,10.64,12.383,14.684,4.199,63.0,65.3,67.0,1601,1,52.6,0.3
778,260,1.375,41.69,1,85.6,89.8,1234,166.9,76.3,10.66,12.383,14.688,4.199,63.0,65.3,67.0,1601,1,52.6,0.29
779,260,1.375,41.87,1,85.6,89.8,1231,166.8,76.0,10.68,12.359,14.684,4.199,63.0,65.4,67.0,1601,1,52.6,0.3
780,260,1.375,41.73,1,85.7,89.8,1230,167.0,76.0,10.77,12.344,14.676,4.198,63.0,65.3,67.0,1601,1,52.6,0.3
781,259,1.375,42.08,1,86.0,90.0,1230,167.1,76.2,11.59,12.32,14.68,4.199,63.0,65.4,67.0,1601,1,52.6,0.3
782,259,1.375,41.87,1,86.9,90.4,1234,167.3,76.8,12.51,12.305,14.68,4.198,63.0,65.4,67.0,1601,1,52.6,0.31
783,259,1.375,41.87,1,87.5,90.60000000000001,1240,167.4,76.8,12.67,12.289,14.68,4.198,63.0,65.4,67.0,1601,1,52.6,0.3
784,259,1.375,41.75,1,87.7,90.60000000000001,1246,167.3,77.4,12.59,12.266,14.676,4.198,63.0,65.4,67.0,1601,1,52.6,0.3
785,259,1.375,42.16,1,87.7,90.60000000000001,1249,167.4,77.2,12.55,12.25,14.668,4.199,63.0,65.4,67.0,1601,1,52.6,0.31
786,259,1.375,41.79,1,87.7,90.7,1251,167.5,77.0,12.68,12.219,14.668,4.198,63.0,65.4,67.0,1601,1,52.6,0.31
787,259,1.375,42.05,1,87.7,90.60000000000001,1252,167.4,76.9,12.68,12.195,14.668,4.199,63.0,65.4,67.0,1601,1,52.6,0.3
788,259,1.375,41.9,1,87.7,90.60000000000001,1253,167.3,77.2,12.64,12.18,14.672,4.199,63.0,65.4,67.0,1601,1,52.6,0.31
789,259,1.375,41.76,1,87.5,90.5,1253,167.3,77.1,11.55,12.156,14.676,4.199,63.0,65.4,67.0,1601,1,52.6,0.31
790,259,1.375,41.3,1,86.0,89.8,1249,167.4,76.7,9.39,12.133,14.676,4.199,63.0,65.4,67.0,1601,1,52.6,0.3
791,259,1.375,41.05,1,83.8,88.9,1236,167.5,75.8,7.04,12.094,14.676,4.199,63.0,65.4,67.0,1601,1,52.6,0.3
792,258,1.375,41.02,1,81.5,88.0,1216,167.5,74.8,4.72,12.047,14.676,4.199,63.0,65.4,67.0,1601,1,52.6,0.29
793,258,1.375,40.86,1,79.2,87.1,1192,167.6,73.7,2.8,12.016,14.676,4.199,63.0,65.4,67.0,1601,1,52.6,0.29
794,257,1.375,40.72,1,76.7,86.1,1166,167.8,72.8,0.47,11.984,14.672,4.199,63.0,65.4,67.0,1601,1,52.6,0.29
795,256,1.375,40.43,1,74.3,85.2,1137,168.3,72.0,-1.18,11.953,14.66,4.198,63.0,65.4,67.0,1601,1,52.6,0.3
796,255,1.375,40.48,1,72.6,84.6,1108,168.6,71.4,-1.74,11.922,14.652,4.198,63.0,65.3,67.0,1601,1,52.6,0.3
797,253,1.375,40.18,1,71.89999999999999,84.39999999999999,1087,169.0,71.1,-2.25,11.883,14.645,4.199,63.0,65.3,67.0,1601,1,52.6,0.3
798,252,1.375,40.12,1,71.0,84.0,1071,169.4,70.9,-3.3,11.852,14.637,4.199,63.0,65.3,67.0,1601,1,52.6,0.31
799,251,1.375,40.52,1,70.0,83.6,1055,169.9,70.8,-3.7,11.812,14.625,4.199,63.0,65.3,67.0,1601,1,52.6,0.3
800,249,1.375,40.09,1,69.69999999999999,83.5,1043,170.5,70.6,-3.68,11.781,14.613,4.198,63.0,65.3,67.0,1601,1,52.6,0.3
801,248,1.375,40.22,1,69.6,83.5,1035,171.2,70.5,-3.6,11.75,14.602,4.199,63.0,65.3,67.0,1601,1,52.5,0.3
802,247,1.375,40.19,1,69.5,83.39999999999999,1030,171.9,70.5,-3.88,11.711,14.594,4.199,63.0,65.2,67.0,1601,1,52.5,0.3
803,245,1.375,40.18,1,69.19999999999999,83.39999999999999,1026,172.6,70.7,-4.01,11.68,14.582,4.198,63.0,65.3,67.0,1601,1,52.5,0.3
804,244,1.375,40.59,1,69.0,83.2,1022,173.2,70.4,-4.13,11.656,14.57,4.198,63.0,65.2,67.0,1601,1,52.5,0.3
805,243,1.375,40.23,1,68.89999999999999,83.3,1019,173.7,70.3,-4.06,11.625,14.555,4.199,63.0,65.2,67.0,1601,1,52.5,0.31
806,241,1.375,40.15,1,69.0,83.3,1018,174.3,70.4,-4.06,11.609,14.543,4.199,63.0,65.2,67.0,1601,1,52.5,0.3
807,240,1.375,40.1,1,69.1,83.39999999999999,1018,174.8,70.4,-4.04,11.602,14.523,4.199,63.0,65.2,67.0,1601,1,52.5,0.31
808,239,1.375,40.64,1,69.5,83.6,1018,175.4,70.6,-3.0,11.578,14.504,4.199,63.0,65.1,67.0,1601,1,52.5,0.31
809,238,1.375,40.66,1,70.89999999999999,84.2,1024,175.8,71.1,-1.83,11.555,14.484,4.199,63.0,65.1,67.0,1601,1,52.5,0.32
810,237,1.375,40.59,1,72.2,84.7,1037,176.1,71.5,-1.23,11.531,14.473,4.198,63.0,65.1,67.0,1601,1,52.5,0.3
811,236,1.375,40.68,1,72.6,84.8,1048,176.6,71.5,-1.2,11.508,14.457,4.199,63.0,65.1,67.0,1601,1,52.5,0.3
812,236,1.375,40.58,1,72.8,84.8,1055,176.8,71.8,-1.09,11.469,14.449,4.199,62.0,65.1,67.0,1601,1,52.5,0.3
813,235,1.375,40.71,1,72.89999999999999,84.8,1059,177.1,71.7,-0.79,11.406,14.441,4.199,63.0,65.1,67.0,1601,1,52.5,0.31
814,234,1.375,40.7,1,73.7,85.2,1062,177.2,72.0,0.37,11.336,14.43,4.199,63.0,65.1,67.0,1601,1,52.5,0.3
815,234,1.375,40.98,1,75.0,85.7,1071,177.4,72.4,1.53,11.258,14.422,4.199,62.0,65.0,67.0,1601,1,52.5,0.31
816,233,1.375,41.21,1,76.3,86.2,1083,177.5,72.8,2.05,11.18,14.414,4.199,63.0,65.0,67.0,1601,1,52.5,0.31
817,233,1.375,41.04,1,76.8,86.3,1095,177.6,72.9,2.2,11.102,14.402,4.199,63.0,65.0,67.0,1601,1,52.5,0.31
818,232,1.375,41.06,1,77.4,86.6,1104,177.4,73.2,3.16,11.031,14.395,4.199,63.0,65.0,67.0,1601,1,52.5,0.31
819,232,1.375,41.14,1,78.2,86.9,1114,177.4,73.6,3.19,10.977,14.387,4.199,63.0,65.0,67.0,1601,1,52.5,0.31
820,231,1.375,41.05,1,78.3,86.9,1122,177.3,73.7,3.24,10.922,14.379,4.198,62.0,65.0,67.0,1601,1,52.5,0.3
821,231,1.375,41.0,1,78.4,86.9,1127,177.1,73.6,3.22,10.883,14.375,4.199,62.0,65.0,67.0,1601,1,52.5,0.3
822,231,1.375,41.25,1,78.60000000000001,87.0,1130,176.9,73.7,3.99,10.852,14.371,4.198,62.0,65.0,67.0,1602,1,52.5,0.3
823,231,1.375,41.42,1,79.5,87.4,1134,176.6,73.9,4.73,10.82,14.367,4.198,62.0,64.9,67.0,1602,1,52.5,0.31
824,231,1.375,41.56,1,80.2,87.6,1142,176.4,73.9,4.76,10.797,14.359,4.199,62.0,64.9,67.0,1602,1,52.5,0.31
825,231,1.375,41.46,1,80.30000000000001,87.6,1148,176.1,74.3,4.82,10.758,14.359,4.199,62.0,64.9,67.0,1602,1,52.5,0.31
826,231,1.375,41.4,1,80.30000000000001,87.6,1151,175.8,74.1,4.81,10.719,14.355,4.199,62.0,64.9,67.0,1602,1,52.5,0.31
827,231,1.375,41.45,1,80.30000000000001,87.6,1154,175.5,74.2,5.0,10.672,14.352,4.198,62.0,64.9,67.0,1602,1,52.5,0.32
828,230,1.375,41.54,1,80.7,87.8,1156,175.2,74.2,5.68,10.625,14.352,4.199,62.0,64.9,67.0,1602,1,52.4,0.32
829,230,1.375,41.35,1,81.2,88.0,1161,174.8,74.4,5.74,10.594,14.352,4.199,62.0,64.9,67.0,1602,1,52.5,0.31
830,230,1.375,41.22,1,81.39999999999999,88.0,1164,174.5,74.4,5.8,10.555,14.352,4.198,62.0,64.9,67.0,1602,1,52.4,0.31
831,230,1.375,41.32,1,81.39999999999999,88.0,1168,174.2,74.5,5.77,10.523,14.352,4.199,62.0,64.9,67.0,1602,1,52.4,0.31
832,231,1.375,41.46,1,81.39999999999999,88.0,1170,173.9,74.6,5.79,10.492,14.348,4.199,62.0,64.9,67.0,1602,1,52.4,0.31
833,231,1.375,41.46,1,81.39999999999999,88.0,1171,173.6,74.6,5.76,10.469,14.348,4.198,63.0,64.9,67.0,1602,1,52.4,0.31
834,231,1.375,41.46,1,81.2,87.9,1172,173.2,74.7,5.22,10.445,14.344,4.198,63.0,64.8,67.0,1602,1,52.4,0.31
835,231,1.375,41.27,1,80.7,87.7,1170,173.0,74.3,5.0,10.43,14.344,4.198,62.0,64.8,67.0,1602,1,52.4,0.31
836,231,1.375,41.29,1,80.60000000000001,87.7,1166,172.6,74.2,4.94,10.406,14.348,4.198,62.0,64.8,67.0,1602,1,52.4,0.31
837,231,1.375,41.17,1,80.5,87.7,1165,172.4,74.3,4.96,10.391,14.348,4.199,62.0,64.8,67.0,1602,1,52.4,0.31
838,231,1.375,41.07,1,80.4,87.6,1164,172.2,74.3,4.37,10.375,14.348,4.199,62.0,64.8,67.0,1602,1,52.4,0.31
839,231,1.375,41.06,1,79.80000000000001,87.3,1162,172.0,73.9,4.03,10.352,14.348,4.198,62.0,64.8,67.0,1602,1,52.4,0.32
840,231,1.375,41.17,1,79.5,87.2,1157,171.7,73.8,4.0,10.336,14.344,4.199,63.0,64.8,67.0,1602,1,52.4,0.32
841,231,1.375,41.43,1,79.4,87.2,1154,171.5,73.8,4.04,10.312,14.344,4.198,63.0,64.8,67.0,1602,1,52.4,0.32
842,231,1.375,41.09,1,79.3,87.2,1152,171.4,73.9,3.98,10.297,14.348,4.199,62.0,64.8,67.0,1602,1,52.4,0.32
843,230,1.375,41.3,1,79.4,87.2,1151,171.3,73.8,4.07,10.289,14.344,4.198,62.0,64.8,67.0,1602,1,52.3,0.31
844,230,1.375,41.12,1,79.5,87.2,1151,171.2,73.8,3.96,10.273,14.344,4.198,62.0,64.8,67.0,1602,1,52.3,0.31
845,230,1.375,41.01,1,79.5,87.2,1151,171.2,73.9,4.0,10.266,14.344,4.199,62.0,64.8,67.0,1602,1,52.3,0.31
846,230,1.375,41.11,1,79.5,87.3,1152,171.2,73.9,4.04,10.266,14.34,4.198,62.0,64.7,67.0,1602,1,52.3,0.31
847,230,1.375,41.37,1,79.7,87.4,1151,171.2,73.8,4.69,10.266,14.34,4.199,62.0,64.7,67.0,1602,1,52.3,0.31
848,230,1.375,41.24,1,80.5,87.7,1154,171.1,74.2,5.29,10.266,14.332,4.198,62.0,64.7,67.0,1602,1,52.3,0.32
849,230,1.375,41.33,1,80.9,87.8,1159,171.1,74.2,5.35,10.266,14.328,4.199,62.0,64.7,67.0,1602,1,52.3,0.31
850,230,1.375,41.53,1,81.10000000000001,87.9,1163,170.9,74.4,6.07,10.258,14.328,4.198,62.0,64.7,67.0,1602,1,52.3,0.31
851,230,1.375,41.68,1,81.89999999999999,88.2,1168,170.9,74.8,6.5,10.25,14.324,4.199,62.0,64.7,67.0,1602,1,52.3,0.31
852,230,1.375,41.62,1,82.19999999999999,88.3,1174,170.8,74.7,6.59,10.242,14.324,4.199,62.0,64.7,67.0,1602,1,52.3,0.31
853,230,1.375,41.45,1,82.19999999999999,88.3,1179,170.7,75.0,6.63,10.227,14.324,4.198,62.0,64.7,67.0,1602,1,52.3,0.31
854,230,1.375,41.86,1,82.6,88.5,1181,170.5,75.1,7.54,10.211,14.324,4.199,62.0,64.7,67.0,1602,1,52.3,0.3
855,230,1.375,41.67,1,83.39999999999999,88.8,1186,170.4,75.4,8.14,10.203,14.324,4.198,62.0,64.7,67.0,1602,1,52.3,0.31
856,230,1.375,41.65,1,83.89999999999999,88.9,1193,170.2,75.4,8.24,10.195,14.324,4.199,62.0,64.7,67.0,1602,1,52.2,0.32
857,230,1.375,41.67,1,83.89999999999999,88.9,1198,169.9,75.6,8.17,10.18,14.324,4.198,62.0,64.8,67.0,1602,1,52.2,0.32
858,231,1.375,41.6,1,83.89999999999999,89.0,1200,169.6,75.5,8.17,10.164,14.328,4.198,62.0,64.7,67.0,1602,1,52.2,0.32
859,231,1.375,41.66,1,83.89999999999999,89.0,1202,169.3,75.7,8.2,10.141,14.332,4.198,62.0,64.8,67.0,1602,1,52.2,0.32
860,231,1.375,41.59,1,83.7,88.8,1203,169.1,75.5,7.35,10.133,14.336,4.198,62.0,64.8,67.0,1602,1,52.2,0.31
861,231,1.375,41.32,1,82.69999999999999,88.4,1200,168.8,75.1,6.21,10.125,14.34,4.199,62.0,64.8,67.0,1602,1,52.2,0.32
862,231,1.375,41.29,1,81.69999999999999,88.0,1193,168.6,74.7,5.14,10.125,14.34,4.199,62.0,64.8,67.0,1602,1,52.2,0.31
863,231,1.375,41.31,1,80.80000000000001,87.7,1184,168.4,74.3,4.82,10.117,14.34,4.198,62.0,64.8,67.0,1602,1,52.2,0.32
864,231,1.375,41.13,1,80.4,87.6,1175,168.2,74.0,4.75,10.109,14.34,4.198,62.0,64.8,67.0,1602,1,52.2,0.31
865,231,1.375,41.61,1,80.30000000000001,87.6,1169,168.0,74.0,4.75,10.102,14.336,4.198,62.0,64.7,67.0,1602,1,52.2,0.31
866,231,1.375,41.08,1,80.4,87.6,1167,167.9,74.0,4.76,10.094,14.336,4.199,62.0,64.7,67.0,1602,1,52.2,0.32
867,231,1.375,41.54,1,80.30000000000001,87.6,1166,167.9,74.1,4.68,10.086,14.34,4.198,62.0,64.7,67.0,1602,1,52.1,0.32
868,231,1.375,41.14,1,80.30000000000001,87.6,1165,167.9,74.1,4.71,10.086,14.34,4.199,62.0,64.8,67.0,1602,1,52.1,0.32
869,231,1.375,41.07,1,80.4,87.6,1164,167.9,74.1,4.67,10.086,14.34,4.199,62.0,64.7,67.0,1602,1,52.1,0.32
870,231,1.375,41.32,1,80.4,87.6,1163,168.0,74.2,4.7,10.078,14.332,4.199,62.0,64.7,67.0,1602,1,52.1,0.31
871,231,1.375,41.47,1,80.30000000000001,87.6,1162,168.0,74.3,4.7,10.062,14.332,4.198,62.0,64.7,67.0,1602,1,52.1,0.32
872,231,1.375,41.41,1,80.4,87.6,1162,168.1,74.2,4.7,10.055,14.332,4.198,62.0,64.7,67.0,1602,1,52.1,0.32
873,231,1.375,41.54,1,80.30000000000001,87.6,1162,168.3,74.2,4.69,10.047,14.336,4.198,62.0,64.7,67.0,1602,1,52.1,0.31
874,231,1.375,41.13,1,80.30000000000001,87.5,1161,168.3,74.3,4.68,10.031,14.34,4.198,62.0,64.7,67.0,1602,1,52.0,0.31
875,231,1.375,41.38,1,80.30000000000001,87.6,1162,168.2,74.3,4.72,10.023,14.34,4.198,62.0,64.7,67.0,1602,1,52.0,0.32
876,230,1.375,41.46,1,80.4,87.6,1162,168.3,74.3,4.78,10.008,14.34,4.199,62.0,64.6,67.0,1602,1,52.0,0.31
877,230,1.375,41.22,1,80.4,87.6,1163,168.4,74.2,4.76,9.992,14.34,4.199,62.0,64.6,67.0,1602,1,52.0,0.31
878,230,1.375,41.2,1,80.4,87.6,1163,168.3,74.3,4.75,9.984,14.34,4.199,62.0,64.6,67.0,1602,1,52.0,0.32
879,230,1.375,41.36,1,80.4,87.6,1162,168.3,74.1,4.73,9.969,14.336,4.199,62.0,64.6,67.0,1602,1,52.0,0.31
880,230,1.375,41.54,1,80.4,87.6,1163,168.2,74.1,4.7,9.969,14.336,4.198,62.0,64.6,67.0,1602,1,52.0,0.31
881,230,1.375,41.57,1,80.4,87.6,1162,168.2,74.1,4.73,9.969,14.336,4.199,62.0,64.6,67.0,1602,1,52.0,0.3
882,230,1.375,41.78,1,80.4,87.6,1162,168.2,74.0,4.72,9.969,14.34,4.199,62.0,64.5,67.0,1602,1,52.0,0.32
883,230,1.375,41.17,1,80.4,87.6,1163,168.2,74.1,4.79,9.977,14.34,4.198,62.0,64.5,67.0,1602,1,51.9,0.31
884,230,1.375,41.24,1,80.4,87.6,1163,168.2,74.2,4.72,9.984,14.34,4.198,62.0,64.5,67.0,1602,1,51.9,0.32
885,230,1.375,41.28,1,80.5,87.6,1163,168.2,74.0,4.77,9.992,14.344,4.199,62.0,64.5,67.0,1602,1,51.9,0.32
886,230,1.375,41.41,1,80.4,87.6,1163,168.3,74.3,4.72,10.008,14.348,4.199,62.0,64.4,67.0,1602,1,51.9,0.31
887,230,1.375,41.26,1,80.4,87.6,1164,168.2,74.2,4.74,10.031,14.348,4.199,62.0,64.4,67.0,1602,1,51.9,0.31
888,230,1.375,41.17,1,80.4,87.6,1164,168.1,74.1,4.69,10.039,14.344,4.199,62.0,64.4,67.0,1602,1,51.9,0.32
889,230,1.375,41.24,1,80.4,87.6,1163,168.1,74.2,4.71,10.055,14.344,4.198,62.0,64.4,67.0,1602,1,51.9,0.32
890,230,1.375,41.61,1,80.4,87.6,1163,168.1,74.2,4.67,10.062,14.344,4.199,62.0,64.4,67.0,1602,1,51.8,0.31
891,230,1.375,41.45,1,80.4,87.6,1163,168.1,74.1,4.73,10.078,14.344,4.198,62.0,64.4,67.0,1602,1,51.9,0.32
892,230,1.375,41.37,1,80.4,87.6,1164,168.0,74.1,4.75,10.086,14.344,4.199,62.0,64.4,67.0,1602,1,51.8,0.32
893,230,1.375,41.18,1,80.30000000000001,87.6,1164,168.1,74.2,4.54,10.094,14.344,4.198,62.0,64.3,67.0,1602,1,51.8,0.33
894,230,1.375,41.27,1,79.9,87.4,1162,168.2,74.0,3.56,10.094,14.344,4.199,62.0,64.3,67.0,1602,1,51.8,0.32
895,230,1.375,41.42,1,79.0,87.1,1156,168.1,73.7,3.39,10.086,14.34,4.198,62.0,64.3,67.0,1602,1,51.8,0.31
896,230,1.375,41.33,1,78.7,87.0,1150,168.1,73.6,3.08,10.078,14.34,4.198,62.0,64.3,67.0,1602,1,51.8,0.32
897,230,1.375,41.13,1,78.3,86.8,1145,168.1,73.7,2.88,10.07,14.34,4.199,62.0,64.3,67.0,1602,1,51.8,0.32
898,230,1.375,41.07,1,78.2,86.8,1141,168.1,73.5,2.94,10.062,14.34,4.198,62.0,64.3,67.0,1602,1,51.7,0.32
899,230,1.375,41.2,1,78.2,86.8,1139,168.2,73.4,2.87,10.062,14.328,4.198,62.0,64.3,67.0,1602,1,51.7,0.33
900,230,1.375,41.19,1,78.10000000000001,86.8,1138,168.4,73.2,2.89,10.07,14.32,4.199,62.0,64.3,67.0,1602,1,51.7,0.32
901,230,1.375,41.19,1,78.10000000000001,86.7,1137,168.5,73.5,2.81,10.078,14.324,4.198,62.0,64.3,67.0,1602,1,51.7,0.33
902,230,1.375,41.2,1,78.10000000000001,86.8,1136,168.6,73.5,2.93,10.078,14.32,4.198,62.0,64.3,67.0,1602,1,51.7,0.32
903,230,1.375,41.44,1,78.8,87.1,1137,168.5,73.8,4.59,10.07,14.316,4.199,62.0,64.3,67.0,1602,1,51.7,0.32
904,230,1.375,41.68,1,80.7,87.9,1144,168.6,74.5,6.36,10.062,14.32,4.198,62.0,64.3,67.0,1602,1,51.7,0.32
905,230,1.375,41.56,1,82.0,88.3,1159,168.8,74.6,6.71,10.078,14.324,4.198,62.0,64.3,67.0,1602,1,51.7,0.31
906,230,1.375,41.61,1,82.39999999999999,88.4,1170,168.9,75.1,6.71,10.086,14.328,4.199,62.0,64.3,67.0,1602,1,51.7,0.32
907,230,1.375,41.67,1,82.39999999999999,88.4,1177,168.8,75.1,6.62,10.086,14.332,4.199,62.0,64.3,67.0,1602,1,51.7,0.3
908,230,1.375,41.73,1,82.5,88.4,1181,168.5,75.1,7.36,10.07,14.332,4.199,62.0,64.3,67.0,1602,1,51.6,0.3
909,231,1.375,41.85,1,83.39999999999999,88.8,1185,168.4,75.3,8.42,10.062,14.332,4.198,62.0,64.3,67.0,1602,1,51.6,0.31
910,231,1.375,41.92,1,84.3,89.2,1193,168.3,75.7,8.95,10.062,14.332,4.198,62.0,64.3,67.0,1602,1,51.6,0.3
911,231,1.375,41.87,1,84.6,89.2,1201,168.2,76.0,8.93,10.055,14.332,4.198,62.0,64.3,67.0,1602,1,51.6,0.3
912,231,1.375,41.86,1,84.7,89.3,1207,168.0,76.0,8.87,10.039,14.336,4.198,62.0,64.3,67.0,1602,1,51.6,0.31
913,232,1.375,41.5,1,84.39999999999999,89.1,1210,167.8,75.8,8.07,10.031,14.34,4.198,62.0,64.3,67.0,1602,1,51.6,0.31
914,232,1.375,41.62,1,83.3,88.6,1208,167.5,75.6,6.6,10.016,14.336,4.198,62.0,64.3,67.0,1602,1,51.5,0.31
915,232,1.375,41.43,1,82.1,88.2,1200,167.3,75.2,5.96,10.0,14.34,4.199,62.0,64.3,67.0,1602,1,51.5,0.32
916,232,1.375,41.44,1,81.69999999999999,88.1,1191,167.1,75.0,5.91,9.992,14.348,4.199,62.0,64.3,67.0,1602,1,51.5,0.31
917,232,1.375,41.55,1,81.69999999999999,88.1,1185,166.9,74.7,5.95,9.984,14.352,4.198,62.0,64.3,67.0,1602,1,51.5,0.32
918,232,1.375,41.51,1,81.39999999999999,88.0,1182,166.7,74.6,5.11,9.992,14.355,4.199,62.0,64.3,67.0,1602,1,51.5,0.31
919,232,1.375,41.14,1,80.5,87.5,1178,166.5,74.4,4.14,10.008,14.352,4.198,62.0,64.3,67.0,1602,1,51.5,0.32
920,232,1.375,41.44,1,79.7,87.3,1169,166.5,74.1,3.96,10.0,14.352,4.198,62.0,64.3,67.0,1602,1,51.5,0.32
921,232,1.375,41.08,1,79.10000000000001,87.0,1162,166.6,73.8,3.21,10.008,14.348,4.199,62.0,64.2,67.0,1602,1,51.4,0.32
922,232,1.375,41.03,1,78.60000000000001,86.9,1154,166.6,73.6,3.16,10.0,14.352,4.198,62.0,64.3,67.0,1602,1,51.4,0.32
923,231,1.375,41.3,1,78.5,86.9,1149,166.6,73.6,3.12,10.0,14.352,4.199,62.0,64.3,67.0,1602,1,51.4,0.32
924,231,1.375,41.17,1,78.4,86.9,1146,166.7,73.5,3.11,10.0,14.352,4.198,62.0,64.2,67.0,1602,1,51.4,0.32
925,231,1.375,41.13,1,78.4,86.9,1143,166.8,73.5,3.03,10.0,14.348,4.198,62.0,64.2,67.0,1602,1,51.4,0.32
926,231,1.375,41.2,1,78.4,86.9,1142,166.9,73.3,3.18,10.008,14.344,4.199,62.0,64.2,67.0,1602,1,51.4,0.32
927,231,1.375,41.3,1,78.9,87.1,1141,167.1,73.7,4.27,10.008,14.336,4.199,62.0,64.2,67.0,1602,1,51.3,0.31
928,231,1.375,41.43,1,80.10000000000001,87.6,1146,167.2,74.1,5.36,10.008,14.328,4.199,62.0,64.2,67.0,1602,1,51.3,0.31
929,231,1.375,41.46,1,81.10000000000001,87.9,1155,167.3,74.5,5.71,10.008,14.324,4.198,62.0,64.2,67.0,1602,1,51.3,0.31
930,231,1.375,41.49,1,81.39999999999999,88.0,1164,167.4,74.5,5.8,10.016,14.324,4.199,62.0,64.2,67.0,1602,1,51.3,0.31
931,231,1.375,41.46,1,81.5,88.1,1169,167.5,74.5,5.8,10.023,14.328,4.198,62.0,64.2,67.0,1602,1,51.3,0.32
932,232,1.375,41.54,1,81.39999999999999,88.0,1172,167.6,74.6,5.34,10.031,14.336,4.198,62.0,64.2,67.0,1602,1,51.3,0.32
933,232,1.375,41.32,1,80.7,87.7,1173,167.6,74.2,4.07,10.055,14.344,4.198,62.0,64.2,67.0,1602,1,51.3,0.31
934,232,1.375,40.86,1,78.9,86.9,1166,167.5,74.0,2.1,10.078,14.348,4.198,62.0,64.2,67.0,1602,1,51.2,0.31
935,232,1.375,40.84,1,77.2,86.3,1150,167.5,73.1,1.61,10.078,14.348,4.198,62.0,64.2,67.0,1602,1,51.2,0.3
936,232,1.375,40.83,1,76.6,86.2,1137,167.6,73.0,1.59,10.078,14.344,4.198,62.0,64.2,67.0,1602,1,51.2,0.32
937,231,1.375,41.54,1,76.9,86.4,1128,167.6,73.0,2.89,10.078,14.34,4.199,62.0,64.2,67.0,1602,1,51.2,0.32
938,231,1.375,41.54,1,78.8,87.2,1130,167.6,73.5,4.73,10.078,14.34,4.198,62.0,64.2,67.0,1602,1,51.2,0.32
939,231,1.375,41.7,1,80.60000000000001,87.8,1143,167.7,74.1,5.89,10.086,14.34,4.198,62.0,64.2,67.0,1602,1,51.2,0.32
940,231,1.375,41.37,1,81.6,88.1,1157,167.7,74.6,6.16,10.086,14.336,4.198,62.0,64.2,67.0,1602,1,51.2,0.32
941,231,1.375,41.32,1,81.8,88.1,1167,167.7,74.7,6.23,10.094,14.336,4.199,62.0,64.2,67.0,1602,1,51.1,0.31
942,231,1.375,41.48,1,81.89999999999999,88.2,1173,167.7,75.0,6.25,10.102,14.336,4.198,62.0,64.2,67.0,1603,1,51.1,0.32
943,232,1.375,41.34,1,81.89999999999999,88.2,1176,167.8,74.8,6.27,10.102,14.336,4.198,62.0,64.1,67.0,1603,1,51.1,0.31
944,232,1.375,41.42,1,81.89999999999999,88.2,1179,167.8,74.8,6.26,10.102,14.336,4.198,62.0,64.1,67.0,1602,1,51.1,0.32
945,232,1.375,41.5,1,82.0,88.2,1180,167.8,75.0,6.25,10.102,14.336,4.198,62.0,64.1,67.0,1603,1,51.1,0.31
946,232,1.375,41.31,1,81.89999999999999,88.2,1181,167.7,74.7,6.24,10.102,14.332,4.199,62.0,64.1,67.0,1603,1,51.1,0.31
947,232,1.375,41.6,1,82.0,88.2,1181,167.6,74.7,6.29,10.102,14.336,4.198,62.0,64.1,67.0,1603,1,51.0,0.32
948,232,1.375,41.64,1,81.89999999999999,88.2,1181,167.4,74.8,6.23,10.109,14.336,4.198,62.0,64.1,67.0,1603,1,51.0,0.32
949,232,1.375,41.46,1,81.89999999999999,88.2,1182,167.3,74.9,6.21,10.117,14.34,4.199,62.0,64.1,67.0,1603,1,51.0,0.32
950,232,1.375,41.46,1,81.89999999999999,88.2,1182,167.2,74.9,6.21,10.125,14.34,4.198,62.0,64.1,67.0,1603,1,51.0,0.32
951,232,1.375,41.47,1,81.89999999999999,88.2,1182,167.0,74.8,6.27,10.125,14.34,4.199,62.0,64.1,67.0,1603,1,51.0,0.32
952,232,1.375,41.54,1,82.0,88.2,1181,166.8,75.0,6.26,10.125,14.336,4.198,62.0,64.1,67.0,1603,1,51.0,0.32
953,232,1.375,41.49,1,81.89999999999999,88.2,1182,166.7,74.9,6.29,10.117,14.336,4.198,62.0,64.1,67.0,1603,1,50.9,0.32
954,233,1.375,41.42,1,82.0,88.2,1182,166.6,74.8,6.19,10.109,14.336,4.199,62.0,64.1,67.0,1603,1,50.9,0.32
955,233,1.375,41.16,1,81.5,88.0,1182,166.5,74.6,5.05,10.102,14.332,4.198,62.0,64.1,67.0,1603,1,50.9,0.32
956,233,1.375,41.26,1,80.4,87.5,1177,166.5,74.3,4.42,10.086,14.336,4.199,62.0,64.1,67.0,1603,1,50.9,0.31
957,233,1.375,41.35,1,80.0,87.5,1170,166.5,74.2,4.21,10.07,14.34,4.198,62.0,64.1,67.0,1603,1,50.9,0.32
958,233,1.375,41.21,1,79.80000000000001,87.4,1164,166.5,74.2,4.26,10.062,14.34,4.198,62.0,64.1,67.0,1603,1,50.9,0.32
959,233,1.375,41.26,1,79.9,87.4,1161,166.4,74.0,4.29,10.062,14.332,4.198,62.0,64.1,67.0,1603,1,50.9,0.31
960,233,1.375,41.42,1,79.9,87.4,1160,166.5,74.0,4.44,10.062,14.336,4.198,62.0,64.1,67.0,1603,1,50.9,0.31
961,233,1.375,41.42,1,80.30000000000001,87.6,1160,166.6,74.2,4.79,10.055,14.336,4.198,62.0,64.1,67.0,1603,1,50.8,0.3
962,233,1.375,41.36,1,80.4,87.6,1162,166.5,74.1,4.77,10.07,14.34,4.198,62.0,64.1,67.0,1603,1,50.8,0.3
963,233,1.375,41.33,1,80.4,87.6,1163,166.4,74.2,4.77,10.094,14.344,4.198,62.0,64.1,67.0,1603,1,50.8,0.31
964,233,1.375,41.34,1,80.30000000000001,87.6,1164,166.4,74.2,4.0,10.109,14.348,4.198,62.0,64.1,67.0,1603,1,50.8,0.31
965,233,1.375,40.84,1,78.9,87.0,1160,166.5,73.9,2.71,10.125,14.355,4.198,62.0,64.1,67.0,1603,1,50.8,0.31
966,232,1.375,41.19,1,77.9,86.6,1151,166.6,73.6,2.54,10.133,14.352,4.199,62.0,64.1,67.0,1603,1,50.8,0.31
967,232,1.375,41.18,1,77.7,86.6,1142,166.8,73.3,2.55,10.133,14.348,4.198,62.0,64.1,67.0,1603,1,50.8,0.31
968,232,1.375,41.15,1,77.7,86.6,1138,167.0,73.4,2.49,10.133,14.344,4.198,62.0,64.1,67.0,1603,1,50.8,0.31
969,232,1.375,41.08,1,77.7,86.6,1135,167.0,73.4,2.61,10.125,14.344,4.198,62.0,64.1,67.0,1603,1,50.8,0.31
970,232,1.375,41.47,1,78.2,86.9,1134,167.1,73.4,3.8,10.117,14.34,4.198,62.0,64.1,67.0,1603,1,50.7,0.31
971,231,1.375,41.52,1,79.5,87.4,1139,167.2,73.8,4.52,10.102,14.34,4.199,62.0,64.1,67.0,1603,1,50.7,0.33
972,231,1.375,41.45,1,80.0,87.5,1147,167.3,74.1,4.5,10.102,14.34,4.199,62.0,64.1,67.0,1603,1,50.7,0.33
973,231,1.375,41.32,1,80.2,87.6,1152,167.4,74.3,4.55,10.094,14.34,4.198,62.0,64.1,67.0,1603,1,50.7,0.32
974,231,1.375,41.02,1,80.2,87.5,1156,167.4,74.4,4.58,10.086,14.336,4.198,62.0,64.0,67.0,1603,1,50.7,0.32
975,231,1.375,41.41,1,80.2,87.5,1158,167.4,74.4,4.65,10.07,14.34,4.199,62.0,64.0,67.0,1603,1,50.7,0.31
976,231,1.375,41.42,1,80.4,87.6,1159,167.5,74.1,4.71,10.062,14.348,4.198,62.0,64.0,67.0,1603,1,50.6,0.32
977,231,1.375,41.47,1,80.4,87.6,1161,167.5,74.3,4.68,10.062,14.352,4.198,62.0,64.0,67.0,1603,1,50.6,0.31
978,231,1.375,41.35,1,80.2,87.5,1161,167.5,74.2,4.11,10.062,14.355,4.199,61.0,64.0,67.0,1603,1,50.6,0.31
979,231,1.375,41.04,1,79.3,87.1,1159,167.5,74.3,3.12,10.07,14.355,4.198,62.0,64.0,67.0,1603,1,50.6,0.31
980,231,1.375,41.16,1,78.5,86.9,1152,167.4,73.7,3.01,10.062,14.352,4.198,61.0,64.0,67.0,1603,1,50.6,0.31
981,230,1.375,41.22,1,78.4,86.8,1147,167.4,73.5,3.16,10.055,14.352,4.198,62.0,64.0,67.0,1603,1,50.6,0.31
982,230,1.375,41.12,1,78.3,86.8,1143,167.5,73.4,3.0,10.039,14.352,4.198,61.0,63.9,67.0,1603,1,50.6,0.31
983,230,1.375,41.17,1,78.2,86.8,1141,167.4,73.6,2.98,10.031,14.355,4.198,62.0,63.9,67.0,1603,1,50.5,0.31
984,230,1.375,41.35,1,78.3,86.8,1140,167.4,73.5,2.94,10.031,14.355,4.198,62.0,63.9,67.0,1603,1,50.5,0.32
985,229,1.375,41.13,1,78.0,86.6,1139,167.5,73.5,2.29,10.031,14.355,4.198,62.0,63.9,67.0,1603,1,50.5,0.32
986,229,1.375,41.06,1,77.4,86.4,1135,167.5,73.3,2.08,10.031,14.352,4.198,61.0,63.9,67.0,1603,1,50.5,0.31
987,229,1.375,41.12,1,77.10000000000001,86.3,1130,167.5,73.0,2.0,10.031,14.355,4.198,62.0,63.9,67.0,1603,1,50.5,0.31
988,228,1.375,41.21,1,77.10000000000001,86.3,1127,167.6,73.2,2.33,10.023,14.359,4.199,62.0,63.8,67.0,1603,1,50.5,0.31
989,228,1.375,41.2,1,77.7,86.7,1127,167.6,73.4,2.87,10.031,14.359,4.198,61.0,63.8,67.0,1603,1,50.5,0.32
990,227,1.375,41.17,1,78.10000000000001,86.8,1130,167.7,73.6,2.89,10.031,14.359,4.198,61.0,63.8,67.0,1603,1,50.5,0.32
991,227,1.375,41.22,1,78.2,86.8,1133,167.7,73.6,2.95,10.039,14.359,4.198,61.0,63.8,67.0,1603,1,50.4,0.31
992,227,1.375,41.12,1,78.2,86.8,1135,167.8,73.6,2.98,10.039,14.355,4.199,62.0,63.8,67.0,1603,1,50.4,0.31
993,227,1.375,41.21,1,78.2,86.8,1136,167.9,73.6,2.6,10.039,14.355,4.199,62.0,63.8,67.0,1603,1,50.4,0.31
994,226,1.375,41.07,1,77.60000000000001,86.5,1135,168.0,73.5,2.24,10.031,14.352,4.199,61.0,63.7,67.0,1603,1,50.4,0.3
995,226,1.375,40.83,1,77.2,86.4,1131,168.0,73.3,2.06,10.023,14.344,4.199,61.0,63.7,67.0,1603,1,50.4,0.31
996,226,1.375,41.2,1,77.2,86.4,1128,168.0,73.3,2.13,10.016,14.34,4.199,61.0,63.7,67.0,1603,1,50.4,0.31
997,226,1.375,41.43,1,77.7,86.7,1126,168.1,73.3,3.6,10.0,14.332,4.199,61.0,63.7,67.0,1603,1,50.4,0.32
998,225,1.375,41.74,1,79.7,87.5,1133,168.2,73.9,5.74,10.0,14.328,4.198,61.0,63.7,67.0,1603,1,50.4,0.32
999,225,1.375,41.66,1,81.5,88.2,1149,168.2,74.6,6.51,10.0,14.328,4.198,61.0,63.7,67.0,1603,1,50.3,0.32
1000,226,1.375,41.6,1,82.19999999999999,88.3,1165,168.1,75.0,6.62,10.008,14.332,4.199,61.0,63.6,67.0,1603,1,50.3,0.31
1001,226,1.375,41.54,1,82.39999999999999,88.4,1175,168.0,75.1,6.6,10.031,14.336,4.199,61.0,63.6,67.0,1603,1,50.3,0.29
1002,226,1.375,41.58,1,82.19999999999999,88.3,1180,167.8,75.1,6.14,10.047,14.34,4.199,61.0,63.7,67.0,1603,1,50.3,0.3
1003,226,1.375,41.37,1,81.6,88.0,1181,167.7,75.0,5.07,10.07,14.344,4.198,61.0,63.6,67.0,1603,1,50.3,0.3
1004,226,1.375,40.96,1,80.4,87.5,1176,167.6,74.4,4.08,10.078,14.34,4.199,61.0,63.6,67.0,1603,1,50.3,0.3
1005,226,1.375,41.14,1,79.5,87.2,1168,167.4,74.1,3.73,10.078,14.34,4.198,61.0,63.6,67.0,1603,1,50.2,0.31
1006,226,1.375,41.49,1,79.2,87.2,1160,167.3,73.8,3.67,10.078,14.34,4.198,61.0,63.6,67.0,1603,1,50.3,0.31
1007,226,1.375,41.51,1,79.10000000000001,87.1,1155,167.2,73.8,3.7,10.078,14.34,4.198,61.0,63.6,67.0,1603,1,50.2,0.32
1008,225,1.375,41.2,1,79.2,87.2,1152,167.0,73.9,3.75,10.086,14.34,4.198,61.0,63.6,67.0,1603,1,50.2,0.3
1009,225,1.375,41.36,1,79.10000000000001,87.1,1152,166.9,73.8,3.7,10.086,14.34,4.198,61.0,63.6,67.0,1603,1,50.2,0.31
1010,225,1.375,41.45,1,79.2,87.2,1152,166.9,73.9,3.73,10.094,14.336,4.199,61.0,63.6,67.0,1603,1,50.2,0.31
1011,225,1.375,41.51,1,79.10000000000001,87.1,1151,166.9,73.8,3.66,10.094,14.332,4.199,61.0,63.6,67.0,1603,1,50.2,0.31
1012,225,1.375,41.37,1,79.10000000000001,87.1,1151,166.9,73.9,4.18,10.102,14.332,4.198,61.0,63.6,67.0,1603,1,50.2,0.3
1013,225,1.375,41.5,1,79.9,87.5,1152,167.0,74.0,5.14,10.109,14.328,4.198,61.0,63.6,67.0,1603,1,50.1,0.31
1014,225,1.375,41.55,1,81.10000000000001,88.0,1159,166.9,74.3,6.2,10.125,14.328,4.198,61.0,63.6,67.0,1603,1,50.1,0.32
1015,225,1.375,41.69,1,81.8,88.2,1169,166.9,74.7,6.26,10.141,14.328,4.198,61.0,63.6,67.0,1603,1,50.1,0.31
1016,225,1.375,41.51,1,81.89999999999999,88.2,1175,166.9,74.7,6.27,10.156,14.328,4.198,61.0,63.6,67.0,1603,1,50.1,0.3
1017,225,1.375,41.41,1,82.0,88.2,1180,166.8,74.9,6.25,10.18,14.332,4.198,61.0,63.6,67.0,1603,1,50.1,0.31
1018,226,1.375,41.15,1,81.69999999999999,88.0,1182,166.7,74.9,4.65,10.195,14.336,4.198,61.0,63.6,67.0,1603,1,50.1,0.31
1019,226,1.375,40.76,1,79.5,86.9,1177,166.6,74.3,1.65,10.211,14.344,4.198,61.0,63.6,67.0,1603,1,50.1,0.3
1020,226,1.375,40.82,1,76.4,85.7,1157,166.6,73.1,-0.11,10.219,14.352,4.198,61.0,63.6,67.0,1603,1,50.1,0.3
1021,226,1.35,40.69,1,74.5,85.2,1132,166.5,72.4,-0.4,10.219,14.355,4.199,61.0,63.6,67.0,1603,1,50.1,0.31
1022,226,1.35,40.87,1,74.1,85.2,1113,166.6,72.2,-0.47,10.227,14.363,4.198,61.0,63.6,67.0,1603,1,50.1,0.32
1023,226,1.35,40.71,1,74.0,85.2,1103,166.6,72.2,-0.43,10.219,14.367,4.198,61.0,63.6,67.0,1603,1,50.0,0.32
1024,226,1.35,40.78,1,74.1,85.3,1097,166.7,72.1,-0.34,10.227,14.371,4.199,61.0,63.6,67.0,1603,1,50.0,0.32
1025,226,1.35,40.74,1,74.1,85.2,1095,166.8,72.1,-0.38,10.242,14.375,4.199,61.0,63.6,67.0,1603,1,50.0,0.32
1026,226,1.35,40.83,1,74.0,85.2,1093,166.9,72.2,-0.43,10.258,14.379,4.198,61.0,63.6,67.0,1603,1,50.0,0.32
1027,226,1.325,40.87,1,74.0,85.2,1092,167.1,72.0,-0.41,10.281,14.383,4.198,61.0,63.6,67.0,1603,1,50.0,0.33
1028,226,1.325,40.68,1,74.1,85.3,1091,167.4,72.3,-0.5,10.297,14.391,4.198,61.0,63.6,67.0,1603,1,50.0,0.32
1029,226,1.325,40.96,1,74.0,85.2,1090,167.6,72.2,-0.44,10.32,14.395,4.198,61.0,63.6,67.0,1603,1,50.0,0.32
1030,225,1.325,40.65,1,74.0,85.2,1089,167.8,72.1,-0.32,10.344,14.398,4.198,61.0,63.6,67.0,1603,1,50.0,0.32
1031,225,1.325,40.75,1,74.0,85.2,1088,168.0,72.1,-0.5,10.383,14.402,4.199,61.0,63.6,67.0,1603,1,49.9,0.32
1032,225,1.3,40.84,1,73.9,85.2,1087,168.3,72.1,-0.47,10.406,14.406,4.198,61.0,63.6,67.0,1603,1,50.0,0.31
1033,225,1.3,40.86,1,73.9,85.2,1087,168.4,72.1,-0.62,10.445,14.414,4.199,61.0,63.6,67.0,1603,1,49.9,0.31
1034,225,1.3,40.82,1,73.8,85.2,1087,168.6,72.1,-0.47,10.469,14.418,4.198,61.0,63.6,67.0,1603,1,49.9,0.32
1035,225,1.3,41.08,1,73.9,85.3,1087,168.8,72.3,-0.33,10.5,14.422,4.199,61.0,63.6,67.0,1603,1,49.9,0.31
1036,225,1.3,40.71,1,74.0,85.2,1087,169.0,72.3,-0.42,10.531,14.426,4.198,61.0,63.6,67.0,1603,1,49.9,0.31
1037,225,1.275,40.78,1,74.0,85.2,1087,169.1,72.3,-0.5,10.555,14.434,4.198,61.0,63.6,67.0,1603,1,49.9,0.31
1038,225,1.275,40.95,1,73.9,85.2,1087,169.2,72.2,-0.45,10.586,14.438,4.198,61.0,63.6,67.0,1603,1,49.9,0.32
1039,225,1.275,40.66,1,73.9,85.2,1087,169.3,72.2,-0.73,10.617,14.445,4.198,61.0,63.6,67.0,1603,1,49.9,0.32
1040,225,1.275,41.05,1,73.3,84.8,1085,169.4,72.0,-1.43,10.648,14.449,4.198,61.0,63.6,67.0,1603,1,49.9,0.31
1041,225,1.275,40.93,1,72.8,84.7,1080,169.5,71.9,-1.54,10.672,14.453,4.198,61.0,63.6,67.0,1603,1,49.9,0.31
1042,225,1.25,40.63,1,72.6,84.7,1076,169.6,71.8,-1.47,10.695,14.461,4.199,61.0,63.6,67.0,1603,1,49.9,0.33
1043,225,1.25,40.72,1,72.6,84.7,1073,169.7,71.8,-1.49,10.711,14.461,4.198,61.0,63.6,67.0,1603,1,49.8,0.32
1044,225,1.25,40.84,1,72.6,84.7,1072,169.7,71.8,-1.46,10.742,14.465,4.199,61.0,63.6,67.0,1603,1,49.9,0.32
1045,224,1.25,40.88,1,72.6,84.7,1072,169.8,71.8,-1.48,10.766,14.469,4.198,61.0,63.6,67.0,1603,1,49.8,0.32
1046,224,1.25,40.7,1,72.6,84.7,1071,169.9,71.8,-1.52,10.781,14.473,4.198,61.0,63.6,67.0,1603,1,49.8,0.32
1047,224,1.225,40.59,1,72.6,84.7,1071,170.0,71.7,-1.47,10.797,14.477,4.198,61.0,63.7,67.0,1603,1,49.8,0.32
1048,224,1.225,40.89,1,72.6,84.7,1070,170.0,72.0,-1.51,10.812,14.48,4.198,61.0,63.6,67.0,1603,1,49.8,0.31
1049,224,1.225,40.72,1,72.6,84.7,1069,170.0,71.7,-1.52,10.828,14.488,4.199,61.0,63.7,67.0,1603,1,49.8,0.31
1050,224,1.225,40.71,1,72.6,84.7,1069,170.1,71.9,-1.48,10.844,14.496,4.199,61.0,63.7,67.0,1603,1,49.8,0.32
1051,224,1.225,40.73,1,72.6,84.7,1069,170.1,71.9,-1.5,10.867,14.5,4.198,61.0,63.7,67.0,1603,1,49.8,0.32
1052,224,1.2,40.84,1,72.6,84.7,1070,170.2,71.9,-1.47,10.906,14.508,4.198,61.0,63.7,67.0,1603,1,49.8,0.32
1053,224,1.2,40.73,1,72.6,84.7,1070,170.3,71.8,-1.4,10.938,14.512,4.199,61.0,63.7,67.0,1603,1,49.8,0.31
1054,225,1.2,40.75,1,72.6,84.7,1071,170.3,72.0,-1.39,10.977,14.516,4.199,61.0,63.7,67.0,1603,1,49.8,0.31
1055,225,1.2,41.1,1,72.7,84.89999999999999,1071,170.4,71.9,-0.89,11.023,14.52,4.198,61.0,63.7,67.0,1603,1,49.8,0.31
1056,226,1.2,41.27,1,73.5,85.2,1074,170.4,72.2,0.18,11.062,14.523,4.198,61.0,63.7,67.0,1603,1,49.8,0.31
1057,226,1.175,41.17,1,74.7,85.7,1080,170.3,72.4,1.3,11.109,14.527,4.198,61.0,63.8,67.0,1603,1,49.8,0.32
1058,226,1.175,41.44,1,76.0,86.1,1093,170.3,73.0,2.09,11.156,14.531,4.198,61.0,63.8,67.0,1603,1,49.8,0.32
1059,227,1.175,41.29,1,76.9,86.5,1105,170.2,73.2,2.53,11.195,14.535,4.198,61.0,63.8,67.0,1603,1,49.8,0.32
1060,228,1.175,41.28,1,77.3,86.6,1115,170.1,73.2,2.54,11.227,14.547,4.199,62.0,63.8,67.0,1603,1,49.7,0.32
1061,228,1.175,41.2,1,77.4,86.6,1122,170.0,73.6,2.61,11.266,14.555,4.198,62.0,63.8,67.0,1603,1,49.8,0.31
1062,229,1.15,41.18,1,77.3,86.5,1125,169.9,73.4,2.16,11.297,14.562,4.199,61.0,63.9,67.0,1603,1,49.8,0.31
1063,229,1.15,41.03,1,76.6,86.1,1125,169.9,73.2,0.66,11.336,14.57,4.198,61.0,63.9,67.0,1603,1,49.8,0.32
1064,230,1.15,40.86,1,74.3,85.2,1117,169.7,72.6,-1.33,11.352,14.578,4.198,61.0,63.9,67.0,1603,1,49.7,0.31
1065,230,1.15,40.47,1,72.5,84.39999999999999,1101,169.6,71.8,-2.46,11.367,14.582,4.198,62.0,63.9,67.0,1603,1,49.7,0.31
1066,230,1.15,40.87,1,71.2,84.1,1081,169.5,71.4,-2.7,11.367,14.586,4.198,62.0,63.9,67.0,1603,1,49.7,0.31
1067,230,1.15,40.78,1,70.89999999999999,84.1,1069,169.4,71.3,-2.78,11.367,14.59,4.198,62.0,64.0,67.0,1603,1,49.7,0.32
1068,230,1.125,40.57,1,70.7,84.0,1060,169.3,71.1,-2.84,11.375,14.594,4.198,62.0,63.9,67.0,1603,1,49.7,0.32
1069,230,1.125,40.77,1,70.8,84.0,1057,169.2,71.2,-2.61,11.398,14.594,4.199,62.0,64.0,67.0,1603,1,49.7,0.32
1070,230,1.125,41.22,1,71.6,84.5,1056,169.2,71.4,-0.88,11.414,14.598,4.198,62.0,64.0,67.0,1603,1,49.7,0.31
1071,230,1.125,41.44,1,73.4,85.39999999999999,1064,169.1,72.0,0.96,11.43,14.602,4.199,62.0,64.0,67.0,1603,1,49.7,0.31
1072,230,1.1,41.21,1,75.5,86.0,1082,169.2,72.7,1.5,11.461,14.605,4.198,62.0,64.0,67.0,1603,1,49.7,0.31
1073,230,1.1,41.29,1,76.0,86.1,1097,169.2,73.0,1.61,11.484,14.613,4.199,61.0,64.0,67.0,1603,1,49.7,0.31
1074,231,1.1,41.2,1,76.1,86.1,1105,169.2,72.9,1.61,11.508,14.621,4.198,62.0,64.1,67.0,1603,1,49.7,0.31
1075,231,1.1,41.0,1,75.6,85.8,1109,169.3,72.9,-0.09,11.531,14.625,4.198,62.0,64.1,67.0,1603,1,49.7,0.3
1076,231,1.1,40.57,1,73.8,85.1,1104,169.3,72.5,-1.19,11.547,14.633,4.198,62.0,64.1,67.0,1603,1,49.7,0.3
1077,231,1.075,41.03,1,72.89999999999999,84.8,1093,169.3,72.1,-1.27,11.555,14.629,4.198,62.0,64.1,67.0,1603,1,49.7,0.3
1078,230,1.075,40.7,1,72.7,84.8,1084,169.3,71.9,-1.27,11.555,14.629,4.198,62.0,64.2,67.0,1603,1,49.7,0.3
1079,230,1.075,40.83,1,72.5,84.7,1080,169.2,71.9,-1.48,11.562,14.633,4.198,62.0,64.2,67.0,1603,1,49.7,0.31
1080,230,1.075,40.92,1,72.5,84.7,1076,169.1,71.8,-0.98,11.562,14.637,4.199,62.0,64.2,67.0,1603,1,49.7,0.31
1081,230,1.075,41.53,1,73.5,85.39999999999999,1076,169.0,72.2,1.0,11.57,14.641,4.198,62.0,64.2,67.0,1603,1,49.7,0.31
1082,230,1.075,41.23,1,75.6,86.1,1088,168.9,72.6,1.82,11.594,14.645,4.198,62.0,64.2,67.0,1603,1,49.7,0.31
1083,229,1.05,41.2,1,76.3,86.2,1101,168.7,72.9,1.92,11.625,14.648,4.198,62.0,64.2,67.0,1603,1,49.7,0.31
1084,229,1.05,41.33,1,76.4,86.2,1111,168.6,73.0,1.9,11.656,14.652,4.199,62.0,64.3,67.0,1603,1,49.7,0.31
1085,229,1.05,41.2,1,76.5,86.3,1115,168.6,73.2,1.84,11.688,14.656,4.198,62.0,64.3,67.0,1603,1,49.7,0.31
1086,229,1.05,41.16,1,76.5,86.3,1119,168.5,73.1,1.84,11.719,14.66,4.199,62.0,64.3,67.0,1603,1,49.7,0.31
1087,229,1.05,41.0,1,76.3,86.2,1120,168.5,73.0,1.78,11.758,14.668,4.198,62.0,64.3,67.0,1603,1,49.7,0.31
1088,229,1.05,41.24,1,76.4,86.2,1120,168.4,72.9,1.88,11.797,14.668,4.198,62.0,64.3,67.0,1603,1,49.7,0.3
1089,228,1.05,41.17,1,76.4,86.3,1121,168.2,73.0,1.95,11.828,14.672,4.198,62.0,64.4,67.0,1603,1,49.7,0.31
1090,228,1.05,41.24,1,76.4,86.3,1122,168.0,73.1,2.0,11.867,14.676,4.198,62.0,64.4,67.0,1603,1,49.7,0.3
1091,228,1.025,41.04,1,76.4,86.2,1122,167.9,73.2,1.6,11.891,14.68,4.199,62.0,64.4,67.0,1603,1,49.7,0.32
1092,228,1.025,41.06,1,75.5,85.8,1120,167.8,72.8,0.51,11.922,14.684,4.198,62.0,64.4,67.0,1603,1,49.7,0.31
1093,227,1.025,40.95,1,74.8,85.6,1113,167.6,72.7,0.33,11.945,14.688,4.198,62.0,64.5,67.0,1603,1,49.7,0.31
1094,227,1.025,41.18,1,74.5,85.5,1108,167.5,72.5,0.34,11.969,14.691,4.198,62.0,64.5,67.0,1603,1,49.7,0.31
1095,227,1.025,40.95,1,74.5,85.5,1105,167.4,72.6,0.43,12.0,14.691,4.198,62.0,64.5,67.0,1603,1,49.7,0.31
1096,226,1.025,41.07,1,74.5,85.5,1103,167.3,72.6,0.36,12.023,14.695,4.199,62.0,64.5,67.0,1603,1,49.7,0.31
1097,226,1.025,41.0,1,74.5,85.5,1102,167.2,72.5,0.35,12.039,14.699,4.198,62.0,64.5,67.0,1603,1,49.7,0.31
1098,225,1.0,41.23,1,74.4,85.5,1101,167.1,72.4,0.35,12.055,14.703,4.198,62.0,64.6,67.0,1603,1,49.7,0.31
1099,225,1.0,40.8,1,74.4,85.5,1101,167.1,72.5,0.41,12.062,14.707,4.198,62.0,64.6,67.0,1603,1,49.7,0.31
1100,224,1.0,40.96,1,74.5,85.5,1100,167.0,72.4,0.3,12.07,14.711,4.199,62.0,64.6,67.0,1603,1,49.7,0.32
1101,223,1.0,41.14,1,74.4,85.5,1100,167.1,72.4,0.32,12.078,14.711,4.199,62.0,64.6,67.0,1603,1,49.7,0.31
1102,222,1.0,41.15,1,74.5,85.5,1099,167.1,72.5,0.34,12.086,14.711,4.199,62.0,64.7,67.0,1603,1,49.7,0.31
1103,222,1.0,41.15,1,74.5,85.5,1099,167.1,72.4,0.37,12.086,14.719,4.198,62.0,64.7,67.0,1603,1,49.7,0.3
1104,221,1.0,41.07,1,74.5,85.5,1100,167.1,72.4,0.37,12.094,14.719,4.198,62.0,64.7,67.0,1603,1,49.7,0.31
1105,220,1.0,41.46,1,74.5,85.5,1100,167.2,72.5,0.47,12.094,14.723,4.198,62.0,64.7,67.0,1603,1,49.7,0.31
1106,219,0.975,41.13,1,74.9,85.7,1101,167.2,72.6,0.82,12.102,14.727,4.198,62.0,64.8,67.0,1603,1,49.8,0.31
1107,219,0.975,41.0,1,75.1,85.8,1104,167.2,72.7,0.95,12.109,14.73,4.198,62.0,64.8,67.0,1603,1,49.8,0.32
1108,218,0.975,41.17,1,75.2,85.8,1106,167.3,72.8,1.04,12.117,14.734,4.199,62.0,64.8,67.0,1603,1,49.8,0.31
1109,217,0.975,41.07,1,75.2,85.8,1107,167.3,72.8,0.95,12.125,14.738,4.198,62.0,64.8,67.0,1603,1,49.8,0.31
1110,216,0.975,41.31,1,75.1,85.8,1107,167.3,72.7,0.95,12.141,14.742,4.198,62.0,64.8,67.0,1603,1,49.8,0.31
1111,216,0.975,41.28,1,75.1,85.8,1108,167.3,72.6,0.9,12.156,14.746,4.198,62.0,64.9,67.0,1603,1,49.8,0.31
1112,215,0.975,41.32,1,75.1,85.8,1108,167.3,72.7,0.91,12.18,14.746,4.198,63.0,64.9,67.0,1603,1,49.8,0.31
1113,214,0.975,41.2,1,75.1,85.8,1107,167.3,72.7,0.91,12.188,14.75,4.198,62.0,64.9,67.0,1603,1,49.8,0.31
1114,214,0.95,41.09,1,75.1,85.8,1108,167.4,72.7,0.87,12.203,14.75,4.198,62.0,65.0,67.0,1603,1,49.8,0.31
1115,214,0.95,41.03,1,75.1,85.7,1108,167.3,72.7,0.84,12.219,14.75,4.198,62.0,65.0,67.0,1603,1,49.8,0.32
1116,213,0.95,41.31,1,75.1,85.8,1108,167.2,72.7,0.94,12.234,14.75,4.198,63.0,65.0,67.0,1603,1,49.8,0.31
1117,213,0.95,41.14,1,75.1,85.8,1108,167.2,72.7,0.91,12.25,14.754,4.198,63.0,65.0,67.0,1603,1,49.8,0.32
1118,213,0.95,41.38,1,75.1,85.8,1108,167.1,72.9,0.89,12.266,14.758,4.198,63.0,65.1,67.0,1603,1,49.8,0.32
1119,213,0.95,41.16,1,75.1,85.8,1108,167.1,72.7,0.89,12.281,14.758,4.199,63.0,65.1,67.0,1603,1,49.8,0.32
1120,212,0.95,41.14,1,75.1,85.8,1108,166.9,72.9,0.96,12.305,14.762,4.198,63.0,65.1,67.0,1603,1,49.8,0.32
1121,212,0.925,41.47,1,75.2,85.9,1108,166.8,72.9,1.19,12.32,14.762,4.198,63.0,65.1,67.0,1603,1,49.8,0.32
1122,212,0.925,41.27,1,75.4,85.9,1110,166.8,72.8,1.47,12.336,14.766,4.199,63.0,65.1,67.0,1603,1,49.9,0.32
1123,211,0.925,41.5,1,75.9,86.2,1112,166.6,73.0,2.34,12.352,14.766,4.199,63.0,65.2,67.0,1603,1,49.9,0.32
1124,211,0.925,41.47,1,76.8,86.5,1118,166.5,73.2,2.56,12.383,14.77,4.198,63.0,65.2,67.0,1603,1,49.9,0.33
1125,210,0.925,41.56,1,77.0,86.6,1123,166.5,73.3,2.61,12.406,14.773,4.198,63.0,65.2,67.0,1603,1,49.9,0.31
1126,210,0.925,41.3,1,77.10000000000001,86.6,1128,166.4,73.3,2.57,12.43,14.781,4.198,63.0,65.2,67.0,1603,1,49.9,0.32
1127,209,0.925,41.3,1,77.10000000000001,86.5,1130,166.3,73.5,2.61,12.453,14.789,4.198,63.0,65.3,67.0,1603,1,49.9,0.33
1128,209,0.9,41.33,1,77.10000000000001,86.5,1131,166.2,73.4,2.52,12.469,14.797,4.198,63.0,65.3,67.0,1603,1,49.9,0.32
1129,208,0.9,41.4,1,77.10000000000001,86.6,1132,166.1,73.3,2.59,12.484,14.805,4.198,63.0,65.3,67.0,1603,1,49.9,0.32
1130,208,0.9,41.3,1,77.10000000000001,86.6,1132,166.0,73.4,2.6,12.5,14.816,4.198,63.0,65.3,67.0,1603,1,49.9,0.32
1131,208,0.9,41.07,1,76.9,86.4,1132,165.9,73.3,1.62,12.508,14.824,4.198,63.0,65.3,67.0,1603,1,49.9,0.32
1132,207,0.9,40.69,1,75.1,85.6,1126,165.8,72.7,-0.45,12.516,14.832,4.198,63.0,65.4,67.0,1603,1,49.9,0.32
1133,207,0.9,40.86,1,73.2,84.89999999999999,1112,165.8,72.1,-1.7,12.5,14.84,4.198,63.0,65.4,67.0,1603,1,49.9,0.33
1134,206,0.9,40.65,1,71.7,84.3,1094,165.8,71.8,-2.37,12.492,14.848,4.199,63.0,65.4,67.0,1603,1,49.9,0.32
1135,206,0.9,40.98,1,71.1,84.1,1079,165.9,71.5,-2.65,12.469,14.859,4.198,63.0,65.4,67.0,1603,1,49.9,0.31
1136,205,0.9,41.05,1,71.0,84.2,1068,165.9,71.4,-2.5,12.445,14.863,4.199,63.0,65.5,67.0,1603,1,50.0,0.32
1137,204,0.9,40.89,1,70.8,84.1,1063,166.1,71.3,-2.61,12.406,14.867,4.198,63.0,65.5,67.0,1603,1,50.0,0.31
1138,204,0.875,40.66,1,70.8,84.0,1058,166.2,71.3,-2.59,12.375,14.871,4.198,63.0,65.5,67.0,1603,1,50.0,0.31
1139,203,0.875,40.7,1,71.0,84.2,1056,166.3,71.3,-2.47,12.336,14.871,4.199,63.0,65.5,67.0,1603,1,50.0,0.31
1140,203,0.875,40.65,1,71.0,84.2,1056,166.4,71.6,-2.48,12.305,14.867,4.198,63.0,65.5,67.0,1603,1,50.0,0.31
1141,202,0.875,40.51,1,70.89999999999999,84.1,1056,166.6,71.4,-3.11,12.281,14.867,4.198,63.0,65.5,67.0,1603,1,50.0,0.3
1142,201,0.875,40.12,1,69.6,83.2,1052,166.8,71.0,-5.54,12.25,14.863,4.198,63.0,65.5,67.0,1603,1,50.0,0.31
1143,200,0.875,39.52,1,65.7,81.2,1032,166.9,69.8,-8.77,12.203,14.859,4.198,63.0,65.5,67.0,1603,1,50.0,0.3
1144,199,0.875,38.94,1,60.9,79.5,993,167.1,68.7,-11.19,12.141,14.852,4.199,63.0,65.5,67.0,1603,1,50.0,0.31
1145,198,0.875,38.06,1,56.49999999999999,76.8,954,167.4,67.2,-13.37,12.094,14.84,4.198,63.0,65.5,67.0,1603,1,50.0,0.3
1146,196,0.875,37.99,1,50.4,73.2,905,167.8,65.3,-15.03,12.031,14.828,4.198,63.0,65.5,67.0,1603,1,50.0,0.3
1147,195,0.875,37.66,1,45.9,70.8,862,168.2,63.8,-16.24,11.961,14.813,4.199,63.0,65.5,67.0,1603,1,50.1,0.3
1148,193,0.875,37.5,1,42.4,68.4,829,168.5,62.8,-17.35,11.898,14.797,4.199,63.0,65.5,67.0,1603,1,50.1,0.31
1149,191,0.875,37.16,1,39.5,66.4,803,168.9,61.7,-18.58,11.828,14.781,4.198,63.0,65.4,67.0,1603,1,50.1,0.31
1150,190,0.875,34.3,1,37.2,64.5,782,169.2,60.8,-19.43,11.773,14.766,4.199,63.0,65.4,67.0,1603,1,50.1,0.32
1151,188,0.875,31.91,1,35.099999999999994,62.6,764,169.5,59.7,-19.54,11.703,14.75,4.199,63.0,65.3,67.0,1603,1,50.1,0.32
1152,186,0.875,29.93,1,33.300000000000004,61.1,749,170.0,58.6,-19.56,11.641,14.734,4.198,63.0,65.3,67.0,1603,1,50.1,0.32
1153,184,0.875,29.66,1,32.6,60.9,743,170.4,58.4,-19.5,11.578,14.719,4.198,63.0,65.2,67.0,1603,1,50.1,0.32
1154,182,0.875,29.35,1,32.300000000000004,60.9,745,170.8,58.4,-19.55,11.523,14.703,4.198,63.0,65.1,67.0,1603,1,50.1,0.32
1155,180,0.875,29.12,1,32.2,60.8,748,171.3,58.2,-19.55,11.461,14.688,4.198,63.0,65.1,67.0,1603,1,50.1,0.32
1156,179,0.875,29.11,1,32.1,60.8,749,171.8,58.5,-19.57,11.406,14.668,4.198,62.0,65.0,67.0,1603,1,50.1,0.32
1157,177,0.875,29.42,1,32.1,60.9,750,172.4,58.3,-19.2,11.336,14.652,4.198,62.0,64.9,67.0,1603,1,50.1,0.32
1158,175,0.875,33.08,1,33.0,62.7,754,173.1,59.7,-18.19,11.273,14.637,4.199,62.0,64.8,67.0,1603,1,50.1,0.32
1159,173,0.875,38.44,1,35.4,65.7,772,173.7,61.3,-17.49,11.219,14.617,4.198,62.0,64.7,67.0,1603,1,50.1,0.32
1160,172,0.875,37.92,1,37.5,67.0,789,174.4,62.1,-17.25,11.156,14.602,4.198,62.0,64.7,67.0,1603,1,50.2,0.32
1161,170,0.875,38.33,1,38.7,67.80000000000001,791,175.0,62.4,-16.55,11.102,14.59,4.198,62.0,64.7,67.0,1603,1,50.2,0.32
1162,168,0.875,38.29,1,40.300000000000004,68.8,792,175.7,63.0,-16.38,11.023,14.574,4.198,62.0,64.7,67.0,1603,1,50.2,0.32
1163,167,0.875,38.39,1,40.8,69.0,790,176.2,63.1,-16.36,10.969,14.562,4.198,62.0,64.7,67.0,1603,1,50.2,0.32
1164,165,0.875,38.55,1,41.0,69.0,785,176.8,63.1,-16.39,10.891,14.547,4.198,62.0,64.7,67.0,1603,1,50.2,0.32
1165,164,0.875,38.51,1,41.0,69.0,780,177.2,63.1,-16.4,10.82,14.531,4.199,62.0,64.7,67.0,1603,1,50.2,0.31
1166,162,0.875,38.86,1,41.099999999999994,69.3,776,177.7,63.2,-15.73,10.758,14.516,4.198,62.0,64.7,67.0,1603,1,50.2,0.31
1167,161,0.875,39.21,1,42.6,71.0,780,178.0,63.9,-14.72,10.68,14.504,4.198,62.0,64.7,67.0,1603,1,50.2,0.32
1168,160,0.875,39.6,1,45.300000000000004,73.2,795,178.3,65.1,-13.56,10.617,14.492,4.198,62.0,64.6,67.0,1603,1,50.2,0.32
1169,159,0.875,39.76,1,48.6,75.2,816,178.4,65.9,-12.48,10.547,14.48,4.198,62.0,64.6,67.0,1603,1,50.2,0.33
1170,158,0.875,39.52,1,51.5,76.4,838,178.5,66.7,-12.19,10.5,14.469,4.198,62.0,64.6,67.0,1603,1,50.2,0.32
1171,157,0.875,39.39,1,52.7,76.6,854,178.5,66.8,-12.22,10.43,14.461,4.198,62.0,64.6,67.0,1603,1,50.2,0.32
1172,156,0.875,40.23,1,53.5,77.2,860,178.5,67.1,-10.96,10.359,14.449,4.198,62.0,64.6,67.0,1603,1,50.3,0.32
1173,155,0.875,40.48,1,57.099999999999994,79.5,877,178.5,68.3,-9.13,10.305,14.438,4.198,62.0,64.5,67.0,1603,1,50.3,0.33
1174,154,0.875,40.75,1,60.9,80.60000000000001,902,178.5,69.1,-8.23,10.242,14.43,4.198,62.0,64.5,67.0,1603,1,50.3,0.34
1175,154,0.875,40.58,1,62.4,80.9,919,178.4,69.5,-8.06,10.211,14.418,4.198,62.0,64.5,67.0,1603,1,50.3,0.34
1176,153,0.875,40.68,1,62.9,81.0,929,178.2,69.6,-7.41,10.164,14.41,4.198,62.0,64.5,67.0,1603,1,50.3,0.34
1177,153,0.875,40.96,1,64.0,81.6,938,177.9,69.8,-6.46,10.125,14.406,4.198,62.0,64.4,67.0,1603,1,50.3,0.33
1178,152,0.875,40.71,1,65.60000000000001,82.3,952,177.6,70.3,-5.8,10.078,14.402,4.198,62.0,64.4,67.0,1603,1,50.3,0.34
1179,152,0.875,40.95,1,66.3,82.3,967,177.3,70.5,-5.78,10.039,14.398,4.199,62.0,64.4,67.0,1603,1,50.3,0.34
1180,152,0.875,40.71,1,66.7,82.5,977,176.9,70.6,-5.7,10.0,14.395,4.198,62.0,64.4,67.0,1603,1,50.3,0.34
1181,152,0.875,41.02,1,66.60000000000001,82.39999999999999,984,176.5,70.5,-5.64,9.953,14.391,4.198,62.0,64.4,67.0,1603,1,50.3,0.34
1182,151,0.875,41.02,1,66.7,82.5,988,176.0,70.4,-5.67,9.922,14.387,4.198,62.0,64.4,67.0,1603,1,50.3,0.33
1183,151,0.875,41.29,1,67.0,82.69999999999999,991,175.5,70.6,-4.82,9.875,14.383,4.198,62.0,64.4,67.0,1603,1,50.3,0.33
1184,151,0.875,41.1,1,68.10000000000001,83.1,1000,175.0,70.9,-4.57,9.852,14.379,4.198,62.0,64.4,67.0,1603,1,50.3,0.33
1185,151,0.875,41.41,1,68.60000000000001,83.3,1008,174.5,71.1,-3.98,9.828,14.379,4.198,62.0,64.4,67.0,1603,1,50.3,0.34
1186,151,0.875,41.32,1,69.6,83.7,1018,173.9,71.2,-3.65,9.805,14.375,4.198,62.0,64.4,67.0,1603,1,50.3,0.34
1187,151,0.875,41.35,1,69.89999999999999,83.7,1027,173.4,71.4,-3.57,9.797,14.379,4.198,62.0,64.5,67.0,1603,1,50.3,0.33
1188,151,0.875,41.27,1,70.1,83.7,1032,172.9,71.3,-3.6,9.781,14.379,4.198,62.0,64.5,67.0,1603,1,50.3,0.33
1189,151,0.875,41.41,1,70.1,83.7,1036,172.5,71.3,-3.64,9.758,14.379,4.199,62.0,64.5,67.0,1603,1,50.3,0.34
1190,151,0.875,41.25,1,69.89999999999999,83.6,1038,172.1,71.2,-3.9,9.727,14.379,4.199,62.0,64.6,67.0,1603,1,50.3,0.34
1191,151,0.875,40.97,1,69.6,83.5,1038,171.7,71.1,-4.37,9.703,14.383,4.198,62.0,64.6,67.0,1603,1,50.3,0.35
1192,151,0.875,41.17,1,68.60000000000001,83.0,1034,171.3,70.8,-4.95,9.68,14.383,4.198,62.0,64.6,67.0,1603,1,50.3,0.34
1193,151,0.875,40.87,1,68.0,82.8,1027,170.9,70.6,-5.07,9.664,14.383,4.199,62.0,64.7,67.0,1603,1,50.3,0.33
1194,151,0.875,41.2,1,67.80000000000001,82.8,1023,170.5,70.6,-5.1,9.648,14.383,4.198,62.0,64.7,67.0,1603,1,50.3,0.33
1195,151,0.875,41.1,1,67.80000000000001,82.8,1020,170.2,70.6,-5.02,9.633,14.379,4.198,62.0,64.8,67.0,1603,1,50.3,0.34
1196,150,0.875,41.26,1,67.80000000000001,82.8,1018,169.9,70.5,-5.01,9.617,14.379,4.199,62.0,64.8,67.0,1603,1,50.4,0.33
1197,150,0.875,41.03,1,67.80000000000001,82.8,1018,169.6,70.6,-5.08,9.609,14.383,4.199,62.0,64.8,67.0,1603,1,50.3,0.33
1198,150,0.875,41.07,1,67.80000000000001,82.8,1017,169.3,70.5,-5.11,9.594,14.383,4.199,63.0,64.9,67.0,1603,1,50.4,0.33
1199,150,0.875,40.85,1,67.80000000000001,82.8,1017,169.1,70.5,-5.01,9.57,14.387,4.198,63.0,64.9,67.0,1603,1,50.4,0.34
1200,149,0.875,40.98,1,67.80000000000001,82.8,1017,168.9,70.6,-5.0,9.547,14.387,4.198,63.0,64.9,67.0,1603,1,50.4,0.33
1201,149,0.875,40.99,1,67.9,82.8,1017,168.7,70.5,-5.06,9.523,14.383,4.198,63.0,65.0,67.0,1603,1,50.4,0.33
1202,149,0.875,41.08,1,67.9,82.8,1017,168.6,70.6,-5.09,9.492,14.383,4.198,63.0,65.0,67.0,1603,1,50.3,0.33
1203,149,0.875,40.97,1,67.9,82.89999999999999,1017,168.5,70.5,-4.94,9.469,14.383,4.198,63.0,65.1,67.0,1603,1,50.4,0.33
1204,149,0.875,41.27,1,68.0,82.89999999999999,1018,168.4,70.7,-4.88,9.445,14.383,4.198,63.0,65.1,67.0,1603,1,50.4,0.32
1205,149,0.875,40.97,1,68.10000000000001,82.89999999999999,1019,168.2,70.7,-4.96,9.43,14.383,4.199,63.0,65.1,67.0,1603,1,50.3,0.32
1206,149,0.875,40.91,1,68.0,82.8,1019,168.1,70.7,-5.07,9.414,14.379,4.198,63.0,65.1,67.0,1603,1,50.4,0.33
1207,148,0.875,40.99,1,67.80000000000001,82.8,1018,168.0,70.7,-5.07,9.391,14.383,4.199,63.0,65.2,67.0,1603,1,50.4,0.33
1208,148,0.875,41.13,1,67.80000000000001,82.8,1017,167.9,70.7,-4.99,9.375,14.383,4.198,63.0,65.2,67.0,1603,1,50.4,0.33
1209,148,0.875,41.02,1,67.80000000000001,82.8,1017,167.8,70.6,-5.0,9.352,14.383,4.198,63.0,65.3,67.0,1603,1,50.3,0.33
1210,148,0.875,40.75,1,67.9,82.8,1018,167.8,70.7,-5.14,9.344,14.379,4.198,63.0,65.2,67.0,1603,1,50.3,0.33
1211,148,0.875,40.88,1,67.80000000000001,82.8,1017,167.7,70.6,-5.12,9.328,14.379,4.198,63.0,65.3,67.0,1603,1,50.4,0.33
1212,148,0.875,41.19,1,67.80000000000001,82.8,1018,167.5,70.5,-5.04,9.32,14.375,4.198,63.0,65.3,67.0,1603,1,50.4,0.33
1213,148,0.875,40.93,1,67.9,82.8,1018,167.4,70.5,-5.13,9.297,14.375,4.198,63.0,65.4,67.0,1603,1,50.4,0.33
1214,148,0.875,41.2,1,68.30000000000001,83.2,1018,167.3,70.7,-4.18,9.281,14.375,4.198,63.0,65.4,67.0,1603,1,50.4,0.32
1215,148,0.875,41.08,1,69.39999999999999,83.5,1024,167.2,71.0,-3.9,9.266,14.375,4.198,63.0,65.4,67.0,1603,1,50.4,0.33
1216,148,0.875,41.28,1,69.69999999999999,83.6,1031,167.2,71.1,-3.84,9.266,14.375,4.198,63.0,65.4,67.0,1603,1,50.4,0.33
1217,149,0.875,41.06,1,69.8,83.6,1036,167.0,71.3,-3.82,9.273,14.375,4.199,63.0,65.4,67.0,1603,1,50.4,0.33
1218,149,0.875,41.14,1,69.8,83.5,1038,166.9,71.1,-4.28,9.289,14.375,4.198,63.0,65.5,67.0,1603,1,50.4,0.33
1219,149,0.875,40.67,1,68.89999999999999,83.0,1037,166.8,70.9,-5.22,9.297,14.375,4.198,63.0,65.5,67.0,1603,1,50.4,0.33
1220,148,0.875,40.52,1,67.30000000000001,82.3,1028,166.7,70.4,-6.42,9.305,14.371,4.198,63.0,65.5,67.0,1603,1,50.4,0.33
1221,148,0.875,40.4,1,65.60000000000001,81.6,1013,166.7,69.9,-7.43,9.289,14.371,4.199,63.0,65.5,67.0,1603,1,50.4,0.32
1222,148,0.875,40.24,1,63.9,80.9,996,166.6,69.5,-8.47,9.281,14.367,4.198,63.0,65.5,67.0,1603,1,50.3,0.33
1223,147,0.875,40.07,1,62.2,80.30000000000001,978,166.6,69.1,-9.58,9.266,14.363,4.198,63.0,65.5,67.0,1603,1,50.3,0.33
1224,147,0.875,39.54,1,60.4,79.4,959,166.6,68.5,-10.88,9.227,14.359,4.198,63.0,65.5,67.0,1603,1,50.3,0.33
1225,147,0.875,39.32,1,57.49999999999999,78.0,936,166.6,67.7,-11.93,9.203,14.359,4.198,63.0,65.6,67.0,1603,1,50.3,0.33
1226,147,0.875,38.88,1,54.300000000000004,76.3,909,166.6,66.8,-13.21,9.172,14.363,4.198,63.0,65.6,67.0,1603,1,50.3,0.33
1227,146,0.875,38.11,1,50.2,73.6,878,166.7,65.5,-15.26,9.133,14.363,4.199,63.0,65.6,67.0,1603,1,50.3,0.33
1228,146,0.85,37.93,1,45.2,70.19999999999999,844,166.8,63.8,-17.19,9.102,14.367,4.198,63.0,65.5,67.0,1603,1,50.3,0.33
1229,146,0.85,38.05,1,41.099999999999994,67.5,812,167.0,62.6,-18.07,9.062,14.367,4.198,63.0,65.5,67.0,1603,1,50.3,0.32
1230,145,0.85,36.61,1,38.0,65.3,786,167.3,61.4,-18.24,9.039,14.367,4.198,63.0,65.5,67.0,1603,1,50.3,0.33
1231,145,0.85,34.31,1,36.1,64.2,769,167.5,60.8,-19.03,9.016,14.371,4.198,63.0,65.5,67.0,1603,1,50.3,0.33
1232,144,0.825,31.38,1,34.2,62.5,759,167.8,60.0,-19.87,9.0,14.371,4.199,63.0,65.4,67.0,1603,1,50.3,0.33
1233,144,0.825,29.06,1,32.6,61.0,748,168.1,59.1,-20.01,8.984,14.379,4.198,63.0,65.4,67.0,1603,1,50.3,0.33
1234,144,0.825,28.83,1,31.8,60.699999999999996,742,168.4,58.9,-20.0,8.984,14.383,4.198,63.0,65.3,67.0,1603,1,50.3,0.34
1235,143,0.825,28.58,1,31.5,60.699999999999996,744,168.7,59.0,-20.02,8.984,14.387,4.198,63.0,65.2,67.0,1603,1,50.3,0.34
1236,143,0.8,28.53,1,31.4,60.699999999999996,748,169.0,59.0,-20.02,8.992,14.391,4.198,63.0,65.1,67.0,1603,1,50.3,0.33
1237,143,0.8,28.45,1,31.3,60.699999999999996,751,169.4,58.9,-20.03,9.0,14.395,4.198,63.0,65.0,67.0,1603,1,50.3,0.33
1238,143,0.775,28.51,1,31.4,60.699999999999996,752,169.8,59.0,-20.05,9.016,14.402,4.198,63.0,64.9,67.0,1603,1,50.3,0.33
1239,142,0.775,28.51,1,31.3,60.699999999999996,753,170.2,59.1,-19.75,9.031,14.406,4.199,63.0,64.9,67.0,1603,1,50.3,0.33
1240,142,0.775,28.57,1,31.6,60.699999999999996,753,170.7,59.1,-19.54,9.047,14.414,4.198,62.0,64.8,67.0,1603,1,50.3,0.32
1241,142,0.775,28.78,1,31.7,60.8,753,171.2,59.2,-19.52,9.07,14.418,4.198,62.0,64.7,67.0,1603,1,50.3,0.32
1242,141,0.75,28.86,1,31.8,60.9,753,171.6,59.1,-19.55,9.094,14.426,4.199,62.0,64.6,67.0,1603,1,50.3,0.32
1243,141,0.75,28.89,1,31.8,60.8,752,172.1,59.2,-19.53,9.117,14.43,4.198,62.0,64.5,67.0,1603,1,50.3,0.33
1244,140,0.75,28.88,1,31.8,60.9,751,172.6,59.2,-19.59,9.141,14.438,4.198,62.0,64.4,67.0,1603,1,50.3,0.32
1245,140,0.725,29.36,1,31.8,60.9,749,172.9,59.2,-19.19,9.164,14.441,4.198,62.0,64.4,67.0,1603,1,50.3,0.32
1246,140,0.725,30.97,1,32.5,62.1,752,173.2,59.9,-19.02,9.195,14.441,4.198,62.0,64.3,67.0,1603,1,50.3,0.34
1247,139,0.725,31.49,1,33.0,62.4,756,173.5,60.1,-18.82,9.211,14.445,4.198,62.0,64.2,67.0,1603,1,50.3,0.33
1248,139,0.7,33.8,1,33.7,63.4,758,173.8,60.6,-18.47,9.242,14.453,4.198,62.0,64.2,67.0,1603,1,50.3,0.33
1249,139,0.7,34.52,1,34.5,64.0,762,174.1,60.9,-18.48,9.266,14.457,4.199,62.0,64.2,67.0,1603,1,50.3,0.32
1250,138,0.7,34.77,1,34.699999999999996,64.0,761,174.3,60.9,-18.52,9.289,14.461,4.198,62.0,64.1,67.0,1603,1,50.3,0.32
1251,138,0.7,34.8,1,34.8,64.0,757,174.4,60.9,-18.48,9.312,14.461,4.198,62.0,64.1,67.0,1603,1,50.3,0.32
1252,138,0.675,34.73,1,34.8,64.0,753,174.6,60.9,-18.47,9.336,14.465,4.198,62.0,64.1,67.0,1603,1,50.3,0.33
1253,137,0.675,34.93,1,34.9,64.0,750,174.7,61.0,-18.46,9.359,14.473,4.198,62.0,64.0,67.0,1603,1,50.3,0.33
1254,137,0.675,35.07,1,34.9,64.1,749,174.8,61.0,-18.46,9.375,14.477,4.199,62.0,64.0,67.0,1603,1,50.3,0.33
1255,137,0.675,34.87,1,34.9,64.0,748,174.8,61.0,-18.48,9.391,14.477,4.199,62.0,64.0,67.0,1603,1,50.2,0.33
1256,137,0.65,34.82,1,34.8,64.0,746,174.9,61.0,-18.46,9.414,14.48,4.198,62.0,63.9,67.0,1603,1,50.2,0.33
1257,136,0.65,34.97,1,34.8,64.1,746,174.9,61.0,-18.46,9.438,14.484,4.198,62.0,63.9,67.0,1603,1,50.2,0.33
1258,136,0.65,35.74,1,34.9,64.2,745,174.9,61.1,-17.95,9.453,14.488,4.198,62.0,63.9,67.0,1603,1,50.2,0.33
1259,136,0.625,39.8,1,36.3,66.3,752,174.9,62.0,-17.41,9.477,14.496,4.198,62.0,63.8,67.0,1603,1,50.2,0.33
1260,135,0.625,38.48,1,37.6,67.0,765,174.8,62.4,-17.36,9.5,14.5,4.198,62.0,63.8,67.0,1603,1,50.2,0.32
1261,135,0.625,38.6,1,38.1,67.10000000000001,768,174.8,62.5,-17.39,9.523,14.508,4.198,62.0,63.8,67.0,1603,1,50.2,0.33
1262,135,0.625,38.61,1,38.2,67.10000000000001,766,174.8,62.5,-17.34,9.539,14.512,4.198,62.0,63.8,67.0,1603,1,50.2,0.33
1263,135,0.625,38.67,1,38.3,67.10000000000001,763,174.7,62.5,-17.32,9.562,14.516,4.198,61.0,63.8,67.0,1603,1,50.2,0.33
1264,134,0.6,38.62,1,38.3,67.10000000000001,761,174.7,62.5,-17.34,9.578,14.523,4.198,61.0,63.8,67.0,1603,1,50.2,0.33
1265,134,0.6,38.56,1,38.3,67.10000000000001,759,174.7,62.5,-17.36,9.602,14.527,4.198,62.0,63.8,67.0,1603,1,50.2,0.33
1266,134,0.6,38.71,1,38.2,67.0,758,174.6,62.6,-17.34,9.617,14.531,4.199,62.0,63.8,67.0,1603,1,50.2,0.33
1267,134,0.6,38.64,1,38.3,67.10000000000001,757,174.6,62.5,-17.35,9.633,14.539,4.198,61.0,63.7,67.0,1603,1,50.2,0.32
1268,134,0.575,38.61,1,38.3,67.10000000000001,757,174.5,62.5,-17.36,9.656,14.543,4.198,62.0,63.7,67.0,1603,1,50.2,0.33
1269,134,0.575,38.63,1,38.2,67.10000000000001,757,174.4,62.5,-17.36,9.672,14.547,4.199,61.0,63.7,67.0,1603,1,50.2,0.33
1270,133,0.575,39.76,1,38.5,67.5,758,174.3,62.7,-16.26,9.695,14.555,4.198,61.0,63.7,67.0,1603,1,50.2,0.33
1271,133,0.575,40.71,1,41.5,71.3,770,174.2,64.4,-13.23,9.719,14.562,4.198,61.0,63.7,67.0,1603,1,50.2,0.33
1272,133,0.575,40.64,1,48.6,76.4,816,174.0,66.6,-11.73,9.758,14.566,4.198,61.0,63.7,67.0,1603,1,50.2,0.33
1273,133,0.55,40.21,1,53.2,77.60000000000001,865,173.8,67.5,-11.51,9.797,14.57,4.198,61.0,63.7,67.0,1603,1,50.2,0.33
1274,132,0.55,40.88,1,55.50000000000001,78.10000000000001,888,173.7,68.0,-10.55,9.844,14.578,4.198,61.0,63.7,67.0,1603,1,50.2,0.32
1275,132,0.55,41.26,1,58.699999999999996,79.9,897,173.5,68.8,-8.59,9.883,14.582,4.198,62.0,63.7,67.0,1603,1,50.2,0.33
1276,131,0.575,41.29,1,61.8,80.9,916,173.3,69.5,-7.91,9.93,14.582,4.198,61.0,63.7,67.0,1603,1,50.2,0.33
1277,130,0.55,41.27,1,62.9,81.0,933,173.2,69.8,-7.91,9.984,14.582,4.198,61.0,63.8,67.0,1603,1,50.2,0.34
1278,130,0.55,40.91,1,62.8,80.9,942,173.0,69.8,-8.32,10.031,14.586,4.198,62.0,63.8,67.0,1603,1,50.2,0.34
1279,130,0.55,41.01,1,62.5,80.80000000000001,944,172.7,69.6,-8.37,10.062,14.59,4.198,61.0,63.9,67.0,1603,1,50.2,0.34
1280,130,0.55,41.37,1,62.6,81.0,945,172.2,69.7,-7.2,10.086,14.594,4.198,62.0,63.9,67.0,1603,1,50.2,0.34
1281,129,0.525,41.81,1,65.0,82.39999999999999,954,171.8,70.2,-4.54,10.117,14.598,4.199,62.0,64.0,67.0,1603,1,50.2,0.34
1282,129,0.525,42.2,1,68.8,83.89999999999999,981,171.2,71.3,-2.86,10.156,14.598,4.198,62.0,64.1,67.0,1603,1,50.2,0.34
1283,129,0.525,41.69,1,70.8,84.3,1012,170.6,71.9,-2.52,10.203,14.602,4.198,62.0,64.3,67.0,1603,1,50.2,0.34
1284,128,0.525,41.67,1,71.39999999999999,84.39999999999999,1033,169.8,72.0,-2.54,10.242,14.605,4.198,62.0,64.4,67.0,1603,1,50.2,0.34
1285,128,0.525,41.45,1,71.1,84.1,1045,169.1,71.8,-3.79,10.273,14.609,4.199,62.0,64.5,67.0,1603,1,50.1,0.33
1286,127,0.525,40.71,1,68.4,82.6,1045,168.4,71.1,-6.99,10.297,14.613,4.198,62.0,64.7,67.0,1603,1,50.1,0.34
1287,126,0.5,40.34,1,63.9,80.7,1021,167.8,69.9,-9.66,10.305,14.617,4.198,62.0,64.8,67.0,1603,1,50.1,0.33
1288,125,0.5,39.73,1,59.9,79.0,985,167.2,68.5,-11.27,10.289,14.625,4.198,63.0,65.0,67.0,1603,1,50.2,0.33
1289,123,0.5,39.35,1,56.00000000000001,77.2,947,166.8,67.6,-12.46,10.281,14.625,4.199,63.0,65.1,67.0,1603,1,50.2,0.33
1290,122,0.5,39.25,1,52.400000000000006,75.6,909,166.3,66.5,-13.09,10.266,14.621,4.198,63.0,65.3,67.0,1603,1,50.1,0.33
1291,120,0.475,39.52,1,50.4,74.9,879,165.9,66.1,-13.29,10.242,14.609,4.198,63.0,65.4,67.0,1603,1,50.1,0.33
1292,118,0.475,39.55,1,49.8,74.9,867,165.5,66.0,-13.26,10.227,14.605,4.199,64.0,65.6,67.0,1603,1,50.1,0.34
1293,116,0.475,39.61,1,49.8,74.9,866,165.1,66.1,-13.27,10.203,14.605,4.198,64.0,65.7,67.0,1603,1,50.1,0.33
1294,114,0.45,39.82,1,49.8,75.0,867,164.9,66.1,-13.07,10.195,14.605,4.199,64.0,65.9,67.0,1603,1,50.1,0.33
1295,113,0.45,40.12,1,50.5,75.7,869,164.6,66.6,-12.19,10.18,14.602,4.199,64.0,66.0,67.0,1603,1,50.1,0.33
1296,111,0.45,40.53,1,53.0,77.4,881,164.5,67.2,-11.1,10.18,14.594,4.199,64.0,66.2,67.0,1603,1,50.1,0.34
1297,109,0.45,39.84,1,55.900000000000006,78.4,904,164.5,68.1,-10.82,10.172,14.59,4.198,64.0,66.4,67.0,1603,1,50.1,0.34
1298,107,0.425,40.17,1,57.099999999999994,78.7,912,164.6,68.2,-10.3,10.172,14.582,4.198,64.0,66.5,67.0,1603,1,50.1,0.34
1299,106,0.425,40.68,1,58.8,79.7,915,164.8,68.7,-9.42,10.164,14.578,4.198,64.0,66.8,67.0,1603,1,50.1,0.34
1300,104,0.425,40.62,1,60.4,80.2,925,164.9,69.1,-9.27,10.164,14.574,4.198,64.0,66.9,67.0,1603,1,50.1,0.34
1301,103,0.425,40.51,1,60.9,80.2,934,165.0,69.2,-9.28,10.141,14.57,4.198,64.0,67.1,67.0,1603,1,50.1,0.34
1302,102,0.4,40.61,1,61.1,80.30000000000001,939,165.1,69.3,-9.23,10.125,14.57,4.199,65.0,67.3,67.0,1603,1,50.1,0.35
1303,100,0.4,40.54,1,61.1,80.30000000000001,942,165.1,69.1,-9.27,10.117,14.57,4.199,65.0,67.5,67.0,1603,1,50.1,0.34
1304,99,0.4,40.62,1,61.0,80.30000000000001,943,165.2,69.2,-9.32,10.102,14.57,4.198,66.0,67.7,67.0,1603,1,50.1,0.34
1305,98,0.4,40.18,1,60.4,79.80000000000001,943,165.1,68.9,-10.37,10.086,14.566,4.198,66.0,67.9,67.0,1603,1,50.1,0.35
1306,97,0.4,39.62,1,58.099999999999994,78.5,933,165.0,68.2,-11.54,10.07,14.57,4.199,66.0,68.1,67.0,1603,1,50.1,0.34
1307,96,0.375,39.42,1,55.300000000000004,77.2,913,164.9,67.5,-12.01,10.055,14.566,4.198,66.0,68.3,67.0,1603,1,50.1,0.34
1308,95,0.375,39.73,1,53.800000000000004,76.9,892,164.8,67.4,-11.38,10.039,14.562,4.199,66.0,68.5,67.0,1603,1,50.1,0.34
1309,94,0.375,41.05,1,56.39999999999999,79.3,888,164.7,68.2,-8.52,10.023,14.559,4.199,66.0,68.7,67.0,1603,1,50.1,0.34
1310,93,0.375,41.16,1,61.9,81.5,918,164.6,69.4,-6.76,10.016,14.555,4.198,67.0,69.0,67.0,1603,1,50.1,0.34
1311,92,0.35,40.94,1,64.5,81.89999999999999,952,164.4,70.1,-6.65,10.023,14.555,4.198,67.0,69.2,67.0,1603,1,50.1,0.34
1312,92,0.35,40.85,1,65.0,82.0,972,164.2,70.2,-6.51,10.023,14.555,4.198,67.0,69.4,67.0,1603,1,50.1,0.34
1313,92,0.35,41.06,1,65.10000000000001,82.0,982,164.0,70.2,-6.52,10.031,14.555,4.198,67.0,69.6,67.0,1603,1,50.1,0.34
1314,91,0.35,40.93,1,65.2,82.0,988,163.9,70.3,-6.5,10.023,14.555,4.199,67.0,69.9,67.0,1603,1,50.1,0.34
1315,91,0.35,41.18,1,65.4,82.19999999999999,992,163.9,70.3,-6.01,10.023,14.559,4.198,67.0,70.1,67.0,1603,1,50.1,0.34
1316,91,0.35,40.96,1,66.10000000000001,82.5,998,163.9,70.4,-5.73,10.016,14.559,4.198,67.0,70.4,67.0,1603,1,50.1,0.34
1317,91,0.35,41.03,1,66.5,82.6,1004,163.8,70.6,-5.66,10.016,14.559,4.199,67.0,70.6,67.0,1603,1,50.1,0.34
1318,91,0.325,41.22,1,66.60000000000001,82.6,1009,163.6,70.6,-5.66,10.008,14.562,4.198,68.0,70.8,67.0,1603,1,50.1,0.34
1319,90,0.325,41.03,1,66.7,82.6,1011,163.4,70.7,-5.67,10.016,14.574,4.199,68.0,71.1,67.0,1603,1,50.1,0.34
1320,90,0.325,41.05,1,66.7,82.6,1014,163.2,70.6,-5.71,10.023,14.582,4.199,69.0,71.3,67.0,1603,1,50.1,0.34
1321,89,0.325,40.55,1,66.10000000000001,82.19999999999999,1013,162.9,70.4,-7.08,10.031,14.586,4.198,69.0,71.6,67.0,1603,1,50.1,0.34
1322,88,0.325,40.2,1,63.7,81.0,1004,162.7,69.8,-9.36,10.031,14.59,4.199,69.0,71.8,67.0,1603,1,50.1,0.34
1323,88,0.3,39.85,1,60.5,79.5,982,162.5,68.6,-10.41,10.023,14.59,4.198,69.0,72.0,67.0,1603,1,50.1,0.34
1324,87,0.3,40.02,1,58.3,79.0,955,162.3,68.2,-10.41,10.008,14.59,4.199,70.0,72.3,67.0,1603,1,50.1,0.34
1325,86,0.3,40.98,1,58.699999999999996,79.80000000000001,938,162.1,68.6,-8.69,10.0,14.59,4.198,70.0,72.5,67.0,1603,1,50.1,0.34
1326,86,0.3,41.15,1,62.1,81.39999999999999,946,162.0,69.3,-6.9,10.0,14.59,4.199,70.0,72.7,67.0,1603,1,50.1,0.35
1327,85,0.3,41.1,1,64.4,81.89999999999999,967,161.9,69.8,-6.54,10.016,14.59,4.199,71.0,72.9,67.0,1603,1,50.0,0.34
1328,85,0.3,40.92,1,65.10000000000001,82.1,983,161.7,69.9,-6.45,10.039,14.594,4.199,71.0,73.2,67.0,1603,1,50.1,0.35
1329,84,0.3,40.93,1,65.3,82.1,991,161.5,70.0,-6.45,10.055,14.598,4.198,71.0,73.4,67.0,1603,1,50.0,0.34
1330,84,0.275,40.86,1,65.4,82.1,996,161.4,70.2,-6.49,10.078,14.594,4.198,71.0,73.6,67.0,1603,1,50.0,0.34
1331,84,0.275,41.04,1,65.60000000000001,82.3,998,161.5,70.3,-5.64,10.094,14.598,4.198,71.0,73.8,67.0,1603,1,50.1,0.34
1332,84,0.275,41.27,1,67.0,83.0,1006,161.6,70.6,-4.52,10.109,14.598,4.198,72.0,74.0,67.0,1603,1,50.0,0.35
1333,83,0.275,41.37,1,68.8,83.8,1019,161.6,71.1,-3.55,10.125,14.598,4.199,72.0,74.2,67.0,1603,1,50.1,0.34
1334,83,0.275,41.6,1,69.8,83.89999999999999,1035,161.6,71.4,-3.39,10.141,14.598,4.198,72.0,74.4,67.0,1603,1,50.1,0.35
1335,84,0.275,41.4,1,70.6,84.3,1046,161.5,71.8,-2.33,10.164,14.602,4.198,72.0,74.6,67.0,1603,1,50.0,0.35
1336,84,0.275,41.57,1,71.6,84.6,1058,161.3,71.9,-1.98,10.18,14.605,4.198,72.0,74.8,67.0,1603,1,50.0,0.34
1337,84,0.25,41.45,1,72.0,84.7,1067,161.1,72.1,-1.99,10.203,14.609,4.199,72.0,75.0,67.0,1603,1,50.1,0.34
1338,84,0.25,41.45,1,72.0,84.7,1073,161.0,72.0,-2.0,10.219,14.617,4.199,73.0,75.2,67.0,1603,1,50.0,0.35
1339,85,0.25,41.15,1,71.89999999999999,84.6,1077,160.8,72.0,-3.09,10.242,14.617,4.198,73.0,75.4,67.0,1603,1,50.0,0.34
1340,85,0.25,40.82,1,69.8,83.5,1073,160.5,71.3,-5.22,10.258,14.621,4.199,73.0,75.6,67.0,1603,1,50.0,0.34
1341,85,0.25,40.78,1,67.2,82.6,1056,160.3,70.7,-6.05,10.258,14.625,4.199,74.0,75.8,67.0,1603,1,50.0,0.35
1342,85,0.25,40.84,1,66.10000000000001,82.39999999999999,1038,160.2,70.4,-5.98,10.258,14.629,4.198,74.0,76.0,67.0,1603,1,50.0,0.36
1343,85,0.225,41.44,1,66.9,83.1,1028,160.0,70.5,-4.29,10.266,14.633,4.198,74.0,76.1,67.0,1603,1,50.0,0.35
1344,85,0.225,41.0,1,69.0,83.8,1034,159.8,70.9,-3.63,10.273,14.637,4.199,74.0,76.3,67.0,1603,1,50.0,0.34
1345,85,0.225,40.8,1,69.6,83.7,1045,159.6,71.2,-4.93,10.297,14.641,4.199,74.0,76.5,67.0,1603,1,50.0,0.36
1346,86,0.225,40.51,1,66.7,82.1,1043,159.3,70.5,-7.54,10.32,14.645,4.199,75.0,76.6,67.0,1603,1,50.0,0.34
1347,86,0.225,40.5,1,63.800000000000004,81.2,1021,159.2,69.6,-8.05,10.328,14.648,4.198,76.0,76.8,67.0,1603,1,50.0,0.35
1348,85,0.225,40.54,1,63.0,81.2,1001,159.1,69.5,-7.57,10.328,14.652,4.198,76.0,77.0,67.0,1603,1,50.0,0.34
1349,85,0.225,41.29,1,64.4,82.19999999999999,993,159.2,69.9,-5.35,10.336,14.66,4.198,76.0,77.1,67.0,1603,1,50.0,0.34
1350,85,0.2,41.04,1,67.10000000000001,83.1,1005,159.3,70.6,-4.61,10.359,14.664,4.198,76.0,77.3,67.0,1603,1,50.0,0.34
1351,85,0.2,41.09,1,68.0,83.3,1020,159.4,70.9,-4.68,10.391,14.668,4.198,76.0,77.4,67.0,1603,1,50.0,0.34
1352,85,0.2,41.03,1,67.9,83.1,1028,159.3,70.8,-5.43,10.422,14.672,4.199,76.0,77.5,67.0,1603,1,50.0,0.35
1353,85,0.2,40.73,1,66.60000000000001,82.39999999999999,1027,159.3,70.4,-6.51,10.445,14.676,4.198,76.0,77.6,67.0,1603,1,50.0,0.33
1354,85,0.2,40.53,1,64.9,81.69999999999999,1017,159.3,70.1,-7.35,10.461,14.684,4.198,76.0,77.8,67.0,1603,1,50.0,0.33
1355,85,0.2,40.5,1,63.9,81.5,1004,159.5,69.9,-7.86,10.484,14.688,4.199,76.0,77.9,67.0,1603,1,50.0,0.34
1356,85,0.175,40.19,1,62.8,81.0,992,159.7,69.5,-8.61,10.492,14.688,4.198,76.0,78.0,67.0,1603,1,50.0,0.34
1357,84,0.175,40.43,1,62.1,80.80000000000001,980,159.8,69.4,-8.68,10.508,14.691,4.198,76.0,78.1,67.0,1603,1,50.0,0.33
1358,84,0.175,40.45,1,61.9,80.80000000000001,973,159.9,69.2,-8.73,10.523,14.703,4.199,76.0,78.2,67.0,1603,1,50.0,0.34
1359,83,0.175,40.32,1,61.9,80.80000000000001,968,159.9,69.3,-8.79,10.539,14.707,4.198,76.0,78.2,67.0,1603,1,50.0,0.35
1360,82,0.175,40.51,1,61.7,80.7,965,159.9,69.2,-8.73,10.555,14.711,4.198,76.0,78.3,67.0,1603,1,50.0,0.35
1361,81,0.175,40.38,1,61.7,80.7,963,160.0,69.2,-8.64,10.578,14.715,4.198,76.0,78.4,67.0,1603,1,50.0,0.34
1362,80,0.175,40.4,1,61.8,80.80000000000001,963,160.1,69.4,-8.59,10.602,14.711,4.198,76.0,78.5,67.0,1603,1,50.0,0.34
1363,80,0.15,40.79,1,62.3,81.2,964,160.2,69.4,-7.22,10.617,14.711,4.198,76.0,78.5,67.0,1603,1,50.0,0.33
1364,80,0.15,41.09,1,64.7,82.5,972,160.4,70.1,-4.73,10.633,14.707,4.198,76.0,78.6,67.0,1603,1,50.0,0.33
1365,80,0.15,41.62,1,68.8,84.2,997,160.6,71.2,-2.09,10.672,14.703,4.198,76.0,78.6,67.0,1603,1,50.0,0.34
1366,81,0.15,41.68,1,72.2,85.3,1031,160.7,72.4,0.1,10.703,14.707,4.198,76.0,78.7,67.0,1603,1,50.0,0.33
1367,82,0.15,41.62,1,74.6,86.0,1063,160.7,73.0,1.11,10.742,14.715,4.198,76.0,78.8,67.0,1603,1,50.0,0.34
1368,82,0.125,41.64,1,75.5,86.2,1089,160.6,73.2,1.02,10.789,14.723,4.198,77.0,78.9,67.0,1603,1,50.0,0.35
1369,82,0.125,41.16,1,75.0,85.7,1103,160.5,72.9,-1.02,10.836,14.727,4.199,77.0,78.9,67.0,1603,1,50.0,0.34
1370,83,0.125,40.84,1,72.39999999999999,84.6,1102,160.5,72.4,-3.2,10.859,14.73,4.198,76.0,79.0,67.0,1603,1,50.0,0.34
1371,83,0.125,41.06,1,70.5,84.1,1087,160.3,71.7,-3.54,10.883,14.738,4.198,77.0,79.1,67.0,1603,1,50.0,0.33
1372,83,0.125,41.09,1,70.0,84.1,1075,160.2,71.5,-3.63,10.898,14.746,4.199,77.0,79.1,67.0,1603,1,50.0,0.35
1373,83,0.125,40.91,1,69.5,83.7,1067,160.0,71.3,-4.47,10.914,14.75,4.199,77.0,79.2,67.0,1603,1,50.0,0.35
1374,82,0.125,40.66,1,68.10000000000001,83.1,1058,159.8,71.0,-5.59,10.922,14.754,4.198,77.0,79.3,67.0,1603,1,50.0,0.35
1375,82,0.125,40.52,1,66.4,82.39999999999999,1043,159.5,70.3,-6.45,10.93,14.758,4.198,77.0,79.4,67.0,1603,1,50.0,0.35
1376,82,0.1,40.82,1,65.2,82.1,1027,159.4,70.0,-6.58,10.93,14.762,4.198,77.0,79.4,67.0,1603,1,50.0,0.34
1377,81,0.1,41.01,1,65.4,82.39999999999999,1016,159.3,70.2,-5.34,10.938,14.762,4.198,77.0,79.5,67.0,1603,1,50.0,0.34
1378,81,0.1,40.94,1,67.5,83.39999999999999,1018,159.2,70.8,-4.0,10.953,14.766,4.198,77.0,79.5,67.0,1603,1,50.0,0.33
1379,81,0.1,41.14,1,68.89999999999999,83.7,1031,159.2,71.1,-4.0,10.969,14.77,4.198,77.0,79.6,67.0,1603,1,50.0,0.34
1380,81,0.1,40.12,1,65.5,81.0,1037,159.1,70.0,-10.21,10.992,14.77,4.198,77.0,79.7,67.0,1603,1,50.0,0.33
1381,81,0.1,39.89,1,60.199999999999996,79.7,1004,159.1,68.9,-9.89,10.984,14.773,4.199,77.0,79.7,67.0,1603,1,50.0,0.34
1382,81,0.075,40.42,1,59.099999999999994,79.60000000000001,972,159.2,68.7,-10.11,10.977,14.773,4.199,77.0,79.8,67.0,1603,1,50.0,0.34
1383,81,0.075,40.23,1,59.699999999999996,80.30000000000001,957,159.4,68.8,-9.19,10.977,14.773,4.198,77.0,79.8,67.0,1603,1,50.0,0.34
1384,81,0.075,40.43,1,60.5,80.4,955,159.6,68.9,-9.38,10.992,14.773,4.198,77.0,79.8,67.0,1603,1,50.0,0.34
1385,82,0.075,40.18,1,60.5,80.30000000000001,955,159.9,69.0,-9.11,11.008,14.781,4.199,77.0,79.9,67.0,1603,1,50.0,0.35
1386,81,0.075,40.1,1,60.699999999999996,80.4,954,160.0,68.9,-9.32,11.023,14.793,4.198,77.0,80.0,67.0,1603,1,50.0,0.35
1387,81,0.05,40.34,1,60.699999999999996,80.4,953,160.1,69.1,-9.23,11.047,14.797,4.198,77.0,80.0,67.0,1603,1,50.0,0.34
1388,80,0.05,40.03,1,60.699999999999996,80.4,952,160.3,69.0,-9.28,11.07,14.801,4.198,77.0,80.0,67.0,1603,1,50.0,0.35
1389,80,0.05,40.17,1,60.6,80.30000000000001,950,160.6,69.0,-9.23,11.094,14.801,4.198,78.0,80.1,67.0,1603,1,50.0,0.35
1390,80,0.05,40.13,1,60.699999999999996,80.4,950,160.9,68.9,-9.27,11.117,14.805,4.198,77.0,80.1,67.0,1603,1,50.0,0.34
1391,80,0.05,40.17,1,60.6,80.30000000000001,950,161.2,68.9,-9.24,11.133,14.813,4.198,78.0,80.2,67.0,1603,1,50.0,0.34
1392,80,0.025,40.21,1,60.699999999999996,80.4,950,161.4,69.0,-9.29,11.156,14.816,4.198,78.0,80.2,67.0,1603,1,50.0,0.34
1393,80,0.025,40.13,1,60.6,80.4,949,161.6,68.9,-9.26,11.18,14.82,4.199,78.0,80.2,67.0,1603,1,50.0,0.35
1394,79,0.025,40.15,1,60.699999999999996,80.4,949,161.8,69.0,-9.29,11.203,14.824,4.198,78.0,80.3,67.0,1603,1,50.0,0.35
1395,79,0.025,40.05,1,60.5,80.30000000000001,948,161.9,69.0,-9.36,11.219,14.824,4.199,78.0,80.3,67.0,1603,1,50.0,0.35
1396,79,0.025,40.24,1,60.5,80.30000000000001,947,162.0,68.8,-9.25,11.234,14.828,4.199,78.0,80.3,67.0,1603,1,50.0,0.34
1397,78,0.025,40.23,1,60.5,80.4,947,162.1,68.9,-9.3,11.25,14.824,4.198,78.0,80.3,67.0,1603,1,50.0,0.35
1398,78,0.0,40.31,1,60.6,80.4,947,162.3,69.1,-9.3,11.273,14.824,4.198,78.0,80.4,67.0,1603,1,50.0,0.34
1399,78,0.0,40.19,1,60.6,80.4,947,162.5,69.1,-9.26,11.281,14.828,4.198,78.0,80.4,67.0,1603,1,50.0,0.34
1400,78,0.0,40.38,1,60.6,80.4,947,162.6,69.0,-9.25,11.297,14.828,4.198,78.0,80.4,67.0,1603,1,50.0,0.35
1401,79,0.0,39.99,1,60.3,80.10000000000001,947,162.7,69.0,-13.18,11.305,14.832,4.198,78.0,80.5,67.0,1603,1,50.0,0.34
1402,79,0.025,39.14,1,53.1,75.1,929,162.9,66.6,-13.77,11.312,14.836,4.199,78.0,80.5,67.0,1603,1,50.0,0.33
1403,78,0.0,39.06,1,49.4,74.4,895,163.0,66.0,-13.42,11.305,14.84,4.198,78.0,80.6,67.0,1603,1,50.0,0.33
1404,77,0.0,39.18,1,48.4,74.4,878,163.1,65.9,-13.9,11.305,14.84,4.198,78.0,80.6,67.0,1603,1,50.0,0.33
1405,76,0.0,39.2,1,48.0,74.3,870,163.3,65.7,-21.54,11.297,14.84,4.199,78.0,80.7,67.0,1603,1,50.0,0.33
1406,75,0.0,37.86,1,43.7,69.8,856,163.5,63.7,-22.38,11.297,14.836,4.198,79.0,80.7,67.0,1603,1,50.0,0.33
1407,74,0.0,37.41,1,38.7,66.10000000000001,820,163.7,61.9,-22.51,11.289,14.832,4.198,78.0,80.8,67.0,1603,1,50.0,0.33
1408,72,0.0,33.11,1,35.199999999999996,63.4,788,163.9,60.7,-22.44,11.273,14.828,4.199,79.0,80.8,67.0,1603,1,50.0,0.34
1409,71,0.0,29.51,1,32.6,61.3,766,164.1,59.7,-22.34,11.258,14.82,4.198,78.0,80.9,67.0,1603,1,50.0,0.33
1410,69,0.0,29.07,1,31.2,60.699999999999996,755,164.3,59.1,-22.37,11.234,14.816,4.198,78.0,80.9,67.0,1603,1,50.0,0.33
1411,68,0.0,28.8,1,30.8,60.699999999999996,758,164.5,59.3,-22.39,11.219,14.813,4.199,78.0,80.8,67.0,1603,1,50.0,0.33
1412,66,0.0,28.66,1,30.599999999999998,60.6,764,164.8,59.3,-22.38,11.211,14.809,4.199,79.0,80.8,67.0,1603,1,50.0,0.34
1413,65,0.0,28.63,1,30.599999999999998,60.699999999999996,769,165.1,59.3,-22.36,11.203,14.805,4.199,78.0,80.7,67.0,1603,1,50.0,0.34
1414,63,0.0,28.56,1,30.599999999999998,60.699999999999996,772,165.4,59.3,-22.39,11.195,14.801,4.198,78.0,80.6,67.0,1603,1,50.0,0.34
1415,62,0.0,28.54,1,30.5,60.6,774,165.8,59.3,-22.35,11.188,14.797,4.199,78.0,80.6,67.0,1603,1,50.0,0.34
1416,60,0.0,28.54,1,30.599999999999998,60.699999999999996,775,166.2,59.3,-22.39,11.18,14.785,4.198,78.0,80.5,67.0,1603,1,50.0,0.33
1417,58,0.0,28.54,1,30.5,60.6,775,166.5,59.4,-22.36,11.156,14.781,4.199,78.0,80.4,67.0,1603,1,50.0,0.34
1418,57,0.0,24.45,1,29.599999999999998,58.699999999999996,772,167.0,57.9,-22.35,11.141,14.773,4.198,78.0,80.3,67.0,1603,1,50.0,0.35
1419,55,0.0,21.12,1,27.800000000000004,55.900000000000006,753,167.3,55.3,-22.35,11.125,14.773,4.198,78.0,80.2,67.0,1603,1,50.0,0.35
1420,53,0.0,19.29,1,26.0,53.800000000000004,736,167.7,56.0,-22.37,11.109,14.77,4.198,77.0,80.1,67.0,1603,1,50.0,0.35
1421,52,0.0,19.02,1,25.1,53.400000000000006,731,168.0,55.7,-22.36,11.094,14.762,4.199,77.0,79.9,67.0,1603,1,50.0,0.35
1422,50,0.0,18.84,1,24.8,53.400000000000006,740,168.3,55.5,-22.37,11.078,14.758,4.198,77.0,79.6,67.0,1603,1,50.0,0.34
1423,49,0.0,18.66,1,24.7,53.400000000000006,751,168.5,55.6,-22.38,11.07,14.754,4.199,77.0,79.3,67.0,1603,1,50.0,0.34
1424,48,0.0,18.49,1,24.6,53.400000000000006,761,168.8,55.5,-22.38,11.047,14.754,4.199,77.0,79.0,67.0,1603,1,50.0,0.33
1425,47,0.0,18.41,1,24.6,53.400000000000006,768,169.0,55.7,-22.37,11.031,14.75,4.199,77.0,78.6,67.0,1603,1,50.0,0.33
1426,46,0.0,18.37,1,24.6,53.400000000000006,773,169.2,55.6,-22.36,11.016,14.75,4.198,76.0,78.3,67.0,1603,1,50.0,0.34
1427,45,0.0,18.4,1,24.6,53.400000000000006,776,169.3,55.6,-22.36,11.0,14.746,4.199,76.0,78.0,67.0,1603,1,50.0,0.35
1428,44,0.0,18.4,1,24.6,53.400000000000006,779,169.5,55.7,-22.38,10.992,14.742,4.199,76.0,77.7,67.0,1603,1,50.0,0.34
1429,43,0.0,18.43,1,24.6,53.400000000000006,780,169.7,55.7,-22.4,10.969,14.738,4.199,76.0,77.4,67.0,1603,1,50.0,0.34
1430,42,0.0,18.43,1,24.6,53.400000000000006,781,169.8,55.8,-22.38,10.961,14.738,4.198,76.0,77.1,67.0,1603,1,50.0,0.34
1431,41,0.0,18.41,1,24.6,53.400000000000006,782,170.0,55.8,-22.36,10.945,14.738,4.199,76.0,76.9,67.0,1603,1,50.0,0.34
1432,40,0.0,18.39,1,24.6,53.400000000000006,782,170.2,56.0,-22.39,10.93,14.734,4.198,76.0,76.7,67.0,1603,1,50.0,0.34
1433,38,0.0,18.42,1,24.6,53.400000000000006,782,170.4,55.9,-22.41,10.914,14.73,4.199,76.0,76.6,67.0,1603,1,50.0,0.34
1434,37,0.0,18.44,1,24.6,53.400000000000006,782,170.5,56.0,-22.39,10.891,14.73,4.199,76.0,76.4,67.0,1603,1,50.0,0.35
1435,36,0.0,18.45,1,24.6,53.400000000000006,782,170.6,55.9,-22.36,10.875,14.727,4.199,76.0,76.2,67.0,1603,1,50.0,0.35
1436,34,0.0,18.44,1,24.6,53.400000000000006,781,170.7,56.1,-22.35,10.867,14.723,4.198,76.0,76.0,67.0,1603,1,50.0,0.35
1437,33,0.0,18.37,1,24.6,53.400000000000006,781,170.7,56.0,-22.39,10.852,14.719,4.199,76.0,75.8,67.0,1603,1,50.0,0.34
1438,31,0.0,18.42,1,24.6,53.400000000000006,781,170.7,56.1,-22.38,10.836,14.719,4.198,75.0,75.7,67.0,1603,1,50.0,0.34
1439,30,0.0,18.33,1,24.6,53.400000000000006,781,170.8,55.9,-22.39,10.82,14.715,4.198,75.0,75.5,67.0,1603,1,50.0,0.34
1440,28,0.0,18.41,1,24.6,53.400000000000006,780,170.8,56.2,-22.4,10.805,14.711,4.199,74.0,75.3,67.0,1603,1,50.0,0.33
1441,26,0.0,18.38,1,24.5,53.400000000000006,779,170.8,56.1,-22.41,10.789,14.707,4.199,74.0,75.2,67.0,1603,1,50.0,0.34
1442,25,0.0,18.35,1,24.6,53.400000000000006,779,170.9,56.1,-22.4,10.773,14.703,4.198,74.0,75.0,67.0,1603,1,50.0,0.34
1443,23,0.0,18.39,1,24.5,53.400000000000006,778,170.9,56.1,-22.4,10.758,14.699,4.198,74.0,74.8,67.0,1603,1,50.0,0.34
1444,22,0.0,18.35,1,24.5,53.400000000000006,778,170.9,56.2,-22.39,10.75,14.699,4.198,73.0,74.7,67.0,1603,1,50.0,0.34
1445,20,0.0,18.39,1,24.5,53.400000000000006,778,170.9,56.1,-22.39,10.734,14.695,4.198,73.0,74.5,67.0,1603,1,50.0,0.35
1446,19,0.0,18.39,1,24.6,53.400000000000006,778,171.0,56.3,-22.38,10.727,14.691,4.199,73.0,74.4,67.0,1603,1,50.0,0.35
1447,18,0.0,18.4,1,24.6,53.400000000000006,778,170.9,56.3,-22.39,10.719,14.691,4.199,73.0,74.3,67.0,1603,1,50.0,0.35
1448,17,0.0,18.35,1,24.5,53.400000000000006,777,171.0,56.3,-22.4,10.711,14.688,4.198,72.0,74.1,67.0,1603,1,50.0,0.35
1449,16,0.0,18.35,1,24.4,53.400000000000006,777,170.9,56.4,-22.39,10.695,14.688,4.198,72.0,74.0,67.0,1603,1,50.0,0.35
1450,16,0.0,18.29,1,24.3,53.400000000000006,777,170.9,56.3,-22.39,10.68,14.688,4.198,72.0,73.8,67.0,1603,1,50.0,0.35
1451,15,0.0,18.31,1,24.3,53.400000000000006,777,170.9,56.5,-22.4,10.672,14.688,4.199,72.0,73.7,67.0,1603,1,50.0,0.35
1452,14,0.0,18.32,1,24.3,53.400000000000006,777,170.9,56.4,-22.4,10.664,14.684,4.199,72.0,73.6,67.0,1603,1,50.0,0.35
1453,14,0.0,18.32,1,24.3,53.400000000000006,778,170.8,56.4,-22.38,10.656,14.684,4.198,72.0,73.5,67.0,1603,1,50.0,0.33
1454,13,0.0,18.33,1,24.3,53.400000000000006,778,170.8,56.4,-22.4,10.648,14.684,4.198,72.0,73.4,67.0,1603,1,50.0,0.34
1455,13,0.0,18.33,1,24.3,53.400000000000006,778,170.7,56.5,-22.39,10.633,14.684,4.199,71.0,73.2,67.0,1603,1,50.0,0.33
1456,12,0.0,18.29,1,24.4,53.400000000000006,778,170.6,56.6,-22.4,10.625,14.684,4.198,71.0,73.1,67.0,1603,1,50.0,0.34
1457,12,0.0,18.37,1,24.4,53.400000000000006,778,170.6,56.7,-22.39,10.617,14.684,4.199,71.0,73.0,67.0,1603,1,50.0,0.34
1458,12,0.0,18.35,1,24.4,53.400000000000006,778,170.5,56.6,-22.39,10.617,14.68,4.199,71.0,72.9,67.0,1603,1,50.0,0.35
1459,11,0.0,18.37,1,24.4,53.400000000000006,777,170.4,56.7,-22.09,10.609,14.684,4.199,71.0,72.8,67.0,1603,1,50.0,0.34
1460,11,0.0,18.37,1,24.3,53.400000000000006,778,170.3,56.6,-21.73,10.602,14.68,4.199,71.0,72.7,67.0,1603,1,50.1,0.35
1461,11,0.0,18.35,1,24.3,53.400000000000006,778,170.2,56.7,-21.71,10.594,14.68,4.199,71.0,72.7,67.0,1603,1,50.0,0.35
1462,11,0.0,18.28,1,24.2,53.400000000000006,778,170.2,56.7,-21.68,10.586,14.68,4.198,71.0,72.6,67.0,1603,1,50.0,0.34
1463,11,0.0,18.31,1,24.2,53.400000000000006,778,170.1,56.8,-21.66,10.578,14.676,4.199,71.0,72.5,67.0,1603,1,50.0,0.34
1464,10,0.0,18.3,1,24.2,53.400000000000006,778,170.0,56.9,-20.67,10.578,14.668,4.198,70.0,72.4,67.0,1603,1,50.0,0.35
1465,10,0.0,18.47,1,24.4,53.400000000000006,779,169.9,57.0,-19.29,10.57,14.668,4.198,70.0,72.3,67.0,1603,1,50.0,0.35
1466,9,0.0,19.34,1,24.9,54.400000000000006,782,169.8,58.4,-19.46,10.562,14.668,4.198,70.0,72.3,67.0,1603,1,50.1,0.34
1467,9,0.0,18.65,1,24.9,53.900000000000006,785,169.8,57.7,-19.5,10.562,14.672,4.198,71.0,72.2,67.0,1603,1,50.0,0.35
1468,9,0.0,18.67,1,24.8,53.7,780,169.7,57.5,-19.53,10.555,14.672,4.198,70.0,72.1,67.0,1604,1,50.1,0.34
1469,9,0.0,18.59,1,24.7,53.7,778,169.6,57.4,-19.52,10.555,14.672,4.198,70.0,72.1,67.0,1604,1,50.0,0.35
1470,9,0.0,18.66,1,24.7,53.7,777,169.6,57.4,-19.53,10.547,14.672,4.198,70.0,72.0,67.0,1604,1,50.1,0.34
1471,9,0.0,18.6,1,24.7,53.7,777,169.5,57.3,-19.52,10.539,14.672,4.199,70.0,72.0,67.0,1604,1,50.0,0.34
1472,8,0.0,18.65,1,24.7,53.7,778,169.4,57.5,-19.53,10.539,14.676,4.198,70.0,71.9,67.0,1604,1,50.0,0.34
1473,8,0.0,18.57,1,24.7,53.6,778,169.3,57.6,-19.53,10.531,14.672,4.198,70.0,71.9,67.0,1603,1,50.0,0.34
1474,8,0.0,18.63,1,24.7,53.6,778,169.2,57.4,-19.48,10.523,14.672,4.198,70.0,71.9,67.0,1604,1,50.1,0.33
1475,7,0.0,19.09,1,24.7,53.900000000000006,778,169.2,57.9,-19.37,10.523,14.672,4.199,70.0,71.8,67.0,1604,1,50.1,0.33
1476,7,0.0,19.26,1,25.0,54.300000000000004,781,169.1,58.5,-19.36,10.523,14.672,4.198,70.0,71.8,67.0,1603,1,50.1,0.33
1477,7,0.0,19.2,1,25.1,54.2,782,169.0,58.3,-19.37,10.523,14.672,4.198,69.0,71.7,67.0,1604,1,50.0,0.34
1478,7,0.0,19.21,1,25.1,54.2,781,168.9,58.4,-19.39,10.516,14.668,4.199,69.0,71.7,67.0,1604,1,50.1,0.35
1479,7,0.0,18.96,1,25.1,54.1,779,168.8,58.2,-19.43,10.516,14.668,4.198,69.0,71.7,67.0,1604,1,50.0,0.34
1480,7,0.0,18.94,1,25.0,54.0,777,168.7,58.0,-19.44,10.516,14.668,4.199,69.0,71.6,67.0,1604,1,50.1,0.35
1481,7,0.0,18.9,1,25.0,53.900000000000006,776,168.6,57.9,-19.45,10.516,14.672,4.199,69.0,71.6,67.0,1604,1,50.1,0.35
1482,7,0.0,18.9,1,25.0,53.900000000000006,775,168.5,58.1,-19.45,10.516,14.672,4.198,69.0,71.6,67.0,1604,1,50.1,0.34
1483,7,0.0,18.97,1,25.0,54.0,775,168.4,58.2,-19.45,10.516,14.672,4.198,69.0,71.5,67.0,1604,1,50.1,0.35
1484,7,0.0,18.95,1,24.9,54.0,776,168.3,58.1,-19.46,10.508,14.676,4.199,69.0,71.5,67.0,1604,1,50.1,0.34
1485,7,0.0,18.87,1,24.9,53.900000000000006,776,168.1,58.1,-19.45,10.516,14.676,4.198,69.0,71.5,67.0,1604,1,50.0,0.34
1486,7,0.0,18.98,1,24.9,54.0,776,168.0,58.3,-19.45,10.508,14.672,4.199,69.0,71.5,67.0,1603,1,50.1,0.34
1487,7,0.0,18.85,1,24.9,53.900000000000006,777,167.9,58.1,-19.46,10.508,14.668,4.199,69.0,71.5,67.0,1603,1,50.1,0.34
1488,6,0.0,18.98,1,24.9,54.0,776,167.8,58.3,-19.43,10.516,14.672,4.198,69.0,71.5,67.0,1603,1,50.1,0.34
1489,6,0.0,19.92,1,25.1,54.2,777,167.7,58.6,-17.46,10.516,14.668,4.199,69.0,71.4,67.0,1603,1,50.0,0.34
1490,5,0.0,31.18,1,28.4,61.4,804,167.6,68.9,-11.46,10.523,14.668,4.199,69.0,71.4,67.0,1603,1,50.1,0.35
1491,6,0.0,40.19,1,37.3,71.3,896,167.6,67.8,-10.44,10.539,14.656,4.199,69.0,71.5,67.0,1603,1,50.1,0.34
1492,6,0.0,39.42,1,46.5,75.2,970,167.5,66.4,-10.13,10.57,14.641,4.198,69.0,71.6,67.0,1603,1,50.1,0.35
1493,7,0.0,39.53,1,49.3,75.2,968,167.4,66.4,-10.63,10.602,14.633,4.199,69.0,71.7,67.0,1603,1,50.1,0.34
1494,7,0.0,39.64,1,50.0,75.2,939,167.3,66.6,-10.0,10.625,14.648,4.198,70.0,71.9,67.0,1603,1,50.1,0.34
1495,8,0.0,39.96,1,50.0,75.2,913,167.2,66.6,-10.36,10.641,14.66,4.198,70.0,72.2,67.0,1603,1,50.1,0.34
1496,9,0.0,40.06,1,49.9,75.2,895,167.1,66.6,-10.35,10.656,14.668,4.199,70.0,72.4,67.0,1603,1,50.1,0.34
1497,10,0.0,40.19,1,49.8,75.1,883,167.0,66.5,-10.41,10.664,14.672,4.199,70.0,72.6,67.0,1603,1,50.1,0.35
1498,10,0.0,40.37,1,49.6,75.1,876,166.8,66.4,-10.42,10.672,14.676,4.199,71.0,72.9,67.0,1603,1,50.1,0.34
1499,11,0.0,40.31,1,49.5,75.1,871,166.4,66.3,-10.43,10.672,14.676,4.199,71.0,73.1,67.0,1603,1,50.1,0.35
1500,11,0.0,40.38,1,49.4,75.1,870,165.8,66.3,-10.57,10.68,14.676,4.198,71.0,73.3,67.0,1603,1,50.1,0.34
1501,12,0.0,40.3,1,49.4,75.0,868,165.3,66.4,-10.55,10.695,14.68,4.198,72.0,73.6,67.0,1603,1,50.1,0.35
1502,13,0.0,40.18,1,49.2,74.9,866,164.8,66.3,-10.53,10.695,14.68,4.199,72.0,73.8,67.0,1603,1,50.1,0.34
1503,13,0.0,40.38,1,49.4,75.0,866,164.3,66.4,-10.55,10.703,14.68,4.198,72.0,73.9,67.0,1603,1,50.1,0.34
1504,13,0.0,40.21,1,49.3,74.9,867,163.9,66.4,-10.57,10.703,14.68,4.198,72.0,74.1,67.0,1603,1,50.1,0.34
1505,12,0.0,40.37,1,49.3,74.9,866,163.5,66.3,-10.69,10.703,14.684,4.199,72.0,74.3,67.0,1603,1,50.1,0.33
1506,12,0.0,40.42,1,49.3,74.9,866,163.2,66.4,-10.5,10.695,14.684,4.199,72.0,74.4,67.0,1603,1,50.1,0.34
1507,12,0.0,40.28,1,49.5,75.0,867,162.9,66.5,-10.55,10.703,14.684,4.199,72.0,74.6,67.0,1603,1,50.1,0.34
1508,12,0.0,40.28,1,49.6,74.9,868,162.7,66.4,-10.63,10.695,14.688,4.198,72.0,74.7,67.0,1603,1,50.1,0.34
1509,12,0.0,40.34,1,49.5,74.8,868,162.5,66.5,-10.59,10.688,14.688,4.198,72.0,74.9,67.0,1603,1,50.1,0.33
1510,12,0.0,40.27,1,49.6,74.9,867,162.3,66.5,-10.56,10.688,14.688,4.199,73.0,75.0,67.0,1603,1,50.1,0.33
1511,12,0.0,40.21,1,49.7,74.9,868,162.1,66.5,-10.52,10.672,14.688,4.199,73.0,75.2,67.0,1603,1,50.1,0.35
1512,12,0.0,40.17,1,49.7,74.9,869,162.0,66.5,-10.57,10.672,14.688,4.199,73.0,75.3,67.0,1603,1,50.1,0.33
1513,12,0.0,40.36,1,49.6,75.0,869,161.8,66.5,-10.57,10.656,14.688,4.199,73.0,75.4,67.0,1603,1,50.1,0.34
1514,12,0.0,40.19,1,49.5,74.9,869,161.7,66.4,-10.6,10.656,14.691,4.198,73.0,75.5,67.0,1603,1,50.1,0.35
1515,13,0.0,40.42,1,49.4,74.9,869,161.5,66.4,-10.59,10.641,14.691,4.198,73.0,75.6,67.0,1603,1,50.1,0.34
1516,14,0.0,40.12,1,49.5,75.0,869,161.4,66.5,-10.6,10.633,14.691,4.198,73.0,75.7,67.0,1603,1,50.1,0.34
1517,13,0.0,40.16,1,49.4,74.9,870,161.3,66.3,-10.56,10.625,14.691,4.198,74.0,75.9,67.0,1603,1,50.1,0.34
1518,13,0.0,40.16,1,49.5,75.0,870,161.1,66.2,-10.57,10.625,14.691,4.198,74.0,75.9,67.0,1603,1,50.1,0.34
1519,13,0.0,39.97,1,49.5,74.9,869,161.0,66.4,-10.56,10.617,14.691,4.198,74.0,76.0,67.0,1603,1,50.1,0.35
1520,12,0.0,40.02,1,49.6,75.0,869,160.9,66.4,-10.54,10.609,14.691,4.199,74.0,76.1,67.0,1603,1,50.1,0.35
1521,12,0.0,40.04,1,49.7,74.9,869,160.7,66.4,-10.55,10.609,14.691,4.199,74.0,76.2,67.0,1603,1,50.1,0.34
1522,11,0.0,40.12,1,49.8,74.9,869,160.5,66.5,-10.54,10.594,14.688,4.199,74.0,76.3,67.0,1603,1,50.1,0.35
1523,11,0.0,40.02,1,49.9,74.9,869,160.4,66.4,-10.56,10.586,14.688,4.199,74.0,76.4,67.0,1603,1,50.1,0.35
1524,11,0.0,40.09,1,49.8,74.9,869,160.3,66.4,-10.66,10.586,14.688,4.199,74.0,76.5,67.0,1603,1,50.1,0.35
1525,11,0.0,40.13,1,49.7,74.9,868,160.2,66.4,-10.55,10.578,14.688,4.199,74.0,76.6,67.0,1603,1,50.1,0.34
1526,11,0.0,40.25,1,49.7,74.9,868,160.2,66.4,-10.59,10.578,14.684,4.199,74.0,76.7,67.0,1603,1,50.1,0.35
1527,12,0.0,40.04,1,49.8,75.0,869,160.1,66.5,-10.57,10.562,14.684,4.199,74.0,76.8,67.0,1603,1,50.1,0.34
1528,12,0.0,40.08,1,49.7,74.9,869,160.1,66.4,-10.6,10.562,14.684,4.199,75.0,76.8,67.0,1603,1,50.1,0.35
1529,13,0.0,39.94,1,49.6,74.9,868,160.0,66.4,-10.61,10.555,14.684,4.198,76.0,76.9,67.0,1603,1,50.1,0.34
1530,13,0.0,40.05,1,49.5,74.9,868,160.0,66.4,-10.63,10.547,14.68,4.198,76.0,77.0,67.0,1603,1,50.1,0.35
1531,14,0.0,40.05,1,49.5,74.8,868,160.0,66.5,-10.84,10.531,14.684,4.199,76.0,77.0,67.0,1603,1,50.1,0.34
1532,14,0.0,39.54,1,48.3,73.8,865,159.9,65.9,-16.03,10.523,14.684,4.198,76.0,77.1,67.0,1603,1,50.1,0.34
1533,14,0.0,38.59,1,43.3,68.89999999999999,843,159.9,63.7,-17.49,10.516,14.684,4.199,76.0,77.1,67.0,1603,1,50.1,0.34
1534,15,0.0,37.62,1,38.6,66.0,807,160.0,62.3,-17.32,10.492,14.684,4.198,76.0,77.2,67.0,1603,1,50.1,0.35
1535,15,0.0,33.21,1,35.4,63.6,778,160.0,61.2,-17.26,10.477,14.684,4.199,76.0,77.2,67.0,1603,1,50.1,0.35
1536,15,0.0,30.12,1,33.1,61.6,759,160.0,60.2,-17.32,10.461,14.684,4.199,76.0,77.2,67.0,1603,1,50.1,0.35
1537,15,0.0,29.84,1,31.900000000000002,61.1,752,160.0,60.0,-17.31,10.453,14.684,4.199,76.0,77.2,67.0,1603,1,50.1,0.34
1538,15,0.0,29.56,1,31.6,61.0,755,160.0,59.9,-17.31,10.445,14.684,4.199,76.0,77.2,67.0,1603,1,50.1,0.35
1539,14,0.0,29.49,1,31.5,61.1,761,160.0,60.0,-17.31,10.43,14.684,4.199,76.0,77.1,67.0,1603,1,50.1,0.35
1540,14,0.0,29.44,1,31.5,61.1,765,159.9,60.0,-17.29,10.422,14.684,4.199,76.0,77.0,67.0,1603,1,50.1,0.35
1541,14,0.0,29.31,1,31.5,61.1,769,159.9,60.0,-17.32,10.422,14.684,4.199,75.0,76.9,67.0,1603,1,50.1,0.35
1542,14,0.0,29.31,1,31.5,61.1,770,160.0,60.0,-17.32,10.422,14.684,4.198,75.0,76.8,67.0,1603,1,50.1,0.35
1543,14,0.0,29.42,1,31.5,61.1,771,160.1,60.1,-17.32,10.414,14.684,4.199,75.0,76.8,67.0,1603,1,50.1,0.34
1544,14,0.0,30.08,1,31.6,61.199999999999996,771,160.3,60.1,-16.66,10.414,14.684,4.199,74.0,76.7,67.0,1603,1,50.1,0.35
1545,13,0.0,33.18,1,32.800000000000004,63.0,777,160.5,61.0,-16.02,10.414,14.684,4.198,74.0,76.6,67.0,1603,1,50.1,0.35
1546,12,0.0,36.8,1,34.4,64.7,789,160.8,61.9,-15.17,10.414,14.684,4.198,74.0,76.5,67.0,1603,1,50.1,0.35
1547,11,0.0,39.1,1,36.1,66.2,802,161.0,62.4,-14.91,10.422,14.684,4.198,74.0,76.5,67.0,1603,1,50.1,0.35
1548,11,0.0,39.11,1,37.1,66.60000000000001,806,161.3,62.6,-14.91,10.43,14.684,4.198,74.0,76.5,67.0,1603,1,50.1,0.35
1549,11,0.0,38.74,1,37.4,66.60000000000001,802,161.5,62.7,-14.86,10.438,14.684,4.198,74.0,76.5,67.0,1603,1,50.1,0.35
1550,11,0.0,38.33,1,37.5,66.7,795,161.7,62.7,-14.92,10.445,14.684,4.199,74.0,76.6,67.0,1603,1,50.1,0.34
1551,10,0.0,38.25,1,37.5,66.60000000000001,789,161.9,62.6,-14.92,10.453,14.684,4.198,74.0,76.6,67.0,1603,1,50.1,0.34
1552,10,0.0,38.49,1,37.5,66.60000000000001,785,162.1,62.6,-14.91,10.453,14.684,4.198,74.0,76.6,67.0,1603,1,50.1,0.34
1553,10,0.0,38.99,1,37.7,67.10000000000001,783,162.2,62.8,-14.51,10.461,14.684,4.199,74.0,76.7,67.0,1603,1,50.1,0.35
1554,9,0.0,40.28,1,38.5,67.9,786,162.3,63.2,-13.16,10.461,14.684,4.198,74.0,76.7,67.0,1603,1,50.1,0.34
1555,9,0.0,39.81,1,41.5,70.89999999999999,802,162.3,64.5,-12.46,10.469,14.684,4.198,75.0,76.8,67.0,1603,1,50.1,0.35
1556,8,0.0,39.9,1,43.9,72.1,822,162.3,65.0,-12.02,10.477,14.684,4.199,75.0,76.8,67.0,1603,1,50.1,0.34
1557,8,0.0,39.67,1,45.4,72.7,833,162.2,65.4,-11.95,10.484,14.684,4.199,75.0,76.9,67.0,1603,1,50.1,0.35
1558,9,0.0,39.75,1,45.9,72.7,834,162.1,65.4,-11.95,10.492,14.68,4.199,76.0,76.9,67.0,1603,1,50.1,0.35
1559,9,0.0,39.63,1,46.0,72.7,832,162.0,65.4,-12.04,10.5,14.68,4.199,75.0,76.9,67.0,1603,1,50.1,0.34
1560,9,0.0,39.74,1,45.800000000000004,72.6,829,161.9,65.4,-12.05,10.508,14.68,4.199,75.0,77.0,67.0,1603,1,50.1,0.33
1561,9,0.0,39.76,1,45.9,72.6,828,161.8,65.4,-11.91,10.508,14.68,4.199,75.0,77.0,67.0,1603,1,50.1,0.34
1562,9,0.0,39.74,1,46.1,72.8,829,161.8,65.4,-11.93,10.516,14.68,4.199,75.0,77.0,67.0,1603,1,50.1,0.35
1563,10,0.0,39.74,1,46.0,72.6,829,161.7,65.5,-12.03,10.508,14.68,4.198,75.0,77.0,67.0,1603,1,50.1,0.34
1564,10,0.0,39.66,1,45.9,72.6,828,161.6,65.4,-12.06,10.508,14.68,4.198,76.0,77.0,67.0,1603,1,50.1,0.35
1565,10,0.0,39.76,1,45.800000000000004,72.6,827,161.4,65.3,-11.95,10.5,14.68,4.199,76.0,77.0,67.0,1603,1,50.1,0.34
1566,10,0.0,39.76,1,45.9,72.7,829,161.2,65.5,-11.99,10.5,14.68,4.199,76.0,77.0,67.0,1603,1,50.1,0.35
1567,10,0.0,39.74,1,45.9,72.7,830,161.1,65.4,-11.98,10.5,14.68,4.198,76.0,77.1,67.0,1603,1,50.1,0.34
1568,10,0.0,39.79,1,46.1,72.7,830,161.0,65.5,-11.95,10.5,14.68,4.199,76.0,77.1,67.0,1603,1,50.1,0.36
1569,11,0.0,39.85,1,46.1,72.7,831,160.9,65.4,-11.91,10.5,14.68,4.199,76.0,77.1,67.0,1603,1,50.1,0.35
1570,11,0.0,39.85,1,46.2,72.8,832,160.7,65.4,-11.91,10.492,14.68,4.199,75.0,77.1,67.0,1603,1,50.1,0.34
1571,11,0.0,39.77,1,45.9,72.6,832,160.7,65.4,-12.05,10.5,14.68,4.198,75.0,77.1,67.0,1603,1,50.1,0.35
1572,12,0.0,39.63,1,45.6,72.39999999999999,831,160.6,65.3,-12.05,10.508,14.68,4.199,76.0,77.1,67.0,1603,1,50.1,0.36
1573,12,0.0,39.53,1,45.5,72.5,829,160.5,65.4,-12.11,10.516,14.68,4.199,76.0,77.1,67.0,1603,1,50.1,0.34
1574,13,0.0,39.6,1,45.300000000000004,72.3,829,160.4,65.2,-12.21,10.523,14.68,4.199,76.0,77.1,67.0,1603,1,50.1,0.34
1575,13,0.0,39.66,1,45.1,72.3,828,160.3,65.2,-12.18,10.531,14.68,4.199,76.0,77.1,67.0,1603,1,50.1,0.34
1576,14,0.0,39.63,1,45.0,72.2,828,160.2,65.2,-12.18,10.539,14.684,4.199,76.0,77.2,67.0,1603,1,50.1,0.35
1577,14,0.0,39.54,1,45.0,72.2,828,160.2,65.2,-12.21,10.547,14.684,4.199,76.0,77.2,67.0,1603,1,50.1,0.34
1578,15,0.0,39.67,1,44.9,72.2,828,160.1,65.1,-12.25,10.562,14.684,4.199,76.0,77.2,67.0,1603,1,50.2,0.35
1579,15,0.0,39.45,1,44.9,72.2,828,160.1,65.2,-12.26,10.562,14.684,4.199,75.0,77.2,67.0,1603,1,50.1,0.35
1580,15,0.0,39.6,1,44.800000000000004,72.1,827,160.1,65.1,-12.24,10.57,14.68,4.198,76.0,77.2,67.0,1603,1,50.1,0.34
1581,16,0.0,39.5,1,44.9,72.2,827,160.0,65.1,-12.24,10.57,14.684,4.199,76.0,77.3,67.0,1603,1,50.1,0.35
1582,16,0.0,39.7,1,45.0,72.1,827,160.0,65.2,-12.29,10.57,14.684,4.199,76.0,77.3,67.0,1603,1,50.1,0.34
1583,16,0.0,39.7,1,44.9,72.1,826,160.0,65.1,-12.27,10.57,14.684,4.199,76.0,77.3,67.0,1603,1,50.1,0.35
1584,16,0.0,39.57,1,44.9,72.1,826,160.0,65.2,-12.18,10.562,14.684,4.198,76.0,77.4,67.0,1603,1,50.1,0.34
1585,17,0.0,39.52,1,45.1,72.3,827,159.9,65.3,-12.25,10.555,14.68,4.199,76.0,77.4,67.0,1603,1,50.1,0.35
1586,17,0.0,39.51,1,45.0,72.1,827,159.9,65.1,-12.28,10.539,14.684,4.199,76.0,77.4,67.0,1603,1,50.1,0.34
1587,17,0.0,39.56,1,45.0,72.1,826,159.9,65.1,-12.26,10.539,14.68,4.199,76.0,77.4,67.0,1603,1,50.1,0.34
1588,17,0.0,38.26,1,42.6,69.8,822,159.8,64.1,-22.24,10.531,14.68,4.198,76.0,77.4,67.0,1603,1,50.1,0.35
1589,17,0.0,36.87,1,38.1,65.8,795,159.8,62.3,-22.39,10.523,14.684,4.198,76.0,77.5,67.0,1603,1,50.1,0.35
1590,17,0.0,32.34,1,34.699999999999996,63.1,767,159.8,61.1,-22.41,10.5,14.684,4.199,76.0,77.5,67.0,1603,1,50.1,0.34
1591,17,0.0,28.7,1,32.2,61.0,748,159.7,60.1,-22.31,10.484,14.68,4.199,76.0,77.5,67.0,1603,1,50.1,0.34
1592,17,0.0,25.97,1,30.2,59.099999999999994,738,159.7,59.1,-22.4,10.477,14.68,4.199,76.0,77.4,67.0,1603,1,50.1,0.34
1593,17,0.0,23.45,1,28.599999999999998,57.4,731,159.7,58.1,-22.4,10.469,14.68,4.199,76.0,77.3,67.0,1603,1,50.1,0.35
1594,17,0.0,21.33,1,27.200000000000003,55.7,727,159.6,56.9,-22.41,10.453,14.68,4.198,76.0,77.2,67.0,1603,1,50.1,0.34
1595,17,0.0,19.58,1,25.900000000000002,54.1,725,159.6,55.5,-22.41,10.453,14.684,4.199,76.0,77.1,67.0,1603,1,50.1,0.33
1596,17,0.0,19.32,1,25.1,53.400000000000006,726,159.5,55.0,-22.4,10.453,14.684,4.198,75.0,76.9,67.0,1603,1,50.1,0.34
1597,17,0.0,19.19,1,24.8,53.400000000000006,736,159.5,54.9,-22.42,10.445,14.684,4.199,74.0,76.7,67.0,1603,1,50.2,0.34
1598,17,0.0,19.0,1,24.6,53.400000000000006,748,159.5,55.0,-22.41,10.445,14.68,4.198,74.0,76.4,67.0,1603,1,50.2,0.34
1599,17,0.0,18.93,1,24.6,53.400000000000006,758,159.5,54.9,-22.42,10.453,14.684,4.198,74.0,76.2,67.0,1603,1,50.1,0.34
1600,17,0.0,18.73,1,24.6,53.400000000000006,766,159.7,55.0,-22.41,10.453,14.684,4.199,73.0,75.9,67.0,1603,1,50.2,0.34
1601,17,0.0,18.65,1,24.6,53.400000000000006,771,159.7,55.1,-22.4,10.453,14.68,4.199,73.0,75.7,67.0,1603,1,50.2,0.33
1602,17,0.0,18.44,1,24.6,53.400000000000006,775,159.9,55.1,-22.39,10.461,14.68,4.199,73.0,75.4,67.0,1603,1,50.1,0.33
1603,16,0.0,18.37,1,24.6,53.400000000000006,778,160.1,55.1,-22.39,10.461,14.68,4.199,72.0,75.2,67.0,1603,1,50.2,0.34
1604,16,0.0,18.37,1,24.6,53.400000000000006,780,160.3,54.9,-22.43,10.461,14.68,4.199,73.0,74.9,67.0,1603,1,50.2,0.33
1605,15,0.0,18.41,1,24.6,53.400000000000006,782,160.5,55.0,-22.41,10.469,14.68,4.199,72.0,74.7,67.0,1603,1,50.2,0.33
1606,15,0.0,18.38,1,24.6,53.400000000000006,783,160.7,54.9,-22.41,10.477,14.68,4.199,72.0,74.5,67.0,1603,1,50.2,0.34
1607,14,0.0,18.42,1,24.6,53.400000000000006,783,160.8,55.0,-22.4,10.477,14.68,4.199,72.0,74.3,67.0,1603,1,50.1,0.34
1608,14,0.0,18.41,1,24.6,53.400000000000006,783,161.0,55.1,-22.4,10.477,14.684,4.198,72.0,74.1,67.0,1603,1,50.2,0.34
1609,14,0.0,18.42,1,24.7,53.400000000000006,783,161.1,55.1,-22.4,10.477,14.684,4.199,72.0,74.0,67.0,1603,1,50.1,0.35
1610,14,0.0,18.43,1,24.7,53.400000000000006,783,161.2,55.1,-22.41,10.477,14.684,4.199,72.0,73.9,67.0,1603,1,50.2,0.34
1611,14,0.0,18.44,1,24.7,53.400000000000006,782,161.3,55.1,-22.42,10.484,14.684,4.199,72.0,73.8,67.0,1603,1,50.2,0.34
1612,14,0.0,18.4,1,24.7,53.400000000000006,782,161.4,55.0,-22.41,10.484,14.684,4.199,72.0,73.8,67.0,1603,1,50.1,0.34
1613,14,0.0,18.45,1,24.8,53.400000000000006,782,161.4,55.0,-22.4,10.484,14.684,4.199,72.0,73.7,67.0,1603,1,50.2,0.35
1614,14,0.0,18.47,1,24.8,53.400000000000006,781,161.4,55.2,-22.4,10.484,14.684,4.199,72.0,73.7,67.0,1603,1,50.2,0.35
1615,15,0.0,18.46,1,24.7,53.400000000000006,781,161.4,55.1,-22.41,10.484,14.684,4.199,72.0,73.6,67.0,1603,1,50.2,0.35
1616,15,0.0,18.44,1,24.7,53.400000000000006,780,161.4,55.0,-22.41,10.484,14.684,4.199,71.0,73.6,67.0,1603,1,50.2,0.34
1617,15,0.0,18.45,1,24.7,53.400000000000006,780,161.4,55.1,-22.4,10.484,14.684,4.198,72.0,73.6,67.0,1603,1,50.2,0.34
1618,15,0.0,18.48,1,24.7,53.400000000000006,779,161.3,55.1,-22.39,10.484,14.684,4.199,71.0,73.5,67.0,1603,1,50.2,0.34
1619,15,0.0,18.48,1,24.7,53.400000000000006,779,161.3,55.1,-22.42,10.477,14.684,4.198,71.0,73.5,67.0,1603,1,50.2,0.35
1620,15,0.0,18.43,1,24.7,53.400000000000006,779,161.2,55.2,-22.39,10.484,14.688,4.199,71.0,73.5,67.0,1603,1,50.2,0.36
1621,15,0.0,18.48,1,24.6,53.400000000000006,779,161.2,55.2,-21.57,10.484,14.688,4.199,71.0,73.4,67.0,1603,1,50.2,0.34
1622,15,0.0,22.77,1,26.0,56.10000000000001,785,161.2,57.7,-19.33,10.484,14.688,4.198,71.0,73.4,67.0,1603,1,50.2,0.34
1623,15,0.0,19.56,1,26.3,55.300000000000004,812,161.2,56.8,-19.46,10.5,14.688,4.198,71.0,73.4,67.0,1603,1,50.2,0.35
1624,15,0.0,27.59,1,27.700000000000003,58.4,810,161.1,59.0,-17.2,10.5,14.688,4.198,71.0,73.4,67.0,1603,1,50.2,0.34
1625,16,0.0,28.3,1,30.3,61.199999999999996,855,161.1,60.3,-17.31,10.508,14.688,4.199,71.0,73.3,67.0,1603,1,50.2,0.34
1626,16,0.0,28.77,1,31.2,61.3,854,161.1,60.3,-17.28,10.516,14.691,4.199,71.0,73.4,67.0,1603,1,50.2,0.34
1627,16,0.0,29.08,1,31.4,61.199999999999996,832,161.1,60.3,-17.26,10.516,14.691,4.199,71.0,73.4,67.0,1603,1,50.2,0.35
1628,16,0.0,29.28,1,31.5,61.199999999999996,811,161.1,60.4,-17.23,10.523,14.691,4.199,71.0,73.5,67.0,1603,1,50.2,0.34
1629,17,0.0,29.43,1,31.6,61.199999999999996,796,161.1,60.2,-17.26,10.523,14.691,4.199,71.0,73.6,67.0,1603,1,50.2,0.35
1630,17,0.0,29.51,1,31.6,61.199999999999996,785,161.0,60.2,-17.25,10.523,14.691,4.199,71.0,73.7,67.0,1603,1,50.2,0.34
1631,17,0.0,29.69,1,31.6,61.3,777,161.0,60.2,-17.25,10.531,14.691,4.199,71.0,73.7,67.0,1603,1,50.2,0.34
1632,17,0.0,29.65,1,31.6,61.199999999999996,772,160.9,60.1,-17.23,10.531,14.691,4.199,71.0,73.8,67.0,1603,1,50.2,0.34
1633,17,0.0,29.71,1,31.6,61.199999999999996,768,160.8,60.1,-17.23,10.531,14.691,4.199,72.0,73.9,67.0,1603,1,50.2,0.34
1634,18,0.0,29.73,1,31.6,61.199999999999996,766,160.7,60.3,-17.25,10.539,14.691,4.199,72.0,74.0,67.0,1603,1,50.2,0.34
1635,18,0.0,29.72,1,31.5,61.199999999999996,764,160.5,60.2,-17.24,10.539,14.691,4.199,72.0,74.0,67.0,1603,1,50.2,0.34
1636,18,0.0,29.73,1,31.5,61.199999999999996,762,160.4,60.3,-17.26,10.531,14.691,4.199,72.0,74.1,67.0,1603,1,50.2,0.34
1637,18,0.0,29.6,1,31.5,61.199999999999996,761,160.3,60.2,-17.25,10.539,14.691,4.199,72.0,74.1,67.0,1603,1,50.2,0.33
1638,17,0.0,29.68,1,31.5,61.199999999999996,761,160.1,60.3,-17.24,10.531,14.691,4.199,72.0,74.2,67.0,1603,1,50.2,0.33
1639,17,0.0,29.73,1,31.5,61.199999999999996,761,160.0,60.4,-17.26,10.539,14.691,4.199,72.0,74.2,67.0,1603,1,50.2,0.34
1640,17,0.0,29.59,1,31.5,61.199999999999996,761,159.9,60.3,-17.26,10.539,14.691,4.199,72.0,74.3,67.0,1603,1,50.2,0.34
1641,17,0.0,29.67,1,31.6,61.199999999999996,761,159.8,60.2,-17.27,10.539,14.691,4.199,72.0,74.3,67.0,1603,1,50.2,0.34
1642,17,0.0,29.5,1,31.6,61.1,761,159.8,60.2,-17.38,10.547,14.691,4.199,72.0,74.3,67.0,1603,1,50.2,0.34
1643,17,0.0,27.7,1,31.1,60.8,759,159.7,60.2,-22.41,10.555,14.691,4.199,72.0,74.3,67.0,1603,1,50.2,0.34
1644,17,0.0,23.7,1,29.4,57.99999999999999,750,159.6,58.6,-22.4,10.57,14.691,4.199,72.0,74.4,67.0,1603,1,50.2,0.34
1645,17,0.0,20.73,1,27.400000000000002,55.50000000000001,732,159.5,57.2,-22.43,10.578,14.691,4.199,72.0,74.3,67.0,1603,1,50.2,0.34
1646,17,0.0,19.43,1,25.900000000000002,53.7,719,159.4,55.9,-22.3,10.586,14.691,4.199,72.0,74.3,67.0,1603,1,50.2,0.34
1647,17,0.0,19.24,1,25.1,53.400000000000006,719,159.3,55.6,-22.4,10.594,14.691,4.199,72.0,74.2,67.0,1603,1,50.2,0.34
1648,17,0.0,19.02,1,24.8,53.400000000000006,730,159.3,55.6,-22.41,10.602,14.691,4.199,72.0,74.1,67.0,1603,1,50.2,0.34
1649,17,0.0,18.86,1,24.7,53.400000000000006,742,159.2,55.7,-22.42,10.602,14.691,4.199,72.0,74.1,67.0,1603,1,50.2,0.35
1650,17,0.0,18.76,1,24.7,53.400000000000006,752,159.1,55.6,-22.41,10.602,14.691,4.198,72.0,74.0,67.0,1603,1,50.2,0.35
1651,17,0.0,18.59,1,24.6,53.400000000000006,760,159.0,55.7,-22.39,10.609,14.691,4.199,72.0,73.9,67.0,1603,1,50.2,0.34
1652,17,0.0,18.58,1,24.6,53.400000000000006,765,158.9,55.6,-22.4,10.609,14.691,4.199,72.0,73.8,67.0,1603,1,50.2,0.35
1653,17,0.0,18.52,1,24.6,53.400000000000006,769,158.9,55.6,-22.43,10.609,14.691,4.199,72.0,73.8,67.0,1603,1,50.2,0.35
1654,17,0.0,18.54,1,24.6,53.400000000000006,772,158.9,55.7,-22.42,10.602,14.691,4.199,71.0,73.7,67.0,1603,1,50.2,0.35
1655,17,0.0,18.57,1,24.6,53.400000000000006,774,158.8,55.8,-22.41,10.609,14.691,4.199,71.0,73.6,67.0,1603,1,50.2,0.34
1656,17,0.0,18.53,1,24.6,53.400000000000006,776,158.8,55.7,-22.41,10.602,14.691,4.199,71.0,73.5,67.0,1603,1,50.2,0.35
1657,16,0.0,18.55,1,24.6,53.400000000000006,777,158.8,55.8,-22.41,10.602,14.691,4.198,71.0,73.4,67.0,1603,1,50.2,0.34
1658,16,0.0,18.6,1,24.7,53.400000000000006,778,158.8,55.8,-22.41,10.602,14.691,4.199,71.0,73.4,67.0,1603,1,50.2,0.34
1659,16,0.0,18.58,1,24.7,53.400000000000006,779,158.8,55.6,-22.41,10.602,14.691,4.199,71.0,73.3,67.0,1603,1,50.2,0.34
1660,15,0.0,18.58,1,24.7,53.400000000000006,779,158.8,55.7,-22.4,10.594,14.691,4.199,71.0,73.2,67.0,1603,1,50.2,0.34
1661,15,0.0,18.63,1,24.7,53.400000000000006,778,158.8,55.8,-22.4,10.594,14.691,4.199,71.0,73.2,67.0,1603,1,50.2,0.35
1662,15,0.0,18.62,1,24.7,53.400000000000006,778,158.8,55.8,-22.41,10.586,14.688,4.199,71.0,73.1,67.0,1603,1,50.2,0.34
1663,14,0.0,18.65,1,24.7,53.400000000000006,778,158.7,55.7,-22.41,10.586,14.688,4.199,71.0,73.0,67.0,1603,1,50.2,0.35
1664,14,0.0,18.62,1,24.8,53.400000000000006,778,158.6,55.7,-22.41,10.586,14.688,4.199,71.0,72.9,67.0,1603,1,50.2,0.34
1665,13,0.0,18.62,1,24.8,53.400000000000006,778,158.6,55.8,-22.4,10.578,14.688,4.199,70.0,72.9,67.0,1603,1,50.2,0.34
1666,13,0.0,18.6,1,24.8,53.400000000000006,778,158.5,55.9,-22.41,10.578,14.688,4.199,70.0,72.8,67.0,1603,1,50.2,0.34
1667,13,0.0,18.64,1,24.8,53.400000000000006,778,158.5,55.9,-22.4,10.578,14.688,4.199,70.0,72.8,67.0,1603,1,50.2,0.33
1668,12,0.0,18.63,1,24.8,53.400000000000006,778,158.4,55.9,-22.4,10.578,14.688,4.199,70.0,72.7,67.0,1603,1,50.2,0.34
1669,11,0.0,18.63,1,24.8,53.400000000000006,778,158.3,55.9,-22.41,10.586,14.688,4.199,70.0,72.7,67.0,1603,1,50.2,0.34
1670,10,0.0,18.61,1,24.9,53.400000000000006,778,158.2,56.0,-22.41,10.586,14.688,4.199,70.0,72.6,67.0,1603,1,50.2,0.35
1671,8,0.0,18.65,1,24.9,53.400000000000006,778,158.2,56.0,-22.05,10.578,14.688,4.199,70.0,72.6,67.0,1603,1,50.2,0.34
1672,7,0.0,23.88,1,25.900000000000002,55.300000000000004,780,158.1,57.6,-17.11,10.578,14.684,4.199,70.0,72.6,67.0,1603,1,50.2,0.34
1673,7,0.0,28.43,1,29.599999999999998,61.4,840,158.0,60.3,-17.07,10.578,14.684,4.199,70.0,72.5,67.0,1603,1,50.2,0.33
1674,6,0.0,29.17,1,31.2,61.7,869,157.9,60.6,-17.0,10.578,14.684,4.199,70.0,72.5,67.0,1603,1,50.2,0.35
1675,6,0.0,29.46,1,31.7,61.6,851,157.8,60.6,-17.04,10.586,14.684,4.199,70.0,72.5,67.0,1603,1,50.2,0.34
1676,6,0.0,29.62,1,31.6,61.6,827,157.8,60.6,-17.05,10.594,14.684,4.199,70.0,72.6,67.0,1603,1,50.2,0.34
1677,5,0.0,29.79,1,31.5,61.6,808,157.7,60.4,-17.06,10.594,14.68,4.199,70.0,72.7,67.0,1603,1,50.2,0.34
1678,5,0.0,30.42,1,31.7,61.8,795,157.7,60.7,-16.9,10.602,14.676,4.199,70.0,72.8,67.0,1603,1,50.2,0.34
1679,5,0.0,30.72,1,32.0,62.0,787,157.7,60.7,-16.91,10.602,14.676,4.199,70.0,72.9,67.0,1603,1,50.2,0.34
1680,6,0.0,30.77,1,32.0,62.0,781,157.7,60.7,-16.91,10.602,14.672,4.199,70.0,73.0,67.0,1603,1,50.2,0.34
1681,6,0.0,30.85,1,32.0,62.0,776,157.6,60.7,-16.93,10.609,14.668,4.199,71.0,73.1,67.0,1603,1,50.2,0.34
1682,7,0.0,30.85,1,31.900000000000002,62.0,773,157.5,60.6,-16.94,10.625,14.664,4.199,71.0,73.2,67.0,1603,1,50.2,0.34
1683,7,0.0,30.83,1,31.900000000000002,61.9,770,157.3,60.6,-16.91,10.633,14.66,4.199,71.0,73.3,67.0,1603,1,50.2,0.33
1684,7,0.0,30.77,1,31.8,62.0,769,157.2,60.7,-16.97,10.633,14.66,4.199,71.0,73.4,67.0,1603,1,50.2,0.34
1685,8,0.0,27.07,1,30.9,60.8,766,157.0,60.0,-22.34,10.641,14.664,4.199,71.0,73.5,67.0,1603,1,50.2,0.34
1686,8,0.0,23.58,1,28.999999999999996,57.8,750,156.9,58.7,-22.42,10.633,14.672,4.199,71.0,73.6,67.0,1603,1,50.2,0.34
1687,8,0.0,20.69,1,27.0,55.400000000000006,732,156.8,57.4,-22.35,10.633,14.676,4.198,71.0,73.6,67.0,1603,1,50.2,0.34
1688,8,0.0,19.43,1,25.5,53.7,721,156.6,56.5,-22.39,10.633,14.68,4.199,71.0,73.6,67.0,1603,1,50.2,0.33
1689,8,0.0,19.23,1,24.8,53.400000000000006,723,156.5,56.3,-22.38,10.641,14.68,4.199,71.0,73.5,67.0,1603,1,50.2,0.33
1690,7,0.0,19.02,1,24.5,53.400000000000006,734,156.3,56.1,-22.38,10.648,14.684,4.199,71.0,73.4,67.0,1603,1,50.2,0.33
1691,7,0.0,18.86,1,24.4,53.400000000000006,747,156.2,56.2,-22.4,10.664,14.684,4.199,71.0,73.4,67.0,1603,1,50.2,0.34
1692,7,0.0,18.71,1,24.4,53.400000000000006,757,156.1,56.1,-22.38,10.672,14.684,4.199,71.0,73.3,67.0,1603,1,50.2,0.34
1693,6,0.0,18.53,1,24.4,53.400000000000006,765,156.0,56.2,-22.39,10.688,14.684,4.198,71.0,73.2,67.0,1603,1,50.2,0.34
1694,6,0.0,18.52,1,24.4,53.400000000000006,771,155.9,56.2,-22.39,10.703,14.684,4.199,71.0,73.1,67.0,1603,1,50.2,0.35
1695,6,0.0,18.47,1,24.3,53.400000000000006,775,155.8,56.1,-21.87,10.711,14.684,4.199,71.0,73.1,67.0,1603,1,50.2,0.35
1696,6,0.0,22.04,1,25.1,54.50000000000001,779,155.8,57.1,-16.74,10.711,14.684,4.199,71.0,73.0,67.0,1603,1,50.2,0.34
1697,5,0.0,29.94,1,29.099999999999998,61.8,831,155.8,60.6,-16.62,10.719,14.684,4.199,71.0,73.0,67.0,1603,1,50.2,0.34
1698,5,0.0,30.81,1,31.5,62.6,880,155.8,60.9,-16.61,10.734,14.684,4.199,71.0,73.0,67.0,1603,1,50.2,0.34
1699,4,0.0,31.18,1,32.2,62.7,867,155.9,61.0,-16.64,10.734,14.684,4.199,71.0,73.0,67.0,1603,1,50.2,0.34
1700,4,0.0,31.45,1,32.5,62.6,841,155.9,60.9,-16.63,10.742,14.684,4.199,71.0,73.0,67.0,1603,1,50.2,0.34
1701,4,0.0,31.61,1,32.7,62.6,819,155.9,61.0,-16.64,10.75,14.684,4.199,71.0,73.1,67.0,1603,1,50.2,0.34
1702,4,0.0,31.88,1,32.9,62.6,803,155.9,61.0,-16.62,10.75,14.684,4.199,71.0,73.2,67.0,1603,1,50.2,0.34
1703,3,0.0,32.05,1,32.9,62.7,792,155.9,61.1,-16.63,10.758,14.684,4.199,71.0,73.3,67.0,1603,1,50.2,0.33
1704,3,0.0,32.2,1,33.0,62.6,783,155.9,61.1,-16.67,10.758,14.684,4.199,71.0,73.4,67.0,1603,1,50.2,0.33
1705,3,0.0,31.9,1,33.1,62.5,777,155.9,61.0,-16.71,10.766,14.684,4.199,71.0,73.5,67.0,1603,1,50.2,0.34
1706,3,0.0,32.21,1,33.0,62.6,772,155.8,60.9,-16.6,10.766,14.684,4.199,71.0,73.6,67.0,1603,1,50.2,0.34
1707,3,0.0,34.57,1,33.2,63.2,772,155.6,61.4,-15.45,10.789,14.684,4.199,71.0,73.8,67.0,1603,1,50.2,0.34
1708,2,0.0,41.19,1,35.5,66.9,786,155.4,62.7,-13.93,10.805,14.684,4.199,71.0,73.8,67.0,1603,1,50.2,0.34
1709,2,0.0,39.84,1,39.800000000000004,70.39999999999999,819,155.3,64.4,-12.43,10.828,14.684,4.199,72.0,74.0,67.0,1603,1,50.2,0.34
1710,2,0.0,39.72,1,43.0,72.0,850,155.1,65.0,-12.21,10.859,14.684,4.199,72.0,74.1,67.0,1603,1,50.2,0.35
1711,3,0.0,39.79,1,44.5,72.1,856,155.0,65.1,-12.21,10.891,14.684,4.199,72.0,74.3,67.0,1603,1,50.2,0.35
1712,3,0.0,39.9,1,45.0,72.3,849,154.9,65.1,-12.23,10.906,14.684,4.198,72.0,74.4,67.0,1603,1,50.2,0.35
1713,3,0.0,39.77,1,44.800000000000004,72.1,841,154.9,65.1,-12.28,10.914,14.68,4.199,72.0,74.5,67.0,1603,1,50.3,0.35
1714,4,0.0,39.85,1,44.800000000000004,72.1,835,154.8,65.1,-12.31,10.914,14.684,4.199,72.0,74.7,67.0,1603,1,50.3,0.34
1715,4,0.0,38.11,1,44.1,71.6,831,154.7,64.8,-22.25,10.898,14.684,4.199,72.0,74.8,67.0,1603,1,50.2,0.35
1716,5,0.0,36.79,1,39.4,66.8,810,154.6,62.8,-22.28,10.883,14.68,4.199,72.0,74.9,67.0,1603,1,50.3,0.35
1717,4,0.0,33.16,1,35.5,63.5,776,154.5,61.4,-22.34,10.859,14.684,4.199,73.0,75.0,67.0,1603,1,50.2,0.34
1718,4,0.0,29.39,1,32.6,61.199999999999996,752,154.3,60.3,-22.39,10.828,14.684,4.199,72.0,75.0,67.0,1603,1,50.2,0.33
1719,4,0.0,26.32,1,30.5,59.3,739,154.1,59.4,-22.48,10.812,14.684,4.199,73.0,75.1,67.0,1603,1,50.2,0.34
1720,3,0.0,23.88,1,28.9,57.49999999999999,731,153.9,58.5,-22.31,10.797,14.684,4.199,72.0,75.1,67.0,1603,1,50.3,0.34
1721,3,0.0,21.71,1,27.500000000000004,55.800000000000004,727,153.6,57.6,-16.64,10.781,14.684,4.199,72.0,75.0,67.0,1603,1,50.3,0.34
1722,3,0.0,34.72,1,29.799999999999997,61.3,748,153.4,60.6,-13.27,10.773,14.684,4.199,72.0,75.0,67.0,1603,1,50.2,0.33
1723,3,0.0,39.42,1,37.4,69.8,842,153.2,63.9,-12.93,10.766,14.684,4.199,72.0,74.9,67.0,1603,1,50.3,0.33
1724,3,0.0,39.37,1,41.5,70.89999999999999,908,153.0,64.5,-9.48,10.773,14.684,4.199,72.0,74.9,67.0,1603,1,50.3,0.33
1725,3,0.0,39.14,1,48.4,76.0,920,152.9,66.8,-10.13,10.781,14.684,4.199,72.0,75.0,67.0,1603,1,50.3,0.33
1726,3,0.0,40.11,1,50.8,75.7,929,152.9,66.8,-10.23,10.797,14.684,4.199,72.0,75.0,67.0,1602,1,50.3,0.34
1727,3,0.0,40.16,1,51.4,75.8,918,153.0,66.9,-9.77,10.805,14.684,4.199,72.0,75.1,67.0,1602,1,50.3,0.34
1728,3,0.0,40.19,1,51.6,75.8,907,153.2,67.0,-9.98,10.805,14.684,4.198,72.0,75.1,67.0,1602,1,50.3,0.34
1729,4,0.0,40.21,1,51.6,75.7,898,153.3,66.9,-10.01,10.797,14.684,4.199,73.0,75.2,67.0,1602,1,50.3,0.34
1730,4,0.0,40.26,1,51.4,75.6,893,153.4,66.9,-10.02,10.797,14.684,4.199,73.0,75.3,67.0,1602,1,50.2,0.34
1731,4,0.0,38.46,1,49.3,73.8,886,153.3,66.0,-16.28,10.781,14.684,4.199,73.0,75.4,67.0,1602,1,50.3,0.34
1732,3,0.0,38.68,1,42.699999999999996,68.30000000000001,851,153.1,63.7,-16.22,10.758,14.684,4.199,73.0,75.5,67.0,1602,1,50.3,0.34
1733,2,0.0,36.02,1,37.5,64.8,806,153.0,62.3,-16.21,10.727,14.68,4.199,73.0,75.6,67.0,1602,1,50.3,0.34
1734,2,0.0,34.34,1,34.8,63.6,777,152.8,61.6,-16.28,10.703,14.68,4.199,73.0,75.7,67.0,1602,1,50.3,0.34
1735,2,0.0,33.87,1,33.800000000000004,63.6,769,152.5,61.6,-16.19,10.68,14.664,4.199,74.0,75.7,67.0,1602,1,50.3,0.34
1736,2,0.0,33.81,1,33.800000000000004,63.6,772,152.3,61.5,-16.21,10.664,14.66,4.199,73.0,75.8,67.0,1602,1,50.3,0.33
1737,1,0.0,34.59,1,33.900000000000006,63.7,775,152.0,61.6,-15.54,10.664,14.652,4.199,73.0,75.8,67.0,1602,1,50.3,0.33
1738,1,0.0,37.48,1,34.699999999999996,65.4,784,151.8,62.3,-15.17,10.664,14.656,4.199,73.0,75.9,67.0,1602,1,50.3,0.33
1739,1,0.0,38.62,1,35.6,66.10000000000001,797,151.6,62.5,-9.85,10.68,14.66,4.199,74.0,75.9,67.0,1602,1,50.3,0.33
1740,1,0.0,41.8,1,42.5,75.0,825,151.4,65.9,-5.22,10.695,14.66,4.199,73.0,76.0,67.0,1602,1,50.3,0.34
1741,0,0.0,42.71,1,58.4,82.5,916,151.4,69.8,-3.73,10.734,14.664,4.199,73.0,76.1,67.0,1602,1,50.3,0.35
1742,1,0.0,39.24,1,65.9,82.89999999999999,1002,151.5,70.9,-7.22,10.781,14.66,4.199,74.0,76.2,67.0,1602,1,50.3,0.34
1743,1,0.0,40.02,1,59.5,79.2,1003,151.6,69.1,-8.36,10.805,14.672,4.199,74.0,76.3,67.0,1602,1,50.3,0.34
1744,1,0.0,38.62,1,53.400000000000006,75.9,964,151.7,67.3,-20.7,10.797,14.676,4.199,74.0,76.4,67.0,1602,1,50.3,0.35
1745,0,0.0,38.44,1,44.2,70.1,900,151.9,64.5,-22.15,10.766,14.68,4.199,74.0,76.4,67.0,1602,1,50.3,0.34
1746,0,0.0,37.22,1,38.7,66.8,842,152.0,62.8,-22.26,10.742,14.684,4.199,74.0,76.5,67.0,1602,1,50.3,0.35
1747,0,0.0,34.13,1,35.3,64.3,803,152.2,61.7,-22.38,10.703,14.684,4.199,74.0,76.6,67.0,1602,1,50.3,0.34
1748,0,0.0,20.23,0,32.800000000000004,62.2,779,152.1,60.7,-22.48,10.68,14.684,4.199,75.0,76.7,67.0,1602,1,50.3,0.34
1749,0,0.0,0.63,0,31.1,60.6,763,151.9,59.9,-22.39,10.656,14.684,4.199,75.0,76.6,67.0,1602,0,50.3,0.34
