Time,Groundspeed,Cabin Diff PSI,Bld Px PSI,Bleed On,N1 %,N2 %,ITT (F),Oil Temp (F),Oil Px PSI,TLA DEG,TT2 (C),PT2 PSI,CHPV,ECS PRI DUCT T (F),ECS PRI DUCT T2 (F),ECS CKPT T (F),O2 BTL Px PSI,O2 VLV Open,EIPS TMP (F),EIPS PRS PSI
1,0,0.0,0.58,0,0.0,8.799999999999999,62,51.1,5.6,-22.4,11.609,14.703,4.197,9.899999762399945e+24,52.7,55.0,1581,0,52.7,0.24
2,0,0.0,0.56,0,0.0,11.899999999999999,99,51.1,16.7,-22.4,11.617,14.703,4.197,9.899999762399945e+24,52.8,55.0,1581,0,52.7,0.24
3,0,0.0,0.59,0,0.2,14.899999999999999,283,51.1,34.0,-22.41,11.617,14.703,4.197,9.899999762399945e+24,52.7,55.0,1581,0,52.7,0.23
4,0,0.0,0.58,0,1.7999999999999998,17.4,513,51.2,42.2,-22.4,11.617,14.707,4.197,51.0,52.7,9.899999762399945e+24,1581,0,52.7,0.24
5,0,0.0,0.59,0,2.6,19.7,720,51.2,48.3,-22.4,11.625,14.707,4.197,51.0,52.8,55.0,1581,0,52.7,0.24
6,0,0.0,0.59,0,3.5999999999999996,21.7,869,51.2,53.2,-22.4,11.617,14.703,4.197,51.0,52.8,55.0,1581,0,52.7,0.24
7,0,0.0,0.59,0,4.6,23.400000000000002,956,51.2,57.3,-22.4,11.617,14.703,4.197,51.0,52.8,55.0,1581,0,52.7,0.23
8,0,0.0,0.58,0,5.6000000000000005,24.8,991,51.2,60.8,-22.38,11.609,14.703,4.197,51.0,52.8,55.0,1581,0,52.7,0.23
9,0,0.0,0.58,0,6.6000000000000005,25.900000000000002,994,51.3,63.7,-22.41,11.602,14.703,4.197,51.0,52.8,55.0,1581,0,52.7,0.24
10,0,0.0,0.58,0,7.3999999999999995,26.3,988,51.4,65.5,-22.41,11.602,14.699,4.197,51.0,52.8,55.0,1581,0,52.7,0.25
11,0,0.0,0.59,0,8.1,26.400000000000002,994,51.4,66.2,-22.41,11.594,14.699,4.197,51.0,52.8,55.0,1581,0,52.7,0.25
12,0,0.0,0.59,0,8.9,27.0,1024,51.5,67.7,-22.43,11.586,14.699,4.197,51.0,52.8,55.0,1581,0,52.7,0.24
13,0,0.0,0.59,0,9.6,27.800000000000004,1076,51.6,70.2,-22.42,11.586,14.699,4.197,51.0,52.8,55.0,1581,0,52.7,0.24
14,0,0.0,0.61,0,10.4,28.9,1142,51.6,72.8,-22.4,11.578,14.695,4.197,51.0,52.8,55.0,1581,0,52.7,0.24
15,0,0.0,0.59,0,11.4,30.3,1221,51.6,47.5,-22.4,11.57,14.699,4.197,51.0,52.8,55.0,1581,0,52.7,0.24
16,0,0.0,0.58,0,12.6,32.300000000000004,1316,51.7,48.2,-22.36,11.562,14.699,4.197,51.0,52.8,55.0,1581,0,52.7,0.25
17,0,0.0,0.59,0,14.000000000000002,34.699999999999996,1409,51.7,49.2,-22.36,11.547,14.695,4.197,51.0,52.8,55.0,1581,0,52.7,0.24
18,0,0.0,0.59,0,15.4,37.4,1474,51.7,50.4,-22.27,11.539,14.695,4.197,51.0,52.8,55.0,1581,0,52.7,0.25
19,0,0.0,0.6,0,16.900000000000002,40.6,1499,51.8,51.9,-22.26,11.523,14.695,4.197,51.0,52.8,55.0,1581,0,52.7,0.25
20,0,0.0,0.6,0,18.6,44.3,1488,51.8,53.2,-22.28,11.508,14.695,4.197,51.0,52.8,55.0,1581,0,52.8,0.25
21,0,0.0,0.61,0,21.0,49.2,1449,51.9,55.4,-22.32,11.492,14.695,4.197,51.0,52.8,55.0,1581,0,52.7,0.25
22,0,0.0,0.6,0,23.9,53.7,1391,52.0,57.5,-22.31,11.469,14.695,4.197,51.0,52.8,55.0,1581,0,52.7,0.25
23,0,0.0,0.61,0,24.9,53.5,1296,52.1,57.3,-22.35,11.453,14.695,4.197,51.0,52.8,55.0,1581,0,52.7,0.25
24,0,0.0,0.61,0,25.1,53.400000000000006,1196,52.2,57.4,-22.33,11.438,14.695,4.197,51.0,52.8,55.0,1581,0,52.7,0.25
25,0,0.0,0.6,0,25.1,53.400000000000006,1096,52.3,57.2,-22.31,11.414,14.695,4.197,51.0,52.8,55.0,1581,0,52.7,0.24
26,0,0.0,0.59,0,25.1,53.400000000000006,996,52.5,57.2,-22.32,11.398,14.695,4.197,51.0,52.8,55.0,1581,0,52.7,0.24
27,0,0.0,0.6,0,25.0,53.400000000000006,907,52.6,57.0,-22.32,11.383,14.695,4.197,51.0,52.8,55.0,1581,0,52.7,0.25
28,0,0.0,0.59,0,24.9,53.400000000000006,864,52.7,57.0,-22.33,11.367,14.695,4.197,51.0,52.8,55.0,1581,0,52.8,0.25
29,5,0.0,0.6,0,24.9,53.400000000000006,836,52.9,56.9,-22.34,11.352,14.695,4.197,51.0,52.8,55.0,1581,0,52.7,0.25
30,0,0.0,0.59,0,24.9,53.400000000000006,815,53.0,56.7,-22.35,11.344,14.695,4.197,51.0,52.8,55.0,1581,0,52.7,0.25
31,0,0.0,0.6,0,24.9,53.400000000000006,800,53.2,56.7,-22.32,11.328,14.695,4.197,51.0,52.8,56.0,1581,0,52.7,0.25
32,0,0.0,0.58,0,24.8,53.400000000000006,790,53.4,56.6,-22.32,11.312,14.695,4.197,51.0,52.8,56.0,1581,0,52.8,0.25
33,0,0.0,0.58,0,24.8,53.400000000000006,783,53.5,56.5,-22.35,11.297,14.695,4.197,51.0,52.9,56.0,1581,0,52.8,0.25
34,0,0.0,0.58,0,24.7,53.400000000000006,778,53.7,56.5,-22.33,11.281,14.695,4.197,51.0,52.8,56.0,1581,0,52.7,0.23
35,0,0.0,0.59,0,24.7,53.400000000000006,775,53.9,56.4,-22.33,11.266,14.695,4.197,51.0,52.9,56.0,1581,0,52.8,0.24
36,0,0.0,0.6,0,24.6,53.400000000000006,772,54.1,56.3,-22.33,11.258,14.695,4.197,51.0,52.9,56.0,1581,0,52.7,0.26
37,0,0.0,0.6,0,24.6,53.400000000000006,771,54.3,56.2,-22.35,11.25,14.695,4.197,51.0,52.9,56.0,1575,1,52.8,0.25
38,0,0.0,0.59,0,24.6,53.400000000000006,771,54.5,56.1,-22.35,11.242,14.699,4.197,51.0,52.9,56.0,1571,1,52.8,0.25
39,0,0.0,0.59,0,24.6,53.400000000000006,770,54.7,56.0,-22.33,11.234,14.695,4.197,51.0,52.9,56.0,1569,1,52.7,0.24
40,0,0.0,0.59,0,24.6,53.400000000000006,770,55.0,55.8,-22.33,11.227,14.699,4.197,51.0,52.9,56.0,1568,1,52.8,0.24
41,0,0.0,0.6,0,24.6,53.400000000000006,769,55.2,55.8,-22.3,11.219,14.699,4.197,51.0,52.9,56.0,1568,1,52.8,0.24
42,0,0.0,0.59,0,24.6,53.400000000000006,769,55.5,55.6,-22.36,11.211,14.699,4.197,51.0,52.9,56.0,1567,1,52.8,0.25
43,0,0.0,0.59,0,24.6,53.400000000000006,769,55.7,55.6,-22.36,11.211,14.699,4.197,51.0,52.9,56.0,1567,1,52.8,0.24
44,0,0.0,0.59,0,24.6,53.400000000000006,769,56.0,55.4,-22.34,11.203,14.699,4.197,51.0,52.9,56.0,1567,1,52.8,0.25
45,0,0.0,0.61,0,24.6,53.400000000000006,769,56.3,55.2,-22.36,11.195,14.699,4.197,51.0,52.9,56.0,1567,1,52.8,0.25
46,0,0.0,0.61,0,24.6,53.400000000000006,768,56.6,55.3,-22.38,11.195,14.699,4.197,51.0,52.9,56.0,1567,1,52.8,0.25
47,0,0.0,0.61,0,24.6,53.400000000000006,769,56.9,55.1,-22.34,11.195,14.699,4.197,51.0,52.9,56.0,1568,1,52.8,0.26
48,0,0.0,0.59,0,24.6,53.400000000000006,769,57.3,55.0,-22.37,11.188,14.695,4.197,51.0,52.9,56.0,1568,1,52.8,0.26
49,0,0.0,0.61,0,24.6,53.400000000000006,770,57.6,55.0,-22.34,11.188,14.695,4.197,51.0,52.9,56.0,1568,1,52.8,0.25
50,0,0.0,0.6,0,24.6,53.400000000000006,769,58.0,55.0,-22.32,11.195,14.695,4.197,51.0,52.9,56.0,1568,1,52.8,0.26
51,0,0.0,0.6,0,24.6,53.400000000000006,769,58.3,54.8,-22.34,11.195,14.691,4.197,51.0,52.9,56.0,1568,1,52.8,0.26
52,0,0.0,0.6,0,24.6,53.400000000000006,768,58.7,54.8,-22.34,11.195,14.691,4.197,51.0,52.9,56.0,1568,1,52.8,0.27
53,0,0.0,0.6,0,24.5,53.400000000000006,768,59.1,54.8,-22.36,11.203,14.695,4.197,51.0,52.9,56.0,1568,1,52.8,0.26
54,0,0.0,0.61,0,24.5,53.400000000000006,768,59.4,54.8,-22.36,11.203,14.695,4.197,51.0,52.9,56.0,1568,1,52.8,0.26
55,0,0.0,0.61,0,24.5,53.400000000000006,766,59.8,54.7,-22.32,11.203,14.695,4.197,51.0,52.9,56.0,1568,1,52.8,0.26
56,0,0.0,0.61,0,24.6,53.400000000000006,765,60.2,54.7,-22.33,11.203,14.695,4.197,51.0,52.9,56.0,1568,1,52.8,0.27
57,0,0.0,0.61,0,24.6,53.400000000000006,765,60.5,54.7,-22.33,11.203,14.695,4.197,51.0,52.9,56.0,1568,1,52.8,0.27
58,0,0.0,0.61,0,24.6,53.400000000000006,764,60.9,54.6,-22.32,11.195,14.699,4.197,51.0,52.9,56.0,1568,1,52.8,0.26
59,0,0.0,0.61,0,24.5,53.400000000000006,764,61.2,54.6,-22.35,11.195,14.699,4.197,51.0,52.9,56.0,1568,1,52.8,0.25
60,0,0.0,0.62,0,24.6,53.400000000000006,765,61.5,54.6,-22.36,11.188,14.695,4.197,51.0,52.9,56.0,1568,1,52.8,0.25
61,0,0.0,0.62,0,24.5,53.400000000000006,765,61.8,54.5,-22.33,11.188,14.695,4.197,51.0,52.9,56.0,1568,1,52.8,0.25
62,0,0.0,0.61,0,24.5,53.400000000000006,766,62.1,54.5,-22.34,11.18,14.699,4.197,51.0,52.9,56.0,1568,1,52.8,0.25
63,0,0.0,0.59,0,24.5,53.400000000000006,766,62.4,54.5,-22.38,11.188,14.699,4.197,51.0,52.9,56.0,1568,1,52.8,0.26
64,0,0.0,0.61,0,24.5,53.400000000000006,765,62.7,54.5,-22.34,11.188,14.699,4.197,51.0,52.9,56.0,1568,1,52.8,0.24
65,0,0.0,0.6,0,24.6,53.400000000000006,764,62.9,54.6,-22.36,11.188,14.695,4.197,51.0,52.9,56.0,1568,1,52.8,0.24
66,0,0.0,0.6,0,24.5,53.400000000000006,764,63.1,54.6,-22.33,11.188,14.695,4.197,51.0,52.9,56.0,1569,1,52.8,0.25
67,0,0.0,0.62,0,24.5,53.400000000000006,764,63.2,54.4,-22.32,11.18,14.695,4.197,51.0,52.9,56.0,1569,1,52.8,0.24
68,0,0.0,9.04,1,24.4,53.2,764,63.3,54.3,-22.29,11.18,14.695,4.197,51.0,52.9,56.0,1569,1,52.8,0.25
69,0,0.0,9.93,1,24.3,53.400000000000006,774,63.3,54.4,-22.35,11.18,14.695,4.197,51.0,52.9,56.0,1569,1,52.8,0.24
70,0,0.0,11.11,1,24.4,53.400000000000006,788,63.3,54.4,-22.34,11.18,14.695,4.197,51.0,53.0,56.0,1569,1,52.8,0.25
71,0,0.0,12.53,1,24.4,53.400000000000006,798,63.2,54.3,-22.36,11.172,14.695,4.197,51.0,53.1,56.0,1569,1,52.8,0.25
72,0,0.0,13.72,1,24.4,53.400000000000006,804,63.1,54.3,-22.35,11.172,14.695,4.197,52.0,53.2,56.0,1569,1,52.8,0.25
73,0,0.0,14.85,1,24.5,53.400000000000006,808,63.0,54.2,-22.35,11.172,14.695,4.197,52.0,53.5,56.0,1569,1,52.8,0.25
74,0,0.0,16.11,1,24.5,53.400000000000006,811,62.9,54.2,-22.33,11.164,14.691,4.197,52.0,53.8,56.0,1569,1,52.8,0.25
75,0,0.0,16.98,1,24.5,53.400000000000006,810,62.9,54.1,-22.33,11.172,14.691,4.197,53.0,54.2,56.0,1569,1,52.8,0.24
76,0,0.0,17.26,1,24.5,53.400000000000006,809,62.8,54.1,-22.32,11.172,14.695,4.197,53.0,54.7,56.0,1569,1,52.8,0.25
77,0,0.0,17.47,1,24.5,53.400000000000006,810,62.8,54.0,-22.33,11.18,14.695,4.197,54.0,55.1,57.0,1569,1,52.8,0.25
78,0,0.0,17.72,1,24.5,53.400000000000006,809,62.8,54.1,-22.36,11.18,14.695,4.197,54.0,55.5,57.0,1569,1,52.8,0.25
79,0,0.0,17.97,1,24.5,53.400000000000006,808,62.8,53.9,-22.32,11.18,14.695,4.197,54.0,55.9,57.0,1569,1,52.8,0.24
80,0,0.0,18.18,1,24.6,53.400000000000006,806,62.8,53.9,-22.33,11.18,14.695,4.197,54.0,56.3,57.0,1569,1,52.8,0.25
81,0,0.0,18.38,1,24.5,53.400000000000006,804,62.9,53.9,-22.36,11.188,14.699,4.197,55.0,56.7,57.0,1569,1,52.8,0.24
82,0,0.0,18.6,1,24.5,53.400000000000006,803,63.0,53.9,-22.34,11.195,14.699,4.197,55.0,57.1,57.0,1569,1,52.8,0.24
83,0,0.0,18.75,1,24.5,53.400000000000006,804,63.1,53.8,-22.31,11.203,14.699,4.197,55.0,57.4,57.0,1569,1,52.8,0.24
84,0,0.0,18.73,1,24.5,53.400000000000006,802,63.3,53.8,-22.34,11.203,14.699,4.197,56.0,57.7,57.0,1569,1,52.8,0.24
85,0,0.0,18.72,1,24.5,53.400000000000006,800,63.4,53.7,-22.36,11.195,14.699,4.197,56.0,58.0,57.0,1569,1,52.8,0.25
86,0,0.0,18.71,1,24.5,53.400000000000006,799,63.6,53.7,-22.36,11.203,14.699,4.197,56.0,58.2,57.0,1569,1,52.8,0.25
87,0,0.0,18.75,1,24.5,53.400000000000006,799,63.8,53.7,-22.36,11.203,14.695,4.197,56.0,58.4,57.0,1569,1,52.8,0.25
88,0,0.0,18.72,1,24.5,53.400000000000006,799,63.9,53.7,-22.35,11.203,14.691,4.197,56.0,58.6,57.0,1569,1,52.8,0.25
89,0,0.0,18.73,1,24.5,53.400000000000006,798,64.2,53.7,-22.38,11.211,14.691,4.197,57.0,58.8,57.0,1569,1,52.8,0.26
90,0,0.0,18.75,1,24.5,53.400000000000006,799,64.4,53.7,-22.37,11.211,14.695,4.197,57.0,59.0,57.0,1569,1,52.8,0.26
91,0,0.0,18.71,1,24.5,53.400000000000006,798,64.6,53.7,-22.34,11.219,14.695,4.197,57.0,59.2,57.0,1569,1,52.8,0.25
92,0,0.0,18.73,1,24.5,53.400000000000006,799,64.9,53.6,-22.34,11.219,14.691,4.197,57.0,59.3,57.0,1569,1,52.8,0.25
93,0,0.0,18.73,1,24.5,53.400000000000006,798,65.2,53.7,-22.38,11.219,14.691,4.197,57.0,59.4,57.0,1569,1,52.8,0.25
94,0,0.0,18.73,1,24.5,53.400000000000006,799,65.4,53.7,-22.36,11.219,14.691,4.197,58.0,59.5,57.0,1569,1,52.8,0.25
95,0,0.0,18.76,1,24.5,53.400000000000006,799,65.7,53.6,-22.36,11.219,14.695,4.197,58.0,59.7,57.0,1569,1,52.8,0.25
96,0,0.0,18.72,1,24.5,53.400000000000006,797,66.0,53.6,-22.37,11.211,14.691,4.197,58.0,59.8,57.0,1570,1,52.8,0.25
97,0,0.0,18.69,1,24.4,53.400000000000006,796,66.3,53.6,-22.38,11.203,14.695,4.197,58.0,59.9,57.0,1570,1,52.8,0.26
98,0,0.0,18.68,1,24.4,53.400000000000006,797,66.6,53.6,-22.36,11.195,14.695,4.197,58.0,60.0,57.0,1570,1,52.8,0.26
99,0,0.0,18.73,1,24.5,53.400000000000006,796,67.0,53.6,-22.36,11.188,14.695,4.197,58.0,60.0,57.0,1570,1,52.8,0.25
100,0,0.0,18.74,1,24.6,53.400000000000006,796,67.3,53.6,-22.36,11.18,14.691,4.197,58.0,60.1,57.0,1570,1,52.8,0.24
101,0,0.0,18.73,1,24.6,53.400000000000006,797,67.7,53.5,-22.37,11.18,14.691,4.197,58.0,60.2,57.0,1570,1,52.8,0.25
102,0,0.0,18.72,1,24.5,53.400000000000006,796,68.2,53.5,-22.33,11.172,14.695,4.197,58.0,60.3,57.0,1570,1,52.8,0.26
103,0,0.0,18.69,1,24.5,53.400000000000006,795,68.6,53.5,-22.37,11.156,14.699,4.197,58.0,60.4,57.0,1570,1,52.8,0.25
104,0,0.0,18.68,1,24.5,53.400000000000006,796,69.0,53.5,-22.31,11.156,14.699,4.197,58.0,60.4,57.0,1570,1,52.8,0.25
105,0,0.0,18.7,1,24.5,53.400000000000006,796,69.5,53.5,-22.35,11.156,14.695,4.197,58.0,60.5,57.0,1570,1,52.8,0.25
106,0,0.0,18.73,1,24.5,53.400000000000006,797,69.9,53.5,-22.34,11.148,14.695,4.197,59.0,60.6,57.0,1570,1,52.8,0.26
107,0,0.0,18.72,1,24.5,53.400000000000006,796,70.4,53.5,-22.32,11.148,14.695,4.197,59.0,60.6,57.0,1570,1,52.8,0.25
108,0,0.0,18.72,1,24.5,53.400000000000006,796,70.8,53.6,-22.38,11.156,14.695,4.197,59.0,60.7,57.0,1570,1,52.8,0.25
109,0,0.0,18.73,1,24.6,53.400000000000006,797,71.4,53.5,-22.37,11.156,14.695,4.197,59.0,60.8,57.0,1570,1,52.8,0.26
110,0,0.0,18.71,1,24.6,53.400000000000006,797,72.0,53.5,-22.38,11.156,14.695,4.197,59.0,60.9,57.0,1570,1,52.8,0.25
111,0,0.0,18.7,1,24.6,53.400000000000006,797,72.5,53.6,-22.37,11.164,14.695,4.197,60.0,60.9,57.0,1570,1,52.8,0.25
112,0,0.0,18.71,1,24.5,53.400000000000006,796,73.1,53.5,-22.36,11.164,14.695,4.197,60.0,61.0,57.0,1570,1,52.8,0.26
113,0,0.0,18.68,1,24.5,53.400000000000006,797,73.8,53.5,-22.39,11.172,14.695,4.197,60.0,61.0,57.0,1570,1,52.8,0.25
114,0,0.0,18.68,1,24.5,53.400000000000006,796,74.5,53.5,-22.36,11.172,14.695,4.197,60.0,61.1,57.0,1570,1,52.8,0.25
115,0,0.0,18.68,1,24.5,53.400000000000006,796,75.2,53.6,-22.34,11.18,14.695,4.197,60.0,61.1,57.0,1570,1,52.8,0.25
116,0,0.0,18.7,1,24.5,53.400000000000006,796,75.8,53.5,-22.33,11.18,14.695,4.197,60.0,61.2,57.0,1570,1,52.8,0.25
117,0,0.0,18.69,1,24.5,53.400000000000006,796,76.5,53.5,-22.39,11.188,14.691,4.197,60.0,61.2,57.0,1570,1,52.8,0.26
118,0,0.0,18.67,1,24.5,53.400000000000006,796,77.0,53.6,-22.36,11.195,14.691,4.197,60.0,61.3,57.0,1570,1,52.8,0.26
119,0,0.0,18.69,1,24.5,53.400000000000006,795,77.7,53.7,-22.34,11.203,14.691,4.197,60.0,61.3,57.0,1570,1,52.8,0.25
120,0,0.0,18.68,1,24.5,53.400000000000006,797,78.3,53.6,-22.36,11.195,14.691,4.197,60.0,61.4,57.0,1570,1,52.8,0.25
121,0,0.0,18.72,1,24.6,53.400000000000006,796,79.0,53.7,-22.39,11.195,14.695,4.197,60.0,61.4,57.0,1570,1,52.8,0.25
122,0,0.0,18.72,1,24.6,53.400000000000006,796,79.7,53.7,-22.36,11.195,14.695,4.197,60.0,61.5,57.0,1570,1,52.8,0.25
123,0,0.0,18.73,1,24.6,53.400000000000006,796,80.5,53.6,-22.36,11.195,14.699,4.197,60.0,61.5,57.0,1570,1,52.8,0.26
124,0,0.0,18.69,1,24.6,53.400000000000006,795,81.3,53.7,-22.34,11.195,14.699,4.197,60.0,61.6,58.0,1570,1,52.8,0.25
125,0,0.0,18.69,1,24.5,53.400000000000006,796,82.1,53.7,-22.35,11.188,14.695,4.197,60.0,61.6,58.0,1570,1,52.8,0.25
126,0,0.0,18.68,1,24.5,53.400000000000006,795,82.7,53.8,-22.38,11.188,14.699,4.197,60.0,61.7,58.0,1570,1,52.8,0.26
127,0,0.0,18.69,1,24.6,53.400000000000006,795,83.2,53.8,-22.38,11.195,14.699,4.197,60.0,61.7,58.0,1570,1,52.8,0.26
128,0,0.0,18.68,1,24.6,53.400000000000006,796,83.4,53.8,-22.34,11.195,14.699,4.197,60.0,61.7,58.0,1570,1,52.8,0.25
129,0,0.0,18.71,1,24.6,53.400000000000006,796,83.3,53.8,-22.36,11.195,14.703,4.197,60.0,61.8,58.0,1570,1,52.8,0.25
130,0,0.0,18.7,1,24.6,53.400000000000006,795,83.0,53.8,-22.36,11.195,14.703,4.197,60.0,61.8,58.0,1570,1,52.8,0.25
131,0,0.0,18.72,1,24.7,53.400000000000006,795,82.7,53.9,-22.39,11.195,14.703,4.197,60.0,61.9,58.0,1570,1,52.8,0.26
132,0,0.0,18.73,1,24.7,53.400000000000006,795,82.5,53.9,-22.36,11.195,14.703,4.197,60.0,61.9,58.0,1570,1,52.8,0.25
133,0,0.0,18.7,1,24.7,53.400000000000006,794,82.4,53.9,-22.38,11.195,14.703,4.197,60.0,61.9,58.0,1570,1,52.8,0.25
134,0,0.0,18.73,1,24.7,53.400000000000006,793,82.4,53.9,-22.35,11.195,14.703,4.197,60.0,62.0,58.0,1570,1,52.8,0.25
135,0,0.0,18.7,1,24.6,53.400000000000006,793,82.3,54.0,-22.33,11.195,14.703,4.197,60.0,62.0,58.0,1570,1,52.8,0.24
136,0,0.0,18.69,1,24.6,53.400000000000006,795,81.9,54.0,-22.33,11.195,14.703,4.197,60.0,62.0,58.0,1570,1,52.8,0.25
137,0,0.0,18.7,1,24.6,53.400000000000006,793,81.3,54.0,-22.34,11.195,14.703,4.197,60.0,62.1,58.0,1570,1,52.8,0.25
138,0,0.0,18.7,1,24.6,53.400000000000006,794,80.7,54.0,-22.36,11.195,14.703,4.197,60.0,62.1,58.0,1570,1,52.8,0.26
139,0,0.0,18.72,1,24.6,53.400000000000006,794,80.2,54.1,-22.38,11.203,14.703,4.197,60.0,62.2,58.0,1570,1,52.8,0.25
140,0,0.0,18.68,1,24.6,53.400000000000006,794,80.0,54.1,-22.35,11.195,14.703,4.197,60.0,62.2,58.0,1570,1,52.8,0.26
141,0,0.0,18.71,1,24.5,53.400000000000006,795,79.8,54.1,-22.34,11.195,14.703,4.197,60.0,62.2,58.0,1570,1,52.8,0.25
142,0,0.0,18.7,1,24.5,53.400000000000006,794,79.8,54.1,-22.36,11.195,14.703,4.197,60.0,62.2,58.0,1570,1,52.8,0.25
143,0,0.0,18.71,1,24.6,53.400000000000006,793,79.8,54.1,-22.37,11.195,14.703,4.197,60.0,62.3,58.0,1570,1,52.8,0.25
144,0,0.0,18.73,1,24.6,53.400000000000006,794,79.9,54.1,-22.37,11.188,14.703,4.197,60.0,62.3,58.0,1570,1,52.8,0.25
145,0,0.0,18.72,1,24.7,53.400000000000006,795,80.0,54.2,-22.36,11.188,14.703,4.197,60.0,62.3,58.0,1570,1,52.8,0.25
146,0,0.0,18.72,1,24.6,53.400000000000006,793,80.2,54.2,-22.37,11.195,14.703,4.197,60.0,62.3,58.0,1571,1,52.8,0.24
147,0,0.0,18.72,1,24.6,53.400000000000006,794,80.4,54.2,-22.37,11.195,14.703,4.197,60.0,62.4,58.0,1571,1,52.8,0.24
148,0,0.0,18.71,1,24.6,53.400000000000006,793,80.6,54.2,-22.33,11.195,14.703,4.197,60.0,62.4,58.0,1571,1,52.8,0.25
149,0,0.0,18.71,1,24.6,53.400000000000006,792,80.9,54.0,-22.36,11.195,14.703,4.197,60.0,62.4,58.0,1571,1,52.8,0.25
150,0,0.0,18.71,1,24.7,53.400000000000006,794,81.1,54.1,-22.35,11.188,14.703,4.197,60.0,62.4,58.0,1571,1,52.8,0.24
151,0,0.0,18.72,1,24.6,53.400000000000006,794,81.3,54.1,-22.36,11.18,14.703,4.197,60.0,62.4,58.0,1571,1,52.8,0.24
152,0,0.0,18.68,1,24.6,53.400000000000006,794,81.5,54.1,-22.37,11.18,14.703,4.197,60.0,62.5,58.0,1571,1,52.8,0.25
153,0,0.0,18.68,1,24.6,53.400000000000006,793,81.8,54.1,-22.39,11.172,14.703,4.197,60.0,62.5,58.0,1571,1,52.8,0.24
154,0,0.0,18.71,1,24.6,53.400000000000006,793,82.0,54.1,-22.37,11.164,14.707,4.197,60.0,62.5,58.0,1571,1,52.8,0.24
155,0,0.0,18.67,1,24.5,53.400000000000006,794,82.3,54.2,-22.35,11.164,14.707,4.197,60.0,62.5,58.0,1571,1,52.8,0.24
156,0,0.0,18.67,1,24.5,53.400000000000006,794,82.5,54.2,-22.36,11.164,14.707,4.197,60.0,62.5,58.0,1571,1,52.8,0.24
157,0,0.0,18.67,1,24.6,53.400000000000006,793,82.7,54.2,-22.37,11.156,14.703,4.197,60.0,62.6,58.0,1571,1,52.8,0.24
158,0,0.0,18.68,1,24.6,53.400000000000006,795,82.9,54.2,-22.37,11.156,14.703,4.197,60.0,62.6,58.0,1571,1,52.8,0.23
159,0,0.0,18.69,1,24.6,53.400000000000006,795,83.1,54.2,-22.39,11.148,14.703,4.197,60.0,62.6,58.0,1571,1,52.8,0.24
160,0,0.0,18.69,1,24.6,53.400000000000006,794,83.3,54.3,-22.35,11.148,14.703,4.197,60.0,62.6,58.0,1571,1,52.8,0.24
161,0,0.0,18.72,1,24.6,53.400000000000006,794,83.6,54.2,-22.35,11.141,14.703,4.197,60.0,62.6,58.0,1571,1,52.8,0.24
162,0,0.0,18.68,1,24.6,53.400000000000006,793,83.8,54.3,-22.4,11.141,14.707,4.197,60.0,62.6,58.0,1571,1,52.8,0.24
163,0,0.0,18.69,1,24.6,53.400000000000006,793,84.0,54.3,-22.38,11.133,14.707,4.197,60.0,62.6,58.0,1571,1,52.8,0.24
164,0,0.0,18.68,1,24.6,53.400000000000006,794,84.2,54.2,-22.36,11.125,14.703,4.197,60.0,62.6,58.0,1571,1,52.8,0.24
165,0,0.0,18.74,1,24.6,53.400000000000006,793,84.4,54.3,-22.38,11.117,14.703,4.197,60.0,62.6,58.0,1571,1,52.8,0.25
166,0,0.0,18.69,1,24.6,53.400000000000006,793,84.5,54.3,-22.37,11.109,14.707,4.197,60.0,62.6,58.0,1571,1,52.8,0.24
167,0,0.0,18.66,1,24.6,53.400000000000006,793,84.7,54.4,-22.38,11.102,14.703,4.197,60.0,62.6,58.0,1571,1,52.8,0.24
168,0,0.0,18.73,1,24.6,53.400000000000006,793,84.9,54.3,-22.35,11.094,14.703,4.197,60.0,62.7,58.0,1571,1,52.8,0.24
169,0,0.0,18.7,1,24.6,53.400000000000006,792,85.1,54.3,-22.33,11.086,14.703,4.197,60.0,62.7,58.0,1571,1,52.8,0.24
170,0,0.0,18.68,1,24.6,53.400000000000006,793,85.3,54.3,-22.36,11.078,14.703,4.197,60.0,62.7,58.0,1571,1,52.8,0.24
171,0,0.0,18.69,1,24.6,53.400000000000006,793,85.5,54.4,-22.34,11.078,14.703,4.197,60.0,62.7,58.0,1571,1,52.8,0.24
172,0,0.0,18.66,1,24.6,53.400000000000006,793,85.7,54.4,-22.38,11.078,14.703,4.197,60.0,62.7,58.0,1571,1,52.8,0.24
173,0,0.0,18.67,1,24.6,53.400000000000006,792,85.9,54.4,-22.38,11.07,14.703,4.197,60.0,62.7,58.0,1571,1,52.8,0.24
174,0,0.0,18.66,1,24.6,53.400000000000006,793,86.1,54.5,-22.36,11.07,14.703,4.197,60.0,62.7,58.0,1571,1,52.8,0.24
175,0,0.0,18.7,1,24.6,53.400000000000006,792,86.3,54.5,-22.38,11.078,14.703,4.197,60.0,62.7,58.0,1571,1,52.8,0.24
176,0,0.0,18.67,1,24.6,53.400000000000006,792,86.4,54.4,-22.36,11.07,14.703,4.197,60.0,62.7,58.0,1571,1,52.8,0.24
177,0,0.0,18.69,1,24.6,53.400000000000006,793,86.6,54.4,-22.35,11.078,14.703,4.197,60.0,62.7,58.0,1571,1,52.8,0.24
178,0,0.0,18.66,1,24.6,53.400000000000006,793,86.8,54.5,-22.36,11.07,14.703,4.197,60.0,62.7,58.0,1571,1,52.8,0.24
179,0,0.0,18.69,1,24.6,53.400000000000006,794,87.0,54.5,-22.36,11.078,14.703,4.197,60.0,62.7,58.0,1571,1,52.8,0.24
180,0,0.0,18.68,1,24.6,53.400000000000006,793,87.2,54.5,-22.39,11.078,14.703,4.197,60.0,62.7,58.0,1571,1,52.8,0.24
181,0,0.0,18.69,1,24.6,53.400000000000006,792,87.4,54.6,-22.38,11.078,14.703,4.197,60.0,62.8,58.0,1571,1,52.8,0.24
182,0,0.0,18.65,1,24.6,53.400000000000006,793,87.5,54.6,-22.37,11.078,14.703,4.197,60.0,62.8,58.0,1571,1,52.8,0.24
183,0,0.0,18.65,1,24.6,53.400000000000006,793,87.7,54.6,-22.38,11.086,14.703,4.197,60.0,62.8,58.0,1571,1,52.8,0.24
184,0,0.0,18.66,1,24.6,53.400000000000006,793,87.9,54.6,-22.35,11.086,14.703,4.197,60.0,62.8,59.0,1571,1,52.8,0.24
185,0,0.0,18.69,1,24.6,53.400000000000006,793,88.1,54.6,-22.38,11.086,14.703,4.197,60.0,62.8,59.0,1571,1,52.8,0.24
186,0,0.0,18.67,1,24.6,53.400000000000006,793,88.3,54.6,-22.37,11.094,14.703,4.197,61.0,62.8,59.0,1571,1,52.8,0.24
187,0,0.0,18.7,1,24.6,53.400000000000006,793,88.5,54.6,-22.39,11.102,14.703,4.197,61.0,62.8,59.0,1571,1,52.9,0.24
188,0,0.0,18.65,1,24.6,53.400000000000006,792,88.6,54.6,-22.39,11.102,14.703,4.197,60.0,62.9,59.0,1571,1,52.8,0.24
189,0,0.0,18.7,1,24.6,53.400000000000006,793,88.8,54.7,-22.39,11.102,14.703,4.197,60.0,62.9,59.0,1571,1,52.8,0.23
190,0,0.0,18.64,1,24.6,53.400000000000006,793,89.0,54.7,-22.39,11.109,14.703,4.197,61.0,62.9,59.0,1571,1,52.8,0.25
191,0,0.0,18.64,1,24.6,53.400000000000006,792,89.2,54.7,-22.36,11.109,14.703,4.197,61.0,62.9,59.0,1571,1,52.8,0.24
192,0,0.0,18.67,1,24.6,53.400000000000006,793,89.3,54.7,-22.38,11.109,14.703,4.197,61.0,62.9,59.0,1571,1,52.8,0.25
193,0,0.0,18.65,1,24.5,53.400000000000006,793,89.5,54.7,-22.36,11.117,14.703,4.197,61.0,62.9,59.0,1571,1,52.8,0.23
194,0,0.0,18.64,1,24.5,53.400000000000006,793,89.7,54.8,-22.38,11.117,14.703,4.197,60.0,62.9,59.0,1571,1,52.8,0.25
195,0,0.0,18.62,1,24.5,53.400000000000006,793,89.9,54.7,-22.38,11.125,14.703,4.197,61.0,63.0,59.0,1571,1,52.8,0.25
196,0,0.0,18.66,1,24.5,53.400000000000006,794,90.0,54.8,-22.39,11.125,14.703,4.197,61.0,63.0,59.0,1571,1,52.8,0.24
197,0,0.0,18.63,1,24.5,53.400000000000006,792,90.2,54.7,-22.39,11.133,14.703,4.197,61.0,63.0,59.0,1571,1,52.8,0.25
198,0,0.0,18.67,1,24.5,53.400000000000006,792,90.4,54.8,-22.39,11.141,14.703,4.197,61.0,63.0,59.0,1571,1,52.8,0.25
199,0,0.0,18.65,1,24.5,53.400000000000006,794,90.6,54.8,-22.38,11.148,14.703,4.197,61.0,63.0,59.0,1571,1,52.8,0.25
200,0,0.0,18.63,1,24.6,53.400000000000006,793,90.7,54.8,-22.41,11.156,14.703,4.197,61.0,63.0,59.0,1571,1,52.8,0.26
201,0,0.0,18.66,1,24.5,53.400000000000006,793,90.9,54.8,-22.39,11.156,14.703,4.197,61.0,63.0,59.0,1571,1,52.8,0.25
202,0,0.0,18.63,1,24.5,53.400000000000006,794,91.1,54.8,-22.4,11.164,14.703,4.197,61.0,63.1,59.0,1571,1,52.8,0.25
203,0,0.0,18.66,1,24.5,53.400000000000006,794,91.3,54.9,-22.39,11.172,14.703,4.197,61.0,63.1,59.0,1571,1,52.8,0.25
204,0,0.0,18.68,1,24.5,53.400000000000006,793,91.4,54.9,-22.38,11.172,14.703,4.197,61.0,63.1,59.0,1571,1,52.8,0.25
205,0,0.0,18.61,1,24.5,53.400000000000006,793,91.6,54.8,-22.39,11.172,14.703,4.197,61.0,63.1,59.0,1571,1,52.8,0.25
206,0,0.0,18.67,1,24.5,53.400000000000006,793,91.8,55.0,-22.37,11.164,14.703,4.197,61.0,63.1,59.0,1571,1,52.8,0.25
207,0,0.0,18.6,1,24.4,53.400000000000006,792,91.9,55.0,-22.4,11.148,14.699,4.197,61.0,63.1,59.0,1571,1,52.8,0.26
208,0,0.0,18.59,1,24.4,53.400000000000006,794,92.1,54.9,-22.38,11.148,14.695,4.197,61.0,63.1,59.0,1571,1,52.9,0.25
209,0,0.0,18.59,1,24.4,53.400000000000006,793,92.3,54.9,-22.38,11.141,14.691,4.197,61.0,63.1,59.0,1571,1,52.9,0.25
210,0,0.0,18.56,1,24.4,53.400000000000006,794,92.4,55.0,-22.37,11.141,14.691,4.197,61.0,63.1,59.0,1571,1,52.9,0.25
211,0,0.0,18.61,1,24.4,53.400000000000006,795,92.6,55.0,-22.38,11.133,14.695,4.197,61.0,63.1,59.0,1571,1,52.8,0.25
212,0,0.0,18.6,1,24.4,53.400000000000006,794,92.7,55.0,-22.39,11.125,14.695,4.197,61.0,63.2,59.0,1572,1,52.8,0.25
213,0,0.0,18.62,1,24.4,53.400000000000006,794,92.9,55.0,-22.39,11.125,14.695,4.197,61.0,63.2,59.0,1572,1,52.8,0.25
214,0,0.0,18.6,1,24.4,53.400000000000006,794,93.0,55.0,-22.38,11.109,14.699,4.197,61.0,63.2,59.0,1572,1,52.8,0.25
215,0,0.0,18.63,1,24.4,53.400000000000006,795,93.2,55.0,-22.4,11.102,14.695,4.197,61.0,63.2,59.0,1572,1,52.8,0.24
216,0,0.0,18.57,1,24.4,53.400000000000006,793,93.4,55.1,-22.4,11.094,14.695,4.197,61.0,63.2,59.0,1572,1,52.8,0.24
217,0,0.0,18.64,1,24.4,53.400000000000006,794,93.5,55.0,-22.41,11.094,14.695,4.197,61.0,63.2,59.0,1572,1,52.8,0.26
218,0,0.0,18.57,1,24.4,53.400000000000006,794,93.7,55.1,-22.38,11.086,14.695,4.197,61.0,63.2,59.0,1572,1,52.8,0.25
219,0,0.0,18.62,1,24.5,53.400000000000006,794,93.8,55.1,-22.38,11.086,14.695,4.197,61.0,63.2,59.0,1572,1,52.8,0.25
220,0,0.0,18.62,1,24.5,53.400000000000006,794,94.0,55.1,-22.37,11.086,14.691,4.197,61.0,63.2,59.0,1572,1,52.8,0.25
221,0,0.0,18.66,1,24.5,53.400000000000006,794,94.1,55.0,-22.38,11.086,14.688,4.197,61.0,63.2,59.0,1572,1,52.9,0.25
222,0,0.0,18.64,1,24.5,53.400000000000006,794,94.3,55.1,-22.38,11.086,14.691,4.197,61.0,63.2,59.0,1572,1,52.8,0.25
223,0,0.0,18.63,1,24.5,53.400000000000006,794,94.5,55.0,-22.38,11.086,14.691,4.197,61.0,63.2,59.0,1572,1,52.9,0.24
224,0,0.0,18.66,1,24.5,53.400000000000006,794,94.6,55.1,-22.38,11.086,14.691,4.197,61.0,63.2,59.0,1572,1,52.9,0.24
225,0,0.0,18.67,1,24.6,53.400000000000006,793,94.7,55.1,-22.36,11.078,14.695,4.197,62.0,63.2,59.0,1572,1,52.8,0.24
226,0,0.0,18.64,1,24.5,53.400000000000006,793,94.9,55.1,-22.38,11.078,14.695,4.197,62.0,63.3,59.0,1572,1,52.8,0.24
227,0,0.0,18.6,1,24.5,53.400000000000006,793,95.0,55.1,-22.38,11.078,14.695,4.197,61.0,63.3,59.0,1572,1,52.8,0.24
228,0,0.0,18.63,1,24.5,53.400000000000006,793,95.2,55.2,-22.39,11.062,14.695,4.197,61.0,63.3,59.0,1572,1,52.8,0.24
229,0,0.0,18.65,1,24.5,53.400000000000006,793,95.3,55.2,-22.38,11.062,14.699,4.197,62.0,63.3,59.0,1572,1,52.8,0.24
230,0,0.0,18.64,1,24.5,53.400000000000006,793,95.5,55.2,-22.35,11.062,14.699,4.197,62.0,63.3,59.0,1572,1,52.9,0.24
231,0,0.0,18.63,1,24.6,53.400000000000006,792,95.7,55.2,-22.38,11.062,14.699,4.197,62.0,63.3,59.0,1572,1,52.8,0.24
232,0,0.0,18.63,1,24.5,53.400000000000006,793,95.8,55.2,-22.37,11.07,14.699,4.197,61.0,63.3,59.0,1572,1,52.9,0.25
233,0,0.0,18.6,1,24.5,53.400000000000006,794,96.0,55.2,-22.38,11.062,14.699,4.197,62.0,63.3,59.0,1572,1,52.9,0.24
234,0,0.0,18.66,1,24.5,53.400000000000006,793,96.1,55.2,-22.36,11.062,14.695,4.197,62.0,63.3,59.0,1572,1,52.9,0.25
235,0,0.0,18.64,1,24.5,53.400000000000006,793,96.3,55.2,-22.4,11.062,14.695,4.197,61.0,63.3,60.0,1572,1,52.9,0.25
236,0,0.0,18.59,1,24.5,53.400000000000006,794,96.4,55.3,-22.38,11.062,14.695,4.197,62.0,63.3,60.0,1572,1,52.8,0.24
237,0,0.0,18.59,1,24.5,53.400000000000006,793,96.6,55.3,-22.38,11.062,14.695,4.197,61.0,63.3,60.0,1572,1,52.9,0.24
238,0,0.0,18.61,1,24.5,53.400000000000006,794,96.7,55.2,-22.38,11.055,14.695,4.197,62.0,63.3,60.0,1572,1,52.8,0.25
239,0,0.0,18.61,1,24.5,53.400000000000006,793,96.8,55.2,-22.38,11.055,14.695,4.197,62.0,63.3,60.0,1572,1,52.9,0.24
240,0,0.0,18.63,1,24.5,53.400000000000006,793,97.0,55.3,-22.39,11.055,14.695,4.197,62.0,63.3,60.0,1572,1,52.9,0.24
241,0,0.0,18.57,1,24.5,53.400000000000006,794,97.1,55.3,-22.4,11.055,14.699,4.197,61.0,63.3,60.0,1572,1,52.8,0.25
242,0,0.0,18.63,1,24.4,53.400000000000006,793,97.3,55.3,-22.4,11.055,14.699,4.197,62.0,63.3,60.0,1572,1,52.9,0.23
243,0,0.0,18.65,1,24.5,53.400000000000006,794,97.4,55.3,-22.38,11.055,14.703,4.197,62.0,63.4,60.0,1572,1,52.9,0.25
244,0,0.0,18.62,1,24.5,53.400000000000006,794,97.6,55.4,-22.39,11.055,14.703,4.197,62.0,63.4,60.0,1572,1,52.8,0.25
245,0,0.0,18.65,1,24.5,53.400000000000006,794,97.7,55.4,-22.38,11.055,14.703,4.197,62.0,63.4,60.0,1572,1,52.9,0.24
246,0,0.0,18.62,1,24.5,53.400000000000006,794,97.9,55.3,-22.38,11.055,14.703,4.197,62.0,63.4,60.0,1572,1,52.8,0.24
247,0,0.0,18.62,1,24.5,53.400000000000006,793,98.0,55.3,-22.38,11.047,14.703,4.197,62.0,63.4,60.0,1572,1,52.9,0.24
248,0,0.0,18.62,1,24.5,53.400000000000006,792,98.2,55.4,-22.38,11.047,14.703,4.197,62.0,63.4,60.0,1572,1,52.9,0.24
249,0,0.0,18.62,1,24.5,53.400000000000006,792,98.3,55.3,-22.37,11.047,14.699,4.197,62.0,63.4,60.0,1572,1,52.9,0.25
250,0,0.0,18.61,1,24.5,53.400000000000006,792,98.4,55.4,-22.38,11.047,14.699,4.197,62.0,63.4,60.0,1572,1,52.8,0.25
251,0,0.0,18.63,1,24.6,53.400000000000006,792,98.6,55.4,-22.38,11.047,14.703,4.197,62.0,63.4,60.0,1572,1,52.9,0.25
252,0,0.0,18.59,1,24.5,53.400000000000006,792,98.7,55.4,-22.38,11.055,14.703,4.197,62.0,63.4,60.0,1572,1,52.8,0.25
253,0,0.0,18.61,1,24.6,53.400000000000006,792,98.9,55.4,-22.36,11.047,14.703,4.197,62.0,63.4,60.0,1572,1,52.9,0.24
254,0,0.0,18.62,1,24.6,53.400000000000006,792,99.0,55.5,-22.38,11.055,14.703,4.197,62.0,63.4,60.0,1572,1,52.8,0.24
255,0,0.0,18.66,1,24.7,53.400000000000006,791,99.2,55.4,-22.38,11.062,14.703,4.197,62.0,63.5,60.0,1572,1,52.9,0.24
256,0,0.0,18.66,1,24.7,53.400000000000006,792,99.3,55.4,-22.38,11.07,14.699,4.197,62.0,63.5,60.0,1572,1,52.8,0.26
257,0,0.0,18.63,1,24.7,53.400000000000006,791,99.5,55.4,-22.39,11.086,14.703,4.197,62.0,63.5,60.0,1572,1,52.8,0.25
258,0,0.0,18.66,1,24.7,53.400000000000006,792,99.6,55.4,-22.38,11.094,14.703,4.197,62.0,63.5,60.0,1572,1,52.8,0.24
259,0,0.0,18.66,1,24.7,53.400000000000006,791,99.7,55.4,-22.38,11.102,14.703,4.197,62.0,63.5,60.0,1572,1,52.8,0.25
260,0,0.0,18.6,1,24.7,53.400000000000006,791,99.9,55.4,-22.37,11.109,14.703,4.197,62.0,63.5,60.0,1572,1,52.9,0.24
261,0,0.0,18.64,1,24.6,53.400000000000006,792,100.0,55.4,-22.38,11.109,14.703,4.197,62.0,63.6,60.0,1572,1,52.9,0.25
262,0,0.0,18.65,1,24.6,53.400000000000006,792,100.2,55.4,-22.39,11.109,14.703,4.197,62.0,63.6,60.0,1572,1,52.8,0.25
263,0,0.0,18.65,1,24.6,53.400000000000006,791,100.3,55.5,-20.07,11.109,14.703,4.197,62.0,63.6,60.0,1572,1,52.8,0.25
264,0,0.0,20.13,1,25.2,54.300000000000004,793,100.5,55.7,-17.6,11.109,14.703,4.197,62.0,63.6,60.0,1572,1,52.8,0.24
265,0,0.0,29.49,1,28.599999999999998,60.699999999999996,834,100.6,58.1,-15.11,11.117,14.703,4.197,62.0,63.6,60.0,1572,1,52.8,0.24
266,0,0.0,40.94,1,34.5,67.2,906,100.8,60.5,-13.78,11.125,14.703,4.197,62.0,63.7,60.0,1572,1,52.9,0.24
267,0,0.0,41.16,1,38.800000000000004,69.3,938,101.0,61.4,-13.0,11.133,14.703,4.197,62.0,63.9,60.0,1572,1,52.8,0.24
268,0,0.0,41.9,1,43.0,72.6,927,101.2,62.8,-10.0,11.141,14.699,4.197,62.0,64.1,60.0,1572,1,52.9,0.25
269,0,0.0,41.74,1,49.0,76.1,938,101.4,64.5,-9.17,11.156,14.699,4.197,63.0,64.4,60.0,1572,1,52.9,0.25
270,1,0.0,41.52,1,52.0,76.8,949,101.6,64.9,-9.15,11.18,14.699,4.197,63.0,64.6,60.0,1572,1,52.9,0.25
271,2,0.0,41.55,1,52.7,76.8,944,101.9,65.0,-9.31,11.188,14.699,4.197,63.0,64.9,60.0,1572,1,52.9,0.25
272,3,0.0,41.6,1,52.6,76.8,935,102.1,64.9,-9.2,11.203,14.703,4.197,63.0,65.2,60.0,1572,1,52.9,0.25
273,4,0.0,41.81,1,52.6,76.8,930,102.3,64.9,-9.16,11.211,14.699,4.197,64.0,65.5,60.0,1572,1,52.8,0.25
274,5,0.0,41.83,1,52.800000000000004,76.9,927,102.5,64.9,-9.15,11.211,14.699,4.197,64.0,65.7,60.0,1572,1,52.9,0.25
275,5,0.0,41.83,1,52.900000000000006,76.9,926,102.6,64.9,-9.27,11.219,14.703,4.197,64.0,66.0,60.0,1572,1,52.9,0.24
276,5,0.0,41.59,1,52.800000000000004,76.8,925,102.7,64.7,-9.22,11.219,14.703,4.197,64.0,66.2,60.0,1573,1,52.9,0.25
277,5,0.0,41.82,1,52.6,76.8,924,102.7,64.7,-9.19,11.211,14.703,4.197,64.0,66.5,60.0,1573,1,52.8,0.24
278,5,0.0,41.54,1,52.5,76.8,923,102.7,64.8,-9.22,11.203,14.703,4.197,65.0,66.7,60.0,1573,1,52.9,0.25
279,5,0.0,41.67,1,52.6,76.8,924,102.6,64.8,-9.19,11.203,14.703,4.197,65.0,66.9,60.0,1573,1,52.9,0.25
280,6,0.0,42.0,1,52.5,76.7,924,102.6,64.7,-9.21,11.203,14.703,4.197,65.0,67.1,60.0,1573,1,52.8,0.25
281,6,0.0,41.74,1,52.6,76.8,924,102.6,64.9,-9.21,11.203,14.703,4.197,66.0,67.3,60.0,1573,1,52.9,0.24
282,7,0.0,41.41,1,52.300000000000004,76.6,924,102.7,64.7,-9.61,11.195,14.699,4.197,66.0,67.4,60.0,1573,1,52.9,0.25
283,7,0.0,41.15,1,51.2,75.6,918,102.7,64.3,-10.36,11.195,14.699,4.197,66.0,67.6,60.0,1573,1,52.8,0.25
284,7,0.0,41.44,1,50.2,75.2,905,102.8,64.2,-10.43,11.188,14.699,4.197,66.0,67.8,60.0,1573,1,52.8,0.25
285,7,0.0,41.4,1,49.9,75.1,897,102.9,64.0,-10.55,11.18,14.699,4.197,66.0,67.9,60.0,1573,1,52.8,0.25
286,7,0.0,41.37,1,49.6,74.9,892,103.0,64.0,-10.47,11.172,14.699,4.197,66.0,68.1,60.0,1573,1,52.8,0.25
287,8,0.0,41.37,1,49.6,75.0,890,103.1,64.0,-10.5,11.156,14.699,4.197,66.0,68.2,60.0,1573,1,52.9,0.24
288,8,0.0,41.35,1,49.8,75.1,889,103.3,64.0,-10.43,11.156,14.699,4.197,66.0,68.4,60.0,1573,1,52.9,0.25
289,8,0.0,41.46,1,49.9,75.1,890,103.4,64.0,-10.39,11.148,14.699,4.197,66.0,68.5,60.0,1573,1,52.9,0.24
290,7,0.0,41.31,1,50.1,75.1,890,103.6,64.0,-10.49,11.141,14.699,4.197,67.0,68.7,60.0,1573,1,52.9,0.24
291,7,0.0,41.26,1,49.9,74.9,888,103.8,63.9,-10.49,11.141,14.699,4.197,67.0,68.8,60.0,1573,1,52.9,0.24
292,7,0.0,41.27,1,49.9,75.0,887,103.9,64.1,-10.49,11.148,14.699,4.197,67.0,68.9,60.0,1573,1,52.9,0.25
293,8,0.0,41.02,1,49.9,75.0,887,104.1,64.1,-10.52,11.156,14.695,4.197,67.0,69.0,60.0,1573,1,52.9,0.25
294,8,0.0,41.22,1,49.8,75.0,886,104.3,64.5,-10.43,11.164,14.695,4.197,67.0,69.2,60.0,1573,1,52.8,0.26
295,8,0.0,41.12,1,49.6,75.0,886,104.5,64.4,-10.5,11.188,14.699,4.197,67.0,69.3,60.0,1573,1,52.9,0.26
296,8,0.0,41.21,1,49.6,75.0,885,104.7,64.7,-10.54,11.195,14.699,4.197,67.0,69.4,60.0,1573,1,52.9,0.25
297,8,0.0,41.1,1,49.4,75.0,885,104.9,64.6,-10.46,11.211,14.699,4.197,67.0,69.5,60.0,1573,1,52.9,0.25
298,8,0.0,41.19,1,49.3,75.1,886,105.1,64.6,-10.46,11.211,14.703,4.197,67.0,69.6,60.0,1573,1,52.9,0.25
299,8,0.0,40.99,1,49.3,75.0,886,105.4,64.5,-10.4,11.211,14.703,4.197,67.0,69.8,60.0,1573,1,52.8,0.25
300,9,0.0,41.01,1,49.3,75.1,886,105.7,64.9,-10.44,11.211,14.703,4.197,67.0,69.9,60.0,1573,1,52.8,0.25
301,9,0.0,41.21,1,49.3,75.1,886,106.0,64.7,-10.42,11.203,14.703,4.197,67.0,70.0,60.0,1573,1,52.9,0.24
302,9,0.0,41.06,1,49.3,75.1,887,106.3,64.8,-10.59,11.195,14.703,4.197,67.0,70.0,60.0,1573,1,52.9,0.24
303,10,0.0,40.96,1,49.1,75.0,886,106.6,64.7,-10.45,11.18,14.703,4.197,67.0,70.2,61.0,1573,1,52.8,0.25
304,10,0.0,40.97,1,49.2,75.1,886,106.9,64.6,-10.46,11.172,14.703,4.197,67.0,70.2,61.0,1573,1,52.8,0.24
305,10,0.0,41.06,1,49.3,75.0,886,107.2,64.6,-10.47,11.164,14.703,4.197,67.0,70.3,61.0,1573,1,52.9,0.24
306,11,0.0,40.84,1,49.2,75.0,886,107.5,64.8,-10.5,11.148,14.703,4.197,67.0,70.4,61.0,1573,1,52.8,0.24
307,11,0.0,40.98,1,49.2,75.0,885,107.8,64.9,-10.47,11.148,14.703,4.197,67.0,70.5,61.0,1573,1,52.9,0.25
308,12,0.0,41.01,1,49.4,75.1,885,108.1,64.8,-10.46,11.141,14.703,4.197,67.0,70.5,61.0,1573,1,52.8,0.25
309,12,0.0,40.99,1,49.5,75.1,885,108.4,65.0,-10.43,11.133,14.703,4.197,68.0,70.6,61.0,1573,1,52.8,0.24
310,13,0.0,40.84,1,49.4,75.0,885,108.6,65.1,-10.52,11.133,14.703,4.197,67.0,70.7,61.0,1573,1,52.9,0.25
311,13,0.0,40.98,1,49.2,75.0,884,108.9,65.0,-10.48,11.125,14.703,4.197,67.0,70.8,61.0,1573,1,52.9,0.25
312,13,0.0,41.13,1,49.3,75.0,883,109.1,65.1,-10.49,11.117,14.703,4.197,68.0,70.8,61.0,1573,1,52.8,0.25
313,14,0.0,40.9,1,49.4,75.1,884,109.4,65.1,-10.45,11.117,14.703,4.197,68.0,70.9,61.0,1573,1,52.9,0.25
314,15,0.0,41.04,1,49.4,75.1,884,109.7,65.1,-10.38,11.117,14.703,4.197,68.0,71.0,61.0,1573,1,52.9,0.25
315,15,0.0,40.92,1,49.5,75.1,884,110.0,65.2,-10.53,11.125,14.703,4.197,68.0,71.0,61.0,1573,1,52.9,0.26
316,15,0.0,40.14,1,47.699999999999996,73.2,880,110.3,64.5,-12.43,11.125,14.703,4.197,68.0,71.1,61.0,1573,1,52.8,0.24
317,16,0.0,39.79,1,44.7,71.3,857,110.6,63.6,-13.44,11.125,14.703,4.197,69.0,71.2,61.0,1573,1,52.9,0.24
318,16,0.0,40.33,1,42.1,69.6,834,110.9,62.9,-13.66,11.117,14.703,4.197,68.0,71.2,61.0,1573,1,52.9,0.23
319,16,0.0,40.33,1,41.0,69.39999999999999,820,111.2,62.8,-13.73,11.102,14.703,4.197,69.0,71.3,61.0,1573,1,52.9,0.24
320,15,0.0,40.37,1,40.6,69.3,816,111.5,62.6,-13.77,11.094,14.703,4.197,69.0,71.3,61.0,1573,1,52.9,0.25
321,15,0.0,40.4,1,40.400000000000006,69.3,814,111.8,62.8,-13.72,11.086,14.703,4.197,69.0,71.4,61.0,1573,1,52.9,0.25
322,14,0.0,40.34,1,40.400000000000006,69.3,814,112.1,62.9,-13.72,11.078,14.703,4.197,69.0,71.4,61.0,1573,1,52.9,0.25
323,14,0.0,40.4,1,40.400000000000006,69.3,814,112.3,62.9,-13.74,11.07,14.703,4.197,69.0,71.5,61.0,1573,1,52.9,0.24
324,13,0.0,40.57,1,40.400000000000006,69.3,813,112.6,63.1,-13.75,11.07,14.703,4.197,69.0,71.5,61.0,1573,1,52.8,0.24
325,13,0.0,40.43,1,40.5,69.3,813,112.8,63.2,-13.68,11.062,14.703,4.197,69.0,71.6,61.0,1573,1,52.8,0.24
326,12,0.0,40.4,1,40.5,69.3,813,113.1,63.1,-13.72,11.062,14.703,4.197,69.0,71.6,61.0,1573,1,52.9,0.25
327,12,0.0,40.26,1,40.5,69.3,811,113.5,62.9,-13.69,11.062,14.703,4.197,69.0,71.6,61.0,1573,1,52.8,0.25
328,11,0.0,40.34,1,40.5,69.3,810,113.9,63.0,-13.75,11.062,14.703,4.197,69.0,71.7,61.0,1573,1,52.8,0.25
329,11,0.0,40.37,1,40.5,69.3,809,114.4,63.1,-13.71,11.062,14.699,4.197,69.0,71.7,61.0,1573,1,52.8,0.23
330,11,0.0,40.39,1,40.5,69.19999999999999,808,114.8,63.1,-13.79,11.062,14.699,4.197,69.0,71.8,61.0,1573,1,52.8,0.24
331,11,0.0,40.42,1,40.300000000000004,69.19999999999999,807,115.1,63.1,-13.78,11.07,14.699,4.197,69.0,71.8,61.0,1573,1,52.9,0.25
332,11,0.0,40.4,1,40.400000000000006,69.19999999999999,806,115.4,63.0,-13.76,11.078,14.699,4.197,69.0,71.8,61.0,1573,1,52.8,0.25
333,11,0.0,40.49,1,40.5,69.19999999999999,807,115.7,63.2,-13.77,11.078,14.699,4.197,69.0,71.8,61.0,1573,1,52.9,0.25
334,11,0.0,40.39,1,40.5,69.3,807,116.0,63.3,-13.7,11.078,14.699,4.197,69.0,71.9,61.0,1573,1,52.8,0.24
335,11,0.0,40.42,1,40.6,69.3,807,116.3,63.3,-13.77,11.078,14.699,4.197,69.0,71.9,61.0,1573,1,52.9,0.25
336,11,0.0,40.21,1,40.6,69.19999999999999,806,116.6,63.2,-13.75,11.086,14.699,4.197,69.0,71.9,61.0,1573,1,52.8,0.25
337,11,0.0,40.35,1,40.6,69.3,805,117.0,63.3,-13.72,11.094,14.699,4.197,69.0,71.9,61.0,1573,1,52.9,0.24
338,11,0.0,40.35,1,40.6,69.3,806,117.2,63.1,-13.78,11.094,14.699,4.197,69.0,71.9,61.0,1574,1,52.8,0.25
339,11,0.0,40.46,1,40.6,69.19999999999999,805,117.5,63.1,-13.68,11.094,14.699,4.197,69.0,71.9,61.0,1574,1,52.8,0.24
340,11,0.0,40.29,1,40.699999999999996,69.39999999999999,805,117.7,63.2,-13.72,11.102,14.699,4.197,69.0,71.9,61.0,1574,1,52.8,0.25
341,10,0.0,40.28,1,40.6,69.3,805,117.9,63.3,-13.75,11.102,14.699,4.197,69.0,71.9,61.0,1574,1,52.8,0.25
342,10,0.0,40.34,1,40.6,69.3,804,118.2,63.3,-13.73,11.109,14.699,4.197,69.0,71.9,61.0,1574,1,52.8,0.24
343,10,0.0,40.44,1,40.6,69.3,804,118.4,63.3,-13.71,11.109,14.699,4.197,69.0,71.9,61.0,1574,1,52.8,0.25
344,10,0.0,40.29,1,40.6,69.3,804,118.6,63.4,-13.71,11.117,14.699,4.197,69.0,71.9,61.0,1574,1,52.8,0.26
345,10,0.0,40.16,1,40.699999999999996,69.3,804,118.9,63.3,-13.72,11.117,14.699,4.197,69.0,72.0,61.0,1574,1,52.8,0.24
346,9,0.0,40.25,1,40.8,69.3,804,119.2,63.4,-13.72,11.109,14.699,4.197,69.0,72.0,61.0,1574,1,52.8,0.25
347,9,0.0,40.28,1,40.8,69.3,803,119.4,63.3,-13.73,11.109,14.695,4.197,69.0,72.0,61.0,1574,1,52.8,0.25
348,9,0.0,40.3,1,40.699999999999996,69.3,803,119.6,63.2,-13.71,11.109,14.695,4.197,69.0,72.0,61.0,1574,1,52.9,0.25
349,9,0.0,40.3,1,40.6,69.19999999999999,803,119.8,63.4,-13.73,11.102,14.695,4.197,69.0,72.0,61.0,1574,1,52.8,0.24
350,9,0.0,40.33,1,40.6,69.3,803,120.0,63.3,-13.71,11.102,14.695,4.197,69.0,72.0,61.0,1574,1,52.8,0.24
351,9,0.0,40.16,1,40.5,69.3,803,120.2,63.3,-13.79,11.102,14.695,4.197,69.0,72.0,61.0,1574,1,52.8,0.24
352,8,0.0,40.29,1,40.5,69.3,802,120.4,63.2,-13.75,11.102,14.695,4.197,69.0,72.0,61.0,1574,1,52.8,0.24
353,7,0.0,40.26,1,40.699999999999996,69.3,803,120.7,63.4,-13.64,11.094,14.695,4.197,69.0,71.9,61.0,1574,1,52.8,0.25
354,6,0.0,40.31,1,40.9,69.39999999999999,804,120.9,63.4,-13.6,11.086,14.695,4.197,69.0,72.0,61.0,1574,1,52.9,0.25
355,6,0.0,42.38,1,44.800000000000004,74.1,813,121.1,64.6,-6.62,11.078,14.695,4.197,69.0,72.0,61.0,1574,1,52.8,0.25
356,7,0.0,42.94,1,56.2,80.0,892,121.2,68.0,-5.23,11.102,14.695,4.197,69.0,72.0,61.0,1574,1,52.8,0.25
357,8,0.0,42.21,1,63.800000000000004,82.1,953,121.4,69.5,-4.91,11.133,14.691,4.197,69.0,72.0,61.0,1574,1,52.8,0.25
358,9,0.0,42.16,1,65.5,82.1,982,121.6,69.9,-4.92,11.156,14.691,4.197,69.0,72.0,61.0,1574,1,52.8,0.26
359,10,0.0,42.21,1,65.7,82.1,992,121.9,70.0,-5.39,11.18,14.691,4.197,69.0,72.0,61.0,1574,1,52.8,0.25
360,11,0.0,42.27,1,65.60000000000001,82.1,995,122.2,70.1,-5.25,11.188,14.695,4.197,69.0,72.0,61.0,1574,1,52.8,0.25
361,12,0.0,42.27,1,65.3,82.0,997,122.3,70.0,-5.38,11.195,14.695,4.197,69.0,72.1,61.0,1574,1,52.8,0.26
362,13,0.0,42.3,1,65.10000000000001,81.89999999999999,998,122.5,70.0,-5.24,11.203,14.695,4.197,69.0,72.1,61.0,1574,1,52.8,0.26
363,13,0.0,42.2,1,65.4,82.1,999,122.4,69.9,-5.22,11.203,14.695,4.197,69.0,72.1,61.0,1574,1,52.9,0.27
364,14,0.0,42.18,1,65.60000000000001,82.0,1002,122.2,70.0,-5.29,11.195,14.695,4.197,69.0,72.2,61.0,1574,1,52.8,0.26
365,14,0.0,42.13,1,65.7,82.1,1003,122.0,70.0,-5.26,11.195,14.695,4.197,69.0,72.2,61.0,1574,1,52.8,0.28
366,14,0.0,42.02,1,65.5,82.0,1005,121.8,70.0,-5.26,11.195,14.695,4.197,69.0,72.3,61.0,1574,1,52.8,0.26
367,15,0.0,42.1,1,65.4,82.0,1006,121.6,70.0,-5.32,11.188,14.695,4.197,69.0,72.4,61.0,1574,1,52.8,0.25
368,15,0.0,42.13,1,65.5,82.1,1007,121.6,70.0,-5.23,11.188,14.695,4.197,69.0,72.4,61.0,1574,1,52.8,0.25
369,16,0.0,41.94,1,65.4,82.0,1008,121.6,70.0,-5.18,11.188,14.699,4.197,69.0,72.5,61.0,1574,1,52.8,0.25
370,16,0.0,44.97,1,68.2,84.1,1011,121.7,70.3,37.89,11.188,14.699,4.197,70.0,72.6,61.0,1574,1,52.8,0.25
371,18,0.0,46.91,1,86.5,93.10000000000001,1078,121.7,75.1,37.88,11.188,14.699,4.197,70.0,72.7,61.0,1574,1,52.8,0.26
372,22,0.0,44.94,1,95.89999999999999,94.0,1177,121.6,80.2,38.0,11.188,14.699,4.197,70.0,72.8,61.0,1574,1,52.8,0.27
373,27,0.0,45.12,1,96.6,94.19999999999999,1277,121.5,81.6,38.05,11.188,14.699,4.197,70.0,72.9,61.0,1574,1,52.8,0.26
374,32,0.0,44.55,1,96.6,94.19999999999999,1354,121.3,81.9,37.77,11.188,14.699,4.197,70.0,73.1,61.0,1574,1,52.8,0.26
375,37,0.0,44.39,1,96.6,94.1,1373,121.0,81.5,37.88,11.188,14.699,4.197,71.0,73.2,61.0,1574,1,52.8,0.26
376,42,0.0,44.26,1,96.6,94.19999999999999,1381,120.9,81.2,37.87,11.188,14.699,4.197,71.0,73.3,61.0,1574,1,52.8,0.26
377,47,0.0,43.88,1,96.6,94.19999999999999,1387,121.1,81.5,37.86,11.188,14.699,4.197,71.0,73.4,61.0,1574,1,52.8,0.26
378,52,0.0,43.81,1,96.6,94.1,1391,121.5,81.1,37.89,11.188,14.699,4.197,71.0,73.6,61.0,1574,1,52.8,0.26
379,56,0.0,44.42,1,96.6,94.19999999999999,1395,121.5,81.0,37.88,11.188,14.699,4.197,71.0,73.7,61.0,1574,1,52.8,0.25
380,61,0.0,44.16,1,96.6,94.19999999999999,1398,121.3,80.6,37.9,11.188,14.699,4.197,71.0,73.9,61.0,1574,1,52.8,0.27
381,65,0.0,44.56,1,96.6,94.19999999999999,1400,121.0,81.1,37.88,11.188,14.699,4.197,71.0,74.1,61.0,1574,1,52.8,0.26
382,70,0.0,43.87,1,96.6,94.19999999999999,1401,120.7,81.3,37.93,11.188,14.699,4.197,72.0,74.3,61.0,1574,1,52.8,0.26
383,74,0.0,43.87,1,96.6,94.1,1401,120.7,80.8,37.92,11.188,14.699,4.197,72.0,74.5,61.0,1574,1,52.8,0.26
384,78,0.0,44.17,1,96.6,94.1,1401,120.8,81.0,37.9,11.188,14.699,4.197,72.0,74.7,61.0,1574,1,52.8,0.27
385,82,0.0,43.52,1,96.5,94.1,1401,120.9,80.9,37.85,11.188,14.699,4.197,72.0,74.9,61.0,1574,1,52.8,0.27
386,86,0.0,43.89,1,96.6,94.19999999999999,1401,120.8,80.7,37.84,11.188,14.699,4.197,72.0,75.1,61.0,1574,1,52.8,0.27
387,90,0.0,44.03,1,96.6,94.19999999999999,1401,120.1,80.6,37.86,11.188,14.699,4.197,72.0,75.4,61.0,1574,1,52.8,0.26
388,93,0.0,43.58,1,96.6,94.19999999999999,1401,118.9,80.8,37.88,11.188,14.699,4.197,73.0,75.7,61.0,1574,1,52.8,0.26
389,96,0.0,43.81,1,96.6,94.19999999999999,1402,117.4,80.8,37.84,11.188,14.699,4.197,73.0,75.9,61.0,1574,1,52.8,0.25
390,98,0.0,44.13,1,96.6,94.19999999999999,1401,116.6,80.7,37.83,11.188,14.699,4.197,73.0,76.1,61.0,1574,1,52.8,0.26
391,99,0.0,43.74,1,96.5,94.19999999999999,1401,116.4,80.9,37.89,11.188,14.699,4.197,74.0,76.4,61.0,1574,1,52.8,0.26
392,100,0.0,43.53,1,96.6,94.19999999999999,1402,116.2,80.8,37.8,11.188,14.699,4.197,74.0,76.6,61.0,1574,1,52.8,0.26
393,101,0.0,43.54,1,96.6,94.19999999999999,1402,116.3,80.9,37.85,11.188,14.699,4.197,74.0,76.8,61.0,1574,1,52.8,0.25
394,101,0.0,43.74,1,96.6,94.19999999999999,1402,117.4,80.9,37.88,11.188,14.699,4.197,74.0,76.9,61.0,1574,1,52.8,0.26
395,102,0.0,43.55,1,96.6,94.19999999999999,1402,118.8,80.8,37.86,11.188,14.699,4.197,74.0,77.1,61.0,1574,1,52.8,0.24
396,103,0.0,43.8,1,96.6,94.19999999999999,1401,119.7,80.7,37.89,11.188,14.699,4.197,75.0,77.3,61.0,1574,1,52.8,0.25
397,103,0.0,44.02,1,96.6,94.19999999999999,1400,119.7,80.8,37.92,11.188,14.699,4.197,76.0,77.4,62.0,1574,1,52.8,0.25
398,105,0.0,43.52,1,96.6,94.19999999999999,1400,119.2,80.6,37.89,11.188,14.699,4.197,76.0,77.6,62.0,1574,1,52.8,0.25
399,106,0.0,43.43,1,96.6,94.19999999999999,1399,118.8,80.8,37.91,11.188,14.699,4.197,76.0,77.8,62.0,1574,1,52.8,0.26
400,107,0.0,43.73,1,96.6,94.19999999999999,1398,118.8,81.1,37.88,11.188,14.699,4.197,76.0,77.9,61.0,1574,1,52.8,0.25
401,108,0.0,43.14,1,96.6,94.19999999999999,1398,119.2,81.0,37.89,11.188,14.699,4.197,76.0,78.1,62.0,1574,1,52.8,0.25
402,109,0.0,43.4,1,96.6,94.3,1397,119.5,80.9,37.94,11.188,14.699,4.197,76.0,78.2,62.0,1574,1,52.8,0.25
403,111,0.0,43.46,1,96.6,94.3,1397,120.2,81.0,37.91,11.188,14.699,4.197,76.0,78.3,62.0,1574,1,52.8,0.24
404,113,0.025,43.53,1,96.6,94.3,1396,120.8,81.3,37.86,11.188,14.699,4.197,76.0,78.3,62.0,1574,1,52.8,0.25
405,114,0.025,43.13,1,96.6,94.3,1396,121.6,81.0,37.87,11.188,14.699,4.197,76.0,78.3,62.0,1575,1,52.8,0.24
406,116,0.05,43.51,1,96.6,94.3,1395,122.2,81.0,37.91,11.188,14.699,4.197,76.0,78.4,62.0,1575,1,52.8,0.25
407,117,0.075,43.15,1,96.6,94.3,1395,122.7,80.8,37.87,11.367,14.746,4.197,76.0,78.4,62.0,1575,1,52.8,0.25
408,118,0.075,42.93,1,96.5,94.19999999999999,1394,123.2,80.9,37.82,11.523,14.777,4.197,76.0,78.3,62.0,1575,1,52.8,0.25
409,119,0.1,42.93,1,96.5,94.19999999999999,1393,123.7,80.8,37.86,11.648,14.793,4.197,76.0,78.3,62.0,1575,1,52.8,0.25
410,120,0.1,43.97,1,96.39999999999999,94.19999999999999,1393,124.2,80.7,37.93,11.75,14.805,4.197,76.0,78.2,62.0,1575,1,52.8,0.24
411,121,0.125,42.93,1,96.5,94.19999999999999,1393,124.6,80.8,37.85,11.836,14.809,4.197,76.0,78.1,62.0,1575,1,52.8,0.23
412,122,0.15,42.75,1,96.5,94.3,1392,124.9,80.9,37.85,11.891,14.809,4.197,76.0,78.0,62.0,1575,1,52.8,0.23
413,123,0.15,43.41,1,96.5,94.3,1392,125.5,81.0,37.87,11.938,14.809,4.197,76.0,77.9,62.0,1575,1,52.8,0.23
414,124,0.175,43.07,1,96.5,94.3,1392,126.2,81.0,37.88,11.969,14.805,4.197,76.0,77.7,62.0,1575,1,52.8,0.24
415,126,0.175,43.07,1,96.5,94.3,1391,127.0,81.3,37.85,11.992,14.801,4.197,76.0,77.6,62.0,1575,1,52.8,0.25
416,127,0.175,43.28,1,96.5,94.3,1392,127.9,81.2,37.96,12.016,14.801,4.197,76.0,77.5,62.0,1575,1,52.8,0.25
417,129,0.2,43.14,1,96.5,94.3,1391,128.4,81.1,37.86,12.023,14.805,4.197,76.0,77.3,62.0,1575,1,52.8,0.24
418,131,0.2,43.09,1,96.5,94.3,1391,129.0,81.1,37.91,12.039,14.813,4.197,76.0,77.2,62.0,1575,1,52.8,0.24
419,132,0.225,43.03,1,96.5,94.3,1390,129.5,81.5,37.9,12.055,14.82,4.197,75.0,77.0,62.0,1575,1,52.8,0.24
420,133,0.225,43.4,1,96.5,94.3,1391,130.1,81.3,37.86,12.078,14.828,4.197,74.0,76.9,62.0,1575,1,52.8,0.24
421,133,0.25,42.76,1,96.39999999999999,94.3,1390,130.7,81.1,37.87,12.102,14.828,4.197,74.0,76.7,62.0,1575,1,52.8,0.24
422,133,0.25,42.79,1,96.5,94.3,1390,131.5,81.2,37.81,12.125,14.828,4.197,74.0,76.6,62.0,1575,1,52.8,0.24
423,133,0.275,43.19,1,96.5,94.3,1390,132.3,81.2,37.81,12.148,14.82,4.197,74.0,76.4,62.0,1575,1,52.8,0.24
424,134,0.3,42.72,1,96.5,94.3,1390,133.0,81.2,37.89,12.156,14.809,4.197,74.0,76.3,62.0,1575,1,52.8,0.24
425,134,0.325,42.88,1,96.5,94.39999999999999,1390,133.5,81.4,37.89,12.156,14.797,4.197,73.0,76.1,62.0,1575,1,52.8,0.23
426,134,0.35,42.88,1,96.6,94.39999999999999,1390,133.9,81.6,37.87,12.141,14.785,4.197,73.0,76.0,62.0,1575,1,52.8,0.24
427,135,0.35,42.74,1,96.6,94.39999999999999,1390,134.4,81.0,37.87,12.117,14.773,4.197,73.0,75.8,62.0,1575,1,52.8,0.23
428,136,0.375,43.24,1,96.6,94.39999999999999,1390,135.0,81.3,37.84,12.086,14.762,4.197,73.0,75.7,62.0,1575,1,52.8,0.23
429,136,0.4,42.85,1,96.6,94.39999999999999,1390,135.8,81.5,37.92,12.062,14.75,4.197,73.0,75.5,62.0,1575,1,52.7,0.23
430,137,0.425,43.18,1,96.6,94.39999999999999,1390,136.2,81.5,37.9,12.031,14.738,4.197,73.0,75.3,62.0,1575,1,52.8,0.22
431,138,0.425,43.25,1,96.6,94.39999999999999,1391,136.8,81.5,37.83,12.0,14.723,4.197,72.0,75.2,62.0,1575,1,52.8,0.23
432,139,0.45,42.89,1,96.7,94.39999999999999,1391,137.2,81.5,37.86,11.969,14.711,4.197,72.0,75.0,62.0,1575,1,52.8,0.23
433,140,0.475,43.17,1,96.7,94.39999999999999,1390,137.8,81.6,37.89,11.938,14.703,4.197,72.0,74.9,62.0,1575,1,52.8,0.24
434,141,0.475,43.06,1,96.7,94.39999999999999,1390,138.4,81.6,37.92,11.891,14.695,4.197,72.0,74.7,62.0,1575,1,52.8,0.23
435,143,0.5,42.65,1,96.7,94.39999999999999,1389,139.0,81.6,37.95,11.836,14.684,4.197,72.0,74.6,62.0,1575,1,52.8,0.24
436,144,0.525,42.79,1,96.7,94.39999999999999,1390,139.3,81.7,37.85,11.789,14.672,4.197,72.0,74.4,62.0,1575,1,52.8,0.24
437,146,0.525,43.13,1,96.7,94.39999999999999,1389,139.9,81.5,37.85,11.734,14.664,4.197,71.0,74.3,62.0,1575,1,52.7,0.24
438,147,0.55,42.98,1,96.8,94.39999999999999,1390,140.7,81.5,37.87,11.688,14.656,4.197,72.0,74.2,62.0,1575,1,52.7,0.23
439,148,0.575,42.81,1,96.7,94.39999999999999,1390,141.0,81.5,37.87,11.641,14.648,4.197,71.0,74.0,62.0,1575,1,52.7,0.24
440,150,0.6,43.09,1,96.8,94.39999999999999,1390,141.2,81.5,37.83,11.609,14.645,4.197,71.0,73.9,62.0,1575,1,52.7,0.24
441,151,0.6,43.04,1,96.8,94.5,1390,141.6,81.4,37.84,11.57,14.637,4.197,71.0,73.8,62.0,1575,1,52.7,0.23
442,151,0.625,43.13,1,96.8,94.5,1389,141.9,81.5,37.89,11.539,14.625,4.197,71.0,73.7,62.0,1575,1,52.7,0.23
443,152,0.65,42.88,1,96.8,94.5,1390,142.5,81.4,37.89,11.508,14.613,4.197,71.0,73.5,62.0,1575,1,52.7,0.23
444,152,0.675,43.2,1,96.8,94.39999999999999,1389,143.0,81.4,37.87,11.477,14.598,4.197,71.0,73.4,62.0,1575,1,52.7,0.23
445,152,0.675,43.18,1,96.89999999999999,94.5,1389,143.6,81.4,37.84,11.438,14.578,4.197,71.0,73.3,62.0,1575,1,52.7,0.23
446,152,0.725,42.86,1,97.0,94.5,1389,144.1,81.5,37.89,11.391,14.555,4.197,71.0,73.2,62.0,1575,1,52.7,0.22
447,152,0.725,42.75,1,96.89999999999999,94.5,1390,144.5,81.1,37.89,11.336,14.531,4.197,71.0,73.1,62.0,1575,1,52.7,0.21
448,152,0.75,43.32,1,97.0,94.5,1390,144.9,81.5,37.86,11.273,14.504,4.197,71.0,73.0,62.0,1575,1,52.7,0.23
449,152,0.8,43.13,1,97.1,94.5,1391,145.2,81.5,37.91,11.195,14.473,4.197,71.0,72.9,62.0,1575,1,52.7,0.22
450,152,0.825,42.84,1,97.1,94.5,1391,145.7,81.5,37.95,11.117,14.449,4.197,71.0,72.8,62.0,1575,1,52.7,0.23
451,152,0.825,42.82,1,97.2,94.6,1391,146.1,81.6,37.94,11.031,14.418,4.197,70.0,72.7,62.0,1575,1,52.7,0.23
452,153,0.875,42.92,1,97.2,94.6,1392,146.5,81.4,37.9,10.93,14.391,4.197,70.0,72.6,62.0,1575,1,52.7,0.24
453,154,0.9,43.19,1,97.3,94.6,1393,146.7,81.5,37.87,10.828,14.367,4.197,70.0,72.5,62.0,1575,1,52.7,0.23
454,155,0.9,42.69,1,97.3,94.6,1393,147.1,81.5,37.87,10.727,14.344,4.197,70.0,72.5,62.0,1575,1,52.7,0.23
455,156,0.925,42.94,1,97.3,94.6,1393,147.5,81.7,37.96,10.625,14.324,4.197,70.0,72.4,62.0,1575,1,52.7,0.24
456,158,0.95,42.56,1,97.39999999999999,94.6,1393,147.9,81.6,37.91,10.516,14.309,4.197,70.0,72.3,62.0,1575,1,52.7,0.24
457,159,0.975,42.62,1,97.39999999999999,94.6,1393,148.2,81.9,37.9,10.406,14.293,4.197,70.0,72.2,62.0,1575,1,52.7,0.24
458,161,0.975,42.7,1,97.39999999999999,94.6,1393,148.6,81.8,37.9,10.297,14.281,4.197,69.0,72.2,62.0,1575,1,52.7,0.24
459,162,1.0,42.62,1,97.39999999999999,94.6,1392,148.8,82.1,37.88,10.195,14.273,4.197,69.0,72.1,62.0,1575,1,52.7,0.23
460,164,1.025,42.44,1,97.39999999999999,94.6,1392,149.2,81.7,37.8,10.102,14.266,4.197,69.0,72.0,62.0,1575,1,52.7,0.23
461,165,1.025,42.42,1,97.39999999999999,94.6,1392,149.4,81.6,37.9,10.016,14.258,4.197,69.0,72.0,62.0,1575,1,52.7,0.23
462,167,1.05,42.58,1,97.39999999999999,94.6,1392,149.4,81.7,37.88,9.938,14.246,4.197,69.0,71.9,62.0,1575,1,52.7,0.22
463,168,1.075,42.79,1,97.39999999999999,94.6,1392,149.7,81.5,37.85,9.867,14.238,4.197,69.0,71.8,62.0,1575,1,52.7,0.23
464,170,1.075,42.74,1,97.39999999999999,94.6,1392,150.0,81.6,37.83,9.797,14.227,4.197,69.0,71.7,62.0,1575,1,52.7,0.23
465,171,1.1,43.07,1,97.39999999999999,94.6,1392,150.4,81.4,37.93,9.734,14.215,4.197,69.0,71.6,62.0,1576,1,52.7,0.23
466,171,1.125,43.04,1,97.5,94.6,1392,150.7,81.6,37.89,9.672,14.199,4.197,69.0,71.5,62.0,1576,1,52.7,0.23
467,172,1.15,42.23,1,97.5,94.6,1392,151.0,81.4,37.81,9.609,14.18,4.197,69.0,71.5,62.0,1576,1,52.7,0.24
468,173,1.15,42.81,1,97.5,94.69999999999999,1393,151.3,81.6,37.85,9.539,14.16,4.197,69.0,71.4,62.0,1576,1,52.7,0.23
469,173,1.175,42.91,1,97.6,94.6,1393,151.6,81.4,37.88,9.477,14.137,4.197,69.0,71.3,62.0,1576,1,52.7,0.24
470,174,1.2,42.77,1,97.6,94.69999999999999,1393,152.0,81.2,37.83,9.406,14.109,4.197,68.0,71.2,62.0,1576,1,52.6,0.24
471,174,1.225,42.46,1,97.6,94.69999999999999,1393,152.3,81.1,37.81,9.32,14.09,4.197,68.0,71.1,62.0,1576,1,52.6,0.22
472,174,1.25,42.62,1,97.7,94.69999999999999,1394,152.6,81.3,37.89,9.234,14.07,4.197,68.0,71.0,62.0,1576,1,52.6,0.23
473,175,1.3,43.01,1,97.7,94.69999999999999,1394,152.9,81.5,37.86,9.156,14.051,4.197,67.0,70.9,62.0,1576,1,52.6,0.23
474,176,1.3,42.8,1,97.8,94.69999999999999,1393,153.1,81.7,37.87,9.047,14.031,4.197,67.0,70.8,62.0,1576,1,52.6,0.23
475,177,1.325,42.79,1,97.8,94.69999999999999,1393,153.4,81.3,37.85,8.945,14.012,4.197,67.0,70.7,62.0,1576,1,52.6,0.23
476,178,1.35,42.66,1,97.8,94.69999999999999,1394,153.7,81.9,37.93,8.82,13.988,4.197,67.0,70.6,62.0,1576,1,52.6,0.22
477,178,1.375,42.91,1,97.8,94.69999999999999,1395,154.0,81.8,37.89,8.719,13.969,4.197,67.0,70.5,62.0,1576,1,52.6,0.23
478,179,1.4,42.72,1,97.89999999999999,94.69999999999999,1395,154.1,81.5,37.91,8.617,13.953,4.197,67.0,70.4,62.0,1576,1,52.6,0.22
479,179,1.425,42.5,1,97.89999999999999,94.69999999999999,1395,154.3,81.8,37.93,8.508,13.934,4.197,67.0,70.3,62.0,1576,1,52.6,0.23
480,178,1.45,42.95,1,97.89999999999999,94.8,1395,154.5,81.5,37.9,8.414,13.914,4.197,67.0,70.3,62.0,1576,1,52.6,0.22
481,178,1.475,42.75,1,98.0,94.8,1395,154.7,81.6,37.87,8.312,13.891,4.197,67.0,70.1,62.0,1576,1,52.6,0.22
482,177,1.5,42.8,1,98.0,94.69999999999999,1395,154.8,81.5,37.93,8.227,13.855,4.197,67.0,70.1,62.0,1576,1,52.6,0.22
483,178,1.525,42.91,1,98.1,94.8,1396,155.1,81.6,37.88,8.125,13.828,4.197,67.0,69.9,62.0,1576,1,52.6,0.23
484,178,1.55,42.74,1,98.1,94.8,1396,155.4,81.9,37.82,8.031,13.801,4.197,67.0,69.9,62.0,1576,1,52.6,0.23
485,178,1.575,42.1,1,98.2,94.8,1396,155.8,81.4,37.85,7.906,13.773,4.197,67.0,69.8,63.0,1576,1,52.6,0.23
486,179,1.6,42.62,1,98.2,94.8,1396,155.8,81.8,32.28,7.789,13.754,4.197,67.0,69.7,63.0,1576,1,52.5,0.23
487,179,1.625,42.65,1,97.2,94.3,1394,155.9,81.5,24.89,7.641,13.734,4.197,67.0,69.6,63.0,1576,1,52.6,0.22
488,178,1.65,42.6,1,96.8,94.1,1386,156.1,81.0,22.81,7.5,13.719,4.197,67.0,69.4,63.0,1576,1,52.5,0.24
489,177,1.675,42.3,1,96.7,94.1,1379,156.3,80.7,21.46,7.398,13.695,4.197,67.0,69.4,63.0,1576,1,52.5,0.23
490,175,1.7,42.48,1,96.8,94.1,1375,156.5,80.4,21.17,7.289,13.672,4.197,67.0,69.3,63.0,1576,1,52.5,0.23
491,174,1.725,42.31,1,96.89999999999999,94.1,1374,157.0,80.4,21.41,7.195,13.641,4.197,67.0,69.2,63.0,1576,1,52.5,0.23
492,172,1.75,42.17,1,96.89999999999999,94.19999999999999,1373,157.3,80.6,21.48,7.109,13.605,4.197,66.0,69.1,63.0,1576,1,52.5,0.22
493,171,1.775,42.47,1,97.0,94.19999999999999,1373,157.6,80.6,21.55,7.016,13.574,4.197,66.0,68.9,63.0,1576,1,52.5,0.23
494,170,1.825,42.25,1,97.0,94.19999999999999,1373,157.7,80.7,21.6,6.906,13.539,4.197,66.0,68.8,63.0,1576,1,52.5,0.23
495,168,1.85,42.36,1,97.0,94.19999999999999,1374,158.1,80.6,21.56,6.797,13.504,4.197,66.0,68.7,63.0,1576,1,52.5,0.23
496,167,1.875,42.47,1,97.1,94.19999999999999,1374,158.6,80.5,20.88,6.664,13.469,4.197,66.0,68.6,63.0,1576,1,52.5,0.23
497,166,1.9,42.66,1,96.89999999999999,94.1,1373,159.0,80.4,20.32,6.523,13.43,4.197,66.0,68.5,63.0,1576,1,52.5,0.23
498,165,1.925,42.33,1,96.8,94.0,1370,159.3,80.4,20.34,6.367,13.395,4.197,66.0,68.5,63.0,1576,1,52.5,0.23
499,164,1.95,42.2,1,96.8,94.0,1368,159.3,80.3,20.28,6.211,13.359,4.197,66.0,68.3,63.0,1576,1,52.4,0.23
500,163,1.975,42.5,1,96.8,94.0,1366,159.6,80.2,20.29,6.039,13.328,4.197,66.0,68.2,63.0,1576,1,52.4,0.23
501,163,2.0,42.48,1,96.89999999999999,94.0,1367,159.7,80.0,20.3,5.883,13.293,4.197,66.0,68.2,63.0,1576,1,52.4,0.23
502,163,2.025,42.4,1,97.0,94.1,1367,159.9,80.1,20.33,5.695,13.262,4.197,66.0,68.1,63.0,1576,1,52.4,0.23
503,162,2.05,42.54,1,97.1,94.1,1367,160.1,80.4,20.33,5.539,13.238,4.197,66.0,68.0,63.0,1576,1,52.4,0.23
504,162,2.075,42.34,1,97.2,94.1,1368,160.2,80.4,20.32,5.359,13.215,4.197,66.0,67.9,63.0,1576,1,52.4,0.22
505,162,2.1,42.33,1,97.1,94.1,1369,160.3,80.4,20.3,5.227,13.195,4.197,66.0,67.8,63.0,1576,1,52.4,0.23
506,163,2.1,42.31,1,97.2,94.19999999999999,1370,160.6,80.5,20.55,5.07,13.184,4.197,66.0,67.8,63.0,1576,1,52.4,0.23
507,163,2.125,42.76,1,97.6,94.39999999999999,1372,160.7,80.7,20.94,4.953,13.16,4.197,65.0,67.7,63.0,1576,1,52.4,0.22
508,163,2.15,42.37,1,97.8,94.39999999999999,1375,160.9,80.7,20.95,4.82,13.145,4.197,65.0,67.6,63.0,1576,1,52.3,0.22
509,164,2.175,42.54,1,97.89999999999999,94.5,1379,161.0,81.0,20.95,4.68,13.129,4.197,65.0,67.5,63.0,1576,1,52.3,0.22
510,165,2.175,42.11,1,97.89999999999999,94.5,1381,161.0,81.0,20.97,4.562,13.109,4.197,65.0,67.5,63.0,1576,1,52.3,0.23
511,166,2.2,42.09,1,98.0,94.5,1382,161.3,80.9,20.93,4.43,13.094,4.197,65.0,67.4,63.0,1576,1,52.3,0.24
512,167,2.225,42.44,1,98.1,94.5,1383,161.3,80.7,20.86,4.32,13.078,4.197,65.0,67.3,63.0,1576,1,52.3,0.24
513,169,2.225,41.85,1,98.1,94.5,1384,161.4,81.0,20.99,4.211,13.066,4.197,64.0,67.2,63.0,1576,1,52.3,0.25
514,170,2.25,42.38,1,98.1,94.5,1384,161.5,80.9,20.95,4.125,13.059,4.197,64.0,67.2,63.0,1576,1,52.3,0.24
515,172,2.25,42.34,1,98.2,94.6,1384,161.4,81.1,20.99,4.039,13.051,4.197,64.0,67.1,63.0,1576,1,52.3,0.25
516,174,2.275,42.48,1,98.2,94.6,1385,161.6,81.2,21.01,3.961,13.047,4.197,64.0,67.0,63.0,1576,1,52.2,0.24
517,175,2.275,42.26,1,98.2,94.6,1386,161.7,81.1,20.96,3.922,13.051,4.197,64.0,66.9,63.0,1576,1,52.2,0.24
518,177,2.3,42.49,1,98.2,94.5,1386,161.8,81.1,20.94,3.891,13.051,4.197,64.0,66.8,63.0,1576,1,52.2,0.24
519,179,2.3,41.88,1,98.2,94.6,1387,161.9,81.1,20.95,3.867,13.059,4.197,64.0,66.7,63.0,1577,1,52.2,0.24
520,181,2.3,42.25,1,97.8,94.39999999999999,1387,162.1,80.9,18.8,3.859,13.063,4.197,64.0,66.7,63.0,1577,1,52.2,0.23
521,182,2.325,41.56,1,95.7,93.0,1379,162.1,80.2,15.06,3.852,13.07,4.196,64.0,66.6,63.0,1577,1,52.2,0.24
522,183,2.325,41.49,1,92.7,91.8,1354,162.1,78.7,12.47,3.828,13.074,4.197,64.0,66.5,63.0,1577,1,52.2,0.22
523,184,2.35,41.63,1,90.5,91.10000000000001,1319,162.3,77.4,11.88,3.797,13.07,4.197,64.0,66.4,63.0,1577,1,52.1,0.22
524,184,2.35,42.04,1,90.10000000000001,91.10000000000001,1295,162.6,76.8,12.65,3.789,13.066,4.197,64.0,66.3,63.0,1577,1,52.1,0.22
525,185,2.35,42.1,1,91.3,91.7,1283,163.1,77.0,14.6,3.805,13.059,4.197,64.0,66.2,63.0,1577,1,52.1,0.22
526,185,2.375,41.53,1,92.7,92.2,1287,163.6,77.5,15.43,3.82,13.051,4.197,64.0,66.1,63.0,1577,1,52.1,0.24
527,185,2.375,41.86,1,93.60000000000001,92.60000000000001,1298,164.1,78.2,15.48,3.852,13.047,4.197,64.0,65.9,63.0,1577,1,52.1,25.13
528,186,2.4,42.01,1,93.89999999999999,92.60000000000001,1310,164.6,78.4,15.54,3.836,13.043,4.197,63.0,65.9,63.0,1577,1,52.3,25.16
529,186,2.4,42.04,1,93.89999999999999,92.7,1318,165.0,78.4,15.55,3.789,13.035,4.197,63.0,65.7,63.0,1577,1,52.6,25.02
530,186,2.425,41.73,1,94.0,92.7,1321,165.2,78.7,16.04,3.719,13.027,4.197,63.0,65.6,63.0,1577,1,53.1,24.83
531,185,2.425,42.08,1,94.6,93.0,1324,165.6,78.8,17.05,3.656,13.016,4.197,63.0,65.5,63.0,1577,1,53.6,24.8
532,185,2.45,42.05,1,95.1,93.2,1330,165.8,79.0,17.38,3.57,13.0,4.197,63.0,65.4,63.0,1577,1,54.3,24.75
533,186,2.475,42.16,1,95.39999999999999,93.30000000000001,1336,166.0,79.0,17.39,3.492,12.984,4.197,63.0,65.3,63.0,1577,1,54.8,24.5
534,186,2.475,41.87,1,95.5,93.30000000000001,1341,165.9,79.3,17.39,3.398,12.969,4.197,63.0,65.2,63.0,1577,1,55.6,24.5
535,186,2.5,42.1,1,95.5,93.30000000000001,1343,166.1,79.2,17.45,3.328,12.953,4.197,63.0,65.0,63.0,1577,1,56.3,24.4
536,186,2.525,42.2,1,95.5,93.30000000000001,1344,166.2,79.3,17.4,3.258,12.938,4.197,63.0,64.9,63.0,1577,1,57.1,24.46
537,185,2.525,42.46,1,95.5,93.30000000000001,1345,166.4,79.4,17.43,3.18,12.922,4.197,62.0,64.8,63.0,1577,1,58.0,24.37
538,185,2.55,42.05,1,95.5,93.30000000000001,1346,166.4,79.3,17.38,3.117,12.906,4.197,62.0,64.7,63.0,1577,1,58.7,24.08
539,185,2.575,42.02,1,95.6,93.30000000000001,1347,166.4,79.4,17.42,3.039,12.891,4.197,62.0,64.6,63.0,1577,1,59.6,24.2
540,186,2.6,42.28,1,95.6,93.30000000000001,1347,166.4,79.2,17.35,2.961,12.875,4.197,62.0,64.5,63.0,1577,1,60.5,23.95
541,185,2.6,42.1,1,95.7,93.30000000000001,1348,166.4,79.5,17.38,2.867,12.859,4.197,62.0,64.3,63.0,1577,1,61.4,24.06
542,185,2.625,42.04,1,95.7,93.30000000000001,1348,166.4,79.4,17.41,2.781,12.844,4.197,62.0,64.2,63.0,1577,1,62.2,23.83
543,186,2.65,42.02,1,95.7,93.4,1348,166.2,79.5,17.45,2.688,12.828,4.197,62.0,64.1,63.0,1577,1,63.2,23.62
544,186,2.65,41.96,1,95.7,93.5,1351,166.2,79.3,17.38,2.648,12.812,4.197,62.0,64.0,63.0,1577,1,64.0,23.84
545,186,2.675,42.05,1,95.7,93.5,1353,166.2,79.4,17.36,2.648,12.797,4.197,62.0,63.9,63.0,1577,1,65.0,23.73
546,186,2.7,41.97,1,95.7,93.5,1355,166.3,79.5,17.41,2.688,12.781,4.197,61.0,63.8,63.0,1577,1,65.9,23.84
547,186,2.7,42.13,1,95.7,93.5,1357,166.4,79.5,17.43,2.789,12.766,4.197,61.0,63.6,63.0,1577,1,66.9,23.85
548,186,2.725,41.52,1,95.8,93.60000000000001,1359,166.5,79.5,17.51,2.93,12.75,4.197,61.0,63.5,63.0,1577,1,68.0,23.73
549,186,2.75,41.58,1,95.7,93.8,1362,166.4,79.2,17.36,3.133,12.734,4.197,61.0,63.5,63.0,1577,1,68.9,23.15
550,185,2.75,41.44,1,95.7,93.89999999999999,1368,166.4,79.1,17.44,3.43,12.719,4.197,61.0,63.3,63.0,1577,1,70.0,23.08
551,185,2.775,41.21,1,95.6,93.89999999999999,1373,166.6,79.1,17.46,3.633,12.703,4.197,61.0,63.3,63.0,1577,1,70.9,22.95
552,185,2.8,40.92,1,95.6,93.89999999999999,1377,166.5,78.8,17.41,3.836,12.688,4.197,61.0,63.3,63.0,1577,1,72.0,22.94
553,185,2.8,40.77,1,95.5,93.89999999999999,1379,166.5,78.8,17.64,3.977,12.672,4.197,61.0,63.4,63.0,1577,1,72.9,22.9
554,185,2.825,40.89,1,95.89999999999999,94.1,1380,166.5,78.9,18.73,4.125,12.656,4.197,61.0,63.6,63.0,1577,1,73.9,23.37
555,185,2.85,40.65,1,96.5,94.39999999999999,1386,166.7,79.1,19.14,4.242,12.641,4.197,62.0,64.0,63.0,1577,1,75.1,24.0
556,185,2.85,40.62,1,96.89999999999999,94.5,1392,166.8,79.4,20.01,4.32,12.629,4.197,62.0,64.4,63.0,1577,1,75.8,0.39
557,185,2.875,40.83,1,97.8,95.0,1398,167.0,79.8,21.21,4.414,12.574,4.197,63.0,65.2,63.0,1577,1,75.4,0.4
558,186,2.875,40.59,1,98.2,95.1,1407,167.0,80.2,21.52,4.477,12.523,4.197,64.0,65.9,63.0,1577,1,74.5,0.4
559,186,2.9,40.62,1,98.3,95.1,1415,166.9,80.2,21.6,4.555,12.488,4.196,66.0,67.0,63.0,1577,1,73.6,0.4
560,186,2.925,40.55,1,98.2,95.1,1418,166.9,80.3,21.5,4.617,12.465,4.197,66.0,68.1,63.0,1577,1,72.9,0.41
561,186,2.925,40.49,1,98.2,95.1,1420,167.0,80.2,21.58,4.688,12.441,4.197,67.0,69.3,63.0,1577,1,72.2,0.41
562,186,2.95,40.49,1,98.2,95.1,1420,166.9,80.1,21.56,4.781,12.422,4.197,69.0,70.9,63.0,1577,1,71.6,0.41
563,185,2.975,40.42,1,98.1,95.1,1420,166.9,79.9,21.58,4.859,12.402,4.197,71.0,72.3,63.0,1577,1,71.0,0.42
564,185,3.0,40.34,1,98.1,95.0,1420,167.0,79.9,21.56,4.969,12.379,4.197,73.0,74.1,63.0,1577,1,70.5,0.41
565,184,3.0,40.2,1,98.1,95.0,1420,166.9,79.7,21.59,5.062,12.359,4.197,76.0,75.8,63.0,1577,1,70.0,0.41
566,184,3.025,40.31,1,98.0,95.0,1420,166.8,79.7,21.63,5.18,12.336,4.197,77.0,77.8,63.0,1577,1,69.5,0.41
567,183,3.05,40.26,1,97.89999999999999,95.0,1420,166.8,79.8,21.68,5.289,12.313,4.197,79.0,79.6,63.0,1577,1,69.1,0.41
568,183,3.075,40.26,1,97.89999999999999,95.0,1419,166.9,79.7,21.61,5.414,12.285,4.197,81.0,81.7,63.0,1577,1,68.7,0.42
569,182,3.1,40.17,1,97.8,94.89999999999999,1418,167.0,79.7,21.57,5.562,12.262,4.196,84.0,84.0,63.0,1577,1,68.4,0.42
570,182,3.1,40.29,1,97.8,94.89999999999999,1417,166.9,79.7,21.61,5.695,12.234,4.197,86.0,85.9,63.0,1577,1,68.1,0.42
571,181,3.125,40.06,1,97.7,94.8,1416,167.0,79.8,21.62,5.852,12.211,4.197,89.0,88.4,63.0,1577,1,67.7,0.41
572,181,3.15,40.06,1,97.7,94.8,1415,167.1,79.6,21.62,5.984,12.188,4.196,91.0,90.5,63.0,1577,1,67.5,0.42
573,181,3.15,40.03,1,97.6,94.8,1414,167.4,79.5,21.66,6.148,12.164,4.197,94.0,93.0,63.0,1577,1,67.1,0.41
574,181,3.175,40.07,1,97.5,94.8,1413,167.5,79.4,21.59,6.281,12.141,4.197,96.0,95.2,63.0,1577,1,66.9,0.42
575,180,3.2,39.95,1,97.5,94.69999999999999,1412,167.7,79.4,21.56,6.43,12.117,4.197,99.0,97.6,63.0,1577,1,66.7,0.41
576,180,3.2,39.83,1,97.39999999999999,94.69999999999999,1411,167.8,79.4,21.59,6.594,12.094,4.197,101.0,100.2,63.0,1577,1,66.5,0.41
577,181,3.225,39.83,1,97.39999999999999,94.69999999999999,1410,168.1,79.3,21.22,6.727,12.074,4.197,104.0,102.4,63.0,1577,1,66.3,0.42
578,181,3.25,39.85,1,97.3,94.6,1409,168.3,79.3,20.81,6.883,12.055,4.197,107.0,105.1,63.0,1577,1,66.1,0.42
579,181,3.25,39.82,1,97.1,94.6,1407,168.4,79.2,20.81,7.031,12.035,4.196,110.0,107.7,63.0,1577,1,65.9,0.41
580,181,3.275,39.76,1,97.0,94.5,1406,168.7,78.9,20.7,7.164,12.016,4.197,112.0,110.3,63.0,1577,1,65.8,0.42
581,182,3.275,39.9,1,97.0,94.5,1404,168.8,78.9,20.79,7.289,12.0,4.196,115.0,112.7,63.0,1577,1,65.7,0.41
582,182,3.3,39.9,1,96.89999999999999,94.5,1403,169.1,78.9,20.74,7.422,11.984,4.196,118.0,115.2,63.0,1577,1,65.6,0.41
583,182,3.3,39.75,1,96.89999999999999,94.39999999999999,1402,169.3,79.1,20.73,7.57,11.969,4.196,121.0,118.2,63.0,1577,1,65.4,0.42
584,183,3.325,39.77,1,96.8,94.39999999999999,1401,169.6,79.2,20.79,7.68,11.957,4.197,123.0,120.5,63.0,1577,1,65.3,0.42
585,183,3.325,39.83,1,96.8,94.39999999999999,1399,169.7,79.1,20.77,7.82,11.941,4.197,126.0,123.2,63.0,1577,1,65.2,0.42
586,184,3.35,39.66,1,96.8,94.39999999999999,1399,170.1,78.9,20.73,7.93,11.93,4.197,128.0,125.5,63.0,1577,1,65.1,0.41
587,184,3.35,39.77,1,96.7,94.3,1398,170.4,78.9,20.75,8.055,11.918,4.197,131.0,128.2,63.0,1577,1,65.0,0.41
588,185,3.375,39.69,1,96.6,94.3,1397,170.7,78.7,20.65,8.156,11.906,4.197,134.0,130.4,63.0,1577,1,64.9,0.42
589,185,3.375,39.72,1,96.5,94.19999999999999,1396,170.8,78.4,20.73,8.266,11.895,4.197,136.0,132.8,63.0,1577,1,64.8,0.41
590,186,3.4,39.64,1,96.5,94.19999999999999,1395,171.1,78.6,20.77,8.375,11.883,4.197,139.0,135.4,63.0,1577,1,64.7,0.42
591,186,3.4,39.63,1,96.5,94.3,1394,171.1,78.7,20.79,8.461,11.867,4.197,142.0,137.4,63.0,1577,1,64.6,0.41
592,186,3.425,39.63,1,96.5,94.19999999999999,1394,171.3,78.8,20.77,8.562,11.859,4.197,144.0,139.9,63.0,1577,1,64.5,0.42
593,187,3.425,39.53,1,96.5,94.19999999999999,1393,171.6,78.6,20.8,8.648,11.848,4.196,146.0,141.9,63.0,1578,1,64.4,0.41
594,187,3.425,39.61,1,96.39999999999999,94.19999999999999,1393,171.7,78.6,20.78,8.734,11.84,4.197,148.0,144.1,63.0,1578,1,64.4,0.41
595,188,3.45,39.73,1,96.39999999999999,94.19999999999999,1392,171.8,78.3,20.79,8.805,11.832,4.197,150.0,145.8,63.0,1578,1,64.3,0.41
596,188,3.45,39.75,1,96.39999999999999,94.19999999999999,1392,171.9,78.2,20.74,8.875,11.824,4.197,151.0,147.7,63.0,1578,1,64.2,0.42
597,188,3.475,39.63,1,96.3,94.19999999999999,1391,172.0,78.4,20.78,8.945,11.812,4.197,154.0,149.6,63.0,1578,1,64.2,0.4
598,188,3.475,39.62,1,96.3,94.19999999999999,1390,172.0,78.5,20.75,9.0,11.805,4.197,156.0,151.1,63.0,1578,1,64.1,0.4
599,188,3.5,39.58,1,96.3,94.19999999999999,1390,172.3,78.4,20.79,9.07,11.793,4.196,157.0,152.8,63.0,1578,1,64.1,0.4
600,187,3.5,39.44,1,96.3,94.19999999999999,1389,172.5,78.4,20.77,9.117,11.781,4.197,159.0,154.1,63.0,1578,1,64.0,0.4
601,187,3.525,39.54,1,96.2,94.1,1389,172.6,78.5,20.73,9.18,11.766,4.196,160.0,155.7,63.0,1578,1,64.0,0.4
602,187,3.55,39.56,1,96.2,94.1,1389,173.0,78.4,20.74,9.227,11.754,4.197,161.0,156.8,63.0,1578,1,63.9,0.4
603,187,3.55,39.55,1,96.1,94.1,1389,173.2,78.2,20.74,9.273,11.734,4.197,163.0,158.2,63.0,1578,1,63.9,0.41
604,186,3.575,39.61,1,96.1,94.1,1388,173.4,78.3,20.84,9.32,11.715,4.197,163.0,159.2,63.0,1578,1,63.9,0.41
605,186,3.575,39.61,1,96.1,94.1,1387,173.6,78.3,20.77,9.375,11.695,4.196,165.0,160.3,63.0,1578,1,63.8,0.4
606,186,3.6,39.73,1,96.1,94.1,1387,173.7,78.2,20.8,9.422,11.676,4.197,165.0,161.3,63.0,1578,1,63.8,0.41
607,186,3.625,39.49,1,96.1,94.1,1387,173.8,78.1,21.02,9.453,11.656,4.197,166.0,162.4,63.0,1578,1,63.8,0.4
608,186,3.625,39.47,1,96.1,94.1,1387,174.0,78.3,21.18,9.484,11.645,4.196,167.0,163.2,63.0,1578,1,63.8,0.4
609,186,3.65,39.53,1,96.2,94.1,1387,174.3,78.4,21.25,9.492,11.629,4.196,168.0,164.0,63.0,1578,1,63.7,0.41
610,186,3.65,39.45,1,96.1,94.0,1387,174.4,78.4,21.19,9.5,11.613,4.197,169.0,164.9,63.0,1578,1,63.7,0.4
611,186,3.675,39.42,1,96.1,94.0,1386,174.6,78.5,21.27,9.484,11.602,4.197,169.0,165.6,63.0,1578,1,63.7,0.41
612,186,3.675,39.55,1,96.1,94.1,1387,174.9,78.4,21.3,9.477,11.586,4.196,170.0,166.4,63.0,1578,1,63.7,0.41
613,186,3.7,39.5,1,96.1,94.0,1386,175.2,78.1,21.29,9.453,11.57,4.197,171.0,167.0,63.0,1578,1,63.7,0.39
614,186,3.7,39.48,1,96.1,94.0,1385,175.2,78.2,21.22,9.422,11.559,4.197,171.0,167.7,63.0,1578,1,63.6,0.39
615,186,3.725,39.39,1,96.1,94.0,1386,175.2,78.3,21.23,9.383,11.543,4.197,172.0,168.3,63.0,1578,1,63.6,0.4
616,186,3.725,39.46,1,96.1,94.0,1386,175.1,78.4,21.27,9.344,11.527,4.197,172.0,168.8,63.0,1578,1,63.6,0.4
617,186,3.75,39.37,1,96.1,94.0,1385,175.3,78.3,21.21,9.297,11.516,4.197,172.0,169.4,63.0,1578,1,63.5,0.39
618,186,3.75,39.44,1,96.1,94.0,1385,175.4,78.1,21.27,9.258,11.5,4.196,173.0,169.9,63.0,1578,1,63.5,0.4
619,187,3.775,39.46,1,96.1,94.0,1385,175.5,78.0,21.27,9.211,11.488,4.197,174.0,170.5,63.0,1578,1,63.5,0.4
620,187,3.775,39.28,1,96.1,94.0,1385,175.4,78.2,21.22,9.164,11.477,4.197,174.0,170.9,63.0,1578,1,63.5,0.4
621,187,3.8,39.45,1,96.1,94.0,1385,175.6,78.3,21.2,9.117,11.465,4.196,174.0,171.4,63.0,1578,1,63.5,0.39
622,187,3.8,39.41,1,96.2,94.1,1385,175.7,78.5,21.21,9.062,11.453,4.197,175.0,171.9,63.0,1578,1,63.5,0.4
623,187,3.825,39.36,1,96.1,94.0,1386,175.9,78.4,21.27,9.031,11.441,4.196,175.0,172.3,63.0,1578,1,63.5,0.4
624,187,3.825,39.38,1,96.1,94.0,1385,176.0,78.1,21.25,8.984,11.426,4.196,175.0,172.7,63.0,1578,1,63.5,0.4
625,187,3.85,39.35,1,96.2,94.0,1386,176.1,78.2,21.21,8.961,11.414,4.197,175.0,173.1,63.0,1578,1,63.5,0.41
626,187,3.85,39.22,1,96.1,94.0,1386,176.2,78.6,21.23,8.922,11.398,4.197,175.0,173.5,63.0,1578,1,63.5,0.4
627,187,3.875,39.5,1,96.1,94.0,1386,176.3,78.3,21.21,8.891,11.387,4.197,176.0,173.8,63.0,1578,1,63.5,0.4
628,187,3.875,39.5,1,96.1,94.0,1386,176.4,78.3,21.24,8.852,11.371,4.197,177.0,174.2,63.0,1578,1,63.5,0.4
629,187,3.9,39.23,1,96.1,94.0,1386,176.6,78.2,21.21,8.812,11.359,4.197,177.0,174.6,63.0,1578,1,63.5,0.4
630,187,3.9,39.4,1,96.1,94.0,1385,176.7,78.2,21.21,8.773,11.344,4.197,177.0,174.9,63.0,1578,1,63.5,0.4
631,187,3.925,39.41,1,96.2,94.0,1385,176.8,78.0,21.24,8.727,11.332,4.196,177.0,175.2,64.0,1578,1,63.5,0.39
632,187,3.925,39.34,1,96.2,94.0,1385,176.9,78.0,21.24,8.68,11.32,4.196,177.0,175.5,63.0,1578,1,63.5,0.4
633,187,3.95,39.43,1,96.1,94.0,1386,176.9,78.2,21.25,8.633,11.305,4.197,178.0,175.8,64.0,1578,1,63.5,0.4
634,187,3.95,39.63,1,96.2,94.0,1386,176.9,78.1,21.21,8.586,11.293,4.197,178.0,176.1,64.0,1578,1,63.5,0.4
635,188,3.95,39.24,1,96.2,94.0,1385,177.1,78.2,21.21,8.531,11.281,4.196,178.0,176.3,64.0,1578,1,63.6,0.4
636,188,3.975,39.34,1,96.2,94.0,1386,177.1,78.3,21.2,8.484,11.27,4.197,179.0,176.6,63.0,1578,1,63.6,0.4
637,188,3.975,39.28,1,96.2,94.0,1386,177.2,78.1,21.23,8.445,11.258,4.197,179.0,176.9,64.0,1578,1,63.6,0.4
638,188,4.0,39.34,1,96.2,94.0,1386,177.3,78.1,21.2,8.414,11.246,4.197,179.0,177.2,64.0,1578,1,63.6,0.39
639,188,4.0,39.22,1,96.2,94.0,1386,177.3,78.2,21.27,8.383,11.234,4.196,179.0,177.4,64.0,1578,1,63.6,0.4
640,188,4.025,39.43,1,96.2,94.0,1386,177.4,78.0,21.23,8.359,11.223,4.196,179.0,177.7,64.0,1578,1,63.6,0.4
641,188,4.0,39.45,1,96.2,94.0,1386,177.5,78.2,21.24,8.328,11.211,4.196,179.0,177.9,64.0,1578,1,63.6,0.39
642,187,4.025,39.34,1,96.2,94.0,1386,177.6,78.2,21.25,8.297,11.199,4.197,180.0,178.1,64.0,1578,1,63.6,0.4
643,187,4.05,39.2,1,96.2,94.0,1386,177.6,78.0,21.22,8.258,11.184,4.196,180.0,178.3,64.0,1578,1,63.6,0.4
644,187,4.05,39.21,1,96.2,94.0,1386,177.7,78.0,21.21,8.219,11.172,4.197,180.0,178.5,64.0,1578,1,63.6,0.4
645,187,4.05,39.46,1,96.2,94.0,1386,177.7,78.1,21.21,8.164,11.156,4.197,180.0,178.7,64.0,1578,1,63.6,0.4
646,187,4.075,39.22,1,96.2,94.0,1386,177.8,78.2,21.15,8.117,11.141,4.197,180.0,178.9,64.0,1578,1,63.6,0.4
647,187,4.075,39.25,1,96.2,94.0,1386,177.8,77.9,21.17,8.055,11.129,4.196,180.0,179.1,64.0,1578,1,63.6,0.39
648,187,4.075,39.31,1,96.2,94.0,1385,177.9,78.1,21.24,8.008,11.113,4.196,180.0,179.3,64.0,1578,1,63.6,0.4
649,187,4.1,39.21,1,96.2,94.0,1385,178.0,78.1,21.25,7.938,11.098,4.197,181.0,179.5,64.0,1578,1,63.6,0.4
650,187,4.1,39.23,1,96.3,94.0,1385,178.1,78.3,21.25,7.859,11.086,4.197,181.0,179.7,64.0,1579,1,63.6,0.4
651,186,4.1,39.16,1,96.3,94.0,1384,178.3,78.0,21.25,7.797,11.07,4.197,181.0,179.9,64.0,1579,1,63.6,0.4
652,186,4.125,39.28,1,96.3,94.0,1384,178.4,78.2,21.31,7.719,11.055,4.197,181.0,180.1,64.0,1579,1,63.7,0.4
653,187,4.125,39.23,1,96.3,94.0,1384,178.5,78.0,21.26,7.648,11.043,4.197,182.0,180.3,64.0,1579,1,63.7,0.4
654,187,4.15,39.21,1,96.39999999999999,94.0,1384,178.6,78.0,21.26,7.57,11.027,4.197,182.0,180.6,64.0,1579,1,63.7,0.4
655,187,4.15,39.4,1,96.3,94.0,1384,178.5,78.3,21.27,7.492,11.016,4.196,182.0,180.9,64.0,1579,1,63.7,0.39
656,187,4.175,39.12,1,96.3,94.0,1385,178.5,78.1,21.22,7.406,11.0,4.197,182.0,181.2,64.0,1579,1,63.7,0.4
657,187,4.175,39.12,1,96.39999999999999,94.0,1385,178.4,78.0,21.22,7.312,10.988,4.197,182.0,181.6,64.0,1579,1,63.7,0.4
658,187,4.175,39.22,1,96.39999999999999,94.0,1386,178.3,77.9,21.22,7.242,10.973,4.196,182.0,181.9,64.0,1579,1,63.7,0.39
659,188,4.2,39.01,1,96.39999999999999,94.0,1386,178.4,77.8,21.22,7.156,10.961,4.197,183.0,182.3,64.0,1579,1,63.7,0.4
660,188,4.2,39.14,1,96.39999999999999,94.0,1386,178.4,77.9,21.22,7.086,10.949,4.197,184.0,182.7,64.0,1579,1,63.7,0.39
661,189,4.2,39.14,1,96.5,94.0,1386,178.5,78.0,21.16,7.0,10.941,4.197,185.0,183.2,64.0,1579,1,63.7,0.4
662,189,4.2,39.23,1,96.5,94.0,1387,178.7,78.1,21.23,6.938,10.926,4.197,185.0,183.6,64.0,1579,1,63.7,0.4
663,189,4.225,39.26,1,96.5,94.0,1388,178.8,78.1,21.23,6.867,10.914,4.197,185.0,184.1,64.0,1579,1,63.8,0.41
664,190,4.225,39.07,1,96.5,94.0,1388,178.7,78.1,21.27,6.812,10.902,4.197,185.0,184.5,64.0,1579,1,63.8,0.4
665,191,4.225,39.38,1,96.5,94.1,1389,178.6,78.0,21.26,6.758,10.891,4.197,187.0,185.0,64.0,1579,1,63.8,0.4
666,191,4.225,39.23,1,96.5,94.1,1389,178.6,78.1,21.24,6.711,10.883,4.197,187.0,185.5,64.0,1579,1,63.8,0.4
667,192,4.25,39.12,1,96.5,94.1,1389,178.6,77.9,21.26,6.672,10.875,4.196,187.0,186.1,64.0,1579,1,63.8,0.41
668,192,4.25,38.97,1,96.5,94.1,1390,178.7,78.0,21.22,6.641,10.871,4.197,187.0,186.6,64.0,1579,1,63.8,0.41
669,193,4.25,39.22,1,96.6,94.1,1390,178.7,78.2,21.25,6.609,10.863,4.196,189.0,187.0,64.0,1579,1,63.8,0.4
670,193,4.25,39.0,1,96.5,94.1,1390,178.7,78.2,21.21,6.578,10.855,4.197,189.0,187.6,64.0,1579,1,63.8,0.4
671,193,4.25,39.21,1,96.5,94.0,1390,178.8,78.1,21.29,6.57,10.848,4.196,190.0,188.1,64.0,1579,1,63.9,0.41
672,194,4.275,39.2,1,96.5,94.0,1390,179.0,78.1,21.3,6.547,10.84,4.196,190.0,188.6,64.0,1579,1,63.9,0.4
673,194,4.275,39.07,1,96.5,94.0,1389,179.2,78.1,21.26,6.531,10.828,4.196,190.0,189.1,64.0,1579,1,63.9,0.39
674,194,4.275,38.98,1,96.5,94.0,1389,179.2,78.0,21.23,6.516,10.82,4.197,191.0,189.6,64.0,1579,1,63.9,0.39
675,194,4.3,39.11,1,96.5,94.0,1389,179.1,78.1,21.25,6.484,10.809,4.197,192.0,190.0,64.0,1579,1,63.9,0.4
676,195,4.3,39.09,1,96.5,94.0,1389,179.3,77.9,21.25,6.453,10.797,4.196,192.0,190.4,64.0,1579,1,63.9,0.41
677,195,4.3,39.14,1,96.6,94.0,1389,179.3,77.9,21.23,6.422,10.785,4.197,193.0,190.8,64.0,1579,1,63.9,0.4
678,195,4.3,39.81,1,96.6,94.0,1389,179.4,77.9,21.24,6.391,10.773,4.197,193.0,191.2,64.0,1579,1,63.9,0.4
679,196,4.3,40.29,1,96.6,94.0,1389,179.5,78.0,21.25,6.359,10.766,4.197,193.0,191.6,64.0,1579,1,64.0,0.4
680,196,4.325,40.47,1,96.6,94.0,1388,179.5,77.9,21.23,6.328,10.754,4.196,193.0,191.9,64.0,1579,1,64.0,0.4
681,196,4.325,40.56,1,96.5,94.0,1388,179.6,78.1,21.29,6.289,10.742,4.197,194.0,192.2,64.0,1579,1,64.0,0.41
682,197,4.325,40.81,1,96.6,94.0,1387,179.6,77.9,21.24,6.242,10.73,4.197,194.0,192.4,64.0,1579,1,64.0,0.4
683,197,4.35,40.87,1,96.5,94.0,1387,179.7,77.7,21.27,6.219,10.719,4.196,194.0,192.6,64.0,1579,1,64.0,0.4
684,197,4.35,40.94,1,96.6,94.0,1386,179.7,78.1,21.25,6.172,10.711,4.197,194.0,192.7,64.0,1579,1,64.0,0.4
685,198,4.35,41.13,1,96.6,94.0,1386,179.7,78.0,21.25,6.133,10.699,4.196,194.0,192.9,64.0,1579,1,64.0,0.39
686,198,4.35,41.1,1,96.6,94.0,1385,179.6,78.1,21.23,6.086,10.691,4.196,194.0,192.9,64.0,1579,1,64.0,0.4
687,199,4.375,41.03,1,96.6,94.0,1385,179.5,78.0,21.23,6.047,10.684,4.197,194.0,193.0,64.0,1579,1,64.0,0.39
688,199,4.375,41.01,1,96.6,94.0,1385,179.7,78.0,20.93,6.0,10.676,4.196,195.0,193.0,64.0,1580,1,64.0,0.4
689,200,4.375,41.04,1,96.6,94.0,1385,179.8,77.9,20.85,5.953,10.672,4.197,194.0,193.0,64.0,1580,1,64.0,0.4
690,200,4.375,41.03,1,96.6,94.0,1385,179.8,77.9,20.82,5.914,10.664,4.197,195.0,193.0,64.0,1580,1,64.0,0.4
691,200,4.4,41.0,1,96.6,94.0,1384,180.0,77.9,20.91,5.875,10.656,4.197,194.0,193.0,64.0,1580,1,64.0,0.4
692,201,4.4,41.16,1,96.6,94.0,1384,180.0,78.0,20.85,5.844,10.645,4.197,194.0,192.9,64.0,1580,1,64.0,0.41
693,201,4.4,41.06,1,96.6,94.0,1384,180.0,77.9,20.87,5.805,10.637,4.197,194.0,192.8,64.0,1580,1,64.0,0.4
694,201,4.4,41.1,1,96.6,94.0,1384,180.0,77.9,20.88,5.766,10.629,4.197,194.0,192.7,64.0,1580,1,64.0,0.4
695,201,4.425,41.05,1,96.6,94.0,1384,179.9,77.8,20.86,5.727,10.617,4.196,194.0,192.6,64.0,1580,1,64.0,0.41
696,201,4.425,40.97,1,96.6,94.0,1384,180.1,77.9,20.86,5.68,10.605,4.197,194.0,192.4,64.0,1580,1,64.0,0.4
697,201,4.425,41.05,1,96.7,94.0,1384,180.1,78.0,20.95,5.633,10.598,4.197,194.0,192.3,64.0,1580,1,64.0,0.4
698,201,4.45,41.13,1,96.7,94.0,1384,180.2,77.9,20.88,5.57,10.586,4.197,194.0,192.1,64.0,1580,1,64.0,0.4
699,201,4.45,41.05,1,96.7,94.0,1384,180.4,78.0,20.84,5.523,10.574,4.196,193.0,192.0,64.0,1580,1,64.0,0.39
700,201,4.45,41.12,1,96.7,94.0,1383,180.3,77.8,20.89,5.461,10.563,4.196,193.0,191.8,64.0,1580,1,64.0,0.39
701,201,4.45,41.02,1,96.7,94.0,1384,180.3,77.7,20.83,5.398,10.547,4.197,193.0,191.6,64.0,1580,1,64.0,0.39
702,201,4.475,40.98,1,96.7,94.0,1384,180.3,78.0,20.83,5.336,10.535,4.197,193.0,191.5,64.0,1580,1,64.0,0.39
703,202,4.475,41.04,1,96.7,94.0,1384,180.4,77.9,20.89,5.258,10.523,4.197,193.0,191.3,64.0,1580,1,64.0,0.4
704,202,4.475,41.03,1,96.7,94.0,1383,180.4,78.0,20.88,5.203,10.512,4.197,193.0,191.2,64.0,1580,1,64.0,0.4
705,202,4.5,41.0,1,96.8,94.0,1383,180.5,78.0,20.91,5.125,10.5,4.197,193.0,191.0,64.0,1580,1,64.0,0.4
706,202,4.5,41.15,1,96.7,94.0,1384,180.5,77.9,20.95,5.055,10.488,4.197,192.0,190.9,64.0,1580,1,64.0,0.4
707,202,4.5,41.07,1,96.8,94.0,1384,180.4,77.8,20.92,4.984,10.477,4.197,192.0,190.8,64.0,1580,1,64.0,0.39
708,202,4.525,40.58,1,96.8,94.0,1384,180.4,78.0,20.88,4.922,10.465,4.197,192.0,190.8,64.0,1580,1,64.0,0.4
709,202,4.525,40.21,1,96.8,94.0,1384,180.4,78.0,20.88,4.852,10.453,4.197,192.0,190.7,64.0,1580,1,64.0,0.39
710,202,4.525,40.13,1,96.8,94.0,1385,180.4,77.9,20.91,4.766,10.441,4.196,192.0,190.7,64.0,1580,1,64.0,0.39
711,202,4.525,39.99,1,96.8,94.0,1386,180.5,78.0,20.88,4.703,10.426,4.197,192.0,190.7,64.0,1580,1,64.0,0.39
712,202,4.55,39.61,1,96.89999999999999,94.0,1386,180.7,77.9,20.89,4.625,10.414,4.196,192.0,190.7,64.0,1581,1,64.0,0.39
713,202,4.55,39.57,1,96.89999999999999,94.0,1387,180.8,77.9,20.86,4.562,10.402,4.197,192.0,190.7,64.0,1581,1,64.0,0.38
714,202,4.55,39.13,1,96.89999999999999,94.0,1387,180.9,77.9,20.86,4.484,10.391,4.197,192.0,190.6,64.0,1581,1,64.0,0.39
715,202,4.55,38.98,1,96.89999999999999,94.0,1387,181.0,77.8,20.87,4.406,10.379,4.196,191.0,190.5,64.0,1581,1,64.0,0.38
716,202,4.575,39.08,1,96.89999999999999,94.0,1387,180.9,77.9,20.91,4.336,10.367,4.197,191.0,190.3,64.0,1581,1,64.0,0.39
717,203,4.575,39.02,1,97.0,94.0,1389,180.8,77.8,20.92,4.25,10.355,4.197,190.0,190.1,64.0,1581,1,64.0,0.38
718,203,4.575,39.1,1,96.89999999999999,94.0,1389,180.8,77.9,20.91,4.18,10.344,4.196,190.0,190.0,64.0,1581,1,64.0,0.39
719,203,4.575,39.0,1,96.89999999999999,94.0,1389,180.7,77.8,20.91,4.102,10.332,4.197,190.0,189.8,64.0,1581,1,64.0,0.39
720,203,4.6,38.99,1,97.0,94.0,1389,180.8,77.9,20.89,4.031,10.324,4.197,190.0,189.6,64.0,1581,1,63.9,0.4
721,203,4.6,38.88,1,96.89999999999999,94.0,1389,180.9,78.0,20.89,3.953,10.312,4.196,190.0,189.4,64.0,1581,1,64.0,0.39
722,204,4.6,39.12,1,97.0,94.0,1389,180.8,78.0,20.95,3.883,10.305,4.196,189.0,189.2,64.0,1581,1,63.9,0.39
723,204,4.625,38.93,1,97.0,94.0,1388,180.8,77.8,20.88,3.797,10.293,4.197,189.0,189.0,64.0,1581,1,63.9,0.39
724,204,4.625,39.0,1,97.0,94.0,1389,180.9,77.9,20.92,3.734,10.285,4.197,189.0,188.9,64.0,1581,1,63.9,0.39
725,204,4.625,39.11,1,97.0,94.0,1389,181.1,77.9,20.95,3.648,10.273,4.196,189.0,188.7,64.0,1581,1,63.9,0.39
726,204,4.625,39.05,1,97.0,94.0,1389,181.0,77.9,20.91,3.594,10.262,4.197,189.0,188.6,64.0,1581,1,63.9,0.39
727,204,4.65,38.87,1,97.0,94.0,1389,180.9,77.8,20.9,3.516,10.254,4.197,188.0,188.4,64.0,1581,1,63.9,0.38
728,205,4.65,38.98,1,97.0,94.0,1389,181.0,77.7,20.88,3.438,10.242,4.196,188.0,188.4,64.0,1581,1,63.9,0.39
729,205,4.65,38.86,1,97.0,94.0,1389,181.0,77.8,20.84,3.375,10.23,4.197,188.0,188.3,64.0,1581,1,63.9,0.39
730,205,4.65,39.0,1,97.0,94.0,1389,181.0,78.0,20.86,3.297,10.223,4.196,188.0,188.3,64.0,1581,1,63.9,0.38
731,205,4.675,38.92,1,97.0,93.89999999999999,1389,181.1,77.9,20.88,3.227,10.211,4.197,189.0,188.4,64.0,1581,1,63.9,0.38
732,205,4.675,38.97,1,97.0,94.0,1389,181.0,77.7,20.88,3.156,10.203,4.197,188.0,188.4,64.0,1581,1,63.9,0.38
733,205,4.675,39.01,1,97.0,94.0,1389,181.1,77.9,20.89,3.102,10.191,4.196,189.0,188.5,64.0,1581,1,63.8,0.38
734,205,4.675,38.77,1,97.1,94.0,1388,181.1,77.7,20.88,3.031,10.184,4.197,189.0,188.6,64.0,1581,1,63.8,0.38
735,205,4.7,38.92,1,97.1,94.0,1389,181.1,77.7,20.86,2.969,10.172,4.197,189.0,188.8,64.0,1581,1,63.8,0.38
736,205,4.7,38.99,1,97.0,94.0,1389,181.2,77.8,20.97,2.906,10.16,4.197,189.0,188.9,64.0,1581,1,63.8,0.39
737,205,4.7,39.02,1,97.1,94.0,1389,181.2,77.9,20.91,2.836,10.148,4.197,189.0,189.1,64.0,1581,1,63.8,0.39
738,205,4.7,39.05,1,97.1,94.0,1389,181.2,77.9,20.89,2.766,10.137,4.197,189.0,189.3,65.0,1582,1,63.8,0.38
739,205,4.725,39.16,1,97.1,94.0,1389,181.2,77.8,20.84,2.695,10.125,4.197,190.0,189.5,65.0,1582,1,63.8,0.39
740,205,4.725,38.93,1,97.1,93.89999999999999,1389,181.2,77.9,20.9,2.633,10.113,4.197,190.0,189.7,65.0,1582,1,63.8,0.38
741,205,4.725,38.99,1,97.1,94.0,1388,181.3,77.8,20.89,2.555,10.102,4.197,190.0,189.9,65.0,1582,1,63.8,0.39
742,205,4.75,39.04,1,97.1,93.89999999999999,1388,181.2,77.7,21.2,2.477,10.09,4.197,190.0,190.1,65.0,1582,1,63.7,0.38
743,205,4.75,38.91,1,97.1,94.0,1388,181.3,77.9,21.31,2.398,10.078,4.197,190.0,190.3,65.0,1582,1,63.7,0.39
744,205,4.75,39.2,1,97.1,93.89999999999999,1388,181.4,77.9,21.37,2.32,10.066,4.196,191.0,190.6,65.0,1582,1,63.7,0.39
745,205,4.75,38.96,1,97.1,93.89999999999999,1387,181.4,77.8,21.39,2.234,10.055,4.197,191.0,190.8,65.0,1582,1,63.7,0.4
746,205,4.775,38.89,1,97.1,93.89999999999999,1388,181.4,77.9,21.39,2.141,10.039,4.197,192.0,191.1,65.0,1582,1,63.7,0.39
747,205,4.775,38.89,1,97.1,93.89999999999999,1388,181.4,77.8,21.38,2.07,10.027,4.196,192.0,191.3,65.0,1582,1,63.6,0.4
748,205,4.775,38.91,1,97.2,93.89999999999999,1387,181.3,77.7,21.34,1.984,10.016,4.197,192.0,191.5,65.0,1582,1,63.6,0.39
749,205,4.775,38.92,1,97.1,93.89999999999999,1387,181.4,77.9,21.39,1.891,10.008,4.197,193.0,191.8,65.0,1582,1,63.6,0.39
750,206,4.8,38.92,1,97.2,93.89999999999999,1387,181.2,77.6,21.45,1.805,9.996,4.197,193.0,192.1,65.0,1582,1,63.6,0.39
751,206,4.8,38.9,1,97.2,93.89999999999999,1388,181.3,77.7,21.35,1.727,9.988,4.196,193.0,192.5,65.0,1582,1,63.5,0.4
752,206,4.8,38.84,1,97.2,93.89999999999999,1388,181.4,77.8,21.3,1.648,9.98,4.197,193.0,192.9,65.0,1582,1,63.5,0.39
753,206,4.825,38.76,1,97.2,93.89999999999999,1388,181.4,77.9,21.31,1.562,9.969,4.197,194.0,193.4,65.0,1582,1,63.5,0.39
754,206,4.825,38.87,1,97.2,93.89999999999999,1388,181.4,78.1,21.36,1.492,9.961,4.197,194.0,193.8,65.0,1582,1,63.5,0.39
755,206,4.825,38.84,1,97.2,93.89999999999999,1388,181.4,78.0,21.27,1.422,9.949,4.197,195.0,194.3,65.0,1582,1,63.5,0.4
756,206,4.825,38.8,1,97.2,93.89999999999999,1388,181.4,77.8,21.34,1.344,9.938,4.197,196.0,194.8,65.0,1582,1,63.5,0.39
757,206,4.85,39.03,1,97.2,93.89999999999999,1388,181.4,77.7,21.37,1.273,9.926,4.197,196.0,195.4,65.0,1582,1,63.4,0.39
758,206,4.85,38.76,1,97.3,93.89999999999999,1389,181.5,77.6,21.38,1.195,9.914,4.197,197.0,196.0,65.0,1582,1,63.4,0.39
759,206,4.85,38.8,1,97.3,93.89999999999999,1388,181.5,77.9,21.4,1.125,9.902,4.197,198.0,196.6,65.0,1582,1,63.4,0.39
760,206,4.875,39.01,1,97.2,93.89999999999999,1388,181.4,77.9,21.41,1.039,9.891,4.197,198.0,197.3,65.0,1583,1,63.3,0.39
761,206,4.875,38.74,1,97.2,93.89999999999999,1387,181.5,77.8,21.32,0.977,9.879,4.196,199.0,197.9,65.0,1583,1,63.3,0.39
762,206,4.875,38.76,1,97.2,93.89999999999999,1388,181.5,77.7,21.27,0.906,9.867,4.196,199.0,198.5,65.0,1583,1,63.3,0.4
763,206,4.875,38.78,1,97.3,93.89999999999999,1388,181.5,78.0,21.41,0.828,9.852,4.196,201.0,199.2,65.0,1583,1,63.3,0.39
764,206,4.9,38.72,1,97.3,93.89999999999999,1388,181.5,77.8,21.36,0.758,9.844,4.197,202.0,199.9,65.0,1583,1,63.3,0.38
765,206,4.9,38.76,1,97.3,93.89999999999999,1388,181.6,77.9,21.32,0.688,9.828,4.196,203.0,200.5,65.0,1583,1,63.3,0.38
766,206,4.9,38.78,1,97.3,93.89999999999999,1389,181.5,78.0,21.39,0.625,9.82,4.197,203.0,201.1,65.0,1583,1,63.2,0.38
767,206,4.9,38.82,1,97.3,93.89999999999999,1389,181.5,77.6,21.38,0.555,9.809,4.197,203.0,201.8,65.0,1583,1,63.2,0.38
768,206,4.925,38.87,1,97.3,93.89999999999999,1390,181.6,77.5,21.34,0.508,9.801,4.197,203.0,202.3,65.0,1583,1,63.2,0.39
769,205,4.925,38.78,1,97.3,93.89999999999999,1389,181.5,77.7,21.36,0.469,9.793,4.196,204.0,202.8,65.0,1583,1,63.1,0.38
770,205,4.925,38.79,1,97.3,93.89999999999999,1389,181.6,77.6,21.34,0.414,9.781,4.196,205.0,203.3,65.0,1583,1,63.1,0.38
771,205,4.95,38.85,1,97.3,93.89999999999999,1390,181.6,77.7,21.36,0.383,9.773,4.197,205.0,203.7,65.0,1583,1,63.1,0.39
772,205,4.95,38.83,1,97.3,93.89999999999999,1390,181.6,77.7,21.28,0.352,9.762,4.197,205.0,204.1,65.0,1583,1,63.1,0.38
773,204,4.95,38.72,1,97.3,93.89999999999999,1390,181.5,77.7,21.34,0.328,9.75,4.196,205.0,204.4,65.0,1583,1,63.1,0.38
774,204,4.95,38.72,1,97.3,93.89999999999999,1389,181.6,77.8,21.32,0.289,9.734,4.197,205.0,204.7,65.0,1583,1,63.0,0.39
775,204,4.975,38.77,1,97.3,93.89999999999999,1390,181.6,77.8,21.36,0.258,9.723,4.196,205.0,204.9,65.0,1583,1,63.0,0.38
776,203,4.975,38.79,1,97.3,93.89999999999999,1390,181.7,77.7,21.26,0.219,9.707,4.197,206.0,205.1,65.0,1583,1,63.0,0.39
777,203,4.975,38.87,1,97.3,93.89999999999999,1390,181.8,77.9,21.4,0.172,9.688,4.197,207.0,205.3,65.0,1583,1,62.9,0.38
778,203,5.0,38.71,1,97.3,93.89999999999999,1390,181.7,78.0,21.35,0.117,9.676,4.196,206.0,205.5,65.0,1583,1,62.9,0.38
779,203,5.0,38.74,1,97.3,93.89999999999999,1390,181.7,77.8,21.39,0.055,9.66,4.197,207.0,205.7,65.0,1584,1,62.9,0.38
780,203,5.0,38.8,1,97.3,93.89999999999999,1390,181.6,77.5,21.39,-0.008,9.648,4.197,207.0,205.8,65.0,1584,1,62.9,0.39
781,203,5.025,38.69,1,97.3,93.89999999999999,1389,181.7,77.7,21.32,-0.078,9.629,4.197,207.0,205.9,65.0,1584,1,62.9,0.39
782,203,5.025,38.78,1,97.3,93.89999999999999,1389,181.8,77.7,21.39,-0.156,9.613,4.196,207.0,206.0,65.0,1584,1,62.8,0.38
783,203,5.025,38.75,1,97.3,93.89999999999999,1389,181.7,77.6,21.36,-0.211,9.598,4.197,207.0,206.1,65.0,1584,1,62.8,0.39
784,204,5.025,38.77,1,97.3,93.89999999999999,1389,181.7,77.5,21.33,-0.289,9.586,4.197,207.0,206.1,65.0,1584,1,62.8,0.39
785,205,5.05,38.64,1,97.3,93.89999999999999,1390,181.8,77.6,21.38,-0.359,9.574,4.197,207.0,206.2,65.0,1584,1,62.7,0.39
786,206,5.05,38.75,1,97.3,93.89999999999999,1390,181.9,77.8,21.2,-0.43,9.562,4.197,207.0,206.3,65.0,1584,1,62.7,0.39
787,206,5.05,38.72,1,97.3,93.89999999999999,1389,182.0,77.6,20.85,-0.492,9.555,4.197,207.0,206.3,65.0,1584,1,62.7,0.39
788,207,5.05,38.73,1,97.3,93.8,1388,181.9,77.5,20.77,-0.547,9.543,4.197,207.0,206.3,65.0,1584,1,62.7,0.39
789,207,5.05,38.75,1,97.2,93.8,1388,181.9,77.7,20.76,-0.594,9.535,4.197,207.0,206.4,65.0,1584,1,62.6,0.38
790,208,5.05,38.53,1,97.2,93.8,1388,182.1,77.7,20.75,-0.656,9.527,4.197,207.0,206.4,65.0,1584,1,62.6,0.38
791,208,5.075,38.77,1,97.2,93.8,1388,182.1,77.6,20.78,-0.703,9.523,4.197,207.0,206.5,65.0,1584,1,62.5,0.39
792,209,5.075,38.65,1,97.3,93.8,1389,182.0,77.9,20.77,-0.75,9.516,4.197,207.0,206.5,65.0,1584,1,62.5,0.38
793,209,5.075,38.64,1,97.3,93.8,1389,182.0,77.7,20.79,-0.789,9.512,4.197,207.0,206.5,65.0,1584,1,62.5,0.39
794,210,5.075,38.83,1,97.2,93.8,1389,181.9,77.6,20.8,-0.836,9.504,4.197,207.0,206.6,65.0,1584,1,62.4,0.39
795,210,5.075,38.49,1,97.3,93.8,1389,181.9,77.8,20.77,-0.883,9.496,4.197,207.0,206.6,65.0,1584,1,62.4,0.4
796,210,5.075,38.72,1,97.2,93.8,1389,181.9,77.4,20.77,-0.922,9.492,4.196,207.0,206.7,65.0,1584,1,62.4,0.39
797,210,5.1,38.72,1,97.2,93.8,1388,182.0,77.6,20.81,-0.969,9.484,4.197,207.0,206.7,65.0,1584,1,62.4,0.39
798,210,5.1,38.76,1,97.3,93.89999999999999,1388,182.1,77.6,20.81,-1.016,9.477,4.197,207.0,206.7,65.0,1585,1,62.3,0.38
799,210,5.1,38.69,1,97.3,93.8,1389,182.1,77.6,20.75,-1.07,9.469,4.196,207.0,206.7,65.0,1585,1,62.3,0.38
800,210,5.1,38.63,1,97.3,93.8,1389,182.1,77.5,20.83,-1.117,9.457,4.197,207.0,206.7,65.0,1585,1,62.3,0.38
801,210,5.125,38.6,1,97.3,93.8,1389,182.2,77.7,20.77,-1.172,9.449,4.197,207.0,206.8,65.0,1585,1,62.2,0.38
802,210,5.125,38.64,1,97.3,93.8,1388,182.2,77.7,20.81,-1.227,9.438,4.197,207.0,206.8,65.0,1585,1,62.2,0.39
803,210,5.125,38.58,1,97.3,93.8,1389,182.2,77.6,20.84,-1.289,9.43,4.197,207.0,206.8,65.0,1585,1,62.1,0.39
804,210,5.125,38.6,1,97.3,93.8,1389,182.3,77.7,20.77,-1.352,9.418,4.197,207.0,206.8,65.0,1585,1,62.1,0.38
805,211,5.15,38.52,1,97.3,93.8,1389,182.3,77.7,20.77,-1.414,9.406,4.196,207.0,206.8,65.0,1585,1,62.1,0.39
806,211,5.15,38.7,1,97.3,93.8,1388,182.2,77.5,20.79,-1.484,9.395,4.197,207.0,206.8,65.0,1585,1,62.0,0.38
807,211,5.15,38.78,1,97.3,93.8,1388,182.1,77.3,20.75,-1.539,9.387,4.197,207.0,206.8,65.0,1585,1,62.0,0.39
808,211,5.15,38.69,1,97.3,93.8,1388,182.2,77.5,20.77,-1.609,9.375,4.197,207.0,206.8,65.0,1585,1,62.0,0.38
809,211,5.175,38.56,1,97.3,93.8,1388,182.3,77.6,20.78,-1.688,9.363,4.197,207.0,206.8,65.0,1585,1,61.9,0.38
810,211,5.175,38.61,1,97.39999999999999,93.8,1389,182.4,77.7,20.75,-1.758,9.355,4.197,207.0,206.8,65.0,1585,1,61.9,0.38
811,211,5.175,38.57,1,97.39999999999999,93.8,1388,182.4,77.6,20.82,-1.828,9.344,4.196,207.0,206.8,65.0,1585,1,61.8,0.38
812,211,5.175,38.79,1,97.39999999999999,93.8,1389,182.5,77.6,20.75,-1.906,9.336,4.197,207.0,206.8,65.0,1585,1,61.8,0.4
813,211,5.175,38.93,1,97.39999999999999,93.8,1388,182.4,77.6,20.85,-1.977,9.324,4.197,207.0,206.8,65.0,1586,1,61.7,0.39
814,211,5.2,38.66,1,97.5,93.89999999999999,1389,182.3,77.5,20.81,-2.047,9.312,4.197,207.0,206.8,65.0,1586,1,61.7,0.39
815,212,5.2,38.59,1,97.39999999999999,93.8,1389,182.2,77.5,20.77,-2.109,9.305,4.196,207.0,206.8,65.0,1586,1,61.7,0.38
816,212,5.2,38.57,1,97.39999999999999,93.8,1389,182.2,77.5,20.79,-2.172,9.293,4.197,207.0,206.8,65.0,1586,1,61.6,0.39
817,212,5.2,38.65,1,97.39999999999999,93.8,1389,182.1,77.6,20.8,-2.242,9.281,4.196,207.0,206.8,65.0,1586,1,61.6,0.39
818,212,5.2,38.63,1,97.39999999999999,93.8,1389,182.2,77.5,20.8,-2.305,9.273,4.197,207.0,206.8,65.0,1586,1,61.5,0.39
819,212,5.225,38.68,1,97.5,93.8,1388,182.3,77.5,20.8,-2.359,9.266,4.197,207.0,206.8,65.0,1586,1,61.5,0.4
820,213,5.225,38.61,1,97.39999999999999,93.8,1389,182.3,77.5,20.8,-2.43,9.258,4.196,207.0,206.8,66.0,1586,1,61.5,0.4
821,213,5.225,38.56,1,97.5,93.8,1389,182.3,77.6,21.17,-2.477,9.25,4.196,207.0,206.9,66.0,1586,1,61.4,0.4
822,213,5.225,38.64,1,97.5,93.89999999999999,1389,182.4,77.7,21.37,-2.523,9.242,4.196,207.0,206.8,66.0,1586,1,61.4,0.39
823,213,5.25,38.53,1,97.6,93.8,1390,182.4,77.8,21.36,-2.578,9.234,4.196,207.0,206.8,66.0,1586,1,61.3,0.39
824,213,5.25,38.63,1,97.6,93.8,1391,182.4,77.5,21.35,-2.617,9.227,4.197,207.0,206.8,66.0,1586,1,61.3,0.39
825,213,5.25,38.6,1,97.6,93.8,1390,182.5,77.5,21.42,-2.672,9.215,4.197,207.0,206.9,66.0,1586,1,61.2,0.39
826,213,5.25,38.51,1,97.6,93.8,1390,182.4,77.4,21.38,-2.727,9.203,4.197,207.0,206.9,66.0,1586,1,61.2,0.39
827,213,5.25,38.68,1,97.6,93.8,1390,182.5,77.6,21.36,-2.781,9.191,4.197,207.0,206.9,66.0,1586,1,61.2,0.39
828,213,5.275,38.48,1,97.6,93.8,1390,182.5,77.5,21.38,-2.828,9.18,4.197,207.0,206.9,66.0,1586,1,61.1,0.38
829,214,5.275,38.63,1,97.6,93.8,1390,182.5,77.4,21.34,-2.883,9.172,4.197,207.0,206.9,66.0,1587,1,61.0,0.38
830,214,5.275,38.48,1,97.6,93.89999999999999,1391,182.5,77.7,21.39,-2.93,9.164,4.197,207.0,206.9,66.0,1587,1,61.0,0.39
831,214,5.275,38.65,1,97.6,93.8,1391,182.6,77.7,21.41,-2.969,9.156,4.196,207.0,206.9,66.0,1587,1,61.0,0.39
832,214,5.3,38.62,1,97.6,93.89999999999999,1391,182.6,77.7,21.35,-3.008,9.148,4.197,207.0,207.0,66.0,1587,1,60.9,0.39
833,214,5.3,38.57,1,97.6,93.8,1391,182.6,77.5,21.37,-3.039,9.145,4.197,207.0,207.0,66.0,1587,1,60.9,0.39
834,214,5.3,38.73,1,97.6,93.8,1391,182.6,77.4,21.37,-3.078,9.133,4.197,207.0,207.1,66.0,1587,1,60.8,0.4
835,214,5.3,38.55,1,97.6,93.89999999999999,1391,182.5,77.4,21.36,-3.102,9.125,4.197,207.0,207.1,66.0,1587,1,60.8,0.4
836,214,5.3,38.51,1,97.6,93.89999999999999,1392,182.4,77.6,21.34,-3.125,9.113,4.196,207.0,207.1,66.0,1587,1,60.7,0.39
837,214,5.325,38.54,1,97.6,93.89999999999999,1392,182.4,77.4,21.37,-3.141,9.102,4.197,207.0,207.1,66.0,1587,1,60.7,0.39
838,214,5.325,38.58,1,97.6,93.89999999999999,1392,182.5,77.5,21.4,-3.164,9.094,4.197,207.0,207.2,66.0,1587,1,60.6,0.39
839,214,5.325,38.43,1,97.6,93.89999999999999,1392,182.6,77.6,21.36,-3.188,9.078,4.197,207.0,207.2,66.0,1587,1,60.6,0.39
840,214,5.325,38.42,1,97.6,93.8,1391,182.6,77.6,21.34,-3.219,9.07,4.196,207.0,207.2,66.0,1587,1,60.5,0.39
841,214,5.35,38.4,1,97.6,93.8,1392,182.3,77.6,21.36,-3.25,9.063,4.197,207.0,207.3,66.0,1587,1,60.5,0.38
842,214,5.35,38.44,1,97.6,93.8,1391,182.3,77.5,21.4,-3.281,9.055,4.197,207.0,207.3,66.0,1587,1,60.5,0.39
843,214,5.35,38.55,1,97.6,93.8,1391,182.3,77.6,21.35,-3.312,9.043,4.197,207.0,207.3,66.0,1587,1,60.4,0.39
844,214,5.35,38.53,1,97.6,93.8,1391,182.4,77.6,21.39,-3.352,9.031,4.197,207.0,207.3,66.0,1588,1,60.4,0.39
845,214,5.375,38.42,1,97.6,93.8,1391,182.5,77.5,21.37,-3.398,9.02,4.197,207.0,207.4,66.0,1588,1,60.3,0.39
846,213,5.375,38.49,1,97.6,93.8,1392,182.5,77.3,21.37,-3.438,9.012,4.196,207.0,207.4,66.0,1588,1,60.3,0.39
847,213,5.375,38.65,1,97.6,93.8,1391,182.5,77.4,21.4,-3.492,9.0,4.197,207.0,207.4,66.0,1588,1,60.2,0.39
848,213,5.375,38.42,1,97.6,93.8,1391,182.6,77.5,21.42,-3.539,8.988,4.197,207.0,207.4,66.0,1588,1,60.2,0.39
849,213,5.4,38.45,1,97.6,93.8,1391,182.6,77.4,21.38,-3.594,8.98,4.196,207.0,207.5,66.0,1588,1,60.1,0.38
850,213,5.4,38.45,1,97.6,93.8,1391,182.6,77.4,21.38,-3.648,8.969,4.197,207.0,207.5,66.0,1588,1,60.1,0.38
851,213,5.4,38.34,1,97.6,93.8,1391,182.6,77.4,21.38,-3.711,8.957,4.197,208.0,207.6,66.0,1588,1,60.0,0.38
852,213,5.4,38.49,1,97.6,93.8,1391,182.7,77.3,21.4,-3.773,8.945,4.197,207.0,207.6,66.0,1588,1,60.0,0.38
853,213,5.425,38.44,1,97.6,93.8,1391,182.7,77.4,21.36,-3.828,8.938,4.197,208.0,207.7,66.0,1588,1,59.9,0.38
854,213,5.425,38.46,1,97.6,93.8,1392,182.7,77.4,21.39,-3.883,8.926,4.197,208.0,207.7,66.0,1588,1,59.9,0.39
855,213,5.425,38.4,1,97.7,93.8,1392,182.8,77.4,21.41,-3.938,8.914,4.197,208.0,207.8,66.0,1588,1,59.8,0.38
856,213,5.425,38.61,1,97.7,93.8,1392,182.8,77.6,21.34,-3.992,8.906,4.197,208.0,207.9,66.0,1588,1,59.8,0.39
857,213,5.425,38.38,1,97.6,93.8,1391,182.8,77.3,21.37,-4.055,8.895,4.197,207.0,207.9,66.0,1588,1,59.7,0.39
858,213,5.45,38.57,1,97.6,93.7,1391,182.8,77.2,21.32,-4.109,8.887,4.197,208.0,207.9,66.0,1588,1,59.7,0.39
859,213,5.45,38.55,1,97.7,93.8,1391,182.8,77.4,21.39,-4.172,8.875,4.197,208.0,208.0,66.0,1588,1,59.6,0.4
860,213,5.45,38.38,1,97.7,93.8,1391,182.9,77.5,21.36,-4.219,8.867,4.197,208.0,208.0,66.0,1588,1,59.6,0.39
861,213,5.45,38.45,1,97.7,93.8,1390,182.9,77.6,20.88,-4.273,8.855,4.197,208.0,208.0,66.0,1588,1,59.5,0.39
862,213,5.45,38.36,1,97.7,93.7,1391,182.8,77.4,20.77,-4.32,8.848,4.197,208.0,208.0,66.0,1589,1,59.5,0.39
863,213,5.475,38.38,1,97.6,93.7,1391,182.8,77.5,20.83,-4.375,8.84,4.197,208.0,208.1,66.0,1589,1,59.5,0.38
864,213,5.475,38.49,1,97.6,93.7,1390,182.8,77.5,20.8,-4.422,8.828,4.196,208.0,208.2,66.0,1589,1,59.4,0.39
865,213,5.475,38.36,1,97.6,93.7,1389,182.9,77.3,20.61,-4.477,8.82,4.197,208.0,208.2,66.0,1589,1,59.3,0.38
866,213,5.475,38.35,1,97.5,93.7,1389,182.8,77.4,20.73,-4.547,8.812,4.197,208.0,208.3,66.0,1589,1,59.3,0.37
867,213,5.475,38.49,1,97.6,93.8,1388,182.8,77.4,20.78,-4.594,8.805,4.197,208.0,208.3,66.0,1589,1,59.3,0.38
868,213,5.5,38.37,1,97.7,93.8,1389,182.8,77.3,20.73,-4.648,8.793,4.197,208.0,208.4,66.0,1589,1,59.2,0.38
869,213,5.5,38.43,1,97.6,93.7,1389,182.9,77.5,20.84,-4.711,8.781,4.197,208.0,208.4,66.0,1589,1,59.1,0.37
870,213,5.5,38.57,1,97.7,93.7,1390,182.9,77.4,20.81,-4.766,8.773,4.197,208.0,208.5,66.0,1589,1,59.1,0.39
871,213,5.5,38.39,1,97.7,93.7,1390,182.9,77.4,20.75,-4.828,8.762,4.197,208.0,208.5,66.0,1589,1,59.0,0.39
872,213,5.5,38.37,1,97.7,93.7,1389,183.0,77.5,20.75,-4.898,8.754,4.197,208.0,208.6,66.0,1589,1,59.0,0.39
873,213,5.525,38.38,1,97.7,93.7,1389,183.0,77.5,20.84,-4.969,8.742,4.197,208.0,208.6,66.0,1589,1,59.0,0.39
874,213,5.525,38.44,1,97.7,93.8,1389,183.1,77.5,20.8,-5.031,8.734,4.197,208.0,208.7,66.0,1589,1,58.9,0.39
875,213,5.525,38.3,1,97.7,93.7,1389,183.2,77.5,20.73,-5.094,8.727,4.197,208.0,208.7,66.0,1589,1,58.9,0.39
876,213,5.525,38.4,1,97.7,93.7,1389,183.2,77.4,20.82,-5.164,8.715,4.197,208.0,208.7,66.0,1590,1,58.8,0.39
877,213,5.525,38.51,1,97.7,93.7,1389,183.1,77.5,20.79,-5.227,8.707,4.197,208.0,208.8,66.0,1590,1,58.7,0.39
878,213,5.55,38.3,1,97.8,93.8,1390,183.0,77.4,20.79,-5.297,8.695,4.197,208.0,208.8,66.0,1590,1,58.7,0.39
879,213,5.55,38.4,1,97.8,93.7,1389,183.0,77.6,20.75,-5.359,8.688,4.197,208.0,208.9,66.0,1590,1,58.6,0.39
880,213,5.55,38.35,1,97.7,93.7,1389,183.0,77.4,20.8,-5.438,8.68,4.197,208.0,208.9,66.0,1590,1,58.6,0.39
881,213,5.55,38.45,1,97.7,93.7,1389,183.0,77.2,20.8,-5.492,8.668,4.197,208.0,208.9,66.0,1590,1,58.5,0.39
882,213,5.55,38.37,1,97.8,93.7,1389,183.0,77.3,20.82,-5.57,8.66,4.196,208.0,209.0,66.0,1590,1,58.5,0.39
883,213,5.55,38.3,1,97.7,93.60000000000001,1389,183.2,77.4,20.76,-5.648,8.652,4.197,208.0,209.0,66.0,1590,1,58.4,0.38
884,213,5.575,38.36,1,97.8,93.7,1389,183.3,77.2,20.81,-5.711,8.645,4.197,208.0,209.0,66.0,1590,1,58.4,0.39
885,214,5.575,38.31,1,97.8,93.7,1389,183.2,77.5,20.81,-5.781,8.637,4.197,208.0,209.1,66.0,1590,1,58.3,0.39
886,214,5.575,38.42,1,97.8,93.7,1389,183.2,77.6,20.82,-5.852,8.629,4.197,208.0,209.1,66.0,1590,1,58.3,0.39
887,214,5.575,38.37,1,97.8,93.7,1389,183.2,77.5,20.8,-5.922,8.617,4.197,208.0,209.2,66.0,1590,1,58.2,0.39
888,214,5.575,38.24,1,97.8,93.7,1389,183.2,77.4,20.62,-5.984,8.609,4.196,208.0,209.2,66.0,1590,1,58.2,0.39
889,214,5.575,38.42,1,97.8,93.7,1389,183.2,77.4,20.91,-6.047,8.602,4.197,208.0,209.2,66.0,1590,1,58.1,0.39
890,214,5.6,38.39,1,97.89999999999999,93.7,1389,183.2,77.3,20.8,-6.117,8.59,4.197,208.0,209.3,66.0,1590,1,58.0,0.39
891,214,5.6,38.35,1,97.89999999999999,93.7,1389,183.2,77.4,20.76,-6.164,8.582,4.197,208.0,209.3,66.0,1591,1,58.0,0.41
892,214,5.6,38.28,1,97.89999999999999,93.7,1389,183.3,77.5,20.82,-6.227,8.57,4.197,208.0,209.4,66.0,1591,1,58.0,0.39
893,214,5.6,38.25,1,97.89999999999999,93.7,1390,183.4,77.6,20.68,-6.297,8.562,4.197,208.0,209.4,66.0,1591,1,57.9,0.39
894,214,5.6,38.21,1,97.8,93.7,1389,183.4,77.5,20.96,-6.367,8.551,4.197,208.0,209.5,66.0,1591,1,57.8,0.4
895,214,5.6,38.45,1,98.0,93.7,1389,183.4,77.6,21.35,-6.43,8.543,4.197,208.0,209.5,66.0,1591,1,57.8,0.39
896,214,5.625,38.26,1,98.0,93.7,1389,183.5,77.4,21.4,-6.5,8.535,4.197,208.0,209.5,66.0,1591,1,57.7,0.39
897,214,5.625,38.38,1,98.0,93.7,1390,183.5,77.5,21.4,-6.562,8.523,4.197,208.0,209.6,66.0,1591,1,57.7,0.4
898,215,5.625,38.39,1,98.0,93.7,1390,183.4,77.3,21.35,-6.633,8.516,4.197,208.0,209.6,66.0,1591,1,57.6,0.4
899,215,5.625,38.25,1,98.0,93.8,1391,183.4,77.4,21.35,-6.695,8.508,4.197,208.0,209.7,66.0,1591,1,57.6,0.41
900,215,5.625,38.32,1,98.0,93.8,1391,183.2,77.3,21.43,-6.758,8.5,4.197,208.0,209.7,66.0,1591,1,57.5,0.42
901,215,5.625,38.17,1,98.0,93.7,1391,183.1,77.5,21.51,-6.828,8.492,4.197,209.0,209.8,66.0,1591,1,57.4,0.41
902,215,5.65,38.16,1,98.0,93.7,1391,183.2,77.5,21.3,-6.883,8.484,4.197,208.0,209.9,66.0,1591,1,57.4,0.4
903,215,5.65,38.23,1,98.1,93.8,1391,183.2,77.4,21.31,-6.945,8.477,4.197,209.0,209.9,67.0,1591,1,57.3,0.39
904,215,5.65,38.19,1,98.1,93.7,1392,183.3,77.3,21.39,-7.008,8.469,4.197,209.0,209.9,67.0,1591,1,57.3,0.4
905,215,5.65,38.2,1,98.1,93.7,1392,183.1,77.3,21.43,-7.078,8.461,4.197,209.0,210.0,67.0,1592,1,57.2,0.4
906,215,5.65,38.12,1,98.1,93.8,1392,183.2,77.3,21.34,-7.125,8.453,4.197,209.0,210.0,67.0,1592,1,57.1,0.41
907,215,5.65,38.4,1,98.1,93.8,1393,183.2,77.3,21.32,-7.195,8.445,4.197,209.0,210.0,67.0,1592,1,57.1,0.4
908,215,5.675,38.26,1,98.1,93.7,1393,183.2,77.4,21.37,-7.25,8.434,4.197,209.0,210.1,67.0,1592,1,57.0,0.39
909,216,5.675,38.15,1,98.2,93.7,1392,183.2,77.3,21.29,-7.32,8.426,4.197,210.0,210.1,67.0,1592,1,57.0,0.39
910,216,5.675,38.38,1,98.2,93.7,1392,183.2,77.5,21.4,-7.383,8.418,4.197,210.0,210.1,67.0,1592,1,56.9,0.4
911,216,5.675,38.37,1,98.2,93.8,1392,183.2,77.5,21.36,-7.445,8.41,4.197,210.0,210.2,67.0,1592,1,56.9,0.41
912,216,5.675,38.25,1,98.2,93.8,1393,183.2,77.4,21.38,-7.523,8.398,4.197,210.0,210.2,67.0,1592,1,56.8,0.4
913,216,5.7,38.34,1,98.2,93.8,1393,183.2,77.3,21.4,-7.578,8.391,4.197,210.0,210.3,67.0,1592,1,56.7,0.4
914,216,5.7,38.19,1,98.3,93.8,1393,183.1,77.3,21.37,-7.641,8.383,4.197,210.0,210.3,67.0,1592,1,56.7,0.4
915,216,5.7,38.21,1,98.3,93.8,1393,183.1,77.3,21.39,-7.711,8.375,4.197,210.0,210.4,67.0,1592,1,56.6,0.39
916,216,5.7,38.37,1,98.3,93.8,1394,183.2,77.5,21.35,-7.781,8.367,4.197,210.0,210.4,67.0,1592,1,56.6,0.39
917,217,5.7,38.22,1,98.3,93.8,1394,183.3,77.5,21.38,-7.836,8.355,4.197,210.0,210.5,67.0,1592,1,56.5,0.39
918,217,5.7,38.37,1,98.3,93.8,1394,183.3,77.5,21.39,-7.891,8.352,4.197,210.0,210.5,67.0,1592,1,56.5,0.39
919,217,5.725,38.27,1,98.3,93.8,1394,183.4,77.5,21.33,-7.961,8.344,4.197,210.0,210.6,67.0,1592,1,56.4,0.39
920,217,5.725,38.27,1,98.3,93.8,1394,183.4,77.5,21.36,-8.008,8.336,4.197,210.0,210.7,67.0,1593,1,56.3,0.39
921,217,5.725,38.33,1,98.4,93.8,1395,183.5,77.7,21.36,-8.07,8.328,4.197,210.0,210.7,67.0,1593,1,56.3,0.39
922,217,5.725,38.19,1,98.4,93.8,1395,183.4,77.6,21.33,-8.125,8.316,4.197,211.0,210.8,67.0,1593,1,56.2,0.39
923,217,5.725,38.28,1,98.4,93.8,1395,183.4,77.5,21.36,-8.188,8.309,4.197,211.0,210.8,67.0,1593,1,56.2,0.41
924,218,5.725,38.24,1,98.5,93.8,1395,183.4,77.5,21.34,-8.25,8.301,4.197,211.0,210.9,67.0,1593,1,56.1,0.4
925,218,5.725,38.25,1,98.4,93.8,1396,183.3,77.6,21.34,-8.312,8.293,4.197,211.0,211.0,67.0,1593,1,56.1,0.39
926,218,5.75,38.19,1,98.5,93.8,1396,183.3,77.5,21.39,-8.375,8.285,4.197,211.0,211.1,67.0,1593,1,56.0,0.4
927,218,5.75,38.33,1,98.5,93.8,1396,183.2,77.5,21.38,-8.43,8.277,4.197,211.0,211.1,67.0,1593,1,55.9,0.39
928,218,5.75,38.3,1,98.5,93.8,1396,183.1,77.6,21.36,-8.492,8.27,4.197,211.0,211.2,67.0,1593,1,55.9,0.39
929,218,5.75,38.21,1,98.5,93.8,1396,183.1,77.4,21.36,-8.555,8.262,4.197,211.0,211.3,67.0,1593,1,55.8,0.39
930,219,5.75,38.14,1,98.5,93.8,1397,183.2,77.6,21.34,-8.625,8.254,4.197,211.0,211.4,67.0,1593,1,55.8,0.39
931,219,5.75,38.2,1,98.5,93.8,1397,183.1,77.5,21.35,-8.688,8.246,4.197,211.0,211.4,67.0,1593,1,55.7,0.4
932,219,5.75,38.21,1,98.6,93.8,1396,183.1,77.4,21.37,-8.742,8.238,4.197,211.0,211.5,67.0,1593,1,55.6,0.39
933,219,5.775,38.15,1,98.6,93.8,1396,183.1,77.5,21.35,-8.812,8.227,4.197,211.0,211.6,67.0,1593,1,55.6,0.39
934,219,5.775,38.2,1,98.6,93.8,1396,183.0,77.5,21.3,-8.867,8.219,4.197,211.0,211.6,67.0,1594,1,55.5,0.39
935,220,5.775,38.21,1,98.6,93.89999999999999,1396,183.0,77.4,21.05,-8.93,8.211,4.197,212.0,211.7,67.0,1594,1,55.4,0.4
936,220,5.775,38.23,1,98.6,93.89999999999999,1397,183.0,77.4,20.98,-8.992,8.203,4.197,211.0,211.8,67.0,1594,1,55.4,0.39
937,220,5.775,38.32,1,98.7,93.89999999999999,1397,183.0,77.5,21.02,-9.047,8.195,4.197,212.0,211.8,67.0,1594,1,55.3,0.4
938,220,5.775,38.2,1,98.7,93.89999999999999,1397,183.1,77.5,21.04,-9.102,8.188,4.197,212.0,211.9,67.0,1594,1,55.3,0.39
939,220,5.8,38.17,1,98.7,93.8,1397,183.1,77.6,21.04,-9.156,8.184,4.197,211.0,211.9,67.0,1594,1,55.2,0.39
940,221,5.8,38.25,1,98.7,93.8,1397,183.1,77.4,20.97,-9.219,8.172,4.197,212.0,212.0,67.0,1594,1,55.1,0.4
941,221,5.8,38.09,1,98.7,93.8,1398,183.0,77.5,21.03,-9.273,8.168,4.197,212.0,212.0,67.0,1594,1,55.1,0.41
942,221,5.8,38.29,1,98.7,93.89999999999999,1398,183.0,77.5,20.97,-9.32,8.16,4.197,212.0,212.1,67.0,1594,1,55.0,0.4
943,221,5.8,38.21,1,98.7,93.89999999999999,1398,182.9,77.4,21.0,-9.367,8.152,4.196,212.0,212.1,67.0,1594,1,54.9,0.39
944,221,5.8,38.08,1,98.8,93.89999999999999,1398,182.9,77.6,21.0,-9.414,8.148,4.197,212.0,212.2,67.0,1594,1,54.9,0.39
945,222,5.8,38.1,1,98.8,93.89999999999999,1398,182.9,77.6,20.9,-9.461,8.141,4.197,212.0,212.2,67.0,1594,1,54.8,0.42
946,222,5.825,38.22,1,98.8,93.89999999999999,1398,182.9,77.6,21.01,-9.492,8.133,4.197,212.0,212.2,67.0,1594,1,54.7,0.4
947,222,5.825,38.28,1,98.8,93.89999999999999,1398,183.0,77.5,20.99,-9.539,8.125,4.197,212.0,212.3,67.0,1594,1,54.7,0.43
948,222,5.825,38.18,1,98.8,93.89999999999999,1398,182.9,77.5,21.02,-9.578,8.117,4.197,212.0,212.3,67.0,1595,1,54.6,0.43
949,222,5.825,38.28,1,98.8,93.89999999999999,1398,182.8,77.5,21.01,-9.617,8.109,4.197,212.0,212.3,67.0,1595,1,54.6,0.44
950,222,5.825,38.13,1,98.8,93.89999999999999,1398,182.8,77.5,21.03,-9.672,8.102,4.197,212.0,212.4,67.0,1595,1,54.5,0.43
951,222,5.825,38.1,1,98.8,93.89999999999999,1397,182.8,77.6,21.0,-9.711,8.094,4.197,212.0,212.4,67.0,1595,1,54.4,0.42
952,222,5.85,38.33,1,98.8,93.89999999999999,1398,182.8,77.6,21.01,-9.758,8.082,4.197,212.0,212.4,67.0,1595,1,54.4,0.42
953,222,5.85,38.23,1,98.8,93.8,1398,182.8,77.6,21.04,-9.812,8.074,4.197,212.0,212.4,67.0,1595,1,54.3,0.41
954,222,5.85,38.43,1,98.8,93.8,1399,182.9,77.5,21.03,-9.875,8.062,4.197,212.0,212.5,67.0,1595,1,54.2,0.41
955,222,5.85,38.07,1,98.9,93.89999999999999,1399,182.9,77.6,20.96,-9.922,8.055,4.197,212.0,212.5,67.0,1595,1,54.2,0.42
956,222,5.85,38.06,1,98.9,93.89999999999999,1398,183.0,77.5,21.07,-9.977,8.047,4.197,212.0,212.5,67.0,1595,1,54.1,0.42
957,222,5.85,38.11,1,98.9,93.89999999999999,1399,183.0,77.4,21.0,-10.039,8.035,4.197,212.0,212.6,67.0,1595,1,54.1,0.42
958,222,5.875,38.29,1,98.9,93.89999999999999,1399,182.9,77.4,20.98,-10.109,8.027,4.197,212.0,212.6,67.0,1595,1,54.0,0.42
959,222,5.875,38.31,1,98.9,93.89999999999999,1398,182.9,77.4,21.0,-10.172,8.02,4.197,212.0,212.6,67.0,1595,1,53.9,0.42
960,222,5.875,38.04,1,98.9,93.89999999999999,1398,182.8,77.4,20.99,-10.234,8.016,4.197,212.0,212.6,67.0,1595,1,53.8,0.42
961,222,5.875,37.98,1,99.0,93.89999999999999,1398,182.8,77.4,20.98,-10.297,8.004,4.197,212.0,212.7,67.0,1595,1,53.8,0.42
962,222,5.875,38.18,1,99.0,93.89999999999999,1398,182.9,77.5,20.99,-10.359,7.996,4.197,212.0,212.8,67.0,1596,1,53.7,0.42
963,223,5.875,38.14,1,99.0,93.89999999999999,1399,183.0,77.5,20.98,-10.422,7.988,4.197,212.0,212.8,67.0,1596,1,53.7,0.43
964,223,5.9,38.68,1,99.0,93.89999999999999,1399,183.0,77.5,21.02,-10.477,7.98,4.197,212.0,212.8,67.0,1596,1,53.6,0.42
965,223,5.9,38.1,1,99.0,93.89999999999999,1400,182.9,77.4,20.95,-10.539,7.973,4.197,213.0,212.9,67.0,1596,1,53.5,0.42
966,223,5.9,38.23,1,99.0,93.89999999999999,1400,182.9,77.7,20.98,-10.594,7.965,4.197,212.0,213.0,67.0,1596,1,53.5,0.42
967,223,5.9,38.17,1,99.0,93.89999999999999,1400,182.9,77.6,21.07,-10.648,7.957,4.197,212.0,213.0,67.0,1596,1,53.4,0.41
968,223,5.9,38.23,1,99.1,93.89999999999999,1401,182.9,77.5,20.98,-10.695,7.949,4.197,212.0,213.1,67.0,1596,1,53.3,0.4
969,223,5.9,38.25,1,99.1,93.89999999999999,1400,183.0,77.6,20.96,-10.75,7.941,4.197,212.0,213.1,67.0,1596,1,53.3,0.4
970,223,5.9,38.2,1,99.1,93.89999999999999,1401,183.0,77.4,21.01,-10.805,7.934,4.197,213.0,213.2,67.0,1596,1,53.2,0.39
971,223,5.925,38.35,1,99.0,93.89999999999999,1401,183.1,77.4,20.99,-10.859,7.926,4.197,212.0,213.2,67.0,1596,1,53.1,0.39
972,223,5.925,38.13,1,99.1,93.89999999999999,1401,183.1,77.4,21.05,-10.914,7.914,4.197,212.0,213.3,67.0,1596,1,53.1,0.4
973,223,5.925,38.16,1,99.1,93.89999999999999,1401,183.0,77.4,20.96,-10.953,7.906,4.197,213.0,213.3,67.0,1596,1,53.0,0.39
974,223,5.925,38.2,1,99.1,93.89999999999999,1401,183.1,77.4,20.93,-10.992,7.898,4.197,213.0,213.3,67.0,1596,1,52.9,0.38
975,223,5.925,38.14,1,99.1,93.89999999999999,1401,182.9,77.5,21.09,-11.031,7.891,4.197,213.0,213.4,67.0,1596,1,52.9,0.37
976,223,5.925,38.16,1,99.1,93.89999999999999,1401,182.9,77.4,21.02,-11.078,7.883,4.197,213.0,213.5,67.0,1597,1,52.8,0.38
977,223,5.95,38.2,1,99.1,93.89999999999999,1401,182.9,77.4,20.99,-11.117,7.871,4.197,213.0,213.5,67.0,1597,1,52.7,0.37
978,223,5.95,38.35,1,99.1,93.89999999999999,1401,183.0,77.4,20.99,-11.148,7.867,4.197,213.0,213.6,67.0,1597,1,52.6,0.36
979,223,5.95,38.09,1,99.1,93.89999999999999,1400,183.1,77.4,20.99,-11.195,7.855,4.197,213.0,213.6,67.0,1597,1,52.6,0.37
980,223,5.95,38.22,1,99.2,93.89999999999999,1400,183.0,77.5,21.0,-11.227,7.848,4.197,213.0,213.7,67.0,1597,1,52.5,0.38
981,223,5.95,38.15,1,99.1,93.89999999999999,1400,183.1,77.6,21.1,-11.266,7.84,4.197,213.0,213.7,67.0,1597,1,52.4,0.38
982,223,5.95,38.03,1,99.2,93.89999999999999,1400,183.0,77.2,21.05,-11.312,7.828,4.197,213.0,213.8,67.0,1597,1,52.4,0.38
983,223,5.975,38.1,1,99.2,93.89999999999999,1400,183.0,77.4,21.02,-11.352,7.82,4.197,213.0,213.8,67.0,1597,1,52.3,0.38
984,223,5.975,38.21,1,99.1,93.89999999999999,1401,183.0,77.6,21.03,-11.383,7.813,4.197,213.0,213.8,67.0,1597,1,52.2,0.37
985,223,5.975,38.15,1,99.1,93.89999999999999,1401,183.1,77.5,21.0,-11.422,7.805,4.197,213.0,213.9,67.0,1597,1,52.2,0.38
986,223,5.975,38.17,1,99.2,93.89999999999999,1401,183.1,77.3,21.02,-11.461,7.797,4.197,213.0,213.9,67.0,1597,1,52.1,0.39
987,223,5.975,38.08,1,99.2,93.89999999999999,1402,183.2,77.5,21.01,-11.484,7.789,4.197,213.0,214.0,67.0,1597,1,52.0,0.39
988,223,5.975,38.17,1,99.2,93.89999999999999,1401,183.2,77.4,20.96,-11.516,7.781,4.197,213.0,214.0,67.0,1597,1,52.0,0.39
989,223,5.975,38.18,1,99.2,93.89999999999999,1401,183.2,77.1,21.04,-11.555,7.773,4.197,213.0,214.1,67.0,1597,1,51.9,0.38
990,223,6.0,38.15,1,99.2,93.89999999999999,1401,183.1,77.3,21.06,-11.586,7.766,4.197,213.0,214.1,67.0,1598,1,51.8,0.38
991,223,6.0,38.09,1,99.2,93.89999999999999,1402,183.1,77.4,20.98,-11.617,7.758,4.197,213.0,214.2,67.0,1598,1,51.8,0.38
992,223,6.0,38.07,1,99.2,93.89999999999999,1402,183.1,77.3,20.98,-11.656,7.75,4.196,213.0,214.2,67.0,1598,1,51.7,0.39
993,223,6.0,38.09,1,99.2,93.89999999999999,1401,183.1,77.2,21.13,-11.688,7.738,4.197,213.0,214.3,67.0,1598,1,51.6,0.39
994,224,6.0,38.06,1,99.2,93.89999999999999,1401,183.1,77.3,21.03,-11.727,7.73,4.197,213.0,214.3,67.0,1598,1,51.6,0.38
995,224,6.0,37.97,1,99.2,93.89999999999999,1402,183.2,77.3,21.0,-11.773,7.723,4.197,213.0,214.4,67.0,1598,1,51.5,0.38
996,224,6.025,38.12,1,99.2,93.89999999999999,1402,183.2,77.3,21.0,-11.812,7.715,4.197,213.0,214.4,67.0,1598,1,51.4,0.38
997,224,6.025,38.33,1,99.3,93.89999999999999,1402,183.1,77.3,21.03,-11.859,7.707,4.197,213.0,214.5,68.0,1598,1,51.3,0.39
998,224,6.025,37.99,1,99.3,93.89999999999999,1402,183.2,77.3,21.05,-11.906,7.695,4.197,213.0,214.4,67.0,1598,1,51.3,0.39
999,224,6.025,38.0,1,99.2,93.89999999999999,1402,183.2,77.4,21.02,-11.953,7.691,4.197,213.0,214.4,68.0,1598,1,51.2,0.38
1000,224,6.025,38.14,1,99.2,93.89999999999999,1403,183.2,77.3,21.02,-12.0,7.68,4.197,213.0,214.3,68.0,1598,1,51.1,0.38
1001,224,6.025,38.11,1,99.3,93.89999999999999,1402,183.1,77.4,20.96,-12.047,7.676,4.197,213.0,214.2,68.0,1598,1,51.0,0.37
1002,224,6.025,38.15,1,99.2,93.89999999999999,1402,183.0,77.4,21.02,-12.086,7.668,4.197,213.0,214.0,68.0,1598,1,51.0,0.37
1003,225,6.025,38.17,1,99.2,93.89999999999999,1402,183.0,77.5,21.02,-12.133,7.66,4.197,213.0,213.8,68.0,1598,1,50.9,0.37
1004,225,6.05,38.09,1,99.3,93.89999999999999,1402,183.0,77.5,21.0,-12.188,7.652,4.197,213.0,213.6,68.0,1598,1,50.8,0.37
1005,225,6.05,38.17,1,99.2,93.8,1402,183.1,77.4,21.07,-12.234,7.645,4.197,212.0,213.3,68.0,1599,1,50.8,0.37
1006,225,6.05,38.1,1,99.2,93.8,1402,183.1,77.5,21.01,-12.289,7.637,4.197,212.0,213.0,68.0,1599,1,50.7,0.37
1007,225,6.05,38.05,1,99.3,93.89999999999999,1402,183.0,77.3,21.0,-12.336,7.625,4.197,212.0,212.6,68.0,1599,1,50.6,0.37
1008,225,6.05,38.13,1,99.3,93.89999999999999,1402,183.0,77.3,21.04,-12.391,7.621,4.197,212.0,212.3,68.0,1599,1,50.6,0.36
1009,226,6.05,38.13,1,99.4,93.89999999999999,1402,183.2,77.4,20.96,-12.453,7.613,4.197,211.0,212.0,68.0,1599,1,50.5,0.37
1010,226,6.05,38.11,1,99.3,93.89999999999999,1401,183.2,77.5,21.05,-12.508,7.605,4.197,210.0,211.6,68.0,1599,1,50.4,0.37
1011,226,6.05,38.11,1,99.3,93.89999999999999,1402,183.2,77.6,21.01,-12.57,7.602,4.197,210.0,211.3,68.0,1599,1,50.3,0.37
1012,226,6.075,38.08,1,99.3,93.89999999999999,1402,183.2,77.4,21.05,-12.625,7.594,4.197,210.0,210.9,68.0,1599,1,50.3,0.37
1013,226,6.075,38.06,1,99.4,93.89999999999999,1402,183.1,77.3,20.95,-12.688,7.59,4.197,208.0,210.5,68.0,1599,1,50.2,0.37
1014,227,6.075,38.05,1,99.4,93.89999999999999,1402,183.3,77.5,20.96,-12.742,7.582,4.197,208.0,210.2,68.0,1599,1,50.1,0.36
1015,227,6.075,38.1,1,99.4,93.89999999999999,1402,183.2,77.6,21.09,-12.797,7.574,4.197,208.0,209.8,68.0,1599,1,50.1,0.36
1016,227,6.075,37.95,1,99.4,93.89999999999999,1402,183.2,77.5,21.03,-12.852,7.57,4.197,208.0,209.4,68.0,1599,1,50.0,0.37
1017,227,6.075,38.04,1,99.4,93.89999999999999,1402,183.4,77.4,21.03,-12.898,7.562,4.197,208.0,209.1,68.0,1599,1,49.9,0.36
1018,227,6.075,38.03,1,99.4,93.89999999999999,1403,183.4,77.4,20.98,-12.953,7.555,4.197,208.0,208.9,68.0,1600,1,49.8,0.36
1019,227,6.1,38.0,1,99.4,93.89999999999999,1403,183.3,77.5,21.06,-13.0,7.551,4.197,207.0,208.7,68.0,1600,1,49.8,0.38
1020,228,6.1,37.98,1,99.4,93.89999999999999,1403,183.2,77.4,21.01,-13.047,7.543,4.197,207.0,208.4,68.0,1600,1,49.7,0.37
1021,228,6.1,37.94,1,99.4,93.89999999999999,1403,183.3,77.4,20.96,-13.094,7.535,4.196,207.0,208.3,68.0,1600,1,49.6,0.36
1022,228,6.1,38.02,1,99.5,93.89999999999999,1403,183.3,77.3,21.01,-13.148,7.527,4.197,207.0,208.2,68.0,1600,1,49.6,0.36
1023,228,6.1,37.87,1,99.5,93.89999999999999,1403,183.3,77.5,20.97,-13.195,7.52,4.197,207.0,208.1,68.0,1600,1,49.5,0.35
1024,228,6.1,37.91,1,99.5,93.89999999999999,1403,183.2,77.3,21.07,-13.242,7.512,4.197,207.0,208.1,68.0,1600,1,49.4,0.35
1025,228,6.1,37.86,1,99.5,93.89999999999999,1402,183.2,77.2,21.0,-13.289,7.508,4.197,207.0,208.2,68.0,1600,1,49.3,0.36
1026,228,6.1,37.92,1,99.5,93.89999999999999,1402,183.2,77.3,21.05,-13.336,7.5,4.197,207.0,208.2,68.0,1600,1,49.3,0.36
1027,228,6.125,37.92,1,99.5,93.89999999999999,1402,183.2,77.4,20.96,-13.383,7.492,4.197,208.0,208.3,68.0,1600,1,49.2,0.36
1028,228,6.125,37.9,1,99.5,93.89999999999999,1403,183.2,77.4,20.98,-13.43,7.488,4.197,207.0,208.4,68.0,1600,1,49.1,0.36
1029,228,6.125,37.98,1,99.5,93.89999999999999,1403,183.3,77.2,21.05,-13.477,7.477,4.197,208.0,208.5,68.0,1600,1,49.1,0.36
1030,228,6.125,37.9,1,99.5,93.89999999999999,1403,183.2,77.4,21.06,-13.516,7.469,4.197,208.0,208.6,68.0,1600,1,49.0,0.35
1031,228,6.125,37.83,1,99.5,93.89999999999999,1403,183.2,77.3,21.0,-13.57,7.461,4.197,208.0,208.8,68.0,1600,1,48.9,0.36
1032,228,6.125,38.06,1,99.6,93.89999999999999,1403,183.2,77.3,21.05,-13.625,7.453,4.197,208.0,208.9,68.0,1601,1,48.8,0.36
1033,228,6.15,38.22,1,99.5,93.89999999999999,1403,183.2,77.2,21.04,-13.688,7.445,4.197,208.0,209.1,68.0,1601,1,48.8,0.35
1034,228,6.15,37.73,1,99.6,93.89999999999999,1403,183.3,77.3,21.01,-13.742,7.438,4.197,208.0,209.3,68.0,1601,1,48.7,0.35
1035,228,6.15,38.05,1,99.6,93.89999999999999,1403,183.2,77.2,21.03,-13.789,7.426,4.197,208.0,209.5,68.0,1601,1,48.6,0.36
1036,228,6.15,38.09,1,99.6,93.89999999999999,1403,183.3,77.2,20.98,-13.852,7.418,4.197,208.0,209.8,68.0,1601,1,48.6,0.35
1037,228,6.15,37.97,1,99.6,93.89999999999999,1402,183.2,77.4,21.02,-13.914,7.41,4.197,208.0,210.0,68.0,1601,1,48.5,0.35
1038,228,6.15,38.16,1,99.6,93.89999999999999,1402,183.2,77.4,20.99,-13.977,7.402,4.197,209.0,210.2,68.0,1601,1,48.4,0.35
1039,229,6.15,38.04,1,99.6,93.89999999999999,1404,183.2,77.2,21.03,-14.031,7.391,4.197,210.0,210.4,68.0,1601,1,48.3,0.34
1040,229,6.15,38.03,1,99.6,93.89999999999999,1404,183.2,77.4,21.03,-14.102,7.387,4.197,210.0,210.6,68.0,1601,1,48.3,0.35
1041,229,6.175,38.16,1,99.6,93.89999999999999,1403,183.2,77.3,21.07,-14.164,7.383,4.197,211.0,210.8,68.0,1601,1,48.2,0.34
1042,230,6.175,38.07,1,99.6,93.89999999999999,1403,183.3,77.4,21.02,-14.227,7.379,4.197,210.0,211.1,68.0,1601,1,48.1,0.35
1043,231,6.175,38.04,1,99.7,93.89999999999999,1403,183.2,77.4,21.08,-14.289,7.375,4.197,211.0,211.3,68.0,1601,1,48.0,0.35
1044,232,6.175,38.07,1,99.7,93.89999999999999,1403,183.2,77.4,21.05,-14.344,7.371,4.197,211.0,211.5,68.0,1601,1,48.0,0.36
1045,233,6.175,38.04,1,99.7,93.89999999999999,1404,183.3,77.4,21.02,-14.398,7.371,4.197,211.0,211.8,68.0,1601,1,47.9,0.35
1046,234,6.175,38.1,1,99.7,93.89999999999999,1404,183.3,77.4,21.06,-14.438,7.371,4.197,211.0,212.0,68.0,1601,1,47.8,0.35
1047,235,6.175,38.09,1,99.7,93.89999999999999,1404,183.3,77.4,20.97,-14.477,7.375,4.196,212.0,212.3,68.0,1602,1,47.7,0.35
1048,236,6.175,38.09,1,99.7,93.89999999999999,1404,183.3,77.6,20.98,-14.508,7.379,4.197,212.0,212.5,68.0,1602,1,47.7,0.36
1049,237,6.175,38.17,1,99.7,93.89999999999999,1404,183.3,77.5,20.99,-14.531,7.383,4.197,212.0,212.7,68.0,1602,1,47.6,0.36
1050,238,6.175,37.85,1,99.7,93.89999999999999,1405,183.3,77.5,21.03,-14.547,7.391,4.197,212.0,212.9,68.0,1602,1,47.5,0.35
1051,239,6.175,37.98,1,99.8,94.0,1406,183.2,77.7,21.02,-14.555,7.395,4.197,212.0,213.0,68.0,1602,1,47.4,0.35
1052,241,6.175,37.92,1,99.8,94.0,1406,183.2,77.5,21.05,-14.555,7.402,4.197,212.0,213.2,68.0,1602,1,47.4,0.35
1053,242,6.15,37.9,1,99.8,94.0,1406,183.1,77.5,21.02,-14.539,7.41,4.197,213.0,213.3,68.0,1602,1,47.3,0.34
1054,243,6.15,37.85,1,99.8,94.0,1406,183.1,77.4,20.99,-14.523,7.414,4.197,213.0,213.4,68.0,1602,1,47.2,0.35
1055,244,6.15,37.9,1,99.8,94.0,1406,183.1,77.6,20.98,-14.5,7.422,4.197,213.0,213.5,68.0,1602,1,47.1,0.34
1056,246,6.15,38.01,1,99.8,94.0,1406,183.1,77.6,21.07,-14.469,7.43,4.197,213.0,213.5,68.0,1602,1,47.1,0.35
1057,247,6.15,37.92,1,99.8,94.0,1407,183.1,77.6,21.05,-14.43,7.438,4.197,213.0,213.5,68.0,1602,1,47.0,0.35
1058,248,6.15,37.78,1,99.8,94.0,1408,183.1,77.6,20.98,-14.383,7.445,4.197,212.0,213.4,68.0,1602,1,46.9,0.34
1059,249,6.15,37.84,1,99.8,94.0,1407,183.0,77.5,21.05,-14.336,7.457,4.197,212.0,213.3,68.0,1602,1,46.8,0.33
1060,251,6.15,37.85,1,99.8,94.0,1408,183.0,77.8,21.03,-14.281,7.465,4.197,212.0,213.1,68.0,1602,1,46.8,0.34
1061,252,6.15,37.85,1,99.8,94.1,1409,182.9,77.6,20.95,-14.227,7.473,4.197,212.0,212.8,68.0,1602,1,46.7,0.34
1062,253,6.15,37.81,1,99.8,94.0,1410,182.8,77.7,21.02,-14.164,7.48,4.197,211.0,212.5,68.0,1603,1,46.6,0.34
1063,254,6.15,37.85,1,99.8,94.0,1409,182.8,77.6,21.01,-14.102,7.488,4.197,211.0,212.1,68.0,1603,1,46.5,0.34
1064,256,6.15,37.79,1,99.8,94.1,1409,182.8,77.5,21.0,-14.031,7.5,4.197,211.0,211.7,68.0,1603,1,46.4,0.36
1065,257,6.15,38.08,1,99.7,94.0,1409,182.8,77.6,21.02,-13.953,7.508,4.197,210.0,211.2,68.0,1603,1,46.4,0.37
1066,258,6.15,38.59,1,99.7,94.0,1409,182.8,77.6,21.02,-13.883,7.516,4.197,209.0,210.6,68.0,1603,1,46.3,0.34
1067,259,6.15,39.08,1,99.7,94.0,1409,182.7,77.6,21.08,-13.812,7.523,4.197,208.0,210.1,68.0,1603,1,46.2,0.34
1068,260,6.125,39.3,1,99.7,94.0,1409,182.7,77.7,21.16,-13.734,7.531,4.197,208.0,209.5,68.0,1603,1,46.1,0.34
1069,261,6.125,39.58,1,99.7,94.0,1408,182.6,77.6,21.11,-13.664,7.539,4.197,207.0,208.9,68.0,1603,1,46.0,0.34
1070,262,6.15,39.85,1,99.6,94.0,1406,182.5,77.7,21.19,-13.594,7.547,4.197,207.0,208.3,68.0,1603,1,46.0,0.34
1071,263,6.15,39.94,1,99.6,94.0,1406,182.5,77.8,21.2,-13.516,7.555,4.197,207.0,207.7,68.0,1603,1,45.9,0.33
1072,264,6.15,40.18,1,99.6,94.0,1405,182.6,77.7,21.16,-13.445,7.562,4.197,205.0,207.1,68.0,1603,1,45.8,0.34
1073,265,6.15,40.35,1,99.6,94.0,1405,182.5,77.7,21.16,-13.375,7.57,4.197,205.0,206.6,68.0,1603,1,45.7,0.32
1074,266,6.15,40.41,1,99.6,94.0,1403,182.5,77.9,21.15,-13.305,7.578,4.197,205.0,206.1,68.0,1603,1,45.6,0.34
1075,267,6.15,40.43,1,99.5,94.0,1403,182.6,77.8,21.16,-13.234,7.586,4.197,205.0,205.6,68.0,1603,1,45.5,0.34
1076,268,6.15,40.43,1,99.5,94.0,1403,182.6,77.7,21.13,-13.164,7.594,4.197,203.0,205.1,68.0,1603,1,45.4,0.36
1077,269,6.15,40.32,1,99.5,94.0,1402,182.7,77.9,21.09,-13.094,7.602,4.197,203.0,204.6,68.0,1604,1,45.4,0.34
1078,270,6.15,40.43,1,99.5,94.0,1402,182.7,77.8,21.11,-13.023,7.605,4.197,203.0,204.0,68.0,1604,1,45.2,0.34
1079,271,6.15,40.46,1,99.5,94.0,1402,182.7,77.9,21.2,-12.953,7.613,4.197,203.0,203.5,68.0,1604,1,45.2,0.34
1080,272,6.15,40.44,1,99.5,94.0,1403,182.6,77.8,21.16,-12.883,7.617,4.197,203.0,202.9,68.0,1604,1,45.1,0.33
1081,273,6.15,40.41,1,99.5,94.0,1403,182.6,78.0,21.14,-12.82,7.625,4.197,201.0,202.4,68.0,1604,1,45.0,0.33
1082,273,6.15,40.45,1,99.4,94.0,1403,182.6,77.7,21.12,-12.75,7.633,4.197,201.0,201.8,68.0,1604,1,44.9,0.34
1083,274,6.15,40.46,1,99.4,94.0,1403,182.6,77.7,21.15,-12.688,7.641,4.197,200.0,201.3,68.0,1604,1,44.8,0.35
1084,275,6.15,40.42,1,99.4,94.0,1403,182.6,77.9,21.16,-12.625,7.645,4.197,199.0,200.7,68.0,1604,1,44.7,0.36
1085,276,6.15,40.37,1,99.4,94.0,1402,182.6,77.8,21.15,-12.562,7.652,4.197,198.0,200.1,68.0,1604,1,44.6,0.34
1086,277,6.15,40.43,1,99.4,94.0,1402,182.7,77.9,21.13,-12.5,7.66,4.197,197.0,199.5,68.0,1604,1,44.5,0.33
1087,277,6.15,40.4,1,99.4,94.0,1402,182.7,77.7,21.14,-12.43,7.664,4.197,197.0,198.9,68.0,1604,1,44.4,0.33
1088,278,6.15,40.39,1,99.4,94.0,1402,182.8,77.7,21.15,-12.367,7.672,4.197,197.0,198.3,68.0,1604,1,44.3,0.33
1089,279,6.15,40.46,1,99.3,94.0,1402,182.8,77.9,21.14,-12.312,7.676,4.197,196.0,197.8,68.0,1604,1,44.2,0.32
1090,280,6.15,40.42,1,99.4,94.0,1401,182.7,77.8,21.1,-12.25,7.68,4.197,196.0,197.2,68.0,1604,1,44.1,0.33
1091,280,6.15,40.47,1,99.3,94.0,1402,182.6,77.8,21.11,-12.203,7.688,4.197,195.0,196.7,68.0,1604,1,44.0,0.33
1092,281,6.15,40.46,1,99.3,94.0,1402,182.6,77.7,21.14,-12.141,7.691,4.197,195.0,196.2,68.0,1605,1,43.9,0.33
1093,282,6.15,40.44,1,99.3,94.0,1401,182.6,77.8,21.16,-12.086,7.695,4.197,194.0,195.8,68.0,1605,1,43.8,0.33
1094,282,6.15,40.56,1,99.3,94.0,1401,182.6,77.7,21.08,-12.031,7.699,4.197,194.0,195.4,68.0,1605,1,43.7,0.33
1095,283,6.15,40.44,1,99.3,94.0,1401,182.5,77.7,21.13,-11.977,7.707,4.197,194.0,195.0,68.0,1605,1,43.6,0.33
1096,284,6.15,40.41,1,99.3,94.0,1401,182.4,77.7,21.15,-11.922,7.711,4.197,193.0,194.7,69.0,1605,1,43.5,0.33
1097,285,6.15,39.67,1,99.2,94.0,1401,182.6,77.9,21.14,-11.875,7.719,4.197,193.0,194.3,69.0,1605,1,43.4,0.36
1098,285,6.15,39.37,1,99.2,94.0,1402,182.5,77.8,21.18,-11.82,7.723,4.197,193.0,194.1,69.0,1605,1,43.3,0.35
1099,286,6.15,39.12,1,99.3,94.0,1402,182.5,77.7,21.12,-11.766,7.73,4.197,193.0,193.8,69.0,1605,1,43.2,0.34
1100,286,6.15,39.02,1,99.2,94.0,1403,182.5,77.6,21.13,-11.719,7.734,4.197,193.0,193.6,69.0,1605,1,43.1,0.35
1101,287,6.15,38.82,1,99.2,94.0,1403,182.6,77.6,21.18,-11.664,7.738,4.197,192.0,193.3,69.0,1605,1,43.0,0.34
1102,288,6.15,38.78,1,99.2,94.0,1403,182.6,77.7,21.16,-11.617,7.742,4.197,192.0,193.1,69.0,1605,1,42.9,0.34
1103,288,6.15,38.32,1,99.2,94.0,1404,182.6,77.7,21.1,-11.57,7.746,4.197,192.0,192.7,69.0,1605,1,42.8,0.35
1104,289,6.15,38.48,1,99.2,94.0,1404,182.7,77.7,21.1,-11.516,7.75,4.197,190.0,192.4,69.0,1605,1,42.7,0.34
1105,289,6.15,38.32,1,99.1,94.0,1405,182.6,77.7,21.08,-11.477,7.754,4.197,190.0,192.0,69.0,1605,1,42.6,0.33
1106,290,6.15,38.28,1,99.1,94.0,1405,182.5,77.6,21.07,-11.43,7.758,4.197,190.0,191.6,69.0,1605,1,42.5,0.34
1107,291,6.15,38.35,1,99.2,94.0,1405,182.5,77.8,21.09,-11.375,7.762,4.197,190.0,191.3,69.0,1605,1,42.4,0.34
1108,291,6.15,38.38,1,99.1,94.0,1406,182.6,77.7,21.19,-11.336,7.766,4.197,190.0,191.0,69.0,1605,1,42.3,0.32
1109,292,6.15,38.47,1,99.1,93.89999999999999,1405,182.5,77.8,21.2,-11.289,7.77,4.197,189.0,190.7,69.0,1605,1,42.2,0.33
1110,292,6.15,38.28,1,99.0,93.89999999999999,1405,182.6,77.7,21.14,-11.242,7.773,4.197,189.0,190.4,69.0,1606,1,42.1,0.33
1111,293,6.15,38.4,1,99.0,93.89999999999999,1404,182.5,77.7,21.14,-11.203,7.777,4.197,188.0,190.1,69.0,1606,1,42.0,0.33
1112,293,6.15,38.26,1,99.0,93.89999999999999,1404,182.5,77.8,21.2,-11.156,7.781,4.197,187.0,189.8,69.0,1606,1,41.9,0.39
1113,294,6.15,38.43,1,99.0,93.89999999999999,1404,182.5,77.9,21.16,-11.109,7.789,4.197,188.0,189.6,69.0,1606,1,41.8,0.36
1114,294,6.15,38.2,1,99.0,93.89999999999999,1404,182.5,77.7,21.16,-11.062,7.793,4.197,187.0,189.4,69.0,1606,1,41.7,0.36
1115,295,6.15,38.22,1,99.0,93.89999999999999,1404,182.4,77.8,21.1,-11.023,7.797,4.197,187.0,189.2,69.0,1606,1,41.5,0.38
1116,295,6.15,38.23,1,99.0,93.89999999999999,1404,182.3,77.7,21.15,-10.984,7.801,4.197,187.0,189.0,69.0,1606,1,41.4,0.38
1117,295,6.15,38.18,1,99.0,93.89999999999999,1404,182.4,77.6,21.16,-10.938,7.805,4.197,187.0,189.0,69.0,1606,1,41.3,0.38
1118,296,6.15,38.06,1,99.0,93.89999999999999,1405,182.3,77.9,21.09,-10.898,7.809,4.197,187.0,188.9,69.0,1606,1,41.2,0.35
1119,296,6.15,38.36,1,99.0,93.89999999999999,1406,182.3,77.9,21.16,-10.859,7.813,4.197,187.0,188.9,69.0,1606,1,41.1,0.36
1120,297,6.15,38.07,1,99.0,93.89999999999999,1405,182.3,77.9,21.13,-10.82,7.816,4.197,187.0,189.0,69.0,1606,1,41.0,0.35
1121,297,6.15,38.4,1,98.9,93.89999999999999,1405,182.3,78.0,21.08,-10.781,7.82,4.197,187.0,189.1,69.0,1606,1,40.9,0.37
1122,298,6.15,38.26,1,99.0,93.89999999999999,1405,182.3,77.9,21.15,-10.734,7.824,4.197,187.0,189.3,69.0,1606,1,40.8,0.34
1123,298,6.15,38.41,1,99.0,93.89999999999999,1404,182.3,77.8,21.16,-10.703,7.828,4.197,188.0,189.5,69.0,1606,1,40.7,0.34
1124,299,6.15,38.43,1,98.9,93.89999999999999,1404,182.3,77.7,21.15,-10.656,7.832,4.197,189.0,189.7,69.0,1606,1,40.6,0.35
1125,299,6.15,38.34,1,98.9,93.89999999999999,1404,182.2,77.8,21.17,-10.617,7.836,4.197,189.0,189.9,69.0,1606,1,40.5,0.33
1126,299,6.15,38.07,1,98.9,93.89999999999999,1404,182.2,77.7,21.1,-10.578,7.836,4.197,189.0,190.2,69.0,1606,1,40.4,0.34
1127,300,6.15,38.24,1,98.9,93.89999999999999,1403,182.3,77.9,21.11,-10.547,7.844,4.197,190.0,190.5,69.0,1606,1,40.3,0.35
1128,300,6.15,38.16,1,98.9,93.89999999999999,1403,182.3,78.0,21.16,-10.516,7.844,4.197,190.0,190.7,69.0,1607,1,40.1,0.34
1129,300,6.15,38.37,1,98.9,93.89999999999999,1404,182.2,77.9,21.19,-10.484,7.848,4.197,190.0,191.0,69.0,1607,1,40.1,0.33
1130,301,6.15,38.42,1,98.9,93.89999999999999,1404,182.3,77.7,21.14,-10.445,7.852,4.197,190.0,191.3,69.0,1607,1,39.9,0.33
1131,301,6.15,38.45,1,98.8,93.89999999999999,1404,182.2,77.7,21.14,-10.414,7.855,4.197,191.0,191.6,69.0,1607,1,39.8,0.33
1132,301,6.15,38.52,1,98.8,93.89999999999999,1403,182.2,77.8,21.1,-10.383,7.855,4.197,192.0,191.9,69.0,1607,1,39.7,0.34
1133,302,6.15,38.15,1,98.8,93.89999999999999,1403,182.1,77.7,21.1,-10.352,7.859,4.197,192.0,192.2,69.0,1607,1,39.6,0.34
1134,302,6.15,38.07,1,98.8,93.89999999999999,1403,182.1,78.0,21.19,-10.32,7.863,4.197,192.0,192.5,69.0,1607,1,39.5,0.34
1135,302,6.15,38.11,1,98.8,93.89999999999999,1403,182.1,77.8,21.12,-10.297,7.863,4.197,192.0,192.8,69.0,1607,1,39.4,0.36
1136,303,6.15,38.2,1,98.8,93.89999999999999,1403,182.1,77.7,21.1,-10.258,7.867,4.197,193.0,193.1,69.0,1607,1,39.3,0.33
1137,303,6.15,38.35,1,98.8,93.89999999999999,1403,182.0,77.7,21.16,-10.234,7.871,4.197,193.0,193.4,69.0,1607,1,39.2,0.34
1138,303,6.15,38.06,1,98.8,93.89999999999999,1404,182.0,77.8,21.18,-10.203,7.875,4.197,193.0,193.6,69.0,1607,1,39.1,0.36
1139,303,6.15,38.36,1,98.8,93.89999999999999,1403,181.9,77.8,21.14,-10.172,7.875,4.197,194.0,193.9,69.0,1607,1,39.0,0.39
1140,304,6.15,38.24,1,98.8,93.89999999999999,1404,181.9,77.7,21.15,-10.141,7.879,4.197,194.0,194.2,69.0,1607,1,38.9,0.38
1141,304,6.15,38.11,1,98.7,93.89999999999999,1404,182.0,77.6,21.13,-10.117,7.879,4.197,194.0,194.4,69.0,1607,1,38.8,0.37
1142,304,6.15,38.31,1,98.8,93.89999999999999,1404,181.9,77.7,21.19,-10.086,7.883,4.197,194.0,194.6,69.0,1607,1,38.7,0.36
1143,305,6.15,38.34,1,98.8,93.89999999999999,1403,181.8,77.8,21.12,-10.062,7.883,4.197,194.0,194.8,69.0,1607,1,38.6,0.38
1144,305,6.15,38.2,1,98.8,93.89999999999999,1403,181.8,78.0,21.16,-10.031,7.887,4.197,194.0,195.0,69.0,1607,1,38.5,0.39
1145,305,6.15,38.18,1,98.8,93.89999999999999,1403,181.8,77.9,21.18,-10.008,7.891,4.197,195.0,195.1,69.0,1607,1,38.4,0.37
1146,305,6.15,38.3,1,98.7,93.89999999999999,1402,181.8,77.8,21.15,-9.984,7.895,4.197,195.0,195.3,69.0,1607,1,38.3,0.37
1147,306,6.15,38.32,1,98.8,93.89999999999999,1402,181.9,77.7,21.19,-9.961,7.895,4.197,195.0,195.5,69.0,1607,1,38.2,0.37
1148,306,6.15,38.13,1,98.7,93.89999999999999,1402,181.8,77.8,21.14,-9.938,7.898,4.197,195.0,195.6,69.0,1607,1,38.1,0.39
1149,306,6.15,38.1,1,98.7,93.89999999999999,1402,181.8,77.8,21.1,-9.922,7.898,4.197,196.0,195.7,69.0,1608,1,38.0,0.37
1150,306,6.15,38.4,1,98.7,93.89999999999999,1403,181.8,77.8,21.14,-9.898,7.902,4.197,196.0,195.8,69.0,1608,1,37.8,0.38
1151,307,6.15,38.1,1,98.7,93.89999999999999,1402,181.8,77.8,21.17,-9.883,7.902,4.197,196.0,195.9,69.0,1608,1,37.8,0.37
1152,307,6.15,38.42,1,98.7,93.89999999999999,1402,181.8,77.8,21.16,-9.859,7.902,4.197,196.0,196.0,69.0,1608,1,37.6,0.38
1153,307,6.15,38.46,1,98.7,93.89999999999999,1402,181.7,77.8,21.15,-9.844,7.906,4.197,196.0,196.1,69.0,1608,1,37.6,0.39
1154,307,6.15,38.51,1,98.7,93.89999999999999,1402,181.7,77.8,21.09,-9.828,7.906,4.197,196.0,196.1,69.0,1608,1,37.5,0.38
1155,307,6.15,38.21,1,98.7,93.89999999999999,1402,181.8,77.8,21.1,-9.812,7.91,4.197,196.0,196.2,69.0,1608,1,37.4,0.38
1156,308,6.15,38.48,1,98.7,93.89999999999999,1402,181.8,77.8,21.18,-9.789,7.91,4.197,196.0,196.3,69.0,1608,1,37.3,0.37
1157,308,6.15,38.48,1,98.7,93.89999999999999,1402,181.8,77.8,21.14,-9.781,7.914,4.197,196.0,196.3,69.0,1608,1,37.2,0.37
1158,308,6.15,38.29,1,98.7,93.89999999999999,1402,181.9,77.9,21.17,-9.766,7.914,4.197,196.0,196.4,69.0,1608,1,37.1,0.37
1159,308,6.15,38.19,1,98.7,93.89999999999999,1402,181.9,78.0,21.13,-9.75,7.918,4.197,196.0,196.4,69.0,1608,1,36.9,0.39
1160,308,6.15,38.39,1,98.7,93.89999999999999,1402,181.8,77.9,21.12,-9.734,7.918,4.197,196.0,196.5,69.0,1608,1,36.9,0.39
1161,309,6.15,38.11,1,98.6,93.89999999999999,1402,181.9,78.1,21.18,-9.719,7.922,4.197,196.0,196.6,69.0,1608,1,36.7,0.38
1162,309,6.15,38.02,1,98.6,93.89999999999999,1402,181.9,77.9,21.12,-9.703,7.922,4.197,196.0,196.7,69.0,1608,1,36.7,0.38
1163,309,6.15,38.45,1,98.6,93.89999999999999,1402,181.9,77.7,21.14,-9.68,7.922,4.197,197.0,196.9,69.0,1608,1,36.5,0.37
1164,309,6.15,38.45,1,98.6,93.89999999999999,1402,181.8,77.9,21.17,-9.672,7.926,4.197,197.0,197.0,69.0,1608,1,36.5,0.37
1165,309,6.15,38.06,1,98.6,93.89999999999999,1402,181.7,77.7,21.14,-9.656,7.926,4.197,197.0,197.3,69.0,1608,1,36.4,0.38
1166,309,6.15,38.39,1,98.6,93.89999999999999,1403,181.7,77.8,21.16,-9.641,7.922,4.197,197.0,197.5,69.0,1608,1,36.3,0.38
1167,309,6.15,38.48,1,98.6,93.89999999999999,1402,181.7,77.6,21.17,-9.633,7.922,4.197,197.0,197.7,69.0,1608,1,36.2,0.37
1168,309,6.15,38.04,1,98.6,93.8,1402,181.7,77.7,21.21,-9.625,7.918,4.197,198.0,198.0,69.0,1608,1,36.1,0.43
1169,309,6.15,38.31,1,98.6,93.8,1402,181.7,77.7,21.15,-9.625,7.918,4.197,198.0,198.3,69.0,1609,1,36.0,0.42
1170,309,6.15,38.15,1,98.6,93.8,1401,181.6,77.6,21.14,-9.625,7.914,4.197,198.0,198.6,69.0,1609,1,35.9,0.39
1171,309,6.15,38.43,1,98.6,93.89999999999999,1401,181.5,77.6,21.16,-9.625,7.914,4.197,199.0,198.9,69.0,1609,1,35.8,0.4
1172,309,6.15,38.43,1,98.6,93.89999999999999,1401,181.5,77.6,21.15,-9.625,7.91,4.197,199.0,199.2,69.0,1609,1,35.7,0.4
1173,308,6.15,38.49,1,98.6,93.89999999999999,1402,181.6,77.7,21.2,-9.633,7.906,4.197,199.0,199.5,69.0,1609,1,35.6,0.4
1174,308,6.15,38.44,1,98.7,93.89999999999999,1402,181.6,77.8,21.14,-9.641,7.906,4.197,199.0,199.8,69.0,1609,1,35.5,0.4
1175,308,6.15,38.21,1,98.7,93.8,1401,181.6,77.8,21.17,-9.648,7.902,4.197,200.0,200.2,69.0,1609,1,35.4,0.41
1176,308,6.15,38.3,1,98.6,93.8,1400,181.5,77.7,21.15,-9.664,7.898,4.197,201.0,200.5,69.0,1609,1,35.3,0.42
1177,308,6.15,38.07,1,98.6,93.8,1401,181.6,77.7,21.16,-9.68,7.895,4.197,201.0,200.8,69.0,1609,1,35.2,0.45
1178,308,6.175,38.12,1,98.6,93.8,1401,181.6,77.7,21.14,-9.695,7.891,4.197,201.0,201.1,69.0,1609,1,35.1,0.4
1179,308,6.175,38.16,1,98.6,93.8,1401,181.6,77.7,21.14,-9.711,7.887,4.197,203.0,201.3,69.0,1609,1,35.1,0.4
1180,308,6.175,38.39,1,98.6,93.89999999999999,1401,181.5,77.8,21.19,-9.727,7.883,4.197,203.0,201.6,69.0,1609,1,35.0,0.4
1181,308,6.175,38.03,1,98.6,93.8,1402,181.6,77.8,21.15,-9.75,7.879,4.197,203.0,201.9,69.0,1609,1,34.9,0.39
1182,308,6.175,38.25,1,98.6,93.8,1401,181.6,77.7,21.13,-9.766,7.875,4.197,203.0,202.2,69.0,1609,1,34.8,0.42
1183,307,6.175,38.35,1,98.6,93.8,1401,181.5,77.9,21.16,-9.789,7.871,4.197,203.0,202.5,69.0,1609,1,34.7,0.43
1184,307,6.175,38.35,1,98.6,93.8,1401,181.5,77.7,21.15,-9.812,7.867,4.197,203.0,202.7,69.0,1609,1,34.6,0.44
1185,307,6.175,38.29,1,98.6,93.8,1401,181.5,77.6,21.16,-9.82,7.863,4.197,203.0,203.0,69.0,1609,1,34.5,0.46
1186,307,6.175,38.36,1,98.6,93.8,1401,181.5,77.6,21.19,-9.844,7.859,4.197,203.0,203.3,69.0,1609,1,34.4,0.46
1187,307,6.175,38.27,1,98.7,93.8,1402,181.6,77.5,21.14,-9.859,7.855,4.197,203.0,203.5,69.0,1609,1,34.4,0.44
1188,307,6.175,38.38,1,98.7,93.89999999999999,1402,181.6,77.5,21.12,-9.883,7.852,4.197,204.0,203.8,69.0,1609,1,34.3,0.44
1189,307,6.175,38.32,1,98.7,93.8,1401,181.6,77.5,21.13,-9.906,7.848,4.197,204.0,204.0,69.0,1609,1,34.2,0.46
1190,307,6.175,38.31,1,98.7,93.8,1401,181.7,77.9,21.14,-9.93,7.844,4.197,204.0,204.3,69.0,1609,1,34.1,0.46
1191,307,6.175,38.27,1,98.7,93.8,1401,181.6,77.9,21.14,-9.953,7.84,4.197,205.0,204.5,69.0,1610,1,34.0,0.46
1192,307,6.175,38.24,1,98.7,93.8,1401,181.6,77.9,21.18,-9.977,7.836,4.197,205.0,204.7,69.0,1610,1,33.9,0.44
1193,307,6.175,38.23,1,98.7,93.8,1401,181.5,77.7,21.15,-10.008,7.832,4.197,205.0,205.0,69.0,1610,1,33.8,0.47
1194,306,6.175,38.22,1,98.7,93.8,1401,181.4,77.8,21.14,-10.039,7.828,4.197,205.0,205.2,69.0,1610,1,33.7,0.46
1195,306,6.175,38.13,1,98.7,93.8,1401,181.4,77.8,21.14,-10.07,7.824,4.197,205.0,205.4,69.0,1610,1,33.6,0.46
1196,306,6.175,38.17,1,98.7,93.8,1400,181.5,77.8,21.18,-10.102,7.82,4.197,205.0,205.7,70.0,1610,1,33.6,0.47
1197,306,6.175,38.21,1,98.7,93.8,1401,181.6,77.8,21.16,-10.125,7.813,4.197,206.0,205.9,70.0,1610,1,33.5,0.46
1198,306,6.175,38.14,1,98.7,93.8,1401,181.6,77.8,21.17,-10.156,7.813,4.197,206.0,206.1,70.0,1610,1,33.4,0.47
1199,306,6.175,38.17,1,98.7,93.8,1401,181.6,77.8,21.16,-10.18,7.809,4.197,206.0,206.3,69.0,1610,1,33.3,0.46
1200,306,6.2,38.16,1,98.7,93.8,1401,181.6,77.7,21.15,-10.211,7.801,4.197,207.0,206.5,70.0,1610,1,33.2,0.48
1201,306,6.2,38.17,1,98.7,93.8,1400,181.6,77.6,21.14,-10.234,7.801,4.197,207.0,206.7,70.0,1610,1,33.1,0.49
1202,306,6.2,38.16,1,98.7,93.8,1400,181.6,77.6,21.17,-10.258,7.797,4.197,207.0,206.9,70.0,1610,1,33.1,0.47
1203,306,6.2,38.17,1,98.7,93.8,1401,181.5,77.7,21.14,-10.289,7.793,4.197,207.0,207.0,70.0,1610,1,33.0,0.42
1204,305,6.2,38.1,1,98.7,93.8,1402,181.6,77.6,21.15,-10.32,7.789,4.197,207.0,207.2,70.0,1610,1,32.9,0.41
1205,305,6.2,38.14,1,98.7,93.8,1402,181.5,77.7,21.13,-10.352,7.781,4.197,207.0,207.3,70.0,1610,1,32.8,0.45
1206,305,6.2,38.12,1,98.8,93.8,1401,181.5,77.7,21.19,-10.383,7.777,4.197,207.0,207.5,70.0,1610,1,32.7,0.46
1207,305,6.2,38.15,1,98.8,93.8,1402,181.5,77.7,21.14,-10.414,7.773,4.197,207.0,207.6,70.0,1610,1,32.7,0.45
1208,305,6.2,38.13,1,98.8,93.8,1402,181.5,77.8,21.14,-10.445,7.77,4.197,208.0,207.8,70.0,1610,1,32.6,0.46
1209,305,6.2,38.14,1,98.8,93.8,1402,181.4,77.6,21.14,-10.477,7.766,4.197,208.0,207.9,70.0,1610,1,32.5,0.46
1210,305,6.2,38.09,1,98.8,93.8,1401,181.3,77.7,21.15,-10.508,7.762,4.197,208.0,208.0,70.0,1610,1,32.4,0.46
1211,305,6.2,38.11,1,98.8,93.8,1401,181.3,77.7,21.13,-10.539,7.762,4.197,208.0,208.2,70.0,1610,1,32.3,0.46
1212,305,6.2,38.04,1,98.8,93.8,1401,181.3,77.8,21.11,-10.57,7.758,4.197,208.0,208.3,70.0,1610,1,32.3,0.47
1213,304,6.2,38.02,1,98.8,93.8,1401,181.4,77.7,21.12,-10.602,7.754,4.197,208.0,208.5,70.0,1610,1,32.2,0.46
1214,304,6.2,37.97,1,98.8,93.8,1402,181.4,77.7,21.11,-10.625,7.746,4.197,208.0,208.6,70.0,1611,1,32.1,0.45
1215,304,6.2,38.0,1,98.8,93.89999999999999,1401,181.3,77.8,21.14,-10.656,7.742,4.197,208.0,208.8,70.0,1611,1,32.0,0.46
1216,304,6.2,38.23,1,98.8,93.8,1401,181.4,77.5,21.15,-10.68,7.738,4.197,208.0,208.9,70.0,1611,1,31.9,0.45
1217,304,6.2,38.29,1,98.8,93.8,1402,181.4,77.7,21.17,-10.703,7.734,4.197,208.0,209.0,70.0,1611,1,31.8,0.46
1218,304,6.2,38.2,1,98.8,93.8,1402,181.4,77.8,21.18,-10.727,7.73,4.197,208.0,209.2,70.0,1611,1,31.8,0.47
1219,304,6.225,38.19,1,98.8,93.8,1402,181.3,77.7,21.19,-10.75,7.723,4.197,208.0,209.3,70.0,1611,1,31.7,0.45
1220,304,6.225,38.2,1,98.8,93.8,1402,181.3,77.7,21.15,-10.773,7.719,4.197,208.0,209.3,70.0,1611,1,31.6,0.46
1221,303,6.225,38.09,1,98.8,93.8,1402,181.4,77.6,21.14,-10.805,7.715,4.197,208.0,209.3,70.0,1611,1,31.5,0.45
1222,303,6.225,38.23,1,98.8,93.8,1403,181.4,77.6,21.13,-10.828,7.711,4.197,208.0,209.3,70.0,1611,1,31.5,0.46
1223,303,6.225,38.12,1,98.9,93.89999999999999,1403,181.6,77.7,21.1,-10.852,7.707,4.197,208.0,209.2,70.0,1611,1,31.4,0.45
1224,303,6.225,38.13,1,98.9,93.8,1402,181.5,77.7,21.13,-10.883,7.699,4.197,208.0,209.1,70.0,1611,1,31.3,0.45
1225,302,6.225,38.07,1,98.9,93.8,1402,181.6,77.7,21.12,-10.906,7.691,4.197,208.0,209.0,70.0,1611,1,31.2,0.45
1226,302,6.225,38.18,1,98.8,93.8,1402,181.6,77.7,21.12,-10.938,7.684,4.197,208.0,208.8,70.0,1611,1,31.1,0.45
1227,302,6.225,38.26,1,98.9,93.8,1402,181.6,77.7,21.12,-10.977,7.68,4.197,208.0,208.5,70.0,1611,1,31.1,0.44
1228,301,6.225,38.29,1,98.9,93.8,1402,181.6,77.8,21.14,-11.008,7.672,4.197,208.0,208.3,70.0,1611,1,31.0,0.46
1229,301,6.225,38.1,1,98.9,93.8,1402,181.6,77.7,21.14,-11.055,7.664,4.197,207.0,208.1,70.0,1611,1,30.9,0.47
1230,301,6.25,38.18,1,98.9,93.8,1402,181.5,77.7,21.11,-11.094,7.656,4.197,207.0,207.8,70.0,1611,1,30.8,0.45
1231,300,6.25,38.17,1,98.9,93.8,1402,181.5,77.6,21.17,-11.141,7.648,4.197,207.0,207.5,70.0,1611,1,30.8,0.45
1232,300,6.25,38.12,1,98.9,93.8,1402,181.5,77.8,21.2,-11.188,7.641,4.197,207.0,207.2,70.0,1611,1,30.7,0.46
1233,300,6.25,38.06,1,98.9,93.8,1402,181.5,77.8,21.14,-11.242,7.633,4.197,206.0,206.9,70.0,1611,1,30.6,0.46
1234,300,6.25,38.09,1,98.9,93.8,1402,181.5,77.7,21.12,-11.289,7.629,4.197,206.0,206.7,70.0,1611,1,30.5,0.46
1235,299,6.25,38.0,1,98.9,93.8,1402,181.4,77.6,21.17,-11.344,7.621,4.197,205.0,206.4,70.0,1611,1,30.5,0.46
1236,299,6.25,38.09,1,98.9,93.8,1402,181.5,77.8,21.2,-11.398,7.613,4.197,205.0,206.1,70.0,1612,1,30.4,0.45
1237,299,6.25,38.38,1,99.0,93.8,1402,181.4,77.8,21.16,-11.445,7.605,4.197,205.0,205.8,70.0,1612,1,30.3,0.47
1238,298,6.25,38.28,1,99.0,93.8,1402,181.4,77.6,21.18,-11.508,7.598,4.197,205.0,205.6,70.0,1612,1,30.3,0.46
1239,298,6.25,38.25,1,99.0,93.8,1402,181.5,77.6,21.11,-11.562,7.59,4.197,205.0,205.3,70.0,1612,1,30.2,0.46
1240,298,6.25,38.03,1,99.0,93.8,1402,181.4,77.6,21.13,-11.617,7.582,4.197,204.0,205.1,70.0,1612,1,30.1,0.46
1241,298,6.25,38.21,1,99.0,93.8,1402,181.5,77.6,21.17,-11.672,7.574,4.197,203.0,204.8,70.0,1612,1,30.0,0.47
1242,297,6.275,38.28,1,99.0,93.8,1402,181.6,77.5,21.15,-11.727,7.57,4.197,203.0,204.6,70.0,1612,1,30.0,0.46
1243,297,6.275,38.12,1,99.0,93.8,1402,181.7,77.6,21.14,-11.781,7.562,4.197,203.0,204.4,70.0,1612,1,29.9,0.47
1244,297,6.275,38.18,1,99.1,93.8,1403,181.7,77.8,21.16,-11.836,7.559,4.197,203.0,204.2,70.0,1612,1,29.8,0.47
1245,297,6.275,38.15,1,99.0,93.8,1403,181.7,77.6,21.16,-11.883,7.551,4.197,203.0,204.0,70.0,1612,1,29.7,0.47
1246,296,6.275,38.14,1,99.1,93.8,1403,181.7,77.6,21.17,-11.938,7.543,4.197,203.0,203.8,70.0,1612,1,29.7,0.48
1247,296,6.275,38.17,1,99.0,93.8,1403,181.8,77.7,21.14,-11.992,7.535,4.197,203.0,203.7,70.0,1612,1,29.6,0.47
1248,296,6.275,38.1,1,99.1,93.8,1402,181.7,77.6,21.11,-12.047,7.531,4.197,203.0,203.6,70.0,1612,1,29.5,0.48
1249,296,6.275,38.1,1,99.1,93.8,1402,181.6,77.7,21.14,-12.109,7.527,4.197,203.0,203.4,70.0,1612,1,29.4,0.47
1250,296,6.275,38.08,1,99.1,93.8,1402,181.5,77.7,21.15,-12.164,7.52,4.197,203.0,203.3,70.0,1612,1,29.4,0.47
1251,295,6.275,38.09,1,99.1,93.8,1402,181.6,77.6,21.14,-12.227,7.512,4.197,203.0,203.2,70.0,1612,1,29.3,0.47
1252,295,6.275,38.1,1,99.2,93.8,1402,181.7,77.6,21.11,-12.281,7.504,4.197,203.0,203.1,70.0,1612,1,29.2,0.47
1253,295,6.275,38.11,1,99.2,93.8,1402,181.6,77.6,21.15,-12.336,7.5,4.197,203.0,203.1,70.0,1612,1,29.2,0.47
1254,295,6.3,38.03,1,99.1,93.8,1402,181.6,77.6,21.11,-12.391,7.492,4.197,203.0,203.0,70.0,1612,1,29.1,0.47
1255,295,6.3,38.03,1,99.2,93.8,1402,181.5,77.5,21.14,-12.445,7.484,4.197,203.0,202.9,70.0,1612,1,29.0,0.46
1256,294,6.3,38.08,1,99.2,93.8,1402,181.6,77.7,21.17,-12.5,7.477,4.197,203.0,202.9,70.0,1612,1,29.0,0.46
1257,294,6.3,38.06,1,99.2,93.8,1403,181.7,77.7,21.17,-12.562,7.473,4.197,203.0,202.8,70.0,1612,1,28.9,0.47
1258,294,6.3,38.12,1,99.2,93.89999999999999,1403,181.7,77.6,21.18,-12.609,7.465,4.197,203.0,202.8,70.0,1612,1,28.8,0.46
1259,294,6.3,38.02,1,99.2,93.8,1402,181.6,77.6,21.12,-12.672,7.461,4.197,203.0,202.8,70.0,1613,1,28.7,0.47
1260,294,6.3,37.96,1,99.2,93.8,1402,181.7,77.8,21.18,-12.727,7.453,4.197,203.0,202.8,70.0,1613,1,28.7,0.45
1261,294,6.3,37.95,1,99.2,93.8,1402,181.6,77.7,21.2,-12.773,7.445,4.197,203.0,202.8,70.0,1613,1,28.6,0.45
1262,293,6.3,37.96,1,99.2,93.8,1403,181.7,77.7,21.12,-12.82,7.441,4.197,203.0,202.7,70.0,1613,1,28.5,0.45
1263,293,6.3,37.95,1,99.3,93.8,1403,181.7,77.7,21.14,-12.875,7.434,4.197,203.0,202.7,70.0,1613,1,28.5,0.45
1264,293,6.3,37.96,1,99.3,93.8,1403,181.7,77.6,21.17,-12.93,7.43,4.197,203.0,202.7,70.0,1613,1,28.4,0.45
1265,293,6.3,37.94,1,99.3,93.8,1404,181.8,77.8,21.13,-12.984,7.422,4.197,203.0,202.7,70.0,1613,1,28.3,0.46
1266,293,6.3,38.01,1,99.3,93.8,1404,181.8,77.7,21.16,-13.031,7.418,4.197,203.0,202.6,70.0,1613,1,28.2,0.47
1267,293,6.325,38.03,1,99.3,93.89999999999999,1403,181.8,77.8,21.18,-13.086,7.41,4.197,203.0,202.7,70.0,1613,1,28.2,0.47
1268,293,6.325,37.98,1,99.3,93.8,1404,181.8,77.6,21.16,-13.141,7.406,4.197,203.0,202.6,70.0,1613,1,28.1,0.47
1269,293,6.325,38.0,1,99.3,93.8,1404,181.8,77.7,21.12,-13.188,7.398,4.197,203.0,202.7,70.0,1613,1,28.0,0.46
1270,293,6.325,37.99,1,99.3,93.8,1403,181.8,77.6,21.15,-13.242,7.395,4.197,203.0,202.7,70.0,1613,1,28.0,0.45
1271,293,6.325,37.95,1,99.3,93.8,1404,181.8,77.7,21.14,-13.289,7.387,4.197,203.0,202.7,70.0,1613,1,27.9,0.47
1272,293,6.325,38.0,1,99.4,93.8,1404,181.8,77.7,21.17,-13.344,7.383,4.197,203.0,202.7,70.0,1613,1,27.8,0.47
1273,293,6.325,37.98,1,99.4,93.8,1404,181.7,77.7,21.15,-13.398,7.375,4.197,203.0,202.7,70.0,1613,1,27.8,0.47
1274,293,6.325,37.92,1,99.4,93.8,1403,181.7,77.6,21.15,-13.453,7.371,4.197,203.0,202.7,70.0,1613,1,27.7,0.47
1275,293,6.325,37.95,1,99.4,93.8,1403,181.7,77.6,21.2,-13.508,7.367,4.197,203.0,202.7,70.0,1613,1,27.6,0.47
1276,293,6.325,37.92,1,99.4,93.8,1403,181.8,77.8,21.09,-13.562,7.359,4.197,203.0,202.7,70.0,1613,1,27.6,0.47
1277,293,6.325,37.89,1,99.4,93.8,1402,181.8,77.5,21.2,-13.617,7.355,4.197,203.0,202.7,70.0,1613,1,27.5,0.47
1278,293,6.325,37.93,1,99.4,93.8,1403,181.9,77.5,21.17,-13.664,7.348,4.197,203.0,202.7,70.0,1613,1,27.4,0.48
1279,293,6.35,37.97,1,99.4,93.89999999999999,1404,181.8,77.3,21.19,-13.719,7.344,4.197,203.0,202.7,70.0,1613,1,27.4,0.47
1280,293,6.35,37.91,1,99.4,93.8,1404,181.8,77.6,21.16,-13.773,7.336,4.197,203.0,202.7,70.0,1613,1,27.3,0.47
1281,293,6.35,37.95,1,99.5,93.89999999999999,1404,181.7,77.7,21.13,-13.82,7.332,4.197,203.0,202.8,70.0,1613,1,27.2,0.46
1282,293,6.35,37.98,1,99.5,93.89999999999999,1403,181.8,77.3,21.13,-13.875,7.328,4.197,203.0,202.8,70.0,1613,1,27.2,0.47
1283,293,6.35,37.99,1,99.5,93.89999999999999,1404,181.8,77.6,21.17,-13.93,7.32,4.197,203.0,202.8,70.0,1613,1,27.1,0.47
1284,293,6.35,37.97,1,99.5,93.89999999999999,1404,181.7,77.7,21.16,-13.984,7.316,4.197,203.0,202.8,70.0,1614,1,27.0,0.48
1285,293,6.35,37.91,1,99.5,93.89999999999999,1404,181.8,77.6,21.18,-14.039,7.309,4.197,203.0,202.9,70.0,1614,1,27.0,0.47
1286,293,6.35,37.88,1,99.5,93.89999999999999,1404,181.7,77.8,21.17,-14.086,7.305,4.197,203.0,202.9,70.0,1614,1,26.9,0.47
1287,293,6.35,37.9,1,99.5,93.8,1404,181.7,77.5,21.16,-14.141,7.301,4.197,203.0,202.9,70.0,1614,1,26.8,0.47
1288,292,6.35,37.91,1,99.5,93.89999999999999,1404,181.6,77.5,21.18,-14.188,7.293,4.197,203.0,202.9,70.0,1614,1,26.8,0.48
1289,292,6.35,37.86,1,99.5,93.8,1404,181.7,77.7,21.14,-14.234,7.289,4.197,203.0,202.9,70.0,1614,1,26.7,0.47
1290,292,6.35,37.83,1,99.5,93.8,1404,181.7,77.5,21.2,-14.281,7.281,4.197,203.0,202.9,70.0,1614,1,26.6,0.47
1291,292,6.35,37.86,1,99.6,93.8,1404,181.5,77.4,21.17,-14.336,7.273,4.197,203.0,203.0,70.0,1614,1,26.6,0.48
1292,292,6.375,37.87,1,99.6,93.89999999999999,1405,181.5,77.6,21.15,-14.383,7.266,4.197,203.0,203.0,70.0,1614,1,26.5,0.47
1293,292,6.375,37.83,1,99.6,93.8,1405,181.5,77.8,21.17,-14.438,7.262,4.197,203.0,203.0,70.0,1614,1,26.4,0.48
1294,292,6.375,37.73,1,99.6,93.8,1405,181.6,77.5,21.12,-14.492,7.258,4.197,203.0,203.0,70.0,1614,1,26.4,0.48
1295,292,6.375,37.71,1,99.6,93.8,1405,181.6,77.6,21.17,-14.547,7.25,4.197,203.0,203.1,70.0,1614,1,26.3,0.47
1296,292,6.375,37.63,1,99.6,93.8,1405,181.6,77.6,21.15,-14.602,7.246,4.197,203.0,203.1,70.0,1614,1,26.2,0.47
1297,292,6.375,37.59,1,99.6,93.8,1405,181.7,77.5,21.15,-14.648,7.238,4.197,203.0,203.1,70.0,1614,1,26.2,0.47
1298,292,6.375,37.9,1,99.6,93.89999999999999,1405,181.7,77.4,21.11,-14.695,7.234,4.197,203.0,203.1,70.0,1614,1,26.1,0.46
1299,292,6.375,38.03,1,99.6,93.89999999999999,1405,181.7,77.5,21.14,-14.742,7.23,4.197,203.0,203.0,70.0,1614,1,26.1,0.47
1300,292,6.375,37.71,1,99.7,93.8,1404,181.7,77.6,21.12,-14.797,7.223,4.197,203.0,202.9,70.0,1614,1,26.0,0.47
1301,292,6.375,38.15,1,99.6,93.8,1404,181.6,77.6,21.12,-14.852,7.219,4.197,203.0,202.8,70.0,1614,1,25.9,0.47
1302,292,6.375,38.24,1,99.6,93.8,1404,181.6,77.5,21.15,-14.906,7.211,4.197,203.0,202.6,70.0,1614,1,25.9,0.48
1303,292,6.375,37.71,1,99.7,93.8,1404,181.7,77.7,21.12,-14.953,7.207,4.197,203.0,202.4,70.0,1614,1,25.8,0.47
1304,292,6.375,38.08,1,99.7,93.8,1404,181.7,77.6,21.11,-15.008,7.199,4.197,203.0,202.2,70.0,1614,1,25.7,0.48
1305,291,6.375,38.08,1,99.7,93.8,1404,181.8,77.5,21.12,-15.07,7.195,4.197,202.0,201.9,70.0,1614,1,25.7,0.47
1306,291,6.4,37.98,1,99.7,93.8,1404,181.8,77.4,21.16,-15.125,7.191,4.197,201.0,201.6,70.0,1614,1,25.6,0.47
1307,291,6.4,38.02,1,99.7,93.8,1405,181.7,77.5,21.18,-15.18,7.184,4.197,201.0,201.3,70.0,1615,1,25.5,0.47
1308,291,6.4,37.98,1,99.7,93.8,1405,181.7,77.5,21.18,-15.227,7.18,4.197,200.0,201.0,70.0,1615,1,25.5,0.46
1309,291,6.4,37.98,1,99.7,93.8,1405,181.7,77.5,21.17,-15.273,7.172,4.197,200.0,200.8,70.0,1615,1,25.4,0.46
1310,291,6.4,38.04,1,99.7,93.8,1404,181.7,77.7,21.19,-15.32,7.168,4.197,199.0,200.4,70.0,1615,1,25.3,0.47
1311,291,6.4,37.94,1,99.7,93.8,1404,181.7,77.5,21.15,-15.375,7.164,4.197,199.0,200.0,70.0,1615,1,25.3,0.47
1312,291,6.4,38.03,1,99.7,93.8,1404,181.8,77.6,21.12,-15.43,7.156,4.197,198.0,199.7,70.0,1615,1,25.2,0.48
1313,291,6.4,38.0,1,99.8,93.89999999999999,1405,181.9,77.5,21.16,-15.477,7.152,4.197,198.0,199.4,70.0,1615,1,25.1,0.47
1314,291,6.4,37.95,1,99.7,93.8,1406,181.9,77.5,21.16,-15.523,7.145,4.197,198.0,199.1,70.0,1615,1,25.1,0.45
1315,291,6.4,37.91,1,99.7,93.8,1406,181.9,77.6,21.13,-15.57,7.141,4.197,197.0,198.7,70.0,1615,1,25.0,0.47
1316,291,6.4,37.88,1,99.7,93.8,1406,181.9,77.4,21.12,-15.617,7.133,4.197,197.0,198.4,70.0,1615,1,24.9,0.46
1317,291,6.4,37.87,1,99.8,93.8,1406,181.9,77.4,21.16,-15.664,7.129,4.197,197.0,198.0,70.0,1615,1,24.9,0.47
1318,291,6.4,37.87,1,99.8,93.8,1406,181.9,77.5,21.16,-15.719,7.121,4.197,196.0,197.7,70.0,1615,1,24.8,0.47
1319,291,6.425,37.85,1,99.8,93.8,1406,181.9,77.4,21.14,-15.766,7.117,4.197,196.0,197.4,70.0,1615,1,24.7,0.47
1320,291,6.425,38.01,1,99.8,93.8,1405,181.9,77.4,21.18,-15.812,7.109,4.197,196.0,197.1,70.0,1615,1,24.7,0.46
1321,291,6.425,37.87,1,99.8,93.8,1405,181.9,77.4,21.14,-15.867,7.105,4.197,196.0,196.9,70.0,1615,1,24.6,0.47
1322,290,6.425,37.99,1,99.8,93.8,1406,181.9,77.3,21.14,-15.914,7.098,4.197,195.0,196.6,70.0,1615,1,24.5,0.47
1323,290,6.425,37.85,1,99.8,93.8,1406,181.9,77.5,21.16,-15.969,7.094,4.197,195.0,196.3,70.0,1615,1,24.5,0.47
1324,290,6.425,38.02,1,99.8,93.8,1405,181.9,77.3,21.18,-16.016,7.086,4.197,195.0,196.1,70.0,1615,1,24.4,0.46
1325,290,6.425,37.9,1,99.8,93.8,1405,181.8,77.5,21.16,-16.062,7.082,4.197,194.0,195.8,70.0,1615,1,24.4,0.47
1326,290,6.425,37.76,1,99.8,93.8,1406,181.9,77.5,20.91,-16.109,7.074,4.197,194.0,195.6,70.0,1615,1,24.3,0.46
1327,290,6.425,38.04,1,99.8,93.8,1405,181.9,77.4,20.87,-16.156,7.07,4.197,194.0,195.4,70.0,1615,1,24.2,0.46
1328,290,6.425,37.84,1,99.8,93.8,1405,181.9,77.4,20.88,-16.211,7.063,4.197,194.0,195.2,70.0,1615,1,24.1,0.46
1329,290,6.425,37.91,1,99.8,93.8,1404,181.9,77.5,20.86,-16.258,7.059,4.197,194.0,195.0,70.0,1615,1,24.1,0.46
1330,290,6.425,37.99,1,99.8,93.8,1404,181.8,77.5,20.86,-16.305,7.055,4.197,194.0,194.8,70.0,1616,1,24.0,0.46
1331,290,6.425,37.93,1,99.8,93.8,1404,181.8,77.5,20.9,-16.352,7.051,4.197,193.0,194.6,70.0,1616,1,24.0,0.45
1332,290,6.45,37.91,1,99.8,93.8,1404,181.8,77.6,20.88,-16.398,7.043,4.197,193.0,194.5,70.0,1616,1,23.9,0.46
1333,290,6.45,37.9,1,99.8,93.8,1405,181.9,77.5,20.89,-16.453,7.039,4.197,193.0,194.3,70.0,1616,1,23.8,0.46
1334,290,6.45,37.97,1,99.8,93.8,1405,181.9,77.3,20.85,-16.5,7.035,4.197,193.0,194.2,70.0,1616,1,23.8,0.46
1335,290,6.45,37.98,1,99.8,93.8,1404,181.9,77.4,20.83,-16.547,7.027,4.197,193.0,194.1,70.0,1616,1,23.7,0.47
1336,290,6.45,37.92,1,99.8,93.8,1404,181.9,77.5,20.87,-16.594,7.023,4.197,193.0,194.0,70.0,1616,1,23.6,0.47
1337,290,6.45,37.81,1,99.8,93.8,1404,181.9,77.4,20.88,-16.648,7.02,4.197,193.0,193.9,70.0,1616,1,23.6,0.46
1338,290,6.45,37.89,1,99.9,93.8,1404,181.9,77.4,20.86,-16.695,7.012,4.197,193.0,193.8,70.0,1616,1,23.5,0.47
1339,290,6.45,37.89,1,99.8,93.8,1404,181.9,77.5,20.91,-16.742,7.008,4.197,193.0,193.7,70.0,1616,1,23.4,0.47
1340,290,6.45,37.95,1,99.8,93.8,1405,181.9,77.3,20.84,-16.789,7.0,4.197,192.0,193.6,70.0,1616,1,23.4,0.45
1341,290,6.45,37.85,1,99.8,93.8,1405,181.9,77.4,20.87,-16.844,6.996,4.197,193.0,193.5,70.0,1616,1,23.3,0.47
1342,290,6.45,37.83,1,99.8,93.8,1405,181.9,77.3,20.88,-16.891,6.992,4.197,193.0,193.4,70.0,1616,1,23.2,0.47
1343,290,6.45,37.86,1,99.9,93.8,1404,181.9,77.4,20.88,-16.938,6.984,4.197,192.0,193.3,70.0,1616,1,23.2,0.46
1344,290,6.45,37.78,1,99.8,93.8,1404,181.8,77.4,20.87,-16.984,6.98,4.197,192.0,193.3,70.0,1616,1,23.1,0.46
1345,290,6.45,37.85,1,99.8,93.8,1404,181.8,77.5,20.88,-17.031,6.973,4.197,193.0,193.2,70.0,1616,1,23.1,0.46
1346,290,6.475,37.77,1,99.9,93.8,1405,181.9,77.4,20.94,-17.078,6.969,4.197,192.0,193.1,70.0,1616,1,23.0,0.46
1347,290,6.475,37.78,1,99.9,93.8,1404,181.7,77.4,20.87,-17.125,6.965,4.197,192.0,193.1,70.0,1616,1,22.9,0.47
1348,290,6.475,37.79,1,99.9,93.8,1403,181.7,77.4,20.84,-17.172,6.957,4.197,192.0,193.0,70.0,1616,1,22.9,0.47
1349,289,6.475,37.77,1,99.9,93.8,1403,181.7,77.3,20.94,-17.219,6.953,4.197,192.0,193.0,70.0,1616,1,22.8,0.47
1350,289,6.475,37.72,1,99.9,93.8,1403,181.7,77.3,20.93,-17.266,6.949,4.197,192.0,192.9,70.0,1616,1,22.7,0.47
1351,289,6.475,37.79,1,99.9,93.8,1403,181.7,77.3,20.86,-17.305,6.945,4.197,192.0,192.9,70.0,1616,1,22.7,0.46
1352,289,6.475,37.74,1,99.9,93.8,1403,181.7,77.5,20.84,-17.352,6.938,4.197,192.0,192.8,70.0,1616,1,22.6,0.46
1353,289,6.475,37.79,1,99.8,93.7,1402,181.7,77.4,20.91,-17.406,6.934,4.197,192.0,192.8,70.0,1616,1,22.5,0.47
1354,289,6.475,37.69,1,99.9,93.8,1402,181.9,77.3,20.86,-17.453,6.926,4.197,192.0,192.7,70.0,1616,1,22.5,0.47
1355,289,6.475,37.75,1,99.9,93.8,1402,181.8,77.4,20.87,-17.492,6.922,4.197,192.0,192.7,70.0,1617,1,22.4,0.48
1356,289,6.475,37.86,1,99.9,93.8,1403,181.8,77.5,20.84,-17.547,6.918,4.197,192.0,192.7,70.0,1617,1,22.3,0.47
1357,289,6.475,37.68,1,99.9,93.7,1403,181.8,77.5,20.86,-17.602,6.91,4.197,192.0,192.7,70.0,1617,1,22.3,0.47
1358,289,6.475,37.91,1,99.9,93.7,1402,181.9,77.3,20.89,-17.648,6.906,4.197,192.0,192.7,70.0,1617,1,22.2,0.48
1359,289,6.475,37.67,1,99.9,93.7,1403,182.0,77.2,20.86,-17.695,6.898,4.197,192.0,192.7,70.0,1617,1,22.2,0.47
1360,289,6.475,37.64,1,99.9,93.7,1403,182.0,77.3,20.93,-17.75,6.895,4.197,192.0,192.6,70.0,1617,1,22.1,0.47
1361,289,6.5,37.96,1,99.9,93.7,1402,182.0,77.4,20.82,-17.797,6.891,4.197,192.0,192.6,70.0,1617,1,22.0,0.47
1362,289,6.5,37.92,1,99.9,93.7,1402,182.0,77.2,20.96,-17.844,6.883,4.197,192.0,192.6,70.0,1617,1,22.0,0.47
1363,289,6.5,37.79,1,99.9,93.7,1402,182.0,77.4,20.94,-17.898,6.879,4.197,192.0,192.6,70.0,1617,1,21.9,0.46
1364,289,6.5,37.73,1,99.9,93.7,1402,182.0,77.3,20.88,-17.945,6.871,4.197,192.0,192.6,71.0,1617,1,21.8,0.47
1365,289,6.5,37.5,1,99.9,93.7,1402,182.0,77.2,20.84,-17.992,6.867,4.197,192.0,192.5,71.0,1617,1,21.8,0.47
1366,289,6.5,37.79,1,99.9,93.7,1402,181.9,77.3,20.92,-18.047,6.859,4.197,192.0,192.5,71.0,1617,1,21.7,0.47
1367,289,6.5,37.58,1,100.0,93.7,1402,181.9,77.3,20.96,-18.094,6.855,4.197,192.0,192.5,71.0,1617,1,21.6,0.46
1368,289,6.5,37.84,1,100.0,93.7,1402,181.9,77.4,20.87,-18.148,6.848,4.197,192.0,192.4,71.0,1617,1,21.6,0.47
1369,289,6.5,37.59,1,100.0,93.7,1401,181.8,77.5,20.93,-18.188,6.844,4.197,192.0,192.4,71.0,1617,1,21.5,0.47
1370,289,6.5,37.84,1,100.0,93.7,1401,181.7,77.3,20.78,-18.234,6.836,4.197,191.0,192.4,71.0,1617,1,21.4,0.47
1371,289,6.5,37.9,1,100.0,93.7,1401,181.8,77.5,20.93,-18.281,6.832,4.197,192.0,192.4,71.0,1617,1,21.4,0.47
1372,289,6.5,37.87,1,100.0,93.7,1402,181.8,77.3,20.93,-18.328,6.828,4.197,192.0,192.4,71.0,1617,1,21.3,0.47
1373,289,6.5,37.84,1,100.0,93.7,1402,181.8,77.4,20.8,-18.375,6.82,4.197,192.0,192.4,71.0,1617,1,21.2,0.46
1374,289,6.5,37.83,1,100.1,93.7,1402,181.7,77.4,20.76,-18.43,6.816,4.197,192.0,192.4,71.0,1617,1,21.2,0.46
1375,289,6.5,37.79,1,100.0,93.7,1401,181.7,77.3,20.87,-18.484,6.809,4.197,192.0,192.4,71.0,1617,1,21.1,0.47
1376,289,6.525,37.85,1,100.1,93.7,1403,181.8,77.3,20.8,-18.531,6.805,4.197,192.0,192.4,71.0,1617,1,21.1,0.48
1377,289,6.525,37.84,1,100.1,93.7,1403,181.8,77.2,20.92,-18.578,6.797,4.197,192.0,192.4,71.0,1617,1,21.0,0.47
1378,289,6.525,37.83,1,100.1,93.7,1403,181.8,77.2,20.83,-18.625,6.793,4.197,192.0,192.4,71.0,1617,1,20.9,0.47
1379,289,6.525,37.82,1,100.2,93.7,1402,181.8,77.2,21.0,-18.672,6.789,4.197,192.0,192.4,71.0,1617,1,20.9,0.47
1380,289,6.525,37.88,1,100.2,93.8,1402,181.8,77.5,21.02,-18.719,6.785,4.197,192.0,192.5,71.0,1618,1,20.8,0.47
1381,289,6.525,37.86,1,100.29999999999998,93.7,1403,181.8,77.6,21.0,-18.766,6.781,4.197,192.0,192.5,71.0,1618,1,20.7,0.47
1382,289,6.525,37.85,1,100.2,93.7,1403,181.8,77.5,21.04,-18.812,6.773,4.197,192.0,192.5,71.0,1618,1,20.7,0.47
1383,289,6.525,37.82,1,100.29999999999998,93.7,1403,181.8,77.5,21.05,-18.852,6.77,4.197,192.0,192.5,71.0,1618,1,20.6,0.48
1384,289,6.525,37.87,1,100.29999999999998,93.8,1403,181.7,77.4,21.04,-18.898,6.766,4.197,192.0,192.5,71.0,1618,1,20.6,0.47
1385,289,6.525,37.86,1,100.4,93.8,1403,181.7,77.4,21.01,-18.938,6.762,4.197,192.0,192.6,71.0,1618,1,20.5,0.47
1386,289,6.525,37.89,1,100.4,93.8,1403,181.8,77.4,20.94,-18.984,6.758,4.197,192.0,192.6,71.0,1618,1,20.4,0.48
1387,289,6.525,37.78,1,100.29999999999998,93.7,1403,181.8,77.3,21.3,-19.023,6.75,4.197,192.0,192.6,71.0,1618,1,20.3,0.47
1388,289,6.525,37.81,1,100.4,93.7,1403,181.7,77.3,21.34,-19.07,6.746,4.197,192.0,192.6,71.0,1618,1,20.3,0.47
1389,289,6.525,37.84,1,100.4,93.8,1403,181.6,77.1,21.29,-19.109,6.742,4.197,192.0,192.6,71.0,1618,1,20.2,0.47
1390,289,6.525,37.85,1,100.4,93.8,1403,181.7,77.2,21.34,-19.148,6.738,4.197,192.0,192.6,71.0,1618,1,20.1,0.47
1391,290,6.55,37.84,1,100.49999999999999,93.8,1403,181.7,77.3,21.28,-19.195,6.73,4.197,192.0,192.6,71.0,1618,1,20.1,0.48
1392,290,6.55,37.8,1,100.49999999999999,93.7,1403,181.7,77.4,21.32,-19.234,6.73,4.197,192.0,192.6,71.0,1618,1,20.0,0.48
1393,290,6.55,37.73,1,100.49999999999999,93.7,1404,181.7,77.4,21.26,-19.273,6.723,4.197,192.0,192.7,71.0,1618,1,20.0,0.48
1394,290,6.55,37.79,1,100.49999999999999,93.7,1404,181.7,77.5,21.37,-19.32,6.719,4.197,192.0,192.7,71.0,1618,1,19.9,0.47
1395,290,6.55,37.79,1,100.49999999999999,93.8,1404,181.6,77.5,21.39,-19.367,6.715,4.197,192.0,192.7,71.0,1618,1,19.8,0.48
1396,290,6.55,37.77,1,100.6,93.8,1404,181.7,77.5,21.29,-19.414,6.711,4.197,192.0,192.7,71.0,1618,1,19.8,0.48
1397,290,6.55,37.7,1,100.49999999999999,93.7,1404,181.7,77.4,21.3,-19.453,6.707,4.197,192.0,192.7,71.0,1618,1,19.7,0.48
1398,290,6.55,37.71,1,100.6,93.7,1404,181.8,77.4,21.35,-19.484,6.703,4.197,193.0,192.8,71.0,1618,1,19.6,0.47
1399,290,6.55,37.64,1,100.6,93.7,1405,181.6,77.5,21.35,-19.523,6.699,4.197,192.0,192.8,71.0,1618,1,19.6,0.47
1400,290,6.55,37.69,1,100.6,93.8,1405,181.6,77.5,21.31,-19.562,6.691,4.197,192.0,192.8,71.0,1618,1,19.5,0.48
1401,290,6.55,37.6,1,100.6,93.7,1405,181.6,77.3,21.39,-19.594,6.688,4.197,193.0,192.8,71.0,1618,1,19.4,0.48
1402,290,6.55,37.55,1,100.6,93.7,1405,181.5,77.5,21.32,-19.641,6.684,4.197,193.0,192.8,71.0,1619,1,19.4,0.48
1403,290,6.55,37.58,1,100.69999999999999,93.8,1405,181.5,77.5,21.36,-19.672,6.68,4.197,193.0,192.8,71.0,1619,1,19.3,0.47
1404,290,6.55,37.58,1,100.69999999999999,93.8,1406,181.4,77.3,21.35,-19.711,6.676,4.197,192.0,192.7,71.0,1619,1,19.3,0.47
1405,290,6.55,37.54,1,100.69999999999999,93.8,1406,181.4,77.2,21.36,-19.758,6.668,4.197,192.0,192.7,71.0,1619,1,19.2,0.48
1406,290,6.575,37.5,1,100.69999999999999,93.8,1406,181.4,77.4,21.38,-19.797,6.664,4.197,192.0,192.5,71.0,1619,1,19.1,0.47
1407,290,6.575,37.46,1,100.69999999999999,93.8,1405,181.4,77.4,21.38,-19.844,6.66,4.197,192.0,192.3,71.0,1619,1,19.1,0.48
1408,290,6.575,37.53,1,100.69999999999999,93.7,1406,181.4,77.4,21.31,-19.883,6.656,4.197,192.0,192.1,71.0,1619,1,19.0,0.48
1409,290,6.575,37.93,1,100.69999999999999,93.7,1406,181.4,77.5,21.39,-19.93,6.648,4.197,191.0,191.8,71.0,1619,1,18.9,0.48
1410,290,6.575,37.75,1,100.8,93.8,1406,181.4,77.4,21.3,-19.969,6.645,4.197,190.0,191.6,71.0,1619,1,18.8,0.48
1411,290,6.575,37.6,1,100.8,93.8,1406,181.4,77.3,21.35,-20.008,6.641,4.197,190.0,191.3,71.0,1619,1,18.8,0.47
1412,290,6.575,37.54,1,100.89999999999999,93.8,1406,181.4,77.4,21.34,-20.047,6.637,4.197,190.0,191.0,71.0,1619,1,18.7,0.48
1413,290,6.575,37.83,1,100.8,93.7,1406,181.5,77.6,21.33,-20.094,6.633,4.197,190.0,190.7,71.0,1619,1,18.7,0.48
1414,290,6.575,37.44,1,100.89999999999999,93.8,1406,181.4,77.5,21.38,-20.133,6.629,4.197,189.0,190.5,71.0,1619,1,18.6,0.48
1415,290,6.575,37.87,1,100.89999999999999,93.8,1406,181.5,77.5,21.31,-20.172,6.625,4.197,189.0,190.1,71.0,1619,1,18.5,0.48
1416,291,6.575,37.76,1,100.89999999999999,93.7,1406,181.5,77.5,21.29,-20.211,6.617,4.197,189.0,189.8,71.0,1619,1,18.5,0.48
1417,291,6.575,37.65,1,100.89999999999999,93.8,1406,181.4,77.4,21.34,-20.25,6.613,4.197,189.0,189.5,71.0,1619,1,18.4,0.49
1418,291,6.575,37.82,1,100.89999999999999,93.8,1406,181.5,77.4,21.34,-20.297,6.609,4.197,187.0,189.2,71.0,1619,1,18.3,0.48
1419,291,6.575,37.9,1,101.0,93.8,1406,181.6,77.5,21.3,-20.328,6.605,4.197,187.0,188.9,71.0,1619,1,18.3,0.49
1420,291,6.575,37.83,1,101.0,93.8,1406,181.6,77.4,21.38,-20.359,6.605,4.197,187.0,188.6,71.0,1619,1,18.2,0.48
1421,291,6.575,37.88,1,101.0,93.8,1407,181.5,77.2,21.34,-20.391,6.602,4.197,187.0,188.3,71.0,1619,1,18.2,0.48
1422,291,6.6,37.73,1,101.0,93.8,1407,181.5,77.3,21.36,-20.43,6.598,4.197,187.0,188.0,71.0,1619,1,18.1,0.47
1423,291,6.6,37.79,1,101.0,93.8,1406,181.5,77.4,21.35,-20.461,6.59,4.197,187.0,187.7,71.0,1619,1,18.0,0.47
1424,291,6.6,37.88,1,101.0,93.8,1407,181.5,77.5,21.35,-20.484,6.586,4.197,187.0,187.4,71.0,1619,1,18.0,0.47
1425,291,6.6,37.75,1,101.1,93.8,1407,181.5,77.4,21.33,-20.508,6.582,4.197,186.0,187.2,71.0,1619,1,17.9,0.47
1426,291,6.6,37.77,1,101.0,93.8,1407,181.5,77.2,21.37,-20.539,6.578,4.197,185.0,187.0,71.0,1619,1,17.8,0.47
1427,291,6.6,37.64,1,101.0,93.8,1406,181.6,77.2,21.34,-20.562,6.574,4.197,185.0,186.7,71.0,1619,1,17.8,0.46
1428,291,6.6,37.73,1,101.1,93.8,1407,181.6,77.3,21.42,-20.578,6.566,4.197,185.0,186.5,71.0,1619,1,17.7,0.46
1429,291,6.6,37.72,1,101.1,93.8,1407,181.6,77.3,21.38,-20.602,6.563,4.197,185.0,186.3,71.0,1619,1,17.6,0.47
1430,291,6.6,37.97,1,101.0,93.7,1407,181.6,77.3,21.38,-20.625,6.559,4.197,185.0,186.0,71.0,1620,1,17.6,0.48
1431,291,6.6,37.91,1,101.1,93.8,1407,181.6,77.4,21.35,-20.641,6.555,4.197,185.0,185.8,71.0,1620,1,17.5,0.47
1432,291,6.6,37.72,1,101.1,93.8,1407,181.6,77.3,21.32,-20.664,6.551,4.197,184.0,185.6,71.0,1620,1,17.4,0.46
1433,291,6.6,37.72,1,101.1,93.7,1406,181.6,77.4,21.39,-20.688,6.547,4.197,184.0,185.4,71.0,1620,1,17.4,0.47
1434,291,6.6,37.78,1,101.1,93.8,1405,181.6,77.2,20.99,-20.719,6.539,4.197,184.0,185.3,71.0,1620,1,17.3,0.47
1435,291,6.6,37.66,1,101.1,93.8,1405,181.7,77.1,20.96,-20.742,6.535,4.197,184.0,185.1,71.0,1620,1,17.2,0.48
1436,291,6.6,37.69,1,101.1,93.8,1405,181.7,77.3,20.91,-20.766,6.527,4.197,184.0,184.9,71.0,1620,1,17.2,0.48
1437,291,6.625,37.64,1,101.1,93.7,1406,181.8,77.2,20.86,-20.797,6.523,4.197,183.0,184.8,71.0,1620,1,17.1,0.47
1438,292,6.625,37.62,1,101.1,93.7,1406,181.8,77.0,20.92,-20.82,6.52,4.197,182.0,184.6,71.0,1620,1,17.0,0.48
1439,292,6.625,37.58,1,101.1,93.7,1406,181.7,77.3,20.82,-20.844,6.516,4.197,183.0,184.5,71.0,1620,1,17.0,0.47
1440,292,6.625,37.64,1,101.2,93.8,1406,181.6,77.2,20.85,-20.883,6.512,4.197,182.0,184.4,71.0,1620,1,16.9,0.47
1441,292,6.625,37.6,1,101.2,93.7,1406,181.7,77.4,20.91,-20.906,6.508,4.197,182.0,184.3,71.0,1620,1,16.8,0.47
1442,292,6.625,37.61,1,101.2,93.8,1405,181.7,77.2,20.88,-20.945,6.5,4.197,182.0,184.2,71.0,1620,1,16.8,0.47
1443,292,6.625,37.59,1,101.2,93.7,1406,181.7,77.2,20.93,-20.977,6.496,4.197,182.0,184.1,71.0,1620,1,16.7,0.47
1444,292,6.625,37.52,1,101.2,93.7,1406,181.7,77.2,20.87,-21.008,6.492,4.197,182.0,184.0,71.0,1620,1,16.6,0.48
1445,292,6.625,37.47,1,101.2,93.7,1406,181.7,77.1,20.91,-21.047,6.488,4.197,182.0,183.8,71.0,1620,1,16.6,0.47
1446,292,6.625,37.48,1,101.29999999999998,93.7,1406,181.8,77.2,20.92,-21.078,6.484,4.197,182.0,183.8,71.0,1620,1,16.5,0.48
1447,292,6.625,37.54,1,101.2,93.7,1406,181.7,77.2,20.89,-21.117,6.477,4.197,182.0,183.7,71.0,1620,1,16.4,0.48
1448,292,6.625,37.63,1,101.29999999999998,93.7,1405,181.8,77.4,20.86,-21.164,6.473,4.197,182.0,183.6,71.0,1620,1,16.4,0.48
1449,292,6.625,37.64,1,101.29999999999998,93.7,1405,181.8,77.3,20.98,-21.195,6.469,4.197,182.0,183.6,71.0,1620,1,16.3,0.47
1450,292,6.625,37.86,1,101.29999999999998,93.7,1405,181.7,77.4,20.89,-21.234,6.465,4.197,182.0,183.5,71.0,1620,1,16.3,0.47
1451,292,6.625,37.83,1,101.29999999999998,93.7,1405,181.8,77.3,20.94,-21.273,6.461,4.197,182.0,183.4,71.0,1620,1,16.2,0.47
1452,292,6.625,37.78,1,101.29999999999998,93.7,1405,181.7,77.3,20.83,-21.32,6.457,4.197,182.0,183.4,71.0,1620,1,16.1,0.47
1453,292,6.625,37.63,1,101.29999999999998,93.7,1405,181.7,77.1,20.95,-21.359,6.449,4.197,182.0,183.3,71.0,1620,1,16.1,0.47
1454,292,6.65,37.84,1,101.29999999999998,93.7,1405,181.7,77.3,20.84,-21.398,6.445,4.197,182.0,183.3,71.0,1620,1,16.0,0.47
1455,292,6.65,37.75,1,101.4,93.7,1406,181.8,77.4,20.73,-21.445,6.441,4.197,182.0,183.3,71.0,1620,1,15.9,0.47
1456,292,6.65,37.41,1,101.4,93.7,1406,181.8,77.1,20.87,-21.492,6.438,4.197,182.0,183.3,71.0,1620,1,15.9,0.47
1457,292,6.65,37.65,1,101.4,93.7,1406,181.8,77.3,20.94,-21.539,6.434,4.197,182.0,183.2,71.0,1620,1,15.8,0.48
1458,292,6.65,37.7,1,101.49999999999999,93.7,1406,181.9,77.3,20.89,-21.578,6.43,4.197,182.0,183.2,71.0,1620,1,15.8,0.48
1459,292,6.65,37.81,1,101.49999999999999,93.7,1406,182.0,77.2,20.9,-21.625,6.426,4.197,182.0,183.2,71.0,1621,1,15.7,0.48
1460,292,6.65,37.6,1,101.49999999999999,93.7,1406,181.9,77.2,21.08,-21.672,6.418,4.197,182.0,183.2,71.0,1621,1,15.6,0.48
1461,292,6.65,37.81,1,101.49999999999999,93.7,1406,182.0,77.2,20.9,-21.711,6.418,4.197,182.0,183.2,71.0,1621,1,15.6,0.48
1462,292,6.65,37.76,1,101.6,93.7,1406,182.0,77.1,20.92,-21.758,6.414,4.197,182.0,183.2,71.0,1621,1,15.5,0.48
1463,292,6.65,37.75,1,101.6,93.7,1406,181.9,77.2,21.02,-21.812,6.41,4.197,182.0,183.2,71.0,1621,1,15.4,0.48
1464,292,6.65,37.73,1,101.69999999999999,93.8,1406,181.9,77.3,20.93,-21.859,6.402,4.197,182.0,183.2,71.0,1621,1,15.4,0.48
1465,292,6.65,37.77,1,101.6,93.7,1406,181.9,77.2,20.91,-21.898,6.398,4.197,182.0,183.2,71.0,1621,1,15.3,0.48
1466,292,6.65,37.68,1,101.6,93.7,1406,181.9,77.3,20.84,-21.945,6.395,4.197,182.0,183.2,71.0,1621,1,15.2,0.48
1467,292,6.65,37.82,1,101.69999999999999,93.8,1406,181.8,77.2,20.89,-21.992,6.391,4.197,182.0,183.3,71.0,1621,1,15.2,0.48
1468,292,6.65,37.65,1,101.69999999999999,93.8,1405,181.8,77.3,20.97,-22.039,6.387,4.197,182.0,183.2,71.0,1621,1,15.1,0.48
1469,292,6.65,37.81,1,101.8,93.8,1405,181.8,77.2,20.9,-22.078,6.383,4.197,182.0,183.3,71.0,1621,1,15.0,0.49
1470,292,6.65,37.6,1,101.8,93.7,1406,181.8,77.1,20.91,-22.117,6.375,4.197,182.0,183.2,71.0,1621,1,15.0,0.48
1471,292,6.675,37.76,1,101.8,93.7,1407,181.9,77.3,20.94,-22.164,6.371,4.197,182.0,183.2,71.0,1621,1,14.9,0.48
1472,293,6.675,37.74,1,101.89999999999999,93.8,1407,181.9,77.3,20.96,-22.211,6.367,4.197,182.0,183.2,71.0,1621,1,14.9,0.48
1473,293,6.675,37.61,1,101.8,93.7,1407,181.9,77.2,20.87,-22.258,6.363,4.197,182.0,183.2,71.0,1621,1,14.8,0.49
1474,293,6.675,37.75,1,101.89999999999999,93.8,1407,181.8,77.3,20.95,-22.297,6.359,4.197,182.0,183.2,71.0,1621,1,14.7,0.48
1475,293,6.675,37.75,1,101.89999999999999,93.7,1407,181.8,77.3,20.92,-22.336,6.352,4.197,182.0,183.2,71.0,1621,1,14.7,0.49
1476,293,6.675,37.68,1,101.89999999999999,93.8,1406,181.9,77.4,20.93,-22.383,6.348,4.197,182.0,183.1,71.0,1621,1,14.6,0.49
1477,293,6.675,37.62,1,101.89999999999999,93.7,1406,182.0,77.2,20.88,-22.43,6.344,4.197,182.0,182.9,71.0,1621,1,14.5,0.49
1478,293,6.675,37.61,1,102.0,93.8,1406,182.0,77.2,20.95,-22.469,6.34,4.197,182.0,182.8,71.0,1621,1,14.4,0.48
1479,293,6.675,37.66,1,102.0,93.7,1407,182.0,77.2,20.92,-22.508,6.336,4.197,182.0,182.5,71.0,1621,1,14.4,0.49
1480,293,6.675,37.58,1,102.0,93.7,1407,182.0,77.2,20.97,-22.547,6.332,4.197,181.0,182.3,71.0,1621,1,14.3,0.48
1481,293,6.675,37.78,1,102.0,93.7,1407,182.1,77.2,20.83,-22.594,6.328,4.197,181.0,181.9,71.0,1621,1,14.3,0.48
1482,293,6.675,37.59,1,102.0,93.7,1406,182.1,77.3,20.97,-22.641,6.324,4.197,180.0,181.6,71.0,1621,1,14.2,0.47
1483,293,6.675,37.54,1,102.0,93.7,1407,182.0,77.1,20.79,-22.68,6.32,4.197,180.0,181.1,71.0,1621,1,14.1,0.48
1484,293,6.675,37.65,1,102.1,93.8,1406,182.1,77.3,20.86,-22.719,6.316,4.197,180.0,180.7,71.0,1621,1,14.1,0.48
1485,293,6.675,37.68,1,102.1,93.7,1407,182.1,77.2,20.96,-22.758,6.312,4.197,179.0,180.3,71.0,1621,1,14.0,0.49
1486,293,6.675,37.64,1,102.1,93.7,1406,182.0,77.4,20.95,-22.797,6.305,4.197,178.0,179.8,71.0,1621,1,13.9,0.49
1487,293,6.675,37.73,1,102.1,93.7,1407,182.1,77.4,20.83,-22.852,6.301,4.197,178.0,179.3,71.0,1621,1,13.9,0.49
1488,293,6.7,37.82,1,102.2,93.7,1407,182.1,77.3,20.85,-22.891,6.297,4.197,177.0,178.8,71.0,1621,1,13.8,0.49
1489,293,6.7,37.61,1,102.1,93.7,1407,182.1,77.2,20.85,-22.93,6.293,4.197,177.0,178.3,71.0,1621,1,13.7,0.49
1490,293,6.7,37.72,1,102.2,93.7,1407,182.0,77.4,21.07,-22.969,6.289,4.197,176.0,177.8,71.0,1621,1,13.7,0.49
1491,293,6.7,37.62,1,102.2,93.7,1407,182.1,77.5,21.15,-23.023,6.285,4.197,175.0,177.3,71.0,1621,1,13.6,0.48
1492,294,6.7,37.63,1,102.2,93.7,1407,182.1,77.4,21.07,-23.07,6.285,4.197,175.0,176.8,71.0,1622,1,13.5,0.49
1493,294,6.7,37.49,1,102.2,93.7,1407,182.2,77.4,21.12,-23.109,6.281,4.197,175.0,176.3,71.0,1622,1,13.5,0.48
1494,294,6.7,37.62,1,102.2,93.7,1406,182.1,77.5,21.1,-23.141,6.281,4.197,174.0,175.9,71.0,1622,1,13.4,0.49
1495,295,6.7,37.73,1,102.2,93.7,1406,182.1,77.2,21.12,-23.18,6.277,4.197,174.0,175.4,71.0,1622,1,13.4,0.49
1496,295,6.7,37.72,1,102.2,93.7,1406,182.1,77.3,21.22,-23.211,6.277,4.197,173.0,175.0,71.0,1622,1,13.3,0.49
1497,296,6.7,37.63,1,102.2,93.7,1405,182.1,77.1,21.05,-23.242,6.277,4.197,172.0,174.5,71.0,1622,1,13.2,0.48
1498,296,6.7,37.58,1,102.2,93.7,1406,182.1,77.1,21.16,-23.266,6.281,4.197,172.0,174.1,71.0,1622,1,13.1,0.48
1499,297,6.7,37.71,1,102.3,93.8,1406,182.1,77.2,21.16,-23.289,6.285,4.197,172.0,173.7,71.0,1622,1,13.1,0.49
1500,298,6.7,37.68,1,102.2,93.8,1406,182.1,77.2,21.11,-23.305,6.285,4.197,171.0,173.3,71.0,1622,1,13.0,0.49
1501,298,6.7,37.78,1,102.2,93.8,1407,182.2,77.3,21.08,-23.312,6.289,4.197,171.0,173.0,71.0,1622,1,13.0,0.49
1502,299,6.7,37.71,1,102.2,93.7,1408,182.2,77.3,21.03,-23.312,6.293,4.197,171.0,172.6,71.0,1622,1,12.9,0.49
1503,300,6.7,37.66,1,102.2,93.8,1408,182.2,77.3,21.09,-23.305,6.301,4.197,171.0,172.2,71.0,1622,1,12.8,0.5
1504,300,6.675,37.73,1,102.2,93.8,1408,182.2,77.3,21.14,-23.297,6.305,4.197,170.0,171.9,71.0,1622,1,12.8,0.49
1505,301,6.675,37.69,1,102.2,93.8,1408,182.2,77.3,21.14,-23.281,6.305,4.197,170.0,171.5,71.0,1622,1,12.7,0.49
1506,301,6.675,37.73,1,102.2,93.8,1408,182.1,77.4,21.11,-23.273,6.309,4.197,169.0,171.2,71.0,1622,1,12.6,0.5
1507,302,6.675,37.89,1,102.2,93.8,1409,182.1,77.3,21.08,-23.25,6.312,4.197,169.0,170.9,71.0,1622,1,12.6,0.5
1508,303,6.675,37.81,1,102.2,93.8,1409,182.0,77.4,21.09,-23.227,6.316,4.197,169.0,170.6,71.0,1622,1,12.5,0.49
1509,303,6.675,37.71,1,102.2,93.8,1409,182.0,77.3,21.14,-23.211,6.324,4.197,169.0,170.3,71.0,1622,1,12.4,0.49
1510,304,6.675,37.55,1,102.3,93.8,1409,181.9,77.4,21.17,-23.172,6.328,4.197,168.0,170.0,71.0,1622,1,12.4,0.49
1511,305,6.675,37.65,1,102.2,93.8,1409,182.0,77.3,21.12,-23.148,6.332,4.197,168.0,169.7,71.0,1622,1,12.3,0.49
1512,305,6.675,37.72,1,102.2,93.8,1409,181.9,77.1,21.14,-23.109,6.336,4.197,168.0,169.4,71.0,1622,1,12.2,0.49
1513,306,6.675,37.72,1,102.2,93.8,1409,181.9,77.2,21.11,-23.086,6.34,4.197,167.0,169.1,71.0,1622,1,12.2,0.49
1514,306,6.675,37.73,1,102.3,93.89999999999999,1410,181.8,77.5,21.11,-23.047,6.344,4.197,167.0,168.8,72.0,1622,1,12.1,0.5
1515,307,6.675,37.74,1,102.2,93.8,1410,181.8,77.5,21.12,-23.008,6.348,4.197,166.0,168.6,72.0,1622,1,12.0,0.49
1516,307,6.675,37.74,1,102.3,93.89999999999999,1410,181.8,77.6,21.14,-22.969,6.352,4.197,166.0,168.3,71.0,1622,1,12.0,0.5
1517,308,6.675,37.72,1,102.2,93.8,1410,181.8,77.3,21.1,-22.93,6.355,4.197,166.0,168.0,72.0,1622,1,11.9,0.5
1518,309,6.675,37.8,1,102.2,93.89999999999999,1410,181.8,77.5,21.11,-22.898,6.359,4.197,166.0,167.8,72.0,1622,1,11.9,0.49
1519,309,6.675,37.85,1,102.2,93.8,1411,181.8,77.4,21.15,-22.852,6.363,4.197,165.0,167.5,72.0,1622,1,11.8,0.49
1520,309,6.675,37.75,1,102.2,93.8,1411,181.8,77.3,21.14,-22.82,6.367,4.197,166.0,167.3,72.0,1622,1,11.7,0.49
1521,310,6.675,37.65,1,102.2,93.89999999999999,1410,181.8,77.2,21.11,-22.781,6.371,4.197,165.0,167.0,72.0,1622,1,11.7,0.48
1522,310,6.675,37.7,1,102.2,93.89999999999999,1411,181.8,77.5,21.12,-22.742,6.371,4.197,165.0,166.7,72.0,1622,1,11.6,0.49
1523,311,6.675,37.7,1,102.2,93.89999999999999,1411,181.7,77.4,21.15,-22.711,6.375,4.197,165.0,166.5,72.0,1622,1,11.5,0.49
1524,311,6.675,37.69,1,102.2,93.89999999999999,1412,181.7,77.4,21.09,-22.672,6.379,4.197,165.0,166.2,72.0,1622,1,11.5,0.49
1525,312,6.675,37.8,1,102.2,93.89999999999999,1411,181.6,77.5,21.14,-22.641,6.383,4.197,165.0,166.0,72.0,1622,1,11.4,0.5
1526,312,6.675,37.72,1,102.2,93.89999999999999,1411,181.7,77.5,21.14,-22.602,6.387,4.197,164.0,165.7,72.0,1622,1,11.3,0.49
1527,313,6.675,37.75,1,102.2,93.89999999999999,1411,181.6,77.4,21.13,-22.57,6.391,4.197,164.0,165.5,72.0,1622,1,11.3,0.48
1528,313,6.675,37.7,1,102.1,93.8,1411,181.6,77.5,21.1,-22.531,6.395,4.197,163.0,165.3,72.0,1622,1,11.2,0.49
1529,314,6.675,37.7,1,102.1,93.89999999999999,1412,181.6,77.4,21.1,-22.5,6.398,4.197,163.0,165.1,72.0,1622,1,11.1,0.48
1530,314,6.675,37.75,1,102.1,93.89999999999999,1412,181.6,77.5,21.16,-22.461,6.398,4.197,163.0,164.8,72.0,1623,1,11.1,0.48
1531,315,6.675,37.62,1,102.1,93.89999999999999,1411,181.6,77.5,21.12,-22.422,6.402,4.197,163.0,164.6,72.0,1623,1,11.0,0.49
1532,315,6.675,37.6,1,102.0,93.89999999999999,1411,181.7,77.5,21.17,-22.391,6.406,4.197,163.0,164.4,72.0,1623,1,11.0,0.49
1533,315,6.675,37.7,1,102.0,93.89999999999999,1411,181.8,77.5,21.14,-22.359,6.406,4.197,163.0,164.2,72.0,1623,1,10.9,0.47
1534,316,6.675,37.72,1,102.0,93.89999999999999,1411,181.8,77.4,21.1,-22.328,6.41,4.197,162.0,164.0,72.0,1623,1,10.8,0.48
1535,316,6.675,37.68,1,102.1,93.89999999999999,1411,181.7,77.4,21.14,-22.289,6.414,4.197,162.0,163.8,72.0,1623,1,10.8,0.49
1536,317,6.675,37.68,1,102.0,93.89999999999999,1411,181.7,77.3,21.13,-22.258,6.414,4.197,162.0,163.6,72.0,1623,1,10.7,0.48
1537,317,6.675,37.68,1,101.89999999999999,93.89999999999999,1410,181.6,77.5,21.16,-22.234,6.418,4.197,162.0,163.4,72.0,1623,1,10.6,0.47
1538,317,6.675,37.68,1,102.0,93.89999999999999,1410,181.6,77.3,21.12,-22.203,6.418,4.197,162.0,163.1,72.0,1623,1,10.6,0.48
1539,318,6.675,37.73,1,101.89999999999999,93.89999999999999,1410,181.6,77.5,21.15,-22.18,6.422,4.197,161.0,163.0,72.0,1623,1,10.5,0.48
1540,318,6.675,37.56,1,101.89999999999999,93.89999999999999,1411,181.5,77.5,21.1,-22.148,6.422,4.197,161.0,162.7,72.0,1623,1,10.4,0.48
1541,319,6.675,37.6,1,101.89999999999999,93.8,1411,181.5,77.6,21.15,-22.125,6.426,4.197,161.0,162.5,72.0,1623,1,10.4,0.48
1542,319,6.675,37.67,1,101.89999999999999,93.89999999999999,1411,181.5,77.5,21.11,-22.102,6.43,4.197,160.0,162.4,72.0,1623,1,10.3,0.47
1543,319,6.675,37.65,1,101.8,93.8,1411,181.5,77.4,21.1,-22.062,6.434,4.197,161.0,162.1,72.0,1623,1,10.2,0.49
1544,320,6.675,37.57,1,101.89999999999999,93.89999999999999,1411,181.4,77.4,21.14,-22.039,6.434,4.197,160.0,162.0,72.0,1623,1,10.2,0.48
1545,320,6.675,37.66,1,101.8,93.89999999999999,1411,181.4,77.5,21.14,-22.0,6.438,4.197,160.0,161.7,72.0,1623,1,10.1,0.48
1546,320,6.675,37.65,1,101.8,93.89999999999999,1411,181.4,77.5,21.09,-21.969,6.441,4.197,160.0,161.6,72.0,1623,1,10.1,0.48
1547,321,6.675,37.64,1,101.8,93.89999999999999,1411,181.5,77.5,21.08,-21.93,6.445,4.197,160.0,161.3,72.0,1623,1,10.0,0.48
1548,321,6.675,37.6,1,101.8,93.8,1411,181.4,77.5,21.12,-21.906,6.445,4.197,159.0,161.2,72.0,1623,1,9.9,0.47
1549,321,6.675,37.7,1,101.8,93.89999999999999,1410,181.4,77.6,21.14,-21.875,6.449,4.197,160.0,161.0,72.0,1623,1,9.9,0.47
1550,322,6.675,37.73,1,101.69999999999999,93.8,1411,181.5,77.4,21.12,-21.844,6.449,4.197,159.0,160.7,72.0,1623,1,9.8,0.48
1551,322,6.675,37.69,1,101.69999999999999,93.89999999999999,1411,181.5,77.5,21.14,-21.812,6.453,4.197,159.0,160.6,72.0,1623,1,9.8,0.48
1552,322,6.675,37.65,1,101.69999999999999,93.89999999999999,1411,181.5,77.5,21.12,-21.773,6.453,4.197,159.0,160.4,72.0,1623,1,9.7,0.47
1553,323,6.675,37.62,1,101.69999999999999,93.89999999999999,1411,181.4,77.5,21.11,-21.75,6.457,4.197,159.0,160.2,72.0,1623,1,9.6,0.48
1554,323,6.675,37.6,1,101.69999999999999,93.8,1411,181.5,77.4,21.2,-21.719,6.461,4.197,159.0,160.0,72.0,1623,1,9.5,0.48
1555,323,6.675,37.63,1,101.6,93.8,1411,181.5,77.4,21.15,-21.688,6.465,4.197,159.0,159.9,72.0,1623,1,9.5,0.48
1556,324,6.675,37.55,1,101.69999999999999,93.8,1410,181.4,77.5,21.11,-21.664,6.465,4.197,158.0,159.7,72.0,1623,1,9.4,0.48
1557,324,6.675,37.57,1,101.6,93.8,1410,181.5,77.5,21.11,-21.648,6.465,4.197,158.0,159.5,72.0,1623,1,9.4,0.49
1558,324,6.675,37.59,1,101.6,93.8,1410,181.6,77.5,21.14,-21.625,6.469,4.197,158.0,159.3,72.0,1623,1,9.3,0.48
1559,324,6.675,37.55,1,101.6,93.8,1410,181.5,77.5,21.15,-21.602,6.469,4.197,158.0,159.2,72.0,1623,1,9.3,0.49
1560,325,6.675,37.61,1,101.6,93.8,1409,181.5,77.4,21.12,-21.578,6.473,4.197,158.0,159.0,72.0,1623,1,9.2,0.48
1561,325,6.675,37.68,1,101.6,93.89999999999999,1409,181.5,77.7,21.16,-21.555,6.477,4.197,157.0,158.9,72.0,1623,1,9.1,0.48
1562,325,6.675,37.69,1,101.49999999999999,93.8,1409,181.5,77.6,21.16,-21.539,6.477,4.197,157.0,158.7,72.0,1623,1,9.1,0.48
1563,325,6.675,37.54,1,101.6,93.8,1410,181.5,77.5,21.15,-21.523,6.48,4.197,157.0,158.5,72.0,1623,1,9.0,0.49
1564,326,6.675,37.52,1,101.49999999999999,93.8,1410,181.6,77.4,21.13,-21.5,6.48,4.197,157.0,158.4,72.0,1623,1,9.0,0.48
1565,326,6.675,37.47,1,101.6,93.89999999999999,1410,181.6,77.7,21.16,-21.484,6.484,4.197,157.0,158.2,72.0,1623,1,8.9,0.48
1566,326,6.675,37.62,1,101.6,93.89999999999999,1410,181.6,77.6,21.13,-21.453,6.484,4.197,157.0,158.1,72.0,1623,1,8.9,0.48
1567,326,6.675,37.55,1,101.49999999999999,93.8,1410,181.5,77.5,21.11,-21.43,6.488,4.197,157.0,157.9,72.0,1623,1,8.8,0.48
1568,327,6.675,37.46,1,101.49999999999999,93.8,1410,181.5,77.4,21.16,-21.406,6.488,4.197,156.0,157.8,72.0,1623,1,8.7,0.49
1569,327,6.675,37.59,1,101.49999999999999,93.8,1410,181.5,77.6,21.1,-21.391,6.492,4.197,156.0,157.6,72.0,1623,1,8.7,0.49
1570,327,6.675,37.52,1,101.49999999999999,93.8,1410,181.5,77.5,21.14,-21.367,6.492,4.197,156.0,157.5,72.0,1623,1,8.6,0.49
1571,327,6.675,37.55,1,101.49999999999999,93.8,1410,181.5,77.7,21.15,-21.352,6.492,4.197,156.0,157.3,72.0,1623,1,8.5,0.48
1572,328,6.675,37.6,1,101.49999999999999,93.8,1410,181.5,77.5,21.13,-21.336,6.496,4.197,156.0,157.2,72.0,1623,1,8.5,0.48
1573,328,6.675,37.49,1,101.4,93.8,1410,181.5,77.5,21.15,-21.312,6.496,4.197,156.0,157.0,72.0,1623,1,8.4,0.48
1574,328,6.675,37.53,1,101.4,93.8,1409,181.5,77.5,21.14,-21.297,6.5,4.197,156.0,156.8,72.0,1623,1,8.4,0.48
1575,328,6.675,37.59,1,101.49999999999999,93.89999999999999,1410,181.5,77.5,21.1,-21.273,6.504,4.197,155.0,156.7,72.0,1623,1,8.3,0.49
1576,328,6.675,37.47,1,101.4,93.8,1410,181.4,77.5,21.1,-21.258,6.504,4.197,155.0,156.6,72.0,1623,1,8.3,0.48
1577,329,6.675,37.5,1,101.4,93.8,1410,181.5,77.6,21.1,-21.234,6.504,4.197,155.0,156.4,72.0,1623,1,8.2,0.5
1578,329,6.675,37.53,1,101.4,93.89999999999999,1410,181.4,77.5,21.15,-21.211,6.508,4.197,155.0,156.3,72.0,1623,1,8.1,0.49
1579,329,6.675,37.49,1,101.4,93.8,1410,181.5,77.5,21.14,-21.188,6.508,4.197,155.0,156.2,72.0,1623,1,8.1,0.49
1580,329,6.675,37.42,1,101.4,93.8,1410,181.5,77.6,21.16,-21.172,6.508,4.197,154.0,156.0,72.0,1623,1,8.0,0.48
1581,329,6.675,37.4,1,101.4,93.8,1410,181.4,77.5,21.15,-21.156,6.512,4.197,154.0,155.9,72.0,1623,1,8.0,0.49
1582,330,6.675,37.41,1,101.4,93.8,1410,181.3,77.6,21.09,-21.141,6.512,4.197,154.0,155.7,72.0,1623,1,7.9,0.48
1583,330,6.675,37.53,1,101.4,93.89999999999999,1410,181.4,77.4,21.08,-21.133,6.512,4.197,154.0,155.5,72.0,1623,1,7.9,0.49
1584,330,6.675,37.56,1,101.29999999999998,93.8,1409,181.3,77.5,21.11,-21.117,6.512,4.197,154.0,155.3,72.0,1624,1,7.8,0.48
1585,330,6.675,37.52,1,101.29999999999998,93.8,1409,181.3,77.6,21.15,-21.109,6.516,4.197,154.0,155.0,72.0,1624,1,7.7,0.48
1586,330,6.675,37.37,1,101.29999999999998,93.8,1409,181.4,77.5,21.14,-21.094,6.516,4.197,153.0,154.7,72.0,1624,1,7.7,0.49
1587,331,6.675,37.55,1,101.29999999999998,93.8,1409,181.3,77.5,21.11,-21.086,6.52,4.197,153.0,154.5,72.0,1624,1,7.6,0.49
1588,331,6.675,37.41,1,101.29999999999998,93.8,1409,181.3,77.6,21.13,-21.07,6.52,4.197,153.0,154.2,72.0,1624,1,7.6,0.49
1589,331,6.675,37.56,1,101.29999999999998,93.8,1410,181.3,77.6,21.14,-21.055,6.52,4.197,152.0,153.8,72.0,1624,1,7.5,0.49
1590,331,6.675,37.5,1,101.29999999999998,93.89999999999999,1410,181.2,77.5,21.12,-21.039,6.523,4.197,151.0,153.5,72.0,1624,1,7.5,0.5
1591,331,6.675,37.46,1,101.29999999999998,93.8,1410,181.2,77.7,21.07,-21.023,6.523,4.197,151.0,153.1,72.0,1624,1,7.4,0.5
1592,332,6.675,37.69,1,101.29999999999998,93.8,1410,181.2,77.7,21.09,-21.008,6.527,4.197,151.0,152.7,72.0,1624,1,7.4,0.49
1593,332,6.675,37.52,1,101.29999999999998,93.8,1409,181.2,77.7,21.14,-21.0,6.527,4.197,151.0,152.3,72.0,1624,1,7.3,0.49
1594,332,6.675,37.54,1,101.29999999999998,93.8,1410,181.1,77.6,21.17,-21.0,6.527,4.197,150.0,152.0,72.0,1624,1,7.3,0.48
1595,332,6.675,37.92,1,101.29999999999998,93.8,1410,181.1,77.7,21.11,-20.984,6.527,4.197,150.0,151.6,72.0,1624,1,7.2,0.48
1596,332,6.675,37.24,1,101.29999999999998,93.8,1410,181.1,77.5,21.11,-20.969,6.531,4.197,149.0,151.3,72.0,1624,1,7.2,0.49
1597,332,6.675,37.47,1,101.29999999999998,93.8,1410,181.1,77.7,21.16,-20.961,6.531,4.197,149.0,150.9,72.0,1624,1,7.1,0.49
1598,333,6.675,37.46,1,101.29999999999998,93.89999999999999,1409,181.0,77.6,21.12,-20.945,6.531,4.197,149.0,150.5,72.0,1624,1,7.1,0.49
1599,333,6.675,37.85,1,101.2,93.8,1409,180.9,77.6,21.11,-20.938,6.535,4.197,149.0,150.2,72.0,1624,1,7.0,0.5
1600,333,6.675,37.4,1,101.29999999999998,93.8,1409,181.0,77.6,21.13,-20.922,6.539,4.197,148.0,149.8,72.0,1624,1,7.0,0.48
1601,333,6.675,37.37,1,101.29999999999998,93.8,1410,180.9,77.6,21.1,-20.914,6.539,4.197,147.0,149.5,72.0,1624,1,6.9,0.49
1602,333,6.675,37.61,1,101.2,93.8,1410,180.9,77.7,20.21,-20.906,6.543,4.197,147.0,149.2,72.0,1624,1,6.9,0.49
1603,333,6.675,37.66,1,100.6,93.60000000000001,1408,180.9,77.4,19.73,-20.898,6.543,4.197,147.0,148.9,72.0,1624,1,6.8,0.48
1604,333,6.675,37.47,1,100.4,93.5,1406,180.9,77.4,19.72,-20.898,6.543,4.197,146.0,148.6,72.0,1624,1,6.8,0.48
1605,333,6.675,37.55,1,100.29999999999998,93.60000000000001,1404,180.9,77.5,19.69,-20.898,6.543,4.197,146.0,148.3,72.0,1624,1,6.7,0.49
1606,333,6.675,37.55,1,100.29999999999998,93.60000000000001,1402,180.9,77.3,19.72,-20.906,6.543,4.197,146.0,148.0,72.0,1624,1,6.7,0.49
1607,333,6.675,37.61,1,100.29999999999998,93.60000000000001,1402,181.1,77.3,19.66,-20.906,6.543,4.197,146.0,147.7,72.0,1624,1,6.6,0.48
1608,333,6.675,37.54,1,100.2,93.60000000000001,1402,181.0,77.4,19.73,-20.906,6.543,4.197,146.0,147.5,72.0,1624,1,6.5,0.48
1609,334,6.675,37.62,1,100.2,93.5,1402,181.0,77.4,19.71,-20.906,6.547,4.197,145.0,147.2,72.0,1624,1,6.5,0.48
1610,334,6.675,37.54,1,100.29999999999998,93.60000000000001,1402,181.0,77.5,19.57,-20.906,6.547,4.197,145.0,147.0,72.0,1624,1,6.4,0.49
1611,334,6.675,37.59,1,100.2,93.5,1402,181.1,77.4,19.26,-20.906,6.547,4.197,144.0,146.8,72.0,1624,1,6.4,0.48
1612,334,6.675,37.46,1,100.0,93.5,1401,181.1,77.3,19.32,-20.906,6.547,4.197,144.0,146.6,72.0,1624,1,6.4,0.48
1613,334,6.675,37.59,1,99.9,93.5,1399,181.2,77.2,19.24,-20.906,6.547,4.197,144.0,146.4,72.0,1624,1,6.3,0.48
1614,334,6.675,37.61,1,99.9,93.5,1399,181.2,77.3,19.3,-20.906,6.547,4.197,144.0,146.1,72.0,1624,1,6.3,0.48
1615,334,6.675,37.53,1,99.9,93.4,1399,181.2,77.3,19.23,-20.898,6.547,4.197,144.0,146.0,72.0,1624,1,6.2,0.49
1616,334,6.675,37.54,1,99.9,93.5,1398,181.2,77.2,19.21,-20.898,6.547,4.197,144.0,145.8,72.0,1624,1,6.1,0.49
1617,334,6.675,37.64,1,99.9,93.5,1398,181.2,77.0,19.2,-20.891,6.547,4.197,144.0,145.5,72.0,1624,1,6.1,0.49
1618,334,6.675,37.49,1,99.8,93.4,1397,181.2,77.1,19.21,-20.898,6.547,4.197,144.0,145.3,72.0,1624,1,6.0,0.49
1619,334,6.675,37.48,1,99.8,93.4,1396,181.2,77.3,18.65,-20.883,6.547,4.197,144.0,145.1,72.0,1624,1,6.0,0.48
1620,334,6.675,37.56,1,99.5,93.30000000000001,1395,181.3,77.1,18.6,-20.883,6.547,4.197,144.0,144.9,72.0,1624,1,6.0,0.48
1621,334,6.675,37.56,1,99.4,93.2,1393,181.3,77.1,18.57,-20.891,6.547,4.197,143.0,144.6,72.0,1624,1,5.9,0.48
1622,334,6.675,37.29,1,99.3,93.2,1393,181.3,77.0,18.56,-20.883,6.547,4.197,143.0,144.3,72.0,1624,1,5.8,0.48
1623,334,6.675,37.59,1,99.3,93.30000000000001,1392,181.4,77.0,18.55,-20.883,6.547,4.197,142.0,143.9,72.0,1624,1,5.8,0.48
1624,334,6.675,37.58,1,99.3,93.2,1391,181.4,77.0,18.57,-20.875,6.547,4.197,142.0,143.6,72.0,1624,1,5.8,0.47
1625,334,6.675,37.53,1,99.3,93.2,1391,181.4,77.0,18.55,-20.875,6.543,4.197,142.0,143.2,72.0,1624,1,5.7,0.48
1626,334,6.675,37.44,1,99.3,93.2,1390,181.5,77.0,18.59,-20.867,6.543,4.197,141.0,142.9,72.0,1624,1,5.7,0.48
1627,334,6.675,37.53,1,99.3,93.2,1391,181.6,77.0,18.55,-20.867,6.543,4.197,140.0,142.5,72.0,1624,1,5.6,0.46
1628,334,6.675,37.51,1,99.3,93.2,1390,181.5,77.1,18.49,-20.859,6.543,4.197,140.0,142.1,72.0,1624,1,5.6,0.48
1629,334,6.675,37.42,1,99.3,93.2,1390,181.7,77.0,18.52,-20.867,6.543,4.197,140.0,141.8,72.0,1624,1,5.5,0.47
1630,334,6.675,37.61,1,99.3,93.2,1390,181.6,76.8,18.55,-20.867,6.543,4.197,139.0,141.4,72.0,1624,1,5.5,0.48
1631,334,6.675,37.52,1,99.3,93.2,1389,181.7,76.9,18.55,-20.867,6.543,4.197,139.0,141.0,72.0,1624,1,5.4,0.48
1632,334,6.675,37.59,1,99.3,93.2,1389,181.6,77.0,18.56,-20.859,6.543,4.197,139.0,140.6,72.0,1624,1,5.4,0.47
1633,334,6.675,37.5,1,99.3,93.2,1389,181.6,76.8,18.53,-20.859,6.543,4.197,138.0,140.2,72.0,1624,1,5.4,0.48
1634,334,6.675,37.43,1,99.3,93.2,1389,181.7,76.9,18.53,-20.852,6.543,4.197,138.0,139.8,72.0,1624,1,5.3,0.48
1635,334,6.675,37.45,1,99.3,93.2,1390,181.7,76.9,18.58,-20.859,6.543,4.197,138.0,139.5,72.0,1624,1,5.3,0.48
1636,334,6.675,37.49,1,99.3,93.2,1389,181.7,76.8,18.58,-20.852,6.543,4.197,137.0,139.1,72.0,1624,1,5.2,0.48
1637,334,6.675,37.48,1,99.3,93.2,1389,181.7,77.1,18.58,-20.852,6.543,4.197,136.0,138.7,72.0,1624,1,5.2,0.47
1638,334,6.675,37.54,1,99.3,93.2,1390,181.7,77.0,18.6,-20.852,6.543,4.197,135.0,138.4,72.0,1624,1,5.1,0.48
1639,334,6.675,37.58,1,99.4,93.30000000000001,1390,181.7,77.0,19.38,-20.859,6.543,4.197,135.0,138.1,72.0,1624,1,5.1,0.49
1640,334,6.675,37.74,1,99.9,93.5,1392,181.6,77.3,19.59,-20.859,6.543,4.197,135.0,137.8,72.0,1624,1,5.1,0.48
1641,334,6.675,37.63,1,100.1,93.5,1395,181.7,77.4,19.69,-20.859,6.543,4.197,135.0,137.4,72.0,1624,1,5.0,0.48
1642,334,6.675,37.66,1,100.2,93.5,1397,181.8,77.5,19.64,-20.859,6.547,4.197,135.0,137.1,72.0,1624,1,4.9,0.48
1643,334,6.675,37.7,1,100.2,93.60000000000001,1399,181.8,77.4,19.68,-20.852,6.547,4.197,135.0,136.9,72.0,1624,1,4.9,0.48
1644,334,6.675,37.73,1,100.2,93.5,1399,181.8,77.2,19.63,-20.852,6.547,4.197,135.0,136.5,72.0,1624,1,4.9,0.48
1645,334,6.675,37.69,1,100.2,93.5,1399,181.7,77.3,19.64,-20.852,6.547,4.197,134.0,136.3,72.0,1624,1,4.8,0.48
1646,334,6.675,37.63,1,100.2,93.5,1400,181.7,77.3,19.72,-20.852,6.547,4.197,134.0,136.0,72.0,1624,1,4.8,0.48
1647,334,6.675,37.63,1,100.2,93.5,1400,181.5,77.3,19.64,-20.852,6.551,4.197,133.0,135.7,72.0,1624,1,4.7,0.48
1648,334,6.675,37.64,1,100.2,93.5,1400,181.5,77.3,19.65,-20.852,6.551,4.197,133.0,135.5,72.0,1624,1,4.7,0.48
1649,334,6.675,37.7,1,100.2,93.60000000000001,1400,181.4,77.4,19.68,-20.852,6.551,4.197,133.0,135.2,72.0,1624,1,4.7,0.49
1650,334,6.675,37.82,1,100.2,93.5,1400,181.3,77.4,19.64,-20.852,6.551,4.197,133.0,134.9,72.0,1624,1,4.6,0.5
1651,334,6.675,37.81,1,100.2,93.5,1400,181.3,77.5,19.6,-20.852,6.551,4.197,133.0,134.6,72.0,1624,1,4.6,0.49
1652,334,6.675,37.73,1,100.2,93.5,1400,181.3,77.4,19.67,-20.852,6.551,4.197,132.0,134.3,72.0,1624,1,4.5,0.48
1653,334,6.675,37.72,1,100.2,93.60000000000001,1400,181.3,77.5,19.66,-20.852,6.551,4.197,131.0,133.9,72.0,1624,1,4.5,0.49
1654,334,6.675,37.81,1,100.2,93.60000000000001,1400,181.3,77.5,19.65,-20.852,6.547,4.197,130.0,133.5,72.0,1624,1,4.5,0.5
1655,334,6.675,37.77,1,100.2,93.60000000000001,1400,181.2,77.5,19.66,-20.852,6.551,4.197,130.0,133.1,72.0,1624,1,4.4,0.5
1656,334,6.675,37.68,1,100.2,93.5,1400,181.2,77.3,19.69,-20.852,6.551,4.197,130.0,132.7,72.0,1624,1,4.4,0.49
1657,334,6.675,37.61,1,100.2,93.5,1400,181.1,77.5,19.67,-20.844,6.551,4.197,130.0,132.3,72.0,1624,1,4.3,0.5
1658,335,6.675,37.69,1,100.2,93.5,1401,181.1,77.4,19.68,-20.852,6.551,4.197,129.0,131.8,72.0,1624,1,4.3,0.49
1659,335,6.675,37.67,1,100.2,93.60000000000001,1401,181.1,77.4,19.67,-20.852,6.551,4.197,129.0,131.4,72.0,1624,1,4.3,0.49
1660,335,6.675,37.77,1,100.2,93.5,1401,181.1,77.6,19.67,-20.852,6.555,4.197,128.0,130.9,72.0,1624,1,4.2,0.49
1661,335,6.675,37.81,1,100.2,93.60000000000001,1401,181.0,77.5,19.65,-20.852,6.555,4.197,128.0,130.5,72.0,1624,1,4.2,0.49
1662,335,6.675,37.65,1,100.1,93.4,1401,181.0,77.4,18.84,-20.852,6.555,4.197,127.0,130.0,72.0,1624,1,4.1,0.48
1663,335,6.675,37.75,1,99.6,93.30000000000001,1399,181.0,77.3,18.46,-20.852,6.555,4.197,127.0,129.5,72.0,1624,1,4.1,0.48
1664,335,6.675,37.79,1,99.3,93.2,1396,181.0,76.9,18.38,-20.844,6.551,4.197,126.0,129.1,72.0,1624,1,4.1,0.48
1665,335,6.675,37.66,1,99.2,93.10000000000001,1394,181.0,77.1,18.41,-20.852,6.551,4.197,126.0,128.6,72.0,1624,1,4.0,0.48
1666,335,6.675,37.44,1,99.2,93.2,1393,181.0,77.0,18.43,-20.852,6.551,4.197,126.0,128.2,72.0,1624,1,4.0,0.48
1667,335,6.675,37.59,1,99.2,93.2,1393,181.0,76.9,18.45,-20.852,6.551,4.197,126.0,127.8,72.0,1624,1,3.9,0.48
1668,335,6.675,37.45,1,99.2,93.2,1393,181.0,76.9,18.4,-20.852,6.551,4.197,126.0,127.4,72.0,1624,1,3.9,0.48
1669,335,6.675,37.47,1,99.2,93.2,1392,181.0,77.1,18.48,-20.852,6.551,4.197,124.0,127.0,72.0,1624,1,3.9,0.47
1670,335,6.675,37.64,1,99.2,93.2,1391,181.0,77.0,18.42,-20.852,6.551,4.197,124.0,126.5,72.0,1624,1,3.8,0.48
1671,335,6.675,37.74,1,99.2,93.2,1391,181.1,77.1,18.41,-20.852,6.551,4.197,124.0,126.2,72.0,1624,1,3.8,0.48
1672,334,6.675,37.43,1,99.2,93.10000000000001,1391,181.0,76.9,18.47,-20.852,6.551,4.197,124.0,125.8,72.0,1624,1,3.8,0.47
1673,334,6.675,37.48,1,99.2,93.2,1390,181.1,77.1,18.42,-20.852,6.551,4.197,123.0,125.4,72.0,1624,1,3.7,0.47
1674,334,6.675,37.62,1,99.2,93.2,1390,181.0,76.9,18.5,-20.852,6.551,4.197,122.0,125.1,72.0,1624,1,3.7,0.48
1675,334,6.675,37.51,1,99.2,93.2,1390,181.1,77.0,18.46,-20.852,6.551,4.197,122.0,124.7,72.0,1624,1,3.7,0.48
1676,334,6.675,37.61,1,99.2,93.2,1390,181.1,76.9,18.48,-20.852,6.551,4.197,122.0,124.4,72.0,1624,1,3.6,0.48
1677,334,6.675,37.64,1,99.2,93.2,1390,181.1,77.0,18.44,-20.844,6.551,4.197,121.0,124.1,72.0,1624,1,3.6,0.48
1678,334,6.675,37.55,1,99.2,93.2,1390,181.2,76.9,18.4,-20.844,6.547,4.197,121.0,123.8,72.0,1624,1,3.5,0.48
1679,334,6.675,37.61,1,99.1,93.10000000000001,1389,181.1,77.0,18.47,-20.844,6.547,4.197,121.0,123.5,72.0,1624,1,3.5,0.48
1680,334,6.675,37.62,1,99.2,93.2,1389,181.1,76.8,18.41,-20.844,6.547,4.197,121.0,123.2,72.0,1624,1,3.5,0.47
1681,334,6.675,37.64,1,99.2,93.2,1389,181.1,77.0,18.46,-20.844,6.547,4.197,120.0,122.9,72.0,1624,1,3.4,0.48
1682,334,6.675,37.63,1,99.2,93.2,1389,181.0,76.8,18.91,-20.844,6.547,4.197,120.0,122.7,72.0,1624,1,3.4,0.48
1683,334,6.675,37.56,1,99.6,93.4,1390,181.0,77.0,19.67,-20.852,6.547,4.197,120.0,122.4,72.0,1624,1,3.4,0.48
1684,334,6.675,37.73,1,100.1,93.5,1393,181.0,77.5,19.78,-20.844,6.547,4.197,120.0,122.2,72.0,1624,1,3.3,0.49
1685,334,6.675,37.72,1,100.2,93.5,1397,181.0,77.5,19.83,-20.836,6.547,4.197,120.0,122.0,72.0,1624,1,3.3,0.48
1686,334,6.675,37.81,1,100.29999999999998,93.60000000000001,1398,180.9,77.5,19.8,-20.836,6.547,4.197,119.0,121.8,72.0,1624,1,3.3,0.48
1687,334,6.675,37.72,1,100.29999999999998,93.5,1400,180.8,77.5,19.77,-20.836,6.547,4.197,119.0,121.6,72.0,1624,1,3.2,0.48
1688,334,6.675,37.69,1,100.29999999999998,93.5,1400,180.8,77.4,19.77,-20.836,6.551,4.197,119.0,121.4,72.0,1624,1,3.2,0.48
1689,335,6.675,37.7,1,100.29999999999998,93.60000000000001,1401,180.8,77.3,19.83,-20.836,6.551,4.197,119.0,121.3,72.0,1624,1,3.2,0.47
1690,335,6.675,37.69,1,100.29999999999998,93.5,1400,180.7,77.5,19.77,-20.828,6.551,4.197,119.0,121.0,72.0,1624,1,3.1,0.47
1691,335,6.675,37.75,1,100.29999999999998,93.60000000000001,1400,180.7,77.4,19.77,-20.836,6.551,4.197,118.0,120.9,72.0,1624,1,3.1,0.48
1692,335,6.675,37.76,1,100.29999999999998,93.5,1401,180.7,77.5,19.75,-20.836,6.551,4.197,118.0,120.8,72.0,1624,1,3.0,0.48
1693,335,6.675,37.78,1,100.29999999999998,93.5,1401,180.5,77.5,19.79,-20.844,6.551,4.197,118.0,120.6,72.0,1624,1,3.0,0.48
1694,335,6.675,37.7,1,100.29999999999998,93.5,1401,180.4,77.4,19.79,-20.836,6.551,4.197,118.0,120.5,72.0,1624,1,3.0,0.47
1695,335,6.675,37.65,1,100.29999999999998,93.5,1402,180.3,77.4,19.83,-20.836,6.551,4.197,118.0,120.4,72.0,1624,1,2.9,0.49
1696,335,6.675,37.73,1,100.29999999999998,93.5,1402,180.3,77.5,19.77,-20.836,6.551,4.197,118.0,120.3,72.0,1624,1,2.9,0.48
1697,335,6.675,37.74,1,100.29999999999998,93.5,1402,180.3,77.4,19.77,-20.836,6.551,4.197,118.0,120.1,72.0,1624,1,2.9,0.48
1698,335,6.675,37.77,1,100.29999999999998,93.60000000000001,1402,180.3,77.3,19.82,-20.836,6.551,4.197,118.0,120.0,72.0,1624,1,2.8,0.48
1699,335,6.675,37.7,1,100.29999999999998,93.5,1402,180.3,77.4,19.75,-20.836,6.551,4.197,118.0,119.9,72.0,1623,1,2.8,0.48
1700,335,6.675,37.67,1,100.29999999999998,93.5,1401,180.2,77.4,19.78,-20.836,6.551,4.197,118.0,119.8,72.0,1623,1,2.8,0.48
1701,335,6.675,37.64,1,100.29999999999998,93.5,1400,180.1,77.6,19.82,-20.836,6.551,4.197,118.0,119.7,72.0,1623,1,2.7,0.48
1702,336,6.675,37.68,1,100.29999999999998,93.5,1401,180.1,77.5,19.81,-20.836,6.551,4.197,118.0,119.7,72.0,1623,1,2.7,0.48
1703,336,6.675,37.68,1,100.29999999999998,93.5,1401,180.2,77.4,19.77,-20.836,6.551,4.197,118.0,119.6,72.0,1623,1,2.7,0.48
1704,336,6.675,37.74,1,100.29999999999998,93.60000000000001,1402,180.2,77.4,19.76,-20.844,6.551,4.197,118.0,119.5,72.0,1623,1,2.6,0.49
1705,336,6.675,37.67,1,100.29999999999998,93.5,1402,180.1,77.4,19.8,-20.844,6.551,4.197,118.0,119.4,72.0,1623,1,2.6,0.48
1706,336,6.675,38.23,1,100.4,93.60000000000001,1402,180.0,77.3,19.75,-20.836,6.551,4.197,118.0,119.3,72.0,1623,1,2.6,0.48
1707,336,6.675,38.9,1,100.29999999999998,93.5,1401,179.9,77.2,19.61,-20.836,6.551,4.197,118.0,119.2,72.0,1623,1,2.5,0.49
1708,336,6.65,38.88,1,100.1,93.4,1400,179.9,77.3,18.98,-20.836,6.555,4.197,118.0,119.1,72.0,1623,1,2.5,0.48
1709,336,6.65,39.01,1,99.7,93.30000000000001,1398,180.0,77.2,18.9,-20.836,6.555,4.197,117.0,119.0,72.0,1623,1,2.5,0.48
1710,336,6.65,39.23,1,99.6,93.30000000000001,1395,180.0,77.2,18.9,-20.836,6.551,4.197,116.0,118.7,72.0,1623,1,2.4,0.48
1711,336,6.675,39.35,1,99.6,93.30000000000001,1393,180.0,77.2,18.52,-20.844,6.551,4.197,116.0,118.5,72.0,1623,1,2.4,0.47
1712,336,6.675,39.54,1,99.3,93.10000000000001,1391,180.0,77.1,18.18,-20.844,6.551,4.197,116.0,118.2,72.0,1623,1,2.4,0.48
1713,336,6.675,39.79,1,99.1,93.10000000000001,1388,180.1,76.9,18.19,-20.836,6.551,4.197,115.0,117.8,72.0,1623,1,2.3,0.48
1714,336,6.675,39.96,1,99.0,93.10000000000001,1385,180.1,76.7,18.16,-20.836,6.555,4.197,115.0,117.4,72.0,1623,1,2.3,0.48
1715,336,6.675,40.06,1,99.0,93.10000000000001,1384,180.2,76.9,18.26,-20.836,6.555,4.197,114.0,117.0,72.0,1623,1,2.3,0.47
1716,336,6.675,39.92,1,99.0,93.10000000000001,1383,180.2,76.9,18.05,-20.828,6.555,4.197,114.0,116.4,72.0,1623,1,2.2,0.48
1717,336,6.675,39.95,1,98.9,93.0,1382,180.3,77.0,18.14,-20.828,6.555,4.197,113.0,115.9,72.0,1623,1,2.2,0.48
1718,336,6.675,39.99,1,98.9,93.10000000000001,1380,180.4,76.9,18.18,-20.828,6.555,4.197,113.0,115.2,72.0,1623,1,2.2,0.47
1719,336,6.675,40.03,1,98.9,93.0,1380,180.4,76.8,17.66,-20.82,6.555,4.197,112.0,114.6,72.0,1623,1,2.2,0.47
1720,336,6.675,39.87,1,98.6,92.9,1378,180.4,76.7,17.46,-20.828,6.555,4.197,111.0,113.9,72.0,1623,1,2.1,0.47
1721,336,6.675,40.03,1,98.4,92.80000000000001,1376,180.4,76.7,17.43,-20.828,6.555,4.197,111.0,113.3,72.0,1623,1,2.1,0.47
1722,336,6.675,39.97,1,98.4,92.80000000000001,1374,180.5,76.7,17.41,-20.828,6.555,4.197,109.0,112.5,72.0,1623,1,2.1,0.47
1723,336,6.675,39.93,1,98.4,92.80000000000001,1373,180.6,76.7,17.42,-20.82,6.555,4.197,108.0,111.6,72.0,1623,1,2.0,0.47
1724,336,6.675,39.87,1,98.4,92.80000000000001,1372,180.6,76.6,17.39,-20.82,6.555,4.197,108.0,110.9,72.0,1623,1,2.0,0.46
1725,336,6.675,39.89,1,98.3,92.80000000000001,1371,180.6,76.5,17.36,-20.82,6.555,4.197,107.0,110.1,72.0,1623,1,2.0,0.46
1726,335,6.675,39.86,1,98.3,92.7,1371,180.7,76.5,17.37,-20.82,6.555,4.197,106.0,109.3,72.0,1623,1,2.0,0.46
1727,335,6.675,39.85,1,98.4,92.80000000000001,1370,180.8,76.4,17.39,-20.82,6.551,4.197,105.0,108.4,72.0,1623,1,1.9,0.46
1728,335,6.675,39.87,1,98.3,92.80000000000001,1370,180.9,76.5,17.41,-20.82,6.551,4.197,104.0,107.7,72.0,1623,1,1.9,0.46
1729,335,6.675,39.86,1,98.4,92.80000000000001,1369,181.0,76.6,17.41,-20.812,6.551,4.197,104.0,106.9,72.0,1623,1,1.9,0.47
1730,335,6.675,39.92,1,98.3,92.80000000000001,1369,180.9,76.6,17.42,-20.812,6.547,4.197,103.0,106.0,72.0,1623,1,1.9,0.46
1731,335,6.675,39.97,1,98.4,92.80000000000001,1369,180.9,76.7,17.85,-20.82,6.547,4.197,102.0,105.3,72.0,1623,1,1.8,0.47
1732,335,6.675,40.01,1,98.7,93.0,1371,180.9,76.7,18.76,-20.82,6.547,4.197,100.0,104.4,72.0,1623,1,1.8,0.47
1733,335,6.675,40.17,1,99.3,93.30000000000001,1375,181.0,76.9,19.05,-20.82,6.547,4.197,100.0,103.7,72.0,1623,1,1.8,0.48
1734,335,6.675,40.13,1,99.6,93.4,1380,181.0,77.1,19.09,-20.82,6.547,4.197,99.0,102.9,72.0,1623,1,1.7,0.49
1735,335,6.675,40.03,1,99.7,93.4,1383,181.0,77.4,19.1,-20.82,6.543,4.197,98.0,102.2,72.0,1623,1,1.7,0.49
1736,335,6.675,40.1,1,99.7,93.4,1385,181.0,77.3,19.03,-20.82,6.543,4.197,97.0,101.5,72.0,1623,1,1.7,0.48
1737,335,6.675,40.1,1,99.7,93.30000000000001,1386,181.0,77.2,19.06,-20.82,6.543,4.197,97.0,100.7,72.0,1623,1,1.7,0.48
1738,335,6.675,40.17,1,99.7,93.4,1387,180.9,77.2,19.12,-20.82,6.543,4.197,96.0,100.1,72.0,1623,1,1.6,0.48
1739,335,6.675,40.11,1,99.7,93.4,1387,180.9,77.2,19.05,-20.82,6.543,4.197,96.0,99.3,72.0,1623,1,1.6,0.47
1740,335,6.675,40.15,1,99.8,93.4,1387,180.9,77.2,19.39,-20.82,6.543,4.197,95.0,98.7,72.0,1623,1,1.6,0.47
1741,335,6.675,40.18,1,99.9,93.4,1389,180.8,77.3,19.41,-20.82,6.543,4.197,94.0,98.0,72.0,1623,1,1.5,0.48
1742,335,6.675,40.19,1,100.0,93.5,1390,180.7,77.3,19.45,-20.82,6.547,4.197,93.0,97.3,72.0,1623,1,1.5,0.48
1743,335,6.675,40.3,1,100.0,93.5,1391,180.6,77.3,19.7,-20.828,6.547,4.197,93.0,96.7,72.0,1623,1,1.5,0.48
1744,335,6.675,40.22,1,100.1,93.5,1392,180.6,77.4,19.67,-20.828,6.547,4.197,93.0,96.2,72.0,1623,1,1.4,0.48
1745,335,6.675,40.17,1,100.2,93.5,1393,180.5,77.5,19.64,-20.82,6.547,4.197,92.0,95.5,72.0,1623,1,1.4,0.48
1746,335,6.675,40.17,1,100.2,93.5,1393,180.4,77.4,19.64,-20.828,6.547,4.197,92.0,95.0,72.0,1623,1,1.4,0.48
1747,335,6.675,40.25,1,100.2,93.5,1393,180.4,77.4,19.7,-20.836,6.547,4.197,91.0,94.4,72.0,1623,1,1.4,0.47
1748,335,6.675,40.14,1,100.2,93.5,1393,180.4,77.5,19.86,-20.836,6.547,4.197,90.0,93.9,72.0,1623,1,1.3,0.47
1749,335,6.675,40.27,1,100.4,93.60000000000001,1394,180.4,77.5,20.25,-20.836,6.547,4.197,90.0,93.5,72.0,1623,1,1.3,0.48
1750,336,6.675,40.2,1,100.6,93.60000000000001,1395,180.3,77.5,20.2,-20.836,6.547,4.197,89.0,93.0,72.0,1623,1,1.3,0.47
1751,336,6.675,40.31,1,100.6,93.60000000000001,1396,180.3,77.3,20.31,-20.836,6.547,4.197,89.0,92.6,72.0,1623,1,1.3,0.48
1752,336,6.675,40.16,1,100.69999999999999,93.60000000000001,1397,180.2,77.5,20.25,-20.836,6.551,4.197,88.0,92.1,72.0,1623,1,1.2,0.48
1753,336,6.675,40.26,1,100.69999999999999,93.60000000000001,1398,180.1,77.5,20.25,-20.836,6.547,4.197,88.0,91.8,72.0,1623,1,1.2,0.51
1754,336,6.675,40.29,1,100.69999999999999,93.60000000000001,1398,180.0,77.5,20.22,-20.836,6.551,4.197,88.0,91.4,72.0,1622,1,1.2,0.53
1755,336,6.675,40.21,1,100.69999999999999,93.60000000000001,1398,179.9,77.5,20.24,-20.836,6.551,4.197,87.0,91.0,72.0,1622,1,1.2,0.55
1756,336,6.675,40.25,1,100.69999999999999,93.7,1398,179.9,77.5,20.41,-20.836,6.551,4.197,87.0,90.8,72.0,1622,1,1.1,0.54
1757,336,6.675,40.25,1,100.8,93.60000000000001,1399,179.8,77.5,20.24,-20.836,6.551,4.197,87.0,90.5,72.0,1622,1,1.1,0.54
1758,336,6.675,40.26,1,100.69999999999999,93.60000000000001,1398,179.7,77.5,20.23,-20.836,6.551,4.197,87.0,90.2,72.0,1622,1,1.1,0.56
1759,336,6.675,40.31,1,100.69999999999999,93.7,1399,179.7,77.5,20.29,-20.836,6.551,4.197,86.0,90.0,72.0,1622,1,1.1,0.56
1760,336,6.675,40.26,1,100.69999999999999,93.60000000000001,1400,179.7,77.7,20.2,-20.828,6.551,4.197,86.0,89.7,72.0,1622,1,1.0,0.56
1761,336,6.675,40.29,1,100.69999999999999,93.60000000000001,1400,179.6,77.6,20.22,-20.828,6.551,4.197,86.0,89.5,72.0,1622,1,1.0,0.56
1762,337,6.675,40.24,1,100.69999999999999,93.7,1400,179.6,77.7,20.23,-20.82,6.551,4.197,86.0,89.3,72.0,1622,1,1.0,0.56
1763,337,6.675,40.23,1,100.6,93.60000000000001,1399,179.6,77.8,20.12,-20.828,6.551,4.197,86.0,89.1,72.0,1622,1,1.0,0.56
1764,337,6.675,40.18,1,100.49999999999999,93.5,1399,179.5,77.5,19.2,-20.82,6.551,4.197,85.0,88.9,72.0,1622,1,0.9,0.56
1765,337,6.675,40.07,1,99.9,93.30000000000001,1396,179.5,77.5,18.81,-20.812,6.551,4.197,86.0,88.8,72.0,1622,1,0.9,0.56
1766,337,6.675,40.21,1,99.5,93.30000000000001,1393,179.5,77.3,18.82,-20.812,6.551,4.197,85.0,88.7,72.0,1622,1,0.9,0.55
1767,337,6.675,40.07,1,99.5,93.30000000000001,1391,179.5,77.1,18.75,-20.812,6.551,4.197,85.0,88.5,72.0,1622,1,0.9,0.55
1768,337,6.675,40.08,1,99.5,93.30000000000001,1390,179.5,77.0,18.75,-20.812,6.551,4.197,85.0,88.4,72.0,1622,1,0.8,0.55
1769,337,6.675,40.11,1,99.4,93.2,1389,179.5,77.1,18.77,-20.812,6.547,4.197,85.0,88.3,72.0,1622,1,0.8,0.56
1770,337,6.675,40.07,1,99.4,93.2,1388,179.5,77.1,18.8,-20.812,6.547,4.197,85.0,88.2,72.0,1622,1,0.8,0.55
1771,337,6.675,40.03,1,99.4,93.2,1388,179.6,77.2,18.77,-20.805,6.547,4.197,85.0,88.1,72.0,1622,1,0.8,0.55
1772,337,6.675,40.1,1,99.4,93.30000000000001,1387,179.5,77.1,18.77,-20.797,6.547,4.197,85.0,88.0,72.0,1622,1,0.8,0.56
1773,337,6.675,40.15,1,99.4,93.30000000000001,1387,179.5,77.0,18.77,-20.789,6.547,4.197,85.0,87.9,72.0,1622,1,0.7,0.55
1774,337,6.675,40.15,1,99.4,93.2,1386,179.5,77.1,18.78,-20.789,6.547,4.197,85.0,87.8,72.0,1622,1,0.7,0.55
1775,337,6.675,40.2,1,99.4,93.2,1386,179.7,77.3,18.77,-20.789,6.547,4.197,85.0,87.7,72.0,1622,1,0.7,0.55
1776,337,6.675,40.18,1,99.4,93.30000000000001,1386,179.7,77.0,18.78,-20.789,6.547,4.197,85.0,87.6,72.0,1622,1,0.7,0.55
1777,337,6.675,40.12,1,99.4,93.2,1386,179.7,77.0,18.74,-20.789,6.551,4.197,85.0,87.5,72.0,1622,1,0.6,0.55
1778,337,6.675,40.15,1,99.4,93.30000000000001,1386,179.7,77.1,18.79,-20.781,6.551,4.197,85.0,87.4,72.0,1622,1,0.6,0.56
1779,337,6.675,40.06,1,99.4,93.2,1386,179.7,77.1,18.59,-20.781,6.551,4.197,85.0,87.4,72.0,1622,1,0.6,0.55
1780,336,6.675,39.95,1,99.3,93.2,1386,179.8,77.1,18.37,-20.773,6.547,4.197,84.0,87.3,72.0,1621,1,0.5,0.55
1781,336,6.675,40.19,1,99.1,93.10000000000001,1385,179.8,77.0,18.18,-20.766,6.551,4.197,85.0,87.2,72.0,1621,1,0.5,0.55
1782,336,6.675,40.04,1,99.0,93.10000000000001,1384,179.7,77.0,18.24,-20.766,6.551,4.197,84.0,87.1,72.0,1621,1,0.5,0.54
1783,336,6.675,40.1,1,98.9,93.0,1381,179.8,77.0,18.06,-20.766,6.551,4.197,84.0,87.0,72.0,1621,1,0.5,0.55
1784,336,6.675,39.94,1,98.9,93.0,1380,179.8,76.9,18.11,-20.766,6.551,4.197,85.0,87.0,72.0,1621,1,0.5,0.55
1785,336,6.675,40.09,1,98.9,93.0,1380,179.9,76.7,18.09,-20.773,6.551,4.197,84.0,86.9,72.0,1621,1,0.4,0.55
1786,336,6.675,40.06,1,98.9,93.0,1380,179.9,76.7,18.04,-20.773,6.551,4.197,84.0,86.8,72.0,1621,1,0.4,0.56
1787,336,6.675,40.06,1,98.8,93.0,1378,179.9,76.9,18.12,-20.773,6.551,4.197,84.0,86.7,72.0,1621,1,0.4,0.55
1788,336,6.675,40.08,1,98.9,93.0,1378,180.0,77.0,18.09,-20.773,6.551,4.197,84.0,86.7,72.0,1621,1,0.4,0.55
1789,336,6.675,40.04,1,98.9,93.0,1379,180.2,76.7,18.05,-20.773,6.551,4.197,84.0,86.5,72.0,1621,1,0.4,0.55
1790,336,6.675,40.02,1,98.8,93.0,1378,180.3,76.8,18.05,-20.773,6.551,4.197,84.0,86.3,72.0,1621,1,0.3,0.55
1791,336,6.675,39.86,1,98.8,93.0,1378,180.3,76.8,18.06,-20.773,6.551,4.197,84.0,86.1,72.0,1621,1,0.3,0.56
1792,336,6.675,40.08,1,98.8,93.0,1378,180.4,76.7,18.03,-20.773,6.547,4.197,84.0,85.9,72.0,1621,1,0.3,0.55
1793,336,6.675,40.0,1,98.8,93.0,1378,180.3,76.8,18.09,-20.773,6.547,4.197,83.0,85.5,72.0,1621,1,0.3,0.55
1794,336,6.675,40.07,1,98.9,93.0,1378,180.3,76.7,18.39,-20.773,6.547,4.197,83.0,85.2,72.0,1621,1,0.2,0.55
1795,335,6.675,40.2,1,99.1,93.2,1378,180.3,76.8,19.12,-20.773,6.547,4.197,82.0,84.8,72.0,1621,1,0.2,0.55
1796,335,6.675,40.14,1,99.6,93.4,1381,180.2,77.1,19.31,-20.773,6.543,4.197,82.0,84.5,72.0,1621,1,0.2,0.56
1797,335,6.675,40.15,1,99.8,93.4,1385,180.2,77.3,19.32,-20.781,6.543,4.197,81.0,84.1,72.0,1621,1,0.2,0.57
1798,336,6.675,40.35,1,99.8,93.4,1387,180.2,77.2,19.33,-20.773,6.543,4.197,81.0,83.8,72.0,1621,1,0.2,0.57
1799,336,6.675,40.34,1,99.8,93.4,1389,180.2,77.2,19.33,-20.773,6.543,4.197,81.0,83.4,72.0,1621,1,0.1,0.56
1800,336,6.675,40.11,1,99.8,93.4,1389,180.2,77.3,19.46,-20.781,6.543,4.197,80.0,83.1,72.0,1620,1,0.1,0.57
1801,336,6.675,40.26,1,100.0,93.5,1390,180.2,77.4,19.52,-20.781,6.543,4.197,80.0,82.7,72.0,1620,1,0.1,0.57
1802,336,6.675,40.14,1,100.1,93.5,1392,180.1,77.3,19.55,-20.781,6.547,4.197,79.0,82.4,72.0,1620,1,0.1,0.56
1803,336,6.675,40.36,1,100.0,93.5,1393,180.1,77.6,19.49,-20.781,6.547,4.197,79.0,82.1,72.0,1620,1,0.1,0.57
1804,336,6.675,40.15,1,100.0,93.5,1393,180.0,77.5,19.63,-20.781,6.547,4.197,79.0,81.8,72.0,1620,1,0.0,0.57
1805,336,6.675,40.25,1,100.2,93.60000000000001,1394,179.9,77.4,19.91,-20.781,6.547,4.197,79.0,81.5,72.0,1620,1,0.0,0.56
1806,336,6.675,40.25,1,100.4,93.60000000000001,1395,180.0,77.4,19.96,-20.773,6.547,4.197,78.0,81.2,72.0,1620,1,0.0,0.57
1807,336,6.675,40.27,1,100.29999999999998,93.60000000000001,1396,179.9,77.5,19.93,-20.773,6.547,4.197,78.0,80.9,72.0,1620,1,-0.0,0.57
1808,336,6.675,40.27,1,100.29999999999998,93.60000000000001,1397,179.8,77.5,19.92,-20.773,6.547,4.197,78.0,80.7,72.0,1620,1,-0.0,0.57
1809,336,6.675,40.23,1,100.4,93.60000000000001,1397,179.8,77.6,19.9,-20.766,6.547,4.197,77.0,80.5,72.0,1620,1,-0.1,0.56
1810,336,6.675,40.21,1,100.29999999999998,93.60000000000001,1396,179.8,77.5,19.95,-20.766,6.547,4.197,77.0,80.3,72.0,1620,1,-0.1,0.56
1811,336,6.675,40.22,1,100.4,93.60000000000001,1396,179.8,77.6,19.88,-20.758,6.547,4.197,77.0,80.1,72.0,1620,1,-0.1,0.56
1812,336,6.675,40.28,1,100.29999999999998,93.60000000000001,1396,179.8,77.5,19.92,-20.758,6.547,4.197,77.0,79.9,72.0,1620,1,-0.1,0.55
1813,336,6.675,40.16,1,100.4,93.60000000000001,1396,179.7,77.5,19.9,-20.758,6.551,4.197,77.0,79.7,72.0,1620,1,-0.1,0.56
1814,336,6.675,40.26,1,100.4,93.60000000000001,1396,179.7,77.5,19.89,-20.758,6.551,4.197,77.0,79.5,72.0,1620,1,-0.2,0.56
1815,336,6.675,40.23,1,100.29999999999998,93.60000000000001,1396,179.6,77.4,19.87,-20.758,6.551,4.197,77.0,79.3,72.0,1620,1,-0.2,0.57
1816,336,6.675,40.19,1,100.29999999999998,93.5,1396,179.5,77.5,19.93,-20.75,6.551,4.197,76.0,79.1,72.0,1620,1,-0.2,0.56
1817,336,6.675,40.13,1,100.29999999999998,93.60000000000001,1397,179.5,77.5,19.95,-20.758,6.551,4.197,76.0,79.0,72.0,1619,1,-0.2,0.56
1818,336,6.675,40.14,1,100.29999999999998,93.5,1397,179.4,77.4,19.9,-20.758,6.551,4.197,76.0,78.8,72.0,1619,1,-0.3,0.56
1819,336,6.675,40.12,1,100.29999999999998,93.5,1398,179.4,77.5,19.91,-20.758,6.551,4.197,76.0,78.7,72.0,1619,1,-0.3,0.56
1820,336,6.675,40.17,1,100.4,93.60000000000001,1397,179.2,77.5,19.91,-20.75,6.551,4.197,76.0,78.6,72.0,1619,1,-0.3,0.56
1821,336,6.675,40.21,1,100.4,93.60000000000001,1397,179.3,77.5,19.88,-20.75,6.551,4.197,76.0,78.4,72.0,1619,1,-0.3,0.56
1822,336,6.675,40.12,1,100.29999999999998,93.5,1397,179.3,77.6,19.22,-20.742,6.555,4.197,76.0,78.3,72.0,1619,1,-0.3,0.56
1823,337,6.675,40.0,1,99.8,93.30000000000001,1396,179.3,77.3,18.59,-20.742,6.555,4.197,76.0,78.1,72.0,1619,1,-0.3,0.56
1824,337,6.675,39.96,1,99.4,93.2,1392,179.4,77.2,18.55,-20.742,6.551,4.197,76.0,78.0,72.0,1619,1,-0.4,0.55
1825,336,6.675,40.16,1,99.2,93.2,1389,179.4,76.9,18.55,-20.75,6.551,4.196,76.0,77.8,72.0,1619,1,-0.4,0.55
1826,336,6.675,40.13,1,99.2,93.2,1387,179.5,76.9,18.59,-20.75,6.551,4.197,76.0,77.7,72.0,1619,1,-0.4,0.56
1827,336,6.675,40.1,1,99.2,93.2,1386,179.4,76.9,18.55,-20.742,6.551,4.197,76.0,77.5,72.0,1619,1,-0.4,0.56
1828,336,6.675,40.15,1,99.2,93.2,1386,179.4,76.9,18.57,-20.742,6.551,4.197,76.0,77.3,72.0,1619,1,-0.4,0.57
1829,336,6.675,40.13,1,99.2,93.2,1385,179.4,77.0,18.52,-20.742,6.551,4.197,76.0,77.1,72.0,1619,1,-0.5,0.56
1830,336,6.675,40.06,1,99.2,93.2,1385,179.4,76.9,18.56,-20.742,6.551,4.197,75.0,77.0,72.0,1619,1,-0.5,0.57
1831,336,6.675,40.02,1,99.3,93.2,1385,179.5,77.1,18.38,-20.734,6.551,4.197,74.0,76.7,72.0,1619,1,-0.5,0.57
1832,336,6.675,39.91,1,99.1,93.10000000000001,1385,179.5,77.1,18.31,-20.734,6.551,4.197,74.0,76.6,72.0,1619,1,-0.5,0.57
1833,336,6.675,40.09,1,99.0,93.10000000000001,1384,179.5,77.0,18.36,-20.734,6.551,4.197,74.0,76.3,72.0,1619,1,-0.5,0.57
1834,336,6.675,40.03,1,99.0,93.10000000000001,1383,179.5,77.0,18.3,-20.727,6.551,4.197,73.0,76.2,72.0,1618,1,-0.5,0.56
1835,336,6.675,40.15,1,99.0,93.10000000000001,1383,179.6,76.9,18.37,-20.727,6.551,4.197,73.0,76.0,72.0,1618,1,-0.6,0.56
1836,336,6.675,40.11,1,99.0,93.10000000000001,1383,179.6,77.0,18.34,-20.719,6.551,4.197,73.0,75.8,72.0,1618,1,-0.6,0.56
1837,336,6.675,40.0,1,99.0,93.10000000000001,1382,179.6,76.9,18.21,-20.719,6.551,4.197,73.0,75.6,72.0,1618,1,-0.6,0.56
1838,336,6.675,39.96,1,98.9,93.10000000000001,1382,179.7,76.9,18.32,-20.727,6.551,4.197,73.0,75.3,72.0,1618,1,-0.6,0.55
1839,336,6.675,40.02,1,99.0,93.10000000000001,1381,179.7,77.1,18.34,-20.719,6.551,4.197,72.0,75.1,72.0,1618,1,-0.6,0.56
1840,336,6.675,39.92,1,99.0,93.10000000000001,1381,179.7,77.0,18.34,-20.719,6.551,4.197,72.0,74.9,72.0,1618,1,-0.6,0.56
1841,336,6.675,40.0,1,99.0,93.10000000000001,1382,179.8,77.0,18.34,-20.719,6.551,4.197,72.0,74.7,72.0,1618,1,-0.6,0.56
1842,336,6.675,40.15,1,99.0,93.10000000000001,1381,179.8,77.1,18.3,-20.719,6.551,4.197,72.0,74.5,72.0,1618,1,-0.7,0.55
1843,336,6.675,40.04,1,99.0,93.10000000000001,1381,179.8,76.9,18.29,-20.719,6.551,4.197,72.0,74.3,72.0,1618,1,-0.7,0.56
1844,336,6.675,39.94,1,99.0,93.10000000000001,1381,179.8,77.1,18.34,-20.719,6.551,4.197,71.0,74.2,72.0,1618,1,-0.7,0.56
1845,336,6.675,40.03,1,99.0,93.10000000000001,1380,179.9,77.2,18.32,-20.719,6.551,4.197,71.0,74.0,72.0,1618,1,-0.7,0.56
1846,335,6.675,40.0,1,99.0,93.10000000000001,1381,180.0,77.0,18.4,-20.719,6.551,4.197,71.0,73.8,72.0,1618,1,-0.7,0.56
1847,335,6.675,40.13,1,99.1,93.10000000000001,1381,179.9,77.1,18.39,-20.719,6.551,4.197,71.0,73.6,72.0,1618,1,-0.8,0.56
1848,335,6.675,40.07,1,99.1,93.10000000000001,1382,179.9,77.1,18.38,-20.719,6.547,4.197,71.0,73.4,72.0,1618,1,-0.8,0.56
1849,335,6.675,40.0,1,99.0,93.10000000000001,1381,179.9,77.1,18.27,-20.719,6.547,4.197,71.0,73.3,72.0,1617,1,-0.8,0.57
1850,335,6.675,40.07,1,99.0,93.10000000000001,1381,179.8,77.0,18.3,-20.727,6.547,4.197,70.0,73.1,72.0,1617,1,-0.8,0.58
1851,335,6.675,40.01,1,99.0,93.10000000000001,1381,179.8,77.1,18.34,-20.727,6.547,4.197,70.0,72.9,72.0,1617,1,-0.8,0.57
1852,335,6.675,40.07,1,99.0,93.10000000000001,1381,179.7,76.9,18.79,-20.727,6.547,4.197,70.0,72.8,72.0,1617,1,-0.8,0.57
1853,335,6.675,40.15,1,99.4,93.4,1382,179.8,77.2,19.38,-20.727,6.547,4.197,70.0,72.6,72.0,1617,1,-0.8,0.58
1854,335,6.675,40.05,1,99.8,93.4,1385,179.8,77.3,19.41,-20.727,6.543,4.196,70.0,72.4,72.0,1617,1,-0.9,0.59
1855,335,6.675,40.15,1,99.9,93.5,1388,179.7,77.3,19.37,-20.727,6.543,4.197,70.0,72.3,72.0,1617,1,-0.9,0.57
1856,335,6.675,40.19,1,99.9,93.5,1389,179.8,77.4,19.43,-20.727,6.543,4.197,69.0,72.1,72.0,1617,1,-0.9,0.58
1857,335,6.675,40.25,1,99.9,93.4,1390,179.8,77.2,19.45,-20.727,6.543,4.197,69.0,71.9,72.0,1617,1,-0.9,0.58
1858,335,6.675,40.23,1,100.0,93.5,1391,179.7,77.3,19.45,-20.719,6.543,4.197,69.0,71.7,72.0,1617,1,-0.9,0.58
1859,335,6.675,40.27,1,100.0,93.5,1391,179.6,77.4,19.89,-20.727,6.543,4.197,69.0,71.5,72.0,1617,1,-1.0,0.59
1860,335,6.675,40.2,1,100.2,93.60000000000001,1393,179.6,77.6,20.08,-20.719,6.543,4.197,68.0,71.3,72.0,1617,1,-1.0,0.6
1861,335,6.675,40.21,1,100.4,93.60000000000001,1394,179.5,77.5,20.14,-20.711,6.547,4.197,67.0,71.2,72.0,1617,1,-1.0,0.59
1862,335,6.675,40.14,1,100.49999999999999,93.60000000000001,1396,179.6,77.7,20.14,-20.703,6.547,4.197,67.0,70.9,72.0,1617,1,-1.0,0.59
1863,336,6.675,40.22,1,100.49999999999999,93.60000000000001,1397,179.5,77.6,20.12,-20.703,6.547,4.197,67.0,70.7,72.0,1617,1,-1.0,0.59
1864,336,6.675,40.23,1,100.49999999999999,93.60000000000001,1398,179.4,77.5,20.13,-20.703,6.547,4.197,67.0,70.5,72.0,1616,1,-1.0,0.59
1865,336,6.675,40.2,1,100.49999999999999,93.60000000000001,1397,179.4,77.5,20.09,-20.703,6.547,4.197,67.0,70.3,72.0,1616,1,-1.1,0.58
1866,336,6.675,40.19,1,100.49999999999999,93.60000000000001,1398,179.4,77.5,20.08,-20.695,6.547,4.197,67.0,70.1,72.0,1616,1,-1.1,0.58
1867,336,6.675,40.19,1,100.49999999999999,93.60000000000001,1398,179.3,77.7,20.11,-20.688,6.547,4.197,67.0,69.8,72.0,1616,1,-1.1,0.58
1868,336,6.675,40.24,1,100.49999999999999,93.60000000000001,1398,179.2,77.7,20.11,-20.688,6.547,4.197,67.0,69.7,72.0,1616,1,-1.1,0.58
1869,336,6.675,40.19,1,100.49999999999999,93.60000000000001,1398,179.2,77.5,20.13,-20.688,6.547,4.197,67.0,69.5,72.0,1616,1,-1.1,0.58
1870,336,6.675,40.19,1,100.49999999999999,93.60000000000001,1398,179.1,77.6,20.17,-20.688,6.551,4.197,66.0,69.2,72.0,1616,1,-1.1,0.58
1871,336,6.675,40.21,1,100.49999999999999,93.60000000000001,1398,179.1,77.6,20.07,-20.68,6.551,4.197,66.0,69.1,72.0,1616,1,-1.1,0.58
1872,336,6.675,40.18,1,100.49999999999999,93.60000000000001,1398,179.1,77.6,20.08,-20.672,6.547,4.197,66.0,68.9,72.0,1616,1,-1.1,0.58
1873,336,6.675,40.32,1,100.49999999999999,93.60000000000001,1398,179.0,77.5,20.12,-20.672,6.551,4.196,66.0,68.7,72.0,1616,1,-1.2,0.58
1874,336,6.675,40.22,1,100.49999999999999,93.60000000000001,1398,179.0,77.5,20.12,-20.664,6.551,4.197,66.0,68.5,72.0,1616,1,-1.2,0.59
1875,336,6.675,40.27,1,100.4,93.60000000000001,1398,179.0,77.6,20.11,-20.672,6.551,4.197,66.0,68.3,72.0,1616,1,-1.2,0.58
1876,336,6.675,40.2,1,100.49999999999999,93.60000000000001,1398,178.9,77.5,20.02,-20.656,6.551,4.197,66.0,68.1,72.0,1616,1,-1.2,0.59
1877,336,6.675,40.24,1,100.29999999999998,93.5,1398,178.8,77.4,19.2,-20.656,6.551,4.197,65.0,67.9,72.0,1616,1,-1.2,0.58
1878,336,6.675,40.08,1,99.7,93.30000000000001,1395,178.9,77.3,18.65,-20.656,6.551,4.197,65.0,67.8,72.0,1615,1,-1.2,0.57
1879,336,6.675,40.18,1,99.4,93.2,1392,178.7,77.3,18.65,-20.664,6.551,4.196,65.0,67.6,72.0,1615,1,-1.2,0.57
1880,336,6.675,40.05,1,99.3,93.2,1389,178.8,77.0,18.67,-20.664,6.551,4.197,64.0,67.5,72.0,1615,1,-1.3,0.57
1881,336,6.675,40.02,1,99.3,93.2,1387,178.8,76.9,18.71,-20.656,6.547,4.197,64.0,67.3,72.0,1615,1,-1.3,0.58
1882,336,6.675,40.08,1,99.3,93.2,1386,178.9,76.9,18.65,-20.656,6.547,4.196,64.0,67.1,72.0,1615,1,-1.3,0.57
1883,336,6.675,40.13,1,99.3,93.2,1386,178.9,77.1,18.62,-20.656,6.547,4.197,64.0,67.0,72.0,1615,1,-1.3,0.57
1884,336,6.675,40.13,1,99.2,93.2,1385,178.9,77.1,18.67,-20.664,6.547,4.197,64.0,66.8,72.0,1615,1,-1.3,0.57
1885,336,6.675,40.07,1,99.3,93.2,1385,178.9,77.0,18.66,-20.656,6.551,4.197,64.0,66.7,72.0,1615,1,-1.3,0.57
1886,336,6.675,40.15,1,99.2,93.2,1385,178.9,77.1,18.66,-20.656,6.551,4.197,64.0,66.5,72.0,1615,1,-1.3,0.57
1887,336,6.675,40.06,1,99.3,93.2,1385,178.8,77.0,18.35,-20.656,6.551,4.196,64.0,66.4,72.0,1615,1,-1.4,0.57
1888,336,6.675,39.92,1,99.0,93.0,1384,178.9,77.0,18.11,-20.656,6.551,4.197,64.0,66.3,72.0,1615,1,-1.4,0.57
1889,336,6.675,40.07,1,98.9,93.0,1382,179.1,76.9,18.1,-20.664,6.551,4.196,64.0,66.1,72.0,1615,1,-1.4,0.57
1890,336,6.675,40.0,1,98.8,93.0,1381,179.1,76.9,18.02,-20.672,6.551,4.196,63.0,66.0,72.0,1615,1,-1.4,0.57
1891,336,6.675,40.0,1,98.8,93.0,1380,179.2,76.8,18.1,-20.672,6.551,4.196,63.0,65.9,72.0,1615,1,-1.4,0.57
1892,336,6.675,39.95,1,98.8,93.0,1380,179.2,76.8,18.09,-20.672,6.551,4.197,63.0,65.8,72.0,1614,1,-1.4,0.57
1893,336,6.675,40.14,1,98.8,93.0,1380,179.3,77.0,18.07,-20.672,6.551,4.197,63.0,65.6,72.0,1614,1,-1.4,0.57
1894,336,6.675,39.96,1,98.8,93.0,1380,179.3,76.9,18.04,-20.68,6.551,4.197,63.0,65.5,72.0,1614,1,-1.5,0.58
1895,336,6.675,39.96,1,98.8,93.0,1379,179.3,76.8,18.09,-20.672,6.551,4.197,63.0,65.4,72.0,1614,1,-1.5,0.57
1896,336,6.675,39.96,1,98.8,93.0,1378,179.4,76.9,18.06,-20.68,6.551,4.197,63.0,65.3,72.0,1614,1,-1.5,0.57
1897,336,6.675,40.05,1,98.8,93.0,1379,179.4,76.9,18.1,-20.68,6.551,4.197,62.0,65.2,72.0,1614,1,-1.5,0.57
1898,336,6.675,39.98,1,98.8,93.0,1379,179.5,76.9,18.02,-20.68,6.551,4.197,63.0,65.0,72.0,1614,1,-1.5,0.57
1899,336,6.675,40.04,1,98.8,93.0,1378,179.6,76.8,18.07,-20.68,6.551,4.197,62.0,64.9,72.0,1614,1,-1.5,0.57
1900,335,6.675,40.03,1,98.7,93.0,1378,179.5,76.9,18.05,-20.68,6.551,4.197,62.0,64.8,72.0,1614,1,-1.5,0.58
1901,335,6.675,40.12,1,98.7,93.0,1378,179.5,76.9,18.04,-20.68,6.547,4.197,62.0,64.7,72.0,1614,1,-1.5,0.57
1902,335,6.675,39.92,1,98.8,93.0,1378,179.5,77.0,18.06,-20.688,6.547,4.196,62.0,64.6,72.0,1614,1,-1.5,0.57
1903,335,6.675,39.89,1,98.8,93.0,1377,179.5,77.0,18.08,-20.688,6.547,4.197,62.0,64.5,72.0,1614,1,-1.6,0.57
1904,335,6.675,40.06,1,98.8,93.0,1377,179.6,76.9,18.09,-20.688,6.547,4.196,62.0,64.5,72.0,1614,1,-1.6,0.58
1905,335,6.675,40.04,1,98.8,93.0,1377,179.6,76.8,18.05,-20.695,6.543,4.197,62.0,64.4,72.0,1613,1,-1.6,0.57
1906,335,6.675,40.05,1,98.7,93.0,1378,179.6,76.8,18.09,-20.695,6.543,4.197,62.0,64.3,72.0,1613,1,-1.6,0.58
1907,335,6.675,40.04,1,98.8,93.0,1378,179.7,77.1,18.05,-20.703,6.543,4.197,62.0,64.2,72.0,1613,1,-1.6,0.56
1908,335,6.675,39.95,1,98.8,93.0,1378,179.7,76.9,18.09,-20.711,6.543,4.196,62.0,64.1,72.0,1613,1,-1.6,0.57
1909,335,6.675,40.11,1,98.9,93.10000000000001,1378,179.8,77.1,18.97,-20.719,6.543,4.196,62.0,64.0,72.0,1613,1,-1.6,0.56
1910,335,6.675,40.18,1,99.5,93.4,1380,179.8,77.1,19.48,-20.719,6.543,4.197,62.0,63.9,72.0,1613,1,-1.7,0.57
1911,335,6.675,40.3,1,99.9,93.5,1385,179.8,77.2,19.61,-20.719,6.543,4.196,61.0,63.8,72.0,1613,1,-1.7,0.57
1912,335,6.675,40.15,1,100.0,93.5,1389,179.8,77.3,19.56,-20.719,6.543,4.197,62.0,63.7,72.0,1613,1,-1.7,0.58
1913,335,6.675,40.23,1,100.0,93.5,1391,179.7,77.4,19.48,-20.719,6.543,4.196,61.0,63.7,72.0,1613,1,-1.7,0.58
1914,335,6.675,40.26,1,100.0,93.5,1391,179.6,77.4,19.55,-20.727,6.543,4.196,61.0,63.6,72.0,1613,1,-1.7,0.58
1915,335,6.675,40.14,1,100.1,93.5,1392,179.6,77.5,19.54,-20.727,6.543,4.196,61.0,63.5,72.0,1613,1,-1.7,0.57
1916,335,6.675,40.24,1,100.0,93.5,1392,179.6,77.5,19.55,-20.727,6.543,4.197,61.0,63.4,72.0,1613,1,-1.7,0.59
1917,335,6.675,40.22,1,100.0,93.5,1393,179.6,77.6,19.52,-20.734,6.543,4.197,61.0,63.3,72.0,1612,1,-1.7,0.58
1918,335,6.675,40.24,1,100.0,93.5,1393,179.5,77.3,19.55,-20.742,6.543,4.197,61.0,63.3,72.0,1612,1,-1.8,0.58
1919,335,6.675,40.21,1,100.0,93.5,1393,179.4,77.4,19.59,-20.75,6.543,4.197,61.0,63.2,72.0,1612,1,-1.8,0.58
1920,335,6.675,40.2,1,100.1,93.5,1393,179.3,77.4,19.52,-20.75,6.543,4.196,61.0,63.1,72.0,1612,1,-1.8,0.58
1921,335,6.675,40.22,1,100.0,93.5,1393,179.3,77.4,19.57,-20.758,6.543,4.196,61.0,63.1,72.0,1612,1,-1.8,0.58
1922,335,6.675,40.23,1,100.1,93.5,1394,179.3,77.4,19.52,-20.75,6.543,4.196,60.0,63.1,72.0,1612,1,-1.8,0.58
1923,336,6.675,40.12,1,100.0,93.4,1394,179.3,77.5,19.51,-20.75,6.543,4.196,61.0,63.0,72.0,1612,1,-1.8,0.58
1924,336,6.675,40.16,1,100.1,93.5,1393,179.3,77.4,19.51,-20.758,6.543,4.196,60.0,62.9,72.0,1612,1,-1.8,0.58
1925,336,6.675,40.18,1,100.0,93.5,1393,179.2,77.3,19.56,-20.758,6.547,4.196,60.0,62.9,72.0,1612,1,-1.8,0.57
1926,336,6.675,40.07,1,100.0,93.5,1393,179.1,77.4,19.54,-20.758,6.547,4.196,60.0,62.8,72.0,1612,1,-1.8,0.58
1927,336,6.675,40.21,1,100.1,93.5,1394,179.0,77.4,19.57,-20.758,6.547,4.196,60.0,62.8,72.0,1612,1,-1.9,0.58
1928,336,6.675,40.18,1,100.0,93.5,1394,178.8,77.4,19.57,-20.758,6.547,4.196,60.0,62.7,72.0,1612,1,-1.9,0.57
1929,336,6.675,40.12,1,100.1,93.5,1395,178.9,77.6,19.59,-20.75,6.547,4.196,61.0,62.7,72.0,1612,1,-1.9,0.57
1930,336,6.675,40.31,1,100.1,93.5,1395,179.0,77.4,19.6,-20.742,6.547,4.196,60.0,62.6,72.0,1611,1,-1.9,0.58
1931,336,6.675,40.09,1,100.0,93.5,1396,179.0,77.5,19.54,-20.742,6.547,4.197,60.0,62.6,72.0,1611,1,-1.9,0.57
1932,336,6.675,40.07,1,100.1,93.5,1396,178.9,77.5,19.49,-20.734,6.551,4.196,60.0,62.5,72.0,1611,1,-1.9,0.58
1933,336,6.675,40.18,1,100.0,93.5,1396,179.0,77.5,19.46,-20.727,6.551,4.197,60.0,62.5,72.0,1611,1,-1.9,0.58
1934,336,6.675,40.03,1,99.9,93.30000000000001,1396,179.0,77.3,18.66,-20.727,6.551,4.197,60.0,62.4,72.0,1611,1,-1.9,0.58
1935,336,6.675,40.12,1,99.4,93.2,1393,178.9,77.2,18.38,-20.727,6.547,4.197,60.0,62.4,72.0,1611,1,-1.9,0.56
1936,336,6.675,40.16,1,99.2,93.10000000000001,1389,179.0,77.0,18.38,-20.719,6.547,4.196,60.0,62.3,72.0,1611,1,-2.0,0.57
1937,336,6.675,40.01,1,99.1,93.10000000000001,1387,179.0,77.0,18.42,-20.727,6.547,4.196,60.0,62.2,72.0,1611,1,-2.0,0.57
1938,336,6.675,40.1,1,99.1,93.10000000000001,1386,179.0,77.1,18.45,-20.719,6.547,4.196,60.0,62.1,72.0,1611,1,-2.0,0.56
1939,336,6.675,40.08,1,99.1,93.2,1386,179.1,77.0,18.46,-20.719,6.547,4.196,60.0,62.0,72.0,1611,1,-2.0,0.56
1940,336,6.675,40.05,1,99.1,93.10000000000001,1385,179.1,77.0,18.45,-20.719,6.547,4.196,60.0,61.9,72.0,1611,1,-2.0,0.57
1941,336,6.675,40.15,1,99.1,93.10000000000001,1384,179.1,76.9,18.39,-20.719,6.547,4.197,60.0,61.8,72.0,1611,1,-2.0,0.57
1942,336,6.675,40.1,1,99.1,93.2,1384,179.1,77.2,18.41,-20.719,6.547,4.196,60.0,61.6,72.0,1611,1,-2.0,0.56
1943,336,6.675,40.07,1,99.1,93.2,1384,179.2,77.1,18.42,-20.711,6.547,4.196,60.0,61.5,72.0,1610,1,-2.0,0.56
1944,336,6.675,40.15,1,99.1,93.10000000000001,1384,179.3,77.1,18.43,-20.719,6.547,4.196,60.0,61.4,72.0,1610,1,-2.0,0.56
1945,335,6.675,40.05,1,99.1,93.10000000000001,1383,179.3,77.1,18.41,-20.711,6.547,4.196,60.0,61.2,72.0,1610,1,-2.0,0.57
1946,335,6.675,40.07,1,99.1,93.10000000000001,1383,179.4,77.2,18.46,-20.711,6.547,4.196,60.0,61.1,72.0,1610,1,-2.1,0.56
1947,335,6.675,40.11,1,99.1,93.2,1382,179.4,77.1,18.44,-20.711,6.547,4.197,60.0,61.0,72.0,1610,1,-2.1,0.57
1948,335,6.675,40.17,1,99.1,93.2,1382,179.4,77.1,18.43,-20.719,6.547,4.196,60.0,60.8,72.0,1610,1,-2.1,0.57
1949,335,6.675,40.06,1,99.1,93.10000000000001,1382,179.5,77.1,18.46,-20.711,6.547,4.196,59.0,60.6,72.0,1610,1,-2.1,0.58
1950,335,6.675,40.06,1,99.1,93.10000000000001,1382,179.5,77.0,18.45,-20.719,6.547,4.196,58.0,60.5,72.0,1610,1,-2.1,0.58
1951,335,6.675,40.1,1,99.1,93.10000000000001,1382,179.5,77.0,18.43,-20.719,6.547,4.196,58.0,60.4,72.0,1610,1,-2.1,0.57
1952,335,6.675,40.11,1,99.1,93.2,1383,179.5,76.9,18.46,-20.727,6.543,4.196,58.0,60.2,72.0,1610,1,-2.1,0.56
1953,335,6.675,40.03,1,99.1,93.10000000000001,1382,179.5,76.9,18.7,-20.727,6.543,4.197,58.0,60.0,72.0,1610,1,-2.1,0.56
1954,335,6.675,40.19,1,99.4,93.30000000000001,1382,179.5,77.2,19.46,-20.719,6.543,4.196,57.0,59.9,72.0,1610,1,-2.1,0.57
1955,335,6.675,40.15,1,99.8,93.4,1385,179.5,77.1,19.51,-20.719,6.543,4.197,57.0,59.7,72.0,1609,1,-2.2,0.58
1956,335,6.675,40.15,1,99.9,93.5,1388,179.4,77.3,19.52,-20.719,6.543,4.196,57.0,59.6,72.0,1609,1,-2.1,0.58
1957,335,6.675,40.23,1,100.0,93.5,1391,179.4,77.2,19.54,-20.719,6.543,4.196,57.0,59.4,72.0,1609,1,-2.1,0.57
1958,335,6.675,40.19,1,100.0,93.4,1392,179.3,77.3,19.49,-20.719,6.543,4.196,57.0,59.3,72.0,1609,1,-2.2,0.57
1959,335,6.675,40.27,1,100.0,93.4,1392,179.2,77.2,19.55,-20.719,6.543,4.197,56.0,59.2,72.0,1609,1,-2.2,0.57
1960,335,6.675,40.29,1,100.0,93.5,1392,179.1,77.4,19.51,-20.719,6.543,4.196,56.0,59.1,72.0,1609,1,-2.2,0.57
1961,335,6.675,40.17,1,100.0,93.5,1393,179.1,77.3,19.59,-20.719,6.543,4.196,56.0,58.9,72.0,1609,1,-2.2,0.57
1962,335,6.675,40.2,1,100.1,93.5,1393,179.1,77.4,19.95,-20.727,6.543,4.197,56.0,58.8,72.0,1609,1,-2.2,0.57
1963,335,6.675,40.21,1,100.29999999999998,93.60000000000001,1395,179.0,77.3,20.02,-20.727,6.543,4.196,56.0,58.7,72.0,1609,1,-2.2,0.58
1964,335,6.675,40.33,1,100.4,93.60000000000001,1396,179.0,77.5,19.99,-20.719,6.543,4.196,56.0,58.6,72.0,1609,1,-2.2,0.58
1965,336,6.675,40.29,1,100.4,93.60000000000001,1396,178.9,77.6,19.96,-20.719,6.543,4.196,56.0,58.4,72.0,1609,1,-2.2,0.58
1966,336,6.675,40.33,1,100.4,93.60000000000001,1396,178.8,77.5,20.0,-20.719,6.543,4.196,56.0,58.4,72.0,1609,1,-2.2,0.57
1967,336,6.675,40.28,1,100.4,93.60000000000001,1396,178.7,77.6,20.0,-20.719,6.547,4.196,56.0,58.2,71.0,1608,1,-2.3,0.58
1968,336,6.675,40.17,1,100.4,93.60000000000001,1397,178.8,77.6,20.02,-20.719,6.547,4.196,55.0,58.2,71.0,1608,1,-2.3,0.57
1969,336,6.675,40.22,1,100.4,93.60000000000001,1397,178.7,77.6,19.98,-20.719,6.547,4.196,55.0,58.1,72.0,1608,1,-2.3,0.58
1970,336,6.675,40.25,1,100.4,93.60000000000001,1397,178.6,77.6,20.01,-20.711,6.547,4.196,55.0,58.0,72.0,1608,1,-2.3,0.58
1971,336,6.675,40.25,1,100.4,93.60000000000001,1397,178.7,77.6,19.95,-20.711,6.547,4.197,55.0,57.9,72.0,1608,1,-2.3,0.59
1972,336,6.675,40.23,1,100.4,93.60000000000001,1398,178.6,77.5,20.0,-20.703,6.547,4.196,55.0,57.8,71.0,1608,1,-2.3,0.58
1973,336,6.675,40.31,1,100.4,93.60000000000001,1398,178.7,77.6,20.03,-20.695,6.547,4.196,55.0,57.7,71.0,1608,1,-2.3,0.57
1974,336,6.675,40.28,1,100.4,93.60000000000001,1397,178.7,77.6,19.99,-20.695,6.547,4.196,55.0,57.6,71.0,1608,1,-2.3,0.57
1975,336,6.675,40.27,1,100.4,93.60000000000001,1397,178.7,77.4,20.04,-20.695,6.551,4.196,55.0,57.5,71.0,1608,1,-2.3,0.58
1976,336,6.675,40.29,1,100.4,93.60000000000001,1397,178.7,77.5,20.0,-20.695,6.551,4.196,55.0,57.5,71.0,1608,1,-2.3,0.58
1977,336,6.675,40.19,1,100.29999999999998,93.60000000000001,1397,178.7,77.5,19.95,-20.695,6.551,4.196,55.0,57.4,71.0,1608,1,-2.3,0.58
1978,336,6.675,40.26,1,100.29999999999998,93.60000000000001,1397,178.7,77.3,19.48,-20.688,6.551,4.196,55.0,57.3,71.0,1608,1,-2.4,0.58
1979,336,6.675,40.21,1,99.9,93.4,1396,178.6,77.5,19.05,-20.688,6.551,4.196,54.0,57.3,71.0,1607,1,-2.4,0.56
1980,336,6.675,40.24,1,99.6,93.30000000000001,1394,178.6,77.2,19.04,-20.688,6.547,4.196,54.0,57.2,71.0,1607,1,-2.4,0.57
1981,336,6.675,40.19,1,99.6,93.30000000000001,1391,178.6,77.2,19.0,-20.688,6.547,4.196,54.0,57.1,71.0,1607,1,-2.4,0.58
1982,336,6.675,40.22,1,99.6,93.30000000000001,1390,178.6,77.3,18.98,-20.688,6.547,4.196,54.0,57.1,71.0,1607,1,-2.4,0.57
1983,336,6.675,40.23,1,99.5,93.30000000000001,1389,178.7,77.2,19.02,-20.695,6.547,4.196,54.0,57.0,71.0,1607,1,-2.4,0.57
1984,336,6.675,40.26,1,99.5,93.30000000000001,1389,178.7,77.3,19.0,-20.695,6.547,4.196,54.0,56.9,71.0,1607,1,-2.4,0.57
1985,336,6.675,40.22,1,99.5,93.30000000000001,1389,178.6,77.1,19.01,-20.695,6.547,4.196,54.0,56.9,71.0,1607,1,-2.4,0.57
1986,336,6.675,40.18,1,99.5,93.30000000000001,1388,178.4,77.3,18.98,-20.695,6.547,4.196,54.0,56.8,71.0,1607,1,-2.4,0.56
1987,336,6.675,40.09,1,99.5,93.30000000000001,1388,178.6,77.1,19.03,-20.695,6.547,4.196,54.0,56.7,71.0,1607,1,-2.4,0.57
1988,336,6.675,40.12,1,99.6,93.30000000000001,1389,178.7,77.1,19.03,-20.695,6.547,4.196,54.0,56.7,71.0,1607,1,-2.5,0.57
1989,336,6.675,40.13,1,99.6,93.30000000000001,1389,178.7,77.2,19.03,-20.695,6.547,4.196,54.0,56.6,71.0,1607,1,-2.5,0.58
1990,336,6.675,40.11,1,99.5,93.30000000000001,1389,178.8,77.3,19.06,-20.703,6.547,4.196,54.0,56.6,71.0,1606,1,-2.5,0.57
1991,336,6.675,40.16,1,99.6,93.30000000000001,1388,178.7,77.2,19.01,-20.695,6.547,4.196,54.0,56.5,71.0,1606,1,-2.5,0.57
1992,336,6.675,40.24,1,99.6,93.30000000000001,1389,178.8,77.3,19.02,-20.703,6.547,4.196,54.0,56.5,71.0,1606,1,-2.5,0.57
1993,336,6.675,40.15,1,99.5,93.30000000000001,1389,178.9,77.2,19.05,-20.703,6.543,4.197,54.0,56.4,71.0,1606,1,-2.5,0.57
1994,336,6.675,40.12,1,99.5,93.30000000000001,1388,178.7,77.3,19.07,-20.703,6.547,4.196,54.0,56.3,71.0,1606,1,-2.5,0.57
1995,336,6.675,40.13,1,99.5,93.30000000000001,1388,178.7,77.1,18.99,-20.703,6.543,4.196,54.0,56.2,71.0,1606,1,-2.5,0.58
1996,336,6.675,40.12,1,99.5,93.30000000000001,1388,178.7,77.2,19.04,-20.711,6.543,4.196,54.0,56.1,71.0,1606,1,-2.5,0.56
1997,336,6.675,40.15,1,99.6,93.30000000000001,1388,178.7,77.2,19.05,-20.719,6.543,4.196,54.0,56.0,71.0,1606,1,-2.5,0.56
1998,336,6.675,40.05,1,99.6,93.30000000000001,1389,178.7,77.1,19.1,-20.711,6.543,4.196,54.0,55.9,71.0,1606,1,-2.5,0.57
1999,336,6.675,40.24,1,99.7,93.4,1390,178.8,77.1,19.01,-20.711,6.543,4.196,54.0,55.8,71.0,1606,1,-2.5,0.57
2000,336,6.675,40.13,1,99.6,93.30000000000001,1390,178.9,77.1,19.02,-20.711,6.543,4.196,53.0,55.6,71.0,1606,1,-2.5,0.58
2001,336,6.675,40.08,1,99.6,93.30000000000001,1389,178.8,77.2,19.06,-20.711,6.543,4.196,53.0,55.5,71.0,1606,1,-2.6,0.57
2002,335,6.675,40.1,1,99.6,93.30000000000001,1390,178.8,77.1,18.99,-20.711,6.539,4.196,53.0,55.4,71.0,1605,1,-2.6,0.57
2003,335,6.675,40.17,1,99.6,93.30000000000001,1390,178.8,77.1,18.97,-20.719,6.539,4.196,53.0,55.2,71.0,1605,1,-2.6,0.56
2004,335,6.675,40.19,1,99.5,93.30000000000001,1389,178.8,77.1,19.03,-20.719,6.539,4.196,53.0,55.1,71.0,1605,1,-2.6,0.56
2005,335,6.675,40.13,1,99.5,93.30000000000001,1389,178.9,77.2,19.05,-20.719,6.539,4.196,53.0,54.9,71.0,1605,1,-2.6,0.56
2006,335,6.675,40.17,1,99.6,93.30000000000001,1389,178.8,77.1,19.01,-20.719,6.539,4.196,53.0,54.8,71.0,1605,1,-2.6,0.56
2007,335,6.675,40.04,1,99.6,93.30000000000001,1389,178.7,77.3,19.03,-20.719,6.539,4.196,53.0,54.7,71.0,1605,1,-2.6,0.57
2008,335,6.675,40.08,1,99.6,93.30000000000001,1389,178.7,77.1,19.01,-20.719,6.539,4.196,53.0,54.5,71.0,1605,1,-2.6,0.57
2009,335,6.675,40.32,1,99.6,93.4,1389,178.8,77.1,19.76,-20.727,6.539,4.196,52.0,54.4,71.0,1605,1,-2.6,0.57
2010,335,6.675,40.25,1,100.2,93.7,1391,178.8,77.4,20.41,-20.727,6.539,4.196,52.0,54.2,71.0,1605,1,-2.6,0.58
2011,336,6.675,40.3,1,100.6,93.7,1394,178.8,77.4,20.47,-20.727,6.539,4.196,52.0,54.1,71.0,1605,1,-2.6,0.57
2012,336,6.675,40.33,1,100.69999999999999,93.7,1397,178.8,77.4,20.46,-20.727,6.539,4.196,52.0,54.0,71.0,1605,1,-2.6,0.57
2013,336,6.675,40.34,1,100.69999999999999,93.60000000000001,1399,178.7,77.5,20.47,-20.727,6.539,4.196,52.0,53.8,71.0,1604,1,-2.6,0.58
2014,336,6.675,40.27,1,100.8,93.7,1400,178.7,77.5,20.45,-20.727,6.539,4.196,51.0,53.7,71.0,1604,1,-2.6,0.59
2015,336,6.675,40.34,1,100.8,93.7,1400,178.7,77.7,20.53,-20.727,6.543,4.196,51.0,53.6,71.0,1604,1,-2.6,0.58
2016,336,6.675,40.43,1,100.8,93.7,1400,178.7,77.6,20.4,-20.719,6.539,4.196,51.0,53.4,71.0,1604,1,-2.7,0.58
2017,336,6.675,40.39,1,100.8,93.7,1400,178.6,77.7,20.53,-20.719,6.539,4.196,51.0,53.3,71.0,1604,1,-2.7,0.58
2018,336,6.675,40.36,1,100.8,93.7,1400,178.5,77.6,20.63,-20.727,6.543,4.196,51.0,53.2,71.0,1604,1,-2.7,0.58
2019,336,6.675,40.34,1,100.89999999999999,93.7,1400,178.5,77.7,20.43,-20.727,6.543,4.196,51.0,53.1,71.0,1604,1,-2.7,0.57
2020,336,6.675,40.38,1,100.69999999999999,93.7,1400,178.4,77.6,20.52,-20.727,6.543,4.196,51.0,53.0,71.0,1604,1,-2.7,0.58
2021,336,6.675,40.36,1,100.8,93.7,1400,178.4,77.5,20.5,-20.727,6.543,4.196,51.0,52.9,71.0,1604,1,-2.7,0.58
2022,336,6.675,40.39,1,100.8,93.7,1400,178.3,77.6,20.36,-20.734,6.543,4.196,51.0,52.9,71.0,1604,1,-2.7,0.58
2023,336,6.675,40.36,1,100.69999999999999,93.7,1400,178.3,77.5,20.47,-20.734,6.543,4.196,51.0,52.8,71.0,1604,1,-2.7,0.58
2024,336,6.675,40.34,1,100.8,93.7,1400,178.3,77.5,20.5,-20.734,6.547,4.196,51.0,52.8,71.0,1604,1,-2.7,0.57
2025,336,6.675,40.35,1,100.89999999999999,93.7,1401,178.4,77.6,20.52,-20.727,6.547,4.196,51.0,52.8,71.0,1603,1,-2.7,0.57
2026,336,6.675,40.37,1,100.8,93.7,1402,178.4,77.7,20.37,-20.719,6.547,4.196,50.0,52.7,71.0,1603,1,-2.7,0.57
2027,336,6.675,40.37,1,100.69999999999999,93.7,1401,178.5,77.6,20.59,-20.719,6.547,4.196,51.0,52.8,71.0,1603,1,-2.7,0.58
2028,337,6.675,40.37,1,100.8,93.7,1401,178.4,77.6,20.46,-20.719,6.547,4.196,51.0,52.8,71.0,1603,1,-2.7,0.58
2029,337,6.675,40.41,1,100.8,93.7,1401,178.3,77.5,20.37,-20.711,6.547,4.196,51.0,52.8,71.0,1603,1,-2.8,0.57
2030,337,6.675,40.38,1,100.69999999999999,93.7,1401,178.3,77.7,20.52,-20.711,6.547,4.196,51.0,52.8,71.0,1603,1,-2.8,0.58
2031,337,6.675,40.39,1,100.8,93.7,1401,178.3,77.6,20.55,-20.703,6.547,4.196,51.0,52.8,71.0,1603,1,-2.8,0.58
2032,337,6.675,40.31,1,100.89999999999999,93.8,1402,178.2,77.6,20.47,-20.695,6.547,4.196,51.0,52.9,71.0,1603,1,-2.8,0.58
2033,337,6.675,40.38,1,100.8,93.7,1403,178.2,77.6,20.47,-20.688,6.551,4.196,51.0,52.9,71.0,1603,1,-2.8,0.58
2034,337,6.675,40.23,1,100.6,93.5,1402,178.2,77.4,19.59,-20.688,6.551,4.196,51.0,52.9,71.0,1603,1,-2.8,0.58
2035,337,6.675,40.34,1,100.1,93.5,1399,178.2,77.3,19.49,-20.688,6.551,4.196,51.0,53.0,71.0,1603,1,-2.8,0.57
2036,337,6.675,40.23,1,100.0,93.5,1397,178.1,77.3,19.43,-20.688,6.551,4.196,51.0,53.0,71.0,1602,1,-2.8,0.57
2037,337,6.675,40.33,1,99.9,93.5,1396,178.1,77.3,19.46,-20.688,6.551,4.196,51.0,53.0,71.0,1602,1,-2.8,0.58
2038,337,6.675,40.21,1,99.9,93.5,1395,178.0,77.3,19.45,-20.688,6.551,4.196,51.0,53.1,71.0,1602,1,-2.8,0.57
2039,337,6.675,40.24,1,100.0,93.5,1395,178.0,77.2,19.2,-20.688,6.551,4.196,51.0,53.1,71.0,1602,1,-2.8,0.58
2040,337,6.675,40.21,1,99.7,93.30000000000001,1394,177.9,77.3,18.95,-20.688,6.551,4.196,51.0,53.1,71.0,1602,1,-2.8,0.57
2041,337,6.675,40.22,1,99.6,93.30000000000001,1393,177.9,77.3,18.95,-20.688,6.547,4.196,51.0,53.2,71.0,1602,1,-2.8,0.56
2042,337,6.675,40.1,1,99.5,93.30000000000001,1391,178.0,77.2,18.86,-20.68,6.547,4.196,51.0,53.2,71.0,1602,1,-2.8,0.56
2043,337,6.675,40.12,1,99.5,93.30000000000001,1390,178.0,77.2,18.94,-20.68,6.547,4.196,51.0,53.3,71.0,1602,1,-2.8,0.57
2044,337,6.675,40.14,1,99.5,93.30000000000001,1389,178.1,77.2,18.86,-20.672,6.547,4.196,51.0,53.3,71.0,1602,1,-2.9,0.58
2045,337,6.675,40.12,1,99.5,93.30000000000001,1389,178.1,77.1,18.78,-20.672,6.547,4.196,51.0,53.3,71.0,1602,1,-2.9,0.57
2046,337,6.675,40.08,1,99.3,93.10000000000001,1389,178.3,76.9,18.35,-20.672,6.547,4.196,52.0,53.3,71.0,1602,1,-2.9,0.58
2047,337,6.675,40.11,1,99.1,93.10000000000001,1387,178.4,77.0,18.32,-20.664,6.547,4.196,52.0,53.4,71.0,1601,1,-2.9,0.57
2048,337,6.675,40.07,1,99.0,93.10000000000001,1385,178.2,77.0,18.34,-20.664,6.551,4.196,51.0,53.4,71.0,1601,1,-2.9,0.56
2049,337,6.675,40.13,1,99.0,93.10000000000001,1384,178.3,76.8,18.32,-20.664,6.551,4.196,51.0,53.4,71.0,1601,1,-2.9,0.57
2050,337,6.675,40.0,1,98.9,93.10000000000001,1383,178.4,76.9,18.2,-20.656,6.551,4.196,51.0,53.4,71.0,1601,1,-2.9,0.57
2051,336,6.675,40.18,1,98.9,93.10000000000001,1382,178.5,76.9,18.27,-20.656,6.551,4.196,52.0,53.4,71.0,1601,1,-2.9,0.57
2052,336,6.675,40.13,1,99.0,93.10000000000001,1381,178.7,77.0,18.39,-20.664,6.547,4.196,52.0,53.4,71.0,1601,1,-2.9,0.56
2053,336,6.675,40.15,1,99.0,93.10000000000001,1381,178.7,77.1,18.4,-20.664,6.547,4.196,52.0,53.4,71.0,1601,1,-2.9,0.56
2054,336,6.675,40.11,1,99.0,93.10000000000001,1381,178.8,77.1,18.31,-20.672,6.547,4.196,52.0,53.4,71.0,1601,1,-2.9,0.56
2055,336,6.675,40.04,1,99.0,93.10000000000001,1381,178.8,77.2,18.29,-20.672,6.547,4.196,52.0,53.4,71.0,1601,1,-2.9,0.57
2056,336,6.675,40.02,1,99.0,93.10000000000001,1381,178.9,77.0,18.36,-20.68,6.547,4.196,51.0,53.4,71.0,1601,1,-2.9,0.56
2057,336,6.675,40.08,1,99.0,93.10000000000001,1381,178.9,76.9,18.38,-20.68,6.543,4.196,52.0,53.4,71.0,1600,1,-2.9,0.56
2058,336,6.675,40.11,1,99.0,93.10000000000001,1380,179.0,76.8,18.33,-20.68,6.543,4.196,52.0,53.4,71.0,1600,1,-3.0,0.57
2059,336,6.675,40.19,1,99.1,93.2,1381,178.9,76.9,19.03,-20.68,6.543,4.196,52.0,53.4,71.0,1600,1,-2.9,0.57
2060,336,6.675,40.21,1,99.5,93.4,1383,178.8,77.2,19.48,-20.688,6.543,4.196,52.0,53.4,71.0,1600,1,-2.9,0.56
2061,336,6.675,40.32,1,99.9,93.5,1387,178.9,77.3,19.52,-20.688,6.543,4.196,52.0,53.4,71.0,1600,1,-3.0,0.57
2062,336,6.675,40.19,1,99.9,93.5,1389,178.9,77.3,19.55,-20.68,6.543,4.196,52.0,53.4,71.0,1600,1,-3.0,0.58
2063,336,6.675,40.28,1,99.9,93.5,1391,178.9,77.4,19.53,-20.688,6.543,4.196,52.0,53.4,71.0,1600,1,-3.0,0.58
2064,336,6.675,40.35,1,100.0,93.5,1392,178.9,77.4,19.53,-20.695,6.543,4.196,52.0,53.4,71.0,1600,1,-3.0,0.57
2065,336,6.675,40.26,1,100.0,93.5,1392,178.8,77.3,19.57,-20.688,6.543,4.196,52.0,53.4,71.0,1600,1,-3.0,0.57
2066,336,6.675,40.3,1,100.0,93.5,1393,178.8,77.4,19.5,-20.688,6.543,4.196,52.0,53.4,71.0,1600,1,-3.0,0.58
2067,336,6.675,40.25,1,100.0,93.5,1393,178.8,77.3,19.52,-20.688,6.543,4.196,52.0,53.4,71.0,1600,1,-3.0,0.58
2068,336,6.675,40.24,1,100.0,93.5,1393,178.7,77.3,19.54,-20.688,6.543,4.196,52.0,53.4,71.0,1599,1,-3.0,0.57
2069,336,6.675,40.39,1,100.0,93.5,1393,178.7,77.2,19.52,-20.688,6.547,4.196,52.0,53.4,71.0,1599,1,-3.0,0.58
2070,336,6.675,40.23,1,100.0,93.5,1394,178.7,77.3,19.55,-20.688,6.547,4.196,52.0,53.4,71.0,1599,1,-3.0,0.58
2071,336,6.675,40.22,1,100.0,93.5,1394,178.6,77.3,19.5,-20.688,6.547,4.196,51.0,53.4,71.0,1599,1,-3.0,0.57
2072,336,6.675,40.25,1,100.0,93.5,1393,178.6,77.4,19.51,-20.695,6.547,4.196,52.0,53.4,71.0,1599,1,-3.0,0.57
2073,336,6.675,40.22,1,100.0,93.5,1393,178.5,77.6,19.52,-20.688,6.547,4.196,52.0,53.3,71.0,1599,1,-3.0,0.57
2074,336,6.675,40.28,1,100.0,93.5,1393,178.4,77.4,19.62,-20.695,6.547,4.196,51.0,53.3,71.0,1599,1,-3.0,0.57
2075,336,6.675,40.38,1,100.1,93.5,1394,178.4,77.3,19.55,-20.695,6.547,4.196,52.0,53.3,71.0,1599,1,-3.0,0.58
2076,336,6.675,40.25,1,100.0,93.5,1394,178.4,77.3,19.56,-20.695,6.547,4.196,52.0,53.3,71.0,1599,1,-3.0,0.58
2077,336,6.675,40.29,1,100.0,93.5,1394,178.4,77.7,19.55,-20.695,6.547,4.196,51.0,53.3,71.0,1599,1,-3.0,0.58
2078,336,6.675,40.21,1,100.0,93.5,1394,178.4,77.4,19.5,-20.695,6.547,4.196,51.0,53.3,71.0,1599,1,-3.1,0.58
2079,336,6.675,40.24,1,100.0,93.5,1395,178.3,77.3,19.48,-20.695,6.547,4.196,51.0,53.3,71.0,1598,1,-3.0,0.57
2080,336,6.675,40.33,1,99.9,93.5,1394,178.4,77.4,18.93,-20.695,6.547,4.196,51.0,53.3,71.0,1598,1,-3.1,0.57
2081,336,6.675,40.12,1,99.5,93.2,1393,178.3,77.2,18.55,-20.695,6.547,4.196,52.0,53.3,71.0,1598,1,-3.1,0.57
2082,336,6.675,40.14,1,99.3,93.2,1390,178.2,77.1,18.57,-20.695,6.547,4.196,51.0,53.3,71.0,1598,1,-3.1,0.56
2083,336,6.675,40.18,1,99.2,93.2,1388,178.3,77.1,18.55,-20.711,6.547,4.196,51.0,53.3,71.0,1598,1,-3.1,0.57
2084,336,6.675,40.16,1,99.1,93.10000000000001,1386,178.3,77.0,18.58,-20.711,6.547,4.196,51.0,53.3,71.0,1598,1,-3.1,0.56
2085,336,6.675,40.06,1,99.2,93.10000000000001,1385,178.3,77.0,18.52,-20.711,6.547,4.196,51.0,53.2,71.0,1598,1,-3.1,0.57
2086,335,6.675,40.18,1,99.2,93.2,1385,178.3,77.1,18.52,-20.711,6.547,4.196,51.0,53.2,71.0,1598,1,-3.1,0.57
2087,335,6.675,40.11,1,99.2,93.10000000000001,1385,178.3,77.0,18.57,-20.711,6.547,4.196,51.0,53.2,71.0,1598,1,-3.1,0.57
2088,335,6.675,40.28,1,99.2,93.2,1386,178.5,77.1,18.55,-20.711,6.551,4.196,51.0,53.2,71.0,1598,1,-3.1,0.56
2089,335,6.675,40.09,1,99.2,93.2,1385,178.5,77.1,18.56,-20.711,6.547,4.196,51.0,53.2,71.0,1598,1,-3.1,0.56
2090,335,6.675,40.19,1,99.2,93.2,1386,178.5,77.1,18.54,-20.719,6.547,4.196,51.0,53.2,71.0,1597,1,-3.1,0.57
2091,335,6.675,40.12,1,99.2,93.2,1386,178.4,76.9,18.55,-20.727,6.547,4.196,51.0,53.2,71.0,1597,1,-3.1,0.56
2092,335,6.675,40.13,1,99.2,93.10000000000001,1385,178.4,76.9,18.59,-20.727,6.547,4.196,51.0,53.1,71.0,1597,1,-3.1,0.56
2093,335,6.675,40.07,1,99.1,93.10000000000001,1384,178.3,77.1,18.52,-20.727,6.547,4.196,51.0,53.1,71.0,1597,1,-3.1,0.57
2094,335,6.675,40.14,1,99.2,93.2,1384,178.4,77.0,18.5,-20.734,6.547,4.196,51.0,53.1,71.0,1597,1,-3.1,0.56
2095,335,6.675,40.16,1,99.2,93.2,1384,178.4,77.0,18.58,-20.734,6.547,4.196,51.0,53.1,71.0,1597,1,-3.1,0.57
2096,335,6.675,40.21,1,99.2,93.2,1384,178.5,77.2,18.6,-20.742,6.547,4.196,51.0,53.1,71.0,1597,1,-3.1,0.56
2097,335,6.675,40.13,1,99.3,93.2,1384,178.5,77.1,18.56,-20.742,6.547,4.196,51.0,53.0,71.0,1597,1,-3.2,0.57
2098,335,6.675,40.24,1,99.2,93.2,1384,178.5,77.1,18.56,-20.75,6.543,4.196,51.0,53.1,71.0,1597,1,-3.2,0.57
2099,335,6.675,40.16,1,99.3,93.2,1384,178.6,77.2,18.59,-20.75,6.543,4.196,51.0,53.0,71.0,1597,1,-3.2,0.56
2100,335,6.675,40.21,1,99.2,93.2,1384,178.6,77.0,18.53,-20.758,6.543,4.196,51.0,53.0,71.0,1597,1,-3.2,0.57
2101,335,6.675,40.15,1,99.2,93.2,1384,178.6,77.0,18.54,-20.766,6.543,4.196,51.0,53.1,71.0,1596,1,-3.2,0.56
2102,335,6.675,40.14,1,99.2,93.2,1385,178.7,77.1,18.88,-20.766,6.543,4.196,51.0,53.1,71.0,1596,1,-3.2,0.57
2103,335,6.675,40.16,1,99.6,93.4,1385,178.6,77.2,19.61,-20.773,6.539,4.196,52.0,53.1,71.0,1596,1,-3.2,0.57
2104,335,6.675,40.36,1,100.0,93.5,1388,178.7,77.2,19.69,-20.773,6.539,4.196,52.0,53.2,71.0,1596,1,-3.2,0.58
2105,335,6.675,40.33,1,100.1,93.5,1391,178.7,77.4,19.75,-20.773,6.539,4.196,52.0,53.3,71.0,1596,1,-3.2,0.58
2106,335,6.675,40.32,1,100.2,93.5,1393,178.6,77.3,19.78,-20.766,6.539,4.196,52.0,53.3,70.0,1596,1,-3.2,0.56
2107,335,6.675,40.31,1,100.2,93.5,1394,178.5,77.5,19.77,-20.766,6.543,4.196,52.0,53.4,70.0,1596,1,-3.2,0.57
2108,335,6.675,40.32,1,100.2,93.60000000000001,1394,178.5,77.5,19.79,-20.766,6.539,4.196,52.0,53.4,70.0,1596,1,-3.2,0.57
2109,335,6.675,40.31,1,100.2,93.5,1395,178.4,77.6,19.86,-20.766,6.543,4.196,52.0,53.5,70.0,1596,1,-3.2,0.57
2110,335,6.675,40.41,1,100.4,93.60000000000001,1395,178.5,77.7,20.29,-20.766,6.543,4.196,52.0,53.6,70.0,1596,1,-3.2,0.57
2111,335,6.675,40.39,1,100.6,93.60000000000001,1396,178.5,77.6,20.36,-20.766,6.543,4.196,53.0,53.7,70.0,1595,1,-3.2,0.58
2112,335,6.675,40.36,1,100.6,93.60000000000001,1397,178.5,77.4,20.31,-20.766,6.539,4.196,53.0,53.8,70.0,1595,1,-3.2,0.57
2113,335,6.675,40.42,1,100.69999999999999,93.7,1398,178.5,77.5,20.36,-20.766,6.543,4.196,53.0,53.9,70.0,1595,1,-3.2,0.58
2114,335,6.675,40.44,1,100.69999999999999,93.7,1399,178.5,77.5,20.35,-20.766,6.543,4.196,53.0,54.0,70.0,1595,1,-3.2,0.57
2115,335,6.675,40.41,1,100.69999999999999,93.7,1399,178.5,77.7,20.38,-20.766,6.543,4.196,53.0,54.1,70.0,1595,1,-3.2,0.57
2116,335,6.675,40.41,1,100.69999999999999,93.7,1399,178.4,77.6,20.32,-20.766,6.543,4.196,53.0,54.2,70.0,1595,1,-3.2,0.58
2117,335,6.675,40.34,1,100.69999999999999,93.7,1399,178.4,77.5,20.41,-20.766,6.543,4.196,53.0,54.3,70.0,1595,1,-3.3,0.58
2118,335,6.675,40.42,1,100.69999999999999,93.7,1400,178.4,77.6,20.37,-20.758,6.543,4.196,53.0,54.4,70.0,1595,1,-3.3,0.57
2119,335,6.675,40.5,1,100.69999999999999,93.7,1400,178.2,77.5,20.24,-20.758,6.543,4.196,53.0,54.5,70.0,1595,1,-3.3,0.57
2120,335,6.675,40.48,1,100.6,93.60000000000001,1400,178.2,77.6,20.34,-20.758,6.543,4.196,53.0,54.7,70.0,1595,1,-3.3,0.57
2121,336,6.675,40.47,1,100.69999999999999,93.7,1400,178.2,77.5,20.3,-20.758,6.543,4.196,54.0,54.8,70.0,1595,1,-3.3,0.57
2122,336,6.675,40.42,1,100.69999999999999,93.60000000000001,1400,178.1,77.5,20.35,-20.758,6.543,4.196,54.0,55.0,70.0,1594,1,-3.3,0.56
2123,336,6.675,40.41,1,100.69999999999999,93.7,1400,178.0,77.5,20.34,-20.75,6.547,4.196,54.0,55.1,70.0,1594,1,-3.3,0.57
2124,336,6.675,40.44,1,100.69999999999999,93.7,1400,177.9,77.4,20.31,-20.75,6.547,4.196,54.0,55.3,70.0,1594,1,-3.3,0.57
2125,336,6.675,40.39,1,100.69999999999999,93.7,1400,177.9,77.7,20.28,-20.742,6.547,4.196,54.0,55.5,70.0,1594,1,-3.3,0.58
2126,336,6.675,40.5,1,100.69999999999999,93.7,1401,177.9,77.7,20.29,-20.742,6.547,4.196,54.0,55.7,70.0,1594,1,-3.3,0.58
2127,336,6.675,40.4,1,100.69999999999999,93.7,1401,177.8,77.7,20.27,-20.734,6.547,4.196,54.0,55.8,70.0,1594,1,-3.3,0.58
2128,336,6.675,40.48,1,100.69999999999999,93.7,1401,177.8,77.5,20.27,-20.734,6.547,4.196,54.0,56.0,70.0,1594,1,-3.3,0.57
2129,336,6.675,40.47,1,100.69999999999999,93.7,1401,177.8,77.6,20.4,-20.727,6.547,4.196,54.0,56.2,70.0,1594,1,-3.3,0.57
2130,336,6.675,40.41,1,100.69999999999999,93.7,1401,177.7,77.6,20.3,-20.719,6.547,4.196,55.0,56.3,70.0,1594,1,-3.3,0.57
2131,336,6.675,40.43,1,100.69999999999999,93.60000000000001,1402,177.6,77.4,20.21,-20.719,6.551,4.196,55.0,56.5,70.0,1594,1,-3.3,0.56
2132,336,6.675,40.36,1,100.49999999999999,93.5,1401,177.6,77.5,19.42,-20.711,6.551,4.196,55.0,56.7,70.0,1594,1,-3.3,0.57
2133,336,6.675,40.31,1,100.0,93.4,1398,177.5,77.5,19.33,-20.711,6.551,4.196,55.0,56.8,70.0,1593,1,-3.3,0.57
2134,336,6.675,40.23,1,99.9,93.4,1396,177.6,77.4,19.23,-20.719,6.551,4.196,55.0,57.0,70.0,1593,1,-3.3,0.56
2135,336,6.675,40.39,1,99.8,93.4,1394,177.6,77.3,18.79,-20.711,6.551,4.196,56.0,57.2,70.0,1593,1,-3.3,0.56
2136,336,6.675,40.22,1,99.4,93.2,1392,177.5,77.1,18.48,-20.719,6.547,4.196,56.0,57.4,70.0,1593,1,-3.3,0.56
2137,336,6.675,40.15,1,99.2,93.2,1390,177.5,77.0,18.44,-20.719,6.547,4.196,56.0,57.5,70.0,1593,1,-3.3,0.56
2138,336,6.675,40.33,1,99.2,93.2,1388,177.6,77.0,18.39,-20.719,6.547,4.196,56.0,57.7,70.0,1593,1,-3.3,0.57
2139,336,6.675,40.24,1,99.1,93.2,1386,177.6,77.1,18.39,-20.719,6.547,4.196,57.0,57.9,70.0,1593,1,-3.4,0.57
2140,336,6.675,40.25,1,99.1,93.10000000000001,1385,177.7,76.8,18.51,-20.719,6.551,4.196,57.0,58.1,70.0,1593,1,-3.4,0.57
2141,336,6.675,40.28,1,99.1,93.10000000000001,1385,177.8,77.0,18.42,-20.711,6.551,4.196,57.0,58.4,70.0,1593,1,-3.4,0.57
2142,336,6.675,40.2,1,99.1,93.10000000000001,1385,177.8,77.0,18.43,-20.711,6.547,4.196,58.0,58.6,70.0,1593,1,-3.4,0.57
2143,336,6.675,40.24,1,99.1,93.10000000000001,1384,177.9,76.9,18.43,-20.711,6.547,4.196,58.0,58.8,70.0,1593,1,-3.4,0.57
2144,336,6.675,40.3,1,99.1,93.2,1384,178.1,77.0,18.47,-20.719,6.547,4.196,58.0,59.0,70.0,1592,1,-3.4,0.56
2145,336,6.675,40.24,1,99.1,93.10000000000001,1384,178.1,77.0,18.43,-20.719,6.547,4.196,58.0,59.2,70.0,1592,1,-3.4,0.56
2146,336,6.675,40.32,1,99.1,93.2,1384,178.1,77.0,18.41,-20.719,6.547,4.196,60.0,59.5,70.0,1592,1,-3.4,0.57
2147,336,6.675,40.13,1,99.1,93.2,1383,178.1,76.9,18.41,-20.719,6.547,4.196,60.0,59.7,70.0,1592,1,-3.4,0.56
2148,336,6.675,40.13,1,99.1,93.10000000000001,1382,178.1,77.0,18.41,-20.719,6.547,4.196,60.0,59.9,70.0,1592,1,-3.4,0.57
2149,336,6.675,40.22,1,99.1,93.2,1382,178.1,76.9,18.42,-20.727,6.547,4.196,60.0,60.1,70.0,1592,1,-3.4,0.57
2150,336,6.675,40.12,1,99.1,93.2,1382,178.2,76.9,18.4,-20.734,6.547,4.196,60.0,60.3,70.0,1592,1,-3.4,0.57
2151,336,6.675,40.28,1,99.1,93.10000000000001,1382,178.3,77.1,18.43,-20.727,6.551,4.196,60.0,60.6,70.0,1592,1,-3.4,0.58
2152,335,6.675,40.2,1,99.1,93.2,1383,178.4,77.1,18.49,-20.727,6.547,4.196,60.0,60.8,70.0,1592,1,-3.4,0.57
2153,335,6.675,40.16,1,99.1,93.2,1382,178.5,77.0,18.43,-20.719,6.547,4.196,60.0,61.0,70.0,1592,1,-3.4,0.57
2154,335,6.675,40.2,1,99.1,93.10000000000001,1383,178.5,77.1,18.41,-20.719,6.547,4.196,60.0,61.2,70.0,1592,1,-3.4,0.56
2155,335,6.675,40.21,1,99.1,93.2,1382,178.5,77.0,18.43,-20.727,6.547,4.196,61.0,61.4,70.0,1591,1,-3.4,0.57
2156,335,6.675,40.24,1,99.1,93.10000000000001,1383,178.5,76.8,18.45,-20.727,6.547,4.196,61.0,61.6,70.0,1591,1,-3.5,0.57
2157,335,6.675,40.2,1,99.1,93.2,1382,178.5,77.1,18.44,-20.727,6.547,4.196,61.0,61.8,70.0,1591,1,-3.4,0.56
2158,335,6.675,40.24,1,99.1,93.2,1383,178.6,77.0,18.42,-20.727,6.547,4.196,61.0,62.0,70.0,1591,1,-3.4,0.57
2159,335,6.675,40.16,1,99.1,93.10000000000001,1383,178.6,76.9,18.63,-20.734,6.543,4.196,62.0,62.1,70.0,1591,1,-3.5,0.56
2160,335,6.675,40.28,1,99.4,93.30000000000001,1384,178.6,77.1,19.31,-20.742,6.543,4.196,62.0,62.3,70.0,1591,1,-3.5,0.57
2161,335,6.675,40.29,1,99.8,93.4,1387,178.6,77.1,19.43,-20.742,6.543,4.196,62.0,62.5,70.0,1591,1,-3.5,0.57
2162,335,6.675,40.35,1,99.9,93.5,1389,178.5,77.2,19.36,-20.742,6.543,4.196,62.0,62.7,70.0,1591,1,-3.5,0.58
2163,335,6.675,40.34,1,99.9,93.4,1391,178.4,77.4,19.44,-20.734,6.547,4.196,62.0,63.0,70.0,1591,1,-3.5,0.57
2164,335,6.675,40.26,1,99.9,93.5,1392,178.3,77.4,19.42,-20.734,6.543,4.196,63.0,63.2,70.0,1591,1,-3.5,0.56
2165,335,6.675,40.21,1,99.9,93.4,1392,178.3,77.4,19.37,-20.734,6.543,4.196,63.0,63.4,70.0,1591,1,-3.5,0.57
2166,335,6.675,40.34,1,99.9,93.5,1392,178.4,77.3,19.45,-20.742,6.547,4.196,63.0,63.7,70.0,1590,1,-3.5,0.57
2167,335,6.675,40.24,1,99.9,93.5,1392,178.3,77.2,19.42,-20.75,6.547,4.196,63.0,63.9,70.0,1590,1,-3.5,0.57
2168,336,6.675,40.23,1,99.9,93.5,1392,178.2,77.3,19.38,-20.75,6.543,4.196,64.0,64.2,70.0,1590,1,-3.5,0.58
2169,336,6.675,40.31,1,99.9,93.4,1392,178.1,77.4,19.37,-20.75,6.543,4.196,64.0,64.5,70.0,1590,1,-3.5,0.57
2170,336,6.675,40.33,1,99.9,93.4,1393,178.0,77.2,19.41,-20.758,6.543,4.196,64.0,64.7,70.0,1590,1,-3.5,0.57
2171,336,6.675,40.42,1,99.9,93.5,1392,178.0,77.3,19.41,-20.758,6.543,4.196,64.0,65.1,70.0,1590,1,-3.5,0.57
2172,337,6.675,40.36,1,100.0,93.5,1393,177.9,77.4,19.42,-20.766,6.543,4.196,65.0,65.3,70.0,1590,1,-3.5,0.57
2173,337,6.675,40.36,1,99.9,93.5,1393,177.9,77.3,19.4,-20.766,6.543,4.196,65.0,65.6,70.0,1590,1,-3.5,0.57
2174,337,6.675,40.29,1,99.9,93.4,1393,177.8,77.4,19.41,-20.766,6.547,4.196,66.0,65.9,70.0,1590,1,-3.5,0.58
2175,338,6.675,40.32,1,100.0,93.4,1394,177.7,77.4,19.41,-20.773,6.547,4.196,66.0,66.2,70.0,1590,1,-3.5,0.57
2176,338,6.675,40.35,1,100.0,93.5,1393,177.8,77.3,19.39,-20.773,6.547,4.196,66.0,66.5,70.0,1590,1,-3.5,0.58
2177,338,6.675,40.23,1,99.9,93.4,1393,177.9,77.4,18.82,-20.773,6.547,4.196,66.0,66.8,70.0,1589,1,-3.5,0.58
2178,338,6.675,40.35,1,99.5,93.30000000000001,1392,177.9,77.2,18.74,-20.781,6.547,4.196,67.0,67.1,70.0,1589,1,-3.5,0.57
2179,339,6.675,40.17,1,99.4,93.30000000000001,1390,177.9,77.0,18.7,-20.789,6.543,4.196,67.0,67.3,70.0,1589,1,-3.5,0.58
2180,339,6.675,40.34,1,99.3,93.2,1390,177.8,77.0,18.66,-20.789,6.543,4.196,67.0,67.5,70.0,1589,1,-3.5,0.57
2181,339,6.675,40.24,1,99.3,93.2,1389,177.8,77.0,18.65,-20.797,6.543,4.196,67.0,67.8,70.0,1589,1,-3.6,0.57
2182,339,6.675,40.14,1,99.3,93.2,1387,177.8,77.1,18.68,-20.797,6.543,4.196,67.0,68.1,70.0,1589,1,-3.6,0.57
2183,339,6.675,40.25,1,99.3,93.2,1387,177.9,77.2,18.69,-20.805,6.543,4.196,67.0,68.3,70.0,1589,1,-3.5,0.56
2184,340,6.675,40.03,1,99.4,93.2,1387,178.0,76.9,18.64,-20.805,6.543,4.196,67.0,68.6,70.0,1589,1,-3.5,0.56
2185,340,6.675,40.29,1,99.4,93.2,1387,177.9,77.1,18.66,-20.805,6.543,4.196,67.0,68.8,70.0,1589,1,-3.6,0.57
2186,340,6.675,40.26,1,99.4,93.2,1386,177.8,77.1,18.72,-20.805,6.543,4.196,69.0,69.1,70.0,1589,1,-3.6,0.57
2187,340,6.675,40.14,1,99.3,93.2,1386,178.0,77.0,18.73,-20.805,6.543,4.196,69.0,69.3,70.0,1589,1,-3.6,0.57
2188,340,6.675,40.16,1,99.4,93.2,1386,178.0,77.1,18.69,-20.805,6.543,4.196,69.0,69.6,70.0,1588,1,-3.6,0.56
2189,341,6.675,40.2,1,99.4,93.2,1386,178.1,77.1,18.68,-20.805,6.543,4.196,69.0,69.8,70.0,1588,1,-3.6,0.56
2190,341,6.675,40.11,1,99.4,93.2,1386,178.1,77.0,18.68,-20.805,6.543,4.196,70.0,70.1,70.0,1588,1,-3.6,0.55
2191,341,6.675,40.38,1,99.3,93.2,1386,178.1,77.0,18.66,-20.797,6.543,4.196,70.0,70.4,70.0,1588,1,-3.6,0.55
2192,341,6.675,40.15,1,99.3,93.2,1386,178.1,77.1,18.64,-20.797,6.543,4.196,71.0,70.7,70.0,1588,1,-3.6,0.57
2193,341,6.675,40.16,1,99.4,93.2,1385,178.1,77.1,18.65,-20.797,6.543,4.196,71.0,71.0,70.0,1588,1,-3.6,0.57
2194,342,6.675,40.3,1,99.4,93.2,1385,178.1,77.0,18.64,-20.797,6.543,4.196,71.0,71.3,70.0,1588,1,-3.6,0.57
2195,342,6.675,40.33,1,99.3,93.2,1385,178.1,76.9,18.62,-20.805,6.543,4.196,72.0,71.5,70.0,1588,1,-3.6,0.55
2196,342,6.675,40.2,1,99.3,93.2,1385,178.0,76.9,18.64,-20.812,6.543,4.196,72.0,71.9,70.0,1588,1,-3.6,0.57
2197,342,6.675,40.24,1,99.3,93.2,1385,178.1,76.9,18.72,-20.812,6.543,4.196,72.0,72.2,70.0,1588,1,-3.6,0.56
2198,342,6.675,40.29,1,99.4,93.2,1386,178.0,77.0,18.7,-20.812,6.543,4.196,72.0,72.5,70.0,1588,1,-3.6,0.56
2199,343,6.675,40.13,1,99.4,93.2,1386,178.1,77.0,18.7,-20.82,6.543,4.196,73.0,72.8,70.0,1587,1,-3.6,0.55
2200,343,6.675,40.15,1,99.4,93.2,1387,178.1,77.1,18.72,-20.82,6.539,4.196,73.0,73.1,70.0,1587,1,-3.6,0.56
2201,343,6.675,40.11,1,99.4,93.2,1386,178.2,77.0,18.68,-20.82,6.539,4.196,74.0,73.5,70.0,1587,1,-3.6,0.56
2202,343,6.675,40.12,1,99.3,93.2,1386,178.3,77.0,18.7,-20.828,6.539,4.196,74.0,73.8,70.0,1587,1,-3.6,0.56
2203,343,6.675,40.19,1,99.4,93.30000000000001,1386,178.2,76.9,19.2,-20.828,6.535,4.196,75.0,74.2,70.0,1587,1,-3.6,0.56
2204,343,6.675,40.36,1,99.8,93.5,1387,178.0,77.0,19.84,-20.836,6.535,4.196,76.0,74.6,70.0,1587,1,-3.6,0.56
2205,343,6.675,40.46,1,100.2,93.60000000000001,1391,178.1,77.3,19.87,-20.828,6.539,4.196,76.0,75.1,70.0,1587,1,-3.6,0.58
2206,343,6.675,40.46,1,100.29999999999998,93.5,1394,178.1,77.5,19.92,-20.836,6.539,4.196,76.0,75.5,70.0,1587,1,-3.6,0.57
2207,343,6.675,40.39,1,100.4,93.60000000000001,1396,178.0,77.5,19.87,-20.836,6.539,4.196,76.0,75.9,70.0,1587,1,-3.6,0.57
2208,343,6.675,40.46,1,100.4,93.60000000000001,1396,178.0,77.6,19.88,-20.828,6.543,4.196,77.0,76.3,70.0,1587,1,-3.6,0.57
2209,344,6.675,40.43,1,100.4,93.60000000000001,1396,177.8,77.6,19.86,-20.828,6.543,4.196,77.0,76.8,70.0,1587,1,-3.6,0.57
2210,344,6.675,40.4,1,100.29999999999998,93.60000000000001,1396,177.9,77.5,19.86,-20.828,6.543,4.196,78.0,77.3,70.0,1586,1,-3.6,0.57
2211,344,6.675,40.37,1,100.4,93.60000000000001,1396,177.8,77.5,19.84,-20.828,6.547,4.196,78.0,77.7,70.0,1586,1,-3.6,0.57
2212,344,6.675,40.49,1,100.29999999999998,93.60000000000001,1396,177.7,77.6,19.86,-20.82,6.547,4.196,79.0,78.2,70.0,1586,1,-3.6,0.58
2213,344,6.675,40.42,1,100.4,93.60000000000001,1396,177.7,77.6,19.91,-20.82,6.547,4.196,79.0,78.6,70.0,1586,1,-3.6,0.57
2214,344,6.675,40.49,1,100.4,93.60000000000001,1397,177.7,77.5,19.54,-20.82,6.551,4.196,79.0,79.1,70.0,1586,1,-3.7,0.56
2215,344,6.675,40.28,1,100.0,93.4,1396,177.7,77.3,18.79,-20.812,6.551,4.196,80.0,79.5,70.0,1586,1,-3.7,0.56
2216,344,6.675,40.37,1,99.5,93.30000000000001,1394,177.7,77.2,18.69,-20.812,6.547,4.196,81.0,80.0,70.0,1586,1,-3.7,0.57
2217,343,6.675,40.27,1,99.4,93.2,1392,177.6,77.2,18.68,-20.812,6.547,4.196,81.0,80.4,70.0,1586,1,-3.7,0.55
2218,343,6.675,40.22,1,99.4,93.30000000000001,1391,177.8,77.1,18.72,-20.812,6.543,4.196,82.0,80.8,70.0,1586,1,-3.7,0.56
2219,343,6.675,40.24,1,99.4,93.2,1389,177.8,77.0,18.64,-20.805,6.543,4.196,82.0,81.3,70.0,1586,1,-3.7,0.56
2220,343,6.675,40.25,1,99.4,93.2,1388,177.8,77.0,18.7,-20.797,6.543,4.196,83.0,81.7,70.0,1586,1,-3.7,0.56
2221,343,6.675,40.37,1,99.4,93.2,1388,177.8,77.0,18.64,-20.797,6.543,4.196,83.0,82.1,70.0,1586,1,-3.7,0.56
2222,343,6.675,40.16,1,99.3,93.2,1387,177.7,77.1,18.66,-20.789,6.543,4.196,84.0,82.6,70.0,1586,1,-3.7,0.57
2223,343,6.675,40.35,1,99.3,93.2,1386,177.7,77.1,18.65,-20.781,6.543,4.196,84.0,83.1,70.0,1585,1,-3.7,0.56
2224,343,6.675,40.12,1,99.3,93.10000000000001,1386,177.7,77.1,18.44,-20.781,6.543,4.196,85.0,83.6,70.0,1585,1,-3.7,0.56
2225,343,6.675,40.15,1,99.2,93.10000000000001,1386,177.8,77.2,18.33,-20.773,6.547,4.196,85.0,84.1,70.0,1585,1,-3.7,0.56
2226,343,6.675,40.29,1,99.0,93.0,1384,177.9,76.9,18.37,-20.781,6.547,4.196,86.0,84.6,70.0,1585,1,-3.7,0.56
2227,343,6.675,40.17,1,99.0,93.10000000000001,1383,177.9,76.8,18.32,-20.781,6.547,4.196,86.0,85.1,70.0,1585,1,-3.7,0.57
2228,343,6.675,40.16,1,99.1,93.10000000000001,1382,177.7,76.8,18.35,-20.789,6.547,4.196,87.0,85.7,70.0,1585,1,-3.7,0.57
2229,343,6.675,40.2,1,99.1,93.10000000000001,1382,177.7,77.0,18.3,-20.789,6.547,4.196,87.0,86.2,70.0,1585,1,-3.7,0.57
2230,342,6.675,40.1,1,99.1,93.10000000000001,1382,177.7,77.0,18.29,-20.797,6.543,4.196,88.0,86.7,70.0,1585,1,-3.7,0.57
2231,342,6.675,40.15,1,99.0,93.10000000000001,1382,177.8,77.1,18.27,-20.805,6.543,4.196,88.0,87.3,70.0,1585,1,-3.7,0.57
2232,342,6.675,40.03,1,99.1,93.10000000000001,1382,177.8,77.1,18.3,-20.805,6.543,4.196,89.0,87.8,70.0,1585,1,-3.7,0.57
2233,342,6.675,40.27,1,99.1,93.10000000000001,1382,177.8,77.1,18.35,-20.805,6.543,4.196,90.0,88.3,70.0,1584,1,-3.7,0.57
2234,342,6.675,40.2,1,99.1,93.10000000000001,1381,177.8,77.1,18.71,-20.82,6.543,4.196,90.0,88.8,70.0,1584,1,-3.7,0.57
2235,342,6.675,40.37,1,99.5,93.4,1382,177.9,77.1,19.64,-20.812,6.539,4.196,91.0,89.3,70.0,1584,1,-3.7,0.57
2236,342,6.675,40.4,1,100.0,93.5,1386,177.9,77.4,19.78,-20.812,6.539,4.196,91.0,89.8,70.0,1584,1,-3.7,0.58
2237,342,6.675,40.36,1,100.2,93.5,1390,177.9,77.5,19.75,-20.805,6.539,4.196,92.0,90.3,70.0,1584,1,-3.7,0.58
2238,342,6.675,40.42,1,100.2,93.5,1392,177.9,77.6,19.82,-20.805,6.539,4.196,92.0,90.8,70.0,1584,1,-3.7,0.59
2239,342,6.675,40.3,1,100.2,93.5,1393,177.9,77.7,19.76,-20.805,6.539,4.196,93.0,91.3,70.0,1584,1,-3.7,0.58
2240,342,6.675,40.42,1,100.2,93.5,1394,177.9,77.5,19.73,-20.805,6.543,4.196,93.0,91.8,70.0,1584,1,-3.8,0.58
2241,343,6.675,40.42,1,100.2,93.5,1394,177.8,77.7,19.85,-20.812,6.543,4.196,94.0,92.3,70.0,1584,1,-3.7,0.58
2242,343,6.675,40.42,1,100.4,93.60000000000001,1395,177.8,77.6,20.15,-20.805,6.539,4.196,94.0,92.7,70.0,1584,1,-3.7,0.57
2243,343,6.675,40.48,1,100.49999999999999,93.60000000000001,1397,177.7,77.6,20.22,-20.812,6.539,4.196,95.0,93.2,70.0,1584,1,-3.7,0.58
2244,343,6.675,40.56,1,100.69999999999999,93.60000000000001,1398,177.7,77.5,20.28,-20.812,6.543,4.196,95.0,93.7,70.0,1584,1,-3.8,0.58
2245,343,6.675,40.5,1,100.69999999999999,93.60000000000001,1399,177.6,77.7,20.25,-20.812,6.543,4.196,96.0,94.2,70.0,1583,1,-3.8,0.58
2246,343,6.675,40.44,1,100.6,93.60000000000001,1399,177.5,77.5,20.26,-20.812,6.543,4.196,96.0,94.7,70.0,1583,1,-3.8,0.58
2247,343,6.675,40.54,1,100.6,93.7,1399,177.3,77.8,20.28,-20.812,6.543,4.196,97.0,95.2,70.0,1583,1,-3.8,0.57
2248,343,6.675,40.46,1,100.69999999999999,93.60000000000001,1400,177.3,77.7,20.2,-20.805,6.543,4.196,97.0,95.7,70.0,1583,1,-3.8,0.57
2249,343,6.675,40.45,1,100.6,93.60000000000001,1400,177.3,77.6,20.25,-20.797,6.543,4.196,97.0,96.2,70.0,1583,1,-3.8,0.57
2250,343,6.675,40.58,1,100.6,93.7,1400,177.4,77.6,20.24,-20.797,6.543,4.196,98.0,96.7,70.0,1583,1,-3.8,0.58
2251,343,6.675,40.46,1,100.6,93.60000000000001,1400,177.4,77.6,20.28,-20.797,6.543,4.196,99.0,97.2,70.0,1583,1,-3.8,0.57
2252,343,6.675,40.48,1,100.6,93.60000000000001,1400,177.5,77.7,20.23,-20.789,6.543,4.196,99.0,97.8,70.0,1583,1,-3.8,0.57
2253,343,6.675,40.47,1,100.6,93.60000000000001,1400,177.4,77.6,20.21,-20.789,6.547,4.196,100.0,98.3,70.0,1583,1,-3.8,0.57
2254,343,6.675,40.46,1,100.6,93.7,1400,177.4,77.6,20.29,-20.781,6.547,4.196,100.0,98.8,69.0,1583,1,-3.8,0.57
2255,343,6.675,40.53,1,100.6,93.60000000000001,1400,177.5,77.6,20.21,-20.773,6.547,4.196,101.0,99.3,69.0,1583,1,-3.8,0.57
2256,343,6.675,40.47,1,100.6,93.60000000000001,1400,177.4,77.5,20.25,-20.773,6.547,4.196,102.0,99.8,69.0,1583,1,-3.8,0.57
2257,344,6.675,40.51,1,100.6,93.60000000000001,1400,177.3,77.6,20.29,-20.758,6.547,4.196,102.0,100.3,69.0,1582,1,-3.8,0.58
2258,343,6.675,40.44,1,100.69999999999999,93.60000000000001,1400,177.2,77.6,20.26,-20.766,6.547,4.196,103.0,100.8,70.0,1582,1,-3.8,0.58
2259,344,6.675,40.52,1,100.6,93.60000000000001,1400,177.2,77.6,20.21,-20.758,6.547,4.196,103.0,101.3,69.0,1582,1,-3.8,0.57
2260,344,6.675,40.34,1,100.49999999999999,93.5,1400,177.2,77.5,18.8,-20.758,6.547,4.196,104.0,101.8,69.0,1582,1,-3.8,0.57
2261,344,6.675,40.16,1,99.3,93.0,1397,177.2,77.3,16.97,-20.766,6.547,4.196,104.0,102.3,69.0,1582,1,-3.8,0.55
2262,344,6.675,40.01,1,98.1,92.5,1388,177.2,76.8,15.85,-20.773,6.547,4.196,105.0,102.7,69.0,1582,1,-3.8,0.56
2263,344,6.675,39.75,1,97.0,92.0,1377,177.3,76.3,13.9,-20.789,6.551,4.196,105.0,103.2,69.0,1582,1,-3.8,0.55
2264,344,6.675,39.61,1,95.6,91.3,1363,177.3,75.9,11.82,-20.805,6.551,4.196,106.0,103.6,69.0,1582,1,-3.8,0.53
2265,344,6.675,39.24,1,93.8,90.5,1345,177.4,75.0,10.23,-20.828,6.555,4.196,106.0,104.0,69.0,1582,1,-3.8,0.52
2266,344,6.675,39.18,1,92.30000000000001,89.8,1324,177.7,74.2,8.84,-20.852,6.559,4.196,106.0,104.4,69.0,1582,1,-3.8,0.51
2267,343,6.675,38.96,1,90.8,89.1,1303,178.0,73.4,7.46,-20.875,6.559,4.196,107.0,104.8,69.0,1582,1,-3.8,0.49
2268,343,6.65,38.88,1,89.60000000000001,88.6,1283,178.2,73.0,6.95,-20.891,6.563,4.196,107.0,105.1,69.0,1582,1,-3.8,0.49
2269,343,6.65,38.98,1,89.0,88.5,1266,178.5,72.5,6.84,-20.906,6.566,4.196,107.0,105.5,69.0,1581,1,-3.8,0.5
2270,343,6.65,38.92,1,88.8,88.4,1254,179.0,72.5,6.79,-20.906,6.566,4.196,108.0,105.8,69.0,1581,1,-3.8,0.5
2271,342,6.65,38.9,1,88.7,88.3,1246,179.5,72.5,6.75,-20.906,6.57,4.196,108.0,106.1,69.0,1581,1,-3.8,0.5
2272,342,6.65,39.0,1,88.7,88.4,1240,180.0,72.4,6.8,-20.898,6.574,4.196,108.0,106.4,69.0,1581,1,-3.8,0.49
2273,342,6.65,39.01,1,88.7,88.3,1236,180.5,72.5,6.82,-20.875,6.574,4.196,108.0,106.7,69.0,1581,1,-3.8,0.49
2274,341,6.625,39.31,1,88.8,88.5,1234,180.9,72.6,7.66,-20.859,6.578,4.196,108.0,107.0,69.0,1581,1,-3.8,0.5
2275,341,6.625,39.31,1,89.5,88.8,1235,181.2,72.9,8.62,-20.836,6.578,4.196,108.0,107.3,69.0,1581,1,-3.8,0.5
2276,341,6.625,39.42,1,90.4,89.3,1240,181.8,73.1,9.55,-20.805,6.578,4.196,110.0,107.6,69.0,1581,1,-3.9,0.51
2277,341,6.625,39.32,1,91.10000000000001,89.5,1247,182.2,73.6,9.63,-20.773,6.582,4.196,110.0,107.9,69.0,1581,1,-3.9,0.51
2278,341,6.625,39.46,1,91.4,89.60000000000001,1253,182.6,73.7,9.71,-20.734,6.586,4.196,111.0,108.3,69.0,1581,1,-3.9,0.51
2279,340,6.625,39.46,1,91.5,89.7,1258,183.1,73.8,10.04,-20.703,6.59,4.196,111.0,108.7,69.0,1581,1,-3.9,0.5
2280,340,6.6,39.53,1,91.8,89.8,1262,183.4,73.9,10.21,-20.672,6.594,4.196,111.0,109.0,69.0,1581,1,-3.9,0.51
2281,340,6.6,39.54,1,92.0,89.9,1266,183.7,74.1,10.33,-20.633,6.598,4.196,112.0,109.4,69.0,1581,1,-3.9,0.51
2282,340,6.6,39.44,1,92.0,89.9,1270,184.0,74.2,10.34,-20.594,6.602,4.196,112.0,109.8,69.0,1580,1,-3.9,0.51
2283,340,6.6,39.55,1,92.10000000000001,90.0,1271,184.1,74.4,10.72,-20.562,6.605,4.196,112.0,110.2,69.0,1580,1,-3.9,0.52
2284,340,6.6,39.41,1,92.30000000000001,90.0,1272,184.2,74.4,10.77,-20.523,6.609,4.196,113.0,110.6,69.0,1580,1,-3.9,0.52
2285,340,6.6,39.42,1,92.30000000000001,90.10000000000001,1274,184.2,74.4,10.8,-20.477,6.609,4.196,113.0,111.1,69.0,1580,1,-3.9,0.52
2286,340,6.575,39.52,1,92.4,90.10000000000001,1275,184.2,74.4,10.75,-20.445,6.613,4.196,114.0,111.5,69.0,1580,1,-3.9,0.51
2287,340,6.575,39.53,1,92.4,90.10000000000001,1277,184.2,74.4,10.77,-20.406,6.617,4.196,114.0,111.9,69.0,1580,1,-3.9,0.51
2288,340,6.575,39.49,1,92.4,90.10000000000001,1277,184.2,74.5,10.78,-20.375,6.625,4.196,115.0,112.3,69.0,1580,1,-3.9,0.52
2289,340,6.575,39.54,1,92.4,90.10000000000001,1277,184.1,74.4,10.76,-20.328,6.629,4.195,115.0,112.7,69.0,1580,1,-3.9,0.52
2290,340,6.575,39.51,1,92.30000000000001,90.10000000000001,1277,184.1,74.4,10.71,-20.297,6.637,4.196,115.0,113.1,69.0,1580,1,-3.9,0.52
2291,340,6.55,39.53,1,92.30000000000001,90.0,1277,184.0,74.5,10.79,-20.258,6.645,4.196,115.0,113.5,69.0,1580,1,-3.9,0.51
2292,341,6.55,39.56,1,92.30000000000001,90.10000000000001,1277,183.9,74.6,10.77,-20.203,6.652,4.196,116.0,113.9,69.0,1580,1,-3.9,0.52
2293,341,6.55,39.55,1,92.2,90.0,1278,183.9,74.5,10.29,-20.156,6.66,4.196,116.0,114.3,69.0,1580,1,-3.9,0.52
2294,341,6.55,39.25,1,91.7,89.7,1277,183.8,74.5,9.26,-20.109,6.668,4.196,118.0,114.6,69.0,1580,1,-3.9,0.52
2295,341,6.55,39.31,1,90.8,89.2,1272,183.8,74.0,8.32,-20.062,6.676,4.196,118.0,115.0,69.0,1579,1,-3.9,0.51
2296,341,6.55,39.29,1,90.0,89.0,1263,183.9,73.8,8.0,-20.016,6.684,4.196,118.0,115.3,69.0,1579,1,-3.9,0.51
2297,341,6.525,39.32,1,89.60000000000001,88.8,1254,184.0,73.4,8.07,-19.969,6.691,4.196,118.0,115.7,69.0,1579,1,-3.9,0.51
2298,341,6.525,39.11,1,89.4,88.7,1248,184.0,73.3,7.26,-19.914,6.695,4.196,118.0,116.0,69.0,1579,1,-3.9,0.51
2299,340,6.525,39.09,1,88.9,88.4,1242,184.0,73.1,7.07,-19.867,6.703,4.196,118.0,116.3,69.0,1579,1,-3.9,0.5
2300,340,6.525,39.09,1,88.6,88.4,1237,184.1,72.8,7.11,-19.82,6.707,4.196,119.0,116.6,69.0,1579,1,-3.9,0.5
2301,340,6.525,39.1,1,88.5,88.3,1233,184.1,72.9,6.97,-19.766,6.711,4.196,119.0,116.9,69.0,1579,1,-3.9,0.5
2302,340,6.525,39.32,1,88.4,88.3,1230,184.2,72.9,7.05,-19.719,6.719,4.196,119.0,117.2,69.0,1579,1,-3.9,0.51
2303,340,6.5,39.24,1,88.4,88.3,1228,184.3,72.8,7.0,-19.68,6.723,4.196,120.0,117.5,69.0,1579,1,-3.9,0.5
2304,340,6.5,39.22,1,88.4,88.3,1227,184.4,72.8,7.0,-19.641,6.727,4.196,120.0,117.8,69.0,1579,1,-3.9,0.5
2305,340,6.5,39.21,1,88.4,88.3,1226,184.5,72.8,7.38,-19.602,6.73,4.196,121.0,118.2,69.0,1579,1,-3.9,0.5
2306,340,6.5,39.41,1,88.8,88.5,1226,184.7,72.9,8.38,-19.555,6.734,4.196,121.0,118.6,69.0,1579,1,-3.9,0.51
2307,340,6.5,39.59,1,89.60000000000001,88.9,1230,184.8,73.5,9.07,-19.516,6.742,4.196,121.0,118.9,69.0,1579,1,-3.9,0.51
2308,340,6.5,39.43,1,90.10000000000001,89.1,1236,185.0,73.6,9.14,-19.461,6.746,4.196,122.0,119.3,69.0,1578,1,-3.9,0.51
2309,340,6.5,39.54,1,90.3,89.2,1241,185.0,73.8,9.48,-19.414,6.75,4.196,122.0,119.8,69.0,1578,1,-3.9,0.51
2310,340,6.475,39.68,1,90.7,89.4,1245,185.0,73.7,10.18,-19.375,6.758,4.196,122.0,120.2,69.0,1578,1,-3.9,0.52
2311,340,6.475,39.55,1,91.2,89.60000000000001,1250,185.0,74.1,10.29,-19.336,6.762,4.196,123.0,120.6,69.0,1578,1,-3.9,0.51
2312,340,6.475,39.57,1,91.4,89.7,1256,185.0,74.2,10.35,-19.297,6.77,4.196,124.0,121.1,69.0,1578,1,-3.9,0.52
2313,340,6.475,39.85,1,91.60000000000001,89.8,1260,185.0,74.2,10.93,-19.258,6.773,4.196,124.0,121.6,69.0,1578,1,-3.9,0.52
2314,340,6.475,39.8,1,91.9,90.0,1264,184.9,74.5,11.04,-19.219,6.777,4.196,126.0,122.0,69.0,1578,1,-3.9,0.53
2315,340,6.475,39.8,1,92.10000000000001,90.0,1269,184.8,74.5,11.06,-19.172,6.785,4.196,126.0,122.5,69.0,1578,1,-3.9,0.53
2316,341,6.475,39.67,1,92.10000000000001,90.0,1271,184.7,74.6,11.26,-19.141,6.789,4.196,126.0,122.9,69.0,1578,1,-3.9,0.52
2317,341,6.45,39.84,1,92.30000000000001,90.10000000000001,1274,184.6,74.5,11.29,-19.102,6.797,4.196,126.0,123.4,69.0,1578,1,-3.9,0.52
2318,341,6.45,39.69,1,92.30000000000001,90.10000000000001,1276,184.3,74.7,11.33,-19.055,6.801,4.196,126.0,123.9,69.0,1578,1,-3.9,0.52
2319,341,6.45,39.76,1,92.30000000000001,90.10000000000001,1278,184.0,74.8,11.29,-19.016,6.809,4.196,127.0,124.4,69.0,1578,1,-3.9,0.53
2320,341,6.45,39.8,1,92.4,90.2,1279,183.9,74.7,11.83,-18.977,6.816,4.196,127.0,124.9,69.0,1578,1,-3.9,0.53
2321,341,6.45,39.92,1,92.7,90.4,1282,183.7,74.7,11.93,-18.938,6.824,4.196,128.0,125.4,69.0,1577,1,-3.9,0.53
2322,341,6.45,39.9,1,92.80000000000001,90.4,1284,183.5,74.8,11.91,-18.891,6.832,4.196,129.0,125.9,69.0,1577,1,-3.9,0.53
2323,342,6.45,39.8,1,92.9,90.4,1286,183.3,74.9,11.87,-18.836,6.84,4.196,129.0,126.4,69.0,1577,1,-3.9,0.53
2324,342,6.45,39.93,1,92.80000000000001,90.4,1288,183.0,74.9,11.88,-18.781,6.844,4.196,130.0,126.9,69.0,1577,1,-3.9,0.52
2325,342,6.425,39.95,1,92.80000000000001,90.4,1289,182.7,74.9,11.92,-18.727,6.852,4.196,130.0,127.5,69.0,1577,1,-3.9,0.53
2326,342,6.425,39.96,1,92.80000000000001,90.4,1289,182.5,74.9,11.9,-18.672,6.859,4.196,130.0,128.1,69.0,1577,1,-3.9,0.53
2327,342,6.425,39.95,1,92.80000000000001,90.4,1290,182.3,75.0,11.9,-18.609,6.867,4.196,131.0,128.7,69.0,1577,1,-3.9,0.52
2328,343,6.425,39.87,1,92.7,90.3,1290,182.2,74.9,11.91,-18.547,6.875,4.196,133.0,129.3,69.0,1577,1,-3.9,0.53
2329,343,6.425,39.82,1,92.7,90.4,1289,182.0,75.0,11.89,-18.484,6.883,4.196,133.0,129.9,69.0,1577,1,-3.8,0.53
2330,343,6.425,39.94,1,92.7,90.3,1289,181.9,74.8,11.84,-18.43,6.887,4.196,133.0,130.5,69.0,1577,1,-3.8,0.53
2331,343,6.425,39.93,1,92.7,90.4,1289,181.7,74.9,11.92,-18.367,6.895,4.196,134.0,131.2,69.0,1577,1,-3.8,0.52
2332,343,6.4,39.88,1,92.60000000000001,90.3,1289,181.5,74.9,11.9,-18.297,6.902,4.196,135.0,131.8,69.0,1577,1,-3.8,0.53
2333,343,6.4,39.91,1,92.60000000000001,90.3,1289,181.3,74.8,11.78,-18.234,6.91,4.196,135.0,132.4,69.0,1577,1,-3.8,0.53
2334,343,6.4,39.85,1,92.4,90.2,1288,181.1,74.9,10.98,-18.164,6.918,4.196,135.0,133.0,69.0,1576,1,-3.8,0.53
2335,343,6.4,39.75,1,91.8,89.9,1285,181.0,74.7,10.6,-18.102,6.926,4.196,136.0,133.6,69.0,1576,1,-3.8,0.52
2336,343,6.4,39.69,1,91.4,89.8,1281,181.0,74.5,10.83,-18.047,6.934,4.196,137.0,134.2,69.0,1576,1,-3.8,0.52
2337,343,6.4,39.77,1,91.4,89.8,1277,180.9,74.5,10.75,-17.984,6.938,4.196,138.0,134.8,69.0,1576,1,-3.8,0.52
2338,343,6.4,39.79,1,91.3,89.7,1275,180.9,74.4,10.75,-17.914,6.945,4.196,139.0,135.4,69.0,1576,1,-3.8,0.51
2339,343,6.4,39.82,1,91.3,89.8,1274,180.9,74.3,10.8,-17.859,6.953,4.196,139.0,136.0,69.0,1576,1,-3.8,0.51
2340,344,6.375,39.68,1,91.2,89.7,1273,180.9,74.4,10.38,-17.797,6.957,4.196,140.0,136.6,69.0,1576,1,-3.8,0.52
2341,344,6.375,39.79,1,91.0,89.60000000000001,1271,180.8,74.2,10.37,-17.727,6.965,4.196,140.0,137.1,69.0,1576,1,-3.8,0.51
2342,344,6.375,39.66,1,90.9,89.60000000000001,1269,180.8,74.3,10.29,-17.664,6.973,4.196,140.0,137.7,69.0,1576,1,-3.8,0.51
2343,344,6.375,39.71,1,90.9,89.60000000000001,1268,180.8,74.4,10.33,-17.602,6.98,4.196,141.0,138.2,69.0,1576,1,-3.7,0.51
2344,344,6.375,39.68,1,90.8,89.5,1267,180.8,74.2,9.9,-17.539,6.988,4.196,142.0,138.7,69.0,1576,1,-3.7,0.52
2345,344,6.375,39.6,1,90.5,89.4,1266,180.8,74.1,9.65,-17.477,6.996,4.196,142.0,139.2,69.0,1576,1,-3.8,0.52
2346,344,6.35,39.63,1,90.2,89.3,1263,180.8,74.0,9.64,-17.414,7.004,4.196,144.0,139.8,69.0,1576,1,-3.7,0.51
2347,344,6.35,39.6,1,90.10000000000001,89.2,1260,180.8,74.0,9.27,-17.359,7.012,4.195,144.0,140.3,69.0,1576,1,-3.7,0.51
2348,344,6.35,39.78,1,89.9,89.1,1258,180.8,74.0,9.23,-17.305,7.02,4.196,144.0,140.8,69.0,1576,1,-3.7,0.51
2349,343,6.35,39.66,1,89.8,89.1,1255,180.8,73.8,9.29,-17.25,7.023,4.196,144.0,141.3,69.0,1575,1,-3.7,0.52
2350,343,6.35,39.87,1,89.8,89.1,1253,180.9,73.8,9.31,-17.195,7.031,4.196,145.0,141.9,69.0,1575,1,-3.7,0.51
2351,343,6.35,39.53,1,89.8,89.1,1252,180.8,73.8,9.27,-17.133,7.035,4.196,146.0,142.5,69.0,1575,1,-3.7,0.52
2352,343,6.35,39.7,1,89.8,89.1,1251,180.8,73.9,9.3,-17.078,7.043,4.196,146.0,143.0,69.0,1575,1,-3.7,0.52
2353,343,6.35,39.57,1,89.8,89.1,1251,180.8,73.9,9.34,-17.031,7.051,4.196,147.0,143.6,69.0,1575,1,-3.7,0.52
2354,343,6.325,39.7,1,89.8,89.1,1251,180.9,73.9,9.29,-16.969,7.055,4.195,148.0,144.2,69.0,1575,1,-3.7,0.52
2355,343,6.325,39.76,1,89.8,89.1,1251,180.8,74.0,9.3,-16.922,7.063,4.196,148.0,144.8,69.0,1575,1,-3.7,0.52
2356,343,6.325,39.62,1,89.7,89.1,1250,180.9,73.9,8.98,-16.867,7.07,4.196,149.0,145.3,69.0,1575,1,-3.6,0.52
2357,343,6.325,39.62,1,89.5,89.0,1249,181.0,73.9,8.77,-16.812,7.078,4.196,149.0,145.9,69.0,1575,1,-3.6,0.51
2358,342,6.325,39.84,1,89.2,88.9,1247,181.0,73.7,8.5,-16.758,7.086,4.196,150.0,146.5,69.0,1575,1,-3.6,0.51
2359,342,6.325,39.36,1,88.9,88.6,1245,181.0,73.6,7.87,-16.703,7.094,4.195,150.0,147.0,69.0,1575,1,-3.6,0.5
2360,342,6.325,39.43,1,88.5,88.5,1240,181.0,73.5,7.84,-16.656,7.102,4.196,151.0,147.6,69.0,1575,1,-3.6,0.51
2361,342,6.3,39.54,1,88.3,88.5,1237,181.0,73.4,7.74,-16.609,7.105,4.196,151.0,148.2,69.0,1575,1,-3.6,0.5
2362,341,6.3,39.65,1,88.2,88.5,1233,181.0,73.4,7.79,-16.562,7.113,4.196,153.0,148.8,69.0,1575,1,-3.6,0.51
2363,341,6.3,39.61,1,88.2,88.5,1231,181.1,73.3,7.82,-16.523,7.117,4.196,153.0,149.3,69.0,1574,1,-3.6,0.51
2364,341,6.3,39.51,1,88.2,88.5,1230,181.2,73.3,7.81,-16.469,7.125,4.196,154.0,149.9,69.0,1574,1,-3.6,0.51
2365,341,6.3,39.67,1,88.2,88.5,1229,181.2,73.4,7.84,-16.422,7.133,4.196,154.0,150.4,69.0,1574,1,-3.5,0.52
2366,341,6.3,39.56,1,88.2,88.5,1230,181.1,73.3,7.86,-16.367,7.137,4.195,154.0,150.9,69.0,1574,1,-3.5,0.51
2367,341,6.3,39.59,1,88.2,88.5,1230,181.1,73.5,7.84,-16.328,7.145,4.196,155.0,151.5,69.0,1574,1,-3.5,0.51
2368,340,6.275,39.58,1,88.2,88.4,1230,181.2,73.4,7.86,-16.273,7.152,4.196,156.0,152.0,69.0,1574,1,-3.5,0.51
2369,340,6.275,39.62,1,88.2,88.4,1229,181.2,73.4,7.82,-16.227,7.156,4.196,156.0,152.5,69.0,1574,1,-3.5,0.51
2370,340,6.275,39.73,1,88.3,88.5,1229,181.3,73.4,8.55,-16.188,7.164,4.195,157.0,153.0,69.0,1574,1,-3.5,0.5
2371,340,6.275,39.84,1,89.0,88.9,1231,181.4,73.6,9.43,-16.133,7.168,4.196,157.0,153.4,69.0,1574,1,-3.5,0.52
2372,340,6.275,39.85,1,89.60000000000001,89.1,1236,181.3,73.9,9.51,-16.078,7.172,4.196,158.0,153.9,69.0,1574,1,-3.5,0.51
2373,339,6.275,40.02,1,89.9,89.2,1241,181.3,73.9,10.11,-16.031,7.176,4.196,158.0,154.3,69.0,1574,1,-3.4,0.52
2374,339,6.275,39.94,1,90.5,89.5,1247,181.3,74.2,10.52,-15.984,7.18,4.195,159.0,154.8,69.0,1574,1,-3.4,0.52
2375,339,6.25,40.01,1,90.7,89.60000000000001,1253,181.3,74.4,10.52,-15.938,7.184,4.196,159.0,155.2,69.0,1574,1,-3.4,0.51
2376,339,6.25,40.05,1,91.0,89.7,1257,181.2,74.4,11.17,-15.898,7.191,4.196,159.0,155.7,69.0,1574,1,-3.4,0.52
2377,339,6.25,40.24,1,91.4,90.0,1262,181.1,74.7,11.25,-15.859,7.195,4.195,160.0,156.1,69.0,1573,1,-3.4,0.53
2378,339,6.25,40.07,1,91.60000000000001,90.0,1267,181.0,74.8,11.34,-15.812,7.203,4.195,160.0,156.5,69.0,1573,1,-3.3,0.52
2379,339,6.25,40.03,1,91.60000000000001,90.0,1272,180.9,74.8,11.44,-15.766,7.211,4.196,160.0,156.9,69.0,1573,1,-3.3,0.52
2380,339,6.25,40.17,1,91.8,90.10000000000001,1275,180.8,74.9,11.62,-15.719,7.215,4.196,160.0,157.3,69.0,1573,1,-3.3,0.52
2381,339,6.25,40.16,1,91.9,90.2,1278,180.6,74.9,11.62,-15.672,7.223,4.196,161.0,157.7,69.0,1573,1,-3.3,0.53
2382,339,6.225,40.2,1,92.0,90.2,1279,180.5,75.0,11.82,-15.625,7.23,4.196,162.0,158.1,69.0,1573,1,-3.3,0.52
2383,339,6.225,40.1,1,92.10000000000001,90.3,1281,180.2,75.1,11.89,-15.578,7.238,4.196,162.0,158.5,69.0,1573,1,-3.3,0.53
2384,340,6.225,40.22,1,92.2,90.3,1283,180.0,75.1,11.93,-15.531,7.242,4.196,163.0,159.0,69.0,1573,1,-3.3,0.52
2385,340,6.225,40.26,1,92.30000000000001,90.4,1285,179.9,75.1,12.38,-15.477,7.25,4.195,163.0,159.4,69.0,1573,1,-3.2,0.53
2386,340,6.225,40.3,1,92.60000000000001,90.5,1287,179.7,75.4,12.48,-15.43,7.258,4.196,163.0,159.8,69.0,1573,1,-3.2,0.54
2387,340,6.225,40.29,1,92.7,90.60000000000001,1290,179.5,75.2,12.58,-15.375,7.262,4.196,163.0,160.3,69.0,1573,1,-3.2,0.53
2388,340,6.225,40.27,1,92.9,90.60000000000001,1293,179.2,75.3,13.0,-15.312,7.27,4.196,164.0,160.7,69.0,1573,1,-3.2,0.54
2389,340,6.225,40.53,1,93.30000000000001,90.9,1296,179.0,75.5,13.42,-15.258,7.277,4.196,165.0,161.1,69.0,1573,1,-3.2,0.54
2390,340,6.2,40.34,1,93.5,91.0,1301,178.9,75.6,13.5,-15.195,7.281,4.195,165.0,161.6,69.0,1573,1,-3.1,0.55
2391,340,6.2,40.39,1,93.60000000000001,91.0,1304,178.7,75.7,13.49,-15.133,7.289,4.196,165.0,162.0,69.0,1572,1,-3.1,0.55
2392,340,6.2,40.37,1,93.60000000000001,91.0,1307,178.5,75.7,13.51,-15.07,7.293,4.196,166.0,162.5,69.0,1572,1,-3.1,0.55
2393,341,6.2,40.43,1,93.60000000000001,91.0,1309,178.3,75.6,13.51,-15.016,7.301,4.196,166.0,162.9,69.0,1572,1,-3.1,0.55
2394,341,6.2,40.38,1,93.60000000000001,91.0,1310,178.1,75.7,13.5,-14.961,7.305,4.196,167.0,163.4,69.0,1572,1,-3.1,0.55
2395,341,6.2,40.41,1,93.5,91.0,1310,178.0,75.7,13.45,-14.906,7.312,4.196,167.0,163.9,69.0,1572,1,-3.1,0.55
2396,341,6.2,40.37,1,93.60000000000001,91.0,1311,177.8,75.8,13.54,-14.852,7.324,4.196,168.0,164.3,69.0,1572,1,-3.1,0.55
2397,342,6.175,40.4,1,93.5,91.0,1311,177.7,75.5,13.46,-14.805,7.332,4.196,168.0,164.8,69.0,1572,1,-3.0,0.54
2398,342,6.175,40.34,1,93.5,91.0,1311,177.5,75.7,13.49,-14.75,7.34,4.196,168.0,165.3,69.0,1572,1,-3.0,0.54
2399,342,6.175,40.44,1,93.5,91.0,1312,177.3,75.8,13.44,-14.695,7.348,4.196,169.0,165.7,69.0,1572,1,-3.0,0.54
2400,343,6.175,40.4,1,93.5,91.0,1311,177.0,75.8,13.47,-14.633,7.359,4.196,169.0,166.2,69.0,1572,1,-3.0,0.55
2401,343,6.175,40.42,1,93.5,91.0,1312,176.8,75.8,13.51,-14.57,7.367,4.196,170.0,166.6,69.0,1572,1,-3.0,0.55
2402,343,6.175,40.33,1,93.5,91.0,1313,176.8,75.7,13.54,-14.508,7.379,4.196,171.0,167.1,69.0,1572,1,-2.9,0.55
2403,344,6.15,40.36,1,93.5,91.0,1314,176.7,75.6,13.45,-14.445,7.387,4.196,171.0,167.6,69.0,1572,1,-2.9,0.55
2404,344,6.15,40.22,1,93.30000000000001,90.9,1314,176.6,75.7,12.6,-14.375,7.395,4.195,172.0,168.0,69.0,1572,1,-2.9,0.54
2405,344,6.15,40.3,1,92.60000000000001,90.5,1310,176.5,75.5,11.86,-14.312,7.402,4.196,172.0,168.4,69.0,1572,1,-2.9,0.53
2406,345,6.15,40.04,1,92.10000000000001,90.3,1304,176.4,75.2,11.72,-14.258,7.414,4.195,172.0,168.8,69.0,1571,1,-2.9,0.53
2407,345,6.15,40.04,1,91.9,90.3,1298,176.5,75.1,11.64,-14.188,7.422,4.195,172.0,169.3,69.0,1571,1,-2.8,0.53
2408,345,6.15,40.08,1,91.60000000000001,90.2,1294,176.5,75.0,11.19,-14.117,7.43,4.196,173.0,169.7,69.0,1571,1,-2.8,0.53
2409,345,6.125,40.16,1,91.3,90.0,1290,176.4,74.7,11.13,-14.055,7.438,4.196,174.0,170.1,69.0,1571,1,-2.8,0.53
2410,345,6.125,40.12,1,91.2,90.0,1287,176.3,74.8,10.96,-13.984,7.445,4.196,174.0,170.5,69.0,1571,1,-2.7,0.54
2411,345,6.125,39.82,1,90.7,89.7,1284,176.3,74.6,9.92,-13.922,7.453,4.196,174.0,170.9,69.0,1571,1,-2.7,0.53
2412,345,6.125,39.79,1,90.10000000000001,89.4,1278,176.3,74.2,9.75,-13.859,7.461,4.195,175.0,171.3,69.0,1571,1,-2.7,0.52
2413,345,6.125,39.88,1,89.8,89.3,1272,176.3,74.4,9.74,-13.797,7.469,4.196,175.0,171.6,69.0,1571,1,-2.7,0.52
2414,345,6.125,39.91,1,89.7,89.3,1267,176.5,74.2,9.78,-13.734,7.477,4.195,175.0,172.0,69.0,1571,1,-2.6,0.52
2415,345,6.1,40.03,1,89.7,89.3,1264,176.6,74.1,9.8,-13.672,7.484,4.196,175.0,172.3,69.0,1571,1,-2.6,0.51
2416,345,6.1,39.93,1,89.7,89.3,1262,176.8,74.1,9.77,-13.602,7.492,4.196,176.0,172.6,69.0,1571,1,-2.6,0.51
2417,345,6.1,40.0,1,89.7,89.3,1260,176.9,74.3,9.74,-13.531,7.5,4.196,176.0,172.9,69.0,1571,1,-2.6,0.52
2418,345,6.1,39.96,1,89.60000000000001,89.3,1259,176.9,74.1,9.76,-13.469,7.512,4.196,177.0,173.2,69.0,1571,1,-2.5,0.52
2419,345,6.1,39.97,1,89.7,89.3,1258,177.1,74.1,9.82,-13.398,7.516,4.196,177.0,173.5,69.0,1571,1,-2.5,0.5
2420,345,6.1,39.92,1,89.7,89.4,1258,177.2,74.2,9.78,-13.336,7.523,4.196,177.0,173.8,69.0,1571,1,-2.4,0.53
2421,345,6.1,40.04,1,89.60000000000001,89.3,1257,177.4,74.2,9.71,-13.273,7.531,4.196,177.0,174.1,69.0,1570,1,-2.4,0.51
2422,345,6.075,39.84,1,89.60000000000001,89.3,1257,177.4,74.3,9.78,-13.211,7.539,4.196,178.0,174.4,69.0,1570,1,-2.4,0.51
2423,345,6.075,39.95,1,89.60000000000001,89.3,1256,177.6,74.3,9.77,-13.148,7.543,4.196,178.0,174.7,69.0,1570,1,-2.4,0.52
2424,345,6.075,39.95,1,89.60000000000001,89.3,1256,177.7,74.1,9.77,-13.094,7.551,4.196,178.0,174.9,69.0,1570,1,-2.4,0.52
2425,345,6.075,39.97,1,89.60000000000001,89.3,1256,177.7,74.2,9.78,-13.031,7.559,4.196,179.0,175.2,69.0,1570,1,-2.3,0.51
2426,344,6.075,39.89,1,89.60000000000001,89.3,1255,177.8,74.2,9.76,-12.984,7.562,4.196,179.0,175.4,69.0,1570,1,-2.3,0.52
2427,344,6.075,39.86,1,89.60000000000001,89.3,1255,177.7,74.3,9.77,-12.938,7.57,4.196,179.0,175.6,69.0,1570,1,-2.3,0.52
2428,344,6.05,39.93,1,89.60000000000001,89.3,1255,177.8,74.2,9.8,-12.891,7.578,4.195,179.0,175.8,69.0,1570,1,-2.2,0.52
2429,344,6.05,39.92,1,89.60000000000001,89.4,1256,177.8,74.2,9.73,-12.844,7.586,4.195,179.0,176.0,69.0,1570,1,-2.2,0.52
2430,344,6.05,39.96,1,89.5,89.4,1256,177.8,74.1,9.81,-12.789,7.59,4.195,179.0,176.2,69.0,1570,1,-2.2,0.52
2431,344,6.05,40.2,1,89.7,89.5,1256,177.8,74.2,10.75,-12.734,7.598,4.196,180.0,176.4,69.0,1570,1,-2.2,0.52
2432,344,6.05,40.33,1,90.60000000000001,89.9,1259,177.9,74.5,11.4,-12.68,7.605,4.195,180.0,176.6,69.0,1570,1,-2.1,0.53
2433,344,6.05,40.32,1,91.0,90.10000000000001,1266,177.9,74.8,11.54,-12.617,7.613,4.195,180.0,176.8,69.0,1570,1,-2.1,0.53
2434,344,6.025,40.26,1,91.2,90.10000000000001,1272,177.9,74.9,11.56,-12.555,7.621,4.196,180.0,177.0,69.0,1570,1,-2.1,0.53
2435,344,6.025,40.28,1,91.3,90.10000000000001,1274,177.8,74.9,11.52,-12.484,7.629,4.195,180.0,177.3,69.0,1570,1,-2.0,0.53
2436,344,6.025,40.36,1,91.2,90.10000000000001,1276,177.8,74.9,11.55,-12.422,7.637,4.196,181.0,177.5,69.0,1569,1,-2.0,0.54
2437,344,6.025,40.21,1,91.2,90.10000000000001,1278,177.7,74.9,11.54,-12.359,7.645,4.195,181.0,177.8,69.0,1569,1,-2.0,0.54
2438,344,6.025,40.51,1,91.4,90.2,1279,177.5,75.1,12.25,-12.297,7.648,4.195,182.0,178.2,69.0,1569,1,-1.9,0.54
2439,344,6.025,40.32,1,91.9,90.5,1283,177.4,75.1,12.36,-12.234,7.656,4.195,182.0,178.5,69.0,1569,1,-1.9,0.54
2440,344,6.0,40.35,1,91.9,90.5,1287,177.2,75.1,12.34,-12.172,7.66,4.196,182.0,178.8,69.0,1569,1,-1.8,0.54
2441,344,6.0,40.39,1,92.0,90.5,1290,177.1,75.3,12.53,-12.109,7.668,4.196,182.0,179.1,69.0,1569,1,-1.8,0.54
2442,344,6.0,40.41,1,92.10000000000001,90.60000000000001,1292,177.0,75.3,12.52,-12.055,7.676,4.195,182.0,179.5,69.0,1569,1,-1.8,0.54
2443,344,6.0,40.37,1,92.10000000000001,90.60000000000001,1294,176.9,75.5,12.47,-11.992,7.684,4.195,182.0,179.9,69.0,1569,1,-1.7,0.53
2444,344,6.0,40.39,1,92.10000000000001,90.60000000000001,1294,176.7,75.3,12.58,-11.93,7.691,4.196,183.0,180.2,69.0,1569,1,-1.7,0.54
2445,344,6.0,40.37,1,92.10000000000001,90.60000000000001,1295,176.6,75.5,12.59,-11.875,7.703,4.196,184.0,180.6,69.0,1569,1,-1.7,0.54
2446,344,5.975,40.27,1,92.2,90.60000000000001,1296,176.4,75.4,12.64,-11.812,7.711,4.195,184.0,181.0,69.0,1569,1,-1.6,0.54
2447,344,5.975,40.41,1,92.2,90.7,1297,176.3,75.4,12.66,-11.742,7.723,4.195,184.0,181.3,69.0,1569,1,-1.6,0.54
2448,344,5.975,40.37,1,92.2,90.60000000000001,1298,176.2,75.3,12.54,-11.672,7.73,4.196,185.0,181.7,69.0,1569,1,-1.6,0.54
2449,344,5.975,40.41,1,92.10000000000001,90.60000000000001,1298,176.1,75.4,12.55,-11.602,7.738,4.196,185.0,182.1,69.0,1569,1,-1.5,0.54
2450,344,5.975,40.37,1,92.0,90.60000000000001,1297,176.0,75.5,12.5,-11.523,7.746,4.195,186.0,182.5,69.0,1569,1,-1.5,0.53
2451,344,5.975,40.45,1,92.0,90.60000000000001,1297,176.0,75.5,12.58,-11.445,7.754,4.196,186.0,182.9,69.0,1569,1,-1.4,0.53
2452,344,5.975,40.38,1,92.0,90.60000000000001,1297,175.9,75.5,12.61,-11.367,7.762,4.195,187.0,183.3,69.0,1568,1,-1.4,0.54
2453,344,5.95,40.43,1,92.10000000000001,90.60000000000001,1298,175.9,75.5,12.65,-11.297,7.77,4.196,187.0,183.7,69.0,1568,1,-1.4,0.54
2454,344,5.95,40.41,1,92.10000000000001,90.60000000000001,1299,175.7,75.5,12.65,-11.227,7.777,4.195,187.0,184.1,69.0,1568,1,-1.3,0.53
2455,344,5.95,40.41,1,92.10000000000001,90.60000000000001,1299,175.6,75.3,12.58,-11.148,7.781,4.195,187.0,184.4,69.0,1568,1,-1.3,0.53
2456,344,5.95,40.43,1,92.0,90.60000000000001,1299,175.6,75.5,12.57,-11.078,7.789,4.196,188.0,184.8,69.0,1568,1,-1.2,0.54
2457,344,5.95,40.4,1,92.0,90.60000000000001,1298,175.5,75.4,12.59,-11.016,7.797,4.196,188.0,185.1,69.0,1568,1,-1.2,0.53
2458,344,5.95,40.45,1,92.0,90.60000000000001,1297,175.4,75.3,12.67,-10.953,7.801,4.195,189.0,185.4,69.0,1568,1,-1.2,0.53
2459,343,5.925,40.49,1,92.2,90.7,1298,175.3,75.4,13.21,-10.891,7.809,4.195,189.0,185.7,69.0,1568,1,-1.1,0.53
2460,343,5.925,40.49,1,92.4,90.8,1301,175.2,75.7,13.2,-10.828,7.816,4.195,189.0,185.9,69.0,1568,1,-1.1,0.54
2461,344,5.925,40.49,1,92.5,90.8,1303,175.1,75.6,13.26,-10.766,7.824,4.196,189.0,186.2,69.0,1568,1,-1.0,0.53
2462,344,5.925,40.5,1,92.4,90.8,1303,175.1,75.6,13.25,-10.711,7.836,4.195,190.0,186.4,69.0,1568,1,-1.0,0.54
2463,344,5.925,40.49,1,92.5,90.8,1304,175.0,75.5,13.21,-10.656,7.844,4.195,190.0,186.6,69.0,1568,1,-1.0,0.54
2464,344,5.925,40.6,1,92.4,90.8,1304,175.0,75.7,13.18,-10.602,7.852,4.195,190.0,186.7,69.0,1568,1,-0.9,0.53
2465,344,5.9,40.53,1,92.5,90.8,1305,174.9,75.6,13.25,-10.547,7.859,4.196,190.0,186.9,69.0,1568,1,-0.9,0.54
2466,344,5.9,40.38,1,92.4,90.8,1305,174.9,75.7,13.26,-10.484,7.867,4.195,190.0,187.1,69.0,1568,1,-0.9,0.54
2467,344,5.9,40.48,1,92.4,90.8,1304,174.8,75.7,13.27,-10.422,7.875,4.196,190.0,187.2,69.0,1568,1,-0.8,0.52
2468,344,5.9,40.49,1,92.4,90.8,1305,174.7,75.6,13.27,-10.367,7.879,4.196,190.0,187.3,69.0,1568,1,-0.8,0.53
2469,344,5.9,40.49,1,92.4,90.8,1305,174.7,75.6,13.29,-10.305,7.887,4.196,190.0,187.3,69.0,1567,1,-0.7,0.53
2470,344,5.9,40.56,1,92.4,90.8,1305,174.6,75.6,13.32,-10.242,7.898,4.195,190.0,187.4,69.0,1567,1,-0.7,0.52
2471,344,5.9,40.63,1,92.4,90.8,1305,174.6,75.7,13.25,-10.188,7.906,4.195,190.0,187.4,69.0,1567,1,-0.6,0.53
2472,343,5.875,40.57,1,92.4,90.8,1304,174.6,75.6,13.29,-10.133,7.918,4.195,190.0,187.4,69.0,1567,1,-0.6,0.53
2473,343,5.875,40.45,1,92.4,90.8,1303,174.6,75.6,13.26,-10.078,7.926,4.196,190.0,187.4,69.0,1567,1,-0.5,0.54
2474,343,5.875,40.28,1,92.2,90.7,1303,174.5,75.7,12.13,-10.031,7.934,4.195,190.0,187.3,69.0,1567,1,-0.5,0.53
2475,344,5.875,40.2,1,91.0,90.0,1300,174.5,75.4,10.07,-9.977,7.941,4.195,190.0,187.3,69.0,1567,1,-0.4,0.52
2476,344,5.875,39.69,1,89.0,89.1,1288,174.5,74.6,7.65,-9.93,7.953,4.196,190.0,187.3,69.0,1567,1,-0.4,0.5
2477,343,5.85,39.55,1,86.8,88.2,1269,174.6,73.7,5.89,-9.891,7.965,4.196,190.0,187.2,69.0,1567,1,-0.4,0.49
2478,343,5.85,39.5,1,85.2,87.5,1246,174.7,73.1,5.09,-9.852,7.977,4.196,190.0,187.0,69.0,1567,1,-0.3,0.48
2479,343,5.85,39.48,1,84.39999999999999,87.3,1227,174.8,72.6,4.98,-9.812,7.984,4.195,190.0,186.9,69.0,1567,1,-0.3,0.49
2480,343,5.825,39.51,1,84.2,87.3,1214,175.1,72.5,5.1,-9.758,7.996,4.196,189.0,186.7,69.0,1567,1,-0.3,0.48
2481,343,5.825,39.51,1,84.1,87.3,1206,175.3,72.3,5.02,-9.688,8.004,4.195,189.0,186.5,69.0,1567,1,-0.2,0.48
2482,343,5.825,39.42,1,84.1,87.2,1200,175.5,72.4,5.04,-9.617,8.016,4.196,189.0,186.3,69.0,1567,1,-0.2,0.48
2483,342,5.8,39.47,1,84.2,87.3,1197,175.7,72.2,5.61,-9.547,8.023,4.195,189.0,186.1,69.0,1567,1,-0.1,0.48
2484,342,5.8,39.79,1,84.8,87.7,1196,176.0,72.5,6.72,-9.469,8.035,4.196,189.0,185.9,69.0,1567,1,-0.1,0.49
2485,342,5.8,39.9,1,85.7,88.1,1200,176.3,72.9,7.87,-9.383,8.047,4.195,188.0,185.7,69.0,1567,1,-0.0,0.49
2486,342,5.8,39.99,1,86.7,88.5,1208,176.6,73.3,8.29,-9.289,8.059,4.196,187.0,185.5,69.0,1567,1,-0.0,0.49
2487,342,5.775,39.81,1,87.1,88.6,1216,176.8,73.4,8.37,-9.195,8.07,4.195,187.0,185.3,69.0,1567,1,0.0,0.5
2488,342,5.775,39.86,1,87.2,88.6,1222,177.2,73.6,8.36,-9.102,8.082,4.196,187.0,185.1,69.0,1567,1,0.1,0.5
2489,342,5.775,40.0,1,87.2,88.7,1226,177.4,73.7,8.7,-9.008,8.094,4.196,187.0,184.9,69.0,1567,1,0.1,0.5
2490,342,5.75,40.14,1,87.6,88.9,1229,177.6,73.7,9.02,-8.914,8.109,4.196,187.0,184.7,69.0,1566,1,0.2,0.51
2491,342,5.75,40.03,1,87.8,89.0,1232,177.7,73.9,9.05,-8.82,8.121,4.196,187.0,184.5,69.0,1566,1,0.2,0.51
2492,342,5.75,40.09,1,87.8,89.0,1235,177.9,73.9,8.99,-8.727,8.133,4.196,187.0,184.3,69.0,1566,1,0.3,0.52
2493,343,5.75,40.17,1,87.8,89.0,1237,177.9,73.9,9.45,-8.625,8.145,4.195,187.0,184.1,69.0,1566,1,0.3,0.52
2494,343,5.725,40.04,1,88.2,89.2,1238,177.9,74.2,9.7,-8.523,8.16,4.195,186.0,183.9,69.0,1566,1,0.4,0.51
2495,343,5.725,40.2,1,88.5,89.3,1242,177.9,74.2,9.84,-8.422,8.172,4.195,186.0,183.7,69.0,1566,1,0.4,0.51
2496,343,5.725,40.19,1,88.6,89.3,1245,178.0,74.3,9.8,-8.32,8.184,4.195,185.0,183.6,69.0,1566,1,0.5,0.51
2497,343,5.725,40.11,1,88.5,89.3,1247,177.9,74.3,9.82,-8.219,8.199,4.196,185.0,183.4,69.0,1566,1,0.5,0.5
2498,343,5.7,40.13,1,88.5,89.3,1248,177.8,74.2,9.82,-8.117,8.211,4.196,185.0,183.2,69.0,1566,1,0.5,0.51
2499,343,5.7,40.18,1,88.4,89.3,1249,177.8,74.1,9.85,-8.016,8.219,4.195,185.0,183.0,69.0,1566,1,0.6,0.51
2500,343,5.7,40.2,1,88.7,89.4,1250,177.7,74.3,10.69,-7.922,8.23,4.195,185.0,182.8,69.0,1566,1,0.6,0.51
2501,343,5.675,40.41,1,89.3,89.7,1253,177.6,74.6,11.06,-7.828,8.242,4.195,184.0,182.6,69.0,1566,1,0.7,0.51
2502,344,5.675,40.37,1,89.60000000000001,89.8,1258,177.5,74.7,11.58,-7.734,8.254,4.195,184.0,182.4,69.0,1566,1,0.7,0.51
2503,344,5.675,40.43,1,90.10000000000001,90.10000000000001,1263,177.4,75.0,11.91,-7.648,8.266,4.196,184.0,182.2,69.0,1566,1,0.8,0.53
2504,344,5.675,40.5,1,90.4,90.2,1269,177.2,75.2,12.48,-7.555,8.277,4.196,183.0,182.0,69.0,1566,1,0.9,0.51
2505,344,5.65,40.74,1,91.10000000000001,90.60000000000001,1274,177.1,75.3,13.55,-7.461,8.289,4.196,184.0,181.8,69.0,1566,1,0.9,0.53
2506,345,5.65,40.72,1,91.9,91.0,1282,177.0,75.7,14.64,-7.367,8.301,4.195,182.0,181.6,69.0,1566,1,1.0,0.53
2507,345,5.65,40.92,1,92.7,91.2,1292,176.8,75.9,15.27,-7.273,8.312,4.196,182.0,181.5,69.0,1566,1,1.0,0.54
2508,345,5.65,40.97,1,93.4,91.60000000000001,1301,176.6,76.3,15.95,-7.18,8.324,4.195,182.0,181.3,69.0,1566,1,1.1,0.54
2509,345,5.625,41.12,1,93.89999999999999,91.9,1311,176.4,76.7,16.62,-7.086,8.336,4.195,182.0,181.1,69.0,1566,1,1.1,0.55
2510,346,5.625,41.02,1,94.3,92.0,1320,176.1,76.7,16.63,-6.992,8.352,4.195,182.0,180.9,69.0,1565,1,1.2,0.54
2511,346,5.625,41.05,1,94.39999999999999,92.0,1327,175.8,76.9,16.65,-6.898,8.363,4.195,182.0,180.8,69.0,1565,1,1.2,0.55
2512,346,5.625,41.03,1,94.39999999999999,92.0,1331,175.5,77.0,16.63,-6.812,8.375,4.196,182.0,180.6,69.0,1565,1,1.3,0.55
2513,347,5.625,41.07,1,94.3,92.0,1334,175.2,77.0,16.68,-6.727,8.383,4.195,182.0,180.5,69.0,1565,1,1.4,0.55
2514,347,5.6,41.12,1,94.3,92.0,1336,174.9,77.1,16.65,-6.633,8.398,4.196,182.0,180.3,69.0,1565,1,1.4,0.55
2515,347,5.6,41.07,1,94.3,92.0,1337,174.5,77.1,16.59,-6.547,8.406,4.196,182.0,180.2,69.0,1565,1,1.5,0.54
2516,347,5.6,40.96,1,94.1,91.9,1338,174.2,77.0,15.66,-6.461,8.418,4.195,182.0,180.1,69.0,1565,1,1.5,0.54
2517,348,5.6,40.78,1,93.4,91.5,1337,173.8,76.8,14.6,-6.383,8.434,4.196,182.0,180.0,69.0,1565,1,1.6,0.53
2518,348,5.6,40.74,1,92.60000000000001,91.2,1331,173.5,76.3,14.17,-6.297,8.445,4.196,181.0,179.9,69.0,1565,1,1.7,0.52
2519,348,5.575,40.71,1,92.30000000000001,91.10000000000001,1324,173.4,76.1,14.14,-6.219,8.457,4.196,181.0,179.8,69.0,1565,1,1.7,0.53
2520,348,5.575,40.73,1,92.10000000000001,91.0,1318,173.2,76.1,14.13,-6.125,8.469,4.196,181.0,179.8,69.0,1565,1,1.8,0.52
2521,348,5.575,40.76,1,92.10000000000001,91.0,1314,173.0,76.1,14.14,-6.039,8.477,4.196,181.0,179.7,69.0,1565,1,1.8,0.52
2522,348,5.575,40.76,1,92.10000000000001,91.0,1312,172.8,76.1,14.11,-5.953,8.488,4.195,181.0,179.7,69.0,1565,1,1.9,0.53
2523,348,5.55,40.78,1,92.10000000000001,91.0,1311,172.6,76.1,14.12,-5.875,8.496,4.195,181.0,179.7,69.0,1565,1,1.9,0.53
2524,348,5.55,40.81,1,92.0,91.0,1310,172.7,76.0,14.08,-5.789,8.508,4.196,181.0,179.7,69.0,1565,1,2.0,0.54
2525,349,5.55,40.75,1,92.0,91.0,1309,172.7,75.9,14.14,-5.719,8.516,4.196,181.0,179.8,69.0,1565,1,2.1,0.52
2526,349,5.55,40.78,1,92.0,91.0,1309,172.8,76.0,14.14,-5.648,8.531,4.196,181.0,179.8,69.0,1565,1,2.1,0.52
2527,349,5.55,40.69,1,92.0,91.0,1309,172.7,75.9,14.11,-5.578,8.543,4.195,181.0,179.9,69.0,1565,1,2.2,0.52
2528,349,5.525,40.85,1,92.0,91.0,1309,172.6,75.9,14.09,-5.516,8.555,4.196,182.0,180.0,69.0,1565,1,2.3,0.52
2529,349,5.525,40.81,1,92.0,91.0,1309,172.6,76.0,14.1,-5.461,8.566,4.196,182.0,180.1,69.0,1565,1,2.3,0.53
2530,349,5.525,40.84,1,92.0,91.0,1308,172.7,75.9,14.14,-5.414,8.574,4.196,182.0,180.3,69.0,1565,1,2.4,0.52
2531,349,5.525,40.78,1,92.0,91.0,1308,172.7,75.9,14.14,-5.359,8.586,4.196,182.0,180.4,69.0,1565,1,2.4,0.52
2532,349,5.525,40.89,1,92.0,91.0,1308,172.7,76.2,14.06,-5.312,8.598,4.196,182.0,180.6,69.0,1564,1,2.5,0.53
2533,349,5.5,40.7,1,91.8,90.9,1308,172.6,76.0,13.51,-5.266,8.605,4.195,182.0,180.7,69.0,1564,1,2.5,0.52
2534,349,5.5,40.8,1,91.5,90.8,1306,172.5,75.8,13.44,-5.211,8.617,4.195,182.0,180.9,69.0,1564,1,2.6,0.53
2535,349,5.5,40.64,1,91.4,90.8,1304,172.5,75.8,13.45,-5.164,8.625,4.195,182.0,181.1,69.0,1564,1,2.7,0.53
2536,349,5.5,40.75,1,91.4,90.8,1302,172.6,75.8,13.42,-5.109,8.633,4.196,182.0,181.3,69.0,1564,1,2.8,0.52
2537,349,5.475,40.69,1,91.4,90.8,1301,172.6,75.8,13.45,-5.07,8.645,4.196,182.0,181.5,69.0,1564,1,2.8,0.52
2538,348,5.475,40.52,1,91.3,90.7,1301,172.6,75.7,12.72,-5.016,8.652,4.195,184.0,181.8,69.0,1564,1,2.9,0.51
2539,348,5.475,40.69,1,90.8,90.5,1298,172.6,75.4,12.53,-4.969,8.664,4.195,184.0,182.0,69.0,1564,1,3.0,0.52
2540,348,5.475,40.52,1,90.60000000000001,90.5,1295,172.6,75.4,12.26,-4.922,8.672,4.196,184.0,182.2,69.0,1564,1,3.0,0.51
2541,348,5.45,40.43,1,90.2,90.2,1292,172.6,75.2,11.77,-4.859,8.68,4.195,184.0,182.4,69.0,1564,1,3.1,0.51
2542,348,5.45,40.53,1,89.8,90.10000000000001,1288,172.7,75.3,11.71,-4.797,8.691,4.195,185.0,182.7,69.0,1564,1,3.2,0.51
2543,348,5.45,40.47,1,89.7,90.10000000000001,1283,172.8,75.1,11.67,-4.742,8.699,4.195,185.0,182.9,69.0,1564,1,3.2,0.5
2544,348,5.45,40.47,1,89.60000000000001,90.0,1280,172.8,75.1,11.71,-4.688,8.707,4.196,185.0,183.1,69.0,1564,1,3.3,0.51
2545,347,5.45,40.49,1,89.7,90.10000000000001,1278,172.8,75.0,11.72,-4.633,8.715,4.196,185.0,183.4,69.0,1564,1,3.4,0.51
2546,347,5.425,40.58,1,89.60000000000001,90.0,1277,172.8,75.0,11.61,-4.57,8.719,4.195,185.0,183.6,69.0,1564,1,3.5,0.5
2547,347,5.425,40.41,1,89.60000000000001,90.0,1277,173.0,75.0,11.62,-4.531,8.727,4.196,186.0,183.8,69.0,1564,1,3.5,0.51
2548,347,5.425,40.46,1,89.5,90.0,1276,173.0,74.8,11.58,-4.484,8.734,4.195,186.0,184.0,69.0,1564,1,3.6,0.51
2549,347,5.425,40.43,1,89.5,90.0,1274,173.1,74.8,11.59,-4.438,8.742,4.196,187.0,184.3,69.0,1564,1,3.7,0.51
2550,347,5.4,40.43,1,89.5,90.0,1274,173.2,75.0,11.52,-4.398,8.75,4.195,187.0,184.4,69.0,1564,1,3.7,0.51
2551,346,5.4,40.51,1,89.5,90.0,1273,173.4,74.9,11.6,-4.359,8.754,4.195,187.0,184.6,69.0,1564,1,3.8,0.5
2552,346,5.4,40.52,1,89.5,90.0,1273,173.5,75.0,11.59,-4.328,8.762,4.195,187.0,184.8,69.0,1564,1,3.9,0.51
2553,346,5.4,40.35,1,89.5,90.0,1273,173.6,75.0,11.58,-4.289,8.77,4.195,187.0,185.0,69.0,1564,1,3.9,0.51
2554,346,5.375,40.41,1,89.4,90.0,1272,173.6,74.9,11.6,-4.266,8.777,4.196,187.0,185.2,69.0,1564,1,4.0,0.51
2555,346,5.375,40.58,1,89.5,90.0,1272,173.6,74.8,11.62,-4.234,8.785,4.196,187.0,185.3,69.0,1564,1,4.1,0.51
2556,346,5.375,40.6,1,89.5,90.0,1271,173.8,74.9,11.59,-4.188,8.797,4.195,187.0,185.4,69.0,1564,1,4.1,0.5
2557,346,5.375,40.47,1,89.5,90.0,1272,173.9,75.0,11.59,-4.156,8.805,4.196,187.0,185.5,69.0,1564,1,4.2,0.51
2558,346,5.375,40.34,1,89.5,90.0,1272,173.9,74.9,11.54,-4.117,8.816,4.195,187.0,185.5,69.0,1563,1,4.3,0.51
2559,345,5.35,40.43,1,89.5,90.0,1272,174.0,75.0,11.62,-4.078,8.828,4.196,187.0,185.6,69.0,1563,1,4.4,0.51
2560,345,5.35,40.44,1,89.5,90.0,1272,174.1,74.9,11.57,-4.039,8.84,4.195,187.0,185.6,69.0,1563,1,4.4,0.51
2561,345,5.35,40.27,1,89.4,89.9,1272,174.1,74.9,11.1,-4.008,8.848,4.195,187.0,185.6,69.0,1563,1,4.5,0.51
2562,345,5.35,40.33,1,88.9,89.7,1270,174.1,74.9,10.47,-3.969,8.859,4.195,187.0,185.6,69.0,1563,1,4.5,0.51
2563,344,5.325,40.4,1,88.4,89.5,1266,174.1,74.7,10.5,-3.93,8.867,4.196,187.0,185.5,69.0,1563,1,4.6,0.5
2564,344,5.325,40.34,1,88.4,89.5,1263,174.2,74.6,10.46,-3.906,8.875,4.195,187.0,185.4,69.0,1563,1,4.7,0.5
2565,344,5.325,40.37,1,88.3,89.5,1260,174.2,74.5,10.48,-3.867,8.883,4.195,187.0,185.3,69.0,1563,1,4.8,0.5
2566,344,5.325,40.42,1,88.3,89.5,1258,174.2,74.7,10.42,-3.828,8.891,4.195,187.0,185.2,69.0,1563,1,4.9,0.5
2567,343,5.325,40.39,1,88.2,89.5,1256,174.3,74.6,10.48,-3.781,8.898,4.196,187.0,185.0,69.0,1563,1,4.9,0.49
2568,343,5.3,40.41,1,88.3,89.5,1256,174.4,74.6,10.41,-3.75,8.906,4.195,187.0,184.9,69.0,1563,1,5.0,0.5
2569,343,5.3,40.43,1,88.2,89.5,1256,174.4,74.6,10.51,-3.695,8.914,4.195,187.0,184.7,69.0,1563,1,5.1,0.51
2570,343,5.3,40.32,1,88.3,89.5,1255,174.5,74.6,10.52,-3.641,8.922,4.196,186.0,184.5,69.0,1563,1,5.2,0.5
2571,342,5.3,40.41,1,88.3,89.5,1255,174.5,74.6,10.48,-3.594,8.93,4.196,185.0,184.3,69.0,1563,1,5.2,0.5
2572,342,5.275,40.36,1,88.2,89.5,1256,174.6,74.7,10.45,-3.539,8.938,4.195,185.0,184.1,69.0,1563,1,5.3,0.5
2573,342,5.275,40.39,1,88.2,89.5,1256,174.6,74.6,10.46,-3.484,8.941,4.196,185.0,183.9,69.0,1563,1,5.4,0.5
2574,342,5.275,40.28,1,88.3,89.60000000000001,1256,174.6,74.6,11.01,-3.43,8.949,4.195,185.0,183.7,69.0,1563,1,5.5,0.51
2575,341,5.275,40.6,1,88.9,89.9,1257,174.7,74.8,11.88,-3.383,8.961,4.195,185.0,183.5,69.0,1563,1,5.5,0.51
2576,341,5.25,40.64,1,89.5,90.10000000000001,1262,174.7,75.0,11.83,-3.328,8.973,4.196,184.0,183.2,69.0,1563,1,5.6,0.51
2577,341,5.25,40.6,1,89.60000000000001,90.10000000000001,1267,174.7,75.1,11.8,-3.258,8.98,4.196,184.0,183.0,69.0,1563,1,5.7,0.51
2578,341,5.25,40.62,1,89.60000000000001,90.2,1270,174.9,75.3,11.87,-3.211,8.988,4.196,184.0,182.8,69.0,1563,1,5.7,0.5
2579,341,5.25,40.63,1,89.60000000000001,90.10000000000001,1272,174.8,75.3,11.85,-3.148,8.996,4.195,184.0,182.5,69.0,1563,1,5.8,0.5
2580,340,5.25,40.6,1,89.60000000000001,90.2,1273,174.8,75.2,11.89,-3.094,9.004,4.195,182.0,182.2,69.0,1563,1,5.9,0.51
2581,340,5.225,40.66,1,89.60000000000001,90.2,1274,174.8,75.1,11.93,-3.039,9.012,4.195,182.0,182.0,69.0,1563,1,6.0,0.51
2582,340,5.225,40.79,1,89.60000000000001,90.10000000000001,1275,174.6,75.2,11.89,-2.992,9.02,4.196,182.0,181.7,69.0,1563,1,6.0,0.51
2583,340,5.225,40.62,1,89.60000000000001,90.10000000000001,1276,174.5,75.2,11.49,-2.945,9.027,4.195,182.0,181.5,69.0,1563,1,6.1,0.51
2584,340,5.225,40.53,1,89.3,89.9,1275,174.4,75.0,11.3,-2.906,9.035,4.195,182.0,181.3,69.0,1563,1,6.2,0.5
2585,340,5.2,40.58,1,89.1,89.9,1272,174.4,75.0,11.27,-2.859,9.043,4.196,182.0,181.0,69.0,1563,1,6.3,0.51
2586,339,5.2,40.64,1,89.0,89.9,1271,174.4,74.9,11.25,-2.82,9.051,4.195,182.0,180.8,69.0,1563,1,6.3,0.51
2587,339,5.2,40.56,1,89.0,89.9,1269,174.4,75.0,11.22,-2.773,9.059,4.196,182.0,180.5,69.0,1563,1,6.4,0.52
2588,339,5.2,40.56,1,88.9,89.9,1268,174.3,74.9,11.18,-2.727,9.066,4.196,182.0,180.3,69.0,1563,1,6.5,0.51
2589,339,5.175,40.57,1,89.0,89.9,1268,174.3,74.9,11.3,-2.688,9.078,4.195,181.0,180.1,69.0,1563,1,6.6,0.51
2590,339,5.175,40.57,1,89.0,89.9,1268,174.4,75.0,11.27,-2.625,9.086,4.196,181.0,179.9,70.0,1562,1,6.6,0.51
2591,339,5.175,40.61,1,88.9,89.9,1268,174.4,74.9,11.17,-2.57,9.094,4.195,181.0,179.7,70.0,1562,1,6.7,0.51
2592,339,5.175,40.57,1,88.9,89.9,1267,174.4,75.0,11.19,-2.508,9.105,4.196,181.0,179.6,70.0,1562,1,6.8,0.51
2593,339,5.175,40.61,1,88.9,89.9,1267,174.3,75.0,11.23,-2.453,9.113,4.195,180.0,179.5,70.0,1562,1,6.9,0.49
2594,338,5.15,40.56,1,88.9,89.9,1267,174.3,74.9,11.23,-2.383,9.117,4.196,180.0,179.4,70.0,1562,1,7.0,0.51
2595,338,5.15,40.67,1,89.0,89.9,1267,174.3,74.9,11.31,-2.328,9.125,4.195,180.0,179.3,70.0,1562,1,7.0,0.5
2596,338,5.15,40.58,1,89.0,89.9,1267,174.3,75.0,11.31,-2.281,9.133,4.196,180.0,179.2,70.0,1562,1,7.1,0.51
2597,338,5.15,40.51,1,88.9,89.9,1267,174.4,74.9,11.22,-2.234,9.137,4.195,180.0,179.2,70.0,1562,1,7.2,0.51
2598,338,5.125,40.66,1,88.8,89.9,1268,174.4,74.9,11.2,-2.18,9.145,4.196,180.0,179.1,70.0,1562,1,7.3,0.51
2599,338,5.125,40.56,1,88.9,89.9,1268,174.4,75.0,11.24,-2.133,9.152,4.195,180.0,179.1,70.0,1562,1,7.4,0.5
2600,338,5.125,40.75,1,89.0,90.0,1268,174.4,74.9,11.86,-2.094,9.164,4.195,180.0,179.1,70.0,1562,1,7.4,0.49
2601,338,5.125,40.83,1,89.4,90.2,1269,174.3,75.0,12.04,-2.047,9.172,4.196,180.0,179.2,70.0,1562,1,7.5,0.49
2602,338,5.1,40.71,1,89.60000000000001,90.2,1273,174.1,75.2,11.95,-1.992,9.184,4.196,180.0,179.2,70.0,1562,1,7.6,0.49
2603,338,5.1,40.69,1,89.60000000000001,90.2,1276,174.0,75.2,12.25,-1.945,9.191,4.196,180.0,179.3,70.0,1562,1,7.7,0.49
2604,338,5.1,40.82,1,90.0,90.5,1277,174.0,75.5,13.16,-1.898,9.199,4.196,180.0,179.3,70.0,1562,1,7.8,0.49
2605,337,5.1,40.93,1,90.60000000000001,90.7,1281,174.0,75.7,13.22,-1.844,9.207,4.195,180.0,179.4,70.0,1562,1,7.9,0.5
2606,337,5.075,40.89,1,90.7,90.8,1286,174.0,75.9,13.27,-1.797,9.215,4.196,180.0,179.6,70.0,1562,1,7.9,0.5
2607,337,5.075,40.87,1,90.8,90.8,1289,173.9,75.8,13.28,-1.75,9.223,4.196,180.0,179.7,70.0,1562,1,8.0,0.48
2608,338,5.075,41.02,1,90.8,90.8,1291,173.8,75.9,13.25,-1.695,9.23,4.195,181.0,179.8,70.0,1562,1,8.1,0.49
2609,338,5.075,41.04,1,90.8,90.8,1293,173.8,75.9,13.29,-1.633,9.242,4.195,181.0,179.9,70.0,1562,1,8.2,0.48
2610,338,5.075,41.01,1,90.8,90.8,1294,173.8,75.9,13.27,-1.586,9.25,4.196,181.0,180.1,70.0,1562,1,8.3,0.48
2611,338,5.05,40.88,1,90.8,90.8,1294,173.6,75.8,13.28,-1.531,9.258,4.195,182.0,180.3,70.0,1562,1,8.4,0.48
2612,338,5.05,40.96,1,90.8,90.8,1294,173.6,76.0,13.22,-1.477,9.266,4.195,182.0,180.4,70.0,1562,1,8.5,0.48
2613,338,5.05,41.04,1,90.8,90.8,1295,173.4,75.8,13.22,-1.414,9.277,4.195,182.0,180.7,70.0,1562,1,8.5,0.47
2614,338,5.05,40.87,1,90.7,90.8,1295,173.3,75.8,13.26,-1.367,9.285,4.195,182.0,180.8,70.0,1562,1,8.6,0.47
2615,338,5.025,40.92,1,90.7,90.8,1296,173.1,75.8,13.29,-1.312,9.293,4.196,182.0,181.0,70.0,1562,1,8.7,0.48
2616,338,5.025,40.92,1,90.7,90.8,1296,173.0,75.8,13.27,-1.242,9.305,4.195,182.0,181.2,70.0,1562,1,8.8,0.44
2617,338,5.025,40.93,1,90.7,90.8,1296,172.9,75.7,13.24,-1.18,9.316,4.195,182.0,181.4,70.0,1562,1,8.9,0.45
2618,338,5.025,40.97,1,90.7,90.8,1297,172.9,75.9,13.22,-1.117,9.324,4.195,182.0,181.6,70.0,1562,1,9.0,0.45
2619,338,5.0,40.93,1,90.7,90.8,1297,172.8,75.8,13.23,-1.055,9.336,4.195,182.0,181.7,70.0,1562,1,9.0,0.46
2620,339,5.0,41.02,1,90.7,90.8,1297,172.8,75.8,13.27,-0.984,9.344,4.196,183.0,181.9,70.0,1562,1,9.1,0.47
2621,339,5.0,40.92,1,90.7,90.8,1297,172.8,75.7,13.23,-0.922,9.352,4.195,184.0,182.0,70.0,1562,1,9.2,0.45
2622,339,5.0,40.97,1,90.7,90.8,1296,172.6,75.8,13.34,-0.852,9.363,4.196,183.0,182.0,70.0,1562,1,9.3,0.45
2623,339,4.975,40.97,1,90.7,90.8,1296,172.6,75.8,13.29,-0.773,9.375,4.195,184.0,182.1,70.0,1562,1,9.4,0.44
2624,339,4.975,40.99,1,90.7,90.8,1296,172.6,75.9,13.32,-0.727,9.383,4.196,184.0,182.2,70.0,1562,1,9.4,0.43
2625,339,4.975,40.93,1,90.7,90.8,1297,172.6,75.9,13.25,-0.648,9.395,4.195,184.0,182.2,70.0,1562,1,9.5,0.43
2626,339,4.975,40.94,1,90.7,90.8,1297,172.6,75.9,13.22,-0.586,9.406,4.196,184.0,182.3,70.0,1562,1,9.6,0.44
2627,339,4.95,40.89,1,90.60000000000001,90.8,1297,172.5,75.8,13.3,-0.508,9.418,4.196,184.0,182.3,70.0,1562,1,9.7,0.44
2628,339,4.95,40.95,1,90.60000000000001,90.8,1297,172.5,75.7,12.86,-0.445,9.426,4.196,184.0,182.3,70.0,1562,1,9.8,0.44
2629,339,4.95,40.72,1,90.2,90.5,1296,172.5,75.7,11.87,-0.367,9.438,4.195,184.0,182.3,70.0,1562,1,9.9,0.43
2630,339,4.95,40.64,1,89.4,90.2,1292,172.4,75.2,11.61,-0.305,9.445,4.196,184.0,182.2,70.0,1561,1,9.9,0.42
2631,339,4.925,40.7,1,89.1,90.10000000000001,1287,172.4,75.1,11.6,-0.258,9.457,4.196,183.0,182.2,70.0,1562,1,10.0,0.42
2632,339,4.925,40.66,1,89.0,90.10000000000001,1283,172.5,75.0,11.62,-0.195,9.465,4.195,183.0,182.2,70.0,1561,1,10.1,0.42
2633,339,4.925,40.69,1,89.0,90.10000000000001,1280,172.6,75.0,11.59,-0.133,9.477,4.196,183.0,182.1,70.0,1561,1,10.2,0.42
2634,339,4.925,40.7,1,89.0,90.10000000000001,1277,172.6,75.1,11.41,-0.062,9.484,4.195,182.0,182.0,70.0,1561,1,10.2,0.42
2635,339,4.9,40.59,1,88.7,89.9,1275,172.6,74.9,10.99,-0.016,9.492,4.196,182.0,181.9,70.0,1561,1,10.4,0.42
2636,339,4.9,40.59,1,88.4,89.9,1272,172.7,75.1,11.05,0.055,9.5,4.196,182.0,181.8,70.0,1561,1,10.4,0.42
2637,339,4.9,40.62,1,88.4,89.9,1269,172.7,74.9,10.87,0.109,9.512,4.195,182.0,181.7,70.0,1561,1,10.5,0.42
2638,338,4.9,40.66,1,88.3,89.8,1268,172.8,74.9,10.92,0.164,9.52,4.195,182.0,181.5,70.0,1561,1,10.6,0.42
2639,338,4.875,40.54,1,88.2,89.8,1266,172.9,74.8,10.89,0.227,9.527,4.196,182.0,181.4,70.0,1561,1,10.7,0.42
2640,338,4.875,40.55,1,88.2,89.8,1265,172.9,75.0,10.9,0.281,9.535,4.195,182.0,181.2,70.0,1561,1,10.8,0.42
2641,338,4.875,40.55,1,88.3,89.9,1265,172.9,74.9,10.92,0.352,9.547,4.195,182.0,181.0,70.0,1561,1,10.8,0.42
2642,338,4.875,40.61,1,88.2,89.8,1265,173.0,74.8,10.95,0.406,9.555,4.195,182.0,180.9,70.0,1561,1,10.9,0.42
2643,338,4.85,40.6,1,88.2,89.8,1265,173.1,74.8,10.93,0.469,9.562,4.196,182.0,180.7,70.0,1561,1,11.0,0.41
2644,338,4.85,40.51,1,88.2,89.8,1265,173.2,74.9,10.91,0.516,9.57,4.196,182.0,180.6,70.0,1561,1,11.1,0.42
2645,338,4.85,40.64,1,88.2,89.8,1264,173.2,74.8,11.0,0.578,9.582,4.195,182.0,180.4,70.0,1561,1,11.2,0.41
2646,338,4.85,40.6,1,88.2,89.8,1264,173.3,75.0,10.93,0.617,9.594,4.196,181.0,180.3,70.0,1561,1,11.3,0.41
2647,338,4.825,40.58,1,88.1,89.8,1264,173.4,74.9,10.89,0.672,9.605,4.195,181.0,180.1,70.0,1561,1,11.3,0.41
2648,337,4.825,40.73,1,88.1,89.8,1264,173.4,74.9,10.37,0.719,9.613,4.196,181.0,180.0,70.0,1561,1,11.4,0.41
2649,337,4.825,40.38,1,87.6,89.5,1262,173.4,74.7,9.93,0.758,9.625,4.196,180.0,179.8,70.0,1561,1,11.5,0.41
2650,337,4.825,40.34,1,87.3,89.4,1258,173.4,74.6,9.87,0.805,9.633,4.196,180.0,179.6,70.0,1561,1,11.6,0.42
2651,337,4.8,40.49,1,87.1,89.4,1255,173.6,74.5,9.94,0.852,9.641,4.196,180.0,179.4,70.0,1561,1,11.7,0.41
2652,337,4.8,40.52,1,87.1,89.4,1254,173.5,74.4,9.87,0.898,9.648,4.195,180.0,179.3,70.0,1561,1,11.8,0.41
2653,336,4.8,40.4,1,87.1,89.4,1252,173.5,74.5,9.87,0.938,9.652,4.195,180.0,179.1,70.0,1561,1,11.8,0.41
2654,336,4.8,40.49,1,87.1,89.4,1251,173.5,74.6,9.84,0.992,9.66,4.196,180.0,178.9,70.0,1561,1,11.9,0.41
2655,336,4.775,40.67,1,87.1,89.4,1250,173.6,74.5,9.86,1.031,9.668,4.195,179.0,178.8,70.0,1561,1,12.0,0.41
2656,336,4.775,40.63,1,87.1,89.4,1249,173.7,74.5,9.89,1.062,9.676,4.195,179.0,178.6,70.0,1561,1,12.1,0.41
2657,336,4.775,40.49,1,87.1,89.4,1249,173.8,74.3,9.94,1.109,9.684,4.196,179.0,178.4,70.0,1561,1,12.2,0.41
2658,336,4.775,40.75,1,87.3,89.60000000000001,1248,173.9,74.5,10.73,1.148,9.691,4.196,179.0,178.3,70.0,1561,1,12.3,0.41
2659,336,4.75,40.73,1,88.1,89.9,1252,173.9,74.8,11.25,1.195,9.699,4.196,179.0,178.1,70.0,1561,1,12.4,0.42
2660,335,4.75,40.85,1,88.4,90.0,1256,174.1,75.0,11.3,1.242,9.707,4.195,179.0,178.0,70.0,1561,1,12.4,0.42
2661,335,4.75,40.64,1,88.5,90.0,1260,174.1,75.0,11.26,1.297,9.719,4.196,179.0,177.9,70.0,1561,1,12.5,0.42
2662,335,4.75,40.76,1,88.5,90.0,1263,174.1,75.2,11.31,1.352,9.727,4.195,178.0,177.7,70.0,1561,1,12.6,0.43
2663,335,4.725,40.72,1,88.5,90.10000000000001,1264,174.0,75.2,11.53,1.391,9.738,4.195,178.0,177.6,70.0,1561,1,12.7,0.43
2664,335,4.725,40.73,1,88.7,90.2,1266,173.9,75.2,11.7,1.445,9.746,4.195,178.0,177.5,70.0,1561,1,12.8,0.42
2665,335,4.725,40.77,1,88.9,90.2,1270,173.8,75.4,11.69,1.5,9.758,4.196,178.0,177.3,70.0,1561,1,12.9,0.42
2666,335,4.725,40.79,1,88.9,90.2,1272,173.7,75.3,11.65,1.562,9.766,4.195,178.0,177.2,70.0,1561,1,13.0,0.42
2667,335,4.7,40.79,1,88.9,90.2,1272,173.7,75.3,11.7,1.609,9.777,4.195,177.0,177.1,70.0,1561,1,13.1,0.42
2668,335,4.7,40.84,1,88.9,90.2,1274,173.7,75.4,11.71,1.672,9.785,4.195,177.0,177.0,70.0,1561,1,13.1,0.42
2669,335,4.7,40.73,1,88.9,90.2,1274,173.5,75.2,11.66,1.734,9.797,4.195,177.0,176.9,70.0,1561,1,13.2,0.42
2670,335,4.7,40.86,1,88.8,90.2,1275,173.3,75.2,11.71,1.789,9.809,4.196,177.0,176.8,70.0,1561,1,13.3,0.41
2671,335,4.675,40.75,1,88.9,90.2,1275,173.3,75.2,11.64,1.859,9.816,4.196,177.0,176.7,70.0,1561,1,13.4,0.42
2672,335,4.675,40.85,1,88.9,90.2,1276,173.4,75.2,11.4,1.914,9.832,4.196,177.0,176.6,70.0,1561,1,13.5,0.42
2673,335,4.675,40.7,1,88.4,90.0,1274,173.3,75.2,10.45,1.984,9.844,4.195,177.0,176.5,70.0,1561,1,13.6,0.42
2674,335,4.675,40.47,1,87.6,89.60000000000001,1270,173.2,74.9,9.36,2.039,9.855,4.196,177.0,176.4,70.0,1561,1,13.7,0.41
2675,334,4.65,40.45,1,86.5,89.1,1263,173.2,74.5,8.8,2.102,9.867,4.196,177.0,176.3,70.0,1561,1,13.8,0.41
2676,334,4.65,40.41,1,86.0,89.0,1253,173.3,74.4,8.8,2.172,9.879,4.196,177.0,176.2,70.0,1561,1,13.8,0.41
2677,334,4.65,40.43,1,85.9,89.0,1246,173.4,74.1,8.78,2.234,9.887,4.195,177.0,176.1,70.0,1561,1,13.9,0.4
2678,334,4.65,40.38,1,85.8,89.0,1242,173.5,74.1,8.74,2.305,9.895,4.196,176.0,175.9,70.0,1561,1,14.0,0.4
2679,333,4.625,40.48,1,85.8,89.0,1239,173.5,74.1,8.75,2.375,9.906,4.196,176.0,175.8,70.0,1561,1,14.1,0.4
2680,333,4.625,40.51,1,85.8,89.0,1238,173.5,74.2,8.69,2.453,9.914,4.196,176.0,175.7,70.0,1561,1,14.2,0.4
2681,333,4.625,40.48,1,85.7,88.9,1237,173.5,74.1,8.29,2.508,9.926,4.196,176.0,175.6,70.0,1561,1,14.3,0.4
2682,333,4.625,40.38,1,85.2,88.6,1235,173.7,73.9,7.63,2.57,9.934,4.196,176.0,175.5,70.0,1561,1,14.4,0.4
2683,332,4.6,40.26,1,84.7,88.5,1229,173.8,73.7,7.41,2.625,9.941,4.196,175.0,175.4,70.0,1561,1,14.4,0.39
2684,332,4.6,40.3,1,84.5,88.4,1225,173.9,73.6,7.48,2.664,9.949,4.196,175.0,175.3,70.0,1561,1,14.5,0.4
2685,332,4.6,40.33,1,84.5,88.4,1222,174.1,73.7,7.46,2.719,9.957,4.196,175.0,175.1,70.0,1561,1,14.6,0.4
2686,331,4.575,40.39,1,84.5,88.4,1220,174.3,73.7,7.43,2.758,9.965,4.196,175.0,175.0,70.0,1561,1,14.7,0.39
2687,331,4.575,40.36,1,84.39999999999999,88.4,1219,174.4,73.6,7.45,2.805,9.973,4.195,175.0,174.9,70.0,1561,1,14.8,0.4
2688,330,4.575,40.45,1,84.5,88.5,1218,174.6,73.8,7.47,2.836,9.98,4.196,175.0,174.8,70.0,1561,1,14.9,0.4
2689,330,4.575,40.22,1,84.5,88.4,1218,174.7,73.6,7.54,2.875,9.988,4.196,175.0,174.7,70.0,1561,1,15.0,0.4
2690,330,4.55,40.49,1,84.7,88.6,1218,174.8,73.7,8.34,2.914,9.996,4.195,175.0,174.5,70.0,1561,1,15.1,0.4
2691,329,4.55,40.64,1,85.39999999999999,88.9,1221,175.0,73.9,8.84,2.953,10.004,4.196,175.0,174.5,70.0,1561,1,15.1,0.41
2692,329,4.55,40.55,1,85.8,89.0,1226,175.0,74.1,8.89,2.984,10.012,4.196,175.0,174.4,70.0,1561,1,15.2,0.41
2693,329,4.55,40.68,1,85.9,89.1,1231,175.0,74.2,8.93,3.023,10.02,4.196,175.0,174.3,70.0,1561,1,15.3,0.4
2694,329,4.525,40.57,1,85.9,89.1,1233,175.1,74.1,8.95,3.07,10.027,4.195,175.0,174.2,70.0,1561,1,15.4,0.4
2695,328,4.525,40.46,1,85.9,89.1,1234,175.1,74.1,8.92,3.102,10.035,4.195,174.0,174.1,70.0,1561,1,15.5,0.4
2696,328,4.525,40.65,1,86.0,89.2,1235,175.1,74.2,9.49,3.148,10.043,4.196,174.0,174.0,70.0,1561,1,15.6,0.4
2697,328,4.525,40.57,1,86.4,89.3,1236,175.0,74.3,9.58,3.195,10.051,4.196,174.0,173.9,70.0,1561,1,15.7,0.41
2698,328,4.5,40.57,1,86.6,89.4,1239,175.0,74.4,9.56,3.242,10.059,4.195,174.0,173.8,70.0,1561,1,15.8,0.41
2699,327,4.5,40.7,1,86.6,89.4,1241,174.9,74.5,9.57,3.297,10.066,4.195,174.0,173.7,70.0,1561,1,15.8,0.41
2700,327,4.5,40.6,1,86.6,89.3,1243,174.9,74.4,9.56,3.352,10.078,4.195,174.0,173.6,70.0,1561,1,15.9,0.41
2701,327,4.5,40.64,1,86.5,89.3,1243,174.8,74.4,9.55,3.406,10.086,4.195,174.0,173.5,70.0,1561,1,16.0,0.41
2702,327,4.475,40.79,1,86.6,89.4,1244,174.6,74.5,9.6,3.453,10.098,4.196,174.0,173.4,70.0,1561,1,16.1,0.41
2703,327,4.475,40.7,1,86.6,89.4,1244,174.6,74.5,9.63,3.508,10.105,4.196,174.0,173.4,70.0,1561,1,16.2,0.41
2704,326,4.475,40.63,1,86.6,89.4,1245,174.6,74.6,9.7,3.539,10.113,4.196,174.0,173.4,70.0,1561,1,16.3,0.41
2705,326,4.475,40.71,1,86.7,89.5,1245,174.6,74.7,9.86,3.594,10.121,4.195,174.0,173.3,70.0,1561,1,16.4,0.41
2706,326,4.45,40.78,1,86.9,89.5,1247,174.4,74.7,10.05,3.633,10.129,4.196,174.0,173.2,70.0,1561,1,16.5,0.4
2707,326,4.45,40.74,1,87.0,89.60000000000001,1249,174.3,74.7,10.01,3.68,10.141,4.195,174.0,173.2,70.0,1561,1,16.6,0.41
2708,326,4.45,40.88,1,87.1,89.60000000000001,1250,174.2,74.6,10.45,3.719,10.148,4.196,174.0,173.1,70.0,1561,1,16.7,0.4
2709,326,4.45,40.79,1,87.4,89.8,1252,174.2,74.8,10.53,3.766,10.156,4.196,173.0,173.0,70.0,1561,1,16.7,0.41
2710,326,4.425,40.81,1,87.6,89.8,1255,174.2,74.9,10.62,3.812,10.168,4.195,174.0,173.0,70.0,1561,1,16.8,0.41
2711,326,4.425,40.81,1,87.6,89.8,1257,174.1,75.0,10.55,3.852,10.184,4.196,173.0,172.9,70.0,1561,1,16.9,0.41
2712,326,4.425,40.9,1,87.6,89.8,1258,174.1,75.0,10.62,3.891,10.195,4.196,173.0,172.8,70.0,1561,1,17.0,0.42
2713,326,4.425,40.9,1,87.6,89.8,1258,174.0,75.0,10.61,3.914,10.207,4.196,173.0,172.8,70.0,1561,1,17.1,0.41
2714,326,4.4,40.99,1,87.6,89.8,1259,173.9,75.0,10.64,3.938,10.215,4.196,173.0,172.7,70.0,1561,1,17.2,0.43
2715,326,4.4,40.8,1,87.5,89.7,1260,173.7,75.1,9.98,3.953,10.227,4.195,173.0,172.6,70.0,1561,1,17.3,0.4
2716,325,4.4,40.71,1,87.0,89.5,1258,173.6,74.8,9.74,3.977,10.234,4.196,173.0,172.6,70.0,1561,1,17.4,0.41
2717,325,4.4,40.76,1,86.8,89.5,1254,173.6,74.9,9.79,4.0,10.242,4.195,172.0,172.5,70.0,1561,1,17.4,0.41
2718,325,4.375,40.91,1,86.8,89.5,1251,173.6,74.7,9.78,4.016,10.25,4.196,172.0,172.4,70.0,1561,1,17.5,0.41
2719,325,4.375,40.85,1,86.8,89.5,1250,173.5,74.7,9.78,4.055,10.258,4.195,172.0,172.4,70.0,1561,1,17.7,0.41
2720,325,4.375,40.79,1,86.8,89.5,1249,173.4,74.7,9.75,4.078,10.266,4.196,172.0,172.3,70.0,1561,1,17.7,0.41
2721,325,4.35,40.85,1,86.7,89.5,1249,173.4,74.6,9.77,4.117,10.277,4.195,172.0,172.3,70.0,1561,1,17.8,0.4
2722,325,4.35,40.8,1,86.7,89.5,1249,173.3,74.7,9.78,4.156,10.285,4.196,172.0,172.2,70.0,1561,1,17.9,0.41
2723,325,4.35,40.81,1,86.7,89.5,1249,173.2,74.7,9.78,4.188,10.293,4.196,172.0,172.1,70.0,1561,1,18.0,0.41
2724,325,4.35,40.85,1,86.8,89.5,1249,173.2,74.6,9.82,4.219,10.301,4.196,172.0,172.0,70.0,1561,1,18.1,0.42
2725,325,4.325,40.78,1,86.8,89.5,1249,173.2,74.8,9.7,4.273,10.309,4.196,172.0,172.0,70.0,1561,1,18.2,0.41
2726,325,4.325,40.8,1,86.7,89.5,1249,173.2,74.7,9.78,4.305,10.316,4.196,172.0,171.9,70.0,1561,1,18.3,0.41
2727,324,4.325,40.79,1,86.7,89.5,1248,173.2,74.7,9.72,4.336,10.324,4.196,172.0,171.8,70.0,1561,1,18.4,0.41
2728,324,4.325,40.8,1,86.7,89.5,1248,173.3,74.6,9.8,4.383,10.332,4.195,172.0,171.8,70.0,1561,1,18.4,0.4
2729,324,4.3,40.76,1,86.7,89.5,1249,173.3,74.6,9.91,4.43,10.34,4.196,172.0,171.7,70.0,1561,1,18.5,0.4
2730,324,4.3,40.95,1,87.0,89.7,1250,173.3,74.7,10.79,4.469,10.348,4.195,172.0,171.7,70.0,1561,1,18.6,0.4
2731,324,4.3,40.91,1,87.7,90.0,1253,173.3,75.1,11.23,4.523,10.359,4.196,172.0,171.6,70.0,1561,1,18.7,0.41
2732,324,4.3,41.05,1,88.2,90.10000000000001,1259,173.2,75.4,11.32,4.555,10.367,4.195,172.0,171.6,70.0,1561,1,18.8,0.41
2733,324,4.275,41.04,1,88.3,90.2,1264,173.1,75.3,11.37,4.602,10.379,4.196,172.0,171.6,70.0,1561,1,18.9,0.41
2734,324,4.275,41.0,1,88.3,90.2,1266,173.0,75.3,11.35,4.641,10.387,4.195,172.0,171.5,70.0,1561,1,19.0,0.42
2735,325,4.275,41.04,1,88.3,90.2,1268,173.0,75.4,11.3,4.688,10.398,4.196,172.0,171.5,70.0,1561,1,19.1,0.41
2736,325,4.25,41.11,1,88.3,90.2,1269,173.0,75.3,11.29,4.734,10.406,4.196,172.0,171.5,70.0,1561,1,19.2,0.4
2737,325,4.25,41.08,1,88.2,90.2,1270,172.8,75.4,11.37,4.781,10.418,4.195,172.0,171.5,70.0,1561,1,19.3,0.42
2738,325,4.25,41.02,1,88.3,90.2,1270,172.7,75.4,11.33,4.828,10.426,4.196,172.0,171.4,70.0,1561,1,19.4,0.41
2739,325,4.25,41.09,1,88.3,90.2,1271,172.6,75.6,11.38,4.875,10.438,4.196,172.0,171.4,70.0,1561,1,19.5,0.41
2740,325,4.225,41.1,1,88.3,90.2,1271,172.5,75.4,11.29,4.93,10.445,4.196,172.0,171.4,70.0,1561,1,19.5,0.41
2741,325,4.225,41.1,1,88.2,90.2,1271,172.3,75.5,11.36,4.977,10.457,4.196,172.0,171.4,70.0,1561,1,19.6,0.4
2742,325,4.225,41.02,1,88.2,90.2,1272,172.2,75.3,11.29,5.039,10.469,4.196,172.0,171.4,70.0,1561,1,19.7,0.41
2743,325,4.2,41.06,1,88.2,90.2,1271,172.1,75.4,11.33,5.102,10.48,4.196,172.0,171.4,70.0,1561,1,19.9,0.41
2744,325,4.2,41.0,1,88.2,90.2,1271,172.1,75.5,11.34,5.156,10.492,4.196,172.0,171.3,70.0,1561,1,19.9,0.41
2745,325,4.2,40.99,1,88.2,90.2,1272,172.0,75.4,11.26,5.234,10.504,4.196,172.0,171.3,70.0,1561,1,20.0,0.41
2746,325,4.2,41.05,1,88.1,90.2,1272,171.9,75.4,11.24,5.289,10.516,4.196,172.0,171.3,70.0,1561,1,20.1,0.41
2747,325,4.175,40.99,1,87.8,90.0,1272,171.9,75.3,10.24,5.367,10.527,4.195,172.0,171.3,70.0,1561,1,20.2,0.41
2748,325,4.175,40.9,1,87.1,89.60000000000001,1269,171.8,75.0,9.77,5.43,10.539,4.196,172.0,171.3,70.0,1561,1,20.3,0.41
2749,325,4.175,40.79,1,86.6,89.60000000000001,1263,171.8,74.8,9.77,5.492,10.551,4.196,172.0,171.3,70.0,1561,1,20.4,0.41
2750,325,4.175,40.69,1,86.6,89.60000000000001,1259,171.7,74.6,9.78,5.57,10.559,4.195,172.0,171.3,70.0,1561,1,20.5,0.4
2751,325,4.15,40.9,1,86.6,89.60000000000001,1256,171.8,74.7,9.82,5.641,10.566,4.196,172.0,171.3,70.0,1561,1,20.6,0.4
2752,325,4.15,40.67,1,86.5,89.5,1254,171.9,74.7,9.23,5.711,10.574,4.196,172.0,171.3,70.0,1561,1,20.6,0.4
2753,324,4.15,40.64,1,85.9,89.2,1252,171.9,74.4,8.84,5.773,10.586,4.196,171.0,171.3,70.0,1561,1,20.7,0.4
2754,324,4.15,40.75,1,85.6,89.2,1247,171.9,74.3,8.84,5.844,10.594,4.196,172.0,171.3,70.0,1561,1,20.8,0.39
2755,324,4.125,40.64,1,85.5,89.1,1243,171.9,74.3,8.85,5.891,10.598,4.196,172.0,171.3,70.0,1561,1,20.9,0.4
2756,324,4.125,40.68,1,85.5,89.2,1241,171.9,74.4,8.86,5.945,10.605,4.196,172.0,171.3,70.0,1561,1,21.0,0.4
2757,324,4.125,40.86,1,85.5,89.2,1240,172.0,74.4,8.92,5.984,10.617,4.196,172.0,171.3,70.0,1561,1,21.1,0.4
2758,324,4.1,40.66,1,85.5,89.1,1239,172.2,74.4,8.86,6.016,10.633,4.196,172.0,171.3,70.0,1561,1,21.2,0.39
2759,324,4.1,40.75,1,85.5,89.2,1239,172.3,74.4,8.84,6.039,10.652,4.196,172.0,171.3,70.0,1561,1,21.3,0.4
2760,324,4.1,40.57,1,85.3,88.9,1239,172.4,74.5,7.93,6.062,10.676,4.196,172.0,171.3,70.0,1561,1,21.4,0.39
2761,324,4.1,40.44,1,84.3,88.5,1234,172.4,74.1,6.57,6.086,10.691,4.196,172.0,171.3,71.0,1561,1,21.5,0.4
2762,323,4.075,40.26,1,83.2,88.0,1225,172.6,73.7,5.34,6.086,10.707,4.196,172.0,171.2,71.0,1561,1,21.6,0.37
2763,323,4.075,39.96,1,81.89999999999999,87.4,1213,172.7,73.2,4.13,6.07,10.719,4.196,172.0,171.2,71.0,1561,1,21.7,0.37
2764,322,4.075,40.34,1,80.60000000000001,87.0,1198,172.8,72.6,3.77,6.062,10.73,4.196,172.0,171.2,71.0,1561,1,21.7,0.36
2765,321,4.075,40.25,1,80.10000000000001,86.9,1185,173.1,72.4,3.71,6.039,10.738,4.196,171.0,171.2,71.0,1561,1,21.8,0.37
2766,321,4.05,40.2,1,80.10000000000001,86.9,1177,173.4,72.4,3.76,6.031,10.742,4.196,172.0,171.1,71.0,1561,1,21.9,0.37
2767,320,4.05,40.24,1,80.0,86.9,1172,173.6,72.4,3.69,6.016,10.75,4.196,171.0,171.0,71.0,1561,1,22.0,0.37
2768,320,4.05,40.26,1,80.0,86.9,1169,173.8,72.5,3.73,6.008,10.758,4.196,171.0,171.0,71.0,1561,1,22.1,0.38
2769,319,4.025,40.23,1,80.0,86.9,1167,174.0,72.5,3.71,6.008,10.762,4.196,172.0,170.9,71.0,1561,1,22.2,0.37
2770,319,4.025,40.26,1,80.0,86.9,1166,174.4,72.4,3.66,6.008,10.77,4.196,171.0,170.9,71.0,1561,1,22.3,0.38
2771,318,4.025,40.14,1,80.0,86.9,1165,174.7,72.4,3.81,6.016,10.773,4.196,171.0,170.8,71.0,1561,1,22.3,0.37
2772,318,4.0,40.34,1,80.0,86.9,1165,174.8,72.4,4.0,6.023,10.781,4.196,171.0,170.7,71.0,1561,1,22.4,0.36
2773,317,4.0,40.68,1,80.60000000000001,87.4,1166,175.0,72.7,5.53,6.031,10.785,4.196,171.0,170.7,71.0,1561,1,22.5,0.37
2774,317,4.0,40.67,1,82.19999999999999,88.1,1173,175.1,73.2,7.14,6.062,10.789,4.196,171.0,170.6,71.0,1561,1,22.6,0.38
2775,316,4.0,40.8,1,83.89999999999999,88.6,1186,175.2,73.6,8.21,6.102,10.793,4.196,171.0,170.5,71.0,1561,1,22.7,0.39
2776,316,3.975,40.74,1,84.6,88.9,1199,175.3,74.1,8.34,6.141,10.801,4.196,171.0,170.5,71.0,1561,1,22.8,0.4
2777,316,3.975,40.79,1,85.0,89.0,1209,175.3,74.2,8.46,6.188,10.805,4.196,171.0,170.4,71.0,1561,1,22.9,0.4
2778,315,3.975,41.07,1,85.3,89.2,1217,175.3,74.3,9.36,6.227,10.813,4.196,171.0,170.3,71.0,1561,1,23.0,0.39
2779,315,3.975,41.04,1,86.0,89.4,1226,175.2,74.7,9.62,6.273,10.82,4.196,171.0,170.3,71.0,1561,1,23.1,0.4
2780,315,3.95,40.96,1,86.2,89.5,1232,175.2,74.8,9.68,6.312,10.828,4.196,171.0,170.2,71.0,1561,1,23.1,0.4
2781,315,3.95,40.92,1,86.3,89.5,1237,175.0,74.7,9.73,6.359,10.836,4.196,171.0,170.1,71.0,1561,1,23.2,0.4
2782,315,3.95,40.89,1,86.4,89.5,1240,174.8,74.9,9.68,6.398,10.844,4.196,170.0,170.1,71.0,1561,1,23.3,0.4
2783,315,3.95,41.0,1,86.3,89.5,1242,174.7,74.8,9.68,6.438,10.852,4.196,170.0,170.0,71.0,1561,1,23.4,0.4
2784,315,3.925,41.07,1,86.3,89.5,1243,174.4,74.9,9.72,6.484,10.863,4.196,170.0,170.0,71.0,1561,1,23.5,0.41
2785,314,3.925,41.01,1,86.3,89.5,1244,174.2,74.9,9.7,6.531,10.879,4.196,170.0,169.9,71.0,1561,1,23.6,0.41
2786,314,3.925,41.06,1,86.3,89.5,1245,174.0,75.0,9.73,6.586,10.891,4.196,170.0,169.9,71.0,1561,1,23.7,0.41
2787,314,3.925,41.02,1,86.3,89.5,1245,173.9,74.9,9.7,6.625,10.906,4.195,170.0,169.9,71.0,1561,1,23.8,0.41
2788,314,3.9,40.81,1,86.2,89.4,1245,173.7,74.8,8.93,6.664,10.918,4.196,170.0,169.8,71.0,1561,1,23.9,0.4
2789,314,3.9,40.58,1,85.3,89.0,1243,173.5,74.7,7.82,6.711,10.93,4.196,170.0,169.8,71.0,1561,1,24.0,0.39
2790,314,3.9,40.69,1,84.5,88.7,1238,173.3,74.4,7.65,6.734,10.938,4.196,170.0,169.8,71.0,1561,1,24.0,0.39
2791,314,3.875,40.58,1,84.3,88.7,1231,173.2,74.0,7.62,6.766,10.949,4.196,170.0,169.7,71.0,1561,1,24.1,0.39
2792,314,3.875,40.9,1,84.2,88.7,1227,173.1,74.3,7.65,6.805,10.957,4.196,169.0,169.7,71.0,1561,1,24.2,0.39
2793,313,3.875,40.72,1,84.1,88.7,1224,173.0,74.1,7.6,6.844,10.965,4.196,170.0,169.6,71.0,1561,1,24.3,0.4
2794,313,3.875,40.49,1,84.1,88.7,1223,173.0,74.0,7.58,6.891,10.977,4.196,169.0,169.6,71.0,1561,1,24.4,0.4
2795,313,3.85,40.61,1,84.1,88.6,1222,173.0,74.0,7.55,6.93,10.984,4.196,169.0,169.5,71.0,1561,1,24.5,0.4
2796,313,3.85,40.68,1,84.1,88.7,1220,173.0,74.0,7.65,6.977,10.996,4.196,170.0,169.5,71.0,1561,1,24.5,0.4
2797,313,3.85,40.57,1,84.1,88.6,1220,173.0,74.0,7.62,7.023,11.004,4.196,169.0,169.4,71.0,1561,1,24.6,0.39
2798,313,3.85,40.65,1,84.1,88.7,1220,172.9,74.1,7.61,7.062,11.012,4.196,170.0,169.4,71.0,1561,1,24.7,0.4
2799,313,3.825,40.65,1,84.1,88.7,1221,172.9,74.1,7.67,7.109,11.023,4.196,169.0,169.3,71.0,1561,1,24.8,0.39
2800,312,3.825,40.66,1,84.1,88.7,1220,172.9,74.1,7.63,7.156,11.031,4.196,169.0,169.3,71.0,1561,1,24.9,0.4
2801,312,3.825,40.75,1,84.1,88.7,1221,173.0,74.2,7.6,7.203,11.039,4.196,169.0,169.2,71.0,1561,1,25.0,0.39
2802,312,3.8,40.64,1,84.1,88.7,1221,173.0,74.0,7.59,7.25,11.051,4.196,169.0,169.1,71.0,1561,1,25.1,0.4
2803,312,3.8,40.77,1,84.0,88.6,1222,173.0,74.0,7.58,7.305,11.059,4.196,169.0,169.0,71.0,1561,1,25.2,0.39
2804,312,3.8,40.77,1,84.0,88.6,1221,172.9,74.1,7.71,7.344,11.066,4.196,169.0,169.0,71.0,1561,1,25.2,0.4
2805,311,3.775,40.8,1,84.3,88.8,1222,172.9,74.2,8.55,7.383,11.074,4.196,169.0,168.8,71.0,1561,1,25.3,0.4
2806,311,3.775,40.9,1,85.0,89.1,1224,173.0,74.4,9.09,7.43,11.082,4.196,169.0,168.7,71.0,1561,1,25.4,0.4
2807,311,3.775,40.92,1,85.5,89.3,1230,172.9,74.6,9.1,7.484,11.094,4.196,168.0,168.6,71.0,1561,1,25.5,0.41
2808,311,3.775,41.09,1,85.5,89.3,1233,172.9,74.7,9.13,7.523,11.102,4.196,168.0,168.4,71.0,1561,1,25.6,0.4
2809,311,3.75,40.98,1,85.6,89.3,1236,172.9,74.7,9.12,7.57,11.113,4.196,168.0,168.3,71.0,1561,1,25.7,0.4
2810,311,3.75,40.94,1,85.5,89.3,1238,172.8,74.8,9.12,7.625,11.121,4.196,168.0,168.1,71.0,1561,1,25.8,0.41
2811,311,3.75,40.88,1,85.6,89.3,1238,172.7,74.9,9.15,7.672,11.129,4.196,168.0,168.0,71.0,1561,1,25.9,0.4
2812,311,3.75,41.03,1,85.6,89.3,1239,172.7,74.9,9.15,7.711,11.141,4.196,168.0,167.8,71.0,1561,1,26.0,0.4
2813,311,3.725,40.98,1,85.5,89.3,1240,172.7,74.6,9.11,7.773,11.148,4.196,168.0,167.6,71.0,1561,1,26.0,0.4
2814,310,3.725,40.87,1,85.5,89.3,1240,172.6,74.6,9.09,7.828,11.16,4.196,168.0,167.4,71.0,1561,1,26.2,0.4
2815,310,3.725,40.93,1,85.5,89.3,1240,172.5,74.6,9.09,7.875,11.168,4.196,167.0,167.3,71.0,1561,1,26.2,0.4
2816,310,3.7,40.87,1,85.5,89.3,1240,172.4,74.7,9.14,7.93,11.176,4.196,167.0,167.1,71.0,1561,1,26.3,0.41
2817,310,3.7,41.0,1,85.5,89.3,1240,172.3,74.7,9.15,7.992,11.188,4.196,167.0,166.9,71.0,1562,1,26.4,0.4
2818,310,3.7,40.91,1,85.5,89.3,1240,172.3,74.9,9.16,8.047,11.195,4.196,166.0,166.7,71.0,1562,1,26.5,0.4
2819,310,3.7,40.96,1,85.5,89.3,1241,172.1,74.8,9.15,8.102,11.207,4.196,166.0,166.5,71.0,1562,1,26.6,0.41
2820,310,3.675,41.0,1,85.5,89.3,1241,172.1,74.8,9.09,8.148,11.215,4.196,166.0,166.3,71.0,1562,1,26.7,0.4
2821,310,3.675,40.99,1,85.5,89.3,1241,172.2,74.9,9.1,8.203,11.227,4.196,166.0,166.1,71.0,1562,1,26.8,0.4
2822,310,3.675,40.97,1,85.39999999999999,89.3,1240,172.1,74.7,9.05,8.25,11.234,4.196,166.0,166.0,71.0,1562,1,26.9,0.4
2823,310,3.675,40.93,1,85.39999999999999,89.3,1240,172.0,74.7,9.37,8.289,11.242,4.196,166.0,165.8,71.0,1562,1,26.9,0.4
2824,310,3.65,41.07,1,85.7,89.4,1241,172.0,74.8,9.5,8.336,11.254,4.196,165.0,165.6,71.0,1562,1,27.0,0.4
2825,310,3.65,41.03,1,85.8,89.5,1242,171.9,75.0,9.5,8.383,11.266,4.196,165.0,165.4,71.0,1562,1,27.1,0.4
2826,310,3.65,41.06,1,85.7,89.4,1243,171.9,74.9,9.44,8.414,11.277,4.196,165.0,165.3,71.0,1562,1,27.2,0.4
2827,310,3.625,41.01,1,85.7,89.4,1243,171.8,74.9,9.48,8.461,11.289,4.196,165.0,165.1,71.0,1562,1,27.3,0.41
2828,310,3.625,40.98,1,85.8,89.5,1243,171.6,75.0,9.52,8.492,11.301,4.196,165.0,165.0,71.0,1562,1,27.4,0.4
2829,310,3.625,41.03,1,85.8,89.5,1245,171.7,75.0,9.46,8.539,11.312,4.196,165.0,164.8,71.0,1562,1,27.5,0.4
2830,310,3.625,41.08,1,85.8,89.5,1245,171.6,74.8,9.53,8.586,11.324,4.196,164.0,164.6,71.0,1562,1,27.6,0.41
2831,310,3.6,41.15,1,85.8,89.5,1245,171.5,75.0,9.49,8.633,11.336,4.196,164.0,164.5,71.0,1562,1,27.6,0.4
2832,309,3.6,41.06,1,85.7,89.5,1245,171.4,75.0,9.49,8.688,11.348,4.196,163.0,164.3,71.0,1562,1,27.8,0.4
2833,309,3.6,41.04,1,85.7,89.4,1245,171.5,75.0,9.09,8.734,11.359,4.196,164.0,164.1,71.0,1562,1,27.8,0.41
2834,309,3.575,40.82,1,85.2,89.1,1243,171.4,74.7,8.07,8.781,11.375,4.196,163.0,164.0,71.0,1562,1,27.9,0.4
2835,309,3.575,40.72,1,84.1,88.7,1238,171.3,74.3,6.89,8.828,11.387,4.196,163.0,163.9,71.0,1562,1,28.0,0.39
2836,309,3.575,40.59,1,83.1,88.3,1230,171.4,73.9,6.28,8.867,11.398,4.196,163.0,163.7,71.0,1562,1,28.1,0.39
2837,309,3.575,40.54,1,82.5,88.2,1221,171.5,73.7,6.24,8.914,11.406,4.196,163.0,163.6,71.0,1562,1,28.2,0.38
2838,309,3.55,40.46,1,82.39999999999999,88.2,1215,171.6,73.6,6.24,8.961,11.414,4.196,163.0,163.5,71.0,1562,1,28.2,0.38
2839,308,3.55,40.58,1,82.3,88.1,1211,171.5,73.6,6.17,9.0,11.422,4.196,163.0,163.4,71.0,1562,1,28.3,0.4
2840,308,3.55,40.6,1,82.39999999999999,88.1,1208,171.6,73.6,6.18,9.047,11.43,4.196,163.0,163.3,71.0,1562,1,28.4,0.4
2841,308,3.525,40.6,1,82.39999999999999,88.2,1207,171.7,73.6,6.3,9.094,11.434,4.196,163.0,163.1,71.0,1562,1,28.5,0.38
2842,308,3.525,40.67,1,82.5,88.3,1207,171.8,73.7,6.91,9.141,11.441,4.196,163.0,163.0,71.0,1562,1,28.6,0.38
2843,307,3.525,40.92,1,83.2,88.6,1209,171.9,73.8,7.99,9.188,11.449,4.196,162.0,162.9,71.0,1562,1,28.7,0.4
2844,307,3.525,40.84,1,84.1,88.9,1214,171.9,74.1,8.37,9.234,11.453,4.196,162.0,162.8,71.0,1562,1,28.8,0.4
2845,307,3.5,40.91,1,84.5,89.0,1220,172.0,74.3,8.39,9.273,11.465,4.196,162.0,162.7,71.0,1562,1,28.8,0.41
2846,307,3.5,41.03,1,84.7,89.1,1223,172.0,74.6,8.92,9.305,11.473,4.196,162.0,162.6,71.0,1562,1,28.9,0.41
2847,307,3.5,41.02,1,85.1,89.3,1227,172.1,74.6,9.09,9.32,11.48,4.196,162.0,162.5,71.0,1562,1,29.0,0.41
2848,307,3.475,41.1,1,85.2,89.3,1231,172.1,74.9,9.11,9.336,11.492,4.196,162.0,162.3,71.0,1562,1,29.1,0.41
2849,307,3.475,40.97,1,85.3,89.3,1234,172.1,74.7,9.1,9.344,11.504,4.196,162.0,162.3,71.0,1562,1,29.2,0.4
2850,307,3.475,41.04,1,85.3,89.3,1236,172.1,74.7,9.67,9.352,11.512,4.196,162.0,162.2,71.0,1562,1,29.3,0.4
2851,307,3.475,41.41,1,86.0,89.7,1238,172.0,75.0,10.77,9.352,11.52,4.196,162.0,162.1,71.0,1562,1,29.4,0.41
2852,307,3.45,41.34,1,86.9,90.0,1245,171.8,75.2,10.93,9.359,11.531,4.196,162.0,162.0,71.0,1562,1,29.5,0.41
2853,307,3.45,41.27,1,87.1,90.10000000000001,1252,171.6,75.5,11.0,9.359,11.539,4.196,162.0,161.9,71.0,1562,1,29.5,0.42
2854,308,3.45,41.32,1,87.2,90.10000000000001,1256,171.4,75.6,10.94,9.367,11.551,4.196,162.0,161.9,71.0,1562,1,29.6,0.42
2855,308,3.425,41.31,1,87.2,90.10000000000001,1260,171.3,75.5,10.94,9.375,11.559,4.196,162.0,161.8,71.0,1562,1,29.7,0.41
2856,308,3.425,41.35,1,87.2,90.10000000000001,1261,171.2,75.4,10.9,9.391,11.57,4.196,161.0,161.7,71.0,1562,1,29.8,0.41
2857,308,3.425,41.36,1,87.2,90.10000000000001,1262,171.1,75.5,10.95,9.414,11.582,4.196,162.0,161.7,71.0,1562,1,29.9,0.42
2858,308,3.425,41.28,1,87.2,90.10000000000001,1263,170.9,75.5,10.97,9.438,11.598,4.196,162.0,161.7,71.0,1563,1,30.0,0.41
2859,308,3.4,41.34,1,87.2,90.10000000000001,1264,170.8,75.5,10.58,9.469,11.609,4.196,161.0,161.6,71.0,1563,1,30.1,0.42
2860,308,3.4,41.16,1,86.6,89.8,1263,170.6,75.3,9.54,9.5,11.621,4.196,162.0,161.6,71.0,1563,1,30.1,0.41
2861,308,3.4,41.04,1,85.6,89.4,1258,170.3,74.9,8.84,9.539,11.633,4.196,162.0,161.5,71.0,1563,1,30.2,0.4
2862,308,3.375,41.08,1,85.1,89.2,1250,170.2,74.7,8.71,9.562,11.645,4.196,161.0,161.5,71.0,1563,1,30.3,0.4
2863,308,3.375,40.9,1,84.89999999999999,89.2,1245,170.1,74.8,8.67,9.609,11.656,4.196,161.0,161.4,71.0,1563,1,30.4,0.39
2864,308,3.375,40.93,1,85.0,89.3,1242,170.1,74.6,8.77,9.656,11.664,4.196,161.0,161.4,71.0,1563,1,30.5,0.4
2865,308,3.375,41.09,1,85.0,89.3,1240,170.1,74.8,8.84,9.703,11.676,4.196,161.0,161.4,71.0,1563,1,30.6,0.4
2866,308,3.35,40.96,1,84.89999999999999,89.2,1239,169.9,74.9,8.79,9.758,11.688,4.196,161.0,161.3,71.0,1563,1,30.7,0.4
2867,308,3.35,41.09,1,84.89999999999999,89.2,1239,170.0,74.7,8.86,9.812,11.699,4.196,161.0,161.3,71.0,1563,1,30.7,0.39
2868,308,3.35,40.99,1,84.7,89.1,1238,170.0,74.5,8.05,9.859,11.711,4.196,161.0,161.2,71.0,1563,1,30.8,0.39
2869,308,3.325,40.86,1,84.3,88.9,1236,170.0,74.4,7.88,9.906,11.719,4.196,161.0,161.2,71.0,1563,1,30.9,0.39
2870,308,3.325,40.87,1,84.1,88.9,1232,170.1,74.5,7.93,9.953,11.734,4.196,160.0,161.1,71.0,1563,1,31.0,0.38
2871,308,3.325,40.9,1,84.1,88.9,1229,170.1,74.4,7.63,10.008,11.742,4.196,161.0,161.0,71.0,1563,1,31.1,0.39
2872,308,3.3,40.76,1,83.6,88.7,1228,170.3,74.3,7.13,10.055,11.754,4.196,161.0,161.0,71.0,1563,1,31.2,0.38
2873,308,3.3,40.84,1,83.2,88.6,1223,170.4,74.1,7.11,10.102,11.766,4.196,161.0,161.0,71.0,1563,1,31.2,0.39
2874,308,3.3,40.81,1,83.1,88.5,1220,170.5,74.2,7.03,10.156,11.777,4.196,161.0,160.9,71.0,1563,1,31.3,0.38
2875,307,3.3,40.67,1,83.1,88.5,1217,170.6,74.1,6.78,10.203,11.789,4.196,161.0,160.9,72.0,1563,1,31.4,0.39
2876,307,3.275,40.69,1,82.8,88.4,1216,170.6,73.9,6.67,10.25,11.801,4.196,160.0,160.8,71.0,1563,1,31.5,0.38
2877,307,3.275,40.72,1,82.6,88.3,1213,170.7,73.8,6.27,10.289,11.812,4.196,160.0,160.8,71.0,1563,1,31.6,0.38
2878,307,3.275,40.9,1,82.39999999999999,88.3,1210,170.7,73.8,6.3,10.32,11.824,4.196,160.0,160.7,72.0,1563,1,31.7,0.39
2879,307,3.25,40.67,1,82.3,88.2,1207,171.0,73.7,6.08,10.359,11.832,4.196,160.0,160.7,72.0,1563,1,31.7,0.38
2880,306,3.25,40.74,1,82.1,88.1,1205,171.1,73.7,5.98,10.391,11.844,4.196,160.0,160.6,72.0,1563,1,31.8,0.37
2881,306,3.25,40.57,1,82.0,88.1,1203,171.2,73.6,5.61,10.414,11.852,4.196,160.0,160.6,72.0,1563,1,31.9,0.37
2882,306,3.25,40.81,1,81.6,87.9,1201,171.2,73.5,5.38,10.445,11.863,4.196,161.0,160.6,72.0,1563,1,32.0,0.38
2883,305,3.225,40.67,1,81.39999999999999,87.9,1199,171.2,73.4,5.36,10.461,11.875,4.196,160.0,160.5,72.0,1563,1,32.1,0.37
2884,305,3.225,40.79,1,81.3,87.9,1197,171.4,73.4,5.17,10.492,11.887,4.196,160.0,160.5,72.0,1563,1,32.2,0.37
2885,305,3.225,40.42,1,81.0,87.7,1195,171.6,73.4,4.71,10.508,11.898,4.196,160.0,160.4,72.0,1563,1,32.2,0.37
2886,304,3.2,40.69,1,80.7,87.6,1193,171.7,73.3,4.7,10.539,11.906,4.196,160.0,160.4,72.0,1563,1,32.3,0.36
2887,304,3.2,40.48,1,80.7,87.6,1189,171.8,73.2,4.7,10.562,11.918,4.196,160.0,160.3,72.0,1563,1,32.4,0.37
2888,304,3.2,40.53,1,80.60000000000001,87.6,1188,172.0,73.3,4.68,10.586,11.926,4.196,160.0,160.3,72.0,1563,1,32.5,0.36
2889,303,3.175,40.63,1,80.60000000000001,87.7,1187,172.1,73.2,4.62,10.617,11.934,4.196,160.0,160.2,72.0,1563,1,32.6,0.36
2890,303,3.175,40.55,1,80.60000000000001,87.6,1186,172.1,73.3,4.63,10.664,11.945,4.196,160.0,160.1,72.0,1564,1,32.6,0.37
2891,303,3.175,40.52,1,80.60000000000001,87.6,1187,172.2,73.2,4.72,10.711,11.953,4.196,160.0,160.0,72.0,1564,1,32.7,0.37
2892,302,3.15,40.69,1,80.5,87.6,1186,172.4,73.2,4.65,10.766,11.965,4.196,160.0,159.9,72.0,1564,1,32.8,0.37
2893,302,3.15,40.69,1,80.60000000000001,87.6,1186,172.5,73.2,4.59,10.812,11.973,4.196,159.0,159.7,72.0,1564,1,32.9,0.36
2894,302,3.125,40.68,1,80.60000000000001,87.7,1184,172.6,73.2,4.78,10.852,11.98,4.196,159.0,159.5,72.0,1564,1,33.0,0.37
2895,302,3.125,40.69,1,80.80000000000001,87.8,1185,172.7,73.4,5.46,10.898,11.988,4.196,159.0,159.3,72.0,1564,1,33.0,0.38
2896,301,3.125,40.85,1,81.6,88.2,1188,172.8,73.6,6.48,10.953,11.996,4.196,159.0,159.1,72.0,1564,1,33.1,0.38
2897,301,3.125,40.81,1,82.39999999999999,88.4,1195,172.9,73.9,6.74,11.016,12.008,4.196,159.0,158.8,72.0,1564,1,33.2,0.38
2898,301,3.1,40.89,1,82.6,88.5,1201,172.8,74.1,6.73,11.078,12.016,4.196,158.0,158.6,72.0,1564,1,33.3,0.38
2899,301,3.1,40.94,1,82.69999999999999,88.5,1206,172.8,74.0,6.72,11.133,12.027,4.196,158.0,158.3,72.0,1564,1,33.4,0.38
2900,301,3.1,40.86,1,82.6,88.5,1209,172.8,74.0,6.78,11.188,12.035,4.196,157.0,158.0,72.0,1564,1,33.5,0.38
2901,301,3.075,40.92,1,82.69999999999999,88.5,1211,172.7,74.2,6.78,11.242,12.043,4.196,157.0,157.7,72.0,1564,1,33.5,0.38
2902,301,3.075,40.93,1,82.69999999999999,88.5,1212,172.7,74.1,6.74,11.297,12.055,4.196,156.0,157.4,72.0,1564,1,33.6,0.37
2903,301,3.075,40.88,1,82.69999999999999,88.5,1211,172.6,74.2,6.82,11.344,12.066,4.196,156.0,157.1,72.0,1564,1,33.7,0.38
2904,301,3.05,40.85,1,82.8,88.6,1212,172.6,74.1,6.84,11.383,12.078,4.196,156.0,156.8,72.0,1564,1,33.8,0.38
2905,301,3.05,41.01,1,82.89999999999999,88.6,1212,172.5,74.2,6.91,11.422,12.09,4.196,156.0,156.4,72.0,1564,1,33.9,0.38
2906,301,3.05,40.95,1,82.89999999999999,88.6,1214,172.4,74.1,6.92,11.469,12.102,4.196,155.0,156.1,72.0,1564,1,34.0,0.38
2907,300,3.025,40.95,1,82.89999999999999,88.6,1215,172.3,74.2,6.92,11.508,12.113,4.196,155.0,155.8,72.0,1564,1,34.1,0.39
2908,300,3.025,41.0,1,82.8,88.6,1214,172.3,74.1,6.86,11.539,12.125,4.196,154.0,155.5,72.0,1564,1,34.1,0.38
2909,300,3.025,40.95,1,82.8,88.6,1213,172.2,74.1,6.79,11.586,12.141,4.196,154.0,155.1,72.0,1564,1,34.2,0.38
2910,300,3.0,40.97,1,82.69999999999999,88.6,1213,172.0,74.1,6.94,11.617,12.152,4.196,154.0,154.8,72.0,1564,1,34.3,0.38
2911,300,3.0,40.97,1,82.8,88.6,1213,172.0,74.2,6.88,11.664,12.164,4.196,154.0,154.5,72.0,1564,1,34.4,0.38
2912,300,3.0,41.13,1,82.8,88.6,1213,171.9,74.2,6.93,11.703,12.172,4.196,153.0,154.2,72.0,1564,1,34.5,0.38
2913,300,3.0,40.98,1,82.89999999999999,88.6,1214,171.8,74.3,6.94,11.734,12.184,4.196,153.0,153.8,72.0,1564,1,34.6,0.38
2914,300,2.975,41.0,1,82.89999999999999,88.6,1214,171.6,74.1,6.97,11.773,12.195,4.196,153.0,153.5,72.0,1564,1,34.7,0.37
2915,300,2.975,40.95,1,82.8,88.6,1215,171.7,74.2,7.01,11.812,12.203,4.196,152.0,153.2,72.0,1564,1,34.7,0.37
2916,299,2.975,41.04,1,82.8,88.6,1215,171.7,74.2,6.82,11.859,12.215,4.196,151.0,152.9,72.0,1565,1,34.8,0.38
2917,299,2.95,41.05,1,82.8,88.6,1215,171.6,74.1,6.96,11.891,12.223,4.196,151.0,152.6,72.0,1565,1,34.9,0.39
2918,299,2.95,41.03,1,82.8,88.6,1214,171.6,74.3,6.87,11.922,12.23,4.196,151.0,152.3,72.0,1565,1,35.0,0.39
2919,299,2.95,41.08,1,82.8,88.6,1214,171.5,74.4,6.91,11.953,12.238,4.196,151.0,152.0,72.0,1565,1,35.1,0.39
2920,299,2.925,41.0,1,82.8,88.6,1214,171.5,74.3,6.89,11.977,12.25,4.196,150.0,151.7,72.0,1565,1,35.2,0.4
2921,299,2.925,41.06,1,82.69999999999999,88.5,1213,171.4,74.2,6.84,11.992,12.262,4.196,150.0,151.5,72.0,1565,1,35.2,0.38
2922,299,2.925,41.06,1,82.8,88.6,1213,171.3,74.2,6.93,12.0,12.273,4.196,150.0,151.2,72.0,1565,1,35.3,0.39
2923,299,2.925,41.03,1,82.8,88.6,1213,171.2,74.2,6.93,12.016,12.289,4.196,150.0,151.0,72.0,1565,1,35.4,0.39
2924,299,2.9,41.12,1,82.8,88.6,1213,171.3,74.3,6.95,12.031,12.297,4.196,149.0,150.7,72.0,1565,1,35.5,0.38
2925,299,2.9,41.1,1,82.8,88.6,1214,171.2,74.3,6.8,12.047,12.309,4.196,149.0,150.5,72.0,1565,1,35.5,0.38
2926,299,2.9,41.07,1,82.8,88.6,1214,171.2,74.3,7.36,12.055,12.316,4.196,149.0,150.2,72.0,1565,1,35.6,0.38
2927,298,2.875,41.21,1,83.2,88.8,1215,171.2,74.5,7.49,12.086,12.328,4.196,149.0,150.0,72.0,1565,1,35.7,0.38
2928,298,2.875,41.2,1,83.39999999999999,88.9,1217,171.0,74.6,7.52,12.117,12.34,4.196,149.0,149.8,72.0,1565,1,35.8,0.39
2929,298,2.875,41.11,1,83.39999999999999,88.9,1219,170.9,74.5,7.6,12.141,12.348,4.196,148.0,149.5,72.0,1565,1,35.9,0.39
2930,298,2.85,41.14,1,83.5,88.9,1220,170.8,74.5,7.52,12.18,12.363,4.196,148.0,149.3,72.0,1565,1,35.9,0.39
2931,298,2.85,41.1,1,83.39999999999999,88.9,1220,170.8,74.5,7.49,12.219,12.371,4.196,148.0,149.2,72.0,1565,1,36.0,0.39
2932,298,2.85,41.25,1,83.39999999999999,88.9,1221,170.8,74.6,7.49,12.258,12.383,4.196,148.0,148.9,72.0,1565,1,36.1,0.38
2933,298,2.825,41.12,1,83.39999999999999,88.9,1222,170.9,74.5,7.56,12.305,12.395,4.196,147.0,148.8,72.0,1565,1,36.2,0.39
2934,298,2.825,41.1,1,83.5,88.9,1222,170.8,74.6,7.55,12.359,12.406,4.196,147.0,148.6,72.0,1565,1,36.3,0.39
2935,298,2.825,41.17,1,83.5,88.9,1222,170.7,74.6,7.54,12.406,12.418,4.196,147.0,148.4,72.0,1565,1,36.4,0.39
2936,298,2.8,41.09,1,83.2,88.7,1222,170.4,74.5,6.78,12.453,12.426,4.196,147.0,148.3,72.0,1565,1,36.4,0.38
2937,298,2.8,41.1,1,82.69999999999999,88.6,1220,170.4,74.4,6.63,12.5,12.438,4.196,147.0,148.1,72.0,1565,1,36.5,0.39
2938,298,2.8,41.02,1,82.5,88.5,1217,170.3,74.2,6.58,12.539,12.445,4.196,146.0,147.9,72.0,1565,1,36.6,0.38
2939,298,2.8,41.04,1,82.5,88.5,1215,170.3,74.3,6.61,12.578,12.453,4.196,146.0,147.8,72.0,1566,1,36.7,0.39
2940,298,2.775,41.08,1,82.39999999999999,88.5,1213,170.4,74.2,6.54,12.617,12.465,4.196,146.0,147.7,72.0,1566,1,36.8,0.38
2941,298,2.775,40.96,1,82.39999999999999,88.5,1212,170.4,74.1,6.59,12.648,12.477,4.196,146.0,147.5,72.0,1566,1,36.9,0.39
2942,298,2.775,41.01,1,82.39999999999999,88.5,1211,170.4,74.2,6.56,12.672,12.484,4.196,146.0,147.4,72.0,1566,1,36.9,0.38
2943,298,2.75,40.9,1,82.39999999999999,88.5,1212,170.4,74.3,6.61,12.695,12.492,4.196,146.0,147.3,72.0,1566,1,37.0,0.39
2944,298,2.75,41.01,1,82.39999999999999,88.5,1212,170.4,74.2,6.61,12.719,12.5,4.196,146.0,147.2,72.0,1566,1,37.1,0.39
2945,298,2.75,40.9,1,82.39999999999999,88.5,1211,170.4,74.3,6.57,12.742,12.512,4.196,146.0,147.1,72.0,1566,1,37.2,0.38
2946,298,2.725,40.87,1,82.39999999999999,88.5,1210,170.4,74.3,6.91,12.758,12.52,4.196,146.0,146.9,72.0,1566,1,37.2,0.38
2947,298,2.725,41.18,1,83.0,88.8,1212,170.4,74.5,7.95,12.789,12.531,4.196,146.0,146.8,72.0,1566,1,37.3,0.39
2948,298,2.725,41.34,1,83.89999999999999,89.2,1217,170.5,74.7,8.75,12.812,12.539,4.196,146.0,146.7,72.0,1566,1,37.4,0.4
2949,298,2.7,41.35,1,84.6,89.4,1225,170.5,75.0,8.88,12.852,12.551,4.196,145.0,146.5,72.0,1566,1,37.5,0.4
2950,298,2.7,41.41,1,84.89999999999999,89.5,1231,170.3,75.2,9.41,12.883,12.562,4.196,145.0,146.3,72.0,1566,1,37.6,0.4
2951,298,2.7,41.42,1,85.2,89.7,1236,170.2,75.4,9.55,12.914,12.574,4.196,144.0,146.1,72.0,1566,1,37.7,0.41
2952,298,2.7,41.39,1,85.39999999999999,89.7,1240,170.1,75.4,9.62,12.945,12.582,4.196,144.0,145.9,72.0,1566,1,37.7,0.4
2953,298,2.675,41.41,1,85.5,89.7,1243,170.0,75.4,9.57,12.977,12.59,4.196,144.0,145.7,72.0,1566,1,37.8,0.4
2954,298,2.675,41.37,1,85.39999999999999,89.7,1245,169.8,75.2,9.57,13.0,12.602,4.196,144.0,145.4,72.0,1566,1,37.9,0.4
2955,298,2.675,41.48,1,85.5,89.7,1246,169.6,75.3,9.59,13.023,12.609,4.196,144.0,145.2,72.0,1566,1,38.0,0.4
2956,298,2.675,41.44,1,85.5,89.7,1247,169.6,75.4,9.57,13.039,12.617,4.196,144.0,144.9,72.0,1566,1,38.1,0.4
2957,298,2.675,41.44,1,85.39999999999999,89.7,1248,169.4,75.3,9.58,13.062,12.629,4.196,144.0,144.7,72.0,1566,1,38.2,0.39
2958,298,2.65,41.5,1,85.39999999999999,89.7,1249,169.2,75.4,9.56,13.094,12.637,4.196,144.0,144.4,72.0,1566,1,38.3,0.4
2959,298,2.65,41.35,1,85.39999999999999,89.7,1249,169.1,75.3,9.59,13.125,12.648,4.196,144.0,144.2,72.0,1566,1,38.3,0.39
2960,298,2.65,41.38,1,85.39999999999999,89.7,1249,168.9,75.4,9.58,13.156,12.66,4.196,143.0,143.9,72.0,1567,1,38.4,0.39
2961,298,2.65,41.38,1,85.39999999999999,89.7,1248,169.0,75.5,9.61,13.195,12.668,4.196,143.0,143.7,72.0,1567,1,38.5,0.39
2962,298,2.625,41.33,1,85.39999999999999,89.7,1249,168.8,75.4,9.57,13.234,12.676,4.196,142.0,143.3,72.0,1567,1,38.6,0.4
2963,298,2.625,41.42,1,85.39999999999999,89.7,1249,168.7,75.4,9.59,13.273,12.688,4.196,142.0,143.0,72.0,1567,1,38.7,0.4
2964,298,2.625,41.3,1,85.3,89.7,1249,168.6,75.3,9.56,13.32,12.699,4.196,141.0,142.7,72.0,1567,1,38.7,0.4
2965,298,2.625,41.32,1,85.3,89.7,1249,168.6,75.3,9.32,13.367,12.707,4.196,140.0,142.3,72.0,1567,1,38.8,0.4
2966,298,2.6,41.28,1,84.8,89.4,1248,168.4,75.1,8.32,13.422,12.719,4.196,140.0,141.9,72.0,1567,1,38.9,0.39
2967,297,2.6,41.16,1,84.0,89.1,1244,168.3,74.9,8.04,13.453,12.727,4.196,140.0,141.6,72.0,1567,1,39.0,0.37
2968,297,2.6,41.16,1,83.6,89.0,1239,168.3,74.8,7.95,13.492,12.734,4.196,139.0,141.2,72.0,1567,1,39.1,0.37
2969,297,2.6,41.16,1,83.6,89.0,1235,168.4,74.7,7.83,13.523,12.746,4.196,139.0,140.8,72.0,1567,1,39.1,0.38
2970,297,2.575,41.13,1,83.2,88.8,1231,168.3,74.6,7.17,13.547,12.754,4.196,139.0,140.4,72.0,1567,1,39.2,0.38
2971,297,2.575,41.14,1,82.8,88.7,1226,168.3,74.5,7.11,13.57,12.766,4.196,139.0,140.0,72.0,1567,1,39.3,0.37
2972,296,2.575,41.11,1,82.69999999999999,88.7,1222,168.4,74.3,7.06,13.586,12.773,4.196,138.0,139.6,72.0,1567,1,39.3,0.39
2973,296,2.575,41.07,1,82.6,88.7,1219,168.5,74.4,7.03,13.602,12.781,4.196,137.0,139.2,72.0,1567,1,39.4,0.39
2974,296,2.55,41.14,1,82.6,88.7,1217,168.6,74.3,7.04,13.617,12.789,4.196,137.0,138.8,72.0,1567,1,39.5,0.38
2975,295,2.55,41.05,1,82.6,88.6,1216,168.8,74.3,7.03,13.633,12.797,4.196,136.0,138.4,72.0,1567,1,39.6,0.38
2976,295,2.55,41.04,1,82.6,88.7,1215,169.0,74.3,6.98,13.648,12.809,4.196,135.0,138.0,72.0,1567,1,39.7,0.39
2977,295,2.525,41.04,1,82.6,88.7,1215,169.0,74.4,7.0,13.664,12.812,4.196,135.0,137.6,72.0,1567,1,39.7,0.38
2978,295,2.525,41.15,1,82.6,88.7,1215,169.1,74.4,7.03,13.688,12.82,4.196,135.0,137.2,72.0,1567,1,39.8,0.38
2979,294,2.525,41.04,1,82.5,88.6,1214,169.2,74.3,6.61,13.711,12.828,4.196,135.0,136.9,72.0,1567,1,39.9,0.38
2980,294,2.525,41.09,1,82.19999999999999,88.5,1213,169.2,74.4,6.59,13.734,12.84,4.196,134.0,136.5,72.0,1568,1,40.0,0.38
2981,294,2.5,41.07,1,82.1,88.5,1212,169.4,74.4,6.61,13.758,12.844,4.196,134.0,136.1,72.0,1568,1,40.0,0.37
2982,293,2.5,41.03,1,82.1,88.5,1211,169.4,74.1,6.58,13.789,12.852,4.196,134.0,135.8,72.0,1568,1,40.1,0.38
2983,293,2.5,41.06,1,82.0,88.5,1211,169.5,74.3,6.55,13.812,12.859,4.196,133.0,135.4,72.0,1568,1,40.2,0.38
2984,293,2.5,41.05,1,82.0,88.5,1210,169.6,74.3,6.56,13.844,12.863,4.196,133.0,135.1,72.0,1568,1,40.3,0.38
2985,293,2.475,41.05,1,82.1,88.5,1209,169.7,74.2,6.6,13.867,12.871,4.196,133.0,134.7,72.0,1568,1,40.4,0.38
2986,292,2.475,40.89,1,82.1,88.5,1208,169.8,74.2,6.56,13.891,12.879,4.196,133.0,134.4,73.0,1568,1,40.4,0.37
2987,292,2.475,41.04,1,82.0,88.5,1208,169.9,74.2,6.6,13.922,12.887,4.196,132.0,134.1,73.0,1568,1,40.5,0.37
2988,292,2.475,40.92,1,82.0,88.5,1208,170.0,74.4,6.54,13.945,12.895,4.196,131.0,133.7,73.0,1568,1,40.6,0.38
2989,292,2.45,41.15,1,82.0,88.5,1208,170.0,74.2,6.59,13.977,12.906,4.196,130.0,133.4,73.0,1568,1,40.7,0.37
2990,292,2.45,41.06,1,82.0,88.5,1208,170.1,74.0,6.69,14.016,12.914,4.196,130.0,133.0,73.0,1568,1,40.7,0.37
2991,292,2.45,41.07,1,82.0,88.5,1209,170.1,74.1,6.92,14.047,12.922,4.196,130.0,132.7,73.0,1568,1,40.8,0.36
2992,292,2.425,41.31,1,82.5,88.7,1210,170.0,74.4,7.33,14.078,12.93,4.196,130.0,132.3,73.0,1568,1,40.9,0.38
2993,291,2.425,41.08,1,82.69999999999999,88.8,1213,170.1,74.4,7.47,14.117,12.941,4.196,130.0,131.9,73.0,1568,1,41.0,0.38
2994,291,2.425,40.75,1,82.3,88.4,1215,170.1,74.2,4.5,14.156,12.953,4.196,130.0,131.5,73.0,1568,1,41.0,0.37
2995,291,2.4,39.69,1,77.60000000000001,85.6,1206,170.0,72.7,-2.19,14.172,12.965,4.196,129.0,131.1,73.0,1568,1,41.1,0.33
2996,291,2.4,39.28,1,71.8,83.89999999999999,1166,170.1,71.0,-4.62,14.172,12.973,4.196,128.0,130.7,73.0,1568,1,41.2,0.32
2997,290,2.4,39.01,1,67.80000000000001,82.3,1115,170.4,69.6,-7.03,14.148,12.977,4.196,128.0,130.3,73.0,1568,1,41.3,0.31
2998,288,2.4,38.69,1,63.800000000000004,80.4,1066,170.8,68.4,-9.96,14.102,12.977,4.196,127.0,129.9,73.0,1569,1,41.3,0.32
2999,287,2.375,38.34,1,59.3,78.2,1018,171.2,67.0,-12.11,14.062,12.977,4.196,127.0,129.5,73.0,1569,1,41.4,0.31
3000,286,2.375,37.67,1,54.0,75.3,968,171.8,65.5,-14.11,14.016,12.973,4.196,126.0,129.0,73.0,1569,1,41.5,0.3
3001,284,2.375,37.55,1,48.9,72.0,918,172.2,63.6,-16.39,13.961,12.965,4.196,126.0,128.5,73.0,1569,1,41.6,0.3
3002,282,2.35,37.73,1,44.6,69.3,876,172.7,62.4,-18.66,13.898,12.961,4.196,126.0,128.1,73.0,1569,1,41.6,0.29
3003,281,2.35,36.09,1,41.199999999999996,67.2,842,173.2,61.5,-19.83,13.836,12.953,4.196,126.0,127.7,73.0,1569,1,41.7,0.29
3004,279,2.35,32.56,1,38.5,65.3,816,173.8,60.2,-20.34,13.773,12.945,4.196,126.0,127.2,73.0,1569,1,41.8,0.3
3005,277,2.325,29.56,1,36.5,63.6,795,174.5,59.0,-20.32,13.711,12.938,4.196,125.0,126.8,73.0,1569,1,41.9,0.3
3006,275,2.325,27.02,1,34.699999999999996,62.0,778,175.2,57.7,-20.31,13.641,12.93,4.196,124.0,126.3,73.0,1569,1,41.9,0.3
3007,274,2.325,25.85,1,33.300000000000004,60.8,765,175.9,56.7,-20.3,13.57,12.922,4.196,124.0,125.9,73.0,1569,1,42.0,0.3
3008,272,2.3,25.64,1,32.7,60.699999999999996,759,176.6,56.6,-20.3,13.5,12.914,4.196,123.0,125.4,73.0,1569,1,42.1,0.3
3009,271,2.3,25.34,1,32.5,60.699999999999996,760,177.2,56.7,-20.33,13.43,12.91,4.196,122.0,124.9,73.0,1569,1,42.2,0.3
3010,269,2.3,25.36,1,32.4,60.699999999999996,761,177.9,56.7,-20.3,13.367,12.902,4.196,122.0,124.4,73.0,1569,1,42.2,0.29
3011,267,2.3,25.29,1,32.5,60.699999999999996,763,178.6,56.8,-18.98,13.305,12.898,4.196,122.0,124.0,73.0,1569,1,42.3,0.31
3012,266,2.275,32.12,1,34.2,64.0,769,179.5,59.8,-16.71,13.234,12.891,4.196,121.0,123.4,73.0,1569,1,42.4,0.31
3013,264,2.275,37.75,1,38.9,69.3,806,180.3,62.5,-14.97,13.195,12.887,4.196,121.0,123.0,73.0,1569,1,42.4,0.31
3014,263,2.25,37.6,1,43.7,72.39999999999999,844,181.3,64.0,-13.84,13.141,12.883,4.196,120.0,122.6,73.0,1569,1,42.5,0.31
3015,262,2.25,37.88,1,47.9,74.6,865,182.1,65.2,-12.7,13.094,12.879,4.196,120.0,122.2,73.0,1569,1,42.6,0.32
3016,261,2.25,38.51,1,51.7,76.6,880,182.9,66.2,-11.42,13.047,12.879,4.196,119.0,121.9,73.0,1569,1,42.6,0.32
3017,260,2.225,38.37,1,55.60000000000001,78.5,897,183.6,67.2,-10.32,13.016,12.883,4.196,119.0,121.6,73.0,1570,1,42.7,0.33
3018,259,2.225,39.27,1,58.599999999999994,79.5,911,184.2,67.8,-9.66,12.977,12.883,4.196,119.0,121.3,73.0,1570,1,42.8,0.32
3019,258,2.225,39.54,1,60.199999999999996,79.9,918,184.7,68.1,-9.04,12.945,12.887,4.196,119.0,121.0,73.0,1570,1,42.9,0.33
3020,258,2.225,39.35,1,61.6,80.60000000000001,923,185.1,68.4,-7.89,12.922,12.891,4.196,118.0,120.8,73.0,1570,1,42.9,0.33
3021,257,2.2,39.79,1,63.2,81.3,933,185.4,68.9,-6.98,12.906,12.895,4.196,118.0,120.6,73.0,1570,1,43.0,0.33
3022,257,2.2,39.83,1,64.4,81.69999999999999,947,185.5,69.2,-6.4,12.883,12.902,4.196,118.0,120.3,73.0,1570,1,43.1,0.34
3023,256,2.2,40.32,1,65.7,82.3,961,185.4,69.5,-5.64,12.875,12.906,4.196,118.0,120.1,73.0,1570,1,43.1,0.35
3024,256,2.2,40.32,1,66.60000000000001,82.5,975,185.3,69.9,-5.39,12.859,12.914,4.196,118.0,119.8,73.0,1570,1,43.2,0.35
3025,255,2.175,40.44,1,67.4,83.0,987,185.0,70.1,-4.4,12.852,12.922,4.196,118.0,119.5,73.0,1570,1,43.2,0.35
3026,255,2.175,40.43,1,68.7,83.5,1001,184.6,70.4,-4.13,12.844,12.93,4.196,116.0,119.1,73.0,1570,1,43.3,0.35
3027,255,2.175,40.61,1,69.19999999999999,83.6,1014,184.2,70.5,-3.8,12.844,12.938,4.196,116.0,118.8,73.0,1570,1,43.4,0.35
3028,255,2.15,40.92,1,70.1,84.1,1025,183.8,70.9,-2.77,12.859,12.945,4.196,115.0,118.4,73.0,1570,1,43.4,0.36
3029,255,2.15,40.88,1,71.1,84.39999999999999,1038,183.2,71.0,-2.6,12.859,12.957,4.196,115.0,118.0,73.0,1570,1,43.5,0.37
3030,255,2.15,40.86,1,71.3,84.39999999999999,1049,182.9,71.1,-2.44,12.867,12.965,4.196,115.0,117.7,73.0,1570,1,43.6,0.36
3031,255,2.125,40.91,1,71.8,84.7,1056,182.3,71.2,-1.56,12.883,12.973,4.196,114.0,117.3,73.0,1570,1,43.6,0.37
3032,255,2.125,40.83,1,72.6,84.89999999999999,1065,181.9,71.4,-1.44,12.914,12.984,4.196,114.0,116.9,73.0,1570,1,43.7,0.36
3033,255,2.125,40.9,1,72.7,84.89999999999999,1073,181.3,71.4,-1.24,12.93,12.992,4.196,114.0,116.5,73.0,1570,1,43.8,0.38
3034,255,2.125,41.37,1,73.2,85.2,1078,180.9,71.8,-0.46,12.953,13.004,4.196,113.0,116.0,73.0,1571,1,43.9,0.37
3035,256,2.1,40.92,1,73.9,85.39999999999999,1086,180.4,72.0,-0.36,12.977,13.012,4.196,113.0,115.7,73.0,1571,1,43.9,0.38
3036,256,2.1,41.42,1,74.0,85.39999999999999,1093,179.8,71.9,0.01,13.008,13.023,4.196,112.0,115.2,73.0,1571,1,44.0,0.38
3037,256,2.1,41.07,1,74.5,85.7,1098,179.4,72.1,0.32,13.047,13.031,4.196,112.0,114.8,73.0,1571,1,44.0,0.38
3038,256,2.075,41.23,1,74.9,85.8,1105,179.0,72.2,0.42,13.086,13.043,4.196,111.0,114.4,73.0,1571,1,44.1,0.37
3039,256,2.075,41.26,1,75.1,85.9,1110,178.5,72.3,1.01,13.125,13.051,4.196,111.0,114.1,73.0,1571,1,44.1,0.37
3040,257,2.075,41.12,1,75.6,86.1,1116,178.0,72.4,1.05,13.188,13.066,4.196,111.0,113.6,73.0,1571,1,44.2,0.38
3041,257,2.075,41.39,1,75.7,86.1,1122,177.6,72.5,1.07,13.234,13.074,4.196,111.0,113.3,73.0,1571,1,44.2,0.38
3042,257,2.05,41.21,1,75.7,86.1,1125,177.2,72.4,1.12,13.297,13.09,4.196,110.0,112.9,73.0,1571,1,44.3,0.38
3043,257,2.05,41.27,1,75.8,86.1,1128,176.7,72.4,1.13,13.359,13.102,4.196,109.0,112.5,73.0,1571,1,44.4,0.38
3044,258,2.05,41.15,1,75.7,86.1,1130,176.4,72.5,1.1,13.422,13.113,4.196,108.0,112.1,73.0,1571,1,44.4,0.38
3045,258,2.025,41.25,1,75.7,86.1,1131,176.0,72.5,1.11,13.484,13.121,4.196,108.0,111.8,73.0,1571,1,44.5,0.38
3046,258,2.025,41.2,1,75.7,86.1,1132,175.6,72.5,1.11,13.547,13.137,4.196,108.0,111.4,73.0,1571,1,44.5,0.38
3047,258,2.025,41.26,1,75.7,86.1,1132,175.2,72.4,1.15,13.609,13.148,4.196,108.0,111.0,73.0,1571,1,44.6,0.38
3048,259,2.025,41.21,1,75.7,86.1,1133,174.9,72.7,1.21,13.672,13.16,4.196,107.0,110.7,73.0,1571,1,44.7,0.38
3049,259,2.0,41.19,1,76.1,86.4,1134,174.6,72.5,1.96,13.734,13.172,4.196,107.0,110.3,73.0,1571,1,44.7,0.38
3050,259,2.0,41.33,1,76.6,86.5,1138,174.2,72.7,2.09,13.797,13.184,4.196,107.0,110.0,73.0,1571,1,44.8,0.39
3051,260,2.0,41.44,1,76.7,86.5,1142,173.9,72.8,2.09,13.867,13.195,4.196,106.0,109.6,73.0,1572,1,44.8,0.38
3052,260,1.975,41.16,1,76.8,86.5,1144,173.6,72.7,2.08,13.93,13.211,4.196,106.0,109.2,73.0,1572,1,44.9,0.38
3053,260,1.975,41.31,1,76.7,86.5,1146,173.3,72.8,1.93,14.0,13.223,4.196,106.0,108.9,73.0,1572,1,44.9,0.38
3054,260,1.975,41.29,1,76.7,86.5,1146,173.1,72.7,1.96,14.062,13.234,4.196,106.0,108.5,73.0,1572,1,45.0,0.39
3055,261,1.975,41.35,1,76.7,86.5,1147,172.8,72.7,2.09,14.125,13.25,4.196,105.0,108.1,73.0,1572,1,45.0,0.38
3056,261,1.95,40.97,1,76.4,86.3,1147,172.6,72.6,1.23,14.18,13.262,4.196,105.0,107.8,73.0,1572,1,45.1,0.37
3057,261,1.95,40.85,1,75.4,85.8,1144,172.4,72.3,0.21,14.242,13.277,4.196,104.0,107.4,73.0,1572,1,45.2,0.37
3058,261,1.95,40.98,1,74.5,85.6,1136,172.1,72.1,0.05,14.289,13.293,4.196,104.0,107.0,73.0,1572,1,45.2,0.36
3059,261,1.95,41.04,1,74.2,85.6,1129,172.0,71.9,0.05,14.336,13.305,4.196,104.0,106.7,73.0,1572,1,45.3,0.37
3060,261,1.95,40.89,1,73.9,85.3,1124,171.9,71.9,-0.56,14.375,13.32,4.196,103.0,106.3,73.0,1572,1,45.3,0.37
3061,261,1.925,40.83,1,73.5,85.2,1119,171.7,71.9,-0.68,14.414,13.332,4.196,103.0,106.0,73.0,1572,1,45.4,0.37
3062,261,1.925,40.96,1,73.4,85.2,1114,171.7,71.9,-0.56,14.445,13.344,4.196,102.0,105.7,73.0,1572,1,45.4,0.37
3063,261,1.925,40.65,1,73.4,85.2,1111,171.6,71.8,-0.84,14.477,13.355,4.196,102.0,105.3,73.0,1572,1,45.5,0.37
3064,261,1.925,40.81,1,72.7,84.89999999999999,1109,171.5,71.5,-1.44,14.508,13.371,4.196,102.0,105.0,73.0,1572,1,45.6,0.37
3065,261,1.925,40.67,1,72.3,84.8,1103,171.4,71.4,-1.55,14.531,13.379,4.196,101.0,104.7,73.0,1572,1,45.6,0.37
3066,261,1.9,40.62,1,72.1,84.7,1099,171.4,71.3,-1.51,14.555,13.391,4.196,101.0,104.4,73.0,1572,1,45.7,0.38
3067,261,1.9,40.74,1,72.2,84.8,1096,171.5,71.4,-1.69,14.586,13.402,4.196,101.0,104.1,73.0,1572,1,45.7,0.37
3068,261,1.9,40.36,1,71.6,84.3,1093,171.5,71.1,-2.88,14.609,13.41,4.196,100.0,103.8,73.0,1573,1,45.8,0.37
3069,261,1.9,40.27,1,70.5,84.0,1086,171.6,70.9,-3.31,14.633,13.418,4.196,100.0,103.5,73.0,1573,1,45.8,0.37
3070,261,1.9,40.67,1,70.1,83.89999999999999,1078,171.5,70.8,-3.37,14.648,13.426,4.196,100.0,103.2,73.0,1573,1,45.9,0.37
3071,261,1.9,40.11,1,69.69999999999999,83.7,1072,171.7,70.7,-4.12,14.664,13.434,4.196,100.0,103.0,73.0,1573,1,46.0,0.37
3072,260,1.875,40.22,1,68.8,83.3,1064,171.7,70.4,-4.42,14.688,13.445,4.196,99.0,102.7,73.0,1573,1,46.0,0.37
3073,260,1.875,40.2,1,68.4,83.2,1055,171.8,70.4,-4.34,14.711,13.449,4.196,99.0,102.5,73.0,1573,1,46.1,0.36
3074,260,1.875,39.96,1,67.9,82.89999999999999,1049,171.9,70.2,-5.32,14.727,13.461,4.196,99.0,102.3,73.0,1573,1,46.1,0.35
3075,260,1.875,39.76,1,66.8,82.5,1040,171.9,69.7,-5.6,14.727,13.469,4.196,99.0,102.1,73.0,1573,1,46.2,0.35
3076,259,1.875,40.06,1,66.4,82.39999999999999,1030,172.0,69.7,-5.63,14.734,13.473,4.196,99.0,101.9,73.0,1573,1,46.2,0.36
3077,259,1.85,40.39,1,66.2,82.3,1024,172.2,69.7,-5.64,14.734,13.48,4.196,99.0,101.7,73.0,1573,1,46.3,0.36
3078,259,1.85,39.76,1,65.9,82.19999999999999,1019,172.3,69.6,-6.54,14.727,13.488,4.196,98.0,101.6,73.0,1573,1,46.4,0.35
3079,258,1.85,40.01,1,64.9,81.69999999999999,1012,172.4,69.4,-6.71,14.727,13.5,4.196,98.0,101.4,73.0,1573,1,46.4,0.35
3080,258,1.85,39.98,1,64.5,81.69999999999999,1004,172.6,69.4,-6.74,14.719,13.504,4.196,98.0,101.3,73.0,1573,1,46.5,0.34
3081,257,1.85,39.98,1,64.5,81.69999999999999,999,172.8,69.3,-6.87,14.711,13.512,4.196,98.0,101.2,73.0,1573,1,46.5,0.35
3082,257,1.825,40.15,1,63.800000000000004,81.2,995,172.9,69.1,-7.4,14.711,13.52,4.196,98.0,101.1,73.0,1573,1,46.6,0.35
3083,256,1.825,39.82,1,63.4,81.2,988,173.1,69.0,-7.48,14.711,13.527,4.196,98.0,101.0,73.0,1573,1,46.6,0.35
3084,256,1.825,39.96,1,63.3,81.2,983,173.3,69.2,-7.46,14.719,13.535,4.197,98.0,100.9,73.0,1573,1,46.7,0.35
3085,255,1.825,39.76,1,63.3,81.2,981,173.6,69.0,-7.4,14.727,13.543,4.196,98.0,100.8,73.0,1573,1,46.7,0.34
3086,255,1.8,39.9,1,63.3,81.10000000000001,979,173.7,69.0,-7.38,14.734,13.551,4.196,98.0,100.7,73.0,1574,1,46.8,0.35
3087,254,1.8,39.72,1,65.2,82.69999999999999,981,173.9,69.7,-7.9,14.742,13.555,4.196,98.0,100.6,73.0,1574,1,46.9,21.01
3088,254,1.8,40.56,1,66.60000000000001,82.69999999999999,1003,174.0,69.9,-8.04,14.734,13.559,4.196,98.0,100.6,73.0,1574,1,47.5,20.57
3089,254,1.8,40.19,1,66.9,82.69999999999999,1018,174.1,70.0,-8.09,14.688,13.562,4.196,98.0,100.5,73.0,1574,1,48.3,20.75
3090,253,1.8,40.1,1,66.9,82.69999999999999,1026,174.2,70.1,-8.09,14.633,13.57,4.196,98.0,100.5,73.0,1574,1,49.0,20.84
3091,253,1.775,40.26,1,66.9,82.69999999999999,1031,174.3,70.0,-8.07,14.57,13.578,4.196,97.0,100.4,73.0,1574,1,49.8,20.85
3092,253,1.775,40.41,1,66.9,82.69999999999999,1034,174.3,70.2,-8.15,14.516,13.59,4.196,97.0,100.4,73.0,1574,1,50.7,20.84
3093,253,1.775,40.25,1,66.9,82.69999999999999,1035,174.4,70.0,-8.12,14.461,13.598,4.197,98.0,100.3,73.0,1574,1,51.5,20.75
3094,253,1.775,40.19,1,66.8,82.69999999999999,1036,174.4,69.9,-8.05,14.414,13.609,4.196,98.0,100.3,73.0,1574,1,52.3,20.79
3095,253,1.775,40.37,1,66.9,82.69999999999999,1037,174.4,70.0,-8.13,14.375,13.621,4.196,97.0,100.3,73.0,1574,1,53.2,20.86
3096,252,1.775,40.3,1,66.9,82.69999999999999,1038,174.4,70.1,-8.08,14.336,13.633,4.197,97.0,100.2,73.0,1574,1,54.0,20.79
3097,252,1.75,40.39,1,67.0,82.69999999999999,1038,174.3,70.1,-8.05,14.305,13.641,4.196,97.0,100.2,73.0,1574,1,54.8,20.85
3098,252,1.75,40.26,1,67.0,82.69999999999999,1037,174.3,70.1,-8.1,14.266,13.652,4.196,98.0,100.2,73.0,1574,1,55.7,20.77
3099,252,1.75,40.5,1,66.9,82.39999999999999,1035,174.1,70.1,-8.74,14.211,13.664,4.196,97.0,100.2,73.0,1574,1,56.7,20.51
3100,251,1.75,40.11,1,65.9,81.5,1026,174.0,69.8,-10.2,14.055,13.676,4.196,98.0,100.1,73.0,1574,1,57.5,19.77
3101,251,1.75,39.8,1,64.2,80.7,1008,174.0,69.4,-12.12,13.703,13.684,4.196,97.0,100.1,73.0,1574,1,58.4,19.47
3102,250,1.725,39.62,1,62.4,79.9,985,173.9,68.7,-13.35,13.188,13.695,4.196,97.0,99.9,73.0,1574,1,59.2,19.44
3103,250,1.725,39.76,1,61.7,79.80000000000001,965,173.9,68.6,-13.48,12.57,13.703,4.196,97.0,99.6,73.0,1574,1,60.0,19.47
3104,249,1.725,39.74,1,61.5,79.80000000000001,954,174.0,68.5,-13.44,11.93,13.715,4.197,97.0,99.3,73.0,1575,1,60.7,19.67
3105,249,1.725,39.83,1,61.6,79.80000000000001,946,174.0,68.6,-13.46,11.281,13.727,4.196,96.0,98.8,73.0,1575,1,61.5,19.85
3106,248,1.7,39.77,1,61.7,79.9,942,174.1,68.6,-13.5,10.664,13.738,4.196,95.0,98.2,73.0,1575,1,62.3,20.05
3107,247,1.7,39.88,1,61.7,79.9,939,174.0,68.6,-13.63,10.07,13.746,4.196,95.0,97.5,73.0,1575,1,63.0,20.28
3108,247,1.7,39.8,1,61.9,79.9,938,174.0,68.7,-13.36,9.531,13.758,4.196,94.0,96.7,73.0,1575,1,63.7,20.39
3109,246,1.675,39.93,1,62.1,80.10000000000001,938,174.1,68.8,-13.16,9.039,13.77,4.196,93.0,95.9,73.0,1575,1,64.3,20.4
3110,246,1.675,39.79,1,62.3,80.2,940,174.1,68.8,-13.2,8.586,13.781,4.196,92.0,95.0,73.0,1575,1,65.0,20.35
3111,245,1.675,40.08,1,62.5,80.2,942,174.2,68.8,-13.11,8.18,13.789,4.197,91.0,94.1,73.0,1575,1,65.6,20.39
3112,245,1.675,40.07,1,62.5,80.2,943,174.2,68.9,-13.2,7.82,13.801,4.196,90.0,93.1,73.0,1575,1,66.2,20.35
3113,245,1.65,39.85,1,62.6,80.30000000000001,944,174.3,69.0,-13.17,7.508,13.812,4.196,88.0,92.2,73.0,1575,1,66.8,20.41
3114,244,1.65,40.12,1,62.7,80.30000000000001,945,174.3,68.8,-13.4,7.219,13.824,4.196,87.0,91.2,73.0,1575,1,67.3,20.36
3115,244,1.65,40.05,1,62.6,80.30000000000001,945,174.3,69.1,-13.3,6.961,13.832,4.197,86.0,90.2,73.0,1575,1,67.9,20.45
3116,243,1.625,40.13,1,62.7,80.30000000000001,945,174.3,69.2,-13.21,6.719,13.844,4.196,85.0,89.3,73.0,1575,1,68.5,20.47
3117,243,1.625,39.98,1,62.6,80.2,946,174.2,69.1,-13.73,6.531,13.855,4.196,84.0,88.4,73.0,1575,1,69.0,20.23
3118,243,1.625,40.01,1,62.4,80.2,944,174.1,69.0,-13.85,6.359,13.867,4.196,84.0,87.5,73.0,1575,1,69.5,20.13
3119,242,1.625,40.07,1,62.4,80.2,943,174.0,68.8,-13.85,6.227,13.875,4.196,82.0,86.6,73.0,1575,1,70.1,20.16
3120,242,1.6,40.02,1,62.4,80.2,943,173.9,68.8,-13.83,6.094,13.887,4.196,81.0,85.8,73.0,1575,1,70.5,20.24
3121,241,1.6,40.17,1,62.5,80.30000000000001,943,173.9,69.1,-12.98,5.984,13.898,4.197,80.0,84.9,73.0,1576,1,71.1,20.47
3122,241,1.6,40.38,1,63.5,80.80000000000001,946,173.8,69.4,-11.03,5.891,13.91,4.196,79.0,84.1,73.0,1576,1,71.6,20.63
3123,241,1.575,40.76,1,65.2,81.5,956,173.8,69.9,-9.78,5.789,13.922,4.197,79.0,83.4,73.0,1576,1,72.1,20.84
3124,241,1.575,40.77,1,66.60000000000001,82.1,971,173.6,70.1,-9.29,5.719,13.934,4.196,78.0,82.6,73.0,1576,1,72.6,20.78
3125,241,1.575,40.45,1,67.10000000000001,82.19999999999999,985,173.4,70.2,-9.32,5.664,13.945,4.197,77.0,81.9,73.0,1576,1,73.1,20.74
3126,240,1.55,40.74,1,67.10000000000001,82.1,992,173.2,70.2,-9.34,5.625,13.953,4.197,76.0,81.2,73.0,1576,1,73.5,20.61
3127,240,1.55,40.76,1,67.30000000000001,82.3,996,173.1,70.3,-8.64,5.594,13.965,4.196,76.0,80.6,73.0,1576,1,74.1,20.84
3128,240,1.55,40.9,1,68.30000000000001,82.69999999999999,1003,172.9,70.7,-8.08,5.594,13.977,4.197,76.0,79.9,73.0,1576,1,74.5,20.77
3129,240,1.525,40.7,1,68.60000000000001,82.8,1010,172.7,70.7,-7.84,5.602,13.988,4.196,76.0,79.3,73.0,1576,1,75.1,20.76
3130,240,1.525,41.19,1,69.3,83.1,1017,172.6,70.8,-6.73,5.609,13.996,4.196,74.0,78.7,73.0,1576,1,75.5,20.93
3131,240,1.525,41.22,1,70.5,83.6,1027,172.3,71.1,-6.26,5.633,14.008,4.196,74.0,78.2,74.0,1576,1,76.0,20.89
3132,240,1.525,40.9,1,71.2,83.8,1038,172.0,71.2,-6.2,5.664,14.016,4.197,73.0,77.7,74.0,1576,1,76.6,20.75
3133,239,1.525,41.1,1,71.39999999999999,83.89999999999999,1046,171.7,71.5,-6.16,5.695,14.023,4.196,72.0,77.1,74.0,1576,1,77.1,20.84
3134,239,1.5,40.8,1,71.2,83.8,1050,171.4,71.3,-6.63,5.742,14.031,4.197,72.0,76.6,74.0,1576,1,77.5,20.58
3135,239,1.5,40.79,1,70.3,83.3,1050,171.0,71.2,-7.57,5.789,14.039,4.197,72.0,76.2,74.0,1576,1,78.0,19.9
3136,239,1.5,40.68,1,69.1,82.8,1043,170.7,70.8,-8.29,5.836,14.051,4.196,71.0,75.7,74.0,1576,1,78.4,19.86
3137,239,1.5,40.75,1,68.5,82.69999999999999,1035,170.4,70.7,-8.3,5.875,14.059,4.197,71.0,75.3,74.0,1576,1,78.9,19.9
3138,238,1.475,40.75,1,68.4,82.69999999999999,1029,170.0,70.6,-8.36,5.914,14.066,4.197,70.0,74.9,74.0,1576,1,79.4,19.9
3139,238,1.475,40.91,1,68.4,82.69999999999999,1026,169.7,70.7,-7.68,5.961,14.074,4.196,70.0,74.5,74.0,1576,1,79.8,19.88
3140,238,1.475,40.97,1,69.3,83.2,1027,169.4,70.8,-7.0,6.0,14.082,4.196,69.0,74.1,74.0,1577,1,80.3,20.66
3141,238,1.475,41.05,1,69.89999999999999,83.3,1033,169.0,70.9,-6.92,6.039,14.09,4.197,69.0,73.7,74.0,1577,1,80.8,20.75
3142,238,1.475,40.98,1,70.0,83.3,1038,168.7,70.9,-7.0,6.086,14.098,4.197,68.0,73.4,74.0,1577,1,81.3,20.51
3143,238,1.45,40.86,1,70.0,83.3,1040,168.6,71.0,-6.99,6.125,14.105,4.197,68.0,73.1,74.0,1577,1,81.8,20.49
3144,238,1.45,41.14,1,70.19999999999999,83.5,1042,168.3,71.1,-6.58,6.164,14.113,4.197,67.0,72.7,74.0,1577,1,82.2,20.76
3145,238,1.45,41.04,1,70.6,83.6,1045,168.0,71.2,-6.57,6.203,14.121,4.196,67.0,72.4,74.0,1577,1,82.7,20.63
3146,238,1.45,41.11,1,70.6,83.6,1048,167.8,71.1,-6.49,6.25,14.133,4.197,67.0,72.2,74.0,1577,1,83.2,20.69
3147,238,1.425,40.89,1,70.6,83.6,1049,167.7,71.1,-6.59,6.297,14.141,4.196,67.0,71.9,74.0,1577,1,83.7,20.65
3148,238,1.425,41.0,1,70.5,83.5,1050,167.5,71.3,-6.77,6.344,14.148,4.197,67.0,71.6,74.0,1577,1,84.1,20.56
3149,238,1.425,40.89,1,70.39999999999999,83.5,1050,167.3,71.1,-6.66,6.391,14.156,4.196,67.0,71.4,74.0,1577,1,84.7,20.53
3150,238,1.425,41.08,1,70.5,83.6,1050,167.2,71.1,-6.48,6.438,14.164,4.196,67.0,71.1,74.0,1577,1,85.1,20.7
3151,238,1.4,41.0,1,70.6,83.6,1051,166.9,71.1,-6.57,6.484,14.172,4.197,66.0,70.9,74.0,1577,1,85.6,20.7
3152,238,1.4,40.97,1,70.5,83.5,1051,166.8,71.1,-6.51,6.531,14.18,4.196,67.0,70.6,74.0,1577,1,86.2,20.62
3153,238,1.4,40.94,1,70.5,83.6,1051,166.6,71.0,-6.52,6.57,14.188,4.197,66.0,70.4,74.0,1577,1,86.6,20.65
3154,238,1.4,41.02,1,70.6,83.6,1051,166.3,71.2,-6.47,6.625,14.195,4.197,66.0,70.2,74.0,1577,1,87.1,20.81
3155,238,1.4,41.01,1,70.6,83.6,1051,166.2,71.1,-6.53,6.672,14.203,4.197,66.0,70.0,74.0,1577,1,87.6,20.76
3156,238,1.375,41.01,1,70.5,83.5,1051,166.0,71.0,-6.75,6.719,14.211,4.196,66.0,69.9,74.0,1577,1,88.1,20.65
3157,237,1.375,41.12,1,70.39999999999999,83.5,1050,165.9,71.0,-6.56,6.766,14.219,4.197,66.0,69.7,74.0,1577,1,88.6,20.81
3158,237,1.375,40.95,1,70.39999999999999,83.5,1051,165.7,71.1,-6.88,6.812,14.227,4.197,66.0,69.5,74.0,1578,1,89.1,20.73
3159,237,1.35,40.74,1,69.89999999999999,83.2,1049,165.6,71.0,-7.16,6.852,14.238,4.196,66.0,69.3,74.0,1578,1,89.6,20.16
3160,237,1.35,40.95,1,69.6,83.2,1046,165.3,70.9,-7.38,6.891,14.246,4.197,66.0,69.2,74.0,1578,1,90.1,20.12
3161,237,1.35,40.75,1,69.39999999999999,83.1,1043,165.2,70.7,-7.24,6.93,14.254,4.197,66.0,69.0,74.0,1578,1,90.6,20.01
3162,236,1.35,41.01,1,69.3,83.1,1040,165.1,70.7,-7.19,6.969,14.262,4.197,65.0,68.9,74.0,1578,1,91.0,19.99
3163,236,1.35,41.13,1,69.8,83.39999999999999,1040,165.1,70.9,-6.33,7.008,14.27,4.197,65.0,68.7,74.0,1578,1,91.6,20.75
3164,236,1.325,41.11,1,71.0,83.89999999999999,1045,165.0,71.1,-5.3,7.062,14.277,4.196,64.0,68.6,74.0,1578,1,92.0,20.86
3165,236,1.325,41.18,1,72.0,84.3,1054,164.9,71.7,-4.97,7.109,14.285,4.197,64.0,68.4,74.0,1578,1,92.5,20.98
3166,236,1.325,41.35,1,72.5,84.3,1063,164.7,71.8,-5.03,7.172,14.293,4.196,64.0,68.3,74.0,1578,1,93.0,20.8
3167,236,1.325,41.15,1,72.5,84.39999999999999,1069,164.5,71.8,-5.03,7.227,14.305,4.197,64.0,68.2,74.0,1578,1,93.6,20.87
3168,236,1.3,41.28,1,72.5,84.39999999999999,1072,164.4,71.8,-5.01,7.281,14.312,4.197,64.0,68.1,74.0,1578,1,94.1,20.72
3169,236,1.3,41.08,1,72.39999999999999,84.3,1074,164.4,71.7,-5.11,7.328,14.32,4.197,64.0,67.9,74.0,1578,1,94.6,20.54
3170,236,1.3,41.27,1,72.3,84.3,1074,164.2,71.7,-5.16,7.391,14.328,4.197,64.0,67.8,74.0,1578,1,95.1,20.56
3171,236,1.3,41.22,1,72.39999999999999,84.39999999999999,1074,164.0,71.7,-5.09,7.445,14.336,4.197,64.0,67.7,74.0,1578,1,95.6,20.7
3172,236,1.275,41.22,1,72.39999999999999,84.3,1075,163.9,71.7,-5.2,7.5,14.344,4.196,64.0,67.6,74.0,1578,1,96.1,20.63
3173,236,1.275,41.16,1,72.3,84.3,1074,163.7,71.7,-5.11,7.555,14.352,4.196,64.0,67.5,74.0,1578,1,96.6,20.68
3174,236,1.275,41.16,1,72.3,84.3,1075,163.5,71.7,-5.08,7.609,14.363,4.196,64.0,67.4,74.0,1578,1,97.2,20.55
3175,236,1.275,41.2,1,72.39999999999999,84.39999999999999,1075,163.3,71.7,-4.98,7.664,14.371,4.197,64.0,67.3,74.0,1578,1,97.7,20.76
3176,236,1.25,41.15,1,72.39999999999999,84.39999999999999,1076,163.2,71.9,-5.14,7.719,14.379,4.197,64.0,67.2,74.0,1578,1,98.2,20.61
3177,236,1.25,41.16,1,72.3,84.3,1076,162.9,71.7,-5.07,7.766,14.387,4.197,64.0,67.1,74.0,1579,1,98.7,20.55
3178,236,1.25,41.09,1,72.3,84.3,1075,162.7,71.8,-4.91,7.82,14.395,4.197,64.0,67.1,74.0,1579,1,99.2,20.59
3179,236,1.25,41.26,1,72.39999999999999,84.3,1076,162.7,71.8,-5.06,7.867,14.402,4.196,64.0,67.0,74.0,1579,1,99.8,20.64
3180,236,1.225,41.07,1,72.2,84.3,1076,162.5,71.7,-5.18,7.922,14.41,4.197,63.0,66.9,74.0,1579,1,100.3,20.51
3181,236,1.225,41.12,1,72.1,84.2,1075,162.3,71.8,-5.35,7.969,14.418,4.197,64.0,66.8,74.0,1579,1,100.8,20.48
3182,236,1.225,41.02,1,71.6,84.0,1073,162.1,71.7,-6.2,8.023,14.426,4.196,64.0,66.8,74.0,1579,1,101.3,19.87
3183,236,1.225,40.87,1,70.3,83.39999999999999,1067,162.1,71.1,-7.38,8.07,14.434,4.197,63.0,66.7,74.0,1579,1,101.8,19.68
3184,236,1.2,40.82,1,68.8,82.8,1055,162.1,70.7,-8.5,8.109,14.441,4.197,64.0,66.7,74.0,1579,1,102.3,19.56
3185,236,1.2,40.35,1,67.4,82.3,1040,162.0,70.4,-9.32,8.148,14.449,4.197,63.0,66.6,74.0,1579,1,102.7,19.34
3186,236,1.2,40.37,1,66.60000000000001,82.0,1026,162.1,70.1,-9.46,8.188,14.457,4.197,63.0,66.5,74.0,1579,1,103.2,19.17
3187,236,1.2,40.69,1,66.4,82.0,1016,162.1,70.0,-9.52,8.219,14.465,4.196,63.0,66.5,74.0,1579,1,103.6,19.21
3188,236,1.175,40.64,1,66.5,82.19999999999999,1011,162.0,70.1,-8.24,8.258,14.473,4.197,63.0,66.4,74.0,1579,1,104.1,19.62
3189,235,1.175,41.05,1,68.2,83.0,1013,162.1,70.6,-6.45,8.289,14.484,4.197,63.0,66.4,74.0,1579,1,104.6,20.53
3190,235,1.175,41.11,1,70.19999999999999,83.7,1026,162.2,71.1,-5.87,8.344,14.492,4.197,63.0,66.3,74.0,1579,1,105.0,20.72
3191,236,1.175,41.03,1,70.89999999999999,83.8,1040,162.2,71.4,-5.89,8.391,14.5,4.197,63.0,66.2,74.0,1579,1,105.5,20.58
3192,236,1.15,41.21,1,70.89999999999999,83.8,1049,162.2,71.5,-5.88,8.445,14.508,4.197,63.0,66.2,74.0,1579,1,106.0,20.51
3193,236,1.15,40.86,1,71.0,83.89999999999999,1054,162.2,71.6,-5.66,8.5,14.516,4.197,63.0,66.2,74.0,1579,1,106.6,20.57
3194,236,1.15,41.09,1,71.0,83.89999999999999,1056,162.3,71.5,-5.86,8.555,14.523,4.197,63.0,66.1,74.0,1579,1,107.0,20.44
3195,236,1.15,41.35,1,70.8,83.7,1057,162.3,71.4,-6.06,8.602,14.531,4.197,63.0,66.1,74.0,1579,1,107.5,20.25
3196,236,1.125,40.74,1,70.6,83.7,1056,162.4,71.3,-6.29,8.656,14.543,4.197,63.0,66.0,74.0,1579,1,108.0,20.19
3197,236,1.125,40.98,1,70.39999999999999,83.7,1055,162.4,71.3,-6.08,8.703,14.551,4.196,63.0,66.0,74.0,1580,1,108.6,20.1
3198,236,1.125,40.94,1,70.5,83.7,1055,162.3,71.3,-6.45,8.758,14.559,4.197,63.0,65.9,74.0,1580,1,109.0,20.16
3199,237,1.125,40.59,1,69.5,83.2,1053,162.3,70.8,-8.3,8.812,14.566,4.197,63.0,65.9,74.0,1580,1,109.4,19.75
3200,236,1.1,40.33,1,66.9,81.8,1041,162.2,70.2,-10.79,8.859,14.578,4.197,63.0,65.9,74.0,1580,1,109.9,19.02
3201,236,1.1,40.19,1,64.4,81.0,1018,162.1,69.5,-12.3,8.898,14.586,4.197,63.0,65.8,74.0,1580,1,110.3,18.74
3202,236,1.1,39.97,1,63.0,80.5,996,162.0,69.1,-13.34,8.938,14.594,4.197,63.0,65.8,74.0,1580,1,110.6,18.62
3203,235,1.1,39.82,1,62.0,80.10000000000001,978,162.1,68.9,-14.54,8.961,14.602,4.197,63.0,65.8,74.0,1580,1,111.0,18.46
3204,235,1.075,39.22,1,59.5,78.4,960,162.2,68.1,-16.21,8.992,14.609,4.197,63.0,65.7,74.0,1580,1,111.4,17.79
3205,234,1.075,38.59,1,54.400000000000006,75.8,928,162.3,66.4,-18.45,9.008,14.617,4.197,63.0,65.7,74.0,1580,1,111.7,17.6
3206,233,1.075,38.31,1,47.9,71.5,885,162.5,64.5,-20.21,9.023,14.625,4.197,63.0,65.7,74.0,1580,1,112.0,18.1
3207,231,1.075,38.75,1,44.4,70.5,846,162.8,63.8,-20.59,9.023,14.629,4.197,63.0,65.6,74.0,1580,1,112.3,18.34
3208,230,1.05,38.83,1,43.4,70.39999999999999,829,163.0,63.8,-20.68,9.031,14.602,4.197,63.0,65.6,74.0,1580,1,112.6,18.36
3209,229,1.05,38.78,1,43.1,70.39999999999999,823,163.3,63.7,-20.69,9.031,14.582,4.197,63.0,65.5,74.0,1580,1,113.0,18.36
3210,227,1.05,38.72,1,43.1,70.39999999999999,819,163.6,63.6,-20.67,9.039,14.57,4.197,62.0,65.5,74.0,1580,1,113.3,18.37
3211,226,1.05,38.81,1,43.1,70.39999999999999,816,163.9,63.6,-20.43,9.039,14.566,4.197,62.0,65.4,74.0,1580,1,113.6,18.38
3212,225,1.025,38.77,1,43.1,70.39999999999999,814,164.2,63.7,-19.67,9.047,14.562,4.197,63.0,65.4,74.0,1580,1,113.9,18.37
3213,223,1.025,38.87,1,43.4,70.39999999999999,811,164.4,63.7,-19.57,9.047,14.562,4.196,62.0,65.3,74.0,1580,1,114.2,18.39
3214,222,1.025,38.92,1,43.5,70.5,810,164.8,63.8,-19.52,9.047,14.559,4.197,62.0,65.2,74.0,1580,1,114.5,18.39
3215,220,1.0,38.79,1,43.6,70.6,808,165.2,63.8,-19.48,9.039,14.555,4.197,62.0,65.2,74.0,1580,1,114.8,18.48
3216,219,1.0,38.74,1,43.6,70.6,807,165.8,63.8,-19.48,9.031,14.551,4.197,62.0,65.1,74.0,1580,1,115.0,18.52
3217,218,1.0,39.12,1,43.9,70.89999999999999,806,166.3,64.0,-18.82,9.023,14.547,4.197,62.0,65.0,74.0,1580,1,115.3,18.78
3218,217,1.0,39.05,1,45.800000000000004,72.8,813,166.8,65.0,-18.35,9.016,14.551,4.197,62.0,65.0,74.0,1581,1,115.5,19.3
3219,216,0.975,39.33,1,47.199999999999996,73.3,825,167.2,65.2,-18.27,9.016,14.551,4.197,62.0,64.9,74.0,1581,1,115.8,19.45
3220,215,0.975,39.26,1,47.699999999999996,73.4,831,167.6,65.3,-18.25,9.008,14.555,4.197,62.0,64.8,74.0,1581,1,116.1,19.28
3221,214,0.975,39.22,1,47.8,73.4,832,168.0,65.3,-18.28,9.008,14.555,4.197,62.0,64.8,74.0,1581,1,116.3,19.21
3222,213,0.975,39.12,1,47.8,73.3,831,168.3,65.2,-18.28,9.0,14.559,4.197,62.0,64.7,74.0,1581,1,116.6,19.18
3223,213,0.95,39.09,1,47.699999999999996,73.3,831,168.6,65.3,-18.41,9.0,14.559,4.197,62.0,64.6,74.0,1581,1,116.9,19.01
3224,212,0.95,39.31,1,47.599999999999994,73.2,830,168.8,65.2,-18.36,8.992,14.559,4.197,62.0,64.6,74.0,1581,1,117.0,19.02
3225,212,0.95,39.3,1,47.5,73.2,829,169.0,65.4,-18.26,8.984,14.559,4.197,62.0,64.5,74.0,1581,1,117.3,18.98
3226,211,0.925,39.17,1,47.699999999999996,73.4,829,169.2,65.3,-18.27,8.977,14.562,4.197,62.0,64.4,74.0,1581,1,117.5,19.01
3227,210,0.925,39.22,1,47.699999999999996,73.4,829,169.3,65.3,-18.24,8.977,14.562,4.197,62.0,64.4,74.0,1581,1,117.7,19.13
3228,210,0.925,39.31,1,47.699999999999996,73.3,830,169.3,65.3,-18.26,8.977,14.566,4.196,62.0,64.3,74.0,1581,1,117.9,18.99
3229,209,0.925,39.28,1,47.699999999999996,73.3,830,169.3,65.3,-18.37,8.984,14.57,4.197,62.0,64.3,74.0,1581,1,118.1,18.9
3230,209,0.9,39.3,1,47.5,73.3,829,169.3,65.2,-18.35,8.984,14.574,4.197,62.0,64.2,74.0,1581,1,118.2,18.85
3231,208,0.9,39.58,1,47.5,73.2,829,169.3,65.3,-17.89,9.0,14.574,4.197,62.0,64.2,74.0,1581,1,118.5,19.06
3232,208,0.9,40.26,1,49.6,75.2,835,169.3,66.2,-16.1,9.0,14.582,4.197,62.0,64.1,74.0,1581,1,118.6,20.19
3233,207,0.9,40.57,1,54.400000000000006,78.10000000000001,863,169.3,67.6,-14.22,9.023,14.582,4.197,62.0,64.1,74.0,1581,1,118.8,20.38
3234,206,0.9,40.66,1,60.0,80.30000000000001,904,169.3,68.9,-13.0,9.062,14.582,4.197,62.0,64.0,74.0,1581,1,119.1,20.42
3235,205,0.9,41.08,1,62.2,80.7,930,169.2,69.3,-12.05,9.109,14.582,4.197,62.0,64.0,74.0,1581,1,119.3,20.51
3236,205,0.875,40.81,1,63.0,80.9,943,169.0,69.6,-11.73,9.148,14.586,4.197,62.0,63.9,74.0,1581,1,119.6,20.37
3237,204,0.875,40.8,1,63.2,80.9,951,168.9,69.7,-11.79,9.188,14.586,4.197,62.0,63.9,74.0,1581,1,119.9,20.35
3238,203,0.875,40.79,1,63.2,80.9,955,168.8,69.7,-11.79,9.219,14.582,4.197,62.0,63.9,74.0,1581,1,120.1,20.18
3239,202,0.875,41.03,1,63.6,81.3,958,168.7,69.7,-10.73,9.242,14.582,4.197,62.0,63.9,74.0,1581,1,120.3,20.64
3240,201,0.875,41.08,1,64.7,81.8,966,168.4,70.0,-9.51,9.266,14.582,4.197,62.0,63.8,74.0,1581,1,120.6,20.61
3241,200,0.875,41.42,1,66.0,82.3,978,168.2,70.2,-8.91,9.281,14.582,4.197,62.0,63.8,74.0,1582,1,120.9,20.8
3242,198,0.875,41.11,1,66.60000000000001,82.3,991,167.8,70.4,-8.9,9.305,14.586,4.197,62.0,63.8,74.0,1581,1,121.1,20.63
3243,197,0.875,41.17,1,66.7,82.39999999999999,999,167.4,70.4,-8.9,9.32,14.586,4.197,62.0,63.8,74.0,1581,1,121.4,20.64
3244,196,0.875,41.14,1,66.8,82.39999999999999,1004,166.8,70.4,-8.8,9.344,14.582,4.197,62.0,63.8,74.0,1581,1,121.6,20.49
3245,195,0.875,41.48,1,67.2,82.6,1008,166.4,70.6,-7.86,9.359,14.578,4.197,62.0,63.8,74.0,1582,1,121.9,20.76
3246,194,0.85,41.26,1,68.0,82.89999999999999,1016,165.9,70.7,-7.75,9.375,14.582,4.197,62.0,63.8,74.0,1582,1,122.2,20.73
3247,193,0.85,41.33,1,68.2,82.89999999999999,1022,165.5,70.7,-7.64,9.391,14.582,4.197,62.0,63.8,74.0,1582,1,122.5,20.68
3248,192,0.85,41.32,1,68.2,82.89999999999999,1026,165.0,70.7,-7.72,9.406,14.582,4.197,62.0,63.8,74.0,1582,1,122.8,20.71
3249,191,0.85,41.32,1,68.2,82.89999999999999,1028,164.7,70.7,-7.73,9.414,14.582,4.197,62.0,63.8,74.0,1582,1,123.1,20.66
3250,190,0.85,41.33,1,68.30000000000001,83.0,1029,164.2,70.7,-7.24,9.422,14.586,4.197,62.0,63.9,74.0,1582,1,123.3,20.73
3251,189,0.85,41.38,1,69.1,83.39999999999999,1033,163.8,71.0,-6.12,9.438,14.582,4.197,62.0,63.9,74.0,1582,1,123.7,20.92
3252,188,0.85,41.64,1,70.6,84.1,1042,163.4,71.4,-4.89,9.453,14.586,4.197,62.0,63.9,74.0,1582,1,123.9,21.01
3253,187,0.85,41.75,1,72.2,84.6,1056,163.1,71.8,-4.09,9.461,14.59,4.197,62.0,63.9,74.0,1582,1,124.3,21.07
3254,186,0.85,41.59,1,73.0,84.8,1071,162.6,72.1,-4.08,9.484,14.594,4.197,62.0,64.0,74.0,1582,1,124.6,20.97
3255,185,0.85,41.64,1,73.2,84.89999999999999,1081,162.3,72.0,-4.06,9.516,14.594,4.197,62.0,64.0,74.0,1582,1,124.9,21.05
3256,184,0.85,41.78,1,73.2,84.89999999999999,1086,161.9,72.1,-4.04,9.539,14.594,4.197,62.0,64.0,74.0,1582,1,125.2,20.98
3257,183,0.85,41.72,1,73.2,84.89999999999999,1089,161.6,72.1,-4.09,9.555,14.602,4.197,62.0,64.1,74.0,1582,1,125.5,20.9
3258,182,0.85,41.55,1,73.2,84.8,1091,161.2,72.3,-4.04,9.57,14.602,4.197,62.0,64.1,74.0,1582,1,125.8,20.86
3259,181,0.85,41.72,1,73.2,84.89999999999999,1092,160.9,72.2,-4.04,9.586,14.602,4.197,62.0,64.1,74.0,1582,1,126.1,20.9
3260,180,0.85,41.45,1,72.89999999999999,84.7,1093,160.6,72.0,-5.08,9.602,14.602,4.197,62.0,64.2,74.0,1582,1,126.5,20.5
3261,180,0.85,41.14,1,71.1,83.8,1089,160.2,71.4,-6.64,9.609,14.602,4.197,62.0,64.2,74.0,1582,1,126.8,20.01
3262,178,0.85,41.05,1,69.69999999999999,83.39999999999999,1075,159.8,71.1,-6.89,9.609,14.602,4.197,62.0,64.2,74.0,1582,1,127.1,20.08
3263,177,0.85,41.31,1,69.3,83.39999999999999,1065,159.6,71.0,-6.84,9.617,14.602,4.197,62.0,64.3,74.0,1582,1,127.4,19.98
3264,176,0.85,41.16,1,69.3,83.39999999999999,1059,159.3,70.8,-6.8,9.617,14.598,4.197,62.0,64.3,74.0,1582,1,127.7,20.01
3265,175,0.85,41.12,1,69.3,83.39999999999999,1056,159.1,70.9,-6.54,9.625,14.59,4.197,62.0,64.3,74.0,1582,1,128.0,20.05
3266,173,0.85,41.74,1,70.39999999999999,84.0,1056,158.8,71.1,-4.65,9.625,14.59,4.197,62.0,64.4,74.0,1582,1,128.3,20.82
3267,172,0.85,41.68,1,72.7,84.89999999999999,1067,158.6,71.7,-3.29,9.641,14.586,4.197,62.0,64.4,74.0,1582,1,128.7,21.1
3268,172,0.85,41.66,1,74.1,85.3,1083,158.4,72.3,-2.87,9.656,14.586,4.197,62.0,64.4,74.0,1582,1,129.0,21.18
3269,171,0.85,41.71,1,74.6,85.39999999999999,1095,158.3,72.4,-3.05,9.664,14.586,4.197,62.0,64.5,74.0,1583,1,129.4,21.03
3270,171,0.85,41.68,1,74.5,85.39999999999999,1103,158.2,72.4,-3.08,9.672,14.59,4.197,62.0,64.5,74.0,1583,1,129.7,21.0
3271,170,0.85,41.46,1,74.5,85.39999999999999,1106,158.0,72.5,-3.25,9.664,14.59,4.197,62.0,64.5,74.0,1583,1,130.1,20.93
3272,170,0.85,41.3,1,74.0,85.1,1107,157.9,72.4,-4.2,9.656,14.59,4.197,62.0,64.6,74.0,1583,1,130.4,20.16
3273,170,0.85,41.41,1,72.7,84.5,1102,157.8,72.1,-5.36,9.641,14.59,4.197,62.0,64.6,74.0,1583,1,130.7,20.04
3274,170,0.85,41.3,1,71.39999999999999,84.1,1092,157.6,71.6,-5.65,9.625,14.594,4.197,62.0,64.6,74.0,1583,1,131.1,19.99
3275,170,0.85,41.17,1,71.0,84.0,1083,157.4,71.4,-5.7,9.617,14.594,4.197,62.0,64.6,74.0,1583,1,131.3,20.0
3276,170,0.85,41.11,1,70.89999999999999,84.0,1078,157.2,71.4,-5.7,9.617,14.59,4.197,63.0,64.7,74.0,1583,1,131.7,19.94
3277,170,0.85,41.11,1,70.89999999999999,84.0,1075,157.0,71.4,-5.7,9.625,14.594,4.197,63.0,64.7,74.0,1583,1,132.0,20.06
3278,170,0.85,41.16,1,70.8,83.89999999999999,1072,156.9,71.3,-5.69,9.641,14.598,4.197,63.0,64.7,74.0,1583,1,132.3,19.98
3279,169,0.85,41.31,1,70.8,84.0,1071,156.7,71.4,-5.69,9.648,14.598,4.197,63.0,64.8,74.0,1583,1,132.6,20.09
3280,169,0.85,41.16,1,70.8,84.0,1070,156.6,71.3,-5.68,9.656,14.598,4.197,63.0,64.8,74.0,1583,1,132.9,20.09
3281,169,0.85,41.36,1,70.89999999999999,84.0,1070,156.4,71.3,-5.71,9.664,14.598,4.197,63.0,64.8,74.0,1583,1,133.2,20.13
3282,169,0.85,41.37,1,70.89999999999999,84.0,1070,156.5,71.4,-5.34,9.664,14.594,4.197,63.0,64.8,74.0,1583,1,133.5,20.18
3283,169,0.85,41.52,1,71.6,84.5,1072,156.6,71.5,-4.24,9.672,14.594,4.197,63.0,64.9,74.0,1583,1,133.8,20.97
3284,169,0.85,41.59,1,72.89999999999999,84.89999999999999,1080,156.6,71.9,-3.93,9.688,14.594,4.197,63.0,64.9,74.0,1583,1,134.1,20.91
3285,169,0.85,41.53,1,73.2,84.89999999999999,1087,156.6,72.0,-4.03,9.695,14.59,4.197,63.0,64.9,74.0,1583,1,134.4,20.93
3286,169,0.85,41.31,1,73.2,84.89999999999999,1092,156.6,72.2,-3.92,9.703,14.59,4.197,63.0,64.9,74.0,1583,1,134.8,20.85
3287,169,0.85,41.55,1,73.3,85.0,1094,156.6,72.1,-3.87,9.711,14.59,4.197,63.0,64.9,74.0,1583,1,135.2,20.92
3288,169,0.85,41.55,1,73.7,85.1,1096,156.7,72.2,-3.01,9.719,14.59,4.197,63.0,65.0,74.0,1583,1,135.5,20.88
3289,169,0.85,41.81,1,74.5,85.5,1101,156.7,72.4,-2.56,9.719,14.59,4.197,63.0,65.0,74.0,1583,1,135.8,21.29
3290,170,0.85,41.52,1,74.9,85.6,1108,156.7,72.7,-2.36,9.727,14.59,4.197,63.0,65.0,74.0,1583,1,136.2,21.09
3291,170,0.85,41.61,1,75.0,85.6,1113,156.5,72.7,-2.38,9.727,14.594,4.197,63.0,65.0,74.0,1583,1,136.6,21.1
3292,170,0.85,41.54,1,75.0,85.6,1116,156.4,72.6,-2.52,9.727,14.586,4.197,63.0,65.1,74.0,1583,1,136.9,20.98
3293,170,0.875,41.77,1,74.9,85.6,1116,156.3,72.6,-2.52,9.727,14.582,4.197,63.0,65.1,74.0,1583,1,137.2,20.97
3294,170,0.875,41.56,1,74.9,85.6,1116,156.2,72.7,-2.99,9.711,14.582,4.197,63.0,65.1,74.0,1583,1,137.5,21.01
3295,169,0.875,41.22,1,73.8,85.0,1114,156.1,72.4,-5.07,9.703,14.582,4.197,63.0,65.1,74.0,1583,1,137.9,19.96
3296,169,0.875,40.7,1,71.2,83.8,1102,155.9,71.6,-7.39,9.68,14.578,4.197,63.0,65.1,74.0,1584,1,138.1,19.67
3297,168,0.875,40.37,1,68.0,82.5,1078,155.9,70.4,-10.46,9.648,14.57,4.197,63.0,65.1,74.0,1584,1,138.4,19.0
3298,167,0.875,40.09,1,64.3,81.0,1044,155.9,69.6,-13.82,9.609,14.566,4.197,63.0,65.1,74.0,1584,1,138.6,18.54
3299,166,0.875,38.52,1,59.599999999999994,78.5,1006,156.0,68.2,-17.24,9.57,14.562,4.197,63.0,65.2,74.0,1584,1,138.8,17.77
3300,165,0.875,38.17,1,51.5,73.9,951,156.1,66.2,-20.32,9.516,14.559,4.197,63.0,65.2,74.0,1584,1,139.0,17.3
3301,164,0.875,38.66,1,45.300000000000004,70.6,893,156.3,64.0,-21.46,9.453,14.555,4.197,63.0,65.2,74.0,1584,1,139.1,18.47
3302,162,0.85,38.74,1,43.3,70.39999999999999,859,156.6,63.8,-21.57,9.398,14.547,4.197,63.0,65.2,74.0,1584,1,139.3,18.4
3303,161,0.85,38.72,1,42.8,70.39999999999999,846,156.9,63.6,-21.32,9.352,14.539,4.197,63.0,65.2,74.0,1584,1,139.5,18.4
3304,159,0.85,38.78,1,42.699999999999996,70.3,840,157.3,63.6,-20.34,9.32,14.527,4.197,63.0,65.2,74.0,1584,1,139.6,18.59
3305,157,0.85,39.14,1,43.0,70.5,835,157.6,63.6,-18.59,9.281,14.512,4.197,63.0,65.2,74.0,1584,1,139.8,18.57
3306,156,0.85,39.84,1,46.800000000000004,74.1,845,158.0,65.2,-16.71,9.25,14.5,4.197,63.0,65.2,74.0,1584,1,140.0,19.65
3307,154,0.85,39.56,1,51.5,76.6,879,158.4,66.7,-15.94,9.227,14.488,4.197,63.0,65.2,74.0,1584,1,140.2,19.81
3308,152,0.85,39.48,1,54.0,77.3,904,158.9,67.2,-15.82,9.211,14.477,4.197,63.0,65.2,74.0,1584,1,140.4,19.69
3309,151,0.85,39.56,1,55.400000000000006,77.8,915,159.4,67.4,-15.05,9.188,14.465,4.197,63.0,65.2,74.0,1584,1,140.6,20.11
3310,150,0.85,40.21,1,58.199999999999996,79.3,925,160.0,68.2,-13.87,9.172,14.453,4.197,63.0,65.2,74.0,1584,1,140.8,20.19
3311,149,0.85,40.19,1,61.0,80.30000000000001,937,160.6,69.0,-13.55,9.156,14.441,4.197,63.0,65.2,74.0,1584,1,141.1,20.13
3312,147,0.85,40.27,1,61.9,80.60000000000001,947,161.2,69.2,-12.73,9.125,14.43,4.197,63.0,65.2,74.0,1584,1,141.3,20.2
3313,146,0.85,40.34,1,62.5,80.7,953,161.7,69.5,-12.71,9.094,14.422,4.197,63.0,65.2,74.0,1584,1,141.5,20.08
3314,145,0.85,40.4,1,62.7,80.80000000000001,957,162.2,69.5,-11.91,9.047,14.41,4.197,63.0,65.2,74.0,1584,1,141.8,20.21
3315,144,0.85,40.59,1,63.4,81.2,962,162.5,69.6,-10.8,9.0,14.398,4.197,63.0,65.2,74.0,1584,1,141.9,20.26
3316,144,0.85,40.76,1,64.60000000000001,81.69999999999999,970,162.8,69.9,-10.01,8.945,14.391,4.197,63.0,65.2,74.0,1584,1,142.2,20.42
3317,143,0.85,40.64,1,65.3,81.89999999999999,981,162.9,70.0,-9.93,8.898,14.383,4.197,63.0,65.2,74.0,1584,1,142.4,20.41
3318,142,0.85,40.62,1,65.5,81.89999999999999,989,162.8,70.1,-9.99,8.844,14.379,4.197,63.0,65.3,74.0,1584,1,142.6,20.36
3319,141,0.85,40.68,1,65.5,81.89999999999999,993,162.7,70.0,-10.25,8.797,14.375,4.197,64.0,65.3,74.0,1584,1,142.8,20.27
3320,141,0.85,40.46,1,65.0,81.6,993,162.6,69.8,-11.33,8.758,14.371,4.197,63.0,65.3,74.0,1584,1,143.0,19.67
3321,140,0.85,40.35,1,64.0,81.2,988,162.4,69.7,-11.77,8.703,14.363,4.197,63.0,65.4,74.0,1584,1,143.2,19.45
3322,140,0.85,40.44,1,63.6,81.10000000000001,982,162.3,69.4,-11.7,8.648,14.355,4.197,63.0,65.4,74.0,1584,1,143.4,19.65
3323,139,0.85,40.56,1,63.5,81.10000000000001,979,162.2,69.5,-11.66,8.594,14.352,4.197,63.0,65.4,74.0,1584,1,143.6,19.64
3324,138,0.85,40.25,1,63.6,81.10000000000001,978,162.1,69.5,-11.92,8.555,14.348,4.197,64.0,65.5,74.0,1584,1,143.7,19.64
3325,138,0.85,40.21,1,63.2,80.9,976,161.9,69.3,-13.0,8.516,14.344,4.197,64.0,65.5,74.0,1585,1,143.9,19.37
3326,138,0.85,40.21,1,62.4,80.5,971,161.9,69.1,-14.13,8.469,14.336,4.197,64.0,65.5,74.0,1585,1,144.1,19.31
3327,137,0.85,39.94,1,60.8,79.60000000000001,961,161.8,68.8,-14.57,8.43,14.336,4.197,64.0,65.6,74.0,1585,1,144.2,19.06
3328,137,0.85,40.04,1,59.599999999999994,79.3,947,161.7,68.5,-14.77,8.383,14.336,4.197,64.0,65.6,74.0,1585,1,144.4,19.16
3329,136,0.85,39.35,1,58.099999999999994,78.5,935,161.6,67.9,-15.83,8.344,14.332,4.197,64.0,65.7,74.0,1585,1,144.5,18.64
3330,136,0.85,39.14,1,55.2,77.0,915,161.7,67.2,-16.94,8.297,14.332,4.197,64.0,65.7,74.0,1585,1,144.6,18.31
3331,136,0.85,38.99,1,52.1,75.3,890,161.7,66.3,-17.71,8.266,14.332,4.197,64.0,65.7,74.0,1585,1,144.7,18.12
3332,135,0.85,39.1,1,50.0,74.5,869,161.8,65.9,-17.82,8.227,14.332,4.197,64.0,65.7,74.0,1585,1,144.9,18.51
3333,135,0.825,39.37,1,49.3,74.4,862,161.9,65.8,-17.77,8.203,14.332,4.197,64.0,65.7,74.0,1585,1,145.0,18.63
3334,135,0.825,39.32,1,49.3,74.5,863,162.0,65.7,-17.77,8.188,14.336,4.197,64.0,65.8,74.0,1585,1,145.1,18.75
3335,134,0.825,39.05,1,49.3,74.5,864,162.1,65.7,-17.77,8.172,14.336,4.197,64.0,65.8,74.0,1585,1,145.2,18.84
3336,134,0.825,38.8,1,48.699999999999996,73.8,863,162.3,65.4,-18.7,8.164,14.34,4.197,64.0,65.8,74.0,1585,1,145.4,18.08
3337,134,0.825,38.7,1,46.2,72.0,850,162.4,64.7,-19.03,8.156,14.344,4.197,64.0,65.8,74.0,1585,1,145.4,18.22
3338,134,0.8,39.07,1,44.9,71.5,836,162.6,64.4,-19.14,8.148,14.352,4.197,64.0,65.8,74.0,1585,1,145.5,18.66
3339,134,0.8,38.87,1,44.5,71.39999999999999,829,162.9,64.4,-19.15,8.141,14.355,4.197,64.0,65.8,74.0,1585,1,145.6,18.59
3340,134,0.8,38.92,1,44.3,71.39999999999999,825,163.2,64.4,-19.09,8.148,14.363,4.197,64.0,65.8,74.0,1585,1,145.7,18.67
3341,133,0.775,38.95,1,44.4,71.6,825,163.5,64.4,-19.08,8.164,14.371,4.197,64.0,65.8,74.0,1585,1,145.9,18.7
3342,133,0.775,39.04,1,44.5,71.6,825,163.7,64.4,-19.07,8.18,14.375,4.197,64.0,65.8,74.0,1585,1,146.0,18.69
3343,133,0.775,38.99,1,44.5,71.6,824,164.0,64.4,-18.99,8.195,14.379,4.197,64.0,65.8,74.0,1585,1,146.0,18.66
3344,133,0.775,39.18,1,44.5,71.6,823,164.2,64.5,-18.87,8.219,14.387,4.197,64.0,65.8,74.0,1585,1,146.1,19.0
3345,133,0.75,39.57,1,45.6,72.8,826,164.4,64.8,-18.15,8.234,14.391,4.197,64.0,65.8,74.0,1585,1,146.2,19.75
3346,133,0.75,39.75,1,47.599999999999994,74.1,838,164.7,65.6,-17.27,8.258,14.398,4.197,64.0,65.8,74.0,1585,1,146.3,19.99
3347,133,0.75,39.82,1,50.5,75.9,858,164.9,66.6,-16.1,8.281,14.402,4.197,64.0,65.8,74.0,1585,1,146.5,20.12
3348,133,0.725,40.12,1,53.800000000000004,77.7,882,165.2,67.5,-15.09,8.312,14.406,4.197,64.0,65.8,74.0,1585,1,146.6,20.2
3349,133,0.725,40.18,1,56.8,78.60000000000001,907,165.3,68.1,-14.95,8.359,14.414,4.197,64.0,65.8,74.0,1585,1,146.8,20.2
3350,133,0.725,39.88,1,57.8,78.7,913,165.5,68.3,-14.97,8.391,14.422,4.197,64.0,65.7,74.0,1585,1,146.9,20.03
3351,134,0.725,40.04,1,57.9,78.7,911,165.6,68.3,-14.98,8.422,14.43,4.197,64.0,65.7,74.0,1585,1,147.0,19.91
3352,134,0.7,40.02,1,57.9,78.7,909,165.7,68.3,-15.0,8.461,14.441,4.197,64.0,65.7,74.0,1585,1,147.2,19.83
3353,134,0.7,40.09,1,57.8,78.7,907,165.8,68.3,-15.03,8.492,14.449,4.197,64.0,65.7,74.0,1585,1,147.3,19.78
3354,134,0.7,39.94,1,57.8,78.8,906,165.9,68.3,-14.98,8.523,14.457,4.197,64.0,65.7,74.0,1585,1,147.4,19.85
3355,134,0.7,40.0,1,57.8,78.8,907,165.8,68.3,-14.95,8.547,14.469,4.197,64.0,65.7,74.0,1585,1,147.6,19.79
3356,135,0.7,39.49,1,57.4,78.4,907,165.6,68.3,-16.11,8.586,14.48,4.197,64.0,65.7,74.0,1585,1,147.7,19.05
3357,135,0.675,38.54,1,53.7,76.0,895,165.4,67.1,-17.97,8.617,14.484,4.197,64.0,65.7,74.0,1586,1,147.7,18.43
3358,135,0.675,38.97,1,49.4,73.7,866,165.2,65.7,-18.34,8.641,14.492,4.197,64.0,65.7,74.0,1586,1,147.8,18.71
3359,134,0.675,39.34,1,47.4,73.1,848,165.0,65.4,-18.39,8.656,14.496,4.197,64.0,65.7,74.0,1586,1,147.9,18.83
3360,134,0.65,39.19,1,46.9,73.1,842,164.9,65.2,-18.48,8.672,14.504,4.197,64.0,65.7,74.0,1586,1,148.0,19.03
3361,134,0.65,39.09,1,46.300000000000004,72.6,841,164.8,65.0,-18.87,8.703,14.512,4.197,64.0,65.7,74.0,1586,1,148.1,18.65
3362,134,0.65,39.16,1,45.300000000000004,71.89999999999999,835,164.7,64.7,-19.04,8.727,14.52,4.197,64.0,65.7,74.0,1586,1,148.1,18.93
3363,133,0.65,39.12,1,44.9,71.8,830,164.6,64.5,-18.88,8.758,14.52,4.197,64.0,65.8,74.0,1586,1,148.2,18.84
3364,133,0.625,39.19,1,44.9,71.89999999999999,828,164.5,64.6,-18.88,8.789,14.523,4.197,64.0,65.7,74.0,1586,1,148.3,19.02
3365,133,0.625,39.15,1,44.9,71.89999999999999,828,164.4,64.7,-18.95,8.82,14.531,4.197,64.0,65.8,74.0,1586,1,148.4,18.93
3366,132,0.625,39.32,1,44.800000000000004,71.8,828,164.4,64.6,-18.91,8.852,14.535,4.197,64.0,65.7,74.0,1586,1,148.4,18.95
3367,132,0.625,40.21,1,45.9,72.89999999999999,830,164.5,65.1,-17.14,8.883,14.539,4.197,64.0,65.7,74.0,1586,1,148.5,20.1
3368,131,0.625,41.03,1,51.4,77.2,858,164.6,66.9,-14.05,8.93,14.543,4.197,64.0,65.7,74.0,1586,1,148.6,20.47
3369,130,0.6,40.94,1,59.3,80.4,912,164.7,68.9,-12.61,8.992,14.543,4.197,64.0,65.7,74.0,1586,1,148.8,20.64
3370,130,0.6,40.82,1,62.1,80.7,946,164.8,69.4,-12.34,9.055,14.551,4.197,64.0,65.8,74.0,1586,1,148.9,20.47
3371,130,0.6,40.88,1,62.7,80.9,959,164.8,69.6,-12.09,9.109,14.547,4.197,64.0,65.8,74.0,1586,1,149.0,20.44
3372,130,0.6,40.39,1,60.0,78.7,960,164.8,68.6,-10.49,9.141,14.551,4.197,64.0,65.8,74.0,1586,1,149.2,19.42
3373,130,0.575,41.17,1,59.8,80.0,943,164.8,68.9,-8.31,9.156,14.562,4.197,64.0,65.8,74.0,1586,1,149.3,20.66
3374,130,0.575,41.2,1,62.7,81.2,952,164.9,69.6,-6.99,9.188,14.566,4.197,64.0,65.9,74.0,1586,1,149.5,20.75
3375,129,0.575,41.26,1,64.3,81.6,968,164.9,69.9,-6.85,9.227,14.574,4.197,64.0,66.0,74.0,1586,1,149.6,20.72
3376,129,0.55,41.0,1,64.7,81.69999999999999,979,164.6,69.9,-6.78,9.258,14.578,4.197,64.0,66.0,74.0,1586,1,149.8,20.62
3377,129,0.55,40.83,1,64.8,81.69999999999999,986,164.2,69.9,-6.71,9.297,14.582,4.197,64.0,66.1,74.0,1586,1,149.9,20.48
3378,128,0.55,41.17,1,65.3,82.0,990,163.8,70.1,-5.77,9.328,14.586,4.197,64.0,66.2,74.0,1586,1,150.1,20.8
3379,128,0.55,41.17,1,66.8,82.69999999999999,1001,163.5,70.5,-5.05,9.367,14.59,4.197,64.0,66.2,74.0,1586,1,150.3,20.87
3380,128,0.55,41.34,1,67.60000000000001,82.89999999999999,1013,163.1,70.6,-4.66,9.406,14.594,4.197,64.0,66.3,74.0,1586,1,150.4,20.93
3381,128,0.525,41.41,1,68.60000000000001,83.39999999999999,1023,162.7,71.0,-3.74,9.445,14.598,4.197,64.0,66.4,74.0,1586,1,150.6,20.99
3382,129,0.525,41.49,1,69.89999999999999,83.8,1037,162.3,71.3,-3.38,9.477,14.602,4.197,64.0,66.5,74.0,1586,1,150.8,21.01
3383,129,0.5,41.38,1,70.19999999999999,83.89999999999999,1048,161.8,71.4,-3.37,9.516,14.609,4.197,64.0,66.6,74.0,1586,1,150.9,20.88
3384,129,0.525,41.38,1,70.3,83.89999999999999,1055,161.4,71.5,-3.34,9.547,14.617,4.197,64.0,66.7,74.0,1586,1,151.1,20.83
3385,129,0.525,41.7,1,70.5,84.0,1059,161.0,71.5,-2.56,9.57,14.621,4.197,64.0,66.8,74.0,1586,1,151.3,20.97
3386,129,0.5,41.68,1,71.6,84.5,1065,160.5,71.7,-1.62,9.594,14.625,4.197,65.0,66.9,74.0,1586,1,151.5,21.03
3387,128,0.5,41.62,1,72.3,84.7,1075,160.2,71.8,-1.58,9.625,14.629,4.197,65.0,67.0,74.0,1586,1,151.7,21.01
3388,128,0.5,41.43,1,72.39999999999999,84.6,1082,159.7,71.9,-2.01,9.664,14.629,4.197,65.0,67.1,74.0,1586,1,151.9,21.01
3389,128,0.5,40.94,1,71.3,84.1,1083,159.3,71.6,-4.04,9.688,14.629,4.197,65.0,67.2,74.0,1586,1,152.2,20.15
3390,128,0.5,41.03,1,68.89999999999999,83.1,1072,158.9,71.1,-5.27,9.703,14.633,4.197,66.0,67.3,74.0,1586,1,152.3,20.01
3391,127,0.475,40.78,1,66.7,82.3,1055,158.5,70.5,-6.5,9.719,14.641,4.197,66.0,67.4,74.0,1587,1,152.5,19.68
3392,126,0.475,40.59,1,64.8,81.5,1034,158.1,69.8,-7.61,9.734,14.641,4.197,66.0,67.5,74.0,1587,1,152.7,19.47
3393,124,0.475,40.77,1,63.5,81.10000000000001,1015,157.9,69.5,-7.85,9.742,14.645,4.197,66.0,67.7,74.0,1587,1,152.9,19.49
3394,122,0.475,40.81,1,63.1,81.10000000000001,1002,157.7,69.3,-7.96,9.766,14.645,4.197,66.0,67.8,74.0,1587,1,153.0,19.52
3395,121,0.45,40.29,1,62.6,80.7,994,157.5,69.2,-8.89,9.781,14.645,4.197,66.0,67.8,74.0,1587,1,153.2,19.13
3396,119,0.45,40.37,1,61.3,80.10000000000001,982,157.3,68.9,-9.8,9.797,14.641,4.197,66.0,68.0,74.0,1587,1,153.4,19.08
3397,117,0.45,40.19,1,60.0,79.60000000000001,968,157.1,68.5,-9.97,9.805,14.637,4.197,66.0,68.1,74.0,1587,1,153.5,19.09
3398,115,0.45,40.32,1,59.5,79.5,957,157.1,68.5,-9.91,9.812,14.633,4.197,66.0,68.2,74.0,1587,1,153.7,19.14
3399,113,0.425,40.1,1,59.5,79.60000000000001,951,157.1,68.5,-9.95,9.82,14.621,4.197,66.0,68.3,74.0,1587,1,153.9,19.25
3400,111,0.425,40.83,1,60.099999999999994,80.0,949,157.3,68.7,-8.48,9.828,14.617,4.197,66.0,68.4,74.0,1587,1,154.1,20.29
3401,110,0.425,40.86,1,62.7,81.3,959,157.3,69.3,-6.34,9.82,14.609,4.197,66.0,68.5,74.0,1587,1,154.2,20.63
3402,109,0.425,41.26,1,65.9,82.6,982,157.4,70.1,-4.79,9.828,14.605,4.197,66.0,68.6,74.0,1587,1,154.5,20.93
3403,108,0.425,41.1,1,67.80000000000001,83.1,1007,157.4,70.7,-4.58,9.836,14.598,4.197,67.0,68.7,74.0,1587,1,154.8,20.86
3404,107,0.425,41.12,1,68.2,83.1,1024,157.4,70.9,-4.59,9.844,14.598,4.197,67.0,68.8,74.0,1587,1,155.0,20.68
3405,106,0.425,41.05,1,68.30000000000001,83.1,1033,157.5,70.9,-4.55,9.844,14.598,4.197,67.0,69.0,74.0,1587,1,155.3,20.58
3406,105,0.4,40.98,1,68.10000000000001,83.1,1038,157.6,70.9,-5.03,9.836,14.598,4.197,67.0,69.2,74.0,1587,1,155.6,20.43
3407,104,0.4,40.47,1,66.9,82.39999999999999,1037,157.7,70.5,-6.62,9.828,14.605,4.197,67.0,69.3,74.0,1587,1,155.8,19.61
3408,104,0.4,40.2,1,64.2,81.2,1023,157.8,69.9,-8.53,9.82,14.605,4.197,67.0,69.5,74.0,1587,1,156.0,19.36
3409,103,0.4,40.21,1,61.9,80.4,1001,157.9,69.2,-9.5,9.797,14.602,4.197,67.0,69.6,74.0,1587,1,156.2,19.25
3410,102,0.375,40.15,1,60.6,80.0,981,157.9,69.0,-9.64,9.773,14.602,4.197,67.0,69.8,74.0,1587,1,156.4,19.26
3411,101,0.375,40.22,1,60.3,80.0,969,157.8,68.7,-9.62,9.758,14.605,4.197,67.0,70.0,74.0,1587,1,156.6,19.46
3412,100,0.375,40.24,1,60.199999999999996,79.9,962,157.8,68.7,-9.62,9.75,14.605,4.197,67.0,70.1,74.0,1587,1,156.8,19.44
3413,99,0.375,40.32,1,60.3,80.0,959,157.8,68.6,-9.65,9.742,14.609,4.197,67.0,70.3,74.0,1587,1,157.0,19.53
3414,98,0.35,40.62,1,60.5,80.2,957,157.7,68.9,-8.89,9.742,14.609,4.197,67.0,70.5,74.0,1587,1,157.2,20.04
3415,97,0.35,40.42,1,61.8,80.80000000000001,961,157.6,69.1,-7.76,9.734,14.609,4.197,68.0,70.6,74.0,1587,1,157.4,20.47
3416,97,0.35,40.52,1,63.1,81.3,971,157.7,69.3,-7.39,9.75,14.613,4.197,68.0,70.8,74.0,1587,1,157.7,20.37
3417,96,0.35,40.69,1,63.6,81.39999999999999,981,157.7,69.6,-7.42,9.758,14.609,4.197,69.0,71.0,74.0,1587,1,158.0,20.39
3418,96,0.325,40.63,1,63.7,81.39999999999999,987,157.8,69.7,-7.36,9.773,14.609,4.197,69.0,71.2,74.0,1587,1,158.2,20.37
3419,96,0.325,40.67,1,63.7,81.39999999999999,989,157.9,69.8,-7.43,9.773,14.609,4.197,69.0,71.3,74.0,1587,1,158.4,20.24
3420,95,0.325,41.04,1,64.1,81.69999999999999,991,157.9,69.8,-6.54,9.789,14.609,4.197,69.0,71.5,74.0,1587,1,158.7,20.62
3421,95,0.325,40.95,1,65.4,82.3,999,158.0,70.2,-5.48,9.805,14.617,4.197,69.0,71.7,74.0,1587,1,159.0,20.72
3422,95,0.325,41.11,1,66.7,82.69999999999999,1012,158.2,70.5,-5.2,9.82,14.621,4.197,69.0,71.9,74.0,1587,1,159.2,20.6
3423,94,0.325,40.92,1,67.30000000000001,82.89999999999999,1022,158.3,70.7,-5.05,9.836,14.625,4.197,70.0,72.1,74.0,1587,1,159.5,20.71
3424,94,0.325,41.0,1,67.30000000000001,82.8,1028,158.3,70.7,-5.54,9.859,14.625,4.197,70.0,72.3,74.0,1587,1,159.8,20.27
3425,93,0.3,40.86,1,66.3,82.3,1028,158.2,70.5,-6.35,9.867,14.629,4.197,70.0,72.4,74.0,1587,1,160.0,19.74
3426,93,0.3,40.64,1,65.5,82.1,1022,158.1,70.1,-6.68,9.867,14.637,4.197,71.0,72.6,74.0,1588,1,160.2,19.78
3427,93,0.3,40.22,1,64.4,81.5,1015,158.1,69.8,-7.69,9.883,14.641,4.197,71.0,72.8,74.0,1588,1,160.5,19.43
3428,92,0.3,40.46,1,63.2,81.10000000000001,1004,158.1,69.5,-8.07,9.883,14.645,4.197,71.0,73.0,74.0,1588,1,160.7,19.42
3429,92,0.275,40.45,1,62.8,81.10000000000001,994,158.1,69.3,-8.01,9.883,14.645,4.197,71.0,73.1,74.0,1588,1,160.8,19.53
3430,92,0.275,40.97,1,63.3,81.39999999999999,989,158.0,69.4,-6.15,9.891,14.645,4.197,71.0,73.3,74.0,1588,1,161.1,20.47
3431,92,0.275,41.31,1,66.7,83.1,1001,157.9,70.5,-3.68,9.906,14.645,4.197,71.0,73.5,74.0,1588,1,161.3,20.87
3432,92,0.275,41.45,1,69.6,84.0,1026,157.8,71.2,-3.19,9.93,14.648,4.197,71.0,73.6,74.0,1588,1,161.6,20.9
3433,92,0.275,41.02,1,70.39999999999999,84.1,1047,157.7,71.4,-3.07,9.961,14.652,4.197,72.0,73.8,74.0,1588,1,161.8,20.81
3434,92,0.275,41.2,1,70.39999999999999,84.1,1058,157.7,71.4,-3.48,9.984,14.66,4.197,72.0,74.0,74.0,1588,1,162.1,20.63
3435,92,0.275,40.85,1,69.3,83.39999999999999,1062,157.6,71.2,-5.21,10.0,14.664,4.197,72.0,74.2,74.0,1588,1,162.4,20.0
3436,91,0.25,40.63,1,66.8,82.39999999999999,1052,157.5,70.5,-6.62,10.0,14.664,4.197,72.0,74.3,74.0,1588,1,162.6,19.72
3437,91,0.25,40.79,1,65.0,81.89999999999999,1034,157.5,70.0,-6.95,10.0,14.668,4.197,72.0,74.5,74.0,1588,1,162.8,19.81
3438,91,0.25,40.66,1,64.5,81.8,1020,157.4,69.8,-6.82,10.0,14.672,4.197,72.0,74.7,74.0,1588,1,163.0,19.83
3439,90,0.25,40.87,1,64.3,81.69999999999999,1013,157.5,69.7,-7.06,10.008,14.68,4.197,72.0,74.8,74.0,1588,1,163.3,19.79
3440,90,0.25,40.59,1,64.3,81.69999999999999,1008,157.3,69.6,-7.02,10.016,14.684,4.197,73.0,75.0,74.0,1588,1,163.5,19.8
3441,89,0.25,40.39,1,64.0,81.5,1005,157.1,69.7,-7.76,10.031,14.691,4.197,73.0,75.1,74.0,1588,1,163.7,19.48
3442,89,0.225,40.25,1,62.8,80.9,998,157.1,69.2,-8.85,10.039,14.691,4.197,73.0,75.2,74.0,1588,1,163.9,19.2
3443,89,0.225,40.23,1,61.4,80.30000000000001,987,157.0,69.0,-9.32,10.055,14.688,4.197,73.0,75.3,74.0,1588,1,164.1,19.08
3444,88,0.225,40.28,1,60.9,80.30000000000001,976,157.1,68.9,-9.1,10.062,14.684,4.197,73.0,75.5,74.0,1588,1,164.3,19.26
3445,88,0.225,40.99,1,62.1,81.10000000000001,973,157.1,69.3,-6.45,10.07,14.688,4.197,74.0,75.6,74.0,1588,1,164.6,20.65
3446,88,0.225,41.35,1,66.0,82.89999999999999,990,157.2,70.3,-3.99,10.094,14.691,4.197,74.0,75.7,74.0,1588,1,164.8,20.82
3447,88,0.225,40.97,1,69.1,83.8,1019,157.4,71.1,-3.46,10.133,14.699,4.197,74.0,75.8,74.0,1588,1,165.1,20.77
3448,89,0.2,41.0,1,69.89999999999999,83.89999999999999,1041,157.4,71.2,-3.49,10.172,14.699,4.197,74.0,76.0,74.0,1588,1,165.4,20.52
3449,89,0.2,41.08,1,70.1,84.0,1053,157.5,71.3,-3.32,10.203,14.703,4.197,74.0,76.1,74.0,1588,1,165.6,20.63
3450,89,0.2,41.24,1,70.5,84.2,1060,157.5,71.6,-2.43,10.234,14.707,4.197,76.0,76.2,74.0,1588,1,165.9,20.94
3451,89,0.2,41.48,1,71.5,84.7,1069,157.6,71.8,-1.84,10.25,14.715,4.197,76.0,76.3,74.0,1588,1,166.2,20.97
3452,89,0.2,41.21,1,72.1,84.8,1079,157.6,72.0,-1.55,10.281,14.715,4.197,76.0,76.5,74.0,1588,1,166.4,20.94
3453,90,0.2,41.3,1,72.3,84.8,1086,157.6,72.0,-1.57,10.305,14.719,4.197,76.0,76.6,74.0,1588,1,166.7,20.93
3454,90,0.175,41.14,1,71.8,84.5,1089,157.4,72.1,-3.15,10.32,14.73,4.197,75.0,76.7,74.0,1588,1,166.9,20.4
3455,90,0.175,40.75,1,69.69999999999999,83.6,1083,157.3,71.4,-5.06,10.344,14.738,4.197,76.0,76.8,74.0,1588,1,167.2,20.06
3456,89,0.175,40.38,1,67.0,82.5,1066,157.0,70.7,-6.29,10.359,14.742,4.197,76.0,77.0,74.0,1588,1,167.4,19.55
3457,89,0.175,40.68,1,65.5,82.1,1045,157.0,70.1,-6.5,10.359,14.746,4.197,76.0,77.1,74.0,1588,1,167.6,19.65
3458,88,0.175,40.73,1,65.10000000000001,82.0,1031,156.8,69.9,-6.56,10.375,14.746,4.197,76.0,77.2,74.0,1588,1,167.8,19.62
3459,88,0.175,40.76,1,65.0,82.0,1024,156.7,69.8,-6.5,10.391,14.75,4.197,76.0,77.3,74.0,1588,1,168.0,19.69
3460,88,0.15,40.65,1,65.0,82.1,1020,156.5,70.0,-6.52,10.406,14.75,4.197,76.0,77.5,74.0,1588,1,168.2,19.81
3461,88,0.15,40.7,1,65.0,82.1,1018,156.5,69.9,-6.59,10.43,14.75,4.197,76.0,77.6,74.0,1588,1,168.4,19.89
3462,87,0.15,40.81,1,64.9,82.0,1016,156.5,69.9,-6.53,10.445,14.75,4.197,76.0,77.7,74.0,1588,1,168.7,19.76
3463,87,0.15,40.88,1,64.9,81.89999999999999,1014,156.4,69.9,-6.54,10.469,14.754,4.197,76.0,77.8,74.0,1589,1,168.9,19.68
3464,87,0.15,40.53,1,64.8,81.89999999999999,1013,156.5,69.8,-6.59,10.477,14.758,4.197,76.0,77.9,74.0,1589,1,169.1,19.69
3465,86,0.15,40.76,1,64.9,82.0,1013,156.6,69.9,-6.63,10.492,14.762,4.197,76.0,78.1,74.0,1589,1,169.3,19.85
3466,86,0.15,40.61,1,64.9,82.0,1012,156.7,70.0,-6.42,10.5,14.762,4.197,76.0,78.2,74.0,1589,1,169.5,19.79
3467,85,0.15,40.65,1,65.0,82.0,1012,156.9,70.0,-6.48,10.508,14.758,4.197,77.0,78.3,74.0,1589,1,169.8,19.85
3468,85,0.15,40.77,1,65.0,82.0,1013,156.9,70.0,-6.48,10.516,14.754,4.197,77.0,78.4,74.0,1589,1,170.0,19.9
3469,86,0.125,40.51,1,64.9,82.0,1013,157.0,69.8,-6.63,10.531,14.762,4.197,77.0,78.6,74.0,1589,1,170.2,19.74
3470,86,0.125,40.55,1,64.9,82.0,1012,157.1,70.1,-6.61,10.539,14.77,4.197,77.0,78.7,74.0,1589,1,170.4,19.84
3471,86,0.125,40.54,1,65.0,82.1,1012,157.2,70.1,-6.51,10.555,14.777,4.197,77.0,78.8,74.0,1589,1,170.6,19.91
3472,85,0.125,40.61,1,65.0,82.1,1012,157.4,70.0,-6.55,10.57,14.781,4.197,77.0,78.9,74.0,1589,1,170.8,19.97
3473,85,0.125,40.6,1,65.0,82.1,1012,157.6,70.0,-6.53,10.594,14.785,4.197,77.0,79.0,74.0,1589,1,171.0,19.96
3474,85,0.1,40.58,1,64.9,82.0,1012,157.6,70.0,-6.58,10.609,14.789,4.197,77.0,79.1,74.0,1589,1,171.3,19.84
3475,85,0.1,40.72,1,64.9,82.1,1011,157.6,70.1,-6.85,10.625,14.793,4.197,77.0,79.2,74.0,1589,1,171.5,19.92
3476,85,0.1,40.35,1,63.2,81.0,1008,157.8,69.4,-8.88,10.633,14.797,4.197,77.0,79.3,74.0,1589,1,171.7,19.04
3477,85,0.1,40.13,1,61.7,80.60000000000001,993,157.9,69.1,-9.05,10.641,14.797,4.197,77.0,79.4,74.0,1589,1,171.9,19.05
3478,84,0.1,40.05,1,61.1,80.4,980,158.0,69.0,-9.14,10.648,14.797,4.197,77.0,79.5,74.0,1589,1,172.1,19.02
3479,84,0.1,40.3,1,61.0,80.5,974,157.9,68.8,-9.02,10.664,14.801,4.197,78.0,79.6,74.0,1589,1,172.2,19.3
3480,84,0.075,40.26,1,61.1,80.5,971,158.1,68.9,-9.07,10.68,14.801,4.197,78.0,79.6,74.0,1589,1,172.4,19.28
3481,84,0.075,40.17,1,61.1,80.5,970,158.2,69.0,-9.01,10.695,14.809,4.197,78.0,79.8,74.0,1589,1,172.6,19.37
3482,84,0.075,40.25,1,61.199999999999996,80.5,969,158.3,69.1,-9.12,10.727,14.816,4.197,78.0,79.8,74.0,1589,1,172.8,19.45
3483,83,0.075,40.24,1,61.1,80.5,968,158.3,69.1,-9.02,10.75,14.82,4.197,78.0,79.9,74.0,1589,1,173.0,19.49
3484,83,0.075,40.22,1,61.199999999999996,80.5,968,158.4,69.1,-9.04,10.773,14.824,4.197,78.0,80.0,74.0,1589,1,173.2,19.44
3485,83,0.05,40.45,1,61.199999999999996,80.5,968,158.5,69.0,-9.01,10.797,14.832,4.197,78.0,80.1,74.0,1589,1,173.4,19.51
3486,82,0.05,40.24,1,61.1,80.5,968,158.8,69.1,-9.05,10.828,14.832,4.197,78.0,80.1,74.0,1589,1,173.6,19.49
3487,82,0.05,40.13,1,61.1,80.5,968,159.0,69.1,-9.08,10.852,14.828,4.197,78.0,80.2,74.0,1589,1,173.8,19.37
3488,82,0.05,40.15,1,61.0,80.4,967,159.2,69.1,-9.13,10.867,14.828,4.197,79.0,80.3,74.0,1589,1,174.0,19.15
3489,82,0.05,40.47,1,61.0,80.5,966,159.3,69.2,-9.12,10.891,14.836,4.197,79.0,80.4,74.0,1589,1,174.1,19.33
3490,82,0.05,40.25,1,61.0,80.5,967,159.4,69.0,-9.1,10.914,14.844,4.197,79.0,80.5,74.0,1589,1,174.3,19.35
3491,81,0.05,40.33,1,61.0,80.5,966,159.4,69.1,-9.04,10.945,14.852,4.197,79.0,80.5,74.0,1589,1,174.5,19.35
3492,81,0.025,40.39,1,61.0,80.5,965,159.5,68.9,-8.98,10.969,14.855,4.197,79.0,80.6,74.0,1589,1,174.7,19.42
3493,80,0.025,40.28,1,60.9,80.4,965,159.7,69.1,-9.11,11.0,14.859,4.197,79.0,80.7,74.0,1589,1,174.8,19.2
3494,80,0.025,40.3,1,60.9,80.5,965,159.8,69.2,-9.09,11.031,14.859,4.197,79.0,80.8,74.0,1589,1,175.0,19.33
3495,81,0.025,40.25,1,61.0,80.5,965,159.8,69.1,-9.13,11.055,14.859,4.197,79.0,80.8,74.0,1589,1,175.2,19.31
3496,81,0.025,40.18,1,61.0,80.5,965,159.8,69.0,-8.94,11.078,14.859,4.197,79.0,80.9,74.0,1589,1,175.4,19.38
3497,81,0.025,40.4,1,61.1,80.60000000000001,966,159.8,69.1,-9.05,11.109,14.867,4.197,79.0,81.0,74.0,1589,1,175.6,19.44
3498,81,0.025,40.21,1,61.0,80.5,966,159.9,69.1,-9.12,11.133,14.867,4.197,79.0,81.0,74.0,1589,1,175.7,19.27
3499,81,0.0,40.4,1,60.9,80.5,966,160.0,69.1,-9.1,11.164,14.875,4.197,79.0,81.1,74.0,1589,1,175.9,19.29
3500,81,0.0,40.28,1,60.9,80.4,965,160.1,69.0,-9.19,11.195,14.883,4.197,79.0,81.2,74.0,1589,1,176.1,19.25
3501,81,0.0,40.26,1,60.8,80.4,964,160.2,69.2,-9.13,11.219,14.895,4.197,79.0,81.2,74.0,1590,1,176.2,19.26
3502,80,0.0,38.07,1,54.6,75.8,953,160.2,67.3,-22.47,11.242,14.898,4.197,79.0,81.3,74.0,1590,1,176.4,17.88
3503,78,0.0,38.17,1,46.0,70.89999999999999,905,160.3,64.7,-22.31,11.234,14.898,4.197,79.0,81.4,74.0,1590,1,176.5,18.46
3504,77,0.0,38.27,1,40.5,67.7,856,160.4,62.9,-22.22,11.211,14.895,4.197,79.0,81.4,74.0,1590,1,176.6,18.43
3505,76,0.025,36.49,1,36.9,65.2,822,160.6,61.7,-22.4,11.195,14.887,4.197,79.0,81.5,74.0,1590,1,176.7,18.62
3506,74,0.0,32.17,1,34.2,63.0,799,160.8,60.6,-22.35,11.172,14.883,4.197,79.0,81.5,74.0,1590,1,176.9,18.63
3507,72,0.0,29.17,1,32.0,61.1,784,161.0,59.8,-22.35,11.164,14.883,4.197,79.0,81.5,74.0,1590,1,177.0,19.36
3508,71,0.0,28.94,1,31.0,60.699999999999996,778,161.1,59.3,-22.36,11.141,14.875,4.197,79.0,81.5,74.0,1590,1,177.1,19.52
3509,69,0.0,28.6,1,30.7,60.699999999999996,783,161.2,59.3,-22.33,11.125,14.867,4.197,79.0,81.5,74.0,1590,1,177.3,19.48
3510,68,0.0,28.52,1,30.599999999999998,60.6,789,161.3,59.2,-22.36,11.109,14.859,4.197,79.0,81.5,74.0,1590,1,177.4,19.47
3511,66,0.0,28.52,1,30.5,60.699999999999996,795,161.3,59.2,-22.35,11.109,14.855,4.197,79.0,81.4,74.0,1590,1,177.5,19.52
3512,65,0.0,28.39,1,30.5,60.699999999999996,797,161.6,59.4,-22.31,11.109,14.848,4.197,79.0,81.4,74.0,1590,1,177.6,19.5
3513,64,0.0,28.48,1,30.5,60.699999999999996,799,161.9,59.3,-22.34,11.102,14.84,4.197,79.0,81.4,74.0,1590,1,177.7,19.54
3514,62,0.0,28.47,1,30.5,60.699999999999996,800,162.3,59.4,-22.36,11.094,14.832,4.197,79.0,81.4,74.0,1590,1,177.8,19.52
3515,59,0.0,28.54,1,30.5,60.699999999999996,800,162.8,59.3,-22.36,11.094,14.828,4.197,79.0,81.4,74.0,1590,1,177.9,19.57
3516,57,0.0,28.52,1,30.5,60.699999999999996,799,163.3,59.4,-22.34,11.086,14.824,4.197,79.0,81.3,74.0,1590,1,178.0,19.54
3517,55,0.0,28.47,1,30.5,60.699999999999996,798,163.7,59.4,-22.38,11.086,14.816,4.197,79.0,81.2,74.0,1590,1,178.1,19.56
3518,54,0.0,28.52,1,30.5,60.699999999999996,797,164.2,59.5,-22.37,11.078,14.813,4.197,79.0,81.2,74.0,1590,1,178.2,19.55
3519,53,0.0,27.3,1,30.4,60.4,796,164.7,59.3,-22.34,11.07,14.809,4.197,79.0,81.1,74.0,1590,1,178.3,18.96
3520,51,0.0,22.6,1,28.7,57.3,784,165.1,57.1,-22.39,11.07,14.805,4.197,79.0,80.9,74.0,1590,1,178.3,16.39
3521,48,0.0,19.64,1,26.700000000000003,54.50000000000001,763,165.3,55.7,-22.39,11.07,14.801,4.197,79.0,80.8,74.0,1590,1,178.3,16.48
3522,47,0.0,19.14,1,25.4,53.400000000000006,751,165.6,56.3,-22.39,11.07,14.797,4.197,79.0,80.6,74.0,1590,1,178.3,16.13
3523,45,0.0,18.93,1,24.9,53.400000000000006,757,165.8,56.0,-22.38,11.07,14.793,4.197,78.0,80.4,74.0,1590,1,178.2,16.02
3524,44,0.0,18.7,1,24.6,53.400000000000006,769,166.1,56.3,-22.37,11.07,14.785,4.197,78.0,80.2,74.0,1590,1,178.2,15.9
3525,43,0.0,18.53,1,24.6,53.400000000000006,780,166.3,56.0,-22.39,11.07,14.785,4.197,78.0,80.0,74.0,1590,1,178.1,15.94
3526,42,0.0,18.4,1,24.5,53.400000000000006,789,166.5,56.2,-22.38,11.07,14.785,4.197,78.0,79.7,74.0,1590,1,178.1,16.01
3527,40,0.0,18.38,1,24.5,53.400000000000006,796,166.7,56.2,-22.36,11.07,14.781,4.197,77.0,79.5,74.0,1590,1,178.0,15.96
3528,39,0.0,18.33,1,24.5,53.400000000000006,801,166.8,56.3,-22.39,11.07,14.777,4.197,77.0,79.2,74.0,1590,1,178.0,15.93
3529,38,0.0,18.34,1,24.5,53.400000000000006,804,166.8,56.2,-22.38,11.07,14.773,4.197,77.0,78.9,74.0,1590,1,177.9,15.94
3530,37,0.0,18.31,1,24.6,53.400000000000006,806,167.0,56.3,-22.35,11.07,14.773,4.197,77.0,78.6,74.0,1590,1,177.8,15.98
3531,35,0.0,18.31,1,24.6,53.400000000000006,808,167.2,56.5,-22.36,11.07,14.77,4.197,76.0,78.3,74.0,1590,1,177.8,15.98
3532,34,0.0,18.28,1,24.6,53.400000000000006,809,167.3,56.5,-22.37,11.07,14.77,4.197,76.0,78.1,74.0,1591,1,177.7,15.92
3533,33,0.0,18.27,1,24.5,53.400000000000006,809,167.4,56.4,-22.37,11.07,14.766,4.197,76.0,77.8,74.0,1591,1,177.6,15.91
3534,31,0.0,18.33,1,24.6,53.400000000000006,810,167.6,56.5,-22.38,11.07,14.762,4.197,76.0,77.5,74.0,1591,1,177.6,15.94
3535,30,0.0,18.32,1,24.5,53.400000000000006,809,167.7,56.4,-22.36,11.07,14.762,4.197,76.0,77.3,74.0,1591,1,177.5,15.9
3536,29,0.0,18.24,1,24.5,53.400000000000006,809,167.8,56.5,-22.4,11.07,14.758,4.197,76.0,77.0,74.0,1591,1,177.4,15.83
3537,28,0.0,18.29,1,24.5,53.400000000000006,808,167.9,56.6,-22.41,11.07,14.758,4.197,76.0,76.7,74.0,1591,1,177.3,15.91
3538,26,0.0,18.33,1,24.5,53.400000000000006,808,168.0,56.5,-22.38,11.07,14.758,4.197,76.0,76.5,74.0,1591,1,177.3,15.94
3539,23,0.0,18.31,1,24.5,53.400000000000006,808,168.0,56.4,-22.4,11.07,14.754,4.197,74.0,76.3,74.0,1591,1,177.2,15.9
3540,21,0.0,18.33,1,24.5,53.400000000000006,807,168.0,56.5,-22.39,11.07,14.75,4.197,74.0,76.0,74.0,1591,1,177.1,15.86
3541,19,0.0,18.28,1,24.5,53.400000000000006,807,168.0,56.6,-22.4,11.07,14.746,4.197,74.0,75.8,74.0,1591,1,177.0,15.86
3542,18,0.0,18.31,1,24.5,53.400000000000006,806,168.1,56.6,-22.39,11.07,14.742,4.197,73.0,75.5,74.0,1591,1,176.9,15.88
3543,17,0.0,18.24,1,24.5,53.400000000000006,806,168.0,56.8,-22.39,11.07,14.742,4.197,73.0,75.3,74.0,1591,1,176.9,15.82
3544,17,0.0,18.36,1,24.5,53.400000000000006,806,168.1,56.7,-22.37,11.07,14.742,4.197,73.0,75.1,74.0,1591,1,176.8,15.89
3545,16,0.0,18.31,1,24.5,53.400000000000006,806,168.1,56.7,-22.41,11.07,14.738,4.197,73.0,74.9,74.0,1591,1,176.7,15.83
3546,15,0.0,18.3,1,24.4,53.400000000000006,805,168.0,56.9,-22.39,11.07,14.738,4.197,73.0,74.7,74.0,1591,1,176.6,15.83
3547,14,0.0,18.23,1,24.3,53.400000000000006,805,168.0,56.8,-22.38,11.07,14.734,4.197,72.0,74.5,74.0,1591,1,176.5,15.8
3548,14,0.0,18.76,1,24.6,53.5,805,167.9,57.0,-15.28,11.07,14.734,4.197,72.0,74.3,74.0,1591,1,176.4,17.19
3549,13,0.0,30.7,1,28.4,61.4,846,167.9,68.1,-14.79,11.07,14.734,4.197,72.0,74.2,74.0,1591,1,176.3,20.42
3550,13,0.0,37.89,1,34.4,66.9,939,167.9,76.8,-14.79,11.07,14.734,4.197,72.0,74.0,74.0,1591,1,176.3,19.39
3551,12,0.0,38.59,1,36.6,67.30000000000001,950,167.9,77.0,-14.55,11.07,14.734,4.197,72.0,73.9,74.0,1591,1,176.3,19.2
3552,13,0.0,37.97,1,37.3,67.2,914,168.0,77.1,-14.53,11.07,14.73,4.197,71.0,73.9,74.0,1591,1,176.3,19.34
3553,13,0.0,38.09,1,37.4,67.2,878,168.1,77.1,-14.64,11.07,14.734,4.197,72.0,73.8,74.0,1591,1,176.2,19.44
3554,13,0.0,38.2,1,37.5,67.2,852,168.1,77.2,-14.64,11.07,14.73,4.197,71.0,73.8,74.0,1591,1,176.1,19.31
3555,13,0.0,38.27,1,37.5,67.2,834,168.2,77.3,-14.65,11.07,14.73,4.197,72.0,73.8,74.0,1591,1,176.0,19.3
3556,14,0.0,38.31,1,37.5,67.2,822,168.2,77.0,-14.71,11.07,14.73,4.197,72.0,73.8,74.0,1591,1,176.0,19.27
3557,14,0.0,38.33,1,37.4,67.10000000000001,814,168.1,77.2,-14.65,11.07,14.734,4.197,71.0,73.8,74.0,1591,1,175.8,19.36
3558,14,0.0,38.52,1,37.5,67.2,808,167.9,77.3,-14.66,11.07,14.73,4.197,72.0,73.8,74.0,1591,1,175.7,19.42
3559,14,0.0,38.29,1,37.4,67.2,806,167.6,77.2,-14.73,11.07,14.734,4.197,72.0,73.8,74.0,1591,1,175.6,19.31
3560,14,0.0,38.4,1,37.3,67.2,803,167.4,77.4,-14.62,11.07,14.734,4.197,72.0,73.8,74.0,1591,1,175.5,19.41
3561,14,0.0,38.41,1,37.4,67.2,802,167.2,77.6,-14.66,11.07,14.734,4.197,72.0,73.8,74.0,1591,1,175.4,19.32
3562,15,0.0,38.36,1,37.4,67.2,802,166.9,77.8,-14.67,11.07,14.734,4.197,72.0,73.8,74.0,1591,1,175.3,19.37
3563,15,0.0,38.59,1,37.4,67.2,801,166.7,77.6,-14.65,11.07,14.734,4.197,72.0,73.8,74.0,1591,1,175.2,19.43
3564,15,0.0,38.52,1,37.4,67.2,801,166.6,77.6,-14.66,11.07,14.734,4.197,71.0,73.8,74.0,1591,1,175.1,19.34
3565,15,0.0,38.38,1,37.4,67.2,800,166.4,77.8,-14.7,11.07,14.734,4.197,72.0,73.8,74.0,1591,1,175.0,19.35
3566,15,0.0,38.45,1,37.3,67.2,800,166.3,77.7,-14.64,11.07,14.734,4.197,72.0,73.8,74.0,1591,1,174.9,19.36
3567,15,0.0,37.8,1,37.2,67.0,800,166.1,77.3,-15.26,11.07,14.734,4.197,72.0,73.8,74.0,1591,1,174.8,19.17
3568,14,0.0,35.87,1,35.8,65.10000000000001,793,166.0,74.7,-16.28,11.07,14.734,4.197,71.0,73.8,74.0,1591,1,174.7,19.12
3569,14,0.0,31.65,1,33.5,62.6,777,165.9,70.9,-17.25,11.07,14.734,4.197,71.0,73.8,74.0,1591,1,174.6,19.72
3570,13,0.0,29.66,1,31.7,61.1,763,165.7,68.7,-17.43,11.07,14.734,4.197,71.0,73.7,74.0,1591,1,174.5,19.86
3571,12,0.0,29.1,1,30.9,60.8,760,165.6,68.1,-17.42,11.07,14.734,4.197,71.0,73.7,74.0,1592,1,174.5,19.64
3572,12,0.0,29.16,1,30.7,60.8,764,165.5,68.1,-17.42,11.07,14.73,4.197,71.0,73.6,74.0,1592,1,174.4,19.7
3573,11,0.0,29.02,1,30.7,60.8,770,165.4,68.2,-17.44,11.07,14.734,4.197,71.0,73.5,74.0,1592,1,174.3,19.68
3574,11,0.0,28.84,1,30.7,60.8,776,165.2,68.1,-17.45,11.07,14.73,4.197,71.0,73.4,74.0,1592,1,174.2,19.67
3575,10,0.0,28.78,1,30.7,60.8,779,165.2,68.2,-17.41,11.07,14.73,4.197,71.0,73.4,74.0,1592,1,174.1,19.71
3576,10,0.0,28.69,1,30.7,60.8,782,165.1,68.2,-17.41,11.07,14.73,4.197,71.0,73.3,74.0,1592,1,174.0,19.65
3577,10,0.0,28.7,1,30.7,60.8,783,165.0,68.1,-17.43,11.07,14.73,4.197,71.0,73.2,74.0,1592,1,174.0,19.67
3578,10,0.0,28.65,1,30.599999999999998,60.8,784,165.0,68.1,-17.42,11.07,14.723,4.197,71.0,73.1,74.0,1592,1,173.9,19.73
3579,10,0.0,28.71,1,30.8,60.8,785,165.0,68.3,-17.4,11.07,14.719,4.197,71.0,73.1,74.0,1592,1,173.8,19.71
3580,10,0.0,28.86,1,31.0,60.8,786,165.0,68.3,-17.41,11.07,14.719,4.197,71.0,73.0,74.0,1592,1,173.7,19.74
3581,10,0.0,28.87,1,31.1,60.8,786,165.0,68.2,-17.42,11.07,14.727,4.197,71.0,72.9,74.0,1592,1,173.6,19.81
3582,10,0.0,29.0,1,31.2,60.8,786,165.0,68.1,-17.42,11.07,14.727,4.197,71.0,72.9,74.0,1592,1,173.5,19.82
3583,10,0.0,28.85,1,31.3,60.8,785,165.0,68.4,-17.43,11.07,14.73,4.197,71.0,72.8,74.0,1592,1,173.4,19.76
3584,10,0.0,28.98,1,31.4,60.8,785,165.0,68.2,-17.4,11.07,14.73,4.197,71.0,72.8,74.0,1592,1,173.3,19.84
3585,10,0.0,29.14,1,31.4,60.9,784,165.0,68.4,-17.41,11.07,14.73,4.197,71.0,72.7,74.0,1592,1,173.2,19.93
3586,10,0.0,28.99,1,31.4,60.8,785,165.0,68.5,-17.43,11.07,14.734,4.197,71.0,72.7,74.0,1592,1,173.1,19.89
3587,10,0.0,28.87,1,31.4,60.699999999999996,784,164.9,68.2,-17.43,11.07,14.73,4.197,70.0,72.6,74.0,1592,1,173.0,19.78
3588,10,0.0,28.86,1,31.2,60.8,783,164.9,68.7,-17.43,11.07,14.719,4.197,71.0,72.6,74.0,1592,1,172.9,19.82
3589,9,0.0,28.84,1,31.2,60.8,783,164.8,68.4,-17.46,11.07,14.715,4.197,70.0,72.5,74.0,1592,1,172.7,19.74
3590,9,0.0,28.79,1,31.1,60.699999999999996,783,164.7,68.4,-17.4,11.07,14.711,4.197,70.0,72.5,74.0,1592,1,172.6,19.79
3591,8,0.0,29.01,1,31.1,60.9,783,164.7,68.6,-17.4,11.07,14.707,4.197,70.0,72.5,74.0,1592,1,172.6,19.86
3592,8,0.0,28.92,1,31.2,60.9,784,164.6,68.6,-17.39,11.07,14.707,4.197,70.0,72.4,74.0,1592,1,172.5,19.8
3593,8,0.0,28.86,1,31.2,60.8,784,164.5,68.5,-17.41,11.07,14.711,4.197,70.0,72.4,74.0,1592,1,172.4,19.8
3594,8,0.0,28.93,1,31.3,60.8,784,164.5,68.5,-17.41,11.07,14.711,4.197,70.0,72.4,74.0,1592,1,172.3,19.79
3595,7,0.0,29.08,1,31.3,60.9,784,164.4,68.7,-17.39,11.07,14.703,4.197,70.0,72.4,74.0,1592,1,172.2,19.86
3596,6,0.0,28.95,1,31.3,60.8,784,164.3,68.9,-17.4,11.07,14.707,4.197,70.0,72.3,74.0,1592,1,172.2,19.81
3597,6,0.0,28.91,1,31.3,60.8,784,164.3,68.8,-17.42,11.07,14.711,4.197,70.0,72.3,74.0,1592,1,172.1,19.84
3598,6,0.0,29.04,1,31.5,60.8,784,164.2,68.6,-17.41,11.07,14.715,4.197,70.0,72.3,74.0,1592,1,172.0,19.78
3599,6,0.0,28.97,1,31.5,60.8,784,164.1,68.6,-17.4,11.07,14.715,4.197,70.0,72.3,74.0,1592,1,172.0,19.82
3600,6,0.0,29.03,1,31.5,60.9,784,164.1,68.9,-17.41,11.07,14.719,4.197,70.0,72.2,74.0,1592,1,171.9,19.83
3601,6,0.0,29.02,1,31.5,60.8,784,164.0,68.8,-17.42,11.07,14.723,4.197,70.0,72.2,74.0,1592,1,171.9,19.85
3602,6,0.0,29.79,1,31.5,61.1,784,163.9,69.3,-16.83,11.07,14.727,4.197,70.0,72.2,74.0,1592,1,171.8,20.07
3603,6,0.0,32.0,1,32.300000000000004,62.5,790,163.8,71.5,-16.42,11.07,14.727,4.197,70.0,72.2,74.0,1592,1,171.7,19.91
3604,6,0.0,35.03,1,33.4,63.9,800,163.8,73.3,-15.64,11.07,14.73,4.197,70.0,72.2,74.0,1592,1,171.6,19.48
3605,6,0.0,36.55,1,34.9,65.10000000000001,812,163.7,75.2,-15.51,11.07,14.734,4.197,70.0,72.2,74.0,1592,1,171.6,19.42
3606,6,0.0,37.04,1,35.5,65.3,814,163.6,75.7,-15.5,11.07,14.734,4.197,70.0,72.2,74.0,1592,1,171.5,19.42
3607,6,0.0,37.34,1,35.8,65.3,810,163.6,75.8,-15.5,11.07,14.734,4.197,70.0,72.3,74.0,1592,1,171.4,19.41
3608,6,0.0,37.53,1,35.8,65.3,805,163.5,75.8,-15.49,11.07,14.738,4.197,70.0,72.3,74.0,1592,1,171.3,19.38
3609,6,0.0,37.73,1,35.8,65.4,801,163.4,75.7,-15.47,11.07,14.738,4.197,70.0,72.4,74.0,1592,1,171.2,19.42
3610,6,0.0,37.55,1,35.8,65.3,798,163.4,75.9,-15.45,11.07,14.738,4.197,70.0,72.4,74.0,1592,1,171.1,19.37
3611,6,0.0,37.66,1,35.8,65.4,795,163.4,75.9,-15.5,11.07,14.738,4.197,70.0,72.4,74.0,1592,1,171.0,19.37
3612,6,0.0,37.57,1,35.699999999999996,65.3,794,163.3,75.8,-15.48,11.07,14.738,4.197,70.0,72.5,74.0,1592,1,170.9,19.42
3613,6,0.0,37.32,1,35.699999999999996,65.2,792,163.1,75.8,-15.54,11.07,14.738,4.197,70.0,72.5,74.0,1592,1,170.8,19.4
3614,6,0.0,37.3,1,35.6,65.2,791,163.0,75.5,-15.51,11.07,14.738,4.197,70.0,72.6,74.0,1592,1,170.7,19.44
3615,6,0.0,37.52,1,35.699999999999996,65.3,791,162.8,76.0,-15.48,11.07,14.738,4.197,70.0,72.6,74.0,1592,1,170.6,19.45
3616,6,0.0,37.74,1,35.699999999999996,65.3,792,162.7,76.0,-15.47,11.07,14.742,4.197,70.0,72.6,74.0,1592,1,170.5,19.4
3617,6,0.0,39.58,1,36.0,65.9,792,162.5,77.0,-14.58,11.07,14.738,4.197,71.0,72.7,74.0,1592,1,170.4,19.73
3618,6,0.0,39.13,1,37.6,67.60000000000001,803,162.4,79.8,-14.36,11.07,14.738,4.197,71.0,72.7,74.0,1592,1,170.3,19.48
3619,6,0.0,39.42,1,38.5,67.9,812,162.2,80.2,-14.39,11.07,14.738,4.197,71.0,72.7,74.0,1592,1,170.3,19.49
3620,6,0.0,39.62,1,38.800000000000004,67.9,813,162.1,69.3,-14.38,11.07,14.738,4.197,70.0,72.7,74.0,1592,1,170.2,19.54
3621,6,0.0,39.51,1,38.9,67.9,810,162.0,63.2,-14.3,11.07,14.738,4.197,71.0,72.8,74.0,1592,1,170.1,19.48
3622,6,0.0,39.55,1,39.0,67.9,809,161.8,63.1,-14.34,11.07,14.738,4.197,71.0,72.8,74.0,1593,1,170.0,19.54
3623,5,0.0,39.57,1,39.1,68.0,807,161.6,63.1,-14.35,11.07,14.738,4.197,70.0,72.8,74.0,1593,1,170.0,19.44
3624,5,0.0,39.52,1,39.1,67.9,806,161.5,63.2,-14.35,11.07,14.738,4.197,71.0,72.9,74.0,1593,1,169.9,19.47
3625,5,0.0,40.07,1,39.2,68.10000000000001,805,161.3,63.2,-14.01,11.07,14.738,4.197,71.0,72.9,74.0,1593,1,169.8,19.53
3626,5,0.0,40.35,1,39.900000000000006,68.89999999999999,809,161.2,63.5,-13.89,11.07,14.738,4.197,71.0,72.9,74.0,1593,1,169.8,19.62
3627,5,0.0,39.82,1,40.300000000000004,69.0,814,161.1,63.6,-13.82,11.07,14.738,4.197,71.0,72.9,74.0,1593,1,169.7,19.55
3628,5,0.0,39.56,1,40.6,69.0,815,160.9,63.5,-13.85,11.07,14.738,4.197,71.0,73.0,74.0,1593,1,169.6,19.5
3629,5,0.0,39.72,1,40.6,69.0,815,160.8,63.6,-13.86,11.07,14.734,4.197,71.0,73.0,74.0,1593,1,169.6,19.54
3630,5,0.0,39.48,1,40.699999999999996,69.0,814,160.6,63.6,-13.93,11.07,14.734,4.197,71.0,73.0,74.0,1593,1,169.5,19.45
3631,5,0.0,39.67,1,40.6,68.89999999999999,814,160.5,63.6,-13.82,11.07,14.734,4.197,71.0,73.0,74.0,1593,1,169.5,19.45
3632,5,0.0,39.68,1,40.5,68.89999999999999,813,160.4,63.5,-13.92,11.07,14.734,4.197,71.0,73.1,74.0,1593,1,169.4,19.42
3633,5,0.0,39.63,1,40.6,69.0,813,160.3,63.5,-13.9,11.07,14.734,4.197,71.0,73.1,74.0,1593,1,169.4,19.39
3634,5,0.0,39.53,1,40.699999999999996,69.0,814,160.1,63.6,-13.89,11.07,14.734,4.197,71.0,73.1,74.0,1593,1,169.3,19.43
3635,5,0.0,39.54,1,40.6,69.0,814,160.0,63.5,-13.91,11.07,14.734,4.197,71.0,73.1,74.0,1593,1,169.3,19.47
3636,5,0.0,39.59,1,40.6,68.89999999999999,814,159.9,63.5,-13.88,11.07,14.734,4.197,71.0,73.2,74.0,1593,1,169.3,19.39
3637,5,0.0,39.6,1,40.5,69.0,814,159.8,63.5,-13.92,11.07,14.734,4.197,71.0,73.2,74.0,1593,1,169.2,19.41
3638,5,0.0,39.71,1,40.6,69.0,814,159.7,63.6,-13.85,11.07,14.727,4.197,71.0,73.2,74.0,1593,1,169.2,19.42
3639,6,0.0,39.6,1,40.699999999999996,69.1,815,159.6,63.6,-13.87,11.07,14.715,4.197,71.0,73.2,74.0,1593,1,169.1,19.4
3640,6,0.0,39.5,1,40.6,69.0,816,159.5,63.5,-13.89,11.07,14.707,4.197,71.0,73.3,74.0,1593,1,169.1,19.31
3641,6,0.0,39.48,1,40.5,69.0,816,159.4,63.5,-13.89,11.07,14.699,4.197,71.0,73.3,74.0,1593,1,169.1,19.39
3642,6,0.0,39.49,1,40.6,69.0,816,159.3,63.5,-13.86,11.07,14.699,4.197,71.0,73.3,74.0,1593,1,169.1,19.44
3643,6,0.0,39.68,1,40.5,69.0,817,159.2,63.6,-13.86,11.07,14.695,4.197,71.0,73.4,74.0,1593,1,169.1,19.42
3644,6,0.0,39.52,1,40.6,69.1,817,159.2,63.5,-13.82,11.07,14.703,4.197,71.0,73.4,74.0,1593,1,169.1,19.39
3645,6,0.0,39.44,1,40.699999999999996,69.1,818,159.1,63.6,-13.86,11.07,14.711,4.197,71.0,73.4,74.0,1593,1,169.1,19.44
3646,6,0.0,39.45,1,40.699999999999996,69.0,818,159.0,63.6,-13.92,11.07,14.719,4.197,71.0,73.4,74.0,1593,1,169.2,19.38
3647,7,0.0,39.64,1,40.6,69.0,817,158.9,63.6,-13.87,11.07,14.719,4.197,71.0,73.5,74.0,1593,1,169.2,19.42
3648,7,0.0,39.57,1,40.6,69.0,817,158.9,63.5,-13.87,11.07,14.719,4.197,71.0,73.5,74.0,1593,1,169.2,19.4
3649,7,0.0,39.53,1,40.8,69.1,817,158.8,63.7,-13.88,11.07,14.715,4.197,72.0,73.5,74.0,1593,1,169.2,19.37
3650,8,0.0,37.55,1,40.2,67.80000000000001,817,158.8,63.2,-17.48,11.07,14.715,4.197,71.0,73.5,74.0,1593,1,169.2,18.87
3651,8,0.0,32.78,1,36.3,63.2,798,158.7,61.2,-17.46,11.07,14.719,4.197,71.0,73.6,74.0,1593,1,169.3,19.23
3652,8,0.0,30.19,1,33.2,61.1,771,158.7,60.1,-17.2,11.07,14.719,4.197,71.0,73.6,74.0,1593,1,169.3,19.9
3653,8,0.0,36.65,1,33.4,64.0,768,158.6,61.4,-15.59,11.07,14.723,4.197,71.0,73.5,74.0,1593,1,169.3,19.27
3654,9,0.0,37.44,1,35.199999999999996,65.4,802,158.5,61.9,-15.49,11.07,14.727,4.197,71.0,73.6,74.0,1593,1,169.3,19.18
3655,9,0.0,37.48,1,35.9,65.5,816,158.4,61.9,-15.58,11.07,14.727,4.197,72.0,73.6,74.0,1593,1,169.3,19.18
3656,9,0.0,37.69,1,36.1,65.4,814,158.3,61.9,-15.41,11.07,14.73,4.197,71.0,73.6,74.0,1593,1,169.4,19.38
3657,9,0.0,38.08,1,36.199999999999996,65.5,811,158.2,62.0,-15.38,11.07,14.73,4.197,71.0,73.6,74.0,1593,1,169.4,19.28
3658,9,0.0,38.25,1,36.4,65.60000000000001,808,158.1,62.0,-15.41,11.07,14.727,4.197,71.0,73.6,74.0,1593,1,169.4,19.18
3659,10,0.0,38.2,1,36.3,65.5,805,158.1,62.0,-15.4,11.07,14.727,4.197,72.0,73.6,74.0,1593,1,169.4,19.28
3660,10,0.0,38.13,1,36.199999999999996,65.5,803,158.2,62.0,-15.38,11.07,14.727,4.197,71.0,73.6,74.0,1593,1,169.4,19.25
3661,10,0.0,38.19,1,36.199999999999996,65.5,801,158.2,62.1,-15.37,11.07,14.73,4.197,72.0,73.6,74.0,1593,1,169.4,19.29
3662,10,0.0,38.09,1,36.199999999999996,65.5,800,158.3,62.0,-15.43,11.07,14.73,4.197,71.0,73.6,74.0,1593,1,169.4,19.31
3663,11,0.0,35.61,1,35.8,64.8,799,158.3,61.8,-19.37,11.07,14.73,4.197,72.0,73.6,74.0,1593,1,169.4,18.93
3664,11,0.0,30.41,1,33.6,61.9,786,158.3,60.5,-20.21,11.07,14.734,4.197,71.0,73.6,74.0,1593,1,169.4,19.76
3665,10,0.0,27.02,1,31.2,59.5,767,158.3,59.4,-20.22,11.07,14.734,4.197,71.0,73.5,74.0,1593,1,169.3,18.22
3666,10,0.0,24.24,1,29.299999999999997,57.599999999999994,754,158.3,58.4,-20.14,11.07,14.734,4.197,71.0,73.5,74.0,1593,1,169.3,16.76
3667,9,0.0,22.1,1,27.700000000000003,55.800000000000004,746,158.3,57.4,-20.34,11.07,14.734,4.197,71.0,73.4,74.0,1593,1,169.3,17.85
3668,9,0.0,21.7,1,26.700000000000003,54.7,743,158.3,56.4,-18.14,11.07,14.734,4.197,71.0,73.3,74.0,1593,1,169.2,17.79
3669,8,0.0,26.6,1,28.000000000000004,58.599999999999994,763,158.2,58.8,-17.72,11.07,14.734,4.197,71.0,73.3,74.0,1593,1,169.1,22.33
3670,8,0.0,27.34,1,29.599999999999998,59.9,806,158.2,59.6,-17.69,11.07,14.734,4.197,71.0,73.2,74.0,1593,1,169.1,18.94
3671,7,0.0,27.66,1,30.3,60.099999999999994,817,158.1,59.6,-17.7,11.07,14.734,4.197,71.0,73.1,74.0,1593,1,169.1,19.13
3672,7,0.0,27.71,1,30.599999999999998,60.0,813,158.1,59.6,-17.68,11.07,14.734,4.197,71.0,73.0,74.0,1593,1,169.0,19.23
3673,7,0.0,27.74,1,30.599999999999998,60.099999999999994,807,158.1,59.7,-17.64,11.07,14.734,4.197,71.0,73.0,74.0,1593,1,169.0,19.19
3674,7,0.0,27.69,1,30.7,60.099999999999994,802,158.1,59.7,-17.0,11.07,14.734,4.197,71.0,72.9,74.0,1593,1,168.9,19.18
3675,6,0.0,34.79,1,32.300000000000004,63.4,804,158.1,61.1,-15.32,11.07,14.727,4.197,71.0,72.8,74.0,1593,1,168.8,19.41
3676,6,0.0,37.67,1,35.199999999999996,65.8,836,158.2,62.1,-15.09,11.07,14.727,4.197,71.0,72.8,74.0,1593,1,168.8,19.43
3677,6,0.0,38.68,1,36.6,66.2,846,158.3,62.4,-15.11,11.07,14.727,4.197,70.0,72.8,74.0,1593,1,168.8,19.33
3678,6,0.0,39.18,1,37.0,66.3,838,158.4,62.4,-15.15,11.07,14.727,4.197,70.0,72.8,74.0,1593,1,168.7,19.4
3679,6,0.0,40.23,1,37.4,67.10000000000001,828,158.4,62.7,-14.04,11.07,14.73,4.197,71.0,72.8,74.0,1593,1,168.7,19.58
3680,5,0.0,39.45,1,39.300000000000004,68.8,832,158.4,63.5,-13.87,11.07,14.73,4.197,71.0,72.8,74.0,1593,1,168.7,19.41
3681,5,0.0,39.17,1,40.1,69.0,836,158.4,63.7,-13.9,11.07,14.734,4.197,71.0,72.9,74.0,1593,1,168.6,19.39
3682,6,0.0,39.35,1,40.400000000000006,69.0,831,158.4,63.7,-13.79,11.07,14.734,4.197,71.0,73.0,74.0,1593,1,168.6,19.43
3683,6,0.0,39.4,1,40.6,69.1,826,158.3,63.6,-13.84,11.07,14.734,4.197,71.0,73.0,74.0,1593,1,168.5,19.39
3684,6,0.0,39.45,1,40.5,69.0,822,158.3,63.7,-13.81,11.07,14.734,4.197,71.0,73.1,74.0,1593,1,168.5,19.43
3685,6,0.0,39.39,1,40.5,69.1,819,158.1,63.6,-13.85,11.07,14.734,4.197,71.0,73.2,74.0,1593,1,168.4,19.42
3686,6,0.0,39.33,1,40.400000000000006,69.0,817,158.0,63.6,-13.88,11.07,14.734,4.197,71.0,73.3,74.0,1593,1,168.4,19.38
3687,6,0.0,39.38,1,40.400000000000006,69.0,815,157.9,63.6,-13.88,11.07,14.734,4.197,71.0,73.3,74.0,1593,1,168.3,19.35
3688,6,0.0,39.31,1,40.400000000000006,69.0,814,157.8,63.6,-13.88,11.07,14.734,4.197,71.0,73.4,74.0,1593,1,168.3,19.34
3689,6,0.0,39.28,1,40.6,69.0,813,157.6,63.6,-13.88,11.07,14.734,4.197,71.0,73.5,74.0,1593,1,168.2,19.36
3690,6,0.0,39.3,1,40.6,69.1,813,157.5,63.7,-13.91,11.07,14.734,4.197,71.0,73.5,74.0,1593,1,168.2,19.38
3691,6,0.0,39.61,1,40.5,69.0,813,157.3,63.5,-13.82,11.07,14.734,4.197,72.0,73.6,74.0,1594,1,168.2,19.48
3692,6,0.0,39.37,1,40.699999999999996,69.1,814,157.2,63.6,-13.89,11.07,14.734,4.197,71.0,73.6,74.0,1594,1,168.1,19.33
3693,6,0.0,39.39,1,40.6,69.0,814,157.1,63.6,-13.87,11.07,14.734,4.197,72.0,73.7,74.0,1594,1,168.1,19.35
3694,6,0.0,39.37,1,40.5,69.0,813,157.0,63.7,-13.86,11.07,14.734,4.197,71.0,73.7,74.0,1594,1,168.0,19.34
3695,6,0.0,39.33,1,40.699999999999996,69.1,814,156.9,63.7,-13.85,11.07,14.734,4.197,72.0,73.7,74.0,1594,1,168.0,19.35
3696,7,0.0,39.36,1,40.699999999999996,69.0,815,156.8,63.6,-13.88,11.07,14.734,4.197,72.0,73.8,74.0,1594,1,168.0,19.27
3697,7,0.0,39.45,1,40.6,69.0,814,156.7,63.6,-13.9,11.07,14.734,4.197,72.0,73.8,74.0,1594,1,167.9,19.31
3698,7,0.0,39.39,1,40.5,69.0,814,156.5,63.6,-13.88,11.07,14.734,4.197,71.0,73.9,74.0,1594,1,167.9,19.29
3699,7,0.0,39.39,1,40.6,69.1,814,156.5,63.6,-13.88,11.07,14.734,4.197,72.0,73.9,74.0,1594,1,167.8,19.3
3700,7,0.0,39.32,1,40.699999999999996,69.0,815,156.4,63.7,-13.87,11.07,14.734,4.197,71.0,73.9,74.0,1594,1,167.8,19.3
3701,7,0.0,39.23,1,40.8,69.1,815,156.4,63.7,-13.83,11.07,14.734,4.197,72.0,73.9,74.0,1594,1,167.8,19.33
3702,7,0.0,39.23,1,40.699999999999996,69.0,815,156.3,63.7,-13.89,11.07,14.734,4.197,72.0,73.9,74.0,1594,1,167.8,19.34
3703,7,0.0,39.33,1,40.699999999999996,69.0,814,156.2,63.6,-13.88,11.07,14.734,4.197,72.0,74.0,74.0,1594,1,167.8,19.3
3704,8,0.0,39.4,1,40.6,69.0,814,156.2,63.6,-13.86,11.07,14.734,4.197,72.0,74.0,74.0,1594,1,167.7,19.31
3705,8,0.0,39.39,1,40.8,69.0,814,156.1,63.6,-13.95,11.07,14.738,4.197,72.0,74.0,74.0,1594,1,167.7,19.33
3706,7,0.0,39.44,1,40.699999999999996,69.0,814,156.1,63.6,-13.89,11.07,14.734,4.197,72.0,74.0,74.0,1594,1,167.7,19.32
3707,8,0.0,39.42,1,40.8,69.0,814,156.1,63.7,-13.91,11.07,14.734,4.197,72.0,74.0,74.0,1594,1,167.7,19.35
3708,8,0.0,39.42,1,40.699999999999996,69.0,814,156.0,63.6,-13.86,11.07,14.734,4.197,72.0,74.0,74.0,1594,1,167.7,19.32
3709,8,0.0,39.28,1,40.699999999999996,69.1,814,155.9,63.6,-13.87,11.07,14.734,4.197,72.0,74.1,74.0,1594,1,167.6,19.34
3710,9,0.0,39.35,1,40.699999999999996,69.0,815,155.9,63.6,-13.97,11.07,14.734,4.197,72.0,74.1,74.0,1594,1,167.6,19.29
3711,9,0.0,39.26,1,40.699999999999996,68.89999999999999,814,155.8,63.7,-13.93,11.07,14.734,4.197,72.0,74.1,74.0,1594,1,167.6,19.28
3712,9,0.0,39.45,1,40.699999999999996,69.0,814,155.8,63.7,-13.81,11.07,14.727,4.197,72.0,74.1,74.0,1594,1,167.6,19.32
3713,10,0.0,39.43,1,40.9,69.0,815,155.8,63.7,-13.86,11.07,14.723,4.197,72.0,74.1,74.0,1594,1,167.6,19.25
3714,10,0.0,38.55,1,41.0,68.8,815,155.7,63.6,-14.98,11.07,14.719,4.197,72.0,74.1,74.0,1594,1,167.6,18.91
3715,11,0.0,36.73,1,38.5,65.60000000000001,807,155.7,62.3,-16.51,11.07,14.719,4.197,72.0,74.1,74.0,1594,1,167.6,18.91
3716,11,0.0,32.78,1,35.6,63.0,784,155.7,61.1,-16.9,11.07,14.711,4.197,72.0,74.1,74.0,1594,1,167.6,19.25
3717,11,0.0,29.9,1,33.6,61.4,768,155.6,60.3,-17.94,11.07,14.707,4.197,72.0,74.1,74.0,1594,1,167.6,19.74
3718,11,0.0,26.78,1,31.6,59.4,758,155.6,59.4,-18.1,11.07,14.707,4.197,72.0,74.1,74.0,1594,1,167.7,18.09
3719,11,0.0,26.3,1,30.2,58.599999999999994,753,155.5,58.9,-18.11,11.07,14.707,4.197,72.0,74.0,74.0,1594,1,167.7,18.09
3720,11,0.0,25.88,1,29.7,58.5,758,155.5,58.9,-18.12,11.07,14.715,4.197,72.0,74.0,74.0,1594,1,167.7,17.86
3721,11,0.0,25.84,1,29.5,58.5,766,155.4,58.9,-18.12,11.07,14.715,4.197,72.0,73.9,74.0,1594,1,167.7,17.91
3722,10,0.0,25.7,1,29.5,58.5,774,155.4,59.0,-18.12,11.07,14.715,4.197,72.0,73.8,74.0,1594,1,167.7,17.9
3723,10,0.0,25.59,1,29.599999999999998,58.5,780,155.4,59.0,-18.12,11.07,14.715,4.197,72.0,73.8,74.0,1594,1,167.8,17.95
3724,10,0.0,25.46,1,29.5,58.5,783,155.3,58.9,-18.11,11.07,14.715,4.197,72.0,73.7,74.0,1594,1,167.8,17.93
3725,10,0.0,25.4,1,29.5,58.599999999999994,786,155.3,59.0,-18.11,11.07,14.715,4.197,71.0,73.6,74.0,1594,1,167.8,17.96
3726,10,0.0,25.41,1,29.5,58.599999999999994,788,155.4,59.0,-18.12,11.07,14.711,4.197,71.0,73.5,74.0,1594,1,167.8,18.08
3727,10,0.0,25.26,1,29.5,58.5,789,155.5,59.0,-18.12,11.07,14.707,4.197,71.0,73.4,74.0,1594,1,167.8,17.91
3728,10,0.0,25.3,1,29.4,58.5,790,155.6,59.1,-18.13,11.07,14.707,4.197,71.0,73.4,74.0,1594,1,167.8,17.96
3729,9,0.0,25.21,1,29.4,58.5,790,155.7,59.0,-18.14,11.07,14.707,4.197,71.0,73.3,74.0,1594,1,167.9,17.83
3730,9,0.0,25.3,1,29.4,58.5,790,155.7,59.0,-18.12,11.07,14.715,4.197,71.0,73.2,74.0,1594,1,167.9,18.03
3731,9,0.0,25.39,1,29.4,58.599999999999994,790,155.8,59.0,-18.11,11.07,14.715,4.197,71.0,73.1,74.0,1594,1,167.9,18.04
3732,9,0.0,25.13,1,29.299999999999997,58.5,790,155.8,58.9,-18.12,11.07,14.715,4.197,71.0,73.1,74.0,1594,1,167.9,17.85
3733,9,0.0,25.43,1,29.4,58.599999999999994,790,155.9,59.0,-18.13,11.07,14.719,4.197,71.0,73.1,74.0,1594,1,167.9,18.09
3734,9,0.0,25.24,1,29.4,58.5,790,155.9,59.0,-18.15,11.07,14.719,4.197,71.0,73.0,74.0,1594,1,167.9,17.9
3735,9,0.0,25.17,1,29.299999999999997,58.4,789,155.9,58.8,-18.16,11.07,14.715,4.197,71.0,72.9,74.0,1594,1,167.8,17.89
3736,9,0.0,25.14,1,29.2,58.4,788,155.9,59.0,-18.15,11.07,14.707,4.197,71.0,72.9,74.0,1594,1,167.8,17.82
3737,9,0.0,25.14,1,29.2,58.4,788,156.0,59.0,-18.14,11.07,14.707,4.197,71.0,72.9,74.0,1594,1,167.8,17.87
3738,9,0.0,25.4,1,29.299999999999997,58.5,788,156.0,59.0,-18.11,11.07,14.711,4.197,71.0,72.9,74.0,1594,1,167.7,18.03
3739,9,0.0,25.35,1,29.299999999999997,58.599999999999994,789,156.0,59.0,-18.13,11.07,14.715,4.197,71.0,72.8,74.0,1594,1,167.7,18.0
3740,9,0.0,25.21,1,29.2,58.5,788,156.0,59.0,-18.13,11.07,14.711,4.197,70.0,72.8,74.0,1594,1,167.7,17.86
3741,9,0.0,25.28,1,29.2,58.5,788,156.0,58.9,-18.13,11.07,14.711,4.197,70.0,72.7,74.0,1594,1,167.7,17.93
3742,9,0.0,25.32,1,29.2,58.5,788,155.9,59.0,-18.13,11.07,14.715,4.197,71.0,72.7,74.0,1594,1,167.6,17.91
3743,9,0.0,25.3,1,29.2,58.5,788,155.9,58.9,-18.14,11.07,14.715,4.197,70.0,72.7,74.0,1594,1,167.6,17.97
3744,9,0.0,25.26,1,29.2,58.5,788,155.9,59.0,-18.11,11.07,14.715,4.197,70.0,72.6,74.0,1594,1,167.5,17.9
3745,9,0.0,25.26,1,29.299999999999997,58.5,788,155.9,59.0,-18.14,11.07,14.719,4.197,70.0,72.6,74.0,1594,1,167.5,17.85
3746,9,0.0,25.34,1,29.2,58.5,788,155.9,58.9,-18.11,11.07,14.715,4.197,70.0,72.6,74.0,1594,1,167.4,18.0
3747,10,0.0,25.29,1,29.299999999999997,58.5,788,155.9,59.0,-18.16,11.07,14.715,4.197,70.0,72.6,74.0,1594,1,167.4,17.94
3748,10,0.0,25.24,1,29.2,58.4,787,155.8,59.1,-18.16,11.07,14.715,4.197,70.0,72.6,74.0,1594,1,167.3,17.89
3749,10,0.0,25.25,1,29.099999999999998,58.4,786,155.8,58.9,-18.14,11.07,14.715,4.197,70.0,72.5,74.0,1594,1,167.3,17.91
3750,10,0.0,25.28,1,29.2,58.5,787,155.8,59.0,-18.16,11.07,14.723,4.197,70.0,72.5,74.0,1594,1,167.2,17.93
3751,10,0.0,25.17,1,29.099999999999998,58.4,787,155.8,59.0,-18.13,11.07,14.727,4.197,70.0,72.5,74.0,1594,1,167.1,17.84
3752,10,0.0,25.33,1,29.099999999999998,58.5,787,155.7,59.0,-18.13,11.07,14.727,4.197,70.0,72.4,74.0,1594,1,167.1,17.98
3753,10,0.0,25.33,1,29.2,58.5,787,155.7,58.9,-18.12,11.07,14.73,4.197,70.0,72.4,74.0,1594,1,167.0,18.02
3754,10,0.0,25.43,1,29.2,58.599999999999994,787,155.7,58.9,-18.11,11.07,14.73,4.198,70.0,72.4,74.0,1594,1,166.9,18.12
3755,10,0.0,25.47,1,29.299999999999997,58.599999999999994,787,155.6,59.0,-18.14,11.07,14.73,4.197,70.0,72.4,74.0,1594,1,166.8,18.11
3756,11,0.0,25.36,1,29.299999999999997,58.5,787,155.6,59.1,-18.13,11.07,14.727,4.197,70.0,72.3,74.0,1594,1,166.7,18.02
3757,11,0.0,25.34,1,29.299999999999997,58.5,786,155.5,59.0,-18.13,11.07,14.727,4.197,70.0,72.3,74.0,1594,1,166.6,17.99
3758,11,0.0,25.28,1,29.4,58.5,786,155.5,59.1,-18.14,11.07,14.723,4.197,70.0,72.3,74.0,1594,1,166.5,17.93
3759,11,0.0,25.49,1,29.4,58.599999999999994,786,155.4,58.9,-18.13,11.07,14.719,4.197,70.0,72.3,74.0,1594,1,166.4,18.12
3760,11,0.0,25.37,1,29.299999999999997,58.5,786,155.4,59.0,-18.14,11.07,14.715,4.197,70.0,72.3,74.0,1594,1,166.3,18.01
3761,11,0.0,25.42,1,29.299999999999997,58.5,786,155.3,59.1,-18.14,11.07,14.719,4.197,70.0,72.2,74.0,1594,1,166.2,18.03
3762,11,0.0,25.45,1,29.299999999999997,58.599999999999994,786,155.3,59.0,-18.14,11.07,14.719,4.197,70.0,72.2,74.0,1594,1,166.2,18.1
3763,11,0.0,25.41,1,29.4,58.5,786,155.2,59.0,-18.15,11.07,14.719,4.197,70.0,72.2,74.0,1594,1,166.1,17.95
3764,11,0.0,25.36,1,29.299999999999997,58.5,786,155.2,58.9,-18.12,11.07,14.715,4.197,70.0,72.1,74.0,1594,1,166.0,17.97
3765,11,0.0,25.36,1,29.299999999999997,58.5,786,155.1,58.9,-18.14,11.07,14.715,4.197,69.0,72.1,74.0,1594,1,165.9,18.04
3766,11,0.0,25.4,1,29.299999999999997,58.5,786,155.1,59.0,-18.11,11.07,14.711,4.197,70.0,72.1,74.0,1594,1,165.8,18.0
3767,11,0.0,25.39,1,29.4,58.5,786,155.1,59.0,-18.15,11.07,14.711,4.197,70.0,72.1,74.0,1594,1,165.8,17.99
3768,11,0.0,25.41,1,29.4,58.5,786,155.0,59.1,-18.13,11.07,14.711,4.197,70.0,72.1,74.0,1594,1,165.7,18.06
3769,11,0.0,25.4,1,29.4,58.5,786,154.9,59.0,-18.12,11.07,14.715,4.197,70.0,72.0,74.0,1594,1,165.6,18.01
3770,11,0.0,25.56,1,29.4,58.599999999999994,787,154.9,59.1,-18.12,11.07,14.719,4.197,69.0,72.0,74.0,1594,1,165.6,18.15
3771,11,0.0,25.28,1,29.4,58.5,787,154.8,59.0,-18.14,11.07,14.723,4.197,70.0,72.0,74.0,1594,1,165.5,17.89
3772,11,0.0,25.34,1,29.299999999999997,58.5,786,154.8,59.1,-18.13,11.07,14.727,4.197,69.0,72.0,74.0,1594,1,165.4,18.03
3773,12,0.0,25.42,1,29.299999999999997,58.5,786,154.7,59.1,-18.14,11.07,14.73,4.197,69.0,72.0,74.0,1594,1,165.4,18.07
3774,12,0.0,25.35,1,29.299999999999997,58.5,786,154.7,59.0,-18.13,11.07,14.73,4.197,69.0,72.0,74.0,1594,1,165.3,17.98
3775,12,0.0,25.44,1,29.299999999999997,58.5,786,154.6,59.1,-18.12,11.07,14.73,4.197,69.0,71.9,74.0,1594,1,165.2,18.01
3776,13,0.0,25.37,1,29.299999999999997,58.599999999999994,787,154.5,59.0,-18.12,11.07,14.73,4.197,69.0,71.9,74.0,1594,1,165.1,18.01
3777,13,0.0,25.36,1,29.299999999999997,58.5,787,154.5,59.0,-18.13,11.07,14.734,4.197,69.0,71.9,74.0,1594,1,165.0,18.06
3778,13,0.0,25.33,1,29.299999999999997,58.5,787,154.4,59.0,-18.12,11.07,14.734,4.197,69.0,71.9,74.0,1594,1,164.9,17.99
3779,13,0.0,25.39,1,29.299999999999997,58.5,787,154.4,59.0,-18.11,11.07,14.73,4.197,69.0,71.8,74.0,1594,1,164.8,18.06
3780,13,0.0,25.38,1,29.299999999999997,58.5,787,154.3,59.2,-18.14,11.07,14.73,4.197,69.0,71.8,74.0,1594,1,164.7,18.06
3781,13,0.0,25.4,1,29.299999999999997,58.5,787,154.3,59.0,-18.12,11.07,14.734,4.197,69.0,71.8,74.0,1594,1,164.6,18.01
3782,14,0.0,25.35,1,29.299999999999997,58.5,787,154.3,59.0,-18.14,11.07,14.734,4.197,69.0,71.8,74.0,1594,1,164.6,18.02
3783,14,0.0,25.34,1,29.2,58.5,786,154.2,59.0,-18.11,11.07,14.734,4.197,69.0,71.8,74.0,1594,1,164.5,18.02
3784,14,0.0,25.44,1,29.2,58.599999999999994,787,154.1,59.1,-18.14,11.07,14.734,4.197,69.0,71.8,74.0,1594,1,164.4,18.15
3785,14,0.0,25.29,1,29.2,58.5,787,154.1,59.0,-18.15,11.07,14.738,4.197,69.0,71.8,74.0,1595,1,164.3,17.99
3786,15,0.0,25.3,1,29.099999999999998,58.5,786,154.0,59.1,-18.16,11.07,14.738,4.197,69.0,71.7,74.0,1595,1,164.2,18.01
3787,15,0.0,25.41,1,29.099999999999998,58.5,786,154.0,59.0,-18.12,11.07,14.738,4.197,69.0,71.7,74.0,1595,1,164.1,18.08
3788,15,0.0,25.42,1,29.099999999999998,58.599999999999994,786,153.9,59.1,-18.14,11.07,14.738,4.197,69.0,71.7,74.0,1595,1,164.0,18.08
3789,15,0.0,25.31,1,29.099999999999998,58.5,786,153.9,59.0,-18.11,11.07,14.738,4.197,69.0,71.7,74.0,1595,1,163.9,17.97
3790,15,0.0,25.46,1,29.099999999999998,58.599999999999994,786,153.8,59.1,-18.11,11.07,14.738,4.197,69.0,71.7,74.0,1595,1,163.8,18.08
3791,16,0.0,25.38,1,29.2,58.5,787,153.7,59.0,-18.12,11.07,14.738,4.197,69.0,71.7,74.0,1595,1,163.7,18.01
3792,16,0.0,25.52,1,29.2,58.5,786,153.7,59.1,-18.11,11.07,14.742,4.197,69.0,71.7,74.0,1595,1,163.6,18.16
3793,16,0.0,25.32,1,29.2,58.5,787,153.6,59.2,-18.14,11.07,14.742,4.197,69.0,71.7,74.0,1595,1,163.5,17.98
3794,16,0.0,25.3,1,29.099999999999998,58.5,786,153.5,59.1,-18.14,11.07,14.742,4.197,69.0,71.7,74.0,1595,1,163.4,17.93
3795,16,0.0,25.31,1,29.099999999999998,58.5,786,153.5,59.1,-18.14,11.07,14.742,4.197,70.0,71.7,74.0,1595,1,163.2,17.99
3796,16,0.0,25.26,1,29.099999999999998,58.4,786,153.4,59.0,-18.16,11.07,14.742,4.197,69.0,71.7,74.0,1595,1,163.2,17.91
3797,16,0.0,25.29,1,29.099999999999998,58.4,786,153.4,59.0,-18.09,11.07,14.742,4.197,69.0,71.6,74.0,1595,1,163.1,17.92
3798,16,0.0,25.37,1,29.2,58.599999999999994,786,153.3,59.2,-18.15,11.07,14.742,4.197,69.0,71.7,74.0,1595,1,162.9,17.93
3799,16,0.0,25.43,1,29.2,58.5,786,153.3,59.0,-18.12,11.07,14.742,4.197,69.0,71.6,74.0,1595,1,162.8,18.04
3800,16,0.0,25.51,1,29.299999999999997,58.599999999999994,787,153.2,59.1,-18.15,11.07,14.742,4.197,69.0,71.6,74.0,1595,1,162.7,18.15
3801,16,0.0,25.39,1,29.2,58.5,786,153.2,59.1,-18.11,11.07,14.742,4.197,69.0,71.6,74.0,1595,1,162.6,18.03
3802,16,0.0,25.4,1,29.299999999999997,58.5,786,153.1,59.1,-18.11,11.07,14.742,4.197,69.0,71.6,74.0,1595,1,162.5,18.04
3803,16,0.0,25.46,1,29.299999999999997,58.599999999999994,786,153.0,59.1,-18.14,11.07,14.742,4.197,69.0,71.6,74.0,1595,1,162.4,18.11
3804,16,0.0,25.28,1,29.299999999999997,58.5,786,153.0,59.1,-18.15,11.07,14.742,4.197,69.0,71.6,74.0,1595,1,162.3,17.95
3805,16,0.0,25.29,1,29.2,58.4,786,152.9,59.0,-18.14,11.07,14.742,4.197,69.0,71.6,74.0,1595,1,162.2,17.9
3806,16,0.0,25.27,1,29.099999999999998,58.5,785,152.8,59.1,-18.14,11.07,14.742,4.198,69.0,71.6,74.0,1595,1,162.1,17.92
3807,15,0.0,25.42,1,29.099999999999998,58.5,786,152.8,59.1,-18.15,11.07,14.742,4.197,69.0,71.5,74.0,1595,1,162.0,18.03
3808,15,0.0,25.3,1,29.099999999999998,58.5,786,152.7,59.0,-18.12,11.07,14.742,4.197,69.0,71.5,74.0,1595,1,161.9,17.98
3809,15,0.0,25.42,1,29.099999999999998,58.5,787,152.7,59.0,-18.12,11.07,14.746,4.197,69.0,71.5,74.0,1595,1,161.8,18.07
3810,15,0.0,25.39,1,29.099999999999998,58.5,787,152.6,59.0,-18.13,11.07,14.742,4.197,69.0,71.5,74.0,1595,1,161.7,18.05
3811,16,0.0,25.36,1,29.099999999999998,58.5,787,152.5,59.1,-18.15,11.07,14.742,4.197,69.0,71.5,74.0,1595,1,161.6,17.99
3812,16,0.0,25.49,1,29.099999999999998,58.5,787,152.5,59.1,-18.12,11.07,14.742,4.197,69.0,71.5,74.0,1595,1,161.6,18.04
3813,16,0.0,25.49,1,29.099999999999998,58.599999999999994,787,152.4,59.2,-18.11,11.07,14.746,4.197,69.0,71.5,74.0,1595,1,161.5,18.13
3814,16,0.0,25.32,1,29.099999999999998,58.5,787,152.4,59.1,-18.14,11.07,14.746,4.198,69.0,71.5,74.0,1595,1,161.4,17.99
3815,16,0.0,25.37,1,29.099999999999998,58.5,787,152.3,59.1,-18.15,11.07,14.746,4.197,69.0,71.5,74.0,1595,1,161.3,17.99
3816,16,0.0,25.38,1,29.2,58.5,787,152.2,59.1,-18.16,11.07,14.746,4.197,69.0,71.5,74.0,1595,1,161.2,18.0
3817,16,0.0,25.32,1,29.2,58.5,787,152.2,59.1,-18.11,11.07,14.746,4.198,69.0,71.5,74.0,1595,1,161.1,18.03
3818,16,0.0,25.45,1,29.2,58.5,787,152.2,59.1,-18.13,11.07,14.746,4.197,69.0,71.5,74.0,1595,1,161.0,18.07
3819,16,0.0,24.94,1,29.2,58.4,787,152.1,59.1,-19.05,11.07,14.746,4.197,69.0,71.5,74.0,1595,1,160.9,17.62
3820,16,0.0,21.55,1,27.900000000000002,56.3,781,152.0,58.1,-20.33,11.07,14.746,4.197,69.0,71.5,74.0,1595,1,160.9,18.13
3821,15,0.0,19.35,1,26.400000000000002,54.2,767,152.0,56.9,-20.7,11.07,14.746,4.197,69.0,71.4,74.0,1595,1,160.8,16.3
3822,15,0.0,19.0,1,25.4,53.400000000000006,758,151.9,56.4,-20.69,11.07,14.746,4.197,69.0,71.4,74.0,1595,1,160.7,16.11
3823,15,0.0,18.74,1,24.9,53.400000000000006,764,151.8,56.4,-20.71,11.07,14.746,4.197,69.0,71.4,74.0,1595,1,160.6,15.85
3824,14,0.0,18.63,1,24.8,53.400000000000006,773,151.7,56.4,-20.68,11.07,14.746,4.197,69.0,71.3,74.0,1595,1,160.5,15.88
3825,14,0.0,18.59,1,24.8,53.400000000000006,783,151.7,56.3,-20.71,11.07,14.742,4.197,69.0,71.3,74.0,1595,1,160.4,15.93
3826,13,0.0,18.59,1,24.8,53.400000000000006,790,151.6,56.4,-20.72,11.07,14.742,4.197,69.0,71.3,74.0,1595,1,160.3,15.95
3827,13,0.0,18.54,1,24.9,53.400000000000006,796,151.5,56.4,-20.68,11.07,14.742,4.197,69.0,71.2,74.0,1595,1,160.2,15.93
3828,12,0.0,18.55,1,24.8,53.400000000000006,799,151.5,56.5,-20.7,11.07,14.742,4.197,69.0,71.2,74.0,1595,1,160.1,15.95
3829,12,0.0,18.58,1,24.9,53.400000000000006,802,151.4,56.5,-20.69,11.07,14.738,4.197,69.0,71.1,74.0,1595,1,159.9,15.88
3830,11,0.0,18.6,1,25.0,53.400000000000006,805,151.4,56.5,-20.71,11.07,14.73,4.197,69.0,71.1,74.0,1595,1,159.8,15.94
3831,11,0.0,18.6,1,25.0,53.400000000000006,806,151.4,56.4,-20.71,11.07,14.73,4.197,68.0,71.0,74.0,1595,1,159.7,15.95
3832,10,0.0,18.59,1,25.0,53.400000000000006,807,151.4,56.6,-20.73,11.07,14.73,4.198,68.0,71.0,74.0,1595,1,159.7,15.96
3833,10,0.0,18.63,1,25.1,53.400000000000006,807,151.4,56.6,-20.73,11.07,14.73,4.197,68.0,70.9,74.0,1595,1,159.6,15.99
3834,10,0.0,18.58,1,25.1,53.400000000000006,808,151.4,56.6,-20.73,11.07,14.723,4.197,68.0,70.9,74.0,1595,1,159.5,15.89
3835,9,0.0,18.59,1,25.1,53.400000000000006,808,151.3,56.5,-20.71,11.07,14.715,4.197,68.0,70.8,74.0,1595,1,159.4,15.98
3836,7,0.0,18.51,1,24.9,53.400000000000006,808,151.3,56.6,-20.73,11.07,14.707,4.197,67.0,70.8,74.0,1595,1,159.4,15.87
3837,6,0.0,18.51,1,24.8,53.400000000000006,808,151.3,56.6,-20.73,11.07,14.699,4.197,67.0,70.8,74.0,1595,1,159.3,15.92
3838,5,0.0,21.75,1,25.1,54.50000000000001,809,151.3,57.1,-16.74,11.07,14.699,4.198,67.0,70.7,74.0,1595,1,159.2,19.01
3839,4,0.0,29.12,1,28.7,61.6,862,151.4,60.4,-16.81,11.07,14.699,4.197,67.0,70.7,74.0,1595,1,159.2,19.94
3840,4,0.0,30.08,1,31.3,62.4,915,151.3,60.9,-16.71,11.07,14.695,4.198,67.0,70.7,74.0,1595,1,159.1,20.09
3841,4,0.0,30.46,1,32.4,62.4,903,151.2,61.0,-16.76,11.07,14.691,4.197,67.0,70.7,74.0,1595,1,159.1,20.02
3842,3,0.0,30.72,1,32.6,62.4,875,151.1,60.9,-16.72,11.07,14.691,4.197,67.0,70.7,74.0,1595,1,159.1,19.95
3843,3,0.0,30.73,1,32.4,62.4,851,151.1,60.8,-16.73,11.07,14.695,4.198,67.0,70.8,74.0,1595,1,159.1,20.1
3844,2,0.0,30.79,1,32.4,62.4,834,151.1,60.9,-16.73,11.07,14.703,4.197,68.0,70.9,74.0,1595,1,159.0,20.1
3845,2,0.0,31.18,1,32.4,62.4,823,151.0,60.8,-16.72,11.07,14.707,4.197,67.0,70.9,74.0,1595,1,159.0,20.09
3846,3,0.0,31.32,1,32.5,62.4,816,151.0,60.9,-16.73,11.07,14.703,4.197,69.0,71.0,74.0,1595,1,159.0,20.06
3847,3,0.0,31.44,1,32.5,62.4,809,151.0,60.9,-16.71,11.07,14.699,4.197,69.0,71.1,74.0,1595,1,159.0,19.98
3848,3,0.0,31.52,1,32.5,62.4,805,150.8,60.9,-16.73,11.07,14.699,4.197,69.0,71.2,74.0,1595,1,159.0,20.09
3849,3,0.0,31.55,1,32.5,62.4,802,150.6,60.9,-16.73,11.07,14.699,4.197,69.0,71.3,74.0,1595,1,159.0,20.01
3850,3,0.0,31.49,1,32.6,62.4,800,150.4,60.8,-16.73,11.07,14.699,4.197,69.0,71.4,74.0,1595,1,158.9,20.13
3851,3,0.0,31.66,1,32.6,62.4,798,150.3,60.8,-16.72,11.07,14.699,4.197,69.0,71.5,74.0,1595,1,159.0,20.07
3852,4,0.0,31.56,1,32.5,62.4,798,150.2,60.7,-16.73,11.07,14.699,4.197,69.0,71.5,74.0,1595,1,158.9,20.05
3853,4,0.0,31.62,1,32.5,62.4,796,150.0,60.7,-16.71,11.07,14.703,4.197,69.0,71.6,74.0,1595,1,158.9,20.02
3854,4,0.0,31.61,1,32.5,62.4,796,149.9,60.8,-16.72,11.07,14.699,4.198,69.0,71.7,74.0,1595,1,158.9,20.08
3855,5,0.0,31.59,1,32.6,62.4,796,149.8,60.7,-16.72,11.07,14.699,4.197,69.0,71.8,74.0,1595,1,158.9,20.03
3856,5,0.0,31.53,1,32.4,62.5,795,149.8,60.9,-16.71,11.07,14.703,4.198,70.0,71.8,74.0,1595,1,158.9,20.06
3857,5,0.0,31.63,1,32.4,62.5,795,149.7,60.8,-16.72,11.07,14.703,4.197,70.0,71.9,74.0,1595,1,158.8,20.01
3858,5,0.0,31.57,1,32.4,62.4,795,149.6,60.8,-16.74,11.07,14.703,4.198,69.0,71.9,74.0,1595,1,158.8,20.07
3859,5,0.0,31.54,1,32.6,62.4,794,149.6,60.9,-16.73,11.07,14.703,4.197,70.0,72.0,74.0,1595,1,158.8,20.03
3860,5,0.0,31.58,1,32.800000000000004,62.4,794,149.5,60.8,-16.76,11.07,14.703,4.198,69.0,72.0,74.0,1595,1,158.8,19.98
3861,5,0.0,31.68,1,32.800000000000004,62.4,794,149.4,61.0,-16.74,11.07,14.711,4.197,70.0,72.0,74.0,1595,1,158.8,19.99
3862,5,0.0,31.86,1,32.800000000000004,62.4,795,149.4,60.9,-16.71,11.07,14.711,4.197,70.0,72.1,74.0,1595,1,158.8,20.0
3863,5,0.0,31.73,1,32.800000000000004,62.4,795,149.3,60.9,-16.72,11.07,14.711,4.197,70.0,72.1,74.0,1595,1,158.8,20.02
3864,5,0.0,31.64,1,32.7,62.4,795,149.3,60.8,-16.76,11.07,14.707,4.198,70.0,72.2,74.0,1595,1,158.8,20.08
3865,4,0.0,34.54,1,33.0,63.3,795,149.3,61.2,-14.75,11.07,14.703,4.197,70.0,72.2,74.0,1595,1,158.8,20.3
3866,5,0.0,40.56,1,37.0,68.89999999999999,821,149.3,63.4,-13.02,11.07,14.699,4.197,70.0,72.3,74.0,1595,1,158.8,19.79
3867,5,0.0,39.29,1,41.099999999999994,70.7,865,149.2,64.1,-12.86,11.07,14.695,4.197,70.0,72.3,74.0,1595,1,158.8,19.78
3868,6,0.0,39.38,1,42.699999999999996,71.0,875,149.2,64.5,-12.83,11.07,14.691,4.197,70.0,72.4,74.0,1595,1,158.8,19.7
3869,6,0.0,39.57,1,43.2,71.0,867,149.1,64.4,-12.84,11.07,14.691,4.197,70.0,72.5,74.0,1595,1,158.8,19.69
3870,7,0.0,39.54,1,43.5,71.1,858,149.1,64.5,-12.79,11.07,14.703,4.197,70.0,72.5,74.0,1595,1,158.9,19.74
3871,7,0.0,39.6,1,43.7,71.1,851,149.1,64.5,-12.83,11.07,14.711,4.197,70.0,72.6,74.0,1595,1,158.9,19.67
3872,7,0.0,39.7,1,43.6,71.1,845,149.1,64.6,-12.75,11.07,14.715,4.197,71.0,72.7,74.0,1595,1,158.9,19.72
3873,8,0.0,39.7,1,43.6,71.1,842,149.1,64.5,-12.8,11.07,14.715,4.197,70.0,72.8,74.0,1595,1,159.0,19.67
3874,8,0.0,39.68,1,43.7,71.1,840,149.0,64.6,-12.73,11.07,14.719,4.197,71.0,72.8,74.0,1595,1,159.0,19.61
3875,9,0.0,39.64,1,43.8,71.2,840,148.8,64.5,-12.8,11.07,14.723,4.197,71.0,72.9,74.0,1595,1,159.0,19.62
3876,9,0.0,39.66,1,43.7,71.1,839,148.6,64.5,-12.77,11.07,14.723,4.197,71.0,73.0,74.0,1595,1,159.0,19.72
3877,9,0.0,39.76,1,43.7,71.1,838,148.4,64.5,-12.8,11.07,14.715,4.197,71.0,73.0,74.0,1595,1,159.1,19.62
3878,9,0.0,39.75,1,43.6,71.1,838,148.2,64.6,-12.77,11.07,14.715,4.197,71.0,73.1,74.0,1595,1,159.1,19.72
3879,9,0.0,39.76,1,43.7,71.1,838,148.1,64.4,-12.8,11.07,14.715,4.197,71.0,73.2,74.0,1595,1,159.2,19.7
3880,9,0.0,39.53,1,43.7,71.0,838,147.9,64.6,-12.92,11.07,14.711,4.197,71.0,73.3,74.0,1595,1,159.2,19.6
3881,9,0.0,39.35,1,43.0,70.1,836,147.8,64.1,-13.61,11.07,14.719,4.197,71.0,73.3,74.0,1595,1,159.3,19.44
3882,9,0.0,39.32,1,41.8,69.3,827,147.7,63.8,-13.73,11.07,14.723,4.197,71.0,73.3,74.0,1595,1,159.3,19.44
3883,9,0.0,39.55,1,41.3,69.3,821,147.5,63.7,-13.69,11.07,14.727,4.197,71.0,73.4,74.0,1595,1,159.4,19.58
3884,9,0.0,39.51,1,41.199999999999996,69.3,820,147.5,63.6,-13.71,11.07,14.727,4.197,71.0,73.5,74.0,1595,1,159.4,19.52
3885,8,0.0,39.41,1,41.099999999999994,69.3,821,147.4,63.7,-13.73,11.07,14.711,4.197,71.0,73.5,74.0,1595,1,159.5,19.47
3886,8,0.0,39.48,1,41.099999999999994,69.19999999999999,822,147.4,63.7,-13.73,11.07,14.707,4.197,71.0,73.6,74.0,1595,1,159.6,19.5
3887,8,0.0,39.48,1,41.0,69.3,822,147.3,63.7,-13.74,11.07,14.707,4.197,72.0,73.6,74.0,1595,1,159.6,19.58
3888,7,0.0,39.45,1,41.0,69.3,822,147.2,63.7,-13.73,11.07,14.703,4.197,72.0,73.7,74.0,1595,1,159.7,19.56
3889,7,0.0,39.42,1,41.099999999999994,69.19999999999999,822,147.2,63.6,-13.77,11.07,14.711,4.197,72.0,73.7,74.0,1595,1,159.8,19.51
3890,6,0.0,39.38,1,41.099999999999994,69.3,822,147.2,63.7,-13.77,11.07,14.699,4.198,71.0,73.8,74.0,1595,1,159.9,19.54
3891,6,0.0,39.55,1,40.9,69.3,822,147.2,63.9,-13.76,11.07,14.688,4.197,71.0,73.8,74.0,1595,1,160.0,19.51
3892,5,0.0,39.31,1,40.8,69.19999999999999,823,147.2,63.8,-13.79,11.07,14.664,4.197,72.0,73.9,74.0,1595,1,160.0,19.45
3893,4,0.0,39.3,1,40.300000000000004,69.19999999999999,823,147.3,63.8,-13.79,11.07,14.641,4.197,72.0,73.9,74.0,1595,1,160.1,19.41
3894,4,0.0,39.5,1,40.0,69.19999999999999,824,147.3,63.8,-13.71,11.07,14.625,4.197,72.0,74.0,74.0,1595,1,160.2,19.47
3895,4,0.0,39.4,1,40.2,69.3,825,147.3,63.7,-13.72,11.07,14.633,4.197,72.0,74.0,74.0,1595,1,160.3,19.43
3896,3,0.0,39.46,1,40.400000000000006,69.3,826,147.3,63.7,-13.75,11.07,14.648,4.197,72.0,74.0,74.0,1595,1,160.4,19.46
3897,2,0.0,39.59,1,40.400000000000006,69.19999999999999,826,147.3,63.7,-12.93,11.07,14.652,4.197,72.0,74.1,74.0,1595,1,160.5,19.54
3898,2,0.0,40.19,1,43.1,72.6,836,147.3,65.0,-11.45,11.07,14.66,4.198,72.0,74.1,74.0,1596,1,160.6,19.66
3899,2,0.0,40.0,1,46.1,73.7,867,147.3,65.6,-11.28,11.07,14.656,4.197,72.0,74.2,74.0,1596,1,160.7,19.68
3900,2,0.0,39.95,1,47.4,74.1,881,147.4,65.9,-11.21,11.07,14.645,4.198,72.0,74.3,74.0,1596,1,160.8,19.65
3901,2,0.0,39.75,1,47.599999999999994,74.0,885,147.4,65.9,-11.22,11.07,14.633,4.197,72.0,74.3,74.0,1596,1,161.0,19.66
3902,2,0.0,39.82,1,48.0,74.0,883,147.5,66.0,-11.2,11.07,14.645,4.197,72.0,74.3,74.0,1596,1,161.1,19.71
3903,2,0.0,39.94,1,48.3,74.0,882,147.6,66.1,-11.19,11.07,14.672,4.197,72.0,74.4,74.0,1596,1,161.2,19.7
3904,2,0.0,39.94,1,48.3,74.0,881,147.6,66.0,-11.26,11.07,14.699,4.197,72.0,74.4,74.0,1596,1,161.3,19.6
3905,2,0.0,39.23,1,48.0,73.8,880,147.7,66.0,-20.37,11.07,14.715,4.197,72.0,74.5,74.0,1596,1,161.4,19.35
3906,2,0.0,38.52,1,42.5,68.5,863,147.7,63.8,-20.35,11.07,14.723,4.198,72.0,74.6,74.0,1596,1,161.5,19.14
3907,1,0.0,36.06,1,37.4,64.9,823,147.6,62.1,-20.54,11.07,14.73,4.198,72.0,74.6,74.0,1596,1,161.6,19.13
3908,1,0.0,32.89,1,34.1,62.6,791,147.6,60.9,-13.11,11.07,14.734,4.198,72.0,74.6,74.0,1596,1,161.6,20.35
3909,1,0.0,41.38,1,38.5,71.5,812,147.5,64.3,-8.35,11.07,14.734,4.197,72.0,74.6,74.0,1596,1,161.7,19.98
3910,1,0.0,41.85,1,48.9,77.5,906,147.4,67.1,-8.62,11.07,14.734,4.197,72.0,74.7,74.0,1596,1,161.8,20.85
3911,1,0.0,38.44,1,51.1,74.8,954,147.1,66.5,-17.98,11.07,14.734,4.197,72.0,74.7,74.0,1596,1,161.9,18.74
3912,0,0.0,38.46,1,43.7,69.3,912,147.0,64.1,-22.13,11.07,14.734,4.197,72.0,74.8,74.0,1596,1,162.0,19.1
3913,0,0.0,36.57,1,38.4,66.10000000000001,855,146.8,62.5,-22.35,11.07,14.738,4.197,72.0,74.8,74.0,1596,1,162.1,19.1
3914,0,0.0,33.85,1,35.199999999999996,63.800000000000004,816,146.8,61.6,-22.35,11.07,14.738,4.198,72.0,74.8,74.0,1596,1,162.2,19.1
3915,0,0.0,30.52,1,32.7,61.9,792,146.9,60.7,-22.38,11.07,14.738,4.197,72.0,74.9,74.0,1596,1,162.3,19.88
3916,0,0.0,27.53,1,30.9,60.099999999999994,779,147.0,59.9,-22.43,11.07,14.738,4.198,72.0,74.9,74.0,1596,1,162.3,18.72
3917,0,0.0,25.11,1,29.2,58.4,770,147.1,59.1,-22.41,11.07,14.738,4.198,72.0,74.8,74.0,1596,1,162.4,17.38
3918,0,0.0,22.82,1,27.800000000000004,56.8,765,147.1,58.4,-22.4,11.07,14.738,4.197,72.0,74.8,74.0,1596,1,162.5,18.53
3919,0,0.0,20.87,1,26.5,55.2,761,146.9,57.6,-22.39,11.07,14.738,4.197,72.0,74.8,74.0,1596,1,162.5,17.16
3920,0,0.0,19.39,1,25.3,53.7,759,146.8,56.8,-22.41,11.07,14.738,4.198,72.0,74.7,74.0,1596,1,162.6,15.92
3921,0,0.0,19.24,1,24.6,53.400000000000006,763,146.7,56.6,-22.4,11.07,14.738,4.198,72.0,74.7,74.0,1596,1,162.6,15.91
3922,0,0.0,19.08,1,24.4,53.400000000000006,774,146.7,56.5,-22.4,11.07,14.73,4.198,72.0,74.6,74.0,1596,1,162.6,15.86
3923,0,0.0,18.9,1,24.2,53.400000000000006,787,146.8,56.5,-22.39,11.07,14.73,4.197,72.0,74.4,74.0,1596,1,162.7,15.82
3924,0,0.0,18.79,1,24.2,53.400000000000006,797,146.9,56.5,-22.38,11.07,14.73,4.198,72.0,74.4,74.0,1596,1,162.7,15.83
3925,0,0.0,18.63,1,24.2,53.400000000000006,805,147.0,56.5,-22.4,11.07,14.73,4.197,72.0,74.3,74.0,1596,1,162.7,15.8
3926,0,0.0,18.53,1,24.2,53.400000000000006,810,147.2,56.5,-22.39,11.07,14.73,4.197,72.0,74.1,74.0,1596,1,162.7,15.86
3927,0,0.0,18.36,1,24.2,53.400000000000006,813,147.4,56.5,-22.4,11.07,14.73,4.198,72.0,74.0,74.0,1596,1,162.7,15.85
3928,0,0.0,18.31,1,24.2,53.400000000000006,816,147.6,56.6,-22.39,11.07,14.73,4.198,72.0,73.9,74.0,1596,1,162.7,15.86
3929,0,0.0,18.28,1,24.2,53.400000000000006,818,147.8,56.5,-22.43,11.07,14.73,4.197,71.0,73.8,74.0,1596,1,162.7,15.82
3930,0,0.0,18.31,1,24.2,53.400000000000006,819,148.0,56.5,-22.39,11.07,14.73,4.197,71.0,73.7,74.0,1596,1,162.7,15.93
3931,0,0.0,18.31,1,24.2,53.400000000000006,819,148.1,56.4,-22.4,11.07,14.727,4.198,71.0,73.5,74.0,1596,1,162.7,15.88
3932,0,0.0,18.32,1,24.2,53.400000000000006,820,148.3,56.5,-22.4,11.07,14.727,4.198,71.0,73.4,74.0,1596,1,162.7,15.91
3933,0,0.0,18.33,1,24.3,53.400000000000006,820,148.5,56.6,-22.39,11.07,14.727,4.197,71.0,73.3,74.0,1596,1,162.7,15.86
3934,0,0.0,18.34,1,24.3,53.400000000000006,819,148.6,56.5,-22.38,11.07,14.727,4.198,71.0,73.2,74.0,1596,1,162.7,15.86
3935,0,0.0,18.34,1,24.3,53.400000000000006,818,148.8,56.6,-22.39,11.07,14.727,4.198,71.0,73.1,74.0,1596,1,162.7,15.86
3936,0,0.0,18.33,1,24.3,53.400000000000006,818,148.9,56.5,-22.37,11.07,14.73,4.197,71.0,73.1,74.0,1596,1,162.7,15.91
3937,0,0.0,18.33,1,24.3,53.400000000000006,818,149.0,56.5,-22.38,11.07,14.73,4.197,70.0,73.0,74.0,1596,1,162.6,15.89
3938,0,0.0,18.34,1,24.2,53.400000000000006,817,149.1,56.5,-22.39,11.07,14.727,4.198,71.0,72.9,74.0,1596,1,162.6,15.84
3939,0,0.0,18.31,1,24.2,53.400000000000006,817,149.2,56.4,-22.38,11.07,14.727,4.198,70.0,72.8,74.0,1596,1,162.6,15.85
3940,0,0.0,18.33,1,24.2,53.400000000000006,817,149.3,56.6,-22.39,11.07,14.727,4.198,70.0,72.7,74.0,1596,1,162.5,15.88
3941,0,0.0,18.32,1,24.3,53.400000000000006,817,149.4,56.6,-22.41,11.07,14.727,4.197,70.0,72.6,74.0,1596,1,162.5,15.93
3942,0,0.0,18.38,1,24.3,53.400000000000006,816,149.5,56.6,-22.4,11.07,14.73,4.198,70.0,72.6,74.0,1596,1,162.5,15.94
3943,0,0.0,18.37,1,24.3,53.400000000000006,816,149.5,56.5,-22.4,11.07,14.73,4.198,70.0,72.5,74.0,1596,1,162.4,15.98
3944,0,0.0,18.4,1,24.3,53.400000000000006,816,149.6,56.5,-22.4,11.07,14.73,4.197,70.0,72.5,74.0,1596,1,162.4,15.92
3945,0,0.0,18.39,1,24.4,53.400000000000006,815,149.7,56.5,-22.39,11.07,14.73,4.197,70.0,72.4,74.0,1596,1,162.3,15.98
3946,0,0.0,18.38,1,24.3,53.400000000000006,815,149.8,56.4,-22.37,11.07,14.73,4.198,70.0,72.3,74.0,1596,1,162.3,15.93
3947,0,0.0,18.41,1,24.4,53.400000000000006,815,149.9,56.4,-22.38,11.07,14.734,4.198,70.0,72.3,74.0,1596,1,162.2,15.92
3948,0,0.0,18.45,1,24.4,53.400000000000006,814,149.9,56.6,-22.38,11.07,14.734,4.197,70.0,72.2,74.0,1596,1,162.2,15.97
3949,0,0.0,18.67,1,24.4,53.5,814,149.9,56.6,-22.38,11.07,14.734,4.198,70.0,72.2,74.0,1596,1,162.1,0.75
3950,0,0.0,18.54,1,24.5,53.400000000000006,811,150.0,56.6,-22.4,11.07,14.734,4.197,69.0,72.1,74.0,1596,1,161.8,0.31
3951,0,0.0,18.58,1,24.5,53.400000000000006,805,150.0,56.5,-22.42,11.07,14.734,4.197,69.0,72.1,74.0,1596,1,161.4,0.31
3952,0,0.0,0.7,0,24.5,53.5,800,150.0,56.7,-22.43,11.07,14.73,4.198,70.0,72.0,74.0,1596,1,161.1,0.3
3953,0,0.0,0.61,0,24.4,53.400000000000006,793,150.0,56.6,-22.4,11.07,14.734,4.197,69.0,71.9,74.0,1596,1,160.8,0.31
3954,0,0.0,0.62,0,24.4,53.400000000000006,782,149.9,56.7,-22.43,11.07,14.73,4.198,69.0,71.8,74.0,1596,1,160.5,0.29
3955,0,0.0,0.63,0,24.4,53.400000000000006,774,149.9,56.6,-22.41,11.07,14.727,4.197,69.0,71.6,74.0,1596,1,160.2,0.3
3956,0,0.0,0.62,0,24.4,53.400000000000006,768,149.9,56.6,-22.39,11.07,14.727,4.197,69.0,71.5,74.0,1596,1,160.0,0.3
3957,0,0.0,0.62,0,24.4,53.400000000000006,764,149.8,56.5,-22.39,11.07,14.727,4.198,69.0,71.5,74.0,1596,1,159.7,0.3
3958,0,0.0,0.62,0,24.4,53.400000000000006,761,149.8,56.6,-22.4,11.07,14.73,4.198,69.0,71.5,74.0,1596,1,159.5,0.3
3959,0,0.0,0.62,0,24.3,53.400000000000006,758,149.8,56.5,-22.39,11.07,14.727,4.198,69.0,71.4,74.0,1596,1,159.3,0.29
3960,0,0.0,0.62,0,24.3,53.400000000000006,756,149.7,56.5,-22.4,11.07,14.727,4.197,69.0,71.4,74.0,1596,1,159.1,0.3
3961,0,0.0,0.62,0,24.3,53.400000000000006,755,149.7,56.5,-22.41,11.07,14.715,4.198,69.0,71.4,74.0,1596,1,158.9,0.29
3962,0,0.0,0.62,0,24.3,53.400000000000006,754,149.7,56.5,-22.4,11.07,14.711,4.198,69.0,71.4,74.0,1596,1,158.8,0.29
3963,0,0.0,0.62,0,24.2,53.400000000000006,754,149.7,56.5,-22.39,11.07,14.719,4.198,69.0,71.4,74.0,1596,1,158.6,0.3
3964,0,0.0,0.62,0,24.2,53.400000000000006,753,149.6,56.5,-22.4,11.07,14.719,4.198,69.0,71.4,74.0,1596,1,158.4,0.3
3965,0,0.0,0.61,0,24.2,53.400000000000006,753,149.6,56.5,-22.43,11.07,14.719,4.198,69.0,71.3,74.0,1596,1,158.3,0.29
3966,0,0.0,0.62,0,24.2,53.400000000000006,752,149.6,56.6,-22.39,11.07,14.719,4.198,69.0,71.4,74.0,1596,1,158.2,0.3
3967,0,0.0,0.64,0,24.2,53.400000000000006,752,149.5,56.6,-22.41,11.07,14.715,4.198,69.0,71.4,74.0,1596,1,158.0,0.29
3968,0,0.0,0.62,0,24.2,53.400000000000006,752,149.5,56.6,-22.41,11.07,14.715,4.198,69.0,71.3,74.0,1596,1,157.8,0.3
3969,0,0.0,0.62,0,24.2,53.400000000000006,751,149.4,56.6,-22.43,11.07,14.711,4.197,69.0,71.3,74.0,1596,1,157.7,0.29
3970,0,0.0,0.62,0,24.2,53.400000000000006,751,149.4,56.6,-22.42,11.07,14.707,4.198,69.0,71.3,74.0,1596,1,157.6,0.3
3971,0,0.0,0.62,0,24.2,53.400000000000006,751,149.3,56.6,-22.41,11.07,14.703,4.198,69.0,71.3,74.0,1596,1,157.5,0.3
3972,0,0.0,0.6,0,24.2,53.400000000000006,751,149.3,56.6,-22.44,11.07,14.703,4.198,69.0,71.3,74.0,1596,1,157.3,0.3
3973,0,0.0,0.61,0,24.2,53.400000000000006,750,149.3,56.6,-22.39,11.07,14.703,4.197,69.0,71.3,74.0,1596,1,157.2,0.3
3974,0,0.0,0.62,0,24.3,53.400000000000006,750,149.3,56.6,-22.43,11.07,14.703,4.197,69.0,71.3,74.0,1596,1,157.1,0.31
3975,0,0.0,0.62,0,24.2,53.400000000000006,750,149.2,56.6,-22.39,11.07,14.707,4.197,69.0,71.3,74.0,1596,1,157.0,0.31
3976,0,0.0,0.61,0,24.3,53.400000000000006,750,149.2,56.6,-22.4,11.07,14.707,4.197,69.0,71.3,74.0,1596,1,156.9,0.31
3977,0,0.0,0.61,0,24.2,53.400000000000006,750,149.1,56.6,-22.41,11.07,14.711,4.198,69.0,71.3,74.0,1596,1,156.8,0.3
3978,0,0.0,0.61,0,24.2,53.400000000000006,750,149.1,56.6,-22.41,11.07,14.711,4.198,69.0,71.3,74.0,1596,1,156.6,0.3
3979,0,0.0,0.61,0,24.2,53.400000000000006,750,149.1,56.7,-22.43,11.07,14.715,4.197,69.0,71.2,74.0,1596,1,156.5,0.3
3980,0,0.0,0.61,0,24.2,53.400000000000006,750,149.0,56.6,-22.41,11.07,14.719,4.197,69.0,71.2,74.0,1596,1,156.4,0.31
3981,0,0.0,0.6,0,24.2,53.400000000000006,749,149.0,56.7,-22.42,11.07,14.715,4.197,69.0,71.2,74.0,1596,1,156.3,0.3
3982,0,0.0,0.62,0,24.2,53.400000000000006,749,149.0,56.7,-22.42,11.07,14.711,4.198,69.0,71.2,74.0,1596,1,156.2,0.31
3983,0,0.0,0.61,0,24.3,53.400000000000006,750,148.9,56.6,-22.42,11.07,14.711,4.197,69.0,71.2,74.0,1596,1,156.1,0.31
3984,0,0.0,0.61,0,24.3,53.400000000000006,749,148.9,56.6,-22.43,11.07,14.715,4.197,69.0,71.2,74.0,1596,1,156.0,0.32
3985,0,0.0,0.62,0,24.3,53.400000000000006,749,148.9,56.7,-22.4,11.07,14.719,4.197,69.0,71.2,74.0,1596,1,155.9,0.32
3986,0,0.0,0.61,0,24.2,53.400000000000006,749,148.8,56.7,-22.36,11.07,14.719,4.198,69.0,71.2,74.0,1596,1,155.9,0.31
3987,0,0.0,0.6,0,24.3,53.400000000000006,749,148.8,56.6,-22.41,11.07,14.719,4.198,69.0,71.2,74.0,1596,1,155.8,0.31
3988,0,0.0,0.62,0,24.3,53.400000000000006,749,148.7,56.7,-22.41,11.07,14.723,4.198,69.0,71.2,74.0,1596,1,155.7,0.31
3989,0,0.0,0.62,0,24.3,53.400000000000006,749,148.7,56.7,-22.42,11.07,14.727,4.198,69.0,71.2,74.0,1596,1,155.6,0.3
3990,0,0.0,0.62,0,24.3,53.400000000000006,748,148.6,56.7,-22.41,11.07,14.727,4.198,69.0,71.2,74.0,1596,1,155.5,0.31
3991,0,0.0,0.62,0,24.2,53.400000000000006,748,148.6,56.7,-22.42,11.07,14.73,4.197,69.0,71.1,74.0,1596,1,155.4,0.3
3992,0,0.0,0.62,0,24.2,53.400000000000006,748,148.5,56.7,-22.41,11.07,14.73,4.197,69.0,71.1,74.0,1596,1,155.3,0.3
3993,0,0.0,0.61,0,24.2,53.400000000000006,748,148.5,56.7,-22.41,11.07,14.73,4.198,69.0,71.1,74.0,1596,1,155.2,0.31
3994,0,0.0,0.62,0,24.2,53.400000000000006,748,148.5,56.7,-22.42,11.07,14.727,4.197,69.0,71.1,74.0,1596,1,155.2,0.3
3995,0,0.0,0.62,0,24.2,53.400000000000006,748,148.4,56.6,-22.42,11.07,14.727,4.198,69.0,71.1,74.0,1596,1,155.1,0.3
3996,0,0.0,0.63,0,24.2,53.400000000000006,748,148.4,56.7,-22.4,11.07,14.727,4.198,69.0,71.1,74.0,1596,1,155.0,0.3
3997,0,0.0,0.62,0,24.2,53.400000000000006,748,148.3,56.6,-22.43,11.07,14.727,4.197,69.0,71.1,74.0,1596,1,154.9,0.3
3998,0,0.0,0.63,0,24.2,53.400000000000006,748,148.3,56.8,-22.43,11.07,14.727,4.198,69.0,71.1,74.0,1597,1,154.8,0.3
3999,0,0.0,0.63,0,24.2,53.400000000000006,749,148.3,56.7,-22.41,11.07,14.73,4.198,69.0,71.1,74.0,1597,1,154.8,0.29
4000,0,0.0,0.62,0,24.2,53.400000000000006,749,148.2,56.6,-22.42,11.07,14.73,4.198,69.0,71.1,74.0,1597,1,154.7,0.29
4001,0,0.0,0.63,0,24.2,53.400000000000006,750,148.2,56.7,-22.42,11.07,14.73,4.198,69.0,71.1,74.0,1597,1,154.6,0.29
4002,0,0.0,0.62,0,24.2,53.400000000000006,749,148.1,56.7,-22.41,11.07,14.73,4.197,69.0,71.0,74.0,1597,1,154.6,0.3
4003,0,0.0,0.63,0,24.2,53.400000000000006,749,148.1,56.8,-22.42,11.07,14.727,4.198,69.0,71.0,74.0,1597,1,154.5,0.3
4004,0,0.0,0.62,0,24.2,53.400000000000006,749,148.1,56.7,-22.41,11.07,14.727,4.198,69.0,71.0,74.0,1597,1,154.4,0.31
4005,0,0.0,0.61,0,24.2,53.400000000000006,748,148.0,56.7,-22.41,11.07,14.727,4.198,69.0,71.0,74.0,1597,1,154.4,0.31
4006,0,0.0,0.6,0,24.3,53.400000000000006,748,148.0,56.8,-22.42,11.07,14.727,4.198,69.0,71.0,74.0,1597,1,154.3,0.31
4007,0,0.0,0.63,0,24.3,53.400000000000006,748,148.0,56.7,-22.39,11.07,14.723,4.198,69.0,71.0,74.0,1597,1,154.2,0.31
4008,0,0.0,0.62,0,24.3,53.400000000000006,748,147.9,56.8,-22.4,11.07,14.723,4.198,69.0,71.0,74.0,1597,1,154.1,0.31
4009,0,0.0,0.61,0,24.3,53.400000000000006,748,147.9,56.7,-22.43,11.07,14.723,4.198,69.0,71.0,74.0,1597,1,154.1,0.31
4010,0,0.0,0.61,0,24.3,53.400000000000006,748,147.8,56.7,-22.42,11.07,14.727,4.197,69.0,71.0,74.0,1597,1,154.0,0.31
4011,0,0.0,0.61,0,24.3,53.400000000000006,748,147.8,56.7,-22.4,11.07,14.727,4.197,69.0,71.0,74.0,1597,1,153.9,0.31
4012,0,0.0,0.6,0,24.3,53.400000000000006,748,147.7,56.8,-22.39,11.07,14.73,4.198,69.0,71.0,74.0,1597,1,153.9,0.3
4013,0,0.0,0.6,0,24.3,53.400000000000006,747,147.7,56.8,-22.41,11.07,14.73,4.197,69.0,71.0,74.0,1597,1,153.8,0.3
4014,0,0.0,0.61,0,24.3,53.400000000000006,747,147.7,56.8,-22.41,11.07,14.73,4.198,69.0,70.9,74.0,1597,1,153.7,0.3
4015,0,0.0,0.59,0,24.3,53.400000000000006,747,147.6,56.8,-22.42,11.07,14.73,4.198,69.0,70.9,74.0,1597,1,153.7,0.31
4016,0,0.0,0.59,0,24.3,53.400000000000006,747,147.6,56.7,-22.43,11.07,14.73,4.198,69.0,70.9,74.0,1597,1,153.6,0.31
4017,0,0.0,0.61,0,24.3,53.400000000000006,747,147.5,56.7,-22.41,11.07,14.73,4.198,69.0,70.9,74.0,1597,1,153.5,0.3
4018,0,0.0,0.61,0,24.3,53.400000000000006,747,147.5,56.6,-22.43,11.07,14.73,4.198,69.0,70.9,74.0,1597,1,153.5,0.29
4019,0,0.0,0.61,0,24.2,53.400000000000006,747,147.4,56.7,-22.41,11.07,14.73,4.198,69.0,70.9,74.0,1597,1,153.4,0.3
4020,0,0.0,0.62,0,24.2,53.400000000000006,747,147.4,56.8,-22.41,11.07,14.73,4.198,69.0,70.9,74.0,1597,1,153.3,0.31
4021,0,0.0,0.61,0,24.2,53.400000000000006,748,147.3,56.7,-22.42,11.07,14.727,4.198,69.0,70.9,74.0,1597,1,153.3,0.3
4022,0,0.0,0.61,0,24.2,53.400000000000006,748,147.3,56.8,-22.44,11.07,14.723,4.197,69.0,70.9,74.0,1597,1,153.2,0.3
4023,0,0.0,0.6,0,24.2,53.400000000000006,748,147.3,56.7,-22.4,11.07,14.723,4.197,69.0,70.8,74.0,1597,1,153.1,0.3
4024,0,0.0,0.61,0,24.2,53.400000000000006,748,147.3,56.8,-22.41,11.07,14.719,4.198,69.0,70.9,74.0,1597,1,153.1,0.3
4025,0,0.0,0.6,0,24.2,53.400000000000006,748,147.2,56.7,-22.43,11.07,14.719,4.198,69.0,70.8,74.0,1597,1,153.0,0.3
4026,0,0.0,0.6,0,24.2,53.400000000000006,749,147.2,56.8,-22.43,11.07,14.719,4.198,69.0,70.8,74.0,1597,1,153.0,0.3
4027,0,0.0,0.61,0,24.3,53.400000000000006,749,147.1,56.9,-22.4,11.07,14.715,4.198,69.0,70.8,74.0,1597,1,152.9,0.3
4028,0,0.0,0.61,0,24.2,53.400000000000006,749,147.1,56.7,-22.41,11.07,14.715,4.198,69.0,70.8,74.0,1597,1,152.8,0.29
4029,0,0.0,0.61,0,24.2,53.400000000000006,749,147.1,56.7,-22.44,11.07,14.719,4.198,69.0,70.8,74.0,1597,1,152.8,0.29
4030,0,0.0,0.6,0,24.3,53.400000000000006,749,147.0,56.7,-22.4,11.07,14.723,4.198,69.0,70.8,74.0,1597,1,152.7,0.29
4031,0,0.0,0.6,0,24.2,53.400000000000006,750,147.0,56.7,-22.41,11.07,14.723,4.197,69.0,70.8,74.0,1597,1,152.7,0.3
4032,0,0.0,0.61,0,24.3,53.400000000000006,750,146.9,56.8,-22.44,11.07,14.719,4.197,69.0,70.8,74.0,1597,1,152.6,0.29
4033,0,0.0,0.62,0,24.3,53.400000000000006,750,146.8,56.8,-22.38,11.07,14.723,4.198,69.0,70.8,74.0,1597,1,152.5,0.3
4034,0,0.0,0.61,0,24.3,53.400000000000006,750,146.8,56.7,-22.43,11.07,14.723,4.198,69.0,70.8,74.0,1597,1,152.5,0.3
4035,0,0.0,0.62,0,24.3,53.400000000000006,749,146.7,56.7,-22.43,11.07,14.727,4.197,69.0,70.8,74.0,1597,1,152.4,0.3
4036,0,0.0,0.62,0,24.3,53.400000000000006,749,146.7,56.8,-22.41,11.07,14.727,4.198,69.0,70.7,74.0,1597,1,152.3,0.3
4037,0,0.0,0.62,0,24.3,53.400000000000006,749,146.7,56.8,-22.43,11.07,14.73,4.198,69.0,70.7,74.0,1597,1,152.3,0.3
4038,0,0.0,0.62,0,24.3,53.400000000000006,749,146.6,56.8,-22.41,11.07,14.73,4.198,69.0,70.7,74.0,1597,1,152.2,0.3
4039,0,0.0,0.62,0,24.4,53.400000000000006,749,146.6,56.7,-22.41,11.07,14.73,4.198,69.0,70.7,74.0,1597,1,152.2,0.3
4040,0,0.0,0.61,0,24.3,53.400000000000006,749,146.6,56.8,-22.42,11.07,14.727,4.198,69.0,70.7,74.0,1597,1,152.1,0.31
4041,0,0.0,0.62,0,24.3,53.400000000000006,749,146.5,56.8,-22.42,11.07,14.73,4.198,69.0,70.7,74.0,1597,1,152.0,0.31
4042,0,0.0,0.63,0,24.4,53.400000000000006,749,146.5,56.7,-22.4,11.07,14.73,4.197,69.0,70.7,74.0,1597,1,152.0,0.3
4043,0,0.0,0.61,0,24.4,53.400000000000006,749,146.4,56.8,-22.42,11.07,14.73,4.198,69.0,70.7,74.0,1597,1,151.9,0.3
4044,0,0.0,0.62,0,24.4,53.400000000000006,749,146.4,56.7,-22.42,11.07,14.73,4.198,69.0,70.7,74.0,1597,1,151.9,0.3
4045,0,0.0,0.62,0,24.4,53.400000000000006,749,146.4,56.9,-22.4,11.07,14.73,4.198,69.0,70.6,74.0,1597,1,151.8,0.29
4046,0,0.0,0.62,0,24.4,53.400000000000006,749,146.3,56.8,-22.4,11.07,14.73,4.198,69.0,70.7,74.0,1597,1,151.7,0.29
4047,0,0.0,0.61,0,24.4,53.400000000000006,749,146.3,56.8,-22.42,11.07,14.73,4.198,69.0,70.6,74.0,1597,1,151.7,0.3
4048,0,0.0,0.61,0,24.4,53.400000000000006,749,146.2,56.8,-22.4,11.07,14.73,4.198,69.0,70.6,74.0,1597,1,151.6,0.3
4049,0,0.0,0.61,0,24.4,53.400000000000006,749,146.2,56.8,-22.4,11.07,14.734,4.198,69.0,70.6,74.0,1597,1,151.6,0.3
4050,0,0.0,0.61,0,24.5,53.400000000000006,749,146.2,56.8,-22.41,11.07,14.734,4.197,69.0,70.6,74.0,1597,1,151.5,0.31
4051,0,0.0,0.63,0,24.5,53.400000000000006,748,146.1,56.9,-22.41,11.07,14.738,4.198,69.0,70.6,74.0,1597,1,151.5,0.31
4052,0,0.0,0.61,0,24.5,53.400000000000006,748,146.1,56.8,-22.41,11.07,14.738,4.197,69.0,70.6,74.0,1597,1,151.4,0.3
4053,0,0.0,0.62,0,24.6,53.400000000000006,749,146.0,56.7,-22.4,11.07,14.738,4.198,69.0,70.6,74.0,1597,1,151.3,0.3
4054,0,0.0,0.61,0,24.5,53.400000000000006,749,146.0,56.8,-22.41,11.07,14.738,4.198,69.0,70.6,74.0,1597,1,151.3,0.3
4055,0,0.0,0.62,0,24.5,53.400000000000006,748,145.9,56.8,-22.42,11.07,14.738,4.198,69.0,70.6,74.0,1597,1,151.2,0.3
4056,0,0.0,0.62,0,24.5,53.400000000000006,748,145.9,56.8,-22.42,11.07,14.738,4.198,69.0,70.6,74.0,1597,1,151.2,0.3
4057,0,0.0,0.61,0,24.4,53.400000000000006,748,145.8,56.9,-22.42,11.07,14.738,4.198,69.0,70.5,74.0,1597,1,151.1,0.3
4058,1,0.0,0.61,0,25.6,56.599999999999994,752,145.8,58.1,-18.58,11.07,14.738,4.198,69.0,70.5,74.0,1597,1,151.0,0.3
4059,1,0.0,0.61,0,27.3,57.4,797,145.7,58.6,-18.62,11.07,14.738,4.198,69.0,70.5,74.0,1597,1,151.0,0.31
4060,1,0.0,0.61,0,27.500000000000004,56.99999999999999,797,145.7,58.5,-18.53,11.07,14.738,4.197,69.0,70.5,74.0,1597,1,150.9,0.31
4061,1,0.0,0.6,0,27.6,56.89999999999999,781,145.7,58.4,-18.58,11.07,14.738,4.198,69.0,70.5,74.0,1597,1,150.9,0.31
4062,2,0.0,0.6,0,27.6,56.89999999999999,768,145.7,58.3,-18.55,11.07,14.742,4.198,69.0,70.5,74.0,1597,1,150.8,0.31
4063,2,0.0,0.61,0,27.700000000000003,56.99999999999999,759,145.6,58.5,-18.57,11.07,14.742,4.198,69.0,70.5,74.0,1597,1,150.7,0.31
4064,2,0.0,0.62,0,27.6,56.99999999999999,752,145.6,58.4,-18.58,11.07,14.746,4.198,69.0,70.5,74.0,1597,1,150.7,0.3
4065,2,0.0,0.61,0,27.6,56.89999999999999,747,145.6,58.5,-18.56,11.07,14.742,4.198,69.0,70.4,74.0,1597,1,150.6,0.31
4066,2,0.0,0.63,0,27.6,56.99999999999999,744,145.6,58.5,-18.58,11.07,14.746,4.198,69.0,70.4,74.0,1597,1,150.6,0.31
4067,3,0.0,0.61,0,27.6,56.99999999999999,742,145.5,58.5,-18.59,11.07,14.742,4.198,69.0,70.4,74.0,1597,1,150.5,0.3
4068,3,0.0,0.62,0,27.500000000000004,56.89999999999999,740,145.5,58.4,-18.59,11.07,14.742,4.198,69.0,70.4,74.0,1597,1,150.4,0.31
4069,3,0.0,0.62,0,27.500000000000004,56.89999999999999,739,145.4,58.4,-18.58,11.07,14.746,4.198,69.0,70.4,74.0,1597,1,150.4,0.31
4070,4,0.0,0.62,0,27.500000000000004,56.99999999999999,738,145.3,58.6,-18.59,11.07,14.746,4.198,69.0,70.4,74.0,1597,1,150.3,0.31
4071,4,0.0,0.62,0,27.500000000000004,56.89999999999999,738,145.3,58.5,-18.6,11.07,14.746,4.197,69.0,70.4,74.0,1597,1,150.2,0.31
4072,4,0.0,0.61,0,27.6,56.89999999999999,737,145.3,58.4,-18.6,11.07,14.746,4.198,69.0,70.4,74.0,1597,1,150.2,0.3
4073,5,0.0,0.63,0,27.500000000000004,56.89999999999999,737,145.2,58.4,-18.93,11.07,14.742,4.197,69.0,70.3,74.0,1597,1,150.1,0.31
4074,6,0.0,0.62,0,26.8,55.7,735,145.2,58.0,-22.47,11.07,14.742,4.198,69.0,70.3,74.0,1597,1,150.1,0.3
4075,6,0.0,0.61,0,25.8,53.900000000000006,725,145.1,57.1,-22.42,11.07,14.742,4.198,69.0,70.3,74.0,1597,1,150.0,0.3
4076,6,0.0,0.61,0,25.1,53.400000000000006,716,145.1,56.9,-22.43,11.07,14.746,4.198,69.0,70.3,74.0,1597,1,149.9,0.3
4077,7,0.0,0.62,0,24.8,53.400000000000006,719,144.9,56.8,-22.42,11.07,14.746,4.198,69.0,70.3,74.0,1597,1,149.9,0.31
4078,7,0.0,0.62,0,24.6,53.400000000000006,726,144.9,56.8,-22.39,11.07,14.746,4.198,69.0,70.3,74.0,1597,1,149.8,0.3
4079,7,0.025,7.9,1,24.5,53.2,732,144.8,56.7,-22.43,11.07,14.746,4.198,69.0,70.3,74.0,1597,1,149.7,0.3
4080,7,0.025,9.1,1,24.5,53.400000000000006,744,144.8,56.8,-22.41,11.07,14.746,4.198,69.0,70.3,74.0,1597,1,149.7,0.3
4081,7,0.025,10.24,1,24.5,53.400000000000006,761,144.7,56.9,-22.41,11.07,14.746,4.198,67.0,70.0,74.0,1597,1,149.6,0.31
4082,7,0.025,11.58,1,24.5,53.400000000000006,775,144.7,56.9,-22.4,11.07,14.75,4.197,67.0,69.7,74.0,1597,1,149.5,0.3
4083,7,0.025,12.88,1,24.6,53.400000000000006,784,144.6,56.8,-22.41,11.07,14.75,4.198,67.0,69.5,74.0,1597,1,149.5,0.3
4084,7,0.0,13.97,1,24.6,53.400000000000006,791,144.6,56.8,-22.41,11.07,14.75,4.197,67.0,69.3,74.0,1597,1,149.4,0.31
4085,7,0.0,15.19,1,24.5,53.400000000000006,794,144.6,56.7,-22.43,11.07,14.75,4.198,67.0,69.2,74.0,1597,1,149.4,0.28
4086,7,0.0,16.36,1,24.5,53.400000000000006,796,144.6,56.9,-22.41,11.07,14.75,4.197,67.0,69.2,74.0,1597,1,149.3,0.29
4087,6,0.0,17.05,1,24.5,53.400000000000006,796,144.6,56.9,-22.43,11.07,14.75,4.197,67.0,69.3,74.0,1597,1,149.2,0.28
4088,6,0.0,17.35,1,24.5,53.400000000000006,795,144.6,56.9,-22.43,11.07,14.75,4.198,67.0,69.4,74.0,1597,1,149.2,0.29
4089,6,0.0,17.53,1,24.6,53.400000000000006,795,144.6,56.9,-22.41,11.07,14.75,4.197,67.0,69.5,74.0,1597,1,149.1,0.29
4090,6,0.0,17.81,1,24.6,53.400000000000006,793,144.5,56.9,-22.44,11.07,14.75,4.198,67.0,69.7,74.0,1597,1,149.0,0.29
4091,6,0.0,18.0,1,24.6,53.400000000000006,792,144.5,56.9,-22.43,11.07,14.75,4.198,67.0,69.8,74.0,1597,1,149.0,0.29
4092,6,0.0,18.25,1,24.5,53.400000000000006,791,144.4,56.8,-22.4,11.07,14.75,4.197,67.0,70.0,74.0,1597,1,148.9,0.29
4093,6,0.0,18.33,1,24.4,53.400000000000006,790,144.4,56.7,-22.42,11.07,14.746,4.198,67.0,70.1,74.0,1597,1,148.8,0.28
4094,6,0.0,18.46,1,24.4,53.400000000000006,790,144.4,56.9,-22.42,11.07,14.746,4.198,67.0,70.2,74.0,1597,1,148.7,0.29
4095,5,0.0,18.54,1,24.4,53.400000000000006,789,144.3,56.8,-22.41,11.07,14.746,4.198,67.0,70.4,74.0,1598,1,148.7,0.29
4096,5,0.0,18.55,1,24.5,53.400000000000006,788,144.3,56.8,-22.42,11.07,14.746,4.198,68.0,70.5,74.0,1598,1,148.6,0.28
4097,5,0.0,18.52,1,24.5,53.400000000000006,788,144.2,56.7,-21.0,11.07,14.75,4.198,68.0,70.6,74.0,1598,1,148.5,0.29
4098,5,0.0,18.94,1,24.7,53.400000000000006,787,144.2,56.7,-19.1,11.07,14.75,4.198,68.0,70.6,74.0,1598,1,148.5,0.29
4099,5,0.0,20.95,1,25.5,55.1,792,144.1,57.7,-18.89,11.07,14.75,4.198,68.0,70.7,74.0,1598,1,148.4,0.3
4100,4,0.0,21.44,1,26.200000000000003,55.800000000000004,803,144.1,58.0,-18.89,11.07,14.75,4.198,68.0,70.8,73.0,1598,1,148.3,0.3
4101,4,0.0,21.63,1,26.400000000000002,55.900000000000006,802,144.0,58.0,-18.87,11.07,14.75,4.198,69.0,70.8,73.0,1598,1,148.2,0.29
4102,4,0.0,21.71,1,26.5,55.900000000000006,796,143.9,58.0,-18.88,11.07,14.75,4.198,69.0,70.9,73.0,1598,1,148.2,0.29
4103,4,0.0,21.7,1,26.6,55.900000000000006,791,143.9,57.9,-18.94,11.07,14.75,4.198,69.0,70.9,73.0,1598,1,148.1,0.3
4104,3,0.0,26.74,1,27.3,57.8,788,143.9,58.5,-14.75,11.07,14.75,4.198,69.0,71.0,73.0,1598,1,148.0,0.3
4105,3,0.0,37.96,1,32.800000000000004,66.10000000000001,854,143.8,62.2,-14.53,11.07,14.742,4.198,69.0,71.0,73.0,1598,1,148.0,0.29
4106,3,0.0,39.09,1,36.1,67.10000000000001,903,143.8,62.9,-14.83,11.07,14.742,4.198,69.0,71.1,73.0,1598,1,147.9,0.29
4107,3,0.0,38.13,1,37.0,67.0,887,143.8,62.9,-14.62,11.07,14.742,4.198,69.0,71.2,73.0,1598,1,147.8,0.3
4108,3,0.0,38.24,1,37.5,67.10000000000001,859,143.9,62.9,-14.68,11.07,14.746,4.198,69.0,71.3,73.0,1598,1,147.8,0.29
4109,3,0.0,38.71,1,37.7,67.2,835,143.9,62.9,-14.67,11.07,14.746,4.197,69.0,71.5,73.0,1598,1,147.7,0.3
4110,3,0.0,38.61,1,37.8,67.2,820,143.8,62.9,-14.64,11.07,14.746,4.198,69.0,71.6,73.0,1598,1,147.7,0.3
4111,3,0.0,38.74,1,37.8,67.30000000000001,808,143.8,63.0,-14.66,11.07,14.746,4.198,69.0,71.7,73.0,1598,1,147.6,0.29
4112,3,0.0,38.92,1,37.9,67.2,802,143.8,62.8,-14.68,11.07,14.75,4.198,69.0,71.8,73.0,1598,1,147.5,0.29
4113,3,0.0,38.81,1,37.9,67.2,796,143.7,62.8,-14.65,11.07,14.75,4.198,69.0,72.0,73.0,1598,1,147.5,0.29
4114,3,0.0,38.76,1,37.9,67.2,793,143.6,62.7,-14.65,11.07,14.75,4.198,70.0,72.1,73.0,1598,1,147.4,0.3
4115,3,0.0,38.97,1,37.9,67.2,791,143.4,62.8,-14.64,11.07,14.75,4.198,70.0,72.2,73.0,1598,1,147.4,0.28
4116,3,0.0,38.88,1,38.0,67.2,790,143.2,62.9,-14.68,11.07,14.75,4.197,70.0,72.3,73.0,1598,1,147.3,0.3
4117,2,0.0,38.98,1,37.9,67.2,789,143.0,62.8,-14.7,11.07,14.75,4.198,70.0,72.4,73.0,1598,1,147.2,0.29
4118,2,0.0,38.84,1,37.9,67.10000000000001,789,142.8,62.8,-14.67,11.07,14.75,4.198,70.0,72.5,73.0,1598,1,147.1,0.29
4119,2,0.0,38.98,1,38.0,67.2,788,142.7,62.7,-14.66,11.07,14.75,4.198,70.0,72.5,73.0,1598,1,147.1,0.3
4120,2,0.0,39.04,1,38.0,67.2,788,142.6,62.8,-14.5,11.07,14.75,4.198,70.0,72.6,73.0,1598,1,147.0,0.29
4121,2,0.0,42.2,1,41.699999999999996,72.2,799,142.5,64.6,-9.69,11.07,14.746,4.198,70.0,72.7,73.0,1598,1,147.0,0.29
4122,2,0.0,40.74,1,48.9,76.0,867,142.4,66.4,-9.5,11.07,14.746,4.198,71.0,72.8,73.0,1598,1,146.9,0.29
4123,2,0.0,40.89,1,51.300000000000004,76.2,899,142.3,66.8,-9.52,11.07,14.746,4.198,71.0,72.8,73.0,1598,1,146.8,0.3
4124,3,0.0,40.82,1,51.800000000000004,76.1,906,142.2,66.9,-9.84,11.07,14.746,4.198,71.0,72.9,73.0,1598,1,146.8,0.3
4125,3,0.0,41.13,1,52.0,76.3,906,142.2,67.1,-9.59,11.07,14.746,4.198,71.0,73.0,73.0,1598,1,146.7,0.3
4126,4,0.0,40.79,1,52.0,76.3,906,142.1,67.1,-9.52,11.07,14.746,4.198,71.0,73.1,73.0,1598,1,146.6,0.3
4127,4,0.0,40.85,1,52.0,76.3,905,142.1,67.0,-9.77,11.07,14.746,4.198,71.0,73.2,73.0,1598,1,146.6,0.29
4128,4,0.0,40.71,1,51.7,76.1,904,142.1,66.8,-9.62,11.07,14.746,4.198,71.0,73.2,73.0,1598,1,146.5,0.3
4129,5,0.0,40.62,1,51.800000000000004,76.3,903,141.9,66.8,-9.6,11.07,14.746,4.198,71.0,73.3,73.0,1598,1,146.4,0.3
4130,5,0.0,40.67,1,51.9,76.2,904,141.7,66.9,-9.61,11.07,14.746,4.198,71.0,73.4,73.0,1598,1,146.3,0.29
4131,5,0.0,40.73,1,51.9,76.2,905,141.4,66.9,-9.67,11.07,14.746,4.198,71.0,73.5,73.0,1598,1,146.3,0.3
4132,5,0.0,39.08,1,49.7,73.8,902,141.2,66.2,-13.8,11.07,14.746,4.198,71.0,73.6,73.0,1598,1,146.2,0.29
4133,5,0.0,39.6,1,43.9,69.6,866,141.0,64.0,-13.86,11.07,14.746,4.198,71.0,73.7,73.0,1598,1,146.1,0.3
4134,5,0.0,39.82,1,41.5,69.1,832,140.7,63.7,-13.82,11.07,14.746,4.198,71.0,73.7,73.0,1598,1,146.0,0.29
4135,5,0.0,39.55,1,40.9,68.89999999999999,819,140.5,63.6,-13.87,11.07,14.746,4.197,72.0,73.8,73.0,1598,1,145.9,0.3
4136,5,0.0,39.67,1,41.0,69.1,815,140.3,63.6,-13.84,11.07,14.746,4.198,72.0,73.9,73.0,1598,1,145.8,0.3
4137,6,0.0,39.53,1,41.099999999999994,69.1,813,140.1,63.7,-13.88,11.07,14.746,4.198,72.0,74.0,73.0,1598,1,145.8,0.3
4138,6,0.0,39.63,1,41.199999999999996,69.0,811,140.1,63.7,-13.84,11.07,14.746,4.198,72.0,74.0,73.0,1598,1,145.7,0.3
4139,6,0.0,39.5,1,41.199999999999996,69.0,810,140.0,63.7,-13.84,11.07,14.746,4.198,72.0,74.1,73.0,1598,1,145.6,0.3
4140,6,0.0,39.54,1,41.199999999999996,69.0,809,139.9,63.8,-13.81,11.07,14.746,4.198,72.0,74.2,73.0,1598,1,145.5,0.3
4141,7,0.0,39.57,1,41.3,69.1,808,139.9,63.8,-13.84,11.07,14.746,4.198,72.0,74.2,73.0,1598,1,145.4,0.29
4142,7,0.0,39.62,1,41.199999999999996,69.1,808,140.0,63.8,-13.84,11.07,14.746,4.198,72.0,74.3,73.0,1598,1,145.3,0.3
4143,7,0.0,39.53,1,41.099999999999994,69.1,807,140.1,63.7,-13.84,11.07,14.746,4.198,72.0,74.3,73.0,1598,1,145.2,0.3
4144,7,0.0,39.66,1,41.099999999999994,69.0,806,140.3,63.9,-13.83,11.07,14.746,4.198,72.0,74.4,73.0,1598,1,145.1,0.3
4145,7,0.0,39.44,1,41.099999999999994,69.0,805,140.5,63.9,-13.84,11.07,14.746,4.198,72.0,74.4,74.0,1598,1,145.0,0.29
4146,8,0.0,37.02,1,39.4,66.9,801,140.7,63.0,-22.36,11.07,14.746,4.198,72.0,74.4,74.0,1598,1,144.9,0.3
4147,8,0.0,32.27,1,35.5,62.9,777,140.8,61.2,-22.38,11.07,14.746,4.198,72.0,74.5,73.0,1598,1,144.8,0.3
4148,8,0.0,27.92,1,32.4,60.3,751,141.0,60.0,-22.35,11.07,14.746,4.198,72.0,74.5,74.0,1598,1,144.7,0.3
4149,7,0.0,25.16,1,30.099999999999998,58.099999999999994,735,141.1,59.1,-22.45,11.07,14.746,4.198,72.0,74.4,74.0,1598,1,144.6,0.3
4150,7,0.0,22.52,1,28.299999999999997,56.2,727,141.2,58.2,-22.45,11.07,14.746,4.197,72.0,74.4,73.0,1598,1,144.5,0.3
4151,6,0.0,20.41,1,26.8,54.50000000000001,723,141.4,57.4,-22.41,11.07,14.746,4.198,72.0,74.3,74.0,1598,1,144.4,0.3
4152,5,0.0,19.68,1,25.8,53.400000000000006,723,141.7,56.8,-22.43,11.07,14.746,4.197,72.0,74.2,73.0,1598,1,144.3,0.3
4153,5,0.0,19.56,1,25.3,53.400000000000006,732,141.9,56.8,-22.43,11.07,14.734,4.198,72.0,74.1,73.0,1598,1,144.2,0.29
4154,4,0.0,19.35,1,25.1,53.400000000000006,745,142.0,56.8,-22.43,11.07,14.723,4.198,72.0,74.1,73.0,1598,1,144.1,0.29
4155,3,0.0,19.25,1,25.1,53.400000000000006,758,142.1,56.8,-22.44,11.07,14.723,4.198,72.0,74.0,74.0,1598,1,144.0,0.28
4156,3,0.0,19.16,1,25.2,53.400000000000006,767,142.2,56.8,-22.43,11.07,14.719,4.198,72.0,73.9,74.0,1598,1,143.9,0.29
4157,2,0.0,19.01,1,25.0,53.400000000000006,773,142.3,56.8,-22.4,11.07,14.719,4.198,72.0,73.8,74.0,1598,1,143.8,0.3
4158,2,0.0,18.86,1,25.1,53.400000000000006,777,142.5,56.8,-22.42,11.07,14.727,4.198,72.0,73.7,74.0,1598,1,143.7,0.3
4159,1,0.0,18.7,1,25.1,53.400000000000006,780,142.6,56.8,-22.44,11.07,14.73,4.198,72.0,73.6,74.0,1598,1,143.5,0.29
4160,0,0.0,18.64,1,25.1,53.400000000000006,783,142.7,56.9,-22.43,11.07,14.719,4.198,72.0,73.5,74.0,1598,1,143.4,0.3
4161,0,0.0,18.57,1,24.9,53.400000000000006,784,142.8,56.9,-22.42,11.07,14.711,4.198,71.0,73.4,74.0,1598,1,143.3,0.29
4162,0,0.0,18.59,1,24.9,53.400000000000006,786,142.9,56.9,-22.42,11.07,14.707,4.198,71.0,73.3,74.0,1598,1,143.2,0.29
4163,0,0.0,18.55,1,24.9,53.400000000000006,787,143.0,56.8,-22.41,11.07,14.707,4.198,71.0,73.2,74.0,1598,1,143.1,0.29
4164,0,0.0,18.6,1,25.0,53.400000000000006,788,143.0,56.8,-22.42,11.07,14.707,4.198,71.0,73.1,74.0,1598,1,143.0,0.31
4165,0,0.0,18.62,1,25.0,53.400000000000006,788,143.1,56.9,-22.42,11.07,14.707,4.197,71.0,73.0,74.0,1598,1,142.9,0.3
4166,0,0.0,18.62,1,24.9,53.400000000000006,788,143.2,56.8,-22.44,11.07,14.707,4.198,71.0,72.9,74.0,1598,1,142.8,0.3
4167,0,0.0,18.62,1,24.9,53.400000000000006,788,143.3,56.8,-22.41,11.07,14.707,4.198,70.0,72.9,74.0,1598,1,142.7,0.31
4168,0,0.0,18.63,1,24.9,53.400000000000006,788,143.3,56.8,-22.41,11.07,14.711,4.198,71.0,72.8,74.0,1598,1,142.5,0.3
4169,0,0.0,18.62,1,25.0,53.400000000000006,788,143.4,56.9,-22.43,11.07,14.719,4.198,70.0,72.7,74.0,1598,1,142.4,0.3
4170,0,0.0,18.62,1,25.0,53.400000000000006,787,143.4,56.9,-22.44,11.07,14.723,4.198,70.0,72.7,74.0,1598,1,142.3,0.3
4171,0,0.0,18.67,1,25.0,53.400000000000006,787,143.5,56.8,-22.42,11.07,14.727,4.198,70.0,72.6,74.0,1598,1,142.2,0.29
4172,0,0.0,18.63,1,25.1,53.400000000000006,786,143.6,56.9,-22.4,11.07,14.73,4.198,70.0,72.6,74.0,1598,1,142.1,0.29
4173,0,0.0,18.67,1,25.2,53.400000000000006,786,143.6,56.7,-22.42,11.07,14.73,4.198,70.0,72.5,74.0,1598,1,142.0,0.3
4174,0,0.0,18.72,1,25.2,53.400000000000006,786,143.6,56.8,-22.43,11.07,14.734,4.198,70.0,72.5,74.0,1598,1,141.8,0.3
4175,0,0.0,18.67,1,25.2,53.400000000000006,785,143.7,56.8,-22.43,11.07,14.73,4.198,70.0,72.4,74.0,1598,1,141.7,0.3
4176,0,0.0,18.73,1,25.4,53.400000000000006,785,143.7,56.8,-22.44,11.07,14.727,4.198,70.0,72.4,74.0,1598,1,141.6,0.3
4177,0,0.0,18.66,1,25.3,53.400000000000006,785,143.8,56.8,-22.45,11.07,14.723,4.198,70.0,72.3,74.0,1598,1,141.5,0.3
4178,0,0.0,18.74,1,25.3,53.400000000000006,784,143.8,56.8,-22.44,11.07,14.715,4.198,70.0,72.3,74.0,1598,1,141.4,0.3
4179,0,0.0,18.66,1,25.2,53.400000000000006,784,143.8,56.8,-22.42,11.07,14.707,4.198,70.0,72.3,74.0,1598,1,141.3,0.29
4180,0,0.0,18.69,1,25.1,53.400000000000006,783,143.9,56.7,-22.41,11.07,14.707,4.198,70.0,72.2,74.0,1598,1,141.1,0.29
4181,0,0.0,18.72,1,25.1,53.400000000000006,784,143.9,56.8,-22.39,11.07,14.711,4.197,69.0,72.2,74.0,1598,1,141.0,0.31
4182,0,0.0,18.66,1,25.0,53.400000000000006,784,143.9,56.8,-22.43,11.07,14.711,4.198,70.0,72.2,74.0,1598,1,140.9,0.3
4183,0,0.0,18.65,1,25.0,53.400000000000006,784,143.9,56.7,-22.43,11.07,14.711,4.198,70.0,72.1,74.0,1598,1,140.8,0.3
4184,0,0.0,18.71,1,25.0,53.400000000000006,784,144.0,56.8,-22.42,11.07,14.719,4.198,69.0,72.1,74.0,1599,1,140.6,0.29
4185,0,0.0,18.69,1,25.1,53.400000000000006,784,144.0,56.8,-22.41,11.07,14.723,4.198,69.0,72.1,73.0,1599,1,140.5,0.31
4186,0,0.0,18.73,1,25.1,53.400000000000006,784,144.1,56.9,-22.4,11.07,14.715,4.198,69.0,72.0,74.0,1599,1,140.4,0.3
4187,0,0.0,18.72,1,25.1,53.400000000000006,784,144.1,57.0,-22.42,11.07,14.711,4.198,69.0,72.0,74.0,1599,1,140.3,0.3
4188,0,0.0,20.51,1,25.6,53.900000000000006,784,144.0,57.0,-13.69,11.07,14.715,4.198,69.0,71.9,74.0,1599,1,140.2,0.29
4189,0,0.0,34.14,1,30.3,62.9,834,144.0,60.9,-13.63,11.07,14.719,4.198,69.0,71.9,74.0,1599,1,140.0,0.29
4190,0,0.0,39.4,1,38.2,69.89999999999999,932,144.1,64.0,-11.41,11.07,14.719,4.198,70.0,72.0,74.0,1599,1,139.9,0.31
4191,1,0.0,39.01,1,45.2,73.8,972,144.2,65.7,-11.24,11.07,14.715,4.198,70.0,72.1,73.0,1599,1,139.8,0.31
4192,1,0.0,39.44,1,47.4,73.7,957,144.4,65.8,-11.13,11.07,14.711,4.198,69.0,72.1,74.0,1599,1,139.7,0.3
4193,2,0.0,39.73,1,48.1,73.8,923,144.6,65.9,-11.48,11.07,14.711,4.198,70.0,72.2,74.0,1599,1,139.5,0.3
4194,2,0.0,39.76,1,48.199999999999996,73.7,896,144.7,65.9,-11.78,11.07,14.719,4.198,70.0,72.4,74.0,1599,1,139.4,0.3
4195,2,0.0,40.09,1,48.1,73.6,877,144.8,65.9,-11.46,11.07,14.723,4.198,70.0,72.5,74.0,1599,1,139.3,0.31
4196,3,0.0,39.63,1,48.0,73.6,866,144.9,65.8,-11.45,11.07,14.719,4.198,70.0,72.6,74.0,1599,1,139.1,0.31
4197,3,0.0,40.01,1,47.9,73.5,859,144.8,65.7,-11.39,11.07,14.723,4.198,71.0,72.8,74.0,1599,1,139.0,0.31
4198,3,0.0,39.93,1,47.8,73.4,855,144.7,65.7,-11.54,11.07,14.73,4.198,71.0,72.9,73.0,1599,1,138.9,0.31
4199,4,0.0,40.39,1,48.1,73.7,854,144.4,65.7,-11.37,11.07,14.73,4.198,71.0,73.0,74.0,1599,1,138.7,0.31
4200,4,0.0,40.12,1,48.1,73.7,854,144.1,65.8,-11.45,11.07,14.734,4.198,71.0,73.1,73.0,1599,1,138.6,0.32
4201,5,0.0,40.16,1,48.1,73.7,853,143.7,65.7,-11.43,11.07,14.734,4.198,71.0,73.3,74.0,1599,1,138.5,0.31
4202,6,0.0,40.04,1,48.0,73.7,853,143.4,65.8,-11.45,11.07,14.734,4.197,71.0,73.3,73.0,1599,1,138.4,0.31
4203,6,0.0,40.06,1,48.0,73.7,853,143.1,65.8,-11.46,11.07,14.734,4.198,71.0,73.4,73.0,1599,1,138.3,0.31
4204,7,0.0,40.17,1,47.9,73.7,854,142.8,65.8,-11.45,11.07,14.734,4.198,71.0,73.5,74.0,1599,1,138.1,0.3
4205,7,0.0,40.03,1,47.9,73.6,854,142.6,65.7,-11.45,11.07,14.738,4.198,71.0,73.6,74.0,1599,1,138.0,0.3
4206,8,0.0,40.19,1,47.9,73.7,854,142.4,65.8,-11.45,11.07,14.738,4.198,71.0,73.7,74.0,1599,1,137.8,0.3
4207,8,0.0,39.99,1,47.8,73.7,855,142.3,65.7,-11.42,11.07,14.742,4.198,71.0,73.8,74.0,1599,1,137.7,0.3
4208,8,0.0,39.96,1,47.699999999999996,73.7,856,142.1,65.8,-11.45,11.07,14.746,4.198,72.0,73.9,73.0,1599,1,137.6,0.31
4209,9,0.0,39.94,1,47.699999999999996,73.7,856,142.1,65.8,-11.46,11.07,14.75,4.198,72.0,73.9,74.0,1599,1,137.5,0.31
4210,9,0.0,38.58,1,46.300000000000004,72.5,855,142.0,65.4,-22.1,11.07,14.75,4.198,72.0,74.0,74.0,1599,1,137.3,0.3
4211,10,0.0,38.47,1,40.8,67.5,830,141.9,63.4,-22.34,11.07,14.75,4.198,72.0,74.1,74.0,1599,1,137.2,0.3
4212,10,0.0,35.41,1,36.5,64.4,793,141.9,62.0,-22.35,11.07,14.754,4.198,72.0,74.1,74.0,1599,1,137.1,0.29
4213,10,0.0,31.25,1,33.6,62.1,767,141.9,60.8,-22.49,11.07,14.754,4.198,72.0,74.1,74.0,1599,1,136.9,0.3
4214,10,0.0,27.98,1,31.5,60.199999999999996,752,142.0,59.9,-22.39,11.07,14.754,4.198,72.0,74.2,74.0,1599,1,136.8,0.3
4215,9,0.0,25.15,1,29.599999999999998,58.4,743,141.9,59.0,-22.41,11.07,14.754,4.198,72.0,74.1,74.0,1599,1,136.7,0.3
4216,9,0.0,22.94,1,28.000000000000004,56.699999999999996,737,141.8,58.4,-22.39,11.07,14.754,4.198,72.0,74.1,73.0,1599,1,136.6,0.3
4217,9,0.0,20.85,1,26.6,55.00000000000001,733,141.9,57.6,-22.42,11.07,14.754,4.198,72.0,74.1,74.0,1599,1,136.5,0.3
4218,9,0.0,19.53,1,25.4,53.6,731,142.0,56.8,-22.41,11.07,14.754,4.198,72.0,74.0,74.0,1599,1,136.3,0.31
4219,8,0.0,19.45,1,24.9,53.400000000000006,736,142.1,56.7,-22.41,11.07,14.75,4.198,72.0,74.0,74.0,1599,1,136.2,0.3
4220,8,0.0,19.21,1,24.7,53.400000000000006,748,142.2,56.7,-22.4,11.07,14.75,4.198,72.0,73.9,74.0,1599,1,136.1,0.3
4221,7,0.0,19.11,1,24.6,53.400000000000006,760,142.4,56.8,-22.41,11.07,14.75,4.198,72.0,73.9,74.0,1599,1,136.0,0.3
4222,7,0.0,27.55,1,26.6,57.099999999999994,778,142.6,58.7,-8.16,11.07,14.75,4.198,72.0,73.8,73.0,1599,1,135.8,0.3
4223,7,0.0,41.36,1,34.300000000000004,67.9,865,142.6,62.8,-7.27,11.07,14.75,4.198,72.0,73.8,74.0,1599,1,135.7,0.31
4224,7,0.0,41.68,1,48.5,77.9,965,142.6,67.2,-4.69,11.07,14.75,4.198,72.0,73.8,73.0,1599,1,135.6,0.3
4225,8,0.0,41.69,1,61.9,82.0,1050,142.9,69.9,-4.87,11.07,14.746,4.197,72.0,73.8,74.0,1599,1,135.5,0.3
4226,9,0.0,41.61,1,65.7,82.3,1056,143.2,70.7,-5.39,11.07,14.75,4.198,72.0,73.9,74.0,1599,1,135.4,0.3
4227,10,0.0,41.43,1,66.10000000000001,82.39999999999999,1041,143.4,71.0,-4.79,11.07,14.75,4.198,72.0,73.9,74.0,1599,1,135.3,0.31
4228,12,0.0,41.98,1,66.0,82.39999999999999,1030,143.7,70.8,-4.77,11.07,14.75,4.198,72.0,74.0,73.0,1599,1,135.2,0.3
4229,14,0.0,42.01,1,65.8,82.3,1025,143.9,70.9,-5.05,11.07,14.75,4.198,72.0,74.1,74.0,1599,1,135.1,0.31
4230,15,0.0,41.85,1,66.0,82.6,1023,143.9,70.8,-4.77,11.07,14.75,4.198,72.0,74.2,74.0,1599,1,134.9,0.31
4231,16,0.0,41.94,1,66.0,82.6,1023,143.6,70.8,-4.64,11.07,14.754,4.198,72.0,74.4,74.0,1599,1,134.8,0.32
4232,18,0.0,42.37,1,66.60000000000001,82.89999999999999,1026,143.1,70.8,-4.14,11.07,14.754,4.198,72.0,74.5,74.0,1599,1,134.7,0.31
4233,20,0.0,45.1,1,69.6,84.5,1035,142.5,71.4,17.02,11.07,14.754,4.198,72.0,74.7,74.0,1599,1,134.6,0.31
4234,23,0.0,46.21,1,88.1,93.7,1095,142.0,76.6,37.5,11.07,14.754,4.198,72.0,74.8,74.0,1599,1,134.5,0.32
4235,29,0.0,44.26,1,96.0,94.3,1193,141.3,80.8,37.55,11.07,14.754,4.198,73.0,75.0,74.0,1599,1,134.3,0.33
4236,35,0.0,44.52,1,96.39999999999999,94.39999999999999,1293,140.5,82.0,37.95,11.07,14.754,4.198,73.0,75.1,74.0,1599,1,134.2,0.32
4237,40,0.0,44.91,1,96.5,94.39999999999999,1365,139.6,82.0,37.88,11.07,14.754,4.198,73.0,75.3,73.0,1599,1,134.1,0.32
4238,46,0.0,44.12,1,96.5,94.39999999999999,1384,138.7,82.1,37.88,11.07,14.754,4.198,74.0,75.4,74.0,1599,1,134.0,0.32
4239,51,0.0,43.67,1,96.5,94.3,1393,137.3,81.9,37.88,11.07,14.754,4.198,74.0,75.6,74.0,1599,1,133.8,0.32
4240,56,0.0,43.98,1,96.5,94.19999999999999,1398,135.6,81.5,37.89,11.07,14.754,4.198,74.0,75.8,73.0,1599,1,133.7,0.32
4241,62,0.0,43.93,1,96.5,94.19999999999999,1401,133.5,81.3,37.9,11.07,14.754,4.198,74.0,75.9,74.0,1599,1,133.5,0.32
4242,66,0.0,43.7,1,96.39999999999999,94.1,1402,131.6,81.2,37.88,11.07,14.754,4.198,74.0,76.1,74.0,1599,1,133.4,0.3
4243,71,0.0,43.7,1,96.5,94.1,1403,129.7,81.0,37.93,11.07,14.754,4.198,75.0,76.3,74.0,1599,1,133.3,0.31
4244,76,0.0,43.74,1,96.5,94.1,1404,128.2,80.8,37.94,11.07,14.754,4.198,76.0,76.5,74.0,1599,1,133.1,0.31
4245,81,0.0,43.2,1,96.39999999999999,94.1,1404,127.2,81.1,37.93,11.07,14.754,4.198,76.0,76.7,74.0,1599,1,133.0,0.31
4246,85,0.0,43.36,1,96.39999999999999,94.1,1405,127.2,81.1,37.92,11.07,14.754,4.198,76.0,76.9,73.0,1599,1,132.9,0.32
4247,90,0.0,43.39,1,96.5,94.1,1406,127.7,81.1,37.84,11.07,14.754,4.198,76.0,77.2,73.0,1599,1,132.8,0.33
4248,93,0.0,43.52,1,96.39999999999999,94.1,1406,128.5,81.2,37.86,11.07,14.754,4.198,76.0,77.4,73.0,1599,1,132.6,0.34
4249,96,0.0,43.13,1,96.39999999999999,94.1,1406,128.7,81.1,37.95,11.07,14.754,4.198,76.0,77.6,73.0,1599,1,132.5,0.3
4250,98,0.0,42.82,1,96.5,94.1,1406,128.5,81.0,37.93,11.07,14.754,4.198,76.0,77.9,73.0,1599,1,132.4,0.32
4251,101,0.0,43.26,1,96.5,94.1,1406,128.8,81.1,37.92,11.07,14.754,4.198,76.0,78.1,73.0,1599,1,132.2,0.3
4252,102,0.0,43.43,1,96.39999999999999,94.1,1406,128.3,80.9,37.89,11.07,14.754,4.198,76.0,78.3,73.0,1599,1,132.1,0.3
4253,104,0.0,43.17,1,96.39999999999999,94.1,1406,127.5,80.8,37.86,11.07,14.754,4.198,77.0,78.6,74.0,1599,1,132.0,0.31
4254,106,0.0,43.2,1,96.5,94.1,1406,126.6,80.8,37.86,11.07,14.754,4.198,77.0,78.8,73.0,1599,1,131.9,0.31
4255,107,0.0,42.61,1,96.5,94.1,1406,125.9,81.0,37.87,11.07,14.754,4.198,77.0,79.0,74.0,1599,1,131.8,0.3
4256,108,0.0,43.12,1,96.5,94.19999999999999,1405,125.5,80.8,37.92,11.07,14.754,4.198,77.0,79.2,73.0,1599,1,131.7,0.31
4257,109,0.0,43.39,1,96.5,94.19999999999999,1405,125.4,80.6,37.88,11.07,14.754,4.198,78.0,79.4,73.0,1599,1,131.6,0.3
4258,110,0.0,42.96,1,96.39999999999999,94.1,1404,125.6,80.6,37.88,11.07,14.754,4.198,78.0,79.5,73.0,1599,1,131.5,0.31
4259,111,0.0,42.87,1,96.5,94.19999999999999,1403,125.9,80.8,37.89,11.07,14.754,4.197,78.0,79.7,73.0,1599,1,131.4,0.32
4260,113,0.0,42.78,1,96.5,94.19999999999999,1402,125.9,80.9,37.92,11.07,14.754,4.198,78.0,79.9,73.0,1599,1,131.3,0.3
4261,114,0.0,42.76,1,96.5,94.19999999999999,1402,126.1,80.8,37.91,11.07,14.754,4.198,78.0,80.1,73.0,1599,1,131.1,0.3
4262,115,0.025,42.86,1,96.5,94.19999999999999,1401,126.4,80.6,37.91,11.07,14.754,4.198,78.0,80.2,73.0,1599,1,131.0,0.3
4263,117,0.025,42.65,1,96.5,94.19999999999999,1401,126.8,80.9,37.84,11.07,14.754,4.198,78.0,80.4,73.0,1599,1,130.9,0.3
4264,118,0.05,42.88,1,96.5,94.19999999999999,1400,127.2,80.8,37.87,11.07,14.754,4.198,79.0,80.5,73.0,1599,1,130.8,0.31
4265,120,0.075,43.11,1,96.5,94.19999999999999,1400,127.5,80.9,37.91,11.086,14.766,4.198,79.0,80.6,73.0,1599,1,130.6,0.3
4266,121,0.1,42.85,1,96.39999999999999,94.19999999999999,1400,127.9,80.9,37.91,11.211,14.82,4.198,79.0,80.7,73.0,1599,1,130.5,0.29
4267,123,0.125,42.7,1,96.3,94.1,1398,128.4,80.8,37.88,11.312,14.848,4.198,79.0,80.7,73.0,1599,1,130.4,0.3
4268,125,0.125,42.65,1,96.3,94.1,1397,128.8,80.8,37.92,11.383,14.859,4.198,79.0,80.7,73.0,1599,1,130.3,0.3
4269,127,0.15,42.62,1,96.3,94.1,1396,129.0,80.8,37.94,11.438,14.867,4.198,79.0,80.7,73.0,1599,1,130.1,0.3
4270,129,0.175,42.79,1,96.3,94.1,1394,129.4,80.9,37.95,11.477,14.867,4.198,79.0,80.7,73.0,1599,1,130.0,0.3
4271,130,0.175,42.89,1,96.3,94.1,1393,129.7,80.7,37.91,11.492,14.867,4.198,79.0,80.7,73.0,1599,1,129.8,0.3
4272,131,0.2,42.51,1,96.3,94.19999999999999,1393,130.2,80.9,37.89,11.508,14.863,4.198,79.0,80.6,73.0,1599,1,129.7,0.3
4273,133,0.225,42.63,1,96.3,94.19999999999999,1394,130.7,80.8,37.86,11.516,14.859,4.198,78.0,80.6,73.0,1599,1,129.6,0.3
4274,134,0.25,42.74,1,96.3,94.19999999999999,1393,131.0,80.8,37.9,11.523,14.852,4.198,78.0,80.5,73.0,1599,1,129.4,0.31
4275,135,0.25,42.71,1,96.3,94.19999999999999,1393,131.5,80.9,37.89,11.508,14.844,4.198,78.0,80.4,73.0,1599,1,129.2,0.3
4276,137,0.275,42.77,1,96.39999999999999,94.19999999999999,1393,132.1,80.8,37.84,11.492,14.832,4.198,78.0,80.3,73.0,1599,1,129.1,0.3
4277,138,0.3,42.28,1,96.39999999999999,94.19999999999999,1393,132.7,80.9,37.87,11.469,14.828,4.198,78.0,80.1,73.0,1599,1,128.9,0.31
4278,139,0.325,42.9,1,96.39999999999999,94.19999999999999,1393,133.2,81.0,37.87,11.445,14.824,4.198,78.0,80.0,73.0,1599,1,128.8,0.3
4279,140,0.325,42.57,1,96.39999999999999,94.19999999999999,1393,133.6,81.2,37.86,11.422,14.816,4.198,77.0,79.9,73.0,1599,1,128.6,0.3
4280,141,0.35,42.51,1,96.39999999999999,94.19999999999999,1393,134.0,81.3,37.88,11.398,14.809,4.198,77.0,79.7,73.0,1599,1,128.5,0.3
4281,142,0.375,42.14,1,96.39999999999999,94.19999999999999,1392,134.4,81.1,37.88,11.359,14.801,4.198,77.0,79.6,73.0,1599,1,128.3,0.3
4282,143,0.4,42.26,1,96.39999999999999,94.19999999999999,1392,135.0,81.3,37.91,11.328,14.789,4.198,77.0,79.4,73.0,1599,1,128.2,0.3
4283,144,0.425,42.76,1,96.39999999999999,94.19999999999999,1391,135.4,81.2,37.91,11.289,14.785,4.198,77.0,79.2,73.0,1599,1,128.0,0.3
4284,145,0.425,42.45,1,96.39999999999999,94.19999999999999,1391,136.2,81.3,37.8,11.258,14.777,4.198,77.0,79.1,73.0,1599,1,127.8,0.3
4285,146,0.45,42.41,1,96.3,94.1,1391,136.7,81.4,29.84,11.219,14.766,4.198,77.0,78.9,73.0,1599,1,127.7,0.3
4286,147,0.475,42.24,1,95.39999999999999,93.7,1387,137.0,80.8,23.03,11.18,14.758,4.197,77.0,78.7,73.0,1599,1,127.5,0.3
4287,148,0.5,41.99,1,95.1,93.60000000000001,1378,137.5,80.6,22.71,11.133,14.75,4.198,76.0,78.6,73.0,1599,1,127.3,0.29
4288,148,0.525,42.16,1,95.1,93.60000000000001,1373,137.9,80.7,22.11,11.094,14.738,4.198,76.0,78.4,73.0,1599,1,127.2,0.28
4289,149,0.55,42.17,1,95.1,93.60000000000001,1370,138.7,80.5,21.85,11.055,14.727,4.198,76.0,78.2,73.0,1599,1,127.0,0.3
4290,149,0.575,42.44,1,95.1,93.60000000000001,1368,139.4,80.5,21.85,11.016,14.719,4.198,76.0,78.0,73.0,1599,1,126.8,0.3
4291,149,0.575,42.21,1,95.1,93.60000000000001,1367,140.2,80.6,21.71,10.969,14.703,4.198,76.0,77.9,73.0,1599,1,126.6,0.29
4292,149,0.625,42.23,1,95.1,93.60000000000001,1366,140.4,80.2,21.52,10.922,14.688,4.198,76.0,77.7,73.0,1599,1,126.5,0.29
4293,148,0.625,42.44,1,95.1,93.60000000000001,1365,140.8,80.1,21.53,10.867,14.672,4.198,76.0,77.5,73.0,1599,1,126.3,0.29
4294,148,0.65,42.26,1,95.1,93.60000000000001,1365,141.4,80.1,21.53,10.812,14.652,4.198,76.0,77.3,73.0,1599,1,126.1,0.3
4295,148,0.675,42.46,1,95.19999999999999,93.60000000000001,1364,141.9,80.2,21.35,10.75,14.629,4.198,76.0,77.1,73.0,1599,1,125.9,0.29
4296,148,0.725,42.17,1,95.19999999999999,93.60000000000001,1364,142.3,80.3,21.35,10.68,14.605,4.198,76.0,76.9,73.0,1599,1,125.7,0.29
4297,147,0.75,42.38,1,95.3,93.7,1364,142.9,80.3,21.38,10.609,14.582,4.198,76.0,76.8,73.0,1599,1,125.5,0.29
4298,147,0.775,42.02,1,95.3,93.7,1364,143.5,80.4,21.27,10.523,14.555,4.198,76.0,76.6,73.0,1599,1,125.3,0.28
4299,147,0.8,42.63,1,95.3,93.7,1364,144.0,80.2,21.37,10.43,14.523,4.198,74.0,76.4,73.0,1599,1,125.2,0.29
4300,147,0.825,42.46,1,95.39999999999999,93.7,1364,144.5,80.4,21.06,10.328,14.496,4.198,74.0,76.2,73.0,1599,1,125.0,0.28
4301,147,0.85,42.56,1,95.39999999999999,93.7,1364,144.9,80.4,21.08,10.219,14.469,4.198,74.0,76.0,73.0,1599,1,124.8,0.28
4302,148,0.875,42.44,1,95.5,93.7,1363,145.3,80.5,21.12,10.094,14.441,4.198,74.0,75.9,73.0,1600,1,124.6,0.28
4303,148,0.9,42.37,1,95.6,93.8,1364,145.6,80.7,21.13,9.969,14.422,4.198,74.0,75.7,73.0,1600,1,124.4,0.29
4304,148,0.925,42.51,1,95.6,93.7,1364,146.2,80.7,21.05,9.844,14.398,4.197,73.0,75.5,73.0,1600,1,124.3,0.29
4305,148,0.95,42.13,1,95.6,93.8,1365,146.5,80.7,21.16,9.719,14.379,4.198,73.0,75.3,73.0,1600,1,124.1,0.29
4306,148,0.975,42.09,1,95.7,93.8,1365,146.7,80.5,21.1,9.609,14.355,4.198,73.0,75.2,74.0,1600,1,123.9,0.28
4307,148,1.0,42.53,1,95.8,93.8,1366,147.1,80.5,20.9,9.492,14.336,4.198,72.0,75.0,73.0,1600,1,123.8,0.29
4308,149,1.025,42.12,1,95.39999999999999,93.60000000000001,1366,147.5,80.4,19.85,9.375,14.312,4.197,72.0,74.8,73.0,1600,1,123.7,0.29
4309,149,1.05,41.98,1,94.6,93.2,1362,147.8,80.3,18.75,9.258,14.293,4.198,72.0,74.7,74.0,1600,1,123.5,0.28
4310,150,1.075,42.25,1,93.8,92.9,1353,148.2,79.7,17.75,9.148,14.273,4.198,72.0,74.5,74.0,1600,1,123.3,0.28
4311,150,1.1,41.89,1,93.0,92.5,1342,148.4,79.5,16.57,9.031,14.254,4.198,72.0,74.4,73.0,1600,1,123.1,0.28
4312,150,1.125,42.01,1,92.2,92.2,1331,148.9,79.0,16.2,8.922,14.238,4.198,72.0,74.2,73.0,1600,1,123.0,0.29
4313,151,1.15,41.55,1,91.8,92.0,1321,149.3,78.5,15.49,8.82,14.219,4.198,72.0,74.0,73.0,1600,1,122.8,0.28
4314,151,1.175,41.46,1,91.10000000000001,91.8,1312,149.8,78.4,14.42,8.727,14.199,4.198,72.0,73.9,73.0,1600,1,122.7,0.3
4315,151,1.175,41.79,1,90.5,91.5,1303,150.0,77.8,14.18,8.633,14.18,4.198,71.0,73.7,73.0,1600,1,122.6,0.29
4316,152,1.2,41.69,1,90.3,91.4,1294,150.4,77.5,13.84,8.539,14.164,4.197,71.0,73.6,74.0,1600,1,122.4,0.29
4317,152,1.225,41.53,1,89.8,91.2,1288,151.0,77.3,12.67,8.461,14.145,4.198,71.0,73.4,74.0,1600,1,122.3,0.28
4318,153,1.225,41.04,1,88.9,90.8,1279,151.4,77.2,12.19,8.375,14.129,4.198,71.0,73.3,74.0,1600,1,122.1,0.29
4319,153,1.25,41.61,1,88.7,90.8,1271,151.9,76.8,12.24,8.297,14.117,4.198,71.0,73.1,74.0,1600,1,121.9,0.29
4320,154,1.25,41.72,1,88.7,90.8,1266,152.4,76.8,12.57,8.227,14.105,4.198,71.0,73.0,74.0,1600,1,121.8,0.3
4321,155,1.275,42.27,1,89.7,91.3,1264,152.9,77.5,15.24,8.164,14.098,4.198,71.0,72.8,74.0,1600,1,121.6,0.29
4322,156,1.275,42.18,1,92.10000000000001,92.30000000000001,1274,153.5,78.2,17.64,8.125,14.094,4.198,70.0,72.7,74.0,1600,1,121.5,0.29
4323,157,1.3,41.84,1,93.60000000000001,92.9,1294,153.9,79.0,18.2,8.086,14.09,4.197,70.0,72.5,74.0,1600,1,121.3,0.3
4324,159,1.3,42.09,1,94.0,93.0,1311,154.2,79.7,18.31,8.055,14.09,4.198,70.0,72.4,74.0,1600,1,121.1,0.29
4325,161,1.3,41.68,1,94.1,93.10000000000001,1322,154.5,79.9,18.27,8.0,14.094,4.198,70.0,72.2,74.0,1600,1,120.9,0.29
4326,163,1.325,42.09,1,94.1,93.0,1327,154.6,79.6,18.23,7.953,14.102,4.198,70.0,72.1,74.0,1600,1,120.7,0.29
4327,166,1.325,42.12,1,94.0,93.0,1330,154.7,79.8,17.88,7.906,14.113,4.198,69.0,72.0,73.0,1600,1,120.5,0.29
4328,168,1.325,41.66,1,93.4,92.7,1330,154.7,79.5,16.21,7.875,14.125,4.198,69.0,71.8,74.0,1600,1,120.3,0.29
4329,170,1.325,41.58,1,91.9,92.0,1324,154.8,78.9,14.67,7.852,14.137,4.198,69.0,71.7,74.0,1600,1,120.1,0.29
4330,172,1.325,41.75,1,90.9,91.7,1311,154.9,78.1,14.32,7.844,14.148,4.198,69.0,71.6,74.0,1600,1,120.0,0.28
4331,174,1.35,41.83,1,90.60000000000001,91.60000000000001,1300,155.2,78.0,14.21,7.852,14.164,4.197,69.0,71.4,74.0,1600,1,119.8,0.29
4332,176,1.35,41.65,1,90.60000000000001,91.60000000000001,1293,155.3,77.8,14.31,7.875,14.176,4.198,69.0,71.3,74.0,1600,1,119.6,0.29
4333,178,1.35,41.97,1,90.9,91.8,1290,155.4,78.2,15.83,7.914,14.191,4.198,69.0,71.1,74.0,1600,1,119.4,0.29
4334,180,1.35,42.2,1,92.7,92.60000000000001,1294,155.6,78.7,18.5,7.977,14.211,4.197,69.0,71.0,74.0,1600,1,119.3,0.29
4335,182,1.35,42.01,1,94.39999999999999,93.30000000000001,1309,155.8,79.3,19.2,8.062,14.23,4.198,68.0,70.9,74.0,1600,1,119.1,0.29
4336,185,1.35,42.02,1,94.8,93.4,1325,156.0,79.9,19.27,8.141,14.254,4.198,68.0,70.7,74.0,1600,1,118.9,0.29
4337,187,1.35,42.16,1,94.8,93.4,1336,156.2,80.4,19.27,8.227,14.277,4.198,67.0,70.6,74.0,1600,1,118.6,0.29
4338,190,1.35,42.39,1,94.8,93.5,1342,156.3,80.4,19.31,8.312,14.293,4.198,67.0,70.5,74.0,1600,1,118.4,0.28
4339,192,1.35,42.03,1,95.0,93.60000000000001,1345,156.3,80.3,20.24,8.406,14.312,4.198,67.0,70.3,74.0,1600,1,118.2,0.29
4340,194,1.35,42.55,1,95.8,93.89999999999999,1350,156.3,80.8,21.25,8.492,14.336,4.198,67.0,70.2,74.0,1600,1,117.9,0.29
4341,197,1.35,41.97,1,96.0,94.0,1358,156.3,81.0,21.56,8.594,14.359,4.198,67.0,70.1,74.0,1600,1,117.7,0.29
4342,199,1.35,41.85,1,96.0,94.0,1364,156.0,81.1,21.44,8.695,14.379,4.197,67.0,69.9,74.0,1600,1,117.5,0.29
4343,201,1.35,42.48,1,95.89999999999999,94.0,1367,155.8,81.1,20.51,8.797,14.41,4.197,67.0,69.8,74.0,1600,1,117.3,0.29
4344,203,1.35,41.99,1,95.19999999999999,93.60000000000001,1368,155.7,80.9,19.3,8.906,14.438,4.198,67.0,69.7,74.0,1600,1,117.0,0.28
4345,205,1.35,41.93,1,94.19999999999999,93.10000000000001,1362,155.6,80.1,18.23,9.016,14.465,4.198,67.0,69.5,74.0,1600,1,116.8,0.27
4346,206,1.35,41.6,1,93.2,92.7,1351,155.4,79.4,17.21,9.125,14.488,4.198,67.0,69.4,74.0,1600,1,116.5,0.28
4347,208,1.35,42.02,1,92.60000000000001,92.5,1339,155.5,79.0,17.07,9.227,14.504,4.197,67.0,69.3,74.0,1600,1,116.3,0.27
4348,209,1.35,42.12,1,92.5,92.5,1329,155.8,79.2,16.99,9.328,14.523,4.198,67.0,69.1,74.0,1600,1,116.0,0.26
4349,210,1.35,41.91,1,92.2,92.30000000000001,1323,155.6,78.9,16.08,9.43,14.535,4.198,67.0,69.0,74.0,1600,1,115.8,0.27
4350,212,1.35,41.64,1,91.4,92.0,1317,155.7,78.9,15.75,9.523,14.551,4.198,67.0,68.9,74.0,1600,1,115.6,0.28
4351,213,1.35,41.76,1,91.2,92.0,1310,155.9,78.6,15.71,9.617,14.562,4.198,67.0,68.8,74.0,1600,1,115.4,0.28
4352,214,1.35,41.68,1,91.10000000000001,91.9,1305,156.4,78.4,15.66,9.711,14.574,4.198,66.0,68.7,74.0,1600,1,115.1,0.27
4353,215,1.35,41.78,1,91.0,91.9,1301,156.6,78.3,15.73,9.797,14.586,4.198,66.0,68.6,74.0,1600,1,114.9,0.28
4354,216,1.35,42.19,1,91.10000000000001,91.9,1299,156.9,78.3,15.74,9.875,14.598,4.197,66.0,68.5,74.0,1600,1,114.6,0.28
4355,217,1.35,42.03,1,91.10000000000001,92.0,1298,157.3,78.4,15.72,9.953,14.613,4.197,66.0,68.3,74.0,1600,1,114.3,0.28
4356,218,1.35,42.26,1,91.0,91.9,1297,157.6,78.3,15.7,10.031,14.629,4.197,66.0,68.2,74.0,1600,1,114.1,0.27
4357,219,1.35,42.01,1,91.0,91.9,1297,157.7,78.3,15.68,10.125,14.645,4.198,66.0,68.1,74.0,1600,1,113.8,0.28
4358,220,1.35,41.99,1,90.9,91.9,1296,158.1,78.2,15.65,10.211,14.656,4.198,66.0,68.0,74.0,1600,1,113.5,0.27
4359,221,1.35,42.14,1,90.9,91.9,1296,158.2,78.2,15.68,10.297,14.664,4.198,66.0,67.9,74.0,1601,1,113.3,0.28
4360,221,1.35,41.88,1,90.8,91.9,1295,158.4,78.3,15.61,10.383,14.676,4.197,66.0,67.8,74.0,1601,1,113.0,0.27
4361,222,1.35,41.83,1,90.7,91.8,1295,158.6,78.0,15.17,10.461,14.684,4.198,66.0,67.7,74.0,1601,1,112.7,0.28
4362,223,1.35,42.07,1,90.2,91.60000000000001,1292,158.8,77.9,14.71,10.531,14.688,4.197,66.0,67.6,74.0,1601,1,112.4,0.27
4363,223,1.35,41.74,1,89.9,91.5,1288,158.9,77.8,14.71,10.602,14.695,4.197,66.0,67.5,74.0,1601,1,112.2,0.28
4364,224,1.35,41.99,1,90.0,91.5,1285,159.2,78.0,14.68,10.664,14.707,4.198,66.0,67.5,74.0,1601,1,111.9,0.27
4365,224,1.35,41.99,1,89.9,91.5,1283,159.6,77.9,14.71,10.742,14.711,4.198,66.0,67.4,74.0,1601,1,111.6,0.27
4366,225,1.35,41.92,1,89.9,91.5,1282,159.6,77.7,14.69,10.797,14.711,4.198,65.0,67.3,74.0,1601,1,111.3,0.27
4367,225,1.35,42.0,1,89.9,91.5,1281,159.6,78.1,14.71,10.859,14.715,4.198,65.0,67.2,74.0,1601,1,111.0,0.28
4368,226,1.35,41.95,1,89.9,91.5,1281,159.7,78.1,14.89,10.914,14.719,4.197,65.0,67.1,74.0,1601,1,110.7,0.27
4369,226,1.35,41.99,1,90.3,91.7,1282,159.7,78.1,15.84,10.961,14.723,4.198,65.0,67.1,74.0,1601,1,110.4,0.27
4370,227,1.35,42.0,1,91.10000000000001,92.10000000000001,1285,160.0,78.5,17.02,11.008,14.734,4.198,65.0,67.0,74.0,1601,1,110.1,0.26
4371,228,1.35,41.66,1,91.9,92.4,1293,160.3,78.7,17.37,11.055,14.738,4.197,65.0,67.0,74.0,1601,1,109.8,0.27
4372,228,1.35,42.16,1,92.10000000000001,92.5,1301,160.3,79.0,17.39,11.109,14.75,4.197,64.0,66.9,74.0,1601,1,109.5,0.27
4373,229,1.35,41.99,1,92.0,92.4,1306,160.2,79.0,17.38,11.156,14.758,4.198,64.0,66.8,74.0,1601,1,109.3,0.26
4374,230,1.35,42.16,1,92.10000000000001,92.4,1309,160.1,79.0,17.36,11.195,14.77,4.197,64.0,66.8,74.0,1601,1,109.0,0.27
4375,231,1.35,41.96,1,91.9,92.30000000000001,1310,160.2,78.9,16.32,11.234,14.777,4.197,64.0,66.7,74.0,1601,1,108.7,0.27
4376,231,1.35,41.92,1,90.60000000000001,91.7,1307,160.1,78.5,14.58,11.266,14.789,4.198,64.0,66.7,74.0,1601,1,108.4,0.27
4377,232,1.35,41.99,1,89.4,91.2,1296,160.0,78.0,13.31,11.297,14.797,4.198,64.0,66.6,74.0,1601,1,108.1,0.27
4378,232,1.35,41.43,1,88.3,90.8,1283,160.0,77.5,12.24,11.312,14.797,4.198,64.0,66.6,74.0,1601,1,107.8,0.27
4379,232,1.35,41.82,1,87.2,90.3,1268,160.2,77.0,11.41,11.328,14.797,4.198,64.0,66.5,74.0,1601,1,107.5,0.27
4380,232,1.35,41.24,1,86.6,90.10000000000001,1255,160.5,76.2,10.75,11.336,14.797,4.197,64.0,66.5,74.0,1601,1,107.3,0.27
4381,232,1.35,41.39,1,85.7,89.8,1245,160.8,75.8,9.68,11.344,14.797,4.198,64.0,66.5,74.0,1601,1,107.0,0.27
4382,232,1.35,41.31,1,84.6,89.3,1234,161.1,75.5,8.83,11.352,14.797,4.197,64.0,66.4,74.0,1601,1,106.7,0.27
4383,232,1.35,41.41,1,84.2,89.2,1222,161.4,75.4,8.88,11.359,14.793,4.198,64.0,66.4,74.0,1601,1,106.4,0.27
4384,231,1.35,41.42,1,84.1,89.2,1215,161.7,75.3,8.9,11.367,14.789,4.198,64.0,66.3,74.0,1601,1,106.1,0.27
4385,231,1.35,41.5,1,84.1,89.2,1211,162.1,75.3,8.9,11.359,14.789,4.198,64.0,66.3,74.0,1601,1,105.8,0.28
4386,231,1.35,41.62,1,84.5,89.4,1208,162.6,75.4,9.82,11.367,14.797,4.198,64.0,66.3,74.0,1601,1,105.5,0.28
4387,231,1.35,41.71,1,85.39999999999999,89.8,1211,163.0,75.9,10.54,11.375,14.793,4.198,64.0,66.2,74.0,1601,1,105.2,0.28
4388,231,1.325,41.43,1,85.9,89.9,1217,163.4,76.1,10.58,11.391,14.789,4.198,64.0,66.2,74.0,1601,1,104.9,0.28
4389,231,1.325,41.81,1,86.1,90.0,1221,163.8,76.2,11.34,11.398,14.789,4.198,64.0,66.2,74.0,1601,1,104.6,0.28
4390,231,1.325,41.91,1,87.0,90.4,1226,164.0,76.6,12.46,11.406,14.789,4.198,64.0,66.1,74.0,1601,1,104.3,0.29
4391,231,1.325,41.94,1,87.9,90.7,1235,164.1,77.0,12.86,11.43,14.793,4.198,64.0,66.1,74.0,1601,1,104.1,0.29
4392,231,1.325,41.92,1,88.1,90.8,1243,164.2,77.4,12.85,11.445,14.801,4.198,64.0,66.1,74.0,1601,1,103.8,0.28
4393,231,1.325,41.97,1,88.2,90.9,1249,164.4,77.2,12.91,11.469,14.797,4.198,64.0,66.0,74.0,1601,1,103.5,0.28
4394,231,1.325,42.01,1,88.2,90.9,1252,164.3,77.4,12.89,11.484,14.793,4.198,64.0,66.0,74.0,1601,1,103.2,0.28
4395,231,1.325,41.75,1,88.2,90.8,1254,164.5,77.3,12.9,11.5,14.793,4.198,64.0,66.0,74.0,1601,1,102.9,0.28
4396,231,1.325,41.41,1,88.2,90.8,1255,164.5,77.1,12.88,11.516,14.793,4.198,64.0,65.9,74.0,1601,1,102.6,0.28
4397,232,1.325,41.59,1,88.2,90.8,1255,164.4,77.1,12.96,11.523,14.797,4.198,64.0,65.9,74.0,1601,1,102.3,0.28
4398,232,1.325,41.86,1,88.2,90.8,1256,164.1,77.1,12.91,11.531,14.801,4.198,64.0,65.9,74.0,1601,1,102.1,0.28
4399,232,1.35,41.72,1,88.2,90.8,1256,164.1,77.2,12.95,11.531,14.805,4.197,64.0,65.8,74.0,1601,1,101.8,0.28
4400,232,1.35,42.01,1,88.2,90.8,1257,164.0,77.5,12.88,11.547,14.813,4.198,64.0,65.8,74.0,1601,1,101.5,0.29
4401,232,1.35,41.71,1,88.1,90.8,1257,164.0,77.4,12.93,11.555,14.816,4.198,64.0,65.8,74.0,1601,1,101.3,0.29
4402,232,1.35,41.76,1,88.1,90.8,1257,163.9,77.3,12.8,11.578,14.816,4.198,64.0,65.8,74.0,1601,1,100.9,0.29
4403,232,1.35,41.75,1,87.8,90.7,1257,163.9,77.2,12.32,11.586,14.82,4.198,63.0,65.8,74.0,1601,1,100.7,0.28
4404,232,1.35,42.0,1,87.5,90.60000000000001,1254,163.7,77.0,11.84,11.602,14.824,4.198,63.0,65.7,74.0,1601,1,100.4,0.28
4405,232,1.35,41.98,1,87.0,90.3,1250,163.7,76.9,11.46,11.617,14.824,4.198,64.0,65.7,74.0,1601,1,100.1,0.29
4406,231,1.35,41.49,1,86.7,90.2,1245,163.7,76.8,11.53,11.633,14.824,4.198,64.0,65.7,74.0,1601,1,99.8,0.29
4407,231,1.35,42.22,1,86.7,90.2,1242,163.6,76.6,11.45,11.648,14.824,4.198,64.0,65.7,74.0,1601,1,99.5,0.28
4408,231,1.35,41.83,1,86.7,90.2,1240,163.6,76.4,11.42,11.656,14.82,4.198,64.0,65.7,74.0,1601,1,99.3,0.29
4409,231,1.35,41.72,1,86.7,90.2,1239,163.7,76.6,11.38,11.664,14.816,4.198,64.0,65.6,74.0,1601,1,99.0,0.29
4410,230,1.35,41.66,1,86.7,90.2,1239,163.8,76.7,11.41,11.664,14.809,4.197,63.0,65.7,74.0,1601,1,98.7,0.28
4411,230,1.35,42.19,1,86.7,90.2,1238,163.8,76.7,11.95,11.664,14.801,4.198,64.0,65.6,74.0,1602,1,98.4,0.29
4412,230,1.35,41.77,1,87.2,90.4,1239,163.8,76.8,12.37,11.664,14.797,4.197,63.0,65.6,74.0,1602,1,98.2,0.28
4413,230,1.35,41.94,1,87.9,90.7,1243,163.9,77.0,13.32,11.656,14.793,4.197,64.0,65.6,74.0,1602,1,97.9,0.28
4414,231,1.35,41.71,1,88.7,91.10000000000001,1250,163.9,77.3,14.2,11.648,14.789,4.198,63.0,65.6,74.0,1602,1,97.7,0.29
4415,231,1.35,41.94,1,89.3,91.3,1258,163.9,77.6,14.38,11.648,14.789,4.198,64.0,65.6,74.0,1602,1,97.4,0.29
4416,231,1.35,41.93,1,89.4,91.3,1264,164.1,77.7,14.7,11.633,14.785,4.198,63.0,65.6,74.0,1602,1,97.1,0.29
4417,231,1.35,42.17,1,90.0,91.60000000000001,1270,164.0,78.0,15.8,11.625,14.781,4.198,64.0,65.6,74.0,1602,1,96.9,0.29
4418,232,1.35,42.14,1,90.7,91.8,1277,163.9,78.5,16.14,11.609,14.781,4.198,64.0,65.5,74.0,1602,1,96.6,0.3
4419,232,1.35,41.93,1,90.9,91.9,1284,163.7,78.5,16.18,11.586,14.781,4.198,64.0,65.5,74.0,1602,1,96.4,0.29
4420,233,1.35,42.3,1,90.9,91.9,1290,163.3,78.5,16.19,11.57,14.781,4.198,63.0,65.5,74.0,1602,1,96.1,0.29
4421,233,1.35,41.93,1,90.9,91.9,1292,163.2,78.5,16.2,11.555,14.797,4.198,63.0,65.5,74.0,1602,1,95.8,0.3
4422,234,1.35,41.99,1,90.9,91.9,1294,163.0,78.6,16.18,11.539,14.801,4.198,63.0,65.5,74.0,1602,1,95.5,0.29
4423,234,1.35,42.16,1,91.0,91.9,1295,162.7,78.5,16.04,11.523,14.809,4.198,63.0,65.5,74.0,1602,1,95.3,0.28
4424,235,1.35,41.72,1,90.60000000000001,91.8,1296,162.6,78.3,15.08,11.516,14.809,4.197,63.0,65.5,74.0,1602,1,95.0,0.29
4425,235,1.35,41.57,1,89.8,91.4,1292,162.6,78.1,14.28,11.508,14.805,4.198,63.0,65.5,74.0,1602,1,94.8,0.29
4426,235,1.35,41.74,1,89.2,91.2,1285,162.4,77.7,13.83,11.5,14.809,4.197,63.0,65.5,74.0,1602,1,94.6,0.3
4427,235,1.35,42.24,1,88.9,91.10000000000001,1278,162.1,77.8,13.46,11.492,14.813,4.198,64.0,65.5,74.0,1602,1,94.2,0.31
4428,236,1.35,41.78,1,88.4,90.9,1272,161.8,77.5,12.5,11.484,14.82,4.198,63.0,65.5,74.0,1602,1,94.0,0.29
4429,236,1.35,41.97,1,87.6,90.5,1266,161.7,77.1,12.08,11.484,14.828,4.198,63.0,65.4,74.0,1602,1,93.8,0.29
4430,235,1.35,41.56,1,87.3,90.4,1259,161.6,76.7,11.65,11.492,14.828,4.198,63.0,65.4,74.0,1602,1,93.5,0.28
4431,235,1.35,41.67,1,86.6,90.10000000000001,1252,161.9,76.5,11.0,11.508,14.832,4.198,63.0,65.4,74.0,1602,1,93.3,0.27
4432,235,1.35,41.82,1,86.2,90.0,1244,162.1,76.2,10.49,11.523,14.84,4.198,63.0,65.4,74.0,1602,1,93.0,0.28
4433,235,1.35,41.63,1,85.39999999999999,89.60000000000001,1238,162.3,76.0,9.48,11.547,14.848,4.198,63.0,65.4,74.0,1602,1,92.8,0.28
4434,234,1.35,41.42,1,84.39999999999999,89.2,1229,162.6,75.5,8.55,11.57,14.844,4.198,64.0,65.4,74.0,1602,1,92.5,0.28
4435,234,1.35,41.34,1,83.5,88.8,1218,162.9,75.3,7.84,11.586,14.844,4.198,63.0,65.4,74.0,1602,1,92.3,0.28
4436,233,1.35,41.35,1,83.0,88.7,1208,163.2,75.3,7.61,11.602,14.832,4.198,63.0,65.4,74.0,1602,1,92.1,0.28
4437,233,1.35,41.27,1,82.5,88.5,1201,163.5,74.9,6.52,11.617,14.816,4.198,64.0,65.4,74.0,1602,1,91.8,0.28
4438,232,1.35,40.98,1,81.10000000000001,87.9,1192,163.7,74.3,4.4,11.625,14.805,4.198,63.0,65.4,74.0,1602,1,91.6,0.29
4439,231,1.35,40.65,1,78.8,86.9,1176,164.0,73.6,2.25,11.609,14.801,4.198,63.0,65.4,74.0,1602,1,91.3,0.29
4440,230,1.35,40.45,1,76.2,85.9,1154,164.4,72.8,-0.06,11.586,14.797,4.197,63.0,65.3,74.0,1602,1,91.1,0.29
4441,229,1.35,40.23,1,73.2,84.6,1126,165.0,71.8,-3.18,11.547,14.785,4.197,63.0,65.3,74.0,1602,1,90.9,0.28
4442,227,1.35,39.57,1,69.19999999999999,82.89999999999999,1090,165.5,70.6,-6.04,11.492,14.773,4.198,64.0,65.3,74.0,1602,1,90.6,0.28
4443,225,1.35,39.11,1,65.3,81.3,1044,166.0,69.3,-7.75,11.43,14.754,4.198,63.0,65.3,74.0,1602,1,90.4,0.29
4444,224,1.35,39.03,1,62.8,80.4,1003,166.7,68.4,-9.0,11.344,14.734,4.198,63.0,65.2,74.0,1602,1,90.2,0.29
4445,222,1.35,39.33,1,61.199999999999996,79.80000000000001,970,167.6,67.8,-9.41,11.25,14.711,4.198,63.0,65.2,74.0,1602,1,90.0,0.27
4446,220,1.35,39.17,1,60.699999999999996,79.7,948,168.3,67.8,-9.45,11.156,14.691,4.198,63.0,65.2,74.0,1602,1,89.8,0.27
4447,218,1.35,39.08,1,60.6,79.7,934,169.3,67.8,-9.5,11.062,14.664,4.197,63.0,65.1,74.0,1602,1,89.6,0.28
4448,216,1.35,39.29,1,60.6,79.7,925,170.1,67.8,-9.35,10.961,14.645,4.197,63.0,65.1,74.0,1602,1,89.4,0.28
4449,214,1.35,39.49,1,61.4,80.2,921,170.8,68.2,-7.65,10.859,14.625,4.198,63.0,65.1,74.0,1602,1,89.2,0.29
4450,212,1.35,39.9,1,64.0,81.6,929,171.6,68.8,-5.41,10.766,14.605,4.198,63.0,65.0,74.0,1602,1,88.9,0.29
4451,211,1.325,40.55,1,67.5,83.0,951,172.5,69.8,-3.26,10.672,14.59,4.197,63.0,65.0,74.0,1602,1,88.7,0.3
4452,209,1.35,40.56,1,70.8,84.2,983,173.1,71.0,-1.26,10.602,14.574,4.198,63.0,65.0,74.0,1602,1,88.5,0.29
4453,208,1.35,40.78,1,73.1,85.0,1015,173.7,71.7,0.03,10.523,14.562,4.198,63.0,64.9,74.0,1602,1,88.3,0.29
4454,207,1.35,40.8,1,74.5,85.5,1041,174.2,72.3,0.8,10.453,14.551,4.198,63.0,64.9,74.0,1602,1,88.1,0.29
4455,207,1.35,40.87,1,75.7,86.0,1061,174.6,72.6,1.91,10.383,14.535,4.198,63.0,64.8,74.0,1602,1,87.8,0.3
4456,206,1.35,41.17,1,77.0,86.5,1079,174.9,73.1,2.91,10.32,14.523,4.198,63.0,64.8,74.0,1602,1,87.7,0.3
4457,205,1.35,41.1,1,78.4,87.0,1096,175.2,73.5,4.12,10.266,14.512,4.198,63.0,64.8,74.0,1602,1,87.4,0.3
4458,205,1.35,41.26,1,79.7,87.5,1114,175.3,74.2,4.86,10.211,14.508,4.197,63.0,64.7,74.0,1602,1,87.2,0.3
4459,205,1.35,41.17,1,80.30000000000001,87.7,1130,175.1,74.3,4.88,10.164,14.504,4.198,62.0,64.7,74.0,1602,1,86.9,0.3
4460,205,1.35,41.2,1,80.4,87.7,1140,174.8,74.4,4.82,10.117,14.504,4.197,62.0,64.7,74.0,1602,1,86.7,0.29
4461,205,1.35,41.38,1,80.4,87.7,1146,174.5,74.3,4.88,10.078,14.5,4.198,63.0,64.6,74.0,1602,1,86.5,0.3
4462,205,1.35,41.4,1,80.5,87.7,1150,174.1,74.6,4.82,10.039,14.5,4.198,62.0,64.6,74.0,1603,1,86.3,0.3
4463,204,1.35,41.23,1,80.5,87.7,1152,173.7,74.3,4.89,10.008,14.5,4.198,62.0,64.6,74.0,1603,1,86.1,0.3
4464,204,1.35,41.37,1,80.5,87.7,1154,173.2,74.4,4.9,9.977,14.5,4.198,62.0,64.6,74.0,1603,1,85.8,0.3
4465,204,1.35,41.24,1,80.5,87.6,1156,172.8,74.4,4.86,9.953,14.496,4.197,62.0,64.6,74.0,1603,1,85.7,0.31
4466,204,1.35,41.3,1,80.5,87.7,1156,172.4,74.5,4.83,9.93,14.496,4.197,62.0,64.5,74.0,1603,1,85.4,0.3
4467,204,1.35,41.34,1,80.5,87.7,1158,172.0,74.3,4.84,9.906,14.492,4.198,62.0,64.5,74.0,1603,1,85.2,0.3
4468,204,1.35,41.5,1,80.5,87.7,1159,171.6,74.5,5.19,9.891,14.488,4.198,62.0,64.5,74.0,1603,1,85.0,0.3
4469,204,1.35,41.61,1,81.2,88.0,1161,171.2,74.5,6.27,9.875,14.484,4.198,62.0,64.5,74.0,1603,1,84.8,0.3
4470,203,1.35,41.53,1,82.0,88.3,1167,170.9,74.9,6.55,9.859,14.484,4.197,62.0,64.5,74.0,1603,1,84.6,0.31
4471,204,1.35,41.39,1,82.19999999999999,88.3,1173,170.7,75.0,6.62,9.859,14.48,4.198,62.0,64.4,74.0,1603,1,84.4,0.31
4472,204,1.35,41.53,1,82.3,88.3,1177,170.3,75.0,6.85,9.852,14.484,4.198,62.0,64.4,74.0,1603,1,84.2,0.3
4473,204,1.35,41.57,1,82.6,88.5,1180,170.0,74.9,7.08,9.844,14.484,4.198,62.0,64.4,74.0,1603,1,84.0,0.3
4474,204,1.35,41.59,1,82.8,88.5,1183,169.6,75.1,7.06,9.836,14.488,4.198,62.0,64.4,74.0,1603,1,83.8,0.31
4475,204,1.35,41.42,1,82.69999999999999,88.5,1186,169.3,75.2,7.0,9.828,14.488,4.198,62.0,64.4,74.0,1603,1,83.6,0.31
4476,204,1.35,41.56,1,82.69999999999999,88.5,1187,169.0,75.2,7.07,9.82,14.492,4.198,62.0,64.4,74.0,1603,1,83.4,0.3
4477,204,1.35,41.52,1,82.8,88.5,1187,168.7,75.0,7.0,9.812,14.492,4.198,62.0,64.3,74.0,1603,1,83.2,0.31
4478,204,1.35,41.54,1,82.69999999999999,88.5,1188,168.5,74.9,7.1,9.812,14.492,4.198,62.0,64.3,74.0,1603,1,83.0,0.3
4479,204,1.35,41.48,1,82.69999999999999,88.5,1189,168.2,75.2,7.08,9.812,14.492,4.197,62.0,64.3,74.0,1603,1,82.8,0.3
4480,204,1.35,41.52,1,82.8,88.5,1189,167.9,75.1,7.04,9.82,14.496,4.197,62.0,64.3,74.0,1603,1,82.7,0.31
4481,204,1.35,41.58,1,82.8,88.5,1190,167.6,75.1,7.12,9.82,14.496,4.198,62.0,64.3,74.0,1603,1,82.5,0.3
4482,204,1.35,41.51,1,82.8,88.5,1190,167.4,75.1,7.03,9.812,14.496,4.198,62.0,64.3,74.0,1603,1,82.3,0.3
4483,204,1.35,41.51,1,82.8,88.5,1190,167.2,75.2,7.06,9.812,14.496,4.198,62.0,64.3,74.0,1603,1,82.1,0.3
4484,204,1.35,41.41,1,82.69999999999999,88.5,1190,167.0,75.1,7.04,9.805,14.496,4.198,62.0,64.3,74.0,1603,1,81.9,0.3
4485,204,1.35,41.51,1,82.69999999999999,88.5,1190,166.7,74.8,7.07,9.812,14.496,4.197,62.0,64.2,74.0,1603,1,81.7,0.29
4486,205,1.35,41.62,1,82.8,88.5,1191,166.5,75.4,7.05,9.812,14.5,4.198,62.0,64.2,74.0,1603,1,81.5,0.3
4487,205,1.35,41.47,1,82.69999999999999,88.5,1191,166.3,75.2,7.05,9.812,14.504,4.198,62.0,64.2,74.0,1603,1,81.3,0.29
4488,205,1.35,41.51,1,82.69999999999999,88.5,1190,166.1,75.2,7.04,9.82,14.512,4.198,62.0,64.2,74.0,1603,1,81.1,0.3
4489,205,1.35,41.54,1,82.69999999999999,88.5,1190,165.9,75.0,7.04,9.828,14.512,4.198,62.0,64.2,74.0,1603,1,81.0,0.3
4490,205,1.35,41.46,1,82.69999999999999,88.5,1190,165.7,75.0,6.68,9.836,14.516,4.198,62.0,64.2,74.0,1603,1,80.8,0.31
4491,205,1.35,41.28,1,82.0,88.1,1189,165.8,74.8,5.6,9.844,14.516,4.198,62.0,64.2,74.0,1603,1,80.6,0.31
4492,205,1.35,41.3,1,81.2,87.8,1184,165.7,74.5,5.14,9.844,14.516,4.198,62.0,64.1,74.0,1603,1,80.4,0.3
4493,205,1.35,41.27,1,80.7,87.7,1177,165.7,74.4,4.72,9.844,14.508,4.198,62.0,64.1,74.0,1603,1,80.2,0.3
4494,205,1.35,41.13,1,80.4,87.6,1171,165.6,74.2,4.63,9.836,14.504,4.198,62.0,64.1,74.0,1603,1,80.0,0.3
4495,205,1.35,41.38,1,80.4,87.6,1167,165.5,74.2,4.62,9.836,14.504,4.197,62.0,64.1,74.0,1603,1,79.9,0.31
4496,205,1.35,41.32,1,80.2,87.5,1165,165.5,73.9,4.62,9.836,14.504,4.198,62.0,64.1,74.0,1603,1,79.7,0.31
4497,205,1.35,41.33,1,80.4,87.7,1164,165.5,74.1,5.34,9.836,14.504,4.198,62.0,64.1,74.0,1603,1,79.5,0.31
4498,205,1.35,41.47,1,81.2,88.0,1165,165.5,74.5,6.33,9.844,14.508,4.198,62.0,64.1,74.0,1603,1,79.3,0.31
4499,204,1.35,41.34,1,82.0,88.3,1171,165.5,74.9,6.63,9.859,14.512,4.198,62.0,64.0,74.0,1603,1,79.2,0.31
4500,204,1.35,41.5,1,82.3,88.3,1177,165.4,74.8,6.75,9.867,14.512,4.198,62.0,64.0,74.0,1603,1,79.0,0.31
4501,204,1.35,41.64,1,82.39999999999999,88.4,1182,165.4,74.9,6.69,9.883,14.512,4.198,62.0,64.0,74.0,1603,1,78.8,0.31
4502,204,1.35,41.56,1,82.39999999999999,88.4,1184,165.3,75.0,6.69,9.883,14.512,4.198,62.0,64.0,74.0,1603,1,78.7,0.31
4503,204,1.35,41.51,1,82.39999999999999,88.4,1185,165.3,74.9,6.64,9.891,14.512,4.198,62.0,64.0,74.0,1603,1,78.5,0.3
4504,204,1.35,41.47,1,82.39999999999999,88.4,1185,165.4,75.0,6.7,9.898,14.512,4.197,62.0,64.0,74.0,1603,1,78.3,0.3
4505,204,1.35,41.7,1,82.39999999999999,88.4,1185,165.3,75.1,6.68,9.906,14.508,4.198,62.0,64.0,74.0,1603,1,78.1,0.3
4506,204,1.35,41.55,1,82.3,88.3,1186,165.2,75.1,6.7,9.906,14.5,4.198,62.0,64.0,74.0,1603,1,78.0,0.31
4507,205,1.35,41.45,1,82.5,88.4,1186,165.0,74.9,6.73,9.906,14.492,4.198,62.0,64.0,74.0,1603,1,77.8,0.3
4508,205,1.35,41.7,1,82.69999999999999,88.6,1187,165.0,75.3,8.01,9.914,14.488,4.198,62.0,63.9,74.0,1603,1,77.6,0.31
4509,205,1.35,41.92,1,84.2,89.2,1193,165.0,75.6,9.53,9.922,14.5,4.198,62.0,63.9,74.0,1603,1,77.5,0.31
4510,205,1.35,41.62,1,85.3,89.5,1203,164.7,76.0,9.71,9.938,14.504,4.198,62.0,63.9,74.0,1603,1,77.4,0.31
4511,206,1.35,41.67,1,84.89999999999999,89.3,1212,164.6,76.1,8.16,9.961,14.504,4.198,62.0,63.9,74.0,1603,1,77.2,0.29
4512,206,1.35,41.44,1,83.39999999999999,88.6,1212,164.4,75.4,6.86,9.953,14.508,4.198,62.0,63.9,74.0,1603,1,77.0,0.3
4513,206,1.35,41.64,1,82.6,88.4,1204,164.2,75.1,6.69,9.953,14.508,4.198,62.0,63.9,74.0,1603,1,76.9,0.3
4514,206,1.35,41.55,1,82.39999999999999,88.4,1197,164.1,74.9,6.64,9.961,14.516,4.197,62.0,63.9,74.0,1603,1,76.7,0.29
4515,206,1.35,41.45,1,82.19999999999999,88.3,1192,164.1,74.9,6.13,9.961,14.516,4.198,62.0,63.9,74.0,1603,1,76.5,0.3
4516,206,1.35,41.41,1,81.5,88.0,1188,164.1,74.8,5.16,9.969,14.52,4.198,62.0,63.9,74.0,1604,1,76.4,0.3
4517,206,1.35,41.48,1,80.80000000000001,87.7,1181,163.9,74.4,5.04,9.961,14.523,4.198,62.0,63.9,74.0,1604,1,76.2,0.3
4518,206,1.35,41.33,1,80.60000000000001,87.7,1175,164.0,74.4,4.73,9.969,14.527,4.198,62.0,63.9,74.0,1604,1,76.1,0.31
4519,206,1.35,41.03,1,80.10000000000001,87.4,1170,163.9,74.1,4.16,9.969,14.523,4.198,62.0,63.9,73.0,1604,1,75.9,0.31
4520,206,1.35,41.08,1,79.60000000000001,87.2,1164,163.8,73.8,3.96,9.969,14.523,4.198,62.0,63.9,74.0,1604,1,75.7,0.3
4521,205,1.35,41.2,1,79.4,87.2,1159,164.0,73.9,4.02,9.977,14.52,4.198,62.0,63.9,74.0,1604,1,75.6,0.3
4522,205,1.35,41.27,1,79.4,87.2,1157,164.2,73.7,4.01,9.969,14.516,4.198,62.0,63.9,73.0,1604,1,75.4,0.31
4523,205,1.35,41.26,1,79.4,87.2,1155,164.3,73.7,4.32,9.969,14.508,4.198,62.0,63.9,73.0,1604,1,75.3,0.3
4524,205,1.35,41.77,1,80.4,87.7,1156,164.3,74.1,6.04,9.969,14.512,4.198,62.0,63.8,74.0,1604,1,75.1,0.3
4525,205,1.35,41.43,1,81.8,88.2,1164,164.4,74.7,6.68,9.977,14.508,4.198,62.0,63.8,74.0,1604,1,74.9,0.31
4526,205,1.35,41.57,1,82.19999999999999,88.3,1173,164.4,75.0,6.7,9.992,14.508,4.198,62.0,63.8,73.0,1604,1,74.8,0.31
4527,205,1.35,41.59,1,82.3,88.4,1179,164.5,75.0,6.76,10.008,14.508,4.198,62.0,63.9,73.0,1604,1,74.7,0.31
4528,205,1.35,41.5,1,82.39999999999999,88.4,1183,164.5,74.9,6.69,10.016,14.508,4.197,62.0,63.8,74.0,1604,1,74.5,0.31
4529,205,1.35,41.63,1,82.3,88.3,1184,164.5,74.9,6.7,10.023,14.512,4.198,62.0,63.8,74.0,1604,1,74.3,0.31
4530,205,1.35,41.61,1,82.3,88.4,1185,164.6,75.0,6.62,10.023,14.512,4.198,62.0,63.8,74.0,1604,1,74.2,0.31
4531,205,1.35,41.6,1,82.39999999999999,88.4,1186,164.5,74.8,6.77,10.023,14.516,4.198,61.0,63.8,73.0,1604,1,74.1,0.3
4532,205,1.35,41.45,1,82.39999999999999,88.3,1186,164.4,74.8,6.74,10.016,14.516,4.198,62.0,63.8,73.0,1604,1,73.9,0.31
4533,205,1.35,41.7,1,82.39999999999999,88.3,1187,164.4,74.9,6.74,10.008,14.516,4.198,62.0,63.8,73.0,1604,1,73.8,0.3
4534,205,1.35,41.54,1,82.39999999999999,88.4,1187,164.2,74.8,6.66,9.992,14.516,4.198,62.0,63.8,73.0,1604,1,73.6,0.3
4535,205,1.35,41.6,1,82.39999999999999,88.4,1186,164.2,75.0,6.79,9.977,14.52,4.198,62.0,63.8,74.0,1604,1,73.5,0.3
4536,205,1.35,41.48,1,82.3,88.3,1186,164.1,74.9,6.24,9.969,14.52,4.198,62.0,63.8,73.0,1604,1,73.3,0.31
4537,205,1.35,41.47,1,81.6,88.0,1184,163.9,74.7,5.38,9.961,14.52,4.198,62.0,63.8,73.0,1604,1,73.2,0.31
4538,204,1.35,41.34,1,81.0,87.8,1180,163.8,74.4,5.31,9.945,14.52,4.198,62.0,63.7,73.0,1604,1,73.0,0.3
4539,204,1.35,41.6,1,80.9,87.8,1175,163.8,74.4,5.34,9.93,14.516,4.198,62.0,63.7,74.0,1604,1,72.9,0.31
4540,204,1.35,41.31,1,80.9,87.8,1173,163.7,74.4,5.32,9.93,14.516,4.198,61.0,63.7,74.0,1604,1,72.8,0.31
4541,204,1.35,41.3,1,80.9,87.8,1172,163.8,74.2,5.36,9.914,14.516,4.198,62.0,63.7,73.0,1604,1,72.6,0.3
4542,203,1.35,41.45,1,81.0,87.8,1172,163.7,74.2,5.64,9.906,14.516,4.198,61.0,63.7,73.0,1604,1,72.5,0.3
4543,203,1.35,41.51,1,81.6,88.1,1173,163.8,74.7,6.68,9.898,14.516,4.198,62.0,63.7,73.0,1604,1,72.3,0.3
4544,203,1.35,41.66,1,82.5,88.5,1177,163.7,75.0,7.14,9.898,14.516,4.197,61.0,63.7,73.0,1604,1,72.2,0.3
4545,203,1.35,41.66,1,82.8,88.5,1183,163.8,75.0,7.15,9.891,14.516,4.198,62.0,63.7,73.0,1604,1,72.1,0.3
4546,203,1.35,41.38,1,82.8,88.5,1186,163.7,74.9,7.21,9.891,14.516,4.198,62.0,63.6,73.0,1604,1,72.0,0.31
4547,203,1.35,41.49,1,82.89999999999999,88.6,1189,163.6,75.2,7.19,9.891,14.516,4.198,62.0,63.6,73.0,1604,1,71.8,0.3
4548,203,1.35,41.65,1,82.89999999999999,88.6,1191,163.7,75.1,7.14,9.883,14.516,4.198,62.0,63.6,73.0,1604,1,71.7,0.3
4549,204,1.35,41.53,1,82.8,88.5,1191,163.6,75.1,6.84,9.883,14.512,4.198,62.0,63.6,73.0,1604,1,71.6,0.31
4550,204,1.35,41.46,1,82.19999999999999,88.2,1190,163.5,74.8,6.04,9.875,14.512,4.198,62.0,63.6,73.0,1604,1,71.4,0.31
4551,204,1.35,41.32,1,81.69999999999999,88.1,1186,163.5,74.7,5.92,9.859,14.508,4.198,61.0,63.6,73.0,1604,1,71.3,0.31
4552,204,1.35,41.45,1,81.6,88.1,1183,163.5,74.8,5.93,9.844,14.508,4.198,62.0,63.6,73.0,1604,1,71.2,0.3
4553,204,1.35,41.55,1,81.6,88.1,1181,163.4,74.9,5.9,9.836,14.512,4.198,61.0,63.6,73.0,1604,1,71.0,0.29
4554,204,1.35,41.4,1,81.6,88.0,1180,163.4,74.9,5.9,9.836,14.512,4.197,62.0,63.6,73.0,1604,1,70.9,0.3
4555,204,1.35,41.46,1,81.6,88.0,1179,163.3,74.7,5.82,9.828,14.512,4.198,61.0,63.6,73.0,1604,1,70.7,0.3
4556,204,1.35,41.32,1,81.6,88.0,1179,163.3,74.8,5.91,9.828,14.508,4.198,61.0,63.6,73.0,1604,1,70.6,0.31
4557,204,1.35,41.49,1,81.6,88.0,1179,163.3,74.6,5.96,9.828,14.508,4.198,61.0,63.6,73.0,1604,1,70.5,0.31
4558,204,1.35,41.41,1,81.6,88.1,1179,163.3,74.8,5.88,9.828,14.508,4.198,61.0,63.5,73.0,1604,1,70.4,0.31
4559,204,1.35,41.44,1,81.6,88.1,1179,163.2,74.7,6.29,9.836,14.508,4.198,61.0,63.5,73.0,1604,1,70.2,0.3
4560,204,1.35,41.68,1,82.3,88.4,1180,163.3,74.6,7.3,9.844,14.504,4.198,62.0,63.5,73.0,1604,1,70.1,0.31
4561,205,1.35,41.84,1,83.3,88.8,1185,163.2,75.2,8.5,9.852,14.504,4.198,62.0,63.5,73.0,1604,1,70.0,0.31
4562,205,1.35,41.78,1,84.5,89.2,1195,163.3,75.4,9.7,9.867,14.504,4.198,61.0,63.5,73.0,1604,1,69.9,0.31
4563,206,1.35,42.22,1,85.39999999999999,89.60000000000001,1205,163.3,76.0,9.95,9.883,14.504,4.198,61.0,63.6,73.0,1604,1,69.7,0.31
4564,206,1.35,41.87,1,85.7,89.7,1215,163.3,76.3,10.0,9.891,14.508,4.198,61.0,63.5,73.0,1604,1,69.6,0.31
4565,207,1.35,41.68,1,85.7,89.7,1221,163.3,76.3,9.95,9.898,14.512,4.198,61.0,63.5,73.0,1604,1,69.5,0.3
4566,208,1.35,42.01,1,85.7,89.7,1224,163.1,76.3,9.95,9.906,14.516,4.198,61.0,63.5,73.0,1604,1,69.4,0.31
4567,209,1.35,41.6,1,85.39999999999999,89.5,1225,163.0,76.2,8.98,9.914,14.523,4.198,61.0,63.5,73.0,1604,1,69.3,0.3
4568,209,1.35,41.53,1,84.0,88.9,1223,162.8,75.7,6.79,9.922,14.531,4.198,61.0,63.5,73.0,1604,1,69.2,0.29
4569,210,1.35,41.36,1,82.0,88.1,1211,162.5,75.0,4.94,9.93,14.531,4.198,61.0,63.5,73.0,1604,1,69.0,0.29
4570,211,1.35,41.22,1,80.30000000000001,87.4,1194,162.3,74.3,3.8,9.93,14.535,4.198,61.0,63.5,73.0,1604,1,68.9,0.3
4571,211,1.35,41.06,1,78.7,86.8,1177,162.3,73.8,2.25,9.93,14.535,4.198,61.0,63.5,73.0,1604,1,68.8,0.3
4572,211,1.35,40.78,1,76.8,86.1,1157,162.3,73.1,0.79,9.922,14.535,4.198,62.0,63.5,73.0,1604,1,68.7,0.3
4573,212,1.35,40.65,1,75.2,85.5,1136,162.3,72.4,-0.42,9.914,14.539,4.198,61.0,63.5,73.0,1604,1,68.6,0.31
4574,212,1.325,40.59,1,73.8,84.89999999999999,1116,162.5,71.8,-1.67,9.891,14.543,4.198,61.0,63.5,73.0,1604,1,68.5,0.31
4575,212,1.325,40.62,1,72.39999999999999,84.39999999999999,1098,162.8,71.5,-2.83,9.875,14.547,4.198,61.0,63.5,73.0,1604,1,68.3,0.32
4576,212,1.325,40.28,1,70.89999999999999,83.8,1078,163.2,71.0,-3.86,9.859,14.555,4.198,62.0,63.5,73.0,1604,1,68.3,0.31
4577,212,1.3,40.17,1,69.3,83.1,1059,163.5,70.4,-4.77,9.844,14.559,4.198,61.0,63.5,73.0,1604,1,68.2,0.31
4578,212,1.3,40.12,1,68.2,82.69999999999999,1039,163.8,70.2,-5.05,9.828,14.566,4.198,61.0,63.4,73.0,1604,1,68.0,0.31
4579,212,1.3,40.15,1,67.4,82.39999999999999,1024,164.3,70.1,-6.11,9.812,14.574,4.198,61.0,63.4,73.0,1604,1,67.9,0.31
4580,212,1.275,39.72,1,65.8,81.69999999999999,1008,164.8,69.7,-6.71,9.812,14.582,4.198,62.0,63.4,73.0,1604,1,67.8,0.32
4581,212,1.275,39.99,1,65.10000000000001,81.6,992,165.3,69.6,-6.7,9.812,14.59,4.197,61.0,63.4,73.0,1604,1,67.7,0.32
4582,212,1.25,39.86,1,64.9,81.5,982,165.8,69.4,-6.78,9.82,14.602,4.198,61.0,63.4,73.0,1604,1,67.6,0.32
4583,212,1.225,39.89,1,64.7,81.39999999999999,976,166.4,69.4,-7.14,9.836,14.613,4.197,61.0,63.3,73.0,1605,1,67.5,0.31
4584,212,1.225,40.01,1,64.3,81.2,970,167.0,69.2,-7.24,9.852,14.625,4.198,61.0,63.3,73.0,1605,1,67.4,0.31
4585,212,1.2,39.95,1,64.2,81.2,964,167.5,69.4,-7.24,9.875,14.641,4.198,61.0,63.3,73.0,1605,1,67.3,0.31
4586,212,1.2,39.77,1,64.0,81.2,960,167.9,69.3,-7.2,9.906,14.652,4.198,61.0,63.3,73.0,1605,1,67.2,0.31
4587,211,1.175,39.98,1,64.1,81.2,957,168.3,69.4,-7.23,9.938,14.668,4.198,61.0,63.3,73.0,1605,1,67.1,0.31
4588,211,1.175,39.93,1,64.1,81.2,956,168.8,69.4,-7.23,9.977,14.68,4.198,61.0,63.3,73.0,1605,1,67.0,0.3
4589,211,1.15,39.92,1,64.1,81.2,955,169.4,69.5,-7.22,10.023,14.691,4.197,61.0,63.3,73.0,1605,1,66.9,0.3
4590,211,1.15,39.9,1,64.1,81.2,955,169.8,69.6,-7.27,10.07,14.703,4.198,61.0,63.2,73.0,1605,1,66.8,0.29
4591,210,1.125,40.01,1,64.0,81.2,954,170.2,69.5,-7.12,10.117,14.715,4.198,61.0,63.2,73.0,1605,1,66.7,0.3
4592,210,1.125,40.09,1,64.5,81.6,954,170.6,69.6,-6.18,10.172,14.723,4.198,61.0,63.2,73.0,1605,1,66.6,0.31
4593,210,1.1,40.68,1,66.10000000000001,82.3,963,170.9,70.1,-4.95,10.234,14.738,4.198,61.0,63.2,73.0,1605,1,66.5,0.31
4594,210,1.1,40.59,1,67.7,83.0,977,171.2,70.5,-4.33,10.289,14.746,4.198,61.0,63.2,73.0,1605,1,66.4,0.31
4595,210,1.075,40.31,1,68.60000000000001,83.2,993,171.4,70.6,-4.19,10.367,14.754,4.198,61.0,63.2,73.0,1605,1,66.3,0.3
4596,210,1.075,40.71,1,69.19999999999999,83.5,1003,171.5,71.0,-3.46,10.438,14.766,4.198,61.0,63.2,73.0,1605,1,66.2,0.29
4597,209,1.05,40.63,1,70.3,84.0,1015,171.7,71.4,-2.72,10.492,14.773,4.198,61.0,63.2,73.0,1605,1,66.1,0.3
4598,209,1.05,40.68,1,70.89999999999999,84.1,1027,171.8,71.5,-2.54,10.555,14.785,4.198,61.0,63.2,73.0,1605,1,66.0,0.3
4599,209,1.05,41.05,1,71.5,84.39999999999999,1035,171.8,71.7,-1.54,10.625,14.793,4.198,61.0,63.2,73.0,1605,1,65.9,0.31
4600,210,1.025,40.91,1,72.5,84.89999999999999,1046,171.8,72.0,-0.92,10.695,14.801,4.198,61.0,63.2,73.0,1605,1,65.8,0.3
4601,210,1.025,41.07,1,73.0,84.89999999999999,1056,171.7,72.3,-0.94,10.75,14.813,4.198,61.0,63.2,73.0,1605,1,65.7,0.31
4602,210,1.0,40.93,1,73.2,85.0,1064,171.5,72.2,-0.94,10.812,14.824,4.198,61.0,63.3,73.0,1605,1,65.6,0.3
4603,210,1.0,40.89,1,73.1,84.89999999999999,1068,171.4,72.2,-0.88,10.875,14.836,4.197,61.0,63.3,73.0,1605,1,65.5,0.3
4604,210,1.0,41.01,1,73.2,85.0,1071,171.3,72.4,-0.88,10.93,14.848,4.197,61.0,63.3,73.0,1605,1,65.4,0.31
4605,210,0.975,40.98,1,73.2,85.0,1072,171.0,72.3,-1.01,10.984,14.859,4.198,61.0,63.3,73.0,1605,1,65.3,0.3
4606,210,0.975,40.99,1,73.2,85.0,1074,170.7,72.2,-0.8,11.039,14.867,4.198,61.0,63.3,73.0,1605,1,65.2,0.31
4607,210,0.975,41.08,1,73.2,85.0,1075,170.5,72.3,-0.83,11.102,14.879,4.198,61.0,63.4,73.0,1605,1,65.1,0.31
4608,210,0.95,41.05,1,73.3,85.0,1076,170.3,72.2,-0.79,11.141,14.887,4.198,61.0,63.4,73.0,1605,1,65.0,0.31
4609,210,0.95,40.91,1,73.2,84.89999999999999,1077,170.0,72.1,-0.92,11.188,14.898,4.198,61.0,63.5,73.0,1605,1,64.9,0.3
4610,211,0.925,41.1,1,73.1,85.0,1076,169.8,72.1,-0.87,11.242,14.91,4.198,61.0,63.5,73.0,1605,1,64.8,0.31
4611,211,0.925,41.07,1,73.2,85.0,1077,169.6,72.2,-0.76,11.289,14.918,4.198,61.0,63.5,73.0,1605,1,64.8,0.3
4612,211,0.925,41.17,1,73.3,85.0,1077,169.4,72.2,-0.84,11.344,14.93,4.198,62.0,63.6,73.0,1605,1,64.7,0.31
4613,211,0.9,41.02,1,73.2,85.0,1078,169.1,72.4,-0.81,11.398,14.938,4.198,62.0,63.6,73.0,1605,1,64.6,0.31
4614,211,0.9,41.01,1,73.2,85.0,1078,168.9,72.3,-1.16,11.461,14.949,4.197,61.0,63.7,73.0,1605,1,64.5,0.31
4615,211,0.9,40.88,1,72.7,84.7,1078,168.7,72.1,-2.14,11.516,14.961,4.198,62.0,63.7,73.0,1605,1,64.4,0.31
4616,211,0.875,40.87,1,71.5,84.2,1072,168.5,71.8,-2.7,11.57,14.973,4.198,61.0,63.7,73.0,1605,1,64.3,0.3
4617,211,0.875,40.82,1,71.0,84.1,1064,168.4,71.5,-2.77,11.617,14.984,4.198,62.0,63.8,73.0,1605,1,64.2,0.31
4618,211,0.875,40.98,1,70.8,84.0,1058,168.3,71.5,-3.05,11.672,14.992,4.198,62.0,63.8,73.0,1605,1,64.1,0.3
4619,211,0.85,40.47,1,70.19999999999999,83.7,1053,168.3,71.2,-4.45,11.719,15.004,4.198,62.0,63.8,73.0,1605,1,64.1,0.3
4620,210,0.85,40.11,1,67.9,82.39999999999999,1042,168.1,70.5,-6.64,11.766,15.016,4.198,62.0,63.9,73.0,1605,1,64.0,0.29
4621,210,0.825,39.93,1,64.5,80.9,1016,168.1,69.6,-9.01,11.812,15.027,4.198,62.0,63.9,73.0,1605,1,63.9,0.29
4622,209,0.825,39.25,1,60.9,79.3,984,168.2,68.6,-11.57,11.844,15.035,4.198,62.0,63.9,73.0,1605,1,63.8,0.28
4623,209,0.825,38.57,1,55.7,76.2,944,168.3,66.8,-13.8,11.875,15.039,4.198,62.0,64.0,73.0,1605,1,63.7,0.29
4624,208,0.8,38.44,1,49.8,72.89999999999999,895,168.5,65.1,-15.26,11.898,15.043,4.198,62.0,64.0,73.0,1605,1,63.6,0.29
4625,206,0.8,38.08,1,45.0,70.39999999999999,851,168.8,63.8,-16.46,11.914,15.043,4.198,62.0,64.0,73.0,1605,1,63.6,0.29
4626,205,0.775,38.04,1,42.1,68.30000000000001,822,169.0,62.7,-17.63,11.93,15.043,4.198,62.0,64.0,73.0,1605,1,63.5,0.3
4627,203,0.775,37.4,1,39.1,66.2,795,169.3,61.7,-18.78,11.945,15.043,4.197,62.0,64.0,73.0,1605,1,63.4,0.31
4628,202,0.75,35.64,1,37.0,64.2,776,169.5,60.6,-19.23,11.969,15.043,4.198,62.0,64.0,73.0,1605,1,63.4,0.31
4629,200,0.75,32.17,1,34.699999999999996,62.3,758,169.9,59.5,-19.96,11.984,15.039,4.198,62.0,64.0,73.0,1605,1,63.3,0.3
4630,199,0.75,30.23,1,32.9,60.8,744,170.2,58.4,-20.04,11.992,15.035,4.198,62.0,64.0,73.0,1605,1,63.2,0.31
4631,198,0.725,30.06,1,32.2,60.699999999999996,738,170.6,58.3,-20.05,11.992,15.031,4.198,62.0,64.0,73.0,1605,1,63.2,0.3
4632,196,0.725,29.81,1,32.0,60.6,740,171.0,58.3,-20.05,12.0,15.027,4.198,62.0,63.9,73.0,1605,1,63.1,0.3
4633,195,0.7,29.76,1,31.900000000000002,60.699999999999996,742,171.4,58.4,-20.03,11.992,15.027,4.198,62.0,63.9,73.0,1605,1,63.0,0.3
4634,193,0.7,29.69,1,31.8,60.699999999999996,745,171.9,58.2,-20.0,12.0,15.02,4.198,62.0,63.9,73.0,1605,1,63.0,0.31
4635,192,0.7,29.68,1,31.8,60.699999999999996,745,172.5,58.4,-20.05,12.0,15.016,4.198,62.0,63.8,73.0,1605,1,62.9,0.31
4636,190,0.675,29.71,1,31.8,60.699999999999996,745,173.1,58.4,-19.77,12.0,15.008,4.198,62.0,63.8,73.0,1605,1,62.8,0.3
4637,189,0.675,32.53,1,32.300000000000004,61.5,745,173.6,59.1,-18.26,11.992,15.004,4.198,61.0,63.8,73.0,1605,1,62.7,0.31
4638,188,0.65,39.24,1,35.099999999999994,65.7,762,174.2,61.3,-17.01,11.984,14.996,4.197,62.0,63.8,73.0,1605,1,62.7,0.32
4639,186,0.65,38.23,1,38.7,68.2,791,174.8,62.7,-16.55,11.977,14.988,4.198,62.0,63.7,73.0,1605,1,62.6,0.31
4640,185,0.65,38.14,1,40.1,68.60000000000001,798,175.4,62.8,-16.57,11.969,14.984,4.198,62.0,63.8,73.0,1605,1,62.5,0.3
4641,184,0.625,38.28,1,40.5,68.60000000000001,793,175.9,62.9,-16.57,11.961,14.977,4.198,62.0,63.8,73.0,1605,1,62.5,0.31
4642,183,0.625,38.44,1,40.6,68.60000000000001,784,176.4,62.9,-16.52,11.945,14.977,4.198,62.0,63.8,73.0,1605,1,62.4,0.31
4643,182,0.625,38.85,1,40.8,68.89999999999999,778,176.8,63.1,-15.95,11.938,14.977,4.198,61.0,63.8,73.0,1605,1,62.4,0.32
4644,181,0.6,38.92,1,41.9,70.1,779,177.2,63.5,-15.64,11.914,14.977,4.198,62.0,63.8,73.0,1605,1,62.3,0.32
4645,180,0.6,38.86,1,42.6,70.39999999999999,783,177.6,63.7,-15.63,11.898,14.973,4.198,62.0,63.8,73.0,1605,1,62.2,0.31
4646,179,0.6,38.84,1,42.9,70.39999999999999,783,177.8,63.8,-15.62,11.891,14.973,4.198,61.0,63.8,73.0,1605,1,62.2,0.3
4647,178,0.575,38.79,1,42.9,70.39999999999999,782,177.9,63.7,-15.75,11.875,14.973,4.197,62.0,63.9,73.0,1605,1,62.1,0.3
4648,177,0.575,38.15,1,42.1,69.19999999999999,779,177.9,63.2,-17.13,11.859,14.973,4.198,62.0,63.9,73.0,1605,1,62.0,0.3
4649,177,0.575,37.92,1,39.4,66.8,763,178.0,62.2,-17.96,11.844,14.977,4.198,62.0,63.9,73.0,1605,1,62.0,0.31
4650,176,0.55,36.87,1,37.5,65.2,748,178.0,61.4,-18.23,11.828,14.98,4.198,62.0,63.9,73.0,1605,1,61.9,0.31
4651,175,0.55,37.24,1,36.3,64.60000000000001,738,178.0,61.1,-18.28,11.812,14.98,4.198,62.0,63.9,73.0,1605,1,61.9,0.31
4652,174,0.55,37.09,1,35.8,64.60000000000001,736,177.9,61.0,-18.28,11.805,14.973,4.198,62.0,63.9,73.0,1605,1,61.8,0.31
4653,173,0.525,37.22,1,35.699999999999996,64.60000000000001,738,177.9,61.0,-17.89,11.797,14.973,4.198,62.0,63.9,73.0,1605,1,61.8,0.32
4654,172,0.525,40.05,1,37.0,67.0,745,177.8,62.2,-15.84,11.789,14.973,4.198,62.0,63.9,73.0,1605,1,61.7,0.31
4655,171,0.5,40.21,1,41.8,72.0,774,177.7,64.4,-13.25,11.781,14.98,4.198,62.0,63.9,73.0,1605,1,61.6,0.31
4656,171,0.5,40.12,1,48.4,76.0,822,177.6,66.3,-12.1,11.797,14.984,4.198,62.0,63.9,73.0,1605,1,61.6,0.31
4657,170,0.5,39.81,1,52.300000000000004,76.9,858,177.5,67.0,-11.91,11.812,14.988,4.198,62.0,63.9,73.0,1605,1,61.5,0.32
4658,169,0.5,39.64,1,53.5,76.9,872,177.4,67.1,-12.62,11.836,14.988,4.198,62.0,63.9,73.0,1605,1,61.5,0.31
4659,169,0.475,38.75,1,51.300000000000004,74.6,868,177.3,66.2,-14.69,11.844,14.988,4.198,62.0,63.9,73.0,1605,1,61.4,0.31
4660,168,0.475,38.64,1,46.300000000000004,71.0,839,177.4,64.4,-15.94,11.852,14.988,4.198,61.0,63.9,73.0,1605,1,61.3,0.31
4661,165,0.5,38.93,1,43.2,69.8,807,177.5,63.8,-15.98,11.844,14.98,4.198,62.0,63.9,73.0,1605,1,61.3,0.31
4662,162,0.475,39.54,1,42.699999999999996,70.5,792,177.5,64.0,-15.0,11.844,14.973,4.198,62.0,63.9,73.0,1605,1,61.2,0.31
4663,160,0.475,39.29,1,44.4,72.0,799,177.4,64.5,-14.77,11.836,14.961,4.198,62.0,63.9,73.0,1605,1,61.2,0.32
4664,157,0.475,39.29,1,45.0,72.1,807,177.2,64.6,-14.69,11.828,14.945,4.198,62.0,63.9,73.0,1605,1,61.1,0.32
4665,155,0.45,39.98,1,45.800000000000004,73.1,809,176.9,65.1,-13.35,11.812,14.934,4.198,62.0,63.9,73.0,1605,1,61.1,0.31
4666,153,0.45,40.5,1,49.4,76.1,826,176.5,66.6,-11.08,11.789,14.922,4.198,62.0,63.9,73.0,1605,1,61.0,0.32
4667,151,0.425,40.64,1,56.39999999999999,79.4,868,176.0,68.4,-8.73,11.773,14.906,4.198,62.0,64.0,73.0,1605,1,61.0,0.33
4668,149,0.425,41.43,1,61.1,81.10000000000001,906,175.7,69.3,-6.54,11.773,14.891,4.198,62.0,64.0,73.0,1605,1,60.9,0.33
4669,148,0.4,41.63,1,65.3,82.69999999999999,938,175.4,70.5,-4.21,11.758,14.883,4.198,62.0,64.1,73.0,1605,1,60.9,0.33
4670,147,0.4,42.04,1,68.8,83.89999999999999,972,175.3,71.3,-2.84,11.75,14.879,4.198,62.0,64.1,73.0,1605,1,60.8,0.33
4671,147,0.4,41.78,1,70.6,84.3,1002,175.0,71.9,-2.36,11.734,14.879,4.198,62.0,64.2,73.0,1605,1,60.8,0.33
4672,146,0.4,41.86,1,71.1,84.39999999999999,1024,174.8,71.9,-2.7,11.711,14.879,4.198,62.0,64.3,73.0,1606,1,60.7,0.33
4673,145,0.375,41.32,1,70.39999999999999,83.89999999999999,1035,174.4,71.8,-4.25,11.695,14.875,4.198,62.0,64.4,73.0,1606,1,60.7,0.33
4674,145,0.375,41.17,1,68.4,83.0,1032,173.9,71.2,-5.46,11.656,14.879,4.198,62.0,64.5,73.0,1606,1,60.6,0.32
4675,144,0.375,41.39,1,66.8,82.5,1021,173.3,70.7,-5.92,11.633,14.891,4.198,62.0,64.6,73.0,1606,1,60.6,0.32
4676,143,0.375,40.75,1,65.60000000000001,81.89999999999999,1010,172.7,70.0,-7.5,11.609,14.898,4.198,63.0,64.8,73.0,1606,1,60.6,0.32
4677,142,0.375,40.26,1,63.1,80.60000000000001,993,172.0,69.5,-9.32,11.586,14.895,4.198,63.0,64.9,73.0,1606,1,60.5,0.33
4678,141,0.35,40.58,1,60.9,80.0,970,171.2,69.0,-9.7,11.555,14.883,4.198,63.0,65.0,73.0,1606,1,60.5,0.33
4679,140,0.35,40.59,1,60.099999999999994,79.9,952,170.5,69.0,-9.7,11.531,14.875,4.198,63.0,65.2,73.0,1606,1,60.4,0.32
4680,139,0.35,40.6,1,59.9,79.80000000000001,942,169.9,68.7,-9.7,11.508,14.867,4.198,63.0,65.3,73.0,1606,1,60.4,0.32
4681,138,0.325,40.74,1,60.5,80.2,937,169.2,68.9,-8.94,11.492,14.871,4.198,63.0,65.4,73.0,1606,1,60.3,0.32
4682,136,0.325,40.74,1,61.199999999999996,80.4,940,168.7,69.0,-8.85,11.477,14.875,4.198,63.0,65.5,73.0,1606,1,60.3,0.32
4683,135,0.325,40.78,1,61.4,80.4,943,168.4,69.0,-8.86,11.461,14.879,4.198,64.0,65.7,73.0,1606,1,60.2,0.32
4684,133,0.325,40.71,1,61.4,80.4,945,168.1,69.1,-9.02,11.453,14.879,4.198,63.0,65.8,73.0,1606,1,60.2,0.31
4685,130,0.325,38.82,1,57.4,77.7,941,167.9,68.0,-22.32,11.438,14.875,4.198,64.0,66.0,73.0,1606,1,60.2,0.32
4686,127,0.325,38.3,1,48.9,72.1,906,167.9,65.1,-22.24,11.414,14.863,4.198,64.0,66.1,73.0,1606,1,60.1,0.31
4687,124,0.325,38.35,1,42.3,68.8,852,167.9,63.2,-22.46,11.359,14.848,4.198,64.0,66.3,73.0,1606,1,60.1,0.31
4688,120,0.3,36.91,1,38.7,66.2,816,168.0,61.8,-22.48,11.312,14.832,4.198,64.0,66.4,73.0,1606,1,60.0,0.32
4689,117,0.3,34.33,1,35.8,64.0,788,168.1,60.8,-22.38,11.266,14.809,4.198,64.0,66.5,73.0,1606,1,60.0,0.32
4690,113,0.3,30.59,1,33.5,61.9,768,168.2,59.8,-22.39,11.203,14.785,4.198,64.0,66.6,73.0,1606,1,59.9,0.33
4691,110,0.3,29.3,1,31.8,60.699999999999996,755,168.2,59.0,-22.39,11.156,14.762,4.198,64.0,66.7,73.0,1606,1,59.9,0.32
4692,107,0.3,29.02,1,31.2,60.699999999999996,753,168.2,59.3,-22.29,11.102,14.746,4.198,64.0,66.7,73.0,1606,1,59.9,0.34
4693,104,0.3,28.83,1,31.0,60.6,757,168.2,58.8,-21.63,11.047,14.734,4.198,64.0,66.8,73.0,1606,1,59.9,0.34
4694,102,0.3,28.73,1,30.9,60.699999999999996,761,168.2,59.2,-21.18,10.992,14.727,4.198,64.0,66.9,73.0,1606,1,59.8,0.33
4695,100,0.275,28.65,1,30.9,60.6,765,168.4,59.0,-21.11,10.938,14.719,4.198,64.0,66.9,73.0,1606,1,59.8,0.33
4696,98,0.275,28.72,1,30.9,60.6,766,168.6,59.1,-20.79,10.891,14.715,4.198,64.0,67.0,73.0,1606,1,59.7,0.34
4697,96,0.25,29.62,1,31.2,60.9,767,168.9,59.4,-18.46,10.836,14.711,4.198,64.0,67.0,73.0,1606,1,59.7,0.33
4698,94,0.25,40.03,1,35.6,68.60000000000001,787,169.3,62.8,-14.3,10.797,14.707,4.198,64.0,67.1,73.0,1606,1,59.7,0.33
4699,93,0.25,39.01,1,42.6,72.5,864,169.7,64.8,-14.48,10.766,14.711,4.198,65.0,67.3,73.0,1606,1,59.7,0.33
4700,92,0.225,38.36,1,45.300000000000004,73.0,885,170.1,65.0,-14.13,10.742,14.711,4.198,65.0,67.4,73.0,1606,1,59.6,0.32
4701,91,0.225,39.31,1,45.9,72.89999999999999,873,170.5,65.2,-14.49,10.719,14.711,4.198,65.0,67.6,73.0,1606,1,59.6,0.33
4702,90,0.225,39.15,1,46.1,72.89999999999999,858,170.9,65.1,-14.35,10.695,14.715,4.198,66.0,67.8,73.0,1606,1,59.6,0.33
4703,89,0.2,39.22,1,46.1,73.0,845,171.2,65.2,-14.33,10.68,14.715,4.198,66.0,68.0,73.0,1606,1,59.5,0.34
4704,88,0.2,39.39,1,46.1,72.89999999999999,838,171.5,65.1,-14.38,10.656,14.723,4.198,66.0,68.3,73.0,1606,1,59.5,0.33
4705,87,0.2,39.44,1,46.1,73.0,833,171.8,65.0,-14.37,10.648,14.723,4.198,66.0,68.5,73.0,1606,1,59.5,0.33
4706,86,0.2,39.52,1,46.0,72.89999999999999,830,171.9,65.1,-14.33,10.633,14.723,4.198,66.0,68.8,73.0,1606,1,59.4,0.33
4707,85,0.2,39.41,1,45.9,72.8,829,171.9,65.1,-14.43,10.633,14.719,4.198,67.0,69.1,73.0,1606,1,59.4,0.33
4708,85,0.175,39.49,1,45.800000000000004,72.8,826,171.8,65.1,-14.39,10.625,14.715,4.198,67.0,69.3,73.0,1606,1,59.4,0.33
4709,84,0.175,39.5,1,45.9,73.0,826,171.7,65.1,-14.33,10.617,14.711,4.198,67.0,69.6,73.0,1606,1,59.3,0.34
4710,83,0.175,39.47,1,46.0,73.0,828,171.5,65.1,-14.41,10.617,14.707,4.198,67.0,69.8,73.0,1606,1,59.3,0.33
4711,82,0.175,39.28,1,46.0,72.89999999999999,827,171.4,65.0,-14.36,10.617,14.707,4.198,67.0,70.1,73.0,1606,1,59.3,0.33
4712,82,0.175,40.27,1,46.2,73.4,827,171.2,65.3,-12.84,10.617,14.707,4.198,67.0,70.3,73.0,1606,1,59.3,0.34
4713,81,0.175,40.36,1,50.2,76.7,844,171.1,66.8,-11.63,10.609,14.711,4.198,67.0,70.6,73.0,1606,1,59.3,0.33
4714,81,0.15,40.2,1,53.300000000000004,77.7,878,170.9,67.4,-11.36,10.609,14.719,4.198,67.0,70.8,73.0,1606,1,59.2,0.33
4715,80,0.15,40.92,1,55.7,78.60000000000001,897,170.8,68.0,-10.28,10.617,14.723,4.198,68.0,71.0,73.0,1606,1,59.2,0.33
4716,80,0.15,40.62,1,57.8,79.3,907,170.7,68.4,-10.14,10.633,14.727,4.198,69.0,71.3,73.0,1606,1,59.2,0.33
4717,81,0.15,41.19,1,58.8,79.7,912,170.6,68.7,-9.41,10.656,14.727,4.198,69.0,71.5,73.0,1606,1,59.2,0.33
4718,81,0.15,41.06,1,60.3,80.4,921,170.4,69.0,-9.18,10.68,14.73,4.198,69.0,71.7,73.0,1606,1,59.1,0.33
4719,81,0.125,41.37,1,61.1,80.60000000000001,932,170.3,69.4,-8.56,10.703,14.742,4.198,69.0,71.9,73.0,1606,1,59.1,0.34
4720,81,0.125,41.23,1,61.8,80.9,941,170.1,69.5,-8.51,10.734,14.746,4.198,70.0,72.1,73.0,1606,1,59.1,0.33
4721,81,0.125,40.99,1,62.0,80.9,948,169.8,69.5,-8.69,10.758,14.75,4.198,70.0,72.3,73.0,1606,1,59.0,0.34
4722,81,0.125,41.29,1,61.7,80.7,951,169.6,69.5,-8.82,10.773,14.758,4.198,70.0,72.5,73.0,1606,1,59.0,0.33
4723,81,0.125,41.15,1,61.6,80.7,952,169.2,69.3,-8.82,10.797,14.77,4.198,70.0,72.8,73.0,1606,1,59.0,0.33
4724,81,0.1,41.09,1,61.7,80.7,954,168.8,69.3,-8.81,10.82,14.777,4.198,71.0,72.9,73.0,1606,1,59.0,0.34
4725,81,0.1,41.22,1,61.6,80.7,954,168.4,69.3,-8.66,10.859,14.781,4.198,71.0,73.1,73.0,1606,1,59.0,0.33
4726,81,0.1,41.22,1,61.7,80.80000000000001,956,168.0,69.2,-8.64,10.883,14.785,4.198,71.0,73.3,73.0,1606,1,58.9,0.33
4727,81,0.1,41.11,1,61.7,80.7,958,167.6,69.4,-8.74,10.914,14.789,4.198,71.0,73.5,73.0,1606,1,58.9,0.33
4728,80,0.1,41.07,1,61.7,80.7,959,167.2,69.4,-8.78,10.938,14.793,4.198,71.0,73.6,73.0,1606,1,58.9,0.33
4729,80,0.075,40.94,1,61.6,80.7,959,166.8,69.3,-8.84,10.961,14.797,4.198,72.0,73.8,73.0,1606,1,58.9,0.33
4730,80,0.075,40.82,1,61.5,80.60000000000001,958,166.5,69.4,-9.3,10.992,14.797,4.198,72.0,74.0,73.0,1606,1,58.9,0.32
4731,80,0.075,40.86,1,60.4,80.0,955,166.2,69.0,-9.61,11.008,14.801,4.198,72.0,74.1,73.0,1606,1,58.9,0.33
4732,79,0.075,41.03,1,60.099999999999994,80.10000000000001,948,166.0,68.9,-9.44,11.023,14.801,4.198,72.0,74.2,73.0,1606,1,58.8,0.33
4733,79,0.075,40.78,1,60.0,80.0,946,165.8,68.9,-9.59,11.039,14.797,4.198,72.0,74.4,73.0,1606,1,58.8,0.33
4734,80,0.075,40.9,1,59.9,80.0,944,165.5,68.8,-9.6,11.062,14.793,4.198,72.0,74.5,73.0,1606,1,58.8,0.33
4735,80,0.05,41.88,1,60.4,80.60000000000001,943,165.4,69.1,-7.95,11.078,14.797,4.198,72.0,74.7,73.0,1606,1,58.8,0.33
4736,80,0.05,41.27,1,62.7,81.39999999999999,955,165.2,69.7,-7.48,11.109,14.805,4.198,72.0,74.9,73.0,1606,1,58.8,0.34
4737,80,0.05,41.23,1,63.4,81.5,969,165.0,69.7,-7.41,11.141,14.813,4.198,72.0,75.0,73.0,1606,1,58.7,0.33
4738,80,0.05,41.05,1,63.6,81.6,976,164.9,69.7,-7.52,11.172,14.816,4.198,73.0,75.2,73.0,1606,1,58.7,0.33
4739,80,0.05,41.06,1,63.6,81.5,979,164.7,69.8,-7.42,11.211,14.82,4.198,73.0,75.4,73.0,1606,1,58.7,0.34
4740,80,0.05,41.15,1,63.6,81.5,981,164.6,69.7,-7.43,11.227,14.824,4.198,73.0,75.5,73.0,1606,1,58.7,0.34
4741,80,0.05,41.27,1,63.5,81.5,982,164.5,69.6,-7.38,11.242,14.82,4.198,73.0,75.7,73.0,1606,1,58.7,0.33
4742,81,0.025,41.43,1,63.5,81.5,983,164.4,69.7,-7.35,11.258,14.824,4.198,74.0,75.9,73.0,1606,1,58.7,0.33
4743,81,0.025,41.05,1,63.6,81.5,984,164.2,69.7,-7.42,11.281,14.832,4.198,74.0,76.0,73.0,1606,1,58.6,0.34
4744,81,0.025,41.15,1,63.6,81.6,985,163.9,69.7,-7.45,11.305,14.84,4.198,74.0,76.2,73.0,1606,1,58.6,0.34
4745,81,0.025,40.94,1,63.6,81.6,986,163.7,69.9,-7.54,11.336,14.84,4.198,74.0,76.4,73.0,1606,1,58.6,0.34
4746,81,0.025,41.14,1,63.6,81.6,986,163.5,69.8,-7.51,11.359,14.844,4.198,75.0,76.5,73.0,1606,1,58.6,0.34
4747,81,0.025,41.06,1,63.4,81.5,986,163.4,69.7,-7.62,11.398,14.844,4.198,75.0,76.7,73.0,1606,1,58.6,0.33
4748,81,0.025,41.12,1,63.3,81.39999999999999,986,163.2,69.7,-7.6,11.43,14.852,4.198,76.0,76.8,73.0,1606,1,58.5,0.34
4749,81,0.025,40.03,1,62.6,80.80000000000001,984,163.0,69.6,-18.98,11.461,14.859,4.198,76.0,77.0,73.0,1606,1,58.5,0.33
4750,80,0.025,38.44,1,53.2,74.6,959,162.9,66.6,-22.45,11.477,14.859,4.198,76.0,77.1,73.0,1606,1,58.5,0.33
4751,80,0.025,38.37,1,45.300000000000004,70.5,902,162.8,64.3,-22.12,11.469,14.855,4.198,76.0,77.2,73.0,1606,1,58.5,0.33
4752,78,0.0,38.35,1,40.300000000000004,67.60000000000001,853,162.8,62.8,-22.04,11.469,14.859,4.198,76.0,77.4,73.0,1606,1,58.5,0.31
4753,76,0.0,36.33,1,36.9,65.10000000000001,818,162.8,61.5,-22.34,11.469,14.859,4.198,76.0,77.5,73.0,1606,1,58.5,0.33
4754,75,0.0,32.16,1,34.300000000000004,63.0,792,162.9,60.4,-22.3,11.469,14.859,4.198,76.0,77.5,73.0,1607,1,58.5,0.33
4755,73,0.025,29.32,1,32.0,61.1,774,163.1,59.5,-22.31,11.477,14.852,4.198,76.0,77.6,73.0,1607,1,58.4,0.32
4756,72,0.0,29.02,1,31.1,60.699999999999996,766,163.2,59.3,-22.29,11.477,14.844,4.198,76.0,77.6,73.0,1607,1,58.4,0.32
4757,71,0.0,28.73,1,30.7,60.699999999999996,769,163.2,59.3,-22.25,11.492,14.84,4.198,76.0,77.6,73.0,1607,1,58.4,0.33
4758,70,0.0,28.69,1,30.599999999999998,60.699999999999996,774,163.2,59.4,-22.26,11.5,14.836,4.198,76.0,77.5,73.0,1607,1,58.4,0.33
4759,68,0.0,28.58,1,30.599999999999998,60.6,778,163.3,59.3,-22.25,11.516,14.84,4.198,76.0,77.5,73.0,1607,1,58.4,0.33
4760,67,0.0,28.64,1,30.599999999999998,60.699999999999996,780,163.5,59.3,-22.07,11.523,14.836,4.198,76.0,77.4,73.0,1607,1,58.4,0.33
4761,66,0.0,28.53,1,30.599999999999998,60.6,780,163.9,59.3,-21.9,11.539,14.832,4.198,76.0,77.4,73.0,1607,1,58.4,0.32
4762,65,0.0,28.59,1,30.599999999999998,60.699999999999996,780,164.4,59.3,-21.82,11.547,14.824,4.198,76.0,77.4,73.0,1607,1,58.3,0.34
4763,64,0.0,28.62,1,30.599999999999998,60.699999999999996,780,164.8,59.3,-22.31,11.547,14.82,4.198,76.0,77.4,73.0,1607,1,58.3,0.33
4764,64,0.0,28.61,1,30.599999999999998,60.699999999999996,779,165.3,59.3,-22.4,11.547,14.816,4.198,76.0,77.4,73.0,1607,1,58.3,0.33
4765,62,0.0,28.54,1,30.599999999999998,60.699999999999996,778,165.8,59.4,-22.39,11.547,14.813,4.198,76.0,77.4,73.0,1607,1,58.3,0.33
4766,61,0.0,28.61,1,30.599999999999998,60.699999999999996,777,166.3,59.3,-22.36,11.555,14.809,4.198,76.0,77.5,73.0,1607,1,58.3,0.33
4767,60,0.0,28.63,1,30.599999999999998,60.699999999999996,777,166.7,59.2,-22.39,11.562,14.809,4.198,76.0,77.6,73.0,1607,1,58.3,0.32
4768,58,0.0,28.64,1,30.599999999999998,60.699999999999996,776,167.1,59.3,-22.38,11.57,14.805,4.198,76.0,77.6,73.0,1607,1,58.3,0.32
4769,56,0.0,28.66,1,30.599999999999998,60.699999999999996,775,167.5,59.2,-22.36,11.578,14.801,4.198,76.0,77.7,73.0,1607,1,58.3,0.32
4770,54,0.0,28.59,1,30.5,60.6,774,167.7,59.4,-22.41,11.586,14.797,4.198,76.0,77.8,73.0,1607,1,58.3,0.31
4771,52,0.0,26.98,1,30.5,60.4,773,168.0,59.3,-22.37,11.578,14.789,4.198,76.0,77.8,73.0,1607,1,58.2,0.33
4772,50,0.0,22.79,1,28.799999999999997,57.4,762,168.2,57.0,-22.43,11.57,14.789,4.198,76.0,77.8,73.0,1607,1,58.2,0.32
4773,48,0.0,19.87,1,26.900000000000002,54.800000000000004,742,168.3,55.4,-22.39,11.555,14.785,4.198,76.0,77.8,73.0,1607,1,58.2,0.33
4774,45,0.0,19.21,1,25.5,53.5,728,168.5,56.2,-22.39,11.547,14.781,4.198,76.0,77.8,73.0,1607,1,58.2,0.32
4775,42,0.0,18.95,1,24.9,53.400000000000006,731,168.6,56.0,-22.41,11.531,14.777,4.198,76.0,77.7,73.0,1607,1,58.2,0.31
4776,39,0.0,18.74,1,24.7,53.400000000000006,742,168.7,56.0,-22.38,11.516,14.773,4.198,76.0,77.7,73.0,1607,1,58.2,0.33
4777,36,0.0,18.59,1,24.6,53.400000000000006,753,168.7,56.0,-22.39,11.508,14.77,4.198,76.0,77.6,73.0,1607,1,58.2,0.32
4778,33,0.0,18.36,1,24.5,53.400000000000006,763,168.8,56.1,-22.38,11.484,14.762,4.198,76.0,77.5,73.0,1607,1,58.2,0.33
4779,30,0.0,18.41,1,24.5,53.400000000000006,769,168.8,56.3,-22.37,11.461,14.754,4.198,76.0,77.4,73.0,1607,1,58.2,0.33
4780,27,0.0,18.37,1,24.5,53.400000000000006,774,168.9,56.1,-22.38,11.43,14.75,4.198,76.0,77.2,73.0,1607,1,58.1,0.33
4781,24,0.0,18.35,1,24.5,53.400000000000006,777,169.0,56.3,-22.4,11.398,14.742,4.198,76.0,77.1,73.0,1607,1,58.1,0.33
4782,21,0.0,18.34,1,24.5,53.400000000000006,779,169.0,56.3,-22.38,11.375,14.738,4.198,76.0,76.9,73.0,1607,1,58.1,0.33
4783,19,0.0,18.4,1,24.5,53.400000000000006,781,169.1,56.2,-22.42,11.344,14.734,4.198,76.0,76.7,73.0,1607,1,58.1,0.32
4784,17,0.0,18.37,1,24.5,53.400000000000006,782,169.1,56.2,-22.38,11.32,14.73,4.198,76.0,76.6,73.0,1607,1,58.1,0.32
4785,15,0.0,18.43,1,24.5,53.400000000000006,783,169.3,56.4,-22.41,11.297,14.73,4.198,76.0,76.4,73.0,1607,1,58.1,0.33
4786,14,0.0,18.4,1,24.5,53.400000000000006,784,169.4,56.3,-22.39,11.273,14.727,4.198,75.0,76.2,73.0,1607,1,58.1,0.33
4787,13,0.0,18.37,1,24.5,53.400000000000006,784,169.5,56.4,-22.4,11.25,14.723,4.198,74.0,76.0,73.0,1607,1,58.0,0.32
4788,13,0.0,18.33,1,24.4,53.400000000000006,784,169.6,56.2,-22.41,11.227,14.723,4.198,74.0,75.8,73.0,1607,1,58.0,0.33
4789,12,0.0,18.37,1,24.5,53.400000000000006,785,169.7,56.5,-22.38,11.203,14.723,4.198,74.0,75.6,73.0,1607,1,58.0,0.32
4790,12,0.0,18.4,1,24.5,53.400000000000006,785,169.7,56.5,-22.25,11.195,14.723,4.198,74.0,75.4,73.0,1607,1,58.0,0.32
4791,12,0.0,18.4,1,24.5,53.400000000000006,785,169.6,56.4,-22.27,11.188,14.723,4.198,73.0,75.2,73.0,1607,1,58.0,0.32
4792,12,0.0,18.39,1,24.5,53.400000000000006,784,169.6,56.5,-22.25,11.172,14.723,4.198,73.0,75.1,73.0,1607,1,58.0,0.33
4793,13,0.0,18.35,1,24.5,53.400000000000006,784,169.6,56.6,-22.25,11.156,14.723,4.198,73.0,74.9,73.0,1607,1,58.0,0.33
4794,13,0.0,18.4,1,24.5,53.400000000000006,783,169.6,56.6,-22.25,11.141,14.723,4.198,72.0,74.7,73.0,1607,1,58.0,0.33
4795,13,0.0,18.36,1,24.5,53.400000000000006,783,169.6,56.6,-22.28,11.117,14.723,4.198,72.0,74.5,73.0,1607,1,58.0,0.33
4796,14,0.0,18.41,1,24.5,53.400000000000006,783,169.5,56.7,-22.26,11.109,14.723,4.198,72.0,74.4,73.0,1607,1,58.0,0.33
4797,14,0.0,18.4,1,24.5,53.400000000000006,783,169.5,56.7,-22.26,11.102,14.723,4.198,72.0,74.2,73.0,1607,1,57.9,0.33
4798,14,0.0,18.37,1,24.5,53.400000000000006,783,169.4,56.7,-22.27,11.094,14.723,4.198,72.0,74.1,73.0,1607,1,57.9,0.34
4799,15,0.0,18.45,1,24.5,53.400000000000006,783,169.4,56.8,-22.24,11.086,14.723,4.198,72.0,73.9,73.0,1607,1,57.9,0.33
4800,15,0.0,18.37,1,24.5,53.400000000000006,783,169.3,56.7,-22.26,11.086,14.723,4.198,71.0,73.7,73.0,1607,1,57.9,0.33
4801,15,0.0,18.35,1,24.5,53.400000000000006,783,169.3,56.8,-22.26,11.102,14.723,4.198,71.0,73.6,73.0,1607,1,57.9,0.33
4802,15,0.0,18.39,1,24.5,53.400000000000006,783,169.2,56.7,-22.3,11.109,14.723,4.198,71.0,73.5,73.0,1607,1,57.9,0.33
4803,15,0.0,18.4,1,24.4,53.400000000000006,783,169.2,56.9,-22.3,11.125,14.723,4.198,71.0,73.3,73.0,1607,1,57.9,0.33
4804,14,0.0,18.41,1,24.4,53.400000000000006,783,169.1,56.8,-22.28,11.133,14.723,4.198,71.0,73.2,73.0,1607,1,57.9,0.32
4805,13,0.0,18.38,1,24.4,53.400000000000006,782,169.1,56.9,-22.29,11.133,14.723,4.198,71.0,73.1,73.0,1607,1,57.9,0.32
4806,12,0.0,18.36,1,24.4,53.400000000000006,781,169.0,56.9,-22.28,11.141,14.723,4.198,71.0,72.9,73.0,1607,1,57.9,0.33
4807,11,0.0,18.42,1,24.4,53.400000000000006,781,169.0,57.0,-21.83,11.148,14.723,4.198,70.0,72.8,73.0,1607,1,57.8,0.33
4808,11,0.0,18.4,1,24.4,53.400000000000006,781,168.9,57.1,-21.5,11.141,14.727,4.198,70.0,72.7,73.0,1607,1,57.8,0.33
4809,11,0.0,18.46,1,24.7,53.400000000000006,780,168.9,57.1,-18.99,11.141,14.723,4.198,70.0,72.6,73.0,1607,1,57.8,0.34
4810,10,0.0,24.77,1,26.1,56.99999999999999,788,168.8,62.1,-17.36,11.133,14.723,4.198,70.0,72.5,73.0,1607,1,57.8,0.33
4811,10,0.0,27.52,1,29.299999999999997,60.9,836,168.8,67.8,-16.68,11.125,14.723,4.198,70.0,72.4,73.0,1607,1,57.8,0.33
4812,9,0.0,33.69,1,32.2,64.0,856,168.7,71.7,-15.38,11.125,14.723,4.198,70.0,72.4,73.0,1607,1,57.8,0.33
4813,10,0.0,37.02,1,35.0,65.7,865,168.7,74.8,-15.2,11.125,14.723,4.198,70.0,72.4,73.0,1607,1,57.8,0.33
4814,10,0.0,37.85,1,36.1,65.9,853,168.7,75.1,-15.17,11.117,14.723,4.198,70.0,72.4,73.0,1607,1,57.8,0.32
4815,10,0.0,38.41,1,36.6,66.10000000000001,829,168.7,75.4,-15.21,11.117,14.723,4.198,70.0,72.4,73.0,1607,1,57.8,0.32
4816,10,0.0,38.57,1,36.7,66.0,813,168.7,75.5,-15.17,11.109,14.727,4.198,70.0,72.5,73.0,1607,1,57.8,0.33
4817,10,0.0,38.71,1,36.7,66.0,800,168.6,75.4,-15.19,11.094,14.723,4.198,70.0,72.6,73.0,1607,1,57.8,0.33
4818,10,0.0,38.94,1,36.6,66.10000000000001,790,168.6,75.5,-15.08,11.086,14.723,4.198,70.0,72.7,73.0,1607,1,57.8,0.33
4819,10,0.0,39.34,1,36.9,66.3,785,168.4,75.9,-14.95,11.078,14.723,4.198,70.0,72.8,73.0,1607,1,57.8,0.32
4820,10,0.0,39.19,1,37.3,66.60000000000001,784,168.3,76.6,-14.87,11.07,14.723,4.198,71.0,72.9,73.0,1607,1,57.7,0.33
4821,10,0.0,39.0,1,37.4,66.7,783,168.0,76.8,-14.91,11.078,14.723,4.198,71.0,73.1,73.0,1607,1,57.7,0.34
4822,10,0.0,39.0,1,37.5,66.7,781,167.8,76.9,-13.21,11.086,14.723,4.198,71.0,73.2,73.0,1607,1,57.7,0.33
4823,10,0.0,40.08,1,41.3,71.5,795,167.5,67.0,-11.9,11.086,14.723,4.198,71.0,73.3,73.0,1607,1,57.7,0.34
4824,11,0.0,39.95,1,44.6,72.8,831,167.3,65.2,-11.82,11.094,14.723,4.198,71.0,73.4,73.0,1607,1,57.7,0.34
4825,11,0.0,39.92,1,45.9,73.0,843,167.0,65.3,-11.83,11.102,14.723,4.198,71.0,73.5,73.0,1607,1,57.7,0.34
4826,12,0.0,39.86,1,46.0,73.0,841,166.7,65.3,-11.86,11.102,14.723,4.198,71.0,73.6,73.0,1607,1,57.7,0.34
4827,13,0.0,40.1,1,46.0,73.0,838,166.5,65.3,-11.77,11.102,14.723,4.198,71.0,73.6,73.0,1607,1,57.7,0.34
4828,13,0.0,39.9,1,46.1,73.1,835,166.3,65.3,-11.84,11.109,14.723,4.198,72.0,73.7,73.0,1607,1,57.7,0.33
4829,14,0.0,39.79,1,46.0,72.89999999999999,834,166.0,65.3,-11.88,11.109,14.723,4.198,71.0,73.8,73.0,1607,1,57.7,0.33
4830,14,0.0,39.95,1,45.9,72.89999999999999,833,165.8,65.4,-11.8,11.117,14.727,4.198,72.0,73.8,73.0,1607,1,57.7,0.33
4831,14,0.0,39.82,1,46.0,72.89999999999999,833,165.6,65.3,-11.85,11.117,14.727,4.198,72.0,73.9,73.0,1607,1,57.7,0.33
4832,15,0.0,39.87,1,46.0,72.89999999999999,834,165.3,65.2,-11.88,11.133,14.727,4.198,72.0,74.0,73.0,1607,1,57.6,0.33
4833,15,0.0,39.74,1,45.9,72.89999999999999,834,165.1,65.3,-11.88,11.141,14.727,4.198,72.0,74.0,73.0,1607,1,57.6,0.33
4834,16,0.0,39.82,1,45.9,72.89999999999999,834,164.8,65.3,-11.87,11.141,14.727,4.198,72.0,74.1,73.0,1608,1,57.6,0.32
4835,16,0.0,39.85,1,46.0,72.89999999999999,835,164.5,65.3,-11.86,11.141,14.727,4.198,72.0,74.1,73.0,1608,1,57.6,0.33
4836,17,0.0,39.81,1,46.0,72.89999999999999,835,164.3,65.3,-11.91,11.141,14.727,4.198,72.0,74.1,73.0,1608,1,57.6,0.33
4837,17,0.0,39.83,1,45.9,72.8,835,164.0,65.2,-11.97,11.141,14.727,4.198,72.0,74.2,73.0,1608,1,57.6,0.33
4838,18,0.0,39.89,1,45.800000000000004,72.8,835,163.8,65.3,-11.88,11.148,14.727,4.198,72.0,74.3,73.0,1608,1,57.6,0.33
4839,18,0.0,39.85,1,46.0,72.89999999999999,835,163.6,65.4,-11.83,11.141,14.727,4.198,72.0,74.3,73.0,1608,1,57.6,0.33
4840,18,0.0,39.87,1,46.1,72.89999999999999,837,163.4,65.3,-11.83,11.141,14.727,4.198,72.0,74.4,73.0,1608,1,57.6,0.33
4841,19,0.0,39.81,1,46.1,72.8,837,163.3,65.4,-11.89,11.141,14.727,4.198,72.0,74.4,73.0,1608,1,57.6,0.34
4842,19,0.0,39.83,1,46.1,72.8,836,163.2,65.3,-12.0,11.133,14.727,4.198,72.0,74.5,73.0,1608,1,57.6,0.33
4843,19,0.0,39.73,1,45.9,72.8,835,163.0,65.2,-11.9,11.125,14.723,4.198,72.0,74.5,73.0,1608,1,57.5,0.33
4844,19,0.0,39.68,1,45.9,73.0,836,162.9,65.3,-11.92,11.125,14.723,4.198,72.0,74.6,73.0,1608,1,57.5,0.33
4845,19,0.0,39.66,1,45.7,72.7,837,162.8,65.2,-12.05,11.125,14.723,4.198,72.0,74.6,73.0,1608,1,57.5,0.34
4846,19,0.0,39.73,1,45.5,72.6,836,162.7,65.1,-12.06,11.141,14.723,4.198,72.0,74.7,73.0,1608,1,57.5,0.34
4847,20,0.0,37.57,1,44.7,71.7,834,162.6,65.0,-22.03,11.141,14.723,4.198,72.0,74.7,73.0,1608,1,57.5,0.34
4848,20,0.0,37.76,1,40.300000000000004,67.30000000000001,816,162.5,62.9,-22.11,11.141,14.723,4.198,72.0,74.7,73.0,1608,1,57.5,0.34
4849,19,0.0,34.96,1,36.4,64.3,785,162.4,61.6,-22.43,11.133,14.723,4.198,72.0,74.8,73.0,1608,1,57.5,0.34
4850,18,0.0,30.81,1,33.6,62.1,761,162.3,60.5,-22.35,11.117,14.723,4.198,72.0,74.8,73.0,1608,1,57.5,0.33
4851,18,0.0,27.77,1,31.4,60.199999999999996,747,162.3,59.5,-22.41,11.117,14.723,4.198,72.0,74.8,73.0,1608,1,57.5,0.33
4852,18,0.0,25.46,1,29.7,58.4,738,162.2,58.7,-22.4,11.109,14.723,4.198,73.0,74.8,73.0,1608,1,57.5,0.34
4853,17,0.0,22.83,1,28.199999999999996,56.699999999999996,733,162.1,57.4,-22.42,11.109,14.719,4.198,72.0,74.8,73.0,1608,1,57.4,0.33
4854,16,0.0,20.78,1,26.900000000000002,55.1,730,162.0,56.2,-22.39,11.102,14.719,4.198,72.0,74.7,73.0,1608,1,57.5,0.33
4855,16,0.0,22.79,1,26.200000000000003,54.7,727,161.9,55.7,-17.15,11.109,14.719,4.198,72.0,74.7,73.0,1608,1,57.4,0.33
4856,15,0.0,31.18,1,29.299999999999997,61.6,774,161.8,60.0,-15.93,11.117,14.719,4.198,72.0,74.6,73.0,1608,1,57.4,0.34
4857,15,0.0,34.73,1,32.7,64.3,840,161.8,61.4,-15.33,11.133,14.719,4.198,72.0,74.6,73.0,1608,1,57.4,0.34
4858,14,0.0,38.07,1,35.199999999999996,66.0,856,161.8,62.1,-15.05,11.164,14.715,4.198,72.0,74.6,73.0,1608,1,57.4,0.33
4859,14,0.0,38.54,1,36.4,66.2,849,161.9,62.2,-14.73,11.195,14.719,4.198,72.0,74.5,73.0,1608,1,57.4,0.33
4860,13,0.0,38.88,1,36.8,66.2,832,162.1,62.3,-14.96,11.227,14.715,4.198,72.0,74.6,73.0,1608,1,57.4,0.34
4861,13,0.0,39.29,1,37.0,66.3,817,162.3,62.3,-15.09,11.25,14.715,4.198,72.0,74.6,73.0,1608,1,57.4,0.34
4862,12,0.0,39.46,1,37.1,66.4,805,162.5,62.4,-15.05,11.266,14.715,4.198,72.0,74.6,73.0,1608,1,57.4,0.33
4863,12,0.0,39.3,1,37.1,66.3,797,162.7,62.4,-15.01,11.273,14.715,4.198,72.0,74.6,73.0,1608,1,57.4,0.33
4864,12,0.0,39.52,1,37.3,66.4,791,162.9,62.3,-14.7,11.281,14.715,4.198,72.0,74.7,73.0,1608,1,57.3,0.33
4865,12,0.0,39.47,1,38.1,67.60000000000001,790,163.0,62.9,-14.33,11.289,14.715,4.198,73.0,74.7,73.0,1608,1,57.3,0.33
4866,11,0.0,39.58,1,38.9,68.0,796,163.0,63.1,-14.24,11.289,14.711,4.198,72.0,74.8,73.0,1608,1,57.3,0.33
4867,11,0.0,39.77,1,39.4,68.2,797,162.9,63.2,-14.16,11.297,14.711,4.198,72.0,74.8,73.0,1608,1,57.3,0.33
4868,11,0.0,40.08,1,39.7,68.4,796,162.9,63.2,-14.08,11.297,14.711,4.198,73.0,74.8,73.0,1608,1,57.3,0.33
4869,10,0.0,40.03,1,40.0,68.60000000000001,796,162.8,63.3,-14.0,11.289,14.711,4.198,72.0,74.9,73.0,1608,1,57.3,0.33
4870,10,0.0,39.9,1,40.2,68.7,796,162.8,63.4,-14.03,11.281,14.711,4.198,72.0,74.9,73.0,1608,1,57.3,0.33
4871,10,0.0,39.88,1,40.1,68.7,795,162.7,63.4,-14.03,11.258,14.711,4.198,73.0,75.0,73.0,1608,1,57.3,0.33
4872,10,0.0,39.77,1,40.2,68.7,794,162.6,63.4,-14.03,11.242,14.711,4.198,73.0,75.0,73.0,1608,1,57.3,0.34
4873,10,0.0,39.55,1,40.1,68.7,793,162.6,63.4,-14.01,11.234,14.711,4.198,73.0,75.0,73.0,1608,1,57.3,0.34
4874,10,0.0,39.69,1,40.1,68.7,792,162.5,63.4,-13.99,11.219,14.711,4.198,73.0,75.0,73.0,1608,1,57.3,0.34
4875,10,0.0,39.85,1,40.300000000000004,68.8,793,162.4,63.5,-14.02,11.211,14.707,4.198,73.0,75.1,73.0,1608,1,57.3,0.34
4876,10,0.0,39.71,1,40.300000000000004,68.7,793,162.4,63.4,-14.03,11.195,14.711,4.198,73.0,75.1,73.0,1608,1,57.3,0.33
4877,10,0.0,39.54,1,40.2,68.7,793,162.3,63.4,-14.02,11.195,14.711,4.198,73.0,75.1,73.0,1608,1,57.2,0.33
4878,9,0.0,39.9,1,41.0,69.8,794,162.2,63.9,-12.85,11.195,14.711,4.198,73.0,75.1,73.0,1608,1,57.2,0.33
4879,9,0.0,39.78,1,42.9,71.3,808,162.1,64.5,-12.49,11.188,14.707,4.198,73.0,75.1,73.0,1608,1,57.2,0.33
4880,9,0.0,39.77,1,44.2,71.7,820,162.0,64.8,-12.39,11.18,14.707,4.198,73.0,75.1,73.0,1608,1,57.2,0.34
4881,8,0.0,39.66,1,44.7,71.8,823,161.9,64.9,-12.38,11.164,14.707,4.198,73.0,75.2,73.0,1608,1,57.2,0.33
4882,8,0.0,39.97,1,45.0,72.2,824,161.8,65.0,-11.39,11.148,14.703,4.198,73.0,75.2,73.0,1608,1,57.2,0.33
4883,7,0.0,40.88,1,47.699999999999996,74.7,835,161.8,66.1,-9.93,11.141,14.703,4.198,73.0,75.2,73.0,1608,1,57.2,0.33
4884,7,0.0,40.34,1,50.4,75.9,862,161.7,66.7,-9.73,11.125,14.695,4.198,73.0,75.2,73.0,1608,1,57.2,0.33
4885,7,0.0,40.18,1,51.2,76.0,878,161.6,66.9,-9.77,11.117,14.695,4.198,73.0,75.2,73.0,1608,1,57.2,0.33
4886,6,0.0,40.47,1,51.300000000000004,76.0,883,161.5,67.1,-9.67,11.102,14.695,4.198,73.0,75.2,73.0,1608,1,57.2,0.33
4887,6,0.0,40.32,1,51.300000000000004,76.2,886,161.3,67.0,-9.68,11.102,14.695,4.198,73.0,75.3,73.0,1608,1,57.2,0.33
4888,6,0.0,40.04,1,51.2,76.1,889,161.2,66.9,-9.75,11.094,14.695,4.198,73.0,75.3,73.0,1608,1,57.1,0.34
4889,7,0.0,40.19,1,51.1,76.1,891,161.0,67.0,-9.77,11.078,14.695,4.198,73.0,75.3,73.0,1608,1,57.2,0.33
4890,7,0.0,40.37,1,51.4,76.1,892,160.9,67.0,-9.67,11.07,14.695,4.198,73.0,75.3,73.0,1608,1,57.1,0.33
4891,8,0.0,40.02,1,51.7,76.2,893,160.7,67.0,-9.79,11.07,14.699,4.198,73.0,75.4,73.0,1608,1,57.1,0.34
4892,9,0.0,40.2,1,51.0,75.9,893,160.5,66.9,-9.91,11.07,14.699,4.198,73.0,75.4,73.0,1608,1,57.1,0.33
4893,8,0.0,40.32,1,50.6,75.9,891,160.2,66.8,-9.92,11.07,14.699,4.198,73.0,75.4,73.0,1608,1,57.1,0.34
4894,9,0.0,40.27,1,50.5,75.9,891,160.0,66.9,-9.85,11.094,14.699,4.198,73.0,75.5,73.0,1608,1,57.1,0.34
4895,9,0.0,40.16,1,50.4,75.8,891,159.7,66.7,-9.91,11.109,14.699,4.198,73.0,75.5,73.0,1608,1,57.1,0.34
4896,10,0.0,40.32,1,50.6,75.9,891,159.5,66.7,-9.87,11.117,14.695,4.198,73.0,75.5,73.0,1608,1,57.1,0.33
4897,10,0.0,38.58,1,49.8,75.2,891,159.3,66.7,-22.07,11.117,14.699,4.198,73.0,75.6,73.0,1608,1,57.1,0.34
4898,11,0.0,38.64,1,43.9,70.1,871,159.2,64.4,-22.19,11.117,14.699,4.198,73.0,75.6,73.0,1608,1,57.1,0.34
4899,11,0.0,37.3,1,38.9,66.7,830,159.0,62.7,-22.15,11.102,14.699,4.198,73.0,75.7,73.0,1608,1,57.1,0.33
4900,11,0.0,34.47,1,35.5,64.2,797,158.9,61.6,-22.35,11.086,14.699,4.198,74.0,75.7,73.0,1608,1,57.1,0.33
4901,12,0.0,30.82,1,33.0,62.2,775,158.8,60.5,-22.39,11.07,14.699,4.198,73.0,75.7,73.0,1608,1,57.1,0.33
4902,12,0.0,28.15,1,31.1,60.4,761,158.7,59.8,-22.39,11.047,14.699,4.198,73.0,75.8,73.0,1608,1,57.1,0.33
4903,12,0.0,25.24,1,29.4,58.599999999999994,751,158.6,58.7,-22.4,11.023,14.703,4.198,73.0,75.8,73.0,1608,1,57.0,0.33
4904,11,0.0,22.81,1,27.900000000000002,56.89999999999999,745,158.5,57.8,-22.38,11.008,14.703,4.198,74.0,75.7,73.0,1608,1,57.0,0.33
4905,11,0.0,20.81,1,26.5,55.300000000000004,740,158.4,56.6,-22.38,11.0,14.703,4.198,73.0,75.7,73.0,1608,1,57.0,0.35
4906,11,0.0,19.33,1,25.3,53.7,738,158.4,55.4,-22.41,10.992,14.703,4.198,73.0,75.6,73.0,1608,1,57.0,0.33
4907,11,0.0,19.18,1,24.7,53.400000000000006,740,158.3,55.0,-22.43,11.008,14.699,4.198,73.0,75.6,73.0,1608,1,57.0,0.34
4908,11,0.0,18.98,1,24.4,53.400000000000006,751,158.4,55.0,-22.43,11.016,14.703,4.198,73.0,75.5,73.0,1608,1,57.0,0.34
4909,10,0.0,18.84,1,24.3,53.400000000000006,763,158.4,54.9,-22.41,11.039,14.703,4.198,73.0,75.4,73.0,1608,1,57.0,0.33
4910,10,0.0,18.74,1,24.3,53.400000000000006,773,158.5,55.0,-22.43,11.07,14.703,4.198,73.0,75.3,73.0,1608,1,57.0,0.34
4911,10,0.0,18.58,1,24.3,53.400000000000006,779,158.7,54.9,-22.42,11.102,14.703,4.198,73.0,75.2,73.0,1608,1,57.0,0.33
4912,10,0.0,18.46,1,24.3,53.400000000000006,784,158.9,55.0,-22.43,11.133,14.703,4.198,73.0,75.1,73.0,1608,1,57.0,0.33
4913,9,0.0,18.34,1,24.3,53.400000000000006,788,159.1,55.1,-22.42,11.164,14.703,4.198,72.0,75.0,73.0,1608,1,57.0,0.34
4914,9,0.0,18.22,1,24.3,53.400000000000006,790,159.4,54.9,-22.41,11.195,14.707,4.198,72.0,74.9,73.0,1608,1,56.9,0.33
4915,9,0.0,18.27,1,24.3,53.400000000000006,792,159.6,55.0,-22.4,11.211,14.707,4.198,72.0,74.8,73.0,1608,1,56.9,0.33
4916,8,0.0,18.27,1,24.3,53.400000000000006,793,159.8,55.1,-22.39,11.227,14.703,4.198,72.0,74.7,73.0,1608,1,56.9,0.33
4917,7,0.0,18.29,1,24.3,53.400000000000006,792,160.0,55.1,-22.37,11.234,14.699,4.198,72.0,74.6,73.0,1608,1,56.9,0.33
4918,7,0.0,18.26,1,24.2,53.400000000000006,792,160.2,55.1,-22.37,11.234,14.703,4.198,72.0,74.5,73.0,1608,1,56.9,0.34
4919,6,0.0,18.32,1,24.3,53.400000000000006,793,160.4,55.1,-22.35,11.242,14.703,4.198,72.0,74.4,73.0,1608,1,56.9,0.33
4920,6,0.0,18.3,1,24.3,53.400000000000006,792,160.5,55.1,-22.36,11.242,14.703,4.198,72.0,74.3,73.0,1608,1,56.9,0.33
4921,5,0.0,18.34,1,24.3,53.400000000000006,792,160.6,55.2,-22.34,11.242,14.707,4.198,72.0,74.2,73.0,1608,1,56.9,0.33
4922,5,0.0,18.32,1,24.4,53.400000000000006,791,160.7,55.1,-22.32,11.242,14.707,4.198,72.0,74.2,73.0,1608,1,56.9,0.32
4923,4,0.0,18.41,1,24.4,53.400000000000006,790,160.8,55.1,-22.33,11.234,14.707,4.198,72.0,74.1,73.0,1608,1,56.9,0.32
4924,4,0.0,18.35,1,24.4,53.400000000000006,790,160.9,55.0,-22.32,11.227,14.707,4.198,71.0,74.0,73.0,1608,1,56.9,0.32
4925,4,0.0,18.41,1,24.5,53.400000000000006,789,160.9,55.1,-22.33,11.211,14.707,4.198,72.0,73.9,74.0,1608,1,56.9,0.33
4926,4,0.0,18.4,1,24.5,53.400000000000006,789,160.9,55.1,-22.3,11.203,14.707,4.198,72.0,73.8,74.0,1608,1,56.9,0.33
4927,4,0.0,18.44,1,24.5,53.400000000000006,788,161.0,55.1,-22.3,11.195,14.707,4.198,72.0,73.8,74.0,1608,1,56.9,0.33
4928,4,0.0,18.36,1,24.4,53.400000000000006,788,161.0,55.1,-22.32,11.18,14.707,4.198,71.0,73.7,74.0,1608,1,56.8,0.33
4929,4,0.0,18.41,1,24.3,53.400000000000006,787,161.0,55.2,-22.32,11.172,14.707,4.198,71.0,73.7,74.0,1608,1,56.9,0.32
4930,4,0.0,18.35,1,24.4,53.400000000000006,787,161.0,55.2,-22.31,11.156,14.711,4.198,71.0,73.6,74.0,1608,1,56.9,0.34
4931,4,0.0,18.44,1,24.4,53.400000000000006,787,161.0,55.0,-22.34,11.148,14.711,4.198,71.0,73.5,74.0,1608,1,56.8,0.34
4932,4,0.0,18.42,1,24.4,53.400000000000006,787,161.0,55.1,-22.35,11.133,14.711,4.198,71.0,73.5,74.0,1608,1,56.8,0.34
4933,4,0.0,18.38,1,24.4,53.400000000000006,786,161.0,55.1,-22.34,11.117,14.711,4.198,71.0,73.4,74.0,1608,1,56.9,0.34
4934,4,0.0,18.44,1,24.4,53.400000000000006,786,160.9,55.2,-22.33,11.102,14.711,4.198,71.0,73.4,74.0,1608,1,56.8,0.33
4935,4,0.0,18.41,1,24.4,53.400000000000006,786,160.9,55.2,-22.43,11.094,14.707,4.198,71.0,73.3,74.0,1608,1,56.8,0.34
4936,3,0.0,18.38,1,24.3,53.400000000000006,786,160.9,55.3,-22.41,11.094,14.707,4.198,71.0,73.3,74.0,1608,1,56.8,0.33
4937,1,0.0,18.3,1,24.3,53.400000000000006,786,160.8,55.3,-22.45,11.094,14.703,4.198,71.0,73.2,74.0,1608,1,56.8,0.33
4938,0,0.0,18.32,1,24.3,53.400000000000006,786,160.8,55.5,-22.42,11.094,14.691,4.198,71.0,73.1,74.0,1608,1,56.8,0.33
4939,0,0.0,18.38,1,24.4,53.400000000000006,787,160.8,55.4,-22.43,11.094,14.68,4.198,71.0,73.1,74.0,1608,1,56.8,0.33
4940,0,0.0,18.34,1,24.4,53.400000000000006,786,160.7,55.3,-22.42,11.094,14.68,4.198,71.0,73.0,74.0,1608,1,56.8,0.32
4941,0,0.0,18.41,1,24.3,53.400000000000006,786,160.6,55.3,-22.41,11.102,14.684,4.198,71.0,73.0,74.0,1608,1,56.8,0.33
4942,0,0.0,18.34,1,24.3,53.400000000000006,786,160.6,55.3,-22.42,11.102,14.684,4.198,71.0,72.9,74.0,1608,1,56.8,0.32
4943,0,0.0,18.4,1,24.4,53.400000000000006,786,160.5,55.5,-22.42,11.109,14.68,4.198,71.0,72.9,74.0,1608,1,56.8,0.32
4944,0,0.0,0.62,0,24.5,53.400000000000006,785,160.4,55.4,-22.42,11.117,14.676,4.198,70.0,72.8,74.0,1608,0,56.8,0.33
4945,0,0.0,0.62,0,24.5,53.400000000000006,779,160.4,55.5,-22.43,11.125,14.672,4.198,70.0,72.7,74.0,1608,0,56.8,0.33
4946,0,0.0,0.61,0,24.5,53.400000000000006,772,160.3,55.5,-22.43,11.133,14.676,4.198,70.0,72.6,74.0,1608,0,56.8,0.33
4947,0,0.0,0.61,0,22.0,45.0,749,160.3,47.9,-22.41,11.133,14.68,4.198,70.0,72.4,74.0,1608,0,56.8,0.33
4948,0,0.0,0.58,0,18.4,36.8,665,160.2,37.7,-22.43,11.141,14.684,4.198,70.0,72.3,74.0,1608,0,56.8,0.33
4949,0,0.0,0.59,0,15.6,31.2,576,160.1,30.4,-22.43,11.141,14.684,4.198,70.0,72.3,74.0,1608,0,56.8,0.33
4950,0,0.0,0.59,0,13.5,26.900000000000002,506,159.9,25.7,-22.43,11.148,14.684,4.198,70.0,72.2,74.0,1608,0,56.8,0.33
4951,0,0.0,0.58,0,11.799999999999999,23.599999999999998,454,159.7,21.1,-22.43,11.156,14.688,4.198,70.0,72.2,74.0,1608,0,56.8,0.32
4952,0,0.0,0.59,0,10.5,21.0,415,159.4,17.6,-22.43,11.164,14.691,4.198,70.0,72.1,74.0,1608,0,56.8,0.33
4953,0,0.0,0.6,0,9.4,18.8,384,159.2,14.9,-22.44,11.164,14.691,4.198,70.0,72.1,74.0,1608,0,56.7,0.33
4954,0,0.0,0.59,0,8.5,17.0,360,159.1,12.8,-22.43,11.172,14.695,4.198,70.0,72.0,74.0,1608,0,56.7,0.33
4955,0,0.0,0.6,0,7.8,15.5,342,158.8,11.0,-22.44,11.172,14.695,4.198,69.0,72.0,74.0,1608,0,56.7,0.33
4956,0,0.0,0.59,0,7.199999999999999,14.2,326,158.5,9.8,-22.44,11.18,14.695,4.198,69.0,72.0,74.0,1608,0,56.7,0.32
4957,0,0.0,0.6,0,6.7,13.0,313,158.3,8.6,-22.45,11.18,14.699,4.198,69.0,72.0,74.0,1608,0,56.7,0.34
4958,0,0.0,0.59,0,6.2,12.1,303,158.0,7.8,-22.43,11.188,14.699,4.198,70.0,71.9,74.0,1608,0,56.7,0.34
4959,0,0.0,0.58,0,5.800000000000001,11.200000000000001,294,157.8,7.0,-22.45,11.195,14.699,4.198,69.0,71.9,74.0,1608,0,56.7,0.33
4960,0,0.0,0.58,0,5.4,10.4,287,157.6,6.6,-22.44,11.203,14.695,4.198,70.0,71.9,74.0,1608,0,56.7,0.33
